Num_Acc;id_vehicule;num_veh;senc;catv;obs;obsm;choc;manv;motor;occutc
202300000001;155680557;A01;1;30;0;0;5;1;1;
202300000002;155680556;A01;2;7;0;1;1;1;1;
202300000003;155680554;B01;1;2;0;2;1;16;1;
202300000003;155680555;A01;2;7;0;2;2;15;1;
202300000004;155680551;B01;1;7;0;2;9;2;4;
202300000004;155680552;C01;1;7;0;2;4;0;4;
202300000004;155680553;A01;1;10;0;2;1;2;1;
202300000005;155680549;B01;1;7;0;2;2;1;1;
202300000005;155680550;A01;1;7;0;2;3;1;1;
202300000006;155680548;A01;1;7;0;1;3;15;1;
202300000007;155680545;C01;2;10;0;2;1;1;0;
202300000007;155680546;A01;2;7;0;2;4;23;2;
202300000007;155680547;B01;2;7;0;2;1;1;1;
202300000008;155680543;B01;2;7;0;2;1;1;1;
202300000008;155680544;A01;3;7;0;2;2;1;2;
202300000009;155680541;A01;2;7;0;2;2;15;0;
202300000009;155680542;B01;1;32;0;2;1;1;0;
202300000010;155680540;B01;1;7;0;1;1;1;1;
202300000011;155680538;A01;2;7;0;2;5;26;1;
202300000011;155680539;B01;2;7;0;2;2;1;1;
202300000012;155680536;B01;2;36;0;2;2;1;1;
202300000012;155680537;A01;3;33;0;2;0;0;1;
202300000013;155680534;A01;0;10;0;2;5;4;1;
202300000013;155680535;B01;0;50;0;2;8;1;3;
202300000014;155680533;A01;2;7;4;0;3;1;1;
202300000015;155680531;A01;2;7;0;2;1;1;1;
202300000015;155680532;B01;2;7;0;2;4;1;1;
202300000016;155680529;A01;1;7;0;2;8;11;2;
202300000016;155680530;B01;1;7;0;2;2;1;1;
202300000017;155680527;B01;2;1;0;2;1;13;5;
202300000017;155680528;A01;1;7;0;9;1;15;1;
202300000018;155680525;A01;2;7;0;2;1;15;1;
202300000018;155680526;B01;1;7;0;2;2;17;1;
202300000019;155680524;A01;1;36;0;0;9;9;1;
202300000020;155680522;A01;3;36;0;2;1;0;1;
202300000020;155680523;B01;3;31;0;2;1;1;1;
202300000021;155680520;B01;1;7;0;2;4;15;-1;
202300000021;155680521;A01;1;2;0;2;1;1;1;
202300000022;155680518;A01;1;33;0;2;1;17;1;
202300000022;155680519;B01;2;7;0;2;3;1;1;
202300000023;155680516;A01;1;7;0;2;1;26;1;
202300000023;155680517;B01;3;2;0;0;7;26;1;
202300000024;155680515;A01;1;3;7;0;2;1;1;
202300000025;155680513;C01;0;1;0;0;0;2;5;
202300000025;155680514;A01;0;15;0;0;0;2;1;
202300000026;155680511;A01;1;7;0;2;2;17;1;
202300000026;155680512;B01;1;80;0;2;0;1;3;
202300000027;155680510;A01;1;32;12;0;2;1;1;
202300000028;155680508;A01;2;7;0;0;6;23;1;
202300000028;155680509;B01;2;33;1;0;2;1;1;
202300000029;155680506;B01;2;10;0;2;6;1;1;
202300000029;155680507;A01;1;33;5;2;3;13;1;
202300000030;155680504;A01;1;7;0;2;1;13;1;
202300000030;155680505;B01;2;7;0;2;1;1;0;
202300000031;155680503;A01;2;7;13;0;1;0;1;
202300000032;155680502;A01;1;33;0;0;0;0;1;
202300000033;155680500;B01;1;1;0;2;0;2;5;
202300000033;155680501;A01;1;1;0;2;0;26;5;
202300000034;155680498;B01;3;7;0;2;1;1;1;
202300000034;155680499;A01;3;7;0;2;3;1;1;
202300000035;155680496;A01;1;7;0;2;4;15;1;
202300000035;155680497;B01;1;7;0;2;1;1;1;
202300000036;155680495;A01;1;33;2;0;0;1;1;
202300000037;155680494;A01;3;2;0;0;7;1;1;
202300000038;155680493;A01;1;7;13;0;2;6;1;
202300000039;155680491;B01;1;33;13;2;8;1;1;
202300000039;155680492;A01;2;7;0;2;8;1;1;
202300000040;155680490;A01;2;7;6;0;2;13;0;
202300000041;155680488;A01;2;7;0;2;3;15;1;
202300000041;155680489;B01;1;33;0;2;1;2;1;
202300000042;155680487;A01;0;1;0;1;1;2;5;
202300000043;155680485;B01;2;7;0;2;3;1;1;
202300000043;155680486;A01;1;7;0;2;1;1;1;
202300000044;155680483;A01;1;7;0;2;3;15;1;
202300000044;155680484;B01;1;33;0;2;2;1;1;
202300000045;155680480;A01;1;7;2;0;1;1;1;
202300000046;155680478;B01;2;7;0;0;4;2;1;
202300000046;155680479;A01;2;7;0;2;1;2;1;
202300000047;155680476;A01;2;1;0;0;7;0;5;
202300000047;155680477;B01;2;7;0;0;8;1;1;
202300000048;155680474;B01;1;7;0;0;6;1;1;
202300000048;155680475;A01;1;10;0;2;2;2;1;
202300000049;155680471;C01;2;1;0;0;4;0;5;
202300000049;155680472;B01;2;1;0;0;6;0;5;
202300000049;155680473;A01;2;7;0;9;1;1;1;
202300000050;155680469;B01;1;33;0;2;4;1;1;
202300000050;155680470;A01;1;33;0;2;1;1;1;
202300000051;155680468;A01;3;2;6;0;1;1;1;
202300000052;155680466;A01;3;2;6;2;1;13;1;
202300000052;155680467;B01;3;10;0;2;2;21;1;
202300000053;155680465;A01;3;10;0;1;3;1;1;
202300000054;155680464;A01;2;7;13;0;1;1;1;
202300000055;155680463;A01;2;7;12;0;6;1;0;
202300000056;155680461;A01;2;7;0;2;8;1;0;
202300000056;155680462;B01;1;33;0;2;1;13;0;
202300000057;155680460;A01;1;7;0;1;2;1;1;
202300000058;155680459;A01;0;10;0;1;5;0;1;
202300000059;155680457;A01;1;7;0;2;1;13;0;
202300000059;155680458;B01;2;7;0;2;1;0;0;
202300000060;155680456;A01;1;33;3;0;0;0;1;
202300000061;155680455;A01;1;33;14;0;0;1;1;
202300000062;155680453;A01;1;2;0;2;8;0;1;
202300000062;155680454;B01;1;7;0;2;1;0;1;
202300000063;155680452;A01;1;31;0;0;1;26;1;
202300000064;155680450;A01;2;1;0;2;1;1;5;
202300000064;155680451;B01;1;7;0;0;6;20;1;
202300000065;155680449;A01;0;7;2;0;2;1;1;
202300000066;155680446;C01;2;7;0;2;8;23;1;
202300000066;155680447;A01;1;14;13;2;1;0;1;
202300000066;155680448;B01;1;7;8;2;1;15;1;
202300000067;155680443;A01;2;7;3;0;1;2;0;
202300000068;155680442;A01;0;37;0;1;3;26;6;1.0
202300000069;155680435;D01;2;7;0;2;3;1;1;
202300000069;155680436;C01;1;7;1;2;1;2;1;
202300000069;155680437;A01;2;7;0;2;6;23;1;
202300000069;155680438;B01;2;7;0;2;4;23;1;
202300000070;155680433;A01;1;33;0;2;1;2;1;
202300000070;155680434;B01;0;33;0;2;4;2;1;
202300000071;155680431;A01;2;7;1;0;4;11;1;
202300000071;155680432;B01;2;7;0;2;1;1;1;
202300000072;155680429;A01;1;33;0;2;1;2;1;
202300000072;155680430;B01;1;7;0;2;4;2;1;
202300000073;155680428;A01;1;30;0;0;2;26;1;
202300000074;155680426;B01;1;7;0;2;6;1;1;
202300000074;155680427;A01;1;7;0;2;2;12;1;
202300000075;155680424;A01;1;7;4;0;1;1;1;
202300000076;155680423;B01;1;50;0;2;1;19;3;
202300000076;155680425;A01;1;7;0;2;2;16;0;
202300000077;155680420;A01;2;7;0;2;1;1;1;
202300000077;155680422;B01;2;7;0;2;4;23;1;
202300000078;155680419;A01;2;7;0;2;3;1;1;
202300000078;155680421;B01;2;32;0;2;1;1;1;
202300000079;155680418;A01;1;7;4;0;1;1;1;
202300000080;155680417;A01;1;32;0;0;1;0;1;
202300000081;155680415;A01;1;7;0;2;1;1;1;
202300000081;155680416;B01;1;7;0;2;4;1;1;
202300000082;155680414;A01;2;7;0;2;4;9;1;
202300000083;155680411;A01;1;7;0;2;1;17;1;
202300000083;155680413;B01;1;7;0;2;4;1;1;
202300000084;155680410;A01;2;7;0;2;2;13;1;
202300000084;155680412;B01;1;7;0;2;8;1;1;
202300000085;155680409;A01;1;7;16;0;9;2;1;
202300000086;155680408;A01;1;7;0;1;0;26;1;
202300000087;155680407;A01;1;7;4;0;2;1;1;
202300000088;155680406;A01;1;32;14;0;7;21;1;
202300000089;155680404;B01;1;7;0;2;8;1;1;
202300000089;155680405;A01;1;7;0;2;2;14;1;
202300000090;155680402;A01;2;10;0;2;3;19;1;
202300000090;155680403;B01;1;33;0;2;1;3;1;
202300000091;155680399;C01;1;10;0;2;3;2;1;
202300000091;155680400;A01;1;7;0;2;4;2;2;
202300000091;155680401;B01;1;7;0;2;5;2;1;
202300000092;155680398;A01;2;7;0;1;1;1;1;
202300000093;155680397;A01;2;7;0;0;9;1;1;
202300000094;155680395;B01;1;10;0;2;1;2;1;
202300000094;155680396;A01;1;7;0;2;4;1;1;
202300000095;155680393;B01;2;7;0;2;1;2;1;
202300000095;155680394;A01;2;7;0;2;4;1;1;
202300000096;155680391;A01;2;7;0;2;2;15;1;
202300000096;155680392;B01;1;10;0;2;1;1;1;
202300000097;155680389;A01;2;33;0;2;1;1;1;
202300000097;155680390;B01;1;30;14;0;3;15;1;
202300000098;155680386;A01;1;7;0;2;2;9;1;
202300000098;155680388;B01;1;50;0;2;1;1;3;
202300000099;155680385;B01;1;7;0;2;5;2;1;
202300000099;155680387;A01;1;31;0;2;1;26;1;
202300000100;155680383;A01;3;7;0;1;1;1;1;
202300000101;155680382;A01;1;7;0;2;1;2;0;
202300000101;155680384;B01;1;10;0;2;6;1;1;
202300000102;155680380;A01;2;7;0;1;8;1;1;
202300000103;155680379;B01;1;7;0;2;3;15;1;
202300000103;155680381;A01;1;30;0;2;1;17;1;
202300000104;155680377;A01;1;7;0;1;4;4;1;
202300000105;155680376;A01;1;7;0;2;1;26;1;
202300000105;155680378;B01;1;7;0;2;4;0;0;
202300000106;155680374;A01;3;33;0;2;7;15;1;
202300000106;155680375;B01;3;31;0;2;1;1;1;
202300000107;155680371;A01;1;7;0;2;3;9;1;
202300000107;155680372;B01;2;7;0;2;2;1;1;
202300000108;155680368;A01;2;30;0;0;0;0;1;
202300000109;155680366;A01;2;10;0;2;3;9;1;
202300000109;155680367;B01;2;34;0;2;1;1;1;
202300000110;155680364;A01;0;7;0;1;1;15;6;
202300000111;155680363;B01;2;2;0;2;1;1;1;
202300000111;155680365;A01;3;7;0;2;3;9;1;
202300000112;155680361;A01;1;38;0;1;2;1;1;1.0
202300000113;155680360;A01;1;7;0;2;1;15;1;
202300000113;155680362;B01;1;7;0;2;2;1;1;
202300000114;155680357;A01;1;7;13;0;0;1;1;
202300000115;155680355;B01;1;7;0;2;4;2;1;
202300000115;155680358;A01;1;7;0;2;1;2;1;
202300000116;155680354;A01;3;7;0;1;4;23;1;
202300000117;155680350;A01;1;7;0;2;2;15;1;
202300000117;155680353;B01;1;33;0;2;1;1;1;
202300000118;155680349;A01;2;10;0;2;2;1;1;
202300000118;155680351;B01;2;1;0;2;4;2;5;
202300000119;155680345;A01;2;7;1;0;1;1;1;
202300000120;155680346;A01;1;7;0;2;1;1;1;
202300000120;155680347;B01;1;7;0;2;4;23;1;
202300000121;155680342;A01;1;7;2;0;3;13;0;
202300000122;155680340;B01;2;7;0;2;4;2;1;
202300000122;155680343;A01;2;7;0;2;1;2;1;
202300000122;155680344;C01;2;38;0;2;4;2;1;1.0
202300000123;155680339;B01;1;7;0;2;1;15;1;
202300000123;155680341;A01;2;33;0;2;1;1;1;
202300000124;155680336;B01;1;7;0;2;3;26;1;
202300000124;155680338;A01;2;7;0;2;3;13;1;
202300000125;155680330;A01;2;7;0;2;2;1;1;
202300000125;155680332;B01;1;7;0;2;2;1;1;
202300000125;155680335;C01;1;10;0;2;5;15;1;
202300000126;155680329;C01;3;7;0;2;4;1;1;
202300000126;155680331;D01;3;7;0;2;4;1;1;
202300000126;155680334;A01;3;37;1;2;3;9;1;3.0
202300000126;155680337;B01;3;7;0;2;4;3;1;
202300000127;155680328;A01;2;99;0;2;1;1;1;
202300000127;155680333;B01;1;7;0;2;6;1;3;
202300000128;155680327;A01;1;7;13;0;1;1;1;
202300000129;155680322;B01;1;10;0;2;4;2;1;
202300000129;155680325;C01;1;7;0;2;4;2;1;
202300000129;155680326;A01;1;10;0;2;1;1;1;
202300000130;155680321;A01;2;14;0;2;2;15;1;
202300000130;155680323;B01;2;33;0;2;1;1;1;
202300000131;155680319;A01;0;30;0;0;0;1;1;
202300000132;155680320;A01;1;2;0;2;2;5;1;
202300000132;155680324;B01;2;10;0;2;3;16;1;
202300000133;155680318;A01;1;7;2;0;8;1;1;
202300000134;155680316;A01;2;7;0;1;3;1;1;
202300000135;155680315;B01;2;10;0;2;1;1;1;
202300000135;155680317;A01;1;7;0;2;1;13;1;
202300000136;155680313;A01;2;7;0;2;1;5;1;
202300000136;155680314;B01;1;17;0;2;1;1;1;
202300000137;155680310;A01;1;7;0;9;2;1;0;
202300000137;155680311;B01;1;80;0;2;4;1;3;
202300000138;155680309;A01;1;7;0;2;1;0;1;
202300000138;155680312;B01;1;7;0;2;8;0;1;
202300000139;155680306;A01;2;7;0;2;1;11;0;
202300000139;155680308;B01;1;33;0;2;1;0;1;
202300000140;155680305;Z01;2;10;0;2;7;17;0;
202300000140;155680307;B01;2;1;0;2;8;1;5;
202300000141;155680302;B01;2;15;0;2;3;1;1;
202300000141;155680303;A01;1;7;0;2;1;11;1;
202300000142;155680301;B01;2;1;0;2;7;1;5;
202300000142;155680304;A01;2;7;0;2;1;1;1;
202300000143;155680298;A01;1;7;0;2;4;2;1;
202300000143;155680299;B01;1;7;0;2;1;2;0;
202300000144;155680297;A01;0;10;0;0;2;9;1;
202300000144;155680300;B01;0;14;7;0;1;1;1;
202300000145;155680295;A01;1;7;2;0;1;1;1;
202300000146;155680294;B01;1;1;0;2;8;15;5;
202300000146;155680296;A01;1;7;0;2;2;1;1;
202300000147;155680292;A01;1;33;0;2;1;1;1;
202300000147;155680293;B01;1;7;0;2;4;1;1;
202300000148;155680291;A01;3;7;13;0;9;1;1;
202300000149;155680288;A01;2;7;0;2;1;1;1;
202300000149;155680290;B01;3;50;0;2;0;1;3;
202300000150;155680287;A01;2;10;0;2;1;1;1;
202300000150;155680289;B01;1;10;0;2;1;1;1;
202300000151;155680285;B01;1;7;0;2;3;1;0;
202300000151;155680286;A01;2;60;0;2;3;26;5;
202300000152;155680284;A01;1;7;3;0;8;1;2;
202300000153;155680283;A01;3;7;0;1;8;15;1;
202300000154;155680280;B01;1;33;0;2;0;1;1;
202300000154;155680282;A01;1;7;0;2;2;12;1;
202300000155;155680279;A01;1;7;0;2;3;1;1;
202300000155;155680281;B01;0;7;0;2;2;1;1;
202300000156;155680276;A01;3;99;0;2;1;1;3;
202300000156;155680277;B01;3;99;0;2;4;1;0;
202300000157;155680275;B01;2;7;0;2;1;1;1;
202300000157;155680278;A01;1;3;0;2;7;13;1;
202300000158;155680274;A01;2;33;0;0;0;1;1;
202300000159;155680273;A01;0;7;2;0;2;1;1;
202300000160;155680271;A01;3;32;0;2;1;1;1;
202300000160;155680272;B01;3;14;0;2;5;0;1;
202300000161;155680269;A01;1;7;0;1;1;1;1;
202300000162;155680270;A01;3;7;0;1;3;1;3;
202300000163;155680268;A01;1;7;0;1;7;1;1;
202300000164;155680267;A01;2;7;4;0;2;6;3;
202300000165;155680265;B01;1;7;0;9;4;1;1;
202300000165;155680266;A01;1;7;0;2;1;1;1;
202300000166;155680264;A01;2;7;0;1;1;1;1;
202300000167;155680261;A01;0;7;0;2;2;2;1;
202300000167;155680262;B01;0;33;0;2;4;23;1;
202300000168;155680258;B01;1;33;0;2;1;17;1;
202300000168;155680259;A01;1;7;0;2;2;15;1;
202300000169;155680257;B01;1;7;0;2;2;1;1;
202300000169;155680260;A01;1;7;0;2;1;15;1;
202300000170;155680252;B01;1;7;0;2;6;15;1;
202300000170;155680254;A01;1;33;0;2;6;17;1;
202300000171;155680253;A01;1;7;0;1;2;1;1;
202300000172;155680250;A01;1;30;0;2;1;1;1;
202300000172;155680251;B01;0;1;0;0;0;0;5;
202300000173;155680249;A01;1;7;2;0;2;1;0;
202300000174;155680247;A01;2;10;0;2;1;15;0;
202300000174;155680248;B01;2;31;0;2;1;1;0;
202300000175;155680245;A01;2;7;0;2;7;17;1;
202300000175;155680246;B01;1;7;0;2;1;1;1;
202300000176;155680244;A01;2;31;0;1;2;1;1;
202300000177;155680242;A01;1;2;0;2;1;3;1;
202300000177;155680243;B01;1;7;0;2;3;15;1;
202300000178;155680241;A01;1;2;1;0;1;1;1;
202300000179;155680239;A01;2;7;0;1;1;1;1;
202300000180;155680238;A01;3;2;6;0;8;1;1;
202300000180;155680240;B01;3;7;0;0;2;1;1;
202300000181;155680237;A01;1;10;8;0;1;1;1;
202300000182;155680235;A01;3;7;0;9;2;16;1;
202300000182;155680236;B01;1;50;0;2;3;0;3;
202300000183;155680234;A01;1;38;0;0;2;21;1;6.0
202300000184;155680232;B01;3;32;0;2;1;1;1;
202300000184;155680233;A01;3;7;0;2;3;20;1;
202300000185;155680230;A01;3;33;16;0;1;1;1;
202300000186;155680229;B01;3;7;0;2;3;19;1;
202300000186;155680231;A01;3;7;0;2;2;19;1;
202300000187;155680227;A01;2;80;0;2;1;2;3;
202300000187;155680228;B01;2;7;0;2;4;2;1;
202300000188;155680224;A01;2;99;0;2;4;1;1;
202300000188;155680226;B01;2;7;0;2;1;1;1;
202300000189;155680223;B01;1;2;0;2;2;0;1;
202300000189;155680225;A01;1;7;0;2;3;0;1;
202300000190;155680220;A01;1;33;0;2;3;19;1;
202300000190;155680221;B01;2;7;0;2;3;1;1;
202300000191;155680219;A01;1;7;0;2;4;1;1;
202300000191;155680222;B01;1;7;0;2;1;1;1;
202300000192;155680218;A01;1;30;0;0;0;26;1;
202300000193;155680217;A01;1;31;16;0;8;26;1;
202300000194;155680215;A01;1;30;0;2;7;17;1;
202300000194;155680216;B01;1;7;0;2;3;1;1;
202300000195;155680214;A01;2;7;4;0;3;1;1;
202300000196;155680212;A01;2;7;0;2;5;16;1;
202300000196;155680213;B01;2;31;0;2;1;1;1;
202300000197;155680208;A01;1;50;0;2;1;19;3;
202300000197;155680210;B01;1;7;0;2;8;19;1;
202300000198;155680207;C01;1;7;0;2;0;2;1;
202300000198;155680209;A01;1;7;0;2;1;2;1;
202300000198;155680211;B01;1;10;0;2;4;2;1;
202300000199;155680206;B01;1;30;0;1;1;7;1;
202300000200;155680204;A01;2;32;12;0;0;18;0;
202300000201;155680201;B01;2;7;0;2;5;12;1;
202300000201;155680203;A01;2;33;0;2;1;3;1;
202300000201;155680205;C01;2;7;0;2;6;12;1;
202300000202;155680199;A01;1;50;1;0;1;1;3;
202300000203;155680200;A01;3;99;0;9;3;1;1;
202300000203;155680202;B01;0;1;0;2;2;1;0;
202300000204;155680197;B01;2;14;0;2;2;1;1;
202300000204;155680198;A01;2;7;0;2;8;11;1;
202300000205;155680194;A01;3;32;0;2;6;17;1;
202300000205;155680196;B01;3;7;0;2;6;15;1;
202300000206;155680193;A01;2;7;0;0;5;15;0;
202300000206;155680195;B01;1;99;0;2;1;1;3;
202300000207;155680192;A01;1;33;0;9;2;1;1;
202300000208;155680190;A01;2;7;3;0;1;1;1;
202300000209;155680189;A01;3;7;0;1;7;16;0;
202300000210;155680188;A01;1;7;0;2;2;15;1;
202300000210;155680191;B01;1;33;0;2;1;1;1;
202300000211;155680186;A01;3;30;0;0;1;2;3;
202300000212;155680184;A01;1;7;0;1;2;21;1;
202300000213;155680182;D01;2;7;0;2;4;1;1;
202300000213;155680183;A01;2;7;0;2;1;1;1;
202300000213;155680185;B01;2;7;0;2;4;1;1;
202300000213;155680187;C01;2;7;0;2;4;1;1;
202300000214;155680179;B01;0;7;8;2;8;1;1;
202300000214;155680180;A01;0;7;0;2;1;15;1;
202300000215;155680178;A01;2;30;0;2;3;9;1;
202300000215;155680181;B01;1;7;0;2;3;1;1;
202300000216;155680174;A01;0;7;0;1;2;1;1;
202300000217;155680172;B01;2;7;0;2;0;1;1;
202300000217;155680175;A01;1;80;0;2;0;1;3;
202300000218;155680170;A01;1;10;0;2;1;2;1;
202300000218;155680171;B01;1;7;0;2;4;2;1;
202300000218;155680173;C01;1;7;0;2;4;2;1;
202300000218;155680176;D01;1;10;0;2;4;2;1;
202300000218;155680177;Z01;1;15;0;2;4;0;0;
202300000219;155680167;A01;0;3;0;2;1;0;-1;
202300000219;155680169;B01;0;3;0;2;1;0;-1;
202300000220;155680166;B01;2;40;0;2;1;1;3;
202300000220;155680168;A01;1;7;0;4;2;1;1;
202300000221;155680164;A01;1;7;0;2;2;2;1;
202300000221;155680165;B01;1;1;0;0;6;2;5;
202300000222;155680159;B01;3;10;0;2;1;0;0;
202300000222;155680163;A01;3;7;0;2;8;9;1;
202300000223;155680161;A01;1;10;0;2;8;11;1;
202300000223;155680162;B01;1;7;0;2;2;1;1;
202300000224;155680158;A01;1;30;0;2;8;18;1;
202300000224;155680160;B01;1;7;0;2;2;1;1;
202300000225;155680154;B01;2;31;0;2;3;1;1;
202300000225;155680156;A01;1;7;0;2;2;1;1;
202300000226;155680153;A01;1;7;0;2;1;1;0;
202300000226;155680155;B01;2;7;0;2;1;1;0;
202300000226;155680157;C01;1;7;0;2;0;1;0;
202300000227;155680152;A01;2;37;0;1;1;1;1;1.0
202300000228;155680150;A01;1;7;0;1;3;1;1;
202300000229;155680149;B01;1;50;0;2;1;1;3;
202300000229;155680151;A01;1;7;0;2;3;16;1;
202300000230;155680148;B01;1;10;0;1;2;0;1;
202300000231;155680145;B01;1;32;0;2;2;1;1;
202300000231;155680147;A01;1;7;0;2;8;20;1;
202300000232;155680143;A01;0;7;0;2;2;15;1;
202300000232;155680146;B01;0;33;0;2;1;1;1;
202300000233;155680142;A01;1;7;0;2;1;2;1;
202300000233;155680144;B01;1;7;0;2;4;2;1;
202300000234;155680140;A01;1;7;0;2;1;1;1;
202300000234;155680141;B01;1;7;0;2;4;1;1;
202300000235;155680139;A01;3;0;0;1;1;0;0;
202300000236;155680137;A01;1;30;1;0;2;14;1;
202300000237;155680136;B01;2;7;0;2;6;15;1;
202300000237;155680138;A01;2;33;0;2;2;17;1;
202300000238;155680134;A01;1;7;0;2;7;16;1;
202300000238;155680135;B01;1;33;10;2;0;1;1;
202300000239;155680132;A01;2;7;0;1;3;19;1;
202300000240;155680131;A01;0;31;0;2;1;3;1;
202300000240;155680133;B01;1;7;0;0;8;15;1;
202300000241;155680129;A01;0;7;0;2;2;12;1;
202300000241;155680130;B01;0;7;0;2;3;1;1;
202300000242;155680127;A01;3;7;0;1;1;1;0;
202300000243;155680126;B01;3;7;0;2;8;1;2;
202300000243;155680128;Z01;3;7;0;2;3;13;1;
202300000244;155680124;A01;1;0;0;1;1;26;0;
202300000245;155680122;B01;1;7;0;2;3;1;1;
202300000245;155680125;A01;0;50;0;2;1;1;3;
202300000246;155680121;A01;1;7;0;2;4;2;1;
202300000246;155680123;B01;1;30;0;2;4;15;3;
202300000247;155680120;A01;1;7;0;1;4;20;2;
202300000248;155680117;A01;1;30;0;0;4;23;1;
202300000249;155680116;A01;1;7;0;2;1;5;1;
202300000249;155680119;B01;2;7;0;2;1;1;1;
202300000250;155680115;A01;0;7;0;2;1;1;1;
202300000250;155680118;B01;0;10;0;2;4;23;1;
202300000251;155680114;A01;3;7;0;1;5;20;0;
202300000252;155680113;A01;2;33;0;5;0;0;1;
202300000253;155680111;B01;0;10;0;1;4;26;1;
202300000254;155680109;B01;3;33;0;2;1;1;1;
202300000254;155680112;A01;2;10;0;2;2;15;1;
202300000255;155680108;A01;2;50;0;2;1;9;3;
202300000255;155680110;B01;1;7;0;2;2;1;1;
202300000256;155680106;A01;2;7;0;1;8;1;1;
202300000257;155680105;A01;1;32;0;2;2;9;0;
202300000257;155680107;B01;1;32;0;2;3;9;0;
202300000258;155680103;B01;3;50;0;2;1;1;3;
202300000258;155680104;A01;3;7;0;2;3;9;1;
202300000259;155680100;A01;1;7;0;1;2;1;1;
202300000260;155680099;A01;3;7;0;2;8;9;1;
202300000260;155680101;B01;3;7;0;2;1;1;1;
202300000261;155680094;B01;1;1;0;2;4;1;5;
202300000261;155680097;A01;1;7;0;2;1;1;1;
202300000262;155680095;A01;1;7;0;1;0;16;1;
202300000263;155680091;A01;2;10;0;0;3;26;1;
202300000264;155680088;A01;1;80;0;1;3;1;3;
202300000265;155680085;A01;3;7;0;1;3;1;1;
202300000266;155680084;A01;0;10;6;2;1;1;1;
202300000266;155680086;B01;0;7;0;2;6;1;1;
202300000267;155680080;A01;3;7;12;0;1;1;1;
202300000268;155680077;A01;2;7;0;2;7;15;1;
202300000268;155680079;B01;2;7;0;2;1;1;1;
202300000269;155680075;A01;2;7;0;1;1;1;1;
202300000270;155680073;A01;3;7;0;2;3;15;1;
202300000270;155680076;B01;3;32;0;2;1;3;1;
202300000271;155680071;Z01;0;7;0;1;2;1;0;
202300000272;155680069;A01;3;10;0;1;1;17;1;
202300000273;155680070;A01;1;7;3;0;7;1;1;
202300000274;155680067;A01;1;7;1;0;2;2;2;
202300000275;155680066;A01;1;33;0;2;1;17;1;
202300000275;155680068;B01;1;7;0;2;6;1;1;
202300000276;155680064;A01;1;7;0;1;2;1;1;
202300000277;155680063;A01;0;40;0;1;3;1;3;
202300000278;155680059;A01;1;7;1;0;1;15;1;
202300000279;155680061;B01;2;1;0;2;4;19;5;
202300000279;155680062;A01;1;7;0;2;3;16;1;
202300000280;155680058;A01;1;7;0;2;1;26;1;
202300000280;155680060;B01;1;7;0;2;1;2;1;
202300000281;155680055;B01;3;30;0;2;3;2;1;
202300000281;155680057;A01;3;7;0;2;3;9;1;
202300000282;155680054;A01;1;7;15;0;1;1;1;
202300000283;155680053;B01;3;7;0;2;8;1;1;
202300000283;155680056;A01;3;7;0;2;7;1;-1;
202300000284;155680050;A01;3;7;0;1;2;26;1;
202300000284;155680052;B01;3;1;0;2;0;26;5;
202300000285;155680049;A01;1;1;0;2;1;1;5;
202300000285;155680051;B01;1;7;0;2;4;1;3;
202300000286;155680047;B01;1;1;0;2;1;1;5;
202300000286;155680048;A01;1;7;0;2;8;22;1;
202300000287;155680041;C01;2;37;0;0;0;0;0;1.0
202300000287;155680044;A01;2;10;0;2;1;15;0;
202300000287;155680046;B01;1;2;0;2;1;1;0;
202300000288;155680040;C01;0;7;0;2;4;23;1;
202300000288;155680043;A01;0;7;0;2;1;1;1;
202300000288;155680045;B01;0;7;0;2;4;23;1;
202300000289;155680039;B01;3;60;0;2;8;19;5;
202300000289;155680042;A01;3;33;0;2;1;1;-1;
202300000290;155680034;B01;1;7;0;2;2;1;1;
202300000290;155680038;A01;1;50;0;2;4;0;3;
202300000291;155680035;A01;0;7;0;2;2;1;1;
202300000291;155680037;B01;0;1;0;2;4;0;5;
202300000292;155680033;B01;0;10;0;2;5;1;1;
202300000292;155680036;A01;0;7;0;2;1;1;1;
202300000293;155680029;A01;2;7;0;2;1;2;1;
202300000293;155680030;B01;2;7;0;2;4;2;1;
202300000293;155680032;C01;2;7;0;2;4;2;1;
202300000294;155680027;A01;3;7;0;0;3;15;1;
202300000294;155680031;B01;2;1;0;2;1;1;5;
202300000295;155680026;B01;3;7;0;2;4;1;-1;
202300000295;155680028;A01;3;7;0;2;1;1;1;
202300000296;155680025;A01;3;1;0;9;0;2;5;
202300000297;155680024;A01;3;7;0;1;1;1;1;
202300000298;155680021;A01;2;10;0;2;1;2;1;
202300000298;155680022;B01;2;7;0;2;4;1;1;
202300000298;155680023;C01;2;7;0;2;6;23;1;
202300000299;155680016;A01;1;7;0;2;1;10;1;
202300000299;155680018;B01;1;10;0;2;1;1;1;
202300000300;155680014;D01;2;7;0;2;4;23;1;
202300000300;155680015;C01;2;7;0;2;4;23;1;
202300000300;155680017;E01;2;7;0;2;4;23;1;
202300000300;155680019;A01;2;7;0;2;1;1;1;
202300000300;155680020;B01;2;7;0;2;4;23;1;
202300000301;155680013;A01;2;7;0;1;2;1;1;
202300000302;155680012;A01;3;7;9;0;9;1;-1;