Num_Acc;id_vehicule;num_veh;senc;catv;obs;obsm;choc;manv;motor;occutc
202300000605;155679478;B01;1;50;0;2;4;0;3;
202300000606;155679475;A01;2;17;0;2;4;26;1;
202300000606;155679476;B01;2;1;0;2;1;1;5;
202300000607;155679473;A01;1;7;0;2;2;9;1;
202300000607;155679474;B01;1;1;0;2;6;1;5;
202300000608;155679471;A01;2;7;0;1;2;1;0;
202300000609;155679470;B01;3;7;0;2;6;1;2;
202300000609;155679472;A01;3;31;0;2;7;12;1;
202300000610;155679469;A01;1;7;0;1;1;1;1;
202300000611;155679467;A01;1;7;1;0;9;1;1;
202300000612;155679468;A01;3;7;0;1;1;26;1;
202300000613;155679464;A01;1;10;0;2;2;15;0;
202300000613;155679466;B01;1;7;0;2;1;1;1;
202300000614;155679463;B01;3;1;0;2;1;1;5;
202300000614;155679465;Z01;3;7;0;2;1;15;0;
202300000615;155679461;A01;1;31;0;2;4;2;1;
202300000615;155679462;Z01;1;7;0;2;1;2;0;
202300000616;155679457;A01;1;7;0;2;5;16;1;
202300000616;155679459;B01;1;50;0;2;1;1;3;
202300000617;155679458;A01;1;7;0;2;7;12;1;
202300000617;155679460;B01;1;33;0;2;8;1;1;
202300000618;155679455;A01;2;7;0;2;6;15;1;
202300000618;155679456;B01;2;33;0;2;2;1;1;
202300000619;155679453;A01;1;33;0;2;3;2;1;
202300000619;155679454;B01;1;7;0;2;5;2;1;
202300000620;155679451;A01;1;7;0;2;2;16;3;
202300000620;155679452;B01;1;80;0;2;1;1;3;
202300000621;155679450;A01;2;32;0;0;0;1;1;
202300000622;155679448;B01;1;1;0;2;1;1;5;
202300000622;155679449;A01;2;7;0;2;1;15;1;
202300000623;155679446;A01;2;10;0;2;5;1;1;
202300000623;155679447;B01;2;80;0;2;8;1;3;
202300000624;155679445;A01;1;7;0;1;0;1;1;
202300000625;155679443;A01;3;32;0;2;1;1;1;
202300000625;155679444;B01;2;1;8;2;8;1;5;
202300000626;155679441;B01;3;1;0;2;7;1;5;
202300000626;155679442;A01;3;43;0;2;8;15;1;
202300000627;155679438;A01;3;1;0;2;7;17;5;
202300000627;155679440;B01;3;50;0;2;8;13;3;
202300000628;155679437;B01;1;1;0;2;1;1;5;
202300000628;155679439;A01;2;7;0;2;2;16;1;
202300000629;155679434;B01;3;32;0;2;3;1;1;
202300000629;155679435;A01;3;7;0;2;1;10;1;
202300000630;155679433;B01;2;7;0;2;2;15;1;
202300000630;155679436;A01;3;31;0;2;1;2;1;
202300000631;155679431;B01;2;7;0;2;1;0;1;
202300000631;155679432;A01;1;30;0;2;1;0;1;
202300000632;155679430;Z01;1;32;0;1;0;17;0;
202300000633;155679427;A01;3;7;0;1;1;1;1;
202300000634;155679424;B01;2;1;0;2;8;1;5;
202300000634;155679426;A01;2;7;12;2;7;14;1;
202300000635;155679425;A01;3;10;0;1;1;15;1;
202300000636;155679422;B01;1;50;0;2;1;1;3;
202300000636;155679423;A01;1;7;0;2;1;15;1;
202300000637;155679421;A01;1;7;0;1;2;16;1;
202300000638;155679420;A01;3;7;9;1;2;0;1;
202300000639;155679418;A01;0;10;0;1;4;2;0;
202300000640;155679417;A01;2;0;0;1;7;16;0;
202300000641;155679419;A01;1;32;0;1;1;7;1;
202300000642;155679416;A01;1;7;11;0;1;11;1;
202300000643;155679413;A01;1;32;0;2;7;17;1;
202300000643;155679415;B01;1;7;0;2;3;15;1;
202300000644;155679412;A01;1;7;1;1;2;2;1;
202300000644;155679414;B01;1;7;0;0;0;0;1;
202300000645;155679409;A01;0;30;12;0;2;13;1;
202300000645;155679411;Z01;0;7;0;0;0;0;0;
202300000646;155679410;A01;2;30;0;0;2;20;1;
202300000647;155679407;B01;2;32;0;2;1;1;1;
202300000647;155679408;A01;1;7;0;2;3;15;1;
202300000648;155679406;A01;1;31;0;1;1;21;1;
202300000649;155679405;A01;1;7;0;1;1;1;1;
202300000650;155679401;B01;0;2;0;2;7;17;1;
202300000650;155679403;A01;0;7;0;2;3;15;1;
202300000651;155679402;A01;0;10;0;2;2;5;1;
202300000651;155679404;B01;3;10;0;2;8;15;1;
202300000652;155679399;B01;1;33;0;2;1;1;1;
202300000652;155679400;A01;2;7;0;2;6;19;1;
202300000653;155679398;A01;0;10;1;1;5;13;1;
202300000654;155679396;B01;1;7;0;2;6;1;1;
202300000654;155679397;A01;2;32;0;2;1;1;1;
202300000655;155679394;B01;2;30;0;2;1;1;3;
202300000655;155679395;A01;2;7;0;2;3;15;1;
202300000656;155679392;A01;1;32;0;2;0;0;0;
202300000656;155679393;B01;3;7;0;2;3;1;1;
202300000657;155679388;B01;3;14;0;2;8;2;0;
202300000657;155679389;A01;3;33;0;2;7;2;0;
202300000658;155679390;A01;1;7;0;0;8;1;1;
202300000658;155679391;B01;2;1;0;2;8;1;5;
202300000659;155679386;A01;1;10;0;2;0;24;0;
202300000659;155679387;B01;2;33;0;2;0;1;0;
202300000660;155679384;A01;3;1;0;1;1;1;5;
202300000661;155679383;B01;3;50;0;2;1;26;3;
202300000661;155679385;A01;3;7;0;2;1;2;1;
202300000662;155679381;B01;1;13;0;2;7;16;1;
202300000662;155679382;A01;1;2;0;2;8;18;1;
202300000663;155679380;A01;1;7;1;1;1;1;1;
202300000664;155679377;B01;1;99;0;2;8;2;0;
202300000664;155679379;A01;1;7;0;2;2;21;1;
202300000665;155679376;B01;1;1;0;2;1;2;5;
202300000665;155679378;A01;1;50;0;2;8;9;3;
202300000666;155679374;A01;2;7;0;2;6;23;1;
202300000666;155679375;B01;2;2;0;2;1;2;1;
202300000667;155679371;B01;2;2;0;2;1;21;1;
202300000667;155679372;A01;1;7;0;2;6;19;1;
202300000668;155679370;B01;2;1;0;2;4;1;5;
202300000668;155679373;A01;1;7;0;2;1;2;1;
202300000669;155679368;B01;2;7;0;2;1;1;2;
202300000669;155679369;A01;1;7;0;2;1;13;1;
202300000670;155679367;A01;1;32;0;0;0;1;1;
202300000671;155679365;A01;1;7;0;9;2;17;1;
202300000671;155679366;B01;1;1;0;2;0;26;5;
202300000672;155679363;A01;2;10;0;0;6;2;1;
202300000672;155679364;B01;2;33;0;2;1;2;1;
202300000673;155679361;A01;3;7;0;2;1;15;1;
202300000673;155679362;B01;3;34;0;2;1;16;1;
202300000674;155679359;A01;1;10;0;2;2;0;1;
202300000674;155679360;B01;1;17;0;0;6;2;1;
202300000675;155679356;B01;2;7;0;2;1;1;1;
202300000675;155679357;A01;1;7;0;2;1;13;1;
202300000676;155679355;A01;2;10;0;2;1;2;1;
202300000676;155679358;B01;2;7;0;2;4;23;3;
202300000677;155679354;A01;3;10;0;1;4;4;3;
202300000678;155679352;A01;1;40;0;2;2;0;3;
202300000678;155679353;B01;3;7;0;4;3;16;1;
202300000679;155679350;B01;2;7;0;0;6;15;0;
202300000679;155679351;A01;2;2;0;0;1;17;1;
202300000680;155679349;A01;3;7;0;1;4;4;1;
202300000681;155679347;A01;2;14;0;2;2;1;1;
202300000681;155679348;B01;2;7;0;0;4;1;1;
202300000682;155679345;A01;1;7;0;2;7;26;1;
202300000682;155679346;B01;1;38;0;2;1;26;1;5.0
202300000683;155679344;A01;1;7;7;0;1;15;1;
202300000684;155679342;A01;1;7;0;2;3;1;1;
202300000684;155679343;B01;2;7;0;2;4;1;1;
202300000685;155679340;A01;2;7;0;2;7;13;1;
202300000685;155679341;B01;1;17;0;2;1;1;1;
202300000686;155679339;A01;2;7;3;0;2;1;1;
202300000687;155679338;A01;0;7;2;0;1;0;1;
202300000688;155679337;A01;2;7;2;0;3;17;3;
202300000689;155679335;A01;1;2;0;2;7;17;6;
202300000689;155679336;B01;2;2;0;0;8;13;6;
202300000690;155679333;B01;1;15;1;0;2;1;1;
202300000690;155679334;A01;1;10;0;0;6;0;1;
202300000691;155679331;B01;3;1;0;2;1;1;5;
202300000691;155679332;A01;3;7;0;2;3;9;1;
202300000692;155679329;A01;1;7;0;2;1;1;1;
202300000692;155679330;B01;3;1;0;2;1;9;5;
202300000693;155679327;A01;3;7;0;2;3;0;1;
202300000693;155679328;B01;1;7;0;2;8;15;1;
202300000694;155679324;B01;2;7;0;2;5;23;1;
202300000694;155679325;C01;3;7;8;2;0;0;1;
202300000694;155679326;A01;2;7;1;2;1;12;1;
202300000695;155679322;B01;1;33;0;2;0;0;0;
202300000695;155679323;A01;1;7;0;2;8;13;0;
202300000696;155679319;C01;1;7;0;2;3;1;1;
202300000696;155679320;B01;1;7;0;2;3;23;1;
202300000696;155679321;A01;2;7;0;2;3;17;1;
202300000697;155679318;A01;2;7;0;1;1;1;1;
202300000698;155679316;A01;2;2;0;2;1;21;1;
202300000698;155679317;B01;1;7;0;2;8;9;1;
202300000699;155679314;A01;1;7;0;2;8;15;1;
202300000699;155679315;B01;1;33;0;2;7;17;1;
202300000700;155679312;A01;2;30;0;2;1;2;1;
202300000700;155679313;B01;2;7;0;2;4;23;1;
202300000701;155679310;A01;2;80;0;2;7;1;3;
202300000701;155679311;B01;1;7;0;2;2;1;1;
202300000702;155679309;A01;2;7;0;1;2;1;1;
202300000703;155679307;A01;3;7;0;2;8;1;1;
202300000703;155679308;B01;3;7;0;2;1;1;1;
202300000704;155679305;A01;2;7;0;2;2;9;1;
202300000704;155679306;B01;2;50;0;2;3;1;3;
202300000705;155679304;A01;0;7;0;0;9;1;1;
202300000706;155679303;A01;1;7;0;1;1;2;0;
202300000707;155679302;A01;1;7;13;0;1;19;1;
202300000708;155679301;A01;1;7;12;0;1;1;1;
202300000709;155679299;Y01;1;1;0;0;7;1;5;
202300000709;155679300;A01;1;7;0;2;1;19;1;
202300000710;155679297;A01;1;7;0;2;2;9;1;
202300000710;155679298;Y01;1;80;0;2;2;9;3;
202300000711;155679296;A01;0;10;0;1;0;4;1;
202300000712;155679293;Z01;2;7;0;0;0;0;0;
202300000712;155679294;B01;2;32;0;2;1;17;0;
202300000712;155679295;A01;1;7;0;2;8;1;0;
202300000713;155679291;A01;2;7;0;2;3;26;1;
202300000713;155679292;B01;2;7;0;2;2;21;1;
202300000714;155679289;A01;1;7;0;2;1;1;1;
202300000714;155679290;B01;1;7;0;2;3;16;0;
202300000715;155679287;A01;1;43;0;2;1;13;1;
202300000715;155679288;B01;2;7;0;2;1;23;1;
202300000716;155679286;A01;2;7;6;0;8;14;1;
202300000717;155679284;B01;2;33;0;2;1;3;1;
202300000717;155679285;A01;2;7;0;2;5;12;1;
202300000718;155679283;A01;1;33;0;1;1;1;1;
202300000719;155679281;A01;2;1;0;2;8;18;5;
202300000719;155679282;B01;2;7;0;2;2;1;1;
202300000720;155679278;B01;3;10;0;2;5;1;1;
202300000720;155679279;A01;3;32;0;2;1;3;1;
202300000720;155679280;C01;2;7;0;2;5;1;1;
202300000721;155679276;B01;3;33;0;2;1;21;1;
202300000721;155679277;A01;3;7;0;2;7;19;1;
202300000722;155679275;A01;2;1;0;0;0;1;5;
202300000723;155679273;B01;2;1;0;2;1;1;5;
202300000723;155679274;A01;2;7;0;2;3;15;1;
202300000724;155679271;A01;2;7;0;2;3;15;1;
202300000724;155679272;B01;2;2;0;2;1;1;3;
202300000725;155679269;A01;2;80;12;2;1;9;3;
202300000725;155679270;B01;2;33;12;2;2;16;1;
202300000726;155679268;A01;1;31;9;0;1;21;1;
202300000727;155679267;A01;2;7;8;0;1;1;1;
202300000728;155679265;B01;3;1;0;2;1;19;5;
202300000728;155679266;A01;3;2;0;2;1;1;0;
202300000729;155679263;Z01;1;7;0;2;1;0;0;
202300000729;155679264;B01;2;7;0;2;8;1;1;
202300000730;155679261;A01;1;7;0;2;4;26;1;
202300000730;155679262;B01;1;30;0;2;1;1;1;
202300000731;155679259;B01;3;10;0;2;2;1;1;
202300000731;155679260;A01;3;33;0;2;1;1;1;
202300000732;155679257;B01;1;7;0;2;6;10;1;
202300000732;155679258;A01;1;30;0;2;1;17;1;
202300000733;155679256;B01;0;37;1;1;0;1;0;1.0
202300000734;155679254;B01;3;7;0;2;2;1;1;
202300000734;155679255;A01;1;50;0;2;4;1;3;
202300000735;155679253;A01;2;7;14;0;4;4;1;
202300000736;155679251;B01;2;2;0;2;2;0;1;
202300000736;155679252;A01;2;7;0;2;2;16;1;
202300000737;155679249;A01;1;7;0;2;8;10;2;
202300000737;155679250;B01;1;33;0;2;1;1;1;
202300000738;155679248;A01;1;2;0;1;2;1;1;
202300000739;155679247;A01;1;7;2;0;2;1;1;
202300000740;155679246;A01;3;36;0;0;0;0;1;
202300000741;155679243;B01;2;7;0;2;1;0;1;
202300000741;155679244;A01;1;7;0;2;1;0;2;
202300000742;155679241;A01;1;7;8;0;1;2;1;
202300000742;155679242;B01;1;7;0;0;8;9;1;
202300000743;155679239;B01;2;7;0;2;3;9;6;
202300000743;155679240;A01;1;2;0;2;7;1;1;
202300000744;155679238;A01;0;7;3;0;1;1;1;
202300000745;155679237;A01;2;2;0;0;9;1;1;
202300000746;155679235;A01;2;33;0;2;1;2;1;
202300000746;155679236;B01;2;10;0;0;4;2;1;
202300000747;155679234;A01;1;7;2;0;3;14;1;
202300000748;155679230;A01;3;7;0;2;7;15;1;
202300000748;155679232;B01;3;7;0;2;2;1;1;
202300000749;155679229;A01;1;7;2;0;1;1;1;
202300000750;155679227;A01;2;7;0;2;3;13;3;
202300000750;155679228;B01;1;10;0;2;3;1;1;
202300000751;155679225;B01;1;10;0;2;2;2;1;
202300000751;155679226;A01;1;2;0;2;6;2;1;
202300000752;155679224;A01;1;2;0;0;1;0;1;
202300000753;155679221;A01;2;14;0;1;1;1;1;
202300000754;155679219;A01;2;1;0;2;0;1;5;
202300000754;155679220;B01;2;1;0;2;0;1;5;
202300000754;155679222;C01;2;1;0;2;0;1;5;
202300000754;155679223;D01;2;1;0;2;0;1;5;
202300000755;155679216;A01;1;2;13;0;0;0;1;
202300000756;155679215;A01;1;7;0;2;7;12;1;
202300000756;155679217;B01;1;33;0;2;8;3;1;
202300000756;155679218;C01;1;14;0;2;1;1;1;
202300000757;155679214;A01;1;7;13;0;9;1;1;
202300000758;155679211;A01;2;33;13;0;1;14;1;
202300000759;155679212;A01;1;33;0;2;1;1;1;
202300000759;155679213;B01;1;7;0;2;4;2;1;
202300000760;155679209;A01;2;43;8;0;2;0;1;
202300000761;155679208;B01;2;7;0;2;3;1;1;
202300000761;155679210;A01;2;7;0;2;5;12;2;
202300000762;155679207;A01;3;31;15;0;1;1;1;
202300000763;155679206;Z01;1;50;0;1;8;1;3;
202300000764;155679203;B01;0;7;0;0;3;1;1;
202300000764;155679204;C01;0;7;0;2;1;1;1;
202300000764;155679205;A01;1;7;0;2;1;15;1;
202300000765;155679201;B01;1;1;0;2;8;1;5;
202300000765;155679202;A01;1;7;0;2;7;22;3;
202300000766;155679198;B01;2;33;0;2;3;15;1;
202300000766;155679200;A01;2;7;0;2;2;21;1;
202300000767;155679197;A01;3;10;0;2;2;15;1;
202300000767;155679199;B01;3;33;0;2;3;1;1;
202300000768;155679196;A01;3;2;15;0;0;0;1;
202300000769;155679193;A01;1;7;0;2;3;16;1;
202300000769;155679195;B01;1;33;0;2;1;1;1;
202300000770;155679194;A01;2;10;0;1;3;1;3;
202300000771;155679190;B01;1;33;0;2;7;1;1;
202300000771;155679191;A01;1;7;0;2;3;11;1;
202300000772;155679188;A01;1;7;0;2;2;17;1;
202300000772;155679189;B01;1;7;0;2;2;17;1;
202300000772;155679192;C01;1;7;1;2;4;1;1;
202300000773;155679185;B01;1;7;0;2;1;1;3;
202300000773;155679187;A01;2;50;0;2;7;1;3;
202300000774;155679186;A01;3;7;6;0;1;0;0;
202300000775;155679182;A01;1;7;13;0;9;21;1;
202300000775;155679183;B01;2;7;0;0;0;13;0;
202300000776;155679181;B01;1;1;0;2;2;19;5;
202300000776;155679184;A01;1;7;0;2;3;15;1;
202300000777;155679180;A01;2;7;2;0;0;1;0;
202300000778;155679179;Z01;1;10;0;1;0;17;0;
202300000779;155679178;A01;2;7;16;0;9;1;0;
202300000780;155679177;A01;1;33;1;0;7;14;1;
202300000781;155679175;B01;1;7;0;0;6;15;1;
202300000781;155679176;A01;2;33;0;2;1;1;1;
202300000782;155679173;A01;0;7;0;0;5;16;1;
202300000782;155679174;B01;0;1;0;0;1;1;5;
202300000783;155679171;A01;1;7;0;2;3;13;1;
202300000783;155679172;B01;2;7;0;2;3;1;1;
202300000784;155679170;A01;2;7;1;0;1;2;1;
202300000785;155679166;B01;2;10;0;2;4;23;1;
202300000785;155679168;A01;2;80;0;2;1;2;3;
202300000786;155679167;A01;1;7;0;0;3;1;1;
202300000786;155679169;B01;1;7;3;0;2;14;1;
202300000787;155679164;A01;0;7;0;2;2;25;1;
202300000787;155679165;B01;0;50;0;2;1;25;3;
202300000788;155679162;A01;1;10;0;1;2;15;3;
202300000789;155679161;B01;0;7;0;2;6;15;1;
202300000789;155679163;A01;0;7;0;2;2;1;1;
202300000790;155679159;A01;1;33;0;2;4;17;1;
202300000790;155679160;B01;1;7;0;2;3;15;1;
202300000791;155679158;A01;1;80;0;1;1;1;3;
202300000792;155679157;A01;1;7;0;1;1;13;1;
202300000793;155679154;A01;3;10;0;2;1;15;1;
202300000793;155679156;B01;1;1;0;2;4;1;5;
202300000794;155679152;A01;1;2;0;2;3;1;3;
202300000794;155679155;Z01;1;2;0;2;0;1;0;
202300000795;155679151;A01;2;7;0;2;3;13;1;
202300000795;155679153;B01;1;10;0;2;3;1;1;
202300000796;155679150;A01;1;7;8;0;2;14;1;
202300000797;155679149;A01;1;7;2;0;9;14;1;
202300000798;155679148;Z01;1;42;0;1;1;1;0;
202300000799;155679147;A01;1;10;3;1;6;1;1;
202300000800;155679146;A01;2;43;0;0;0;1;1;
202300000801;155679144;A01;1;33;0;0;0;16;1;
202300000802;155679142;B01;2;1;0;4;3;21;5;
202300000802;155679145;A01;2;40;0;2;2;1;3;
202300000803;155679143;A01;1;10;0;1;1;15;1;
202300000804;155679141;A01;2;33;8;0;7;2;1;
202300000805;155679138;B01;1;32;0;2;0;1;3;
202300000805;155679139;A01;1;7;0;2;0;12;1;
202300000806;155679137;A01;1;7;0;2;2;1;1;
202300000806;155679140;B01;1;80;0;2;1;1;3;
202300000807;155679136;A01;1;36;12;0;2;14;1;
202300000808;155679134;A01;2;80;0;0;0;1;3;
202300000809;155679133;B01;1;7;0;2;6;1;1;
202300000809;155679135;A01;1;10;0;2;2;15;1;
202300000810;155679132;A01;3;7;0;0;0;26;1;
202300000811;155679130;A01;2;7;0;0;3;24;1;
202300000811;155679131;Y01;1;1;1;0;1;2;5;
202300000812;155679128;A01;1;7;0;2;1;15;2;
202300000812;155679129;B01;2;32;0;2;1;1;1;
202300000813;155679127;A01;2;7;13;0;0;0;1;
202300000814;155679126;A01;2;7;0;1;1;1;1;
202300000815;155679123;B01;3;7;0;2;3;1;1;
202300000815;155679125;A01;3;2;0;2;3;1;1;
202300000816;155679122;B01;2;34;0;2;9;2;3;
202300000816;155679124;A01;2;7;0;2;2;16;2;
202300000817;155679120;A01;1;17;0;2;4;4;1;
202300000817;155679121;B01;2;33;0;2;1;23;1;
202300000818;155679119;A01;1;7;2;0;1;1;1;
202300000819;155679118;A01;1;7;3;0;9;0;1;
202300000820;155679116;B01;3;15;0;2;2;1;1;
202300000820;155679117;A01;3;7;0;2;3;18;2;
202300000821;155679113;A01;3;7;0;0;1;1;1;
202300000821;155679115;B01;3;1;0;2;1;15;5;
202300000822;155679112;A01;2;10;0;0;3;1;1;
202300000822;155679114;B01;1;31;0;2;1;26;1;
202300000823;155679110;B01;2;80;0;2;6;1;3;
202300000823;155679111;A01;2;10;0;2;0;17;1;
202300000824;155679109;A01;3;7;0;1;5;20;1;
202300000825;155679104;A01;2;36;0;2;4;1;1;
202300000825;155679106;B01;2;15;0;2;1;1;1;
202300000826;155679105;B01;1;1;0;2;0;1;5;
202300000826;155679107;A01;1;33;0;2;2;16;1;
202300000827;155679103;B01;0;7;0;0;8;24;1;
202300000827;155679108;A01;1;7;1;1;1;14;1;
202300000828;155679101;A01;1;7;0;0;2;1;1;
202300000829;155679100;A01;1;1;0;1;0;21;5;
202300000830;155679097;A01;1;7;0;2;2;21;1;
202300000830;155679099;B01;2;7;0;2;2;5;1;
202300000831;155679096;A01;2;7;0;2;3;13;1;
202300000831;155679098;B01;1;7;0;2;3;14;1;
202300000832;155679094;B01;2;80;9;2;7;17;3;
202300000832;155679095;A01;2;1;9;2;8;15;5;
202300000833;155679092;A01;1;7;0;2;8;13;1;
202300000833;155679093;B01;2;14;0;2;3;1;1;
202300000834;155679091;A01;0;7;4;0;3;0;1;
202300000835;155679090;A01;2;7;1;0;1;21;1;
202300000836;155679088;B01;1;33;0;2;3;1;1;
202300000836;155679089;A01;2;7;0;2;8;15;1;
202300000837;155679086;B01;2;37;0;1;2;1;1;1.0
202300000838;155679083;Z01;2;10;0;2;0;0;0;
202300000838;155679085;B01;2;7;0;2;4;1;1;
202300000838;155679087;A01;2;7;0;2;4;1;1;
202300000839;155679082;A01;2;7;0;2;3;1;1;
202300000839;155679084;B01;2;1;0;0;4;1;5;
202300000840;155679078;A01;1;43;0;2;8;19;1;
202300000840;155679080;B01;1;14;0;2;0;0;1;
202300000841;155679076;A01;2;33;0;2;7;17;1;
202300000841;155679079;B01;1;7;0;2;0;18;0;
202300000842;155679077;B01;2;1;0;2;1;1;5;
202300000842;155679081;A01;2;99;0;2;1;15;0;
202300000843;155679074;B01;2;7;4;2;8;1;1;
202300000843;155679075;A01;2;7;3;2;9;11;1;
202300000844;155679073;A01;3;7;0;1;2;1;1;
202300000845;155679070;A01;0;40;0;2;7;0;3;
202300000845;155679072;B01;0;1;0;4;0;0;5;
202300000846;155679068;B01;1;7;0;2;2;12;1;
202300000846;155679071;A01;1;7;0;2;8;1;1;
202300000847;155679067;A01;2;7;0;0;2;1;1;
202300000847;155679069;B01;1;7;0;0;3;1;1;
202300000848;155679065;A01;1;7;0;0;2;16;1;
202300000849;155679064;A01;1;50;0;2;1;1;3;
202300000849;155679066;B01;2;1;0;2;1;1;5;
202300000850;155679062;A01;1;7;4;0;1;14;1;
202300000851;155679061;A01;0;7;0;9;1;1;1;
202300000851;155679063;B01;0;50;0;2;4;2;3;
202300000852;155679057;A01;1;50;0;2;3;17;3;
202300000852;155679060;Z01;1;10;0;2;0;0;0;
202300000853;155679056;A01;2;7;0;2;1;1;1;
202300000853;155679058;B01;1;7;0;2;3;1;1;
202300000854;155679051;A01;3;80;0;1;8;1;3;
202300000855;155679052;A01;1;7;3;2;1;1;1;
202300000855;155679054;B01;1;7;3;2;4;1;1;
202300000855;155679055;D01;1;7;3;2;4;1;1;
202300000855;155679059;C01;1;7;3;2;4;1;1;
202300000856;155679050;A01;1;7;0;2;1;13;1;
202300000856;155679053;B01;2;7;0;2;1;1;1;
202300000857;155679049;A01;3;7;1;0;3;2;3;
202300000858;155679048;A01;1;33;3;0;8;2;0;
202300000859;155679047;A01;3;7;4;5;3;1;1;
202300000860;155679045;A01;0;32;0;2;4;23;1;
202300000860;155679046;B01;3;7;0;2;1;1;1;
202300000861;155679043;A01;2;7;13;0;8;1;1;
202300000862;155679044;A01;1;33;3;0;0;1;1;
202300000863;155679042;A01;1;10;8;0;3;13;1;
202300000864;155679041;A01;1;50;0;0;1;1;3;
202300000865;155679040;A01;3;7;0;1;2;1;1;
202300000866;155679039;A01;1;7;12;0;9;1;1;
202300000867;155679037;A01;3;30;0;1;1;2;1;
202300000868;155679036;A01;2;32;0;2;7;1;1;
202300000868;155679038;B01;2;7;0;2;1;26;1;
202300000869;155679034;A01;2;10;0;2;1;5;1;
202300000869;155679035;B01;1;7;0;2;1;1;1;
202300000870;155679032;B01;1;10;0;2;3;9;1;
202300000870;155679033;A01;1;7;0;2;1;13;1;
202300000871;155679031;A01;1;7;0;1;1;0;1;
202300000872;155679029;A01;1;33;0;2;1;2;1;
202300000872;155679030;B01;1;7;0;2;4;23;1;
202300000873;155679028;A01;2;33;0;1;1;1;1;
202300000874;155679026;A01;1;7;0;1;3;15;1;
202300000875;155679024;B01;2;7;0;2;1;1;1;
202300000875;155679027;A01;1;7;0;2;1;5;1;
202300000876;155679025;A01;2;37;0;1;4;24;1;1.0
202300000877;155679023;A01;3;2;0;0;0;14;1;
202300000878;155679022;A01;3;7;2;0;2;13;1;
202300000879;155679020;A01;2;33;0;2;2;2;0;
202300000879;155679021;B01;2;7;0;9;8;15;1;
202300000880;155679017;A01;2;13;13;0;2;1;1;
202300000881;155679015;A01;2;10;0;2;3;13;1;
202300000881;155679016;B01;1;37;0;2;3;1;1;2.0
202300000882;155679014;A01;1;10;11;0;3;0;1;
202300000883;155679012;B01;1;2;0;2;1;1;0;
202300000883;155679013;A01;2;7;0;2;8;15;2;
202300000884;155679010;A01;1;10;0;1;0;0;1;
202300000885;155679009;A01;1;7;0;2;3;13;1;
202300000885;155679011;B01;2;7;0;2;8;1;1;
202300000886;155679008;A01;0;7;6;0;1;0;1;
202300000887;155679007;A01;2;7;1;0;2;14;1;
202300000888;155679005;B01;2;7;3;2;6;23;1;
202300000888;155679006;A01;2;7;0;0;2;1;1;
202300000889;155679002;A01;1;7;0;2;3;5;1;
202300000889;155679004;B01;2;7;0;2;3;1;1;
202300000890;155679001;A01;2;7;0;2;5;15;1;
202300000890;155679003;B01;1;34;0;2;1;1;1;
202300000891;155679000;A01;2;7;4;0;2;0;1;
202300000892;155678999;A01;3;7;0;1;4;4;1;
202300000893;155678996;A01;2;17;1;0;1;1;1;
202300000893;155678997;B01;2;14;0;0;6;24;1;
202300000894;155678993;A01;0;2;0;1;1;17;1;
202300000895;155678994;A01;3;7;0;1;2;1;1;
202300000896;155678992;A01;3;7;0;1;8;1;3;
202300000897;155678991;A01;2;10;0;1;7;17;0;
202300000898;155678989;A01;2;3;0;1;2;17;1;
202300000899;155678988;B01;2;7;0;9;8;19;1;
202300000899;155678990;A01;2;1;0;2;1;1;5;
202300000900;155678985;B01;2;7;0;0;4;2;0;
202300000900;155678987;A01;2;1;0;0;1;2;5;
202300000901;155678983;A01;1;32;0;2;4;1;1;
202300000901;155678986;B01;1;10;0;2;0;23;1;
202300000902;155678981;A01;1;7;0;1;2;1;1;
202300000903;155678980;A01;3;7;0;1;8;1;1;
202300000904;155678977;B01;1;33;0;0;7;16;1;
202300000904;155678979;A01;2;7;0;0;1;16;1;
202300000905;155678976;B01;3;33;0;2;3;13;1;
202300000905;155678978;A01;3;7;0;2;3;13;1;
202300000906;155678975;A01;2;0;0;1;0;0;0;
202300000907;155678973;A01;0;7;0;1;2;1;1;
202300000908;155678972;B01;1;10;0;2;3;19;1;
202300000908;155678974;A01;2;7;0;2;1;1;1;
202300000909;155678971;A01;0;30;0;1;0;19;0;
202300000910;155678969;A01;3;7;0;2;3;1;0;
202300000910;155678970;B01;3;7;0;2;3;17;0;
202300000911;155678968;A01;1;7;0;1;3;1;1;
202300000912;155678967;A01;0;80;0;1;1;1;3;
202300000913;155678963;A01;1;10;0;9;7;1;1;
202300000913;155678965;B01;1;1;0;2;1;1;5;
202300000914;155678962;A01;3;33;0;1;1;2;1;
202300000915;155678961;A01;2;33;0;2;0;1;1;
202300000915;155678964;B01;1;10;0;2;3;1;1;
202300000915;155678966;C01;1;10;0;2;3;1;1;
202300000916;155678960;A01;1;2;0;0;3;2;1;
202300000917;155678959;A01;3;7;6;0;1;26;1;
202300000918;155678954;B01;1;7;0;2;8;1;1;
202300000918;155678957;A01;2;7;0;2;3;26;1;
202300000919;155678955;A01;1;1;0;2;1;19;5;
202300000919;155678958;B01;2;7;0;2;2;1;1;
202300000920;155678952;A01;2;10;0;2;4;2;1;
202300000920;155678953;B01;2;7;0;2;4;2;1;