Num_Acc;id_vehicule;num_veh;senc;catv;obs;obsm;choc;manv;motor;occutc
202300000920;155678956;C01;2;7;0;2;1;2;1;
202300000921;155678950;A01;1;10;0;2;7;1;1;
202300000921;155678951;B01;1;1;0;2;8;1;5;
202300000922;155678947;A01;1;7;0;0;8;23;1;
202300000922;155678949;B01;1;2;0;2;2;13;1;
202300000923;155678943;Z01;1;10;0;2;0;0;0;
202300000923;155678945;B01;1;7;0;2;4;2;1;
202300000923;155678948;A01;1;7;0;2;4;0;1;
202300000924;155678944;A01;2;7;0;2;3;17;1;
202300000924;155678946;B01;2;2;0;2;4;15;1;
202300000925;155678942;A01;1;7;0;1;2;26;1;
202300000926;155678939;B01;0;1;0;2;1;0;5;
202300000926;155678941;A01;0;7;0;2;2;15;1;
202300000927;155678938;B01;1;33;0;2;2;0;0;
202300000927;155678940;A01;1;7;0;2;8;21;1;
202300000928;155678937;A01;2;7;0;1;2;1;1;
202300000929;155678932;A01;1;7;0;2;9;1;1;
202300000929;155678934;B01;1;7;2;0;6;16;1;
202300000929;155678936;C01;2;7;6;0;1;1;1;
202300000930;155678933;B01;1;7;0;2;2;16;1;
202300000930;155678935;A01;1;30;0;2;3;18;1;
202300000931;155678930;A01;3;14;0;2;1;5;1;
202300000931;155678931;B01;3;7;0;2;1;1;1;
202300000932;155678928;A01;1;7;0;2;3;0;1;
202300000932;155678929;B01;2;7;0;2;3;0;1;
202300000933;155678925;A01;0;15;0;2;2;2;1;
202300000933;155678926;B01;3;1;0;0;4;1;5;
202300000934;155678924;A01;1;7;1;1;1;1;1;
202300000934;155678927;B01;0;7;0;2;0;0;0;
202300000935;155678922;A01;2;7;0;2;3;15;1;
202300000935;155678923;B01;2;33;0;2;1;16;1;
202300000936;155678920;A01;1;7;8;0;3;1;1;
202300000937;155678919;B01;2;2;0;2;1;1;1;
202300000937;155678921;A01;1;7;0;2;3;9;1;
202300000938;155678917;A01;2;7;0;2;2;15;1;
202300000938;155678918;B01;1;2;0;2;1;1;1;
202300000939;155678914;A01;1;7;0;2;8;11;0;
202300000939;155678916;B01;1;33;0;2;8;1;1;
202300000940;155678913;A01;3;7;0;1;1;1;1;
202300000941;155678912;A01;1;7;0;2;3;26;1;
202300000941;155678915;B01;1;7;0;2;1;1;1;
202300000942;155678909;B01;1;7;0;2;3;1;1;
202300000942;155678911;A01;2;7;0;2;3;1;1;
202300000943;155678910;A01;0;7;0;1;4;4;1;
202300000944;155678908;A01;1;32;0;0;8;15;1;
202300000945;155678904;B01;1;50;0;2;3;5;3;
202300000945;155678907;A01;3;7;0;2;2;16;1;
202300000946;155678903;A01;2;7;0;9;1;9;1;
202300000946;155678905;B01;0;50;0;2;7;26;3;
202300000947;155678902;A01;2;7;0;2;2;15;0;
202300000947;155678906;B01;1;2;0;2;1;1;0;
202300000948;155678897;B01;3;7;0;2;3;15;1;
202300000948;155678900;A01;3;7;0;2;3;1;1;
202300000949;155678896;B01;1;33;0;0;4;2;1;
202300000949;155678898;C01;1;7;0;0;8;15;1;
202300000949;155678901;A01;1;33;6;0;1;2;1;
202300000950;155678895;A01;1;7;0;9;0;0;1;
202300000950;155678899;B01;2;1;0;2;2;0;5;
202300000951;155678894;A01;2;7;2;0;3;1;1;
202300000952;155678892;A01;3;10;0;1;4;4;1;
202300000953;155678888;A01;0;7;0;0;5;2;1;
202300000953;155678890;B01;0;1;0;2;1;2;5;
202300000954;155678887;B01;2;7;3;2;9;2;1;
202300000954;155678889;A01;2;10;0;2;2;0;1;
202300000954;155678891;C01;2;10;0;2;1;2;1;
202300000955;155678883;A01;2;0;0;1;2;13;0;
202300000956;155678880;A01;2;7;0;2;4;1;1;
202300000956;155678882;B01;2;7;0;2;0;2;1;
202300000956;155678884;C01;2;7;0;2;1;2;1;
202300000956;155678886;D01;2;7;0;2;1;1;1;
202300000957;155678879;A01;2;7;15;0;1;1;1;
202300000958;155678881;A01;2;7;15;2;8;21;2;
202300000958;155678885;B01;1;10;0;2;7;0;1;
202300000959;155678878;A01;2;7;4;0;2;14;1;
202300000960;155678876;A01;1;7;0;2;1;17;1;
202300000960;155678877;B01;1;7;6;0;4;17;1;
202300000961;155678873;A01;2;7;15;0;2;1;1;
202300000962;155678872;A01;1;7;3;0;2;14;1;
202300000963;155678871;B01;1;33;0;2;1;2;1;
202300000963;155678874;A01;1;7;0;2;3;9;1;
202300000963;155678875;C01;1;7;0;2;7;24;1;
202300000964;155678870;A01;0;7;1;0;2;21;0;
202300000965;155678868;A01;2;1;0;0;0;1;5;
202300000966;155678867;B01;1;7;0;2;5;0;1;
202300000966;155678869;A01;1;32;0;2;3;11;1;
202300000967;155678865;A01;1;32;0;2;3;13;1;
202300000967;155678866;B01;1;33;0;2;1;1;1;
202300000968;155678861;B01;1;7;0;2;2;12;1;
202300000968;155678864;A01;1;31;0;2;3;17;1;
202300000969;155678859;A01;2;7;0;0;4;2;1;
202300000969;155678862;B01;2;2;0;2;1;2;1;
202300000970;155678858;B01;1;7;0;2;4;23;1;
202300000970;155678860;C01;1;7;0;0;4;2;1;
202300000970;155678863;A01;1;7;0;2;1;2;1;
202300000971;155678856;A01;0;43;0;1;1;1;1;
202300000972;155678855;B01;1;7;0;2;3;15;0;
202300000972;155678857;A01;1;2;0;2;1;15;1;
202300000973;155678853;A01;1;33;0;2;1;3;1;
202300000973;155678854;B01;1;7;0;2;8;11;1;
202300000974;155678848;B01;0;50;0;2;1;1;3;
202300000974;155678852;A01;1;7;0;2;3;9;1;
202300000975;155678846;A01;2;33;0;2;1;13;1;
202300000975;155678849;B01;2;10;0;2;5;1;1;
202300000976;155678845;A01;1;7;0;2;1;13;1;
202300000976;155678847;B01;2;7;0;2;6;21;1;
202300000976;155678850;C01;2;7;0;2;8;21;1;
202300000976;155678851;D01;2;10;0;2;3;21;1;
202300000977;155678840;A01;1;7;0;2;4;23;0;
202300000977;155678843;B01;1;10;0;2;1;2;1;
202300000978;155678841;A01;1;7;0;2;5;15;1;
202300000978;155678842;B01;2;33;0;2;1;1;1;
202300000979;155678835;A01;2;7;0;2;5;20;1;
202300000979;155678838;B01;1;30;0;2;1;1;1;
202300000980;155678836;A01;1;33;0;2;1;18;1;
202300000980;155678839;B01;1;7;0;2;2;16;1;
202300000981;155678834;A01;1;7;0;2;7;17;1;
202300000981;155678837;B01;1;50;0;2;8;15;3;
202300000982;155678833;A01;1;7;3;0;1;14;1;
202300000983;155678831;A01;0;10;0;1;4;4;0;
202300000984;155678830;A01;3;7;0;2;4;15;0;
202300000984;155678832;B01;3;33;0;2;1;17;0;
202300000985;155678827;A01;1;10;0;2;1;2;1;
202300000985;155678828;B01;1;10;0;2;1;2;1;
202300000985;155678829;C01;1;15;0;2;4;2;1;
202300000986;155678825;B01;3;7;0;9;0;23;1;
202300000986;155678826;A01;1;50;15;0;3;25;3;
202300000987;155678824;A01;1;36;12;0;8;2;1;
202300000988;155678822;B01;1;7;4;0;6;1;1;
202300000988;155678823;A01;1;14;0;2;2;12;1;
202300000989;155678820;A01;2;15;3;0;3;2;1;
202300000990;155678818;A01;2;50;0;2;1;14;3;
202300000990;155678821;B01;2;50;0;2;4;1;3;
202300000991;155678815;A01;2;31;0;2;1;13;1;
202300000991;155678817;B01;1;7;0;2;3;1;1;
202300000992;155678814;A01;2;14;0;2;3;14;1;
202300000992;155678816;B01;2;17;0;2;4;1;1;
202300000992;155678819;C01;2;15;0;0;4;1;1;
202300000993;155678812;A01;2;7;0;1;2;1;1;
202300000994;155678811;A01;0;7;0;2;1;2;1;
202300000994;155678813;B01;0;7;0;2;4;23;1;
202300000995;155678808;A01;1;33;0;2;1;21;1;
202300000995;155678809;B01;2;7;0;2;8;1;2;
202300000995;155678810;C01;2;10;0;2;4;23;1;
202300000996;155678806;A01;1;14;13;0;1;1;1;
202300000997;155678804;A01;3;1;0;1;1;1;5;
202300000998;155678803;B01;2;32;0;2;1;1;1;
202300000998;155678805;C01;1;13;0;2;1;1;1;
202300000998;155678807;A01;2;10;0;2;6;1;1;
202300000999;155678802;A01;1;2;8;0;1;14;1;
202300001000;155678799;B01;3;10;0;2;4;2;1;
202300001000;155678801;A01;3;30;0;2;1;26;1;
202300001001;155678798;A01;3;7;0;2;2;14;1;
202300001001;155678800;B01;3;1;0;2;4;2;5;
202300001002;155678796;A01;1;7;0;2;1;5;1;
202300001002;155678797;B01;2;15;0;2;1;1;1;
202300001003;155678793;A01;2;10;0;2;3;1;1;
202300001003;155678795;B01;2;33;0;2;1;1;1;
202300001004;155678790;A01;1;33;0;2;3;17;1;
202300001004;155678792;B01;2;7;0;2;3;1;1;
202300001005;155678791;B01;1;37;0;2;3;0;0;2.0
202300001005;155678794;A01;1;7;0;2;3;1;1;
202300001006;155678788;A01;1;33;13;0;1;1;0;
202300001007;155678786;A01;1;7;0;2;3;13;1;
202300001007;155678789;B01;2;7;0;2;3;1;1;
202300001008;155678783;A01;2;7;0;2;3;9;1;
202300001008;155678785;B01;2;1;0;2;2;1;5;
202300001009;155678784;A01;1;10;0;2;1;17;1;
202300001009;155678787;B01;1;30;0;2;4;1;1;
202300001010;155678782;A01;2;7;0;1;3;15;1;
202300001011;155678780;A01;1;7;0;2;6;15;1;
202300001011;155678781;B01;1;2;0;2;2;15;1;
202300001012;155678779;A01;1;30;0;0;9;1;3;
202300001013;155678777;A01;1;7;2;0;3;1;1;
202300001014;155678776;A01;3;7;0;1;3;15;1;
202300001015;155678774;A01;1;7;5;0;1;14;1;
202300001016;155678775;A01;2;7;0;2;3;5;1;
202300001016;155678778;B01;1;7;0;2;3;1;1;
202300001017;155678770;A01;1;7;0;2;1;1;0;
202300001017;155678772;B01;0;1;0;2;7;19;5;
202300001018;155678768;B01;1;3;0;2;4;1;1;
202300001018;155678771;A01;1;31;0;2;1;2;1;
202300001019;155678769;A01;3;30;0;2;0;15;1;
202300001019;155678773;B01;3;7;0;2;5;1;1;
202300001020;155678766;A01;3;7;0;9;2;20;0;
202300001020;155678767;B01;0;1;0;2;4;1;5;
202300001021;155678764;A01;1;7;0;1;1;1;1;
202300001022;155678763;B01;3;1;0;2;7;1;5;
202300001022;155678765;A01;3;7;0;2;3;1;1;
202300001023;155678761;A01;3;7;0;2;4;2;1;
202300001023;155678762;B01;3;10;0;2;3;2;1;
202300001024;155678760;Z01;3;7;0;1;0;26;0;
202300001025;155678756;B01;1;10;0;2;1;1;1;
202300001025;155678758;A01;1;7;0;2;4;1;1;
202300001026;155678757;B01;2;1;0;2;1;1;5;
202300001026;155678759;A01;1;50;0;2;3;1;3;
202300001027;155678754;A01;1;7;0;2;8;11;1;
202300001027;155678755;B01;1;2;0;2;8;17;1;
202300001028;155678752;B01;2;10;0;2;1;5;1;
202300001028;155678753;A01;2;7;0;2;3;15;1;
202300001029;155678749;A01;2;7;0;2;1;6;1;
202300001029;155678750;B01;1;7;0;2;1;1;1;
202300001030;155678748;B01;1;37;0;2;4;23;1;1.0
202300001030;155678751;A01;1;30;0;2;1;1;1;
202300001031;155678744;A01;1;10;0;2;3;1;0;
202300001031;155678746;B01;1;7;0;2;5;1;1;
202300001031;155678747;C01;1;7;0;2;4;1;0;
202300001032;155678742;A01;2;10;0;2;2;12;1;
202300001032;155678745;B01;2;7;0;2;6;1;1;
202300001033;155678740;A01;2;7;0;2;4;12;1;
202300001033;155678741;B01;2;33;0;2;1;3;1;
202300001034;155678738;A01;0;7;0;1;2;26;1;
202300001035;155678737;B01;3;7;0;0;0;0;2;
202300001035;155678739;A01;3;37;0;2;0;1;6;2.0
202300001036;155678735;A01;2;33;0;2;1;1;1;
202300001036;155678736;B01;2;7;0;2;4;1;1;
202300001037;155678734;A01;3;7;0;1;1;2;0;
202300001038;155678733;A01;3;10;0;1;1;1;1;
202300001039;155678731;B01;1;7;0;2;3;1;1;
202300001039;155678732;A01;1;10;4;2;1;19;1;
202300001040;155678730;A01;3;33;0;0;0;0;1;
202300001041;155678728;A01;3;7;0;2;1;1;1;
202300001042;155678727;A01;2;7;0;2;3;2;1;
202300001042;155678729;B01;2;7;0;2;5;2;1;
202300001043;155678723;B01;2;7;4;2;3;1;1;
202300001043;155678725;A01;2;14;4;2;2;14;1;
202300001044;155678722;B01;3;7;0;2;8;23;1;
202300001044;155678724;A01;3;7;8;2;1;6;1;
202300001045;155678721;B01;3;1;0;2;8;9;5;
202300001045;155678726;A01;3;7;0;2;2;1;0;
202300001046;155678716;B01;1;7;0;2;1;2;1;
202300001046;155678719;A01;1;7;0;2;1;1;1;
202300001046;155678720;C01;1;7;0;2;4;23;3;
202300001047;155678717;A01;1;7;0;1;1;1;1;
202300001048;155678715;B01;2;7;0;2;8;1;1;
202300001048;155678718;A01;3;50;0;2;1;19;3;
202300001049;155678713;A01;1;7;0;1;1;1;1;
202300001050;155678711;B01;2;33;0;2;8;3;1;
202300001050;155678714;A01;2;10;0;2;2;14;1;
202300001051;155678709;B01;1;7;0;2;2;1;1;
202300001051;155678712;A01;1;7;0;2;8;19;1;
202300001052;155678708;A01;2;7;0;2;2;9;1;
202300001052;155678710;B01;2;50;0;2;1;25;3;
202300001053;155678704;B01;2;7;0;2;2;21;1;
202300001053;155678706;A01;2;7;0;0;6;20;1;
202300001054;155678703;A01;2;7;4;2;3;1;1;
202300001055;155678700;A01;2;7;0;9;1;1;1;
202300001055;155678702;B01;3;1;0;2;1;19;5;
202300001056;155678697;B01;2;7;0;2;8;9;1;
202300001056;155678699;A01;2;14;0;2;2;1;1;
202300001057;155678694;A01;1;7;0;0;9;14;1;
202300001058;155678701;A01;3;7;12;0;0;1;0;
202300001059;155678693;B01;2;80;0;2;1;1;3;
202300001059;155678695;A01;1;10;0;2;3;15;1;
202300001060;155678689;A01;1;7;2;2;2;13;1;
202300001060;155678691;B01;2;7;0;2;6;0;1;
202300001061;155678688;A01;2;7;8;0;2;2;1;
202300001062;155678687;A01;3;10;0;2;8;26;1;
202300001062;155678692;B01;3;7;0;2;1;0;1;
202300001063;155678686;B01;0;10;1;2;3;9;1;
202300001063;155678690;A01;0;7;1;2;1;9;1;
202300001064;155678683;A01;0;7;0;1;1;1;1;
202300001065;155678682;A01;3;7;0;2;2;16;1;
202300001065;155678684;B01;3;7;0;2;8;1;1;
202300001066;155678680;A01;1;7;0;2;1;2;1;
202300001066;155678685;B01;1;33;0;2;9;1;1;
202300001067;155678679;A01;2;7;1;0;1;1;3;
202300001067;155678681;B01;3;30;0;2;8;24;1;
202300001068;155678675;A01;3;50;0;0;0;1;3;
202300001069;155678676;A01;2;50;0;2;1;1;3;
202300001069;155678678;B01;0;7;0;2;3;1;1;
202300001070;155678672;A01;3;2;0;0;0;1;1;
202300001071;155678674;B01;1;43;0;2;8;1;1;
202300001071;155678677;A01;1;7;0;2;2;15;1;
202300001072;155678671;A01;1;33;0;2;1;2;1;
202300001072;155678673;B01;1;7;0;2;5;1;1;
202300001073;155678670;A01;0;7;0;1;1;1;1;
202300001074;155678665;B01;3;1;0;2;2;1;5;
202300001074;155678669;A01;0;10;0;2;8;0;1;
202300001075;155678666;A01;1;34;0;1;1;1;1;
202300001076;155678664;B01;1;7;0;0;5;2;1;
202300001076;155678668;A01;1;2;0;2;0;0;1;
202300001077;155678663;A01;0;7;0;2;2;1;1;
202300001077;155678667;B01;0;10;0;2;3;1;1;
202300001078;155678659;A01;3;7;0;2;3;1;2;
202300001078;155678661;B01;3;7;0;2;3;1;1;
202300001079;155678657;A01;3;7;0;2;2;19;1;
202300001079;155678662;B01;3;30;0;2;8;1;1;
202300001080;155678656;A01;0;7;0;2;1;1;1;
202300001080;155678660;B01;0;33;0;2;8;15;1;
202300001081;155678655;B01;2;1;0;2;8;1;5;
202300001081;155678658;A01;2;1;0;2;7;14;5;
202300001082;155678651;A01;0;7;0;1;3;1;1;
202300001083;155678652;A01;1;7;0;2;1;9;1;
202300001083;155678654;B01;1;33;0;2;7;1;1;
202300001084;155678646;B01;2;33;4;2;1;1;1;
202300001084;155678648;A01;2;7;0;2;3;11;1;
202300001085;155678647;A01;2;7;0;1;3;1;1;
202300001086;155678644;A01;0;7;0;1;3;26;1;
202300001087;155678645;A01;3;10;0;1;2;1;1;
202300001088;155678643;A01;3;50;0;1;1;1;3;
202300001089;155678642;A01;3;7;0;1;1;16;1;
202300001090;155678640;A01;1;32;0;1;1;1;0;
202300001091;155678638;A01;3;31;0;0;7;26;1;
202300001092;155678637;B01;1;1;0;2;7;1;5;
202300001092;155678641;A01;2;10;0;2;7;9;3;
202300001093;155678634;A01;2;7;0;2;1;0;1;
202300001093;155678636;B01;2;7;0;2;5;0;1;
202300001093;155678639;C01;2;7;0;2;4;0;1;
202300001094;155678633;B01;1;50;0;2;4;2;3;
202300001094;155678635;A01;1;7;0;2;2;2;0;
202300001095;155678627;A01;1;7;9;2;1;17;1;
202300001095;155678630;B01;2;7;0;2;1;1;1;
202300001096;155678624;A01;2;7;0;2;2;21;1;
202300001096;155678628;B01;2;33;0;2;6;23;1;
202300001097;155678623;A01;1;7;0;2;1;1;1;
202300001097;155678625;B01;2;7;0;2;4;2;1;
202300001098;155678626;B01;3;7;0;2;5;23;2;
202300001098;155678629;A01;3;10;0;2;3;1;1;
202300001099;155678621;A01;2;2;0;2;4;1;1;
202300001099;155678622;Z01;2;7;0;2;1;10;3;
202300001100;155678618;B01;1;33;0;2;1;2;1;
202300001100;155678620;A01;2;14;0;2;6;4;1;
202300001101;155678617;A01;2;31;0;1;1;1;1;
202300001102;155678614;B01;2;1;0;2;3;1;5;
202300001102;155678619;A01;2;10;0;2;1;10;3;
202300001103;155678615;A01;2;2;0;2;1;1;1;
202300001103;155678616;B01;1;7;0;2;6;9;1;
202300001104;155678613;A01;1;7;1;0;2;1;1;
202300001105;155678611;B01;1;7;0;2;3;15;3;
202300001105;155678612;A01;1;33;0;2;1;17;1;
202300001106;155678607;A01;2;7;0;2;2;1;1;
202300001106;155678610;B01;2;7;0;2;6;1;1;
202300001107;155678608;A01;1;1;0;1;1;1;5;
202300001108;155678605;A01;1;7;0;1;0;1;1;
202300001109;155678604;A01;3;10;0;1;1;2;1;
202300001110;155678603;A01;1;7;14;0;1;1;1;
202300001111;155678601;A01;1;10;0;2;1;15;1;
202300001111;155678602;B01;1;10;0;2;1;1;1;
202300001112;155678597;Z01;2;10;0;2;4;4;3;
202300001112;155678600;A01;2;80;0;2;1;23;3;
202300001113;155678596;A01;1;50;0;2;1;2;3;
202300001113;155678599;B01;1;7;0;2;5;2;1;
202300001114;155678595;A01;1;7;0;2;1;1;1;
202300001114;155678598;B01;1;7;0;2;4;23;1;
202300001115;155678592;A01;1;33;0;2;1;1;1;
202300001115;155678594;B01;2;7;0;2;7;15;1;
202300001116;155678591;A01;3;7;0;1;1;0;1;
202300001117;155678590;A01;1;10;0;1;3;1;1;
202300001118;155678589;A01;2;7;0;2;3;1;1;
202300001118;155678593;B01;3;7;0;2;1;9;1;
202300001119;155678587;A01;2;7;0;0;2;1;1;
202300001120;155678583;A01;2;7;0;2;5;23;1;
202300001120;155678586;B01;2;1;14;0;1;26;5;
202300001121;155678582;B01;2;7;0;2;2;9;1;
202300001121;155678585;A01;1;43;0;2;1;16;1;
202300001122;155678584;A01;1;30;0;2;1;1;1;
202300001122;155678588;B01;1;7;0;2;4;1;1;
202300001123;155678578;B01;3;3;0;0;1;5;1;
202300001123;155678581;A01;3;37;0;0;1;23;1;4.0
202300001124;155678575;A01;1;7;0;2;1;16;1;
202300001124;155678580;B01;1;50;0;2;0;0;3;
202300001125;155678576;B01;1;2;0;2;1;16;1;
202300001125;155678579;A01;2;7;0;2;2;15;1;
202300001126;155678573;B01;2;50;0;2;7;1;3;
202300001126;155678577;A01;2;7;0;2;1;9;1;
202300001127;155678572;B01;1;10;0;0;2;1;1;
202300001127;155678574;A01;1;37;0;0;3;1;1;2.0
202300001128;155678571;A01;1;14;0;1;1;9;1;
202300001129;155678570;A01;3;7;0;1;3;17;1;
202300001130;155678566;A01;2;1;0;1;1;1;5;
202300001131;155678565;A01;2;7;0;2;3;16;1;
202300001131;155678569;B01;2;1;0;2;1;1;5;
202300001132;155678563;A01;3;34;0;2;1;1;6;
202300001132;155678567;B01;3;7;0;2;1;9;1;
202300001133;155678564;A01;3;10;0;2;1;1;1;
202300001133;155678568;B01;3;7;0;2;4;1;1;
202300001134;155678562;A01;1;7;0;1;3;16;1;
202300001135;155678559;A01;2;7;0;2;1;1;1;
202300001135;155678561;B01;2;10;0;2;5;20;-1;
202300001136;155678557;A01;2;7;0;2;2;15;1;
202300001136;155678560;B01;1;33;0;2;1;1;1;
202300001137;155678556;B01;0;7;0;2;4;2;1;
202300001137;155678558;A01;0;7;0;2;1;2;1;
202300001138;155678551;A01;0;7;0;2;1;0;0;
202300001138;155678554;B01;0;10;0;2;5;20;3;
202300001139;155678553;B01;3;10;0;0;3;1;0;
202300001139;155678555;A01;0;30;0;0;0;0;0;
202300001140;155678550;A01;3;10;0;2;3;0;1;
202300001140;155678552;B01;3;10;0;2;1;5;1;
202300001141;155678548;A01;0;7;0;1;1;1;1;
202300001142;155678545;B01;3;7;0;2;1;2;1;
202300001142;155678549;A01;3;7;0;2;1;13;1;
202300001143;155678541;B01;1;31;0;2;4;2;1;
202300001143;155678544;C01;2;7;0;2;1;0;1;
202300001143;155678547;A01;1;7;0;0;1;2;1;
202300001144;155678542;A01;2;10;0;2;2;16;1;
202300001144;155678546;B01;2;1;0;2;8;1;5;
202300001145;155678540;B01;1;7;0;2;4;1;1;
202300001145;155678543;A01;1;13;0;2;4;1;1;
202300001146;155678536;A01;2;7;0;1;1;0;1;
202300001147;155678535;A01;1;33;0;1;1;18;1;
202300001148;155678533;A01;3;7;0;2;3;1;1;
202300001148;155678538;B01;1;33;0;2;4;15;1;
202300001149;155678528;A01;1;7;8;2;1;9;2;
202300001149;155678532;B01;1;15;0;2;5;1;1;
202300001150;155678530;A01;1;7;0;0;4;23;1;
202300001150;155678534;B01;1;7;0;2;4;23;1;
202300001150;155678537;C01;1;13;0;2;1;21;1;
202300001151;155678527;A01;3;7;0;2;7;12;1;
202300001151;155678531;B01;3;30;0;2;8;1;1;
202300001152;155678525;B01;3;7;4;2;8;9;1;
202300001152;155678526;A01;3;7;0;2;1;1;1;
202300001153;155678523;A01;3;30;14;0;1;1;1;
202300001154;155678522;A01;1;7;8;0;1;26;1;
202300001155;155678520;A01;1;32;0;2;8;3;1;
202300001155;155678524;B01;1;10;0;2;2;12;1;
202300001156;155678519;A01;2;33;0;2;1;1;1;
202300001156;155678521;B01;1;32;0;2;1;13;1;
202300001157;155678517;B01;1;50;0;2;1;1;3;
202300001157;155678518;A01;2;10;0;2;1;13;1;
202300001158;155678515;A01;1;32;0;0;7;21;1;
202300001159;155678516;A01;1;43;8;0;3;17;1;
202300001160;155678514;A01;1;60;0;1;1;1;5;
202300001161;155678513;A01;3;7;0;1;2;14;1;
202300001162;155678506;A01;3;60;0;2;2;19;5;
202300001162;155678511;B01;2;33;0;2;1;1;1;
202300001163;155678508;B01;2;7;0;2;3;1;1;
202300001163;155678512;A01;1;1;0;2;7;15;5;
202300001164;155678507;Z01;3;7;0;2;0;1;0;
202300001164;155678510;A01;3;30;0;2;0;1;1;
202300001165;155678505;A01;2;99;0;1;5;26;1;
202300001166;155678504;B01;1;7;0;0;3;1;1;
202300001166;155678509;A01;2;7;0;2;2;15;1;
202300001167;155678501;A01;1;7;0;1;2;1;1;
202300001168;155678500;A01;1;2;0;2;1;2;1;
202300001168;155678503;B01;1;7;0;2;4;23;1;
202300001169;155678498;A01;1;7;14;1;3;11;1;
202300001170;155678499;A01;1;1;1;2;1;2;5;
202300001170;155678502;B01;1;10;0;0;8;22;1;
202300001171;155678496;A01;1;10;0;1;3;2;1;
202300001172;155678494;A01;3;37;0;2;2;21;1;1.0
202300001172;155678497;B01;3;1;0;2;7;9;5;
202300001173;155678493;A01;2;37;0;0;3;0;1;1.0
202300001174;155678491;A01;1;7;0;2;5;13;1;
202300001174;155678495;B01;1;33;0;2;1;3;1;
202300001175;155678490;A01;1;1;1;0;6;1;5;
202300001175;155678492;B01;1;13;0;2;6;24;1;
202300001176;155678489;A01;2;7;2;0;0;3;0;
202300001177;155678487;A01;3;10;13;0;3;1;1;
202300001178;155678485;B01;2;7;0;2;4;16;1;
202300001178;155678488;A01;2;7;0;2;1;2;1;
202300001179;155678482;A01;1;7;2;0;1;0;1;
202300001180;155678480;B01;1;32;0;2;2;17;1;
202300001180;155678483;A01;1;7;0;2;3;10;2;
202300001181;155678477;A01;1;7;0;2;3;15;1;
202300001181;155678478;B01;2;7;0;2;1;1;1;
202300001182;155678475;B01;0;7;13;2;3;1;1;
202300001182;155678476;A01;0;7;0;2;3;13;1;
202300001183;155678479;A01;3;7;0;2;1;2;1;
202300001183;155678481;B01;3;7;0;2;4;2;1;
202300001183;155678484;C01;3;7;0;2;4;2;1;
202300001183;155678486;D01;3;7;0;2;4;2;1;
202300001184;155678472;A01;1;1;0;1;1;1;5;
202300001185;155678471;A01;1;7;0;1;0;0;0;
202300001186;155678466;B01;1;7;0;2;4;23;2;
202300001186;155678468;A01;1;80;0;2;1;1;3;
202300001187;155678465;Z01;3;10;15;1;4;20;1;
202300001188;155678463;B01;3;7;0;2;3;1;1;
202300001188;155678469;A01;3;32;0;2;1;1;1;
202300001189;155678462;A01;1;32;0;2;1;2;1;
202300001189;155678464;B01;1;7;0;2;4;23;0;
202300001190;155678458;B01;1;31;0;2;7;17;0;
202300001190;155678460;A01;1;7;0;2;8;13;0;
202300001191;155678455;B01;2;1;0;2;8;1;5;
202300001191;155678459;A01;2;7;0;2;3;9;0;
202300001192;155678454;A01;1;7;0;1;3;1;1;
202300001193;155678457;A01;1;7;0;2;1;1;1;
202300001193;155678461;B01;1;32;0;2;4;23;3;
202300001194;155678453;A01;3;7;0;2;5;12;1;
202300001194;155678456;B01;3;32;0;2;8;1;1;
202300001195;155678452;A01;1;7;2;0;1;1;1;
202300001196;155678451;A01;2;7;4;0;3;1;1;
202300001197;155678448;A01;1;10;0;2;2;16;1;
202300001197;155678450;B01;2;33;0;2;1;7;1;
202300001198;155678447;B01;1;1;0;2;1;1;5;
202300001198;155678449;A01;1;10;0;2;8;22;1;
202300001199;155678445;A01;1;10;0;1;5;1;1;
202300001200;155678444;A01;1;7;6;2;1;26;1;
202300001200;155678446;B01;2;7;0;2;1;1;1;
202300001201;155678441;B01;2;2;0;2;2;1;1;
202300001201;155678443;A01;2;7;0;2;3;11;1;
202300001202;155678442;A01;1;7;0;1;1;1;1;
202300001203;155678438;A01;2;7;0;2;3;1;1;
202300001203;155678440;B01;1;7;0;2;8;1;1;
202300001204;155678437;A01;1;1;0;2;1;1;5;
202300001204;155678439;B01;1;7;0;0;4;1;1;
202300001205;155678435;A01;1;7;0;1;1;1;1;
202300001206;155678434;B01;1;32;0;2;1;17;1;
202300001206;155678436;A01;1;7;0;2;2;15;2;
202300001207;155678433;A01;1;7;6;0;2;1;1;
202300001208;155678432;A01;1;30;0;1;0;0;-1;
202300001209;155678430;A01;2;1;0;2;2;1;5;
202300001209;155678431;Z01;2;7;0;2;2;17;0;
202300001210;155678429;A01;3;7;0;1;4;4;1;
202300001211;155678428;A01;0;7;0;1;3;1;1;
202300001212;155678425;Z01;1;7;0;2;1;2;0;
202300001212;155678427;A01;1;33;0;2;6;1;1;
202300001213;155678424;A01;2;30;0;2;1;1;3;
202300001213;155678426;B01;2;10;0;2;2;1;1;
202300001214;155678422;A01;1;36;13;0;3;1;1;
202300001215;155678421;A01;1;7;0;0;1;1;1;
202300001215;155678423;B01;2;7;0;0;1;1;1;
202300001216;155678419;B01;2;1;0;2;8;19;5;