Num_Acc;id_vehicule;num_veh;senc;catv;obs;obsm;choc;manv;motor;occutc
202300001216;155678420;A01;2;10;0;2;2;16;1;
202300001217;155678416;A01;1;7;0;2;1;16;1;
202300001217;155678418;B01;1;50;0;2;8;1;3;
202300001218;155678413;B01;3;21;0;2;3;15;1;
202300001218;155678417;A01;2;2;0;2;1;1;0;
202300001219;155678414;A01;1;7;0;2;1;16;1;
202300001219;155678415;B01;2;7;0;2;1;2;1;
202300001220;155678412;A01;1;7;0;1;1;1;1;
202300001221;155678408;A01;1;32;0;2;2;1;1;
202300001221;155678411;B01;1;1;0;0;4;15;5;
202300001222;155678407;B01;2;7;4;2;1;1;1;
202300001222;155678410;A01;2;32;4;2;4;12;1;
202300001223;155678406;A01;2;33;0;2;1;26;1;
202300001223;155678409;B01;1;14;0;2;7;19;1;
202300001224;155678405;A01;2;7;0;1;1;26;1;
202300001225;155678399;A01;1;10;0;2;2;16;1;
202300001225;155678403;B01;1;1;0;2;2;1;5;
202300001226;155678400;B01;1;7;0;0;0;0;0;
202300001226;155678404;A01;1;7;0;0;0;0;0;
202300001227;155678398;A01;0;33;0;2;3;1;1;
202300001227;155678402;B01;0;7;0;2;1;15;1;
202300001228;155678401;A01;1;7;0;1;1;15;1;
202300001229;155678394;Z01;1;13;0;2;7;1;0;
202300001229;155678397;B01;2;1;0;2;8;1;5;
202300001230;155678391;A01;2;7;0;2;2;15;3;
202300001230;155678395;B01;1;33;0;2;1;17;1;
202300001231;155678390;C01;1;7;0;0;0;0;0;
202300001231;155678392;A01;1;7;0;2;1;26;1;
202300001231;155678396;B01;1;7;0;2;4;0;1;
202300001232;155678389;A01;1;7;0;2;2;15;1;
202300001232;155678393;B01;3;31;0;2;1;1;1;
202300001233;155678386;A01;1;7;0;1;3;17;0;
202300001234;155678387;B01;1;7;0;2;3;15;1;
202300001234;155678388;A01;1;34;0;2;3;17;1;
202300001235;155678383;B01;2;1;0;2;1;1;5;
202300001235;155678384;A01;1;7;0;2;3;15;1;
202300001236;155678382;A01;2;7;0;2;1;21;1;
202300001236;155678385;B01;1;7;0;2;1;1;1;
202300001237;155678381;A01;1;43;0;0;1;13;0;
202300001238;155678379;A01;1;7;0;2;2;12;1;
202300001238;155678380;B01;1;33;0;2;3;1;1;
202300001239;155678376;A01;1;7;4;0;8;13;1;
202300001240;155678375;A01;3;34;0;2;1;5;1;
202300001240;155678377;B01;0;7;0;2;1;1;1;
202300001241;155678373;A01;3;7;0;1;3;1;0;
202300001242;155678372;A01;1;33;0;2;1;1;1;
202300001242;155678374;B01;2;7;0;2;6;16;1;
202300001243;155678370;A01;2;2;3;0;7;1;1;
202300001244;155678371;A01;1;7;15;0;1;15;1;
202300001245;155678365;A01;1;30;0;2;2;1;1;
202300001245;155678368;B01;1;7;0;2;8;20;1;
202300001246;155678367;A01;1;10;1;2;1;6;1;
202300001246;155678369;B01;1;7;0;2;0;23;1;
202300001247;155678363;B01;1;7;0;2;1;1;1;
202300001247;155678366;A01;2;7;0;2;1;13;1;
202300001248;155678362;A01;1;7;0;2;1;26;1;
202300001248;155678364;B01;1;7;0;0;4;26;1;
202300001249;155678360;A01;2;32;11;0;1;1;1;
202300001250;155678359;A01;2;33;0;2;1;2;1;
202300001250;155678361;Z01;2;7;0;2;4;2;0;
202300001251;155678357;A01;1;10;0;0;2;19;1;
202300001251;155678358;B01;1;2;0;0;1;1;1;
202300001252;155678354;B01;1;33;0;2;1;2;1;
202300001252;155678356;A01;1;7;0;2;4;2;1;
202300001253;155678353;A01;3;32;8;0;8;15;1;
202300001254;155678352;A01;2;32;0;2;7;19;0;
202300001254;155678355;B01;0;7;0;2;1;1;0;
202300001255;155678350;A01;1;37;0;0;0;1;0;7.0
202300001256;155678348;A01;1;7;0;0;4;2;1;
202300001256;155678351;B01;1;33;0;0;4;15;1;
202300001257;155678347;A01;1;7;0;1;2;1;1;
202300001258;155678343;A01;2;30;0;1;1;1;1;
202300001259;155678342;D01;1;10;0;2;1;2;1;
202300001259;155678345;A01;1;7;0;2;6;15;1;
202300001259;155678346;C01;1;7;0;2;4;23;1;
202300001259;155678349;B01;1;7;0;2;4;23;1;
202300001260;155678340;A01;2;7;0;2;3;1;0;
202300001260;155678344;B01;1;33;0;2;1;13;0;
202300001261;155678336;A01;1;7;0;2;1;2;1;
202300001261;155678339;B01;1;37;0;2;6;24;2;1.0
202300001261;155678341;C01;3;50;0;2;8;19;3;
202300001262;155678334;A01;1;7;0;2;1;16;0;
202300001262;155678337;B01;2;7;0;2;3;15;1;
202300001263;155678333;A01;2;7;0;2;1;14;1;
202300001263;155678338;B01;2;17;0;2;4;1;1;
202300001264;155678332;A01;3;7;0;2;4;4;1;
202300001264;155678335;B01;3;37;0;2;3;1;1;1.0
202300001265;155678328;A01;3;7;0;2;1;20;1;
202300001265;155678331;B01;3;7;0;2;7;1;1;
202300001266;155678327;B01;1;7;0;2;8;1;1;
202300001266;155678330;A01;1;15;0;2;7;12;1;
202300001267;155678326;A01;1;7;0;2;4;2;1;
202300001267;155678329;B01;1;7;0;2;4;2;1;
202300001268;155678324;A01;2;7;4;0;0;1;1;
202300001269;155678323;A01;3;7;0;1;2;11;2;
202300001270;155678322;A01;2;7;0;2;3;9;1;
202300001270;155678325;B01;1;2;0;2;1;1;1;
202300001271;155678320;A01;1;7;13;0;3;21;1;
202300001271;155678321;B01;1;7;0;0;0;17;1;
202300001272;155678318;A01;1;33;0;2;1;2;1;
202300001272;155678319;B01;1;7;0;2;6;2;1;
202300001273;155678317;A01;3;30;8;0;1;1;1;
202300001274;155678316;A01;1;7;1;0;3;13;0;
202300001275;155678315;A01;3;7;8;0;1;14;1;
202300001276;155678313;A01;2;7;0;5;1;1;1;
202300001277;155678311;A01;2;33;0;2;1;3;1;
202300001277;155678314;B01;2;7;0;2;2;1;1;
202300001278;155678310;A01;1;7;7;0;1;1;1;
202300001279;155678309;A01;2;99;0;2;1;1;0;
202300001279;155678312;B01;2;33;5;0;7;0;1;
202300001280;155678307;A01;2;31;0;0;8;3;3;
202300001281;155678306;A01;3;7;13;0;2;2;1;
202300001282;155678303;A01;1;7;4;2;1;2;0;
202300001282;155678305;B01;1;10;4;2;4;2;1;
202300001282;155678308;C01;1;7;4;2;4;2;3;
202300001283;155678302;A01;3;50;0;2;1;21;3;
202300001283;155678304;B01;0;50;0;2;1;21;3;
202300001284;155678301;A01;0;7;0;0;0;0;-1;
202300001285;155678298;B01;1;7;0;2;4;2;1;
202300001285;155678300;A01;1;7;0;2;1;2;1;
202300001286;155678299;A01;1;7;0;1;1;1;1;
202300001287;155678296;A01;1;7;0;2;8;11;1;
202300001287;155678297;B01;1;36;0;2;7;2;1;
202300001288;155678293;A01;2;7;0;2;1;15;1;
202300001288;155678295;B01;1;2;0;2;1;1;1;
202300001289;155678292;Z01;1;7;0;1;1;1;1;
202300001290;155678291;A01;3;7;0;1;0;0;3;
202300001291;155678288;B01;2;7;0;2;4;1;1;
202300001291;155678290;A01;2;7;0;2;2;12;1;
202300001291;155678294;C01;2;7;0;2;4;1;1;
202300001292;155678287;A01;3;7;0;0;3;1;2;
202300001292;155678289;B01;3;7;0;2;1;5;1;
202300001293;155678285;A01;1;3;0;1;1;2;0;
202300001294;155678281;B01;1;7;0;2;4;1;1;
202300001294;155678283;A01;1;7;0;2;1;1;1;
202300001295;155678282;A01;1;7;0;2;3;11;1;
202300001295;155678284;B01;2;32;0;2;8;1;1;
202300001295;155678286;C01;1;7;0;2;3;24;3;
202300001296;155678277;B01;2;7;0;2;1;1;1;
202300001296;155678280;A01;1;32;0;2;1;1;1;
202300001297;155678276;A01;2;7;3;0;1;1;1;
202300001298;155678274;A01;1;7;0;2;1;2;2;
202300001298;155678278;B01;1;7;0;2;9;2;1;
202300001298;155678279;C01;1;7;0;0;4;2;1;
202300001299;155678273;A01;3;32;0;2;3;18;1;
202300001299;155678275;B01;3;7;0;2;2;16;1;
202300001300;155678270;B01;0;7;0;0;4;24;0;
202300001300;155678272;A01;0;7;1;0;1;2;1;
202300001301;155678268;A01;-1;10;0;1;4;4;1;
202300001302;155678263;D01;2;10;0;2;1;2;1;
202300001302;155678266;C01;2;7;0;2;1;2;1;
202300001302;155678269;B01;2;7;0;2;4;2;0;
202300001302;155678271;A01;2;7;0;2;4;2;1;
202300001303;155678265;A01;2;10;0;2;8;15;1;
202300001303;155678267;B01;2;34;0;2;1;17;1;
202300001304;155678262;A01;1;7;0;2;3;15;0;
202300001304;155678264;B01;2;31;0;2;1;17;0;
202300001305;155678261;A01;2;7;0;1;2;1;1;
202300001306;155678260;A01;2;7;0;1;1;1;1;
202300001307;155678259;A01;1;50;0;1;1;25;3;
202300001308;155678257;A01;1;33;0;1;7;25;0;
202300001309;155678258;A01;2;7;13;0;1;1;1;
202300001310;155678256;A01;1;7;4;0;2;1;1;
202300001311;155678253;A01;2;7;0;0;1;19;1;
202300001311;155678255;B01;1;7;0;2;8;1;1;
202300001312;155678252;A01;1;1;0;2;5;14;5;
202300001312;155678254;B01;1;1;0;2;6;1;5;
202300001313;155678249;A01;1;7;0;2;1;1;1;
202300001313;155678251;B01;1;7;0;2;4;23;1;
202300001314;155678248;A01;2;7;0;2;1;13;1;
202300001314;155678250;B01;1;7;0;2;1;1;1;
202300001315;155678247;A01;1;43;2;0;1;1;1;
202300001316;155678241;A01;3;1;0;2;1;13;5;
202300001316;155678242;B01;3;1;0;2;1;16;5;
202300001317;155678244;A01;1;7;0;2;7;22;1;
202300001317;155678246;B01;1;1;0;2;1;1;5;
202300001318;155678239;A01;2;7;0;2;1;1;1;
202300001318;155678243;B01;3;80;0;2;8;9;3;
202300001319;155678238;A01;1;7;0;2;1;1;1;
202300001319;155678240;B01;1;7;0;2;4;1;1;
202300001319;155678245;C01;1;7;0;2;4;23;2;
202300001320;155678237;A01;1;10;9;0;2;0;1;
202300001321;155678236;A01;2;50;0;1;8;1;3;
202300001322;155678233;A01;2;7;0;2;6;1;1;
202300001322;155678235;B01;2;7;0;2;2;13;1;
202300001323;155678232;A01;1;7;0;2;1;1;1;
202300001324;155678231;B01;2;7;15;0;1;0;1;
202300001324;155678234;A01;2;3;16;0;5;1;0;
202300001325;155678230;A01;1;30;0;1;1;17;1;
202300001326;155678229;A01;1;7;0;0;8;13;1;
202300001327;155678228;A01;3;37;0;1;1;1;1;1.0
202300001328;155678226;B01;1;2;0;2;1;1;1;
202300001328;155678227;A01;1;7;0;2;1;1;1;
202300001329;155678225;Z01;3;32;0;1;1;1;0;
202300001330;155678224;A01;1;7;2;0;3;1;1;
202300001331;155678222;B01;1;2;1;0;0;0;0;
202300001332;155678221;B01;2;7;0;2;1;1;1;
202300001332;155678223;A01;1;7;0;2;1;13;1;
202300001333;155678219;Z01;2;7;0;2;1;1;0;
202300001333;155678220;B01;2;41;0;2;4;1;1;
202300001334;155678217;B01;2;2;0;2;8;1;1;
202300001334;155678218;A01;1;14;0;2;1;15;1;
202300001335;155678215;A01;1;7;4;0;3;13;1;
202300001336;155678213;A01;1;7;0;2;3;13;1;
202300001336;155678216;B01;2;2;0;2;1;1;1;
202300001337;155678212;A01;1;7;0;2;2;2;1;
202300001337;155678214;B01;1;80;0;2;4;2;3;
202300001338;155678210;A01;1;33;0;0;7;0;1;
202300001339;155678209;A01;1;30;0;2;1;5;0;
202300001339;155678211;B01;2;7;0;2;3;0;0;
202300001340;155678207;Z01;1;1;0;1;1;1;5;
202300001341;155678208;A01;1;7;0;1;2;1;1;
202300001342;155678202;A01;1;32;0;2;1;1;0;
202300001342;155678205;B01;2;30;0;2;5;6;0;
202300001343;155678201;A01;3;34;0;0;0;26;1;
202300001344;155678204;B01;3;1;0;2;1;2;5;
202300001344;155678206;A01;3;7;0;9;7;15;1;
202300001345;155678200;A01;3;7;0;2;2;17;1;
202300001345;155678203;B01;3;50;0;2;3;15;3;
202300001346;155678196;A01;1;1;0;2;1;1;5;
202300001346;155678199;B01;1;7;0;9;4;1;1;
202300001347;155678195;B01;0;7;0;0;0;0;1;
202300001347;155678198;A01;2;7;0;0;4;1;2;
202300001348;155678194;B01;2;7;0;2;4;2;1;
202300001348;155678197;A01;2;7;0;2;1;2;1;
202300001349;155678193;A01;3;43;0;1;7;1;1;
202300001350;155678188;A01;2;7;0;1;1;9;0;
202300001351;155678189;A01;0;7;0;2;3;1;1;
202300001351;155678191;B01;0;1;0;2;1;14;5;
202300001352;155678187;A01;2;1;1;0;1;1;5;
202300001353;155678182;A01;1;7;0;2;7;16;1;
202300001353;155678186;B01;1;1;0;2;8;2;5;
202300001354;155678181;B01;2;7;0;2;4;1;1;
202300001354;155678185;A01;2;7;0;2;1;1;1;
202300001355;155678179;A01;3;32;0;2;1;9;1;
202300001355;155678184;B01;0;31;0;0;0;0;1;
202300001356;155678177;A01;1;7;15;0;3;13;1;
202300001357;155678176;A01;1;7;0;2;1;2;1;
202300001357;155678178;B01;1;7;0;2;4;2;1;
202300001357;155678180;C01;1;10;0;2;4;2;1;
202300001357;155678183;D01;1;7;0;2;4;2;1;
202300001358;155678172;B01;2;7;0;2;4;23;1;
202300001358;155678175;A01;2;7;0;2;1;2;1;
202300001359;155678169;A01;2;7;0;2;4;2;1;
202300001359;155678174;B01;2;1;0;2;4;1;5;
202300001360;155678170;A01;3;1;0;2;3;1;5;
202300001360;155678171;B01;3;43;0;2;2;15;1;
202300001361;155678167;A01;2;33;0;0;0;1;1;
202300001362;155678166;B01;1;7;0;2;3;1;1;
202300001362;155678168;A01;2;7;0;2;8;0;1;
202300001363;155678164;A01;2;7;0;2;1;2;0;
202300001363;155678165;B01;2;32;0;2;4;1;1;
202300001364;155678163;A01;1;50;0;1;1;25;3;
202300001365;155678160;A01;0;7;0;2;1;0;1;
202300001365;155678162;B01;0;1;0;2;8;9;5;
202300001366;155678159;A01;3;7;0;2;1;19;1;
202300001366;155678161;B01;2;32;0;2;8;1;1;
202300001367;155678158;A01;1;7;0;1;2;16;1;
202300001368;155678156;A01;1;33;5;0;3;13;1;
202300001369;155678155;A01;2;7;13;0;1;1;1;
202300001370;155678154;A01;1;7;0;2;6;12;1;
202300001370;155678157;B01;1;31;0;2;1;12;1;
202300001371;155678149;A01;0;7;0;2;1;26;0;
202300001371;155678153;B01;3;50;0;2;1;0;3;
202300001372;155678150;A01;3;7;0;2;1;16;0;
202300001372;155678152;B01;3;43;0;2;7;1;1;
202300001373;155678148;A01;1;32;0;0;7;17;1;
202300001374;155678147;B01;2;7;0;2;8;21;1;
202300001374;155678151;A01;2;7;14;2;1;6;1;
202300001375;155678145;B01;1;2;0;2;2;2;1;
202300001375;155678146;A01;1;7;0;2;3;15;1;
202300001376;155678142;A01;3;7;6;0;1;13;1;
202300001377;155678141;A01;1;7;0;1;8;20;0;
202300001377;155678144;B01;1;7;1;0;8;24;0;
202300001378;155678140;A01;1;33;0;2;1;21;1;
202300001378;155678143;B01;1;7;0;2;3;15;1;
202300001379;155678139;A01;2;7;8;0;8;1;1;
202300001380;155678138;A01;2;7;0;1;2;16;1;
202300001381;155678136;A01;1;1;0;0;-1;1;5;
202300001382;155678135;B01;1;7;0;2;4;1;1;
202300001382;155678137;A01;1;33;0;2;1;1;1;
202300001383;155678133;A01;2;33;0;2;1;17;1;
202300001383;155678134;B01;2;7;0;2;8;15;1;
202300001384;155678130;A01;1;33;4;0;7;1;1;
202300001385;155678128;B01;2;7;0;2;4;1;1;
202300001385;155678132;A01;2;7;0;2;1;1;1;
202300001386;155678127;B01;0;7;0;2;3;15;1;
202300001386;155678129;C01;3;7;0;2;8;1;1;
202300001386;155678131;A01;3;34;0;2;3;1;1;
202300001387;155678124;B01;1;1;0;2;8;1;5;
202300001387;155678126;A01;3;7;0;2;1;19;1;
202300001388;155678122;A01;3;31;0;2;3;17;1;
202300001388;155678125;B01;3;7;1;2;3;15;1;
202300001389;155678121;A01;1;33;0;0;0;1;1;
202300001390;155678120;A01;0;32;0;2;1;15;0;
202300001390;155678123;B01;0;14;0;2;3;1;0;
202300001391;155678117;A01;2;2;0;2;2;2;1;
202300001391;155678119;B01;2;7;0;2;3;15;1;
202300001392;155678116;A01;1;1;0;0;-1;1;5;
202300001393;155678115;B01;3;1;0;2;1;26;5;
202300001393;155678118;A01;1;7;0;2;3;9;1;
202300001394;155678112;A01;3;10;8;0;3;13;1;
202300001395;155678110;B01;1;7;0;2;6;16;1;
202300001395;155678114;A01;1;7;0;2;6;21;1;
202300001396;155678111;A01;3;2;0;2;1;15;1;
202300001396;155678113;B01;3;7;0;2;8;1;1;
202300001397;155678108;A01;1;10;0;0;0;0;0;
202300001397;155678109;B01;1;33;0;2;0;0;0;
202300001398;155678105;B01;2;10;0;2;1;1;1;
202300001398;155678107;A01;1;32;0;2;1;5;1;
202300001399;155678104;A01;3;7;6;1;1;25;1;
202300001400;155678103;B01;3;7;0;0;1;1;1;
202300001400;155678106;A01;1;31;0;0;8;1;1;
202300001401;155678102;A01;2;7;0;1;1;1;1;
202300001402;155678100;A01;2;10;0;2;7;12;1;
202300001402;155678101;B01;2;33;0;2;3;2;1;
202300001403;155678097;A01;1;7;0;0;1;1;1;
202300001404;155678096;A01;2;7;0;0;3;9;1;
202300001404;155678098;B01;2;1;0;0;7;1;5;
202300001405;155678099;A01;1;7;0;1;3;15;0;
202300001406;155678094;A01;2;31;0;2;6;12;1;
202300001406;155678095;B01;2;15;0;2;2;2;1;
202300001407;155678093;A01;0;10;6;0;1;14;1;
202300001408;155678090;B01;2;1;0;2;3;1;5;
202300001408;155678092;A01;1;7;0;2;8;13;1;
202300001409;155678089;A01;3;7;0;2;1;26;0;
202300001409;155678091;B01;3;10;0;2;6;2;1;
202300001410;155678087;A01;1;7;13;0;0;0;1;
202300001411;155678086;B01;2;80;0;2;7;1;3;
202300001411;155678088;A01;2;7;0;2;2;15;1;
202300001412;155678084;A01;2;33;0;2;1;1;1;
202300001412;155678085;B01;1;21;0;2;1;15;1;
202300001413;155678083;A01;1;30;0;1;1;1;1;
202300001414;155678079;B01;1;33;0;2;1;1;1;
202300001414;155678082;A01;2;7;0;2;7;19;1;
202300001415;155678078;A01;1;7;0;2;3;9;1;
202300001415;155678080;B01;1;2;0;2;7;9;3;
202300001416;155678077;A01;2;7;0;2;2;5;2;
202300001416;155678081;B01;1;1;0;2;1;1;5;
202300001417;155678076;A01;3;7;0;1;2;1;1;
202300001418;155678071;A01;3;35;0;2;1;9;1;
202300001418;155678074;B01;3;10;0;2;3;1;1;
202300001419;155678072;A01;2;7;0;2;3;1;1;
202300001419;155678075;B01;2;7;0;2;3;13;1;
202300001420;155678070;A01;2;7;0;2;8;15;1;
202300001420;155678073;B01;2;30;0;2;1;1;1;
202300001421;155678069;A01;1;7;0;1;1;1;1;
202300001422;155678066;A01;1;7;0;1;1;1;1;
202300001423;155678065;A01;2;7;0;9;2;2;1;
202300001423;155678068;B01;2;1;0;0;8;1;5;
202300001424;155678064;A01;2;50;0;2;1;7;3;
202300001424;155678067;B01;2;7;0;2;3;1;1;
202300001425;155678062;A01;1;21;0;0;0;14;1;
202300001426;155678061;A01;2;31;0;1;1;1;1;
202300001427;155678060;A01;3;7;0;2;1;17;1;
202300001427;155678063;B01;3;31;0;2;7;19;1;
202300001428;155678059;A01;1;10;14;0;1;9;1;
202300001429;155678058;A01;0;33;8;0;1;1;1;
202300001430;155678055;A01;1;7;0;2;3;9;1;
202300001430;155678057;B01;1;1;0;2;2;9;5;
202300001431;155678050;A01;1;10;0;2;2;1;1;
202300001431;155678052;B01;1;33;0;2;1;26;1;
202300001432;155678048;B01;1;7;0;2;8;9;1;
202300001432;155678053;A01;2;7;0;2;1;1;0;
202300001433;155678049;A01;2;7;0;2;2;2;1;
202300001433;155678051;B01;2;7;0;2;6;23;1;
202300001433;155678054;C01;2;7;0;2;8;23;1;
202300001433;155678056;D01;2;7;0;2;5;23;1;
202300001434;155678046;A01;2;7;1;0;9;1;1;
202300001435;155678044;A01;2;30;0;1;0;3;1;
202300001435;155678047;B01;0;60;0;1;8;0;5;
202300001436;155678045;A01;1;33;0;0;9;1;1;
202300001437;155678043;A01;-1;3;0;1;0;26;-1;
202300001438;155678041;A01;1;7;0;2;3;20;1;
202300001438;155678042;B01;1;30;1;2;2;0;1;
202300001439;155678039;A01;2;7;2;0;3;0;1;
202300001440;155678040;A01;0;7;0;1;4;20;0;
202300001441;155678037;A01;1;7;2;0;7;0;1;
202300001442;155678036;A01;1;10;0;1;5;26;1;
202300001443;155678035;A01;1;10;0;2;2;15;1;
202300001443;155678038;B01;2;33;0;2;1;1;1;
202300001444;155678033;A01;1;7;0;2;3;17;1;
202300001444;155678034;B01;2;7;0;2;3;1;1;
202300001445;155678032;A01;3;7;0;1;1;1;1;
202300001446;155678031;A01;1;7;17;0;1;1;1;
202300001447;155678030;A01;2;7;2;0;7;1;1;
202300001448;155678027;A01;1;7;0;2;3;11;1;
202300001448;155678029;B01;0;7;0;2;1;14;0;
202300001449;155678025;A01;1;7;2;0;7;1;1;
202300001450;155678026;A01;3;7;0;2;1;17;1;
202300001450;155678028;B01;3;7;0;2;4;1;1;
202300001451;155678022;A01;3;10;0;1;4;20;1;
202300001452;155678020;A01;1;7;8;2;1;1;1;
202300001452;155678024;B01;3;7;0;2;3;0;1;
202300001453;155678021;A01;1;33;0;2;8;13;1;
202300001453;155678023;B01;2;7;0;2;3;1;1;
202300001454;155678017;A01;3;33;15;0;3;1;1;
202300001455;155678016;A01;1;50;0;2;4;2;3;
202300001455;155678019;B01;1;7;0;2;4;2;0;
202300001456;155678014;A01;1;10;0;0;6;2;1;
202300001456;155678015;B01;1;33;0;2;1;0;1;
202300001456;155678018;C01;1;7;0;9;0;0;1;
202300001457;155678012;A01;3;2;0;2;1;13;1;
202300001457;155678013;B01;3;7;0;2;3;1;1;
202300001458;155678011;A01;2;7;0;1;3;15;1;
202300001459;155678010;A01;2;7;0;1;2;0;1;
202300001460;155678009;A01;2;1;14;0;1;1;5;
202300001461;155678007;B01;3;7;1;2;4;23;1;
202300001461;155678008;A01;3;7;0;2;1;2;1;
202300001462;155678005;A01;1;33;0;2;1;2;1;
202300001462;155678006;B01;1;10;0;0;4;2;0;
202300001463;155678002;A01;2;31;12;0;1;1;1;
202300001464;155678003;A01;2;7;0;2;3;15;1;
202300001464;155678004;B01;1;1;0;2;1;1;5;
202300001465;155678000;A01;1;7;0;2;3;9;0;
202300001465;155678001;B01;1;33;1;2;1;1;1;
202300001466;155677998;B01;3;10;0;2;1;0;1;
202300001466;155677999;A01;3;50;0;2;1;0;3;
202300001467;155677997;A01;2;7;0;0;0;1;1;
202300001468;155677994;A01;3;50;0;2;1;19;3;
202300001468;155677996;B01;2;7;0;2;2;1;0;
202300001469;155677991;A01;3;7;0;2;3;15;3;
202300001469;155677993;B01;3;33;0;2;3;1;1;
202300001470;155677988;A01;3;50;0;2;5;25;3;
202300001470;155677990;B01;3;7;0;2;2;1;1;
202300001471;155677987;B01;2;30;0;2;8;1;1;
202300001471;155677989;A01;1;7;0;2;0;15;1;
202300001472;155677986;A01;2;7;0;1;1;2;2;
202300001473;155677984;A01;0;7;0;2;6;2;1;
202300001473;155677985;B01;3;10;0;2;2;0;1;
202300001474;155677982;A01;2;33;0;2;3;5;1;
202300001474;155677983;B01;1;7;0;2;7;1;1;
202300001475;155677980;B01;1;7;0;2;1;5;1;
202300001475;155677981;A01;2;7;0;2;1;1;1;
202300001476;155677978;B01;2;2;0;2;8;8;1;
202300001476;155677979;A01;1;7;0;2;1;15;1;
202300001477;155677977;A01;1;7;17;0;7;1;1;
202300001478;155677976;A01;1;7;0;1;1;25;1;
202300001479;155677972;A01;1;30;0;2;1;17;1;
202300001479;155677974;B01;1;7;0;0;6;23;1;
202300001479;155677975;C01;2;21;0;2;3;1;1;
202300001480;155677971;B01;1;50;0;2;1;5;3;
202300001480;155677973;A01;1;7;0;2;3;15;1;
202300001481;155677967;A01;1;17;0;2;1;2;1;
202300001481;155677968;B01;1;7;0;2;4;2;1;
202300001481;155677970;C01;1;17;0;2;1;2;1;
202300001482;155677966;A01;2;2;0;2;1;17;1;
202300001482;155677969;B01;2;7;0;0;6;15;1;
202300001483;155677965;A01;1;7;0;1;1;1;1;
202300001484;155677963;A01;1;1;0;0;0;25;5;
202300001485;155677962;A01;1;10;0;2;8;1;1;
202300001485;155677964;B01;2;1;0;2;1;19;5;
202300001486;155677959;B01;1;7;0;2;8;1;1;
202300001486;155677960;C01;1;7;0;2;3;1;1;
202300001486;155677961;A01;2;7;0;2;8;13;1;
202300001487;155677954;A01;1;33;0;2;1;1;1;
202300001487;155677955;B01;2;7;0;2;1;5;1;
202300001487;155677956;C01;1;33;0;2;1;1;1;
202300001488;155677957;A01;1;7;0;9;1;15;1;
202300001488;155677958;B01;2;80;0;2;8;1;3;
202300001489;155677952;A01;2;31;13;0;2;1;1;
202300001490;155677950;B01;1;7;0;2;6;1;1;
202300001490;155677951;C01;2;1;0;2;0;0;5;
202300001490;155677953;A01;1;33;0;2;1;2;1;
202300001491;155677947;A01;2;30;0;2;1;2;1;
202300001491;155677949;B01;2;7;0;0;5;2;1;
202300001492;155677948;A01;2;33;15;0;1;14;1;
202300001493;155677946;Z01;1;31;0;1;1;2;0;
202300001494;155677943;Z01;2;7;0;1;1;1;0;
202300001495;155677944;A01;2;2;0;2;3;15;1;
202300001495;155677945;B01;2;2;0;2;2;17;1;
202300001496;155677942;Z01;1;34;0;1;1;1;0;
202300001497;155677938;A01;3;30;0;2;7;16;1;
202300001497;155677940;B01;3;7;0;2;3;15;2;
202300001498;155677939;A01;2;2;0;2;7;0;1;
202300001498;155677941;B01;0;0;0;0;0;0;0;
202300001499;155677936;B01;1;7;16;0;0;1;1;
202300001499;155677937;A01;1;7;0;0;0;17;0;
202300001500;155677934;B01;2;7;0;2;1;1;1;
202300001500;155677935;A01;2;7;0;2;8;19;1;
202300001501;155677933;A01;2;2;0;0;0;1;0;
202300001502;155677931;A01;3;7;0;2;1;9;1;
202300001502;155677932;B01;2;2;0;0;7;1;1;
202300001503;155677929;A01;3;7;0;2;2;9;1;
202300001503;155677930;B01;3;50;0;2;1;1;3;
202300001504;155677926;A01;0;7;0;2;8;15;0;
202300001504;155677927;LB01;1;1;0;2;1;23;5;
202300001505;155677925;A01;1;7;0;2;4;1;1;
202300001505;155677928;B01;1;7;0;2;1;0;1;
202300001506;155677922;A01;1;30;0;2;1;9;0;
202300001506;155677924;B01;1;10;0;2;6;1;1;
202300001507;155677918;A01;2;7;0;2;5;2;1;
202300001507;155677920;B01;2;7;0;2;3;2;1;
202300001507;155677923;Z01;2;7;0;2;1;0;1;
202300001508;155677919;B01;0;60;0;2;1;0;5;
202300001508;155677921;A01;3;7;0;2;1;25;1;
202300001509;155677914;A01;2;7;0;2;1;1;1;
202300001509;155677917;B01;2;7;0;2;4;1;2;
202300001510;155677912;A01;3;40;0;2;1;2;3;
202300001510;155677913;B01;1;1;0;4;8;26;5;
202300001511;155677911;A01;2;31;0;2;1;2;1;
202300001512;155677909;B01;1;40;0;2;2;1;2;
202300001512;155677910;A01;1;7;0;4;3;15;1;
202300001513;155677907;A01;1;7;0;2;1;2;1;
202300001513;155677908;B01;1;10;0;2;4;2;1;
202300001514;155677906;A01;1;10;-1;1;4;25;1;
202300001515;155677903;B01;1;7;0;2;0;14;1;
202300001515;155677905;A01;1;33;0;2;3;1;1;
202300001516;155677902;B01;2;32;0;2;1;1;1;
202300001516;155677904;Z01;2;7;0;2;1;1;0;
202300001517;155677901;A01;1;33;0;2;1;1;1;
202300001518;155677899;Z01;2;3;0;2;5;19;1;
202300001518;155677900;B01;1;1;0;2;1;1;5;
202300001519;155677898;A01;1;32;0;2;7;1;3;