Num_Acc;id_vehicule;num_veh;senc;catv;obs;obsm;choc;manv;motor;occutc
202300001520;155677896;A01;0;7;0;2;1;2;0;
202300001520;155677897;B01;0;14;0;2;4;0;0;
202300001521;155677893;A01;0;7;0;1;3;16;0;
202300001522;155677892;B01;2;10;0;2;4;2;1;
202300001522;155677894;A01;2;7;0;2;1;2;1;
202300001522;155677895;C01;2;10;0;2;4;2;1;
202300001523;155677891;A01;1;7;0;1;3;1;2;
202300001524;155677887;A01;1;7;0;2;7;15;0;
202300001524;155677889;B01;2;33;0;2;1;1;0;
202300001525;155677886;A01;2;33;0;2;9;1;1;
202300001525;155677888;B01;2;7;0;2;2;1;1;
202300001525;155677890;Z01;1;7;0;2;8;26;1;
202300001526;155677883;A01;2;33;0;0;1;21;1;
202300001526;155677884;B01;2;7;0;0;0;1;1;
202300001526;155677885;C01;2;7;0;0;0;13;1;
202300001527;155677882;A01;1;32;0;2;7;3;1;
202300001528;155677878;A01;1;7;0;2;3;11;1;
202300001528;155677880;B01;1;33;0;2;1;3;1;
202300001529;155677877;A01;1;7;0;2;0;17;0;
202300001529;155677879;B01;1;31;0;2;3;1;1;
202300001529;155677881;C01;1;38;0;2;5;17;1;1.0
202300001530;155677875;A01;1;7;15;0;1;1;0;
202300001531;155677874;A01;1;7;0;2;5;14;1;
202300001531;155677876;B01;1;33;0;2;8;3;1;
202300001532;155677872;B01;2;7;0;2;3;1;1;
202300001532;155677873;A01;1;2;0;2;1;19;3;
202300001533;155677869;A01;2;10;0;2;1;2;1;
202300001533;155677870;B01;2;7;0;2;4;2;1;
202300001533;155677871;C01;2;7;0;2;4;2;1;
202300001534;155677867;B01;2;7;0;2;8;1;1;
202300001534;155677868;A01;0;50;0;2;1;13;3;
202300001535;155677865;A01;1;7;0;2;1;2;1;
202300001535;155677866;B01;1;7;0;2;4;2;1;
202300001536;155677863;A01;1;7;0;2;1;1;1;
202300001536;155677864;B01;1;7;0;2;4;2;1;
202300001537;155677862;A01;2;7;13;0;1;0;1;
202300001538;155677859;A01;1;7;0;2;2;14;1;
202300001538;155677860;B01;1;7;0;2;6;1;1;
202300001539;155677858;A01;3;7;0;2;3;9;1;
202300001539;155677861;B01;3;2;0;2;1;1;1;
202300001540;155677856;Z01;1;0;0;1;1;26;0;
202300001541;155677855;A01;1;7;0;2;7;1;1;
202300001541;155677857;Z01;2;7;0;2;1;1;0;
202300001542;155677852;A01;1;7;0;1;1;16;1;
202300001543;155677851;A01;1;15;14;2;0;9;1;
202300001543;155677853;B01;1;33;0;2;2;21;1;
202300001544;155677850;A01;2;32;0;1;1;3;1;
202300001545;155677848;B01;0;50;0;2;7;26;3;
202300001545;155677849;A01;3;7;0;2;2;1;1;
202300001546;155677845;B01;3;1;0;0;0;0;5;
202300001547;155677843;A01;1;7;0;1;0;0;0;
202300001548;155677842;A01;2;7;0;2;3;15;1;
202300001548;155677844;B01;2;33;0;2;1;17;1;
202300001549;155677841;A01;1;7;7;0;5;2;1;
202300001550;155677837;B01;1;7;0;2;5;2;0;
202300001550;155677839;A01;1;7;8;2;3;12;0;
202300001550;155677840;C01;1;7;0;2;4;0;0;
202300001551;155677838;A01;3;7;6;0;1;1;1;
202300001552;155677835;A01;1;7;0;2;1;1;1;
202300001552;155677836;B01;1;7;0;2;8;1;1;
202300001553;155677834;A01;1;7;0;1;3;15;1;
202300001554;155677829;A01;3;50;0;2;1;1;3;
202300001554;155677831;B01;3;33;0;9;2;1;1;
202300001555;155677823;A01;2;30;0;2;1;2;1;
202300001555;155677826;B01;2;7;0;2;4;16;1;
202300001556;155677815;B01;1;7;0;2;1;1;1;
202300001556;155677816;A01;1;2;0;2;5;1;1;
202300001557;155677817;A01;2;7;14;0;1;2;1;
202300001557;155677820;B01;2;7;1;0;4;23;0;
202300001557;155677821;C01;2;7;0;2;4;23;1;
202300001558;155677814;A01;1;7;14;0;2;6;1;
202300001559;155677811;A01;1;60;0;0;0;1;5;
202300001560;155677812;A01;3;7;0;2;1;9;1;
202300001560;155677813;B01;1;7;0;2;5;0;1;
202300001561;155677808;A01;1;10;0;2;6;0;1;
202300001561;155677809;B01;1;7;0;2;2;2;1;
202300001561;155677810;C01;1;10;0;2;2;2;1;
202300001562;155677806;A01;2;7;0;2;1;5;0;
202300001562;155677807;B01;2;7;0;2;8;19;0;
202300001563;155677804;B01;0;2;0;2;1;18;1;
202300001563;155677805;A01;1;10;0;0;5;20;1;
202300001564;155677800;B01;1;7;16;2;1;1;1;
202300001564;155677802;A01;1;7;8;2;7;15;1;
202300001565;155677801;B01;2;30;0;2;1;2;1;
202300001565;155677803;A01;2;7;0;2;8;15;1;
202300001566;155677797;A01;3;80;12;2;1;1;3;
202300001566;155677798;B01;3;80;0;2;1;1;3;
202300001567;155677795;A01;2;7;4;2;1;1;1;
202300001567;155677796;B01;2;7;0;2;1;1;1;
202300001567;155677799;C01;2;14;0;2;1;1;1;
202300001568;155677793;B01;2;1;0;2;1;1;0;
202300001568;155677794;A01;3;10;0;2;1;26;1;
202300001569;155677791;A01;1;10;0;2;2;15;1;
202300001569;155677792;B01;2;33;0;2;1;1;1;
202300001570;155677790;A01;1;33;0;1;1;19;1;
202300001571;155677788;B01;1;1;0;0;3;1;5;
202300001571;155677789;A01;2;10;0;2;3;15;1;
202300001572;155677785;A01;2;10;0;2;1;1;1;
202300001572;155677787;B01;2;7;0;2;4;1;1;
202300001573;155677784;A01;2;7;0;2;7;10;1;
202300001573;155677786;B01;1;99;0;2;1;2;3;
202300001574;155677783;A01;3;33;1;0;1;1;1;
202300001575;155677781;A01;2;33;0;2;8;1;1;
202300001575;155677782;B01;2;7;0;2;7;12;1;
202300001576;155677779;A01;1;17;0;1;3;1;1;
202300001577;155677778;B01;2;7;0;2;1;0;1;
202300001577;155677780;A01;2;7;0;2;3;0;1;
202300001578;155677777;A01;2;7;0;1;1;2;1;
202300001579;155677774;B01;1;7;0;2;3;0;1;
202300001579;155677776;A01;2;2;0;2;3;15;1;
202300001580;155677773;A01;2;7;0;2;3;1;1;
202300001580;155677775;B01;2;50;0;0;2;0;3;
202300001581;155677771;A01;1;7;0;1;1;1;1;
202300001582;155677772;A01;1;7;0;1;3;15;1;
202300001583;155677770;A01;2;1;3;0;4;2;5;
202300001584;155677768;A01;1;7;3;0;2;2;4;
202300001585;155677767;A01;2;7;0;2;3;15;1;
202300001585;155677769;B01;2;33;0;2;1;17;1;
202300001586;155677765;A01;2;30;0;2;1;5;6;
202300001586;155677766;B01;1;14;0;2;6;15;6;
202300001587;155677764;A01;3;7;0;1;1;1;3;
202300001588;155677760;C01;1;7;1;0;1;2;1;
202300001588;155677762;A01;1;10;0;2;4;2;1;
202300001588;155677763;B01;1;7;1;0;4;2;1;
202300001589;155677761;A01;1;7;0;1;3;15;1;
202300001590;155677759;A01;1;7;4;0;3;1;1;
202300001591;155677755;C01;1;10;0;2;4;1;1;
202300001591;155677756;A01;1;33;0;2;1;3;1;
202300001591;155677757;B01;1;33;0;2;4;3;1;
202300001592;155677750;A01;2;10;0;2;1;1;1;
202300001592;155677752;B01;2;10;0;2;4;1;1;
202300001592;155677753;C01;2;7;0;2;4;1;1;
202300001593;155677749;B01;2;14;0;2;8;15;1;
202300001593;155677751;A01;2;33;0;2;7;17;1;
202300001594;155677748;A01;2;7;4;0;1;1;1;
202300001595;155677746;B01;2;31;0;2;1;1;1;
202300001595;155677747;A01;2;7;0;2;2;5;1;
202300001596;155677741;A01;1;99;0;0;0;1;1;
202300001596;155677742;B01;2;7;0;9;1;1;1;
202300001596;155677744;C01;2;7;0;9;3;0;1;
202300001596;155677745;D01;2;7;0;9;1;1;1;
202300001597;155677740;A01;1;7;0;2;7;13;1;
202300001597;155677743;B01;1;7;0;2;8;15;1;
202300001598;155677738;A01;2;50;0;2;4;2;3;
202300001598;155677739;B01;2;7;0;2;1;2;1;
202300001599;155677736;A01;3;7;0;2;3;1;1;
202300001599;155677737;B01;3;2;0;2;8;13;1;
202300001600;155677735;A01;1;7;0;1;1;1;1;
202300001601;155677732;A01;1;7;0;2;1;2;1;
202300001601;155677734;B01;1;7;0;2;0;2;1;
202300001602;155677731;A01;1;7;0;2;1;1;1;
202300001602;155677733;B01;3;7;0;2;8;16;1;
202300001603;155677730;A01;1;10;0;1;2;1;1;
202300001604;155677729;A01;2;17;0;0;1;14;1;
202300001605;155677728;A01;2;33;12;0;2;1;1;
202300001606;155677725;A01;2;7;0;2;2;16;0;
202300001606;155677726;B01;3;1;0;0;1;1;5;
202300001607;155677724;A01;3;30;0;2;2;21;1;
202300001607;155677727;B01;3;10;0;2;7;15;1;
202300001608;155677721;A01;3;7;0;2;1;1;2;
202300001608;155677722;B01;3;1;0;2;8;1;5;
202300001609;155677718;B01;2;1;0;2;8;16;5;
202300001609;155677719;A01;2;7;0;0;1;16;1;
202300001610;155677715;B01;1;7;0;2;3;1;3;
202300001610;155677716;C01;1;15;0;2;8;1;1;
202300001610;155677717;A01;2;7;0;2;3;13;1;
202300001611;155677714;A01;3;7;0;1;-1;0;-1;
202300001612;155677713;A01;2;14;0;1;1;16;1;
202300001613;155677711;A01;1;7;0;2;7;15;1;
202300001613;155677712;B01;2;33;0;2;2;1;1;
202300001614;155677710;A01;3;7;0;2;1;1;1;
202300001615;155677706;A01;1;33;1;0;2;3;1;
202300001615;155677708;B01;1;15;0;2;6;24;1;
202300001616;155677707;A01;0;10;0;2;7;15;0;
202300001616;155677709;B01;0;7;0;0;0;0;0;
202300001617;155677704;A01;0;7;0;1;7;1;1;
202300001618;155677703;A01;1;7;0;2;2;2;1;
202300001618;155677705;B01;1;1;0;2;9;1;5;
202300001619;155677701;A01;2;7;0;1;1;1;1;
202300001620;155677700;B01;3;50;0;2;0;0;3;
202300001620;155677702;A01;3;10;0;2;2;16;1;
202300001621;155677699;A01;1;1;0;0;0;1;5;
202300001622;155677698;A01;1;7;0;1;1;1;1;
202300001623;155677697;A01;0;1;0;0;1;1;5;
202300001624;155677695;A01;3;7;0;1;1;9;1;
202300001625;155677694;B01;1;7;0;2;2;16;1;
202300001625;155677696;A01;1;31;0;2;3;1;1;
202300001626;155677692;A01;0;50;0;0;0;1;3;
202300001627;155677691;A01;3;32;0;2;1;1;1;
202300001627;155677693;B01;3;7;0;2;1;15;1;
202300001628;155677689;A01;1;7;2;0;1;2;1;
202300001629;155677690;A01;2;30;12;0;2;19;1;
202300001630;155677688;A01;2;1;0;0;1;1;5;
202300001631;155677685;A01;0;1;0;0;1;1;5;
202300001632;155677686;Z01;3;7;0;2;1;15;0;
202300001632;155677687;A01;1;1;0;2;0;19;5;
202300001633;155677684;A01;2;1;0;0;1;23;5;
202300001634;155677681;B01;2;1;0;2;1;1;5;
202300001634;155677683;A01;1;7;0;2;2;15;1;
202300001635;155677680;A01;1;33;0;2;8;16;1;
202300001635;155677682;B01;1;10;0;2;7;1;1;
202300001636;155677677;B01;0;50;0;2;7;19;3;
202300001636;155677678;A01;0;7;0;2;2;16;1;
202300001637;155677674;A01;2;10;0;2;3;1;1;
202300001637;155677675;B01;2;7;0;2;5;1;1;
202300001638;155677676;B01;2;33;0;2;1;1;1;
202300001638;155677679;A01;1;7;0;2;2;15;1;
202300001639;155677672;A01;1;7;0;2;3;0;1;
202300001639;155677673;B01;1;7;0;2;1;0;1;
202300001640;155677670;A01;2;7;0;2;7;26;1;
202300001640;155677671;B01;2;15;0;2;7;17;1;
202300001641;155677667;A01;1;13;0;2;3;13;1;
202300001641;155677668;B01;2;7;0;2;3;1;2;
202300001642;155677666;A01;1;7;8;0;7;1;1;
202300001643;155677665;A01;0;37;0;1;3;7;6;1.0
202300001644;155677662;A01;2;7;0;1;2;0;1;
202300001645;155677661;A01;1;7;0;1;1;1;1;
202300001646;155677660;A01;1;7;0;0;9;1;1;
202300001647;155677656;A01;3;7;0;2;1;13;1;
202300001647;155677657;B01;3;7;0;2;8;1;1;
202300001648;155677654;A01;0;7;12;2;8;9;1;
202300001648;155677655;Z01;1;7;0;2;1;1;1;
202300001649;155677649;B01;2;1;0;2;1;15;5;
202300001649;155677650;A01;2;7;0;2;8;1;1;
202300001650;155677648;A01;2;7;0;0;2;1;6;
202300001651;155677647;A01;1;7;0;0;0;1;1;
202300001652;155677644;A01;2;7;0;2;1;17;0;
202300001652;155677645;B01;1;7;0;2;1;1;0;
202300001652;155677646;C01;2;7;0;0;6;23;0;
202300001653;155677643;A01;3;7;1;1;2;20;6;
202300001654;155677640;A01;2;7;13;0;9;13;1;
202300001655;155677639;A01;1;7;0;2;1;13;1;
202300001655;155677641;B01;2;14;0;2;1;1;1;
202300001655;155677642;C01;1;7;0;2;1;1;1;
202300001656;155677635;A01;1;7;0;2;4;2;1;
202300001656;155677638;B01;1;7;0;2;2;1;0;
202300001657;155677633;A01;1;7;0;2;1;2;1;
202300001657;155677634;B01;1;7;0;2;4;23;1;
202300001657;155677636;C01;1;7;0;2;4;1;1;
202300001657;155677637;D01;1;17;0;0;4;1;1;
202300001658;155677632;A01;1;7;13;0;1;14;1;
202300001659;155677629;A01;1;33;0;2;1;26;1;
202300001659;155677630;B01;1;7;0;2;3;15;1;
202300001660;155677627;A01;1;7;0;2;7;13;1;
202300001660;155677628;B01;2;7;0;2;1;1;1;
202300001661;155677625;A01;1;7;0;2;1;1;1;
202300001661;155677626;B01;2;38;0;2;8;15;1;1.0
202300001662;155677624;A01;1;2;0;0;0;15;1;
202300001663;155677622;A01;1;7;0;9;2;17;1;
202300001663;155677623;B01;1;80;0;2;3;1;3;
202300001664;155677621;A01;1;7;8;0;8;2;1;
202300001665;155677620;A01;2;7;3;0;3;0;1;
202300001666;155677618;B01;2;15;0;0;2;1;1;
202300001666;155677619;A01;1;7;0;2;2;13;1;
202300001667;155677617;A01;3;2;0;0;0;1;1;
202300001668;155677615;A01;2;7;0;1;1;1;1;
202300001669;155677614;A01;2;7;0;2;3;13;1;
202300001669;155677616;B01;1;7;0;2;3;1;1;
202300001670;155677612;B01;2;1;0;0;8;1;5;
202300001670;155677613;A01;1;7;0;2;1;15;1;
202300001671;155677610;A01;2;7;0;2;3;0;0;
202300001671;155677611;B01;1;10;0;2;3;0;1;
202300001672;155677606;A01;1;7;4;2;3;1;1;
202300001672;155677607;B01;2;7;6;2;3;1;1;
202300001673;155677605;C01;2;7;0;2;3;1;1;
202300001673;155677608;A01;1;7;0;2;5;15;1;
202300001673;155677609;B01;1;7;12;2;3;21;1;
202300001674;155677603;A01;2;7;3;0;9;1;1;
202300001675;155677602;A01;1;3;0;2;1;15;1;
202300001675;155677604;B01;2;7;0;2;3;1;1;
202300001676;155677599;A01;1;7;0;0;0;1;1;
202300001676;155677600;B01;1;33;0;0;0;21;1;
202300001677;155677601;A01;3;7;0;1;2;1;1;
202300001678;155677597;A01;1;10;0;0;2;1;1;
202300001679;155677598;A01;2;7;13;0;9;6;0;
202300001680;155677596;A01;1;7;13;0;2;14;1;
202300001681;155677593;A01;0;7;0;2;3;15;1;
202300001681;155677595;B01;0;2;0;2;1;1;1;
202300001682;155677590;A01;1;7;2;2;1;13;1;
202300001682;155677591;B01;2;7;0;2;3;1;1;
202300001683;155677587;A01;2;7;0;0;2;1;1;
202300001684;155677588;A01;1;7;0;2;1;2;1;
202300001684;155677589;B01;1;7;0;0;4;1;3;
202300001685;155677584;A01;2;7;0;2;1;13;1;
202300001685;155677586;B01;1;13;0;0;1;1;1;
202300001686;155677583;B01;2;31;0;2;7;1;0;
202300001686;155677585;A01;1;7;0;2;2;15;0;
202300001687;155677581;A01;2;15;0;2;4;26;1;
202300001687;155677582;B01;2;2;0;2;1;23;1;
202300001688;155677579;A01;2;7;0;2;2;17;1;
202300001688;155677580;B01;1;33;0;2;1;1;1;
202300001689;155677576;B01;1;10;0;2;1;1;0;
202300001689;155677577;A01;2;10;0;2;2;14;0;
202300001690;155677575;A01;1;7;0;2;1;1;1;
202300001690;155677578;B01;0;1;0;2;1;0;5;
202300001691;155677574;A01;2;17;3;0;0;1;1;
202300001692;155677572;A01;2;7;0;2;2;1;1;
202300001692;155677573;B01;1;7;0;2;3;1;1;
202300001693;155677569;A01;2;7;2;0;7;1;0;
202300001694;155677570;A01;1;7;13;2;3;1;1;
202300001694;155677571;B01;1;17;0;2;6;20;1;
202300001695;155677568;A01;1;10;0;1;1;1;1;
202300001696;155677567;A01;2;33;0;0;8;0;1;
202300001697;155677565;A01;2;7;8;2;1;1;1;
202300001697;155677566;B01;2;7;0;2;3;1;1;
202300001698;155677563;A01;1;7;3;0;9;0;1;
202300001699;155677564;A01;1;7;0;0;1;1;1;
202300001700;155677561;A01;2;7;0;1;3;1;1;
202300001701;155677557;B01;1;33;0;2;1;1;1;
202300001701;155677560;A01;2;10;0;2;8;9;1;
202300001702;155677558;C01;2;7;0;9;3;1;1;
202300001702;155677559;A01;1;10;8;2;9;16;1;
202300001702;155677562;B01;1;7;0;2;4;1;1;
202300001703;155677555;A01;0;10;0;1;4;4;1;
202300001704;155677554;B01;1;1;0;2;4;1;5;
202300001704;155677556;A01;1;7;0;2;2;1;1;
202300001705;155677553;A01;3;7;13;0;2;16;0;
202300001706;155677548;B01;1;7;0;2;3;1;1;
202300001706;155677549;A01;2;10;0;2;6;9;1;
202300001706;155677551;C01;1;7;0;0;3;23;1;
202300001706;155677552;D01;1;7;0;0;3;23;1;
202300001707;155677547;A01;1;7;0;2;1;13;1;
202300001707;155677550;B01;2;15;0;2;1;1;0;
202300001708;155677546;A01;1;7;13;0;2;1;1;
202300001709;155677545;A01;1;7;2;0;9;1;1;
202300001710;155677542;B01;2;7;0;2;1;13;1;
202300001710;155677544;A01;1;7;0;2;1;13;1;
202300001711;155677541;A01;3;7;0;2;3;0;1;
202300001711;155677543;B01;1;7;0;2;2;1;1;
202300001712;155677540;A01;1;7;0;1;2;1;1;
202300001713;155677539;A01;1;33;0;0;0;1;0;
202300001714;155677537;A01;1;7;0;2;1;2;1;
202300001714;155677538;B01;1;7;0;0;4;1;1;
202300001715;155677535;A01;1;7;0;2;5;2;1;
202300001715;155677536;B01;1;7;0;2;1;2;1;
202300001716;155677533;A01;2;7;0;2;1;12;0;
202300001716;155677534;B01;2;7;0;2;4;1;0;
202300001717;155677530;A01;2;7;0;2;1;21;1;
202300001717;155677532;B01;2;7;0;2;4;2;1;
202300001718;155677529;A01;1;10;0;2;1;14;1;
202300001718;155677531;B01;1;15;0;0;5;1;1;
202300001719;155677528;A01;1;7;13;0;2;14;1;
202300001720;155677526;A01;1;7;0;2;9;11;1;
202300001720;155677527;B01;1;7;0;2;2;1;1;
202300001721;155677525;A01;0;10;0;1;1;0;1;
202300001722;155677522;A01;1;99;0;2;1;2;1;
202300001722;155677523;B01;1;99;0;2;1;2;1;
202300001722;155677524;C01;1;99;0;2;4;2;1;
202300001723;155677521;A01;2;7;4;0;1;15;0;
202300001724;155677519;A01;1;10;0;0;6;10;1;
202300001724;155677520;B01;1;31;0;0;2;17;1;
202300001725;155677516;B01;1;7;0;2;4;2;1;
202300001725;155677518;Z01;1;7;0;2;1;0;1;
202300001726;155677513;B01;1;32;0;2;3;1;1;
202300001726;155677517;A01;1;7;0;2;1;9;2;
202300001727;155677512;A01;2;10;0;2;4;1;1;
202300001727;155677514;B01;2;7;0;2;1;2;1;
202300001727;155677515;C01;2;31;1;2;1;3;1;
202300001728;155677507;A01;1;7;0;2;8;12;1;
202300001728;155677508;B01;1;43;0;2;0;0;1;
202300001728;155677510;C01;1;7;0;2;6;0;1;
202300001729;155677504;A01;1;2;0;0;8;26;1;
202300001730;155677505;A01;2;31;0;2;1;3;1;
202300001730;155677506;Z01;2;7;0;2;0;11;0;
202300001731;155677503;A01;2;7;0;1;3;1;1;
202300001732;155677500;A01;1;7;16;0;0;1;1;
202300001733;155677501;A01;1;7;0;2;6;1;1;
202300001733;155677502;B01;1;15;0;2;2;11;1;
202300001734;155677498;A01;3;7;0;1;1;9;0;
202300001735;155677496;A01;1;7;0;2;1;2;1;
202300001735;155677497;B01;1;10;0;2;4;23;1;
202300001735;155677499;C01;1;10;0;2;4;23;1;
202300001736;155677494;A01;1;33;0;0;7;21;1;
202300001737;155677493;A01;3;7;0;2;2;1;1;
202300001737;155677495;B01;3;50;0;0;8;19;3;
202300001738;155677489;B01;3;7;0;0;2;15;0;
202300001738;155677491;A01;3;1;0;0;8;1;5;
202300001739;155677488;A01;1;10;0;9;1;2;1;
202300001739;155677490;B01;1;7;0;2;1;2;1;
202300001739;155677492;C01;1;10;0;2;4;2;1;
202300001740;155677487;A01;1;31;14;0;1;1;1;
202300001741;155677485;A01;2;33;0;2;1;2;1;
202300001741;155677486;B01;2;7;0;2;4;2;1;
202300001742;155677483;A01;2;7;0;2;8;1;1;
202300001742;155677484;B01;2;14;0;2;2;12;1;
202300001743;155677482;A01;2;7;0;0;3;4;1;
202300001744;155677481;A01;1;7;4;0;1;1;1;
202300001745;155677478;A01;2;7;4;2;3;2;1;
202300001746;155677479;A01;0;7;0;0;3;26;1;
202300001746;155677480;B01;0;33;0;2;1;17;1;
202300001747;155677475;A01;1;7;4;0;1;15;1;
202300001748;155677476;A01;2;7;0;2;3;1;1;
202300001748;155677477;B01;1;2;0;2;1;15;1;
202300001749;155677473;A01;1;7;4;0;1;21;1;
202300001750;155677472;B01;2;1;0;2;1;1;5;
202300001750;155677474;A01;1;10;0;9;3;15;3;
202300001751;155677471;A01;2;7;4;0;1;14;1;
202300001752;155677467;A01;2;7;0;2;1;14;1;
202300001752;155677469;B01;2;7;0;2;4;14;1;
202300001753;155677466;A01;2;7;0;1;1;1;-1;
202300001754;155677468;B01;2;7;0;2;1;1;1;
202300001754;155677470;A01;2;7;7;2;2;1;1;
202300001755;155677464;B01;1;1;0;0;7;19;5;
202300001755;155677465;A01;2;7;0;2;1;1;1;
202300001756;155677460;A01;1;7;0;2;2;5;2;
202300001756;155677461;B01;2;1;0;2;1;1;5;
202300001757;155677459;C01;1;7;8;2;6;17;1;
202300001757;155677462;A01;1;7;0;2;6;2;1;
202300001757;155677463;B01;1;7;0;2;2;17;1;
202300001758;155677458;A01;1;10;0;1;1;1;1;
202300001759;155677455;B01;2;10;0;2;4;2;1;
202300001759;155677456;A01;2;99;0;2;4;2;1;
202300001759;155677457;C01;2;7;0;2;1;1;1;
202300001760;155677452;A01;1;7;4;0;2;1;1;
202300001761;155677453;A01;2;33;0;2;1;13;0;
202300001761;155677454;B01;1;7;0;9;2;1;0;
202300001762;155677451;A01;1;33;14;0;1;1;1;
202300001763;155677450;A01;2;2;0;1;0;17;1;
202300001764;155677447;A01;1;7;0;2;6;23;0;
202300001764;155677449;B01;1;7;1;2;2;2;0;
202300001765;155677446;A01;1;7;0;2;1;1;1;
202300001765;155677448;B01;2;33;2;2;1;17;1;
202300001766;155677445;A01;1;33;0;0;7;1;1;
202300001767;155677444;A01;1;7;8;0;1;5;1;
202300001768;155677443;A01;1;7;0;0;9;11;1;
202300001769;155677441;A01;2;33;0;2;3;3;1;
202300001769;155677442;B01;2;7;0;2;5;2;1;
202300001770;155677439;A01;1;7;0;2;1;13;1;
202300001770;155677440;B01;2;7;0;2;1;21;1;
202300001771;155677436;A01;1;7;0;2;1;13;1;
202300001771;155677437;B01;2;33;0;2;1;1;1;
202300001772;155677435;A01;1;13;0;2;1;2;1;
202300001772;155677438;B01;1;7;0;2;4;2;1;
202300001773;155677434;A01;1;7;0;1;4;4;1;
202300001774;155677433;Z01;3;7;0;1;0;0;0;
202300001775;155677429;A01;3;1;14;0;1;19;5;
202300001776;155677428;A01;1;33;0;2;3;3;1;
202300001776;155677431;B01;1;7;0;2;6;2;1;
202300001776;155677432;C01;1;7;0;2;6;2;1;
202300001777;155677425;B01;2;7;0;2;3;1;1;
202300001777;155677427;A01;2;2;0;2;2;19;1;
202300001778;155677424;B01;2;7;0;2;1;1;1;
202300001778;155677426;A01;1;7;0;2;1;15;1;
202300001779;155677422;A01;1;7;0;2;3;26;1;
202300001779;155677423;B01;2;50;0;2;1;1;3;
202300001780;155677419;A01;1;7;0;9;1;1;1;
202300001780;155677420;B01;1;1;0;2;1;5;5;
202300001781;155677421;Z01;3;50;0;1;1;1;3;
202300001782;155677418;A01;1;7;15;0;1;1;1;
202300001783;155677416;A01;2;31;0;2;1;1;1;
202300001783;155677417;B01;1;7;0;2;7;15;1;
202300001784;155677413;A01;3;13;0;2;2;15;1;
202300001784;155677415;B01;2;7;0;2;1;2;1;
202300001785;155677412;A01;1;7;0;2;1;12;1;
202300001785;155677414;B01;1;10;0;2;4;1;1;
202300001786;155677409;A01;3;7;0;2;2;26;1;
202300001786;155677411;B01;3;7;0;2;1;9;1;
202300001787;155677406;A01;3;7;0;2;8;16;1;
202300001787;155677407;B01;1;7;0;2;8;23;3;
202300001788;155677405;A01;2;7;0;2;2;1;1;
202300001788;155677408;B01;2;7;0;2;1;1;1;
202300001788;155677410;C01;2;7;0;2;4;15;1;
202300001789;155677403;A01;3;7;0;2;4;1;0;
202300001789;155677404;B01;3;10;14;0;1;1;0;
202300001790;155677399;B01;1;10;0;2;3;19;1;
202300001790;155677401;A01;1;7;0;2;2;1;1;
202300001791;155677400;B01;1;7;9;2;8;1;1;
202300001791;155677402;A01;1;7;0;2;1;19;1;
202300001792;155677396;A01;1;33;0;2;2;17;1;
202300001792;155677397;B01;1;7;0;2;8;15;1;
202300001793;155677394;A01;1;33;0;0;9;2;1;
202300001794;155677393;B01;1;37;0;2;2;7;1;3.0
202300001794;155677395;A01;2;7;0;2;3;1;1;
202300001795;155677391;B01;1;7;0;2;1;15;1;
202300001795;155677392;A01;2;31;0;2;8;1;1;
202300001796;155677389;B01;3;7;0;2;1;1;1;
202300001796;155677390;A01;3;60;0;2;7;19;5;
202300001797;155677387;A01;3;7;8;0;1;2;1;
202300001798;155677379;A01;2;7;0;2;3;13;1;
202300001798;155677380;B01;2;7;0;2;8;0;1;
202300001798;155677381;C01;2;7;8;2;8;1;1;
202300001798;155677382;D01;2;10;0;2;3;1;1;
202300001798;155677383;E01;2;7;0;2;6;1;1;
202300001799;155677375;A01;2;7;0;2;3;15;1;
202300001799;155677377;B01;1;34;0;2;1;1;1;
202300001799;155677378;C01;1;7;0;2;3;9;1;
202300001800;155677372;B01;2;32;0;2;4;1;1;
202300001800;155677373;C01;-1;7;0;2;1;1;-1;
202300001801;155677369;B01;1;33;0;2;7;1;0;
202300001801;155677370;A01;2;7;0;2;1;1;1;
202300001802;155677367;B01;0;1;0;2;4;1;5;
202300001802;155677368;A01;0;7;0;2;1;2;1;
202300001803;155677366;B01;1;7;0;2;5;16;1;
202300001803;155677371;A01;1;7;0;2;1;19;1;
202300001804;155677365;A01;1;7;0;1;4;20;2;
202300001805;155677363;A01;1;7;0;2;1;1;1;
202300001805;155677364;B01;1;7;0;2;2;11;1;
202300001806;155677360;A01;1;33;0;0;9;1;1;
202300001807;155677358;A01;3;7;0;1;1;15;1;
202300001808;155677357;A01;2;37;0;2;1;1;1;3.0
202300001808;155677359;B01;2;7;0;2;4;23;1;
202300001809;155677356;A01;3;7;11;0;1;1;1;
202300001810;155677355;A01;1;33;0;0;8;1;1;
202300001811;155677353;A01;1;7;2;2;1;21;1;
202300001811;155677354;B01;1;7;0;2;4;12;1;
202300001812;155677348;B01;1;7;0;2;8;1;0;
202300001812;155677350;C01;1;7;14;0;1;2;0;
202300001812;155677352;A01;1;7;0;2;8;17;0;
202300001813;155677349;A01;2;33;0;2;2;1;1;
202300001813;155677351;B01;2;1;0;2;6;9;5;
202300001814;155677346;A01;1;3;1;0;1;14;1;
202300001814;155677347;B01;1;7;0;2;4;24;1;
202300001815;155677344;A01;3;7;1;0;3;13;1;
202300001816;155677340;A01;0;34;0;2;0;0;0;