Num_Acc;id_vehicule;num_veh;senc;catv;obs;obsm;choc;manv;motor;occutc
202300001816;155677342;B01;0;7;0;2;8;0;0;
202300001817;155677336;A01;1;7;0;2;1;2;1;
202300001817;155677338;B01;1;7;0;2;4;2;1;
202300001818;155677337;B01;3;80;0;2;8;19;3;
202300001818;155677339;A01;3;14;0;2;1;16;1;
202300001819;155677333;A01;3;7;0;2;1;2;1;
202300001819;155677335;B01;3;13;0;2;4;2;1;
202300001820;155677332;B01;2;7;0;0;5;0;1;
202300001820;155677334;A01;2;7;4;0;7;1;1;
202300001821;155677329;A01;2;7;0;2;2;13;1;
202300001821;155677331;B01;1;10;0;2;3;1;1;
202300001822;155677328;A01;2;33;0;2;1;26;1;
202300001822;155677330;B01;1;7;1;0;3;23;1;
202300001823;155677327;A01;2;30;0;0;0;1;1;
202300001824;155677324;B01;3;7;0;2;5;1;3;
202300001824;155677326;A01;2;50;0;2;1;19;3;
202300001825;155677323;B01;1;33;0;2;1;1;1;
202300001825;155677325;A01;2;7;0;2;5;15;1;
202300001826;155677321;B01;1;7;1;0;6;20;1;
202300001826;155677322;A01;2;3;1;0;2;1;1;
202300001827;155677320;A01;1;7;0;1;1;16;1;
202300001828;155677318;B01;3;1;0;2;1;1;5;
202300001828;155677319;A01;3;7;0;9;2;15;1;
202300001829;155677316;A01;2;7;0;2;3;15;1;
202300001829;155677317;B01;1;2;0;2;0;0;1;
202300001830;155677313;C01;2;7;0;2;4;1;1;
202300001830;155677314;A01;2;7;0;2;8;11;1;
202300001830;155677315;B01;2;43;0;2;7;3;1;
202300001831;155677310;A01;2;10;0;2;4;1;1;
202300001831;155677312;B01;2;7;0;2;1;2;1;
202300001832;155677309;A01;1;10;0;2;1;2;1;
202300001832;155677311;B01;1;38;0;2;4;2;1;1.0
202300001833;155677305;A01;2;1;0;2;2;14;5;
202300001833;155677307;B01;2;1;0;2;3;12;5;
202300001834;155677306;A01;0;7;0;2;1;15;1;
202300001834;155677308;B01;0;7;0;2;3;1;1;
202300001835;155677304;A01;2;50;0;1;2;5;3;
202300001836;155677302;Z01;3;7;0;1;4;4;-1;
202300001837;155677301;B01;2;33;0;2;1;1;1;
202300001837;155677303;A01;1;7;0;2;5;15;1;
202300001838;155677299;A01;1;80;0;2;1;1;3;
202300001838;155677300;B01;2;7;0;2;5;15;1;
202300001839;155677296;A01;1;7;0;2;1;1;1;
202300001839;155677297;B01;1;80;0;2;4;1;3;
202300001840;155677295;B01;3;7;0;2;2;1;1;
202300001840;155677298;A01;0;10;0;2;3;15;1;
202300001841;155677294;A01;1;50;0;0;0;1;3;
202300001842;155677292;A01;1;10;0;2;7;14;1;
202300001842;155677293;B01;1;32;0;2;3;2;1;
202300001843;155677289;Z01;3;0;0;2;1;2;1;
202300001843;155677291;A01;3;7;0;2;4;2;1;
202300001844;155677288;B01;2;33;0;2;0;1;1;
202300001844;155677290;A01;2;7;0;2;3;1;1;
202300001845;155677286;A01;3;7;0;2;1;2;1;
202300001845;155677287;B01;3;1;0;2;4;2;5;
202300001846;155677284;B01;2;7;0;2;1;15;2;
202300001846;155677285;A01;1;32;0;2;1;8;1;
202300001847;155677283;A01;2;7;0;1;1;15;1;
202300001848;155677282;A01;2;37;0;1;0;1;1;1.0
202300001849;155677280;B01;2;37;0;2;0;0;1;2.0
202300001849;155677281;A01;1;7;0;2;2;9;1;
202300001850;155677277;A01;3;7;0;2;1;1;1;
202300001850;155677278;B01;3;7;0;2;6;1;2;
202300001851;155677276;A01;1;7;0;2;6;22;2;
202300001851;155677279;B01;1;80;1;0;1;1;3;
202300001852;155677274;A01;1;7;0;1;7;1;1;
202300001853;155677275;A01;1;7;15;0;9;0;1;
202300001854;155677271;B01;3;31;0;2;3;2;0;
202300001854;155677272;A01;1;7;0;2;0;0;0;
202300001855;155677269;C01;3;7;0;2;4;23;1;
202300001855;155677270;B01;3;7;0;2;4;1;1;
202300001855;155677273;A01;3;7;0;2;1;1;1;
202300001856;155677266;A01;2;7;0;2;3;1;1;
202300001856;155677267;B01;2;33;0;2;7;1;1;
202300001857;155677265;A01;1;7;0;2;4;1;1;
202300001857;155677268;B01;1;7;0;2;1;2;1;
202300001858;155677262;A01;3;10;0;2;1;1;1;
202300001858;155677264;B01;3;34;0;0;4;0;1;
202300001859;155677263;A01;1;7;0;0;9;1;1;
202300001860;155677260;A01;1;7;4;0;1;14;1;
202300001861;155677259;A01;3;99;0;0;0;0;6;
202300001861;155677261;B01;3;99;0;0;0;0;6;
202300001862;155677258;A01;2;7;0;1;2;15;1;
202300001863;155677257;A01;3;99;0;0;0;0;0;
202300001864;155677254;B01;2;7;0;2;1;2;1;
202300001864;155677255;A01;2;7;0;2;4;2;1;
202300001865;155677253;A01;3;7;0;1;1;16;1;
202300001866;155677249;B01;0;7;0;2;2;15;1;
202300001866;155677251;A01;0;33;0;2;2;26;1;
202300001867;155677250;A01;1;7;0;2;2;15;1;
202300001867;155677252;B01;1;7;0;2;1;1;1;
202300001868;155677248;A01;3;32;0;1;1;1;1;
202300001869;155677245;B01;3;7;0;2;8;1;1;
202300001869;155677247;A01;3;3;0;2;3;15;1;
202300001870;155677242;B01;2;33;0;2;1;0;0;
202300001870;155677244;A01;1;7;0;2;1;15;0;
202300001871;155677243;A01;0;7;0;2;2;1;1;
202300001871;155677246;B01;0;1;0;2;3;11;5;
202300001872;155677238;B01;3;7;0;2;6;1;1;
202300001872;155677240;A01;3;99;0;2;1;1;1;
202300001873;155677239;A01;3;7;0;2;3;1;1;
202300001873;155677241;B01;3;7;0;2;3;13;1;
202300001874;155677237;A01;3;7;6;0;1;1;3;
202300001875;155677236;Z01;2;7;0;1;1;5;0;
202300001876;155677234;A01;1;7;0;2;1;19;1;
202300001876;155677235;B01;2;2;0;2;1;1;3;
202300001877;155677233;A01;2;50;0;0;0;1;3;
202300001878;155677232;A01;1;7;1;0;2;14;1;
202300001879;155677230;A01;3;7;0;2;5;1;1;
202300001879;155677231;B01;2;7;0;2;1;1;1;
202300001880;155677228;A01;1;7;1;2;2;1;1;
202300001880;155677229;B01;0;1;0;2;3;19;5;
202300001881;155677227;A01;1;30;0;0;1;1;1;
202300001882;155677225;A01;1;34;0;2;2;1;1;
202300001882;155677226;B01;1;7;0;2;3;15;1;
202300001883;155677224;A01;3;31;0;1;1;1;1;
202300001884;155677223;A01;2;7;0;0;0;1;2;
202300001885;155677221;B01;2;50;0;2;8;1;3;
202300001885;155677222;A01;1;7;0;2;1;15;1;
202300001886;155677219;A01;3;7;0;2;2;2;1;
202300001886;155677220;B01;3;80;0;2;8;2;3;
202300001887;155677217;A01;0;7;0;2;8;10;1;
202300001887;155677218;B01;1;33;0;2;1;1;1;
202300001888;155677216;A01;1;7;0;1;1;15;1;
202300001889;155677214;A01;1;7;4;2;2;13;1;
202300001889;155677215;B01;1;7;0;2;3;17;1;
202300001890;155677211;A01;1;7;0;2;3;1;2;
202300001890;155677213;B01;1;50;0;2;1;1;3;
202300001891;155677210;A01;2;7;0;2;1;1;1;
202300001891;155677212;B01;2;17;0;2;4;9;1;
202300001892;155677209;A01;1;10;0;1;8;15;1;
202300001893;155677207;B01;2;30;0;2;1;1;1;
202300001893;155677208;A01;2;7;0;2;2;1;1;
202300001894;155677205;A01;1;1;0;2;8;15;5;
202300001894;155677206;B01;1;1;0;2;7;1;5;
202300001895;155677204;A01;1;7;4;0;8;0;1;
202300001896;155677202;A01;2;7;0;2;7;12;1;
202300001896;155677203;B01;2;7;0;2;3;1;1;
202300001897;155677200;A01;1;10;0;2;7;15;1;
202300001897;155677201;B01;2;2;0;2;2;1;1;
202300001898;155677198;A01;2;7;0;2;7;16;1;
202300001898;155677199;B01;3;50;0;2;1;19;3;
202300001899;155677196;B01;2;7;0;2;3;1;1;
202300001899;155677197;A01;1;31;0;2;1;5;1;
202300001900;155677195;A01;1;7;2;0;2;1;0;
202300001901;155677191;A01;3;7;0;0;8;1;1;
202300001901;155677194;B01;3;2;0;0;8;21;1;
202300001902;155677192;B01;2;7;0;2;1;2;1;
202300001902;155677193;A01;2;7;0;2;4;23;2;
202300001903;155677188;A01;1;7;1;1;1;16;1;
202300001904;155677189;A01;1;7;0;2;1;2;1;
202300001904;155677190;B01;1;15;0;0;0;2;1;
202300001905;155677187;A01;0;7;0;1;3;1;0;
202300001906;155677186;A01;1;10;0;0;0;0;1;
202300001907;155677185;A01;3;7;0;1;1;15;1;
202300001908;155677184;A01;3;7;0;1;1;1;1;
202300001909;155677182;B01;1;33;0;2;1;1;1;
202300001909;155677183;A01;3;7;0;2;3;9;1;
202300001910;155677179;B01;3;7;0;2;3;1;1;
202300001910;155677181;A01;3;7;0;2;3;15;1;
202300001911;155677178;A01;2;10;0;2;8;24;1;
202300001911;155677180;B01;-1;1;-1;-1;-1;-1;5;
202300001912;155677174;B01;1;7;0;2;8;1;1;
202300001912;155677177;A01;3;7;0;2;1;1;0;
202300001913;155677173;C01;1;7;14;2;1;2;1;
202300001913;155677175;A01;1;7;14;0;4;26;1;
202300001913;155677176;B01;1;7;14;2;1;2;1;
202300001914;155677171;A01;1;7;0;1;2;16;1;
202300001915;155677170;A01;1;7;0;0;4;1;1;
202300001915;155677172;B01;1;7;0;2;1;2;1;
202300001916;155677169;BA01;0;7;0;1;0;16;0;
202300001917;155677166;A01;1;7;0;1;2;16;0;
202300001918;155677165;B01;2;7;0;2;4;1;1;
202300001918;155677167;A01;2;7;0;0;1;1;1;
202300001918;155677168;C01;2;7;0;0;8;1;1;
202300001919;155677164;A01;1;37;0;1;2;1;1;1.0
202300001920;155677162;A01;2;7;0;2;2;1;0;
202300001920;155677163;B01;1;33;0;2;7;15;1;
202300001921;155677161;A01;1;7;0;1;1;1;1;
202300001922;155677158;A01;1;10;0;2;1;9;1;
202300001922;155677160;B01;1;1;0;2;2;1;5;
202300001923;155677157;A01;1;7;0;0;6;15;2;
202300001923;155677159;B01;1;33;0;2;1;17;1;
202300001924;155677155;A01;1;7;0;2;4;23;1;
202300001924;155677156;B01;1;7;0;2;1;26;1;
202300001925;155677153;A01;2;7;0;2;3;1;1;
202300001925;155677154;B01;2;33;0;2;2;17;1;
202300001926;155677152;A01;3;1;0;2;1;5;5;
202300001927;155677151;A01;1;7;0;1;1;16;1;
202300001928;155677150;A01;1;7;2;0;1;13;1;
202300001929;155677148;A01;1;7;0;2;2;17;1;
202300001929;155677149;B01;1;7;13;2;3;13;1;
202300001930;155677146;A01;0;14;0;2;2;1;1;
202300001930;155677147;B01;0;1;0;2;0;0;5;
202300001931;155677145;A01;2;7;8;0;2;14;1;
202300001932;155677143;B01;3;7;14;0;5;16;1;
202300001932;155677144;A01;3;1;14;0;0;0;5;
202300001933;155677140;B01;3;30;0;2;1;0;0;
202300001933;155677142;A01;3;7;0;2;5;9;1;
202300001934;155677141;A01;2;7;2;0;2;1;1;
202300001935;155677137;A01;2;33;0;2;8;0;0;
202300001935;155677139;B01;1;7;0;2;3;0;0;
202300001936;155677136;A01;2;7;0;2;5;15;1;
202300001936;155677138;B01;1;31;0;0;0;0;0;
202300001937;155677135;A01;3;2;6;0;2;14;1;
202300001938;155677131;A01;2;7;0;2;3;13;1;
202300001938;155677132;B01;1;7;0;2;2;1;1;
202300001939;155677133;A01;0;7;0;2;8;14;0;
202300001939;155677134;B01;0;1;0;2;7;13;5;
202300001940;155677130;A01;1;10;16;0;0;1;1;
202300001941;155677127;B01;3;7;0;2;3;1;0;
202300001941;155677128;C01;3;7;0;2;3;1;0;
202300001941;155677129;A01;3;2;0;2;3;1;1;
202300001942;155677125;A01;1;7;0;2;1;19;1;
202300001942;155677126;B01;2;7;0;2;3;1;1;
202300001943;155677121;A01;3;7;0;2;3;1;0;
202300001943;155677124;B01;3;2;0;2;3;1;1;
202300001944;155677119;C01;2;7;0;2;4;2;1;
202300001944;155677120;D01;2;7;0;2;1;2;1;
202300001944;155677122;A01;2;21;0;0;4;1;1;
202300001944;155677123;B01;2;21;0;2;1;2;1;
202300001945;155677118;A01;1;33;11;0;1;17;1;
202300001946;155677117;A01;1;7;13;0;1;1;1;
202300001947;155677116;A01;2;33;0;0;1;14;1;
202300001948;155677113;A01;1;33;0;1;1;3;1;
202300001949;155677112;A01;1;10;0;2;7;1;1;
202300001949;155677114;B01;1;31;0;2;1;1;1;
202300001950;155677110;A01;1;7;0;2;1;14;1;
202300001950;155677111;B01;1;7;0;2;1;1;1;
202300001951;155677108;A01;1;7;0;2;3;19;1;
202300001951;155677109;B01;2;31;0;2;1;1;1;
202300001952;155677107;A01;1;43;2;0;1;1;1;
202300001953;155677105;A01;2;15;13;0;0;0;0;
202300001954;155677106;A01;3;36;13;0;7;1;1;
202300001955;155677103;A01;2;7;3;2;1;5;0;
202300001955;155677104;B01;1;7;0;2;1;1;0;
202300001956;155677099;A01;0;2;0;2;2;1;1;
202300001956;155677101;B01;3;7;0;0;8;16;1;
202300001957;155677100;A01;1;7;0;2;6;1;1;
202300001957;155677102;B01;1;7;0;2;3;1;1;
202300001958;155677098;A01;1;7;2;0;9;1;1;
202300001959;155677096;A01;2;7;0;0;9;1;1;
202300001960;155677094;B01;1;10;0;2;3;15;1;
202300001960;155677097;A01;1;30;0;2;7;1;1;
202300001961;155677093;A01;3;7;0;2;2;15;1;
202300001961;155677095;B01;1;7;0;2;3;1;1;
202300001962;155677092;A01;0;7;1;0;1;14;1;
202300001963;155677090;A01;1;7;0;2;1;5;1;
202300001963;155677091;B01;2;7;0;2;1;1;1;
202300001964;155677088;B01;1;7;4;2;3;1;1;
202300001964;155677089;A01;2;7;12;2;3;1;1;
202300001965;155677087;A01;1;33;0;6;2;1;1;
202300001966;155677085;B01;1;10;0;2;8;19;1;
202300001966;155677086;A01;1;7;13;2;1;1;1;
202300001967;155677084;A01;3;15;0;1;8;1;1;
202300001968;155677082;A01;1;33;0;2;1;1;1;
202300001968;155677083;B01;2;7;0;2;2;15;1;
202300001969;155677081;A01;1;33;0;6;7;0;1;
202300001970;155677079;A01;1;7;0;2;1;1;1;
202300001970;155677080;B01;2;7;0;2;1;1;1;
202300001971;155677078;A01;2;7;13;0;3;13;1;
202300001972;155677076;A01;1;7;0;2;1;2;1;
202300001972;155677077;B01;1;21;0;0;4;2;1;
202300001973;155677074;A01;1;7;6;0;2;15;1;
202300001974;155677073;A01;2;2;0;2;1;13;1;
202300001974;155677075;B01;1;13;0;2;1;1;1;
202300001975;155677071;A01;0;7;17;0;2;1;1;
202300001976;155677069;A01;2;7;0;2;0;17;1;
202300001976;155677070;B01;2;7;0;2;8;14;1;
202300001976;155677072;C01;2;7;0;2;3;15;1;
202300001977;155677067;A01;2;10;3;0;9;1;1;
202300001978;155677066;A01;1;33;0;2;8;1;1;
202300001978;155677068;B01;2;33;0;2;8;13;1;
202300001979;155677064;A01;2;33;0;0;2;1;1;
202300001980;155677062;B01;2;15;0;2;8;1;0;
202300001980;155677063;A01;2;7;3;2;2;12;0;
202300001980;155677065;C01;2;15;1;0;2;1;0;
202300001981;155677059;A01;2;7;4;0;3;1;1;
202300001982;155677060;A01;1;7;3;2;1;15;1;
202300001982;155677061;B01;2;7;3;2;1;1;1;
202300001983;155677054;A01;2;7;0;2;3;13;1;
202300001983;155677056;B01;1;7;0;2;3;1;1;
202300001983;155677058;C01;1;7;0;2;3;1;1;
202300001984;155677051;A01;1;33;0;0;0;21;1;
202300001984;155677052;B01;1;7;0;0;0;26;1;
202300001985;155677050;D01;1;7;0;2;1;1;0;
202300001985;155677053;A01;2;7;0;2;3;17;0;
202300001985;155677055;B01;2;7;0;2;1;1;0;
202300001985;155677057;C01;1;7;0;2;1;1;0;
202300001986;155677048;A01;1;10;0;2;3;1;1;
202300001986;155677049;B01;2;43;0;2;3;1;1;
202300001987;155677047;A01;1;32;6;0;1;2;1;
202300001988;155677045;A01;1;1;0;0;0;1;5;
202300001989;155677044;A01;3;80;0;0;4;19;3;
202300001989;155677046;B01;1;7;0;9;3;1;1;
202300001990;155677042;A01;1;7;0;2;1;13;0;
202300001990;155677043;B01;2;7;0;2;2;21;0;
202300001991;155677040;B01;2;7;0;2;8;1;1;
202300001991;155677041;A01;1;10;0;1;1;1;1;
202300001992;155677038;A01;3;7;0;2;3;17;1;
202300001992;155677039;B01;3;7;0;2;2;14;1;
202300001993;155677037;A01;1;7;6;0;1;1;1;
202300001994;155677036;A01;3;33;2;0;2;16;1;
202300001995;155677034;B01;0;2;0;2;1;2;1;
202300001995;155677035;A01;0;10;0;2;8;9;1;
202300001996;155677032;A01;2;7;0;2;2;15;1;
202300001996;155677033;B01;1;1;0;2;1;1;5;
202300001997;155677030;B01;1;7;0;2;3;15;1;
202300001997;155677031;A01;1;10;0;2;1;1;1;
202300001998;155677028;A01;1;7;2;0;7;14;1;
202300001999;155677027;B01;0;7;0;1;4;0;1;
202300001999;155677029;A01;0;7;1;2;1;13;1;
202300002000;155677024;A01;3;7;0;1;1;0;6;
202300002001;155677025;A01;1;7;0;9;2;2;1;
202300002001;155677026;B01;1;1;0;0;4;2;5;
202300002002;155677023;A01;1;2;0;0;0;1;0;
202300002003;155677022;A01;3;7;10;0;1;13;1;
202300002004;155677020;B01;2;7;0;2;1;2;1;
202300002004;155677021;A01;2;7;0;2;4;1;1;
202300002005;155677018;A01;3;2;0;2;8;19;1;
202300002005;155677019;B01;2;7;0;2;1;15;1;
202300002006;155677016;B01;1;7;0;2;4;2;1;
202300002006;155677017;A01;1;7;0;2;1;2;1;
202300002007;155677013;A01;1;33;0;0;3;13;1;
202300002008;155677014;A01;3;1;0;0;8;26;5;
202300002008;155677015;B01;3;33;0;9;1;26;0;
202300002009;155677012;A01;2;7;4;0;2;1;1;
202300002010;155677011;A01;0;0;0;1;0;0;0;
202300002011;155677009;A01;1;17;4;2;1;14;1;
202300002011;155677010;B01;1;7;4;2;8;2;1;
202300002012;155677007;A01;2;7;4;2;7;2;1;
202300002013;155677006;A01;3;7;0;2;3;15;1;
202300002013;155677008;B01;3;7;0;2;6;1;1;
202300002014;155677005;A01;1;10;4;0;1;1;1;
202300002015;155677001;A01;1;7;0;2;4;2;1;
202300002015;155677003;B01;1;13;0;2;1;0;0;
202300002016;155677002;B01;2;2;0;0;8;15;1;
202300002016;155677004;A01;2;10;0;2;2;17;1;
202300002017;155677000;A01;2;7;4;0;1;1;1;
202300002018;155676998;A01;2;7;0;2;3;13;1;
202300002018;155676999;B01;1;21;0;2;3;1;1;
202300002019;155676996;A01;1;7;0;9;3;1;1;
202300002019;155676997;B01;2;1;0;2;1;17;5;
202300002020;155676994;A01;2;7;0;2;3;0;1;
202300002020;155676995;B01;2;7;0;2;3;0;2;
202300002021;155676993;A01;1;31;0;1;7;1;1;
202300002022;155676992;A01;2;7;13;0;2;1;1;
202300002023;155676991;A01;1;7;0;0;1;26;1;
202300002024;155676990;A01;3;1;0;0;0;26;5;
202300002025;155676986;A01;2;7;4;0;1;1;1;
202300002025;155676987;B01;2;7;14;0;1;1;1;
202300002025;155676988;C01;2;7;14;0;1;1;1;
202300002025;155676989;D01;2;17;14;2;1;1;1;
202300002026;155676985;A01;3;7;0;1;1;1;1;
202300002027;155676983;A01;2;7;0;2;1;14;1;
202300002027;155676984;B01;1;1;0;2;0;25;5;
202300002028;155676981;A01;1;10;0;2;1;15;1;
202300002028;155676982;B01;2;1;0;2;8;1;5;
202300002029;155676979;A01;1;33;0;2;2;1;1;
202300002029;155676980;B01;1;21;0;2;8;26;1;
202300002030;155676977;B01;1;33;0;2;1;1;1;
202300002030;155676978;A01;1;7;0;2;8;19;1;
202300002031;155676975;B01;1;15;8;2;3;1;1;
202300002031;155676976;A01;1;7;0;2;2;1;1;
202300002032;155676973;B01;2;7;0;2;2;1;1;
202300002032;155676974;A01;2;2;0;2;5;19;1;
202300002033;155676971;A01;1;7;0;2;1;1;1;
202300002033;155676972;B01;2;10;0;2;1;1;1;
202300002034;155676966;A01;1;7;3;0;0;2;1;
202300002035;155676964;A01;1;7;0;2;3;1;1;
202300002035;155676965;B01;2;7;0;2;1;5;1;
202300002036;155676962;B01;3;7;0;2;7;1;1;
202300002036;155676963;A01;3;7;0;2;1;1;1;
202300002037;155676961;A01;2;7;8;0;5;1;1;
202300002038;155676960;A01;3;7;6;0;1;13;1;
202300002039;155676959;A01;3;32;8;0;1;1;1;
202300002040;155676958;A01;1;33;0;0;0;19;1;
202300002041;155676956;A01;2;33;0;2;1;17;1;
202300002041;155676957;B01;1;7;0;2;3;2;1;
202300002042;155676954;B01;2;7;0;2;4;1;1;
202300002042;155676955;A01;2;33;0;2;1;3;1;
202300002043;155676952;A01;2;13;0;2;5;16;4;
202300002043;155676953;B01;2;50;0;2;8;1;3;
202300002044;155676950;A01;2;7;0;2;5;1;1;
202300002044;155676951;B01;2;1;0;2;3;11;5;
202300002045;155676948;A01;3;33;0;2;7;12;1;
202300002045;155676949;B01;3;7;0;2;8;1;1;
202300002046;155676947;A01;3;80;6;0;1;1;3;
202300002047;155676946;A01;3;34;0;0;0;15;1;
202300002048;155676945;A01;1;30;0;0;0;21;3;
202300002049;155676943;A01;2;10;0;2;1;1;3;
202300002049;155676944;B01;2;2;0;2;1;5;1;
202300002050;155676942;A01;2;1;0;1;1;1;5;
202300002051;155676940;A01;1;30;0;2;1;18;1;
202300002051;155676941;B01;1;7;0;2;2;16;1;
202300002052;155676938;A01;1;7;14;2;2;1;1;
202300002052;155676939;B01;2;99;0;2;8;1;1;
202300002053;155676936;B01;2;7;0;2;4;23;2;
202300002053;155676937;Z01;2;2;0;2;1;1;1;
202300002054;155676934;A01;3;34;12;2;3;14;1;
202300002054;155676935;B01;3;14;0;2;6;24;1;
202300002055;155676933;A01;1;1;14;0;0;2;5;
202300002056;155676932;A01;1;32;11;0;3;17;1;
202300002057;155676931;A01;3;1;12;0;1;13;5;
202300002058;155676930;A01;2;10;0;1;1;1;1;
202300002059;155676928;B01;3;33;0;2;7;9;1;
202300002059;155676929;A01;3;1;0;2;8;11;5;
202300002060;155676927;A01;3;7;0;1;0;1;1;
202300002061;155676926;A01;1;7;14;0;9;15;1;
202300002062;155676924;A01;1;10;0;2;2;16;1;
202300002062;155676925;B01;1;99;0;2;1;1;0;
202300002063;155676922;A01;3;7;0;2;1;2;1;
202300002063;155676923;B01;3;7;0;2;4;23;1;
202300002064;155676920;A01;1;1;0;2;1;0;5;
202300002064;155676921;B01;1;14;0;2;4;0;1;
202300002065;155676918;B01;3;7;0;2;6;19;0;
202300002065;155676919;A01;3;50;0;2;1;0;3;
202300002066;155676916;A01;1;50;1;0;1;17;3;
202300002066;155676917;B01;1;7;1;0;1;1;1;
202300002067;155676914;A01;1;33;0;2;7;1;0;
202300002067;155676915;B01;3;7;0;0;0;0;0;
202300002068;155676912;A01;2;10;9;2;3;7;1;
202300002068;155676913;B01;2;7;0;2;7;16;2;
202300002069;155676911;A01;2;7;0;1;2;1;2;
202300002070;155676909;A01;1;7;0;2;6;0;1;
202300002070;155676910;B01;1;30;0;2;2;0;0;
202300002071;155676907;A01;1;7;0;2;2;0;0;
202300002071;155676908;B01;1;37;0;2;3;2;-1;2.0
202300002072;155676905;A01;2;7;4;0;2;15;1;
202300002072;155676906;B01;2;33;0;2;1;1;1;
202300002073;155676903;A01;3;33;0;2;8;1;1;
202300002073;155676904;B01;3;7;0;2;2;1;1;
202300002074;155676901;A01;1;7;0;2;8;15;1;
202300002074;155676902;B01;1;33;0;2;1;1;1;
202300002075;155676900;A01;3;1;0;0;0;1;5;
202300002076;155676898;A01;1;7;0;2;1;26;3;
202300002076;155676899;B01;1;32;0;2;2;1;3;
202300002077;155676896;B01;0;3;0;0;2;1;0;
202300002077;155676897;A01;0;33;0;0;0;18;1;
202300002078;155676894;B01;2;7;0;9;3;1;1;
202300002078;155676895;A01;2;50;0;2;2;6;3;
202300002079;155676892;Z01;1;34;0;2;4;16;0;
202300002079;155676893;B01;1;1;0;2;1;1;5;
202300002080;155676891;A01;1;10;0;1;3;15;3;
202300002081;155676890;A01;2;50;1;0;2;1;3;
202300002082;155676889;A01;1;50;0;1;1;21;3;
202300002083;155676886;B01;1;1;0;2;4;1;5;
202300002083;155676887;C01;1;1;0;2;4;1;5;
202300002083;155676888;A01;1;13;0;2;1;1;1;
202300002084;155676883;A01;3;36;8;0;1;1;1;
202300002085;155676882;A01;1;7;2;0;8;1;1;
202300002086;155676880;A01;1;17;0;0;4;2;1;
202300002086;155676881;B01;1;7;0;2;1;2;1;
202300002087;155676878;A01;1;7;8;0;8;17;1;
202300002088;155676877;A01;2;7;6;0;2;14;0;
202300002089;155676874;A01;2;7;0;2;5;15;1;
202300002089;155676875;B01;1;33;0;2;1;1;1;
202300002089;155676876;C01;2;7;0;9;1;1;1;
202300002090;155676873;A01;1;7;8;0;3;1;1;
202300002091;155676872;A01;2;7;2;0;3;0;1;
202300002092;155676871;A01;1;7;3;0;1;1;1;
202300002093;155676869;B01;1;32;0;2;1;1;1;
202300002093;155676870;A01;2;7;0;2;2;15;1;
202300002094;155676867;A01;1;31;2;2;1;1;1;
202300002094;155676868;B01;2;7;0;2;2;1;1;
202300002095;155676865;A01;2;7;0;0;2;15;1;
202300002095;155676866;B01;1;33;0;0;1;1;1;
202300002096;155676864;A01;1;7;17;0;1;1;1;
202300002097;155676862;A01;1;7;13;2;3;13;1;
202300002097;155676863;B01;2;33;0;2;1;1;1;
202300002098;155676861;A01;1;7;17;0;6;0;0;
202300002099;155676858;A01;2;7;0;0;8;1;1;
202300002099;155676859;B01;2;7;0;0;4;23;1;
202300002099;155676860;C01;2;10;0;2;1;12;1;
202300002100;155676857;A01;0;7;0;1;1;1;0;
202300002101;155676855;A01;1;7;0;2;2;15;1;
202300002101;155676856;B01;2;33;0;2;1;1;1;
202300002102;155676854;A01;1;7;2;0;1;1;1;
202300002103;155676853;A01;1;7;0;0;9;1;1;
202300002104;155676852;A01;3;50;0;0;1;25;3;
202300002105;155676850;A01;2;15;0;2;7;19;1;
202300002105;155676851;B01;1;14;0;0;1;1;1;
202300002106;155676848;A01;1;7;0;0;1;2;1;
202300002106;155676849;B01;1;7;0;0;4;23;1;
202300002107;155676846;A01;1;7;0;2;1;13;1;
202300002107;155676847;B01;2;7;0;2;1;1;1;
202300002108;155676844;A01;1;7;0;2;1;2;1;
202300002108;155676845;B01;1;7;0;2;4;2;4;
202300002109;155676843;A01;3;7;2;0;3;1;1;
202300002110;155676842;A01;2;80;15;0;0;1;3;
202300002111;155676840;A01;1;14;0;2;1;15;1;
202300002111;155676841;B01;2;1;0;2;1;1;5;
202300002112;155676839;A01;2;21;2;0;2;0;1;
202300002113;155676837;A01;1;7;0;2;1;13;1;
202300002113;155676838;B01;2;7;0;2;1;1;1;
202300002114;155676835;A01;2;10;0;2;3;13;1;
202300002114;155676836;B01;1;7;0;2;3;1;1;
202300002115;155676834;A01;1;7;2;0;1;1;2;
202300002116;155676832;A01;1;7;0;2;8;13;1;
202300002116;155676833;B01;2;21;0;2;3;1;1;
202300002117;155676830;A01;1;33;0;2;1;1;1;
202300002117;155676831;B01;2;7;0;2;1;15;1;
202300002118;155676829;A01;2;7;0;0;3;1;1;
202300002119;155676827;B01;1;10;0;2;8;1;1;
202300002119;155676828;A01;2;30;0;2;8;15;1;
202300002120;155676825;A01;1;7;0;2;2;13;1;
202300002120;155676826;B01;2;15;0;2;2;1;1;
202300002121;155676821;B01;1;1;0;2;4;1;5;
202300002121;155676822;A01;1;7;0;2;2;9;1;
202300002122;155676820;A01;1;7;8;0;2;14;1;
202300002123;155676819;A01;1;36;5;0;1;0;1;
202300002124;155676818;A01;1;7;15;0;1;13;1;
202300002125;155676817;A01;1;2;13;0;1;1;1;
202300002126;155676816;A01;2;31;8;0;1;1;1;