Num_Acc;id_vehicule;num_veh;senc;catv;obs;obsm;choc;manv;motor;occutc
202300002127;155676815;A01;2;7;15;0;9;1;1;
202300002128;155676814;A01;1;33;0;0;8;1;1;
202300002129;155676812;A01;1;7;0;2;3;13;1;
202300002129;155676813;B01;2;7;0;2;3;1;3;
202300002130;155676811;A01;2;31;16;0;0;1;1;
202300002131;155676809;B01;1;1;0;0;2;26;5;
202300002131;155676810;A01;1;7;0;0;3;9;1;
202300002132;155676807;A01;1;2;0;2;4;2;1;
202300002132;155676808;B01;1;2;0;2;1;2;1;
202300002133;155676806;A01;2;7;13;0;2;1;1;
202300002134;155676805;A01;3;33;0;0;7;1;1;
202300002135;155676802;C01;3;7;0;2;7;23;0;
202300002135;155676803;B01;1;99;14;2;3;0;0;
202300002135;155676804;A01;1;33;1;0;3;11;1;
202300002136;155676800;B01;3;7;0;2;1;1;1;
202300002136;155676801;A01;3;7;0;2;2;15;1;
202300002137;155676798;Z01;2;7;0;0;0;11;0;
202300002137;155676799;A01;2;33;0;2;1;3;1;
202300002138;155676796;B01;2;1;0;2;1;1;5;
202300002138;155676797;A01;2;7;0;2;5;16;3;
202300002139;155676793;B01;2;2;0;2;2;1;1;
202300002139;155676795;A01;2;7;0;2;3;2;2;
202300002140;155676792;A01;1;7;0;2;3;15;1;
202300002140;155676794;B01;1;50;0;2;1;1;3;
202300002141;155676790;A01;1;50;0;1;2;1;3;
202300002142;155676789;A01;2;10;0;2;1;20;1;
202300002142;155676791;B01;1;2;0;2;7;1;1;
202300002143;155676787;B01;2;34;0;2;1;9;0;
202300002143;155676788;A01;2;34;0;2;3;1;1;
202300002144;155676786;A01;1;7;0;1;3;1;1;
202300002145;155676784;A01;1;30;0;2;2;1;1;
202300002145;155676785;B01;1;7;0;2;3;1;1;
202300002146;155676782;A01;1;7;0;9;3;9;1;
202300002146;155676783;B01;2;50;0;2;1;1;3;
202300002147;155676780;A01;2;7;0;2;2;1;2;
202300002147;155676781;B01;3;80;0;2;1;1;3;
202300002148;155676778;A01;2;31;0;2;1;1;1;
202300002148;155676779;B01;1;7;0;2;1;15;1;
202300002149;155676774;A01;2;7;0;6;1;21;1;
202300002150;155676775;B01;1;7;0;0;4;23;1;
202300002150;155676776;Z01;1;7;0;2;1;2;1;
202300002150;155676777;A01;1;7;0;2;4;23;2;
202300002151;155676773;A01;3;7;8;0;3;1;1;
202300002152;155676771;Z01;0;32;0;2;6;13;0;
202300002152;155676772;A01;0;80;0;2;2;1;3;
202300002153;155676769;A01;1;10;0;2;1;5;1;
202300002153;155676770;B01;2;10;0;2;1;1;1;
202300002154;155676767;B01;1;80;0;2;1;1;3;
202300002154;155676768;A01;2;80;0;2;1;13;3;
202300002155;155676764;A01;3;7;0;2;6;9;1;
202300002155;155676766;B01;2;7;0;2;1;2;1;
202300002156;155676763;Z01;1;50;0;2;1;2;3;
202300002156;155676765;A01;1;50;0;2;4;2;3;
202300002157;155676762;A01;1;7;7;0;1;14;1;
202300002158;155676761;A01;2;1;0;0;1;1;5;
202300002159;155676758;A01;3;30;0;2;1;26;1;
202300002159;155676759;B01;3;7;0;2;8;9;1;
202300002160;155676757;A01;1;14;0;2;2;1;1;
202300002160;155676760;B01;1;7;0;2;8;9;1;
202300002161;155676756;A01;3;10;0;1;1;16;1;
202300002162;155676755;A01;2;7;13;0;8;13;0;
202300002163;155676753;B01;0;7;0;2;1;1;1;
202300002163;155676754;A01;0;33;0;2;0;0;1;
202300002164;155676750;A01;2;10;0;2;3;5;1;
202300002164;155676752;B01;1;7;0;2;1;1;1;
202300002165;155676749;B01;3;7;0;2;7;1;1;
202300002165;155676751;A01;3;7;0;2;0;0;0;
202300002166;155676747;A01;1;30;0;0;1;1;1;
202300002167;155676748;A01;1;33;14;0;1;2;1;
202300002168;155676746;A01;3;7;0;1;1;2;1;
202300002169;155676745;A01;1;21;0;1;0;1;1;
202300002170;155676744;A01;1;99;12;0;3;1;1;
202300002171;155676740;A01;1;7;0;2;4;2;1;
202300002171;155676742;B01;1;37;0;2;1;2;1;1.0
202300002172;155676741;A01;1;7;0;0;3;15;1;
202300002172;155676743;B01;2;2;0;0;1;1;1;
202300002173;155676737;B01;3;34;0;2;5;1;1;
202300002173;155676739;A01;3;37;0;2;3;26;2;1.0
202300002174;155676736;A01;1;10;0;2;2;1;2;
202300002174;155676738;B01;1;2;0;0;4;1;1;
202300002175;155676734;A01;3;7;13;0;1;1;1;
202300002176;155676735;A01;1;7;0;1;1;1;1;
202300002177;155676730;B01;1;10;0;2;3;1;1;
202300002177;155676733;A01;2;50;0;2;8;19;3;
202300002178;155676731;A01;1;7;0;2;5;19;1;
202300002178;155676732;B01;1;7;0;2;1;1;1;
202300002179;155676729;A01;1;7;1;1;1;1;1;
202300002180;155676727;B01;2;2;0;2;1;1;1;
202300002180;155676728;A01;1;7;0;2;2;15;1;
202300002181;155676725;A01;3;7;1;0;3;9;1;
202300002181;155676726;B01;2;10;1;2;2;1;1;
202300002182;155676724;A01;1;7;13;0;3;1;1;
202300002183;155676721;B01;1;7;0;2;3;16;2;
202300002183;155676723;A01;1;10;0;2;1;2;1;
202300002184;155676720;A01;1;10;0;2;1;16;1;
202300002184;155676722;B01;3;1;0;2;7;19;5;
202300002185;155676718;A01;1;7;0;1;2;1;1;
202300002186;155676716;A01;1;7;0;0;3;19;1;
202300002186;155676717;B01;2;31;0;2;0;1;1;
202300002186;155676719;C01;2;34;0;2;3;1;1;
202300002187;155676714;B01;2;33;0;2;6;1;1;
202300002187;155676715;A01;2;7;0;2;1;15;1;
202300002188;155676711;A01;1;7;0;0;0;9;1;
202300002188;155676713;B01;1;30;0;0;8;26;1;
202300002189;155676710;A01;1;7;0;2;1;5;1;
202300002189;155676712;B01;1;7;0;2;1;1;1;
202300002190;155676709;A01;1;33;0;0;0;2;1;
202300002191;155676707;A01;1;32;0;2;1;1;1;
202300002191;155676708;B01;1;10;0;2;3;15;1;
202300002192;155676704;A01;2;7;0;2;3;5;0;
202300002192;155676706;B01;1;7;0;2;3;5;0;
202300002193;155676703;B01;0;33;0;2;1;2;1;
202300002193;155676705;A01;0;7;0;2;3;15;1;
202300002194;155676701;A01;2;30;12;0;8;26;1;
202300002195;155676699;C01;0;7;0;2;2;1;1;
202300002195;155676700;A01;2;10;0;2;2;15;1;
202300002195;155676702;B01;1;7;0;2;3;1;1;
202300002196;155676697;A01;1;10;0;2;7;1;1;
202300002196;155676698;B01;1;2;0;2;7;0;1;
202300002197;155676694;A01;1;10;1;0;1;26;1;
202300002197;155676695;B01;1;15;0;0;4;24;1;
202300002197;155676696;C01;1;7;1;0;4;24;1;
202300002198;155676693;A01;1;10;0;1;3;15;1;
202300002199;155676689;A01;3;7;0;2;3;9;1;
202300002199;155676691;B01;1;7;0;2;2;1;1;
202300002200;155676688;A01;1;7;0;2;1;17;1;
202300002200;155676690;B01;2;7;0;2;1;1;1;
202300002200;155676692;C01;1;13;0;2;8;1;1;
202300002201;155676686;A01;2;7;0;2;2;1;0;
202300002201;155676687;B01;1;50;0;2;1;25;3;
202300002202;155676685;A01;1;31;2;0;1;13;1;
202300002203;155676683;A01;3;7;13;0;9;1;1;
202300002204;155676682;A01;3;50;0;2;1;1;3;
202300002204;155676684;B01;1;34;0;2;1;1;0;
202300002205;155676681;A01;1;3;2;0;2;1;1;
202300002206;155676680;A01;1;30;9;0;0;1;1;
202300002207;155676679;A01;2;7;3;0;1;14;1;
202300002208;155676676;B01;0;7;0;2;3;1;0;
202300002208;155676678;A01;0;7;0;2;2;1;0;
202300002209;155676675;A01;2;7;3;0;6;1;1;
202300002209;155676677;B01;2;7;0;2;2;17;1;
202300002210;155676673;A01;2;33;0;2;1;9;1;
202300002210;155676674;B01;2;7;0;0;4;2;1;
202300002211;155676672;A01;2;17;6;0;3;1;1;
202300002212;155676670;A01;1;33;0;1;1;17;1;
202300002213;155676669;A01;1;17;0;0;4;1;1;
202300002213;155676671;B01;1;7;0;2;1;2;1;
202300002214;155676668;A01;1;33;16;0;9;2;1;
202300002215;155676667;A01;1;7;6;0;2;1;1;
202300002216;155676666;A01;1;33;7;0;1;1;1;
202300002217;155676665;A01;1;7;4;0;8;1;1;
202300002218;155676663;A01;2;7;0;2;1;13;1;
202300002218;155676664;B01;1;7;0;2;1;15;1;
202300002219;155676661;A01;1;33;0;2;1;0;1;
202300002219;155676662;B01;1;7;0;9;6;1;1;
202300002220;155676660;A01;3;7;0;1;8;15;1;
202300002221;155676658;A01;1;7;3;0;3;13;1;
202300002221;155676659;B01;1;7;3;9;1;1;1;
202300002222;155676657;A01;0;7;0;1;2;1;0;
202300002223;155676654;B01;1;7;0;2;3;16;1;
202300002223;155676655;A01;1;31;0;2;2;1;1;
202300002224;155676653;A01;2;7;7;2;1;1;1;
202300002225;155676649;B01;2;7;0;2;3;1;3;
202300002225;155676652;A01;2;7;0;2;1;9;1;
202300002226;155676645;A01;2;7;0;1;3;1;0;
202300002227;155676644;B01;1;33;0;2;0;1;1;
202300002227;155676646;A01;2;7;13;2;0;13;1;
202300002227;155676647;C01;1;33;0;2;0;1;1;
202300002227;155676648;D01;1;33;0;2;0;1;1;
202300002227;155676650;E01;1;33;0;2;0;1;1;
202300002228;155676640;A01;2;7;0;0;5;26;1;
202300002228;155676641;B01;1;7;0;2;2;26;1;
202300002229;155676639;A01;1;2;0;1;1;18;1;
202300002230;155676638;A01;0;7;0;1;1;1;1;
202300002231;155676635;A01;2;7;0;2;1;21;1;
202300002231;155676637;B01;1;7;0;2;1;1;1;
202300002232;155676636;A01;2;36;6;0;1;19;1;
202300002233;155676634;A01;0;2;0;0;0;1;1;
202300002234;155676633;A01;1;7;2;0;9;1;0;
202300002235;155676630;A01;2;7;9;2;1;2;1;
202300002235;155676632;B01;2;7;0;2;5;9;1;
202300002236;155676629;A01;3;2;0;2;1;5;1;
202300002236;155676631;B01;3;21;0;2;2;1;1;
202300002237;155676628;A01;1;17;3;0;3;14;1;
202300002238;155676627;A01;0;39;0;1;3;1;3;
202300002239;155676625;A01;2;34;14;0;1;1;1;
202300002240;155676624;A01;2;7;0;2;3;1;1;
202300002240;155676626;B01;2;7;0;2;4;23;1;
202300002241;155676620;B01;3;1;0;2;1;1;5;
202300002241;155676622;A01;3;10;0;2;2;15;1;
202300002242;155676619;A01;2;10;0;2;2;1;1;
202300002242;155676621;C01;2;7;0;2;4;1;1;
202300002242;155676623;B01;2;7;0;2;6;1;1;
202300002243;155676615;A01;2;7;0;2;1;1;1;
202300002243;155676616;B01;2;7;0;2;4;1;1;
202300002243;155676618;C01;2;7;0;2;4;1;1;
202300002244;155676614;A01;2;10;0;2;3;15;1;
202300002244;155676617;B01;2;7;0;2;3;1;0;
202300002245;155676612;A01;2;33;0;0;2;1;1;
202300002246;155676610;A01;2;7;0;2;4;1;1;
202300002246;155676611;B01;1;7;0;2;7;1;1;
202300002246;155676613;C01;1;7;0;2;1;14;1;
202300002247;155676609;A01;2;7;4;0;1;19;1;
202300002248;155676604;A01;2;7;0;2;4;2;1;
202300002248;155676606;B01;2;7;0;2;4;2;1;
202300002248;155676607;D01;2;14;0;2;1;2;1;
202300002248;155676608;C01;2;7;0;2;4;2;1;
202300002249;155676603;A01;1;7;0;2;1;2;1;
202300002249;155676605;B01;1;2;0;2;3;9;1;
202300002250;155676601;A01;2;7;0;2;3;2;1;
202300002250;155676602;B01;2;17;0;2;4;2;1;
202300002251;155676599;A01;1;7;0;2;1;1;1;
202300002251;155676600;B01;2;7;0;2;7;15;1;
202300002252;155676597;A01;1;7;11;2;0;12;1;
202300002252;155676598;B01;1;7;0;2;1;1;1;
202300002253;155676596;A01;1;7;13;0;1;1;1;
202300002254;155676592;A01;1;14;0;2;6;11;1;
202300002254;155676594;B01;1;33;0;2;2;3;1;
202300002254;155676595;C01;1;7;0;2;2;1;1;
202300002255;155676591;A01;1;33;0;2;2;1;1;
202300002255;155676593;B01;2;10;0;2;2;1;1;
202300002256;155676590;A01;1;7;4;2;3;2;2;
202300002257;155676587;B01;2;2;0;2;4;2;1;
202300002257;155676589;A01;2;7;0;2;4;2;0;
202300002258;155676586;A01;1;14;0;2;2;14;1;
202300002258;155676588;B01;1;7;0;2;3;2;1;
202300002259;155676583;B01;2;13;0;2;6;1;1;
202300002259;155676584;A01;2;32;0;2;1;3;1;
202300002260;155676582;A01;1;1;0;2;1;1;5;
202300002260;155676585;B01;2;21;0;2;2;1;1;
202300002261;155676580;A01;2;33;2;0;1;0;1;
202300002262;155676579;B01;1;7;0;2;2;1;1;
202300002262;155676581;A01;2;14;0;2;3;11;1;
202300002263;155676577;A01;2;7;4;0;1;1;1;
202300002264;155676576;B01;2;7;0;2;8;1;1;
202300002264;155676578;A01;2;2;0;2;1;9;1;
202300002265;155676574;A01;1;32;0;2;7;1;1;
202300002265;155676575;B01;1;7;0;2;3;11;1;
202300002266;155676573;A01;2;2;12;0;7;1;1;
202300002267;155676571;A01;1;7;0;2;1;9;2;
202300002267;155676572;B01;1;7;0;2;4;1;1;
202300002268;155676569;A01;2;7;0;2;1;1;1;
202300002268;155676570;B01;1;7;0;2;1;13;1;
202300002269;155676567;A01;2;10;0;2;1;1;1;
202300002269;155676568;B01;2;33;0;2;4;2;1;
202300002270;155676566;A01;1;33;0;0;8;1;1;
202300002271;155676565;A01;1;7;4;0;7;12;1;
202300002272;155676563;A01;2;33;0;2;3;1;1;
202300002272;155676564;B01;1;33;0;2;1;1;1;
202300002273;155676562;A01;2;7;0;1;4;26;1;
202300002274;155676561;A01;1;7;6;0;2;1;0;
202300002275;155676559;B01;2;7;0;2;4;15;1;
202300002275;155676560;A01;2;10;0;2;1;2;1;
202300002276;155676558;A01;3;33;16;0;0;1;1;
202300002277;155676556;B01;3;7;0;2;4;2;1;
202300002277;155676557;A01;3;32;0;2;1;2;1;
202300002278;155676554;A01;1;21;0;2;3;15;1;
202300002278;155676555;B01;2;33;0;2;2;17;1;
202300002279;155676553;A01;1;7;10;0;1;14;1;
202300002280;155676550;A01;1;7;0;2;1;17;1;
202300002280;155676551;B01;2;7;0;2;3;1;1;
202300002281;155676546;B01;1;15;0;2;4;2;1;
202300002281;155676547;A01;1;10;0;2;1;2;1;
202300002282;155676548;A01;1;30;0;2;3;1;0;
202300002282;155676552;B01;1;7;0;2;0;11;0;
202300002283;155676545;A01;1;7;0;1;2;1;1;
202300002284;155676541;A01;1;7;0;2;2;17;1;
202300002284;155676543;B01;1;7;0;2;8;15;1;
202300002285;155676542;B01;1;32;0;2;8;15;1;
202300002285;155676544;A01;2;37;0;2;1;1;6;4.0
202300002286;155676540;A01;2;7;8;0;8;19;1;
202300002287;155676538;A01;3;33;0;2;1;0;1;
202300002287;155676539;B01;0;0;0;2;0;0;0;
202300002288;155676534;B01;1;7;0;2;8;1;1;
202300002288;155676536;Z01;1;7;0;2;0;9;6;
202300002288;155676537;A01;1;7;0;2;3;14;1;
202300002289;155676535;A01;1;33;0;1;0;1;1;
202300002290;155676532;A01;1;33;4;0;3;17;1;
202300002291;155676531;B01;1;34;0;2;1;3;1;
202300002291;155676533;A01;1;3;0;2;3;13;1;
202300002292;155676525;B01;1;33;0;2;8;1;1;
202300002292;155676527;A01;1;7;0;2;1;19;1;
202300002292;155676530;C01;2;7;0;0;3;23;1;
202300002293;155676524;D01;1;7;0;2;4;23;0;
202300002293;155676526;A01;1;7;0;2;1;2;0;
202300002293;155676528;B01;1;7;0;2;4;2;0;
202300002293;155676529;C01;1;7;0;2;4;23;0;
202300002294;155676522;A01;1;10;0;1;3;1;1;
202300002295;155676521;A01;1;33;0;2;7;17;1;
202300002295;155676523;B01;1;7;0;2;1;15;1;
202300002296;155676519;B01;1;7;0;2;6;1;1;
202300002296;155676520;A01;1;7;0;2;2;15;1;
202300002297;155676518;A01;2;7;2;0;1;1;1;
202300002298;155676517;A01;2;33;0;0;8;0;1;
202300002299;155676514;B01;1;2;0;2;2;17;0;
202300002299;155676516;A01;1;10;0;2;3;15;0;
202300002300;155676512;A01;2;7;0;2;1;1;3;
202300002300;155676513;B01;2;10;0;2;4;23;1;
202300002300;155676515;C01;2;10;0;2;4;23;1;
202300002301;155676510;A01;2;7;2;0;1;1;1;
202300002302;155676508;B01;2;7;0;2;4;2;1;
202300002302;155676509;C01;2;7;0;2;4;2;1;
202300002302;155676511;A01;2;7;0;2;1;2;1;
202300002303;155676506;A01;1;7;0;1;1;2;1;
202300002304;155676505;A01;1;7;0;0;1;17;1;
202300002304;155676507;B01;2;7;0;0;1;1;1;
202300002305;155676504;A01;3;32;0;0;0;16;1;
202300002306;155676500;A01;3;7;8;2;1;19;1;
202300002306;155676502;B01;3;7;0;2;8;1;1;
202300002307;155676499;A01;2;30;0;2;3;16;0;
202300002307;155676501;B01;1;7;0;2;3;16;0;
202300002308;155676498;A01;1;7;0;1;1;1;1;
202300002309;155676495;A01;2;7;6;0;1;17;1;
202300002310;155676496;A01;2;10;0;2;6;13;1;
202300002310;155676497;B01;2;33;3;2;2;3;1;
202300002311;155676492;A01;1;30;0;2;8;18;1;
202300002311;155676494;B01;1;7;0;2;2;1;1;
202300002312;155676491;B01;1;7;0;2;6;1;1;
202300002312;155676493;A01;1;15;0;2;2;14;1;
202300002313;155676488;B01;2;7;0;2;6;0;0;
202300002313;155676489;A01;2;34;0;2;1;0;1;
202300002314;155676485;B01;2;7;0;2;1;15;1;
202300002314;155676487;A01;1;7;9;2;1;1;1;
202300002315;155676484;B01;2;32;0;2;1;3;1;
202300002315;155676486;A01;2;7;0;2;7;12;1;
202300002316;155676481;A01;2;7;0;2;1;1;1;
202300002316;155676483;B01;2;7;0;2;4;1;1;
202300002317;155676478;A01;2;33;0;0;7;26;1;
202300002318;155676477;C01;1;7;0;2;4;2;1;
202300002318;155676479;A01;1;7;0;2;1;2;1;
202300002318;155676480;B01;1;7;0;2;4;2;1;
202300002318;155676482;D01;1;10;0;2;4;2;1;
202300002319;155676476;A01;1;7;4;2;1;2;1;
202300002320;155676475;B01;0;31;0;2;4;9;6;
202300002321;155676473;B01;2;33;0;2;1;1;1;
202300002321;155676474;A01;2;7;4;0;3;0;1;
202300002322;155676470;B01;2;7;0;2;4;1;1;
202300002322;155676471;C01;2;7;0;2;4;1;1;
202300002322;155676472;A01;2;7;0;2;1;1;1;
202300002323;155676468;A01;2;50;0;0;0;1;3;
202300002324;155676467;A01;2;33;0;2;3;13;1;
202300002324;155676469;B01;2;7;0;2;7;1;1;
202300002325;155676466;A01;2;1;0;0;0;1;5;
202300002326;155676465;A01;2;43;0;0;2;3;1;
202300002327;155676463;A01;3;7;0;1;4;4;1;
202300002328;155676460;A01;2;34;0;0;8;1;1;
202300002329;155676459;A01;1;50;0;2;1;15;3;
202300002329;155676461;B01;2;7;0;2;1;16;1;
202300002330;155676456;B01;2;7;0;2;8;13;1;
202300002330;155676458;A01;2;43;0;2;1;3;1;
202300002331;155676455;B01;2;1;0;2;1;0;5;
202300002331;155676457;A01;2;7;0;9;3;9;1;
202300002332;155676453;B01;2;15;4;2;2;12;1;
202300002332;155676454;A01;2;7;4;2;3;1;1;
202300002333;155676452;A01;1;7;0;1;3;1;0;
202300002334;155676450;A01;3;7;0;1;1;15;1;
202300002335;155676449;B01;2;7;0;2;2;12;1;
202300002335;155676451;A01;2;31;0;2;8;3;1;
202300002336;155676448;A01;3;30;12;9;7;26;0;
202300002337;155676447;A01;2;7;0;1;3;1;1;
202300002338;155676444;B01;1;1;0;2;1;2;5;
202300002338;155676446;A01;1;7;0;9;5;19;1;
202300002339;155676443;A01;1;7;6;2;1;1;1;
202300002339;155676445;B01;2;7;1;2;9;1;1;
202300002340;155676441;A01;1;7;0;1;3;1;1;
202300002341;155676440;A01;2;31;0;2;1;17;1;
202300002341;155676442;B01;2;7;0;2;8;2;1;
202300002342;155676438;A01;1;1;0;2;1;1;6;
202300002342;155676439;B01;2;7;0;2;1;16;1;
202300002343;155676434;B01;1;7;0;2;1;1;1;
202300002343;155676435;A01;2;7;0;2;1;15;2;
202300002344;155676436;A01;1;30;0;2;1;1;1;
202300002344;155676437;B01;2;7;0;2;2;15;1;
202300002345;155676432;A01;2;10;0;2;1;1;1;
202300002345;155676433;B01;2;7;0;2;6;23;1;
202300002346;155676429;A01;1;7;0;1;1;15;1;
202300002347;155676428;A01;1;7;0;2;1;2;1;
202300002347;155676430;B01;1;7;0;2;4;23;1;
202300002347;155676431;C01;1;7;0;2;4;23;1;
202300002348;155676427;A01;1;1;0;1;1;21;5;
202300002349;155676424;B01;1;7;0;2;7;21;1;
202300002349;155676426;A01;1;7;0;2;1;16;1;
202300002350;155676425;A01;3;37;0;1;5;15;1;1.0
202300002351;155676423;A01;3;7;2;2;1;14;1;
202300002352;155676421;A01;2;7;0;2;3;15;1;
202300002352;155676422;B01;2;1;0;2;2;1;5;
202300002353;155676420;A01;1;7;0;1;8;2;1;
202300002354;155676418;B01;1;7;0;2;1;1;1;
202300002354;155676419;A01;1;7;0;2;4;1;1;
202300002355;155676417;A01;1;7;5;0;1;1;1;
202300002356;155676415;A01;1;30;0;2;4;1;1;
202300002356;155676416;B01;1;15;0;2;2;2;1;
202300002357;155676414;A01;1;7;4;0;3;9;1;
202300002358;155676412;B01;2;14;0;2;3;1;1;
202300002358;155676413;A01;2;7;0;2;5;9;1;
202300002359;155676411;A01;2;7;0;1;2;1;0;
202300002360;155676410;A01;2;7;1;0;2;14;1;
202300002361;155676409;A01;2;7;0;1;1;17;1;
202300002362;155676408;A01;1;7;0;1;1;1;1;
202300002363;155676407;A01;1;14;0;1;2;1;1;
202300002364;155676405;B01;3;33;0;2;8;3;1;
202300002364;155676406;A01;3;7;0;2;2;16;0;
202300002365;155676402;A01;1;7;0;9;1;15;1;
202300002365;155676404;B01;2;50;0;2;1;0;3;
202300002366;155676403;A01;2;2;12;5;2;14;1;
202300002367;155676400;A01;1;7;2;0;1;1;-1;
202300002368;155676399;B01;3;7;0;2;7;19;1;
202300002368;155676401;A01;3;7;0;2;1;1;1;
202300002369;155676397;A01;1;50;13;0;1;1;3;
202300002370;155676395;A01;2;7;0;1;2;1;1;
202300002371;155676393;A01;3;30;13;0;0;1;1;
202300002372;155676394;A01;1;7;0;0;3;1;2;
202300002373;155676390;C01;1;10;0;2;1;2;1;
202300002373;155676391;A01;1;7;0;2;1;2;1;
202300002373;155676392;B01;1;7;0;2;4;23;1;
202300002374;155676388;A01;3;7;15;0;1;20;0;
202300002375;155676387;B01;1;7;0;2;1;17;1;
202300002375;155676389;A01;1;7;0;2;3;10;1;
202300002376;155676386;A01;1;7;8;1;2;1;1;
202300002377;155676383;B01;1;7;0;2;1;1;1;
202300002377;155676384;A01;3;80;0;2;1;19;3;
202300002378;155676380;B01;1;30;0;2;1;17;1;
202300002378;155676381;A01;1;13;0;2;6;15;1;
202300002379;155676378;A01;1;31;12;0;0;0;1;
202300002380;155676379;B01;2;7;0;2;1;1;1;
202300002380;155676382;A01;3;7;0;2;7;19;1;
202300002381;155676377;A01;1;7;0;1;2;1;1;
202300002382;155676375;B01;1;80;0;2;7;1;3;
202300002382;155676376;A01;1;33;0;2;1;1;1;
202300002383;155676373;A01;2;7;0;2;3;15;1;
202300002383;155676374;B01;2;30;0;2;1;1;3;
202300002384;155676372;A01;2;30;0;0;8;21;1;
202300002385;155676370;B01;1;2;0;2;1;1;1;
202300002385;155676371;A01;2;7;0;2;7;15;1;
202300002386;155676367;B01;2;32;0;2;1;1;3;
202300002386;155676369;A01;2;7;0;2;3;15;1;
202300002387;155676366;A01;3;7;0;2;3;9;1;
202300002387;155676368;B01;1;2;0;2;1;1;1;
202300002388;155676363;A01;3;7;0;2;1;17;1;
202300002388;155676365;B01;3;7;0;2;1;1;1;
202300002389;155676361;B01;1;31;0;2;1;1;1;
202300002389;155676364;A01;3;7;0;2;3;26;1;
202300002390;155676360;B01;1;7;0;2;8;15;1;
202300002390;155676362;A01;1;31;0;2;1;15;1;
202300002391;155676357;B01;1;7;0;2;1;1;1;
202300002391;155676358;A01;1;10;0;2;6;11;1;
202300002392;155676355;A01;2;50;0;0;0;1;3;
202300002393;155676356;A01;2;32;0;2;1;21;1;
202300002393;155676359;B01;1;7;0;9;3;15;1;
202300002394;155676353;A01;1;7;0;2;3;0;1;
202300002394;155676354;B01;1;50;0;2;0;0;3;
202300002395;155676348;B01;1;7;0;2;4;2;1;
202300002395;155676350;A01;1;7;0;2;1;2;1;
202300002396;155676349;A01;1;30;0;2;1;2;1;
202300002396;155676351;B01;1;30;0;2;4;23;1;
202300002397;155676346;B01;3;1;0;2;7;1;5;
202300002397;155676347;A01;2;7;0;2;3;9;1;
202300002398;155676344;A01;3;7;0;2;6;26;1;
202300002398;155676345;B01;3;10;0;2;1;2;1;
202300002399;155676342;A01;2;10;0;2;1;1;1;
202300002399;155676343;B01;2;7;0;1;1;1;1;
202300002400;155676339;B01;2;31;0;2;7;1;1;
202300002400;155676341;A01;3;7;0;2;1;9;1;
202300002401;155676336;B01;1;1;0;2;3;1;5;
202300002401;155676338;A01;1;17;0;2;5;17;1;
202300002402;155676337;A01;3;7;0;2;2;15;1;
202300002402;155676340;B01;3;7;0;2;1;1;1;
202300002403;155676334;B01;3;7;0;2;4;2;1;
202300002403;155676335;A01;3;7;0;2;1;2;1;
202300002404;155676331;A01;0;1;1;2;8;21;5;
202300002404;155676332;B01;0;7;0;2;7;1;3;
202300002405;155676330;B01;1;7;-1;2;2;1;-1;
202300002405;155676333;A01;3;2;0;2;3;16;1;
202300002406;155676326;A01;1;7;0;2;8;15;1;
202300002406;155676328;B01;1;17;0;2;1;1;1;
202300002406;155676329;C01;2;7;0;2;1;1;4;
202300002407;155676324;A01;1;10;0;1;0;1;1;
202300002408;155676322;B01;2;17;0;0;0;0;1;
202300002408;155676323;A01;2;7;4;2;2;1;1;
202300002409;155676318;A01;1;30;0;2;1;17;1;
202300002409;155676319;B01;1;14;0;2;3;15;1;
202300002410;155676316;A01;3;7;0;1;3;1;1;
202300002411;155676313;A01;1;1;0;2;6;15;5;
202300002411;155676314;B01;1;33;0;2;2;17;1;
202300002412;155676311;A01;1;7;2;0;8;21;1;
202300002413;155676310;A01;1;7;0;2;1;1;2;
202300002413;155676312;P01;1;50;0;2;1;1;3;
202300002414;155676309;A01;2;7;1;0;2;14;1;
202300002415;155676307;A01;1;7;0;1;3;1;1;
202300002416;155676305;A01;3;7;0;2;1;1;1;
202300002416;155676306;B01;3;7;0;2;4;26;1;
202300002417;155676303;A01;2;31;11;0;1;1;1;
202300002418;155676302;A01;2;50;0;2;1;1;3;
202300002418;155676304;B01;1;7;0;9;3;16;-1;
202300002419;155676298;A01;2;15;0;2;7;14;1;
202300002419;155676300;B01;2;7;0;2;6;1;2;
202300002419;155676301;C01;2;7;0;2;1;2;1;
202300002420;155676299;A01;2;7;0;0;9;14;1;
202300002421;155676297;A01;3;37;0;0;1;14;1;4.0
202300002422;155676296;A01;2;7;1;0;9;1;1;
202300002423;155676293;A01;1;15;0;2;2;1;1;
202300002423;155676295;B01;2;7;0;2;3;19;1;
202300002424;155676291;A01;1;7;0;2;1;5;1;
202300002424;155676294;B01;2;7;0;2;1;1;1;
202300002425;155676290;A01;1;30;0;2;1;16;1;
202300002425;155676292;B01;1;38;0;2;7;1;1;1.0
202300002426;155676289;A01;1;7;6;0;1;1;1;
202300002427;155676287;A01;1;7;0;2;8;13;1;
202300002427;155676288;B01;2;7;0;0;0;0;1;
202300002428;155676284;A01;2;7;13;0;1;0;1;
202300002429;155676285;A01;1;7;0;2;2;15;1;
202300002429;155676286;B01;2;31;0;2;1;1;1;
202300002430;155676282;A01;2;7;0;2;2;0;1;