Num_Acc;id_vehicule;num_veh;senc;catv;obs;obsm;choc;manv;motor;occutc
202300002430;155676283;B01;1;30;0;2;6;0;1;
202300002431;155676279;A01;1;7;0;2;3;15;1;
202300002431;155676281;B01;2;31;0;2;1;1;1;
202300002432;155676278;A01;3;7;0;2;3;9;3;
202300002432;155676280;B01;3;2;0;2;7;1;1;
202300002433;155676277;A01;2;7;2;0;1;14;1;
202300002434;155676276;A01;0;7;0;1;1;1;1;
202300002435;155676272;A01;3;50;0;2;7;19;3;
202300002435;155676274;B01;2;10;0;2;3;1;1;
202300002436;155676270;B01;0;7;0;2;6;1;1;
202300002436;155676273;A01;0;50;0;2;1;19;3;
202300002437;155676267;A01;3;32;0;2;1;16;1;
202300002437;155676269;B01;3;7;0;2;3;1;1;
202300002438;155676268;A01;3;7;2;0;1;1;1;
202300002439;155676262;A01;0;7;0;2;1;17;1;
202300002439;155676265;B01;0;7;0;2;1;1;3;
202300002439;155676266;C01;0;7;0;2;1;1;1;
202300002440;155676261;A01;2;7;0;2;1;13;1;
202300002440;155676264;B01;1;7;0;2;1;1;2;
202300002441;155676260;B01;1;7;0;2;3;1;0;
202300002441;155676263;A01;2;7;0;2;3;2;0;
202300002442;155676258;A01;2;7;0;1;2;15;1;
202300002443;155676256;A01;3;7;0;2;3;26;1;
202300002443;155676259;B01;3;7;0;2;0;0;1;
202300002444;155676254;A01;1;7;0;2;3;13;1;
202300002444;155676257;B01;2;13;0;2;3;1;1;
202300002445;155676252;B01;2;1;0;2;7;1;5;
202300002445;155676255;A01;2;7;0;2;3;9;0;
202300002446;155676250;A01;2;32;0;2;7;3;3;
202300002446;155676251;B01;2;33;0;2;1;1;1;
202300002446;155676253;C01;2;7;0;2;4;2;1;
202300002447;155676247;B01;2;1;0;2;1;25;5;
202300002447;155676249;A01;3;7;0;9;3;9;1;
202300002448;155676245;A01;1;33;0;2;1;3;1;
202300002448;155676248;B01;1;7;0;2;4;1;1;
202300002449;155676244;A01;2;7;0;2;1;1;1;
202300002449;155676246;B01;2;7;0;2;4;1;1;
202300002450;155676240;A01;3;43;0;2;1;1;1;
202300002450;155676241;B01;3;7;0;2;5;9;1;
202300002451;155676239;A01;1;7;4;0;2;1;1;
202300002452;155676236;B01;0;37;0;2;3;1;1;1.0
202300002452;155676238;A01;0;7;0;2;1;9;1;
202300002453;155676235;Y01;3;1;0;2;1;1;5;
202300002453;155676237;A01;3;7;0;2;2;15;1;
202300002454;155676234;A01;1;7;13;0;0;1;1;
202300002455;155676232;A01;3;7;6;0;3;20;1;
202300002456;155676229;A01;2;7;0;2;1;1;1;
202300002456;155676230;B01;2;15;0;2;4;1;1;
202300002457;155676228;B01;1;2;0;2;1;1;1;
202300002457;155676231;A01;1;37;0;2;2;10;1;1.0
202300002458;155676227;A01;3;7;0;1;1;15;3;
202300002459;155676225;A01;3;7;13;0;7;0;1;
202300002460;155676224;A01;1;7;0;2;2;15;1;
202300002460;155676226;B01;2;1;0;2;1;1;5;
202300002461;155676222;B01;3;33;0;2;4;23;1;
202300002461;155676223;A01;3;7;0;2;1;2;1;
202300002462;155676219;A01;1;7;0;0;1;1;1;
202300002462;155676221;B01;2;10;0;0;1;1;1;
202300002463;155676217;A01;1;37;0;2;1;1;1;1.0
202300002463;155676220;B01;2;7;0;0;0;1;1;
202300002464;155676218;A01;1;1;0;1;1;1;5;
202300002465;155676215;B01;2;33;0;2;1;1;1;
202300002465;155676216;A01;2;7;0;2;8;9;0;
202300002466;155676213;A01;0;10;0;1;3;1;1;
202300002467;155676214;A01;3;31;0;0;2;1;1;
202300002468;155676209;A01;2;15;0;2;2;17;1;
202300002468;155676212;B01;2;7;0;0;4;1;1;
202300002469;155676211;A01;2;7;8;0;3;14;1;
202300002470;155676208;A01;1;7;0;2;8;15;1;
202300002470;155676210;B01;1;30;0;2;1;1;1;
202300002471;155676207;A01;2;7;8;0;1;1;1;
202300002472;155676205;A01;3;10;0;2;1;0;0;
202300002472;155676206;B01;2;1;0;2;1;1;5;
202300002473;155676201;A01;1;7;0;2;1;1;1;
202300002473;155676203;B01;1;7;0;2;4;1;1;
202300002473;155676204;C01;1;7;0;2;4;1;1;
202300002474;155676199;B01;1;7;0;0;8;15;0;
202300002474;155676202;A01;1;7;0;0;2;17;0;
202300002475;155676195;A01;2;7;0;2;1;21;1;
202300002475;155676198;B01;1;7;0;2;3;23;1;
202300002475;155676200;C01;2;10;0;2;6;24;1;
202300002476;155676194;A01;1;7;0;2;2;1;1;
202300002476;155676196;B01;2;7;0;2;2;1;1;
202300002477;155676193;A01;2;7;0;2;4;2;1;
202300002477;155676197;Z01;2;7;0;2;1;2;1;
202300002478;155676191;A01;1;7;0;1;1;15;0;
202300002479;155676189;B01;2;7;0;2;1;2;1;
202300002479;155676192;A01;1;7;0;2;5;2;1;
202300002480;155676188;A01;2;10;13;2;5;9;1;
202300002480;155676190;B01;2;7;9;2;1;1;1;
202300002481;155676184;C01;3;7;0;2;5;1;1;
202300002481;155676186;A01;3;7;1;0;4;4;1;
202300002481;155676187;B01;3;7;1;0;5;24;1;
202300002482;155676183;A01;3;7;0;2;1;2;1;
202300002482;155676185;B01;3;7;0;2;4;2;1;
202300002483;155676182;A01;2;7;13;0;9;1;0;
202300002484;155676177;A01;3;7;0;2;1;1;1;
202300002484;155676180;B01;3;7;0;2;4;1;1;
202300002484;155676181;C01;3;7;0;2;4;23;2;
202300002485;155676179;A01;1;7;0;1;3;19;2;
202300002486;155676174;A01;1;7;0;1;3;15;0;
202300002487;155676173;A01;2;7;6;0;5;1;1;
202300002488;155676172;A01;2;7;0;2;3;15;1;
202300002488;155676175;B01;1;33;0;2;2;21;1;
202300002489;155676168;A01;3;7;0;1;4;4;1;
202300002490;155676167;A01;1;7;0;2;2;16;1;
202300002490;155676170;B01;1;50;0;2;1;1;3;
202300002491;155676169;A01;1;7;0;2;3;1;1;
202300002491;155676171;B01;0;50;0;2;0;19;3;
202300002492;155676165;A01;2;7;9;0;1;1;1;
202300002493;155676166;A01;3;10;0;1;2;26;1;
202300002494;155676163;A01;1;50;0;2;8;19;3;
202300002494;155676164;B01;1;7;0;9;1;15;1;
202300002495;155676158;C01;1;7;0;2;0;1;1;
202300002495;155676160;B01;1;7;0;2;0;1;1;
202300002495;155676161;A01;1;7;0;2;0;1;1;
202300002496;155676157;A01;1;7;0;1;1;15;1;
202300002497;155676154;B01;3;7;0;2;2;15;1;
202300002497;155676156;A01;2;33;0;2;8;1;1;
202300002498;155676153;A01;1;7;0;1;1;9;3;
202300002499;155676150;B01;1;7;0;2;4;2;1;
202300002499;155676152;A01;1;7;0;2;3;2;1;
202300002499;155676155;C01;1;7;0;2;8;1;1;
202300002500;155676149;A01;3;10;0;2;3;2;1;
202300002500;155676151;B01;3;14;0;0;5;23;1;
202300002501;155676148;A01;1;7;0;1;2;16;1;
202300002502;155676146;B01;0;13;0;0;8;24;1;
202300002502;155676147;A01;3;13;1;0;5;17;1;
202300002503;155676144;A01;1;7;0;2;1;13;0;
202300002503;155676145;B01;2;7;0;2;1;21;0;
202300002504;155676141;A01;3;7;0;2;6;0;1;
202300002504;155676143;B01;3;14;0;2;0;0;1;
202300002505;155676138;B01;1;7;0;2;1;2;3;
202300002505;155676140;A01;1;7;0;2;4;2;1;
202300002506;155676139;A01;2;7;0;2;3;11;1;
202300002506;155676142;B01;2;33;0;2;5;3;1;
202300002507;155676136;A01;1;7;4;0;1;1;1;
202300002508;155676134;B01;3;7;0;2;1;15;1;
202300002508;155676137;A01;3;1;0;2;7;1;5;
202300002509;155676133;A01;2;7;0;2;2;12;1;
202300002509;155676135;B01;2;31;0;2;8;3;1;
202300002510;155676131;A01;3;80;0;1;1;1;3;
202300002511;155676132;A01;0;37;0;1;2;1;1;1.0
202300002512;155676129;B01;1;7;0;2;8;1;0;
202300002512;155676130;A01;2;7;11;2;2;1;0;
202300002513;155676128;A01;2;10;0;1;1;1;1;
202300002514;155676125;Z01;3;7;0;2;7;16;1;
202300002514;155676127;Y01;3;1;0;2;0;0;5;
202300002515;155676124;A01;3;33;14;0;1;1;1;
202300002516;155676123;A01;3;2;0;2;3;2;1;
202300002516;155676126;Z01;3;7;0;2;6;1;0;
202300002517;155676121;A01;2;7;6;0;1;14;0;
202300002518;155676122;A01;3;32;0;1;1;1;1;
202300002519;155676118;A01;1;7;0;1;1;1;1;
202300002519;155676120;B01;1;43;0;2;1;1;1;
202300002520;155676117;B01;2;1;16;2;3;0;0;
202300002520;155676119;A01;2;7;0;2;2;16;1;
202300002521;155676115;A01;2;33;0;2;2;1;1;
202300002521;155676116;B01;3;10;0;2;8;19;1;
202300002522;155676113;A01;2;50;14;0;0;1;3;
202300002523;155676111;B01;1;7;0;2;1;5;1;
202300002523;155676112;C01;2;7;0;2;1;5;1;
202300002523;155676114;A01;2;7;0;2;1;5;1;
202300002524;155676110;A01;1;7;0;1;1;1;1;
202300002525;155676107;B01;1;7;0;2;3;1;1;
202300002525;155676109;A01;1;43;0;2;3;7;1;
202300002526;155676106;A01;1;7;0;2;0;5;0;
202300002526;155676108;B01;2;2;0;2;0;1;3;
202300002527;155676104;B01;3;7;0;2;3;0;1;
202300002527;155676105;A01;3;30;0;2;3;1;3;
202300002528;155676103;A01;2;1;0;1;1;1;5;
202300002529;155676102;A01;1;7;0;1;2;17;1;
202300002530;155676100;A01;1;7;0;1;3;15;1;
202300002531;155676098;B01;3;7;0;2;2;15;1;
202300002531;155676101;A01;3;2;0;2;1;17;3;
202300002532;155676099;A01;2;7;0;1;2;1;1;
202300002533;155676095;A01;3;43;0;2;2;21;1;
202300002534;155676094;A01;1;7;0;2;1;1;1;
202300002534;155676097;B01;2;7;0;2;1;5;1;
202300002535;155676093;B01;0;32;0;2;1;1;0;
202300002535;155676096;A01;0;7;0;2;3;15;0;
202300002536;155676091;B01;1;80;0;2;1;21;3;
202300002536;155676092;A01;1;10;0;2;3;10;1;
202300002537;155676088;B01;2;7;0;2;3;1;1;
202300002537;155676090;A01;1;33;0;2;1;17;1;
202300002538;155676087;A01;2;7;0;2;2;15;1;
202300002538;155676089;B01;1;2;0;2;3;1;1;
202300002539;155676085;Z01;2;1;0;2;4;1;5;
202300002539;155676086;A01;2;1;0;2;1;1;5;
202300002540;155676083;A01;1;7;0;1;3;26;1;
202300002541;155676084;A01;1;30;0;0;3;2;6;
202300002542;155676082;A01;3;7;2;0;8;1;1;
202300002543;155676078;B01;2;34;0;2;1;16;1;
202300002543;155676080;A01;1;7;0;2;2;15;1;
202300002544;155676077;C01;2;33;0;2;1;21;1;
202300002544;155676079;B01;2;10;0;2;3;1;1;
202300002544;155676081;A01;2;33;0;2;1;13;1;
202300002545;155676073;A01;1;7;0;2;1;21;1;
202300002545;155676074;B01;1;7;0;2;4;0;1;
202300002546;155676071;B01;3;7;0;2;2;1;1;
202300002546;155676072;C01;3;7;0;2;5;1;1;
202300002546;155676075;D01;3;7;0;2;3;24;1;
202300002546;155676076;A01;3;7;1;0;1;0;1;
202300002547;155676070;A01;2;30;0;2;4;2;3;
202300002548;155676065;B01;3;43;0;2;1;13;1;
202300002548;155676067;A01;3;7;0;2;2;15;1;
202300002549;155676063;C01;1;36;0;2;3;0;6;
202300002549;155676064;D01;1;36;0;2;6;0;6;
202300002549;155676066;E01;1;36;0;0;0;1;6;
202300002549;155676068;A01;2;10;0;0;2;1;6;
202300002549;155676069;B01;1;7;0;2;9;5;0;
202300002550;155676058;A01;1;10;2;0;2;13;0;
202300002551;155676059;B01;2;1;1;0;0;1;5;
202300002551;155676060;A01;1;7;0;2;5;1;1;
202300002552;155676055;A01;2;7;0;2;3;15;0;
202300002552;155676057;B01;1;7;0;2;1;1;0;
202300002553;155676054;B01;2;7;0;2;2;1;1;
202300002553;155676056;A01;1;7;0;2;3;19;1;
202300002554;155676053;A01;3;7;0;1;1;1;0;
202300002555;155676052;A01;0;7;0;1;3;1;1;
202300002556;155676049;A01;3;30;0;2;1;1;0;
202300002556;155676051;B01;3;7;0;2;6;15;0;
202300002557;155676048;A01;1;7;0;2;3;13;1;
202300002557;155676050;B01;2;7;0;2;3;0;1;
202300002558;155676047;A01;3;7;0;1;3;16;0;
202300002559;155676043;A01;2;7;0;2;2;15;1;
202300002559;155676045;B01;2;30;0;2;1;1;1;
202300002560;155676044;A01;1;7;0;2;6;13;1;
202300002560;155676046;B01;2;7;0;2;8;1;1;
202300002561;155676041;A01;3;2;0;0;7;1;1;
202300002562;155676040;A01;1;7;0;2;7;15;1;
202300002562;155676042;B01;2;2;0;2;2;1;1;
202300002563;155676038;A01;1;7;0;1;1;1;4;
202300002564;155676037;B01;3;7;8;1;7;2;1;
202300002564;155676039;A01;3;7;12;2;1;1;1;
202300002565;155676036;A01;1;33;13;0;0;2;1;
202300002566;155676034;A01;3;7;5;2;2;13;1;
202300002566;155676035;B01;3;7;0;2;2;1;1;
202300002567;155676031;A01;3;7;0;2;8;1;1;
202300002567;155676033;B01;3;7;0;2;8;9;1;
202300002568;155676030;A01;3;7;0;2;2;15;1;
202300002568;155676032;B01;3;2;0;2;1;1;1;
202300002569;155676028;A01;2;7;0;1;1;1;1;
202300002570;155676027;A01;1;1;0;2;7;26;5;
202300002570;155676029;B01;1;7;0;2;3;0;1;
202300002571;155676025;A01;1;50;1;0;1;1;3;
202300002572;155676024;A01;1;7;4;2;3;14;1;
202300002572;155676026;B01;2;7;4;2;3;15;1;
202300002573;155676022;A01;3;7;1;-1;1;1;1;
202300002573;155676023;B01;3;7;0;-1;4;24;1;
202300002574;155676021;A01;3;7;0;1;2;1;1;
202300002575;155676019;B01;2;33;0;2;1;1;1;
202300002575;155676020;A01;2;7;0;2;3;15;1;
202300002576;155676016;A01;1;7;0;1;3;1;1;
202300002577;155676017;A01;2;10;0;2;3;13;1;
202300002577;155676018;B01;1;15;0;2;3;1;1;
202300002578;155676015;A01;3;7;0;1;2;1;1;
202300002579;155676013;A01;2;7;1;0;1;26;1;
202300002580;155676010;B01;3;7;0;2;1;1;1;
202300002580;155676012;A01;3;7;0;2;1;16;1;
202300002581;155676011;B01;2;7;0;2;8;1;1;
202300002581;155676014;A01;1;7;0;2;1;1;1;
202300002582;155676008;A01;2;7;1;0;3;5;1;
202300002583;155676006;A01;2;1;12;0;7;26;5;
202300002584;155676005;A01;3;7;0;1;3;1;1;
202300002585;155676004;A01;2;7;2;0;1;14;1;
202300002586;155676000;B01;1;7;0;2;1;1;1;
202300002586;155676003;A01;2;7;0;2;3;15;1;
202300002587;155675998;A01;2;2;0;0;1;2;1;
202300002587;155676001;B01;2;38;0;0;4;1;1;1.0
202300002588;155675994;B01;0;7;0;2;4;15;1;
202300002588;155675996;A01;0;7;5;2;1;1;1;
202300002589;155675995;B01;1;50;0;2;6;1;3;
202300002589;155675997;A01;1;7;0;2;1;26;1;
202300002590;155675992;A01;2;3;15;2;3;13;1;
202300002590;155675993;B01;1;7;15;2;2;1;1;
202300002591;155675989;A01;2;7;0;1;1;1;1;
202300002592;155675988;A01;1;2;0;2;1;0;1;
202300002592;155675991;B01;2;7;0;2;8;1;1;
202300002593;155675987;B01;2;7;0;2;1;1;1;
202300002593;155675990;A01;1;7;0;2;1;13;1;
202300002594;155675985;A01;1;3;0;0;9;15;1;
202300002595;155675984;B01;3;7;0;2;2;1;1;
202300002595;155675986;A01;3;7;0;2;3;9;1;
202300002596;155675983;A01;0;33;0;0;0;0;0;
202300002597;155675981;N01;1;33;0;1;0;1;0;
202300002598;155675982;A01;1;7;0;1;1;1;1;
202300002599;155675980;A01;1;34;0;1;1;1;1;
202300002600;155675979;A01;2;50;1;0;1;1;3;
202300002601;155675977;B01;1;1;0;2;1;1;5;
202300002601;155675978;A01;2;7;0;2;5;15;1;
202300002602;155675973;B01;3;7;1;0;1;1;2;
202300002602;155675976;A01;3;7;0;2;2;9;0;
202300002603;155675974;B01;0;7;0;2;3;0;1;
202300002603;155675975;A01;1;7;1;2;1;9;1;
202300002604;155675972;A01;1;10;0;1;7;16;1;
202300002605;155675970;A01;1;7;0;1;2;1;1;
202300002606;155675968;A01;1;32;0;2;3;10;1;
202300002606;155675971;B01;1;7;0;2;2;1;1;
202300002607;155675967;B01;2;7;0;9;6;1;1;
202300002607;155675969;A01;2;7;3;2;1;17;1;
202300002608;155675964;A01;1;7;6;0;1;1;1;
202300002609;155675963;A01;3;7;0;2;5;16;1;
202300002609;155675966;B01;3;1;0;2;0;0;5;
202300002610;155675962;B01;3;7;0;2;4;2;1;
202300002610;155675965;A01;3;10;0;2;2;2;1;
202300002611;155675959;Z01;1;30;0;1;1;0;1;
202300002612;155675958;A01;3;7;0;1;1;15;1;
202300002613;155675955;A01;0;7;0;0;1;2;0;
202300002613;155675956;B01;3;33;0;0;4;2;1;
202300002614;155675954;A01;3;33;0;0;8;1;1;
202300002615;155675953;A01;2;30;0;0;0;9;1;
202300002616;155675952;A01;1;10;3;9;2;2;2;
202300002617;155675950;B01;1;7;0;2;4;0;0;
202300002617;155675951;A01;1;10;0;2;1;1;1;
202300002618;155675948;A01;2;33;0;0;7;21;1;
202300002619;155675947;A01;1;7;0;2;6;1;1;
202300002619;155675949;B01;1;2;0;2;1;1;1;
202300002620;155675943;A01;2;7;0;2;2;12;1;
202300002620;155675945;B01;2;7;0;2;6;2;2;
202300002621;155675942;A01;3;7;0;2;3;15;1;
202300002621;155675946;B01;3;34;0;2;7;15;0;
202300002622;155675941;A01;2;7;0;2;3;1;1;
202300002622;155675944;B01;1;7;0;2;6;1;1;
202300002623;155675939;A01;2;32;12;0;1;13;1;
202300002624;155675938;B01;1;7;0;2;3;1;1;
202300002624;155675940;A01;2;7;0;2;3;1;1;
202300002625;155675936;B01;3;7;0;2;4;23;1;
202300002625;155675937;A01;3;7;0;2;1;2;1;
202300002626;155675934;A01;2;10;0;2;6;24;1;
202300002626;155675935;B01;2;43;0;2;3;17;1;
202300002627;155675931;A01;1;7;4;2;2;17;1;
202300002627;155675933;B01;1;17;0;0;6;1;6;
202300002628;155675930;A01;0;10;0;1;4;4;1;
202300002629;155675929;B01;2;33;0;2;3;1;1;
202300002629;155675932;A01;1;7;0;2;1;15;1;
202300002630;155675928;A01;2;7;0;1;1;1;2;
202300002631;155675927;A01;1;50;0;1;1;0;3;
202300002632;155675926;A01;1;7;0;1;1;1;1;
202300002633;155675924;A01;1;14;0;1;3;1;1;
202300002634;155675922;A01;3;3;5;0;0;1;1;
202300002635;155675921;A01;2;7;0;2;6;15;0;
202300002635;155675925;B01;2;33;0;2;1;1;1;
202300002636;155675920;A01;2;80;0;2;8;15;3;
202300002636;155675923;Z01;2;2;0;2;0;17;1;
202300002637;155675918;A01;1;7;1;0;2;14;1;
202300002638;155675919;A01;2;7;0;1;1;1;1;
202300002639;155675917;A01;2;7;0;1;2;1;0;
202300002640;155675915;A01;1;7;2;0;1;14;1;
202300002641;155675914;A01;3;7;0;2;1;9;1;
202300002641;155675916;B01;3;31;0;2;8;1;3;
202300002642;155675912;A01;2;7;0;2;1;1;1;
202300002642;155675913;B01;1;7;0;2;1;17;1;
202300002643;155675909;A01;2;31;0;2;3;1;1;
202300002643;155675911;Z01;1;7;0;2;0;15;0;
202300002644;155675907;A01;3;7;0;2;5;19;1;
202300002644;155675910;B01;3;33;0;2;1;1;1;
202300002645;155675906;A01;2;7;3;0;4;2;1;
202300002645;155675908;B01;2;7;3;2;1;2;1;
202300002646;155675904;A01;1;7;0;1;2;1;1;
202300002647;155675903;A01;3;7;0;1;3;26;1;
202300002648;155675901;A01;2;10;0;1;1;1;1;
202300002649;155675900;A01;2;1;0;2;7;25;5;
202300002649;155675902;B01;3;7;0;9;2;26;1;
202300002650;155675899;A01;1;7;2;0;2;1;2;
202300002651;155675896;A01;2;7;0;2;8;10;1;
202300002651;155675898;B01;2;33;0;2;1;1;1;
202300002652;155675895;B01;1;7;0;2;3;2;1;
202300002652;155675897;A01;1;30;1;2;2;21;1;
202300002653;155675892;A01;1;10;0;2;7;15;1;
202300002653;155675893;B01;2;50;0;2;1;1;3;
202300002654;155675891;A01;2;2;0;2;1;1;1;
202300002654;155675894;B01;3;7;0;2;2;19;1;
202300002655;155675889;B01;2;80;1;0;1;1;3;
202300002655;155675890;A01;2;10;0;2;8;22;1;
202300002656;155675887;A01;1;7;2;0;1;1;0;
202300002657;155675886;B01;2;50;0;2;3;1;3;
202300002657;155675888;A01;2;7;0;2;2;16;1;
202300002658;155675885;A01;1;1;8;0;2;14;5;
202300002659;155675882;A01;2;7;0;2;3;23;1;
202300002659;155675884;B01;1;1;1;0;1;0;5;
202300002660;155675881;A01;1;7;0;1;8;15;2;
202300002661;155675879;B01;1;1;0;2;6;13;5;
202300002661;155675880;A01;1;33;0;2;1;2;1;
202300002662;155675876;B01;2;7;0;2;3;15;1;
202300002662;155675878;A01;2;2;0;2;1;13;1;
202300002663;155675875;A01;1;34;0;2;4;1;1;
202300002663;155675877;Z01;1;7;0;2;0;1;0;
202300002664;155675874;A01;1;33;3;0;3;13;1;
202300002665;155675872;A01;2;33;3;0;0;1;1;
202300002666;155675870;A01;1;7;12;0;2;14;1;
202300002667;155675871;B01;1;7;0;2;2;1;2;
202300002667;155675873;A01;1;1;0;2;4;9;5;
202300002668;155675864;B01;3;1;0;2;1;1;5;
202300002668;155675866;A01;3;80;0;2;3;9;3;
202300002669;155675867;A01;3;3;6;0;1;16;1;
202300002670;155675863;A01;1;7;0;2;6;9;1;
202300002670;155675865;B01;1;15;0;2;2;1;1;
202300002670;155675868;C01;1;10;3;2;2;1;1;
202300002670;155675869;D01;1;7;0;2;1;1;1;
202300002671;155675860;B01;3;1;0;2;3;2;5;
202300002671;155675862;A01;3;30;0;2;2;2;3;
202300002672;155675859;B01;2;7;0;2;3;1;1;
202300002672;155675861;A01;1;10;0;2;3;13;3;
202300002673;155675855;B01;1;34;0;2;1;1;1;
202300002673;155675857;A01;1;7;0;2;7;9;1;
202300002674;155675853;A01;2;7;3;0;4;2;2;
202300002674;155675856;B01;2;7;0;0;1;2;1;
202300002674;155675858;C01;2;7;0;0;0;2;1;
202300002675;155675850;A01;1;34;12;0;0;6;1;
202300002676;155675851;B01;0;7;0;2;1;1;1;
202300002676;155675852;A01;0;1;0;2;8;1;5;
202300002677;155675848;A01;1;1;0;1;1;1;5;
202300002678;155675847;A01;1;7;0;1;1;12;1;
202300002679;155675844;B01;2;7;0;2;4;0;0;
202300002679;155675846;A01;2;7;0;2;1;0;1;
202300002680;155675842;A01;1;7;0;2;3;17;1;
202300002680;155675845;B01;1;7;0;2;3;1;3;
202300002681;155675838;B01;1;10;0;2;0;0;1;
202300002681;155675840;A01;1;33;0;2;7;26;1;
202300002682;155675839;C01;1;10;0;2;1;2;3;
202300002682;155675841;B01;1;7;0;2;4;2;1;
202300002682;155675843;A01;1;7;0;2;4;23;1;
202300002683;155675836;A01;1;1;0;0;7;15;5;
202300002683;155675837;B01;1;10;0;2;8;19;1;
202300002684;155675834;A01;2;7;2;0;3;2;1;
202300002685;155675832;A01;2;33;0;2;1;1;1;
202300002685;155675835;B01;2;7;0;2;6;1;1;
202300002686;155675829;A01;2;7;0;0;1;13;1;
202300002686;155675831;B01;1;7;0;2;1;1;1;
202300002687;155675830;B01;2;7;0;0;4;0;1;
202300002687;155675833;A01;2;15;0;2;2;11;1;
202300002688;155675827;A01;3;7;0;2;1;1;1;
202300002688;155675828;B01;3;7;0;2;9;1;1;
202300002689;155675826;A01;2;7;0;0;0;1;1;
202300002690;155675820;B01;1;7;0;2;9;1;1;
202300002690;155675821;C01;1;7;0;0;4;1;1;
202300002690;155675824;A01;1;7;0;2;1;1;1;
202300002691;155675818;A01;2;7;0;2;1;1;1;
202300002691;155675822;E01;1;7;0;2;8;1;1;
202300002692;155675819;B01;1;7;0;0;3;2;1;
202300002692;155675823;C01;1;7;0;2;3;0;1;
202300002692;155675825;A01;2;33;0;2;1;13;0;
202300002693;155675815;A01;2;10;0;2;0;0;1;
202300002693;155675817;B01;1;30;0;2;0;0;1;
202300002694;155675813;A01;2;7;0;2;8;9;1;
202300002694;155675816;B01;3;33;0;2;7;1;1;
202300002695;155675814;A01;3;7;1;0;6;0;0;
202300002696;155675812;A01;1;1;1;0;0;1;5;
202300002697;155675811;A01;1;2;14;0;0;9;1;
202300002698;155675807;B01;1;7;0;2;4;23;1;
202300002698;155675809;A01;1;30;0;2;1;1;1;
202300002699;155675805;B01;0;37;0;2;7;0;1;1.0
202300002699;155675808;A01;0;30;0;2;0;1;1;
202300002700;155675806;A01;3;32;0;2;1;1;1;
202300002700;155675810;B01;3;7;0;2;6;15;1;
202300002701;155675802;A01;2;3;0;2;3;15;1;
202300002701;155675803;B01;1;33;0;2;1;1;1;
202300002702;155675801;A01;1;7;0;2;7;1;1;
202300002702;155675804;B01;1;1;0;2;8;1;5;
202300002703;155675799;A01;0;7;0;2;4;23;1;
202300002703;155675800;B01;0;7;0;2;1;2;1;
202300002704;155675796;A01;1;43;12;0;0;0;1;
202300002705;155675795;A01;1;7;0;2;4;2;1;
202300002705;155675797;C01;1;7;0;2;4;2;1;
202300002705;155675798;B01;1;7;0;2;4;1;1;
202300002706;155675793;A01;1;33;3;0;0;1;1;
202300002707;155675791;A01;3;31;0;2;1;13;0;
202300002707;155675794;B01;3;7;0;2;3;1;0;
202300002708;155675790;B01;1;10;0;2;6;4;1;
202300002708;155675792;A01;1;7;0;2;2;1;0;
202300002709;155675787;A01;2;7;0;2;0;0;1;
202300002709;155675789;B01;2;1;0;2;0;0;5;
202300002710;155675785;A01;1;50;0;2;1;25;3;
202300002710;155675788;B01;2;31;0;2;2;16;1;
202300002711;155675782;B01;1;7;0;2;0;0;1;
202300002711;155675783;A01;1;33;0;2;0;0;1;
202300002712;155675780;B01;1;33;0;2;1;0;0;
202300002712;155675784;C01;0;7;1;2;4;0;0;
202300002712;155675786;A01;1;30;0;2;4;0;1;
202300002713;155675779;A01;3;1;0;2;1;26;5;
202300002713;155675781;B01;1;7;0;2;6;0;1;
202300002714;155675776;A01;1;10;0;2;0;0;1;
202300002714;155675777;B01;1;32;0;2;0;0;1;
202300002715;155675773;B01;3;10;0;2;1;2;0;
202300002715;155675775;A01;3;7;0;2;4;2;1;
202300002716;155675772;A01;2;7;0;2;1;1;1;
202300002716;155675774;B01;2;7;0;2;4;1;1;
202300002716;155675778;C01;2;7;0;2;4;1;1;
202300002717;155675770;A01;2;7;0;1;2;2;1;
202300002718;155675768;A01;1;30;0;2;1;2;1;
202300002718;155675769;B01;1;7;0;2;4;16;1;
202300002719;155675767;A01;1;7;0;2;7;15;1;
202300002719;155675771;B01;2;7;0;2;2;1;1;
202300002720;155675762;B01;2;7;0;2;1;2;1;
202300002720;155675764;A01;2;33;0;2;4;2;1;
202300002721;155675761;B01;2;7;0;2;1;1;1;
202300002721;155675765;A01;2;7;0;2;1;19;1;
202300002722;155675760;A01;2;33;0;2;7;2;1;
202300002722;155675763;B01;2;7;0;2;3;2;1;
202300002722;155675766;C01;1;7;0;2;3;5;1;
202300002723;155675757;A01;2;7;0;2;3;22;1;
202300002723;155675759;B01;2;1;0;2;1;1;5;
202300002724;155675756;A01;1;7;0;2;3;15;1;
202300002724;155675758;B01;2;2;0;2;3;1;1;
202300002725;155675754;A01;1;14;0;2;1;1;6;
202300002725;155675755;B01;1;33;0;2;4;1;1;
202300002726;155675751;B01;1;1;0;2;0;15;5;
202300002726;155675752;A01;1;33;0;2;1;1;1;
202300002727;155675750;B01;2;32;0;2;0;0;3;
202300002727;155675753;A01;2;60;0;2;0;0;3;
202300002728;155675747;A01;1;7;0;1;1;1;1;
202300002729;155675746;B01;3;7;0;2;3;15;1;
202300002729;155675749;A01;3;34;0;2;1;0;1;
202300002730;155675745;A01;3;7;0;2;3;25;1;