Num_Acc;id_vehicule;num_veh;senc;catv;obs;obsm;choc;manv;motor;occutc
202300002730;155675748;B01;0;50;0;2;1;1;3;
202300002731;155675741;A01;1;7;0;2;0;0;1;
202300002731;155675743;B01;1;1;0;2;0;1;5;
202300002732;155675740;B01;1;1;1;0;1;2;5;
202300002732;155675744;A01;1;13;1;0;8;22;1;
202300002733;155675739;A01;3;1;0;2;8;1;5;
202300002733;155675742;Z01;3;7;0;2;1;1;0;
202300002734;155675738;A01;3;10;8;0;3;1;1;
202300002735;155675736;A01;3;34;0;1;1;1;1;
202300002736;155675735;A01;1;32;0;2;1;7;1;
202300002736;155675737;B01;1;7;0;2;2;16;1;
202300002737;155675734;A01;1;30;0;0;0;1;1;
202300002738;155675733;A01;2;10;0;1;1;1;1;
202300002739;155675728;A01;2;7;0;2;3;22;1;
202300002739;155675729;B01;2;1;0;2;1;1;5;
202300002740;155675731;A01;1;1;0;1;0;0;5;
202300002741;155675730;A01;1;7;0;2;3;10;1;
202300002741;155675732;B01;1;32;0;2;2;17;1;
202300002742;155675725;A01;2;33;1;2;1;1;1;
202300002742;155675727;B01;2;7;0;0;2;9;1;
202300002743;155675724;A01;1;7;0;2;1;1;1;
202300002743;155675726;B01;1;7;0;2;4;23;1;
202300002744;155675720;A01;1;7;0;0;9;0;1;
202300002744;155675722;B01;2;2;0;0;0;9;0;
202300002745;155675719;A01;1;7;0;2;2;1;1;
202300002745;155675721;C01;1;7;0;2;3;24;1;
202300002745;155675723;B01;1;7;0;2;3;9;1;
202300002746;155675718;A01;2;7;0;1;1;1;1;
202300002747;155675716;A01;1;7;0;0;1;1;0;
202300002747;155675717;B01;2;7;0;0;1;1;0;
202300002748;155675715;A01;1;7;8;0;1;15;1;
202300002749;155675711;A01;0;7;0;2;1;15;0;
202300002749;155675712;B01;0;33;6;2;1;1;1;
202300002750;155675713;A01;1;50;0;2;8;1;3;
202300002750;155675714;B01;1;7;0;2;8;22;1;
202300002751;155675706;A01;3;10;0;2;5;4;0;
202300002751;155675710;B01;3;7;0;2;2;1;0;
202300002752;155675707;A01;1;7;0;2;1;1;1;
202300002752;155675708;B01;1;10;0;2;4;1;1;
202300002753;155675705;B01;1;7;0;2;3;22;1;
202300002753;155675709;A01;1;30;1;0;3;1;1;
202300002754;155675703;C01;1;7;0;2;4;1;1;
202300002754;155675704;A01;1;10;0;2;1;2;1;
202300002755;155675700;A01;2;7;0;1;4;4;1;
202300002756;155675699;A01;2;34;0;1;0;21;1;
202300002757;155675701;T01;0;50;0;2;2;26;3;
202300002757;155675702;A01;1;7;0;2;1;1;1;
202300002758;155675698;A01;2;7;0;1;3;1;2;
202300002759;155675695;A01;1;34;0;2;0;1;1;
202300002759;155675697;C01;2;7;0;2;0;23;1;
202300002760;155675696;A01;2;30;0;0;7;0;1;
202300002761;155675694;A01;1;7;0;1;1;1;1;
202300002762;155675692;A01;1;7;0;1;1;1;1;
202300002763;155675691;B01;1;7;0;2;7;1;1;
202300002763;155675693;A01;2;7;0;2;1;1;3;
202300002764;155675690;A01;3;7;0;1;2;0;1;
202300002765;155675689;A01;1;1;0;0;0;21;5;
202300002766;155675688;A01;0;32;0;1;1;1;1;
202300002767;155675687;A01;1;7;0;1;0;1;1;
202300002768;155675683;A01;1;30;0;0;0;0;1;
202300002769;155675684;A01;3;7;1;1;2;1;0;
202300002770;155675685;A01;1;7;0;2;2;17;1;
202300002770;155675686;B01;1;50;0;2;1;11;3;
202300002771;155675681;A01;1;7;0;1;1;1;1;
202300002772;155675680;A01;3;30;0;2;3;15;1;
202300002772;155675682;B01;3;7;0;2;5;1;1;
202300002773;155675677;A01;1;7;0;2;0;1;1;
202300002773;155675678;B01;1;60;0;2;0;1;5;
202300002774;155675674;A01;1;1;0;0;0;21;5;
202300002775;155675676;A01;1;7;0;2;3;2;2;
202300002775;155675679;B01;1;50;0;2;0;0;3;
202300002776;155675672;A01;2;7;0;1;1;1;1;
202300002777;155675673;B01;1;7;0;2;4;1;1;
202300002777;155675675;A01;1;7;0;2;1;2;1;
202300002778;155675668;A01;1;37;0;2;1;2;1;1.0
202300002778;155675671;B01;1;15;0;2;5;1;1;
202300002779;155675670;A01;3;10;0;1;4;4;1;
202300002780;155675665;A01;1;7;0;2;8;1;1;
202300002780;155675666;B01;2;80;0;2;1;15;3;
202300002781;155675667;A01;2;7;1;0;2;1;1;
202300002781;155675669;C01;2;7;0;2;6;24;1;
202300002782;155675662;A01;1;33;2;0;3;15;1;
202300002783;155675661;B01;2;60;0;2;7;15;5;
202300002783;155675664;A01;2;7;0;2;8;26;-1;
202300002784;155675663;A01;1;7;0;1;2;1;1;
202300002785;155675657;A01;1;7;0;2;2;15;1;
202300002785;155675660;B01;2;7;0;2;3;1;1;
202300002786;155675656;A01;1;7;0;2;3;15;1;
202300002786;155675658;B01;1;32;0;2;5;1;1;
202300002787;155675654;A01;1;60;0;0;0;0;5;
202300002788;155675655;B01;3;60;0;2;1;0;5;
202300002788;155675659;A01;3;7;0;2;2;1;1;
202300002789;155675652;A01;1;10;1;2;7;12;1;
202300002789;155675653;B01;1;31;0;2;8;3;1;
202300002790;155675649;B01;3;7;0;2;4;0;1;
202300002790;155675651;A01;3;10;0;2;1;2;1;
202300002791;155675647;A01;1;7;0;2;0;0;1;
202300002791;155675650;B01;1;60;0;2;7;1;5;
202300002792;155675643;A01;3;15;0;2;2;19;1;
202300002792;155675646;B01;3;7;0;2;6;1;1;
202300002793;155675644;A01;1;7;0;2;1;1;1;
202300002793;155675645;B01;1;80;0;2;0;1;3;
202300002794;155675642;A01;0;30;0;2;1;1;1;
202300002794;155675648;B01;0;7;0;2;8;1;0;
202300002795;155675640;A01;1;7;0;2;3;1;1;
202300002795;155675641;B01;1;32;0;2;7;1;0;
202300002796;155675638;A01;1;7;0;2;1;1;1;
202300002796;155675639;B01;2;7;0;2;4;1;1;
202300002797;155675634;A01;2;7;0;2;0;26;1;
202300002797;155675635;B01;2;42;0;2;0;1;1;
202300002798;155675637;A01;2;7;0;1;3;2;1;
202300002799;155675630;A01;2;33;0;2;1;2;1;
202300002799;155675632;B01;2;7;0;0;5;2;1;
202300002800;155675633;A01;1;7;0;2;3;9;0;
202300002800;155675636;B01;1;10;0;2;2;1;0;
202300002801;155675629;A01;1;7;0;2;3;15;1;
202300002801;155675631;B01;1;31;0;2;1;17;1;
202300002802;155675628;A01;1;7;0;1;2;1;1;
202300002803;155675625;A01;2;50;0;1;2;1;3;
202300002804;155675624;A01;1;7;0;2;7;1;1;
202300002804;155675627;B01;2;7;0;2;8;1;1;
202300002805;155675626;A01;1;7;1;1;1;13;1;
202300002806;155675621;A01;2;7;5;0;1;16;1;
202300002807;155675622;A01;1;7;0;2;1;1;1;
202300002807;155675623;B01;1;50;0;2;2;1;3;
202300002808;155675618;A01;1;7;0;9;0;0;0;
202300002809;155675619;B01;2;10;0;2;3;15;0;
202300002809;155675620;A01;3;43;0;2;1;17;0;
202300002810;155675616;A01;1;7;0;2;3;15;1;
202300002810;155675617;B01;2;33;1;2;6;1;1;
202300002811;155675614;A01;2;7;0;2;3;13;1;
202300002811;155675615;B01;1;7;0;2;3;1;1;
202300002812;155675611;A01;1;7;0;1;1;26;1;
202300002813;155675610;A01;3;7;0;2;3;15;0;
202300002813;155675613;B01;2;33;0;2;7;1;0;
202300002814;155675609;A01;2;7;0;2;1;13;1;
202300002814;155675612;B01;1;7;0;2;1;1;2;
202300002815;155675607;A01;2;7;0;1;1;15;1;
202300002816;155675606;A01;1;33;0;2;1;15;1;
202300002816;155675608;B01;2;37;0;2;3;1;2;1.0
202300002817;155675604;A01;3;7;0;1;3;9;1;
202300002818;155675603;A01;0;33;0;2;2;2;1;
202300002818;155675605;B01;0;7;0;2;6;2;1;
202300002819;155675601;A01;3;10;0;0;7;14;1;
202300002820;155675600;B01;2;2;0;2;5;15;1;
202300002820;155675602;A01;1;7;0;2;2;2;1;
202300002821;155675599;A01;1;7;0;1;1;1;1;
202300002822;155675596;B01;1;1;0;2;1;1;5;
202300002822;155675597;A01;1;7;0;2;3;20;1;
202300002823;155675595;A01;2;33;0;0;1;0;0;
202300002824;155675594;B01;3;7;0;2;2;15;1;
202300002824;155675598;A01;3;30;0;2;3;1;1;
202300002825;155675587;A01;1;7;0;2;0;14;3;
202300002825;155675588;B01;1;7;3;2;6;23;1;
202300002825;155675591;C01;1;7;0;2;4;23;1;
202300002825;155675593;D01;1;7;0;2;4;23;1;
202300002826;155675589;B01;1;32;0;2;1;1;1;
202300002826;155675590;A01;1;17;0;2;7;12;1;
202300002826;155675592;C01;1;7;0;2;8;16;1;
202300002827;155675584;B01;3;7;0;0;3;15;1;
202300002827;155675586;A01;1;7;0;2;1;1;1;
202300002828;155675583;A01;1;7;0;2;4;1;1;
202300002828;155675585;B01;1;7;0;2;1;1;1;
202300002829;155675582;A01;2;34;0;1;1;3;1;
202300002830;155675579;A01;1;7;0;2;2;1;1;
202300002830;155675581;B01;1;7;0;2;1;23;1;
202300002831;155675576;A01;2;7;0;2;1;2;1;
202300002831;155675577;B01;2;7;0;2;4;2;1;
202300002831;155675578;C01;2;7;0;2;4;2;1;
202300002831;155675580;D01;2;7;0;2;4;2;1;
202300002832;155675574;A01;1;7;0;2;1;1;1;
202300002832;155675575;B01;2;7;0;2;7;13;1;
202300002833;155675573;A01;1;7;0;1;1;15;1;
202300002834;155675571;A01;1;7;0;1;2;1;1;
202300002835;155675570;A01;3;7;0;2;3;1;1;
202300002835;155675572;B01;3;7;0;2;3;1;1;
202300002836;155675569;A01;2;7;0;1;1;1;1;
202300002837;155675563;A01;1;7;0;2;0;1;1;
202300002837;155675565;B01;1;37;0;2;0;1;1;1.0
202300002838;155675566;A01;1;7;0;2;1;9;1;
202300002838;155675568;B01;1;7;0;0;5;1;1;
202300002839;155675564;B01;1;7;0;2;4;23;1;
202300002839;155675567;A01;1;7;0;2;1;2;1;
202300002840;155675561;C01;2;7;0;2;3;1;1;
202300002840;155675562;A01;1;7;0;2;2;1;1;
202300002841;155675559;A01;2;7;0;9;8;16;1;
202300002841;155675560;B01;2;1;0;2;8;1;5;
202300002842;155675558;A01;1;7;0;1;1;1;1;
202300002843;155675555;A01;2;7;0;2;2;16;1;
202300002843;155675557;B01;2;50;0;2;1;25;3;
202300002844;155675552;A01;2;7;0;2;3;15;1;
202300002844;155675554;B01;2;30;0;2;2;17;1;
202300002845;155675553;A01;1;7;0;2;1;9;1;
202300002845;155675556;B01;1;33;0;2;8;17;1;
202300002846;155675551;A01;1;60;0;0;0;0;5;
202300002847;155675547;B01;2;60;1;0;1;1;5;
202300002847;155675549;A01;2;7;0;2;8;22;1;
202300002848;155675548;A01;2;7;0;1;6;20;1;
202300002849;155675543;A01;2;7;0;2;2;15;1;
202300002849;155675545;B01;2;60;0;2;1;1;5;
202300002850;155675546;A01;1;7;0;9;8;1;1;
202300002850;155675550;B01;1;60;0;2;8;0;5;
202300002851;155675542;A01;1;7;0;2;2;1;1;
202300002851;155675544;B01;1;10;0;2;3;1;1;
202300002852;155675540;B01;1;80;0;2;0;0;3;
202300002852;155675541;A01;1;7;0;2;0;0;1;
202300002853;155675536;A01;1;7;0;2;0;1;1;
202300002853;155675537;B01;1;1;0;2;0;0;5;
202300002854;155675535;A01;3;7;0;2;2;1;1;
202300002854;155675539;B01;3;14;0;2;3;1;1;
202300002855;155675532;B01;1;7;0;2;4;1;2;
202300002855;155675534;A01;1;7;0;2;1;3;1;
202300002856;155675533;B01;2;7;0;9;8;2;1;
202300002856;155675538;A01;2;1;0;2;1;16;5;
202300002857;155675531;A01;2;2;0;0;9;1;1;
202300002858;155675528;A01;2;2;0;0;1;1;1;
202300002859;155675526;B01;1;7;0;2;2;1;1;
202300002859;155675527;C01;1;10;0;2;1;1;1;
202300002859;155675529;D01;1;7;0;2;8;1;2;
202300002859;155675530;A01;1;10;0;2;2;5;1;
202300002860;155675525;A01;2;50;0;1;1;1;3;
202300002861;155675522;A01;3;7;0;2;1;11;1;
202300002861;155675523;B01;3;7;0;2;5;23;2;
202300002862;155675519;A01;1;7;8;0;3;13;1;
202300002863;155675521;A01;1;7;0;2;1;1;1;
202300002863;155675524;B01;1;7;0;2;7;-1;1;
202300002864;155675515;A01;3;2;13;0;1;0;0;
202300002865;155675517;B01;1;7;0;2;3;2;0;
202300002865;155675520;A01;1;7;0;2;2;2;1;
202300002866;155675514;A01;2;7;0;2;7;2;1;
202300002866;155675516;B01;2;7;0;2;5;2;1;
202300002866;155675518;C01;2;7;0;2;9;0;1;
202300002867;155675512;B01;1;7;0;9;7;0;1;
202300002867;155675513;A01;1;17;6;2;7;0;1;
202300002868;155675508;A01;1;32;0;2;4;2;1;
202300002868;155675509;B01;1;10;0;2;2;2;1;
202300002869;155675506;A01;0;7;0;1;1;1;1;
202300002870;155675507;A01;2;33;0;2;2;1;1;
202300002870;155675511;B01;2;7;0;2;3;15;1;
202300002871;155675505;A01;1;7;0;2;1;1;1;
202300002871;155675510;B01;2;7;0;2;1;13;1;
202300002872;155675502;A01;3;33;0;2;1;2;1;
202300002872;155675504;B01;3;7;0;2;6;2;3;
202300002873;155675500;A01;1;7;0;2;4;1;1;
202300002873;155675503;Z01;1;7;1;0;0;1;0;
202300002874;155675497;A01;1;7;13;0;3;13;1;
202300002875;155675493;A01;1;7;0;2;4;1;1;
202300002875;155675496;B01;1;33;0;2;1;2;1;
202300002876;155675492;C01;2;1;0;2;1;1;5;
202300002876;155675494;B01;2;1;0;2;1;1;5;
202300002876;155675498;A01;1;7;0;2;1;5;1;
202300002876;155675499;D01;2;1;0;2;1;1;5;
202300002877;155675489;A01;1;7;0;2;3;1;1;
202300002877;155675491;B01;2;15;0;2;3;1;1;
202300002878;155675490;B01;3;2;0;2;1;19;1;
202300002878;155675495;A01;2;99;0;2;3;1;0;
202300002879;155675487;A01;1;16;0;2;2;12;1;
202300002879;155675488;B01;1;7;0;2;8;1;1;
202300002880;155675486;A01;0;7;16;0;0;1;1;
202300002881;155675485;A01;1;7;0;6;3;0;1;
202300002882;155675484;A01;2;7;13;0;2;21;1;
202300002883;155675482;A01;1;7;0;2;4;1;1;
202300002883;155675483;B01;1;7;0;2;1;1;1;
202300002884;155675480;A01;2;7;4;0;3;1;1;
202300002885;155675479;A01;1;2;0;0;0;0;0;
202300002886;155675476;A01;1;7;0;2;4;1;1;
202300002886;155675478;B01;1;7;0;2;1;1;1;
202300002887;155675477;B01;0;14;0;2;1;2;1;
202300002887;155675481;A01;0;7;0;2;1;13;1;
202300002888;155675475;A01;2;7;6;0;3;1;2;
202300002889;155675473;A01;0;2;0;0;8;1;0;
202300002890;155675472;A01;3;10;0;2;2;1;1;
202300002890;155675474;B01;3;7;0;2;4;1;1;
202300002891;155675465;A01;1;7;0;2;3;1;1;
202300002891;155675468;B01;1;15;0;2;3;1;1;
202300002891;155675470;C01;2;7;0;2;3;13;1;
202300002892;155675463;A01;2;7;0;2;3;15;1;
202300002892;155675466;B01;1;1;0;2;8;1;5;
202300002893;155675464;A01;2;2;0;2;3;15;1;
202300002893;155675467;B01;2;7;0;2;2;17;1;
202300002894;155675462;A01;2;10;3;0;1;1;1;
202300002895;155675461;A01;1;7;0;1;1;1;1;
202300002896;155675460;A01;1;10;2;0;2;14;1;
202300002897;155675456;A01;1;33;0;2;1;0;0;
202300002897;155675458;B01;1;36;0;2;3;0;0;
202300002898;155675452;B01;1;33;0;2;7;3;1;
202300002898;155675455;A01;1;7;0;2;6;11;1;
202300002899;155675453;C01;2;14;0;2;2;1;1;
202300002899;155675457;B01;2;7;3;2;4;1;1;
202300002899;155675459;A01;2;7;3;2;1;1;1;
202300002900;155675451;A01;2;7;0;2;1;15;1;
202300002900;155675454;B01;1;33;0;2;3;1;1;
202300002901;155675450;A01;2;2;8;0;1;1;1;
202300002902;155675447;B01;2;15;0;2;7;1;1;
202300002902;155675449;A01;2;7;0;2;8;13;1;
202300002903;155675448;A01;2;7;0;0;0;2;1;
202300002904;155675444;A01;3;7;0;2;3;9;1;
202300002904;155675446;B01;2;33;0;2;1;1;1;
202300002905;155675443;A01;1;7;4;0;3;13;1;
202300002906;155675440;A01;2;31;16;0;2;1;1;
202300002907;155675441;A01;1;33;0;2;1;0;1;
202300002907;155675442;B01;1;7;0;0;4;0;1;
202300002908;155675438;A01;0;7;0;2;3;15;1;
202300002908;155675445;B01;0;34;0;2;5;17;1;
202300002909;155675437;A01;1;7;0;2;3;11;1;
202300002909;155675439;B01;1;10;0;2;2;1;1;
202300002910;155675435;A01;0;31;0;0;1;0;0;
202300002911;155675434;A01;1;7;2;0;7;1;1;
202300002911;155675436;B01;2;7;0;2;1;23;1;
202300002912;155675432;A01;1;40;0;1;1;1;3;
202300002913;155675431;A01;2;33;0;2;1;1;1;
202300002913;155675433;B01;0;7;0;2;7;19;1;
202300002914;155675429;A01;3;1;0;0;0;26;5;
202300002915;155675428;A01;0;7;0;2;2;19;3;
202300002915;155675430;B01;2;2;0;2;1;19;1;
202300002916;155675423;A01;1;7;0;2;8;26;1;
202300002916;155675425;B01;1;1;0;2;7;1;5;
202300002917;155675424;A01;1;2;0;0;7;19;1;
202300002917;155675426;B01;1;7;0;2;1;1;1;
202300002918;155675422;B01;2;7;0;0;6;1;1;
202300002918;155675427;A01;2;7;0;1;1;1;1;
202300002919;155675419;A01;1;7;0;2;8;13;1;
202300002919;155675420;B01;2;15;0;2;8;1;1;
202300002920;155675417;A01;2;7;0;0;9;1;1;
202300002921;155675418;A01;2;7;0;2;2;13;1;
202300002921;155675421;B01;1;7;6;2;3;1;1;
202300002922;155675415;A01;1;7;2;0;0;0;1;
202300002923;155675414;A01;1;7;16;2;1;13;1;
202300002923;155675416;B01;2;7;0;2;3;1;2;
202300002924;155675411;A01;2;33;0;2;1;1;1;
202300002924;155675413;B01;1;7;0;2;8;15;1;
202300002925;155675408;B01;1;15;0;2;1;1;1;
202300002925;155675412;A01;2;10;0;0;8;19;1;
202300002926;155675409;A01;2;33;0;0;7;23;1;
202300002927;155675407;A01;3;7;0;9;2;15;1;
202300002927;155675410;B01;3;30;0;2;8;0;1;
202300002928;155675405;A01;2;10;0;2;8;0;1;
202300002928;155675406;B01;1;33;0;2;1;0;1;
202300002929;155675400;A01;2;7;0;0;1;13;1;
202300002929;155675404;B01;1;7;2;0;1;1;0;
202300002930;155675401;A01;2;7;0;2;1;2;1;
202300002930;155675403;B01;2;21;0;0;4;15;1;
202300002931;155675399;B01;2;7;0;2;3;2;2;
202300002931;155675402;A01;1;7;0;2;3;5;1;
202300002932;155675397;A01;1;7;0;2;1;13;1;
202300002932;155675398;B01;2;7;0;2;1;1;1;
202300002933;155675395;A01;1;7;0;0;1;13;1;
202300002934;155675396;A01;1;7;2;0;3;1;1;
202300002935;155675393;A01;1;7;0;2;8;2;1;
202300002935;155675394;B01;1;14;0;2;2;14;1;
202300002936;155675392;A01;2;7;0;1;2;1;1;
202300002937;155675391;A01;2;7;0;1;2;1;1;
202300002938;155675390;A01;1;7;8;0;1;0;1;
202300002939;155675386;A01;1;7;0;2;1;13;0;
202300002939;155675389;B01;2;7;0;2;1;1;0;
202300002940;155675387;A01;2;7;0;1;0;1;0;
202300002941;155675383;A01;1;7;0;2;3;13;1;
202300002941;155675385;C01;1;7;0;2;2;1;1;
202300002941;155675388;B01;1;7;0;2;3;1;1;
202300002942;155675381;A01;1;7;6;0;3;1;1;
202300002943;155675382;A01;1;7;15;0;1;0;1;
202300002944;155675379;B01;1;7;0;2;3;1;6;
202300002944;155675380;A01;1;16;0;2;3;15;6;
202300002945;155675378;A01;2;7;13;2;5;9;6;
202300002945;155675384;B01;2;7;13;2;1;1;6;
202300002946;155675376;A01;2;2;4;0;3;13;1;
202300002947;155675375;A01;1;34;0;2;1;17;1;
202300002947;155675377;B01;2;7;0;2;1;9;1;
202300002948;155675373;A01;1;33;0;2;8;1;1;
202300002948;155675374;B01;1;7;0;2;8;10;1;
202300002949;155675370;A01;1;1;0;2;1;2;5;
202300002949;155675372;B01;1;1;0;2;4;2;5;
202300002950;155675367;A01;1;7;0;2;4;11;1;
202300002950;155675369;B01;1;7;0;2;1;1;1;
202300002950;155675371;C01;1;7;0;2;1;2;1;
202300002951;155675366;A01;2;33;0;2;2;2;1;
202300002951;155675368;B01;2;7;0;2;3;2;1;
202300002952;155675364;A01;3;10;13;0;1;1;1;
202300002953;155675362;A01;3;7;0;2;1;1;1;
202300002953;155675365;B01;0;7;8;0;3;20;1;
202300002954;155675360;B01;2;7;0;2;8;1;1;
202300002954;155675363;A01;2;7;0;2;1;1;1;
202300002955;155675361;A01;1;33;3;0;7;0;1;
202300002956;155675357;A01;2;7;0;1;1;1;1;
202300002957;155675358;A01;2;7;0;1;2;1;1;
202300002958;155675355;A01;0;7;0;0;5;19;1;
202300002958;155675359;B01;0;7;0;2;1;1;1;
202300002959;155675351;A01;1;7;0;0;6;1;1;
202300002959;155675354;B01;1;34;0;2;1;1;1;
202300002959;155675356;C01;2;7;14;0;1;1;1;
202300002960;155675352;B01;1;1;0;2;1;1;5;
202300002960;155675353;A01;1;7;0;2;8;15;1;
202300002961;155675349;B01;1;7;0;0;3;1;1;
202300002961;155675350;A01;2;10;0;2;1;1;1;
202300002962;155675348;A01;3;7;12;1;3;1;1;
202300002963;155675345;A01;0;7;13;0;2;0;3;
202300002964;155675344;B01;1;7;0;2;4;1;1;
202300002964;155675347;A01;2;7;0;2;1;2;1;
202300002965;155675339;C01;2;7;0;2;4;1;1;
202300002965;155675342;A01;2;7;0;2;1;2;1;
202300002965;155675346;B01;2;7;0;2;4;1;1;
202300002966;155675337;A01;2;7;0;2;0;0;-1;
202300002966;155675341;B01;2;60;0;2;0;1;5;
202300002967;155675338;A01;1;7;0;2;1;0;0;
202300002967;155675343;B01;2;10;0;2;1;1;0;
202300002968;155675340;A01;3;7;0;0;9;1;1;
202300002969;155675335;A01;3;7;2;0;2;1;1;
202300002970;155675332;A01;2;1;0;2;1;15;5;
202300002970;155675336;B01;1;7;0;2;2;1;1;
202300002971;155675331;A01;1;7;0;2;2;1;1;
202300002971;155675334;B01;2;7;0;2;3;1;1;
202300002972;155675330;B01;2;7;0;2;1;1;1;
202300002972;155675333;A01;1;10;0;2;7;19;1;
202300002973;155675326;A01;2;7;0;2;3;15;1;
202300002973;155675328;B01;2;34;0;2;1;1;1;
202300002974;155675325;A01;1;7;0;2;1;13;1;
202300002974;155675327;B01;2;15;0;2;3;1;1;
202300002975;155675324;A01;1;2;0;2;1;19;1;
202300002975;155675329;B01;2;0;0;0;5;1;0;
202300002976;155675323;A01;2;7;9;0;1;1;1;
202300002977;155675322;A01;1;7;6;0;2;1;1;
202300002978;155675320;B01;2;60;0;2;0;0;5;
202300002978;155675321;A01;2;7;0;2;0;1;1;
202300002979;155675317;A01;2;33;0;0;7;17;1;
202300002980;155675313;C01;1;2;1;2;1;1;1;
202300002980;155675316;A01;1;7;0;2;0;0;1;
202300002981;155675314;A01;2;7;0;2;1;13;1;
202300002981;155675319;B01;1;7;0;2;1;1;1;
202300002982;155675312;A01;2;7;0;2;3;26;1;
202300002982;155675315;B01;1;15;0;2;1;1;1;
202300002982;155675318;C01;1;10;0;9;7;1;1;
202300002983;155675310;A01;2;1;14;0;0;1;5;
202300002984;155675311;A01;3;7;8;0;1;1;1;
202300002985;155675309;A01;2;7;13;0;2;2;1;
202300002986;155675306;B01;1;7;0;2;4;23;1;
202300002986;155675307;A01;1;7;0;2;1;2;1;
202300002987;155675303;A01;3;33;0;0;0;1;1;
202300002988;155675304;A01;1;7;0;2;3;15;1;
202300002988;155675308;B01;1;7;0;2;7;17;1;
202300002989;155675305;A01;0;33;12;0;2;1;1;
202300002990;155675301;B01;1;60;0;2;0;0;5;
202300002990;155675302;A01;1;7;0;2;0;1;1;
202300002991;155675300;A01;2;33;0;0;8;1;1;
202300002992;155675297;A01;1;1;0;0;0;0;5;
202300002993;155675296;B01;0;7;0;1;1;1;0;
202300002993;155675299;A01;3;7;0;1;2;11;0;
202300002994;155675294;A01;0;7;2;0;3;0;1;
202300002995;155675293;B01;0;7;0;2;3;1;1;
202300002995;155675295;C01;0;7;0;2;3;1;1;
202300002995;155675298;A01;0;7;0;2;6;1;1;
202300002996;155675292;A01;1;7;8;0;2;14;1;
202300002997;155675291;A01;0;7;1;0;2;1;1;
202300002998;155675286;A01;1;7;0;2;0;0;1;
202300002998;155675289;B01;1;60;0;2;0;0;5;
202300002999;155675288;B01;1;7;0;2;1;1;0;
202300002999;155675290;A01;2;7;0;2;1;13;0;
202300003000;155675285;A01;1;33;0;0;0;14;1;
202300003001;155675284;A01;1;2;0;2;2;15;1;
202300003001;155675287;B01;1;7;0;2;3;17;1;
202300003002;155675282;B01;1;1;0;2;7;19;5;
202300003002;155675283;A01;2;7;0;9;3;21;1;
202300003003;155675280;A01;3;2;0;1;2;0;1;
202300003004;155675279;B01;1;7;0;2;3;1;1;
202300003004;155675281;A01;2;7;0;2;3;1;1;
202300003005;155675276;A01;1;10;0;2;1;1;1;
202300003005;155675278;B01;1;7;0;2;4;2;1;
202300003006;155675277;A01;1;31;9;0;7;1;1;
202300003007;155675275;A01;2;33;7;0;1;1;1;
202300003008;155675271;B01;1;7;0;2;1;2;1;
202300003008;155675274;A01;1;7;15;0;7;1;1;
202300003009;155675270;A01;1;7;0;2;0;26;1;
202300003009;155675273;B01;1;30;0;2;0;1;1;
202300003010;155675269;A01;0;21;0;0;3;19;1;
202300003010;155675272;B01;0;33;13;0;2;21;1;
202300003011;155675267;A01;1;1;0;0;0;0;5;
202300003012;155675268;A01;3;7;2;0;7;1;2;
202300003013;155675266;A01;1;7;2;0;2;1;1;
202300003014;155675263;B01;2;1;0;2;0;5;5;
202300003014;155675264;A01;1;7;0;2;0;1;1;
202300003015;155675260;B01;0;31;0;2;1;1;1;
202300003015;155675262;A01;0;7;0;2;3;13;1;
202300003015;155675265;C01;0;7;0;2;1;1;1;
202300003016;155675259;A01;1;7;0;2;3;17;1;
202300003016;155675261;B01;2;7;0;2;3;1;1;
202300003017;155675257;A01;1;33;0;0;0;0;1;
202300003018;155675254;B01;3;7;0;2;1;2;0;
202300003018;155675255;A01;3;1;0;2;4;1;5;
202300003019;155675253;A01;1;7;0;2;1;1;1;
202300003019;155675258;B01;1;7;0;2;8;1;1;
202300003020;155675252;A01;0;31;0;2;1;1;1;
202300003020;155675256;B01;0;7;0;2;3;15;1;
202300003021;155675250;B01;1;1;0;2;8;1;5;
202300003021;155675251;A01;1;7;0;2;7;1;1;
202300003022;155675249;A01;3;33;0;0;8;1;1;
202300003023;155675244;A01;1;7;13;0;7;1;-1;
202300003024;155675246;A01;1;7;0;2;3;26;1;
202300003024;155675248;B01;1;7;0;2;2;1;1;
202300003025;155675243;A01;2;7;0;2;1;1;0;
202300003025;155675247;B01;2;50;0;2;0;0;3;
202300003026;155675242;A01;1;7;9;2;1;1;1;
202300003026;155675245;B01;3;2;0;2;7;19;1;
202300003027;155675238;B01;2;33;0;2;3;1;0;
202300003027;155675241;A01;1;7;0;2;8;17;1;
202300003028;155675236;A01;1;7;0;2;6;26;1;
202300003028;155675239;B01;1;7;0;2;1;0;1;
202300003029;155675240;A01;1;7;16;0;1;1;1;
202300003030;155675234;A01;1;7;0;2;0;0;1;
202300003030;155675235;B01;1;80;0;2;0;0;3;
202300003031;155675237;A01;1;7;7;0;1;1;2;
202300003032;155675233;A01;0;7;0;1;2;1;0;
202300003033;155675230;A01;1;33;0;2;2;3;1;
202300003033;155675232;B01;1;7;0;2;6;1;1;
202300003034;155675231;A01;1;33;0;0;0;1;1;
202300003035;155675228;A01;2;15;0;2;5;1;6;
202300003035;155675229;B01;2;15;0;2;3;2;0;