Num_Acc;id_vehicule;num_veh;senc;catv;obs;obsm;choc;manv;motor;occutc
202300003036;155675226;A01;1;7;3;0;0;0;1;
202300003037;155675227;A01;1;7;13;0;2;1;1;
202300003038;155675224;A01;2;33;0;1;1;1;1;
202300003039;155675222;A01;1;33;0;2;1;17;1;
202300003039;155675225;B01;1;7;0;2;6;15;1;
202300003040;155675220;B01;2;60;0;2;7;25;5;
202300003040;155675223;A01;1;10;0;2;1;16;1;
202300003041;155675221;A01;2;32;0;0;7;1;1;
202300003042;155675215;A01;1;7;0;2;1;2;1;
202300003042;155675217;B01;1;7;0;2;4;23;1;
202300003043;155675214;A01;1;7;0;5;3;1;1;
202300003043;155675218;B01;1;7;0;5;2;1;1;
202300003044;155675216;A01;1;7;16;0;2;0;1;
202300003045;155675212;A01;2;33;0;2;1;2;1;
202300003045;155675213;B01;2;7;0;2;4;23;1;
202300003046;155675211;A01;2;7;0;2;1;17;0;
202300003046;155675219;B01;1;15;0;2;3;21;1;
202300003047;155675210;A01;1;7;2;0;3;1;1;
202300003048;155675207;A01;2;7;0;2;7;21;1;
202300003048;155675209;B01;2;1;0;2;8;21;5;
202300003049;155675206;A01;3;2;0;0;0;1;1;
202300003050;155675204;B01;1;7;0;2;1;1;0;
202300003050;155675205;A01;1;7;0;0;4;1;0;
202300003051;155675203;A01;1;60;0;0;0;0;5;
202300003052;155675201;A01;1;7;0;1;1;1;1;
202300003053;155675199;A01;1;1;13;0;0;1;5;
202300003054;155675198;A01;1;1;12;0;0;0;5;
202300003055;155675200;B01;1;1;0;0;2;2;5;
202300003055;155675202;A01;1;7;0;2;3;2;1;
202300003056;155675196;A01;1;1;0;0;0;0;5;
202300003057;155675192;A01;0;7;0;9;2;2;1;
202300003057;155675195;B01;3;1;0;0;4;15;5;
202300003058;155675193;A01;2;7;13;2;3;13;0;
202300003058;155675197;B01;1;10;13;2;3;1;1;
202300003059;155675191;A01;2;2;0;2;1;5;0;
202300003059;155675194;B01;1;7;0;2;1;1;1;
202300003060;155675190;A01;1;7;0;2;1;1;1;
202300003061;155675186;B01;0;41;0;0;0;0;0;
202300003061;155675189;A01;0;10;0;2;8;1;1;
202300003062;155675183;A01;1;7;0;2;7;2;-1;
202300003062;155675187;B01;1;1;0;2;8;1;5;
202300003063;155675184;A01;1;33;0;2;1;1;1;
202300003063;155675188;B01;1;33;6;0;4;16;1;
202300003064;155675185;A01;3;7;0;1;3;15;1;
202300003065;155675181;A01;1;1;0;1;1;1;5;
202300003066;155675178;B01;1;33;0;0;7;16;1;
202300003066;155675182;A01;1;43;0;2;3;18;1;
202300003067;155675177;A01;2;7;0;2;1;2;1;
202300003067;155675179;B01;2;33;6;0;4;23;1;
202300003068;155675176;A01;3;10;0;2;3;15;1;
202300003068;155675180;B01;0;2;0;2;7;17;1;
202300003069;155675174;A01;1;30;0;2;1;1;1;
202300003069;155675175;B01;1;7;0;2;4;1;1;
202300003070;155675172;A01;1;33;12;0;1;0;1;
202300003071;155675171;A01;1;30;0;0;0;0;1;
202300003072;155675170;A01;2;33;0;2;1;2;1;
202300003072;155675173;B01;2;7;0;0;5;15;1;
202300003073;155675169;A01;2;80;0;0;8;15;3;
202300003074;155675168;A01;1;7;0;1;1;1;1;
202300003075;155675167;A01;1;33;7;0;3;1;1;
202300003076;155675166;A01;1;33;5;0;7;14;1;
202300003077;155675162;A01;1;7;0;2;0;1;1;
202300003077;155675164;B01;1;1;0;2;0;1;5;
202300003078;155675163;A01;1;33;0;6;1;1;1;
202300003079;155675160;A01;2;7;13;0;0;1;1;
202300003080;155675159;A01;1;33;0;0;0;0;1;
202300003081;155675158;A01;1;7;11;0;1;1;1;
202300003082;155675157;A01;2;7;0;2;1;17;0;
202300003082;155675161;B01;1;7;0;2;2;1;1;
202300003082;155675165;C01;2;37;0;2;3;1;1;1.0
202300003083;155675155;A01;1;50;0;2;0;1;3;
202300003083;155675156;B01;1;1;0;2;0;1;5;
202300003084;155675154;A01;1;33;6;0;1;1;1;
202300003085;155675153;A01;1;7;4;0;6;1;1;
202300003086;155675152;A01;1;7;2;0;0;0;1;
202300003087;155675150;A01;0;7;0;2;1;1;1;
202300003087;155675151;B01;3;7;0;2;3;1;1;
202300003088;155675146;A01;1;7;0;2;1;1;1;
202300003088;155675147;B01;1;37;0;2;4;1;1;1.0
202300003089;155675145;A01;3;7;0;2;2;15;1;
202300003089;155675149;B01;3;2;0;2;1;1;1;
202300003090;155675144;B01;2;7;0;2;1;1;1;
202300003090;155675148;A01;3;7;8;0;7;1;1;
202300003091;155675141;A01;1;7;2;0;1;14;1;
202300003092;155675137;A01;2;10;0;2;1;1;1;
202300003092;155675142;B01;1;7;0;2;7;17;1;
202300003092;155675143;C01;1;7;0;2;6;1;1;
202300003093;155675138;A01;1;33;0;0;0;2;1;
202300003094;155675135;A01;1;7;0;2;7;19;1;
202300003094;155675139;C01;2;7;0;2;8;23;1;
202300003094;155675140;B01;1;7;0;2;1;1;1;
202300003095;155675134;B01;2;7;0;2;1;1;1;
202300003095;155675136;A01;1;1;0;2;8;1;5;
202300003096;155675132;A01;3;2;0;2;7;15;1;
202300003096;155675133;B01;3;7;0;2;8;15;1;
202300003097;155675130;A01;1;1;0;0;0;0;5;
202300003098;155675127;A01;3;50;0;1;1;1;3;
202300003099;155675124;A01;2;7;0;2;2;1;1;
202300003099;155675128;B01;1;7;0;2;1;15;1;
202300003100;155675125;A01;2;7;0;2;8;11;1;
202300003100;155675126;B01;2;14;0;2;0;0;1;
202300003101;155675121;B01;1;7;0;2;4;1;1;
202300003101;155675122;C01;1;7;0;0;4;1;1;
202300003101;155675123;A01;1;7;0;2;1;2;1;
202300003102;155675119;A01;1;7;3;0;0;0;1;
202300003103;155675118;A01;2;10;0;2;3;13;1;
202300003103;155675120;B01;2;33;0;2;1;1;1;
202300003104;155675117;A01;2;1;0;0;0;0;5;
202300003105;155675114;B01;2;60;0;2;0;1;5;
202300003105;155675116;A01;1;7;0;2;0;15;1;
202300003106;155675113;A01;1;7;3;2;8;1;1;
202300003106;155675115;Z01;1;7;3;2;2;14;1;
202300003107;155675110;A01;1;10;13;0;2;13;1;
202300003107;155675112;B01;2;7;0;0;1;1;1;
202300003108;155675109;B01;1;60;0;2;0;0;5;
202300003108;155675111;A01;1;7;0;2;0;0;1;
202300003109;155675108;A01;2;33;0;0;0;14;1;
202300003110;155675106;A01;1;1;0;0;0;1;5;
202300003111;155675105;B01;0;7;0;2;8;15;1;
202300003111;155675107;A01;1;31;0;2;1;1;1;
202300003112;155675102;A01;2;7;0;2;1;2;0;
202300003112;155675104;B01;2;7;0;0;4;2;1;
202300003113;155675101;A01;2;7;0;2;0;0;1;
202300003113;155675103;B01;2;2;0;2;0;0;1;
202300003114;155675099;A01;2;7;0;0;1;1;1;
202300003115;155675096;A01;3;7;0;2;3;3;1;
202300003115;155675098;C01;3;7;0;2;5;26;1;
202300003115;155675100;B01;3;7;12;2;5;23;1;
202300003116;155675095;B01;1;10;0;2;7;1;1;
202300003116;155675097;A01;2;1;0;2;1;26;5;
202300003117;155675093;A01;1;7;0;2;7;12;1;
202300003117;155675094;B01;1;33;0;2;1;1;1;
202300003118;155675092;A01;3;31;0;0;0;0;1;
202300003119;155675090;A01;1;7;0;2;7;15;1;
202300003119;155675091;B01;2;7;0;2;1;1;1;
202300003120;155675088;A01;1;2;0;0;0;2;0;
202300003121;155675085;A01;2;7;0;2;1;1;1;
202300003121;155675086;B01;2;7;0;2;4;1;1;
202300003121;155675087;C01;2;10;0;2;4;1;1;
202300003121;155675089;D01;2;7;0;2;4;1;2;
202300003122;155675083;A01;1;7;0;2;1;1;1;
202300003122;155675084;B01;1;7;0;2;4;1;1;
202300003123;155675081;A01;1;7;0;2;5;19;1;
202300003123;155675082;B01;1;30;0;2;1;1;1;
202300003124;155675079;A01;2;7;0;2;7;15;1;
202300003124;155675080;C01;1;1;0;2;8;1;5;
202300003125;155675074;A01;2;7;0;2;8;13;1;
202300003125;155675077;B01;2;32;0;2;2;1;1;
202300003126;155675073;A01;1;7;0;2;0;1;1;
202300003126;155675075;B01;1;1;0;2;0;0;5;
202300003127;155675071;A01;1;7;0;2;9;2;1;
202300003127;155675072;B01;1;7;0;2;6;11;1;
202300003127;155675076;D01;1;7;0;9;1;1;1;
202300003127;155675078;C01;1;7;0;9;1;1;1;
202300003128;155675067;A01;2;33;0;2;2;12;1;
202300003128;155675069;B01;2;33;0;2;0;1;1;
202300003129;155675065;A01;2;1;0;0;0;1;5;
202300003130;155675062;A01;1;7;0;2;2;17;1;
202300003130;155675066;B01;1;7;0;2;6;1;1;
202300003131;155675060;C01;2;7;0;2;6;0;1;
202300003131;155675063;B01;2;7;0;2;5;12;1;
202300003131;155675064;A01;2;33;0;2;1;3;1;
202300003132;155675059;A01;1;7;0;2;1;6;2;
202300003132;155675061;B01;1;7;0;2;3;1;1;
202300003133;155675058;A01;1;33;4;0;8;3;1;
202300003134;155675054;A01;1;7;0;2;8;1;1;
202300003134;155675056;B01;1;60;0;2;7;1;5;
202300003135;155675053;A01;2;7;2;0;2;14;1;
202300003136;155675052;A01;2;7;0;2;7;14;1;
202300003136;155675055;B01;2;33;0;2;6;3;1;
202300003136;155675057;C01;2;7;0;2;8;1;1;
202300003137;155675050;A01;2;7;4;0;2;12;1;
202300003138;155675048;A01;1;33;3;0;0;0;1;
202300003139;155675049;A01;2;7;0;2;1;1;1;
202300003139;155675051;B01;1;7;0;2;8;16;1;
202300003140;155675045;A01;1;60;0;0;0;0;5;
202300003141;155675046;A01;1;7;4;0;1;1;1;
202300003142;155675044;B01;1;33;0;2;8;3;1;
202300003142;155675047;Z01;1;7;0;2;0;12;0;
202300003143;155675041;A01;2;7;4;2;8;13;1;
202300003143;155675042;B01;2;33;4;2;2;2;1;
202300003144;155675038;A01;1;33;0;2;8;3;1;
202300003144;155675039;B01;1;10;0;2;2;2;1;
202300003144;155675040;C01;1;10;0;2;4;2;1;
202300003145;155675036;A01;2;7;0;2;1;2;1;
202300003145;155675037;B01;2;7;0;2;4;2;1;
202300003146;155675035;A01;1;33;0;2;7;16;1;
202300003146;155675043;B01;1;7;0;2;3;1;1;
202300003147;155675032;A01;1;15;0;2;4;1;1;
202300003147;155675034;B01;1;10;0;2;1;2;1;
202300003148;155675031;A01;2;43;0;2;1;1;1;
202300003148;155675033;B01;2;7;0;2;6;1;2;
202300003149;155675028;A01;1;7;4;2;8;11;1;
202300003149;155675029;B01;1;33;4;2;7;1;1;
202300003150;155675027;A01;2;31;0;0;8;3;1;
202300003150;155675030;B01;2;7;0;2;4;12;1;
202300003151;155675026;A01;2;33;0;0;1;1;1;
202300003152;155675025;A01;3;10;9;1;1;1;1;
202300003153;155675023;A01;2;33;0;2;1;3;1;
202300003153;155675024;B01;2;13;0;2;6;1;1;
202300003154;155675022;A01;2;10;0;1;3;22;1;
202300003155;155675020;A01;2;7;0;2;1;1;1;
202300003155;155675021;B01;2;10;0;2;4;1;1;
202300003156;155675019;A01;3;7;0;1;7;1;0;
202300003157;155675017;B01;2;31;0;2;8;3;1;
202300003157;155675018;Z01;2;7;0;2;0;0;0;
202300003158;155675015;A01;1;7;0;2;2;12;0;
202300003158;155675016;B01;1;43;0;2;3;3;1;
202300003159;155675012;A01;1;7;0;2;1;11;1;
202300003159;155675014;B01;1;7;0;2;5;1;1;
202300003160;155675010;A01;1;7;4;0;1;1;1;
202300003161;155675005;A01;2;14;0;2;2;12;1;
202300003161;155675007;B01;2;7;0;2;6;1;1;
202300003161;155675009;C01;2;7;0;2;1;1;1;
202300003162;155675006;A01;2;7;0;2;8;15;1;
202300003162;155675008;B01;2;43;0;2;2;0;1;
202300003163;155675004;A01;2;7;4;0;2;0;1;
202300003164;155675000;A01;2;7;0;0;5;12;1;
202300003164;155675002;B01;2;33;0;2;8;3;1;
202300003165;155675001;A01;1;7;0;2;1;1;0;
202300003165;155675003;B01;1;7;0;2;2;2;6;
202300003166;155674999;A01;1;7;4;0;1;26;1;
202300003167;155674998;A01;1;7;4;0;8;11;1;
202300003168;155674995;A01;1;7;9;0;1;13;1;
202300003169;155674996;B01;2;31;0;2;7;1;1;
202300003169;155674997;A01;2;7;0;2;3;15;1;
202300003170;155674994;A01;1;7;11;0;7;16;1;
202300003171;155674992;T01;3;7;0;0;0;15;1;
202300003171;155674993;A01;2;31;14;2;0;17;1;
202300003172;155674990;A01;3;7;3;0;1;1;1;
202300003173;155674989;B01;1;7;0;2;8;2;2;
202300003173;155674991;A01;2;7;0;2;1;15;1;
202300003174;155674987;A01;2;7;0;0;2;1;1;
202300003175;155674986;B01;1;7;0;2;5;13;1;
202300003175;155674988;A01;1;30;0;2;3;13;1;
202300003176;155674985;A01;2;30;0;0;0;0;1;
202300003177;155674984;A01;1;7;8;0;2;14;1;
202300003178;155674982;B01;2;7;0;2;7;1;1;
202300003178;155674983;A01;1;7;0;2;3;9;1;
202300003179;155674980;A01;1;7;4;0;8;26;1;
202300003180;155674979;A01;1;7;0;2;3;15;1;
202300003180;155674981;B01;1;33;0;2;7;2;1;
202300003181;155674976;A01;2;31;1;0;7;15;1;
202300003181;155674978;B01;2;7;0;2;6;23;1;
202300003182;155674975;B01;2;32;1;2;1;1;1;
202300003182;155674977;A01;2;7;0;2;2;22;1;
202300003183;155674973;A01;1;7;0;2;2;11;3;
202300003183;155674974;B01;2;33;0;2;0;0;1;
202300003184;155674972;A01;1;7;14;1;1;16;1;
202300003185;155674969;B01;1;7;0;2;8;1;6;
202300003185;155674970;C01;1;7;0;2;2;1;1;
202300003185;155674971;A01;1;7;0;2;3;5;1;
202300003186;155674968;A01;1;7;6;0;1;13;0;
202300003187;155674966;A01;2;34;0;2;8;8;1;
202300003187;155674967;B01;2;7;0;2;2;12;1;
202300003188;155674963;A01;1;7;0;2;2;2;1;
202300003188;155674965;B01;2;10;0;2;5;15;1;
202300003189;155674962;B01;1;30;0;2;1;1;0;
202300003189;155674964;A01;1;7;0;2;2;15;1;
202300003190;155674960;A01;2;7;1;0;1;14;1;
202300003191;155674959;B01;3;7;0;2;3;0;1;
202300003191;155674961;A01;3;50;0;2;1;0;3;
202300003192;155674956;A01;2;7;0;2;2;16;1;
202300003192;155674958;B01;2;50;0;2;1;1;3;
202300003193;155674955;A01;0;7;0;2;2;1;1;
202300003193;155674957;B01;0;7;0;0;0;0;0;
202300003194;155674954;A01;3;31;0;0;1;9;1;
202300003195;155674952;B01;0;30;0;2;1;1;1;
202300003195;155674953;A01;3;7;0;2;3;5;1;
202300003196;155674950;B01;1;7;0;2;4;2;1;
202300003196;155674951;A01;1;30;0;2;1;1;1;
202300003197;155674948;A01;1;33;1;0;1;1;1;
202300003198;155674947;A01;2;7;0;2;5;15;1;
202300003198;155674949;B01;1;34;0;2;1;1;1;
202300003199;155674943;A01;2;33;0;2;1;1;1;
202300003199;155674944;B01;2;7;0;2;4;20;1;
202300003199;155674946;C01;1;7;0;2;3;1;1;
202300003200;155674942;B01;1;7;0;2;3;1;1;
202300003200;155674945;A01;2;7;0;2;3;5;1;
202300003201;155674939;A01;3;38;0;2;0;15;1;1.0
202300003201;155674941;B01;3;10;0;2;6;1;1;
202300003202;155674938;A01;0;7;0;2;2;1;1;
202300003202;155674940;B01;1;7;0;2;1;1;1;
202300003203;155674937;A01;2;10;0;1;2;16;1;
202300003204;155674936;A01;2;7;0;1;7;2;1;
202300003205;155674931;B01;2;7;0;2;1;2;0;
202300003205;155674933;C01;2;7;0;2;4;1;0;
202300003205;155674935;A01;2;7;0;2;1;2;0;
202300003206;155674932;B01;1;1;0;2;4;15;0;
202300003206;155674934;A01;1;7;0;2;1;1;1;
202300003207;155674928;A01;3;7;0;2;1;1;0;
202300003207;155674930;B01;3;7;0;2;4;1;0;
202300003208;155674927;A01;1;7;0;2;7;17;1;
202300003208;155674929;B01;1;7;0;2;8;1;1;
202300003209;155674926;A01;2;7;2;0;1;14;0;
202300003210;155674925;B01;3;7;0;1;2;9;1;
202300003211;155674923;A01;2;7;0;2;5;15;0;
202300003211;155674924;B01;1;33;0;2;1;1;1;
202300003212;155674921;A01;1;7;0;2;1;1;1;
202300003212;155674922;B01;2;7;15;2;7;1;1;
202300003213;155674920;A01;0;7;0;1;1;15;1;
202300003214;155674919;A01;1;7;3;0;3;1;1;
202300003215;155674917;B01;3;50;0;2;1;1;3;
202300003215;155674918;A01;3;7;0;2;3;1;1;
202300003216;155674914;A01;2;7;0;2;7;2;1;
202300003216;155674915;B01;2;1;0;2;7;0;5;
202300003217;155674913;B01;3;7;0;2;3;1;1;
202300003217;155674916;A01;3;7;0;2;1;15;1;
202300003218;155674911;A01;1;1;0;2;1;16;5;
202300003218;155674912;B01;2;7;0;2;1;15;1;
202300003219;155674910;A01;2;7;0;1;5;20;1;
202300003220;155674909;A01;1;7;0;1;7;16;1;
202300003221;155674907;A01;1;7;2;2;1;1;1;
202300003222;155674906;B01;0;7;0;2;8;16;1;
202300003222;155674908;A01;0;7;0;2;2;19;1;
202300003223;155674904;A01;2;7;0;2;7;19;0;
202300003223;155674905;B01;2;7;0;2;8;1;0;
202300003224;155674903;A01;1;7;8;0;1;5;1;
202300003225;155674901;A01;1;14;0;1;0;1;0;
202300003226;155674899;B01;2;7;0;0;6;2;1;
202300003226;155674902;A01;2;33;0;2;1;26;1;
202300003227;155674898;B01;3;7;0;2;3;1;2;
202300003227;155674900;A01;3;7;0;2;1;9;1;
202300003228;155674896;A01;2;10;0;2;4;2;1;
202300003228;155674897;B01;2;33;0;2;1;2;1;
202300003229;155674895;A01;2;7;6;0;1;15;1;
202300003230;155674891;A01;2;38;0;2;4;1;0;1.0
202300003230;155674892;B01;2;7;0;2;1;1;0;
202300003230;155674894;C01;2;7;0;2;1;1;0;
202300003231;155674890;B01;2;7;0;2;3;15;1;
202300003231;155674893;A01;2;80;0;2;2;1;3;
202300003232;155674886;A01;2;7;0;2;6;1;1;
202300003232;155674888;B01;2;7;0;2;1;1;1;
202300003233;155674885;A01;1;7;0;2;1;2;1;
202300003233;155674887;B01;1;7;0;2;9;23;1;
202300003233;155674889;C01;1;7;0;2;4;23;1;
202300003234;155674883;A01;1;50;0;1;1;13;3;
202300003235;155674881;C01;1;7;0;2;3;1;1;
202300003235;155674882;B01;1;7;0;2;1;17;1;
202300003235;155674884;A01;2;7;3;2;1;5;0;
202300003236;155674878;A01;2;33;0;2;7;1;1;
202300003236;155674879;B01;2;7;0;2;4;2;1;
202300003236;155674880;Z01;2;10;0;2;8;13;0;
202300003237;155674876;A01;2;7;0;2;3;10;3;
202300003237;155674877;B01;2;7;0;2;5;0;3;
202300003238;155674873;A01;1;7;0;2;0;3;1;
202300003238;155674875;B01;2;37;0;2;2;1;1;1.0
202300003239;155674872;B01;2;7;0;2;4;2;1;
202300003239;155674874;A01;2;33;0;2;1;2;1;
202300003240;155674871;A01;2;33;1;0;7;1;1;
202300003241;155674869;A01;2;7;0;2;1;13;1;
202300003241;155674870;B01;1;7;0;2;1;1;1;
202300003242;155674867;Z01;3;7;0;2;1;1;1;
202300003242;155674868;A01;3;7;0;2;4;1;1;
202300003243;155674866;A01;2;7;1;0;1;14;1;
202300003244;155674863;A01;2;7;0;1;3;1;1;
202300003245;155674862;B01;3;7;0;2;1;1;0;
202300003245;155674865;A01;2;10;0;2;7;1;0;
202300003246;155674860;A01;3;7;6;0;1;1;1;
202300003247;155674859;A01;3;7;0;2;1;1;1;
202300003247;155674861;B01;3;33;0;2;0;0;1;
202300003248;155674855;A01;1;7;0;2;2;1;1;
202300003248;155674858;B01;1;32;0;2;1;1;1;
202300003249;155674856;A01;1;7;0;2;6;15;1;
202300003249;155674857;B01;1;31;0;2;7;17;1;
202300003250;155674852;B01;2;1;0;2;1;1;5;
202300003250;155674854;A01;1;7;0;9;2;1;1;
202300003251;155674851;A01;3;30;0;2;1;15;3;
202300003251;155674853;Z01;2;7;0;2;0;1;0;
202300003252;155674848;A01;1;34;0;2;3;15;1;
202300003252;155674850;B01;1;7;0;2;3;0;1;
202300003253;155674847;A01;2;7;0;2;1;13;1;
202300003253;155674849;B01;1;7;0;2;1;1;1;
202300003254;155674844;B01;3;7;0;2;3;0;1;
202300003254;155674846;A01;1;7;0;2;3;13;1;
202300003255;155674843;B01;1;7;0;2;7;1;2;
202300003255;155674845;A01;3;30;0;2;7;5;1;
202300003256;155674841;A01;3;30;0;2;1;1;1;
202300003256;155674842;B01;3;30;0;2;7;23;1;
202300003257;155674840;A01;1;33;0;0;0;0;1;
202300003258;155674839;A01;0;7;0;1;0;0;1;
202300003259;155674836;A01;1;30;0;2;1;2;1;
202300003259;155674838;B01;1;7;0;2;3;2;1;
202300003260;155674835;B01;3;2;0;2;0;0;1;
202300003260;155674837;A01;3;7;0;2;0;0;2;
202300003261;155674832;B01;1;1;0;2;4;0;5;
202300003261;155674834;A01;1;7;0;2;1;0;0;
202300003262;155674831;B01;2;7;0;2;1;2;1;
202300003262;155674833;A01;1;7;0;2;1;13;1;
202300003263;155674829;A01;2;7;2;0;3;2;1;
202300003264;155674828;B01;1;7;1;2;1;1;1;
202300003264;155674830;A01;2;7;0;2;2;15;3;
202300003265;155674825;A01;1;7;0;2;1;15;1;
202300003265;155674826;B01;1;7;0;2;1;1;1;
202300003266;155674824;B01;2;7;0;2;2;1;1;
202300003266;155674827;A01;1;7;0;2;1;1;1;
202300003267;155674823;A01;1;31;12;0;1;14;1;
202300003268;155674821;B01;2;7;0;2;0;0;0;
202300003268;155674822;A01;1;7;0;2;0;0;0;
202300003269;155674818;A01;1;7;0;1;1;16;1;
202300003270;155674816;A01;1;10;0;2;3;2;1;
202300003270;155674817;B01;1;7;0;2;6;2;1;
202300003270;155674819;C01;1;33;0;2;5;2;1;
202300003270;155674820;D01;1;7;0;2;6;1;1;
202300003271;155674811;A01;1;1;0;2;6;19;5;
202300003271;155674813;B01;1;33;0;2;1;1;1;
202300003272;155674810;A01;2;33;0;2;3;1;1;
202300003272;155674812;B01;2;7;0;2;5;1;1;
202300003273;155674807;C01;2;7;0;2;1;1;1;
202300003273;155674808;A01;1;33;0;2;1;1;1;
202300003273;155674809;B01;1;7;0;2;8;1;1;
202300003274;155674806;A01;0;1;0;1;1;1;5;
202300003275;155674802;A01;2;7;0;2;5;16;1;
202300003275;155674803;B01;3;30;0;2;3;18;1;
202300003276;155674800;C01;2;7;0;2;1;1;1;
202300003276;155674801;A01;1;7;0;2;1;11;1;
202300003276;155674804;B01;2;7;0;2;3;1;1;
202300003277;155674797;B01;3;7;0;2;1;1;1;
202300003277;155674799;A01;3;7;0;2;8;15;1;
202300003278;155674798;A01;2;7;1;0;1;12;1;
202300003279;155674796;A01;2;7;0;1;1;1;1;
202300003280;155674795;A01;1;7;8;0;2;1;1;
202300003281;155674793;A01;3;10;0;2;1;1;1;
202300003281;155674794;B01;3;7;0;2;7;15;1;
202300003282;155674791;B01;3;7;0;2;2;1;1;
202300003282;155674792;A01;3;7;0;2;1;19;1;
202300003283;155674789;B01;1;7;0;2;1;1;1;
202300003283;155674790;A01;1;2;0;2;7;1;1;
202300003284;155674786;A01;2;33;0;2;9;1;1;
202300003284;155674788;B01;2;7;0;2;4;1;0;
202300003285;155674785;A01;1;43;12;2;1;13;1;
202300003285;155674787;B01;2;7;0;2;8;1;1;
202300003286;155674782;Z01;1;7;0;2;1;1;1;
202300003286;155674783;A01;1;1;0;2;0;15;5;
202300003287;155674781;A01;2;10;0;2;3;26;1;
202300003287;155674784;B01;2;7;0;2;2;1;1;
202300003288;155674779;B01;3;33;0;2;1;1;1;
202300003288;155674780;A01;3;7;0;2;2;15;1;
202300003289;155674778;A01;1;7;1;0;0;0;0;
202300003290;155674776;A01;1;50;0;2;4;1;3;
202300003290;155674777;B01;1;7;0;2;1;26;0;
202300003291;155674772;A01;1;7;0;2;3;13;0;
202300003291;155674774;B01;1;2;0;2;7;1;0;
202300003292;155674773;A01;1;50;0;2;8;1;3;
202300003292;155674775;B01;1;7;0;2;1;1;1;
202300003293;155674769;A01;0;7;0;2;1;13;1;
202300003293;155674771;B01;0;7;0;2;3;1;1;
202300003294;155674767;A01;0;7;0;1;4;4;0;
202300003295;155674768;B01;3;7;0;2;8;1;1;
202300003295;155674770;A01;3;7;0;2;1;1;1;
202300003296;155674764;B01;3;1;0;2;1;1;5;
202300003296;155674766;A01;3;7;0;0;2;19;1;
202300003297;155674763;B01;3;7;0;2;3;2;1;
202300003297;155674765;A01;3;7;0;2;1;19;1;
202300003298;155674761;A01;2;1;0;2;4;1;5;
202300003298;155674762;Z01;2;7;0;2;1;2;1;
202300003299;155674757;A01;2;50;0;2;8;0;3;
202300003299;155674759;B01;1;7;0;2;1;9;1;
202300003300;155674754;C01;1;7;0;2;4;0;1;
202300003300;155674755;E01;1;7;0;2;4;0;1;
202300003300;155674756;A01;1;7;0;2;1;26;1;
202300003300;155674758;B01;1;7;0;2;9;1;1;
202300003300;155674760;D01;1;7;0;2;4;0;1;
202300003301;155674752;A01;1;7;0;2;7;16;1;
202300003301;155674753;B01;1;32;0;2;1;1;1;
202300003302;155674750;A01;3;13;0;2;1;1;1;
202300003302;155674751;B01;3;1;0;2;2;15;5;
202300003303;155674748;A01;1;7;0;2;1;1;1;
202300003303;155674749;B01;1;7;0;2;4;23;1;
202300003304;155674747;A01;3;7;13;0;1;21;0;
202300003305;155674746;A01;0;30;8;0;1;1;0;
202300003306;155674744;A01;2;7;0;1;1;1;1;
202300003307;155674745;A01;1;7;0;0;9;0;1;
202300003308;155674742;B01;3;30;0;2;1;1;1;
202300003308;155674743;A01;3;7;0;2;2;15;1;
202300003309;155674739;A01;1;7;4;0;0;1;1;
202300003310;155674738;B01;3;7;0;2;4;2;1;
202300003310;155674740;C01;3;7;0;2;1;2;1;
202300003310;155674741;A01;3;7;0;2;4;0;1;
202300003311;155674736;B01;0;7;0;2;7;26;1;
202300003311;155674737;A01;0;7;0;2;1;26;1;
202300003312;155674731;B01;1;7;0;0;2;1;5;
202300003312;155674733;A01;3;32;0;0;8;0;1;
202300003313;155674730;B01;1;7;0;2;5;1;1;
202300003313;155674734;C01;1;7;0;2;6;1;1;
202300003313;155674735;A01;1;33;0;2;3;3;1;
202300003314;155674729;B01;2;80;0;2;1;5;3;
202300003314;155674732;A01;1;7;0;2;2;1;1;
202300003315;155674725;P01;0;1;0;2;4;0;5;
202300003315;155674728;A01;0;10;0;2;1;0;1;
202300003316;155674724;A01;1;7;0;2;1;1;1;
202300003316;155674726;B01;2;2;0;2;8;1;1;
202300003317;155674723;B01;2;33;0;2;8;3;1;
202300003317;155674727;A01;2;7;0;2;2;14;1;
202300003318;155674721;A01;2;7;0;2;1;15;1;
202300003318;155674722;B01;1;50;0;2;3;16;3;
202300003319;155674718;B01;3;1;0;0;0;0;5;
202300003319;155674720;A01;3;7;0;9;1;1;1;
202300003320;155674717;A01;1;7;0;2;3;12;1;
202300003320;155674719;B01;1;7;0;2;6;1;1;
202300003321;155674715;A01;1;7;16;0;1;17;1;
202300003321;155674716;B01;1;7;16;0;1;26;1;
202300003322;155674712;B01;2;7;0;2;1;2;1;
202300003322;155674714;A01;2;7;0;2;4;2;1;
202300003323;155674711;B01;3;50;0;2;4;1;3;
202300003323;155674713;A01;3;7;0;9;1;1;1;
202300003324;155674709;A01;2;7;0;9;2;2;1;
202300003324;155674710;B01;2;50;0;2;8;1;3;
202300003325;155674703;B01;3;7;0;2;1;1;1;
202300003325;155674707;A01;3;7;0;2;6;9;1;
202300003326;155674702;B01;1;15;0;2;0;0;1;
202300003326;155674705;A01;1;7;0;2;0;0;1;
202300003326;155674708;C01;1;15;0;2;1;17;1;
202300003327;155674700;B01;2;33;0;2;2;17;0;
202300003327;155674701;C01;1;7;0;2;6;23;0;