Num_Acc;id_vehicule;num_veh;senc;catv;obs;obsm;choc;manv;motor;occutc
202300003327;155674704;A01;2;7;0;2;3;9;0;
202300003327;155674706;D01;1;7;0;2;1;1;0;
202300003328;155674698;A01;1;33;0;2;1;17;1;
202300003328;155674699;B01;1;7;0;2;3;15;1;
202300003329;155674696;A01;1;3;1;1;2;1;1;
202300003330;155674694;A01;1;60;0;2;7;19;5;
202300003330;155674697;B01;1;7;0;2;2;19;1;
202300003331;155674695;A01;2;7;1;1;2;19;1;
202300003332;155674693;A01;1;13;0;1;2;1;1;
202300003333;155674692;A01;1;7;8;0;3;13;1;
202300003334;155674691;A01;3;30;0;1;1;25;1;
202300003335;155674688;A01;0;7;0;2;0;25;0;
202300003335;155674690;B01;1;50;0;0;1;1;3;
202300003336;155674687;A01;0;7;0;2;1;1;1;
202300003336;155674689;B01;1;1;0;2;1;9;5;
202300003337;155674684;B01;1;10;0;2;8;1;1;
202300003337;155674686;A01;2;7;12;2;3;19;1;
202300003338;155674683;A01;3;10;1;0;5;20;3;
202300003338;155674685;B01;3;30;0;2;1;2;1;
202300003339;155674682;A01;1;7;0;0;0;0;1;
202300003340;155674680;A01;2;2;0;2;1;2;1;
202300003340;155674681;B01;2;10;0;2;6;1;1;
202300003341;155674678;A01;2;7;0;1;2;1;1;
202300003342;155674677;A01;2;7;0;2;3;20;1;
202300003342;155674679;B01;1;31;0;2;1;1;1;
202300003343;155674673;A01;1;7;0;2;7;1;1;
202300003343;155674676;B01;3;50;0;2;1;25;3;
202300003344;155674672;A01;2;7;0;2;3;15;1;
202300003344;155674674;B01;1;7;0;2;9;1;1;
202300003345;155674671;B01;0;7;1;2;2;0;6;
202300003345;155674675;A01;0;31;1;2;0;18;1;
202300003346;155674669;A01;1;33;0;2;2;1;1;
202300003346;155674670;B01;1;7;0;2;3;0;1;
202300003347;155674667;A01;2;7;0;2;1;15;1;
202300003347;155674668;B01;2;33;0;2;1;1;1;
202300003348;155674665;A01;1;7;0;9;2;9;1;
202300003348;155674666;B01;1;50;0;2;1;1;3;
202300003349;155674664;A01;2;7;0;1;0;0;0;
202300003350;155674661;A01;2;7;0;2;8;15;1;
202300003350;155674663;B01;2;33;0;2;1;1;1;
202300003351;155674659;B01;0;32;0;2;8;0;1;
202300003351;155674662;A01;3;7;0;2;1;0;0;
202300003352;155674658;A01;2;7;0;2;1;1;1;
202300003352;155674660;B01;2;7;0;2;4;1;1;
202300003353;155674657;A01;1;10;0;1;3;15;1;
202300003354;155674654;A01;1;34;8;2;1;18;1;
202300003354;155674656;B01;0;32;0;2;2;16;1;
202300003355;155674653;A01;3;7;0;2;1;1;1;
202300003355;155674655;B01;3;7;0;2;3;0;1;
202300003356;155674650;A01;1;7;0;2;2;19;1;
202300003356;155674652;B01;2;33;0;2;1;5;1;
202300003357;155674649;A01;3;7;0;1;3;9;1;
202300003358;155674648;Z01;1;7;0;2;1;16;0;
202300003358;155674651;A01;2;1;0;2;1;1;5;
202300003359;155674646;A01;1;33;4;0;8;13;1;
202300003360;155674641;B01;2;7;1;0;1;1;1;
202300003360;155674644;C01;1;7;0;0;6;26;1;
202300003360;155674645;A01;1;7;0;0;4;23;1;
202300003361;155674640;B01;3;7;0;2;6;24;1;
202300003361;155674642;A01;3;7;1;0;2;14;1;
202300003362;155674643;A01;1;7;0;2;1;2;1;
202300003362;155674647;B01;1;7;0;2;4;2;1;
202300003363;155674638;A01;3;7;0;2;2;1;1;
202300003363;155674639;B01;0;2;0;2;1;13;0;
202300003364;155674637;A01;0;30;15;0;2;16;1;
202300003365;155674636;A01;1;7;0;0;0;26;0;
202300003366;155674634;A01;2;7;0;2;3;5;1;
202300003366;155674635;B01;1;7;0;2;3;1;1;
202300003367;155674630;B01;3;2;1;2;3;0;1;
202300003367;155674633;A01;3;10;1;2;5;16;1;
202300003368;155674629;A01;2;7;0;2;1;1;2;
202300003368;155674632;B01;1;7;8;2;1;1;2;
202300003369;155674628;A01;2;7;0;2;3;13;0;
202300003369;155674631;B01;1;50;0;2;1;1;3;
202300003370;155674624;A01;1;7;15;2;8;1;1;
202300003370;155674627;B01;1;7;0;2;3;1;1;
202300003371;155674625;B01;2;7;0;2;4;23;1;
202300003371;155674626;A01;2;33;0;2;1;1;1;
202300003372;155674621;A01;2;31;0;2;1;1;1;
202300003372;155674623;B01;1;7;0;2;1;15;1;
202300003373;155674620;A01;1;37;0;1;1;1;1;1.0
202300003374;155674618;A01;3;1;0;0;3;1;0;
202300003375;155674619;A01;2;7;0;2;7;9;2;
202300003375;155674622;B01;2;7;0;2;0;1;1;
202300003376;155674616;A01;2;21;0;2;3;15;1;
202300003376;155674617;B01;2;7;0;2;2;17;1;
202300003377;155674613;A01;3;7;0;2;3;5;1;
202300003377;155674615;B01;3;7;0;2;2;9;1;
202300003378;155674612;A01;2;7;0;2;1;9;1;
202300003378;155674614;B01;1;33;0;2;7;3;1;
202300003379;155674611;A01;2;1;0;0;0;0;5;
202300003380;155674610;A01;2;10;15;0;1;1;1;
202300003381;155674608;A01;1;7;0;2;3;26;1;
202300003381;155674609;B01;2;7;0;2;3;26;1;
202300003382;155674606;A01;1;7;0;2;3;9;1;
202300003382;155674607;B01;1;1;0;2;1;1;5;
202300003383;155674605;A01;3;7;6;0;1;1;2;
202300003384;155674600;A01;1;7;0;2;2;15;1;
202300003384;155674603;B01;2;33;0;2;1;1;1;
202300003385;155674598;A01;2;33;0;2;7;13;1;
202300003385;155674602;B01;1;7;0;2;7;13;1;
202300003385;155674604;C01;1;7;0;2;1;23;1;
202300003386;155674599;B01;3;30;0;2;2;1;0;
202300003386;155674601;A01;0;7;0;2;3;11;0;
202300003387;155674594;A01;1;7;0;2;7;15;1;
202300003387;155674597;B01;2;2;0;2;1;1;1;
202300003388;155674593;A01;1;2;1;0;1;2;1;
202300003388;155674596;B01;2;7;0;0;4;23;1;
202300003389;155674591;A01;1;7;15;0;1;26;1;
202300003390;155674592;A01;1;7;0;2;1;2;1;
202300003390;155674595;B01;1;32;0;2;4;2;1;
202300003391;155674590;A01;1;7;13;0;3;13;0;
202300003392;155674585;B01;1;1;0;2;7;1;5;
202300003392;155674589;A01;2;7;0;2;1;9;1;
202300003393;155674583;B01;1;34;0;0;0;1;1;
202300003393;155674586;A01;1;10;0;0;0;1;1;
202300003393;155674588;C01;1;33;0;0;0;1;1;
202300003394;155674584;B01;1;7;13;2;8;1;1;
202300003394;155674587;A01;2;7;2;2;1;13;1;
202300003395;155674578;B01;2;7;0;2;1;2;1;
202300003395;155674582;A01;3;2;0;2;0;2;1;
202300003396;155674577;B01;1;7;0;2;5;19;1;
202300003396;155674580;A01;1;33;0;2;1;1;1;
202300003397;155674575;A01;1;10;6;0;1;6;1;
202300003398;155674572;B01;3;7;0;2;3;1;1;
202300003398;155674574;A01;3;2;0;2;1;1;1;
202300003399;155674570;A01;1;7;13;0;1;0;1;
202300003399;155674571;B01;1;7;13;0;4;0;1;
202300003400;155674567;B01;1;17;0;0;6;1;1;
202300003400;155674568;A01;1;10;0;2;2;2;1;
202300003401;155674563;B01;1;7;14;2;3;1;1;
202300003401;155674566;A01;1;50;0;0;0;1;3;
202300003402;155674562;A01;1;50;0;2;1;9;3;
202300003402;155674565;B01;1;7;0;9;3;9;1;
202300003403;155674561;B01;1;7;0;2;6;17;1;
202300003403;155674564;A01;1;33;0;2;4;3;1;
202300003404;155674558;A01;1;2;8;0;1;19;1;
202300003405;155674556;A01;1;7;0;2;3;13;1;
202300003405;155674557;B01;2;7;0;2;3;1;1;
202300003406;155674559;A01;2;1;0;2;1;5;5;
202300003406;155674560;B01;1;7;0;2;3;1;1;
202300003407;155674555;A01;2;33;3;0;0;21;1;
202300003408;155674550;A01;3;7;0;2;0;0;2;
202300003408;155674552;B01;3;50;0;2;0;0;3;
202300003409;155674551;A01;2;10;15;0;1;1;1;
202300003410;155674549;B01;2;7;0;2;1;1;1;
202300003410;155674553;A01;1;7;0;2;6;15;1;
202300003411;155674546;A01;1;7;0;2;2;15;0;
202300003411;155674548;B01;1;33;0;2;1;17;0;
202300003412;155674544;B01;2;33;15;0;7;1;1;
202300003412;155674547;A01;1;7;0;2;0;15;1;
202300003413;155674541;B01;3;7;0;2;1;1;1;
202300003413;155674543;A01;3;10;0;2;2;1;1;
202300003414;155674545;A01;3;7;0;1;1;1;1;
202300003415;155674538;A01;1;33;0;2;1;17;1;
202300003415;155674539;B01;1;7;0;2;5;15;1;
202300003416;155674536;A01;1;2;0;2;1;13;1;
202300003416;155674537;B01;2;7;0;2;3;21;1;
202300003417;155674534;A01;1;14;0;2;1;1;1;
202300003417;155674535;B01;1;10;16;0;4;23;1;
202300003418;155674533;A01;1;7;15;0;2;1;1;
202300003419;155674531;A01;2;7;0;2;3;21;1;
202300003419;155674532;B01;1;21;0;2;3;15;1;
202300003420;155674527;B01;3;31;0;2;9;1;1;
202300003420;155674529;A01;3;7;0;2;3;13;2;
202300003421;155674528;A01;3;21;0;2;1;15;1;
202300003421;155674530;B01;3;1;0;2;1;1;5;
202300003422;155674526;A01;1;7;0;1;3;1;1;
202300003423;155674523;A01;1;7;0;0;9;1;1;
202300003424;155674519;B01;3;7;6;2;3;16;1;
202300003424;155674521;A01;1;15;0;0;7;1;1;
202300003425;155674518;A01;2;80;0;0;0;0;3;
202300003426;155674516;A01;3;32;0;2;1;19;1;
202300003426;155674517;B01;1;43;0;2;7;1;1;
202300003427;155674515;A01;2;7;13;0;1;15;1;
202300003428;155674513;A01;3;7;0;2;1;5;1;
202300003428;155674514;B01;3;7;0;2;1;1;0;
202300003429;155674512;A01;1;7;13;0;3;1;1;
202300003430;155674511;A01;0;7;6;1;1;15;1;
202300003431;155674510;A01;1;7;13;0;9;1;0;
202300003432;155674508;B01;3;32;0;2;1;1;1;
202300003432;155674509;A01;3;7;0;2;1;15;1;
202300003433;155674506;B01;1;7;0;0;5;23;1;
202300003433;155674507;A01;1;34;10;2;3;2;1;
202300003434;155674502;B01;1;1;0;2;1;1;5;
202300003434;155674503;A01;3;7;0;2;8;15;6;
202300003435;155674504;A01;3;7;0;2;3;15;3;
202300003435;155674505;B01;3;32;0;2;1;1;1;
202300003436;155674500;A01;2;7;0;2;2;17;1;
202300003436;155674501;B01;2;17;0;2;6;1;1;
202300003437;155674498;A01;1;14;6;0;1;1;1;
202300003438;155674499;A01;0;7;1;0;1;16;1;
202300003439;155674496;A01;1;14;0;2;6;15;1;
202300003439;155674497;B01;1;7;0;2;3;1;3;
202300003440;155674494;A01;1;14;0;2;3;1;1;
202300003440;155674495;B01;2;7;0;2;1;13;1;
202300003441;155674493;A01;2;7;3;0;1;1;1;
202300003442;155674491;B01;3;80;0;2;1;9;3;
202300003442;155674492;A01;1;7;0;2;5;20;1;
202300003443;155674489;B01;1;7;0;2;3;15;1;
202300003443;155674490;A01;1;33;0;2;1;17;1;
202300003444;155674487;A01;2;7;0;2;1;1;1;
202300003444;155674488;B01;2;7;0;2;4;23;1;
202300003445;155674485;A01;3;7;0;2;1;9;0;
202300003445;155674486;B01;3;1;0;2;7;15;5;
202300003446;155674483;B01;0;1;0;2;4;1;5;
202300003446;155674484;A01;0;7;14;0;0;0;1;
202300003447;155674481;A01;1;7;0;2;5;23;1;
202300003447;155674482;B01;1;32;0;2;1;2;1;
202300003448;155674480;A01;2;7;0;1;1;1;1;
202300003449;155674478;B01;1;7;0;2;4;1;1;
202300003449;155674479;A01;1;7;0;2;1;1;1;
202300003450;155674476;A01;1;10;0;2;4;2;1;
202300003450;155674477;B01;1;7;0;2;1;2;1;
202300003451;155674475;A01;1;7;0;2;3;1;1;
202300003452;155674473;A01;1;33;0;2;1;3;1;
202300003452;155674474;B01;1;7;0;2;5;1;3;
202300003453;155674471;A01;1;7;10;0;2;14;1;
202300003454;155674469;A01;1;33;0;2;1;3;1;
202300003454;155674470;B01;1;7;0;2;5;12;1;
202300003455;155674467;A01;1;7;4;0;3;13;1;
202300003456;155674466;C01;1;10;0;2;3;1;1;
202300003456;155674468;A01;2;7;16;2;1;13;1;
202300003456;155674472;B01;1;7;0;2;1;1;1;
202300003457;155674464;A01;1;33;0;2;2;26;1;
202300003457;155674465;B01;1;7;0;2;8;11;1;
202300003458;155674460;B01;2;7;0;2;4;2;1;
202300003458;155674461;A01;2;7;0;2;1;2;1;
202300003458;155674463;C01;2;7;0;2;4;13;1;
202300003459;155674458;B01;1;7;0;2;1;1;1;
202300003459;155674462;A01;2;7;0;2;7;13;3;
202300003460;155674457;A01;2;33;0;2;1;3;1;
202300003460;155674459;B01;2;7;0;2;8;1;1;
202300003461;155674453;A01;1;7;0;2;5;12;1;
202300003461;155674455;B01;1;33;0;2;1;18;1;
202300003462;155674454;B01;1;1;0;2;4;1;5;
202300003462;155674456;A01;1;10;0;2;1;1;1;
202300003463;155674451;A01;1;7;0;2;6;11;1;
202300003463;155674452;B01;1;33;0;2;1;2;1;
202300003464;155674448;B01;1;7;0;2;2;1;1;
202300003464;155674449;A01;1;7;0;2;3;1;1;
202300003465;155674447;A01;2;7;0;2;5;9;1;
202300003465;155674450;B01;2;33;1;2;1;1;1;
202300003466;155674446;A01;1;7;3;9;3;1;1;
202300003467;155674443;A01;3;7;0;1;4;20;2;
202300003468;155674439;B01;1;7;0;2;1;1;1;
202300003468;155674441;C01;1;7;0;2;1;0;1;
202300003468;155674442;A01;1;7;0;2;6;21;1;
202300003468;155674444;D01;1;7;0;2;1;1;1;
202300003468;155674445;E01;1;7;0;2;1;1;1;
202300003469;155674440;A01;3;50;0;0;0;21;3;
202300003470;155674436;A01;1;7;0;2;2;1;1;
202300003470;155674438;B01;2;7;1;2;8;1;1;
202300003471;155674433;A01;1;7;0;2;7;14;1;
202300003471;155674434;B01;1;30;0;2;1;1;1;
202300003472;155674435;A01;3;50;0;2;1;2;3;
202300003472;155674437;B01;3;37;0;2;4;2;1;1.0
202300003473;155674431;B01;1;7;0;2;6;23;1;
202300003473;155674432;A01;1;33;0;2;1;2;1;
202300003474;155674430;A01;2;7;0;1;3;15;1;
202300003475;155674428;B01;1;33;0;2;4;1;1;
202300003475;155674429;A01;1;7;0;2;1;2;1;
202300003476;155674427;A01;2;2;0;0;0;1;3;
202300003477;155674426;A01;1;0;0;0;0;26;0;
202300003478;155674424;A01;0;10;0;1;4;4;1;
202300003479;155674423;A01;3;7;0;2;4;20;1;
202300003479;155674425;B01;2;1;0;2;1;1;5;
202300003480;155674422;A01;3;99;0;0;0;0;0;
202300003481;155674420;A01;1;7;0;2;1;2;1;
202300003481;155674421;B01;1;7;0;2;4;23;1;
202300003482;155674419;A01;1;1;6;0;1;2;5;
202300003483;155674417;A01;1;7;0;5;9;2;0;
202300003484;155674416;B01;2;2;0;2;1;2;3;
202300003484;155674418;A01;1;7;0;2;2;2;0;
202300003485;155674414;A01;2;7;0;1;2;1;1;
202300003486;155674409;A01;2;7;0;2;2;15;1;
202300003486;155674410;B01;1;31;0;2;1;1;1;
202300003487;155674411;A01;3;7;0;2;1;2;1;
202300003487;155674412;B01;3;7;0;2;4;2;1;
202300003488;155674405;A01;0;7;0;2;1;2;1;
202300003488;155674406;B01;0;7;0;2;4;2;1;
202300003488;155674408;C01;0;7;0;2;4;2;1;
202300003489;155674404;A01;1;2;0;2;1;17;3;
202300003489;155674407;B01;1;7;0;2;8;15;2;
202300003490;155674401;A01;0;10;0;2;3;1;1;
202300003490;155674403;B01;0;31;0;2;1;1;1;
202300003491;155674399;A01;0;10;0;1;1;0;1;
202300003492;155674400;B01;3;7;0;2;2;0;1;
202300003492;155674402;A01;2;1;0;2;7;19;5;
202300003493;155674397;B01;1;2;0;2;1;17;1;
202300003493;155674398;A01;1;7;0;2;6;15;1;
202300003494;155674394;B01;1;7;0;2;4;1;1;
202300003494;155674395;A01;1;31;0;2;1;1;1;
202300003495;155674393;A01;1;7;0;2;1;1;1;
202300003495;155674396;B01;1;7;0;2;4;1;1;
202300003496;155674391;A01;1;2;14;0;1;1;1;
202300003496;155674392;B01;1;7;0;2;0;23;1;
202300003497;155674390;A01;1;33;0;1;1;1;1;
202300003498;155674388;A01;2;7;0;2;3;9;1;
202300003498;155674389;B01;1;7;0;2;1;1;1;
202300003499;155674385;A01;1;33;0;2;1;1;1;
202300003499;155674387;B01;1;32;0;2;4;1;1;
202300003500;155674383;A01;0;33;0;2;3;21;0;
202300003500;155674384;B01;0;7;0;2;3;13;0;
202300003501;155674381;A01;2;7;0;2;1;26;1;
202300003501;155674382;B01;1;7;0;2;1;1;1;
202300003502;155674380;A01;3;7;0;1;1;2;1;
202300003503;155674378;A01;3;7;12;0;2;1;1;
202300003504;155674376;A01;3;33;0;9;1;0;1;
202300003505;155674374;B01;1;7;0;2;6;9;1;
202300003505;155674375;A01;1;33;0;2;1;1;1;
202300003506;155674377;B01;0;7;0;2;3;15;1;
202300003506;155674379;A01;0;3;0;2;1;26;1;
202300003507;155674371;A01;3;7;0;2;1;13;1;
202300003507;155674373;B01;3;7;0;2;1;1;1;
202300003508;155674370;A01;3;7;12;2;1;2;1;
202300003508;155674372;B01;3;7;0;2;4;23;1;
202300003509;155674369;A01;1;14;0;0;0;26;0;
202300003510;155674367;A01;2;10;0;9;5;18;0;
202300003510;155674368;B01;2;50;0;2;3;2;3;
202300003511;155674364;B01;1;80;0;2;4;0;3;
202300003511;155674366;A01;1;7;0;9;1;1;1;
202300003512;155674363;B01;1;10;9;0;2;1;1;
202300003512;155674365;A01;1;3;0;2;1;1;3;
202300003513;155674360;A01;2;10;0;2;2;2;1;
202300003513;155674362;B01;2;1;0;2;6;2;5;
202300003514;155674359;B01;2;7;0;2;1;1;3;
202300003514;155674361;A01;2;2;0;2;7;1;1;
202300003515;155674355;B01;1;7;0;2;4;1;1;
202300003515;155674357;A01;1;37;0;2;1;1;1;1.0
202300003516;155674356;B01;2;30;0;2;1;1;1;
202300003516;155674358;A01;1;7;0;2;2;15;1;
202300003517;155674351;B01;2;7;0;2;3;0;1;
202300003517;155674353;C01;2;10;0;2;7;0;1;
202300003517;155674354;A01;1;7;0;2;1;13;1;
202300003518;155674350;B01;1;1;0;2;4;1;5;
202300003518;155674352;Z01;1;30;0;2;1;17;0;
202300003519;155674349;A01;1;33;0;0;0;1;1;
202300003520;155674348;A01;3;7;0;1;1;1;1;
202300003521;155674347;A01;1;7;14;0;1;1;1;
202300003522;155674346;A01;3;7;0;1;2;16;1;
202300003523;155674345;A01;2;7;11;0;3;13;1;
202300003524;155674343;A01;3;7;0;1;1;1;1;
202300003525;155674339;B01;1;7;0;2;0;26;0;
202300003525;155674340;A01;3;1;0;2;0;0;5;
202300003526;155674337;A01;3;7;0;1;1;1;1;
202300003527;155674336;A01;3;30;14;0;1;17;1;
202300003528;155674334;A01;1;7;0;2;6;11;1;
202300003528;155674335;B01;1;30;0;2;3;1;1;
202300003529;155674331;B01;1;2;16;2;0;2;1;
202300003529;155674333;A01;1;7;16;0;3;2;1;
202300003530;155674330;A01;1;7;0;2;1;16;1;
202300003530;155674332;B01;1;50;0;2;0;0;3;
202300003531;155674327;A01;0;7;6;2;1;1;1;
202300003531;155674329;B01;0;7;0;2;3;1;0;
202300003532;155674326;A01;3;2;0;2;7;1;1;
202300003532;155674328;B01;3;7;0;2;3;1;1;
202300003533;155674324;B01;1;30;0;2;1;1;1;
202300003533;155674325;A01;2;7;0;2;3;15;1;
202300003534;155674321;A01;1;31;14;0;1;1;1;
202300003535;155674323;A01;1;7;0;1;3;1;1;
202300003536;155674319;A01;1;80;0;2;2;1;3;
202300003536;155674320;B01;3;7;0;2;8;1;1;
202300003537;155674315;A01;1;43;0;2;8;1;1;
202300003537;155674316;B01;1;7;0;2;1;15;1;
202300003538;155674317;B01;2;7;0;9;6;1;1;
202300003538;155674318;A01;2;50;0;2;2;1;3;
202300003539;155674314;A01;1;43;0;1;8;21;1;
202300003540;155674311;A01;1;7;0;2;1;2;1;
202300003540;155674313;B01;1;7;0;2;4;2;1;
202300003541;155674312;A01;3;7;8;0;2;1;1;
202300003542;155674310;A01;0;7;13;0;1;26;1;
202300003543;155674307;A01;3;7;0;2;8;26;1;
202300003543;155674308;B01;3;1;0;2;1;9;5;
202300003544;155674306;B01;1;13;0;2;1;19;1;
202300003544;155674309;A01;2;7;0;2;7;1;1;
202300003545;155674305;A01;3;7;0;1;1;1;2;
202300003546;155674303;B01;1;33;0;2;3;1;1;
202300003546;155674304;Z01;2;7;0;2;0;0;0;
202300003547;155674302;A01;1;7;0;1;2;1;1;
202300003548;155674301;A01;1;7;12;0;1;16;1;
202300003549;155674300;A01;2;10;1;0;2;1;1;
202300003550;155674297;B01;1;7;0;2;3;0;2;
202300003550;155674298;A01;3;7;0;2;2;15;1;
202300003551;155674296;B01;1;7;0;2;4;2;1;
202300003551;155674299;A01;1;10;0;2;1;2;1;
202300003552;155674294;B01;0;7;0;2;1;2;1;
202300003552;155674295;A01;3;7;0;0;4;2;1;
202300003553;155674289;A01;2;7;0;2;1;1;0;
202300003553;155674291;B01;2;7;0;2;4;1;1;
202300003554;155674290;A01;1;15;0;2;2;12;1;
202300003554;155674292;B01;1;7;0;2;8;1;1;
202300003554;155674293;C01;1;33;0;2;1;2;1;
202300003555;155674287;A01;1;7;0;2;2;16;1;
202300003555;155674288;B01;2;7;0;2;3;1;1;
202300003556;155674284;B01;2;7;0;2;6;2;1;
202300003556;155674286;A01;2;31;0;2;1;2;1;
202300003557;155674283;A01;3;7;0;2;3;1;1;
202300003557;155674285;B01;3;32;0;2;2;9;1;
202300003558;155674282;A01;2;50;0;0;1;1;3;
202300003559;155674280;A01;0;30;5;0;0;2;1;
202300003560;155674279;A01;0;7;0;0;9;2;1;
202300003561;155674278;A01;1;7;0;2;1;1;1;
202300003561;155674281;B01;1;7;0;2;8;1;2;
202300003562;155674277;A01;1;7;0;0;1;1;1;
202300003563;155674275;A01;2;50;1;2;1;5;3;
202300003563;155674276;B01;1;10;1;2;8;15;1;
202300003564;155674274;Z01;1;33;0;1;0;2;0;
202300003565;155674272;A01;2;32;0;1;2;17;1;
202300003565;155674273;B01;2;7;0;2;6;1;1;
202300003566;155674271;A01;1;10;0;1;1;1;1;
202300003567;155674270;A01;2;30;0;1;2;17;1;
202300003568;155674268;A01;1;7;0;2;1;1;1;
202300003568;155674269;B01;1;7;0;2;3;20;1;
202300003569;155674265;A01;1;7;0;2;3;15;1;
202300003569;155674267;B01;1;30;0;2;2;17;3;
202300003570;155674264;A01;3;43;0;4;7;1;1;
202300003570;155674266;B01;3;40;0;2;1;1;3;
202300003571;155674261;A01;1;7;0;2;3;1;1;
202300003571;155674263;B01;2;34;0;2;1;1;1;
202300003572;155674262;A01;1;7;0;1;3;2;2;
202300003573;155674259;B01;1;1;0;2;1;1;5;
202300003573;155674260;A01;1;7;0;2;1;5;0;
202300003574;155674258;A01;2;7;9;0;1;14;1;
202300003575;155674256;B01;2;1;0;2;2;1;5;
202300003575;155674257;A01;1;1;0;2;2;1;5;
202300003576;155674253;Z01;1;7;0;2;1;5;0;
202300003576;155674254;B01;2;1;0;2;1;1;5;
202300003577;155674252;B01;1;1;0;2;3;15;5;
202300003577;155674255;A01;2;1;0;2;1;5;5;
202300003578;155674250;A01;3;50;0;2;1;15;3;
202300003578;155674251;B01;3;7;0;2;3;16;1;
202300003579;155674249;A01;1;1;0;1;1;1;5;
202300003580;155674247;A01;2;7;0;2;7;17;1;
202300003580;155674248;B01;2;1;0;2;8;15;5;
202300003581;155674246;A01;2;7;0;1;3;16;1;
202300003582;155674243;A01;1;10;0;2;1;2;1;
202300003582;155674245;B01;1;2;0;2;4;2;1;
202300003583;155674242;A01;2;33;0;2;2;21;1;
202300003583;155674244;B01;2;1;0;2;3;11;5;
202300003584;155674240;A01;1;7;0;2;3;15;0;
202300003584;155674241;B01;1;33;0;2;1;1;1;
202300003585;155674239;A01;2;1;0;1;1;1;5;
202300003586;155674237;B01;2;7;0;2;1;1;1;
202300003586;155674238;A01;2;7;0;2;3;26;1;
202300003587;155674234;A01;1;7;0;2;1;26;1;
202300003587;155674236;B01;1;33;0;2;1;0;0;
202300003588;155674233;A01;2;7;0;2;8;20;2;
202300003588;155674235;B01;2;80;0;2;7;1;3;
202300003589;155674231;A01;3;7;1;0;8;17;1;
202300003589;155674232;B01;3;33;0;2;0;1;1;
202300003590;155674230;A01;1;1;14;2;3;13;5;
202300003591;155674227;A01;2;7;0;1;1;1;0;
202300003592;155674228;A01;3;30;0;1;1;19;1;
202300003593;155674225;A01;3;7;0;2;2;9;1;
202300003593;155674226;B01;1;2;0;2;1;1;1;
202300003594;155674222;A01;2;7;0;2;2;9;1;
202300003594;155674223;B01;2;7;0;2;3;1;1;
202300003595;155674220;A01;1;36;0;0;0;16;1;
202300003596;155674221;A01;3;32;0;2;8;13;1;
202300003596;155674224;B01;3;7;0;2;7;1;1;
202300003597;155674219;A01;1;50;0;1;3;2;3;
202300003598;155674217;A01;1;7;0;9;2;15;1;
202300003599;155674216;A01;3;43;0;2;8;1;1;
202300003599;155674218;B01;3;7;0;2;3;13;1;
202300003600;155674215;A01;1;7;2;0;3;1;1;
202300003601;155674212;A01;3;7;0;2;5;0;0;
202300003601;155674214;B01;0;33;0;2;1;2;0;
202300003602;155674211;A01;0;10;0;1;4;4;1;
202300003603;155674210;A01;1;7;3;0;3;1;1;
202300003604;155674213;A01;2;34;0;1;3;0;0;
202300003605;155674206;B01;1;7;0;2;5;2;1;
202300003605;155674208;A01;1;7;1;2;3;2;1;
202300003605;155674209;C01;1;7;1;0;6;23;1;
202300003606;155674205;A01;3;7;0;2;2;0;0;
202300003606;155674207;B01;3;7;0;2;6;0;0;
202300003607;155674200;A01;3;14;0;2;1;0;1;
202300003607;155674202;B01;3;7;0;2;4;0;1;
202300003607;155674203;C01;3;7;0;0;4;0;0;
202300003608;155674197;A01;1;7;0;2;3;13;1;
202300003608;155674198;C01;2;7;3;2;3;1;1;
202300003608;155674199;E01;1;7;0;0;4;1;1;
202300003608;155674201;B01;2;7;3;0;7;1;1;
202300003608;155674204;D01;1;7;0;2;1;1;1;
202300003609;155674195;A01;1;7;0;2;1;1;1;
202300003609;155674196;B01;1;10;0;2;4;2;1;
202300003610;155674193;A01;2;7;0;2;3;1;0;
202300003610;155674194;B01;1;7;0;2;2;15;0;
202300003611;155674192;A01;1;7;13;0;2;1;1;
202300003612;155674189;B01;0;36;0;0;6;0;0;
202300003612;155674190;A01;0;36;1;0;2;0;0;
202300003613;155674188;A01;1;7;6;0;1;1;1;
202300003614;155674187;A01;1;7;0;2;3;1;1;
202300003614;155674191;B01;1;7;0;2;2;19;1;
202300003615;155674186;A01;2;7;13;0;1;1;1;
202300003616;155674181;B01;2;7;0;2;8;1;1;
202300003616;155674182;C01;2;7;0;2;2;1;1;
202300003616;155674185;A01;1;10;0;2;1;13;1;
202300003617;155674180;A01;1;13;6;0;1;1;1;
202300003618;155674183;A01;2;3;0;2;1;15;0;
202300003618;155674184;B01;1;3;0;2;1;2;0;
202300003619;155674177;A01;1;10;2;0;1;13;1;
202300003620;155674175;A01;1;7;16;0;0;14;1;
202300003621;155674176;B01;2;15;0;0;5;15;1;
202300003621;155674178;A01;2;7;0;2;6;1;1;
202300003622;155674173;A01;2;33;0;2;2;17;1;
202300003622;155674174;B01;2;7;0;2;3;15;1;
202300003623;155674171;B01;0;7;0;2;0;17;0;
202300003623;155674172;A01;0;37;0;2;8;9;1;2.0
202300003624;155674170;A01;3;7;2;0;7;1;1;
202300003625;155674169;A01;3;33;0;0;7;15;1;
202300003626;155674168;A01;1;10;0;1;1;16;1;
202300003627;155674166;A01;0;7;0;2;3;1;0;
202300003627;155674167;B01;0;7;0;0;5;0;0;