Num_Acc;id_vehicule;num_veh;senc;catv;obs;obsm;choc;manv;motor;occutc
202300003628;155674165;A01;0;7;0;1;1;9;0;
202300003629;155674163;A01;1;10;0;1;4;4;1;
202300003630;155674162;B01;2;7;0;2;1;1;1;
202300003630;155674164;A01;1;7;0;2;2;15;1;
202300003631;155674159;B01;1;32;0;2;5;1;1;
202300003631;155674161;A01;1;7;0;2;2;9;1;
202300003632;155674158;B01;2;7;0;2;3;19;1;
202300003632;155674160;A01;2;34;0;2;1;1;1;
202300003633;155674156;B01;2;21;0;2;4;1;1;
202300003633;155674157;A01;2;7;0;2;1;1;1;
202300003634;155674154;A01;3;2;0;0;0;14;1;
202300003634;155674155;B01;3;7;0;0;0;0;1;
202300003635;155674153;A01;3;7;8;0;1;1;1;
202300003636;155674152;A01;1;7;2;0;0;0;2;
202300003637;155674149;B01;3;13;0;2;2;1;1;
202300003637;155674151;A01;2;7;0;2;1;1;1;
202300003638;155674148;A01;1;7;8;0;2;1;1;
202300003638;155674150;B01;2;7;0;2;1;1;1;
202300003639;155674146;B01;1;7;0;2;2;1;1;
202300003639;155674147;A01;2;3;0;0;3;1;1;
202300003640;155674144;A01;1;7;0;2;1;13;1;
202300003640;155674145;B01;2;7;0;2;1;1;1;
202300003641;155674142;A01;3;7;0;0;3;19;0;
202300003641;155674143;B01;3;33;0;2;1;2;0;
202300003642;155674141;A01;3;7;0;1;4;4;1;
202300003643;155674137;A01;2;7;0;2;3;13;1;
202300003643;155674139;B01;1;33;0;2;8;1;1;
202300003644;155674136;A01;2;7;0;2;5;16;1;
202300003644;155674138;B01;2;50;0;2;1;1;3;
202300003645;155674131;A01;1;7;1;0;1;1;1;
202300003646;155674130;B01;2;7;0;2;3;1;1;
202300003646;155674134;A01;1;2;0;2;3;1;1;
202300003647;155674132;D01;2;7;0;2;3;1;1;
202300003647;155674133;A01;2;7;4;0;4;0;1;
202300003647;155674135;B01;2;7;0;2;1;0;1;
202300003647;155674140;C01;2;7;0;2;1;2;1;
202300003648;155674129;A01;1;7;6;0;1;1;1;
202300003649;155674126;A01;1;7;0;2;3;9;1;
202300003649;155674128;B01;2;33;0;2;2;1;1;
202300003650;155674125;A01;2;10;15;0;0;0;0;
202300003651;155674124;A01;1;7;0;2;2;15;1;
202300003651;155674127;B01;2;1;0;2;1;1;5;
202300003652;155674120;C01;1;7;0;2;3;1;1;
202300003652;155674122;A01;1;7;0;2;5;15;1;
202300003652;155674123;B01;2;33;0;2;1;17;1;
202300003653;155674121;A01;2;33;3;0;1;2;1;
202300003654;155674119;A01;1;7;3;0;9;1;1;
202300003655;155674117;B01;3;1;0;2;8;19;5;
202300003655;155674118;A01;2;7;0;9;1;1;1;
202300003656;155674116;A01;3;7;16;0;0;0;1;
202300003657;155674115;A01;1;7;2;0;3;1;1;
202300003658;155674113;A01;1;7;3;0;1;26;1;
202300003659;155674112;B01;0;80;0;2;8;1;3;
202300003659;155674114;A01;0;7;0;2;7;9;1;
202300003660;155674111;A01;1;7;0;1;2;1;1;
202300003661;155674108;B01;1;30;0;2;1;1;0;
202300003661;155674110;A01;2;7;0;2;2;15;1;
202300003662;155674107;A01;0;7;0;2;1;0;1;
202300003662;155674109;B01;0;50;0;2;8;26;3;
202300003663;155674106;A01;2;7;0;1;3;1;0;
202300003664;155674103;A01;2;7;0;2;6;11;1;
202300003664;155674105;B01;2;2;0;2;1;1;1;
202300003665;155674102;A01;1;7;0;9;2;15;1;
202300003665;155674104;B01;2;1;0;2;1;1;5;
202300003666;155674101;A01;1;2;0;0;7;1;1;
202300003667;155674098;A01;2;7;0;2;2;0;1;
202300003667;155674099;B01;2;10;5;0;6;0;1;
202300003668;155674097;A01;2;7;0;2;1;1;1;
202300003668;155674100;B01;3;1;0;2;7;1;5;
202300003669;155674093;A01;1;7;0;2;6;1;1;
202300003669;155674095;B01;1;7;0;2;3;1;1;
202300003670;155674094;A01;1;7;12;2;3;1;1;
202300003670;155674096;B01;2;7;0;2;8;1;1;
202300003671;155674091;B01;2;17;0;0;6;17;1;
202300003671;155674092;A01;2;7;4;2;1;17;1;
202300003672;155674089;A01;1;7;0;1;1;26;1;
202300003673;155674087;B01;2;10;0;9;0;1;1;
202300003673;155674090;A01;3;30;0;2;0;2;1;
202300003674;155674086;A01;1;1;-1;2;1;13;5;
202300003674;155674088;B01;1;7;0;2;3;1;1;
202300003675;155674083;A01;3;7;0;2;2;16;1;
202300003675;155674085;B01;3;1;0;2;8;1;5;
202300003676;155674081;A01;3;7;0;2;2;15;1;
202300003676;155674084;B01;2;31;0;2;1;1;1;
202300003677;155674080;A01;1;2;0;2;8;13;1;
202300003677;155674082;B01;2;7;0;2;1;1;1;
202300003678;155674077;A01;3;31;0;2;1;17;1;
202300003678;155674078;D01;3;10;0;2;6;2;0;
202300003678;155674079;B01;3;7;0;2;8;20;1;
202300003679;155674074;A01;0;7;0;2;3;17;1;
202300003679;155674075;B01;0;7;0;2;3;16;1;
202300003680;155674072;A01;3;0;0;2;8;3;0;
202300003680;155674073;B01;3;33;0;2;7;1;1;
202300003681;155674071;A01;1;7;0;1;1;1;1;
202300003682;155674070;B01;3;33;0;2;7;19;1;
202300003682;155674076;A01;2;7;0;2;2;1;1;
202300003683;155674067;A01;1;33;0;2;1;1;1;
202300003683;155674068;B01;1;7;0;2;5;23;1;
202300003684;155674066;B01;0;7;0;2;6;19;1;
202300003684;155674069;A01;0;31;0;2;1;1;1;
202300003685;155674062;A01;2;7;0;2;1;13;1;
202300003685;155674063;B01;1;7;0;2;1;2;1;
202300003686;155674061;A01;2;7;4;0;3;1;1;
202300003687;155674064;B01;1;7;0;2;1;17;1;
202300003687;155674065;A01;1;7;2;0;6;15;1;
202300003688;155674059;A01;0;33;0;0;9;1;1;
202300003689;155674060;A01;2;7;0;1;1;1;1;
202300003690;155674057;B01;1;1;0;0;0;2;5;
202300003690;155674058;A01;1;7;0;2;3;2;0;
202300003691;155674055;A01;1;33;0;0;9;1;1;
202300003691;155674056;B01;1;33;0;0;9;1;1;
202300003692;155674053;A01;3;7;0;2;2;15;1;
202300003692;155674054;B01;3;31;0;2;1;1;1;
202300003693;155674052;A01;3;7;0;1;2;1;0;
202300003694;155674051;A01;1;31;13;0;3;1;1;
202300003695;155674049;C01;1;7;0;2;4;1;1;
202300003695;155674050;B01;3;2;12;2;1;2;1;
202300003696;155674047;A01;3;7;0;0;9;2;1;
202300003697;155674044;A01;1;7;0;2;2;1;1;
202300003697;155674046;B01;2;1;0;2;1;15;5;
202300003698;155674042;B01;1;7;0;0;4;2;1;
202300003698;155674045;A01;1;7;0;2;1;1;1;
202300003699;155674040;A01;2;31;4;0;8;15;1;
202300003700;155674039;A01;2;2;0;2;3;1;1;
202300003700;155674043;B01;1;10;0;2;3;20;1;
202300003701;155674038;B01;2;7;0;2;3;26;1;
202300003701;155674041;A01;2;7;7;2;1;1;1;
202300003702;155674032;C01;1;7;0;2;6;2;1;
202300003702;155674035;A01;1;7;0;2;3;2;1;
202300003702;155674037;B01;1;7;0;2;5;2;1;
202300003703;155674033;A01;0;7;13;2;1;1;1;
202300003703;155674036;B01;0;10;0;2;1;13;1;
202300003704;155674031;A01;1;7;0;2;3;1;1;
202300003704;155674034;B01;2;10;0;2;3;13;1;
202300003705;155674027;A01;2;7;0;2;1;1;1;
202300003705;155674028;B01;1;7;7;2;7;19;1;
202300003706;155674024;B01;1;50;0;2;1;13;3;
202300003706;155674026;A01;1;7;0;9;7;17;1;
202300003707;155674025;A01;2;7;0;2;1;5;1;
202300003707;155674029;B01;1;7;0;2;1;1;1;
202300003708;155674022;B01;2;7;0;2;1;1;1;
202300003708;155674023;A01;1;10;0;2;1;21;1;
202300003709;155674019;A01;2;7;0;2;1;1;1;
202300003709;155674020;B01;1;7;0;2;7;15;1;
202300003710;155674018;A01;1;33;0;2;1;1;1;
202300003710;155674021;B01;2;10;0;2;1;15;1;
202300003711;155674015;B01;0;7;0;0;4;1;1;
202300003711;155674016;C01;0;7;0;2;1;2;1;
202300003711;155674017;A01;0;7;0;2;4;2;1;
202300003712;155674013;B01;2;7;0;2;4;1;1;
202300003712;155674014;A01;2;7;0;2;4;1;1;
202300003713;155674012;A01;1;10;10;0;3;13;1;
202300003714;155674011;A01;1;7;3;0;3;1;1;
202300003715;155674009;A01;0;7;0;2;3;15;1;
202300003715;155674010;B01;1;43;0;2;7;6;1;
202300003716;155674006;A01;2;7;0;1;1;1;2;
202300003717;155674000;A01;1;7;0;2;1;2;1;
202300003717;155674003;B01;1;10;0;2;4;2;1;
202300003717;155674005;C01;1;7;0;2;4;0;1;
202300003717;155674007;D01;1;7;0;2;4;2;1;
202300003717;155674008;E01;1;7;0;2;4;2;1;
202300003718;155674002;A01;2;7;0;2;2;15;1;
202300003718;155674004;B01;1;30;0;2;2;1;1;
202300003719;155673998;A01;1;7;0;2;1;2;1;
202300003719;155673999;B01;1;7;0;2;4;2;1;
202300003720;155673996;B01;2;10;0;2;6;2;1;
202300003720;155674001;A01;2;33;0;2;3;3;1;
202300003721;155673995;A01;1;7;0;2;2;15;1;
202300003721;155673997;B01;1;2;0;2;1;18;1;
202300003722;155673990;A01;1;7;0;0;1;2;1;
202300003722;155673992;B01;1;7;0;9;1;1;1;
202300003723;155673987;C01;1;0;0;2;0;0;0;
202300003723;155673989;Z01;1;0;0;2;0;0;0;
202300003723;155673991;A01;1;7;0;2;4;0;0;
202300003723;155673993;B01;1;10;0;2;4;0;0;
202300003723;155673994;D01;1;7;0;2;6;0;0;
202300003724;155673982;B01;3;7;0;2;6;1;1;
202300003724;155673985;A01;3;10;0;2;1;1;1;
202300003724;155673986;C01;3;7;0;2;6;1;1;
202300003725;155673980;A01;1;7;0;2;0;0;1;
202300003725;155673983;B01;1;33;4;2;0;0;1;
202300003726;155673976;B01;3;7;0;2;1;1;1;
202300003726;155673978;A01;3;7;0;2;8;16;1;
202300003727;155673975;A01;2;7;0;2;3;11;1;
202300003727;155673977;B01;2;32;0;2;2;3;1;
202300003728;155673979;A01;2;7;0;2;1;13;1;
202300003728;155673981;B01;1;7;0;2;1;1;1;
202300003728;155673984;C01;1;7;0;2;1;1;1;
202300003729;155673972;B01;1;33;0;2;3;1;1;
202300003729;155673974;A01;1;37;0;2;3;15;1;1.0
202300003730;155673970;A01;2;33;0;2;1;2;1;
202300003730;155673973;B01;2;7;0;2;4;2;1;
202300003731;155673969;A01;2;7;0;2;3;9;1;
202300003731;155673971;B01;1;33;0;2;1;1;0;
202300003732;155673965;A01;2;32;0;2;8;3;1;
202300003732;155673967;B01;2;7;0;2;7;12;1;
202300003733;155673964;B01;2;7;0;2;1;1;1;
202300003733;155673968;A01;1;7;9;2;3;1;1;
202300003734;155673960;A01;3;7;0;1;2;16;1;
202300003735;155673962;B01;3;7;0;2;2;19;1;
202300003735;155673966;A01;3;7;0;2;1;1;0;
202300003736;155673961;A01;2;7;0;2;1;2;1;
202300003736;155673963;B01;1;7;0;2;4;2;1;
202300003737;155673958;A01;1;2;0;0;9;0;1;
202300003738;155673956;B01;2;7;0;2;1;1;1;
202300003738;155673959;A01;2;34;0;2;4;1;1;
202300003739;155673955;A01;3;7;0;2;1;15;3;
202300003739;155673957;B01;3;1;0;2;8;16;5;
202300003740;155673951;A01;1;7;0;2;1;26;1;
202300003740;155673953;B01;1;7;0;2;4;0;1;
202300003741;155673952;A01;2;7;8;0;1;1;1;
202300003742;155673947;A01;1;7;0;2;5;12;1;
202300003742;155673949;B01;1;33;0;2;3;2;1;
202300003743;155673945;B01;3;30;0;2;1;1;6;
202300003743;155673948;A01;3;7;0;2;3;15;6;
202300003744;155673944;A01;1;7;0;2;2;13;1;
202300003744;155673946;B01;2;7;0;2;3;0;1;
202300003745;155673942;A01;1;7;0;2;1;2;1;
202300003745;155673943;B01;1;7;0;2;4;2;1;
202300003746;155673939;A01;3;7;0;2;7;15;1;
202300003746;155673941;B01;1;7;0;2;1;1;1;
202300003747;155673937;A01;1;33;0;2;7;1;1;
202300003747;155673938;B01;1;7;0;2;8;11;1;
202300003748;155673940;A01;1;7;13;0;1;14;1;
202300003749;155673932;C01;2;7;0;2;6;1;0;
202300003749;155673933;A01;2;15;0;2;3;1;0;
202300003749;155673935;B01;2;7;0;2;4;1;0;
202300003749;155673936;D01;2;10;0;2;6;1;0;
202300003750;155673931;A01;1;7;0;2;4;2;1;
202300003750;155673934;B01;1;31;0;2;1;2;1;
202300003751;155673926;A01;2;7;0;2;7;15;1;
202300003751;155673929;B01;1;7;0;2;1;2;1;
202300003752;155673925;B01;3;7;0;2;1;1;1;
202300003752;155673928;A01;3;32;0;2;1;26;1;
202300003753;155673927;A01;1;7;0;9;1;26;0;
202300003753;155673930;B01;2;1;0;2;7;1;5;
202300003754;155673921;A01;1;32;0;2;6;13;1;
202300003754;155673924;B01;1;7;0;2;6;0;1;
202300003755;155673919;B01;3;7;0;0;4;23;1;
202300003755;155673922;C01;3;7;0;2;1;23;1;
202300003755;155673923;A01;0;7;0;1;3;4;1;
202300003756;155673920;A01;1;2;1;0;1;21;1;
202300003757;155673914;A01;1;31;0;2;1;3;1;
202300003757;155673917;B01;1;10;0;2;5;1;1;
202300003758;155673915;A01;2;7;0;2;3;13;1;
202300003758;155673918;B01;2;7;0;2;1;1;1;
202300003759;155673911;A01;2;32;0;2;8;3;1;
202300003759;155673913;B01;2;33;0;2;7;1;1;
202300003760;155673910;A01;1;7;0;2;3;24;0;
202300003760;155673912;B01;1;33;1;2;1;1;0;
202300003761;155673908;A01;1;7;0;2;1;1;1;
202300003761;155673916;B01;1;1;0;2;8;1;5;
202300003762;155673907;B01;1;33;0;2;1;3;1;
202300003762;155673909;A01;1;7;0;2;4;12;1;
202300003763;155673906;A01;2;7;0;1;1;0;1;
202300003764;155673904;A01;2;33;3;0;1;1;1;
202300003765;155673903;B01;3;7;0;2;3;15;1;
202300003765;155673905;A01;1;1;0;2;1;1;5;
202300003766;155673902;A01;1;7;0;1;0;1;1;
202300003767;155673901;A01;1;33;0;0;7;1;1;
202300003768;155673898;A01;2;33;0;2;4;1;1;
202300003768;155673900;Z01;2;7;0;2;1;2;1;
202300003769;155673897;A01;2;7;4;2;1;13;1;
202300003769;155673899;B01;2;10;0;2;7;1;1;
202300003770;155673895;A01;2;7;0;1;2;1;1;
202300003771;155673894;A01;3;7;0;1;3;1;1;
202300003772;155673892;A01;2;37;0;0;0;21;1;3.0
202300003773;155673893;B01;2;15;0;2;2;1;0;
202300003773;155673896;A01;2;7;0;2;3;9;0;
202300003774;155673890;A01;3;7;0;2;2;15;1;
202300003774;155673891;B01;3;2;0;2;1;1;1;
202300003775;155673887;A01;2;7;0;2;1;15;1;
202300003775;155673889;B01;1;31;0;2;7;1;1;
202300003776;155673886;A01;2;7;0;0;4;17;1;
202300003776;155673888;B01;2;33;0;2;1;17;1;
202300003777;155673884;A01;1;2;0;2;1;3;1;
202300003777;155673885;B01;1;10;0;9;6;23;1;
202300003778;155673883;A01;1;7;0;1;6;4;2;
202300003779;155673880;A01;3;33;0;2;1;1;1;
202300003779;155673881;B01;3;7;0;2;4;23;1;
202300003780;155673878;A01;1;7;0;2;2;2;1;
202300003780;155673882;B01;1;7;0;0;6;1;1;
202300003781;155673875;C01;2;10;0;2;1;2;1;
202300003781;155673877;A01;2;7;0;2;4;2;0;
202300003781;155673879;B01;2;99;0;2;4;2;1;
202300003782;155673874;A01;3;7;0;1;3;2;1;
202300003783;155673873;A01;3;7;0;2;3;22;1;
202300003783;155673876;B01;2;1;0;2;1;1;5;
202300003784;155673872;A01;2;7;4;0;1;1;1;
202300003785;155673871;A01;1;32;0;1;8;18;1;
202300003786;155673870;A01;3;7;0;0;1;15;1;
202300003787;155673866;A01;1;17;0;2;2;16;1;
202300003787;155673868;B01;1;1;0;0;0;0;5;
202300003788;155673865;A01;2;1;0;2;0;2;5;
202300003788;155673869;Z01;2;7;0;2;0;16;0;
202300003789;155673863;A01;2;1;0;0;0;5;5;
202300003790;155673862;A01;1;7;15;0;1;1;1;
202300003791;155673861;A01;2;7;0;2;1;2;1;
202300003791;155673864;B01;2;7;0;2;4;1;1;
202300003791;155673867;C01;2;7;0;2;1;2;1;
202300003792;155673858;A01;2;10;0;2;3;15;1;
202300003792;155673860;B01;1;31;0;2;3;1;1;
202300003793;155673856;A01;1;7;0;2;1;1;1;
202300003793;155673857;B01;1;33;0;2;4;1;1;
202300003794;155673852;A01;1;10;0;2;2;15;3;
202300003794;155673853;B01;2;31;14;2;6;1;1;
202300003795;155673847;A01;2;7;0;2;1;2;1;
202300003795;155673849;B01;2;7;0;2;4;1;1;
202300003795;155673851;C01;2;7;0;2;4;2;0;
202300003796;155673845;A01;1;7;0;2;8;22;1;
202300003796;155673848;B01;1;2;0;2;1;17;1;
202300003797;155673846;A01;2;7;0;2;4;2;1;
202300003797;155673850;B01;2;10;0;2;1;2;1;
202300003798;155673843;A01;1;80;0;1;1;1;3;
202300003799;155673841;B01;2;1;0;2;1;5;5;
202300003799;155673844;A01;1;7;0;9;2;1;1;
202300003800;155673839;A01;2;1;0;1;1;1;5;
202300003801;155673837;D01;2;7;0;2;4;1;1;
202300003801;155673838;C01;2;7;0;2;3;1;1;
202300003801;155673840;A01;1;7;0;2;1;13;1;
202300003801;155673842;B01;2;10;0;2;5;1;1;
202300003802;155673836;A01;1;30;0;0;7;1;1;
202300003803;155673834;A01;2;1;0;2;3;1;5;
202300003803;155673835;Z01;1;31;0;2;2;1;0;
202300003804;155673832;A01;2;7;2;0;2;1;1;
202300003805;155673831;B01;1;10;0;0;6;23;0;
202300003805;155673833;A01;1;7;1;2;2;14;0;
202300003806;155673828;B01;1;7;0;2;1;0;0;
202300003806;155673830;A01;2;10;0;2;3;13;0;
202300003807;155673826;A01;1;7;0;2;2;15;1;
202300003807;155673829;B01;2;33;0;2;1;1;1;
202300003808;155673825;B01;2;17;0;2;1;1;1;
202300003808;155673827;A01;2;7;0;2;7;12;1;
202300003809;155673823;A01;3;7;0;2;3;22;1;
202300003809;155673824;B01;0;1;1;0;1;2;5;
202300003810;155673820;A01;2;7;0;2;1;2;0;
202300003810;155673822;B01;2;43;0;2;4;2;1;
202300003811;155673818;A01;0;10;0;1;1;5;0;
202300003812;155673819;B01;1;7;4;2;5;1;1;
202300003812;155673821;A01;1;7;4;2;1;1;1;
202300003813;155673817;A01;2;7;0;1;1;11;1;
202300003814;155673816;A01;3;1;1;0;0;1;5;
202300003815;155673815;A01;1;7;4;0;1;1;1;
202300003816;155673813;A01;2;1;1;0;1;26;5;
202300003817;155673812;B01;0;7;0;9;2;23;1;
202300003817;155673814;A01;0;7;0;9;2;13;1;
202300003818;155673809;A01;3;7;0;1;1;0;0;
202300003819;155673808;B01;1;33;0;2;7;0;1;
202300003819;155673810;C01;1;7;0;2;4;1;1;
202300003819;155673811;A01;1;7;0;2;3;13;2;
202300003820;155673807;A01;0;7;0;1;1;1;1;
202300003821;155673804;A01;2;7;0;2;3;15;1;
202300003821;155673806;B01;1;1;0;2;3;19;5;
202300003822;155673802;A01;1;7;0;1;1;1;1;
202300003823;155673800;A01;2;34;1;0;0;14;1;
202300003824;155673801;A01;1;33;0;2;1;26;1;
202300003824;155673803;B01;1;7;0;2;2;1;1;
202300003824;155673805;C01;1;7;0;2;5;1;1;
202300003825;155673797;A01;0;7;0;2;3;13;1;
202300003825;155673799;B01;0;7;0;2;6;0;1;
202300003826;155673795;B01;1;32;0;2;1;2;1;
202300003826;155673798;A01;1;7;0;2;3;15;1;
202300003827;155673793;A01;1;7;4;2;3;1;1;
202300003827;155673794;B01;1;7;0;2;8;1;1;
202300003827;155673796;C01;1;17;0;2;1;1;1;
202300003828;155673790;A01;1;33;0;2;1;1;1;
202300003828;155673792;B01;1;7;0;2;6;23;1;
202300003829;155673787;A01;1;17;3;2;3;1;1;
202300003829;155673788;B01;1;7;3;2;1;1;1;
202300003830;155673789;A01;2;7;0;2;3;20;1;
202300003830;155673791;B01;2;33;0;2;2;13;1;
202300003831;155673786;A01;0;30;0;0;1;14;1;
202300003832;155673785;A01;2;7;0;2;1;21;1;
202300003833;155673784;A01;1;7;0;1;1;2;1;
202300003834;155673780;A01;0;31;12;2;1;13;1;
202300003834;155673781;B01;0;7;0;2;5;23;1;
202300003835;155673779;B01;2;7;0;2;2;21;1;
202300003835;155673782;C01;2;7;0;2;3;1;1;
202300003835;155673783;A01;2;7;0;2;4;1;1;
202300003836;155673778;A01;0;50;0;1;1;26;3;
202300003837;155673775;A01;2;14;0;2;1;2;1;
202300003837;155673776;B01;2;7;0;2;4;2;1;
202300003837;155673777;C01;2;15;0;2;4;2;1;
202300003838;155673773;A01;0;34;8;0;1;17;6;
202300003838;155673774;B01;2;99;0;0;2;16;0;
202300003839;155673769;A01;1;10;0;2;2;20;1;
202300003839;155673771;B01;1;2;0;2;1;18;1;
202300003840;155673765;A01;1;7;0;9;2;16;1;
202300003840;155673766;B01;1;50;0;2;3;18;3;
202300003841;155673764;A01;2;7;0;2;1;2;1;
202300003841;155673767;B01;2;7;0;2;4;2;1;
202300003841;155673768;C01;2;7;0;2;4;2;1;
202300003841;155673770;D01;2;7;0;2;4;2;0;
202300003841;155673772;E01;2;7;0;2;4;2;1;
202300003842;155673762;B01;2;1;0;2;1;1;5;
202300003842;155673763;A01;2;7;2;0;5;16;1;
202300003843;155673761;A01;1;7;4;0;1;0;1;
202300003844;155673759;A01;1;7;4;2;3;17;1;
202300003844;155673760;B01;1;10;0;0;0;0;0;
202300003845;155673758;A01;1;7;4;0;1;26;1;
202300003846;155673757;A01;3;1;0;0;0;15;5;
202300003847;155673755;A01;1;7;0;2;1;1;1;
202300003847;155673756;B01;1;7;3;2;3;1;1;
202300003848;155673753;A01;1;37;0;2;7;0;1;3.0
202300003848;155673754;B01;3;37;0;2;3;0;1;1.0
202300003849;155673752;A01;2;7;4;9;8;26;0;
202300003850;155673750;A01;1;7;0;2;2;20;1;
202300003850;155673751;B01;1;50;0;2;3;0;3;
202300003851;155673748;B01;1;10;0;2;1;2;1;
202300003851;155673749;A01;1;7;0;2;4;23;1;
202300003852;155673746;A01;1;7;2;2;7;1;1;
202300003852;155673747;B01;2;34;2;2;1;1;1;
202300003853;155673745;A01;1;7;4;0;1;16;1;
202300003854;155673744;A01;1;10;0;1;2;21;1;
202300003855;155673742;A01;2;7;0;2;1;2;1;
202300003855;155673743;B01;2;7;0;2;4;23;1;
202300003856;155673740;A01;1;7;0;2;7;14;1;
202300003856;155673741;B01;1;2;0;2;8;1;1;
202300003857;155673739;A01;1;7;4;0;1;2;1;
202300003858;155673737;B01;2;2;0;2;3;1;2;
202300003858;155673738;A01;2;7;0;2;2;17;1;
202300003859;155673733;A01;1;7;0;2;4;2;2;
202300003859;155673735;B01;1;37;0;2;1;2;1;1.0
202300003860;155673734;B01;2;33;0;2;3;11;1;
202300003860;155673736;A01;2;7;0;2;7;12;1;
202300003861;155673731;A01;2;7;0;1;1;1;1;
202300003862;155673730;B01;1;10;0;2;4;1;1;
202300003862;155673732;A01;1;31;0;2;1;1;1;
202300003863;155673729;A01;3;36;0;0;9;1;1;
202300003864;155673726;B01;1;7;0;0;4;23;1;
202300003864;155673728;A01;1;2;1;0;1;1;1;
202300003865;155673723;B01;1;33;0;0;0;21;1;
202300003865;155673724;C01;1;33;0;0;4;1;1;
202300003865;155673725;D01;1;7;0;0;0;1;1;
202300003865;155673727;A01;1;33;3;0;8;21;1;
202300003866;155673721;A01;2;7;0;9;1;1;1;
202300003866;155673722;B01;2;60;0;2;7;19;5;
202300003867;155673720;A01;1;99;4;0;8;1;1;
202300003868;155673718;A01;1;7;4;0;8;13;0;
202300003869;155673716;A01;1;7;13;0;9;1;1;
202300003870;155673712;A01;2;7;0;2;8;11;1;
202300003870;155673713;B01;2;33;3;2;7;17;1;
202300003871;155673711;B01;2;33;0;2;1;1;1;
202300003871;155673714;A01;1;7;0;2;2;15;1;
202300003871;155673715;C01;1;7;0;2;2;23;1;
202300003871;155673717;D01;1;7;0;2;1;23;1;
202300003871;155673719;E01;1;7;0;2;6;23;1;
202300003872;155673708;A01;2;7;0;2;5;15;6;
202300003872;155673710;B01;1;33;0;2;1;1;1;
202300003873;155673707;A01;1;33;0;2;1;1;1;
202300003873;155673709;B01;2;21;0;2;3;1;1;
202300003874;155673705;A01;2;7;0;0;2;17;1;
202300003874;155673706;B01;2;2;0;0;4;13;1;
202300003875;155673703;A01;1;10;0;2;1;16;1;
202300003875;155673704;B01;1;80;0;2;8;1;3;
202300003876;155673702;A01;1;7;16;0;9;5;1;
202300003877;155673701;A01;1;7;16;0;3;1;1;
202300003878;155673700;B01;0;0;0;1;0;0;0;
202300003879;155673699;A01;2;33;0;0;9;1;1;
202300003880;155673697;A01;3;7;0;2;1;15;1;
202300003880;155673698;B01;3;31;0;2;8;1;1;
202300003881;155673694;A01;2;7;13;0;1;1;1;
202300003882;155673695;A01;2;7;0;2;3;15;1;
202300003882;155673696;B01;2;33;0;2;3;16;1;
202300003883;155673692;B01;3;1;0;0;1;17;5;
202300003883;155673693;A01;3;1;0;0;1;1;5;
202300003884;155673690;A01;2;1;0;2;1;1;5;
202300003884;155673691;B01;1;1;0;2;1;5;5;
202300003885;155673687;A01;2;7;0;2;5;1;1;
202300003885;155673688;C01;1;7;0;2;3;0;1;
202300003885;155673689;B01;1;37;0;2;2;2;1;2.0
202300003886;155673685;A01;2;14;0;2;2;1;1;
202300003886;155673686;B01;2;7;0;2;6;13;1;
202300003887;155673684;A01;3;7;1;1;4;4;1;
202300003888;155673682;A01;1;1;0;2;0;0;5;
202300003888;155673683;B01;2;99;0;2;0;0;0;
202300003889;155673680;B01;1;2;0;2;5;1;1;
202300003889;155673681;A01;2;7;0;2;3;1;1;
202300003890;155673678;B01;2;0;0;2;0;0;-1;
202300003890;155673679;A01;2;1;0;0;4;0;5;
202300003891;155673676;B01;2;7;0;2;3;10;1;
202300003891;155673677;A01;1;33;0;2;3;1;1;
202300003892;155673674;B01;1;33;0;2;7;17;1;
202300003892;155673675;A01;1;7;0;2;3;15;1;
202300003893;155673672;B01;2;1;1;0;1;1;5;
202300003893;155673673;A01;2;7;0;2;3;22;1;
202300003894;155673670;A01;1;33;0;2;1;21;1;
202300003894;155673671;B01;2;1;0;2;1;1;5;
202300003895;155673668;B01;1;7;1;0;6;23;2;
202300003895;155673669;A01;1;13;0;0;0;0;1;
202300003896;155673667;A01;2;37;0;1;1;15;1;1.0
202300003897;155673665;B01;2;50;0;2;1;1;3;
202300003897;155673666;A01;3;10;0;2;2;16;0;
202300003898;155673663;B01;1;50;0;2;1;1;3;
202300003898;155673664;A01;2;7;0;2;1;10;1;
202300003899;155673661;B01;1;33;0;2;2;15;1;
202300003899;155673662;A01;1;10;0;2;8;15;1;
202300003900;155673659;A01;1;7;0;2;7;15;1;
202300003900;155673660;B01;2;7;0;2;1;1;1;
202300003901;155673657;B01;1;1;0;2;1;1;5;
202300003901;155673658;A01;3;7;0;0;3;15;1;
202300003902;155673655;A01;1;7;0;2;1;15;1;
202300003902;155673656;B01;2;33;0;2;7;1;1;
202300003903;155673654;A01;2;7;16;0;0;0;1;
202300003904;155673652;A01;1;7;3;2;2;0;1;
202300003904;155673653;B01;1;7;4;2;6;1;1;
202300003905;155673650;A01;1;1;1;0;1;1;5;
202300003905;155673651;B01;1;10;0;0;4;26;1;
202300003906;155673648;A01;2;7;0;2;1;9;1;
202300003906;155673649;B01;2;33;0;0;7;1;1;
202300003907;155673647;A01;1;32;7;0;1;6;1;
202300003908;155673645;A01;0;10;0;9;2;1;1;
202300003908;155673646;B01;0;1;0;2;4;19;5;
202300003909;155673643;A01;2;30;0;0;1;1;1;