Num_Acc;id_vehicule;num_veh;senc;catv;obs;obsm;choc;manv;motor;occutc
202300003909;155673644;B01;2;14;0;0;0;2;0;
202300003910;155673641;A01;2;7;0;2;3;1;0;
202300003910;155673642;B01;1;7;0;2;3;1;0;
202300003911;155673640;A01;3;7;0;1;1;0;1;
202300003912;155673638;B01;1;34;0;1;7;23;1;
202300003912;155673639;A01;1;7;1;2;3;1;1;
202300003913;155673636;A01;1;7;0;2;3;0;1;
202300003913;155673637;B01;2;7;0;2;3;1;1;
202300003914;155673635;A01;2;7;12;0;2;2;1;
202300003915;155673634;A01;2;33;0;1;1;3;1;
202300003916;155673632;B01;1;21;0;2;3;1;1;
202300003916;155673633;A01;2;7;0;2;1;13;1;
202300003917;155673630;A01;2;7;2;0;2;21;1;
202300003918;155673631;A01;3;2;13;0;0;16;1;
202300003919;155673627;A01;2;7;0;2;3;1;1;
202300003919;155673629;B01;2;7;0;2;1;13;1;
202300003920;155673625;A01;3;36;8;0;3;26;6;
202300003921;155673626;A01;1;7;0;2;2;15;1;
202300003921;155673628;B01;2;1;0;2;8;1;5;
202300003922;155673623;A01;1;7;0;2;7;13;1;
202300003922;155673624;B01;2;7;0;0;1;1;1;
202300003923;155673622;A01;1;1;0;0;0;1;5;
202300003924;155673621;A01;2;7;13;0;1;1;1;
202300003925;155673620;A01;1;7;0;1;1;1;1;
202300003926;155673619;A01;2;3;1;0;1;14;1;
202300003927;155673617;A01;2;1;0;0;0;16;5;
202300003928;155673614;B01;2;7;1;0;1;20;1;
202300003928;155673615;A01;1;7;0;1;4;24;1;
202300003929;155673612;A01;2;14;0;1;2;1;1;
202300003930;155673611;A01;1;7;0;0;8;11;1;
202300003930;155673613;B01;1;33;0;0;1;2;1;
202300003931;155673609;B01;1;31;0;2;1;1;1;
202300003931;155673610;A01;1;7;0;2;8;9;1;
202300003932;155673608;A01;3;33;0;0;0;1;1;
202300003933;155673606;B01;1;7;0;2;1;1;1;
202300003933;155673607;A01;2;7;0;2;1;23;1;
202300003934;155673604;A01;1;7;13;0;2;1;1;
202300003935;155673603;A01;2;7;0;2;3;15;1;
202300003935;155673605;B01;1;2;0;2;1;1;1;
202300003936;155673602;A01;0;33;1;0;0;0;1;
202300003937;155673601;A01;2;33;15;0;0;1;1;
202300003938;155673599;B01;1;7;0;2;1;1;0;
202300003938;155673600;A01;2;7;0;2;1;13;0;
202300003939;155673597;A01;1;7;1;0;1;13;1;
202300003940;155673596;A01;1;33;0;2;8;2;1;
202300003940;155673598;B01;1;21;0;0;6;2;1;
202300003941;155673594;B01;2;10;0;2;2;19;1;
202300003941;155673595;A01;1;7;0;2;3;13;1;
202300003942;155673593;A01;1;33;5;0;2;1;1;
202300003943;155673592;A01;1;7;6;6;1;0;0;
202300003944;155673590;B01;2;33;0;0;7;21;1;
202300003944;155673591;A01;2;33;0;2;1;17;1;
202300003945;155673589;A01;2;7;13;0;1;15;1;
202300003946;155673585;A01;1;7;0;2;2;1;1;
202300003946;155673586;B01;1;3;0;2;4;1;1;
202300003947;155673584;A01;2;7;0;1;2;1;1;
202300003948;155673583;A01;3;1;8;0;1;14;5;
202300003949;155673581;B01;1;2;0;2;8;10;1;
202300003949;155673582;A01;1;7;0;2;1;17;1;
202300003950;155673580;A01;2;7;1;0;1;0;1;
202300003951;155673579;A01;1;7;0;0;1;1;1;
202300003952;155673578;A01;3;7;0;1;3;1;1;
202300003953;155673577;A01;2;33;8;0;8;1;1;
202300003954;155673574;A01;2;2;6;0;7;21;1;
202300003954;155673575;B01;1;7;0;0;8;23;1;
202300003955;155673573;B01;1;7;0;2;1;1;1;
202300003955;155673576;A01;2;7;0;2;1;13;1;
202300003956;155673572;A01;3;7;13;0;1;1;1;
202300003957;155673569;B01;2;33;0;2;4;1;1;
202300003957;155673571;A01;2;7;0;2;1;1;1;
202300003958;155673568;A01;0;7;0;2;3;13;0;
202300003958;155673570;B01;0;33;0;2;1;1;0;
202300003959;155673566;B01;1;7;0;0;2;1;1;
202300003959;155673567;A01;2;7;0;0;2;13;1;
202300003960;155673562;B01;2;7;0;2;8;2;1;
202300003960;155673564;A01;2;33;7;2;7;17;1;
202300003961;155673563;A01;1;7;0;2;3;1;1;
202300003961;155673565;B01;2;10;11;2;3;6;1;
202300003962;155673560;B01;2;33;0;2;8;1;0;
202300003962;155673561;A01;1;7;0;2;3;13;0;
202300003963;155673559;A01;2;2;0;0;0;1;1;
202300003964;155673558;A01;1;7;13;0;1;1;1;
202300003965;155673553;A01;1;10;0;0;0;1;1;
202300003965;155673555;B01;1;7;0;9;1;1;1;
202300003965;155673556;C01;1;7;0;2;2;1;0;
202300003966;155673554;A01;2;33;0;2;3;13;6;
202300003966;155673557;B01;2;7;0;0;5;2;6;
202300003967;155673552;A01;2;43;13;0;1;26;1;
202300003968;155673550;A01;2;7;0;2;3;9;0;
202300003968;155673551;B01;2;2;0;2;1;18;1;
202300003969;155673548;A01;1;7;0;2;3;13;0;
202300003969;155673549;B01;2;7;0;2;3;1;0;
202300003970;155673545;B01;1;10;0;0;4;2;1;
202300003970;155673547;A01;1;7;0;2;1;2;1;
202300003971;155673544;A01;1;7;0;2;1;1;1;
202300003971;155673546;B01;2;7;0;2;2;13;1;
202300003972;155673543;A01;1;32;0;0;7;2;1;
202300003973;155673541;A01;1;7;0;2;4;9;1;
202300003973;155673542;B01;1;7;0;2;1;16;1;
202300003974;155673536;A01;1;7;4;2;3;15;1;
202300003974;155673537;B01;1;7;0;2;1;1;1;
202300003975;155673533;A01;2;7;0;2;3;13;1;
202300003975;155673534;B01;1;7;0;2;1;1;1;
202300003975;155673535;C01;1;7;0;2;1;1;1;
202300003976;155673532;A01;2;33;13;0;1;1;1;
202300003977;155673530;A01;1;7;0;2;1;2;1;
202300003977;155673531;B01;1;15;0;2;4;2;1;
202300003978;155673525;A01;3;31;0;2;2;17;1;
202300003978;155673527;B01;3;7;0;2;3;15;1;
202300003979;155673526;C01;2;7;0;2;6;23;1;
202300003979;155673528;B01;1;33;0;2;3;1;1;
202300003979;155673529;A01;2;7;0;2;3;21;1;
202300003980;155673522;C01;1;33;2;2;1;1;1;
202300003980;155673523;B01;1;34;0;2;1;1;1;
202300003980;155673524;A01;2;33;0;2;0;14;1;
202300003981;155673519;A01;1;7;3;2;6;13;1;
202300003981;155673520;B01;1;7;0;2;1;1;1;
202300003982;155673518;A01;2;7;0;0;3;19;1;
202300003982;155673521;B01;2;33;0;2;1;1;1;
202300003983;155673515;B01;3;10;8;2;2;1;1;
202300003983;155673517;A01;1;7;0;2;1;1;1;
202300003984;155673516;A01;2;33;13;0;7;1;1;
202300003985;155673513;B01;1;7;3;0;3;1;0;
202300003985;155673514;A01;2;7;0;0;3;13;0;
202300003986;155673509;A01;1;7;0;9;3;9;1;
202300003986;155673511;B01;1;1;0;0;7;1;5;
202300003987;155673510;A01;2;7;0;2;1;15;1;
202300003987;155673512;B01;1;7;0;2;3;1;1;
202300003988;155673508;A01;3;7;13;0;3;1;1;
202300003989;155673504;B01;2;13;0;0;0;2;1;
202300003989;155673506;A01;2;7;6;0;1;21;1;
202300003990;155673505;B01;1;34;0;2;7;17;1;
202300003990;155673507;A01;1;7;0;2;3;10;1;
202300003991;155673503;A01;3;31;0;0;7;1;1;
202300003992;155673499;B01;1;7;0;2;1;1;1;
202300003992;155673500;A01;2;7;0;2;2;1;1;
202300003993;155673501;B01;2;7;0;2;3;15;1;
202300003993;155673502;A01;2;33;0;2;1;17;1;
202300003994;155673497;Z01;2;0;0;2;1;1;0;
202300003994;155673498;A01;2;7;0;2;4;1;1;
202300003995;155673491;A01;1;7;0;2;1;2;1;
202300003995;155673492;B01;1;7;0;2;4;1;1;
202300003995;155673494;C01;1;7;0;2;4;1;1;
202300003996;155673488;A01;2;2;0;2;1;1;1;
202300003996;155673490;B01;1;10;0;2;2;19;1;
202300003997;155673487;B01;2;7;0;2;8;1;1;
202300003997;155673489;A01;2;7;0;2;2;12;1;
202300003998;155673485;A01;1;7;0;2;4;1;1;
202300003998;155673486;B01;1;7;0;2;1;1;1;
202300003999;155673483;A01;2;7;0;2;7;10;1;
202300003999;155673484;B01;1;2;0;2;1;1;1;
202300004000;155673480;C01;1;7;0;2;8;1;1;
202300004000;155673481;B01;1;7;0;2;1;2;1;
202300004000;155673482;A01;1;7;0;2;1;2;1;
202300004001;155673479;A01;3;7;0;0;9;0;0;
202300004002;155673478;A01;2;7;13;0;1;12;1;
202300004003;155673473;C01;1;7;0;2;1;1;0;
202300004003;155673475;B01;1;7;0;2;6;0;0;
202300004003;155673476;A01;1;7;0;2;4;1;0;
202300004004;155673474;B01;2;15;0;2;2;1;0;
202300004004;155673477;A01;3;7;0;2;7;19;1;
202300004005;155673471;A01;1;7;0;2;2;14;1;
202300004005;155673472;B01;1;33;0;2;4;2;1;
202300004006;155673467;A01;2;7;0;2;8;11;1;
202300004006;155673468;B01;2;7;0;2;7;2;1;
202300004006;155673469;C01;2;7;0;2;4;2;2;
202300004006;155673470;D01;2;7;0;2;6;2;1;
202300004007;155673465;A01;1;10;6;1;2;1;1;
202300004008;155673464;B01;2;10;0;2;8;9;1;
202300004008;155673466;A01;2;38;0;2;2;1;1;12.0
202300004009;155673463;Z01;3;7;8;0;1;13;1;
202300004010;155673461;B01;2;7;0;2;2;12;1;
202300004010;155673462;A01;2;32;0;2;8;1;1;
202300004011;155673460;A01;1;7;0;1;3;1;1;
202300004012;155673458;A01;1;7;0;2;4;11;1;
202300004012;155673459;B01;1;33;0;2;1;1;0;
202300004013;155673455;B01;3;7;0;2;3;2;1;
202300004013;155673457;A01;3;31;0;2;2;17;1;
202300004014;155673454;B01;1;7;0;2;5;12;0;
202300004014;155673456;A01;1;31;0;2;1;26;0;
202300004015;155673451;A01;1;7;0;2;4;2;1;
202300004015;155673452;C01;3;10;0;2;1;2;1;
202300004015;155673453;B01;3;7;0;2;1;2;1;
202300004016;155673448;A01;2;7;0;2;2;12;1;
202300004016;155673450;B01;2;33;0;2;8;3;1;
202300004017;155673447;A01;2;10;0;2;2;10;1;
202300004017;155673449;B01;2;33;0;2;8;1;1;
202300004018;155673443;Z01;3;7;8;2;1;2;2;
202300004018;155673444;B01;1;7;0;2;4;2;1;
202300004019;155673445;A01;1;7;0;2;1;2;1;
202300004019;155673446;B01;1;7;0;2;4;2;1;
202300004020;155673440;A01;2;7;0;2;8;22;1;
202300004020;155673442;B01;2;30;0;2;1;17;1;
202300004021;155673439;A01;2;50;14;0;2;25;3;
202300004022;155673436;A01;2;32;0;0;3;1;1;
202300004023;155673437;B01;2;15;0;2;2;12;1;
202300004023;155673438;A01;2;7;0;2;8;2;1;
202300004024;155673433;A01;1;2;0;2;3;18;3;
202300004024;155673434;B01;1;7;0;2;7;20;1;
202300004025;155673432;B01;2;10;0;2;4;1;1;
202300004025;155673435;A01;2;7;0;2;1;1;1;
202300004026;155673429;B01;2;7;1;0;3;15;1;
202300004026;155673431;A01;1;33;1;2;1;1;1;
202300004027;155673428;A01;1;33;0;2;1;2;1;
202300004027;155673430;B01;1;7;0;2;4;2;2;
202300004028;155673424;C01;0;7;0;0;4;15;1;
202300004028;155673426;A01;0;10;0;0;1;1;1;
202300004028;155673427;B01;0;33;0;0;4;23;1;
202300004029;155673421;A01;2;7;0;2;1;1;1;
202300004029;155673422;B01;2;7;0;2;4;10;0;
202300004030;155673423;A01;1;7;0;2;4;2;1;
202300004030;155673425;B01;1;7;0;2;1;2;1;
202300004031;155673419;B01;1;30;0;2;7;1;0;
202300004031;155673420;A01;2;7;0;2;3;16;1;
202300004032;155673418;A01;1;7;16;0;0;1;1;
202300004033;155673416;A01;1;7;0;2;1;2;0;
202300004033;155673417;B01;1;7;0;0;4;2;0;
202300004034;155673414;A01;3;7;4;0;2;14;1;
202300004035;155673413;A01;0;7;0;2;6;2;0;
202300004035;155673415;B01;3;1;0;2;0;0;5;
202300004036;155673410;A01;3;7;0;2;1;13;1;
202300004036;155673411;B01;3;7;0;2;1;1;1;
202300004037;155673412;A01;1;2;0;0;8;1;1;
202300004038;155673407;A01;2;10;0;2;8;20;1;
202300004038;155673409;B01;2;31;1;2;7;1;1;
202300004039;155673408;A01;2;50;8;0;1;25;3;
202300004040;155673403;B01;1;7;0;2;1;1;2;
202300004040;155673404;A01;1;7;0;2;4;23;1;
202300004041;155673401;A01;1;50;8;0;0;1;3;
202300004042;155673402;B01;1;33;0;2;3;1;1;
202300004042;155673405;A01;1;7;0;2;7;1;1;
202300004043;155673399;B01;3;34;0;2;1;1;1;
202300004043;155673400;A01;3;7;0;2;2;15;1;
202300004044;155673396;A01;2;80;0;2;1;15;3;
202300004044;155673398;B01;1;10;0;2;1;16;1;
202300004045;155673394;A01;2;31;0;2;1;0;0;
202300004045;155673397;B01;3;10;0;2;2;0;0;
202300004046;155673393;A01;2;7;0;2;3;13;1;
202300004046;155673395;B01;1;7;0;2;6;1;1;
202300004047;155673389;A01;1;7;0;2;0;11;1;
202300004047;155673391;B01;1;34;15;0;8;19;1;
202300004048;155673390;B01;1;33;0;2;1;1;1;
202300004048;155673392;A01;2;7;0;2;2;15;1;
202300004049;155673388;A01;3;7;0;1;3;1;1;
202300004050;155673383;A01;2;7;6;2;6;1;1;
202300004050;155673387;B01;2;7;0;2;2;19;1;
202300004051;155673384;B01;1;7;0;2;4;1;1;
202300004051;155673386;A01;1;10;0;2;1;1;1;
202300004052;155673382;A01;1;7;3;2;1;17;1;
202300004052;155673385;B01;1;10;0;2;8;1;1;
202300004053;155673380;A01;1;7;0;1;3;2;1;
202300004054;155673379;A01;2;7;3;0;8;1;1;
202300004055;155673378;A01;1;7;13;9;1;14;1;
202300004056;155673377;A01;2;10;0;1;2;1;1;
202300004057;155673376;A01;1;17;3;0;3;1;1;
202300004058;155673374;A01;2;2;0;2;8;1;1;
202300004058;155673375;B01;1;7;0;2;1;19;1;
202300004059;155673372;A01;1;7;0;0;9;1;1;
202300004060;155673371;A01;0;7;2;0;8;1;1;
202300004061;155673368;B01;1;10;0;2;1;1;1;
202300004061;155673370;A01;1;7;1;0;2;1;1;
202300004062;155673369;A01;1;33;3;0;0;0;1;
202300004063;155673366;B01;2;7;0;0;4;0;1;
202300004063;155673367;A01;2;7;0;2;1;2;1;
202300004064;155673363;A01;2;7;15;0;1;0;1;
202300004065;155673365;A01;2;10;8;0;0;1;1;
202300004066;155673362;A01;2;7;0;2;3;16;1;
202300004066;155673364;B01;2;33;0;2;2;1;1;
202300004067;155673361;A01;1;7;13;0;1;13;1;
202300004068;155673356;A01;1;7;0;2;8;13;1;
202300004068;155673358;B01;2;33;13;2;3;1;1;
202300004069;155673357;A01;1;7;0;2;3;2;1;
202300004069;155673360;B01;1;1;0;2;4;16;5;
202300004070;155673355;A01;1;7;0;2;8;1;1;
202300004070;155673359;B01;2;7;0;2;3;17;1;
202300004071;155673351;A01;2;7;0;2;1;1;1;
202300004071;155673354;B01;1;33;0;2;1;13;1;
202300004072;155673353;A01;2;7;1;0;1;1;1;
202300004073;155673350;A01;3;2;0;2;1;2;1;
202300004073;155673352;B01;0;7;0;0;4;0;1;
202300004074;155673348;A01;3;7;0;2;3;13;1;
202300004074;155673349;B01;3;2;0;2;1;1;1;
202300004075;155673347;A01;1;10;1;0;1;1;1;
202300004076;155673346;A01;2;7;4;0;1;1;0;
202300004077;155673345;A01;2;7;7;0;1;1;1;
202300004078;155673344;A01;2;2;3;0;0;1;1;
202300004079;155673340;A01;2;7;0;2;1;17;1;
202300004079;155673343;B01;2;7;0;2;3;1;1;
202300004080;155673341;A01;1;30;1;2;1;26;1;
202300004080;155673342;B01;2;7;1;2;2;20;1;
202300004081;155673339;A01;2;7;6;0;2;1;1;
202300004082;155673338;A01;1;7;2;0;1;13;1;
202300004083;155673336;A01;1;7;0;1;3;1;1;
202300004084;155673335;A01;3;7;0;2;3;15;1;
202300004084;155673337;B01;3;43;0;2;3;1;1;
202300004085;155673334;A01;2;33;16;0;0;14;1;
202300004086;155673330;B01;3;7;0;2;2;1;1;
202300004086;155673332;A01;3;7;0;2;2;1;1;
202300004087;155673329;B01;3;33;0;2;1;9;1;
202300004087;155673333;A01;3;7;0;2;3;9;1;
202300004088;155673328;A01;2;7;0;2;1;13;2;
202300004088;155673331;B01;1;7;0;2;1;1;1;
202300004089;155673327;A01;1;7;2;0;1;1;1;
202300004090;155673324;A01;2;7;16;0;9;1;1;
202300004091;155673323;B01;1;7;0;2;4;1;1;
202300004091;155673325;C01;1;7;0;2;4;1;1;
202300004091;155673326;A01;1;7;0;2;1;1;1;
202300004092;155673322;A01;2;7;7;0;1;0;1;
202300004093;155673320;A01;0;7;0;1;0;0;0;
202300004094;155673318;B01;1;10;0;2;1;15;6;
202300004094;155673321;A01;1;30;0;2;0;17;6;
202300004095;155673317;A01;2;7;0;2;2;19;1;
202300004095;155673319;B01;2;7;0;2;3;1;1;
202300004096;155673315;A01;1;7;15;0;0;1;1;
202300004097;155673316;A01;3;7;15;0;1;13;1;
202300004098;155673313;A01;3;21;0;2;8;16;1;
202300004098;155673314;B01;1;7;0;2;2;1;1;
202300004099;155673311;A01;1;7;0;1;1;1;1;
202300004100;155673308;A01;3;7;8;0;2;1;1;
202300004101;155673307;B01;3;33;0;2;1;1;1;
202300004101;155673309;A01;3;7;0;2;1;15;1;
202300004102;155673303;A01;0;7;0;9;7;2;1;
202300004102;155673306;B01;2;1;0;2;0;2;5;
202300004103;155673302;A01;2;7;0;2;1;2;1;
202300004103;155673305;B01;1;7;0;2;4;2;1;
202300004104;155673301;A01;0;7;0;9;1;0;1;
202300004104;155673304;B01;3;1;0;2;1;1;5;
202300004105;155673299;A01;3;7;2;0;3;1;1;
202300004106;155673298;B01;2;7;0;9;7;1;1;
202300004106;155673300;A01;2;60;0;2;1;16;3;
202300004107;155673296;A01;0;7;2;0;1;0;1;
202300004108;155673295;A01;1;10;0;2;3;2;1;
202300004108;155673297;B01;1;7;0;2;2;2;1;
202300004109;155673294;A01;2;7;0;1;1;1;1;
202300004110;155673293;A01;2;7;0;1;1;17;1;
202300004111;155673292;A01;2;15;0;1;1;1;0;
202300004112;155673290;A01;1;50;0;1;1;17;3;
202300004113;155673291;A01;2;7;0;1;3;1;1;
202300004114;155673289;A01;1;7;1;0;1;1;1;
202300004115;155673288;A01;2;7;0;1;7;1;1;
202300004116;155673287;A01;2;7;12;0;0;1;1;
202300004117;155673285;A01;1;31;0;2;1;11;1;
202300004117;155673286;B01;1;7;0;2;8;15;1;
202300004118;155673284;A01;3;7;0;1;1;20;1;
202300004119;155673282;A01;0;33;0;2;8;13;1;
202300004119;155673283;B01;0;7;0;0;1;1;1;
202300004120;155673278;B01;1;1;0;2;2;1;5;
202300004120;155673280;A01;2;7;0;2;3;9;6;
202300004121;155673279;A01;2;7;0;1;3;1;0;
202300004122;155673277;A01;1;7;0;2;2;9;1;
202300004122;155673281;B01;2;7;0;2;7;1;1;
202300004123;155673275;B01;2;7;0;2;3;1;1;
202300004123;155673276;A01;1;7;0;2;3;5;1;
202300004124;155673273;A01;3;7;0;1;1;1;1;
202300004125;155673272;A01;1;7;2;0;2;14;1;
202300004126;155673271;B01;0;7;0;2;1;1;1;
202300004126;155673274;A01;2;7;8;2;7;1;1;
202300004127;155673268;A01;1;7;3;0;9;0;1;
202300004128;155673269;A01;0;7;0;0;0;17;1;
202300004128;155673270;B01;0;7;0;0;0;0;1;
202300004129;155673266;B01;1;1;0;2;1;17;5;
202300004129;155673267;A01;1;14;0;2;3;23;1;
202300004130;155673265;A01;1;31;0;0;0;0;1;
202300004131;155673261;A01;1;15;3;0;8;0;0;
202300004132;155673262;A01;2;7;0;2;1;1;1;
202300004132;155673264;B01;1;7;0;2;3;0;1;
202300004133;155673260;B01;2;1;0;2;1;15;5;
202300004133;155673263;A01;1;7;0;2;3;1;3;
202300004134;155673258;A01;2;7;0;1;1;1;1;
202300004135;155673256;A01;1;7;0;1;2;1;1;
202300004136;155673255;B01;1;7;0;2;1;1;0;
202300004136;155673257;C01;1;7;0;2;1;1;1;
202300004136;155673259;A01;2;7;0;2;1;13;0;
202300004137;155673252;A01;1;7;0;2;1;1;1;
202300004137;155673253;B01;1;33;0;2;4;23;1;
202300004138;155673250;A01;1;7;6;0;3;13;0;
202300004139;155673251;A01;1;7;0;2;3;17;1;
202300004139;155673254;B01;1;7;0;2;3;1;1;
202300004140;155673248;A01;1;7;13;0;2;1;1;
202300004141;155673246;B01;2;7;0;2;3;9;1;
202300004141;155673249;A01;1;31;0;2;2;1;1;
202300004142;155673245;B01;1;7;4;2;6;1;1;
202300004142;155673247;A01;1;17;0;2;2;12;1;
202300004143;155673243;B01;1;7;0;2;3;1;1;
202300004143;155673244;A01;2;7;0;2;3;13;1;
202300004144;155673238;A01;1;10;0;2;2;11;1;
202300004144;155673241;B01;1;7;0;2;6;1;1;
202300004145;155673239;A01;1;7;4;0;1;1;1;
202300004146;155673237;B01;1;2;0;2;3;17;1;
202300004146;155673240;C01;1;30;0;2;1;2;1;
202300004146;155673242;A01;2;30;0;2;3;17;1;
202300004147;155673235;B01;1;7;0;2;8;1;1;
202300004147;155673236;A01;1;17;0;2;2;12;1;
202300004148;155673233;A01;1;7;0;0;0;1;1;
202300004149;155673232;A01;1;7;0;2;7;12;1;
202300004149;155673234;B01;1;34;0;2;8;3;1;
202300004150;155673230;A01;1;7;0;2;1;1;1;
202300004150;155673231;B01;1;7;0;2;4;1;1;
202300004151;155673229;A01;1;7;0;1;2;1;1;
202300004152;155673227;A01;2;33;0;2;2;3;1;
202300004152;155673228;B01;2;7;0;2;3;11;3;
202300004153;155673224;B01;2;7;0;2;4;1;1;
202300004153;155673226;A01;2;7;0;2;1;1;1;
202300004154;155673223;B01;1;32;0;2;1;0;1;
202300004154;155673225;A01;1;7;0;2;8;15;1;
202300004155;155673220;B01;2;7;0;2;5;2;1;
202300004155;155673222;A01;2;7;0;2;3;2;1;
202300004156;155673221;A01;1;7;4;0;8;13;1;
202300004157;155673218;B01;2;33;0;2;8;7;1;
202300004157;155673219;A01;2;7;0;2;0;9;1;
202300004158;155673214;A01;2;7;0;2;1;1;1;
202300004158;155673217;B01;1;7;0;2;4;1;3;
202300004159;155673212;A01;1;7;3;0;2;26;1;
202300004160;155673211;A01;1;7;0;2;1;1;1;
202300004160;155673213;B01;1;7;3;2;4;1;1;
202300004160;155673216;C01;1;7;0;2;6;1;1;
202300004161;155673210;A01;2;10;0;2;7;9;1;
202300004161;155673215;B01;1;7;0;2;1;1;1;
202300004162;155673208;A01;2;7;0;2;1;2;1;
202300004162;155673209;B01;2;7;0;2;4;2;3;
202300004163;155673203;A01;2;7;4;0;3;11;1;
202300004164;155673201;B01;2;7;0;2;4;1;1;
202300004164;155673204;C01;2;7;0;2;7;0;1;
202300004164;155673206;A01;2;33;0;2;8;1;1;
202300004165;155673202;A01;2;43;0;0;0;26;1;
202300004165;155673205;B01;2;7;0;0;0;26;1;
202300004165;155673207;C01;2;7;0;0;0;26;1;
202300004166;155673197;A01;2;7;0;2;4;2;1;
202300004166;155673199;B01;2;7;0;2;1;2;1;
202300004166;155673200;C01;2;7;0;2;6;1;1;
202300004167;155673195;A01;1;2;0;2;1;1;1;
202300004167;155673198;B01;3;2;5;2;4;23;1;
202300004168;155673194;A01;2;17;0;2;2;12;1;
202300004168;155673196;B01;2;7;4;2;6;1;1;
202300004169;155673192;B01;1;33;0;2;4;2;1;
202300004169;155673193;A01;1;7;0;2;1;1;1;
202300004170;155673187;B01;2;10;0;2;0;0;0;
202300004170;155673191;A01;2;7;0;2;1;1;1;
202300004171;155673185;A01;0;7;0;2;1;1;1;
202300004171;155673189;C01;0;7;0;2;4;1;1;
202300004171;155673190;B01;0;7;0;2;4;1;1;
202300004172;155673184;C01;2;7;0;2;4;2;1;
202300004172;155673186;B01;2;7;0;2;1;2;1;
202300004172;155673188;A01;2;7;0;2;1;2;1;
202300004173;155673180;A01;1;7;0;1;2;16;1;
202300004174;155673179;A01;2;31;0;2;1;3;1;
202300004174;155673182;B01;1;7;0;2;3;15;1;
202300004175;155673178;B01;2;7;0;2;1;1;1;
202300004175;155673181;C01;2;10;0;2;4;1;1;
202300004175;155673183;A01;2;7;0;2;3;13;1;
202300004176;155673177;A01;1;7;0;1;1;20;1;
202300004177;155673175;B01;2;1;0;2;1;1;5;
202300004177;155673176;A01;1;7;0;2;2;15;1;
202300004178;155673173;A01;2;7;3;2;1;17;1;
202300004178;155673174;B01;2;10;3;0;6;26;1;
202300004179;155673172;A01;1;7;1;1;1;17;1;
202300004180;155673170;A01;1;0;0;1;0;0;0;
202300004181;155673168;A01;2;32;12;2;8;1;1;
202300004181;155673171;B01;1;7;0;2;1;1;1;
202300004182;155673167;B01;3;7;0;2;1;1;1;
202300004182;155673169;A01;3;0;0;2;0;0;0;
202300004183;155673165;A01;1;7;15;9;2;13;1;
202300004183;155673166;B01;1;1;0;0;7;19;5;
202300004184;155673164;A01;1;7;0;1;1;1;1;
202300004185;155673163;A01;1;10;1;1;2;24;1;
202300004186;155673161;A01;3;36;0;2;1;26;3;
202300004187;155673160;A01;2;2;0;2;1;1;1;
202300004187;155673162;B01;2;7;0;2;4;23;-1;
202300004188;155673159;A01;3;50;0;1;1;1;3;
202300004189;155673156;A01;1;7;0;1;2;16;1;
202300004190;155673158;A01;2;33;0;0;7;16;1;
202300004191;155673155;A01;2;7;0;2;5;15;1;
202300004191;155673157;B01;1;7;0;2;3;1;1;
202300004192;155673153;A01;2;7;0;1;1;1;1;
202300004193;155673152;A01;2;7;0;1;3;1;1;
202300004194;155673150;A01;1;10;8;1;3;24;1;
202300004195;155673151;B01;1;7;0;2;3;1;1;
202300004195;155673154;A01;2;7;0;2;1;19;1;
202300004196;155673144;A01;2;7;0;2;1;2;0;
202300004196;155673146;C01;2;7;0;2;4;2;0;
202300004196;155673148;B01;2;7;0;2;4;2;0;
202300004197;155673147;A01;3;7;0;2;2;19;1;
202300004197;155673149;B01;1;31;0;2;8;1;1;
202300004198;155673145;A01;3;30;14;0;3;26;1;
202300004199;155673143;A01;2;7;0;1;2;26;1;
202300004200;155673141;B01;0;1;0;2;0;19;5;
202300004200;155673142;A01;0;7;0;2;1;1;1;
202300004201;155673140;A01;1;7;3;0;0;26;1;
202300004202;155673138;A01;1;7;0;1;2;1;1;
202300004203;155673135;A01;3;7;0;1;0;26;-1;
202300004204;155673136;A01;1;30;0;0;7;16;1;
202300004205;155673134;A01;1;50;0;1;7;21;3;
202300004206;155673131;A01;1;31;0;2;4;1;0;
202300004206;155673133;B01;1;2;14;0;1;1;1;
202300004207;155673130;A01;1;7;6;2;1;1;1;
202300004207;155673132;B01;1;7;6;2;6;1;1;
202300004208;155673129;A01;0;7;0;1;0;0;1;
202300004209;155673127;A01;1;33;0;2;1;2;1;
202300004209;155673128;B01;1;7;0;2;5;23;1;
202300004210;155673124;B01;1;7;0;2;2;16;3;
202300004210;155673125;A01;2;1;0;2;6;1;5;
202300004211;155673121;A01;1;7;0;2;1;2;1;
202300004211;155673122;B01;1;7;0;2;4;2;1;
202300004212;155673123;A01;2;33;0;2;7;17;1;
202300004212;155673126;B01;2;7;0;2;8;15;1;
202300004213;155673118;A01;1;50;0;2;1;1;3;
202300004213;155673120;B01;1;7;0;2;2;1;1;
202300004214;155673117;B01;1;7;0;2;2;26;1;
202300004214;155673119;A01;1;30;0;2;2;18;3;
202300004215;155673113;A01;2;30;12;0;7;0;1;
202300004216;155673112;A01;1;33;0;2;3;26;1;
202300004216;155673114;B01;1;7;0;2;3;15;1;
202300004217;155673111;Z01;1;7;0;9;0;26;1;
202300004217;155673115;A01;2;7;0;2;1;21;1;