Num_Acc;id_vehicule;num_veh;senc;catv;obs;obsm;choc;manv;motor;occutc
202300004217;155673116;B01;2;7;0;2;4;1;1;
202300004218;155673110;A01;2;50;1;0;3;21;3;
202300004219;155673108;A01;2;7;0;2;3;5;2;
202300004219;155673109;B01;1;7;0;2;1;1;1;
202300004220;155673103;A01;1;7;0;2;3;15;1;
202300004220;155673106;B01;1;2;0;2;1;3;1;
202300004221;155673102;A01;1;38;0;2;3;13;1;1.0
202300004221;155673105;B01;1;7;0;2;7;1;2;
202300004222;155673101;B01;2;7;0;2;1;5;0;
202300004222;155673104;C01;1;10;0;2;0;0;0;
202300004222;155673107;A01;1;7;0;2;1;0;1;
202300004223;155673100;A01;1;7;0;1;1;1;1;
202300004224;155673099;A01;3;50;0;1;1;26;3;
202300004225;155673096;A01;1;7;12;2;8;1;1;
202300004225;155673098;B01;2;7;0;2;1;15;1;
202300004226;155673095;A01;1;7;0;2;1;26;1;
202300004226;155673097;B01;1;7;0;2;4;0;1;
202300004227;155673092;A01;3;50;0;2;6;26;3;
202300004227;155673094;B01;3;7;0;9;2;1;1;
202300004228;155673093;A01;2;33;0;1;1;2;1;
202300004229;155673086;Z01;1;7;0;2;1;2;0;
202300004229;155673088;B01;1;3;0;2;4;2;1;
202300004229;155673090;C01;1;7;0;2;4;2;1;
202300004230;155673087;A01;3;7;8;0;1;1;1;
202300004231;155673084;A01;3;7;6;0;1;14;1;
202300004232;155673083;A01;3;7;0;1;1;1;0;
202300004233;155673082;C01;1;7;14;0;1;1;1;
202300004233;155673085;A01;1;7;0;2;1;1;1;
202300004233;155673089;B01;1;7;14;0;4;23;1;
202300004234;155673080;A01;1;10;0;2;2;1;1;
202300004234;155673081;B01;1;1;0;2;1;1;5;
202300004235;155673079;B01;1;7;3;0;3;21;1;
202300004236;155673076;A01;1;7;0;2;1;2;1;
202300004236;155673078;B01;1;2;0;2;4;2;1;
202300004237;155673077;Z01;3;0;0;1;1;1;0;
202300004238;155673075;A01;3;7;0;1;8;15;1;
202300004239;155673072;A01;1;7;0;2;2;13;1;
202300004239;155673074;B01;2;7;0;2;2;1;2;
202300004240;155673069;B01;2;7;0;2;4;1;1;
202300004240;155673070;A01;2;7;0;2;1;1;1;
202300004240;155673073;C01;2;7;0;2;4;1;1;
202300004241;155673067;A01;1;7;0;2;2;1;1;
202300004241;155673071;B01;2;7;0;2;3;15;1;
202300004242;155673065;A01;1;7;0;2;5;16;1;
202300004242;155673068;B01;1;1;0;2;1;1;5;
202300004243;155673064;A01;1;50;0;2;1;1;3;
202300004243;155673066;B01;2;7;0;2;5;0;1;
202300004244;155673063;A01;2;7;9;1;1;26;0;
202300004245;155673062;A01;1;31;0;1;3;1;1;
202300004246;155673059;A01;2;31;12;0;0;16;1;
202300004247;155673057;A01;2;7;0;1;2;2;1;
202300004248;155673056;B01;2;7;0;2;6;1;1;
202300004248;155673058;A01;0;1;0;2;1;1;5;
202300004249;155673060;A01;3;7;0;2;1;1;1;
202300004249;155673061;B01;3;7;0;2;1;1;1;
202300004250;155673055;A01;1;33;16;2;0;1;0;
202300004251;155673052;B01;1;1;0;2;3;26;5;
202300004251;155673054;A01;1;7;0;2;2;26;1;
202300004252;155673051;A01;1;7;4;0;1;1;1;
202300004253;155673048;A01;3;7;4;0;1;2;3;
202300004253;155673053;B01;3;7;4;0;9;2;1;
202300004254;155673046;A01;2;7;9;0;5;1;1;
202300004255;155673049;B01;3;37;0;2;3;1;1;1.0
202300004255;155673050;A01;3;7;0;2;1;13;1;
202300004256;155673044;A01;3;7;0;2;2;15;1;
202300004256;155673047;B01;3;33;0;2;1;1;1;
202300004257;155673043;B01;1;7;0;2;1;1;1;
202300004257;155673045;A01;1;7;0;2;1;1;1;
202300004258;155673042;A01;1;7;13;0;1;1;1;
202300004259;155673039;A01;1;7;0;1;1;1;1;
202300004260;155673037;A01;1;1;0;2;1;1;5;
202300004260;155673041;B01;1;7;0;2;2;1;1;
202300004261;155673036;A01;0;7;0;2;6;1;1;
202300004261;155673038;B01;1;33;0;2;1;21;1;
202300004262;155673040;A01;3;7;8;0;2;16;1;
202300004263;155673035;A01;1;7;7;0;2;21;1;
202300004264;155673032;B01;1;7;0;2;6;2;1;
202300004264;155673034;A01;1;2;0;2;1;2;3;
202300004265;155673030;B01;3;2;0;2;1;2;1;
202300004265;155673033;A01;3;7;0;2;3;15;1;
202300004266;155673029;B01;2;7;0;0;0;15;1;
202300004266;155673031;A01;1;33;0;0;0;21;1;
202300004267;155673025;A01;1;7;0;2;8;22;1;
202300004267;155673026;B01;1;80;1;0;1;1;3;
202300004268;155673022;A01;2;10;0;2;1;1;1;
202300004268;155673024;B01;2;7;0;2;4;1;1;
202300004268;155673027;C01;2;7;0;2;4;1;1;
202300004269;155673021;B01;3;7;0;2;1;1;1;
202300004269;155673023;A01;3;7;0;2;1;5;1;
202300004270;155673017;A01;2;7;0;2;8;22;1;
202300004270;155673019;B01;2;1;1;0;2;1;5;
202300004271;155673020;B01;3;2;0;2;1;2;1;
202300004271;155673028;A01;3;7;0;2;5;15;1;
202300004272;155673012;C01;2;7;0;2;1;2;1;
202300004272;155673014;B01;2;7;0;2;4;1;1;
202300004272;155673016;A01;2;7;0;2;1;12;1;
202300004272;155673018;D01;2;7;0;2;1;1;1;
202300004273;155673013;B01;3;7;0;2;3;1;1;
202300004273;155673015;A01;3;7;0;2;5;15;1;
202300004274;155673010;A01;1;7;0;2;5;13;1;
202300004274;155673011;B01;1;43;0;2;3;1;1;
202300004275;155673009;A01;2;7;0;1;1;2;1;
202300004276;155673006;A01;1;7;0;2;3;11;1;
202300004276;155673007;B01;1;2;0;2;1;1;1;
202300004277;155673004;A01;2;7;0;2;2;15;1;
202300004277;155673005;B01;2;1;0;2;8;1;5;
202300004278;155673001;A01;2;7;4;0;8;12;1;
202300004279;155673003;A01;3;3;0;1;2;16;1;
202300004280;155673000;A01;1;7;0;2;2;1;1;
202300004280;155673002;B01;1;1;0;2;1;19;5;
202300004281;155672998;A01;0;32;0;2;2;1;1;
202300004281;155672999;B01;3;7;0;2;2;15;1;
202300004282;155672995;B01;1;31;0;2;7;1;1;
202300004282;155672997;A01;1;33;0;2;8;13;1;
202300004283;155672993;B01;2;7;0;2;2;1;1;
202300004283;155672996;A01;1;7;0;2;1;16;1;
202300004284;155672991;A01;1;50;0;2;8;19;3;
202300004284;155672994;B01;1;7;0;2;1;1;1;
202300004285;155672992;Z01;3;1;9;1;1;0;5;
202300004286;155672988;B01;1;7;0;2;5;2;1;
202300004286;155672989;C01;1;7;0;2;5;2;1;
202300004286;155672990;A01;1;7;4;2;3;2;1;
202300004287;155672984;A01;2;7;0;2;1;13;1;
202300004288;155672983;C01;3;7;0;2;1;1;1;
202300004288;155672986;B01;3;7;0;2;3;2;1;
202300004288;155672987;A01;3;33;0;2;7;12;1;
202300004289;155672982;A01;1;7;0;2;7;15;1;
202300004289;155672985;B01;1;31;0;2;1;1;1;
202300004290;155672979;A01;1;32;0;1;0;0;0;
202300004291;155672981;A01;3;7;2;0;5;15;1;
202300004292;155672977;B01;1;7;0;2;2;0;1;
202300004292;155672980;A01;0;7;0;2;2;1;1;
202300004293;155672975;A01;2;7;1;0;3;14;1;
202300004294;155672976;B01;1;32;0;2;1;1;1;
202300004294;155672978;A01;2;1;0;2;8;19;5;
202300004295;155672971;A01;1;7;0;1;2;1;1;
202300004296;155672970;B01;1;7;0;2;2;1;1;
202300004296;155672974;A01;1;7;0;2;6;15;1;
202300004297;155672968;A01;1;7;0;2;8;15;1;
202300004297;155672972;B01;1;30;0;2;0;17;1;
202300004298;155672969;B01;1;17;0;2;2;16;1;
202300004298;155672973;A01;3;1;0;2;8;19;5;
202300004299;155672967;A01;3;31;0;1;1;1;1;
202300004300;155672963;A01;1;1;0;2;2;1;5;
202300004300;155672965;B01;0;60;0;2;1;21;5;
202300004301;155672966;A01;1;43;1;0;2;14;1;
202300004302;155672962;B01;3;1;0;2;1;2;5;
202300004302;155672964;A01;1;7;0;2;3;15;1;
202300004303;155672958;A01;0;7;0;2;3;15;1;
202300004303;155672960;B01;0;33;0;2;1;17;1;
202300004304;155672953;A01;1;7;0;2;3;9;3;
202300004304;155672956;B01;1;2;0;2;5;14;1;
202300004305;155672954;A01;2;33;0;2;1;17;1;
202300004305;155672957;B01;2;7;0;2;3;15;2;
202300004305;155672959;C01;1;7;0;2;4;1;3;
202300004306;155672952;B01;2;7;0;2;4;1;1;
202300004306;155672955;A01;2;7;0;2;1;2;1;
202300004307;155672951;A01;3;7;14;0;1;1;1;
202300004308;155672950;A01;3;30;0;0;0;1;0;
202300004309;155672948;A01;1;10;13;0;2;1;1;
202300004310;155672947;A01;3;37;0;1;8;7;0;1.0
202300004311;155672946;A01;1;7;0;1;1;1;1;
202300004312;155672945;A01;1;7;0;1;1;13;1;
202300004313;155672942;B01;1;50;0;2;7;1;3;
202300004313;155672944;A01;1;50;0;2;8;13;3;
202300004314;155672940;A01;1;50;0;1;1;1;3;
202300004315;155672939;B01;3;7;0;2;1;1;1;
202300004315;155672943;A01;-1;7;0;2;1;5;1;
202300004316;155672938;A01;1;7;0;2;1;2;1;
202300004316;155672941;B01;1;7;0;2;4;2;1;
202300004317;155672935;A01;3;7;1;-1;1;14;1;
202300004318;155672937;A01;1;80;0;1;7;1;3;
202300004319;155672933;A01;2;7;0;2;4;2;4;
202300004319;155672936;B01;2;7;0;2;1;1;4;
202300004320;155672929;A01;1;7;0;2;6;15;1;
202300004320;155672932;B01;1;43;0;2;1;1;1;
202300004321;155672928;A01;2;7;0;2;5;10;0;
202300004321;155672931;B01;1;33;0;2;1;1;0;
202300004322;155672926;A01;2;7;0;2;1;9;1;
202300004322;155672930;B01;2;1;0;2;7;1;5;
202300004323;155672924;A01;0;7;13;0;9;1;1;
202300004324;155672921;A01;3;32;0;2;2;15;0;
202300004324;155672922;B01;3;7;0;2;1;1;0;
202300004325;155672920;B01;0;0;0;1;0;0;0;
202300004326;155672919;A01;0;7;0;1;1;1;1;
202300004327;155672915;A01;1;7;0;9;3;1;1;
202300004327;155672918;B01;1;1;0;2;0;1;5;
202300004328;155672916;B01;0;1;1;2;8;2;5;
202300004328;155672917;A01;0;7;1;2;2;17;1;
202300004329;155672912;B01;1;7;0;2;8;15;1;
202300004329;155672914;A01;1;34;0;2;2;17;1;
202300004330;155672911;Z01;1;7;0;0;0;0;0;
202300004330;155672913;A01;1;1;0;2;0;0;5;
202300004331;155672910;A01;3;7;6;0;1;1;1;
202300004332;155672909;A01;2;7;0;1;8;16;0;
202300004333;155672907;A01;1;7;0;2;1;15;1;
202300004333;155672908;B01;1;37;0;2;3;1;1;1.0
202300004334;155672904;A01;1;30;0;0;0;26;1;
202300004335;155672902;A01;3;32;0;2;3;9;1;
202300004335;155672906;B01;3;7;0;2;2;1;1;
202300004336;155672901;B01;1;10;0;2;2;0;0;
202300004336;155672905;A01;3;30;0;2;1;0;1;
202300004337;155672900;B01;2;2;0;2;4;17;1;
202300004337;155672903;Z01;2;7;0;2;1;17;1;
202300004338;155672897;A01;1;34;8;0;1;13;1;
202300004339;155672896;A01;1;31;1;1;1;17;1;
202300004340;155672894;A01;1;7;0;2;3;15;1;
202300004340;155672898;B01;1;32;0;2;8;26;1;
202300004341;155672892;A01;3;7;0;2;1;13;1;
202300004341;155672893;B01;3;7;0;2;1;1;1;
202300004342;155672895;B01;0;7;0;2;4;23;1;
202300004342;155672899;A01;3;30;0;2;1;2;1;
202300004343;155672891;A01;3;7;8;0;9;1;1;
202300004344;155672890;A01;0;0;0;1;0;1;0;
202300004345;155672884;A01;3;7;0;2;6;4;1;
202300004345;155672887;B01;3;7;0;2;5;1;1;
202300004346;155672883;B01;1;7;0;2;7;1;1;
202300004346;155672886;A01;1;7;0;2;3;26;1;
202300004347;155672882;B01;3;50;0;2;8;19;3;
202300004347;155672888;C01;3;7;0;2;2;15;1;
202300004347;155672889;A01;3;7;0;2;3;15;1;
202300004348;155672878;A01;2;7;0;2;3;13;1;
202300004348;155672880;B01;2;7;0;2;2;1;1;
202300004349;155672881;A01;1;7;0;2;1;5;1;
202300004349;155672885;B01;1;7;0;2;1;1;1;
202300004350;155672879;A01;1;43;0;1;1;1;1;
202300004351;155672877;A01;1;14;0;1;1;5;1;
202300004352;155672874;A01;2;7;0;2;7;17;1;
202300004352;155672876;B01;2;1;0;2;8;1;5;
202300004353;155672873;A01;2;7;0;1;2;15;1;
202300004354;155672871;A01;0;50;0;2;1;2;3;
202300004354;155672875;B01;0;7;0;2;4;1;1;
202300004355;155672869;B01;1;7;0;2;3;1;1;
202300004355;155672872;A01;2;7;0;2;1;13;1;
202300004356;155672864;A01;1;33;0;2;1;3;1;
202300004356;155672867;B01;1;7;0;2;0;13;1;
202300004356;155672870;C01;1;7;0;2;2;1;1;
202300004357;155672865;B01;3;60;0;2;1;1;5;
202300004357;155672868;A01;1;32;0;2;0;26;1;
202300004358;155672861;A01;0;7;0;2;8;0;1;
202300004358;155672863;B01;1;1;0;2;1;1;5;
202300004359;155672859;A01;1;7;1;0;2;0;1;
202300004360;155672860;A01;3;7;0;2;1;15;1;
202300004360;155672866;B01;3;33;0;2;1;1;1;
202300004361;155672858;A01;1;42;0;2;1;2;1;
202300004361;155672862;B01;1;7;0;2;6;2;1;
202300004362;155672854;A01;0;7;0;2;1;1;1;
202300004362;155672857;B01;0;1;0;2;7;19;5;
202300004363;155672851;A01;1;7;0;2;7;16;1;
202300004363;155672852;B01;1;34;0;2;8;18;1;
202300004364;155672853;A01;0;33;0;0;0;0;0;
202300004364;155672856;B01;0;1;0;0;0;0;5;
202300004365;155672850;A01;1;7;0;2;4;2;1;
202300004365;155672855;Z01;1;7;0;2;1;2;1;
202300004366;155672848;A01;3;50;0;1;1;2;3;
202300004367;155672846;A01;1;37;0;0;5;23;0;1.0
202300004368;155672844;A01;3;7;9;0;3;26;1;
202300004369;155672841;A01;2;7;0;2;8;11;1;
202300004369;155672843;B01;2;31;0;2;7;3;1;
202300004370;155672839;A01;1;3;0;2;7;17;1;
202300004370;155672840;B01;1;7;0;2;8;1;3;
202300004371;155672838;B01;3;99;8;2;2;2;1;
202300004371;155672842;A01;3;32;8;9;4;26;1;
202300004372;155672835;A01;3;7;0;1;4;4;1;
202300004373;155672834;A01;1;7;0;2;6;15;1;
202300004373;155672837;B01;1;33;1;0;1;17;1;
202300004374;155672832;B01;1;7;8;2;2;5;1;
202300004374;155672836;A01;1;37;0;2;1;10;1;6.0
202300004375;155672831;B01;3;2;0;2;1;23;0;
202300004375;155672833;A01;3;10;0;2;4;4;0;
202300004376;155672826;B01;3;80;0;2;0;0;3;
202300004376;155672829;A01;3;7;0;2;2;16;1;
202300004377;155672825;A01;3;7;0;2;3;26;2;
202300004377;155672828;B01;2;33;0;2;1;1;1;
202300004378;155672827;A01;2;30;0;1;1;16;1;
202300004379;155672824;A01;2;7;0;2;3;5;1;
202300004379;155672830;B01;0;7;0;2;1;1;1;
202300004380;155672821;A01;2;7;0;2;3;15;1;
202300004380;155672823;B01;2;50;0;2;1;1;3;
202300004381;155672822;A01;1;34;9;0;1;2;1;
202300004382;155672819;A01;1;33;0;0;8;26;1;
202300004383;155672820;A01;1;7;8;0;1;14;1;
202300004384;155672814;A01;1;7;0;0;8;26;1;
202300004385;155672812;C01;1;7;0;2;1;1;1;
202300004385;155672815;B01;2;15;0;2;1;1;1;
202300004385;155672816;A01;1;7;0;2;1;5;1;
202300004386;155672810;A01;3;1;0;2;1;1;5;
202300004386;155672813;B01;3;33;0;2;1;1;1;
202300004387;155672809;A01;1;7;1;2;3;9;1;
202300004387;155672811;B01;2;7;0;2;1;1;1;
202300004388;155672803;B01;3;7;0;2;3;9;1;
202300004388;155672807;A01;3;30;0;2;3;1;1;
202300004389;155672806;B01;0;7;0;2;1;1;1;
202300004389;155672808;A01;0;10;0;2;1;5;1;
202300004390;155672804;A01;1;32;12;0;2;13;1;
202300004391;155672802;B01;1;7;0;2;1;1;1;
202300004391;155672805;A01;1;7;0;2;4;23;1;
202300004392;155672799;A01;1;7;0;2;3;13;1;
202300004392;155672800;B01;2;7;0;2;3;1;1;
202300004393;155672798;A01;1;80;0;2;3;19;3;
202300004393;155672801;B01;2;2;0;2;1;17;1;
202300004394;155672795;A01;3;7;0;2;2;15;1;
202300004394;155672797;B01;3;31;0;2;3;1;1;
202300004395;155672796;A01;1;1;0;0;0;1;5;
202300004396;155672794;A01;2;7;2;0;1;16;1;
202300004397;155672792;A01;1;2;0;2;1;14;1;
202300004397;155672793;B01;1;7;0;2;4;9;1;
202300004398;155672790;A01;3;7;4;0;2;1;1;
202300004399;155672788;A01;1;7;0;2;1;15;1;
202300004399;155672791;B01;2;1;12;2;8;1;5;
202300004400;155672786;A01;3;10;0;2;3;15;1;
202300004400;155672789;B01;3;34;0;2;1;1;1;
202300004401;155672784;A01;3;7;0;2;3;9;1;
202300004401;155672787;B01;3;1;0;2;1;1;5;
202300004402;155672782;A01;2;7;0;1;1;1;1;
202300004403;155672783;A01;2;32;0;1;1;1;1;
202300004404;155672781;B01;1;7;0;2;2;0;1;
202300004404;155672785;A01;1;7;4;2;9;1;1;
202300004405;155672779;A01;1;7;11;0;1;1;1;
202300004406;155672776;A01;1;7;0;2;3;15;1;
202300004406;155672778;B01;1;42;0;2;1;17;0;
202300004407;155672777;A01;3;7;0;2;2;19;1;
202300004407;155672780;B01;3;2;0;2;1;1;1;
202300004408;155672774;A01;1;7;0;0;1;13;1;
202300004409;155672771;A01;2;50;0;1;1;2;3;
202300004410;155672773;A01;0;7;0;2;3;15;1;
202300004410;155672775;B01;0;2;0;0;0;0;1;
202300004411;155672770;A01;1;7;0;2;6;15;1;
202300004411;155672772;B01;1;2;0;2;1;1;1;
202300004412;155672767;A01;2;33;0;2;1;1;1;
202300004412;155672769;B01;1;7;0;2;1;23;1;
202300004413;155672766;A01;0;7;0;1;1;2;0;
202300004414;155672765;B01;3;7;0;2;1;26;3;
202300004414;155672768;A01;3;7;0;2;1;13;1;
202300004415;155672764;A01;3;1;0;0;0;0;5;
202300004416;155672763;A01;2;7;8;1;3;1;1;
202300004417;155672760;A01;3;10;0;2;1;1;1;
202300004417;155672762;B01;1;7;0;2;2;15;0;
202300004418;155672759;B01;1;7;0;2;2;1;1;
202300004418;155672761;A01;3;7;0;2;3;16;1;
202300004419;155672756;A01;3;7;0;2;3;13;1;
202300004419;155672758;B01;3;7;0;2;3;1;1;
202300004420;155672754;A01;3;7;0;2;7;16;1;
202300004420;155672757;B01;3;50;0;2;1;19;3;
202300004421;155672753;A01;1;7;0;2;3;13;1;
202300004421;155672755;B01;2;7;0;0;3;1;1;
202300004422;155672751;B01;3;2;0;2;7;2;1;
202300004422;155672752;A01;3;7;0;2;3;9;1;
202300004423;155672750;A01;2;7;3;0;7;14;1;
202300004424;155672748;A01;2;1;0;0;8;1;5;
202300004425;155672746;A01;1;7;0;0;0;1;1;
202300004425;155672747;B01;1;33;0;0;0;17;1;
202300004426;155672745;B01;3;7;0;2;1;1;1;
202300004426;155672749;A01;3;7;0;2;7;1;1;
202300004427;155672743;A01;1;13;0;2;4;2;1;
202300004427;155672744;B01;1;7;0;2;1;2;1;
202300004428;155672741;A01;1;7;0;1;1;1;1;
202300004429;155672739;A01;1;7;0;2;4;10;1;
202300004429;155672742;B01;2;32;0;2;1;2;1;
202300004430;155672738;A01;3;32;0;2;1;1;3;
202300004430;155672740;B01;3;7;0;2;4;1;1;
202300004431;155672737;A01;0;7;8;0;1;1;1;
202300004432;155672734;B01;1;7;0;2;1;2;1;
202300004432;155672736;A01;1;7;0;2;4;23;1;
202300004433;155672732;B01;3;50;0;2;1;1;3;
202300004433;155672735;A01;3;7;0;2;2;1;1;
202300004434;155672730;A01;1;7;0;1;1;1;1;
202300004435;155672729;C01;1;7;0;0;1;1;1;
202300004435;155672731;A01;1;7;0;0;1;13;0;
202300004435;155672733;B01;1;7;0;0;3;1;1;
202300004436;155672726;A01;1;7;0;1;3;1;1;
202300004437;155672728;A01;1;7;0;1;1;1;1;
202300004438;155672725;B01;2;7;0;2;1;1;0;
202300004438;155672727;A01;1;2;0;2;1;5;0;
202300004439;155672721;B01;2;1;0;2;1;2;5;
202300004439;155672724;A01;2;7;0;9;4;0;1;
202300004440;155672720;B01;2;33;0;2;1;1;1;
202300004440;155672723;A01;1;7;0;2;7;15;1;
202300004441;155672719;A01;1;10;12;0;6;23;1;
202300004441;155672722;B01;1;10;0;2;2;0;1;
202300004442;155672716;B01;2;2;0;2;1;1;3;
202300004442;155672717;A01;1;7;0;2;3;15;1;
202300004443;155672715;A01;1;7;0;1;2;1;1;
202300004444;155672711;A01;3;7;16;0;1;21;1;
202300004445;155672710;A01;0;7;0;2;3;16;1;
202300004445;155672712;B01;0;32;0;2;8;1;1;
202300004446;155672705;B01;2;15;0;2;8;19;1;
202300004446;155672707;A01;2;7;0;2;8;1;1;
202300004447;155672704;A01;1;7;0;2;2;16;1;
202300004447;155672706;B01;1;80;0;2;8;1;3;
202300004448;155672698;B01;3;7;0;2;2;1;1;
202300004448;155672701;A01;3;7;0;2;2;5;1;
202300004449;155672697;C01;2;99;0;2;0;2;1;
202300004449;155672699;A01;2;7;0;2;1;2;1;
202300004449;155672702;B01;2;33;0;2;4;2;1;
202300004450;155672695;A01;1;7;2;0;1;0;1;
202300004451;155672692;B01;1;2;0;2;4;2;1;
202300004451;155672694;A01;1;10;0;2;1;2;1;
202300004452;155672691;A01;2;1;0;9;1;1;5;
202300004453;155672687;B01;1;32;0;2;7;1;1;
202300004453;155672689;A01;2;7;0;2;2;9;1;
202300004454;155672684;B01;1;7;0;2;3;21;1;
202300004454;155672688;A01;2;7;0;2;3;21;0;
202300004455;155672685;A01;2;30;0;2;1;2;1;
202300004455;155672686;B01;1;7;0;2;4;2;1;
202300004456;155672682;B01;1;31;0;2;1;1;1;
202300004456;155672683;A01;2;7;0;2;5;15;1;
202300004457;155672678;B01;2;7;0;2;7;13;1;
202300004457;155672680;A01;1;7;0;2;1;1;3;
202300004458;155672679;A01;1;7;0;2;6;13;2;
202300004458;155672681;B01;1;33;0;2;2;1;1;
202300004459;155672675;B01;1;33;0;2;2;2;0;
202300004459;155672676;A01;1;7;0;2;8;10;1;
202300004460;155672674;A01;2;1;0;2;0;15;5;
202300004460;155672677;B01;2;7;0;2;3;2;3;
202300004461;155672673;A01;2;7;0;6;2;1;1;
202300004462;155672670;A01;1;33;0;2;1;17;1;
202300004462;155672672;B01;1;7;0;2;6;15;1;
202300004463;155672666;A01;1;36;0;2;5;1;1;
202300004463;155672669;B01;2;7;0;2;1;15;1;
202300004464;155672663;A01;2;7;0;2;3;9;1;
202300004464;155672667;B01;1;2;0;2;1;1;1;
202300004465;155672662;A01;1;7;0;2;1;1;1;
202300004465;155672665;C01;2;99;1;2;1;5;1;
202300004466;155672657;A01;2;7;1;0;3;13;1;
202300004467;155672655;C01;2;33;0;2;4;1;1;
202300004467;155672659;A01;2;10;0;2;1;2;1;
202300004467;155672661;B01;2;10;0;2;5;1;1;
202300004467;155672664;D01;2;10;0;2;5;0;1;
202300004468;155672650;A01;2;7;0;1;1;1;1;
202300004469;155672651;B01;1;80;0;2;1;19;3;
202300004469;155672653;A01;1;14;0;2;0;16;1;
202300004470;155672647;A01;0;7;0;0;1;0;1;
202300004471;155672645;A01;2;7;0;2;1;15;1;
202300004471;155672646;B01;1;30;0;2;8;1;1;
202300004472;155672644;B01;1;7;0;2;3;1;1;
202300004472;155672648;A01;3;7;0;2;2;19;0;
202300004473;155672643;A01;3;7;0;1;8;1;1;
202300004474;155672640;B01;3;7;0;2;1;5;1;
202300004474;155672642;A01;3;10;0;2;1;5;1;
202300004475;155672639;B01;1;31;0;2;2;3;1;
202300004475;155672641;A01;2;10;0;2;1;0;1;
202300004476;155672637;A01;3;7;0;1;2;1;1;
202300004477;155672636;B01;1;7;0;2;3;1;0;
202300004477;155672638;A01;2;33;0;2;8;13;1;
202300004478;155672634;A01;2;7;4;0;9;6;1;
202300004479;155672635;A01;1;7;17;0;2;14;1;
202300004480;155672633;A01;0;7;0;1;1;1;1;
202300004481;155672629;B01;1;50;0;2;1;2;3;
202300004481;155672631;A01;1;7;0;2;7;20;1;
202300004482;155672630;A01;1;7;0;2;2;15;1;
202300004482;155672632;B01;2;33;0;2;1;1;1;
202300004483;155672627;A01;2;7;2;0;1;1;1;
202300004484;155672625;A01;3;7;0;2;1;1;0;
202300004484;155672628;B01;3;50;0;2;8;0;3;
202300004485;155672624;Z01;0;7;0;2;5;17;1;
202300004485;155672626;A01;1;34;8;2;5;1;1;
202300004486;155672620;B01;1;2;0;2;7;9;1;
202300004486;155672623;A01;2;7;0;2;3;9;1;
202300004487;155672621;A01;2;7;2;0;7;1;1;
202300004488;155672619;A01;1;7;8;0;1;2;1;
202300004489;155672614;A01;1;10;0;2;3;15;1;
202300004489;155672616;B01;2;7;0;0;3;1;1;
202300004490;155672612;A01;1;2;0;2;8;15;1;
202300004490;155672617;B01;1;7;8;2;7;1;1;
202300004491;155672611;B01;2;32;0;2;8;1;0;
202300004491;155672615;A01;1;7;0;2;1;15;0;
202300004492;155672608;A01;3;7;0;1;2;1;0;
202300004493;155672604;A01;2;7;0;2;1;9;1;
202300004493;155672609;B01;2;7;0;2;8;26;1;
202300004494;155672603;A01;3;7;0;2;2;19;1;
202300004494;155672607;B01;3;7;8;2;3;1;1;
202300004495;155672602;C01;2;3;0;0;0;0;1;
202300004495;155672605;A01;2;34;0;2;8;13;1;
202300004495;155672606;B01;1;3;0;2;8;1;1;
202300004496;155672600;A01;2;7;15;0;2;14;1;
202300004497;155672601;A01;3;2;12;0;8;15;1;
202300004498;155672598;A01;1;50;0;1;1;25;3;
202300004499;155672596;B01;2;10;0;2;4;1;1;
202300004499;155672599;A01;2;2;0;2;1;2;1;
202300004500;155672593;A01;1;30;0;2;1;2;1;
202300004500;155672595;B01;1;32;0;2;1;0;1;
202300004500;155672597;C01;1;7;1;2;4;15;1;
202300004501;155672591;A01;3;10;0;2;4;26;1;
202300004501;155672594;B01;3;31;0;2;1;1;1;
202300004502;155672589;C01;1;7;0;2;2;23;1;
202300004502;155672590;A01;1;7;0;2;3;22;1;
202300004502;155672592;B01;1;80;1;0;1;1;3;
202300004503;155672587;A01;2;33;0;1;1;1;1;
202300004504;155672588;A01;1;7;2;0;2;1;1;
202300004505;155672586;A01;1;7;3;0;1;1;1;
202300004506;155672581;A01;1;7;8;0;5;1;1;
202300004507;155672580;B01;1;31;0;2;8;17;1;
202300004507;155672584;A01;1;7;0;2;3;15;1;
202300004508;155672583;A01;1;33;0;2;1;16;1;
202300004508;155672585;B01;2;7;0;2;1;23;1;
202300004509;155672573;B01;3;7;0;2;2;15;1;
202300004509;155672577;A01;3;7;0;2;1;1;1;
202300004510;155672576;A01;1;10;3;0;9;1;1;
202300004511;155672575;A01;3;7;0;2;6;1;1;
202300004511;155672578;B01;3;2;0;2;3;17;1;
202300004512;155672572;A01;2;7;3;2;1;13;1;
202300004512;155672574;B01;1;7;0;2;1;1;1;
202300004513;155672570;A01;2;33;0;0;4;17;1;
202300004514;155672569;A01;3;32;0;1;1;17;1;
202300004515;155672568;B01;2;7;0;2;2;1;1;
202300004515;155672571;A01;2;10;9;2;1;1;0;
202300004516;155672564;A01;1;34;14;1;2;19;6;
202300004517;155672562;A01;3;10;0;2;1;2;1;
202300004517;155672565;B01;3;7;0;2;4;2;1;
202300004517;155672567;C01;3;7;0;2;4;2;1;
202300004518;155672561;B01;1;7;0;2;3;21;1;
202300004518;155672563;A01;1;1;0;2;7;19;5;
202300004519;155672558;A01;1;33;0;2;2;0;1;
202300004519;155672560;B01;2;10;0;2;6;9;1;