Num_Acc;id_vehicule;num_veh;senc;catv;obs;obsm;choc;manv;motor;occutc
202300004520;155672556;A01;1;7;0;1;1;0;1;
202300004521;155672552;A01;2;7;8;0;0;0;1;
202300004522;155672550;B01;2;1;0;2;2;17;5;
202300004522;155672554;A01;2;7;0;2;6;15;1;
202300004523;155672548;B01;1;7;0;2;1;1;1;
202300004523;155672549;Z01;2;7;0;2;1;5;1;
202300004524;155672547;A01;2;7;0;2;7;19;1;
202300004524;155672551;B01;2;33;0;2;1;1;1;
202300004525;155672546;A01;2;30;0;0;0;0;1;
202300004526;155672545;A01;1;7;13;0;8;13;1;
202300004527;155672544;A01;2;10;0;1;3;5;1;
202300004528;155672542;A01;2;60;15;0;7;26;5;
202300004529;155672543;A01;1;7;0;1;3;1;1;
202300004530;155672538;A01;1;7;0;2;1;5;1;
202300004530;155672541;B01;2;33;0;0;1;1;1;
202300004531;155672539;A01;1;10;0;4;8;1;1;
202300004531;155672540;B01;2;40;0;2;1;1;3;
202300004532;155672533;B01;2;80;0;2;1;5;3;
202300004532;155672535;A01;1;7;0;2;1;9;1;
202300004533;155672534;A01;2;7;0;2;1;13;1;
202300004533;155672537;B01;1;7;0;2;1;1;1;
202300004534;155672532;A01;2;7;0;2;1;1;1;
202300004534;155672536;B01;2;1;0;2;7;1;5;
202300004535;155672530;A01;1;1;0;1;0;1;5;
202300004536;155672528;B01;0;7;0;0;8;0;0;
202300004536;155672531;A01;0;7;0;0;8;0;0;
202300004537;155672527;A01;1;7;0;2;7;1;2;
202300004537;155672529;B01;2;1;0;2;1;15;5;
202300004538;155672526;A01;1;10;0;1;6;4;1;
202300004539;155672523;A01;3;7;0;2;1;19;1;
202300004539;155672525;B01;2;7;0;0;8;1;1;
202300004540;155672520;A01;2;7;0;0;1;0;1;
202300004541;155672517;B01;-1;7;0;2;7;23;1;
202300004541;155672524;A01;3;7;0;2;1;16;2;
202300004542;155672519;A01;2;50;0;2;1;17;3;
202300004542;155672522;B01;1;7;0;2;3;15;1;
202300004543;155672518;A01;1;7;0;2;2;15;1;
202300004543;155672521;B01;2;30;0;2;1;1;1;
202300004544;155672512;A01;0;2;0;0;8;15;1;
202300004545;155672511;A01;2;17;0;0;1;2;1;
202300004545;155672514;B01;2;17;0;0;4;2;1;
202300004545;155672516;C01;2;14;0;0;4;2;1;
202300004546;155672510;A01;1;7;0;0;4;1;1;
202300004546;155672515;B01;1;7;8;2;1;0;1;
202300004547;155672507;A01;1;10;0;2;1;2;1;
202300004547;155672513;B01;1;7;0;2;1;1;1;
202300004548;155672508;A01;1;7;0;2;1;17;1;
202300004548;155672509;B01;2;7;0;2;1;1;1;
202300004549;155672506;A01;2;7;13;0;3;1;1;
202300004550;155672503;A01;1;7;0;2;3;15;1;
202300004550;155672505;B01;1;33;0;2;1;3;1;
202300004551;155672502;B01;1;30;12;2;8;16;1;
202300004551;155672504;A01;1;7;0;2;2;15;1;
202300004552;155672498;A01;3;7;0;1;2;1;1;
202300004553;155672495;A01;1;7;0;2;3;11;1;
202300004553;155672497;B01;1;33;0;2;5;1;1;
202300004554;155672493;A01;1;10;0;2;6;23;1;
202300004554;155672496;D01;1;14;0;2;1;1;1;
202300004554;155672500;C01;1;7;0;2;1;2;1;
202300004554;155672501;B01;1;7;0;2;2;2;1;
202300004555;155672492;A01;3;7;0;1;6;9;1;
202300004556;155672494;A01;1;7;0;2;3;15;1;
202300004556;155672499;B01;2;33;0;2;1;1;1;
202300004557;155672491;A01;1;7;2;0;9;1;1;
202300004558;155672490;A01;1;7;2;0;2;14;1;
202300004559;155672489;A01;2;0;0;1;0;1;0;
202300004560;155672487;A01;2;33;0;0;-1;26;1;
202300004561;155672486;A01;2;7;0;2;3;1;1;
202300004561;155672488;B01;1;32;0;2;1;13;1;
202300004562;155672484;A01;1;7;0;0;0;0;1;
202300004563;155672485;A01;3;7;0;0;1;0;1;
202300004564;155672482;A01;0;10;0;9;2;25;1;
202300004564;155672483;B01;0;1;0;2;1;25;5;
202300004565;155672481;A01;1;7;2;0;3;15;1;
202300004566;155672479;A01;1;7;0;1;1;1;1;
202300004567;155672477;A01;2;7;0;2;1;1;1;
202300004567;155672480;B01;3;7;0;2;6;1;1;
202300004568;155672476;A01;2;7;0;2;2;15;1;
202300004568;155672478;B01;1;33;0;2;0;0;1;
202300004569;155672475;A01;3;21;16;0;3;13;1;
202300004570;155672472;A01;1;1;0;2;0;26;5;
202300004570;155672473;B01;1;7;0;2;1;1;1;
202300004571;155672470;A01;1;7;0;0;9;19;1;
202300004572;155672469;B01;0;37;0;2;1;1;1;4.0
202300004572;155672474;A01;0;7;0;2;7;16;1;
202300004573;155672468;A01;3;7;0;2;1;17;1;
202300004573;155672471;B01;3;7;0;2;3;15;1;
202300004574;155672466;A01;3;31;0;2;2;1;1;
202300004574;155672467;B01;3;7;0;2;3;9;1;
202300004575;155672463;A01;1;7;0;2;3;1;1;
202300004575;155672465;B01;1;2;0;2;7;1;1;
202300004576;155672464;A01;2;7;13;0;1;1;1;
202300004577;155672460;A01;1;0;0;1;0;0;0;
202300004578;155672458;B01;2;7;0;2;7;15;1;
202300004578;155672462;A01;2;33;0;2;1;1;1;
202300004579;155672459;A01;3;7;0;9;0;0;1;
202300004579;155672461;B01;1;60;0;2;0;15;5;
202300004580;155672456;A01;2;7;0;1;1;1;1;
202300004581;155672450;A01;1;7;0;2;2;1;1;
202300004581;155672454;B01;3;1;1;2;8;19;5;
202300004582;155672449;FA01;2;7;0;2;6;2;1;
202300004582;155672453;B01;2;33;0;2;6;2;1;
202300004583;155672448;B01;1;7;16;2;3;26;1;
202300004583;155672451;RA01;1;7;0;2;1;2;1;
202300004584;155672447;B01;0;1;0;2;1;0;5;
202300004584;155672452;A01;0;7;0;9;8;26;1;
202300004585;155672443;B01;1;34;0;2;1;13;1;
202300004585;155672446;A01;2;7;0;2;3;1;1;
202300004586;155672442;A01;1;34;0;0;0;0;1;
202300004587;155672441;B01;3;50;0;2;3;1;3;
202300004587;155672444;A01;3;7;0;9;3;26;1;
202300004588;155672439;A01;2;10;0;9;3;9;0;
202300004588;155672445;B01;2;50;0;2;2;9;3;
202300004589;155672438;B01;1;1;0;2;0;0;5;
202300004589;155672440;A01;1;7;0;9;6;1;1;
202300004590;155672434;A01;1;7;0;2;0;0;1;
202300004590;155672436;B01;1;1;0;2;0;0;5;
202300004591;155672435;A01;3;40;0;1;2;1;3;
202300004592;155672432;A01;2;7;4;2;1;1;1;
202300004592;155672437;B01;2;7;0;2;4;23;1;
202300004593;155672431;A01;1;7;8;0;1;14;1;
202300004594;155672430;A01;1;10;0;2;2;1;1;
202300004594;155672433;B01;1;2;0;2;1;1;1;
202300004595;155672425;B01;1;1;0;2;7;1;5;
202300004595;155672429;A01;1;7;0;2;8;22;1;
202300004596;155672427;A01;2;33;3;0;3;12;1;
202300004597;155672423;B01;2;10;0;2;8;15;1;
202300004597;155672426;A01;2;33;0;2;7;17;1;
202300004598;155672421;A01;1;7;0;2;1;1;1;
202300004598;155672428;B01;1;7;0;2;8;0;1;
202300004599;155672418;A01;2;7;3;2;2;0;1;
202300004599;155672422;B01;2;7;0;2;6;0;1;
202300004599;155672424;C01;2;7;0;2;8;0;1;
202300004600;155672417;A01;1;7;0;2;7;22;1;
202300004600;155672420;B01;1;1;0;2;3;1;5;
202300004601;155672416;A01;2;7;0;2;2;2;1;
202300004601;155672419;B01;2;1;0;2;4;13;5;
202300004602;155672413;A01;2;31;0;0;0;0;1;
202300004603;155672411;A01;0;7;0;2;1;1;1;
202300004603;155672415;B01;0;80;0;2;8;19;3;
202300004604;155672407;A01;2;10;0;2;3;16;1;
202300004604;155672412;B01;1;1;0;2;2;1;5;
202300004605;155672405;B01;2;7;0;2;5;1;1;
202300004605;155672409;A01;1;7;0;2;1;15;1;
202300004606;155672404;A01;1;7;0;2;3;1;1;
202300004606;155672408;B01;2;80;0;2;1;1;3;
202300004607;155672401;B01;2;1;0;2;8;13;5;
202300004607;155672403;A01;2;7;0;9;7;17;2;
202300004608;155672402;B01;1;1;0;9;0;16;5;
202300004608;155672406;A01;0;1;0;9;0;15;5;
202300004609;155672397;B01;1;7;0;2;4;1;1;
202300004609;155672400;A01;1;7;0;2;1;1;1;
202300004610;155672396;A01;2;7;0;2;8;22;1;
202300004610;155672398;B01;2;1;1;0;2;1;5;
202300004611;155672394;A01;1;10;0;1;3;13;1;
202300004612;155672392;B01;3;33;0;2;7;1;1;
202300004612;155672395;A01;3;7;0;2;3;9;1;
202300004613;155672388;A01;1;10;0;2;7;16;1;
202300004613;155672390;B01;1;1;0;2;8;1;5;
202300004614;155672387;C01;1;7;0;2;8;1;0;
202300004614;155672389;A01;2;13;0;2;3;13;0;
202300004614;155672393;B01;1;7;0;2;8;1;0;
202300004615;155672386;A01;3;10;0;2;6;18;1;
202300004615;155672391;B01;3;7;0;2;2;1;1;
202300004616;155672383;A01;1;7;0;2;2;1;1;
202300004617;155672381;A01;1;7;0;2;3;17;1;
202300004617;155672384;B01;2;7;0;0;3;21;1;
202300004617;155672385;C01;1;7;0;0;8;1;1;
202300004618;155672380;A01;1;7;0;1;2;1;1;
202300004619;155672379;A01;2;7;0;2;7;15;1;
202300004619;155672382;B01;1;50;0;2;1;1;3;
202300004620;155672378;A01;2;7;12;0;1;0;1;
202300004621;155672373;A01;1;43;0;2;1;5;1;
202300004621;155672377;B01;2;7;0;2;3;15;2;
202300004622;155672371;A01;1;7;0;2;8;15;1;
202300004622;155672375;B01;1;31;0;2;1;1;1;
202300004623;155672369;A01;2;33;0;2;3;13;1;
202300004623;155672374;B01;1;7;0;2;6;1;1;
202300004624;155672372;B01;2;7;0;2;0;1;1;
202300004624;155672376;A01;1;7;0;2;2;15;1;
202300004625;155672367;A01;1;3;0;2;8;1;1;
202300004625;155672370;B01;3;50;0;2;8;1;3;
202300004626;155672365;B01;1;7;0;2;3;2;1;
202300004626;155672368;A01;1;7;9;2;1;9;1;
202300004627;155672363;A01;2;10;0;2;8;16;1;
202300004627;155672366;B01;1;50;0;2;1;1;3;
202300004628;155672361;A01;2;7;0;2;6;1;1;
202300004628;155672364;B01;2;7;0;2;1;0;0;
202300004629;155672360;A01;1;7;7;2;7;17;1;
202300004629;155672362;B01;1;38;5;0;3;1;1;1.0
202300004630;155672357;A01;1;7;4;0;0;0;1;
202300004631;155672354;B01;2;7;0;2;1;15;1;
202300004631;155672358;A01;2;7;0;2;2;17;1;
202300004632;155672352;A01;3;7;0;2;1;5;1;
202300004632;155672355;C01;3;7;0;2;0;16;1;
202300004632;155672359;B01;3;7;0;2;1;1;1;
202300004633;155672350;A01;2;7;0;2;2;1;1;
202300004633;155672356;B01;2;7;0;2;9;18;1;
202300004634;155672348;A01;2;7;0;2;1;15;1;
202300004634;155672353;B01;3;2;0;2;1;1;1;
202300004635;155672347;A01;2;7;0;1;2;1;1;
202300004636;155672344;C01;1;7;0;2;4;1;1;
202300004636;155672349;A01;2;10;8;2;1;1;1;
202300004636;155672351;B01;1;7;0;2;7;15;1;
202300004637;155672343;A01;2;7;0;2;1;2;3;
202300004637;155672345;B01;0;7;0;2;4;2;1;
202300004638;155672340;A01;1;43;2;0;1;26;1;
202300004639;155672342;B01;3;10;0;2;2;1;0;
202300004639;155672346;A01;3;30;0;2;0;16;0;
202300004640;155672339;A01;1;7;0;1;1;1;1;
202300004641;155672336;A01;2;7;0;2;1;3;1;
202300004641;155672338;C01;2;10;0;2;0;2;1;
202300004641;155672341;B01;2;7;0;2;4;2;1;
202300004642;155672330;A01;2;7;0;2;3;21;1;
202300004642;155672333;B01;2;7;0;2;2;1;1;
202300004642;155672337;C01;2;7;0;2;5;2;1;
202300004643;155672331;A01;1;7;0;0;8;15;1;
202300004643;155672334;B01;1;33;0;0;1;1;1;
202300004644;155672328;B01;2;2;0;2;1;1;-1;
202300004644;155672332;A01;3;7;0;2;1;13;0;
202300004645;155672324;A01;2;7;0;2;5;15;1;
202300004645;155672327;B01;1;30;0;2;1;1;1;
202300004646;155672323;A01;1;7;5;9;0;1;6;
202300004647;155672321;A01;2;7;0;2;1;2;1;
202300004647;155672325;B01;2;7;0;2;4;2;1;
202300004648;155672320;A01;1;2;0;2;1;19;1;
202300004648;155672326;B01;2;10;0;0;8;1;1;
202300004649;155672319;B01;2;1;0;2;2;13;5;
202300004649;155672322;A01;1;50;0;2;1;1;3;
202300004650;155672315;A01;3;7;0;2;3;9;1;
202300004650;155672318;B01;3;30;0;2;1;26;1;
202300004651;155672311;B01;1;7;0;2;3;19;1;
202300004651;155672316;A01;2;33;0;2;1;1;1;
202300004652;155672309;A01;3;7;0;2;3;1;1;
202300004652;155672314;B01;0;7;0;2;3;1;1;
202300004653;155672308;A01;1;10;0;2;2;1;1;
202300004653;155672312;B01;1;33;0;2;4;9;1;
202300004654;155672307;A01;2;7;0;0;4;2;1;
202300004654;155672310;B01;2;7;0;2;1;1;1;
202300004654;155672313;C01;2;7;0;2;4;1;1;
202300004654;155672317;D01;2;7;0;2;1;2;1;
202300004655;155672303;B01;3;7;0;2;1;1;1;
202300004655;155672306;A01;3;7;0;2;0;0;3;
202300004656;155672301;A01;2;7;0;9;6;9;1;
202300004656;155672304;B01;2;1;0;2;7;1;5;
202300004657;155672299;A01;1;7;3;0;0;1;1;
202300004658;155672298;B01;2;7;0;2;4;23;1;
202300004658;155672302;C01;2;7;0;2;4;23;1;
202300004658;155672305;A01;2;7;0;2;1;21;1;
202300004659;155672297;B01;2;15;0;2;1;2;0;
202300004659;155672300;A01;1;7;15;2;1;0;0;
202300004660;155672294;A01;2;7;3;0;1;14;1;
202300004661;155672292;A01;1;7;0;2;2;1;1;
202300004661;155672296;B01;1;33;0;2;4;2;1;
202300004662;155672293;A01;2;7;0;2;7;16;1;
202300004662;155672295;B01;2;1;0;2;8;1;5;
202300004663;155672291;A01;1;7;4;0;1;1;1;
202300004664;155672283;B01;2;60;0;2;8;1;5;
202300004664;155672287;A01;2;7;0;2;1;1;1;
202300004665;155672284;B01;1;33;0;2;7;3;1;
202300004665;155672288;A01;1;7;0;2;3;11;1;
202300004666;155672286;A01;1;31;0;2;1;2;1;
202300004666;155672289;B01;1;7;0;2;4;1;1;
202300004667;155672285;B01;3;2;0;2;8;2;0;
202300004667;155672290;A01;3;7;0;2;5;17;0;
202300004668;155672281;B01;2;7;0;2;4;12;1;
202300004668;155672282;A01;2;33;0;2;9;3;1;
202300004669;155672276;A01;1;50;0;2;7;17;3;
202300004669;155672280;B01;1;7;0;2;3;15;3;
202300004670;155672275;A01;1;7;0;2;3;9;1;
202300004670;155672279;B01;1;17;0;2;2;1;0;
202300004671;155672273;B01;2;1;0;2;1;14;5;
202300004671;155672278;Z01;1;7;0;2;2;1;1;
202300004672;155672270;B01;2;50;0;2;4;0;3;
202300004672;155672277;A01;2;7;0;2;1;19;1;
202300004673;155672268;A01;1;2;0;2;0;1;1;
202300004673;155672271;B01;1;7;0;2;0;15;1;
202300004674;155672263;B01;1;7;0;2;4;2;1;
202300004674;155672266;A01;1;7;0;2;1;2;1;
202300004675;155672262;B01;1;2;0;2;8;1;1;
202300004675;155672265;A01;1;10;0;2;7;16;1;
202300004676;155672264;A01;1;7;0;2;1;2;1;
202300004676;155672267;C01;1;7;0;2;4;2;1;
202300004676;155672269;B01;1;7;0;2;4;2;1;
202300004677;155672260;A01;1;7;0;4;8;1;1;
202300004677;155672261;B01;1;40;0;2;1;1;3;
202300004678;155672257;A01;2;7;0;2;2;15;1;
202300004678;155672259;B01;1;2;0;2;1;1;3;
202300004679;155672252;A01;1;7;0;2;1;26;1;
202300004679;155672256;B01;1;7;0;2;6;26;1;
202300004679;155672258;C01;1;7;0;2;8;26;1;
202300004680;155672251;A01;1;7;0;2;1;1;1;
202300004680;155672255;B01;1;33;0;2;8;1;1;
202300004681;155672249;A01;2;7;0;2;2;16;1;
202300004681;155672253;B01;2;33;0;2;8;1;1;
202300004682;155672247;C01;1;7;0;2;4;23;2;
202300004682;155672250;A01;1;7;0;2;1;1;1;
202300004682;155672254;B01;1;10;0;2;4;23;1;
202300004683;155672246;A01;1;7;0;2;8;10;1;
202300004683;155672248;B01;1;33;0;2;1;1;1;
202300004684;155672242;A01;1;7;0;2;1;2;1;
202300004684;155672245;B01;1;7;0;2;4;2;3;
202300004685;155672240;A01;2;7;0;2;0;0;1;
202300004685;155672243;B01;2;1;0;2;0;0;5;
202300004686;155672238;A01;2;7;0;2;1;1;1;
202300004686;155672241;B01;2;7;0;2;4;1;1;
202300004687;155672236;A01;3;50;0;0;0;1;3;
202300004688;155672237;AC01;2;7;0;2;3;1;1;
202300004688;155672239;Z01;2;7;9;2;9;1;1;
202300004688;155672244;B01;1;1;0;2;1;1;5;
202300004689;155672232;A01;1;33;0;2;1;0;1;
202300004689;155672234;B01;1;7;0;0;8;26;1;
202300004690;155672233;B01;1;60;0;2;8;26;5;
202300004690;155672235;A01;1;7;0;2;1;1;1;
202300004691;155672229;A01;1;10;4;2;2;12;1;
202300004691;155672231;B01;1;34;4;2;1;3;1;
202300004692;155672228;A01;1;2;0;0;7;1;1;
202300004693;155672227;B01;2;7;0;2;1;1;1;
202300004693;155672230;A01;1;7;0;2;2;5;1;
202300004694;155672225;A01;1;10;12;0;4;23;0;
202300004694;155672226;B01;1;10;12;0;1;2;1;
202300004695;155672219;A01;1;33;0;2;1;13;1;
202300004695;155672223;B01;2;7;0;2;6;16;1;
202300004696;155672220;A01;2;33;0;2;2;3;1;
202300004696;155672224;B01;2;7;0;2;8;11;1;
202300004697;155672217;A01;1;7;2;0;7;0;1;
202300004698;155672216;A01;1;1;0;2;1;1;5;
202300004698;155672221;B01;3;7;0;2;7;1;1;
202300004699;155672218;A01;2;7;0;2;8;13;1;
202300004699;155672222;B01;0;1;0;2;7;13;5;
202300004700;155672215;A01;1;7;6;0;1;1;1;
202300004701;155672211;B01;1;7;0;2;5;1;1;
202300004701;155672214;A01;1;32;0;2;1;11;1;
202300004702;155672209;A01;2;33;6;0;1;11;1;
202300004703;155672207;A01;1;7;0;2;3;1;1;
202300004703;155672213;B01;2;1;0;2;1;1;5;
202300004704;155672206;B01;1;7;0;2;6;2;1;
202300004704;155672210;A01;1;31;0;2;1;2;1;
202300004705;155672208;B01;2;33;0;2;1;1;1;
202300004705;155672212;A01;2;7;0;2;1;9;1;
202300004706;155672201;A01;1;7;0;2;0;0;1;
202300004706;155672204;B01;1;1;0;2;0;0;5;
202300004707;155672202;A01;1;7;0;1;5;16;1;
202300004708;155672199;A01;1;10;0;2;5;2;1;
202300004708;155672203;B01;1;31;0;2;5;3;1;
202300004708;155672205;C01;1;31;0;2;1;3;1;
202300004709;155672198;A01;2;7;0;1;1;16;1;
202300004710;155672197;B01;2;1;0;2;1;1;5;
202300004710;155672200;A01;1;2;0;2;1;12;1;
202300004711;155672194;A01;1;7;0;2;1;1;1;
202300004711;155672196;B01;1;1;0;2;0;1;5;
202300004712;155672193;A01;1;7;0;2;1;2;1;
202300004712;155672195;B01;1;2;0;2;4;2;1;
202300004713;155672187;A01;1;7;4;0;8;0;1;
202300004714;155672189;A01;3;7;0;2;8;22;1;
202300004714;155672191;B01;2;1;0;2;1;1;5;
202300004715;155672185;B01;1;34;0;2;2;1;1;
202300004715;155672192;Z01;2;7;0;2;3;16;1;
202300004716;155672184;A01;1;7;0;2;3;15;1;
202300004716;155672188;B01;2;1;0;2;8;1;5;
202300004717;155672186;B01;1;14;0;2;7;16;1;
202300004717;155672190;A01;1;1;0;2;1;17;5;
202300004718;155672183;A01;2;7;13;0;7;17;1;
202300004719;155672181;A01;1;7;0;2;1;13;1;
202300004719;155672182;B01;2;7;0;2;1;1;1;
202300004720;155672179;Z01;1;50;0;1;7;25;3;
202300004721;155672173;B01;2;7;0;2;3;1;1;
202300004721;155672177;A01;1;7;0;2;1;13;1;
202300004722;155672176;A01;1;7;0;2;3;15;1;
202300004722;155672180;B01;2;30;0;2;2;21;1;
202300004723;155672174;B01;1;7;0;2;3;1;1;
202300004723;155672178;A01;2;2;0;2;1;13;1;
202300004724;155672170;Z01;2;80;0;1;1;1;3;
202300004725;155672169;B01;1;7;0;2;8;1;1;
202300004725;155672171;C01;1;7;0;2;4;1;1;
202300004725;155672172;D01;1;7;0;2;4;1;1;
202300004725;155672175;A01;1;7;0;2;0;12;1;
202300004726;155672167;A01;2;7;5;1;3;19;6;
202300004727;155672161;A01;2;7;0;2;1;0;1;
202300004727;155672164;B01;2;60;0;2;7;1;5;
202300004728;155672163;B01;2;2;0;2;7;1;1;
202300004728;155672168;Z01;2;10;0;2;1;15;1;
202300004729;155672160;A01;1;33;3;0;8;17;0;
202300004730;155672159;A01;2;7;0;2;1;1;1;
202300004730;155672166;B01;2;7;0;2;3;1;1;
202300004731;155672162;A01;3;14;0;2;1;2;1;
202300004731;155672165;B01;3;2;0;0;4;2;3;
202300004732;155672158;A01;2;7;1;0;2;0;1;
202300004733;155672156;A01;3;1;0;0;2;1;5;
202300004734;155672152;A01;3;7;0;9;2;14;0;
202300004734;155672155;B01;3;60;0;2;1;1;5;
202300004735;155672151;B01;3;1;0;2;3;2;5;
202300004735;155672154;A01;3;7;0;2;2;14;1;
202300004736;155672149;A01;2;32;0;2;0;26;1;
202300004736;155672150;B01;2;10;0;2;7;16;1;
202300004737;155672153;A01;1;33;0;2;7;12;1;
202300004737;155672157;B01;1;7;0;2;3;16;1;
202300004738;155672146;A01;3;30;0;2;1;17;1;
202300004738;155672148;B01;3;10;0;2;3;15;1;
202300004739;155672145;A01;2;33;0;2;0;1;0;
202300004739;155672147;B01;1;7;0;2;3;1;0;
202300004740;155672142;A01;2;7;0;0;0;0;1;
202300004741;155672138;A01;1;1;12;0;1;1;5;
202300004742;155672141;A01;1;7;0;2;3;22;1;
202300004742;155672144;B01;1;1;0;2;0;1;5;
202300004743;155672137;A01;1;7;0;2;2;18;1;
202300004743;155672140;B01;1;2;0;2;3;18;1;
202300004744;155672136;A01;1;1;0;0;0;0;5;
202300004745;155672135;A01;1;34;11;0;1;17;1;
202300004746;155672134;A01;1;1;14;0;0;1;5;
202300004747;155672132;A01;1;10;0;0;2;26;1;
202300004748;155672131;A01;1;30;0;0;0;0;1;
202300004749;155672126;A01;1;2;0;2;1;0;1;
202300004749;155672130;B01;3;7;0;2;2;9;1;
202300004750;155672124;A01;1;7;0;2;3;6;1;
202300004750;155672129;B01;1;50;0;0;1;1;3;
202300004751;155672123;A01;2;7;0;2;1;1;1;
202300004751;155672127;B01;2;1;0;2;8;1;5;
202300004752;155672122;A01;1;7;0;2;1;1;1;
202300004752;155672128;B01;1;7;0;2;4;15;0;
202300004753;155672121;A01;1;7;0;2;6;22;2;
202300004753;155672125;B01;1;2;1;0;7;17;1;
202300004754;155672118;A01;3;7;0;0;8;1;0;
202300004754;155672120;B01;3;1;0;2;1;19;5;
202300004755;155672116;A01;1;10;0;1;1;1;1;
202300004756;155672114;A01;3;33;0;1;1;2;0;
202300004757;155672115;A01;1;7;0;2;1;13;1;
202300004757;155672117;B01;2;7;0;2;1;1;1;
202300004758;155672112;B01;1;7;0;2;3;9;1;
202300004758;155672119;A01;2;7;0;2;1;1;1;
202300004759;155672110;A01;3;33;0;4;7;9;1;
202300004759;155672113;B01;1;39;0;2;1;1;3;
202300004760;155672108;A01;1;33;0;2;1;2;1;
202300004760;155672111;B01;1;7;0;2;4;1;1;
202300004761;155672106;A01;2;50;0;2;8;13;3;
202300004761;155672109;B01;2;7;0;9;2;2;1;
202300004762;155672104;A01;2;7;14;0;1;1;0;
202300004763;155672101;A01;1;7;2;0;1;1;1;
202300004763;155672105;B01;1;99;8;2;3;0;1;
202300004764;155672097;A01;1;2;0;2;0;0;1;
202300004764;155672100;B01;2;7;0;2;0;0;1;
202300004765;155672096;B01;1;7;0;2;4;2;1;
202300004765;155672099;A01;1;30;0;2;1;2;1;
202300004766;155672095;A01;2;7;0;2;3;15;1;
202300004766;155672098;B01;2;34;0;2;1;17;1;
202300004767;155672093;A01;3;7;0;1;1;1;1;
202300004768;155672092;B01;3;1;0;2;0;0;5;
202300004768;155672094;A01;1;10;0;9;2;2;1;
202300004769;155672088;A01;1;7;0;2;2;16;1;
202300004769;155672091;B01;1;60;0;2;8;1;5;
202300004770;155672087;A01;1;7;16;2;1;0;0;
202300004770;155672090;B01;2;7;16;2;1;0;1;
202300004771;155672083;A01;2;7;0;2;1;1;0;
202300004771;155672085;B01;2;7;0;2;4;23;0;
202300004771;155672089;C01;1;7;0;2;4;1;1;
202300004772;155672081;A01;2;7;13;0;1;1;1;
202300004773;155672076;B01;1;7;0;2;3;0;1;
202300004773;155672080;A01;2;7;0;2;7;1;1;
202300004774;155672079;A01;2;7;0;2;3;15;0;
202300004774;155672082;B01;1;33;0;2;1;1;0;
202300004775;155672074;A01;3;0;0;2;0;26;0;
202300004775;155672077;B01;3;50;0;2;1;5;3;
202300004776;155672073;B01;2;7;0;2;8;1;1;
202300004776;155672075;A01;1;7;0;2;8;1;1;
202300004777;155672072;A01;1;1;0;2;1;1;5;
202300004777;155672078;B01;2;7;0;2;3;1;1;
202300004778;155672067;A01;1;7;0;2;1;1;0;
202300004778;155672068;B01;2;7;0;2;2;0;0;
202300004779;155672065;B01;0;1;1;2;4;1;5;
202300004779;155672071;A01;0;7;0;2;1;16;1;
202300004780;155672064;A01;3;99;0;2;1;19;0;
202300004780;155672069;B01;2;99;0;2;5;1;1;
202300004781;155672063;A01;1;7;0;2;1;2;1;
202300004781;155672066;B01;1;7;0;2;4;23;2;
202300004782;155672062;A01;1;31;0;2;1;19;1;
202300004782;155672070;B01;1;7;0;2;3;15;1;
202300004783;155672060;A01;1;33;0;0;0;0;0;
202300004784;155672059;A01;1;10;0;1;3;15;1;
202300004785;155672058;A01;3;2;0;2;1;21;1;
202300004785;155672061;B01;3;10;0;2;3;21;1;
202300004786;155672057;A01;3;7;0;1;0;11;1;
202300004787;155672055;B01;1;10;0;2;3;1;1;
202300004787;155672056;A01;1;7;0;2;1;1;1;
202300004788;155672054;A01;1;7;9;2;2;1;1;
202300004789;155672053;A01;1;7;2;0;0;1;1;
202300004790;155672050;B01;2;0;0;2;1;2;0;
202300004790;155672052;A01;2;37;0;2;6;2;0;1.0
202300004791;155672049;A01;1;7;0;2;3;15;1;
202300004791;155672051;B01;1;33;0;2;1;17;1;
202300004792;155672048;A01;1;33;1;0;0;0;1;
202300004793;155672047;A01;3;7;0;1;1;1;0;
202300004794;155672046;A01;1;7;3;0;2;1;1;
202300004795;155672043;A01;3;7;10;0;1;20;3;
202300004796;155672038;B01;2;7;0;2;4;1;1;
202300004796;155672044;A01;2;7;0;2;1;1;1;
202300004797;155672041;A01;2;33;0;2;4;23;1;
202300004797;155672045;B01;2;15;0;2;1;1;1;
202300004798;155672039;A01;2;7;0;2;0;1;1;
202300004798;155672042;B01;2;60;0;2;0;1;5;
202300004799;155672040;A01;3;7;1;0;7;2;0;
202300004800;155672037;A01;3;33;0;0;1;1;1;
202300004801;155672033;Y01;2;1;0;2;0;9;5;
202300004801;155672035;A01;2;7;0;9;0;9;1;
202300004802;155672032;A01;2;7;11;0;3;1;1;
202300004803;155672031;A01;1;7;0;2;1;13;0;
202300004803;155672036;B01;2;7;0;2;1;0;0;
202300004804;155672030;A01;1;7;0;2;2;0;1;
202300004804;155672034;B01;1;30;0;2;0;0;1;
202300004805;155672028;A01;3;30;0;2;1;2;1;
202300004805;155672029;B01;3;7;0;2;4;2;1;
202300004806;155672024;A01;2;7;1;0;0;0;1;
202300004807;155672023;A01;3;7;14;0;4;23;0;
202300004807;155672025;B01;3;2;14;0;4;23;1;
202300004807;155672027;C01;2;7;14;0;1;1;0;