Num_Acc;id_vehicule;num_veh;senc;catv;obs;obsm;choc;manv;motor;occutc
202300004808;155672022;B01;3;2;0;2;1;2;1;
202300004808;155672026;A01;3;2;0;2;4;18;1;
202300004809;155672021;A01;3;7;0;1;1;1;3;
202300004810;155672020;A01;1;7;0;1;1;1;1;
202300004811;155672019;A01;1;7;6;1;0;0;1;
202300004812;155672017;A01;1;7;0;1;3;1;1;
202300004813;155672012;B01;1;7;0;2;1;2;1;
202300004813;155672015;A01;1;7;0;2;4;23;1;
202300004814;155672011;A01;1;7;0;2;0;0;1;
202300004814;155672014;B01;1;60;0;2;0;1;5;
202300004815;155672008;A01;3;7;0;1;2;1;1;
202300004816;155672010;A01;1;7;0;2;3;11;1;
202300004816;155672013;B01;2;7;0;2;1;1;1;
202300004817;155672006;B01;1;7;0;2;5;16;1;
202300004817;155672009;A01;1;34;0;2;1;9;1;
202300004818;155672007;A01;2;7;0;1;3;15;1;
202300004819;155672003;A01;1;7;0;2;0;15;1;
202300004819;155672005;B01;2;7;0;2;0;0;1;
202300004820;155672002;A01;2;2;0;2;1;1;0;
202300004820;155672004;B01;1;7;0;2;5;15;1;
202300004821;155671998;B01;1;32;0;2;4;2;1;
202300004821;155672000;A01;1;7;0;2;2;2;1;
202300004822;155671999;A01;1;13;0;2;7;2;0;
202300004822;155672001;B01;1;33;0;2;8;2;0;
202300004823;155671996;A01;2;7;0;2;4;2;1;
202300004823;155671997;B01;2;7;0;2;1;2;1;
202300004824;155671995;A01;1;7;13;0;0;1;1;
202300004825;155671992;A01;1;7;0;1;1;1;1;
202300004826;155671993;A01;0;7;0;1;3;1;1;
202300004827;155671991;A01;1;50;0;2;1;15;3;
202300004827;155671994;B01;1;1;0;2;2;1;5;
202300004828;155671989;A01;2;7;0;1;2;1;1;
202300004829;155671986;A01;1;7;0;2;0;0;1;
202300004829;155671990;B01;1;1;0;2;0;0;5;
202300004830;155671985;B01;3;7;0;9;5;16;1;
202300004830;155671987;A01;3;50;0;2;2;2;3;
202300004831;155671978;A01;2;7;0;2;4;2;1;
202300004831;155671981;B01;2;10;0;2;1;2;1;
202300004831;155671984;C01;2;15;0;2;1;2;1;
202300004832;155671980;A01;2;3;1;0;2;16;0;
202300004832;155671982;B01;1;30;1;2;0;18;1;
202300004833;155671976;A01;0;33;0;2;2;3;1;
202300004833;155671979;B01;0;10;0;2;5;2;1;
202300004834;155671977;A01;3;7;3;2;3;13;1;
202300004834;155671983;B01;3;7;0;2;2;2;1;
202300004835;155671974;A01;3;7;0;2;5;15;1;
202300004836;155671972;A01;1;1;0;2;1;9;5;
202300004836;155671975;B01;2;1;0;2;1;1;5;
202300004837;155671969;A01;1;7;0;2;1;2;1;
202300004837;155671971;B01;1;7;0;2;4;1;1;
202300004838;155671970;A01;1;7;0;0;1;26;1;
202300004838;155671973;B01;1;80;9;2;7;19;3;
202300004839;155671967;A01;0;7;0;2;1;1;1;
202300004839;155671968;B01;0;7;0;2;7;0;1;
202300004840;155671965;A01;2;33;15;0;1;1;1;
202300004841;155671963;A01;1;7;0;1;1;1;1;
202300004842;155671964;A01;2;7;0;2;2;16;1;
202300004842;155671966;B01;0;50;0;0;1;1;3;
202300004843;155671961;A01;0;7;0;2;5;15;1;
202300004843;155671962;B01;0;33;0;2;1;1;1;
202300004844;155671956;A01;1;7;0;2;1;2;1;
202300004844;155671959;B01;1;33;0;2;4;2;1;
202300004845;155671958;B01;2;7;0;2;1;26;1;
202300004845;155671960;A01;1;2;0;0;0;13;0;
202300004846;155671954;B01;0;7;0;2;1;1;1;
202300004846;155671957;A01;0;30;0;2;3;1;1;
202300004847;155671953;A01;2;31;0;0;0;1;1;
202300004848;155671952;A01;1;7;0;2;6;19;0;
202300004848;155671955;B01;1;34;0;2;1;2;1;
202300004849;155671949;DA01;3;30;12;0;0;26;1;
202300004850;155671946;A01;2;7;1;0;2;14;0;
202300004851;155671947;B01;1;7;0;2;4;2;1;
202300004851;155671951;A01;1;7;1;0;1;2;1;
202300004852;155671945;A01;2;33;0;2;9;26;1;
202300004852;155671948;B01;2;7;0;2;6;2;1;
202300004852;155671950;C01;2;7;0;2;8;2;1;
202300004853;155671944;A01;2;7;0;1;1;1;1;
202300004854;155671943;A01;1;7;8;0;1;13;1;
202300004855;155671941;A01;1;7;0;1;1;10;1;
202300004856;155671939;A01;2;15;0;1;1;1;1;
202300004857;155671940;B01;1;33;0;0;9;1;1;
202300004857;155671942;A01;1;33;0;0;9;1;1;
202300004858;155671934;A01;1;99;0;2;5;16;0;
202300004858;155671936;B01;1;17;0;2;3;16;0;
202300004858;155671937;C01;1;7;0;2;7;16;0;
202300004859;155671932;A01;2;7;0;0;3;2;1;
202300004859;155671935;B01;1;7;0;0;3;2;0;
202300004860;155671930;B01;3;7;0;0;7;1;1;
202300004860;155671933;A01;3;2;0;2;1;19;1;
202300004861;155671928;A01;1;7;0;2;8;11;1;
202300004861;155671931;B01;1;7;0;2;2;2;1;
202300004862;155671925;A01;1;7;0;2;3;15;1;
202300004862;155671927;B01;1;32;0;2;7;1;1;
202300004863;155671924;A01;1;10;9;2;1;2;1;
202300004863;155671926;B01;1;7;0;2;4;2;1;
202300004863;155671929;C01;1;7;0;2;4;2;1;
202300004864;155671921;A01;1;7;0;1;3;1;1;
202300004865;155671919;A01;2;7;0;2;1;10;1;
202300004865;155671923;B01;1;34;0;2;2;1;1;
202300004866;155671918;A01;3;7;0;2;3;19;1;
202300004866;155671920;B01;3;2;0;2;1;17;1;
202300004867;155671917;B01;2;10;0;2;2;10;1;
202300004867;155671922;A01;2;31;0;2;1;21;1;
202300004868;155671916;A01;1;7;0;2;1;1;1;
202300004869;155671915;A01;2;7;2;0;1;13;1;
202300004870;155671909;A01;2;13;16;0;3;3;1;
202300004870;155671912;B01;1;37;16;0;1;3;1;4.0
202300004871;155671908;B01;1;7;0;2;8;14;1;
202300004871;155671913;A01;1;32;0;2;5;1;1;
202300004872;155671906;A01;2;7;13;0;1;21;1;
202300004873;155671903;Y01;3;60;0;9;1;0;5;
202300004873;155671905;A01;3;1;0;2;1;1;5;
202300004874;155671902;A01;1;10;0;2;1;1;1;
202300004874;155671904;B01;1;7;0;2;4;1;1;
202300004875;155671898;A01;2;7;0;2;3;1;1;
202300004875;155671900;B01;1;7;0;2;3;1;1;
202300004876;155671895;A01;1;13;0;9;4;2;1;
202300004876;155671897;B01;1;7;0;9;4;2;1;
202300004876;155671901;C01;1;7;0;9;4;0;1;
202300004877;155671896;A01;1;7;0;1;2;1;1;
202300004878;155671894;A01;2;10;0;2;1;15;1;
202300004878;155671899;B01;1;1;0;2;1;1;5;
202300004879;155671890;A01;3;80;0;0;0;0;3;
202300004879;155671893;B01;3;34;0;2;1;1;1;
202300004880;155671892;A01;1;35;0;0;0;0;1;
202300004881;155671888;A01;3;7;0;1;7;15;1;
202300004882;155671889;A01;3;33;14;2;1;17;1;
202300004882;155671891;B01;3;14;0;2;6;12;1;
202300004883;155671884;A01;0;33;0;2;1;2;1;
202300004883;155671887;B01;0;37;0;2;2;16;1;1.0
202300004884;155671882;A01;3;7;0;9;3;1;1;
202300004884;155671886;B01;2;33;0;2;1;1;1;
202300004885;155671881;A01;1;50;0;2;1;1;3;
202300004885;155671883;B01;2;2;0;2;0;3;0;
202300004886;155671880;A01;2;7;0;2;2;1;1;
202300004886;155671885;B01;2;7;0;2;2;1;1;
202300004887;155671879;Z01;1;32;0;1;1;1;0;
202300004888;155671876;A01;1;1;12;0;1;21;5;
202300004889;155671874;B01;2;33;0;0;1;2;0;
202300004889;155671878;A01;2;7;0;0;3;9;3;
202300004890;155671873;B01;2;7;0;2;2;1;1;
202300004890;155671877;A01;1;7;0;2;3;19;1;
202300004891;155671870;A01;1;7;0;9;4;1;0;
202300004891;155671871;B01;1;7;0;2;1;1;0;
202300004892;155671868;A01;0;10;6;0;2;17;1;
202300004893;155671869;A01;0;7;0;2;1;17;1;
202300004893;155671872;B01;0;7;0;2;1;26;1;
202300004893;155671875;C01;0;7;0;2;7;21;1;
202300004894;155671866;A01;0;7;0;9;1;21;1;
202300004894;155671867;B01;0;1;0;2;4;2;5;
202300004895;155671864;A01;3;7;15;0;2;0;1;
202300004896;155671863;A01;2;7;15;2;3;26;1;
202300004896;155671865;B01;2;7;0;2;7;1;1;
202300004897;155671862;A01;1;1;0;1;2;25;5;
202300004898;155671857;A01;2;7;0;2;3;9;1;
202300004898;155671860;B01;2;33;0;2;1;2;1;
202300004899;155671856;B01;1;30;0;2;7;1;1;
202300004899;155671859;A01;1;7;0;2;8;15;1;
202300004900;155671855;A01;1;7;0;9;2;1;1;
202300004900;155671858;B01;2;1;0;2;1;9;5;
202300004901;155671854;A01;1;7;0;0;9;21;1;
202300004902;155671852;A01;2;7;0;1;2;1;1;
202300004903;155671850;A01;2;7;0;2;3;9;3;
202300004903;155671853;B01;2;1;0;2;2;1;5;
202300004904;155671847;B01;2;1;0;2;1;1;5;
202300004904;155671848;A01;1;7;0;2;1;26;1;
202300004905;155671846;A01;2;7;0;2;3;9;1;
202300004905;155671849;B01;2;7;0;2;2;1;0;
202300004906;155671843;A01;2;7;0;2;3;16;1;
202300004906;155671845;B01;2;1;0;2;2;16;5;
202300004907;155671842;A01;1;7;0;1;1;1;1;
202300004908;155671838;A01;1;40;0;1;1;1;3;
202300004909;155671836;A01;1;30;0;2;1;2;1;
202300004909;155671839;B01;1;7;0;2;4;0;1;
202300004910;155671837;C01;2;7;0;2;1;0;0;
202300004910;155671840;B01;2;7;0;2;1;0;0;
202300004910;155671844;A01;2;7;3;0;1;0;0;
202300004911;155671834;B01;1;7;0;0;5;26;1;
202300004911;155671835;A01;1;33;1;0;1;1;1;
202300004912;155671832;A01;1;37;0;1;0;1;4;1.0
202300004913;155671831;A01;1;7;0;2;7;15;1;
202300004913;155671833;B01;2;31;0;2;1;1;1;
202300004914;155671830;A01;1;7;8;1;1;14;0;
202300004915;155671827;A01;2;7;4;0;3;1;1;
202300004916;155671826;B01;1;7;0;2;2;1;1;
202300004916;155671829;A01;2;7;13;2;7;17;1;
202300004917;155671825;B01;2;1;0;2;1;1;5;
202300004917;155671828;A01;2;7;0;2;3;15;1;
202300004918;155671824;A01;1;7;0;1;3;1;0;
202300004919;155671820;A01;1;33;0;2;3;13;1;
202300004919;155671823;B01;2;7;3;2;3;1;1;
202300004920;155671821;A01;1;7;2;0;3;1;1;
202300004921;155671819;A01;1;7;6;0;2;1;1;
202300004922;155671818;A01;3;7;0;2;3;1;1;
202300004922;155671822;B01;3;7;0;2;2;15;1;
202300004923;155671815;B01;3;10;0;2;6;1;1;
202300004923;155671817;A01;3;80;0;2;1;1;3;
202300004924;155671813;A01;1;7;0;9;8;15;1;
202300004924;155671816;B01;1;1;0;2;7;16;5;
202300004925;155671812;A01;2;7;0;2;3;1;1;
202300004925;155671814;B01;2;2;0;2;7;1;1;
202300004926;155671811;A01;3;7;8;0;8;1;1;
202300004927;155671809;A01;2;33;0;6;1;1;1;
202300004928;155671808;A01;1;30;7;0;1;1;1;
202300004929;155671806;A01;2;7;0;2;6;15;1;
202300004929;155671810;B01;1;33;0;2;1;1;1;
202300004930;155671805;A01;3;30;0;2;3;15;1;
202300004930;155671807;B01;3;7;0;2;3;16;1;
202300004931;155671802;A01;1;7;0;2;3;13;1;
202300004931;155671804;B01;2;7;0;2;3;1;1;
202300004932;155671800;A01;2;17;0;1;1;1;1;
202300004933;155671801;A01;3;7;0;0;6;1;0;
202300004933;155671803;E01;0;50;0;2;2;19;3;
202300004934;155671797;A01;2;7;0;2;7;15;1;
202300004934;155671799;B01;1;32;0;2;1;1;1;
202300004935;155671796;B01;2;13;0;2;5;16;1;
202300004935;155671798;A01;2;1;0;2;3;1;5;
202300004936;155671795;A01;2;7;0;1;2;1;1;
202300004937;155671792;B01;2;10;0;2;2;1;1;
202300004937;155671794;A01;2;7;0;2;6;10;1;
202300004938;155671790;A01;3;37;0;2;5;1;6;1.0
202300004938;155671793;B01;3;1;0;2;8;1;5;
202300004939;155671789;A01;1;7;6;0;1;1;1;
202300004940;155671788;B01;2;1;0;2;8;1;5;
202300004940;155671791;A01;2;7;0;2;7;16;1;
202300004941;155671784;B01;2;1;0;2;1;1;5;
202300004941;155671786;A01;1;1;0;2;1;13;5;
202300004942;155671785;A01;1;7;0;2;1;17;1;
202300004942;155671787;B01;2;7;0;2;3;1;1;
202300004943;155671782;A01;1;7;15;0;1;1;1;
202300004944;155671781;A01;1;7;0;2;8;15;1;
202300004944;155671783;B01;2;30;0;2;1;1;1;
202300004945;155671778;A01;1;0;0;2;1;0;0;
202300004945;155671780;B01;0;1;0;2;1;0;5;
202300004946;155671776;A01;2;1;0;0;0;1;5;
202300004947;155671777;A01;1;31;0;2;3;13;1;
202300004947;155671779;B01;2;7;0;2;3;5;1;
202300004948;155671774;A01;1;7;0;2;1;2;1;
202300004948;155671775;B01;1;7;0;1;4;1;1;
202300004949;155671772;A01;1;43;0;2;1;1;1;
202300004949;155671773;B01;1;10;0;2;4;1;1;
202300004950;155671771;A01;1;7;0;1;1;1;1;
202300004951;155671770;A01;2;7;2;0;1;13;1;
202300004952;155671767;A01;3;10;0;1;8;26;1;
202300004953;155671768;A01;1;3;0;0;0;1;1;
202300004954;155671765;A01;3;7;0;2;3;15;1;
202300004954;155671769;B01;3;1;0;2;3;5;5;
202300004955;155671764;A01;2;7;0;9;5;9;1;
202300004955;155671766;B01;2;1;0;2;5;14;5;
202300004956;155671763;A01;0;2;1;0;1;0;1;
202300004957;155671757;A01;3;33;0;2;8;26;1;
202300004957;155671759;B01;3;10;0;2;3;1;1;
202300004958;155671756;B01;1;7;0;2;4;1;1;
202300004958;155671760;C01;1;7;0;2;4;1;1;
202300004958;155671762;A01;1;7;0;2;1;1;0;
202300004959;155671755;A01;3;7;1;0;1;26;1;
202300004959;155671758;C01;0;7;0;2;0;0;0;
202300004959;155671761;B01;1;7;0;2;0;0;1;
202300004960;155671754;A01;1;7;13;0;3;1;1;
202300004961;155671749;A01;1;60;0;2;3;26;5;
202300004961;155671752;B01;1;7;0;2;1;23;1;
202300004962;155671748;A01;1;7;0;2;1;2;1;
202300004962;155671753;B01;1;7;0;2;5;2;1;
202300004963;155671746;B01;1;33;0;2;2;17;1;
202300004963;155671750;A01;1;7;0;2;6;17;1;
202300004964;155671747;B01;2;7;0;2;1;1;1;
202300004964;155671751;A01;1;7;0;2;2;13;1;
202300004965;155671745;B01;1;10;0;1;1;1;1;
202300004966;155671743;A01;1;33;0;1;1;1;0;
202300004967;155671742;B01;2;1;0;0;7;21;0;
202300004968;155671741;A01;0;2;0;2;0;2;1;
202300004968;155671744;B01;1;10;0;2;7;15;1;
202300004969;155671739;A01;1;7;1;1;3;1;2;
202300004970;155671738;A01;1;7;0;2;8;15;1;
202300004970;155671740;B01;2;15;0;2;2;1;1;
202300004971;155671736;A01;3;30;0;0;0;1;1;
202300004972;155671735;B01;2;14;0;2;1;1;1;
202300004972;155671737;A01;1;10;0;2;1;13;1;
202300004973;155671733;A01;1;10;0;2;2;0;1;
202300004973;155671734;B01;1;7;0;0;6;1;1;
202300004974;155671732;A01;3;7;0;1;6;26;3;
202300004975;155671731;A01;3;7;0;1;3;16;1;
202300004976;155671730;A01;2;38;6;0;2;2;1;21.0
202300004977;155671727;A01;2;7;0;2;1;1;1;
202300004977;155671729;B01;2;33;0;0;4;1;1;
202300004978;155671726;A01;2;7;0;2;4;15;1;
202300004978;155671728;B01;2;10;0;2;1;2;1;
202300004979;155671725;A01;1;7;0;0;3;1;1;
202300004980;155671724;A01;1;33;0;0;8;1;1;
202300004981;155671720;A01;2;7;0;2;6;2;1;
202300004981;155671723;B01;2;31;0;2;1;2;1;
202300004982;155671719;B01;1;7;0;2;3;15;1;
202300004983;155671722;A01;2;33;0;0;8;15;1;
202300004984;155671721;A01;2;7;10;0;9;1;1;
202300004985;155671715;A01;1;7;12;0;3;26;0;
202300004986;155671714;A01;2;7;0;2;1;1;1;
202300004986;155671718;B01;1;7;0;2;1;13;1;
202300004987;155671712;A01;1;7;0;2;1;2;1;
202300004987;155671717;B01;1;7;0;2;4;23;1;
202300004988;155671713;Z01;1;7;0;2;1;0;1;
202300004988;155671716;A01;1;7;4;2;5;1;1;
202300004989;155671708;A01;1;33;0;2;3;1;1;
202300004989;155671711;B01;2;7;0;2;8;1;1;
202300004990;155671706;A01;1;7;0;2;1;2;1;
202300004991;155671704;B01;1;7;0;2;4;2;2;
202300004991;155671707;A01;1;10;0;2;1;2;1;
202300004991;155671709;C01;1;7;0;2;1;2;1;
202300004992;155671705;A01;2;7;0;1;1;1;1;
202300004993;155671703;A01;3;10;0;1;1;1;1;
202300004994;155671700;A01;2;33;0;0;8;1;1;
202300004995;155671699;A01;2;7;0;2;0;14;1;
202300004995;155671701;B01;2;7;0;2;0;1;1;
202300004996;155671698;A01;1;7;3;0;6;13;1;
202300004996;155671702;B01;1;7;14;0;0;0;1;
202300004997;155671695;A01;2;30;0;0;0;0;1;
202300004998;155671693;A01;1;7;0;2;1;2;1;
202300004998;155671696;B01;1;7;0;2;4;2;3;
202300004999;155671694;A01;0;7;0;2;4;17;1;
202300004999;155671697;B01;0;1;0;2;1;1;5;
202300005000;155671692;A01;2;7;4;2;1;2;1;
202300005001;155671689;A01;2;7;0;2;1;1;-1;
202300005001;155671691;B01;2;7;0;2;4;1;-1;
202300005002;155671687;A01;2;43;0;1;1;1;1;
202300005003;155671686;A01;1;1;0;2;1;5;5;
202300005003;155671690;B01;2;7;0;2;1;1;1;
202300005004;155671685;B01;1;10;0;2;1;1;1;
202300005004;155671688;A01;1;10;0;2;1;5;1;
202300005005;155671683;A01;2;7;3;0;1;0;1;
202300005006;155671680;A01;3;33;0;2;1;1;1;
202300005006;155671682;B01;3;7;0;2;6;15;1;
202300005007;155671679;A01;2;7;0;2;1;2;1;
202300005007;155671681;B01;2;7;0;2;5;2;1;
202300005008;155671678;A01;3;7;0;1;8;1;1;
202300005009;155671676;B01;1;10;0;2;5;23;1;
202300005009;155671677;A01;1;43;0;2;1;18;1;
202300005010;155671672;B01;1;43;0;2;7;1;-1;
202300005010;155671684;A01;1;7;0;2;3;15;1;
202300005011;155671671;A01;1;7;0;2;3;11;1;
202300005011;155671674;B01;1;7;0;0;5;1;1;
202300005012;155671669;A01;1;7;0;2;1;2;1;
202300005012;155671673;B01;1;7;0;2;4;2;1;
202300005012;155671675;C01;1;7;0;2;4;2;1;
202300005013;155671668;A01;2;7;0;2;3;13;1;
202300005013;155671670;B01;1;7;0;2;6;1;1;
202300005014;155671664;B01;2;31;0;2;1;1;1;
202300005014;155671667;A01;1;7;0;2;7;15;1;
202300005015;155671662;A01;1;7;0;2;2;12;1;
202300005015;155671666;B01;1;33;0;2;3;3;1;
202300005016;155671661;A01;2;33;0;2;8;3;1;
202300005016;155671665;B01;2;7;0;2;7;1;1;
202300005017;155671660;A01;3;7;0;1;3;1;1;
202300005018;155671656;A01;1;33;0;2;1;3;1;
202300005018;155671659;B01;1;7;0;0;4;12;1;
202300005019;155671655;A01;2;1;0;2;0;5;5;
202300005019;155671657;B01;1;7;0;2;8;16;1;
202300005020;155671653;A01;2;7;0;2;5;12;1;
202300005020;155671658;B01;2;31;0;2;3;0;1;
202300005021;155671652;A01;3;7;0;2;8;10;1;
202300005021;155671654;B01;3;34;0;2;1;17;1;
202300005022;155671646;A01;3;7;6;0;1;9;2;
202300005023;155671648;A01;2;1;0;0;0;21;5;
202300005024;155671647;B01;1;7;0;2;4;2;1;
202300005024;155671650;C01;1;7;0;2;4;2;1;
202300005024;155671651;A01;1;10;0;2;1;1;1;
202300005025;155671645;A01;2;33;0;2;8;3;1;
202300005025;155671649;B01;2;7;0;2;5;12;1;
202300005026;155671642;A01;1;7;0;1;1;1;1;
202300005027;155671640;B01;2;7;0;2;3;11;1;
202300005027;155671643;A01;2;43;0;2;7;1;1;
202300005028;155671641;A01;2;43;4;2;1;2;1;
202300005029;155671639;Z01;1;7;0;2;1;25;1;
202300005029;155671644;B01;2;80;0;2;8;25;3;
202300005030;155671635;A01;2;7;0;2;5;16;1;
202300005030;155671638;B01;1;50;0;2;1;19;3;
202300005031;155671634;B01;2;33;0;2;1;2;1;
202300005031;155671637;A01;2;31;0;2;4;2;1;
202300005032;155671631;A01;3;34;0;2;1;1;1;
202300005032;155671632;B01;3;7;0;2;4;23;1;
202300005033;155671626;A01;3;7;0;2;3;24;1;
202300005033;155671629;B01;3;2;0;2;1;1;1;
202300005034;155671627;D01;1;14;0;2;2;1;1;
202300005034;155671630;B01;1;7;0;2;8;11;1;
202300005034;155671633;C01;1;10;0;2;7;1;1;
202300005034;155671636;A01;1;7;0;2;1;21;1;
202300005035;155671620;A01;2;7;8;0;1;1;1;
202300005036;155671619;A01;3;7;0;2;3;15;1;
202300005036;155671623;B01;3;34;0;2;3;1;3;
202300005037;155671621;B01;2;14;0;2;4;2;1;
202300005037;155671624;A01;2;15;0;2;4;1;1;
202300005037;155671625;C01;2;13;0;2;1;2;1;
202300005037;155671628;D01;2;7;0;2;1;2;1;
202300005038;155671622;A01;1;7;3;0;1;1;1;
202300005039;155671615;A01;2;7;0;0;1;1;1;
202300005040;155671614;A01;2;36;1;2;1;13;1;
202300005040;155671618;B01;1;7;0;2;1;1;1;
202300005041;155671613;A01;1;33;0;2;2;3;1;
202300005041;155671616;B01;1;7;0;2;8;11;1;
202300005042;155671610;A01;2;7;0;0;3;1;1;
202300005043;155671609;A01;2;80;0;1;7;7;3;
202300005044;155671607;A01;1;7;0;2;1;2;1;
202300005044;155671611;B01;1;7;0;2;4;2;1;
202300005045;155671608;A01;2;7;0;2;7;12;1;
202300005045;155671612;B01;2;31;0;2;8;1;1;
202300005046;155671605;A01;3;33;0;0;7;14;1;
202300005047;155671604;A01;1;1;0;0;0;21;5;
202300005048;155671602;A01;2;33;0;0;0;3;1;
202300005049;155671601;A01;2;33;0;2;1;17;1;
202300005049;155671603;B01;2;7;0;2;4;11;1;
202300005049;155671606;C01;2;33;0;2;0;17;1;
202300005050;155671596;A01;2;30;0;2;8;9;1;
202300005050;155671600;B01;1;7;0;2;2;21;1;
202300005051;155671597;A01;1;30;0;1;1;1;3;
202300005052;155671595;A01;1;7;0;2;3;19;1;
202300005052;155671598;B01;1;50;0;2;3;25;3;
202300005053;155671594;A01;2;7;0;2;1;1;1;
202300005053;155671599;B01;2;10;0;2;4;1;1;
202300005054;155671593;A01;3;30;0;1;1;1;1;
202300005055;155671591;A01;3;7;0;2;2;15;1;
202300005055;155671592;B01;3;2;0;2;1;1;1;
202300005056;155671589;A01;2;7;0;2;3;11;1;
202300005056;155671590;B01;2;15;0;2;2;1;1;
202300005057;155671586;A01;2;7;0;2;7;16;1;
202300005057;155671587;B01;2;7;0;2;1;1;4;
202300005058;155671584;A01;1;7;0;2;1;1;1;
202300005058;155671585;B01;1;1;12;0;0;1;5;
202300005059;155671579;A01;1;7;0;2;6;12;1;
202300005059;155671588;B01;1;33;0;2;1;3;0;
202300005060;155671577;A01;3;7;0;2;4;0;1;
202300005060;155671582;B01;0;30;0;2;1;0;1;
202300005061;155671578;A01;1;7;0;2;1;0;1;
202300005061;155671580;B01;1;7;0;2;4;0;1;
202300005061;155671583;C01;1;7;0;2;4;0;1;
202300005062;155671576;A01;2;10;0;2;1;1;1;
202300005062;155671581;B01;2;7;0;2;7;1;1;
202300005063;155671573;A01;2;7;0;9;1;13;1;
202300005063;155671575;B01;1;17;0;2;1;1;1;
202300005064;155671571;A01;3;15;0;1;1;11;1;
202300005065;155671566;A01;0;1;0;0;0;26;5;
202300005066;155671568;C01;2;33;0;2;1;3;1;
202300005066;155671570;A01;2;10;0;2;5;14;1;
202300005066;155671572;D01;2;33;0;2;1;3;1;
202300005066;155671574;B01;2;33;0;2;1;3;1;
202300005067;155671563;C01;2;10;0;2;1;1;1;
202300005067;155671564;A01;2;7;0;2;8;13;1;
202300005067;155671565;B01;1;7;0;2;1;1;0;
202300005067;155671567;D01;2;7;13;2;8;1;1;
202300005067;155671569;E01;1;7;0;2;1;1;1;
202300005068;155671560;B01;1;32;0;2;1;1;1;
202300005068;155671562;A01;2;14;0;2;5;15;1;
202300005069;155671559;A01;1;14;0;2;3;1;1;
202300005069;155671561;B01;1;10;0;2;7;2;1;
202300005070;155671557;B01;1;13;0;2;4;23;1;
202300005070;155671558;A01;1;7;0;2;1;2;1;
202300005071;155671555;A01;3;7;0;2;3;19;1;
202300005071;155671556;B01;2;7;0;2;2;1;1;
202300005072;155671552;A01;1;41;0;1;1;1;1;
202300005073;155671550;A01;1;34;8;0;1;5;1;
202300005074;155671551;B01;1;7;0;2;4;2;2;
202300005074;155671553;C01;1;7;0;2;1;2;1;
202300005074;155671554;A01;1;7;0;2;4;2;1;
202300005075;155671549;A01;1;7;8;0;0;0;1;
202300005076;155671548;A01;0;7;0;1;7;1;2;
202300005077;155671547;A01;3;7;0;1;4;9;1;
202300005078;155671545;B01;2;1;0;2;0;1;5;
202300005078;155671546;A01;2;10;0;2;0;15;1;
202300005079;155671540;A01;3;7;0;2;1;5;1;
202300005079;155671543;B01;0;7;0;2;1;1;1;
202300005080;155671542;A01;1;7;0;2;2;26;0;
202300005080;155671544;B01;1;7;0;0;1;0;0;
202300005081;155671539;B01;1;60;0;2;8;1;5;
202300005081;155671541;A01;1;7;0;2;4;26;3;
202300005082;155671538;A01;2;33;0;0;2;14;1;
202300005083;155671536;A01;1;33;0;0;0;0;1;
202300005084;155671535;A01;3;7;0;2;2;1;1;
202300005084;155671537;B01;1;7;7;2;1;1;0;
202300005085;155671533;B01;1;33;0;2;0;1;1;
202300005085;155671534;A01;1;7;0;2;0;0;1;
202300005086;155671532;A01;0;7;0;1;7;1;1;
202300005087;155671530;B01;3;50;0;2;0;0;3;
202300005087;155671531;A01;3;7;0;2;5;20;1;
202300005088;155671528;B01;2;1;0;2;1;1;5;
202300005088;155671529;A01;1;7;0;2;8;1;1;
202300005089;155671525;B01;1;99;0;2;0;9;0;
202300005089;155671527;A01;1;7;0;0;3;1;3;
202300005090;155671522;A01;2;7;0;2;3;19;1;
202300005090;155671526;B01;1;2;0;2;3;1;1;
202300005091;155671521;A01;1;7;0;2;4;1;1;
202300005091;155671523;C01;1;7;0;2;1;1;1;
202300005091;155671524;B01;1;30;0;2;4;1;1;
202300005092;155671519;A01;3;7;0;1;3;19;0;
202300005093;155671518;A01;0;7;0;2;6;13;1;
202300005093;155671520;B01;0;13;0;2;2;1;1;
202300005094;155671517;A01;1;60;12;0;0;1;5;
202300005095;155671514;A01;1;33;1;0;0;1;1;
202300005096;155671516;A01;3;7;1;1;4;20;1;
202300005097;155671513;A01;1;7;0;2;3;2;1;
202300005097;155671515;B01;1;32;0;2;4;2;0;
202300005098;155671512;A01;1;30;0;0;0;1;1;
202300005099;155671510;A01;2;7;15;0;7;1;1;
202300005100;155671508;A01;1;7;0;2;2;9;1;
202300005100;155671509;B01;1;7;0;2;2;14;1;
202300005100;155671511;C01;1;99;0;2;4;23;1;
202300005101;155671507;A01;1;7;0;1;2;1;1;
202300005102;155671506;A01;1;37;0;1;2;1;1;1.0
202300005103;155671505;A01;0;7;0;1;1;2;1;
202300005104;155671502;B01;2;7;0;2;1;16;1;
202300005104;155671504;A01;1;60;0;2;7;1;5;
202300005105;155671501;A01;1;7;0;2;2;1;1;
202300005105;155671503;B01;2;50;0;2;1;1;3;
202300005106;155671499;A01;1;1;0;0;0;0;5;
202300005106;155671500;B01;1;7;0;0;0;0;1;
202300005107;155671495;A01;1;7;0;2;0;0;-1;
202300005107;155671498;B01;1;7;0;2;5;23;1;
202300005108;155671494;B01;1;17;0;2;3;1;1;