Num_Acc;id_vehicule;num_veh;senc;catv;obs;obsm;choc;manv;motor;occutc
202300005108;155671497;A01;1;33;4;2;2;14;1;
202300005109;155671491;B01;3;1;0;2;1;25;5;
202300005109;155671493;C01;0;7;0;2;0;0;6;
202300005109;155671496;A01;2;7;0;2;2;16;0;
202300005110;155671489;A01;1;30;0;2;0;26;1;
202300005110;155671492;B01;1;10;0;2;8;15;1;
202300005111;155671485;A01;3;7;0;2;2;2;0;
202300005111;155671487;B01;3;7;0;2;6;1;0;
202300005112;155671482;A01;1;32;0;2;1;26;1;
202300005112;155671486;B01;1;7;0;2;4;0;1;
202300005113;155671481;A01;2;10;0;2;7;1;1;
202300005113;155671484;B01;2;1;0;2;2;0;5;
202300005114;155671478;A01;1;7;4;2;1;13;1;
202300005114;155671480;B01;1;7;0;0;7;2;1;
202300005114;155671483;C01;1;7;14;0;1;2;1;
202300005115;155671476;A01;2;10;0;2;2;19;1;
202300005115;155671479;B01;1;31;0;2;2;1;1;
202300005116;155671475;A01;1;7;0;1;2;17;1;
202300005117;155671473;A01;3;7;0;2;3;9;1;
202300005117;155671477;B01;3;1;0;2;1;1;5;
202300005118;155671472;A01;3;2;0;1;1;1;1;
202300005119;155671471;A01;1;7;6;0;2;14;1;
202300005120;155671470;B01;1;7;0;2;3;1;1;
202300005120;155671474;A01;1;7;0;2;2;19;1;
202300005121;155671466;A01;1;10;0;2;1;0;1;
202300005121;155671469;B01;2;7;0;2;1;0;1;
202300005122;155671468;A01;3;7;14;0;3;9;1;
202300005123;155671465;A01;1;7;0;1;1;1;-1;
202300005124;155671464;A01;0;7;0;0;1;0;1;
202300005124;155671467;B01;0;7;0;2;1;5;1;
202300005125;155671461;A01;2;10;0;0;0;1;1;
202300005126;155671462;A01;3;7;0;1;2;1;3;
202300005127;155671460;B01;1;7;1;2;1;2;0;
202300005127;155671463;A01;1;7;0;0;5;23;0;
202300005128;155671459;A01;2;7;0;0;8;1;1;
202300005129;155671457;A01;1;43;1;0;2;14;1;
202300005130;155671456;A01;2;33;0;1;1;17;1;
202300005131;155671455;B01;1;10;0;2;5;2;1;
202300005131;155671458;A01;1;50;0;2;1;2;3;
202300005132;155671454;A01;3;33;0;0;9;15;1;
202300005133;155671453;A01;1;30;0;0;0;0;1;
202300005134;155671447;A01;1;7;0;2;3;13;3;
202300005134;155671450;B01;2;7;0;2;3;1;1;
202300005134;155671452;C01;2;7;12;0;1;13;1;
202300005135;155671446;A01;1;7;0;9;7;17;1;
202300005135;155671449;B01;1;1;0;0;6;1;5;
202300005136;155671448;B01;1;7;0;2;2;16;1;
202300005136;155671451;A01;1;2;0;2;8;18;1;
202300005137;155671445;A01;1;30;0;0;0;1;1;
202300005138;155671438;A01;3;7;0;2;1;1;1;
202300005138;155671444;B01;3;7;0;2;1;13;1;
202300005139;155671441;A01;1;2;6;2;1;2;0;
202300005139;155671443;B01;1;7;0;0;2;16;0;
202300005140;155671439;Z01;2;30;0;2;0;0;1;
202300005140;155671442;B01;2;1;0;2;0;0;5;
202300005141;155671437;B01;1;1;0;2;4;1;5;
202300005141;155671440;A01;1;7;0;2;2;1;1;
202300005142;155671435;A01;2;1;0;0;0;1;5;
202300005143;155671433;A01;1;1;0;0;0;1;5;
202300005144;155671434;A01;1;33;0;2;1;1;1;
202300005144;155671436;B01;2;7;0;0;3;1;1;
202300005145;155671431;A01;1;30;0;2;1;2;1;
202300005145;155671432;B01;1;10;0;2;4;2;1;
202300005146;155671430;A01;2;33;0;0;3;1;0;
202300005147;155671429;A01;1;30;0;0;0;1;1;
202300005148;155671426;A01;2;33;9;2;1;17;1;
202300005148;155671428;B01;2;10;0;2;3;15;1;
202300005149;155671424;B01;1;7;3;0;6;1;1;
202300005149;155671425;A01;1;10;0;2;2;14;1;
202300005150;155671422;A01;1;30;0;2;3;1;1;
202300005150;155671427;B01;2;7;0;2;2;15;1;
202300005151;155671421;A01;1;7;0;2;1;13;1;
202300005151;155671423;B01;2;3;0;2;1;1;1;
202300005152;155671419;B01;2;7;0;2;6;15;1;
202300005152;155671420;A01;2;33;0;2;1;17;1;
202300005153;155671417;A01;1;30;0;0;0;1;1;
202300005154;155671415;A01;1;30;0;2;1;13;1;
202300005154;155671418;B01;2;30;0;2;1;26;1;
202300005155;155671413;A01;1;33;0;2;3;17;1;
202300005155;155671414;B01;2;10;0;2;3;1;0;
202300005155;155671416;C01;2;7;0;2;1;1;0;
202300005156;155671410;B01;1;7;0;2;4;9;1;
202300005156;155671412;A01;1;2;0;0;4;1;1;
202300005157;155671408;A01;3;7;16;0;2;1;1;
202300005158;155671409;A01;0;31;0;0;0;26;0;
202300005159;155671407;A01;2;7;0;2;1;1;1;
202300005159;155671411;B01;1;7;0;2;2;0;1;
202300005160;155671405;A01;2;7;0;2;3;1;1;
202300005160;155671406;B01;2;80;0;2;1;1;3;
202300005161;155671404;A01;1;1;0;0;0;1;5;
202300005162;155671399;A01;2;7;0;1;1;1;1;
202300005163;155671398;B01;2;7;0;0;1;13;1;
202300005163;155671400;A01;1;7;0;2;1;1;1;
202300005164;155671397;B01;1;7;0;2;3;15;1;
202300005164;155671401;A01;1;50;0;2;1;2;3;
202300005165;155671394;A01;3;7;13;0;1;14;1;
202300005166;155671393;A01;1;32;0;0;0;1;1;
202300005167;155671395;A01;2;7;0;0;4;23;1;
202300005167;155671396;B01;2;17;0;2;1;1;1;
202300005168;155671389;A01;1;7;15;0;2;1;1;
202300005169;155671388;A01;3;7;0;9;3;15;1;
202300005169;155671391;B01;3;1;0;2;1;1;5;
202300005170;155671387;B01;1;1;0;0;1;1;5;
202300005170;155671390;A01;1;7;0;2;1;1;1;
202300005171;155671386;B01;2;34;0;2;1;1;1;
202300005171;155671392;A01;1;7;0;2;1;1;1;
202300005172;155671385;A01;-1;7;0;0;0;1;1;
202300005173;155671383;A01;1;7;9;2;3;0;0;
202300005173;155671384;B01;1;10;9;0;1;0;0;
202300005174;155671381;A01;1;7;6;0;1;1;1;
202300005175;155671380;A01;3;7;2;0;1;1;0;
202300005176;155671379;A01;1;10;0;2;2;15;1;
202300005176;155671382;B01;2;7;0;2;3;1;1;
202300005177;155671377;A01;2;7;0;1;1;1;1;
202300005178;155671374;B01;2;7;0;0;8;1;1;
202300005178;155671376;A01;2;33;0;2;8;9;1;
202300005179;155671371;A01;2;7;8;0;7;14;1;
202300005180;155671369;B01;1;7;0;2;4;1;1;
202300005180;155671370;C01;1;10;0;2;4;0;0;
202300005180;155671373;A01;1;7;0;2;1;1;1;
202300005181;155671368;A01;3;7;0;1;1;2;1;
202300005182;155671364;A01;2;41;0;2;8;13;1;
202300005182;155671366;B01;2;7;0;2;7;15;1;
202300005183;155671365;A01;1;7;0;2;3;1;1;
202300005183;155671367;B01;2;7;0;2;3;1;1;
202300005184;155671361;A01;2;0;0;0;0;26;0;
202300005185;155671359;A01;1;7;0;0;6;15;1;
202300005185;155671360;B01;1;30;0;2;7;1;1;
202300005186;155671357;A01;1;7;0;2;4;9;1;
202300005186;155671358;B01;1;7;0;2;1;2;1;
202300005187;155671356;A01;1;7;4;2;7;14;1;
202300005187;155671362;B01;1;7;3;2;8;1;1;
202300005188;155671355;A01;1;33;13;0;1;14;1;
202300005189;155671352;Z01;1;99;0;1;0;1;0;
202300005190;155671350;B01;2;10;0;0;0;7;1;
202300005190;155671353;A01;2;7;2;2;2;1;1;
202300005191;155671348;A01;3;7;0;2;1;1;1;
202300005191;155671351;B01;3;7;0;2;4;23;1;
202300005191;155671354;C01;3;7;0;2;4;15;1;
202300005192;155671346;A01;0;7;0;2;1;13;0;
202300005192;155671349;B01;0;7;0;2;1;1;0;
202300005193;155671344;B01;1;7;0;2;4;26;1;
202300005193;155671347;A01;1;7;0;2;2;26;1;
202300005194;155671345;A01;1;7;0;1;1;16;1;
202300005195;155671343;A01;1;7;6;1;1;14;1;
202300005196;155671342;A01;2;7;0;1;3;2;1;
202300005197;155671340;A01;2;7;0;2;4;1;1;
202300005197;155671341;B01;2;7;0;2;1;1;1;
202300005198;155671339;A01;1;7;0;0;9;1;1;
202300005199;155671338;A01;1;7;0;1;1;1;1;
202300005200;155671333;A01;2;2;0;0;1;1;5;
202300005201;155671332;B01;2;7;0;2;6;26;1;
202300005201;155671335;A01;2;43;14;0;3;14;1;
202300005202;155671330;C01;2;7;0;2;5;23;1;
202300005202;155671336;A01;2;7;0;2;1;1;1;
202300005202;155671337;B01;2;7;0;2;6;23;1;
202300005203;155671328;B01;1;7;0;2;1;1;1;
202300005203;155671331;C01;1;10;0;2;1;1;1;
202300005203;155671334;A01;2;7;0;2;1;13;1;
202300005204;155671326;B01;1;7;0;2;4;2;1;
202300005204;155671329;A01;1;7;0;2;1;2;1;
202300005205;155671324;A01;2;7;4;2;1;1;1;
202300005205;155671327;B01;2;7;0;2;3;21;1;
202300005206;155671323;A01;2;7;13;0;1;15;1;
202300005207;155671322;A01;1;30;0;2;7;16;1;
202300005207;155671325;B01;1;10;0;2;7;16;1;
202300005208;155671321;A01;1;1;0;0;0;0;5;
202300005209;155671320;A01;1;7;0;1;3;1;1;
202300005210;155671319;A01;2;2;0;0;0;1;1;
202300005211;155671318;A01;2;33;0;0;1;0;1;
202300005212;155671316;A01;3;7;1;0;1;16;1;
202300005213;155671314;B01;2;10;0;2;4;2;1;
202300005213;155671317;A01;2;33;0;2;1;1;1;
202300005214;155671313;A01;2;1;0;2;1;0;5;
202300005214;155671315;B01;1;20;0;0;5;15;1;
202300005215;155671312;A01;1;32;0;0;0;0;0;
202300005216;155671309;B01;2;30;0;2;1;1;3;
202300005216;155671311;A01;1;7;0;2;2;15;1;
202300005217;155671305;A01;2;33;0;2;1;1;1;
202300005217;155671308;B01;1;21;0;2;6;15;1;
202300005218;155671304;A01;1;7;0;2;8;15;1;
202300005218;155671307;B01;1;30;0;2;2;17;1;
202300005219;155671303;B01;1;7;0;1;0;0;1;
202300005219;155671306;A01;1;7;0;1;1;1;1;
202300005219;155671310;C01;1;7;0;1;0;0;1;
202300005220;155671301;A01;2;7;0;2;0;1;1;
202300005220;155671302;B01;1;7;0;2;1;1;1;
202300005221;155671299;A01;3;7;0;1;1;1;1;
202300005222;155671297;B01;1;7;0;0;0;24;1;
202300005222;155671300;A01;1;30;7;0;1;1;1;
202300005223;155671296;A01;2;7;3;2;3;1;1;
202300005223;155671298;B01;2;7;0;2;1;1;1;
202300005224;155671294;A01;3;7;15;0;2;14;1;
202300005225;155671293;A01;1;10;0;2;2;11;1;
202300005225;155671295;B01;2;33;0;2;1;1;1;
202300005226;155671288;A01;2;30;0;0;7;15;1;
202300005227;155671285;A01;1;7;0;2;1;9;1;
202300005227;155671289;B01;2;7;0;2;2;13;1;
202300005228;155671284;C01;2;7;0;2;0;2;1;
202300005228;155671286;B01;2;7;0;2;4;2;1;
202300005228;155671290;A01;2;33;0;2;1;1;1;
202300005228;155671291;D01;2;7;0;2;0;2;1;
202300005229;155671280;A01;2;33;0;0;0;0;1;
202300005230;155671279;A01;2;7;0;2;4;2;1;
202300005230;155671283;B01;2;7;0;2;1;2;1;
202300005231;155671278;A01;1;30;14;0;1;2;1;
202300005231;155671281;B01;1;7;0;2;4;2;1;
202300005232;155671271;A01;1;7;0;1;1;1;1;
202300005233;155671273;A01;3;30;0;2;1;21;1;
202300005233;155671275;B01;3;7;0;2;5;15;1;
202300005234;155671270;A01;3;50;0;0;0;0;3;
202300005234;155671272;Z01;3;7;0;2;0;1;0;
202300005235;155671269;A01;2;7;0;2;1;2;1;
202300005235;155671274;B01;2;7;0;2;4;2;1;
202300005235;155671276;C01;2;7;0;2;4;2;1;
202300005236;155671266;A01;1;2;0;2;1;0;0;
202300005236;155671268;B01;1;7;0;0;5;23;0;
202300005237;155671262;A01;1;7;0;2;0;14;1;
202300005237;155671265;B01;1;33;0;2;8;16;1;
202300005237;155671267;C01;1;7;0;2;6;1;1;
202300005238;155671261;A01;1;7;0;2;8;13;1;
202300005238;155671264;B01;1;7;0;2;7;1;1;
202300005239;155671259;B01;2;7;0;2;4;1;1;
202300005239;155671260;A01;2;7;0;2;1;1;1;
202300005239;155671263;C01;2;7;0;2;4;1;1;
202300005240;155671258;A01;1;33;3;0;1;13;1;
202300005241;155671256;A01;1;7;0;1;1;1;1;
202300005242;155671252;B01;2;7;0;2;3;1;1;
202300005242;155671255;A01;2;7;3;2;2;1;1;
202300005243;155671251;B01;3;7;0;2;4;2;1;
202300005243;155671253;A01;3;7;0;2;4;2;1;
202300005244;155671250;A01;1;7;0;1;1;1;1;
202300005245;155671246;A01;1;7;0;2;3;13;1;
202300005245;155671254;B01;2;7;0;2;3;21;1;
202300005245;155671257;C01;1;7;0;2;3;1;1;
202300005246;155671245;A01;1;7;0;2;8;11;1;
202300005246;155671248;B01;1;33;0;2;1;3;1;
202300005247;155671244;A01;1;10;0;2;3;2;1;
202300005247;155671247;B01;1;7;0;2;4;2;1;
202300005247;155671249;C01;1;7;0;2;4;2;1;
202300005248;155671243;A01;1;80;0;0;9;1;3;
202300005249;155671239;A01;1;10;0;2;1;5;1;
202300005249;155671241;B01;2;7;0;2;1;1;1;
202300005250;155671238;A01;1;10;0;2;3;9;1;
202300005250;155671242;B01;2;7;4;0;4;0;1;
202300005251;155671236;A01;2;13;0;2;7;12;1;
202300005251;155671237;B01;2;33;0;2;8;1;1;
202300005251;155671240;C01;2;7;0;2;8;1;1;
202300005252;155671233;A01;2;7;0;0;9;14;0;
202300005253;155671234;A01;2;50;0;2;1;1;3;
202300005254;155671232;A01;0;7;0;1;3;1;1;
202300005255;155671229;A01;1;1;0;2;1;1;5;
202300005255;155671231;B01;1;13;0;0;4;23;1;
202300005256;155671227;A01;3;34;0;2;1;19;1;
202300005256;155671228;B01;3;7;0;2;0;0;1;
202300005257;155671226;A01;3;10;13;0;8;13;3;
202300005258;155671223;A01;2;7;15;2;1;2;3;
202300005258;155671225;B01;2;7;0;0;4;2;1;
202300005259;155671221;B01;3;50;0;2;0;2;3;
202300005259;155671224;A01;2;7;0;2;0;26;1;
202300005260;155671219;A01;1;33;0;2;1;5;1;
202300005260;155671220;B01;2;7;0;2;3;1;1;
202300005261;155671217;B01;1;10;0;2;1;1;1;
202300005261;155671222;A01;1;99;0;2;3;15;1;
202300005262;155671214;A01;1;7;0;2;1;1;1;
202300005262;155671215;B01;1;7;0;2;4;1;1;
202300005263;155671213;A01;3;7;0;2;2;26;1;
202300005264;155671211;Z01;1;7;0;2;0;0;0;
202300005264;155671212;A01;1;31;0;2;4;1;1;
202300005265;155671209;A01;1;31;0;2;3;26;1;
202300005265;155671210;B01;2;7;0;2;3;1;1;
202300005266;155671207;A01;2;7;0;2;4;2;1;
202300005266;155671208;B01;2;7;0;2;1;2;1;
202300005267;155671205;A01;2;7;0;2;1;2;1;
202300005267;155671206;B01;2;7;0;2;4;2;1;
202300005268;155671203;A01;2;7;0;2;2;1;1;
202300005268;155671204;B01;2;7;0;2;4;1;1;
202300005269;155671200;A01;2;7;0;2;2;12;1;
202300005269;155671201;B01;2;32;0;2;3;3;1;
202300005269;155671202;C01;2;7;0;2;4;1;1;
202300005270;155671198;A01;2;7;0;2;3;5;1;
202300005270;155671199;B01;2;7;0;2;1;1;1;
202300005271;155671196;B01;1;7;0;2;8;1;1;
202300005271;155671197;Z01;1;7;0;2;2;15;1;
202300005272;155671194;B01;3;1;0;2;7;19;5;
202300005272;155671195;A01;3;30;0;9;1;17;1;
202300005273;155671193;A01;2;33;12;0;1;1;1;
202300005274;155671192;B01;3;50;0;2;2;0;3;
202300005275;155671191;A01;1;7;4;0;3;1;1;
202300005276;155671189;A01;1;7;12;2;1;1;1;
202300005276;155671190;B01;1;7;0;2;1;15;1;
202300005277;155671188;A01;1;7;8;1;1;16;1;
202300005278;155671187;A01;1;30;15;0;2;1;1;
202300005279;155671185;A01;3;7;0;2;1;2;1;
202300005279;155671186;B01;0;7;0;2;4;2;1;
202300005280;155671183;A01;1;50;0;2;1;25;3;
202300005280;155671184;B01;1;7;0;2;2;16;1;
202300005281;155671181;A01;1;7;0;2;1;13;1;
202300005281;155671182;B01;1;7;14;0;4;13;1;
202300005282;155671179;A01;1;7;0;2;5;16;1;
202300005282;155671180;B01;1;2;0;2;8;1;1;
202300005283;155671177;A01;1;7;0;9;1;1;1;
202300005283;155671178;B01;1;1;0;2;1;19;5;
202300005284;155671176;A01;1;30;0;0;0;1;1;
202300005285;155671174;A01;1;7;0;2;3;26;1;
202300005285;155671175;B01;1;2;0;2;3;26;1;
202300005286;155671173;A01;1;33;1;0;1;13;1;
202300005287;155671171;A01;1;50;0;2;7;1;3;
202300005287;155671172;B01;1;7;0;2;3;1;2;
202300005288;155671169;B01;1;7;0;2;2;1;1;
202300005288;155671170;A01;2;7;0;2;1;1;1;
202300005289;155671167;A01;2;7;0;2;3;15;1;
202300005289;155671168;B01;1;50;0;2;1;1;3;
202300005290;155671165;A01;1;7;0;2;1;19;1;
202300005290;155671166;B01;1;32;0;2;7;1;1;
202300005291;155671163;A01;1;10;0;2;1;1;1;
202300005291;155671164;B01;1;7;0;2;2;1;1;
202300005292;155671161;A01;2;7;0;2;1;1;1;
202300005292;155671162;B01;1;7;0;2;4;2;1;
202300005293;155671160;A01;1;34;4;0;8;13;1;
202300005294;155671158;A01;1;13;0;2;3;12;1;
202300005294;155671159;B01;1;7;0;2;8;1;1;
202300005295;155671156;A01;1;7;0;2;3;0;1;
202300005295;155671157;B01;1;7;0;2;5;0;1;
202300005296;155671152;C01;1;7;0;2;4;2;1;
202300005296;155671153;D01;1;7;0;2;4;15;1;
202300005296;155671154;A01;1;7;0;2;1;2;1;
202300005296;155671155;B01;1;7;0;2;0;2;1;
202300005297;155671150;B01;2;50;0;2;1;1;3;
202300005297;155671151;A01;2;7;0;2;3;9;1;
202300005298;155671148;A01;2;33;0;2;8;2;1;
202300005298;155671149;B01;2;7;0;2;5;13;1;
202300005299;155671146;A01;3;7;0;2;1;15;1;
202300005299;155671147;B01;3;33;0;2;0;1;1;
202300005300;155671144;A01;1;7;0;2;1;0;1;
202300005300;155671145;B01;1;7;0;0;0;0;2;
202300005301;155671143;A01;1;7;1;1;1;26;1;
202300005302;155671141;A01;1;7;0;2;2;17;0;
202300005302;155671142;B01;1;1;0;2;2;14;5;
202300005303;155671140;Z01;2;7;0;1;0;26;0;
202300005304;155671137;A01;2;99;0;2;1;2;1;
202300005304;155671138;B01;2;7;0;2;4;2;1;
202300005304;155671139;C01;2;7;0;2;4;1;1;
202300005305;155671135;A01;2;33;0;2;1;1;1;
202300005305;155671136;B01;2;7;0;2;5;0;1;
202300005306;155671133;A01;1;7;0;2;1;13;1;
202300005306;155671134;B01;1;10;0;2;0;0;1;
202300005307;155671131;A01;1;7;0;2;2;1;1;
202300005307;155671132;B01;1;1;0;2;8;19;5;
202300005308;155671129;B01;2;7;0;2;1;1;1;
202300005308;155671130;A01;1;7;1;2;1;13;1;
202300005309;155671128;A01;3;7;2;0;3;14;1;
202300005310;155671127;A01;1;10;0;1;1;1;3;
202300005311;155671125;A01;1;10;15;2;8;19;1;
202300005311;155671126;B01;2;7;0;2;1;1;1;
202300005312;155671124;A01;2;7;0;1;1;1;1;
202300005313;155671123;A01;1;7;13;0;5;14;1;
202300005314;155671122;A01;2;7;13;0;1;13;1;
202300005315;155671121;A01;2;15;0;1;1;1;1;
202300005316;155671119;A01;1;7;0;2;3;13;1;
202300005316;155671120;B01;2;7;0;2;3;1;1;
202300005317;155671117;A01;1;7;0;2;1;9;1;
202300005317;155671118;B01;1;7;0;2;1;1;1;
202300005318;155671116;A01;2;7;0;1;1;1;3;
202300005319;155671115;A01;3;7;0;1;4;4;1;
202300005320;155671113;A01;2;7;0;2;1;15;1;
202300005320;155671114;B01;1;43;0;2;2;1;1;
202300005321;155671111;A01;1;33;11;2;2;17;1;
202300005321;155671112;B01;2;7;0;2;8;1;1;
202300005322;155671109;B01;2;2;0;2;8;1;1;
202300005322;155671110;A01;1;7;0;2;1;15;1;
202300005323;155671108;A01;1;7;11;0;3;1;1;
202300005324;155671107;A01;1;7;7;0;1;6;1;
202300005325;155671105;A01;2;7;0;2;1;2;1;
202300005325;155671106;B01;2;33;0;2;4;2;1;
202300005326;155671103;A01;1;7;0;9;1;1;1;
202300005326;155671104;B01;3;50;0;2;7;19;3;
202300005327;155671099;B01;1;7;0;2;2;1;3;
202300005327;155671100;A01;2;7;0;2;1;1;1;
202300005328;155671097;A01;3;7;0;2;1;13;1;
202300005328;155671098;B01;3;7;0;2;3;1;1;
202300005329;155671096;A01;3;33;0;0;1;26;1;
202300005330;155671094;A01;0;7;0;2;1;2;1;
202300005330;155671095;B01;0;7;0;2;4;2;1;
202300005331;155671093;A01;0;33;0;0;0;1;1;
202300005332;155671091;A01;1;10;0;2;6;9;1;
202300005332;155671092;B01;1;33;0;2;1;1;1;
202300005333;155671090;A01;0;50;0;1;1;1;3;
202300005334;155671088;A01;3;7;0;2;0;0;1;
202300005334;155671089;B01;3;1;0;2;4;15;5;
202300005335;155671087;A01;1;30;14;0;1;5;1;
202300005336;155671086;A01;2;7;6;0;1;14;1;
202300005337;155671084;A01;1;7;0;2;7;15;1;
202300005337;155671085;B01;2;33;0;2;1;1;1;
202300005338;155671082;A01;1;32;0;2;1;1;1;
202300005338;155671083;B01;1;7;0;2;4;1;1;
202300005339;155671080;B01;2;37;0;2;8;1;1;4.0
202300005339;155671081;A01;2;14;0;2;1;1;1;
202300005340;155671077;A01;1;33;0;2;2;14;1;
202300005340;155671078;B01;1;7;0;2;5;2;1;
202300005340;155671079;C01;1;7;0;2;2;2;1;
202300005341;155671075;B01;2;1;1;2;4;1;5;
202300005341;155671076;A01;2;7;0;2;1;1;1;
202300005342;155671073;A01;1;7;0;2;1;1;1;
202300005342;155671074;B01;1;13;0;2;4;26;1;
202300005343;155671072;A01;1;7;0;1;6;16;1;
202300005344;155671070;A01;2;7;0;2;3;1;1;
202300005344;155671071;B01;1;80;0;2;1;1;3;
202300005345;155671068;B01;1;7;0;2;4;23;1;
202300005345;155671069;A01;2;7;0;2;1;1;1;
202300005346;155671066;A01;1;7;0;2;3;10;1;
202300005346;155671067;B01;1;33;0;2;1;1;1;
202300005347;155671065;A01;2;50;0;1;1;1;3;
202300005348;155671063;A01;2;1;0;2;1;2;5;
202300005348;155671064;B01;2;7;0;2;4;23;1;
202300005349;155671061;B01;1;80;0;2;8;1;3;
202300005349;155671062;A01;1;7;0;2;2;15;1;
202300005350;155671060;A01;1;10;0;1;2;15;3;
202300005351;155671058;B01;2;32;0;2;1;1;1;
202300005351;155671059;A01;1;7;0;2;7;15;1;
202300005352;155671056;A01;3;30;0;2;1;2;1;
202300005352;155671057;B01;3;7;0;2;4;2;1;
202300005353;155671055;A01;1;80;12;0;1;14;3;
202300005354;155671053;A01;1;50;0;2;1;2;3;
202300005354;155671054;B01;3;7;0;9;3;2;1;
202300005355;155671051;B01;2;7;0;2;7;17;0;
202300005355;155671052;A01;2;1;0;2;8;13;5;
202300005356;155671050;A01;3;7;0;0;0;1;-1;
202300005357;155671048;A01;1;33;0;2;1;17;1;
202300005357;155671049;B01;1;7;0;2;0;0;1;
202300005358;155671045;E01;2;7;0;2;4;2;1;
202300005358;155671046;A01;2;7;1;2;7;1;1;
202300005358;155671047;B01;2;7;0;2;7;2;1;
202300005359;155671043;A01;1;7;0;2;1;0;1;
202300005359;155671044;B01;3;50;0;2;1;0;3;
202300005360;155671042;A01;2;7;1;0;2;14;1;
202300005361;155671040;A01;1;7;0;2;7;15;1;
202300005361;155671041;B01;1;33;0;2;1;2;1;
202300005362;155671038;A01;3;7;14;0;4;0;1;
202300005362;155671039;B01;3;7;14;0;1;0;0;
202300005363;155671036;B01;1;50;1;0;1;2;3;
202300005363;155671037;A01;1;7;1;0;0;0;1;
202300005364;155671035;A01;3;7;2;0;1;1;2;
202300005365;155671033;A01;2;7;0;2;2;14;1;
202300005365;155671034;B01;2;50;0;2;4;1;3;
202300005366;155671032;A01;1;7;0;1;2;1;1;
202300005367;155671031;A01;3;7;0;1;4;4;1;
202300005368;155671028;A01;2;7;0;2;3;15;1;
202300005368;155671030;B01;2;50;0;2;1;5;3;
202300005369;155671027;B01;2;1;0;2;1;25;5;
202300005369;155671029;A01;2;7;0;2;8;9;1;
202300005370;155671026;A01;3;7;1;0;1;1;1;
202300005371;155671025;A01;1;7;0;1;1;1;1;
202300005372;155671024;A01;1;7;0;1;1;2;1;
202300005373;155671022;A01;1;30;0;2;1;17;1;
202300005373;155671023;B01;1;7;0;2;3;15;1;
202300005374;155671021;A01;1;7;2;0;1;13;1;
202300005375;155671020;A01;2;7;0;1;1;1;1;
202300005376;155671019;A01;2;7;14;0;1;1;1;
202300005377;155671016;A01;3;7;0;2;1;19;1;
202300005377;155671018;B01;3;1;0;2;8;1;5;
202300005378;155671015;B01;0;7;0;2;2;1;3;
202300005378;155671017;A01;-1;2;-1;2;1;-1;1;
202300005379;155671014;A01;1;30;0;0;8;16;1;
202300005380;155671012;B01;2;7;0;2;8;2;1;
202300005380;155671013;A01;2;2;0;2;7;17;1;
202300005381;155671010;A01;1;7;0;2;3;15;1;
202300005381;155671011;B01;2;7;0;2;3;1;1;
202300005382;155671009;A01;3;7;0;1;4;4;1;
202300005383;155671008;Z01;2;30;0;1;8;1;1;
202300005384;155671006;A01;3;10;0;2;1;1;1;
202300005384;155671007;B01;3;1;0;2;7;16;5;
202300005385;155671004;A01;2;50;0;2;1;25;3;
202300005385;155671005;B01;1;7;2;2;1;15;1;
202300005386;155671003;A01;3;33;0;0;9;1;1;
202300005387;155670999;A01;3;34;0;2;2;1;1;
202300005387;155671002;B01;3;7;0;2;8;10;1;
202300005388;155671000;A01;3;1;0;2;1;1;5;
202300005388;155671001;B01;3;1;0;2;1;1;5;
202300005389;155670997;A01;1;7;0;1;1;1;1;
202300005390;155670996;A01;1;33;0;2;2;17;1;
202300005390;155670998;B01;1;7;0;2;6;0;1;
202300005391;155670994;B01;2;7;0;2;2;1;1;
202300005391;155670995;A01;2;7;0;2;3;20;1;
202300005392;155670992;A01;1;32;0;2;8;13;1;
202300005392;155670993;B01;1;7;0;2;2;1;1;
202300005393;155670990;A01;1;7;0;2;0;1;1;
202300005393;155670991;B01;1;1;0;2;2;1;5;
202300005394;155670989;A01;1;10;0;1;4;4;1;
202300005395;155670988;A01;1;7;0;1;1;1;1;
202300005396;155670987;A01;3;10;9;0;1;9;1;
202300005397;155670985;A01;2;7;0;2;2;1;1;
202300005397;155670986;B01;0;50;0;2;1;19;3;
202300005398;155670984;A01;0;31;12;0;1;1;1;
202300005399;155670983;A01;1;7;0;1;8;1;1;
202300005400;155670979;C01;1;10;0;2;4;1;1;
202300005400;155670980;A01;1;7;0;2;3;11;1;
202300005400;155670982;B01;1;33;0;2;2;3;1;
202300005401;155670977;A01;2;7;4;0;1;1;1;
202300005402;155670975;B01;2;7;0;2;3;1;1;
202300005402;155670976;A01;1;15;0;2;8;1;1;
202300005403;155670974;A01;1;2;0;0;8;15;1;
202300005404;155670972;A01;1;7;0;2;3;26;1;
202300005404;155670973;B01;1;1;0;2;1;1;5;
202300005405;155670970;A01;1;7;0;2;1;1;1;
202300005405;155670971;B01;1;7;0;2;4;1;1;
202300005406;155670969;A01;1;2;0;0;0;1;1;
202300005407;155670968;A01;3;7;9;0;3;15;1;
202300005408;155670966;A01;2;7;2;0;2;1;1;
202300005409;155670965;A01;3;33;11;2;1;17;1;
202300005409;155670967;B01;3;7;0;2;1;1;1;
202300005410;155670964;A01;3;7;2;0;4;14;1;
202300005411;155670962;A01;2;37;0;2;3;15;1;1.0
202300005411;155670963;B01;2;7;0;2;8;14;6;