Num_Acc;id_vehicule;num_veh;senc;catv;obs;obsm;choc;manv;motor;occutc
202300005412;155670960;A01;1;7;0;2;1;1;1;
202300005412;155670961;B01;1;7;0;2;4;1;1;
202300005413;155670959;A01;1;7;4;0;3;1;1;
202300005414;155670957;A01;2;2;0;0;8;1;1;
202300005415;155670956;B01;0;7;0;2;1;1;0;
202300005415;155670958;A01;1;50;0;2;7;1;3;
202300005416;155670955;A01;2;7;0;1;2;1;1;
202300005417;155670953;A01;3;10;0;2;1;16;1;
202300005417;155670954;B01;3;7;0;2;4;16;1;
202300005418;155670951;A01;3;30;0;0;8;16;1;
202300005419;155670950;B01;2;7;1;2;7;1;1;
202300005419;155670952;A01;2;10;0;2;1;16;1;
202300005420;155670947;A01;2;37;0;2;2;2;1;1.0
202300005420;155670949;B01;2;1;0;2;0;2;5;
202300005421;155670946;B01;1;1;0;2;1;21;5;
202300005421;155670948;A01;1;10;0;2;5;15;1;
202300005422;155670943;A01;2;7;0;2;1;1;1;
202300005422;155670945;B01;1;10;0;2;4;1;1;
202300005423;155670942;B01;3;7;0;2;1;1;1;
202300005423;155670944;A01;2;50;0;2;7;19;3;
202300005424;155670940;A01;2;37;0;2;0;1;1;1.0
202300005424;155670941;B01;2;1;0;2;8;1;5;
202300005425;155670938;A01;1;7;0;2;3;18;1;
202300005425;155670939;B01;1;7;0;2;7;16;1;
202300005426;155670937;A01;3;7;7;0;8;1;1;
202300005427;155670934;A01;1;7;0;0;0;0;1;
202300005427;155670936;B01;1;7;0;0;0;0;1;
202300005428;155670933;Z01;0;7;0;9;1;9;0;
202300005428;155670935;B01;0;1;0;2;7;1;5;
202300005429;155670932;A01;3;1;0;1;0;0;5;
202300005430;155670929;B01;2;1;0;2;1;1;5;
202300005430;155670931;A01;1;7;0;2;1;5;1;
202300005431;155670928;B01;1;7;0;2;1;1;1;
202300005431;155670930;A01;1;7;0;2;2;15;1;
202300005432;155670925;B01;2;10;0;2;5;15;1;
202300005432;155670926;A01;1;30;0;2;1;1;1;
202300005433;155670924;B01;3;7;0;2;2;1;1;
202300005433;155670927;A01;3;32;0;2;3;13;1;
202300005434;155670922;A01;0;32;0;2;1;1;1;
202300005434;155670923;B01;0;7;0;2;3;1;3;
202300005435;155670920;A01;2;7;0;2;3;16;1;
202300005435;155670921;B01;1;33;0;2;1;1;1;
202300005436;155670919;A01;2;7;9;0;1;15;1;
202300005437;155670916;A01;3;7;0;2;1;9;1;
202300005437;155670918;B01;3;50;0;2;1;9;3;
202300005438;155670915;B01;3;14;0;2;1;1;0;
202300005438;155670917;A01;3;34;0;2;8;19;1;
202300005439;155670913;B01;0;33;0;2;0;1;1;
202300005439;155670914;A01;0;7;0;2;0;11;1;
202300005440;155670910;A01;0;7;0;2;7;0;1;
202300005440;155670912;B01;0;31;0;2;1;1;1;
202300005441;155670909;A01;0;7;0;2;1;1;1;
202300005441;155670911;B01;0;7;0;2;4;1;3;
202300005442;155670905;A01;1;33;0;2;1;15;1;
202300005442;155670908;B01;2;7;0;2;1;1;1;
202300005443;155670902;A01;1;7;0;2;5;12;1;
202300005443;155670904;B01;1;1;0;2;8;1;5;
202300005444;155670901;A01;2;7;0;2;8;15;2;
202300005444;155670903;B01;1;33;0;2;1;1;1;
202300005445;155670899;A01;1;7;0;2;1;1;1;
202300005445;155670900;B01;1;7;0;2;4;1;1;
202300005446;155670896;A01;1;1;0;0;1;1;5;
202300005447;155670897;A01;3;36;0;2;2;17;1;
202300005447;155670898;B01;1;7;0;2;3;15;1;
202300005448;155670895;A01;2;10;0;1;3;1;-1;
202300005449;155670892;Z01;1;7;0;2;1;1;1;
202300005449;155670894;B01;1;7;0;2;1;1;1;
202300005450;155670891;A01;2;7;0;2;2;1;1;
202300005450;155670893;B01;2;2;0;2;1;1;1;
202300005451;155670890;A01;1;7;0;1;1;12;1;
202300005452;155670888;A01;0;7;0;2;1;9;2;
202300005452;155670889;B01;3;50;0;2;1;1;3;
202300005453;155670886;A01;3;7;0;2;6;10;1;
202300005453;155670887;B01;3;33;0;2;1;2;1;
202300005454;155670885;A01;2;7;7;0;1;0;1;
202300005455;155670883;A01;2;7;1;0;2;0;1;
202300005456;155670881;C01;2;7;0;2;8;0;0;
202300005456;155670882;B01;2;7;0;2;5;0;0;
202300005456;155670884;A01;2;7;0;2;3;0;0;
202300005457;155670880;A01;1;30;0;1;0;0;1;
202300005458;155670878;B01;1;7;0;2;4;2;0;
202300005458;155670879;A01;1;7;0;2;1;2;0;
202300005459;155670876;Z01;2;7;0;2;8;1;0;
202300005459;155670877;B01;2;32;0;2;7;1;1;
202300005460;155670875;A01;1;10;0;1;3;1;1;
202300005461;155670872;A01;3;7;0;2;2;1;1;
202300005461;155670874;B01;3;15;0;2;3;1;1;
202300005462;155670871;B01;1;7;0;2;1;9;1;
202300005462;155670873;A01;1;7;0;2;1;13;1;
202300005463;155670869;A01;1;10;0;2;3;24;1;
202300005463;155670870;B01;1;50;1;0;8;21;3;
202300005464;155670867;A01;1;10;0;2;1;2;1;
202300005464;155670868;B01;1;7;0;2;4;1;1;
202300005465;155670866;A01;1;3;8;0;1;26;1;
202300005466;155670865;A01;1;7;13;0;3;13;1;
202300005467;155670863;A01;2;7;0;2;3;11;1;
202300005467;155670864;B01;2;32;0;2;8;3;1;
202300005468;155670861;B01;2;7;0;2;8;15;1;
202300005468;155670862;A01;2;32;0;2;2;17;1;
202300005469;155670859;A01;2;7;0;2;3;9;1;
202300005469;155670860;B01;2;33;0;2;1;1;1;
202300005470;155670857;A01;1;7;0;2;2;12;1;
202300005470;155670858;B01;3;1;0;2;3;1;5;
202300005471;155670855;B01;2;80;0;2;1;1;3;
202300005471;155670856;A01;1;50;0;2;1;13;3;
202300005472;155670854;A01;2;7;0;1;7;1;2;
202300005473;155670852;A01;3;60;0;2;1;19;5;
202300005473;155670853;B01;1;7;0;2;3;1;1;
202300005474;155670851;A01;1;31;0;1;1;1;1;
202300005475;155670850;A01;2;7;0;1;2;1;1;
202300005476;155670848;B01;2;50;0;2;1;17;3;
202300005476;155670849;A01;2;80;0;2;1;15;3;
202300005477;155670847;A01;1;7;12;0;0;13;1;
202300005478;155670846;A01;1;1;0;0;0;15;5;
202300005479;155670844;A01;1;7;0;2;8;1;1;
202300005479;155670845;B01;2;32;0;2;8;15;1;
202300005480;155670843;A01;2;7;0;1;1;1;1;
202300005481;155670842;A01;1;1;0;0;1;1;5;
202300005482;155670841;A01;1;1;0;0;8;13;5;
202300005483;155670839;A01;1;32;0;2;8;18;1;
202300005483;155670840;B01;1;7;0;2;5;23;2;
202300005484;155670836;A01;1;10;0;2;1;2;1;
202300005484;155670837;B01;1;7;0;2;4;2;1;
202300005484;155670838;C01;1;7;0;2;4;2;1;
202300005485;155670834;A01;1;7;0;2;5;15;1;
202300005485;155670835;B01;2;2;0;2;1;1;1;
202300005486;155670833;A01;2;7;1;0;2;14;0;
202300005487;155670831;A01;3;7;0;2;1;15;1;
202300005487;155670832;B01;3;2;0;2;0;0;1;
202300005488;155670829;A01;3;33;0;2;4;26;1;
202300005488;155670830;B01;3;7;0;2;1;1;1;
202300005489;155670827;A01;1;7;0;2;3;11;1;
202300005489;155670828;B01;1;32;0;2;2;1;1;
202300005490;155670825;B01;0;1;0;2;1;9;5;
202300005490;155670826;A01;3;7;0;2;0;0;1;
202300005491;155670823;A01;2;10;0;2;4;1;1;
202300005491;155670824;B01;2;33;0;2;1;11;1;
202300005492;155670821;B01;3;10;0;2;7;15;0;
202300005492;155670822;A01;1;30;0;2;1;1;1;
202300005493;155670819;B01;0;40;0;2;1;1;0;
202300005493;155670820;A01;0;3;0;4;8;15;1;
202300005494;155670817;A01;0;7;0;2;3;13;1;
202300005494;155670818;B01;0;33;0;2;1;17;1;
202300005495;155670815;A01;0;7;0;2;3;1;0;
202300005495;155670816;B01;0;7;0;0;0;15;0;
202300005496;155670812;A01;2;7;0;2;2;15;1;
202300005496;155670813;B01;1;7;0;2;1;2;0;
202300005496;155670814;C01;1;2;0;2;3;1;0;
202300005497;155670811;A01;2;7;0;1;5;1;0;
202300005498;155670809;A01;1;7;0;2;3;9;1;
202300005498;155670810;B01;1;1;0;2;1;1;5;
202300005499;155670808;A01;1;30;1;0;2;1;1;
202300005500;155670807;A01;1;7;0;1;1;1;2;
202300005501;155670805;B01;2;32;0;9;3;1;1;
202300005501;155670806;A01;0;80;0;2;1;19;3;
202300005502;155670803;A01;1;50;0;2;0;0;3;
202300005502;155670804;Z01;1;0;0;2;0;0;0;
202300005503;155670801;A01;2;14;0;2;4;1;1;
202300005503;155670802;B01;2;30;0;2;4;1;1;
202300005504;155670800;A01;1;7;0;1;2;1;1;
202300005505;155670799;A01;1;7;0;1;1;15;1;
202300005506;155670797;A01;3;7;0;2;3;9;0;
202300005506;155670798;B01;3;2;0;2;5;2;0;
202300005507;155670796;A01;1;7;2;0;1;1;1;
202300005508;155670795;A01;3;50;0;1;1;18;3;
202300005509;155670793;B01;0;80;0;2;8;0;3;
202300005509;155670794;A01;0;10;0;2;7;0;1;
202300005510;155670789;A01;2;7;0;2;1;1;0;
202300005510;155670790;B01;2;7;0;2;4;2;0;
202300005510;155670791;C01;2;7;0;2;4;2;0;
202300005510;155670792;D01;2;7;0;0;4;2;0;
202300005511;155670787;A01;2;1;0;2;1;5;5;
202300005511;155670788;B01;1;7;0;2;5;2;0;
202300005512;155670785;A01;3;7;0;2;3;19;1;
202300005512;155670786;B01;2;7;13;2;1;1;1;
202300005513;155670783;A01;2;7;0;0;7;11;1;
202300005513;155670784;B01;2;7;0;0;3;15;1;
202300005514;155670781;B01;3;7;0;2;2;1;1;
202300005514;155670782;A01;3;10;0;2;2;1;1;
202300005515;155670780;A01;3;7;2;0;9;1;1;
202300005516;155670779;A01;3;2;7;0;1;1;1;
202300005517;155670778;A01;2;7;6;0;1;13;2;
202300005518;155670777;A01;0;7;0;1;4;4;1;
202300005519;155670776;A01;2;7;2;0;3;13;1;
202300005520;155670775;A01;1;7;13;0;3;2;3;
202300005521;155670772;A01;2;2;0;2;1;1;1;
202300005521;155670773;B01;1;3;0;9;1;11;1;
202300005522;155670771;A01;2;2;0;0;7;1;1;
202300005523;155670768;A01;2;7;0;2;3;13;1;
202300005523;155670769;B01;1;7;0;2;3;1;1;
202300005524;155670770;A01;1;7;0;2;2;1;1;
202300005524;155670774;B01;1;1;0;2;8;19;5;
202300005525;155670766;A01;0;7;0;2;2;4;1;
202300005525;155670767;B01;2;2;0;2;7;1;1;
202300005526;155670764;A01;1;2;12;0;1;14;1;
202300005527;155670762;A01;1;7;13;0;1;1;1;
202300005528;155670761;A01;1;7;6;0;1;1;1;
202300005529;155670763;B01;3;2;0;2;1;1;1;
202300005529;155670765;A01;3;7;0;2;5;15;1;
202300005530;155670758;A01;2;2;0;0;0;1;3;
202300005531;155670757;A01;1;7;15;0;1;1;1;
202300005532;155670754;A01;1;7;0;2;1;5;1;
202300005532;155670755;B01;2;7;0;2;1;1;1;
202300005533;155670751;B01;1;7;14;9;1;21;1;
202300005533;155670752;A01;2;7;2;0;7;0;1;
202300005534;155670753;B01;3;7;0;2;3;1;1;
202300005534;155670756;A01;3;7;0;2;3;15;1;
202300005535;155670749;A01;2;21;0;2;8;9;1;
202300005535;155670750;B01;1;7;0;9;1;1;1;
202300005536;155670747;A01;0;2;0;0;0;10;1;
202300005537;155670748;A01;1;99;2;0;3;14;1;
202300005538;155670746;A01;1;7;0;1;2;1;1;
202300005539;155670744;A01;2;7;0;1;1;1;0;
202300005540;155670743;A01;2;33;0;2;1;17;1;
202300005540;155670745;B01;2;7;0;2;1;16;1;
202300005541;155670739;B01;2;7;0;2;1;1;1;
202300005541;155670741;A01;2;7;0;0;8;9;1;
202300005542;155670740;A01;1;7;0;2;6;2;0;
202300005542;155670742;B01;1;7;0;2;2;2;0;
202300005543;155670736;B01;2;7;0;2;1;1;1;
202300005543;155670738;A01;1;7;0;2;1;5;1;
202300005544;155670734;B01;2;10;0;2;3;1;1;
202300005544;155670735;A01;2;10;0;2;3;13;1;
202300005545;155670731;A01;1;7;0;2;6;1;1;
202300005545;155670733;B01;1;1;0;2;1;1;5;
202300005546;155670732;A01;0;7;0;2;1;1;1;
202300005546;155670737;B01;3;7;0;2;2;1;1;
202300005547;155670729;A01;1;7;0;2;1;1;1;
202300005547;155670730;B01;2;7;0;2;2;5;1;
202300005548;155670728;A01;2;2;8;0;8;14;1;
202300005549;155670725;B01;2;14;0;0;8;1;1;
202300005549;155670726;A01;1;7;2;2;8;13;1;
202300005550;155670723;A01;2;7;3;0;8;0;1;
202300005551;155670720;A01;2;7;0;2;3;9;1;
202300005551;155670721;B01;2;2;0;2;1;1;1;
202300005552;155670719;A01;1;10;0;2;1;1;1;
202300005552;155670722;B01;1;7;0;2;7;12;1;
202300005553;155670717;A01;2;10;0;2;1;2;1;
202300005553;155670718;B01;2;7;0;2;4;2;1;
202300005554;155670716;A01;1;7;0;1;1;1;0;
202300005555;155670715;A01;2;7;13;0;7;1;1;
202300005556;155670713;A01;3;7;0;2;5;15;1;
202300005556;155670714;B01;2;30;0;2;1;1;1;
202300005557;155670711;B01;2;7;0;2;1;2;1;
202300005557;155670712;A01;2;7;0;0;4;1;1;
202300005558;155670710;A01;1;7;3;0;9;1;1;
202300005559;155670709;A01;2;7;6;0;1;1;1;
202300005560;155670708;A01;1;7;10;0;2;14;1;
202300005561;155670706;A01;2;7;4;0;3;1;1;
202300005562;155670705;A01;1;10;0;2;2;17;1;
202300005562;155670707;B01;1;1;0;2;8;1;5;
202300005563;155670701;C01;2;7;0;0;4;2;1;
202300005563;155670703;A01;2;7;0;2;1;2;1;
202300005563;155670704;B01;2;7;0;2;4;2;1;
202300005564;155670699;A01;1;7;11;0;1;1;1;
202300005565;155670697;A01;2;7;9;0;3;1;1;
202300005566;155670695;A01;1;7;0;2;1;15;1;
202300005566;155670696;B01;2;33;0;2;1;1;1;
202300005567;155670694;B01;1;7;0;2;1;1;1;
202300005567;155670698;A01;2;7;0;2;1;13;1;
202300005568;155670691;A01;1;7;0;1;4;26;1;
202300005569;155670689;A01;1;50;0;2;1;0;3;
202300005569;155670690;B01;1;33;0;2;1;21;1;
202300005570;155670686;A01;1;7;0;2;1;1;2;
202300005570;155670688;B01;2;7;0;2;1;13;1;
202300005571;155670687;A01;3;7;1;0;1;1;1;
202300005572;155670684;A01;1;7;0;0;4;15;1;
202300005572;155670685;B01;1;33;0;2;1;1;1;
202300005573;155670679;A01;1;7;0;2;5;17;1;
202300005573;155670681;B01;1;2;0;2;8;1;1;
202300005574;155670676;A01;2;33;0;2;1;3;1;
202300005574;155670677;B01;2;7;0;2;5;12;1;
202300005575;155670672;A01;1;7;0;2;2;2;1;
202300005575;155670674;B01;1;7;0;2;4;2;1;
202300005575;155670675;C01;1;10;0;2;4;2;1;
202300005576;155670671;A01;2;10;4;0;3;13;1;
202300005577;155670667;A01;1;7;0;2;1;2;1;
202300005577;155670668;B01;1;7;0;2;4;2;1;
202300005577;155670669;C01;1;7;0;2;4;2;1;
202300005578;155670664;A01;2;10;0;2;7;11;1;
202300005578;155670665;B01;2;32;0;2;7;3;1;
202300005579;155670662;B01;0;7;0;2;1;1;1;
202300005579;155670666;A01;0;7;0;2;1;13;1;
202300005580;155670661;A01;2;7;0;2;4;2;1;
202300005580;155670663;B01;2;33;0;2;1;1;1;
202300005581;155670658;C01;2;7;0;2;0;0;1;
202300005581;155670659;A01;2;34;0;2;0;3;1;
202300005581;155670660;B01;2;7;0;2;0;0;1;
202300005582;155670656;A01;1;7;0;1;1;1;1;
202300005583;155670655;A01;1;7;0;2;3;1;1;
202300005583;155670657;B01;1;7;0;2;5;14;1;
202300005584;155670654;A01;2;33;0;0;8;1;1;
202300005585;155670653;A01;2;7;0;2;0;1;1;
202300005586;155670651;B01;2;7;0;2;6;1;1;
202300005586;155670652;A01;2;15;0;2;1;12;1;
202300005587;155670649;A01;2;10;15;2;1;17;1;
202300005587;155670650;B01;2;10;0;2;3;15;2;
202300005588;155670647;A01;1;1;0;1;0;0;5;
202300005589;155670646;B01;1;1;0;2;8;1;5;
202300005589;155670648;A01;2;7;0;2;1;15;1;
202300005590;155670645;A01;2;7;0;1;1;1;1;
202300005591;155670642;A01;2;2;0;2;1;18;1;
202300005591;155670644;B01;1;7;0;9;7;15;1;
202300005592;155670643;A01;3;7;0;1;0;0;0;
202300005593;155670641;A01;1;7;0;1;4;4;0;
202300005594;155670640;A01;1;7;0;1;1;1;6;
202300005595;155670636;A01;1;32;0;2;1;15;1;
202300005595;155670637;B01;2;7;0;2;8;1;1;
202300005595;155670638;C01;3;7;0;2;1;1;1;
202300005596;155670634;A01;2;7;9;0;1;1;1;
202300005597;155670633;A01;3;30;0;2;1;15;0;
202300005597;155670635;B01;3;7;0;2;8;15;0;
202300005598;155670631;A01;1;2;0;2;8;18;1;
202300005598;155670632;B01;1;7;0;2;7;1;1;
202300005599;155670630;A01;2;7;0;0;1;14;1;
202300005600;155670627;A01;1;7;0;2;1;1;1;
202300005600;155670629;B01;2;10;0;2;1;1;1;
202300005601;155670628;A01;0;7;8;0;1;26;1;
202300005602;155670625;A01;2;7;0;2;2;1;1;
202300005602;155670626;B01;2;10;0;2;8;16;1;
202300005603;155670622;B01;1;7;0;2;3;9;1;
202300005603;155670623;A01;1;10;0;2;1;1;1;
202300005604;155670618;B01;1;10;0;2;2;1;0;
202300005604;155670619;A01;1;7;0;2;4;0;0;
202300005605;155670616;A01;3;10;0;1;2;1;1;
202300005606;155670617;Z01;2;7;7;2;1;26;1;
202300005606;155670620;B01;2;7;8;2;4;1;1;
202300005606;155670621;C01;2;7;0;2;4;1;1;
202300005607;155670614;A01;2;7;1;2;3;20;1;
202300005607;155670615;B01;2;7;0;2;2;1;1;
202300005608;155670613;A01;1;33;0;0;0;1;1;
202300005609;155670611;B01;2;7;0;2;3;9;0;
202300005609;155670612;A01;2;7;0;2;2;1;0;
202300005610;155670607;A01;2;7;0;2;8;24;1;
202300005610;155670608;B01;2;1;0;2;1;1;5;
202300005611;155670604;A01;2;10;0;2;2;15;1;
202300005611;155670605;B01;1;31;0;2;1;1;1;
202300005612;155670603;A01;1;7;1;0;1;1;1;
202300005613;155670600;B01;2;10;0;2;1;1;1;
202300005613;155670602;A01;1;7;0;2;7;13;1;
202300005614;155670598;B01;2;7;0;2;2;1;1;
202300005614;155670599;A01;0;7;1;2;8;9;1;
202300005615;155670601;A01;2;7;0;1;1;1;1;
202300005616;155670597;A01;1;7;0;1;3;1;1;
202300005617;155670595;A01;2;30;12;0;7;1;1;
202300005618;155670594;A01;2;7;16;0;0;0;1;
202300005618;155670596;B01;2;1;1;0;2;14;5;
202300005619;155670592;A01;2;7;0;1;1;1;0;
202300005620;155670591;Z01;0;0;0;9;0;0;0;
202300005620;155670593;A01;0;1;0;2;0;0;5;
202300005621;155670587;B01;3;50;0;2;1;1;3;
202300005621;155670588;A01;3;37;0;2;2;15;1;1.0
202300005622;155670582;A01;3;31;0;2;7;18;1;
202300005622;155670584;B01;3;14;0;2;0;1;1;
202300005623;155670577;A01;1;13;0;1;2;26;1;
202300005624;155670578;B01;3;7;0;2;5;1;1;
202300005624;155670579;A01;2;30;0;2;1;1;1;
202300005625;155670576;A01;1;7;0;1;1;1;1;
202300005626;155670573;A01;2;7;0;9;2;16;1;
202300005626;155670575;B01;1;50;0;2;8;19;3;
202300005627;155670574;A01;3;7;0;1;0;1;1;
202300005628;155670569;B01;0;7;0;2;1;1;1;
202300005628;155670571;A01;0;7;0;2;3;1;1;
202300005629;155670567;A01;3;7;0;2;3;10;0;
202300005629;155670568;B01;3;31;0;2;1;1;0;
202300005630;155670566;A01;2;80;0;0;1;1;3;
202300005631;155670565;A01;3;7;0;1;1;15;1;
202300005632;155670564;A01;0;37;0;1;7;0;0;1.0
202300005633;155670563;A01;3;7;13;0;2;1;1;
202300005634;155670560;A01;1;37;0;2;3;1;1;1.0
202300005634;155670561;B01;2;1;0;2;0;5;5;
202300005635;155670559;A01;1;3;0;1;1;16;0;
202300005636;155670558;B01;2;15;0;2;3;21;1;
202300005636;155670562;A01;1;7;0;2;3;13;1;
202300005637;155670556;A01;1;1;0;2;1;13;5;
202300005637;155670557;B01;1;7;0;2;4;1;1;
202300005638;155670553;B01;1;31;0;2;8;1;1;
202300005638;155670555;A01;3;7;0;2;3;15;1;
202300005639;155670554;A01;2;17;0;1;3;1;1;
202300005640;155670552;A01;1;7;0;1;3;15;1;
202300005641;155670549;A01;1;10;0;2;1;1;1;
202300005641;155670551;B01;1;7;0;2;4;1;1;
202300005642;155670548;A01;1;7;0;1;1;1;1;
202300005643;155670547;A01;3;7;0;2;1;15;1;
202300005643;155670550;B01;3;7;0;2;0;1;1;
202300005644;155670545;A01;1;7;0;2;1;15;1;
202300005644;155670546;B01;1;2;0;2;1;2;1;
202300005645;155670542;A01;1;10;0;1;2;1;1;
202300005646;155670543;B01;3;50;0;2;5;26;3;
202300005646;155670544;A01;3;7;0;9;3;9;1;
202300005647;155670538;B01;1;30;0;2;1;1;1;
202300005647;155670539;Z01;1;7;0;2;3;9;1;
202300005648;155670540;B01;3;7;0;2;8;2;1;
202300005648;155670541;A01;3;32;0;2;2;2;1;
202300005649;155670536;A01;2;7;0;2;0;1;1;
202300005649;155670537;B01;3;50;0;2;0;19;3;
202300005650;155670534;A01;3;7;0;1;1;1;1;
202300005651;155670535;A01;1;33;0;0;0;1;1;
202300005652;155670532;A01;2;7;0;2;8;11;1;
202300005652;155670533;B01;2;31;0;2;2;3;1;
202300005653;155670530;A01;2;7;0;2;1;2;1;
202300005653;155670531;B01;2;7;0;2;4;2;1;
202300005654;155670528;A01;1;33;0;2;1;3;1;
202300005654;155670529;B01;1;7;0;2;5;11;2;
202300005655;155670526;A01;2;37;0;2;2;1;1;2.0
202300005655;155670527;B01;2;10;0;2;4;16;1;
202300005656;155670524;A01;2;30;0;2;1;1;1;
202300005656;155670525;B01;2;7;0;2;4;1;1;
202300005657;155670522;A01;2;1;0;2;1;19;5;
202300005657;155670523;B01;2;7;0;2;3;1;1;
202300005658;155670521;A01;2;7;0;1;1;1;2;
202300005659;155670520;A01;1;30;0;0;0;1;3;
202300005660;155670519;A01;1;7;0;1;1;1;1;
202300005661;155670518;A01;3;50;0;0;1;17;3;
202300005662;155670516;B01;3;1;0;2;3;19;5;
202300005662;155670517;A01;3;7;0;2;1;1;1;
202300005663;155670514;B01;1;32;0;2;1;1;1;
202300005663;155670515;A01;2;7;0;2;2;15;1;
202300005664;155670513;A01;3;2;0;0;0;1;1;
202300005665;155670512;A01;1;7;0;1;1;1;1;
202300005666;155670510;A01;2;7;0;2;8;22;1;
202300005666;155670511;B01;2;1;0;2;1;1;5;
202300005667;155670509;A01;2;13;0;1;8;4;1;
202300005668;155670508;A01;2;10;0;1;1;15;1;
202300005669;155670506;A01;2;7;0;2;1;15;1;
202300005669;155670507;B01;1;32;0;2;1;1;1;
202300005670;155670505;A01;2;7;0;1;1;1;0;
202300005671;155670503;A01;1;31;0;2;1;21;1;
202300005671;155670504;B01;2;7;0;2;3;23;1;
202300005672;155670501;A01;2;10;0;2;1;15;1;
202300005672;155670502;B01;1;10;0;2;1;1;1;
202300005673;155670499;A01;0;2;0;2;2;26;1;
202300005673;155670500;B01;0;7;0;2;2;15;1;
202300005674;155670497;A01;2;32;0;2;7;3;1;
202300005674;155670498;B01;2;10;0;2;1;15;1;
202300005675;155670495;B01;0;50;0;0;0;0;3;
202300005675;155670496;A01;1;37;0;2;7;17;1;1.0
202300005676;155670494;A01;0;43;0;1;8;1;1;
202300005677;155670493;A01;3;7;0;1;7;15;0;
202300005678;155670491;A01;0;40;0;2;3;19;0;
202300005678;155670492;B01;0;7;0;4;2;19;1;
202300005679;155670489;B01;1;7;0;2;1;1;0;
202300005679;155670490;A01;1;10;0;2;2;1;0;
202300005680;155670487;B01;2;1;0;2;1;1;5;
202300005680;155670488;A01;1;10;0;9;1;15;1;
202300005681;155670485;B01;1;32;0;0;0;1;0;
202300005681;155670486;A01;1;7;0;0;8;9;1;
202300005682;155670483;A01;1;7;0;9;8;23;1;
202300005682;155670484;B01;1;1;1;0;2;17;5;
202300005683;155670481;A01;1;7;0;2;3;19;0;
202300005683;155670482;B01;2;50;0;2;2;1;3;
202300005684;155670479;B01;2;1;0;2;2;1;5;
202300005684;155670480;A01;2;7;0;9;2;16;1;
202300005685;155670477;B01;3;1;1;0;1;22;5;
202300005685;155670478;A01;3;10;0;2;3;24;1;
202300005686;155670475;A01;2;30;0;2;1;1;1;
202300005686;155670476;B01;2;7;0;2;8;15;1;
202300005687;155670473;A01;3;7;1;0;3;10;1;
202300005687;155670474;B01;3;60;1;2;1;1;5;
202300005688;155670472;A01;3;7;0;1;1;1;2;
202300005689;155670471;A01;2;7;0;1;3;1;1;
202300005690;155670470;A01;1;7;16;0;0;2;1;
202300005691;155670468;B01;2;13;0;0;1;0;1;
202300005691;155670469;A01;2;99;0;2;2;13;1;
202300005692;155670466;B01;2;17;0;2;4;2;1;
202300005692;155670467;A01;2;10;0;2;1;2;1;
202300005693;155670465;A01;1;7;4;0;2;17;1;
202300005694;155670464;A01;2;31;5;0;1;26;1;
202300005695;155670462;B01;1;7;0;2;1;1;0;
202300005695;155670463;A01;1;1;0;0;4;1;5;
202300005696;155670460;A01;1;2;0;2;1;2;1;
202300005696;155670461;B01;1;2;0;0;4;2;1;
202300005697;155670459;A01;1;33;2;0;1;0;1;
202300005698;155670457;A01;2;7;13;0;2;0;1;
202300005699;155670455;A01;1;7;0;2;1;13;1;
202300005699;155670456;B01;2;21;0;2;3;1;1;
202300005700;155670453;A01;2;7;0;2;3;1;1;
202300005700;155670454;B01;1;10;0;2;1;15;1;
202300005701;155670451;A01;1;7;0;2;3;15;1;
202300005701;155670452;B01;1;21;0;0;6;16;1;
202300005702;155670449;A01;1;7;0;2;3;13;1;
202300005702;155670450;B01;2;10;0;2;1;1;1;
202300005703;155670447;A01;2;7;12;2;1;1;1;
202300005703;155670448;B01;1;7;0;2;1;1;1;
202300005704;155670446;A01;1;7;0;0;9;1;1;
202300005705;155670444;B01;3;7;0;2;1;23;1;
202300005705;155670445;A01;3;2;0;2;7;1;1;
202300005706;155670442;A01;1;7;0;2;3;19;1;
202300005706;155670443;B01;2;2;0;2;1;1;1;
202300005707;155670441;A01;2;7;2;0;3;13;1;
202300005708;155670440;A01;2;33;0;0;9;1;1;
202300005709;155670439;A01;0;7;0;1;0;0;0;
202300005710;155670438;A01;3;7;1;0;1;0;1;
202300005711;155670436;A01;1;7;0;2;1;1;1;
202300005711;155670437;B01;2;13;0;2;1;1;1;
202300005712;155670434;A01;1;7;0;9;2;1;1;
202300005712;155670435;B01;1;1;0;0;4;1;5;
202300005713;155670433;A01;1;7;0;1;2;1;0;
202300005714;155670431;A01;2;7;0;2;2;2;1;
202300005714;155670432;B01;2;7;0;2;6;2;1;
202300005715;155670429;A01;2;7;2;0;1;6;0;
202300005716;155670427;A01;1;43;3;2;1;1;1;
202300005716;155670428;B01;1;15;0;2;6;1;1;
202300005717;155670424;B01;1;7;0;2;5;2;1;
202300005717;155670425;C01;1;7;0;2;2;2;1;
202300005717;155670426;A01;1;7;0;6;3;0;1;
202300005718;155670423;A01;1;7;4;0;1;21;1;
202300005719;155670422;A01;2;7;3;0;9;1;1;
202300005720;155670421;A01;2;7;4;0;2;1;1;
202300005721;155670420;A01;3;31;0;0;0;21;1;
202300005722;155670417;A01;1;7;4;2;1;17;1;
202300005722;155670418;B01;1;7;0;2;8;1;1;
202300005722;155670419;C01;1;7;0;2;1;1;1;
202300005723;155670415;A01;2;7;0;2;8;11;1;
202300005723;155670416;B01;2;7;0;2;7;1;1;