Num_Acc;id_vehicule;num_veh;senc;catv;obs;obsm;choc;manv;motor;occutc
202300005724;155670414;A01;0;99;8;0;1;0;1;
202300005725;155670412;A01;1;7;0;2;1;0;1;
202300005725;155670413;B01;2;10;0;2;1;1;1;
202300005726;155670411;A01;2;7;2;0;0;0;1;
202300005727;155670409;B01;1;7;0;2;3;15;1;
202300005727;155670410;A01;2;31;0;2;2;17;1;
202300005728;155670406;A01;1;7;2;0;0;1;1;
202300005729;155670404;A01;1;7;0;2;2;15;1;
202300005729;155670405;B01;2;33;0;2;1;1;1;
202300005730;155670402;A01;2;15;0;2;1;1;1;
202300005730;155670403;B01;2;2;0;2;4;1;1;
202300005731;155670400;A01;1;2;0;2;1;1;1;
202300005731;155670401;B01;3;7;0;2;3;20;1;
202300005732;155670398;B01;2;1;13;2;7;19;5;
202300005732;155670399;A01;2;7;0;9;1;1;1;
202300005733;155670394;B01;2;7;0;2;3;21;0;
202300005733;155670395;A01;2;7;0;2;1;5;1;
202300005733;155670396;C01;1;7;0;2;1;21;0;
202300005733;155670397;D01;1;7;0;2;3;21;0;
202300005734;155670393;A01;2;7;0;1;2;1;1;
202300005735;155670391;B01;1;7;0;2;3;1;1;
202300005735;155670392;A01;2;7;0;2;3;13;1;
202300005736;155670388;C01;1;7;0;2;8;13;1;
202300005736;155670389;A01;1;7;3;0;3;1;1;
202300005736;155670390;B01;1;7;0;2;2;3;1;
202300005737;155670387;A01;1;7;4;0;3;13;0;
202300005738;155670384;A01;2;7;0;2;1;2;0;
202300005738;155670385;B01;2;7;0;2;1;2;0;
202300005738;155670386;C01;2;7;0;0;0;0;0;
202300005739;155670381;A01;2;7;0;2;1;2;1;
202300005739;155670382;B01;2;7;0;2;4;2;1;
202300005739;155670383;C01;2;7;0;2;4;2;1;
202300005740;155670379;A01;1;7;0;2;1;2;1;
202300005740;155670380;B01;1;7;0;2;4;2;1;
202300005741;155670377;A01;2;7;0;2;5;12;1;
202300005741;155670378;B01;2;33;0;2;1;3;0;
202300005742;155670374;A01;2;7;0;2;1;1;1;
202300005742;155670375;B01;2;7;0;2;4;1;1;
202300005742;155670376;C01;2;7;0;2;4;1;1;
202300005743;155670373;A01;2;7;3;0;9;1;1;
202300005744;155670372;A01;1;7;4;0;3;26;1;
202300005745;155670370;B01;2;32;0;2;0;0;1;
202300005745;155670371;Z01;2;0;0;0;0;0;0;
202300005746;155670369;A01;1;7;3;0;3;0;1;
202300005747;155670366;A01;2;10;0;2;3;1;1;
202300005747;155670367;B01;2;7;0;2;6;23;1;
202300005747;155670368;C01;2;7;0;2;5;2;1;
202300005748;155670363;B01;1;7;0;2;4;1;1;
202300005748;155670364;A01;1;7;0;2;1;1;1;
202300005748;155670365;C01;1;7;0;2;4;0;1;
202300005749;155670361;B01;2;7;0;0;4;2;1;
202300005749;155670362;A01;2;10;0;2;1;2;1;
202300005750;155670359;A01;3;15;0;0;6;24;0;
202300005750;155670360;B01;3;80;1;0;1;0;3;
202300005751;155670357;A01;1;1;0;2;7;1;5;
202300005751;155670358;B01;1;7;0;9;1;2;1;
202300005752;155670355;A01;1;7;0;2;1;5;1;
202300005752;155670356;B01;2;7;0;2;1;1;1;
202300005753;155670352;A01;1;10;0;2;1;2;1;
202300005753;155670353;B01;1;7;0;0;4;2;1;
202300005753;155670354;C01;1;7;0;0;4;2;1;
202300005754;155670350;A01;0;33;0;2;1;19;0;
202300005754;155670351;B01;1;7;0;2;8;19;1;
202300005755;155670348;B01;3;99;0;2;3;19;1;
202300005755;155670349;A01;3;10;0;2;1;1;1;
202300005756;155670346;Z01;3;7;0;2;1;0;0;
202300005756;155670347;A01;3;2;0;2;0;0;0;
202300005757;155670344;A01;1;2;0;2;1;2;0;
202300005757;155670345;B01;1;7;0;2;4;1;0;
202300005758;155670342;A01;1;7;0;2;4;20;1;
202300005758;155670343;B01;1;2;0;2;1;1;1;
202300005759;155670340;B01;2;50;0;2;7;2;3;
202300005759;155670341;A01;2;7;0;2;8;10;1;
202300005760;155670339;A01;1;7;5;0;3;16;1;
202300005761;155670335;B01;0;7;0;2;5;9;0;
202300005761;155670336;A01;3;7;0;2;3;1;0;
202300005762;155670334;A01;1;7;0;1;2;1;1;
202300005763;155670333;A01;2;7;2;0;2;14;1;
202300005764;155670331;A01;1;2;0;2;8;2;1;
202300005764;155670332;B01;1;2;0;2;7;2;1;
202300005765;155670330;A01;2;7;0;1;1;1;1;
202300005766;155670327;A01;2;7;1;0;2;14;2;
202300005766;155670328;B01;3;7;0;2;2;23;1;
202300005767;155670325;A01;1;7;0;2;3;13;1;
202300005767;155670326;B01;2;7;0;2;3;1;1;
202300005768;155670323;A01;0;7;0;2;1;1;1;
202300005768;155670324;B01;1;7;0;2;1;1;1;
202300005769;155670321;A01;1;7;0;2;1;1;1;
202300005769;155670322;B01;2;33;0;2;1;13;1;
202300005770;155670319;B01;3;7;0;2;1;1;1;
202300005770;155670320;A01;3;7;0;2;2;12;1;
202300005771;155670317;A01;2;7;0;2;7;17;1;
202300005771;155670318;B01;2;7;0;2;3;2;1;
202300005772;155670315;B01;1;1;0;2;1;15;5;
202300005772;155670316;A01;2;7;0;2;3;9;1;
202300005773;155670313;A01;2;50;0;2;1;1;3;
202300005773;155670314;B01;2;7;14;9;3;16;1;
202300005774;155670312;A01;2;2;0;0;0;26;1;
202300005775;155670311;A01;1;7;3;0;2;1;1;
202300005776;155670310;A01;3;1;0;1;1;1;5;
202300005777;155670309;A01;2;7;12;0;2;13;1;
202300005778;155670307;B01;2;1;0;2;2;1;5;
202300005778;155670308;A01;1;7;0;2;3;9;1;
202300005779;155670306;A01;2;7;0;1;2;9;1;
202300005780;155670305;A01;1;7;8;0;2;1;1;
202300005781;155670302;A01;3;7;0;1;3;1;1;
202300005782;155670300;A01;3;1;0;2;1;16;5;
202300005782;155670301;B01;3;7;0;2;3;1;1;
202300005783;155670298;A01;2;7;0;2;1;0;1;
202300005783;155670299;B01;1;7;0;2;1;0;1;
202300005784;155670297;A01;1;7;0;0;2;1;1;
202300005785;155670296;A01;3;7;0;0;0;13;1;
202300005786;155670293;A01;2;7;9;0;2;14;0;
202300005787;155670290;A01;3;7;0;2;2;15;0;
202300005787;155670291;B01;3;33;0;2;0;1;1;
202300005787;155670292;C01;0;7;0;2;1;1;1;
202300005788;155670288;A01;1;7;0;2;7;15;1;
202300005788;155670289;B01;2;33;0;2;1;1;1;
202300005789;155670286;A01;2;30;0;2;1;1;1;
202300005789;155670287;B01;1;7;0;2;7;15;1;
202300005790;155670285;A01;1;30;0;1;1;1;3;
202300005791;155670283;A01;2;7;0;2;1;5;1;
202300005791;155670284;B01;1;7;0;2;1;1;1;
202300005792;155670281;B01;2;2;0;2;2;17;1;
202300005792;155670282;A01;2;10;0;2;3;10;1;
202300005793;155670279;A01;1;33;15;2;2;17;1;
202300005793;155670280;B01;1;7;0;2;3;15;1;
202300005794;155670277;A01;2;7;0;2;2;2;1;
202300005794;155670278;B01;2;36;0;2;6;2;1;
202300005795;155670275;A01;3;7;0;9;2;2;1;
202300005795;155670276;B01;3;50;0;2;4;1;3;
202300005796;155670274;A01;2;33;0;0;0;2;1;
202300005797;155670272;B01;3;50;0;2;7;6;3;
202300005797;155670273;A01;3;7;0;9;1;1;1;
202300005798;155670270;B01;1;34;0;2;7;17;1;
202300005798;155670271;A01;1;10;0;2;3;10;1;
202300005799;155670268;A01;1;7;0;0;0;0;0;
202300005799;155670269;B01;1;2;0;0;0;0;1;
202300005800;155670266;A01;1;7;0;2;2;16;1;
202300005800;155670267;B01;2;2;0;2;1;1;1;
202300005801;155670265;A01;1;7;0;1;2;1;1;
202300005802;155670264;A01;2;10;0;1;4;4;1;
202300005803;155670263;A01;1;33;0;1;1;1;1;
202300005804;155670261;A01;1;7;0;0;0;15;1;
202300005804;155670262;B01;1;33;0;0;0;16;1;
202300005805;155670259;A01;1;7;0;2;1;26;1;
202300005805;155670260;B01;1;7;0;2;4;26;1;
202300005806;155670258;A01;1;7;8;0;1;14;1;
202300005807;155670256;A01;1;7;0;2;3;9;1;
202300005807;155670257;B01;1;50;0;2;1;9;3;
202300005808;155670254;B01;2;7;0;2;1;1;1;
202300005808;155670255;A01;1;7;0;2;1;15;1;
202300005809;155670253;A01;3;7;0;1;4;20;1;
202300005810;155670251;B01;3;30;0;2;7;9;-1;
202300005810;155670252;A01;3;7;0;2;1;9;-1;
202300005811;155670250;A01;1;7;0;1;1;1;1;
202300005812;155670249;A01;3;7;0;1;1;1;1;
202300005813;155670247;B01;1;2;0;0;4;2;1;
202300005813;155670248;A01;1;7;0;2;1;2;1;
202300005814;155670245;A01;1;7;0;2;1;2;1;
202300005814;155670246;B01;1;33;0;2;4;1;1;
202300005815;155670244;A01;1;7;1;0;2;1;1;
202300005816;155670242;A01;1;7;0;2;2;1;1;
202300005816;155670243;B01;2;7;0;2;1;5;1;
202300005817;155670241;A01;2;7;0;1;1;9;3;
202300005818;155670240;A01;1;43;0;1;1;1;1;
202300005819;155670239;A01;1;7;0;1;3;9;1;
202300005820;155670237;A01;1;33;0;2;1;1;1;
202300005820;155670238;B01;1;7;0;2;6;9;1;
202300005821;155670235;A01;3;7;0;2;1;1;1;
202300005821;155670236;B01;3;7;0;2;3;2;1;
202300005822;155670233;A01;1;10;0;2;2;11;1;
202300005822;155670234;B01;1;7;0;2;6;1;1;
202300005823;155670231;A01;2;1;0;2;1;1;5;
202300005823;155670232;B01;1;50;0;2;1;5;3;
202300005824;155670229;B01;0;31;0;2;1;26;0;
202300005824;155670230;A01;0;7;0;2;3;23;1;
202300005825;155670227;A01;0;7;0;2;8;10;1;
202300005825;155670228;B01;0;7;0;2;1;1;1;
202300005826;155670226;A01;1;7;0;1;1;1;1;
202300005827;155670224;B01;1;7;0;2;1;15;1;
202300005827;155670225;A01;1;7;0;2;1;1;1;
202300005828;155670223;A01;1;7;0;1;1;1;1;
202300005829;155670222;A01;0;7;0;1;3;15;1;
202300005830;155670221;A01;2;10;0;1;1;1;1;
202300005831;155670220;A01;1;30;0;0;0;26;1;
202300005832;155670218;B01;1;7;9;2;1;1;1;
202300005832;155670219;A01;1;7;0;2;1;1;1;
202300005833;155670216;A01;3;7;0;2;3;1;1;
202300005833;155670217;B01;0;2;0;2;7;1;1;
202300005834;155670214;A01;3;7;0;2;1;2;1;
202300005834;155670215;B01;3;7;0;2;4;23;2;
202300005835;155670213;A01;1;7;0;1;2;16;1;
202300005836;155670212;A01;3;7;8;0;0;1;1;
202300005837;155670210;B01;3;50;0;2;1;19;3;
202300005837;155670211;A01;3;7;0;2;7;1;1;
202300005838;155670208;A01;3;37;0;2;1;1;1;2.0
202300005838;155670209;B01;3;1;0;2;7;19;5;
202300005839;155670206;A01;2;30;0;2;3;17;0;
202300005839;155670207;B01;2;80;0;2;7;15;3;
202300005840;155670204;A01;1;7;0;2;1;2;1;
202300005840;155670205;B01;1;7;0;0;4;23;1;
202300005841;155670202;B01;1;33;0;2;2;2;1;
202300005841;155670203;A01;1;10;0;2;3;11;1;
202300005842;155670201;A01;2;7;5;0;1;1;1;
202300005843;155670199;B01;1;7;0;2;1;1;1;
202300005843;155670200;A01;2;7;0;2;1;13;1;
202300005844;155670198;A01;1;7;0;1;2;1;1;
202300005845;155670194;A01;3;10;0;2;4;4;1;
202300005845;155670196;B01;3;2;0;2;2;1;1;
202300005846;155670195;A01;2;7;0;0;4;26;1;
202300005846;155670197;B01;2;7;0;2;1;2;1;
202300005847;155670191;B01;3;60;0;9;1;1;5;
202300005847;155670193;A01;3;1;0;9;8;19;5;
202300005848;155670190;A01;0;7;0;2;3;1;1;
202300005848;155670192;B01;0;1;0;2;4;9;5;
202300005849;155670188;B01;3;7;0;2;3;1;2;
202300005849;155670189;A01;3;7;0;2;3;17;1;
202300005850;155670187;A01;1;7;8;0;1;1;1;
202300005851;155670185;B01;2;7;0;2;4;2;1;
202300005851;155670186;A01;2;7;0;2;1;2;1;
202300005852;155670184;A01;3;7;0;1;4;4;1;
202300005853;155670182;A01;2;50;0;2;8;17;3;
202300005853;155670183;B01;2;7;0;2;5;17;1;
202300005854;155670180;A01;3;7;6;0;1;24;1;
202300005855;155670181;A01;1;2;0;0;9;1;1;
202300005856;155670178;B01;3;31;0;2;1;0;1;
202300005856;155670179;A01;0;7;0;2;3;9;1;
202300005857;155670177;A01;2;7;2;0;1;1;1;
202300005858;155670174;A01;1;10;0;2;0;0;1;
202300005858;155670176;B01;2;7;0;2;1;2;1;
202300005859;155670175;A01;1;1;6;0;8;16;5;
202300005860;155670171;B01;2;7;0;2;3;1;1;
202300005860;155670173;A01;1;7;0;2;3;1;1;
202300005861;155670172;A01;2;10;2;0;1;1;1;
202300005862;155670169;A01;3;7;0;2;7;15;1;
202300005862;155670170;B01;3;33;0;2;1;1;1;
202300005863;155670167;A01;1;31;0;2;1;13;1;
202300005863;155670168;B01;2;7;0;2;3;21;1;
202300005864;155670165;A01;3;7;0;2;2;2;1;
202300005864;155670166;B01;3;7;0;2;6;2;1;
202300005865;155670164;A01;2;7;8;0;1;1;1;
202300005866;155670163;A01;1;7;0;1;2;15;2;
202300005867;155670160;A01;2;7;0;2;1;2;1;
202300005867;155670162;B01;2;10;0;0;4;16;1;
202300005868;155670158;A01;1;33;3;0;9;1;1;
202300005869;155670159;A01;3;7;0;2;0;1;1;
202300005869;155670161;B01;1;7;0;2;2;1;1;
202300005870;155670155;A01;1;7;0;2;1;2;1;
202300005870;155670156;B01;1;10;0;2;4;2;1;
202300005870;155670157;C01;1;7;0;2;4;2;1;
202300005871;155670153;A01;3;7;0;1;4;20;1;
202300005872;155670154;A01;2;36;13;0;3;0;0;
202300005873;155670151;B01;1;2;0;2;1;1;1;
202300005873;155670152;A01;2;10;0;2;3;15;1;
202300005874;155670149;A01;3;10;0;1;1;1;1;
202300005875;155670150;A01;0;2;0;0;3;1;1;
202300005876;155670146;B01;2;7;0;2;1;1;2;
202300005876;155670148;A01;1;7;7;2;1;13;1;
202300005877;155670145;B01;2;33;0;2;2;17;1;
202300005877;155670147;A01;2;7;0;0;6;15;1;
202300005878;155670143;A01;2;7;0;2;2;16;2;
202300005878;155670144;B01;2;30;0;2;3;18;1;
202300005879;155670141;A01;1;7;0;2;3;15;1;
202300005879;155670142;B01;2;33;0;2;8;1;1;
202300005880;155670139;A01;2;1;0;2;5;19;5;
202300005880;155670140;Z01;2;2;0;2;1;1;0;
202300005881;155670137;A01;2;10;0;2;1;23;1;
202300005881;155670138;B01;2;7;0;0;4;23;1;
202300005882;155670135;B01;2;1;0;2;8;19;5;
202300005882;155670136;A01;3;7;0;2;1;1;6;
202300005883;155670134;A01;1;10;13;0;1;26;1;
202300005884;155670132;B01;1;1;1;0;1;1;5;
202300005884;155670133;A01;1;7;0;2;3;22;1;
202300005885;155670131;A01;2;7;0;1;1;1;1;
202300005886;155670130;A01;1;1;0;0;0;1;5;
202300005887;155670125;C01;2;7;0;2;8;13;1;
202300005887;155670127;B01;2;30;0;2;4;2;3;
202300005887;155670128;A01;2;31;0;2;2;2;1;
202300005888;155670123;B01;2;31;0;2;1;1;1;
202300005888;155670124;A01;1;7;0;2;2;15;1;
202300005889;155670120;B01;1;30;0;2;4;16;3;
202300005889;155670121;A01;1;7;0;2;2;16;1;
202300005890;155670119;A01;1;7;2;0;1;1;1;
202300005891;155670117;A01;1;7;0;2;2;10;2;
202300005891;155670118;B01;2;1;0;2;8;1;5;
202300005892;155670115;B01;1;7;0;2;2;14;1;
202300005892;155670116;A01;1;15;0;0;6;2;1;
202300005893;155670113;B01;3;80;0;2;6;1;3;
202300005893;155670114;A01;0;7;0;2;5;16;1;
202300005894;155670110;A01;1;7;0;2;1;1;1;
202300005894;155670112;B01;1;15;0;2;5;1;1;
202300005895;155670108;A01;2;32;0;2;1;1;1;
202300005895;155670109;B01;2;33;0;2;5;16;1;
202300005895;155670111;C01;2;7;0;2;5;23;1;
202300005896;155670106;A01;2;7;8;1;1;14;1;
202300005897;155670105;A01;1;7;0;2;1;13;1;
202300005897;155670107;B01;2;15;0;2;1;1;1;
202300005898;155670101;B01;2;10;0;2;4;2;1;
202300005898;155670103;C01;2;7;0;2;4;2;2;
202300005898;155670104;A01;2;7;0;2;1;2;1;
202300005899;155670100;A01;2;7;0;0;4;12;1;
202300005899;155670102;B01;2;33;0;2;1;18;1;
202300005900;155670099;A01;1;7;14;1;7;1;1;
202300005901;155670097;A01;3;7;1;1;2;16;2;
202300005902;155670098;A01;2;31;0;0;4;26;1;
202300005903;155670095;A01;3;15;0;2;3;9;1;
202300005903;155670096;B01;3;1;0;2;0;26;5;
202300005904;155670092;A01;1;10;1;1;2;1;1;
202300005905;155670093;A01;1;21;0;2;3;2;6;
202300005905;155670094;B01;1;33;0;2;2;2;1;
202300005906;155670091;A01;3;7;0;1;2;16;1;
202300005907;155670089;A01;2;10;14;0;2;26;0;
202300005908;155670088;B01;1;7;0;0;1;1;0;
202300005908;155670090;A01;2;2;0;0;2;15;0;
202300005909;155670086;B01;1;32;0;2;2;1;1;
202300005909;155670087;A01;1;7;0;2;8;11;1;
202300005910;155670083;B01;2;30;0;2;1;1;0;
202300005910;155670084;A01;1;10;0;0;2;15;1;
202300005911;155670082;B01;2;2;0;0;8;1;1;
202300005911;155670085;A01;1;7;0;2;3;15;1;
202300005912;155670079;A01;0;7;0;2;1;1;1;
202300005912;155670081;B01;0;7;0;2;3;26;1;
202300005913;155670076;A01;3;1;0;2;1;1;5;
202300005913;155670077;B01;3;1;0;2;4;1;5;
202300005914;155670078;A01;1;7;0;0;2;15;1;
202300005914;155670080;B01;2;33;0;2;1;1;1;
202300005915;155670074;B01;1;1;0;2;1;1;5;
202300005915;155670075;A01;2;7;0;2;2;16;1;
202300005916;155670072;A01;1;37;0;1;2;0;1;1.0
202300005917;155670071;A01;1;17;0;2;3;1;1;
202300005917;155670073;B01;1;7;0;2;4;1;1;
202300005918;155670069;B01;1;50;0;2;0;19;3;
202300005918;155670070;A01;1;7;0;2;1;1;1;
202300005919;155670067;A01;2;7;0;2;3;13;1;
202300005919;155670068;B01;1;10;0;2;3;1;1;
202300005920;155670065;A01;1;7;0;2;3;2;1;
202300005920;155670066;B01;1;7;0;2;2;0;1;
202300005921;155670062;A01;3;7;0;2;3;16;1;
202300005921;155670064;B01;3;14;0;2;3;1;1;
202300005922;155670060;B01;2;7;0;2;3;1;1;
202300005922;155670061;C01;2;7;0;2;3;1;1;
202300005922;155670063;A01;1;7;0;2;1;13;1;
202300005923;155670056;B01;2;7;0;2;3;1;2;
202300005923;155670057;A01;2;2;0;2;1;10;1;
202300005924;155670058;A01;2;7;0;2;1;15;1;
202300005924;155670059;B01;1;34;0;2;1;1;1;
202300005925;155670054;A01;2;32;0;2;3;16;1;
202300005925;155670055;B01;2;15;0;0;2;16;1;
202300005926;155670053;A01;3;7;6;1;6;4;1;
202300005927;155670049;B01;1;7;0;2;1;15;1;
202300005927;155670052;A01;1;31;0;2;3;1;1;
202300005928;155670050;B01;1;10;0;2;8;15;1;
202300005928;155670051;A01;1;33;0;2;2;17;1;
202300005929;155670047;A01;3;7;0;9;3;1;1;
202300005929;155670048;B01;3;1;0;2;7;15;5;
202300005930;155670045;A01;2;37;0;1;2;1;0;1.0
202300005931;155670044;A01;3;7;14;0;3;0;0;
202300005932;155670043;A01;1;33;0;0;9;1;1;
202300005933;155670042;A01;1;7;2;0;1;1;1;
202300005934;155670040;A01;3;7;0;2;1;16;1;
202300005934;155670041;B01;2;7;0;2;2;1;1;
202300005935;155670039;A01;1;7;7;0;3;12;1;
202300005936;155670037;A01;1;7;0;2;1;0;1;
202300005936;155670038;B01;2;7;0;2;3;1;1;
202300005937;155670035;A01;1;2;0;0;0;26;3;
202300005938;155670033;A01;2;7;7;0;9;1;1;
202300005939;155670034;B01;1;7;0;2;4;2;1;
202300005939;155670036;A01;1;7;0;2;1;2;1;
202300005940;155670032;A01;2;7;6;0;3;1;1;
202300005941;155670029;A01;1;7;0;2;7;12;1;
202300005941;155670031;B01;1;33;0;2;3;3;1;
202300005942;155670025;A01;2;7;0;2;1;16;1;
202300005942;155670026;B01;2;1;0;2;7;1;5;
202300005943;155670019;A01;2;7;0;2;8;5;2;
202300005943;155670022;B01;1;21;0;2;6;1;1;
202300005944;155670018;A01;2;10;0;2;1;2;1;
202300005944;155670020;E01;2;7;0;2;4;2;1;
202300005944;155670021;D01;2;7;0;2;4;2;1;
202300005944;155670023;C01;2;7;0;2;4;2;1;
202300005944;155670024;B01;2;7;0;2;4;2;1;
202300005945;155670015;B01;3;2;0;2;4;1;1;
202300005945;155670017;A01;3;7;0;2;1;1;1;
202300005946;155670014;A01;1;7;0;2;6;11;0;
202300005946;155670016;B01;1;33;0;2;2;3;0;
202300005947;155670013;A01;1;2;14;0;1;1;1;
202300005948;155670011;A01;1;33;0;2;2;3;0;
202300005948;155670012;B01;1;7;0;2;6;11;0;
202300005949;155670010;A01;1;7;2;9;6;0;1;
202300005950;155670008;A01;1;7;13;0;1;17;1;
202300005951;155670007;B01;2;10;0;2;2;1;0;
202300005951;155670009;A01;2;7;4;2;2;14;0;
202300005952;155670006;A01;3;2;13;0;8;1;1;
202300005953;155670003;B01;1;10;3;2;4;2;1;
202300005953;155670005;A01;1;7;3;2;1;2;1;
202300005954;155670002;A01;1;7;0;2;1;19;1;
202300005954;155670004;B01;2;30;0;2;1;1;1;
202300005955;155670000;A01;1;7;0;2;1;1;1;
202300005955;155670001;B01;2;21;0;2;1;1;1;
202300005956;155669997;B01;2;7;0;2;2;15;1;
202300005956;155669998;A01;1;2;0;2;1;1;1;
202300005957;155669995;B01;2;7;0;2;4;2;1;
202300005957;155669996;A01;2;7;0;2;1;2;1;
202300005958;155669994;A01;2;7;13;0;3;17;1;
202300005959;155669993;A01;1;33;0;0;0;1;1;
202300005960;155669990;A01;0;7;0;1;2;1;1;
202300005961;155669991;A01;1;10;0;2;8;26;1;
202300005961;155669992;B01;1;7;0;2;1;1;1;
202300005962;155669987;C01;2;7;14;0;0;1;1;
202300005962;155669988;B01;2;7;0;2;2;0;1;
202300005962;155669989;A01;2;15;0;2;6;1;1;
202300005963;155669986;B01;3;40;0;1;1;1;3;
202300005964;155669984;A01;2;7;0;2;1;5;1;
202300005964;155669985;B01;1;10;0;2;3;1;1;
202300005965;155669981;B01;1;2;0;2;8;9;1;
202300005965;155669982;A01;1;10;0;2;2;1;1;
202300005966;155669980;B01;1;32;0;2;3;1;1;
202300005966;155669983;A01;2;7;0;2;2;15;1;
202300005967;155669979;A01;2;7;0;1;3;1;1;
202300005968;155669978;A01;1;7;0;1;2;1;1;
202300005969;155669975;B01;1;33;0;2;9;0;0;
202300005969;155669976;A01;1;7;0;0;4;15;0;
202300005969;155669977;C01;2;7;0;2;1;1;0;
202300005970;155669972;A01;2;7;0;2;7;15;1;
202300005970;155669974;B01;1;33;0;2;1;9;1;
202300005971;155669971;B01;1;1;0;0;0;1;5;
202300005971;155669973;A01;1;7;0;0;2;17;1;
202300005972;155669967;A01;2;10;0;2;3;17;1;
202300005972;155669969;B01;1;7;0;2;3;1;1;
202300005973;155669968;A01;1;33;0;2;3;3;1;
202300005973;155669970;B01;2;7;0;2;2;16;1;
202300005974;155669966;A01;2;34;13;0;2;14;1;
202300005975;155669962;B01;3;1;0;2;0;1;5;
202300005975;155669964;A01;3;7;0;2;6;17;1;
202300005976;155669961;C01;1;7;0;0;0;0;0;
202300005976;155669963;B01;1;7;0;0;0;-1;-1;
202300005976;155669965;A01;1;34;0;2;1;1;1;
202300005977;155669959;A01;1;7;0;2;1;1;1;
202300005977;155669960;B01;1;7;0;0;4;2;1;
202300005978;155669955;A01;1;7;0;0;4;1;1;
202300005978;155669957;B01;1;7;0;0;1;2;1;
202300005979;155669956;A01;2;7;0;2;1;2;1;
202300005979;155669958;B01;2;7;0;2;4;2;1;
202300005980;155669954;A01;2;7;6;0;2;14;1;
202300005981;155669953;A01;1;7;0;1;1;1;1;
202300005982;155669952;A01;2;7;15;0;1;1;1;
202300005983;155669951;A01;2;7;1;0;1;2;3;
202300005984;155669950;A01;3;33;13;0;9;1;1;
202300005985;155669948;A01;2;1;0;2;1;1;5;
202300005985;155669949;B01;0;0;0;0;0;0;-1;
202300005986;155669947;A01;1;7;0;1;3;1;1;
202300005987;155669944;A01;1;7;0;2;2;26;1;
202300005987;155669946;B01;1;33;0;2;2;1;1;
202300005988;155669943;B01;2;1;0;9;2;1;5;
202300005988;155669945;A01;0;10;1;0;8;22;1;
202300005989;155669942;A01;1;7;0;1;3;1;1;
202300005990;155669938;A01;1;7;0;2;1;26;1;
202300005990;155669940;B01;1;33;0;2;7;2;1;
202300005990;155669941;C01;1;7;0;2;4;0;1;
202300005991;155669937;A01;1;7;0;0;3;15;1;
202300005991;155669939;B01;1;33;0;2;1;17;1;
202300005992;155669936;A01;0;7;0;1;1;2;1;
202300005993;155669934;B01;1;50;0;2;7;19;3;
202300005993;155669935;A01;3;7;0;9;3;1;1;
202300005994;155669928;A01;1;7;13;0;1;26;2;
202300005995;155669925;A01;2;7;0;2;3;2;1;
202300005995;155669927;B01;2;17;0;2;4;1;1;
202300005996;155669924;A01;2;7;0;2;1;1;1;
202300005996;155669926;B01;1;7;0;2;3;0;1;
202300005997;155669923;A01;1;7;5;0;1;20;1;
202300005998;155669922;A01;0;7;4;0;3;1;1;
202300005999;155669916;D01;1;17;0;2;4;2;1;
202300005999;155669918;C01;1;17;0;2;4;2;0;
202300005999;155669919;B01;1;17;0;2;4;2;1;
202300005999;155669921;A01;1;17;0;2;1;1;1;
202300006000;155669915;A01;2;7;0;2;1;1;1;
202300006000;155669917;B01;2;7;0;2;4;2;1;
202300006000;155669920;C01;2;7;0;2;4;1;1;
202300006001;155669913;B01;2;7;0;2;8;11;1;
202300006001;155669914;A01;2;33;0;2;7;3;1;
202300006002;155669910;A01;1;32;0;2;7;3;1;
202300006002;155669911;B01;1;7;0;2;3;11;1;
202300006003;155669908;A01;3;7;0;2;0;0;1;
202300006003;155669909;B01;3;31;0;2;0;0;1;
202300006004;155669906;A01;2;7;0;2;1;1;1;
202300006004;155669907;B01;2;10;0;2;4;1;1;
202300006005;155669905;A01;3;40;0;1;1;1;3;
202300006006;155669903;B01;1;10;0;2;4;2;1;
202300006006;155669904;A01;1;38;0;2;1;2;1;1.0
202300006007;155669899;Z01;1;0;0;2;0;0;0;
202300006007;155669901;A01;1;33;0;2;4;0;1;
202300006008;155669900;B01;3;7;0;2;2;15;1;
202300006008;155669902;A01;1;7;0;2;1;1;3;
202300006009;155669896;B01;2;7;0;2;4;11;1;
202300006009;155669898;A01;2;33;0;2;1;1;1;
202300006010;155669897;A01;1;7;0;1;7;1;1;
202300006011;155669893;A01;2;32;0;2;1;3;3;
202300006011;155669895;B01;2;7;0;2;2;12;1;
202300006012;155669894;A01;2;10;0;1;4;4;1;
202300006013;155669891;B01;2;7;0;2;8;11;1;
202300006013;155669892;A01;2;43;0;2;2;3;1;
202300006014;155669887;B01;1;33;0;2;3;3;1;
202300006014;155669888;A01;1;7;0;2;7;12;1;
202300006015;155669889;B01;2;2;0;2;2;1;1;
202300006015;155669890;A01;1;7;0;2;3;9;1;
202300006016;155669885;B01;1;33;0;2;7;3;1;
202300006016;155669886;A01;1;7;0;2;8;11;1;
202300006017;155669884;A01;1;36;0;0;0;15;1;
202300006018;155669880;A01;3;7;0;2;1;1;1;
202300006018;155669882;B01;3;7;0;2;4;1;1;
202300006019;155669881;B01;2;7;0;2;4;2;1;
202300006019;155669883;A01;2;33;0;2;1;2;1;
202300006020;155669879;A01;1;7;0;1;3;0;1;
202300006021;155669875;B01;3;10;0;9;1;0;1;