Num_Acc;id_vehicule;num_veh;senc;catv;obs;obsm;choc;manv;motor;occutc
202300006021;155669877;A01;3;1;0;2;8;0;5;
202300006022;155669874;B01;2;7;0;2;4;1;2;
202300006022;155669876;C01;2;7;0;2;4;1;1;
202300006022;155669878;A01;2;7;0;2;1;1;2;
202300006023;155669871;A01;1;32;0;2;1;3;1;
202300006023;155669872;B01;1;7;0;2;2;12;1;
202300006024;155669870;A01;1;7;0;2;6;15;1;
202300006024;155669873;B01;2;33;0;2;1;1;1;
202300006025;155669867;B01;2;1;0;2;3;1;5;
202300006025;155669869;A01;2;15;0;2;2;16;1;
202300006026;155669864;B01;1;7;0;2;3;9;1;
202300006026;155669865;A01;2;1;0;2;1;5;5;
202300006027;155669866;A01;3;7;0;2;1;1;1;
202300006027;155669868;B01;3;7;0;2;4;1;1;
202300006028;155669862;A01;1;7;0;2;1;1;1;
202300006028;155669863;B01;1;32;0;1;1;15;1;
202300006029;155669860;A01;2;1;0;0;0;1;5;
202300006030;155669859;B01;3;7;0;2;6;23;1;
202300006030;155669861;A01;3;7;0;2;2;15;1;
202300006031;155669858;A01;2;1;0;0;0;1;5;
202300006032;155669857;A01;0;7;0;1;1;9;1;
202300006033;155669855;B01;1;7;0;2;2;1;2;
202300006033;155669856;A01;3;1;0;2;8;19;5;
202300006034;155669852;B01;2;7;0;2;7;1;1;
202300006034;155669853;A01;2;50;0;2;1;15;3;
202300006035;155669851;B01;1;37;0;2;3;1;1;5.0
202300006035;155669854;A01;1;10;0;2;2;16;1;
202300006036;155669849;A01;1;7;0;1;5;4;1;
202300006037;155669848;B01;2;7;0;2;8;9;1;
202300006037;155669850;A01;2;1;0;2;1;9;5;
202300006038;155669847;A01;2;1;0;1;1;8;5;
202300006039;155669845;B01;2;3;0;2;8;15;1;
202300006039;155669846;A01;2;30;0;2;7;17;1;
202300006040;155669843;A01;1;10;0;2;2;16;1;
202300006040;155669844;B01;1;1;0;2;1;1;5;
202300006041;155669841;B01;3;1;0;2;1;1;5;
202300006041;155669842;A01;1;7;0;2;3;9;1;
202300006042;155669839;B01;1;50;0;2;1;15;3;
202300006042;155669840;A01;1;7;0;2;2;16;1;
202300006043;155669837;B01;3;33;0;2;1;1;1;
202300006043;155669838;A01;3;7;0;2;1;15;1;
202300006044;155669835;A01;1;50;1;0;8;1;3;
202300006045;155669834;A01;3;7;0;1;1;26;0;
202300006046;155669832;A01;3;7;8;0;2;1;1;
202300006047;155669831;B01;1;31;0;2;3;2;1;
202300006047;155669833;A01;1;10;0;2;6;4;1;
202300006048;155669829;A01;3;7;0;1;1;1;1;
202300006049;155669828;B01;1;7;0;2;3;16;1;
202300006049;155669830;A01;2;30;0;2;3;13;1;
202300006050;155669826;A01;2;7;0;2;1;10;1;
202300006050;155669827;B01;2;30;0;2;8;1;0;
202300006051;155669823;B01;1;1;0;2;1;5;5;
202300006051;155669824;A01;1;10;0;2;1;2;1;
202300006052;155669821;B01;2;7;0;2;3;15;3;
202300006052;155669822;A01;2;30;0;2;1;3;1;
202300006052;155669825;C01;3;7;0;2;4;23;1;
202300006053;155669820;B01;1;7;0;1;8;0;2;
202300006054;155669817;A01;0;7;0;2;1;0;1;
202300006054;155669818;B01;0;33;0;0;4;0;1;
202300006055;155669816;B01;2;7;0;2;1;1;1;
202300006055;155669819;A01;1;2;0;2;7;1;1;
202300006056;155669815;B01;1;10;0;1;3;1;1;
202300006057;155669813;A01;1;7;0;1;2;1;1;
202300006058;155669812;A01;1;2;0;2;1;1;1;
202300006058;155669814;B01;1;7;0;2;3;15;1;
202300006059;155669809;A01;3;2;0;0;4;18;1;
202300006059;155669810;B01;3;14;0;2;1;26;1;
202300006060;155669808;A01;2;7;0;2;3;9;1;
202300006060;155669811;B01;2;1;0;2;1;1;5;
202300006061;155669806;A01;1;2;0;2;1;1;1;
202300006061;155669807;B01;1;7;0;2;6;1;1;
202300006062;155669805;A01;1;30;0;1;7;1;3;
202300006063;155669803;A01;2;7;0;2;2;14;1;
202300006063;155669804;B01;2;31;0;2;8;1;1;
202300006064;155669801;A01;0;7;0;2;1;1;1;
202300006064;155669802;B01;0;50;0;2;8;19;3;
202300006065;155669799;A01;1;32;0;2;8;18;1;
202300006065;155669800;B01;1;1;0;2;2;17;5;
202300006066;155669795;A01;1;10;0;2;6;18;1;
202300006066;155669796;B01;2;10;0;2;3;1;1;
202300006067;155669792;A01;1;7;0;2;2;15;1;
202300006067;155669793;B01;2;2;0;2;1;1;1;
202300006068;155669786;C01;1;10;0;2;3;1;1;
202300006068;155669788;B01;1;10;0;2;3;1;1;
202300006068;155669789;A01;2;7;0;2;2;15;1;
202300006069;155669782;B01;2;17;3;2;2;1;1;
202300006069;155669784;A01;1;7;3;2;2;13;1;
202300006070;155669779;A01;2;7;0;2;3;13;1;
202300006070;155669781;B01;1;14;0;2;3;1;1;
202300006071;155669780;A01;3;7;0;1;3;16;1;
202300006072;155669778;A01;2;7;0;1;2;1;1;
202300006073;155669776;A01;1;7;0;0;9;2;1;
202300006074;155669777;A01;1;7;0;1;2;1;1;
202300006075;155669774;A01;3;40;0;1;3;1;3;
202300006076;155669773;B01;1;1;0;2;3;11;5;
202300006076;155669775;A01;1;7;0;2;2;1;1;
202300006077;155669771;A01;1;7;0;1;1;17;1;
202300006078;155669772;A01;1;1;8;0;1;1;5;
202300006079;155669769;A01;2;7;0;1;3;25;1;
202300006080;155669768;B01;2;1;0;2;1;1;5;
202300006080;155669770;A01;2;50;0;2;8;19;3;
202300006081;155669765;C01;1;7;0;2;1;2;1;
202300006081;155669766;B01;1;7;0;2;4;23;1;
202300006081;155669767;A01;2;7;3;0;4;23;1;
202300006082;155669763;A01;0;7;0;1;2;1;0;
202300006083;155669762;B01;1;7;0;2;3;1;0;
202300006083;155669764;A01;1;7;0;2;2;9;0;
202300006084;155669760;B01;2;33;0;2;1;1;1;
202300006084;155669761;A01;1;7;0;2;7;15;1;
202300006085;155669758;B01;1;7;0;0;3;1;1;
202300006085;155669759;A01;2;3;0;0;1;1;1;
202300006086;155669757;A01;2;10;9;0;1;1;0;
202300006087;155669755;A01;2;7;0;2;2;0;1;
202300006087;155669756;B01;1;33;0;2;1;1;1;
202300006088;155669752;C01;2;7;0;2;4;1;1;
202300006088;155669753;B01;2;7;0;2;4;1;1;
202300006088;155669754;A01;2;7;0;2;1;1;1;
202300006089;155669748;A01;2;7;0;2;1;2;1;
202300006089;155669749;B01;2;7;0;2;4;2;1;
202300006089;155669750;C01;2;7;0;2;4;2;1;
202300006089;155669751;D01;2;7;0;2;4;2;1;
202300006090;155669746;A01;1;50;0;2;1;14;3;
202300006090;155669747;B01;2;7;0;2;2;1;1;
202300006091;155669744;A01;1;7;0;2;3;1;0;
202300006091;155669745;B01;2;32;0;2;1;15;0;
202300006092;155669742;B01;1;33;0;2;7;1;1;
202300006092;155669743;A01;1;7;0;9;3;15;1;
202300006093;155669741;A01;2;7;0;1;1;1;1;
202300006094;155669739;A01;3;10;0;2;1;13;1;
202300006094;155669740;B01;3;7;0;2;1;1;1;
202300006095;155669737;A01;2;32;0;2;1;2;3;
202300006095;155669738;B01;2;42;0;2;4;2;1;
202300006096;155669735;A01;2;10;0;2;1;2;1;
202300006096;155669736;B01;2;10;0;2;4;2;1;
202300006097;155669733;B01;1;1;0;2;1;1;5;
202300006097;155669734;A01;1;7;0;2;2;16;2;
202300006098;155669732;A01;2;7;0;1;4;4;1;
202300006099;155669730;B01;3;1;0;2;7;19;5;
202300006099;155669731;A01;2;7;0;2;1;1;1;
202300006100;155669729;A01;1;2;0;1;1;1;3;
202300006101;155669727;A01;1;7;0;2;3;13;1;
202300006101;155669728;B01;1;2;0;2;2;17;3;
202300006102;155669725;B01;2;7;0;2;7;16;1;
202300006102;155669726;A01;2;30;0;2;7;7;3;
202300006103;155669723;Z01;1;7;0;2;1;15;0;
202300006103;155669724;A01;1;31;0;2;4;15;1;
202300006104;155669721;A01;1;50;0;2;7;14;3;
202300006104;155669722;B01;1;33;0;2;3;1;1;
202300006105;155669719;A01;2;33;0;2;1;9;1;
202300006105;155669720;B01;2;7;0;2;3;1;1;
202300006106;155669717;A01;3;10;1;0;4;4;1;
202300006106;155669718;B01;3;7;0;2;1;23;1;
202300006107;155669715;A01;1;42;0;2;3;1;3;
202300006107;155669716;B01;1;7;0;2;2;1;1;
202300006108;155669713;B01;3;30;0;2;1;13;1;
202300006108;155669714;A01;3;7;0;2;3;13;1;
202300006109;155669712;A01;2;10;0;1;3;1;0;
202300006110;155669711;A01;2;7;0;1;1;15;1;
202300006111;155669709;A01;3;10;0;2;1;2;1;
202300006111;155669710;B01;3;7;0;2;4;2;1;
202300006112;155669707;B01;2;10;0;2;3;15;1;
202300006112;155669708;A01;1;7;0;2;1;1;1;
202300006113;155669705;A01;1;7;0;2;1;11;1;
202300006113;155669706;B01;2;50;0;2;1;1;3;
202300006114;155669703;B01;2;80;0;2;1;2;3;
202300006114;155669704;A01;2;10;0;2;2;16;1;
202300006115;155669701;A01;2;50;0;2;3;2;3;
202300006115;155669702;B01;2;7;0;2;3;2;1;
202300006116;155669699;A01;1;32;0;2;1;16;0;
202300006116;155669700;B01;2;1;0;2;8;2;5;
202300006117;155669696;A01;0;7;0;2;4;11;0;
202300006117;155669697;B01;0;7;0;2;1;1;0;
202300006117;155669698;C01;0;10;0;2;1;1;0;
202300006118;155669694;B01;3;7;0;2;2;9;1;
202300006118;155669695;A01;1;43;0;2;8;1;1;
202300006119;155669693;A01;3;60;12;0;1;25;5;
202300006120;155669691;A01;1;7;0;2;3;11;0;
202300006120;155669692;B01;1;30;0;2;7;1;3;
202300006121;155669689;B01;1;32;0;0;1;15;1;
202300006121;155669690;Z01;2;32;0;2;1;16;1;
202300006122;155669688;A01;2;33;0;1;1;17;1;
202300006123;155669687;A01;2;7;0;1;3;1;1;
202300006124;155669685;B01;1;1;0;2;1;19;5;
202300006124;155669686;A01;1;7;0;2;3;9;1;
202300006125;155669683;A01;2;33;0;2;7;0;1;
202300006125;155669684;B01;2;7;0;2;1;0;0;
202300006126;155669682;A01;1;7;1;0;3;14;2;
202300006127;155669681;A01;1;33;3;0;1;14;1;
202300006128;155669677;A01;2;34;4;0;1;1;1;
202300006129;155669676;A01;2;7;0;2;2;9;1;
202300006129;155669678;B01;1;30;0;2;1;1;1;
202300006130;155669675;A01;2;7;3;0;1;0;1;
202300006131;155669673;B01;1;7;0;0;1;2;1;
202300006131;155669674;A01;1;7;8;2;7;1;1;
202300006132;155669669;A01;2;7;0;2;7;19;1;
202300006132;155669670;B01;1;33;0;2;1;1;1;
202300006133;155669667;A01;1;10;0;2;1;17;1;
202300006133;155669668;B01;1;7;0;2;8;15;1;
202300006134;155669666;A01;2;33;13;0;2;1;1;
202300006135;155669665;A01;3;7;2;0;1;14;1;
202300006136;155669663;A01;1;1;1;0;1;2;5;
202300006136;155669664;B01;1;7;0;9;4;24;1;
202300006137;155669661;A01;1;33;15;0;1;17;1;
202300006138;155669660;A01;1;7;0;1;3;1;1;
202300006139;155669659;A01;1;33;0;2;1;1;1;
202300006139;155669662;B01;2;1;0;2;8;15;5;
202300006140;155669656;A01;3;37;0;1;7;16;1;1.0
202300006141;155669650;A01;1;7;0;2;1;2;1;
202300006141;155669653;B01;1;7;0;2;4;2;1;
202300006142;155669651;B01;0;7;1;0;8;-1;0;
202300006142;155669654;A01;3;32;6;0;2;1;1;
202300006143;155669649;B01;3;7;0;2;1;19;1;
202300006143;155669652;A01;3;50;0;2;1;19;3;
202300006144;155669648;A01;3;1;17;0;1;1;5;
202300006145;155669645;A01;2;7;0;2;3;19;1;
202300006145;155669647;B01;1;31;0;2;1;1;1;
202300006146;155669644;A01;2;7;0;1;3;1;1;
202300006147;155669643;B01;3;7;0;2;1;1;2;
202300006147;155669646;A01;3;7;0;2;4;19;0;
202300006148;155669639;B01;1;1;1;2;8;1;5;
202300006148;155669641;A01;1;7;0;9;2;19;3;
202300006149;155669638;A01;1;7;0;2;1;1;1;
202300006149;155669640;B01;2;7;0;2;1;5;1;
202300006150;155669637;A01;1;7;4;0;2;16;1;
202300006151;155669636;A01;2;2;12;0;1;1;1;
202300006152;155669633;A01;3;7;0;1;1;0;1;
202300006153;155669634;A01;1;2;0;2;3;1;1;
202300006153;155669635;B01;2;7;0;2;1;6;1;
202300006154;155669631;A01;1;7;0;2;3;1;1;
202300006154;155669632;B01;1;7;0;2;5;15;1;
202300006155;155669628;A01;2;7;3;2;3;5;1;
202300006155;155669630;B01;1;7;3;2;3;1;1;
202300006156;155669626;A01;2;7;0;2;1;19;1;
202300006156;155669629;B01;1;7;0;2;1;1;1;
202300006157;155669625;B01;3;7;0;2;5;19;1;
202300006157;155669627;A01;2;33;0;2;1;1;1;
202300006158;155669621;A01;1;7;17;0;1;1;1;
202300006159;155669622;A01;2;7;0;2;1;2;1;
202300006159;155669623;B01;2;7;0;2;4;23;1;
202300006160;155669620;B01;1;2;0;0;1;1;1;
202300006160;155669624;A01;3;21;0;0;3;26;1;
202300006161;155669619;A01;2;7;13;0;1;14;1;
202300006162;155669618;A01;1;10;0;1;3;1;1;
202300006163;155669617;A01;1;30;0;0;0;0;1;
202300006164;155669615;A01;1;7;0;2;1;13;1;
202300006164;155669616;B01;2;7;0;2;1;1;1;
202300006165;155669613;A01;1;1;0;5;0;0;5;
202300006166;155669611;B01;2;7;0;2;4;1;1;
202300006166;155669614;A01;2;7;0;2;1;23;1;
202300006167;155669610;A01;0;7;0;2;1;1;1;
202300006167;155669612;B01;0;7;0;2;1;1;1;
202300006168;155669608;A01;1;7;0;2;7;19;1;
202300006168;155669609;B01;2;2;0;2;3;1;1;
202300006169;155669606;A01;3;7;8;0;9;1;1;
202300006170;155669604;A01;1;38;0;1;2;1;1;1.0
202300006171;155669605;A01;1;7;0;2;1;13;1;
202300006171;155669607;B01;1;7;0;2;1;1;1;
202300006172;155669601;A01;1;7;0;2;3;15;1;
202300006172;155669603;B01;1;31;0;2;2;17;1;
202300006173;155669599;A01;3;7;2;0;1;16;1;
202300006174;155669600;B01;0;2;0;2;1;1;1;
202300006174;155669602;A01;3;7;0;2;2;1;1;
202300006175;155669598;A01;2;7;6;0;3;14;1;
202300006176;155669595;A01;2;2;0;2;1;1;1;
202300006176;155669597;B01;1;7;0;2;3;15;1;
202300006177;155669593;B01;2;33;0;2;1;1;1;
202300006177;155669594;A01;3;7;0;2;5;15;1;
202300006178;155669591;B01;1;30;0;2;4;2;1;
202300006178;155669592;A01;1;17;0;2;7;2;1;
202300006179;155669596;A01;3;7;0;1;0;2;1;
202300006180;155669590;A01;2;31;14;0;8;1;1;
202300006181;155669586;A01;3;10;0;2;1;13;1;
202300006181;155669588;B01;3;7;0;2;1;1;1;
202300006182;155669585;A01;1;7;0;2;1;2;1;
202300006182;155669587;B01;1;10;0;2;4;1;1;
202300006182;155669589;C01;1;7;0;2;4;2;1;
202300006183;155669583;A01;1;7;0;2;5;17;1;
202300006183;155669584;B01;1;7;0;2;3;1;1;
202300006184;155669580;Z01;2;7;0;2;5;12;0;
202300006184;155669581;A01;2;33;0;2;1;3;1;
202300006185;155669578;A01;2;7;0;2;7;1;1;
202300006185;155669582;B01;1;7;0;2;1;1;1;
202300006186;155669579;A01;2;31;0;0;0;1;1;
202300006187;155669576;A01;2;33;0;0;7;15;1;
202300006188;155669574;A01;1;7;0;2;4;0;0;
202300006188;155669575;B01;1;7;0;2;4;26;1;
202300006189;155669573;A01;1;7;0;2;1;1;1;
202300006189;155669577;B01;1;17;0;2;4;1;0;
202300006190;155669571;B01;1;1;0;0;4;1;5;
202300006190;155669572;A01;1;7;0;0;2;9;1;
202300006191;155669568;A01;1;2;0;2;1;17;1;
202300006191;155669570;B01;1;7;0;2;8;15;1;
202300006192;155669567;A01;1;10;13;0;1;1;1;
202300006193;155669566;B01;1;7;0;2;6;11;1;
202300006193;155669569;A01;1;43;0;2;1;3;1;
202300006194;155669563;A01;2;33;0;2;1;17;1;
202300006194;155669564;B01;1;7;0;2;1;1;1;
202300006195;155669562;A01;3;7;0;2;2;16;1;
202300006195;155669565;B01;3;7;0;2;8;16;1;
202300006196;155669557;A01;1;33;0;2;8;1;1;
202300006196;155669558;B01;2;7;0;2;8;1;1;
202300006197;155669554;A01;1;33;0;2;1;1;1;
202300006197;155669556;B01;1;7;0;2;6;15;1;
202300006198;155669551;A01;2;31;13;0;0;0;1;
202300006199;155669552;A01;1;7;4;0;3;23;1;
202300006199;155669553;B01;1;7;0;2;5;23;1;
202300006199;155669555;C01;1;7;0;2;3;1;1;
202300006199;155669559;D01;1;10;0;2;3;1;1;
202300006199;155669560;E01;1;7;0;2;6;1;1;
202300006199;155669561;F01;1;14;0;2;3;1;1;
202300006200;155669547;A01;2;7;0;2;8;15;1;
202300006200;155669550;B01;2;33;0;2;7;17;1;
202300006201;155669546;A01;1;10;0;2;4;3;1;
202300006201;155669548;B01;1;7;0;2;1;2;1;
202300006202;155669544;B01;3;7;0;2;6;1;1;
202300006202;155669545;A01;3;7;0;2;3;13;1;
202300006203;155669540;B01;1;34;0;2;8;2;1;
202300006203;155669542;A01;1;7;0;2;2;12;1;
202300006204;155669541;A01;3;7;0;2;2;1;2;
202300006204;155669543;B01;3;7;0;2;3;1;1;
202300006205;155669538;A01;2;7;0;2;3;13;1;
202300006205;155669539;B01;1;7;0;2;3;1;1;
202300006206;155669535;A01;1;33;0;2;1;12;1;
202300006206;155669537;B01;0;1;0;2;4;1;5;
202300006207;155669531;B01;1;33;13;0;0;21;1;
202300006207;155669534;A01;2;10;0;0;0;5;0;
202300006208;155669532;A01;0;10;0;1;1;1;1;
202300006209;155669533;B01;2;32;0;2;7;15;1;
202300006209;155669536;A01;1;32;0;2;1;1;1;
202300006210;155669529;A01;2;80;0;0;0;0;3;
202300006211;155669526;A01;2;7;0;2;1;0;0;
202300006211;155669528;B01;1;7;-1;-1;-1;-1;-1;
202300006212;155669525;A01;2;3;0;2;1;19;1;
202300006212;155669527;B01;3;0;0;2;0;0;0;
202300006213;155669522;A01;2;10;0;2;3;13;1;
202300006213;155669524;B01;1;17;0;2;3;1;1;
202300006214;155669523;A01;1;1;0;0;0;1;5;
202300006215;155669520;A01;1;7;0;2;1;13;1;
202300006215;155669521;B01;2;10;0;2;1;1;1;
202300006216;155669518;B01;1;33;3;9;0;1;1;
202300006217;155669517;A01;2;1;0;1;1;1;5;
202300006218;155669515;A01;2;10;0;1;3;1;1;
202300006219;155669514;C01;2;7;0;2;4;26;1;
202300006219;155669516;A01;2;7;0;2;1;26;1;
202300006219;155669519;B01;2;7;0;2;4;26;1;
202300006220;155669509;A01;2;7;0;2;1;2;0;
202300006220;155669512;B01;2;7;0;0;4;2;0;
202300006221;155669510;B01;2;80;0;2;4;23;3;
202300006221;155669513;Z01;2;7;0;2;1;1;1;
202300006222;155669508;A01;1;14;0;2;1;1;1;
202300006222;155669511;B01;2;7;0;0;8;15;1;
202300006223;155669506;B01;2;1;0;2;0;2;5;
202300006223;155669507;A01;2;7;0;2;7;16;1;
202300006224;155669503;A01;1;7;0;2;7;10;2;
202300006224;155669505;B01;1;32;0;2;1;1;1;
202300006225;155669498;A01;2;50;0;2;1;1;3;
202300006225;155669500;B01;3;10;0;2;3;20;1;
202300006226;155669497;A01;3;30;0;0;1;0;3;
202300006227;155669499;A01;1;7;0;2;1;1;1;
202300006227;155669502;B01;1;2;0;2;3;15;0;
202300006228;155669496;A01;3;7;0;1;1;10;1;
202300006229;155669495;A01;0;7;0;1;4;4;1;
202300006230;155669494;A01;0;32;13;0;8;0;1;
202300006231;155669492;A01;1;14;0;1;1;1;1;
202300006232;155669489;A01;3;34;0;0;8;1;1;
202300006233;155669488;B01;1;33;0;2;1;1;1;
202300006233;155669490;A01;2;7;0;2;2;15;0;
202300006234;155669485;A01;3;7;0;2;7;22;2;
202300006234;155669487;B01;3;50;0;2;8;1;3;
202300006235;155669483;A01;1;7;0;2;1;2;1;
202300006235;155669484;B01;1;7;0;0;4;2;1;
202300006236;155669481;A01;2;33;0;2;1;2;1;
202300006236;155669486;B01;2;7;0;2;4;1;1;
202300006237;155669480;A01;2;7;0;2;1;1;1;
202300006237;155669482;B01;2;50;0;2;8;13;3;
202300006238;155669479;A01;2;80;12;0;2;14;3;
202300006239;155669476;A01;3;10;0;2;3;15;1;
202300006239;155669477;B01;3;33;0;2;3;1;1;
202300006240;155669475;A01;1;7;2;0;2;0;1;
202300006241;155669473;A01;2;10;0;2;1;2;1;
202300006241;155669478;B01;2;17;0;0;4;1;1;
202300006242;155669472;A01;2;7;0;2;2;9;1;
202300006242;155669474;B01;2;1;0;2;1;1;5;
202300006243;155669470;A01;1;33;13;0;3;1;1;
202300006244;155669469;A01;3;7;0;2;1;2;1;
202300006244;155669471;B01;3;2;0;2;4;15;1;
202300006245;155669466;A01;2;2;0;0;8;0;1;
202300006246;155669464;A01;0;7;0;2;2;26;1;
202300006246;155669468;B01;0;7;0;2;3;15;1;
202300006247;155669463;A01;3;7;0;2;1;1;1;
202300006247;155669467;B01;3;7;0;0;4;1;1;
202300006248;155669462;A01;1;7;0;2;1;13;1;
202300006248;155669465;B01;2;2;0;2;1;0;1;
202300006249;155669460;A01;1;2;0;0;0;2;1;
202300006250;155669458;A01;2;10;0;2;2;1;3;
202300006250;155669461;B01;1;34;0;2;1;1;1;
202300006251;155669457;A01;3;7;0;2;1;2;2;
202300006251;155669459;B01;3;80;0;2;4;1;3;
202300006252;155669453;A01;2;7;0;2;2;15;1;
202300006252;155669456;B01;1;7;0;2;2;1;1;
202300006253;155669451;A01;3;7;0;2;2;15;1;
202300006253;155669454;B01;3;43;0;2;1;1;1;
202300006254;155669450;B01;2;10;0;2;1;1;1;
202300006254;155669455;A01;1;10;0;2;8;15;1;
202300006255;155669449;A01;2;7;5;0;3;1;1;
202300006256;155669448;A01;2;7;14;0;1;1;1;
202300006256;155669452;B01;2;7;1;0;4;26;1;
202300006257;155669444;A01;3;7;0;1;1;1;1;
202300006258;155669445;A01;3;7;0;0;0;0;0;
202300006259;155669443;A01;0;10;0;1;1;1;1;
202300006260;155669441;A01;3;7;0;0;0;26;0;
202300006261;155669438;A01;3;7;6;0;2;1;1;
202300006262;155669435;A01;3;31;8;0;1;11;1;
202300006263;155669436;A01;1;7;0;2;3;15;1;
202300006263;155669439;B01;1;1;0;2;3;1;5;
202300006264;155669434;A01;2;7;0;2;1;1;1;
202300006264;155669437;B01;2;7;0;2;4;1;1;
202300006264;155669440;C01;2;7;0;2;4;1;1;
202300006264;155669442;D01;2;7;0;2;4;1;1;
202300006265;155669432;A01;1;33;0;2;1;2;1;
202300006265;155669433;B01;1;7;0;2;3;10;1;
202300006266;155669429;B01;3;7;0;2;7;15;1;
202300006266;155669430;A01;3;7;0;2;3;2;1;
202300006267;155669428;A01;1;30;0;1;2;1;1;
202300006268;155669427;B01;1;33;0;2;4;0;0;
202300006268;155669431;Z01;0;7;0;0;0;0;0;
202300006269;155669424;A01;2;10;0;1;1;1;1;
202300006270;155669422;A01;1;7;0;2;3;15;1;
202300006270;155669425;B01;1;32;0;2;1;17;1;
202300006271;155669423;A01;2;7;0;1;2;0;1;
202300006272;155669421;B01;2;1;0;2;4;15;5;
202300006272;155669426;A01;2;1;0;2;1;17;5;
202300006273;155669420;A01;1;34;14;0;1;1;1;
202300006274;155669418;A01;3;7;0;1;1;1;0;
202300006275;155669416;A01;1;7;0;2;3;13;1;
202300006275;155669419;B01;2;10;0;2;3;0;1;
202300006276;155669415;B01;0;7;0;2;2;12;1;
202300006276;155669417;A01;0;7;0;2;3;1;1;
202300006277;155669412;A01;2;7;0;2;1;1;1;
202300006277;155669414;B01;1;7;0;2;1;1;1;
202300006278;155669409;A01;2;32;0;2;1;2;1;
202300006278;155669411;B01;2;7;0;2;4;2;1;
202300006279;155669413;A01;1;10;0;1;1;15;1;
202300006280;155669408;B01;1;7;0;2;3;1;1;
202300006280;155669410;A01;3;7;0;2;2;15;1;
202300006281;155669405;B01;2;30;0;2;1;3;1;
202300006281;155669407;A01;1;30;0;2;1;11;1;
202300006282;155669402;A01;1;7;0;1;1;1;6;
202300006283;155669404;A01;2;7;0;2;0;0;1;
202300006283;155669406;B01;1;34;0;2;0;0;1;
202300006284;155669401;B01;2;7;0;2;3;15;1;
202300006284;155669403;A01;2;7;6;2;1;17;1;
202300006285;155669399;A01;2;30;0;2;1;2;0;
202300006285;155669400;B01;1;0;0;2;1;12;0;
202300006286;155669394;B01;2;1;0;2;1;1;5;
202300006286;155669397;A01;1;7;0;2;5;15;1;
202300006287;155669396;A01;2;7;0;2;6;1;1;
202300006287;155669398;B01;2;15;0;2;2;12;1;
202300006288;155669393;B01;1;7;0;2;8;1;1;
202300006288;155669395;A01;2;2;0;2;1;1;1;
202300006289;155669392;A01;1;7;0;1;1;26;0;
202300006290;155669390;A01;3;14;0;1;3;1;1;
202300006291;155669386;A01;3;30;0;2;1;1;1;
202300006291;155669389;B01;3;7;0;2;4;23;1;
202300006292;155669385;A01;1;7;0;2;3;1;1;
202300006292;155669387;B01;2;7;0;0;3;23;1;
202300006293;155669383;A01;2;33;0;1;6;1;1;
202300006294;155669382;A01;1;7;0;2;8;2;1;
202300006294;155669384;B01;1;43;0;2;7;3;1;
202300006294;155669388;C01;1;7;0;2;2;12;1;
202300006294;155669391;D01;1;33;0;2;1;3;1;
202300006295;155669378;B01;1;33;0;2;1;3;1;
202300006295;155669380;A01;1;33;0;2;4;11;1;
202300006296;155669376;A01;2;2;0;2;1;13;1;
202300006296;155669379;B01;1;7;0;2;3;1;1;
202300006297;155669377;B01;1;33;0;2;1;1;1;
202300006297;155669381;A01;2;7;0;2;2;15;1;
202300006298;155669372;A01;1;7;0;2;3;1;1;
202300006298;155669374;B01;2;32;0;2;1;5;1;
202300006299;155669370;B01;3;60;0;2;8;0;5;
202300006299;155669375;A01;1;7;0;2;2;1;0;
202300006300;155669368;A01;2;33;0;2;1;2;1;
202300006300;155669371;B01;2;7;0;2;4;2;1;
202300006300;155669373;C01;2;7;0;2;4;23;1;
202300006301;155669369;A01;2;10;0;1;3;5;1;
202300006302;155669364;A01;3;33;0;2;3;16;1;
202300006302;155669366;B01;3;13;0;2;5;1;1;
202300006303;155669363;A01;3;7;0;1;4;2;1;
202300006303;155669367;B01;3;7;0;2;1;2;1;
202300006304;155669362;A01;3;7;0;2;1;2;1;
202300006304;155669365;B01;3;31;0;2;4;2;1;
202300006305;155669361;A01;2;1;0;1;1;1;5;
202300006306;155669357;A01;1;1;0;2;1;1;5;
202300006306;155669359;B01;3;7;0;2;1;9;2;
202300006307;155669356;A01;2;50;0;2;3;13;3;
202300006307;155669358;B01;1;7;0;2;3;1;1;
202300006308;155669355;A01;3;2;0;2;1;16;1;
202300006308;155669360;B01;1;7;1;0;3;1;1;
202300006309;155669353;A01;1;7;0;1;3;1;0;
202300006310;155669350;A01;1;1;0;1;0;0;5;
202300006311;155669351;B01;2;10;0;2;2;1;1;
202300006311;155669354;A01;2;7;0;2;8;15;1;
202300006312;155669349;A01;1;10;0;2;3;1;1;
202300006312;155669352;B01;2;7;0;2;3;1;1;
202300006313;155669348;A01;1;30;0;1;0;1;1;
202300006314;155669345;A01;2;10;0;1;2;1;0;
202300006315;155669344;A01;2;10;0;2;1;13;1;
202300006315;155669347;B01;1;7;0;2;3;1;1;
202300006316;155669343;A01;1;7;13;0;1;2;1;
202300006317;155669342;A01;1;10;0;2;7;15;1;
202300006317;155669346;B01;2;2;0;2;1;1;1;
202300006318;155669340;A01;1;32;14;0;1;1;1;
202300006319;155669338;A01;1;33;0;2;1;5;1;
202300006319;155669341;B01;1;7;0;2;3;9;1;