Num_Acc;id_vehicule;num_veh;senc;catv;obs;obsm;choc;manv;motor;occutc
202300006320;155669335;A01;3;7;0;2;1;1;1;
202300006320;155669339;B01;3;2;0;2;7;1;1;
202300006321;155669332;B01;3;30;0;2;1;1;1;
202300006321;155669333;A01;3;7;0;2;5;15;1;
202300006322;155669331;A01;2;30;0;2;1;1;1;
202300006322;155669334;B01;1;30;0;2;1;15;1;
202300006323;155669327;B01;0;7;0;2;3;15;0;
202300006323;155669329;A01;0;43;0;2;2;17;1;
202300006324;155669328;B01;2;33;0;2;0;1;1;
202300006324;155669330;A01;1;7;0;2;0;15;1;
202300006325;155669323;A01;3;0;0;1;0;0;1;
202300006326;155669322;B01;2;2;0;2;4;2;0;
202300006326;155669324;A01;2;7;0;2;3;1;2;
202300006327;155669321;A01;3;7;1;1;1;1;1;
202300006328;155669320;A01;3;10;0;1;3;1;1;
202300006329;155669317;A01;1;7;0;2;1;15;1;
202300006329;155669319;B01;2;7;0;2;6;1;1;
202300006330;155669313;B01;1;7;0;2;1;5;0;
202300006330;155669316;A01;2;7;0;2;1;1;0;
202300006331;155669315;A01;1;7;0;2;3;13;1;
202300006331;155669318;B01;1;80;0;2;7;5;3;
202300006332;155669312;A01;2;2;0;2;1;1;1;
202300006332;155669314;B01;2;7;0;2;2;1;1;
202300006333;155669309;B01;2;7;17;0;3;17;1;
202300006333;155669310;A01;2;37;0;0;0;17;1;1.0
202300006334;155669308;B01;2;7;0;2;2;0;0;
202300006334;155669311;A01;0;7;0;2;3;1;0;
202300006335;155669304;A01;1;40;0;1;1;1;3;
202300006336;155669305;Z01;1;7;0;2;3;10;1;
202300006336;155669307;B01;1;30;0;2;2;2;1;
202300006337;155669302;A01;1;7;11;0;2;1;1;
202300006338;155669301;B01;3;39;0;2;2;1;3;
202300006338;155669306;A01;3;32;0;4;9;1;1;
202300006339;155669300;A01;1;7;0;2;3;15;1;
202300006339;155669303;B01;2;1;0;2;1;1;5;
202300006340;155669295;A01;2;7;0;2;3;1;1;
202300006340;155669298;B01;2;1;0;2;4;19;5;
202300006341;155669292;B01;2;7;0;2;1;15;1;
202300006341;155669296;A01;1;31;0;2;1;1;1;
202300006342;155669293;A01;3;7;1;0;1;1;1;
202300006343;155669291;A01;2;7;0;9;3;15;1;
202300006343;155669297;B01;2;1;14;2;1;17;5;
202300006344;155669294;A01;2;7;0;2;1;16;1;
202300006344;155669299;B01;1;1;0;2;8;13;5;
202300006345;155669289;A01;2;31;13;0;1;13;1;
202300006346;155669288;B01;1;50;0;2;2;15;3;
202300006346;155669290;A01;2;7;0;2;3;1;1;
202300006347;155669284;A01;3;7;0;2;1;13;1;
202300006347;155669286;B01;0;7;0;2;1;1;1;
202300006348;155669279;A01;2;10;0;2;1;1;1;
202300006348;155669281;B01;2;7;0;2;4;1;1;
202300006349;155669280;B01;1;7;0;2;3;11;1;
202300006349;155669282;A01;1;7;0;2;2;11;1;
202300006350;155669283;A01;1;7;0;2;3;15;2;
202300006350;155669285;B01;2;1;0;2;1;1;5;
202300006351;155669276;A01;1;7;0;2;3;11;1;
202300006351;155669278;B01;3;33;0;2;6;1;1;
202300006352;155669273;B01;3;7;0;2;4;2;1;
202300006352;155669277;A01;3;7;0;2;1;2;1;
202300006353;155669271;A01;1;7;0;2;3;15;1;
202300006353;155669275;B01;1;32;0;2;1;1;1;
202300006354;155669272;A01;2;10;0;1;1;2;1;
202300006355;155669264;B01;1;7;7;0;4;2;1;
202300006355;155669267;A01;1;7;0;2;1;2;1;
202300006356;155669266;A01;1;33;0;2;1;2;1;
202300006356;155669269;B01;1;10;0;2;6;2;1;
202300006357;155669263;A01;0;7;0;2;1;2;1;
202300006357;155669268;B01;0;32;0;2;4;23;1;
202300006358;155669261;A01;1;15;2;0;1;13;1;
202300006359;155669255;B01;1;31;0;2;7;1;1;
202300006359;155669260;A01;3;10;0;2;8;9;1;
202300006360;155669257;C01;1;10;0;2;4;2;1;
202300006360;155669259;B01;1;7;0;2;4;2;2;
202300006360;155669262;A01;1;7;0;2;1;2;1;
202300006361;155669256;A01;1;7;6;0;2;1;1;
202300006362;155669254;B01;2;1;0;0;1;5;5;
202300006362;155669258;A01;1;0;0;9;0;1;0;
202300006363;155669252;B01;1;7;0;2;2;26;1;
202300006363;155669253;A01;2;7;0;2;1;9;1;
202300006364;155669251;A01;3;7;2;0;3;1;1;
202300006365;155669249;A01;3;10;0;1;4;4;1;
202300006366;155669247;A01;2;33;1;0;3;1;1;
202300006366;155669250;B01;2;7;0;2;5;24;1;
202300006367;155669246;A01;0;7;0;2;1;1;1;
202300006367;155669248;B01;0;7;0;2;4;23;1;
202300006368;155669243;A01;1;7;2;9;1;1;1;
202300006369;155669242;A01;2;7;0;2;5;17;0;
202300006369;155669245;B01;2;21;0;2;3;15;6;
202300006370;155669241;A01;2;50;0;0;0;1;3;
202300006371;155669240;A01;3;80;0;1;1;1;3;
202300006372;155669238;A01;2;15;0;1;0;1;1;
202300006373;155669234;A01;3;7;0;2;1;11;1;
202300006373;155669237;B01;3;7;0;2;2;1;1;
202300006373;155669239;C01;3;7;0;2;2;1;1;
202300006374;155669232;A01;2;10;2;0;1;14;1;
202300006375;155669230;B01;1;7;0;2;3;1;1;
202300006375;155669236;A01;2;7;0;2;4;5;1;
202300006376;155669229;C01;1;7;0;2;4;23;1;
202300006376;155669231;B01;1;7;0;2;4;23;1;
202300006376;155669235;A01;1;7;0;2;1;1;1;
202300006377;155669228;Z01;1;7;0;2;3;1;0;
202300006377;155669233;A01;1;30;0;2;2;1;1;
202300006378;155669227;A01;3;7;13;0;0;0;1;
202300006379;155669226;A01;3;10;0;1;3;16;0;
202300006380;155669222;A01;1;10;0;2;1;11;1;
202300006380;155669224;B01;2;10;0;2;1;0;1;
202300006381;155669219;A01;1;7;0;2;3;22;0;
202300006381;155669223;B01;1;1;0;2;1;1;5;
202300006382;155669217;B01;2;7;0;2;3;1;1;
202300006382;155669221;A01;1;7;0;2;3;0;1;
202300006383;155669220;A01;2;7;1;2;1;1;1;
202300006383;155669225;B01;2;7;0;2;4;23;1;
202300006384;155669214;B01;2;7;0;2;6;1;1;
202300006384;155669216;A01;2;7;0;2;1;26;1;
202300006384;155669218;C01;2;7;0;2;1;1;1;
202300006385;155669213;A01;1;7;0;1;3;1;0;
202300006386;155669211;A01;1;99;0;2;1;1;1;
202300006386;155669215;B01;2;33;0;2;7;1;1;
202300006387;155669210;A01;1;7;2;0;1;1;1;
202300006388;155669209;A01;2;7;0;2;8;20;1;
202300006388;155669212;B01;2;2;0;2;1;1;1;
202300006389;155669205;B01;3;7;0;2;3;1;1;
202300006389;155669208;A01;3;1;0;2;1;19;5;
202300006390;155669203;A01;3;7;0;0;0;0;0;
202300006390;155669207;B01;3;1;0;0;0;0;5;
202300006391;155669199;A01;3;7;0;2;1;15;1;
202300006391;155669204;B01;2;33;0;2;1;17;1;
202300006392;155669198;B01;2;15;0;2;1;1;1;
202300006392;155669201;A01;1;7;0;2;1;13;1;
202300006392;155669206;C01;1;43;0;0;0;17;1;
202300006393;155669200;A01;1;10;0;2;3;15;1;
202300006393;155669202;B01;1;33;0;2;7;17;1;
202300006394;155669196;A01;2;7;0;1;2;2;1;
202300006395;155669195;A01;3;7;0;0;4;26;0;
202300006395;155669197;Z01;3;7;0;0;1;2;0;
202300006396;155669193;A01;3;7;0;1;8;0;4;
202300006397;155669192;A01;1;7;1;0;2;1;1;
202300006398;155669190;B01;3;21;0;2;8;1;1;
202300006398;155669194;A01;3;7;0;2;1;9;1;
202300006399;155669188;A01;2;33;0;2;3;17;1;
202300006399;155669191;B01;2;7;0;2;6;15;1;
202300006400;155669184;A01;2;7;0;1;3;1;0;
202300006401;155669186;A01;3;30;0;2;1;17;1;
202300006401;155669189;B01;3;7;0;2;3;15;1;
202300006402;155669183;A01;0;7;0;0;6;10;0;
202300006402;155669185;B01;1;33;0;2;1;17;1;
202300006403;155669187;A01;2;50;0;0;9;1;3;
202300006404;155669182;A01;3;7;0;1;1;1;1;
202300006405;155669181;A01;1;7;6;0;5;1;1;
202300006406;155669179;A01;2;7;0;1;1;26;1;
202300006407;155669176;A01;2;80;8;0;1;17;3;
202300006408;155669174;B01;3;10;0;2;2;1;3;
202300006408;155669178;Z01;3;7;0;2;0;0;0;
202300006409;155669172;A01;2;7;0;2;1;2;1;
202300006409;155669175;B01;2;7;0;2;4;2;1;
202300006410;155669168;A01;1;7;0;2;6;23;1;
202300006410;155669170;B01;1;7;0;2;2;2;1;
202300006411;155669167;A01;2;7;13;0;1;1;0;
202300006412;155669165;A01;1;7;0;2;1;1;0;
202300006412;155669169;B01;2;7;0;2;1;5;0;
202300006413;155669163;A01;2;7;0;2;1;16;1;
202300006413;155669166;B01;2;50;0;2;8;7;3;
202300006414;155669159;Z01;1;7;0;2;2;2;0;
202300006414;155669162;B01;1;1;0;2;8;2;5;
202300006415;155669161;A01;3;7;0;2;2;16;1;
202300006415;155669164;B01;3;1;0;2;8;1;5;
202300006416;155669158;A01;2;33;0;0;2;9;1;
202300006417;155669157;A01;2;7;0;1;3;1;1;
202300006418;155669156;B01;2;7;0;0;3;1;1;
202300006418;155669160;A01;1;7;0;2;1;1;1;
202300006419;155669155;A01;1;7;0;1;7;1;1;
202300006420;155669152;A01;2;7;1;0;1;1;1;
202300006421;155669149;A01;1;7;0;2;3;5;1;
202300006421;155669153;B01;2;7;0;2;3;24;6;
202300006422;155669148;A01;3;7;0;2;1;9;1;
202300006422;155669151;B01;3;33;0;2;7;1;1;
202300006423;155669145;A01;1;7;0;0;9;0;1;
202300006424;155669144;B01;1;50;0;2;7;19;3;
202300006424;155669147;A01;2;7;0;2;1;9;1;
202300006425;155669142;A01;3;7;0;1;0;0;0;
202300006426;155669143;A01;1;7;0;2;6;15;0;
202300006426;155669146;B01;1;33;0;2;6;1;0;
202300006427;155669140;B01;1;7;0;2;6;20;2;
202300006427;155669141;A01;1;7;0;2;1;1;1;
202300006428;155669138;A01;1;7;9;0;1;0;0;
202300006429;155669136;A01;1;1;0;0;0;23;5;
202300006430;155669131;A01;1;1;0;0;0;26;5;
202300006431;155669130;A01;1;7;0;2;1;15;1;
202300006431;155669133;B01;2;30;0;2;8;1;1;
202300006432;155669127;A01;2;7;3;2;2;0;0;
202300006432;155669132;B01;2;7;3;0;4;9;0;
202300006433;155669126;A01;1;7;0;2;2;15;1;
202300006433;155669129;B01;2;1;0;2;1;1;5;
202300006434;155669125;A01;1;36;0;2;1;13;1;
202300006434;155669128;B01;2;7;0;2;1;1;1;
202300006435;155669124;A01;-1;1;0;0;0;26;5;
202300006436;155669120;A01;2;7;0;2;3;13;1;
202300006436;155669122;B01;1;7;0;2;3;0;2;
202300006437;155669119;A01;1;50;0;2;1;1;3;
202300006437;155669121;B01;2;7;0;2;1;1;1;
202300006438;155669117;A01;2;37;0;2;4;1;1;3.0
202300006438;155669123;B01;2;7;0;2;4;9;1;
202300006439;155669112;A01;1;7;2;0;9;17;1;
202300006440;155669110;A01;1;7;14;2;9;1;1;
202300006440;155669114;C01;1;7;0;2;1;1;1;
202300006440;155669116;B01;1;14;0;2;3;0;1;
202300006441;155669109;A01;1;30;0;2;2;2;1;
202300006441;155669113;B01;1;7;0;2;6;2;1;
202300006442;155669108;A01;1;7;8;2;1;21;3;
202300006442;155669111;B01;0;7;0;0;0;0;1;
202300006443;155669106;A01;1;10;0;2;1;2;1;
202300006443;155669115;B01;1;7;0;2;4;1;1;
202300006443;155669118;C01;1;10;0;2;1;2;1;
202300006444;155669103;A01;1;33;0;2;1;3;1;
202300006444;155669107;B01;1;7;0;0;5;1;1;
202300006445;155669101;B01;2;1;0;2;1;16;5;
202300006445;155669105;A01;2;2;0;2;2;1;1;
202300006446;155669099;B01;1;7;0;2;1;16;1;
202300006446;155669104;A01;2;43;1;2;7;19;1;
202300006447;155669098;A01;2;7;0;0;5;23;1;
202300006447;155669102;B01;2;33;0;2;1;2;1;
202300006448;155669095;B01;1;14;0;2;3;1;1;
202300006448;155669097;A01;2;7;0;2;3;1;1;
202300006449;155669096;B01;2;33;0;2;1;1;1;
202300006449;155669100;A01;1;7;0;2;2;15;1;
202300006450;155669093;A01;2;7;9;0;2;1;1;
202300006451;155669090;B01;1;10;0;2;4;1;1;
202300006451;155669094;A01;1;7;0;2;1;1;1;
202300006452;155669089;A01;0;0;0;1;0;0;0;
202300006453;155669087;D01;1;17;0;2;6;13;1;
202300006453;155669091;B01;1;7;0;2;6;2;1;
202300006454;155669088;A01;2;7;0;2;5;1;1;
202300006454;155669092;B01;2;7;0;2;0;2;1;
202300006455;155669086;A01;2;7;6;0;1;13;1;
202300006456;155669084;A01;1;7;0;1;1;21;1;
202300006457;155669083;A01;1;7;0;2;6;13;1;
202300006457;155669085;B01;1;33;0;2;1;1;1;
202300006458;155669078;B01;3;7;0;2;8;1;0;
202300006458;155669082;A01;3;7;0;2;1;1;1;
202300006459;155669077;A01;3;10;0;9;0;0;0;
202300006459;155669080;B01;3;1;0;2;0;0;5;
202300006460;155669079;B01;1;1;0;2;1;1;5;
202300006460;155669081;A01;2;7;0;2;1;15;1;
202300006461;155669075;A01;2;7;0;2;1;1;1;
202300006462;155669074;A01;3;7;0;2;8;19;1;
202300006462;155669076;B01;3;32;0;2;1;1;1;
202300006463;155669073;A01;1;1;0;0;0;0;5;
202300006464;155669069;A01;1;7;0;9;2;15;1;
202300006464;155669071;B01;2;1;0;2;8;1;5;
202300006465;155669067;A01;1;7;0;2;3;11;1;
202300006465;155669070;B01;1;33;0;2;3;1;1;
202300006466;155669065;Z01;0;2;0;1;1;26;0;
202300006467;155669064;A01;1;7;0;2;1;1;1;
202300006467;155669068;B01;1;1;0;2;0;0;5;
202300006468;155669066;A01;2;7;0;1;3;1;0;
202300006469;155669063;A01;1;7;15;0;7;1;1;
202300006470;155669059;A01;3;7;0;1;1;1;1;
202300006471;155669057;B01;1;10;0;2;6;2;1;
202300006471;155669061;A01;1;33;0;2;1;2;1;
202300006472;155669058;A01;1;2;0;0;4;2;1;
202300006472;155669062;B01;1;2;0;0;1;2;1;
202300006473;155669056;B01;3;50;0;2;1;19;3;
202300006473;155669060;A01;3;7;0;9;3;1;1;
202300006474;155669055;A01;1;7;13;0;1;13;1;
202300006475;155669050;A01;2;7;0;0;3;1;1;
202300006475;155669053;B01;1;7;0;2;3;5;1;
202300006476;155669051;A01;3;7;0;1;1;1;1;
202300006477;155669049;A01;2;7;0;1;1;1;0;
202300006478;155669052;B01;1;7;0;2;1;0;1;
202300006478;155669054;A01;2;7;0;2;1;0;1;
202300006479;155669047;A01;2;7;0;2;2;1;1;
202300006479;155669048;B01;2;7;0;2;8;20;1;
202300006480;155669044;A01;1;7;0;0;6;1;1;
202300006480;155669046;B01;1;7;0;2;1;1;1;
202300006481;155669045;A01;3;10;12;1;5;16;1;
202300006482;155669040;A01;1;7;0;2;3;0;0;
202300006482;155669042;B01;1;7;0;2;3;1;0;
202300006483;155669039;B01;1;7;0;2;9;2;1;
202300006483;155669041;C01;1;7;0;2;4;1;1;
202300006483;155669043;A01;1;7;0;2;1;2;1;
202300006484;155669034;B01;1;38;0;2;3;1;1;1.0
202300006484;155669037;A01;2;7;0;2;1;13;1;
202300006485;155669035;A01;3;7;0;2;2;16;1;
202300006485;155669038;B01;3;1;0;2;8;0;5;
202300006486;155669033;A01;3;10;0;2;1;13;1;
202300006486;155669036;B01;3;7;0;2;1;1;1;
202300006487;155669030;B01;3;1;0;2;7;15;5;
202300006487;155669032;A01;3;10;0;2;1;9;1;
202300006488;155669031;A01;0;7;0;0;0;1;1;
202300006489;155669029;A01;1;33;7;0;1;1;1;
202300006490;155669028;A01;1;14;0;1;2;1;1;
202300006491;155669024;B01;1;10;0;2;4;1;1;
202300006491;155669026;A01;1;10;0;2;1;2;1;
202300006492;155669023;A01;1;7;0;2;1;15;1;
202300006492;155669027;B01;2;1;0;2;1;2;5;
202300006493;155669021;A01;1;7;15;0;1;1;1;
202300006494;155669022;B01;1;7;0;2;1;17;1;
202300006494;155669025;A01;2;7;0;2;1;1;1;
202300006495;155669018;A01;1;7;6;0;3;16;1;
202300006496;155669017;A01;1;7;0;1;1;1;1;
202300006497;155669015;A01;2;10;0;9;3;22;1;
202300006497;155669019;B01;2;50;1;0;2;1;3;
202300006498;155669013;B01;1;31;0;2;1;1;1;
202300006498;155669020;A01;0;10;1;2;8;19;1;
202300006499;155669014;A01;1;33;0;2;1;2;1;
202300006499;155669016;B01;1;7;0;0;4;15;1;
202300006500;155669008;A01;3;7;0;2;1;26;1;
202300006500;155669011;B01;3;33;0;2;8;1;1;
202300006501;155669009;B01;1;1;0;2;7;15;5;
202300006501;155669012;A01;1;7;0;2;2;1;0;
202300006502;155669007;A01;1;7;0;2;2;19;1;
202300006502;155669010;B01;2;30;0;2;1;1;1;
202300006503;155669006;A01;3;7;0;1;3;1;1;
202300006504;155669003;A01;1;7;0;9;1;1;1;
202300006504;155669004;B01;1;1;0;2;4;1;5;
202300006505;155669000;A01;3;7;0;1;1;20;1;
202300006506;155668999;A01;2;7;13;0;2;14;1;
202300006507;155668997;A01;1;7;0;9;9;1;0;
202300006508;155668996;A01;1;7;9;0;1;1;1;
202300006509;155668995;A01;3;7;13;0;0;26;1;
202300006510;155668994;A01;1;34;0;1;1;1;1;
202300006511;155668991;B01;2;7;0;2;3;2;1;
202300006511;155668992;A01;1;7;0;2;3;13;1;
202300006512;155668989;A01;2;1;0;0;9;1;5;
202300006513;155668987;C01;2;43;0;2;3;3;1;
202300006513;155668990;A01;2;14;0;2;8;1;1;
202300006513;155668993;B01;2;7;0;2;5;1;1;
202300006514;155668984;B01;3;80;0;2;1;1;3;
202300006514;155668988;A01;3;7;0;2;3;15;1;
202300006515;155668981;B01;2;15;0;2;8;1;1;
202300006515;155668983;C01;2;7;0;0;2;1;2;
202300006515;155668985;A01;1;10;0;2;8;1;1;
202300006516;155668980;A01;1;33;0;0;0;12;1;
202300006517;155668982;A01;0;34;0;2;1;1;1;
202300006517;155668986;B01;0;10;0;0;6;15;1;
202300006518;155668978;A01;1;7;0;2;7;10;1;
202300006518;155668979;B01;1;7;0;2;3;1;1;
202300006519;155668976;A01;2;7;0;1;1;1;1;
202300006520;155668973;A01;1;43;12;0;1;26;1;
202300006521;155668972;C01;1;7;0;2;8;23;1;
202300006521;155668975;A01;2;7;0;2;2;16;1;
202300006521;155668977;B01;2;2;0;2;1;18;1;
202300006522;155668970;A01;2;36;13;0;1;23;1;
202300006523;155668971;B01;3;60;0;2;4;1;5;
202300006523;155668974;A01;3;7;0;9;1;1;1;
202300006524;155668967;A01;3;7;0;1;1;1;1;
202300006525;155668964;A01;2;7;8;0;1;1;1;
202300006526;155668963;B01;-1;10;0;2;1;-1;1;
202300006526;155668969;A01;-1;10;0;2;1;-1;1;
202300006527;155668960;D01;1;7;0;2;6;2;1;
202300006527;155668962;C01;1;7;0;2;1;14;1;
202300006527;155668966;B01;1;10;0;2;8;2;1;
202300006527;155668968;A01;1;7;0;2;8;2;1;
202300006528;155668961;A01;1;7;0;9;1;17;1;
202300006528;155668965;B01;2;1;0;2;7;15;5;
202300006529;155668958;A01;2;7;2;0;3;13;1;
202300006530;155668957;A01;2;7;15;0;1;14;1;
202300006531;155668956;A01;2;7;0;2;1;13;1;
202300006531;155668959;B01;1;7;0;2;3;1;1;
202300006532;155668953;A01;3;7;0;1;1;1;1;
202300006533;155668952;A01;2;33;12;0;8;1;1;
202300006534;155668950;B01;1;7;0;0;6;23;1;
202300006534;155668954;A01;1;7;0;0;2;11;1;
202300006535;155668951;B01;1;7;0;2;9;17;1;
202300006535;155668955;A01;1;10;0;2;4;2;1;
202300006536;155668946;A01;3;33;15;0;1;26;1;
202300006537;155668944;A01;1;7;0;2;1;2;1;
202300006537;155668948;B01;1;30;0;0;4;2;1;
202300006538;155668949;A01;2;7;2;0;9;1;1;
202300006539;155668945;A01;3;7;0;2;2;1;1;
202300006539;155668947;B01;0;7;0;0;0;0;0;
202300006540;155668938;A01;1;7;0;2;3;5;1;
202300006540;155668942;B01;2;7;0;2;3;1;1;
202300006541;155668939;B01;1;50;0;2;8;1;3;
202300006541;155668943;A01;2;7;0;2;3;15;1;
202300006542;155668935;A01;1;30;0;0;0;1;1;
202300006543;155668933;A01;2;7;0;2;1;2;2;
202300006543;155668934;B01;2;10;0;2;4;2;1;
202300006544;155668932;B01;1;7;0;2;4;2;1;
202300006544;155668937;C01;1;7;0;2;4;2;1;
202300006544;155668940;A01;1;7;0;2;1;2;1;
202300006545;155668928;B01;3;33;0;2;0;0;1;
202300006545;155668930;A01;3;33;0;2;0;0;1;
202300006546;155668927;B01;3;50;0;2;1;19;3;
202300006546;155668929;A01;3;7;0;2;3;1;1;
202300006547;155668931;A01;1;14;0;2;4;2;1;
202300006547;155668941;B01;1;10;0;2;1;2;1;
202300006548;155668924;A01;1;7;0;2;5;1;1;
202300006548;155668926;B01;2;7;0;2;2;1;0;
202300006549;155668921;A01;1;7;0;2;2;1;2;
202300006549;155668925;B01;1;1;0;2;2;1;5;
202300006550;155668920;A01;1;7;0;2;3;13;1;
202300006550;155668923;B01;2;7;0;2;6;17;1;
202300006551;155668922;A01;0;7;0;2;3;1;1;
202300006551;155668936;B01;0;7;0;2;1;1;1;
202300006552;155668919;A01;1;7;0;1;1;1;3;
202300006553;155668915;B01;1;7;0;2;4;1;1;
202300006553;155668918;A01;2;10;0;2;1;2;1;
202300006554;155668914;B01;1;10;0;2;1;1;1;
202300006554;155668917;A01;1;7;0;2;9;1;1;
202300006555;155668911;A01;2;7;0;2;3;1;1;
202300006555;155668913;B01;1;7;0;2;2;15;1;
202300006556;155668908;A01;2;2;0;0;8;1;1;
202300006557;155668907;A01;3;7;0;2;2;19;0;
202300006557;155668909;B01;3;33;0;2;1;1;1;
202300006558;155668912;Z01;2;7;0;2;2;12;1;
202300006558;155668916;B01;2;34;0;2;8;1;1;
202300006559;155668905;B01;3;2;0;2;1;13;1;
202300006559;155668906;A01;3;7;0;2;3;0;1;
202300006560;155668904;A01;1;7;0;1;1;1;1;
202300006561;155668902;A01;2;1;0;1;1;1;5;
202300006562;155668901;A01;3;7;0;2;1;19;1;
202300006562;155668903;B01;3;1;0;0;8;0;5;
202300006563;155668900;A01;1;7;10;0;1;13;1;
202300006564;155668898;A01;2;7;0;1;1;1;1;
202300006565;155668897;A01;1;7;0;2;1;13;1;
202300006565;155668899;B01;2;7;0;2;1;1;1;
202300006565;155668910;C01;2;7;13;0;0;14;0;
202300006566;155668892;B01;0;1;0;2;1;1;5;
202300006566;155668895;A01;0;7;0;9;1;1;0;
202300006567;155668891;A01;2;33;0;2;2;17;1;
202300006567;155668894;B01;2;7;0;2;3;11;1;
202300006568;155668893;A01;1;10;0;2;2;16;1;
202300006568;155668896;Y01;1;1;0;2;1;16;5;
202300006569;155668890;A01;3;7;2;0;8;0;0;
202300006570;155668888;B01;1;7;3;2;6;2;1;
202300006570;155668889;A01;1;7;0;2;1;2;1;
202300006571;155668885;A01;2;7;2;0;9;26;1;
202300006572;155668883;A01;2;10;0;2;8;1;1;
202300006572;155668887;B01;1;1;0;2;1;1;5;
202300006573;155668884;Z01;1;7;0;1;4;1;1;
202300006574;155668882;B01;1;7;0;2;8;15;-1;
202300006574;155668886;A01;1;7;0;2;2;1;1;
202300006575;155668874;A01;2;30;0;2;1;1;3;
202300006575;155668879;B01;2;7;0;2;4;1;3;
202300006576;155668875;B01;2;14;0;2;2;2;1;
202300006576;155668880;A01;2;7;0;2;2;14;1;
202300006576;155668881;C01;2;7;0;2;6;1;3;
202300006577;155668873;A01;1;10;0;2;5;4;1;
202300006577;155668878;B01;1;33;0;2;1;1;1;
202300006578;155668872;A01;1;7;0;2;1;2;1;
202300006578;155668877;B01;1;7;0;2;4;2;1;
202300006579;155668871;B01;1;7;0;2;2;1;1;
202300006579;155668876;A01;2;10;0;2;8;13;1;
202300006580;155668864;A01;0;7;0;2;5;9;1;
202300006580;155668870;B01;0;50;0;2;1;1;3;
202300006581;155668865;A01;2;50;0;1;1;1;3;
202300006582;155668863;Z01;2;7;0;2;2;14;1;
202300006582;155668867;B01;2;15;0;2;8;1;1;
202300006582;155668869;A01;2;7;0;2;8;1;1;
202300006583;155668860;A01;3;10;0;1;4;20;3;
202300006584;155668859;A01;2;10;0;2;2;14;1;
202300006584;155668861;B01;2;32;0;2;3;0;1;
202300006585;155668855;A01;2;34;0;0;7;3;3;
202300006586;155668854;C01;2;7;0;2;2;1;1;
202300006586;155668856;D01;2;7;0;2;8;1;1;
202300006586;155668857;A01;1;7;0;2;1;1;1;
202300006586;155668858;B01;2;7;0;2;4;1;1;
202300006586;155668862;E01;2;10;0;2;7;1;1;
202300006587;155668868;A01;0;7;13;0;3;0;1;
202300006588;155668866;A01;3;7;0;1;3;15;1;
202300006589;155668849;A01;2;33;0;2;6;11;1;
202300006589;155668851;B01;2;7;0;2;1;3;1;
202300006590;155668847;A01;1;33;6;0;1;1;1;
202300006591;155668846;B01;3;7;0;2;3;2;1;
202300006591;155668848;A01;3;33;0;2;5;2;1;
202300006592;155668852;A01;1;7;0;2;0;15;2;
202300006592;155668853;B01;2;32;0;2;0;21;0;
202300006593;155668845;A01;1;7;7;0;1;1;1;
202300006594;155668844;A01;1;7;13;0;1;1;1;
202300006595;155668840;A01;3;7;0;2;3;23;1;
202300006595;155668842;Z01;3;7;0;2;4;4;1;
202300006596;155668837;A01;0;36;0;0;0;0;1;
202300006597;155668838;A01;1;99;0;2;3;11;1;
202300006597;155668839;C01;1;7;0;2;5;1;1;
202300006597;155668841;B01;1;33;0;2;2;3;1;
202300006598;155668843;B01;2;7;0;2;4;1;1;
202300006598;155668850;A01;2;10;0;2;1;1;1;
202300006599;155668832;A01;2;7;0;2;2;5;1;
202300006599;155668834;B01;1;33;0;2;1;1;1;
202300006600;155668830;B01;3;7;1;0;8;26;1;
202300006600;155668835;A01;2;7;1;0;1;26;1;
202300006601;155668827;A01;2;7;0;2;1;2;1;
202300006601;155668829;B01;2;7;0;2;4;2;1;
202300006601;155668831;C01;2;7;0;2;4;2;1;
202300006601;155668833;D01;2;7;0;2;0;0;0;
202300006602;155668826;A01;2;7;0;1;3;1;1;
202300006603;155668824;A01;1;7;7;6;1;1;2;
202300006604;155668819;D01;1;10;0;2;4;2;1;
202300006604;155668821;C01;1;7;0;2;4;2;1;
202300006604;155668823;B01;1;7;0;2;4;2;1;
202300006604;155668825;A01;1;7;0;2;1;0;1;
202300006605;155668828;A01;2;14;0;2;1;1;1;
202300006605;155668836;B01;3;60;0;2;7;19;5;
202300006606;155668818;B01;1;30;0;2;1;2;0;
202300006606;155668820;A01;2;7;0;2;3;26;0;
202300006607;155668816;A01;2;7;3;0;9;2;1;
202300006608;155668814;B01;2;7;0;2;8;1;1;
202300006608;155668815;A01;2;15;0;2;2;12;1;
202300006609;155668811;A01;3;7;0;2;1;1;1;
202300006609;155668813;B01;3;1;0;2;1;1;5;
202300006610;155668812;A01;2;2;12;0;1;1;1;
202300006611;155668817;B01;1;1;0;2;8;1;5;
202300006611;155668822;A01;1;7;0;2;7;16;1;
202300006612;155668809;B01;2;33;0;2;8;1;1;
202300006612;155668810;A01;2;7;0;2;7;12;1;
202300006613;155668808;A01;1;1;0;0;-1;1;5;
202300006614;155668807;A01;2;32;12;0;0;13;1;
202300006615;155668800;A01;2;7;0;2;2;1;1;
202300006615;155668803;C01;2;7;0;2;1;1;1;
202300006615;155668805;B01;2;15;0;2;6;2;1;
202300006616;155668802;A01;1;7;0;2;1;15;1;
202300006616;155668806;B01;1;34;0;2;8;1;1;
202300006617;155668799;B01;1;50;0;2;3;1;3;
202300006617;155668804;A01;2;7;0;2;1;9;1;