Num_Acc;id_vehicule;num_veh;senc;catv;obs;obsm;choc;manv;motor;occutc
202300006618;155668798;Z01;2;7;0;1;8;8;2;
202300006619;155668792;A01;1;2;0;2;1;5;1;
202300006619;155668797;B01;2;36;0;0;8;26;1;
202300006620;155668793;B01;2;7;0;2;4;1;1;
202300006620;155668796;A01;2;43;0;2;1;1;1;
202300006621;155668790;B01;1;7;0;2;1;1;3;
202300006621;155668794;A01;1;31;0;2;5;16;1;
202300006622;155668789;A01;2;50;0;1;2;1;3;
202300006623;155668784;A01;1;7;0;1;2;1;1;
202300006624;155668785;A01;2;7;0;0;0;20;1;
202300006624;155668788;B01;2;35;0;0;0;1;1;
202300006625;155668781;B01;1;7;0;0;0;0;1;
202300006625;155668787;A01;1;7;0;0;0;0;1;
202300006626;155668780;Z01;2;1;0;2;1;1;5;
202300006626;155668783;A01;2;1;0;2;4;16;5;
202300006627;155668778;A01;3;1;12;0;7;26;5;
202300006628;155668777;A01;1;7;0;2;1;3;1;
202300006628;155668779;B01;1;32;0;2;1;1;1;
202300006629;155668775;A01;3;32;0;1;1;1;1;
202300006630;155668772;A01;0;7;0;1;4;4;1;
202300006631;155668770;B01;3;2;0;2;2;15;1;
202300006631;155668773;A01;3;10;0;2;3;1;0;
202300006632;155668767;A01;2;7;0;1;2;19;1;
202300006633;155668769;A01;1;7;2;0;1;1;1;
202300006634;155668764;B01;2;37;0;1;1;1;6;1.0
202300006635;155668762;A01;1;7;0;2;1;9;1;
202300006635;155668765;B01;2;50;0;2;7;1;3;
202300006636;155668763;A01;3;7;0;1;4;4;1;
202300006637;155668756;A01;1;7;0;2;2;2;0;
202300006637;155668759;C01;1;7;0;2;6;2;0;
202300006637;155668760;B01;1;33;0;2;3;2;1;
202300006638;155668753;A01;0;7;0;2;3;15;1;
202300006638;155668757;B01;0;1;0;2;0;19;5;
202300006639;155668761;A01;1;33;14;1;2;19;6;
202300006640;155668751;A01;3;7;0;1;5;1;1;
202300006641;155668749;B01;3;33;0;2;3;1;1;
202300006641;155668752;A01;3;7;0;2;2;15;1;
202300006642;155668755;A01;2;7;6;0;3;1;1;
202300006643;155668748;A01;1;7;0;9;3;9;1;
202300006643;155668750;B01;1;80;0;2;1;0;3;
202300006644;155668745;A01;1;7;3;0;3;12;1;
202300006645;155668743;A01;1;7;0;2;1;2;1;
202300006645;155668747;B01;1;7;0;2;4;2;1;
202300006646;155668741;A01;2;7;15;0;1;16;1;
202300006647;155668742;B01;1;7;0;2;4;23;1;
202300006647;155668746;A01;1;7;0;2;1;1;1;
202300006648;155668738;A01;3;7;0;2;1;1;1;
202300006648;155668739;B01;3;2;0;2;6;2;1;
202300006649;155668737;Z01;1;10;0;1;2;1;1;
202300006650;155668734;A01;1;10;0;2;1;6;0;
202300006650;155668736;B01;1;7;0;0;7;1;1;
202300006651;155668732;A01;1;7;0;2;4;9;1;
202300006651;155668735;B01;1;7;0;2;1;0;1;
202300006652;155668729;B01;3;1;0;9;7;19;5;
202300006652;155668731;A01;1;7;0;9;1;1;1;
202300006653;155668730;A01;2;80;0;2;8;1;3;
202300006653;155668733;Z01;2;7;0;2;7;16;0;
202300006654;155668740;A01;1;7;0;2;2;1;1;
202300006654;155668744;B01;1;1;0;0;4;1;5;
202300006655;155668727;A01;1;7;0;0;6;15;1;
202300006655;155668728;B01;1;33;0;2;1;17;1;
202300006656;155668725;B01;0;10;0;2;1;1;0;
202300006656;155668726;A01;0;7;0;0;4;1;0;
202300006657;155668720;A01;3;14;0;1;2;20;1;
202300006658;155668721;A01;3;7;0;2;1;1;1;
202300006658;155668724;B01;3;1;0;2;2;15;5;
202300006659;155668718;A01;1;33;1;0;9;18;1;
202300006659;155668719;B01;1;10;0;2;5;24;1;
202300006660;155668713;A01;1;7;13;0;1;13;1;
202300006661;155668716;B01;0;33;0;2;2;17;1;
202300006661;155668723;A01;3;7;0;2;3;15;2;
202300006662;155668712;A01;1;7;0;2;8;22;1;
202300006662;155668715;B01;1;80;1;0;1;1;3;
202300006663;155668710;B01;3;7;0;2;0;0;0;
202300006663;155668717;A01;1;7;0;2;7;18;1;
202300006664;155668711;B01;1;15;0;2;2;12;1;
202300006664;155668722;A01;1;7;0;2;6;1;1;
202300006665;155668709;A01;2;7;0;2;2;16;1;
202300006665;155668714;B01;2;80;0;2;8;1;3;
202300006666;155668705;A01;1;34;0;2;1;2;1;
202300006666;155668708;B01;1;7;0;2;6;15;1;
202300006667;155668703;A01;3;7;0;1;5;26;1;
202300006668;155668702;A01;2;10;0;2;7;22;1;
202300006668;155668706;B01;2;1;1;0;1;1;5;
202300006669;155668699;A01;1;7;0;1;2;0;2;
202300006670;155668698;C01;3;60;0;2;1;1;5;
202300006670;155668701;A01;3;7;0;2;1;15;1;
202300006670;155668704;B01;3;50;0;2;1;1;3;
202300006671;155668695;A01;3;7;0;0;0;0;0;
202300006671;155668697;B01;3;33;0;2;0;0;0;
202300006672;155668696;A01;1;34;2;0;2;17;1;
202300006673;155668694;A01;1;7;0;1;1;1;1;
202300006674;155668690;A01;2;7;0;2;3;1;1;
202300006674;155668693;B01;0;2;0;2;1;1;1;
202300006675;155668685;B01;1;1;0;2;1;1;5;
202300006675;155668687;A01;1;7;0;2;7;16;1;
202300006676;155668686;A01;0;2;16;0;3;1;1;
202300006677;155668684;B01;1;1;0;2;1;16;5;
202300006677;155668689;A01;2;7;0;2;1;13;1;
202300006678;155668683;B01;2;7;0;2;2;2;1;
202300006678;155668691;A01;1;10;0;2;3;15;1;
202300006679;155668681;B01;1;7;0;2;4;23;1;
202300006679;155668688;Z01;1;7;0;2;1;1;0;
202300006680;155668682;A01;3;7;0;1;2;16;1;
202300006681;155668676;A01;2;1;0;1;0;15;5;
202300006682;155668678;A01;3;33;13;0;1;1;0;
202300006683;155668679;A01;3;7;0;1;4;4;1;
202300006684;155668675;A01;1;7;0;2;1;26;1;
202300006684;155668677;B01;2;7;0;2;3;23;1;
202300006685;155668673;A01;0;7;0;2;1;26;1;
202300006685;155668674;B01;0;33;0;2;0;1;1;
202300006686;155668671;A01;3;7;16;0;9;14;1;
202300006687;155668670;B01;1;50;0;2;8;19;3;
202300006688;155668672;A01;3;7;7;2;7;5;1;
202300006688;155668680;B01;3;7;7;2;1;15;1;
202300006689;155668669;A01;1;7;0;0;0;26;1;
202300006690;155668666;A01;0;7;0;2;5;15;1;
202300006690;155668668;B01;0;7;0;2;2;1;1;
202300006691;155668664;A01;1;7;15;0;1;1;1;
202300006692;155668662;B01;2;60;0;2;7;19;5;
202300006692;155668665;A01;2;7;0;2;1;1;1;
202300006693;155668659;A01;1;7;0;2;2;11;1;
202300006693;155668663;B01;2;32;0;2;1;1;1;
202300006694;155668660;B01;0;31;0;0;0;0;0;
202300006694;155668667;A01;0;7;0;0;0;0;1;
202300006695;155668658;B01;1;33;0;2;1;1;1;
202300006695;155668661;A01;2;7;0;2;5;10;1;
202300006696;155668657;A01;1;7;1;0;1;1;4;
202300006697;155668655;A01;0;50;0;1;1;5;3;
202300006698;155668654;A01;1;7;8;0;1;1;1;
202300006699;155668653;A01;2;7;11;2;1;6;1;
202300006699;155668656;B01;1;7;0;2;1;1;1;
202300006700;155668650;A01;1;7;0;1;3;1;1;
202300006701;155668649;B01;1;30;0;2;1;1;1;
202300006701;155668652;A01;2;7;0;2;1;15;1;
202300006702;155668647;A01;1;7;0;2;3;10;1;
202300006702;155668651;B01;2;30;0;2;1;1;1;
202300006703;155668645;A01;1;7;0;2;4;26;1;
202300006703;155668648;B01;1;2;0;2;1;26;3;
202300006704;155668644;A01;1;7;2;0;6;1;1;
202300006705;155668642;A01;3;37;0;1;0;1;0;1.0
202300006706;155668639;A01;1;7;0;0;4;23;1;
202300006706;155668641;B01;1;15;0;2;1;2;1;
202300006707;155668640;A01;3;7;0;1;1;1;1;
202300006708;155668637;A01;2;33;0;0;7;0;1;
202300006709;155668635;A01;1;7;0;2;5;1;0;
202300006709;155668638;B01;1;7;0;0;5;1;0;
202300006710;155668634;A01;1;7;0;1;1;2;1;
202300006711;155668636;A01;1;7;0;2;7;15;1;
202300006711;155668643;B01;2;7;0;2;1;1;1;
202300006712;155668630;A01;1;7;1;2;1;13;1;
202300006713;155668629;A01;0;7;0;1;4;20;1;
202300006714;155668628;A01;3;7;6;0;2;14;1;
202300006715;155668626;B01;1;80;0;2;8;2;3;
202300006715;155668627;A01;1;7;0;2;1;1;1;
202300006716;155668624;A01;1;7;1;0;3;26;1;
202300006717;155668622;A01;2;7;0;2;2;14;1;
202300006717;155668625;B01;2;15;0;2;6;1;1;
202300006718;155668620;A01;3;13;0;2;5;19;0;
202300006718;155668623;B01;3;2;0;2;1;1;0;
202300006719;155668616;B01;2;1;0;2;1;1;5;
202300006719;155668619;A01;2;7;0;0;2;1;1;
202300006720;155668615;A01;2;30;0;0;0;15;1;
202300006721;155668613;C01;1;7;0;0;1;14;1;
202300006721;155668618;A01;2;7;3;2;1;0;1;
202300006721;155668621;B01;1;7;0;2;1;0;1;
202300006722;155668614;B01;2;50;0;0;1;23;3;
202300006722;155668617;A01;1;7;0;0;1;13;6;
202300006723;155668612;A01;1;1;0;0;0;-1;5;
202300006724;155668609;A01;0;2;0;2;7;0;1;
202300006724;155668611;B01;0;7;0;2;0;0;1;
202300006725;155668607;A01;1;1;0;0;0;0;5;
202300006726;155668608;A01;2;1;12;0;0;25;5;
202300006727;155668605;A01;1;33;0;2;1;18;1;
202300006727;155668610;B01;1;7;0;2;2;16;1;
202300006728;155668604;A01;1;7;8;0;1;13;1;
202300006729;155668603;B01;1;1;0;2;4;2;5;
202300006729;155668606;A01;1;7;0;2;2;2;0;
202300006730;155668601;A01;1;1;0;0;0;0;5;
202300006731;155668599;A01;3;30;0;2;0;12;1;
202300006732;155668598;B01;1;43;0;2;8;1;1;
202300006732;155668602;A01;3;1;0;2;8;19;5;
202300006733;155668596;A01;2;7;0;1;1;1;1;
202300006734;155668597;A01;2;7;2;6;1;1;1;
202300006735;155668595;A01;2;1;0;2;1;1;5;
202300006735;155668600;B01;2;10;0;2;3;1;1;
202300006736;155668591;A01;2;13;0;2;3;1;0;
202300006736;155668593;B01;2;7;0;2;2;1;0;
202300006737;155668586;A01;1;7;0;2;3;15;1;
202300006737;155668592;B01;1;7;0;2;6;15;1;
202300006738;155668585;B01;1;34;0;2;7;2;1;
202300006738;155668589;A01;1;7;0;2;8;2;1;
202300006739;155668584;A01;1;10;0;2;1;2;1;
202300006739;155668588;B01;0;7;0;2;4;2;1;
202300006740;155668580;A01;2;7;12;0;2;1;1;
202300006741;155668578;B01;1;7;0;2;2;16;1;
202300006741;155668581;A01;1;34;0;2;3;7;1;
202300006742;155668579;A01;2;33;3;2;8;2;1;
202300006743;155668572;A01;1;2;0;2;8;15;1;
202300006743;155668575;B01;1;16;0;2;7;17;1;
202300006744;155668567;A01;1;10;0;2;1;19;1;
202300006744;155668573;B01;2;50;0;2;8;1;3;
202300006745;155668569;A01;0;7;0;2;3;15;1;
202300006745;155668576;B01;0;2;0;2;1;0;1;
202300006746;155668566;B01;3;60;0;2;0;0;5;
202300006746;155668571;A01;3;1;0;2;1;15;5;
202300006747;155668559;A01;1;7;0;0;6;2;0;
202300006747;155668564;B01;1;7;0;2;2;2;0;
202300006748;155668561;A01;2;7;0;2;1;1;1;
202300006748;155668565;B01;2;7;0;2;6;2;1;
202300006748;155668568;C01;2;7;0;2;5;2;1;
202300006749;155668558;A01;1;7;0;2;3;1;1;
202300006749;155668563;B01;2;3;0;2;3;1;1;
202300006750;155668557;A01;1;7;3;0;2;14;1;
202300006751;155668556;A01;0;7;0;2;8;9;1;
202300006751;155668560;B01;0;37;0;2;2;0;1;1.0
202300006752;155668554;A01;1;7;4;0;8;0;1;
202300006753;155668552;A01;1;30;9;0;1;26;1;
202300006754;155668550;A01;2;7;0;2;1;2;1;
202300006754;155668555;B01;2;7;0;0;9;2;1;
202300006755;155668549;A01;2;7;8;0;1;1;1;
202300006756;155668548;A01;1;33;0;2;0;1;1;
202300006757;155668546;A01;2;15;0;2;2;12;1;
202300006757;155668551;B01;2;7;0;2;6;1;2;
202300006758;155668544;A01;2;7;0;2;3;1;1;
202300006758;155668547;B01;1;34;0;2;3;1;1;
202300006759;155668542;A01;0;7;0;2;3;19;1;
202300006759;155668545;B01;0;37;0;2;3;15;1;4.0
202300006760;155668540;A01;2;7;0;2;2;2;1;
202300006760;155668543;B01;2;7;0;2;4;1;1;
202300006761;155668539;B01;0;33;0;2;2;1;1;
202300006761;155668541;A01;0;7;0;2;1;9;1;
202300006762;155668537;A01;3;34;9;0;1;1;1;
202300006763;155668536;A01;1;31;0;0;0;1;1;
202300006764;155668535;A01;1;7;0;2;2;12;1;
202300006764;155668538;B01;1;33;0;2;8;3;1;
202300006765;155668530;B01;3;7;0;2;3;16;1;
202300006765;155668533;A01;1;32;0;2;1;17;1;
202300006766;155668531;A01;1;99;0;2;1;1;3;
202300006766;155668534;B01;3;1;0;2;0;23;5;
202300006767;155668529;A01;3;30;0;1;1;24;1;
202300006768;155668528;A01;1;7;0;2;2;9;1;
202300006768;155668532;B01;2;33;0;2;2;1;1;
202300006769;155668527;A01;1;7;2;0;2;1;1;
202300006770;155668522;A01;2;7;0;2;1;9;0;
202300006770;155668526;B01;2;7;0;2;4;1;1;
202300006771;155668519;A01;1;7;0;2;1;2;0;
202300006771;155668524;B01;0;1;0;2;1;5;5;
202300006772;155668521;B01;1;1;0;2;8;1;5;
202300006772;155668525;A01;1;14;0;2;7;16;1;
202300006773;155668518;A01;1;1;0;2;1;2;5;
202300006773;155668523;B01;1;7;0;2;6;2;1;
202300006774;155668516;B01;2;7;0;2;8;15;1;
202300006774;155668520;A01;2;33;0;2;1;17;1;
202300006775;155668515;A01;3;7;0;2;8;19;1;
202300006775;155668517;B01;3;33;0;2;1;1;1;
202300006776;155668512;A01;1;7;12;1;3;26;6;
202300006777;155668510;A01;2;7;0;2;1;1;1;
202300006777;155668513;B01;1;10;0;2;1;1;1;
202300006778;155668506;A01;0;2;0;2;8;15;1;
202300006778;155668511;B01;1;7;0;2;1;1;1;
202300006779;155668504;A01;1;7;0;2;3;12;1;
202300006779;155668508;C01;1;7;0;2;2;1;1;
202300006779;155668514;B01;1;7;0;2;6;0;1;
202300006780;155668502;A01;2;32;0;2;1;1;1;
202300006780;155668505;B01;1;50;0;2;1;5;3;
202300006781;155668500;A01;2;7;0;2;1;2;1;
202300006781;155668503;B01;2;33;0;2;4;9;1;
202300006782;155668499;A01;3;37;0;2;0;21;6;5.0
202300006782;155668509;B01;3;50;0;0;0;19;3;
202300006783;155668501;A01;3;14;2;0;3;0;1;
202300006784;155668498;A01;3;33;0;0;0;1;1;
202300006785;155668494;B01;3;10;0;2;5;23;1;
202300006785;155668496;A01;3;31;0;2;1;1;1;
202300006786;155668495;A01;1;7;0;2;4;1;1;
202300006786;155668497;B01;1;7;0;2;1;1;1;
202300006787;155668493;A01;2;21;0;1;1;26;1;
202300006788;155668492;A01;1;30;11;0;6;26;1;
202300006789;155668491;A01;3;33;0;1;1;1;1;
202300006790;155668490;A01;3;14;6;0;1;26;1;
202300006791;155668489;A01;1;10;8;1;5;4;1;
202300006792;155668486;A01;1;7;6;1;1;16;2;
202300006793;155668487;A01;2;10;0;2;2;1;1;
202300006793;155668488;B01;1;1;0;2;1;5;5;
202300006794;155668483;A01;2;7;10;0;1;1;1;
202300006795;155668481;A01;2;7;0;0;8;1;1;
202300006795;155668485;B01;1;7;0;0;0;0;1;
202300006796;155668479;A01;3;7;0;2;1;1;1;
202300006796;155668482;B01;3;34;0;2;2;9;1;
202300006797;155668477;A01;2;7;0;2;1;15;0;
202300006797;155668480;B01;1;7;0;2;1;1;1;
202300006797;155668484;C01;2;7;0;2;3;23;1;
202300006798;155668475;A01;3;10;0;2;3;1;1;
202300006798;155668478;B01;3;33;0;2;4;1;1;
202300006799;155668476;A01;1;7;0;1;3;2;1;
202300006800;155668472;A01;3;31;12;0;1;17;1;
202300006801;155668471;B01;3;7;14;0;5;1;1;
202300006801;155668474;A01;3;7;0;2;3;1;1;
202300006802;155668468;A01;2;7;6;0;1;1;6;
202300006803;155668467;A01;1;33;0;2;7;1;1;
202300006803;155668470;B01;1;7;0;2;8;11;1;
202300006803;155668473;C01;1;7;0;2;4;1;1;
202300006804;155668465;A01;0;7;0;2;2;2;1;
202300006804;155668469;B01;0;7;0;2;1;1;1;
202300006805;155668461;A01;1;7;0;2;2;1;1;
202300006805;155668463;B01;2;1;0;2;1;5;5;
202300006806;155668457;A01;1;34;0;2;1;26;1;
202300006806;155668462;B01;1;7;0;2;4;1;1;
202300006806;155668464;C01;1;7;0;2;2;1;1;
202300006807;155668459;A01;3;7;0;2;1;9;6;
202300006807;155668466;B01;3;1;0;2;4;1;5;
202300006808;155668455;A01;2;7;0;2;3;2;1;
202300006808;155668460;B01;2;7;0;2;5;2;1;
202300006809;155668456;A01;2;1;13;0;7;0;5;
202300006810;155668454;A01;0;34;0;2;8;13;1;
202300006810;155668458;B01;0;37;0;2;2;1;1;1.0
202300006811;155668450;A01;3;2;12;0;1;1;1;
202300006812;155668449;A01;1;7;0;1;3;15;1;
202300006813;155668451;A01;3;7;0;1;1;26;1;
202300006814;155668448;A01;1;34;0;2;7;17;1;
202300006814;155668452;B01;1;7;0;2;8;10;1;
202300006815;155668445;A01;1;7;13;0;0;0;1;
202300006816;155668444;A01;2;30;0;2;1;13;2;
202300006816;155668447;B01;2;33;0;2;3;1;1;
202300006817;155668439;A01;2;7;6;0;1;16;1;
202300006818;155668438;B01;1;13;0;2;1;1;1;
202300006818;155668443;A01;1;7;0;2;4;15;1;
202300006819;155668434;A01;2;7;13;0;0;0;1;
202300006819;155668440;B01;2;33;0;2;7;17;1;
202300006820;155668431;A01;1;7;0;0;9;1;1;
202300006821;155668430;A01;1;7;0;1;1;25;1;
202300006822;155668429;A01;1;33;3;0;9;17;1;
202300006823;155668428;A01;2;34;0;2;1;17;1;
202300006823;155668433;B01;2;7;0;2;3;9;1;
202300006824;155668422;Z01;1;7;0;2;2;1;1;
202300006824;155668426;A01;1;30;0;2;3;19;1;
202300006825;155668421;B01;2;7;0;0;3;1;1;
202300006825;155668424;A01;1;7;0;2;3;5;1;
202300006826;155668420;A01;2;32;0;2;1;3;1;
202300006826;155668423;B01;2;7;0;2;5;1;1;
202300006827;155668419;A01;2;33;12;0;8;1;1;
202300006828;155668417;A01;3;7;0;1;3;2;1;
202300006829;155668418;G01;0;10;0;2;6;23;1;
202300006829;155668425;F01;0;10;0;2;3;0;1;
202300006829;155668427;C01;0;10;0;2;4;23;1;
202300006829;155668432;A01;0;7;0;2;1;2;1;
202300006829;155668436;B01;0;7;0;2;4;23;1;
202300006829;155668441;D01;0;7;0;2;4;0;1;
202300006829;155668442;E01;0;7;0;2;4;0;1;
202300006830;155668411;B01;2;10;0;2;5;1;1;
202300006830;155668415;A01;2;31;0;2;1;3;1;
202300006831;155668413;A01;1;7;0;2;1;2;1;
202300006831;155668416;B01;1;7;0;2;4;2;0;
202300006832;155668410;A01;2;7;0;2;3;11;1;
202300006832;155668414;B01;2;31;0;2;2;1;1;
202300006833;155668409;B01;3;33;0;2;2;1;1;
202300006833;155668412;A01;3;33;0;2;1;1;1;
202300006834;155668405;A01;3;7;16;0;9;14;1;
202300006835;155668404;B01;3;7;0;2;8;1;1;
202300006835;155668408;A01;3;30;0;2;1;26;1;
202300006836;155668402;B01;1;10;0;2;4;1;1;
202300006836;155668407;A01;1;7;3;2;1;1;1;
202300006837;155668403;A01;2;1;0;0;4;2;5;
202300006837;155668406;B01;2;50;0;0;4;2;3;
202300006838;155668401;A01;3;2;0;0;0;0;1;
202300006839;155668398;A01;1;7;0;2;1;13;1;
202300006839;155668400;B01;2;10;0;2;2;1;1;
202300006840;155668397;A01;1;50;0;0;0;26;3;
202300006841;155668396;A01;1;30;0;0;0;1;1;
202300006842;155668393;A01;1;7;8;0;1;0;1;
202300006843;155668392;A01;1;7;0;2;3;1;2;
202300006843;155668395;B01;2;50;0;2;2;15;3;
202300006844;155668391;B01;1;1;0;2;0;2;5;
202300006844;155668394;A01;1;7;0;9;0;2;-1;
202300006845;155668389;A01;2;7;13;0;0;1;1;
202300006846;155668388;A01;1;7;7;0;2;14;0;
202300006847;155668387;A01;2;30;0;0;0;1;1;
202300006848;155668384;A01;3;7;3;0;4;10;1;
202300006849;155668386;B01;1;7;0;2;8;1;1;
202300006849;155668390;A01;2;50;0;2;1;26;3;
202300006850;155668383;A01;0;1;0;2;1;26;5;
202300006850;155668385;B01;0;7;0;2;4;26;1;
202300006851;155668382;A01;2;10;0;1;1;9;1;
202300006852;155668381;A01;1;50;0;1;1;1;3;
202300006853;155668379;Z01;1;2;0;1;1;1;0;
202300006854;155668376;A01;1;7;0;2;8;1;1;
202300006854;155668378;B01;2;7;13;2;1;1;1;
202300006855;155668375;A01;1;7;0;2;2;16;1;
202300006855;155668380;B01;2;50;0;2;8;1;3;
202300006856;155668374;B01;1;7;0;2;7;1;1;
202300006856;155668377;A01;1;7;0;2;6;9;1;
202300006857;155668370;Z01;1;31;0;1;1;7;1;
202300006858;155668368;A01;2;33;0;2;1;2;1;
202300006858;155668373;B01;2;7;0;0;3;15;1;
202300006859;155668366;A01;3;7;0;2;3;15;1;
202300006859;155668371;B01;3;2;0;2;1;1;1;
202300006860;155668365;A01;0;30;0;2;1;2;1;
202300006860;155668367;B01;0;7;0;2;4;2;1;
202300006861;155668364;A01;1;1;0;2;7;2;5;
202300006861;155668369;B01;1;7;0;2;1;2;3;
202300006862;155668356;A01;1;37;0;2;3;0;0;1.0
202300006862;155668360;C01;1;7;0;2;4;0;1;
202300006862;155668363;B01;1;7;0;2;4;0;1;
202300006863;155668357;A01;3;7;0;2;8;10;1;
202300006863;155668361;B01;3;31;0;2;1;1;0;
202300006864;155668355;B01;1;33;1;0;1;1;1;
202300006864;155668359;A01;1;7;0;2;8;22;1;
202300006864;155668362;C01;1;38;0;2;5;1;1;1.0
202300006865;155668354;A01;2;7;0;0;1;13;1;
202300006866;155668353;A01;2;7;0;2;3;9;1;
202300006866;155668358;B01;1;2;0;2;2;1;1;
202300006867;155668351;A01;0;7;0;0;2;1;1;
202300006868;155668350;A01;1;7;0;2;3;1;1;
202300006868;155668352;B01;1;60;0;2;1;1;5;
202300006869;155668347;A01;3;32;0;9;0;1;1;
202300006870;155668346;A01;1;7;0;2;2;15;3;
202300006870;155668349;B01;2;1;0;2;1;1;5;
202300006871;155668345;A01;1;7;0;1;2;0;1;
202300006872;155668344;A01;3;7;0;2;8;19;1;
202300006872;155668348;B01;3;7;0;2;1;1;1;
202300006873;155668339;B01;1;7;0;0;4;2;1;
202300006873;155668342;A01;1;7;0;2;1;2;1;
202300006874;155668335;B01;1;7;0;2;1;1;2;
202300006874;155668341;A01;1;1;0;2;4;1;5;
202300006875;155668334;A01;1;7;0;2;3;1;1;
202300006875;155668337;B01;1;7;0;2;3;23;1;
202300006876;155668333;B01;2;17;0;0;3;1;1;
202300006876;155668336;A01;1;10;0;0;3;13;1;
202300006877;155668332;A01;2;7;0;1;3;15;1;
202300006878;155668331;A01;1;7;0;1;1;2;1;
202300006879;155668329;A01;1;30;1;0;1;21;1;
202300006880;155668326;B01;1;7;0;2;1;1;1;
202300006880;155668330;A01;1;7;0;2;2;15;1;
202300006881;155668321;A01;1;33;0;2;7;17;1;
202300006881;155668324;B01;1;7;0;2;8;13;1;
202300006882;155668320;A01;2;7;0;2;3;15;1;
202300006882;155668322;B01;2;33;0;2;1;17;1;
202300006883;155668325;B01;3;2;0;2;4;15;1;
202300006883;155668328;A01;3;2;0;2;1;17;1;
202300006884;155668323;A01;1;7;0;2;3;17;1;
202300006884;155668327;B01;1;7;0;2;3;15;1;
202300006885;155668318;A01;1;7;0;2;1;15;1;
202300006885;155668319;B01;2;31;0;2;8;1;1;
202300006886;155668312;A01;1;7;0;2;3;9;2;
202300006886;155668317;B01;2;2;0;2;1;3;1;
202300006887;155668309;A01;1;32;0;2;2;17;1;
202300006887;155668316;B01;1;7;0;2;8;1;1;
202300006888;155668313;A01;2;7;0;2;1;2;1;
202300006888;155668315;B01;2;7;0;2;4;2;1;
202300006889;155668308;A01;1;7;0;2;2;1;1;
202300006889;155668314;B01;1;1;0;2;3;15;5;
202300006890;155668303;A01;1;7;0;2;1;1;1;
202300006890;155668307;B01;1;7;0;2;4;23;1;
202300006890;155668310;C01;1;32;0;2;4;23;1;
202300006891;155668300;A01;1;1;0;2;4;16;5;
202300006891;155668304;B01;1;10;0;9;1;26;0;
202300006892;155668301;A01;1;7;0;2;3;5;0;
202300006892;155668305;B01;2;7;0;2;3;1;0;
202300006892;155668311;C01;2;7;0;2;3;1;0;
202300006893;155668298;A01;1;34;0;2;1;13;1;
202300006893;155668302;C01;2;7;0;2;1;1;1;
202300006893;155668306;B01;2;7;0;2;6;1;1;
202300006894;155668295;B01;3;33;0;2;2;16;1;
202300006894;155668299;A01;3;7;0;2;2;1;1;
202300006895;155668294;A01;2;7;0;2;3;22;3;
202300006895;155668296;B01;2;50;0;2;7;21;3;
202300006896;155668292;A01;3;30;6;2;1;14;1;
202300006896;155668297;B01;3;30;0;2;0;1;1;
202300006897;155668291;A01;2;7;0;0;1;1;1;
202300006898;155668289;A01;1;10;0;1;2;1;1;
202300006899;155668290;A01;1;7;0;0;3;15;1;
202300006899;155668293;B01;1;33;0;2;1;17;1;
202300006900;155668287;B01;0;37;0;0;2;1;1;1.0
202300006900;155668288;A01;0;7;0;2;1;26;1;
202300006901;155668284;A01;1;7;0;2;2;16;2;
202300006901;155668286;B01;1;50;0;2;3;1;3;
202300006902;155668279;A01;0;7;0;2;3;16;1;
202300006902;155668282;B01;0;33;0;2;2;3;1;
202300006903;155668280;B01;3;7;0;2;2;1;1;
202300006903;155668283;A01;3;7;0;2;1;19;1;
202300006904;155668275;A01;2;7;0;1;2;1;1;
202300006905;155668281;A01;1;1;0;2;2;15;5;
202300006905;155668285;B01;2;1;0;2;1;1;5;
202300006906;155668278;Z01;2;10;0;1;3;1;0;
202300006907;155668273;A01;2;7;17;0;1;1;1;
202300006908;155668272;A01;1;7;0;2;4;23;2;
202300006908;155668274;B01;1;1;1;0;1;1;5;
202300006909;155668271;A01;2;7;0;2;2;15;0;
202300006909;155668276;B01;2;33;0;2;1;1;0;
202300006910;155668270;A01;2;7;15;0;2;14;1;
202300006911;155668268;A01;3;33;0;0;8;15;1;
202300006912;155668267;A01;2;32;0;0;0;1;1;
202300006913;155668266;A01;3;7;0;2;3;22;1;
202300006913;155668269;B01;2;80;0;2;5;1;3;
202300006914;155668264;A01;2;10;0;1;4;26;1;
202300006915;155668265;A01;1;1;0;1;0;10;5;
202300006916;155668263;Z01;3;99;0;1;0;0;0;
202300006917;155668259;B01;3;7;0;0;0;0;1;
202300006917;155668262;A01;3;7;0;0;0;0;1;
202300006918;155668258;A01;1;50;0;2;1;3;3;
202300006918;155668261;B01;2;10;0;2;3;23;1;
202300006919;155668255;B01;1;2;0;2;4;2;1;
202300006919;155668256;A01;1;7;0;2;1;0;0;
202300006920;155668253;A01;3;7;1;0;0;21;0;
202300006921;155668254;A01;3;1;0;2;7;19;5;
202300006921;155668257;Z01;3;30;0;2;1;1;0;
202300006922;155668251;A01;3;10;0;2;4;11;1;
202300006922;155668252;B01;3;33;0;2;1;1;1;
202300006923;155668249;A01;1;7;7;0;3;13;1;
202300006924;155668247;B01;2;15;0;2;6;1;1;
202300006924;155668250;A01;2;7;0;2;2;14;1;
202300006924;155668260;C01;2;10;14;0;1;1;1;
202300006925;155668246;A01;1;31;6;0;1;0;1;