Num_Acc;id_vehicule;num_veh;senc;catv;obs;obsm;choc;manv;motor;occutc
202300006926;155668245;A01;1;37;0;1;2;1;1;1.0
202300006927;155668242;A01;1;7;0;2;1;1;2;
202300006927;155668248;B01;2;7;0;2;6;1;3;
202300006928;155668241;B01;1;33;0;2;3;1;0;
202300006928;155668244;A01;3;7;0;2;5;12;1;
202300006929;155668240;B01;3;33;0;2;7;1;1;
202300006929;155668243;A01;3;7;0;2;6;11;1;
202300006930;155668238;B01;2;15;0;0;6;1;1;
202300006930;155668239;A01;2;31;0;2;0;17;1;
202300006931;155668235;A01;1;7;13;0;9;1;1;
202300006932;155668231;A01;1;33;0;1;2;3;1;
202300006933;155668232;A01;2;7;0;2;1;1;2;
202300006933;155668237;B01;2;37;0;2;4;23;1;1.0
202300006934;155668230;A01;1;2;0;2;6;18;1;
202300006934;155668236;B01;1;7;0;2;2;16;1;
202300006935;155668227;A01;1;7;0;2;1;1;1;
202300006935;155668229;B01;2;33;0;2;1;13;1;
202300006936;155668224;A01;1;32;0;2;8;3;1;
202300006936;155668225;Z01;1;7;0;2;0;12;0;
202300006937;155668219;B01;1;1;0;2;1;1;5;
202300006937;155668223;A01;1;10;1;2;3;24;0;
202300006938;155668220;A01;0;50;0;2;1;1;3;
202300006938;155668222;B01;3;7;0;2;3;1;1;
202300006939;155668215;A01;2;2;0;2;1;13;1;
202300006939;155668217;B01;1;7;0;2;3;1;1;
202300006940;155668214;A01;2;7;0;2;5;1;1;
202300006940;155668221;B01;1;30;0;2;1;1;1;
202300006941;155668216;B01;1;30;0;2;1;1;1;
202300006941;155668218;A01;2;10;0;2;1;15;1;
202300006942;155668212;A01;2;7;0;2;1;2;1;
202300006942;155668213;B01;2;14;0;2;4;2;1;
202300006943;155668206;A01;1;7;0;2;3;1;1;
202300006943;155668209;B01;1;33;0;2;8;23;1;
202300006944;155668207;A01;0;7;0;2;2;1;1;
202300006944;155668211;B01;2;33;0;2;3;16;1;
202300006945;155668205;A01;2;7;2;0;1;19;1;
202300006946;155668203;A01;1;7;12;2;3;15;2;
202300006946;155668208;B01;1;50;8;2;4;1;3;
202300006947;155668202;A01;2;7;0;2;1;2;2;
202300006947;155668210;B01;2;7;0;2;4;2;1;
202300006948;155668197;A01;3;7;0;2;2;1;1;
202300006948;155668201;B01;2;2;0;2;8;9;3;
202300006949;155668198;A01;1;7;0;2;2;15;1;
202300006949;155668200;B01;2;2;0;2;1;1;1;
202300006950;155668195;A01;2;10;0;2;6;1;1;
202300006950;155668204;B01;1;7;0;2;1;1;1;
202300006951;155668192;A01;1;7;0;2;2;13;1;
202300006951;155668199;B01;1;17;0;2;4;1;1;
202300006952;155668191;A01;1;7;0;2;1;1;1;
202300006952;155668194;B01;1;7;0;2;4;23;1;
202300006953;155668193;A01;2;7;0;2;7;1;3;
202300006953;155668196;B01;3;7;0;2;0;1;1;
202300006954;155668189;A01;2;7;0;1;2;16;1;
202300006955;155668185;A01;1;50;0;0;0;5;3;
202300006955;155668188;B01;1;33;0;0;8;1;1;
202300006956;155668186;A01;3;7;0;2;2;15;1;
202300006956;155668190;B01;3;34;0;2;3;1;1;
202300006957;155668183;A01;2;7;0;1;1;1;1;
202300006958;155668182;A01;2;7;4;2;7;3;1;
202300006958;155668184;B01;2;15;0;2;8;1;1;
202300006959;155668180;A01;1;50;0;0;0;1;3;
202300006960;155668173;B01;2;2;0;2;1;1;3;
202300006960;155668179;A01;1;7;0;2;2;1;1;
202300006961;155668175;A01;2;1;0;2;0;15;5;
202300006961;155668177;Z01;2;7;0;2;0;15;0;
202300006962;155668171;A01;1;7;0;2;7;1;2;
202300006962;155668178;B01;1;2;0;2;1;1;3;
202300006963;155668172;A01;2;7;6;0;1;13;1;
202300006964;155668169;A01;2;30;0;2;1;1;1;
202300006964;155668176;B01;2;37;0;2;3;1;1;1.0
202300006965;155668170;A01;1;7;7;2;7;9;1;
202300006965;155668174;B01;1;17;0;2;1;1;1;
202300006966;155668166;A01;2;7;0;1;3;1;2;
202300006967;155668164;A01;3;7;0;1;3;1;1;
202300006968;155668163;B01;2;1;0;2;0;1;5;
202300006968;155668168;A01;1;7;0;2;8;1;1;
202300006969;155668161;A01;3;10;0;9;1;1;1;
202300006969;155668167;B01;3;1;0;2;8;19;5;
202300006970;155668160;B01;1;50;8;0;1;1;3;
202300006970;155668165;A01;1;32;8;0;2;1;1;
202300006971;155668159;B01;3;30;0;2;4;2;1;
202300006971;155668162;Z01;3;7;0;2;1;0;0;
202300006972;155668158;A01;3;7;0;1;7;1;2;
202300006973;155668155;A01;1;10;0;2;1;13;1;
202300006973;155668157;B01;2;7;0;2;1;1;1;
202300006974;155668153;A01;2;34;0;1;0;1;0;
202300006975;155668152;A01;1;1;0;1;1;1;5;
202300006976;155668145;A01;1;7;0;2;1;1;1;
202300006976;155668149;B01;1;7;0;2;2;19;1;
202300006977;155668144;A01;3;33;0;2;5;1;1;
202300006977;155668150;B01;3;7;0;2;2;1;2;
202300006978;155668141;B01;2;50;0;2;0;1;3;
202300006978;155668146;A01;2;7;0;2;5;16;1;
202300006979;155668142;A01;1;7;8;2;1;5;0;
202300006979;155668148;B01;2;10;0;2;3;1;0;
202300006979;155668151;D01;1;7;0;2;1;1;0;
202300006979;155668154;E01;1;7;0;9;3;1;0;
202300006979;155668156;C01;1;33;0;9;0;0;1;
202300006980;155668140;B01;2;2;0;2;1;1;0;
202300006980;155668147;A01;1;7;0;2;1;15;1;
202300006981;155668139;A01;1;7;0;2;1;26;1;
202300006981;155668143;B01;1;7;0;2;4;2;1;
202300006982;155668136;A01;1;7;0;1;2;0;0;
202300006983;155668133;A01;2;50;0;0;0;1;3;
202300006984;155668134;B01;3;7;0;0;6;1;1;
202300006984;155668138;A01;3;31;0;0;1;1;1;
202300006985;155668132;A01;1;7;6;2;6;13;1;
202300006985;155668135;B01;2;7;0;2;3;1;1;
202300006986;155668131;B01;1;7;0;2;3;1;1;
202300006986;155668137;A01;3;7;0;2;2;19;1;
202300006987;155668128;Y01;2;1;0;2;1;17;5;
202300006987;155668130;A01;2;7;0;2;3;15;1;
202300006988;155668126;A01;1;30;0;2;2;17;1;
202300006988;155668129;B01;3;7;0;2;1;15;1;
202300006989;155668124;A01;2;7;0;2;3;1;0;
202300006989;155668127;B01;1;7;0;2;3;1;0;
202300006990;155668121;A01;1;7;0;2;7;14;1;
202300006990;155668125;B01;1;31;0;2;6;1;1;
202300006991;155668123;A01;0;7;0;1;1;16;1;
202300006992;155668120;B01;1;30;0;2;1;1;1;
202300006992;155668122;A01;1;7;0;2;6;16;2;
202300006993;155668119;A01;1;7;0;1;1;1;1;
202300006994;155668114;A01;1;10;0;1;4;4;1;
202300006995;155668112;B01;3;1;0;2;2;15;5;
202300006995;155668118;A01;1;7;0;2;3;9;1;
202300006996;155668111;A01;2;7;11;2;1;21;1;
202300006996;155668115;B01;2;1;0;2;7;19;5;
202300006996;155668117;C01;2;7;0;2;5;23;1;
202300006997;155668109;A01;1;7;0;1;1;16;0;
202300006998;155668110;A01;1;7;0;2;7;23;0;
202300006998;155668116;B01;1;1;14;2;7;1;5;
202300006999;155668108;B01;3;7;0;2;0;0;1;
202300006999;155668113;A01;3;7;1;1;0;0;0;
202300007000;155668107;A01;2;34;0;1;2;1;1;
202300007001;155668103;A01;2;7;0;1;1;0;1;
202300007002;155668100;A01;3;7;0;2;2;0;1;
202300007002;155668105;B01;3;50;0;2;1;1;3;
202300007003;155668101;A01;2;7;0;1;1;2;1;
202300007004;155668102;A01;3;7;0;0;5;19;1;
202300007004;155668106;B01;3;33;0;2;1;1;1;
202300007005;155668099;A01;1;50;12;0;1;14;3;
202300007006;155668098;A01;3;10;0;2;8;1;1;
202300007006;155668104;Z01;1;10;0;2;2;1;1;
202300007007;155668095;B01;2;7;0;2;6;1;1;
202300007007;155668097;A01;2;10;0;2;1;26;1;
202300007008;155668094;A01;1;7;6;0;6;1;1;
202300007009;155668091;B01;2;7;0;2;1;20;1;
202300007009;155668096;A01;2;33;0;0;9;21;1;
202300007010;155668093;A01;3;43;0;1;2;3;1;
202300007011;155668090;A01;2;7;0;1;3;15;1;
202300007012;155668089;B01;1;7;0;2;3;1;0;
202300007012;155668092;A01;1;33;0;2;5;3;0;
202300007013;155668087;A01;0;33;0;0;0;1;1;
202300007014;155668084;A01;2;1;0;2;8;1;5;
202300007014;155668088;B01;2;7;8;2;2;16;0;
202300007015;155668083;A01;1;50;0;2;3;15;3;
202300007015;155668085;B01;1;10;0;2;3;1;3;
202300007016;155668076;B01;1;7;0;2;5;12;1;
202300007016;155668079;A01;1;33;0;2;3;1;1;
202300007017;155668078;A01;1;7;0;2;3;13;1;
202300007017;155668082;B01;2;7;0;2;3;1;1;
202300007017;155668086;C01;1;33;0;2;1;1;1;
202300007018;155668077;A01;3;30;0;2;2;26;0;
202300007018;155668080;B01;3;30;0;2;6;21;2;
202300007019;155668073;A01;1;7;0;2;1;26;1;
202300007019;155668075;B01;1;7;0;2;4;0;1;
202300007019;155668081;C01;1;7;0;2;4;26;1;
202300007020;155668072;A01;1;7;0;1;1;1;1;
202300007021;155668069;A01;1;33;4;0;9;1;1;
202300007022;155668066;A01;1;7;0;2;6;11;1;
202300007022;155668070;B01;1;7;0;2;2;1;1;
202300007023;155668067;A01;1;7;0;2;1;1;1;
202300007023;155668071;B01;1;7;0;2;4;1;1;
202300007023;155668074;C01;1;7;0;2;4;1;0;
202300007024;155668065;B01;1;34;0;2;7;13;0;
202300007024;155668068;A01;1;99;0;2;3;10;0;
202300007025;155668063;A01;3;30;0;0;8;13;1;
202300007026;155668060;A01;1;7;0;0;1;1;1;
202300007026;155668064;B01;1;32;0;2;4;1;1;
202300007027;155668059;A01;2;7;0;0;8;15;1;
202300007027;155668062;B01;2;32;0;2;7;17;1;
202300007028;155668055;A01;1;7;0;2;1;0;1;
202300007028;155668057;B01;1;7;0;2;4;0;1;
202300007029;155668052;Y01;2;1;0;2;6;15;5;
202300007029;155668054;A01;2;33;0;2;5;1;0;
202300007030;155668049;A01;1;7;0;2;4;1;1;
202300007030;155668058;B01;1;7;0;2;4;2;1;
202300007030;155668061;C01;1;14;0;2;1;2;1;
202300007031;155668050;A01;2;33;-1;-1;-1;-1;-1;
202300007032;155668051;A01;1;10;0;2;2;1;1;
202300007032;155668056;B01;1;7;0;2;2;1;1;
202300007033;155668047;B01;2;10;0;2;7;1;1;
202300007033;155668053;A01;1;7;0;2;3;9;1;
202300007034;155668046;B01;3;1;0;2;0;0;5;
202300007034;155668048;A01;3;7;0;2;0;0;1;
202300007035;155668043;A01;2;7;0;2;1;1;1;
202300007035;155668045;B01;3;1;0;2;7;26;5;
202300007036;155668044;A01;2;7;6;2;4;1;1;
202300007037;155668042;A01;1;7;8;0;1;13;1;
202300007038;155668037;A01;2;7;0;2;8;22;1;
202300007038;155668040;B01;2;1;1;0;1;1;5;
202300007039;155668038;A01;2;14;0;2;5;15;1;
202300007039;155668041;B01;1;7;0;2;1;0;1;
202300007040;155668034;A01;2;7;0;1;1;1;1;
202300007041;155668032;A01;2;7;16;2;3;15;0;
202300007041;155668036;B01;2;50;9;2;2;21;3;
202300007042;155668035;A01;1;7;0;2;3;1;1;
202300007042;155668039;B01;2;7;0;2;2;15;2;
202300007043;155668030;A01;1;10;12;0;1;26;1;
202300007044;155668025;A01;1;33;0;0;7;16;1;
202300007045;155668024;A01;1;7;0;2;1;1;1;
202300007045;155668028;B01;2;7;0;2;3;1;1;
202300007046;155668021;A01;1;7;0;2;5;1;1;
202300007046;155668023;B01;1;7;0;2;3;2;1;
202300007046;155668031;Z01;1;0;0;2;0;0;0;
202300007046;155668033;C01;1;10;0;2;8;1;1;
202300007047;155668020;A01;2;10;0;2;1;1;1;
202300007047;155668026;B01;2;7;0;2;4;23;1;
202300007047;155668029;C01;2;7;0;2;4;1;3;
202300007048;155668022;A01;3;7;14;0;6;23;1;
202300007048;155668027;B01;3;7;0;2;3;0;0;
202300007049;155668017;A01;2;7;4;0;9;1;1;
202300007050;155668014;A01;3;33;0;2;1;1;1;
202300007050;155668019;B01;3;1;0;2;8;1;5;
202300007051;155668011;A01;1;7;0;2;1;13;1;
202300007051;155668016;B01;2;7;0;2;1;1;1;
202300007051;155668018;C01;1;7;0;2;3;1;0;
202300007052;155668010;A01;1;7;0;2;2;12;1;
202300007052;155668015;B01;1;33;0;2;8;3;1;
202300007053;155668007;A01;3;7;1;5;1;1;1;
202300007054;155668008;B01;0;3;0;2;1;0;0;
202300007054;155668012;A01;1;7;0;2;1;1;1;
202300007055;155668004;C01;3;7;0;2;1;1;0;
202300007055;155668009;A01;3;7;0;2;1;1;0;
202300007055;155668013;B01;3;7;0;2;1;0;0;
202300007056;155668003;A01;2;7;0;1;1;1;1;
202300007057;155668002;A01;2;15;0;2;0;16;1;
202300007057;155668005;B01;1;7;13;9;3;15;2;
202300007058;155668000;A01;2;33;0;2;1;21;1;
202300007058;155668006;B01;2;7;0;2;5;19;1;
202300007059;155667999;B01;1;1;0;2;3;16;5;
202300007059;155668001;A01;1;7;0;2;3;16;1;
202300007060;155667994;A01;1;7;0;2;3;13;1;
202300007060;155667996;B01;1;7;0;2;5;1;1;
202300007061;155667993;A01;1;7;14;0;4;2;1;
202300007061;155667998;B01;2;7;14;0;1;2;1;
202300007062;155667992;A01;2;7;0;2;1;17;1;
202300007062;155667995;B01;1;7;0;2;1;1;1;
202300007063;155667987;A01;2;2;0;2;1;17;1;
202300007063;155667990;B01;2;7;0;2;4;15;1;
202300007064;155667991;A01;1;10;0;2;1;1;1;
202300007064;155667997;B01;1;33;0;2;7;1;1;
202300007065;155667983;B01;1;7;0;2;3;1;1;
202300007065;155667989;A01;1;33;0;2;2;15;1;
202300007066;155667981;A01;2;7;0;2;1;13;1;
202300007066;155667985;B01;1;7;0;2;1;1;1;
202300007067;155667982;A01;1;30;0;2;1;1;1;
202300007067;155667986;B01;1;7;0;2;5;1;1;
202300007068;155667980;B01;2;7;3;2;8;13;1;
202300007068;155667984;C01;2;14;3;2;2;2;1;
202300007068;155667988;A01;2;7;3;2;2;1;1;
202300007069;155667973;B01;1;7;0;2;2;1;1;
202300007069;155667979;A01;1;10;4;2;3;13;1;
202300007070;155667971;A01;3;10;0;2;2;16;1;
202300007070;155667977;B01;3;7;0;2;8;1;1;
202300007071;155667970;B01;1;1;0;2;4;17;5;
202300007071;155667974;A01;2;7;0;2;3;2;1;
202300007072;155667966;C01;1;7;0;2;1;2;1;
202300007072;155667968;A01;1;7;0;0;4;23;1;
202300007072;155667972;B01;1;7;0;2;1;2;1;
202300007072;155667976;D01;1;2;0;2;1;2;1;
202300007073;155667967;A01;3;7;0;2;3;11;1;
202300007073;155667969;B01;3;33;0;2;3;3;1;
202300007073;155667975;C01;3;7;0;2;0;0;1;
202300007073;155667978;D01;0;20;0;2;0;0;0;
202300007074;155667963;A01;2;7;0;1;8;1;4;
202300007075;155667960;B01;2;31;0;2;7;2;1;
202300007075;155667965;A01;2;7;0;2;1;9;1;
202300007076;155667959;A01;2;7;0;2;3;5;1;
202300007076;155667962;B01;1;7;0;2;3;1;1;
202300007077;155667957;B01;2;7;0;2;1;1;1;
202300007077;155667964;A01;2;7;0;2;8;1;1;
202300007078;155667958;B01;2;3;0;2;8;1;1;
202300007078;155667961;A01;1;7;0;2;2;15;1;
202300007079;155667954;A01;1;7;9;4;1;16;1;
202300007079;155667956;B01;3;40;0;2;8;1;3;
202300007080;155667951;A01;1;7;0;1;2;1;1;
202300007081;155667949;B01;1;50;0;2;1;0;3;
202300007081;155667953;A01;1;7;0;2;3;15;2;
202300007082;155667952;A01;1;7;0;0;8;10;1;
202300007082;155667955;B01;2;7;0;2;1;1;1;
202300007083;155667947;A01;1;7;0;2;1;2;1;
202300007083;155667948;C01;1;7;0;2;4;23;2;
202300007083;155667950;B01;1;7;0;2;4;24;1;
202300007084;155667946;A01;3;32;0;0;0;9;1;
202300007085;155667944;A01;1;7;0;1;1;1;1;
202300007086;155667943;A01;0;30;0;2;1;1;1;
202300007086;155667945;B01;0;7;0;2;3;0;1;
202300007087;155667942;A01;3;7;0;0;0;1;1;
202300007088;155667940;A01;1;34;0;1;1;2;0;
202300007089;155667939;A01;1;10;0;2;1;1;1;
202300007089;155667941;B01;1;7;0;2;4;23;1;
202300007090;155667935;B01;0;60;0;2;2;1;5;
202300007090;155667938;A01;2;7;0;2;2;16;1;
202300007091;155667934;A01;2;7;0;2;1;2;1;
202300007091;155667937;B01;2;33;0;0;4;1;1;
202300007092;155667936;A01;1;7;0;1;2;15;1;
202300007093;155667932;A01;0;1;0;1;3;1;5;
202300007094;155667930;A01;1;37;0;1;2;1;1;1.0
202300007095;155667931;B01;2;34;0;2;1;1;1;
202300007095;155667933;A01;1;7;9;0;3;1;1;
202300007096;155667927;B01;1;50;0;2;8;1;3;
202300007096;155667928;A01;2;50;0;2;3;19;3;
202300007097;155667926;B01;1;7;0;2;2;1;1;
202300007097;155667929;A01;1;7;0;2;3;9;1;
202300007098;155667924;A01;3;10;0;1;3;1;1;
202300007099;155667922;A01;0;7;0;2;3;26;0;
202300007099;155667925;B01;3;30;0;2;1;26;0;
202300007100;155667921;B01;2;7;6;2;8;1;1;
202300007100;155667923;A01;2;10;0;2;1;1;1;
202300007101;155667919;A01;3;7;0;1;2;1;1;
202300007102;155667917;A01;1;32;0;1;1;1;1;
202300007103;155667918;A01;2;7;0;1;2;1;1;
202300007104;155667916;B01;3;7;0;2;2;16;1;
202300007104;155667920;A01;3;7;0;2;3;9;1;
202300007105;155667913;A01;3;1;0;0;0;1;5;
202300007106;155667911;A01;1;7;0;2;8;1;1;
202300007106;155667915;B01;1;10;0;0;8;1;1;
202300007107;155667910;B01;0;7;0;2;1;1;0;
202300007107;155667912;A01;0;7;0;0;3;15;0;
202300007108;155667909;A01;0;7;0;1;2;1;1;
202300007109;155667907;A01;2;13;0;0;0;2;1;
202300007109;155667914;B01;2;80;0;0;0;2;3;
202300007110;155667906;A01;1;7;0;1;1;1;1;
202300007111;155667904;A01;2;2;0;2;0;0;0;
202300007111;155667908;B01;2;7;0;2;0;0;1;
202300007112;155667905;A01;1;7;0;1;1;0;1;
202300007113;155667902;A01;3;7;0;1;1;1;1;
202300007114;155667898;B01;1;50;0;2;1;1;3;
202300007114;155667901;A01;1;7;0;2;2;23;1;
202300007115;155667899;A01;0;7;0;2;7;15;1;
202300007115;155667903;B01;0;33;0;2;1;1;1;
202300007116;155667896;A01;2;7;4;0;6;2;1;
202300007116;155667897;B01;2;7;4;2;2;2;1;
202300007117;155667895;A01;2;1;0;2;1;26;5;
202300007117;155667900;B01;3;7;0;2;3;15;1;
202300007118;155667893;A01;1;7;0;1;1;15;1;
202300007119;155667892;B01;2;31;0;2;1;1;1;
202300007119;155667894;A01;1;7;0;2;8;15;1;
202300007120;155667891;A01;1;38;2;1;8;15;1;1.0
202300007121;155667890;A01;1;30;0;1;3;18;1;
202300007122;155667887;A01;0;10;0;1;2;1;1;
202300007123;155667886;A01;1;32;6;0;1;19;1;
202300007124;155667884;B01;1;31;0;2;1;1;1;
202300007124;155667889;A01;0;7;0;0;1;16;1;
202300007125;155667883;B01;3;33;0;2;1;1;1;
202300007125;155667888;A01;3;10;0;2;3;9;1;
202300007126;155667882;A01;0;7;0;2;1;26;1;
202300007126;155667885;B01;0;99;0;2;8;25;3;
202300007127;155667881;A01;0;42;12;0;2;1;1;
202300007128;155667879;A01;2;7;0;0;9;0;1;
202300007129;155667878;A01;2;7;0;1;1;2;1;
202300007130;155667877;A01;3;7;0;1;5;20;1;
202300007131;155667876;A01;1;7;0;1;3;1;1;
202300007132;155667875;A01;2;50;0;0;0;26;3;
202300007133;155667873;A01;1;7;0;1;1;1;1;
202300007134;155667872;A01;2;33;0;0;9;2;1;
202300007134;155667874;B01;2;10;0;0;0;10;1;
202300007135;155667871;A01;3;10;1;1;6;20;1;
202300007136;155667870;A01;1;7;0;1;2;1;1;
202300007137;155667868;A01;1;33;0;1;1;1;1;
202300007138;155667867;B01;1;7;0;2;0;0;0;
202300007138;155667869;A01;1;10;0;2;0;0;1;
202300007139;155667863;A01;1;7;0;1;2;1;1;
202300007140;155667861;A01;2;7;0;1;1;1;1;
202300007141;155667858;A01;1;7;0;2;3;13;1;
202300007141;155667864;B01;1;33;0;2;2;2;1;
202300007142;155667857;C01;1;7;0;2;1;1;1;
202300007142;155667860;A01;1;15;5;0;1;1;1;
202300007142;155667865;B01;1;7;0;2;1;1;1;
202300007142;155667866;D01;1;7;0;2;0;1;1;
202300007143;155667859;A01;2;10;0;2;2;16;1;
202300007143;155667862;B01;2;50;0;2;8;19;3;
202300007144;155667855;B01;1;10;0;2;0;12;1;
202300007144;155667856;A01;1;10;0;2;1;0;1;
202300007145;155667854;A01;3;2;0;0;2;16;1;
202300007146;155667852;A01;1;7;0;1;1;15;1;
202300007147;155667851;A01;2;33;0;2;3;18;1;
202300007147;155667853;B01;2;7;0;2;2;14;1;
202300007148;155667848;A01;1;7;13;0;1;2;1;
202300007149;155667849;B01;1;50;0;2;1;5;3;
202300007149;155667850;A01;2;7;0;2;2;16;1;
202300007150;155667845;A01;2;7;1;0;1;16;1;
202300007151;155667843;A01;1;7;0;2;1;1;1;
202300007151;155667847;B01;1;7;0;2;2;0;1;
202300007152;155667844;A01;1;7;0;2;1;26;0;
202300007152;155667846;B01;1;31;15;2;7;16;0;
202300007153;155667842;A01;2;33;12;0;1;14;1;
202300007154;155667840;A01;2;7;9;0;3;13;0;
202300007155;155667838;A01;1;50;1;0;1;2;3;
202300007155;155667841;B01;1;7;0;2;7;23;1;
202300007156;155667836;A01;2;7;0;2;2;10;0;
202300007156;155667839;B01;2;33;0;2;1;1;0;
202300007157;155667835;A01;3;7;15;0;1;1;1;
202300007158;155667834;A01;1;7;0;2;1;1;1;
202300007158;155667837;B01;2;7;1;2;1;1;1;
202300007159;155667832;A01;2;2;12;0;2;1;1;
202300007160;155667831;A01;1;7;0;1;7;1;1;
202300007161;155667830;B01;0;2;0;2;1;0;0;
202300007161;155667833;A01;0;7;0;2;1;15;1;
202300007162;155667827;B01;1;7;0;2;1;2;1;
202300007162;155667829;A01;1;7;0;0;4;2;1;
202300007163;155667824;A01;1;33;0;6;9;0;1;
202300007164;155667826;A01;2;7;0;9;8;15;1;
202300007164;155667828;B01;1;2;0;2;1;2;1;
202300007165;155667822;A01;1;10;0;2;1;1;1;
202300007165;155667825;B01;1;7;0;2;7;1;1;
202300007166;155667821;B01;2;7;0;2;3;1;1;
202300007166;155667823;A01;1;7;0;0;1;1;1;
202300007167;155667819;A01;1;7;0;0;0;0;1;
202300007168;155667818;A01;2;7;0;1;4;4;1;
202300007169;155667817;A01;1;50;0;0;8;1;3;
202300007169;155667820;B01;1;10;0;0;7;2;0;
202300007170;155667814;A01;3;7;0;2;3;15;1;
202300007170;155667815;B01;3;33;0;2;1;1;1;
202300007171;155667813;B01;2;21;0;2;6;1;1;
202300007171;155667816;A01;1;7;0;2;3;1;1;
202300007172;155667811;A01;2;10;0;2;1;2;1;
202300007172;155667812;B01;2;7;0;2;4;2;1;
202300007173;155667809;A01;3;2;0;0;0;0;1;
202300007174;155667807;A01;1;7;0;2;3;2;1;
202300007174;155667810;B01;1;7;0;2;5;2;3;
202300007175;155667805;A01;2;30;12;0;0;0;1;
202300007176;155667804;B01;1;7;0;2;1;1;1;
202300007176;155667806;A01;2;7;0;2;2;15;1;
202300007177;155667802;A01;1;7;0;2;1;1;1;
202300007177;155667808;B01;1;7;9;2;1;1;2;
202300007178;155667801;A01;2;33;0;2;2;0;1;
202300007178;155667803;B01;2;1;0;0;6;0;5;
202300007179;155667800;A01;3;7;0;1;1;1;1;
202300007180;155667796;A01;3;7;0;2;2;15;2;
202300007180;155667799;B01;2;33;0;0;5;1;1;
202300007181;155667798;A01;1;37;0;9;2;16;1;1.0
202300007182;155667797;A01;2;7;0;1;3;15;0;
202300007183;155667795;A01;1;7;0;1;7;1;2;
202300007184;155667791;A01;1;7;2;0;1;1;1;
202300007185;155667790;A01;1;7;0;2;1;15;1;
202300007185;155667793;B01;2;50;0;0;8;1;3;
202300007186;155667789;B01;1;7;0;2;3;1;1;
202300007186;155667792;A01;1;7;0;2;2;5;1;
202300007187;155667788;A01;3;39;0;1;1;1;1;
202300007188;155667786;A01;0;33;0;0;0;1;1;
202300007189;155667783;B01;1;7;0;0;1;1;1;
202300007189;155667787;A01;2;7;0;0;6;9;1;
202300007190;155667782;B01;3;2;0;2;7;17;1;
202300007190;155667785;A01;3;7;0;2;8;15;1;
202300007191;155667780;A01;2;7;0;1;5;1;1;
202300007192;155667775;A01;2;10;0;2;3;5;1;
202300007192;155667778;B01;1;7;0;2;3;0;1;
202300007193;155667777;A01;0;10;0;1;2;26;1;
202300007194;155667776;A01;1;33;0;0;0;18;0;
202300007195;155667774;B01;1;7;0;2;3;1;0;
202300007195;155667779;A01;2;7;0;2;6;13;0;
202300007196;155667772;A01;3;7;0;1;1;1;1;
202300007197;155667770;A01;3;7;0;2;3;9;0;
202300007197;155667773;B01;2;2;0;0;8;1;0;
202300007198;155667769;A01;1;7;0;2;1;19;1;
202300007198;155667771;B01;2;7;0;0;3;1;1;
202300007199;155667768;A01;0;7;8;0;1;1;1;
202300007200;155667767;A01;2;7;8;0;1;1;1;
202300007201;155667763;B01;1;7;0;2;5;15;1;
202300007201;155667765;A01;1;33;0;2;7;2;1;
202300007202;155667764;A01;3;7;0;2;1;15;1;
202300007202;155667766;B01;3;33;0;2;1;1;1;
202300007203;155667762;A01;1;7;0;1;2;1;1;
202300007204;155667761;A01;2;33;16;0;3;1;1;
202300007205;155667759;A01;3;7;2;0;1;0;0;
202300007206;155667758;A01;2;31;0;2;1;17;1;
202300007206;155667760;B01;1;7;0;2;3;1;1;
202300007207;155667757;A01;2;33;0;0;0;1;1;
202300007208;155667753;B01;2;7;13;2;1;1;1;
202300007208;155667755;A01;1;7;15;2;1;13;1;
202300007209;155667754;B01;3;7;0;0;6;20;1;
202300007209;155667756;A01;3;43;0;2;2;1;1;
202300007210;155667752;A01;2;7;2;0;1;1;3;
202300007211;155667749;A01;2;7;13;0;2;14;1;
202300007212;155667747;A01;2;7;0;2;9;15;6;
202300007212;155667750;B01;2;7;0;2;1;17;6;
202300007213;155667748;A01;2;7;0;2;3;17;1;
202300007213;155667751;B01;1;15;0;2;1;1;1;
202300007214;155667744;A01;3;7;0;1;2;2;0;
202300007215;155667742;A01;1;7;0;2;3;13;1;
202300007215;155667746;B01;2;13;0;0;3;0;1;
202300007216;155667743;A01;1;7;0;9;2;19;1;
202300007216;155667745;B01;2;1;0;0;8;1;5;
202300007217;155667740;A01;1;33;0;0;9;1;1;
202300007218;155667739;A01;1;7;0;2;3;15;1;
202300007218;155667741;B01;2;31;0;2;1;13;1;
202300007219;155667738;A01;3;7;0;0;0;4;1;
202300007220;155667737;A01;2;7;2;0;1;14;1;
202300007221;155667735;A01;0;7;0;0;0;0;0;
202300007222;155667734;B01;1;7;0;2;2;15;1;
202300007222;155667736;A01;2;31;0;2;1;17;1;
202300007223;155667732;A01;2;1;0;2;4;1;5;
202300007223;155667733;B01;2;7;0;2;2;1;1;
202300007224;155667729;B01;1;50;0;2;7;1;3;
202300007224;155667731;A01;1;0;0;2;7;1;0;
202300007225;155667727;A01;1;7;0;2;9;5;1;
202300007225;155667730;B01;2;7;0;2;7;1;1;
202300007226;155667726;B01;2;33;0;2;5;1;1;
202300007226;155667728;A01;1;7;0;2;2;15;1;
202300007227;155667720;B01;3;7;0;2;8;24;0;
202300007227;155667722;C01;3;7;0;2;8;1;2;
202300007227;155667724;D01;3;7;0;2;4;1;2;