Num_Acc;id_vehicule;num_veh;senc;catv;obs;obsm;choc;manv;motor;occutc
202300007227;155667725;A01;3;7;0;2;1;2;1;
202300007228;155667719;B01;1;7;0;2;3;15;1;
202300007228;155667723;A01;1;7;0;2;1;1;1;
202300007229;155667718;A01;2;7;0;2;1;1;1;
202300007229;155667721;B01;2;7;0;0;4;1;1;
202300007230;155667716;A01;1;31;0;0;0;16;1;
202300007231;155667714;B01;1;1;0;0;7;1;5;
202300007231;155667717;A01;1;7;0;9;2;1;1;
202300007232;155667713;A01;1;1;0;2;9;1;5;
202300007232;155667715;B01;2;17;0;2;8;1;1;
202300007233;155667712;A01;1;7;0;0;0;1;1;
202300007234;155667711;A01;2;7;0;0;9;13;1;
202300007235;155667710;A01;1;7;0;1;3;15;1;
202300007236;155667708;A01;1;7;0;1;8;1;1;
202300007237;155667707;B01;2;7;0;2;7;15;1;
202300007237;155667709;A01;1;31;0;2;1;1;1;
202300007238;155667706;A01;1;10;13;0;2;1;1;
202300007239;155667704;B01;3;32;0;2;1;1;1;
202300007239;155667705;A01;3;7;0;2;2;15;1;
202300007240;155667702;B01;3;7;0;2;3;1;1;
202300007240;155667703;A01;3;31;0;2;1;1;1;
202300007241;155667700;A01;0;7;0;2;6;2;1;
202300007241;155667701;B01;0;7;0;0;9;2;1;
202300007242;155667699;B01;1;1;6;0;0;1;5;
202300007243;155667697;A01;1;7;0;2;2;11;1;
202300007243;155667698;B01;2;7;0;2;1;1;1;
202300007244;155667696;A01;1;7;3;0;8;13;0;
202300007245;155667694;A01;1;7;0;2;1;5;2;
202300007245;155667695;B01;2;7;0;2;1;1;1;
202300007246;155667692;A01;3;7;0;9;1;1;1;
202300007246;155667693;B01;3;1;0;2;8;1;5;
202300007247;155667691;A01;3;7;0;0;0;26;1;
202300007248;155667689;A01;0;7;0;2;1;0;0;
202300007248;155667690;B01;0;30;0;2;4;0;1;
202300007249;155667688;A01;3;7;0;1;2;1;1;
202300007250;155667686;A01;1;33;0;2;1;2;1;
202300007250;155667687;B01;1;33;0;2;4;2;1;
202300007251;155667685;A01;1;33;0;6;6;0;1;
202300007252;155667683;A01;2;7;0;2;3;15;1;
202300007252;155667684;B01;1;7;2;2;3;1;1;
202300007253;155667682;A01;1;10;7;0;1;0;1;
202300007254;155667680;A01;2;7;0;2;3;5;1;
202300007254;155667681;B01;1;7;0;2;6;1;1;
202300007255;155667679;A01;2;33;4;0;9;14;1;
202300007256;155667677;B01;1;1;0;2;1;1;5;
202300007256;155667678;A01;2;7;0;9;2;19;0;
202300007257;155667676;A01;1;7;3;9;1;1;1;
202300007258;155667674;A01;1;33;0;2;1;2;1;
202300007258;155667675;B01;1;17;0;0;4;2;1;
202300007259;155667672;A01;2;7;0;2;2;1;0;
202300007259;155667673;B01;2;2;0;0;4;15;0;
202300007260;155667669;A01;2;7;0;2;2;15;1;
202300007260;155667670;C01;2;7;0;2;3;15;1;
202300007260;155667671;B01;2;7;0;2;3;1;1;
202300007261;155667668;A01;1;7;6;0;2;14;1;
202300007262;155667666;A01;1;33;0;2;2;2;1;
202300007262;155667667;B01;1;33;0;2;8;2;1;
202300007263;155667664;B01;2;7;0;0;6;1;1;
202300007263;155667665;A01;1;7;0;2;1;13;1;
202300007264;155667663;A01;1;7;13;0;3;19;1;
202300007265;155667661;B01;2;33;0;2;1;1;1;
202300007265;155667662;A01;2;7;0;2;8;9;1;
202300007266;155667659;A01;2;33;0;0;7;1;1;
202300007267;155667658;A01;1;7;3;0;0;1;1;
202300007268;155667655;A01;2;7;9;0;1;1;1;
202300007268;155667656;B01;2;7;15;2;7;1;1;
202300007268;155667657;C01;2;7;0;2;1;1;1;
202300007269;155667653;A01;2;7;0;2;2;12;1;
202300007269;155667654;B01;2;17;0;2;6;1;1;
202300007270;155667652;A01;2;7;2;0;1;13;1;
202300007271;155667650;A01;1;7;0;2;7;19;1;
202300007271;155667651;B01;1;7;0;2;2;1;1;
202300007272;155667648;A01;1;7;0;2;1;13;1;
202300007272;155667649;B01;2;7;0;2;8;1;1;
202300007273;155667646;A01;1;31;0;2;1;1;0;
202300007273;155667647;B01;2;7;0;2;2;15;1;
202300007274;155667645;A01;3;31;0;0;0;0;1;
202300007275;155667644;A01;2;33;1;0;7;1;1;
202300007276;155667642;A01;1;7;0;2;8;1;1;
202300007276;155667643;B01;2;7;0;2;3;13;1;
202300007277;155667641;A01;2;7;2;0;8;1;1;
202300007278;155667640;A01;3;7;13;0;2;1;1;
202300007279;155667639;A01;2;7;0;0;1;21;1;
202300007280;155667638;A01;1;7;14;0;1;1;0;
202300007281;155667636;A01;2;31;0;2;1;1;1;
202300007281;155667637;B01;2;7;0;0;4;1;1;
202300007282;155667634;A01;1;7;0;0;4;0;1;
202300007282;155667635;B01;1;7;0;2;1;1;1;
202300007283;155667632;B01;2;1;0;2;1;19;5;
202300007283;155667633;A01;1;33;0;2;2;1;1;
202300007284;155667629;C01;2;16;0;2;6;1;1;
202300007284;155667630;A01;2;7;0;2;8;13;1;
202300007284;155667631;B01;2;7;0;2;7;17;1;
202300007285;155667628;A01;3;7;6;0;3;13;1;
202300007286;155667627;A01;3;7;0;1;4;20;1;
202300007287;155667624;B01;1;7;0;2;4;1;1;
202300007287;155667625;A01;1;7;0;2;1;2;1;
202300007287;155667626;C01;3;7;0;2;1;23;1;
202300007288;155667622;A01;2;10;0;2;5;13;1;
202300007288;155667623;B01;1;7;0;2;1;1;0;
202300007289;155667621;A01;2;33;15;0;9;0;1;
202300007290;155667619;B01;1;43;0;2;1;1;1;
202300007290;155667620;A01;3;7;0;2;8;19;1;
202300007291;155667617;A01;2;7;0;2;1;13;0;
202300007291;155667618;B01;1;7;0;2;1;0;0;
202300007292;155667615;B01;1;2;0;0;8;1;1;
202300007292;155667616;A01;2;7;0;0;1;6;1;
202300007293;155667614;A01;1;15;0;1;3;1;1;
202300007294;155667611;A01;1;7;0;2;8;19;1;
202300007294;155667613;B01;2;43;0;2;1;1;1;
202300007295;155667610;B01;1;30;0;2;1;2;1;
202300007295;155667612;A01;1;7;0;2;4;2;1;
202300007296;155667609;A01;1;7;2;0;3;1;1;
202300007297;155667607;A01;1;7;0;9;1;5;1;
202300007297;155667608;B01;2;15;0;2;3;1;1;
202300007298;155667605;A01;2;7;0;2;2;15;1;
202300007298;155667606;B01;1;33;0;2;1;1;1;
202300007299;155667602;B01;3;7;0;2;7;1;1;
202300007299;155667604;A01;3;7;0;2;1;9;1;
202300007300;155667600;A01;1;35;0;2;8;15;1;
202300007300;155667601;B01;1;33;0;2;1;21;1;
202300007300;155667603;C01;2;7;0;2;1;1;1;
202300007301;155667597;A01;3;7;0;0;1;1;1;
202300007301;155667598;B01;3;7;0;2;1;15;1;
202300007302;155667596;A01;2;7;0;2;3;15;1;
202300007302;155667599;B01;1;33;0;2;1;1;1;
202300007303;155667594;A01;1;10;0;1;1;1;1;
202300007304;155667593;A01;3;7;3;2;1;0;1;
202300007304;155667595;B01;3;7;0;2;1;1;1;
202300007305;155667592;A01;1;7;0;1;2;1;1;
202300007306;155667591;A01;0;7;2;0;1;1;1;
202300007307;155667590;A01;1;7;0;2;9;17;1;
202300007308;155667588;B01;1;33;0;2;1;13;1;
202300007308;155667589;A01;2;33;0;2;1;1;1;
202300007309;155667587;A01;2;2;0;0;0;1;1;
202300007310;155667586;A01;1;7;6;0;1;1;1;
202300007311;155667585;A01;1;7;13;0;9;13;1;
202300007312;155667582;A01;1;7;0;2;3;1;1;
202300007312;155667584;B01;2;2;0;0;6;1;1;
202300007313;155667581;B01;0;7;0;2;1;1;1;
202300007313;155667583;A01;3;7;0;2;3;15;1;
202300007314;155667580;A01;1;33;0;0;1;1;1;
202300007315;155667577;A01;1;33;0;2;3;2;1;
202300007315;155667578;B01;1;7;0;2;7;2;1;
202300007316;155667576;A01;3;7;0;2;1;1;1;
202300007316;155667579;B01;2;1;0;2;5;1;5;
202300007317;155667575;A01;1;1;0;0;7;26;5;
202300007318;155667574;A01;2;32;0;0;0;1;1;
202300007319;155667571;B01;2;1;0;2;8;13;5;
202300007319;155667573;A01;2;10;0;2;2;17;1;
202300007320;155667570;A01;3;7;0;2;4;23;0;
202300007320;155667572;B01;3;7;0;2;1;2;1;
202300007321;155667569;A01;2;7;13;0;1;1;1;
202300007322;155667568;A01;2;17;3;0;1;9;1;
202300007323;155667564;A01;1;99;6;2;1;1;1;
202300007323;155667567;B01;2;10;0;2;7;15;1;
202300007324;155667565;A01;1;7;0;2;1;6;1;
202300007324;155667566;B01;2;10;0;2;1;1;1;
202300007325;155667562;A01;1;7;13;0;9;1;1;
202300007326;155667561;A01;1;7;0;2;1;2;1;
202300007326;155667563;B01;1;7;0;2;4;23;1;
202300007327;155667560;A01;1;31;0;0;0;0;1;
202300007328;155667558;A01;1;7;0;2;0;2;2;
202300007328;155667559;B01;1;30;0;2;0;18;1;
202300007329;155667557;A01;1;2;8;0;1;1;1;
202300007330;155667555;A01;2;7;13;0;9;14;1;
202300007331;155667554;B01;3;50;0;0;0;0;3;
202300007331;155667556;A01;3;7;12;0;0;16;1;
202300007332;155667553;A01;2;7;17;0;1;1;1;
202300007333;155667552;A01;3;7;0;1;2;1;1;
202300007334;155667551;A01;1;7;13;0;9;14;1;
202300007335;155667550;A01;3;1;0;1;1;1;5;
202300007336;155667549;A01;1;33;13;0;1;14;1;
202300007337;155667547;A01;3;7;0;2;7;15;1;
202300007337;155667548;B01;3;33;0;2;1;1;1;
202300007338;155667546;A01;2;1;16;0;8;0;5;
202300007339;155667543;A01;2;7;0;2;2;2;1;
202300007339;155667545;B01;2;10;0;2;4;2;1;
202300007340;155667544;A01;1;33;2;0;2;1;1;
202300007341;155667541;A01;3;33;0;2;7;16;1;
202300007341;155667542;B01;3;7;0;2;8;2;1;
202300007342;155667539;A01;3;7;0;2;1;11;1;
202300007342;155667540;B01;3;7;0;2;1;1;1;
202300007343;155667537;A01;3;33;0;2;1;26;1;
202300007343;155667538;B01;3;7;0;2;5;26;1;
202300007344;155667535;A01;3;7;0;2;1;9;3;
202300007344;155667536;B01;1;7;0;2;1;1;1;
202300007345;155667529;B01;1;7;0;2;3;23;1;
202300007345;155667530;A01;1;7;0;2;1;0;1;
202300007346;155667527;A01;3;1;0;2;1;2;5;
202300007346;155667528;B01;3;7;0;9;4;1;1;
202300007347;155667525;B01;3;80;0;2;3;9;3;
202300007347;155667526;A01;3;7;0;2;3;9;1;
202300007348;155667524;A01;3;30;0;0;3;1;1;
202300007349;155667523;A01;1;1;1;0;3;1;5;
202300007350;155667522;A01;2;7;13;0;2;14;1;
202300007351;155667520;B01;1;7;0;0;4;1;1;
202300007351;155667521;A01;0;10;0;2;1;1;1;
202300007352;155667519;A01;1;7;12;0;0;1;1;
202300007353;155667518;A01;1;7;0;1;1;1;2;
202300007354;155667516;A01;1;32;0;2;7;1;1;
202300007354;155667517;Z01;1;10;0;2;8;11;0;
202300007355;155667514;A01;1;7;0;2;6;11;1;
202300007355;155667515;B01;1;33;0;2;2;1;1;
202300007356;155667513;A01;1;33;0;0;8;21;1;
202300007357;155667511;A01;1;33;0;2;1;3;1;
202300007357;155667512;B01;1;33;0;0;4;3;1;
202300007358;155667509;A01;1;33;0;2;1;3;1;
202300007358;155667510;B01;1;7;0;2;4;12;1;
202300007359;155667507;A01;2;2;0;2;1;2;3;
202300007359;155667508;B01;2;38;0;2;4;2;1;1.0
202300007360;155667506;A01;1;7;0;1;1;17;1;
202300007361;155667504;A01;2;7;0;2;3;20;1;
202300007361;155667505;B01;2;33;0;2;2;17;1;
202300007362;155667502;A01;1;60;0;2;8;19;5;
202300007362;155667503;B01;1;7;0;2;2;7;1;
202300007363;155667501;A01;2;31;0;9;7;1;1;
202300007364;155667499;A01;3;33;0;2;1;16;1;
202300007364;155667500;B01;3;50;0;2;2;1;3;
202300007365;155667497;Z01;3;7;0;2;0;15;0;
202300007365;155667498;B01;1;1;0;2;1;1;5;
202300007366;155667495;A01;2;7;0;2;8;22;3;
202300007366;155667496;B01;2;80;0;2;7;1;3;
202300007367;155667493;A01;2;10;0;2;1;15;1;
202300007367;155667494;B01;2;32;0;2;8;1;1;
202300007368;155667491;A01;1;7;0;2;2;15;1;
202300007368;155667492;B01;2;80;0;2;1;1;3;
202300007369;155667489;A01;2;7;0;2;1;1;1;
202300007369;155667490;B01;2;33;0;2;4;23;1;
202300007370;155667487;A01;1;10;0;2;3;22;1;
202300007370;155667488;B01;2;1;0;2;5;1;5;
202300007371;155667486;A01;3;30;0;0;0;1;3;
202300007372;155667485;A01;1;1;0;1;0;7;5;
202300007373;155667483;B01;1;50;0;2;7;1;3;
202300007373;155667484;A01;1;7;0;2;2;15;1;
202300007374;155667481;A01;1;7;0;2;7;22;2;
202300007374;155667482;B01;1;1;0;2;1;1;5;
202300007375;155667479;A01;1;7;0;2;7;1;1;
202300007375;155667480;B01;1;43;0;2;1;1;1;
202300007376;155667478;A01;2;30;0;0;1;1;3;
202300007377;155667477;A01;2;1;0;0;3;1;5;
202300007378;155667475;B01;1;1;-1;2;0;1;5;
202300007378;155667476;A01;1;7;0;0;0;1;1;
202300007379;155667473;A01;2;1;0;2;1;2;5;
202300007379;155667474;B01;2;7;0;2;5;2;1;
202300007380;155667472;A01;2;2;0;1;1;1;1;
202300007381;155667470;B01;3;32;0;2;1;1;1;
202300007381;155667471;A01;2;7;0;2;3;9;0;
202300007382;155667469;A01;1;7;0;1;3;1;1;
202300007383;155667468;A01;0;34;0;1;8;2;0;
202300007384;155667466;A01;1;7;0;2;1;1;0;
202300007384;155667467;B01;1;33;0;2;4;1;0;
202300007385;155667465;A01;3;7;0;1;2;1;1;
202300007386;155667463;A01;1;15;0;2;1;1;1;
202300007386;155667464;B01;1;7;0;2;4;1;1;
202300007387;155667461;A01;2;7;0;2;1;1;1;
202300007387;155667462;B01;2;7;0;2;4;1;1;
202300007388;155667459;B01;1;7;0;2;3;1;1;
202300007388;155667460;A01;1;7;0;2;2;1;1;
202300007389;155667458;A01;0;7;0;1;2;1;1;
202300007390;155667456;B01;1;33;0;2;1;1;0;
202300007390;155667457;A01;1;7;0;2;4;1;1;
202300007391;155667455;A01;2;33;0;0;7;1;1;
202300007392;155667452;A01;1;43;0;2;1;2;1;
202300007392;155667453;B01;1;10;0;2;2;16;1;
202300007392;155667454;C01;3;7;0;2;6;16;1;
202300007393;155667450;A01;1;13;0;2;1;0;0;
202300007393;155667451;B01;1;10;0;2;4;1;-1;
202300007394;155667449;A01;1;7;0;2;3;15;0;
202300007395;155667447;B01;2;7;0;0;6;1;1;
202300007395;155667448;A01;2;7;0;0;0;0;1;
202300007396;155667446;A01;1;7;12;0;7;1;1;
202300007397;155667445;A01;1;7;0;1;2;16;1;
202300007398;155667444;A01;2;10;0;1;2;11;1;
202300007399;155667442;A01;2;7;0;2;2;15;1;
202300007399;155667443;B01;2;2;0;2;1;2;3;
202300007400;155667441;A01;2;7;0;1;1;1;1;
202300007401;155667439;A01;2;50;0;2;1;1;3;
202300007401;155667440;B01;1;7;0;2;3;1;0;
202300007402;155667437;A01;1;7;0;2;8;11;1;
202300007402;155667438;B01;1;33;0;2;7;17;1;
202300007403;155667436;A01;1;7;0;1;2;16;1;
202300007404;155667434;B01;2;7;0;2;7;1;1;
202300007404;155667435;A01;1;14;0;2;2;1;1;
202300007405;155667433;A01;1;7;8;0;1;0;1;
202300007406;155667431;A01;1;7;0;2;3;15;0;
202300007406;155667432;B01;1;7;0;2;1;17;0;
202300007407;155667429;A01;2;7;0;0;3;13;1;
202300007407;155667430;B01;2;7;6;0;3;13;1;
202300007408;155667428;A01;1;36;13;0;6;0;1;
202300007409;155667426;A01;1;2;0;2;1;1;1;
202300007409;155667427;B01;1;7;0;2;3;1;1;
202300007410;155667424;A01;0;33;0;2;0;1;1;
202300007410;155667425;B01;0;7;0;2;3;23;0;
202300007411;155667422;A01;1;7;0;2;3;9;0;
202300007411;155667423;B01;1;1;0;2;0;1;5;
202300007412;155667421;A01;3;7;13;0;3;13;0;
202300007413;155667420;A01;3;33;0;2;1;21;0;
202300007414;155667418;A01;2;7;7;2;1;26;1;
202300007414;155667419;B01;2;7;7;2;3;26;1;
202300007415;155667416;A01;1;33;0;2;8;1;1;
202300007415;155667417;B01;0;7;0;2;1;19;1;
202300007416;155667414;A01;1;10;1;0;2;2;1;
202300007416;155667415;B01;1;7;13;0;6;23;1;
202300007417;155667412;A01;2;7;0;9;8;13;1;
202300007417;155667413;B01;1;80;0;2;3;1;3;
202300007418;155667410;A01;3;7;0;2;3;9;1;
202300007418;155667411;B01;1;10;0;2;3;1;1;
202300007419;155667409;A01;2;7;0;1;2;1;1;
202300007420;155667408;A01;2;7;0;1;1;1;1;
202300007421;155667406;A01;2;7;0;2;1;17;1;
202300007421;155667407;B01;1;7;0;2;1;1;3;
202300007422;155667405;A01;1;7;2;0;2;0;1;
202300007423;155667404;A01;1;7;13;0;3;13;1;
202300007424;155667402;A01;1;7;0;2;1;15;1;
202300007424;155667403;B01;1;50;0;2;3;1;3;
202300007425;155667401;A01;1;2;0;0;7;1;1;
202300007426;155667399;A01;2;7;0;2;1;13;1;
202300007426;155667400;B01;1;7;0;2;3;1;2;
202300007427;155667397;A01;2;7;0;2;1;13;1;
202300007427;155667398;B01;1;7;0;2;8;1;1;
202300007428;155667396;A01;1;7;0;0;0;1;1;
202300007429;155667394;B01;1;2;0;0;4;1;3;
202300007429;155667395;A01;1;7;0;2;2;1;1;
202300007430;155667393;A01;1;7;13;0;2;1;1;
202300007431;155667391;B01;2;1;0;2;1;0;5;
202300007431;155667392;A01;1;7;0;9;8;26;0;
202300007432;155667389;B01;1;60;0;2;8;16;5;
202300007432;155667390;A01;1;10;0;2;2;1;1;
202300007433;155667388;A01;2;7;6;0;1;1;1;
202300007434;155667387;A01;2;7;3;0;2;26;1;
202300007435;155667386;A01;1;7;13;0;1;1;1;
202300007436;155667385;A01;3;33;0;0;8;23;1;
202300007437;155667384;A01;1;7;0;1;3;1;1;
202300007438;155667382;B01;2;7;0;0;4;11;1;
202300007438;155667383;A01;2;7;0;2;1;1;1;
202300007439;155667379;C01;2;15;0;0;8;1;1;
202300007439;155667380;A01;2;7;0;2;1;2;0;
202300007439;155667381;B01;2;7;3;0;4;1;0;
202300007440;155667377;A01;1;2;0;2;9;17;1;
202300007440;155667378;B01;2;10;0;2;0;1;1;
202300007441;155667375;A01;1;7;0;2;3;1;1;
202300007441;155667376;B01;2;7;0;2;2;15;1;
202300007442;155667373;A01;1;7;0;2;1;13;1;
202300007442;155667374;B01;2;7;0;0;1;1;1;
202300007443;155667371;A01;1;7;0;2;3;10;2;
202300007443;155667372;B01;1;33;0;2;1;26;1;
202300007444;155667369;B01;0;33;0;2;7;1;1;
202300007444;155667370;A01;3;10;0;2;2;9;1;
202300007445;155667368;A01;2;99;0;1;7;16;1;
202300007446;155667366;B01;1;7;0;0;1;1;1;
202300007446;155667367;A01;2;7;0;2;1;13;1;
202300007447;155667364;B01;3;1;0;2;1;17;5;
202300007447;155667365;A01;3;10;0;0;8;15;1;
202300007448;155667363;A01;1;33;3;0;3;13;1;
202300007449;155667360;B01;1;1;0;2;7;9;5;
202300007449;155667361;A01;1;7;0;2;3;1;1;
202300007450;155667358;B01;2;7;0;2;3;1;1;
202300007450;155667359;A01;1;7;0;2;3;13;1;
202300007451;155667357;A01;1;31;0;2;1;1;1;
202300007452;155667356;A01;0;7;0;1;2;0;1;
202300007453;155667355;A01;2;7;2;0;8;1;1;
202300007454;155667354;A01;1;2;8;0;1;13;1;
202300007455;155667352;B01;1;31;0;2;7;1;1;
202300007455;155667353;A01;1;15;0;2;8;1;1;
202300007456;155667350;A01;2;7;0;2;4;23;1;
202300007456;155667351;B01;2;13;1;0;1;1;1;
202300007457;155667348;A01;1;7;0;2;7;2;1;
202300007457;155667349;B01;1;7;0;2;8;1;1;
202300007458;155667347;A01;2;7;4;0;1;0;1;
202300007459;155667345;A01;2;10;0;2;1;11;1;
202300007459;155667346;B01;2;7;0;2;4;23;1;
202300007460;155667343;B01;2;7;0;2;1;1;1;
202300007460;155667344;A01;2;33;0;2;4;23;1;
202300007461;155667340;B01;2;10;0;2;3;1;0;
202300007461;155667341;C01;2;7;0;2;1;1;0;
202300007461;155667342;A01;1;7;0;2;2;6;0;
202300007462;155667339;A01;2;7;4;0;1;14;0;
202300007463;155667338;A01;1;43;0;0;0;1;1;
202300007464;155667336;A01;2;7;0;2;3;11;1;
202300007464;155667337;B01;2;33;0;2;2;3;1;
202300007465;155667333;A01;2;7;0;2;2;14;1;
202300007465;155667334;B01;2;7;0;2;6;12;1;
202300007465;155667335;C01;2;10;0;2;2;0;1;
202300007466;155667332;A01;2;7;4;0;1;11;1;
202300007467;155667330;B01;2;7;0;2;3;11;1;
202300007467;155667331;A01;2;33;0;2;2;3;1;
202300007468;155667328;B01;1;33;0;2;2;3;1;
202300007468;155667329;A01;1;7;0;2;6;12;1;
202300007469;155667327;A01;2;31;0;0;5;14;1;
202300007470;155667323;B01;2;7;0;2;4;2;1;
202300007470;155667324;C01;2;7;0;2;4;2;1;
202300007470;155667325;D01;2;7;0;2;6;2;1;
202300007470;155667326;A01;2;10;0;2;1;1;1;
202300007471;155667321;A01;1;7;3;0;3;1;1;
202300007471;155667322;B01;1;7;0;2;3;1;1;
202300007472;155667320;A01;1;17;0;1;0;1;1;
202300007473;155667319;A01;1;32;3;0;0;0;1;
202300007474;155667317;B01;2;33;0;2;7;1;1;
202300007474;155667318;A01;2;7;0;2;8;11;1;
202300007475;155667314;B01;2;7;0;2;4;2;1;
202300007475;155667315;C01;2;10;0;2;1;2;1;
202300007475;155667316;A01;2;7;0;2;4;2;1;
202300007476;155667311;C01;1;10;0;2;4;2;1;
202300007476;155667312;A01;1;7;0;2;1;2;1;
202300007476;155667313;B01;1;10;0;2;4;2;1;
202300007477;155667309;A01;1;7;0;2;1;1;1;
202300007477;155667310;B01;1;50;0;2;1;19;3;
202300007478;155667307;A01;1;37;0;2;0;0;1;4.0
202300007478;155667308;B01;1;10;0;0;0;0;0;
202300007479;155667306;A01;2;2;0;0;2;2;1;
202300007480;155667305;A01;3;34;1;0;2;14;3;
202300007481;155667303;B01;1;2;0;2;8;1;3;
202300007481;155667304;A01;1;7;0;2;7;13;0;
202300007482;155667301;A01;1;1;0;4;8;1;5;
202300007482;155667302;B01;2;40;0;2;1;1;3;
202300007483;155667299;A01;1;33;2;2;1;1;1;
202300007483;155667300;B01;1;33;0;2;1;1;1;
202300007484;155667298;A01;2;32;0;1;8;17;1;
202300007485;155667296;A01;2;30;0;2;1;3;1;
202300007485;155667297;B01;2;7;0;0;8;15;1;
202300007486;155667291;A01;1;7;0;2;9;12;2;
202300007486;155667292;B01;1;7;0;2;7;1;2;
202300007486;155667293;C01;1;7;0;2;8;1;2;
202300007486;155667294;D01;1;7;0;2;8;1;1;
202300007487;155667290;A01;0;7;0;1;2;11;1;
202300007488;155667288;A01;1;7;0;2;1;2;1;
202300007488;155667289;B01;1;2;0;2;4;26;1;
202300007489;155667286;B01;1;33;0;2;1;1;1;
202300007489;155667287;A01;1;7;0;2;3;19;1;
202300007490;155667284;A01;2;2;0;2;1;17;1;
202300007490;155667285;B01;1;7;0;2;6;15;1;
202300007491;155667282;B01;1;30;0;2;7;1;1;
202300007491;155667283;A01;3;7;0;2;3;9;1;
202300007492;155667280;A01;2;7;0;2;3;20;1;
202300007492;155667281;B01;2;2;0;2;1;17;1;
202300007493;155667279;A01;3;7;0;1;4;4;1;
202300007494;155667278;A01;2;7;0;1;8;1;1;
202300007495;155667276;A01;0;7;0;2;2;16;1;
202300007495;155667277;B01;0;32;0;2;8;7;1;
202300007496;155667274;B01;2;7;0;2;4;1;1;
202300007496;155667275;A01;2;7;0;2;1;1;1;
202300007497;155667270;B01;3;7;0;2;3;9;1;
202300007497;155667271;A01;2;50;0;2;1;25;3;
202300007498;155667268;A01;3;33;0;2;1;2;1;
202300007498;155667269;B01;3;7;0;2;3;2;1;
202300007499;155667267;A01;0;7;0;1;0;1;1;
202300007500;155667265;A01;1;7;0;2;3;1;1;
202300007500;155667266;B01;3;50;0;2;1;19;3;
202300007501;155667263;B01;1;7;0;2;6;1;1;
202300007501;155667264;A01;2;32;0;2;1;16;1;
202300007502;155667261;A01;1;7;0;2;1;16;1;
202300007502;155667262;B01;1;33;0;2;7;17;1;
202300007503;155667259;A01;1;7;0;2;2;9;0;
202300007503;155667260;B01;1;1;0;2;3;1;0;
202300007504;155667257;A01;3;10;0;2;1;16;1;
202300007504;155667258;B01;3;3;0;2;4;16;1;
202300007505;155667256;Z01;1;50;0;1;7;0;3;
202300007506;155667254;A01;2;7;0;2;1;2;1;
202300007506;155667255;B01;2;7;0;2;6;2;1;
202300007507;155667252;A01;2;14;0;2;7;2;1;
202300007507;155667253;B01;2;80;0;2;8;2;3;
202300007508;155667250;A01;2;7;0;2;2;1;1;
202300007508;155667251;B01;3;80;0;2;7;19;3;
202300007509;155667249;A01;1;7;0;1;1;1;1;
202300007510;155667247;B01;2;7;0;2;3;1;2;
202300007510;155667248;A01;2;7;0;2;1;1;1;
202300007511;155667246;A01;2;7;0;1;1;1;1;
202300007512;155667245;A01;3;7;0;1;4;20;1;
202300007513;155667243;B01;0;2;0;2;7;1;1;
202300007513;155667244;A01;1;7;0;2;1;9;1;
202300007514;155667241;A01;0;7;0;2;1;26;1;
202300007514;155667242;B01;1;33;0;2;7;17;1;
202300007515;155667240;A01;2;33;0;0;8;0;0;
202300007516;155667238;A01;1;7;0;2;1;13;1;
202300007516;155667239;B01;1;7;0;2;1;1;1;
202300007517;155667236;A01;1;7;0;2;3;15;1;
202300007517;155667237;B01;3;50;0;2;1;2;3;
202300007518;155667235;A01;2;7;1;0;7;4;1;
202300007519;155667232;B01;1;7;0;2;8;11;1;
202300007519;155667233;C01;1;7;0;0;4;1;2;
202300007519;155667234;A01;1;43;0;2;1;3;1;
202300007520;155667230;B01;1;33;0;2;1;3;1;
202300007520;155667231;A01;1;10;0;2;8;11;1;
202300007521;155667228;A01;1;7;0;2;1;2;1;
202300007521;155667229;B01;1;7;0;2;4;2;2;
202300007522;155667226;B01;2;7;0;2;0;12;1;
202300007522;155667227;A01;2;33;0;2;1;3;1;
202300007523;155667224;A01;1;10;0;2;1;11;1;
202300007523;155667225;B01;1;7;0;2;4;1;2;
202300007524;155667223;A01;1;17;0;1;3;1;1;
202300007525;155667222;A01;1;7;0;1;1;14;2;
202300007526;155667218;C01;3;7;0;2;4;23;1;
202300007526;155667219;D01;3;7;0;2;4;23;1;
202300007526;155667220;A01;3;43;0;2;1;14;1;
202300007526;155667221;B01;3;7;0;2;8;23;1;
202300007527;155667216;B01;3;7;0;2;1;15;1;
202300007527;155667217;A01;0;32;0;2;8;1;1;
202300007528;155667215;A01;0;7;0;1;1;15;1;
202300007529;155667214;A01;1;7;0;1;3;1;1;
202300007530;155667212;A01;3;7;0;2;3;15;1;
202300007530;155667213;B01;3;7;0;2;3;1;1;
202300007531;155667211;A01;3;7;8;0;3;13;0;
202300007532;155667209;B01;2;7;0;2;7;15;2;
202300007532;155667210;A01;2;33;0;2;1;1;1;
202300007533;155667207;A01;2;30;0;2;2;17;1;
202300007533;155667208;B01;2;7;0;0;8;9;1;
202300007534;155667206;A01;1;50;0;1;1;1;3;
202300007535;155667205;A01;1;7;0;1;3;15;1;
202300007536;155667204;A01;3;7;0;1;1;17;1;
202300007537;155667202;A01;2;1;0;2;1;1;5;
202300007537;155667203;B01;2;34;0;2;3;1;1;
202300007538;155667201;A01;3;7;0;1;2;1;0;
202300007539;155667200;A01;2;7;1;0;2;14;1;