Num_Acc;id_vehicule;num_veh;senc;catv;obs;obsm;choc;manv;motor;occutc
202300007540;155667198;A01;1;7;0;2;3;1;2;
202300007540;155667199;B01;3;1;0;2;2;19;5;
202300007541;155667197;A01;1;7;0;1;2;2;0;
202300007542;155667195;A01;3;1;0;2;1;19;5;
202300007542;155667196;B01;2;32;0;2;1;1;1;
202300007543;155667193;A01;2;7;0;2;2;15;1;
202300007543;155667194;B01;2;2;0;2;1;1;1;
202300007544;155667191;A01;3;7;0;2;1;26;1;
202300007544;155667192;B01;3;99;0;0;0;0;0;
202300007545;155667189;A01;1;7;0;2;8;11;1;
202300007545;155667190;B01;1;34;0;2;6;1;1;
202300007546;155667187;A01;0;7;0;2;4;1;1;
202300007546;155667188;B01;0;7;0;2;1;1;0;
202300007547;155667185;A01;1;7;0;2;3;2;1;
202300007547;155667186;B01;3;1;0;2;1;25;5;
202300007548;155667183;A01;0;7;0;2;2;1;1;
202300007548;155667184;B01;0;1;0;2;8;19;5;
202300007549;155667182;A01;3;60;12;0;1;1;5;
202300007550;155667181;A01;2;17;0;0;0;1;1;
202300007551;155667179;A01;1;7;0;2;1;9;1;
202300007551;155667180;B01;1;33;0;2;8;1;1;
202300007552;155667177;A01;1;7;0;0;6;23;1;
202300007552;155667178;B01;1;33;0;2;7;1;1;
202300007553;155667175;A01;2;7;0;2;1;13;0;
202300007553;155667176;B01;1;7;0;2;1;0;0;
202300007554;155667174;A01;1;7;0;1;1;1;0;
202300007555;155667172;A01;1;7;0;2;1;1;1;
202300007555;155667173;B01;2;3;0;2;1;1;1;
202300007556;155667170;B01;0;1;0;2;1;19;5;
202300007556;155667171;A01;0;1;0;2;1;1;5;
202300007557;155667169;A01;1;33;0;9;0;1;0;
202300007558;155667167;A01;3;7;5;2;2;17;0;
202300007558;155667168;B01;3;10;5;0;6;1;0;
202300007559;155667165;B01;1;33;0;2;7;17;0;
202300007559;155667166;A01;1;7;0;2;3;13;0;
202300007560;155667164;A01;1;10;13;0;3;1;1;
202300007561;155667163;A01;0;7;15;0;1;1;0;
202300007562;155667162;A01;2;10;6;0;1;1;1;
202300007563;155667160;A01;2;2;0;9;1;1;1;
202300007563;155667161;B01;1;1;0;2;1;1;5;
202300007564;155667158;A01;1;7;13;0;0;1;0;
202300007565;155667156;B01;2;7;0;2;1;17;1;
202300007565;155667157;A01;1;7;0;2;3;1;1;
202300007566;155667154;B01;2;1;0;2;4;2;5;
202300007566;155667155;A01;2;10;0;2;2;2;1;
202300007567;155667152;B01;2;7;0;2;3;15;1;
202300007567;155667153;A01;2;7;0;2;2;17;1;
202300007568;155667151;A01;1;14;1;1;2;1;1;
202300007569;155667150;A01;1;7;8;0;1;1;1;
202300007570;155667149;A01;3;36;12;0;7;10;1;
202300007571;155667147;A01;2;14;0;0;4;23;1;
202300007571;155667148;B01;2;7;0;2;1;1;1;
202300007572;155667145;A01;2;7;0;2;8;15;1;
202300007572;155667146;B01;2;7;0;2;1;1;3;
202300007573;155667144;A01;1;7;13;0;0;1;1;
202300007574;155667142;B01;2;7;0;2;7;19;1;
202300007574;155667143;A01;1;1;0;2;2;1;5;
202300007575;155667141;A01;2;2;3;0;7;1;1;
202300007576;155667139;A01;3;36;0;2;2;2;1;
202300007576;155667140;B01;3;36;0;0;5;2;1;
202300007577;155667138;A01;2;7;16;0;9;1;1;
202300007578;155667137;A01;3;7;16;0;9;1;1;
202300007579;155667135;B01;2;7;0;0;3;1;1;
202300007579;155667136;A01;1;7;0;2;3;13;1;
202300007580;155667134;A01;2;33;16;0;7;1;1;
202300007581;155667132;A01;1;10;0;2;1;3;1;
202300007581;155667133;B01;1;10;0;0;6;2;1;
202300007582;155667131;A01;3;7;0;1;1;1;1;
202300007583;155667130;A01;3;7;0;1;1;1;1;
202300007584;155667129;A01;2;7;6;0;1;1;1;
202300007585;155667127;A01;1;7;0;2;2;19;1;
202300007585;155667128;B01;2;31;0;2;7;1;1;
202300007586;155667125;A01;2;7;0;2;3;15;2;
202300007586;155667126;B01;1;1;0;2;3;1;5;
202300007587;155667123;A01;2;7;0;2;4;9;1;
202300007587;155667124;B01;2;10;0;2;1;1;1;
202300007588;155667121;A01;2;7;0;2;1;13;1;
202300007588;155667122;B01;1;7;0;2;1;1;1;
202300007589;155667119;B01;3;7;0;2;7;19;1;
202300007589;155667120;A01;2;10;0;2;1;1;1;
202300007590;155667118;A01;2;7;6;0;2;0;1;
202300007591;155667116;B01;2;32;0;2;1;1;1;
202300007591;155667117;A01;1;7;0;9;5;15;1;
202300007592;155667115;A01;1;7;2;0;3;13;1;
202300007593;155667113;A01;1;7;0;9;2;2;1;
202300007593;155667114;B01;1;1;0;0;4;2;5;
202300007594;155667112;A01;0;10;0;1;3;0;1;
202300007595;155667111;A01;1;2;13;0;1;14;1;
202300007596;155667108;B01;0;7;0;2;4;0;1;
202300007596;155667109;C01;0;7;0;2;1;0;1;
202300007596;155667110;A01;0;7;0;0;4;15;1;
202300007597;155667106;B01;3;1;0;0;0;26;5;
202300007597;155667107;A01;3;36;0;0;0;26;1;
202300007598;155667105;A01;2;7;0;1;2;1;1;
202300007599;155667101;A01;1;10;14;2;1;1;0;
202300007599;155667102;B01;1;7;0;2;4;24;1;
202300007599;155667103;C01;1;7;0;2;1;23;1;
202300007599;155667104;D01;1;7;0;2;3;1;1;
202300007600;155667100;A01;1;7;4;0;9;0;1;
202300007601;155667098;B01;2;7;3;2;1;2;1;
202300007601;155667099;A01;1;15;3;2;1;13;1;
202300007602;155667096;A01;1;7;3;2;2;2;1;
202300007602;155667097;B01;1;7;1;2;3;2;1;
202300007603;155667095;A01;2;7;13;0;1;0;1;
202300007604;155667091;C01;1;7;3;2;1;1;1;
202300007604;155667092;D01;1;7;3;2;1;1;1;
202300007604;155667093;A01;1;7;3;2;1;1;1;
202300007604;155667094;B01;1;7;3;2;2;1;1;
202300007605;155667090;A01;1;7;4;0;2;0;1;
202300007606;155667087;A01;1;7;14;0;0;0;1;
202300007606;155667088;B01;1;7;14;0;0;0;1;
202300007606;155667089;C01;1;7;14;0;0;0;1;
202300007607;155667084;A01;2;7;0;2;4;11;1;
202300007607;155667085;B01;2;7;0;2;1;1;1;
202300007607;155667086;C01;2;99;0;2;1;1;1;
202300007608;155667083;A01;2;34;12;0;2;1;1;
202300007609;155667082;A01;3;10;1;1;1;13;1;
202300007610;155667080;A01;1;7;0;2;9;0;1;
202300007610;155667081;B01;1;10;0;2;2;0;1;
202300007611;155667079;A01;1;7;-1;1;1;1;1;
202300007612;155667077;A01;1;7;0;2;7;19;1;
202300007612;155667078;B01;2;33;0;2;1;1;1;
202300007613;155667074;A01;1;7;1;0;1;1;1;
202300007613;155667075;B01;1;7;1;0;4;23;1;
202300007613;155667076;C01;1;7;0;0;4;23;1;
202300007614;155667072;A01;1;33;0;2;1;1;1;
202300007614;155667073;B01;1;7;0;2;5;2;1;
202300007615;155667071;A01;3;7;0;1;5;20;1;
202300007616;155667070;A01;2;10;13;0;2;1;1;
202300007617;155667069;A01;2;7;13;2;2;21;1;
202300007618;155667067;B01;3;37;0;2;2;1;1;6.0
202300007618;155667068;A01;3;7;0;2;3;16;1;
202300007619;155667065;A01;3;7;0;2;3;24;1;
202300007619;155667066;B01;3;30;1;0;1;0;1;
202300007620;155667063;A01;1;7;0;2;1;2;1;
202300007620;155667064;B01;1;7;0;2;4;17;1;
202300007621;155667061;A01;1;7;0;2;1;1;1;
202300007621;155667062;B01;1;1;0;2;4;19;5;
202300007622;155667059;B01;2;60;0;2;8;1;5;
202300007622;155667060;A01;1;7;0;2;1;15;1;
202300007623;155667057;A01;2;7;0;2;1;2;1;
202300007623;155667058;B01;2;7;0;2;7;2;1;
202300007624;155667056;A01;1;7;0;1;2;19;1;
202300007625;155667055;A01;0;7;15;0;0;14;1;
202300007626;155667053;A01;1;7;0;2;1;19;1;
202300007626;155667054;B01;1;3;0;2;3;0;1;
202300007627;155667052;A01;1;7;0;1;1;1;1;
202300007628;155667050;A01;1;10;0;2;3;15;0;
202300007628;155667051;B01;1;50;0;2;1;17;3;
202300007629;155667048;B01;2;10;0;2;2;0;1;
202300007629;155667049;A01;1;7;0;2;2;1;1;
202300007630;155667046;A01;1;7;0;2;1;5;1;
202300007630;155667047;B01;2;37;0;2;1;1;1;1.0
202300007631;155667043;A01;1;7;0;1;1;1;1;
202300007632;155667040;B01;1;2;0;2;7;1;1;
202300007632;155667041;Z01;2;7;0;2;8;26;1;
202300007633;155667039;A01;3;7;1;0;1;21;1;
202300007634;155667038;A01;2;10;0;1;7;1;1;
202300007635;155667036;A01;3;7;0;2;1;2;1;
202300007635;155667037;B01;1;7;16;0;4;0;1;
202300007636;155667034;B01;3;7;0;2;2;1;1;
202300007636;155667035;A01;3;7;1;2;3;26;1;
202300007637;155667033;A01;1;7;0;1;2;1;1;
202300007638;155667031;A01;2;30;0;2;6;16;1;
202300007638;155667032;B01;1;7;0;2;7;1;1;
202300007639;155667030;A01;2;7;0;1;3;16;1;
202300007640;155667028;B01;2;7;0;2;7;1;1;
202300007640;155667029;A01;2;7;0;2;1;19;1;
202300007641;155667026;A01;2;7;0;2;4;23;1;
202300007641;155667027;B01;2;7;0;2;1;2;1;
202300007642;155667024;A01;1;34;0;2;2;2;1;
202300007642;155667025;B01;1;7;0;2;6;16;1;
202300007643;155667023;A01;3;33;0;0;0;1;1;
202300007644;155667022;Z01;3;0;0;1;1;1;0;
202300007645;155667020;A01;3;7;0;2;1;1;1;
202300007645;155667021;B01;3;50;0;2;7;19;3;
202300007646;155667019;A01;3;7;8;0;0;26;1;
202300007647;155667017;Z01;0;10;0;2;0;0;0;
202300007647;155667018;A01;0;1;0;2;4;2;5;
202300007648;155667015;A01;2;7;0;2;2;15;1;
202300007648;155667016;B01;1;50;0;2;1;1;3;
202300007649;155667014;A01;0;31;6;0;1;1;1;
202300007650;155667013;A01;1;50;0;1;1;1;3;
202300007651;155667012;A01;1;7;8;0;3;1;1;
202300007652;155667011;A01;3;7;13;0;2;9;1;
202300007653;155667009;B01;2;7;0;0;0;1;1;
202300007653;155667010;A01;1;33;0;0;0;11;1;
202300007654;155667008;A01;1;7;0;1;4;20;1;
202300007655;155667006;B01;1;30;0;2;1;1;1;
202300007655;155667007;A01;2;7;0;2;5;15;1;
202300007656;155667003;A01;1;7;0;2;1;2;1;
202300007656;155667004;B01;1;32;0;2;4;2;1;
202300007656;155667005;C01;1;7;0;2;4;2;1;
202300007657;155667000;A01;2;7;0;2;1;26;1;
202300007657;155667001;C01;2;10;0;2;4;0;1;
202300007657;155667002;B01;2;10;0;2;1;26;1;
202300007658;155666998;B01;2;7;0;2;4;1;2;
202300007658;155666999;A01;2;7;0;2;1;2;1;
202300007659;155666997;A01;3;7;13;0;0;16;1;
202300007660;155666994;A01;2;7;0;2;5;17;1;
202300007660;155666995;B01;2;7;0;2;3;15;1;
202300007661;155666993;A01;3;7;0;1;3;20;1;
202300007662;155666991;B01;1;7;0;2;1;13;0;
202300007662;155666992;A01;2;30;0;2;1;9;1;
202300007663;155666990;A01;2;7;1;0;3;21;1;
202300007664;155666988;B01;1;7;8;2;2;2;1;
202300007664;155666989;A01;1;7;0;2;3;2;1;
202300007665;155666987;A01;1;33;8;0;1;26;1;
202300007666;155666985;A01;2;43;0;0;8;26;0;
202300007666;155666986;B01;2;43;0;0;8;26;0;
202300007667;155666984;Z01;3;33;0;1;1;1;0;
202300007668;155666982;A01;1;7;0;2;3;16;1;
202300007668;155666983;B01;2;2;0;2;1;21;1;
202300007669;155666980;B01;0;7;0;1;1;1;1;
202300007669;155666981;A01;0;7;0;1;1;1;1;
202300007670;155666977;B01;1;10;0;2;6;1;1;
202300007670;155666978;C01;1;7;0;2;7;1;1;
202300007670;155666979;A01;1;33;0;2;2;1;1;
202300007671;155666976;A01;1;30;0;1;1;1;3;
202300007672;155666974;A01;1;7;0;2;7;22;1;
202300007672;155666975;B01;1;1;0;2;1;1;5;
202300007673;155666972;A01;1;2;0;2;1;15;1;
202300007673;155666973;B01;1;50;0;2;1;1;3;
202300007674;155666970;A01;1;30;0;2;7;15;1;
202300007674;155666971;B01;2;7;0;2;1;2;1;
202300007675;155666968;A01;1;7;0;2;8;10;3;
202300007675;155666969;B01;1;2;0;2;7;17;3;
202300007676;155666967;B01;2;1;0;1;1;1;5;
202300007677;155666966;A01;2;30;0;1;1;1;1;
202300007678;155666965;A01;2;7;8;0;1;13;1;
202300007679;155666963;A01;1;7;0;2;4;1;1;
202300007679;155666964;Z01;1;7;0;2;1;1;0;
202300007680;155666962;A01;2;7;0;1;7;9;1;
202300007681;155666961;A01;1;2;0;0;0;1;3;
202300007682;155666959;A01;1;13;0;2;0;1;0;
202300007682;155666960;B01;1;7;0;2;4;1;1;
202300007683;155666957;A01;1;33;0;2;1;1;1;
202300007683;155666958;B01;1;1;0;2;4;1;5;
202300007684;155666955;A01;1;1;0;2;1;18;5;
202300007684;155666956;B01;1;7;0;2;7;16;1;
202300007685;155666954;A01;2;33;0;0;7;1;1;
202300007686;155666952;A01;1;7;0;2;3;15;1;
202300007686;155666953;B01;2;30;0;2;8;1;1;
202300007687;155666950;A01;1;32;0;2;8;3;0;
202300007687;155666951;B01;1;7;0;2;7;1;0;
202300007688;155666949;A01;3;7;1;0;1;5;1;
202300007689;155666948;A01;3;7;14;0;1;1;1;
202300007690;155666946;A01;2;7;0;2;1;1;1;
202300007690;155666947;B01;2;7;0;2;4;1;1;
202300007691;155666944;A01;1;33;0;2;1;1;1;
202300007691;155666945;B01;1;7;0;2;6;23;0;
202300007692;155666942;A01;1;10;0;2;8;9;1;
202300007692;155666943;B01;1;2;0;2;7;1;0;
202300007693;155666940;A01;1;1;0;2;1;1;5;
202300007693;155666941;B01;2;30;0;9;1;1;0;
202300007694;155666939;A01;3;7;11;1;1;15;2;
202300007695;155666936;B01;2;7;0;2;6;20;1;
202300007695;155666937;A01;0;34;0;0;0;0;1;
202300007696;155666934;A01;2;30;0;2;1;18;1;
202300007696;155666935;B01;2;7;0;2;2;14;2;
202300007697;155666932;A01;1;7;0;0;4;23;1;
202300007697;155666933;B01;1;7;1;0;1;9;1;
202300007698;155666929;C01;1;7;0;2;1;2;1;
202300007698;155666930;B01;1;7;0;2;1;1;1;
202300007698;155666931;A01;1;10;5;2;1;1;1;
202300007699;155666927;A01;1;34;0;2;1;17;1;
202300007699;155666928;B01;1;7;0;2;3;15;1;
202300007700;155666926;A01;2;7;0;1;3;1;1;
202300007701;155666924;A01;2;31;0;2;1;26;1;
202300007701;155666925;B01;1;7;0;2;1;1;1;
202300007702;155666923;A01;1;7;3;0;6;2;1;
202300007703;155666921;A01;2;7;0;2;3;13;1;
202300007703;155666922;B01;1;7;0;2;6;1;1;
202300007704;155666920;A01;1;7;8;0;1;1;1;
202300007705;155666919;A01;1;7;17;0;8;13;1;
202300007706;155666917;A01;1;7;0;0;5;15;3;
202300007706;155666918;B01;2;33;0;2;1;1;1;
202300007707;155666916;A01;1;7;0;1;2;1;1;
202300007708;155666915;A01;0;7;0;1;5;26;1;
202300007709;155666913;B01;1;7;0;2;3;1;1;
202300007709;155666914;A01;2;2;0;2;1;13;1;
202300007710;155666912;A01;2;7;17;0;1;1;1;
202300007711;155666910;B01;1;7;0;2;1;1;1;
202300007711;155666911;A01;2;7;0;2;3;9;1;
202300007712;155666908;B01;2;21;0;2;1;19;0;
202300007712;155666909;A01;1;7;0;2;8;1;0;
202300007713;155666904;A01;1;7;0;2;2;17;1;
202300007713;155666905;B01;1;21;0;0;8;15;1;
202300007714;155666902;A01;2;7;0;2;3;15;1;
202300007714;155666903;B01;1;1;0;2;8;1;5;
202300007715;155666901;A01;1;33;0;0;7;1;1;
202300007716;155666900;A01;2;33;13;0;1;1;1;
202300007717;155666898;B01;2;1;0;2;1;17;5;
202300007717;155666899;A01;2;7;0;9;3;15;0;
202300007718;155666896;A01;2;7;0;0;0;2;1;
202300007718;155666897;B01;2;33;12;0;8;14;1;
202300007719;155666895;A01;2;7;6;0;1;13;1;
202300007720;155666891;D01;2;7;0;9;3;1;1;
202300007720;155666892;C01;2;7;0;9;1;1;1;
202300007720;155666893;B01;1;7;13;2;3;1;1;
202300007720;155666894;A01;2;33;0;2;1;17;1;
202300007721;155666889;A01;2;7;0;2;3;13;2;
202300007721;155666890;B01;1;7;0;2;3;1;1;
202300007722;155666888;A01;1;7;8;1;2;1;2;
202300007723;155666886;B01;2;14;0;2;8;1;1;
202300007723;155666887;A01;1;33;0;2;4;1;1;
202300007724;155666885;A01;2;7;0;1;2;2;1;
202300007725;155666883;A01;0;7;13;2;2;19;1;
202300007725;155666884;B01;2;3;13;2;3;1;1;
202300007726;155666881;A01;2;7;0;0;1;1;1;
202300007726;155666882;B01;2;7;0;0;4;1;1;
202300007727;155666880;A01;2;33;0;0;7;0;1;
202300007728;155666878;A01;2;15;0;0;6;1;1;
202300007728;155666879;B01;2;7;0;2;2;12;2;
202300007729;155666876;B01;1;10;0;2;2;1;1;
202300007729;155666877;A01;2;2;0;2;1;5;1;
202300007730;155666875;A01;1;7;12;0;1;14;1;
202300007731;155666873;A01;1;7;0;2;3;1;1;
202300007731;155666874;B01;2;7;3;2;3;1;1;
202300007732;155666871;A01;3;7;0;2;2;13;1;
202300007732;155666872;B01;3;7;0;2;2;1;1;
202300007733;155666869;B01;1;7;0;2;2;1;1;
202300007733;155666870;A01;1;7;0;2;3;15;1;
202300007734;155666867;A01;3;7;0;2;1;1;1;
202300007734;155666868;B01;3;50;0;2;8;5;3;
202300007735;155666865;B01;2;1;0;0;8;1;5;
202300007735;155666866;A01;2;10;0;9;2;1;1;
202300007736;155666864;A01;0;3;8;0;1;14;1;
202300007737;155666863;A01;3;7;14;0;1;1;0;
202300007738;155666860;A01;2;10;0;2;5;1;1;
202300007738;155666861;B01;2;36;0;2;1;3;1;
202300007739;155666859;A01;1;7;0;1;2;1;1;
202300007740;155666857;A01;2;7;0;2;1;2;1;
202300007740;155666858;B01;2;7;0;2;4;2;1;
202300007741;155666855;B01;2;7;0;2;5;2;1;
202300007741;155666856;A01;2;33;0;2;1;1;1;
202300007742;155666852;C01;2;7;0;2;4;1;0;
202300007742;155666853;B01;2;7;0;2;4;1;0;
202300007742;155666854;A01;2;10;0;2;1;1;0;
202300007743;155666850;A01;2;7;0;2;2;12;1;
202300007743;155666851;B01;2;33;0;2;1;3;1;
202300007744;155666848;A01;2;7;0;2;5;1;1;
202300007744;155666849;B01;2;33;0;2;3;3;1;
202300007745;155666846;A01;1;7;0;2;1;1;1;
202300007745;155666847;B01;1;7;0;2;4;1;3;
202300007746;155666844;A01;2;7;0;2;1;1;1;
202300007746;155666845;B01;2;7;0;2;4;14;1;
202300007747;155666841;C01;2;7;0;0;4;0;1;
202300007747;155666842;B01;2;10;0;2;5;12;1;
202300007747;155666843;A01;2;33;0;2;2;1;1;
202300007748;155666839;A01;2;7;0;2;8;21;1;
202300007748;155666840;B01;2;15;1;0;7;23;1;
202300007749;155666836;C01;1;7;0;2;6;1;1;
202300007749;155666837;B01;1;33;0;2;5;0;1;
202300007749;155666838;A01;1;7;0;2;7;11;1;
202300007750;155666833;C01;2;7;0;2;0;0;0;
202300007750;155666834;B01;2;7;0;2;0;0;1;
202300007750;155666835;A01;2;7;0;2;1;0;1;
202300007751;155666832;A01;1;7;4;0;2;14;1;
202300007752;155666830;B01;2;33;0;2;0;0;1;
202300007752;155666831;A01;2;7;0;2;1;2;1;
202300007753;155666828;A01;2;7;0;2;8;1;2;
202300007753;155666829;B01;2;14;0;2;7;12;1;
202300007754;155666825;B01;1;7;0;2;4;1;1;
202300007754;155666826;C01;1;7;0;2;4;1;1;
202300007754;155666827;A01;1;7;0;2;1;1;1;
202300007755;155666823;B01;1;33;0;2;1;1;1;
202300007755;155666824;A01;1;7;0;2;3;11;1;
202300007756;155666821;A01;2;10;0;2;1;2;1;
202300007756;155666822;B01;1;7;0;2;4;2;1;
202300007757;155666819;A01;2;7;0;2;8;1;1;
202300007757;155666820;B01;2;43;0;2;2;3;1;
202300007758;155666816;A01;1;10;0;2;1;1;1;
202300007758;155666817;B01;1;7;0;2;4;1;2;
202300007758;155666818;C01;1;7;0;2;4;1;1;
202300007759;155666815;A01;2;7;3;0;1;26;1;
202300007760;155666811;A01;1;10;0;2;7;12;1;
202300007760;155666812;B01;1;33;0;2;1;3;1;
202300007760;155666813;C01;1;33;0;2;1;1;1;
202300007760;155666814;D01;1;7;0;2;4;1;1;
202300007761;155666808;A01;2;7;0;1;2;15;1;
202300007762;155666806;Y01;2;60;0;9;8;15;5;
202300007762;155666807;A01;2;80;0;2;2;1;3;
202300007763;155666804;B01;2;7;0;2;8;1;1;
202300007763;155666805;A01;2;33;0;2;2;17;1;
202300007764;155666802;A01;1;7;0;2;1;9;1;
202300007764;155666803;B01;1;7;0;2;6;1;1;
202300007765;155666800;A01;2;80;0;2;8;1;3;
202300007765;155666801;Z01;2;10;0;2;7;1;0;
202300007766;155666797;A01;1;7;0;2;4;14;1;
202300007766;155666798;B01;1;7;0;0;0;0;0;
202300007766;155666799;C01;1;7;0;9;6;1;1;
202300007767;155666795;B01;2;33;0;2;1;1;1;
202300007767;155666796;A01;1;7;0;2;2;15;1;
202300007768;155666794;A01;1;7;0;1;3;1;1;
202300007769;155666793;A01;0;7;0;1;3;1;1;
202300007770;155666791;B01;1;7;0;2;5;10;1;
202300007770;155666792;A01;1;7;0;2;1;1;1;
202300007771;155666789;A01;1;7;0;2;5;1;1;
202300007771;155666790;B01;1;80;0;2;0;1;3;
202300007772;155666787;B01;1;7;0;2;4;23;1;
202300007772;155666788;A01;1;10;0;2;1;2;1;
202300007773;155666784;A01;2;10;0;1;1;13;1;
202300007774;155666782;A01;0;7;0;0;2;17;0;
202300007774;155666783;B01;0;7;0;0;0;1;0;
202300007775;155666780;A01;3;7;0;1;2;16;2;
202300007776;155666778;A01;0;7;0;1;0;1;1;
202300007777;155666777;A01;3;7;9;0;3;5;1;
202300007778;155666775;B01;2;7;0;2;1;1;1;
202300007778;155666776;A01;2;7;0;2;4;1;1;
202300007779;155666774;A01;1;7;0;1;1;15;1;
202300007780;155666772;B01;2;7;0;2;3;0;1;
202300007780;155666773;A01;2;7;0;2;2;15;1;
202300007781;155666770;A01;2;50;0;2;1;17;3;
202300007781;155666771;B01;1;7;0;2;3;1;1;
202300007782;155666769;A01;2;7;1;0;1;1;1;
202300007783;155666768;A01;1;3;0;1;1;16;1;
202300007784;155666766;A01;3;7;0;2;5;1;1;
202300007784;155666767;B01;3;7;0;0;6;10;1;
202300007785;155666765;A01;1;7;0;1;3;1;0;
202300007786;155666764;A01;2;7;0;1;1;1;1;
202300007787;155666763;A01;3;7;0;1;1;1;1;
202300007788;155666761;A01;1;7;0;9;3;1;1;
202300007788;155666762;B01;3;1;0;2;7;19;5;
202300007789;155666760;A01;1;7;0;1;1;1;1;
202300007790;155666758;A01;3;7;16;0;8;19;1;
202300007790;155666759;B01;3;7;0;2;0;0;1;
202300007791;155666755;A01;2;7;0;1;2;1;1;
202300007792;155666754;A01;1;60;0;0;0;1;5;
202300007793;155666753;A01;2;7;0;1;1;9;1;
202300007794;155666752;A01;3;7;0;1;1;1;1;
202300007795;155666751;A01;1;7;8;0;1;13;1;
202300007796;155666749;B01;2;2;0;2;1;1;0;
202300007796;155666750;A01;1;7;0;2;7;19;1;
202300007797;155666746;Z01;0;7;0;0;0;0;0;
202300007798;155666744;B01;1;10;0;2;4;4;1;
202300007798;155666745;A01;1;7;0;2;4;4;1;
202300007799;155666742;A01;2;7;0;2;2;2;1;
202300007799;155666743;B01;2;7;0;2;2;2;1;
202300007800;155666739;A01;2;7;0;2;1;1;1;
202300007800;155666740;B01;2;7;0;2;4;1;1;
202300007800;155666741;C01;2;7;0;2;4;1;1;
202300007801;155666738;A01;1;7;0;1;1;1;1;
202300007802;155666737;A01;3;7;0;1;2;15;1;
202300007803;155666735;B01;1;33;0;2;3;1;1;
202300007803;155666736;A01;1;7;0;2;5;12;1;
202300007804;155666734;A01;2;7;0;1;1;15;1;
202300007805;155666733;B01;2;7;2;0;1;21;1;
202300007806;155666732;A01;0;7;0;1;1;19;1;
202300007807;155666730;A01;1;37;0;2;1;1;1;2.0
202300007807;155666731;Z01;1;7;0;2;4;18;1;
202300007808;155666728;B01;1;7;0;2;4;2;1;
202300007808;155666729;A01;1;37;0;2;1;2;2;1.0
202300007809;155666727;A01;2;7;0;1;1;1;1;
202300007810;155666725;B01;3;33;0;2;1;1;1;
202300007810;155666726;A01;3;7;0;2;8;10;1;
202300007811;155666723;B01;1;1;1;0;1;1;5;
202300007811;155666724;A01;1;7;0;2;8;22;1;
202300007812;155666722;A01;1;1;0;1;3;1;5;
202300007813;155666720;B01;1;33;0;2;8;20;1;
202300007813;155666721;A01;1;32;0;2;1;1;1;
202300007814;155666718;A01;2;10;0;2;2;1;1;
202300007814;155666719;B01;1;43;0;2;3;1;1;
202300007815;155666717;A01;2;1;0;1;1;1;5;
202300007816;155666716;A01;2;1;0;1;4;5;5;
202300007817;155666714;A01;1;7;0;2;2;1;1;
202300007817;155666715;B01;3;1;0;2;3;19;5;
202300007818;155666712;A01;1;1;0;2;7;11;5;
202300007818;155666713;B01;1;1;0;2;8;1;5;
202300007819;155666710;B01;2;31;0;2;1;1;1;
202300007819;155666711;A01;2;7;0;2;8;10;2;
202300007820;155666708;A01;2;7;0;2;1;1;1;
202300007820;155666709;B01;2;33;0;2;2;15;0;
202300007821;155666706;A01;0;33;0;2;1;1;0;
202300007821;155666707;B01;0;7;0;2;8;20;0;
202300007822;155666703;C01;1;37;0;2;4;23;0;1.0
202300007822;155666704;A01;1;7;0;2;1;1;0;
202300007822;155666705;B01;1;7;0;2;1;1;0;
202300007823;155666701;A01;1;40;0;2;1;1;3;
202300007823;155666702;B01;2;14;0;4;5;15;0;
202300007824;155666700;A01;2;7;0;1;1;1;1;
202300007825;155666699;A01;3;7;4;0;2;15;2;
202300007826;155666697;B01;3;1;0;2;1;1;5;
202300007826;155666698;A01;0;7;0;0;3;1;1;
202300007827;155666695;A01;2;7;0;2;8;0;1;
202300007827;155666696;B01;2;31;1;2;1;3;1;
202300007828;155666693;B01;2;7;0;2;1;1;1;
202300007828;155666694;A01;1;7;0;2;1;1;1;
202300007829;155666691;A01;1;37;0;2;1;2;2;1.0
202300007829;155666692;B01;2;7;0;2;0;0;0;
202300007830;155666689;B01;1;7;0;0;8;1;1;
202300007830;155666690;A01;2;7;0;2;1;1;1;
202300007831;155666688;A01;0;7;0;1;3;1;1;
202300007832;155666686;B01;1;7;0;2;2;16;1;
202300007832;155666687;A01;1;7;0;2;1;2;1;
202300007833;155666684;A01;3;7;0;2;0;9;1;
202300007833;155666685;B01;3;50;0;2;0;1;3;
202300007834;155666683;A01;0;7;0;1;0;0;1;
202300007835;155666682;A01;0;0;0;1;5;26;0;
202300007836;155666681;A01;1;10;0;1;3;16;1;
202300007837;155666679;A01;2;30;14;2;5;17;1;
202300007837;155666680;B01;2;7;0;2;6;2;1;
202300007838;155666678;A01;2;7;1;0;3;0;1;
202300007839;155666676;A01;2;7;1;9;8;0;1;
202300007839;155666677;B01;2;1;1;0;1;0;5;
202300007840;155666675;A01;2;7;0;1;1;1;1;
202300007841;155666673;A01;1;33;1;2;1;18;1;
202300007841;155666674;B01;1;7;16;0;2;20;1;
202300007842;155666672;A01;1;30;0;1;7;17;0;
202300007843;155666671;A01;2;7;0;1;1;1;0;
202300007844;155666670;A01;1;7;0;1;3;15;1;
202300007845;155666669;A01;1;50;0;0;1;1;3;
202300007846;155666667;A01;2;7;0;2;3;15;1;
202300007846;155666668;B01;2;33;0;2;1;1;1;