Num_Acc;id_vehicule;num_veh;senc;catv;obs;obsm;choc;manv;motor;occutc
202300007847;155666663;B01;2;7;0;2;3;15;1;
202300007847;155666664;A01;2;33;0;2;2;17;1;
202300007848;155666662;A01;1;7;0;1;3;1;1;
202300007849;155666661;A01;3;34;12;0;7;1;1;
202300007850;155666659;B01;1;7;0;2;3;1;1;
202300007850;155666660;A01;2;7;0;2;3;1;1;
202300007851;155666657;A01;1;7;0;2;1;5;1;
202300007851;155666658;B01;2;7;0;2;3;1;1;
202300007852;155666656;A01;2;7;0;1;0;10;1;
202300007853;155666655;A01;2;7;2;0;9;17;1;
202300007854;155666654;A01;0;10;15;0;1;0;0;
202300007855;155666652;A01;0;31;0;2;1;2;1;
202300007855;155666653;B01;0;7;0;0;4;2;1;
202300007856;155666650;A01;1;7;0;2;1;13;0;
202300007856;155666651;B01;2;7;0;2;1;1;0;
202300007857;155666648;B01;2;7;0;2;1;1;1;
202300007857;155666649;A01;1;31;0;2;1;5;1;
202300007858;155666646;A01;1;7;0;2;7;15;1;
202300007858;155666647;B01;2;43;0;2;2;1;1;
202300007859;155666645;A01;3;10;0;1;1;1;1;
202300007860;155666644;A01;1;2;12;0;0;1;1;
202300007861;155666643;A01;1;7;13;0;0;1;1;
202300007862;155666641;A01;1;7;0;2;3;13;1;
202300007862;155666642;B01;2;7;0;2;3;1;1;
202300007863;155666639;A01;1;7;0;2;3;13;1;
202300007863;155666640;B01;2;7;0;2;3;1;1;
202300007864;155666637;A01;1;7;0;2;1;9;1;
202300007864;155666638;B01;1;50;0;2;7;0;3;
202300007865;155666635;A01;2;7;0;2;1;0;0;
202300007865;155666636;B01;1;7;0;2;1;1;0;
202300007866;155666634;A01;1;7;0;0;1;1;1;
202300007867;155666633;A01;2;2;0;0;0;0;0;
202300007868;155666632;A01;2;7;0;0;0;1;1;
202300007869;155666630;B01;2;7;0;2;1;1;1;
202300007869;155666631;A01;1;7;0;2;1;13;1;
202300007870;155666629;A01;2;7;0;1;3;1;1;
202300007871;155666628;A01;3;7;0;1;4;4;1;
202300007872;155666626;A01;1;7;0;2;7;14;1;
202300007872;155666627;B01;1;7;0;2;3;16;1;
202300007873;155666624;B01;1;7;0;2;0;17;0;
202300007873;155666625;A01;1;1;0;0;6;2;5;
202300007874;155666623;A01;2;32;3;0;2;1;1;
202300007875;155666621;B01;2;17;1;0;6;24;1;
202300007875;155666622;A01;2;7;1;0;2;14;1;
202300007876;155666620;A01;2;33;13;0;7;1;1;
202300007877;155666619;A01;0;7;0;1;2;2;1;
202300007878;155666617;B01;2;7;0;2;3;1;1;
202300007878;155666618;A01;1;7;0;2;2;17;1;
202300007879;155666615;A01;2;7;0;0;5;2;1;
202300007879;155666616;B01;2;33;0;2;1;2;1;
202300007880;155666614;A01;1;7;0;0;0;1;1;
202300007881;155666612;B01;2;7;0;2;7;19;1;
202300007881;155666613;A01;2;7;0;2;1;1;1;
202300007882;155666610;B01;2;7;0;2;2;0;1;
202300007882;155666611;A01;2;10;0;2;8;1;1;
202300007883;155666608;B01;2;7;0;2;4;1;1;
202300007883;155666609;A01;2;10;0;2;1;1;2;
202300007884;155666605;B01;1;10;0;2;4;2;1;
202300007884;155666606;C01;1;7;0;2;4;2;1;
202300007884;155666607;A01;1;7;0;2;1;1;1;
202300007885;155666603;A01;2;7;0;2;1;2;1;
202300007885;155666604;B01;2;7;0;2;4;2;1;
202300007886;155666600;A01;2;7;0;2;1;2;1;
202300007886;155666601;B01;2;7;0;2;4;2;1;
202300007886;155666602;C01;2;7;0;2;4;2;1;
202300007887;155666599;A01;2;7;3;0;1;6;1;
202300007888;155666597;A01;2;7;0;2;1;2;1;
202300007888;155666598;B01;2;14;0;2;4;13;1;
202300007889;155666595;B01;2;7;0;2;2;1;1;
202300007889;155666596;A01;2;33;0;2;3;3;1;
202300007890;155666593;B01;2;31;0;2;7;1;1;
202300007890;155666594;A01;2;7;0;2;8;11;1;
202300007891;155666591;B01;1;7;0;2;4;2;1;
202300007891;155666592;A01;1;7;0;2;1;1;1;
202300007892;155666589;B01;2;7;0;2;3;11;1;
202300007892;155666590;A01;2;33;0;2;1;3;1;
202300007893;155666586;C01;2;7;0;2;1;1;1;
202300007893;155666587;B01;2;33;0;2;8;3;1;
202300007893;155666588;A01;2;10;0;2;7;12;1;
202300007894;155666585;A01;3;7;0;1;3;15;1;
202300007895;155666584;B01;0;7;0;1;3;15;1;
202300007896;155666582;B01;1;7;0;2;3;15;1;
202300007896;155666583;A01;1;7;0;2;2;1;1;
202300007897;155666581;A01;3;7;0;1;4;20;1;
202300007898;155666580;A01;0;7;0;1;1;1;0;
202300007899;155666578;A01;2;7;16;0;6;26;1;
202300007899;155666579;B01;1;14;0;2;3;26;1;
202300007900;155666577;A01;1;10;0;0;9;2;1;
202300007901;155666576;A01;2;43;0;0;0;0;0;
202300007902;155666574;A01;1;7;0;2;3;20;0;
202300007902;155666575;B01;1;43;0;2;7;1;1;
202300007903;155666572;B01;2;1;0;0;4;15;5;
202300007903;155666573;A01;2;15;0;2;2;1;1;
202300007904;155666567;B01;2;7;0;2;4;2;1;
202300007904;155666568;A01;2;10;0;2;1;2;1;
202300007904;155666569;C01;2;7;0;2;4;2;1;
202300007904;155666570;D01;2;7;0;2;4;2;1;
202300007904;155666571;E01;2;7;0;2;4;2;1;
202300007905;155666565;B01;2;10;4;2;5;1;1;
202300007905;155666566;A01;2;31;4;2;1;1;1;
202300007906;155666563;A01;1;7;0;2;1;2;1;
202300007906;155666564;B01;1;7;0;2;4;2;2;
202300007907;155666561;B01;1;14;0;2;4;24;1;
202300007907;155666562;A01;1;15;1;0;2;21;1;
202300007908;155666560;A01;2;7;4;0;1;21;1;
202300007909;155666558;A01;2;7;0;2;1;2;1;
202300007909;155666559;B01;2;7;0;2;5;23;3;
202300007910;155666555;A01;2;7;0;2;5;23;1;
202300007910;155666556;B01;2;7;14;2;4;21;1;
202300007910;155666557;C01;2;37;0;2;1;1;1;1.0
202300007911;155666553;B01;1;7;0;2;3;1;1;
202300007911;155666554;A01;1;7;0;2;5;1;1;
202300007912;155666551;B01;1;14;0;9;7;15;1;
202300007912;155666552;A01;1;1;0;2;1;19;5;
202300007913;155666549;Z01;1;7;0;2;1;0;0;
202300007913;155666550;A01;1;31;0;2;4;2;1;
202300007914;155666548;A01;1;7;4;0;1;14;1;
202300007915;155666547;A01;2;7;6;0;1;1;1;
202300007916;155666545;A01;1;33;0;2;0;0;1;
202300007916;155666546;B01;1;7;0;2;2;16;1;
202300007917;155666543;A01;3;7;0;2;3;13;1;
202300007917;155666544;B01;3;7;0;2;3;1;1;
202300007918;155666541;A01;2;7;0;2;2;1;1;
202300007918;155666542;B01;2;7;0;2;6;1;1;
202300007919;155666540;A01;1;7;0;1;1;1;2;
202300007920;155666538;A01;1;7;0;2;4;2;1;
202300007920;155666539;B01;1;7;0;2;1;2;1;
202300007921;155666536;B01;1;34;0;2;1;1;1;
202300007921;155666537;A01;1;10;0;2;5;15;1;
202300007922;155666534;B01;3;1;0;2;4;0;5;
202300007922;155666535;A01;2;7;0;2;2;1;1;
202300007923;155666532;A01;1;7;12;0;1;15;6;
202300007923;155666533;B01;2;31;0;9;8;1;6;
202300007924;155666530;A01;2;7;0;2;4;23;1;
202300007924;155666531;B01;2;7;0;2;1;1;1;
202300007925;155666528;A01;3;30;0;2;0;26;0;
202300007925;155666529;B01;0;99;0;2;0;0;0;
202300007926;155666527;A01;2;7;1;0;2;21;1;
202300007927;155666526;A01;1;10;4;0;1;26;1;
202300007928;155666524;A01;1;7;0;2;2;1;0;
202300007928;155666525;B01;1;33;0;2;8;1;0;
202300007929;155666522;B01;2;1;0;2;3;1;5;
202300007929;155666523;A01;1;7;0;2;2;15;1;
202300007930;155666521;A01;3;7;0;1;3;1;1;
202300007931;155666519;B01;2;7;0;2;1;16;1;
202300007931;155666520;A01;2;7;0;2;2;1;1;
202300007932;155666518;A01;2;7;0;1;1;1;1;
202300007933;155666516;A01;2;7;0;2;3;0;1;
202300007933;155666517;B01;2;7;0;2;2;15;1;
202300007934;155666515;A01;1;7;4;0;3;1;6;
202300007935;155666513;A01;1;7;0;2;3;1;1;
202300007935;155666514;B01;2;10;0;2;4;1;1;
202300007936;155666512;A01;1;7;13;0;2;14;2;
202300007937;155666510;A01;0;7;0;2;7;1;1;
202300007937;155666511;B01;3;7;0;2;1;1;1;
202300007938;155666509;A01;3;7;0;1;1;14;0;
202300007939;155666507;A01;1;7;0;2;2;15;1;
202300007939;155666508;B01;2;33;0;2;1;1;1;
202300007940;155666505;A01;2;7;0;2;1;1;1;
202300007940;155666506;B01;1;7;0;2;2;15;1;
202300007941;155666503;B01;2;1;0;2;7;1;5;
202300007941;155666504;A01;2;7;0;2;3;15;1;
202300007942;155666501;B01;1;50;0;2;8;7;3;
202300007942;155666502;A01;2;7;0;2;1;12;1;
202300007943;155666499;A01;3;80;0;2;5;2;3;
202300007943;155666500;B01;3;37;0;2;5;2;1;1.0
202300007944;155666497;B01;2;50;1;0;1;1;3;
202300007944;155666498;A01;2;7;0;2;4;24;1;
202300007945;155666495;B01;2;43;0;2;1;1;1;
202300007945;155666496;A01;2;50;0;2;7;15;3;
202300007946;155666494;A01;1;50;1;0;1;1;3;
202300007947;155666492;A01;3;7;0;2;1;1;1;
202300007947;155666493;B01;3;7;0;0;0;15;1;
202300007948;155666490;B01;1;7;0;2;1;20;1;
202300007948;155666491;A01;2;7;0;2;1;1;1;
202300007949;155666488;A01;3;37;0;2;2;1;1;1.0
202300007949;155666489;B01;3;7;0;2;8;1;1;
202300007950;155666486;A01;1;33;0;2;1;1;1;
202300007950;155666487;B01;1;7;0;2;8;9;1;
202300007951;155666483;A01;3;7;11;2;1;6;1;
202300007951;155666484;B01;3;10;0;2;2;2;1;
202300007951;155666485;C01;3;10;0;9;2;2;1;
202300007952;155666481;A01;1;99;0;2;3;10;1;
202300007952;155666482;B01;1;34;0;2;5;17;1;
202300007953;155666479;A01;1;7;0;2;4;23;1;
202300007953;155666480;B01;1;7;1;2;1;2;1;
202300007954;155666477;B01;1;7;0;0;1;1;1;
202300007954;155666478;A01;3;7;0;0;6;9;1;
202300007955;155666475;B01;2;7;0;2;8;15;1;
202300007955;155666476;A01;2;31;0;2;1;15;1;
202300007956;155666473;A01;1;7;0;2;1;15;1;
202300007956;155666474;B01;1;37;0;2;3;1;1;1.0
202300007957;155666468;B01;0;7;1;0;1;14;1;
202300007957;155666469;A01;1;7;1;0;3;5;1;
202300007958;155666467;A01;1;7;0;1;7;1;1;
202300007959;155666465;A01;0;7;0;9;8;22;0;
202300007959;155666466;B01;3;1;1;2;1;22;5;
202300007960;155666464;A01;2;7;1;0;1;21;2;
202300007961;155666462;A01;1;7;9;2;1;21;0;
202300007961;155666463;B01;1;7;0;2;0;15;0;
202300007962;155666459;A01;3;7;0;1;4;4;0;
202300007963;155666456;C01;2;7;0;0;4;2;1;
202300007963;155666457;A01;2;15;0;2;1;12;1;
202300007963;155666458;B01;2;7;0;2;4;2;1;
202300007964;155666455;A01;1;33;14;0;9;1;1;
202300007965;155666454;A01;2;2;0;0;0;1;1;
202300007966;155666453;A01;2;2;0;0;8;15;1;
202300007967;155666452;A01;1;33;0;0;0;1;1;
202300007968;155666451;A01;1;33;0;0;7;15;1;
202300007969;155666450;A01;2;7;13;0;3;1;1;
202300007970;155666448;B01;2;7;0;0;5;15;0;
202300007970;155666449;A01;2;33;14;2;1;1;0;
202300007971;155666446;A01;3;31;0;2;3;13;1;
202300007971;155666447;B01;3;21;0;2;6;1;1;
202300007972;155666444;A01;2;7;0;2;1;2;1;
202300007972;155666445;B01;2;7;0;2;4;2;1;
202300007973;155666443;A01;2;7;13;0;2;1;1;
202300007974;155666441;A01;2;7;0;2;1;13;1;
202300007974;155666442;B01;1;14;0;2;3;1;1;
202300007975;155666439;A01;2;10;0;2;1;2;1;
202300007975;155666440;B01;2;14;0;2;4;2;1;
202300007976;155666437;B01;2;7;0;2;1;1;1;
202300007976;155666438;A01;1;10;0;2;1;13;1;
202300007977;155666435;A01;1;7;0;2;8;19;3;
202300007977;155666436;B01;2;33;0;2;7;1;1;
202300007978;155666434;A01;2;7;4;0;1;1;1;
202300007979;155666432;A01;1;7;0;2;3;13;1;
202300007979;155666433;C01;2;7;0;2;3;1;1;
202300007980;155666431;A01;1;36;0;0;9;1;1;
202300007981;155666430;A01;2;7;2;0;1;0;1;
202300007982;155666427;B01;2;7;0;2;4;2;0;
202300007982;155666428;C01;2;7;0;2;1;2;0;
202300007982;155666429;A01;2;7;0;2;4;2;0;
202300007983;155666426;A01;1;33;0;0;7;1;1;
202300007984;155666423;A01;1;14;0;2;1;1;1;
202300007984;155666424;C01;1;7;0;2;4;1;1;
202300007984;155666425;D01;1;7;0;2;4;1;1;
202300007985;155666421;A01;2;7;0;1;1;1;1;
202300007985;155666422;B01;2;20;0;2;4;23;6;
202300007986;155666419;B01;1;7;0;2;6;15;1;
202300007986;155666420;A01;1;33;0;2;1;17;1;
202300007987;155666418;A01;2;21;1;0;0;15;1;
202300007988;155666417;A01;1;31;0;0;8;1;1;
202300007989;155666415;B01;2;2;0;2;1;15;1;
202300007989;155666416;A01;2;10;0;2;1;1;1;
202300007990;155666414;A01;1;7;0;1;1;1;1;
202300007991;155666412;B01;3;7;0;2;1;1;1;
202300007991;155666413;A01;3;2;0;2;8;1;1;
202300007992;155666410;B01;2;39;0;2;2;19;3;
202300007992;155666411;A01;2;7;0;4;3;1;1;
202300007993;155666408;A01;3;7;0;2;2;19;1;
202300007993;155666409;B01;3;7;0;2;7;1;1;
202300007994;155666406;A01;1;31;0;2;1;1;1;
202300007994;155666407;B01;2;7;0;2;2;15;1;
202300007995;155666405;A01;2;7;5;0;9;17;1;
202300007996;155666402;A01;2;7;4;2;9;2;0;
202300007996;155666403;B01;2;7;0;2;1;2;0;
202300007996;155666404;C01;2;7;14;0;1;2;0;
202300007997;155666400;A01;1;7;0;2;1;13;1;
202300007997;155666401;B01;2;7;0;2;1;1;1;
202300007998;155666399;A01;1;7;0;1;2;1;1;
202300007999;155666398;A01;1;7;2;0;1;16;1;
202300008000;155666397;A01;1;33;5;0;8;2;1;
202300008001;155666396;A01;3;1;0;0;0;0;5;
202300008002;155666395;A01;1;33;1;2;0;1;1;
202300008003;155666394;A01;1;33;0;0;0;0;1;
202300008004;155666393;A01;2;7;15;1;5;4;1;
202300008005;155666391;A01;1;80;0;2;3;1;3;
202300008005;155666392;B01;1;7;0;2;2;1;1;
202300008006;155666390;A01;0;33;0;0;4;26;1;
202300008007;155666388;B01;2;7;0;2;3;24;1;
202300008007;155666389;A01;2;7;1;0;1;6;1;
202300008008;155666387;A01;1;33;3;0;1;1;1;
202300008009;155666386;A01;1;36;1;0;1;15;1;
202300008010;155666385;A01;2;7;0;1;1;1;1;
202300008011;155666384;A01;1;7;1;1;2;1;1;
202300008012;155666383;A01;2;7;2;0;1;14;1;
202300008013;155666381;A01;1;7;0;2;8;1;1;
202300008013;155666382;B01;1;33;0;2;7;1;1;
202300008014;155666378;A01;1;7;0;2;1;14;1;
202300008014;155666379;B01;1;7;0;2;4;23;1;
202300008014;155666380;C01;1;7;0;2;8;21;1;
202300008015;155666377;A01;1;7;4;0;1;9;1;
202300008016;155666376;A01;2;7;4;0;3;1;1;
202300008017;155666375;A01;0;33;0;0;8;1;1;
202300008018;155666374;A01;1;7;0;2;1;0;0;
202300008019;155666372;B01;3;1;0;2;0;1;5;
202300008019;155666373;A01;1;7;0;2;1;1;1;
202300008020;155666370;B01;1;7;0;2;8;1;2;
202300008020;155666371;A01;2;7;0;2;1;1;2;
202300008021;155666369;A01;2;7;14;0;3;1;1;
202300008022;155666367;A01;2;7;2;0;8;2;1;
202300008023;155666366;A01;1;33;0;0;0;0;1;
202300008023;155666368;B01;1;7;0;2;8;15;1;
202300008024;155666365;A01;0;7;13;0;1;1;1;
202300008025;155666363;A01;2;32;6;0;1;26;1;
202300008026;155666362;A01;1;7;0;2;1;23;1;
202300008026;155666364;B01;2;34;0;2;1;21;1;
202300008027;155666361;A01;1;33;0;6;1;0;1;
202300008028;155666360;A01;1;7;6;0;1;1;1;
202300008029;155666359;A01;2;7;3;0;2;1;1;
202300008030;155666358;A01;2;31;12;0;2;1;1;
202300008031;155666356;A01;1;7;0;2;2;26;1;
202300008031;155666357;B01;1;7;0;2;6;1;1;
202300008032;155666353;A01;1;7;1;0;1;15;1;
202300008033;155666354;A01;1;7;3;2;1;13;1;
202300008033;155666355;B01;2;15;0;2;3;1;1;
202300008034;155666352;A01;3;7;0;1;2;1;1;
202300008035;155666351;A01;2;2;13;0;0;1;1;
202300008036;155666347;A01;2;7;0;2;3;1;1;
202300008036;155666348;B01;1;7;0;2;3;13;1;
202300008037;155666345;D01;2;10;0;2;3;1;1;
202300008037;155666346;A01;1;14;0;2;5;21;1;
202300008037;155666349;B01;1;10;0;2;4;23;1;
202300008037;155666350;C01;1;7;0;2;4;15;1;
202300008038;155666343;A01;3;1;0;2;8;1;5;
202300008038;155666344;B01;3;1;0;2;7;17;5;
202300008039;155666339;A01;1;32;0;1;1;0;1;
202300008040;155666336;B01;1;7;0;2;4;2;1;
202300008040;155666337;A01;1;7;0;2;1;2;1;
202300008041;155666338;A01;3;99;0;9;8;15;1;
202300008041;155666340;B01;3;2;0;2;1;1;1;
202300008042;155666334;A01;1;7;0;1;2;1;1;
202300008043;155666327;A01;3;7;0;1;7;26;2;
202300008044;155666329;A01;3;7;0;1;2;13;1;
202300008045;155666328;B01;1;7;0;2;4;2;1;
202300008045;155666330;A01;1;15;0;2;1;2;1;
202300008045;155666333;C01;1;7;0;2;4;2;1;
202300008046;155666323;A01;3;7;0;2;1;2;1;
202300008046;155666325;B01;3;33;0;0;4;2;1;
202300008047;155666324;B01;2;7;0;2;1;1;1;
202300008047;155666326;A01;1;7;0;2;5;15;1;
202300008048;155666322;A01;1;7;0;1;7;1;2;
202300008049;155666319;A01;2;7;2;1;3;6;1;
202300008050;155666321;A01;2;7;0;0;1;11;1;
202300008051;155666318;A01;1;10;0;1;3;15;0;
202300008052;155666317;A01;0;7;0;2;2;15;1;
202300008052;155666320;B01;1;7;0;2;3;1;2;
202300008053;155666309;A01;1;2;0;2;1;13;1;
202300008053;155666314;B01;2;7;0;2;3;1;1;
202300008054;155666307;A01;1;2;0;0;0;1;1;
202300008055;155666306;A01;1;31;13;0;1;1;1;
202300008056;155666304;A01;1;7;0;2;1;1;1;
202300008056;155666308;B01;1;7;0;2;4;23;1;
202300008056;155666311;C01;1;7;0;2;4;23;2;
202300008056;155666315;D01;1;7;0;2;4;23;1;
202300008057;155666305;A01;2;7;0;2;1;12;1;
202300008057;155666310;B01;2;7;0;2;4;1;1;
202300008058;155666301;B01;2;7;0;2;1;1;1;
202300008058;155666303;A01;1;7;0;2;2;15;1;
202300008059;155666300;A01;1;7;0;1;1;1;1;
202300008060;155666299;A01;3;2;0;2;1;5;1;
202300008060;155666302;B01;3;7;0;2;2;1;1;
202300008061;155666297;A01;2;7;0;1;1;1;1;
202300008062;155666296;A01;3;7;0;2;7;12;1;
202300008062;155666298;B01;3;7;0;2;6;1;1;
202300008063;155666293;A01;1;32;12;0;1;14;1;
202300008064;155666292;A01;3;50;0;0;0;26;3;
202300008065;155666289;A01;1;30;12;0;4;13;1;
202300008066;155666290;B01;0;7;0;2;3;1;1;
202300008066;155666291;A01;3;7;0;2;2;1;1;
202300008067;155666288;A01;1;34;0;2;1;3;1;
202300008067;155666294;B01;1;10;0;2;5;1;1;
202300008068;155666286;A01;3;7;0;2;1;2;1;
202300008068;155666287;B01;3;7;0;2;4;2;1;
202300008069;155666284;A01;3;7;0;1;3;1;1;
202300008070;155666282;A01;1;33;0;2;1;5;1;
202300008070;155666283;B01;2;33;0;2;1;26;1;
202300008070;155666285;C01;2;33;0;2;0;21;1;
202300008071;155666278;A01;2;1;0;2;1;5;5;
202300008071;155666281;B01;1;7;0;2;3;0;1;
202300008072;155666276;A01;2;33;0;2;1;1;1;
202300008072;155666280;B01;2;33;0;0;8;26;1;
202300008073;155666272;A01;2;33;0;0;2;1;1;
202300008074;155666270;B01;1;1;0;2;1;1;5;
202300008074;155666274;A01;2;7;0;2;3;15;1;
202300008075;155666269;A01;1;7;0;2;1;1;1;
202300008075;155666273;B01;1;7;0;2;1;1;1;
202300008075;155666275;C01;1;7;0;2;4;1;1;
202300008075;155666277;D01;1;7;0;2;4;1;1;
202300008076;155666271;A01;2;7;0;2;1;2;1;
202300008076;155666279;B01;1;10;0;2;4;1;1;
202300008077;155666263;C01;2;31;0;2;7;1;1;
202300008077;155666266;A01;2;7;0;2;6;13;1;
202300008077;155666268;B01;2;43;0;2;7;3;1;
202300008078;155666262;B01;2;7;0;2;0;1;1;
202300008078;155666265;A01;2;33;0;2;7;14;0;
202300008079;155666261;A01;1;7;14;2;1;2;1;
202300008079;155666264;B01;1;7;14;0;4;2;1;
202300008079;155666267;C01;1;7;0;0;4;2;1;
202300008080;155666255;A01;3;10;0;2;1;9;1;
202300008080;155666259;B01;3;2;0;2;7;1;1;
202300008081;155666258;A01;1;7;0;2;1;1;1;
202300008081;155666260;B01;1;10;0;2;4;1;1;
202300008082;155666254;A01;3;7;0;2;3;1;2;
202300008082;155666257;B01;3;50;0;2;8;5;3;
202300008083;155666253;A01;1;7;0;2;3;1;1;
202300008083;155666256;B01;2;14;0;2;8;1;1;
202300008084;155666252;A01;2;30;1;0;6;21;1;
202300008085;155666250;A01;3;7;0;1;8;1;1;
202300008086;155666247;A01;1;7;0;2;3;0;0;
202300008086;155666249;B01;2;17;0;2;3;0;0;
202300008087;155666245;A01;3;7;0;1;1;16;1;
202300008088;155666241;A01;3;7;0;2;1;15;1;
202300008088;155666244;B01;3;7;0;2;3;1;1;
202300008089;155666239;A01;2;7;0;2;1;17;1;
202300008089;155666242;B01;1;7;0;2;1;1;1;
202300008090;155666238;D01;2;7;0;2;4;2;1;
202300008090;155666243;A01;2;7;0;2;0;23;1;
202300008090;155666246;C01;2;99;0;2;1;2;1;
202300008090;155666248;E01;2;7;0;2;4;2;1;
202300008090;155666251;B01;2;7;0;2;4;13;1;
202300008091;155666234;A01;1;37;0;2;8;9;1;1.0
202300008091;155666236;B01;1;33;0;2;1;1;1;
202300008092;155666231;B01;2;1;0;2;4;26;5;
202300008092;155666233;A01;2;14;0;2;3;1;0;
202300008093;155666229;D01;1;7;0;2;1;1;1;
202300008093;155666232;E01;1;7;0;0;0;0;1;
202300008093;155666235;A01;1;7;0;2;4;1;1;
202300008093;155666237;B01;1;7;0;2;1;1;1;
202300008093;155666240;C01;1;7;0;2;1;1;1;
202300008094;155666228;A01;2;37;0;1;1;1;4;1.0
202300008095;155666227;A01;1;33;2;0;1;1;1;
202300008096;155666224;B01;1;7;0;2;4;2;1;
202300008096;155666226;A01;1;7;0;2;1;2;1;
202300008097;155666225;A01;1;7;0;2;2;12;1;
202300008097;155666230;B01;1;43;0;2;3;3;1;
202300008098;155666221;A01;3;30;0;2;2;5;3;
202300008098;155666223;B01;1;10;0;2;6;1;1;
202300008099;155666219;A01;1;7;0;2;5;13;1;
202300008099;155666222;B01;2;7;0;2;1;1;1;
202300008100;155666218;A01;3;7;0;2;2;15;1;
202300008100;155666220;B01;1;33;0;2;1;1;1;
202300008101;155666215;A01;2;7;4;0;8;1;1;
202300008102;155666212;A01;1;7;0;2;5;4;1;
202300008102;155666216;B01;1;7;0;2;3;2;1;
202300008103;155666211;A01;2;10;0;2;1;1;1;
202300008103;155666214;B01;2;7;0;2;4;23;1;
202300008104;155666209;A01;0;50;12;0;1;9;3;
202300008105;155666210;A01;2;32;0;2;3;3;1;
202300008105;155666213;B01;2;10;0;2;2;1;1;
202300008105;155666217;C01;2;7;0;2;3;1;1;
202300008106;155666208;A01;2;2;0;0;8;1;1;
202300008107;155666206;A01;0;7;0;1;0;0;1;
202300008108;155666205;A01;3;7;0;2;3;20;1;
202300008108;155666207;B01;3;7;0;2;2;1;1;
202300008109;155666200;A01;0;7;0;1;0;1;1;
202300008110;155666201;A01;1;7;0;2;3;2;1;
202300008110;155666204;B01;1;7;0;2;5;2;1;
202300008111;155666202;A01;1;7;0;2;2;15;1;
202300008111;155666203;B01;2;32;0;2;1;1;1;
202300008112;155666198;A01;0;7;0;2;1;1;1;
202300008112;155666199;B01;0;7;0;2;4;2;1;
202300008113;155666194;A01;3;99;13;0;1;1;1;
202300008114;155666193;A01;1;7;0;1;1;1;1;
202300008115;155666191;C01;0;7;0;2;4;1;1;
202300008115;155666195;A01;0;13;0;2;1;1;1;
202300008115;155666197;B01;0;7;0;2;9;1;1;
202300008116;155666192;A01;2;10;0;0;4;1;1;
202300008116;155666196;B01;2;7;0;2;1;2;1;
202300008117;155666190;A01;1;33;0;0;0;0;1;
202300008118;155666189;A01;2;7;0;1;1;1;1;
202300008119;155666186;A01;0;7;0;2;1;1;1;
202300008119;155666188;B01;0;7;0;0;4;1;1;
202300008120;155666183;A01;3;7;0;9;5;18;1;
202300008120;155666185;B01;3;1;0;2;8;2;5;
202300008121;155666181;A01;3;7;0;2;0;20;1;
202300008121;155666184;B01;3;2;12;0;7;2;1;
202300008122;155666180;A01;1;10;0;2;0;0;1;
202300008122;155666182;B01;1;10;0;9;1;1;1;
202300008122;155666187;C01;1;33;0;9;1;1;1;
202300008123;155666177;A01;0;7;0;2;1;26;1;
202300008123;155666179;B01;0;7;0;2;7;26;1;
202300008124;155666175;A01;2;7;2;0;1;1;1;
202300008125;155666174;B01;2;99;0;2;8;1;1;
202300008125;155666178;A01;1;7;0;2;1;1;1;
202300008126;155666172;A01;1;7;0;1;1;1;1;
202300008127;155666173;A01;2;7;0;2;1;13;1;
202300008127;155666176;B01;1;7;0;2;1;1;1;
202300008128;155666170;A01;2;7;2;0;3;1;1;
202300008129;155666171;A01;1;7;0;1;1;1;1;
202300008130;155666169;A01;1;36;0;0;0;1;1;
202300008131;155666165;B01;2;7;0;2;7;15;1;
202300008131;155666166;A01;1;7;12;2;1;2;1;
202300008132;155666161;B01;1;33;0;2;8;1;1;
202300008132;155666163;A01;2;10;0;2;8;13;1;
202300008133;155666160;A01;1;33;0;0;0;1;1;
202300008134;155666159;Z01;1;7;0;1;1;0;1;
202300008135;155666158;A01;3;7;6;9;1;1;1;
202300008136;155666157;A01;3;2;0;0;7;1;1;
202300008137;155666155;A01;1;7;0;2;8;15;1;
202300008137;155666156;B01;1;2;0;2;2;17;1;
202300008138;155666153;B01;2;7;0;2;2;1;1;
202300008138;155666154;A01;2;10;0;2;3;15;1;
202300008139;155666149;A01;2;31;0;2;1;17;1;
202300008139;155666152;B01;1;7;0;2;1;1;1;
202300008140;155666147;A01;3;7;0;2;3;9;1;
202300008140;155666150;B01;3;7;0;2;2;1;1;
202300008141;155666148;B01;1;33;0;2;1;2;1;
202300008141;155666151;A01;2;10;0;2;4;2;1;
202300008142;155666145;A01;1;7;0;2;3;2;1;
202300008142;155666146;B01;2;43;0;2;1;16;1;
202300008143;155666141;A01;1;32;0;2;8;3;1;
202300008143;155666143;B01;1;7;0;2;7;12;2;
202300008144;155666140;A01;1;14;0;0;0;17;0;
202300008144;155666142;B01;1;1;0;0;0;1;5;
202300008144;155666144;C01;1;33;0;0;0;1;1;
202300008145;155666138;A01;1;33;0;2;1;1;1;
202300008145;155666139;B01;2;7;0;2;2;15;1;
202300008146;155666135;A01;1;32;0;2;4;2;1;
202300008146;155666136;Z01;1;7;0;2;5;12;0;
202300008147;155666130;A01;1;15;0;1;1;1;1;
202300008148;155666129;A01;1;7;0;2;1;1;1;
202300008148;155666132;B01;2;1;0;2;1;1;5;
202300008149;155666128;A01;2;7;0;0;4;23;1;