Num_Acc;id_vehicule;num_veh;senc;catv;obs;obsm;choc;manv;motor;occutc
202300008149;155666133;C01;2;7;0;2;1;2;1;
202300008149;155666134;B01;2;7;0;2;4;23;1;
202300008150;155666126;A01;1;7;0;1;2;1;1;
202300008151;155666125;A01;1;7;0;2;1;2;1;
202300008151;155666127;B01;1;34;0;2;4;23;1;
202300008152;155666131;A01;1;30;0;2;2;9;1;
202300008152;155666137;B01;1;7;0;2;6;1;1;
202300008153;155666122;A01;2;1;12;0;1;16;5;
202300008154;155666121;A01;3;33;0;2;1;1;1;
202300008154;155666123;B01;3;33;0;2;3;13;1;
202300008154;155666124;C01;3;33;0;2;7;21;1;
202300008155;155666119;A01;0;37;0;9;7;1;2;1.0
202300008155;155666120;B01;0;50;0;2;8;2;3;
202300008156;155666117;A01;2;32;0;1;6;23;1;
202300008157;155666114;A01;1;7;0;2;2;19;1;
202300008157;155666116;B01;1;31;0;2;3;1;1;
202300008158;155666113;A01;1;7;0;1;1;21;1;
202300008159;155666112;A01;1;7;0;2;2;15;3;
202300008159;155666115;B01;2;2;0;2;1;1;1;
202300008160;155666111;B01;1;2;0;2;8;14;1;
202300008160;155666118;A01;1;7;0;2;1;16;1;
202300008161;155666107;A01;3;7;0;2;2;13;1;
202300008161;155666110;B01;3;60;0;2;0;1;5;
202300008162;155666105;B01;3;33;0;2;1;1;1;
202300008162;155666108;A01;3;30;0;2;7;9;1;
202300008163;155666104;A01;2;7;0;2;4;2;2;
202300008163;155666106;B01;2;10;0;2;1;2;1;
202300008163;155666109;C01;2;10;0;2;1;2;1;
202300008164;155666103;A01;2;30;0;0;8;14;1;
202300008165;155666101;B01;2;1;0;2;6;23;5;
202300008165;155666102;A01;2;50;0;2;2;2;3;
202300008166;155666099;A01;1;10;0;1;3;1;1;
202300008167;155666097;B01;1;7;0;2;1;2;1;
202300008167;155666100;A01;1;7;0;2;6;2;1;
202300008168;155666095;B01;1;32;0;2;3;1;1;
202300008168;155666096;A01;1;1;0;2;2;12;5;
202300008169;155666093;A01;1;7;0;2;7;26;0;
202300008169;155666094;B01;1;33;0;2;3;1;1;
202300008170;155666090;B01;1;30;0;2;2;17;3;
202300008170;155666091;A01;1;7;0;2;3;9;2;
202300008171;155666087;A01;1;33;0;2;4;2;1;
202300008171;155666092;B01;1;10;0;2;1;2;1;
202300008172;155666086;A01;1;31;0;2;1;2;1;
202300008172;155666089;B01;1;7;0;2;5;1;1;
202300008173;155666082;A01;2;7;0;2;2;1;2;
202300008173;155666085;B01;2;33;0;2;1;1;0;
202300008174;155666088;A01;1;7;0;2;3;1;1;
202300008174;155666098;B01;3;50;0;2;7;19;3;
202300008175;155666079;A01;1;7;0;2;2;12;1;
202300008175;155666081;B01;1;43;0;2;8;3;1;
202300008175;155666083;C01;1;10;0;2;5;1;1;
202300008176;155666077;A01;1;10;0;1;2;1;1;
202300008177;155666076;A01;2;7;0;2;8;23;1;
202300008177;155666078;B01;2;7;0;2;7;23;1;
202300008177;155666080;C01;2;7;0;2;4;23;1;
202300008177;155666084;D01;2;10;0;2;1;2;1;
202300008178;155666073;A01;2;32;0;2;1;1;1;
202300008178;155666075;B01;3;7;0;2;5;23;2;
202300008179;155666070;Z01;3;0;0;2;0;2;0;
202300008179;155666072;A01;3;7;12;2;1;2;2;
202300008180;155666069;A01;2;33;0;2;1;14;1;
202300008180;155666071;B01;2;10;0;2;5;2;1;
202300008181;155666068;A01;2;7;0;1;2;17;2;
202300008182;155666065;A01;3;7;0;2;1;15;0;
202300008182;155666066;B01;3;34;0;2;1;1;0;
202300008183;155666061;A01;2;7;0;2;5;12;1;
202300008183;155666063;B01;2;33;0;2;3;14;1;
202300008184;155666067;B01;1;31;0;2;7;0;1;
202300008184;155666074;A01;1;7;0;2;8;17;1;
202300008185;155666060;A01;3;32;0;2;1;10;1;
202300008185;155666064;B01;3;50;0;2;1;1;3;
202300008186;155666058;A01;3;7;1;2;3;5;1;
202300008186;155666059;B01;3;7;0;2;3;1;1;
202300008186;155666062;C01;0;7;1;2;6;0;1;
202300008187;155666055;A01;3;33;0;2;2;17;1;
202300008187;155666056;B01;3;7;0;2;3;9;1;
202300008188;155666054;A01;2;7;0;2;7;12;0;
202300008188;155666057;B01;2;33;0;2;3;3;0;
202300008189;155666051;B01;3;7;1;0;3;0;2;
202300008189;155666052;A01;3;7;0;0;2;2;1;
202300008190;155666050;B01;1;7;0;2;3;0;1;
202300008190;155666053;A01;1;7;0;2;1;1;1;
202300008191;155666047;A01;1;7;0;2;8;1;1;
202300008191;155666049;B01;2;10;0;2;1;1;1;
202300008192;155666044;A01;1;7;0;2;5;16;1;
202300008192;155666046;B01;1;1;0;2;1;1;5;
202300008193;155666045;B01;2;7;0;2;4;23;1;
202300008193;155666048;A01;2;7;0;2;1;2;1;
202300008194;155666041;A01;0;50;0;1;1;25;3;
202300008195;155666042;AA01;1;2;0;2;1;1;1;
202300008195;155666043;B01;1;7;0;2;2;15;1;
202300008196;155666038;A01;1;33;0;2;8;18;1;
202300008196;155666040;B01;1;7;0;2;7;0;1;
202300008197;155666035;A01;2;7;0;2;3;9;1;
202300008197;155666037;B01;1;33;0;2;1;1;1;
202300008198;155666032;B01;3;2;0;2;0;17;1;
202300008198;155666036;A01;3;7;0;2;6;15;1;
202300008199;155666031;A01;2;7;0;2;6;12;0;
202300008199;155666033;B01;2;33;0;2;2;3;0;
202300008199;155666034;C01;2;7;0;2;4;23;0;
202300008200;155666029;A01;3;7;9;2;1;10;1;
202300008200;155666030;B01;3;7;9;2;1;1;1;
202300008201;155666024;A01;0;37;0;2;5;16;4;1.0
202300008201;155666027;B01;0;33;0;2;8;16;1;
202300008202;155666025;A01;1;32;12;0;2;2;1;
202300008203;155666028;B01;2;7;0;2;4;0;1;
202300008203;155666039;A01;2;7;0;2;1;1;1;
202300008204;155666021;A01;2;1;0;1;8;1;5;
202300008205;155666018;A01;2;7;0;2;6;22;1;
202300008205;155666020;B01;2;37;1;2;5;1;1;1.0
202300008206;155666017;E01;1;10;0;2;1;2;1;
202300008206;155666019;A01;1;7;0;2;4;1;1;
202300008206;155666022;B01;1;7;0;2;4;2;1;
202300008206;155666023;C01;1;7;0;2;1;2;1;
202300008206;155666026;D01;1;7;0;2;4;2;3;
202300008207;155666014;A01;1;30;1;0;1;0;1;
202300008208;155666008;B01;1;7;0;2;4;23;1;
202300008208;155666011;D01;1;7;1;0;1;1;1;
202300008208;155666013;C01;1;7;0;2;4;23;1;
202300008208;155666015;A01;1;7;0;2;4;23;1;
202300008209;155666009;B01;1;7;4;2;4;12;1;
202300008209;155666012;A01;1;31;4;2;1;3;1;
202300008210;155666006;B01;2;1;0;2;8;2;5;
202300008210;155666010;A01;2;7;0;2;7;16;3;
202300008211;155666005;A01;2;7;0;2;4;23;0;
202300008211;155666007;B01;2;30;1;0;1;1;0;
202300008212;155666003;A01;2;7;3;0;3;14;1;
202300008213;155666002;A01;2;7;0;2;3;11;1;
202300008213;155666004;B01;2;33;0;2;2;1;1;
202300008214;155666001;A01;2;7;4;0;1;1;1;
202300008215;155666000;A01;1;7;0;1;3;1;1;
202300008216;155665996;A01;2;10;0;2;8;13;1;
202300008216;155665999;B01;2;7;0;2;1;0;1;
202300008217;155665994;A01;2;7;0;2;1;2;1;
202300008217;155665998;B01;2;10;0;2;6;1;1;
202300008218;155665995;A01;2;7;9;0;1;1;1;
202300008219;155665991;A01;2;33;0;0;0;13;1;
202300008220;155665993;B01;1;7;0;2;4;23;1;
202300008220;155665997;A01;1;10;1;2;1;2;1;
202300008221;155665988;A01;1;7;0;2;1;2;1;
202300008221;155665990;B01;1;30;0;2;4;2;1;
202300008222;155665987;A01;1;7;0;2;6;1;1;
202300008222;155665989;Z01;1;7;0;2;0;0;0;
202300008222;155665992;B01;1;7;3;2;4;1;1;
202300008223;155665984;A01;1;7;4;2;1;18;1;
202300008223;155665986;B01;1;7;0;2;4;1;1;
202300008224;155665985;A01;1;7;6;0;1;1;1;
202300008225;155665982;A01;2;7;0;1;2;1;1;
202300008226;155665983;A01;2;1;0;1;1;17;5;
202300008227;155665979;A01;2;7;4;2;1;2;1;
202300008227;155665980;B01;2;7;4;2;4;2;1;
202300008227;155665981;Z01;2;7;4;2;4;2;1;
202300008228;155665973;A01;1;10;0;2;1;2;1;
202300008228;155665975;B01;1;7;0;2;4;2;1;
202300008228;155665978;C01;1;7;0;2;4;2;1;
202300008229;155665974;A01;1;7;0;2;3;2;2;
202300008229;155665977;B01;1;31;0;2;5;2;1;
202300008230;155665972;B01;1;50;0;2;1;1;3;
202300008230;155665976;A01;2;10;0;2;1;15;0;
202300008231;155665967;A01;1;7;4;2;4;1;1;
202300008231;155665970;B01;1;33;4;2;1;3;1;
202300008232;155665965;A01;1;7;0;2;1;26;1;
202300008232;155665971;B01;1;7;0;2;4;0;2;
202300008233;155665966;A01;2;7;0;2;1;1;1;
202300008233;155665969;B01;2;1;0;2;1;1;5;
202300008234;155665964;B01;1;33;0;2;1;0;1;
202300008234;155665968;A01;1;7;0;2;1;9;1;
202300008235;155665959;A01;1;15;0;2;1;2;1;
202300008235;155665962;B01;1;7;0;2;4;2;1;
202300008235;155665963;C01;1;15;0;2;4;2;1;
202300008236;155665961;A01;2;31;11;0;3;1;1;
202300008237;155665954;A01;1;7;3;2;7;12;1;
202300008237;155665957;B01;1;33;3;2;1;3;1;
202300008238;155665958;A01;1;7;0;2;1;12;1;
202300008238;155665960;B01;1;7;0;2;4;9;1;
202300008239;155665953;B01;2;1;0;2;1;21;5;
202300008239;155665956;A01;2;10;0;2;8;10;1;
202300008240;155665952;B01;1;7;0;2;8;1;2;
202300008240;155665955;A01;2;7;0;2;1;1;2;
202300008241;155665949;A01;2;10;0;2;5;12;1;
202300008241;155665951;B01;2;43;0;2;8;1;1;
202300008242;155665947;B01;2;7;0;2;2;1;1;
202300008242;155665950;A01;2;7;0;2;3;1;1;
202300008243;155665944;A01;2;7;0;2;1;2;1;
202300008243;155665946;B01;2;7;0;2;4;2;1;
202300008243;155665948;C01;2;7;0;2;4;2;1;
202300008244;155665945;A01;3;7;0;1;1;1;1;
202300008245;155665940;A01;1;7;11;0;3;1;1;
202300008246;155665941;B01;2;7;0;2;1;1;1;
202300008246;155665943;A01;2;33;0;2;7;1;1;
202300008247;155665939;B01;3;7;0;2;1;1;1;
202300008247;155665942;A01;3;33;14;2;6;16;1;
202300008248;155665936;A01;1;7;0;2;2;2;1;
202300008248;155665938;B01;1;32;0;2;4;23;1;
202300008249;155665937;A01;1;7;0;1;3;1;1;
202300008250;155665934;B01;3;37;0;2;2;7;1;3.0
202300008250;155665935;A01;3;7;0;2;3;15;1;
202300008251;155665933;A01;0;7;1;1;4;4;1;
202300008252;155665928;A01;3;7;0;2;5;15;6;
202300008252;155665929;B01;3;36;0;2;1;1;6;
202300008253;155665930;A01;3;7;0;2;1;2;1;
202300008253;155665932;B01;3;7;0;2;4;23;1;
202300008254;155665927;B01;3;1;0;2;8;19;5;
202300008254;155665931;A01;3;7;0;9;3;1;1;
202300008255;155665925;A01;2;7;6;0;1;1;1;
202300008256;155665924;B01;1;33;0;2;1;1;1;
202300008256;155665926;A01;2;7;0;2;8;1;1;
202300008257;155665921;A01;3;7;0;2;1;0;0;
202300008257;155665922;B01;3;2;0;2;1;0;0;
202300008258;155665919;B01;1;1;0;2;8;1;5;
202300008258;155665920;A01;1;7;0;2;2;16;1;
202300008259;155665916;B01;2;7;0;2;4;11;1;
202300008259;155665918;A01;2;33;0;2;1;3;1;
202300008260;155665915;A01;2;50;0;2;8;13;3;
202300008260;155665917;B01;2;7;0;2;5;17;1;
202300008261;155665911;A01;1;7;0;2;1;2;1;
202300008261;155665913;B01;1;7;0;2;4;2;1;
202300008262;155665914;A01;2;10;0;2;2;1;1;
202300008262;155665923;B01;2;31;0;2;4;0;1;
202300008263;155665910;B01;0;7;12;2;7;2;1;
202300008263;155665912;A01;0;7;12;2;1;2;1;
202300008264;155665907;A01;0;33;0;2;0;1;0;
202300008264;155665908;B01;3;10;0;2;0;12;0;
202300008265;155665905;B01;1;7;0;2;1;1;1;
202300008265;155665909;A01;3;7;0;2;1;1;1;
202300008266;155665906;A01;0;7;0;1;1;1;1;
202300008267;155665903;A01;3;7;0;2;8;10;0;
202300008267;155665904;B01;0;32;0;2;1;1;0;
202300008268;155665902;A01;2;33;0;1;2;17;1;
202300008269;155665901;A01;1;43;0;1;1;21;1;
202300008270;155665899;A01;2;7;0;1;1;1;2;
202300008271;155665897;A01;2;7;0;2;3;15;1;
202300008271;155665900;B01;1;50;0;2;1;1;3;
202300008272;155665896;A01;3;10;0;1;1;1;1;
202300008273;155665893;B01;3;7;0;2;4;2;2;
202300008273;155665894;A01;3;31;0;2;1;2;1;
202300008274;155665890;A01;3;7;14;2;7;0;1;
202300008274;155665891;B01;1;7;0;2;1;26;1;
202300008275;155665895;A01;2;7;0;2;1;1;1;
202300008275;155665898;B01;2;10;0;2;4;1;1;
202300008276;155665889;A01;1;33;0;1;1;17;1;
202300008277;155665887;A01;0;7;0;0;1;0;-1;
202300008278;155665885;A01;0;7;0;1;1;1;1;
202300008279;155665886;Z01;2;7;0;2;2;1;0;
202300008279;155665888;B01;2;1;0;2;3;1;5;
202300008280;155665883;A01;1;7;0;1;2;1;1;
202300008281;155665882;Z01;2;10;0;1;1;0;0;
202300008282;155665878;B01;2;10;0;2;6;15;1;
202300008282;155665881;A01;2;1;0;2;7;1;5;
202300008283;155665876;A01;1;7;0;2;3;15;1;
202300008283;155665879;B01;1;50;0;2;1;1;3;
202300008284;155665875;A01;1;7;0;2;1;15;1;
202300008284;155665880;B01;2;33;0;2;1;1;0;
202300008285;155665874;A01;1;33;0;2;0;1;1;
202300008285;155665877;B01;2;7;0;0;7;15;1;
202300008286;155665873;A01;3;10;0;1;1;1;1;
202300008287;155665868;B01;2;33;9;2;6;18;1;
202300008287;155665871;A01;2;7;0;2;2;16;1;
202300008288;155665867;A01;2;7;0;2;2;12;1;
202300008288;155665872;B01;2;34;0;2;3;0;1;
202300008289;155665866;B01;2;7;0;2;1;1;1;
202300008289;155665869;A01;1;7;4;2;1;5;1;
202300008290;155665865;A01;1;7;0;2;1;17;1;
202300008290;155665870;B01;1;1;0;2;4;1;5;
202300008291;155665864;A01;1;7;7;0;1;6;1;
202300008292;155665859;A01;1;30;0;1;1;1;1;
202300008293;155665857;B01;1;50;0;2;1;5;3;
202300008293;155665862;A01;1;7;0;2;1;26;1;
202300008294;155665858;B01;2;33;0;2;2;17;1;
202300008294;155665863;A01;2;7;0;2;8;15;1;
202300008295;155665856;A01;2;7;0;2;2;19;1;
202300008295;155665861;B01;2;1;0;2;1;1;5;
202300008296;155665853;C01;1;7;0;2;4;2;1;
202300008296;155665855;B01;1;7;0;2;4;2;1;
202300008296;155665860;A01;1;7;0;2;1;2;1;
202300008297;155665854;A01;3;7;0;1;2;15;1;
202300008298;155665849;A01;3;7;0;2;1;1;1;
202300008298;155665852;B01;3;1;0;2;8;19;5;
202300008299;155665847;A01;2;7;0;0;0;10;1;
202300008299;155665851;B01;1;31;0;0;0;1;1;
202300008300;155665848;A01;2;2;0;2;1;1;1;
202300008300;155665850;B01;2;7;0;2;3;9;1;
202300008301;155665844;A01;1;7;0;2;1;1;0;
202300008301;155665846;B01;1;7;0;2;4;1;0;
202300008302;155665842;B01;2;7;0;0;9;1;0;
202300008302;155665845;A01;1;7;13;2;2;1;1;
202300008303;155665841;A01;0;7;0;2;3;9;1;
202300008303;155665843;B01;0;2;0;2;1;1;1;
202300008304;155665839;A01;1;7;13;0;2;1;1;
202300008305;155665836;B01;2;1;0;2;0;15;5;
202300008305;155665840;A01;2;33;0;2;1;17;1;
202300008306;155665833;B01;2;2;0;2;4;2;1;
202300008306;155665837;A01;2;7;0;2;1;2;1;
202300008307;155665834;A01;2;33;0;2;3;1;1;
202300008307;155665838;B01;1;7;0;2;3;15;1;
202300008308;155665832;A01;1;7;1;0;3;15;1;
202300008308;155665835;B01;2;1;0;2;1;1;5;
202300008309;155665828;A01;1;30;16;0;0;1;1;
202300008310;155665830;B01;2;2;0;2;2;1;1;
202300008310;155665831;A01;2;7;0;2;2;9;1;
202300008311;155665825;Z01;3;7;0;1;1;19;1;
202300008312;155665827;B01;1;7;0;2;7;16;1;
202300008312;155665829;A01;1;33;0;2;8;18;1;
202300008313;155665824;A01;2;7;0;2;3;15;0;
202300008313;155665826;B01;1;32;0;2;1;1;0;
202300008314;155665822;A01;0;33;0;2;1;0;1;
202300008314;155665823;B01;0;1;0;2;0;0;5;
202300008315;155665818;B01;2;15;0;2;2;1;1;
202300008315;155665821;A01;1;7;0;2;1;13;1;
202300008316;155665819;A01;1;7;14;2;8;1;1;
202300008316;155665820;B01;2;13;0;2;5;4;1;
202300008317;155665816;A01;2;10;0;1;2;1;0;
202300008318;155665814;B01;1;2;0;0;0;21;1;
202300008318;155665817;A01;1;43;0;0;0;21;1;
202300008319;155665811;A01;3;7;0;2;1;1;1;
202300008319;155665813;B01;3;7;0;2;4;1;1;
202300008320;155665808;A01;1;7;2;0;1;14;1;
202300008321;155665809;A01;1;1;12;0;3;6;5;
202300008322;155665805;Z01;3;7;0;1;2;16;1;
202300008323;155665806;A01;3;7;0;2;2;19;1;
202300008323;155665807;B01;3;1;0;2;8;1;5;
202300008324;155665802;B01;2;14;0;2;2;1;1;
202300008324;155665804;A01;2;10;0;2;8;9;1;
202300008325;155665803;A01;1;7;0;0;2;1;2;
202300008326;155665797;A01;3;7;0;2;3;1;1;
202300008326;155665800;B01;3;7;0;2;6;13;1;
202300008327;155665799;A01;1;80;0;2;6;11;3;
202300008327;155665801;B01;1;80;0;2;2;1;3;
202300008328;155665796;A01;1;33;0;2;1;1;1;
202300008328;155665798;B01;2;7;0;2;1;15;1;
202300008329;155665793;A01;2;7;16;0;1;13;1;
202300008330;155665791;A01;2;50;1;0;1;13;3;
202300008331;155665792;A01;3;7;0;1;6;4;1;
202300008332;155665794;A01;1;7;0;1;3;1;1;
202300008333;155665788;A01;1;7;0;2;1;1;1;
202300008333;155665795;B01;1;17;0;0;4;1;1;
202300008334;155665789;A01;3;1;0;2;1;1;5;
202300008334;155665790;B01;3;7;0;2;1;15;1;
202300008335;155665786;A01;1;7;0;0;9;14;1;
202300008336;155665787;A01;1;7;1;0;1;0;1;
202300008337;155665784;A01;2;33;0;6;1;2;1;
202300008338;155665782;B01;1;7;0;2;1;1;1;
202300008338;155665785;A01;2;50;0;2;8;15;3;
202300008339;155665781;A01;1;7;0;2;1;13;1;
202300008339;155665783;B01;2;7;0;2;1;21;1;
202300008340;155665779;A01;2;7;9;0;1;1;1;
202300008341;155665780;A01;3;33;1;0;1;1;1;
202300008342;155665777;A01;1;7;13;0;1;21;1;
202300008343;155665774;A01;2;34;12;0;0;1;1;
202300008344;155665775;A01;2;7;0;2;1;13;1;
202300008344;155665778;B01;1;15;0;2;1;1;1;
202300008345;155665773;A01;2;7;0;2;3;13;1;
202300008345;155665776;B01;1;7;5;2;6;1;1;
202300008346;155665768;A01;1;33;13;0;1;0;1;
202300008347;155665770;A01;2;80;0;2;7;1;3;
202300008347;155665772;B01;2;7;0;2;1;9;2;
202300008348;155665767;A01;1;7;0;2;1;15;1;
202300008348;155665771;B01;2;32;0;2;1;1;1;
202300008349;155665766;A01;2;7;0;9;5;16;6;
202300008349;155665769;B01;2;80;0;2;3;1;3;
202300008350;155665765;A01;1;7;2;0;1;13;1;
202300008351;155665759;B01;2;50;0;2;2;1;3;
202300008351;155665764;A01;1;7;0;9;3;1;1;
202300008352;155665760;A01;0;7;0;1;1;21;0;
202300008353;155665758;A01;2;33;0;2;1;2;1;
202300008353;155665763;B01;2;7;0;2;8;15;1;
202300008354;155665757;B01;3;32;0;2;1;1;1;
202300008354;155665762;A01;3;7;0;2;1;17;1;
202300008355;155665755;A01;3;7;16;0;9;0;1;
202300008356;155665756;A01;2;10;0;2;2;1;1;
202300008356;155665761;B01;2;1;0;2;6;1;5;
202300008357;155665749;A01;1;2;0;0;8;1;1;
202300008358;155665750;A01;2;7;1;0;3;26;1;
202300008359;155665748;A01;3;7;0;2;3;15;1;
202300008359;155665752;B01;3;7;0;2;1;1;1;
202300008360;155665746;A01;2;7;0;2;1;17;1;
202300008360;155665751;B01;1;34;0;2;9;1;1;
202300008360;155665754;C01;2;10;0;2;8;1;1;
202300008361;155665747;A01;2;7;0;2;3;2;0;
202300008361;155665753;B01;1;7;0;2;2;15;0;
202300008362;155665745;A01;2;7;13;0;3;13;1;
202300008363;155665741;A01;1;7;0;2;7;15;1;
202300008363;155665744;B01;1;33;0;2;1;1;1;
202300008364;155665740;B01;1;33;0;2;8;1;5;
202300008364;155665743;A01;2;7;0;2;1;15;2;
202300008365;155665739;A01;3;10;0;1;2;4;1;
202300008366;155665738;B01;2;7;0;2;1;2;1;
202300008366;155665742;A01;2;7;0;2;4;2;1;
202300008367;155665735;B01;2;31;0;2;1;1;1;
202300008367;155665736;A01;1;7;0;2;2;15;1;
202300008368;155665737;A01;1;7;8;0;2;14;1;
202300008369;155665734;A01;3;7;1;0;4;20;1;
202300008370;155665730;A01;1;7;0;2;1;15;1;
202300008370;155665733;B01;2;31;0;2;1;1;1;
202300008371;155665728;A01;2;50;0;2;0;0;3;
202300008371;155665732;B01;2;7;0;2;3;1;1;
202300008372;155665727;B01;1;33;0;2;2;0;1;
202300008372;155665731;A01;1;10;0;2;6;11;1;
202300008373;155665725;A01;3;80;0;0;0;1;3;
202300008374;155665726;A01;1;7;0;1;2;1;1;
202300008375;155665724;A01;2;7;0;2;1;13;1;
202300008375;155665729;B01;1;14;0;2;1;1;1;
202300008376;155665719;A01;2;7;0;2;3;17;1;
202300008376;155665722;B01;1;7;0;2;3;1;1;
202300008377;155665723;A01;2;33;3;0;0;1;1;
202300008378;155665716;B01;1;7;0;2;8;1;2;
202300008378;155665720;A01;1;7;0;2;1;1;2;
202300008379;155665718;A01;0;7;0;2;2;15;0;
202300008379;155665721;B01;0;32;0;2;1;13;0;
202300008380;155665713;A01;2;10;0;2;1;2;0;
202300008380;155665715;B01;2;10;0;2;4;2;0;
202300008381;155665711;B01;2;33;0;2;1;1;1;
202300008381;155665714;A01;1;7;0;2;7;10;1;
202300008382;155665707;A01;0;7;0;1;1;19;1;
202300008383;155665710;A01;1;7;6;0;1;13;1;
202300008384;155665709;B01;1;7;11;2;3;1;1;
202300008384;155665712;A01;1;7;0;2;2;16;1;
202300008385;155665704;B01;0;1;0;0;1;0;5;
202300008385;155665705;A01;0;7;0;9;2;16;1;
202300008386;155665706;B01;1;7;0;2;1;0;3;
202300008386;155665708;A01;1;32;0;0;0;0;0;
202300008387;155665702;A01;2;7;0;1;1;26;6;
202300008388;155665701;A01;1;3;2;0;0;0;1;
202300008389;155665700;A01;2;7;0;2;3;6;1;
202300008389;155665703;B01;2;7;0;2;1;26;0;
202300008390;155665695;A01;1;10;1;2;2;14;1;
202300008390;155665699;B01;0;1;0;2;0;0;5;
202300008391;155665694;A01;2;7;0;2;1;13;1;
202300008391;155665698;B01;1;7;0;2;1;1;1;
202300008392;155665689;B01;1;1;0;2;0;1;5;
202300008392;155665692;A01;2;7;8;2;0;17;1;
202300008393;155665690;C01;1;15;0;2;7;14;1;
202300008393;155665693;B01;1;7;0;2;8;1;1;
202300008394;155665691;B01;1;7;0;2;1;1;1;
202300008394;155665696;A01;3;7;0;2;3;9;1;
202300008395;155665684;A01;2;7;0;2;4;2;1;
202300008395;155665686;B01;2;1;0;2;3;2;5;
202300008396;155665683;A01;2;7;0;2;3;1;1;
202300008396;155665687;B01;1;7;0;2;3;1;3;
202300008397;155665681;A01;2;7;0;2;3;15;1;
202300008397;155665688;B01;2;33;0;2;2;17;1;
202300008398;155665678;A01;3;33;0;0;8;15;1;
202300008399;155665679;A01;2;7;1;2;2;15;1;
202300008399;155665682;B01;1;7;1;2;1;1;3;
202300008400;155665676;A01;1;7;0;0;0;13;1;
202300008401;155665674;C01;2;10;0;2;7;1;1;
202300008401;155665677;B01;2;7;0;2;6;1;1;
202300008401;155665680;A01;2;10;0;2;2;11;1;
202300008401;155665685;D01;2;10;0;2;2;1;1;
202300008402;155665671;A01;3;50;0;2;1;26;3;
202300008402;155665673;B01;3;3;0;2;1;26;3;
202300008403;155665672;A01;0;7;0;0;2;15;1;
202300008403;155665675;B01;0;50;0;2;2;0;3;
202300008404;155665668;A01;1;7;13;0;2;14;1;
202300008405;155665666;A01;1;7;1;0;2;0;1;
202300008406;155665664;B01;1;2;0;2;1;1;1;
202300008406;155665669;A01;1;7;0;2;2;9;1;
202300008407;155665663;A01;1;32;0;2;1;2;1;
202300008407;155665667;B01;1;7;0;2;4;2;1;
202300008408;155665665;A01;1;7;1;0;3;2;1;
202300008408;155665670;B01;1;10;0;0;5;23;1;
202300008409;155665660;A01;1;7;0;1;1;1;1;
202300008410;155665657;A01;1;7;0;2;3;19;1;
202300008410;155665662;B01;1;33;0;2;1;19;1;
202300008411;155665655;A01;1;10;0;2;1;1;1;
202300008411;155665658;B01;1;7;0;2;4;1;2;
202300008412;155665654;A01;2;7;0;2;7;15;1;
202300008412;155665659;B01;1;2;0;2;1;1;1;
202300008413;155665652;A01;1;33;0;1;3;19;1;
202300008414;155665650;A01;2;7;2;6;6;14;1;
202300008415;155665649;B01;1;7;0;2;1;1;2;
202300008415;155665653;A01;1;7;0;2;2;1;1;
202300008416;155665646;A01;1;7;0;1;1;1;1;
202300008417;155665643;B01;1;37;0;2;0;1;1;1.0
202300008417;155665647;A01;2;50;0;2;1;9;3;
202300008418;155665641;A01;3;15;9;0;2;1;1;
202300008418;155665642;B01;3;32;0;2;0;1;1;
202300008419;155665640;A01;2;7;0;2;1;13;1;
202300008419;155665644;B01;1;15;0;2;1;1;1;
202300008420;155665637;A01;3;7;4;0;1;2;1;
202300008421;155665638;D01;2;10;0;2;6;1;1;
202300008421;155665645;C01;2;7;0;2;4;23;1;
202300008421;155665648;B01;2;10;0;2;4;23;1;
202300008421;155665651;A01;2;10;0;2;1;1;1;
202300008422;155665635;B01;2;7;0;2;4;1;1;
202300008422;155665639;A01;2;10;0;2;1;1;1;
202300008423;155665632;A01;0;7;1;2;4;2;1;
202300008423;155665636;B01;0;10;1;2;4;1;1;
202300008424;155665629;A01;3;30;0;2;1;13;1;
202300008424;155665630;B01;3;7;0;2;1;1;1;
202300008425;155665628;A01;2;7;0;2;0;11;1;
202300008425;155665631;B01;2;33;0;2;1;3;1;
202300008426;155665627;B01;3;7;0;2;1;1;1;
202300008426;155665634;A01;3;7;0;2;3;9;1;
202300008427;155665626;B01;1;2;0;2;1;1;1;
202300008427;155665633;A01;1;10;0;2;3;15;1;
202300008428;155665625;A01;2;7;0;1;3;0;0;
202300008429;155665622;A01;3;7;0;2;3;1;2;
202300008429;155665623;B01;3;99;0;2;3;1;1;
202300008430;155665621;A01;1;42;0;9;3;15;1;
202300008430;155665624;B01;2;1;0;2;8;1;5;
202300008431;155665616;A01;2;7;0;9;1;1;1;
202300008431;155665619;B01;1;1;0;2;1;5;5;
202300008432;155665614;B01;3;7;0;2;1;1;1;
202300008432;155665620;A01;2;99;0;2;9;1;1;
202300008433;155665612;B01;1;7;0;2;3;1;1;
202300008433;155665618;A01;2;7;0;2;3;15;1;
202300008434;155665610;A01;1;7;13;0;9;1;1;
202300008435;155665611;C01;1;7;0;2;4;1;1;
202300008435;155665615;B01;1;7;0;2;4;1;1;
202300008435;155665617;A01;1;7;0;2;1;1;1;
202300008436;155665609;Z01;1;10;0;2;0;10;1;
202300008436;155665613;B01;1;31;0;2;1;1;1;