Num_Acc;id_vehicule;num_veh;senc;catv;obs;obsm;choc;manv;motor;occutc
202300008437;155665608;A01;1;7;6;0;2;15;1;
202300008438;155665605;A01;1;33;0;2;7;0;1;
202300008438;155665607;B01;1;7;0;2;0;0;2;
202300008439;155665604;B01;3;1;0;2;8;19;5;
202300008439;155665606;A01;1;7;0;2;1;1;1;
202300008440;155665602;A01;2;3;6;0;1;2;1;
202300008441;155665600;A01;0;7;0;2;2;9;1;
202300008441;155665601;B01;0;33;0;2;3;1;1;
202300008442;155665598;A01;2;7;0;2;4;1;3;
202300008442;155665603;B01;2;15;0;2;1;1;1;
202300008443;155665596;A01;1;10;0;2;2;2;1;
202300008443;155665599;B01;1;1;0;2;6;1;5;
202300008444;155665594;B01;3;2;0;2;1;1;1;
202300008444;155665597;A01;3;7;0;2;3;9;1;
202300008445;155665591;B01;2;10;0;2;6;1;1;
202300008445;155665592;A01;1;34;0;2;2;26;1;
202300008446;155665588;A01;2;7;0;9;2;1;1;
202300008446;155665595;B01;3;2;0;2;8;19;1;
202300008447;155665589;B01;1;15;0;2;1;2;1;
202300008447;155665593;A01;1;15;3;2;4;23;1;
202300008448;155665585;A01;2;7;2;0;1;1;1;
202300008449;155665584;A01;3;34;0;1;1;26;1;
202300008450;155665583;C01;1;10;0;2;6;0;1;
202300008450;155665587;Z01;1;7;0;2;0;0;0;
202300008450;155665590;B01;1;33;0;2;1;2;1;
202300008451;155665582;A01;3;10;0;2;2;12;0;
202300008451;155665586;B01;2;2;0;2;8;7;1;
202300008452;155665577;A01;3;7;0;1;0;1;1;
202300008453;155665576;B01;2;32;0;2;1;15;1;
202300008453;155665579;A01;1;7;0;2;3;13;1;
202300008454;155665574;A01;2;7;0;2;0;1;1;
202300008454;155665580;B01;2;7;13;0;6;1;0;
202300008455;155665572;A01;0;10;0;2;1;15;1;
202300008455;155665581;B01;0;31;0;2;1;1;1;
202300008456;155665570;C01;2;10;0;2;1;2;1;
202300008456;155665573;B01;2;7;0;2;6;2;1;
202300008456;155665578;A01;2;13;0;2;2;1;1;
202300008457;155665567;B01;3;2;0;2;7;26;1;
202300008457;155665571;A01;3;7;0;2;2;20;1;
202300008458;155665566;A01;3;21;0;0;0;1;0;
202300008459;155665568;B01;1;33;0;2;1;1;1;
202300008459;155665575;A01;1;7;0;2;3;19;1;
202300008460;155665565;A01;1;7;9;2;2;15;1;
202300008460;155665569;B01;1;2;9;2;1;2;1;
202300008461;155665564;A01;1;7;2;0;1;13;1;
202300008462;155665561;A01;1;32;0;5;9;1;1;
202300008463;155665556;B01;3;7;0;2;6;2;1;
202300008463;155665562;A01;3;7;0;2;2;2;1;
202300008464;155665560;A01;1;1;0;2;8;1;5;
202300008465;155665558;Z01;1;10;0;2;-1;1;-1;
202300008465;155665563;A01;1;7;4;2;3;1;1;
202300008466;155665555;A01;3;33;0;2;1;1;1;
202300008466;155665559;B01;3;1;0;2;4;23;5;
202300008467;155665551;A01;1;7;0;2;1;17;1;
202300008467;155665553;B01;2;7;0;0;9;21;1;
202300008467;155665557;C01;2;7;0;2;1;1;1;
202300008468;155665549;B01;1;50;1;0;1;1;3;
202300008468;155665552;A01;1;14;0;0;0;23;1;
202300008469;155665548;B01;2;7;0;2;2;1;1;
202300008469;155665554;A01;1;32;0;2;1;13;1;
202300008470;155665547;A01;2;7;4;2;1;1;1;
202300008471;155665542;A01;1;7;0;1;4;20;1;
202300008472;155665545;A01;1;7;0;2;1;19;1;
202300008472;155665546;B01;2;1;0;2;1;1;5;
202300008473;155665543;A01;0;7;13;0;3;1;0;
202300008473;155665550;B01;0;7;0;2;1;9;0;
202300008474;155665539;B01;1;33;0;2;1;17;1;
202300008474;155665544;A01;1;7;0;2;6;15;1;
202300008475;155665531;A01;2;7;0;2;1;1;1;
202300008475;155665535;B01;2;10;0;2;4;23;1;
202300008476;155665533;A01;1;17;13;2;1;1;1;
202300008476;155665537;B01;1;7;4;2;2;17;1;
202300008477;155665532;A01;1;7;8;0;2;14;1;
202300008478;155665534;B01;2;7;0;2;4;1;1;
202300008478;155665538;A01;2;15;0;2;1;2;1;
202300008478;155665540;C01;2;7;0;2;4;1;1;
202300008479;155665528;A01;1;7;0;1;1;1;2;
202300008480;155665530;A01;1;7;0;2;1;13;1;
202300008480;155665536;B01;2;7;0;2;1;1;3;
202300008481;155665527;A01;0;30;8;0;1;1;1;
202300008482;155665525;A01;2;10;0;2;1;17;1;
202300008482;155665529;B01;2;7;8;2;6;15;1;
202300008483;155665524;A01;1;7;15;0;1;1;1;
202300008484;155665523;A01;1;2;0;2;1;5;1;
202300008484;155665526;B01;2;7;0;2;2;21;1;
202300008485;155665521;A01;2;1;0;2;1;19;5;
202300008485;155665522;B01;3;31;1;2;1;1;1;
202300008486;155665520;A01;2;7;2;0;1;1;1;
202300008487;155665517;A01;1;34;0;0;0;0;1;
202300008488;155665514;A01;1;7;0;2;4;1;1;
202300008488;155665518;B01;1;7;0;2;1;1;1;
202300008489;155665515;A01;3;2;0;2;2;1;3;
202300008489;155665519;B01;3;1;0;2;1;1;5;
202300008490;155665513;A01;3;50;12;0;0;13;3;
202300008490;155665516;B01;3;80;12;0;8;0;3;
202300008491;155665509;A01;2;14;0;2;7;16;1;
202300008491;155665512;B01;3;80;0;2;8;1;3;
202300008492;155665508;A01;1;80;0;0;0;0;3;
202300008493;155665506;A01;2;7;0;1;2;1;1;
202300008494;155665505;A01;2;7;0;2;7;1;2;
202300008494;155665511;B01;1;7;0;2;1;1;1;
202300008495;155665504;B01;0;7;0;1;0;11;1;
202300008496;155665502;A01;2;7;0;2;1;1;1;
202300008496;155665503;B01;3;99;0;2;7;19;3;
202300008497;155665500;A01;2;7;0;1;0;9;1;
202300008498;155665499;A01;0;7;0;1;3;20;1;
202300008499;155665496;A01;3;7;0;1;2;2;2;
202300008500;155665497;A01;2;7;0;2;2;15;1;
202300008500;155665498;B01;1;33;0;2;1;1;1;
202300008501;155665494;A01;2;7;1;0;2;14;1;
202300008501;155665495;B01;2;7;0;1;4;24;1;
202300008502;155665487;A01;2;7;8;0;8;0;1;
202300008503;155665488;B01;3;2;0;2;1;9;1;
202300008503;155665492;A01;2;7;0;2;3;1;1;
202300008504;155665485;A01;1;13;0;2;2;1;4;
202300008504;155665489;B01;1;7;0;2;4;23;1;
202300008505;155665484;A01;1;33;0;2;1;13;1;
202300008505;155665490;B01;1;33;0;2;1;13;1;
202300008505;155665491;C01;2;7;0;2;2;1;1;
202300008506;155665483;B01;1;7;0;2;3;15;1;
202300008506;155665493;A01;1;7;0;2;2;1;1;
202300008507;155665482;A01;3;7;0;2;2;16;1;
202300008507;155665486;B01;1;31;0;2;3;2;1;
202300008508;155665478;A01;1;10;0;2;2;16;1;
202300008508;155665480;B01;1;33;0;2;1;1;1;
202300008509;155665477;A01;1;50;13;0;1;19;3;
202300008510;155665475;A01;2;32;0;2;7;15;1;
202300008510;155665479;B01;1;1;0;2;1;1;5;
202300008511;155665473;A01;1;7;0;2;1;1;1;
202300008511;155665481;B01;2;7;0;2;7;13;1;
202300008512;155665469;A01;1;7;13;0;3;13;1;
202300008513;155665472;B01;2;7;0;2;2;1;1;
202300008513;155665476;A01;2;7;0;2;0;1;1;
202300008514;155665466;A01;1;10;0;2;3;22;1;
202300008514;155665471;B01;1;80;0;2;2;1;3;
202300008515;155665468;B01;2;1;0;2;1;1;5;
202300008515;155665474;A01;1;7;0;2;3;1;1;
202300008516;155665464;B01;1;7;3;2;4;1;1;
202300008516;155665470;A01;1;7;3;2;1;2;1;
202300008517;155665463;A01;1;7;8;0;1;21;1;
202300008518;155665461;A01;1;7;0;1;2;15;1;
202300008519;155665460;A01;2;43;0;2;7;1;1;
202300008519;155665462;B01;2;1;0;2;7;11;5;
202300008520;155665457;A01;1;2;0;0;0;1;1;
202300008521;155665455;A01;1;1;0;2;1;3;0;
202300008521;155665459;B01;2;7;0;2;5;23;1;
202300008522;155665454;A01;2;7;0;1;1;1;0;
202300008523;155665453;A01;1;7;0;2;4;1;1;
202300008523;155665458;B01;1;7;0;2;1;1;0;
202300008524;155665451;B01;1;2;0;2;1;1;1;
202300008524;155665456;A01;3;7;0;2;3;15;1;
202300008525;155665450;A01;1;7;13;0;1;1;1;
202300008526;155665447;A01;2;7;0;2;3;22;0;
202300008526;155665449;B01;2;1;1;2;2;17;5;
202300008527;155665444;A01;1;33;0;0;7;16;1;
202300008528;155665443;A01;1;50;0;2;1;15;3;
202300008528;155665448;B01;1;33;0;2;1;1;1;
202300008529;155665442;A01;2;15;0;2;6;26;1;
202300008529;155665446;B01;2;15;1;0;5;21;1;
202300008530;155665440;A01;2;7;0;2;3;13;1;
202300008530;155665445;B01;1;7;0;2;3;1;1;
202300008530;155665452;C01;2;7;0;2;3;2;1;
202300008531;155665439;A01;2;1;0;2;8;2;5;
202300008531;155665441;B01;2;15;0;2;7;17;1;
202300008532;155665438;A01;3;7;0;1;1;15;1;
202300008533;155665436;A01;2;21;13;0;7;1;1;
202300008534;155665434;A01;1;7;14;0;1;1;1;
202300008535;155665430;A01;1;33;1;1;3;1;1;
202300008535;155665435;B01;1;33;0;0;6;24;1;
202300008536;155665431;A01;3;2;0;2;5;0;1;
202300008536;155665433;Z01;3;10;0;0;0;0;0;
202300008537;155665429;A01;3;7;0;1;7;1;1;
202300008538;155665432;A01;2;7;0;0;8;15;1;
202300008538;155665437;B01;2;7;0;2;2;17;1;
202300008539;155665426;A01;1;7;13;0;0;14;1;
202300008540;155665421;A01;3;30;0;2;7;19;1;
202300008540;155665425;B01;3;7;0;2;3;1;1;
202300008541;155665423;A01;2;7;0;2;1;2;1;
202300008541;155665428;B01;2;7;0;2;4;2;1;
202300008542;155665422;A01;3;7;0;2;2;11;1;
202300008542;155665427;B01;3;7;1;0;3;20;1;
202300008543;155665420;A01;2;2;2;0;0;26;1;
202300008544;155665419;B01;2;99;0;2;4;1;1;
202300008544;155665424;A01;2;32;0;2;1;17;1;
202300008545;155665418;A01;1;7;0;0;0;0;1;
202300008546;155665415;A01;3;7;0;2;3;13;0;
202300008546;155665417;B01;3;7;0;2;3;2;0;
202300008547;155665413;A01;1;7;8;0;2;1;1;
202300008548;155665410;A01;2;37;0;1;1;1;1;1.0
202300008549;155665409;A01;1;7;0;2;1;19;1;
202300008549;155665414;B01;2;2;0;2;2;9;1;
202300008550;155665407;B01;1;7;0;2;1;0;1;
202300008550;155665412;A01;1;7;0;2;7;5;1;
202300008551;155665404;A01;1;7;0;2;1;2;0;
202300008551;155665408;B01;1;7;0;2;4;2;0;
202300008551;155665411;C01;1;7;0;2;4;2;0;
202300008551;155665416;D01;1;7;0;2;4;2;0;
202300008552;155665403;B01;2;7;0;2;2;1;1;
202300008552;155665406;A01;1;33;0;2;1;5;1;
202300008553;155665405;A01;2;50;0;1;1;1;3;
202300008554;155665400;A01;2;7;0;2;1;15;1;
202300008554;155665402;B01;1;33;0;2;8;1;1;
202300008555;155665399;A01;-1;7;6;0;1;1;1;
202300008556;155665395;A01;1;7;0;2;3;20;1;
202300008556;155665401;B01;1;33;1;0;2;1;1;
202300008557;155665394;A01;0;7;0;2;1;1;1;
202300008557;155665396;B01;0;80;0;2;2;15;3;
202300008558;155665390;A01;1;7;0;2;3;13;1;
202300008558;155665393;B01;2;7;0;2;6;2;1;
202300008558;155665398;C01;2;7;0;2;3;1;1;
202300008559;155665387;A01;1;7;0;2;7;1;1;
202300008559;155665391;B01;1;1;0;2;8;1;5;
202300008560;155665389;A01;2;7;0;2;8;11;0;
202300008560;155665392;B01;2;31;0;2;2;3;1;
202300008560;155665397;C01;2;7;0;2;4;2;1;
202300008561;155665385;A01;0;7;9;0;1;1;1;
202300008562;155665384;Z01;1;7;0;2;1;2;1;
202300008562;155665388;A01;1;7;0;2;4;1;1;
202300008563;155665382;A01;2;7;0;9;1;9;1;
202300008563;155665383;B01;2;1;0;2;7;1;5;
202300008564;155665378;A01;2;7;13;0;1;13;1;
202300008565;155665379;A01;2;2;13;0;1;13;1;
202300008566;155665380;A01;1;30;0;2;1;1;1;
202300008566;155665386;B01;1;7;0;2;5;1;1;
202300008567;155665376;A01;1;33;14;0;6;1;1;
202300008568;155665377;A01;2;10;0;2;2;12;1;
202300008568;155665381;B01;2;33;0;2;8;3;1;
202300008569;155665372;A01;3;7;0;2;1;15;1;
202300008569;155665375;B01;2;33;0;2;8;1;1;
202300008570;155665371;A01;3;7;13;0;1;1;1;
202300008571;155665370;A01;2;33;12;0;1;14;1;
202300008572;155665374;A01;1;7;6;0;0;0;1;
202300008573;155665368;B01;2;7;0;2;2;0;2;
202300008573;155665373;A01;1;7;0;2;1;1;1;
202300008574;155665367;A01;3;33;0;2;8;17;0;
202300008575;155665366;A01;1;33;0;2;1;3;1;
202300008575;155665369;B01;1;7;0;2;4;12;1;
202300008576;155665365;A01;1;7;6;0;8;13;1;
202300008577;155665362;B01;3;7;0;2;1;19;1;
202300008577;155665364;A01;1;33;0;0;3;1;1;
202300008578;155665359;A01;2;10;0;2;3;10;1;
202300008578;155665363;B01;2;43;0;2;2;1;1;
202300008579;155665361;A01;1;7;0;1;7;1;1;
202300008580;155665357;B01;1;14;0;2;4;2;1;
202300008580;155665360;A01;1;7;0;2;1;2;1;
202300008581;155665356;B01;1;33;0;2;2;17;1;
202300008581;155665358;A01;1;7;0;0;3;15;1;
202300008582;155665351;A01;2;7;4;0;3;1;1;
202300008583;155665349;A01;2;1;12;0;1;21;5;
202300008584;155665350;A01;0;7;0;2;6;19;1;
202300008584;155665354;B01;2;7;0;2;1;1;1;
202300008585;155665346;A01;2;7;0;2;2;17;1;
202300008585;155665353;B01;1;33;0;2;1;1;1;
202300008585;155665355;C01;2;15;0;2;2;1;1;
202300008586;155665347;B01;1;7;0;2;3;15;1;
202300008586;155665352;Z01;1;7;0;2;1;17;1;
202300008587;155665342;B01;2;7;0;2;1;1;0;
202300008587;155665348;A01;1;7;0;2;3;19;0;
202300008588;155665338;A01;3;7;0;2;1;0;1;
202300008588;155665344;B01;1;33;0;2;1;0;1;
202300008589;155665337;A01;3;1;0;9;1;1;5;
202300008589;155665341;B01;3;1;0;9;8;15;5;
202300008590;155665340;A01;2;31;0;2;1;16;1;
202300008590;155665343;B01;1;15;0;2;3;1;1;
202300008591;155665339;A01;1;10;0;2;8;11;1;
202300008591;155665345;B01;1;32;0;2;7;3;1;
202300008592;155665335;A01;2;7;0;2;1;26;1;
202300008592;155665336;B01;1;14;0;2;1;26;1;
202300008593;155665334;A01;2;33;0;6;1;19;1;
202300008594;155665328;A01;3;7;0;0;3;1;0;
202300008594;155665330;B01;3;2;0;2;1;19;1;
202300008595;155665326;A01;1;33;0;2;0;13;1;
202300008595;155665329;B01;2;7;0;0;8;1;1;
202300008595;155665333;C01;2;10;0;0;2;1;1;
202300008596;155665324;A01;1;2;0;2;1;0;3;
202300008596;155665332;B01;2;7;0;9;8;15;0;
202300008597;155665320;A01;1;33;0;2;8;1;1;
202300008597;155665323;B01;2;7;0;9;1;1;1;
202300008598;155665322;A01;2;7;0;2;3;13;1;
202300008598;155665327;B01;1;32;0;2;7;1;1;
202300008598;155665331;C01;1;7;0;2;3;14;1;
202300008599;155665316;A01;1;10;0;2;1;19;1;
202300008599;155665318;B01;1;7;0;2;2;1;1;
202300008600;155665315;B01;2;33;0;2;3;1;1;
202300008600;155665319;A01;1;7;0;2;6;15;1;
202300008601;155665317;A01;2;13;0;2;8;22;6;
202300008601;155665321;B01;2;33;0;2;1;2;1;
202300008601;155665325;C01;2;7;0;2;7;23;2;
202300008602;155665314;A01;1;1;12;0;1;0;5;
202300008603;155665312;A01;3;33;0;1;1;1;1;
202300008604;155665310;A01;2;33;6;0;9;1;1;
202300008605;155665313;A01;2;7;8;0;1;13;1;
202300008606;155665308;B01;1;15;0;2;3;1;1;
202300008606;155665311;A01;2;7;0;2;3;13;2;
202300008607;155665305;A01;1;7;0;2;3;0;1;
202300008607;155665307;B01;2;10;0;2;3;0;1;
202300008608;155665306;B01;2;7;0;2;3;5;1;
202300008608;155665309;A01;1;17;12;2;3;1;1;
202300008609;155665304;A01;3;37;0;1;2;26;1;1.0
202300008610;155665303;A01;2;33;15;9;1;1;0;
202300008611;155665302;A01;1;80;0;0;0;2;3;
202300008612;155665300;A01;2;7;8;0;1;13;1;
202300008613;155665299;B01;2;10;0;2;3;1;1;
202300008613;155665301;A01;1;7;0;2;3;13;1;
202300008614;155665294;A01;1;7;0;2;1;17;1;
202300008614;155665296;B01;1;7;0;2;1;2;1;
202300008615;155665292;A01;2;2;12;0;1;1;1;
202300008616;155665293;A01;1;21;0;2;5;17;1;
202300008616;155665295;B01;1;1;0;2;3;1;5;
202300008617;155665290;B01;1;1;0;2;8;1;5;
202300008617;155665297;A01;2;7;0;2;2;15;1;
202300008618;155665287;A01;3;33;0;0;1;0;1;
202300008619;155665286;A01;1;7;0;2;1;2;1;
202300008619;155665289;B01;1;17;0;0;4;2;1;
202300008620;155665288;A01;2;50;0;0;0;1;3;
202300008621;155665285;B01;1;10;0;2;4;2;1;
202300008621;155665291;C01;3;7;0;2;4;1;1;
202300008621;155665298;A01;1;7;0;2;1;2;1;
202300008622;155665282;A01;1;7;6;0;7;0;1;
202300008623;155665280;B01;1;10;0;2;1;9;1;
202300008623;155665283;A01;2;33;0;2;1;0;1;
202300008624;155665276;A01;1;7;0;2;1;17;1;
202300008624;155665281;B01;1;17;0;2;6;1;1;
202300008625;155665278;A01;2;30;0;9;7;1;1;
202300008626;155665279;A01;3;1;0;0;7;1;5;
202300008627;155665275;A01;1;7;0;4;8;1;1;
202300008627;155665284;B01;1;40;0;2;1;1;3;
202300008628;155665274;A01;2;33;0;2;1;1;1;
202300008628;155665277;B01;3;7;0;2;2;19;1;
202300008629;155665273;A01;1;7;6;0;3;13;1;
202300008630;155665271;A01;2;7;3;0;3;1;1;
202300008631;155665267;B01;2;7;0;2;1;1;1;
202300008631;155665272;A01;1;7;0;2;1;1;1;
202300008632;155665270;A01;1;7;2;9;1;0;6;
202300008633;155665264;A01;2;7;0;2;3;13;1;
202300008633;155665266;B01;1;17;6;2;2;1;1;
202300008634;155665265;A01;0;7;0;2;1;16;1;
202300008634;155665269;B01;0;1;0;2;7;2;5;
202300008635;155665263;A01;2;7;13;0;2;1;1;
202300008636;155665268;A01;1;7;0;1;1;15;1;
202300008637;155665262;A01;2;50;0;1;1;1;3;
202300008638;155665259;A01;1;7;0;2;2;17;1;
202300008638;155665261;B01;1;7;0;2;6;1;1;
202300008639;155665258;A01;2;33;0;2;1;1;0;
202300008639;155665260;B01;2;21;0;2;6;15;0;
202300008640;155665254;A01;2;33;0;2;4;4;1;
202300008640;155665257;B01;2;33;0;2;1;1;1;
202300008641;155665255;A01;2;7;0;1;3;1;1;
202300008642;155665253;A01;1;33;1;0;6;1;1;
202300008642;155665256;B01;1;7;0;0;6;0;1;
202300008643;155665251;A01;1;7;0;1;1;1;1;
202300008644;155665249;A01;1;1;0;2;7;16;5;
202300008644;155665252;B01;1;7;0;2;1;16;0;
202300008645;155665250;A01;1;10;2;0;1;19;1;
202300008646;155665247;A01;1;50;0;2;4;2;3;
202300008647;155665245;A01;2;33;0;2;3;13;1;
202300008647;155665248;B01;2;7;0;2;2;1;1;
202300008648;155665244;A01;3;2;0;0;0;1;1;
202300008649;155665242;B01;1;7;0;2;1;1;0;
202300008649;155665246;A01;2;7;0;2;1;13;1;
202300008650;155665239;A01;0;50;12;0;0;15;3;
202300008651;155665240;A01;2;10;0;2;2;17;1;
202300008651;155665243;B01;2;7;0;2;3;15;1;
202300008652;155665237;A01;2;10;0;2;1;15;1;
202300008652;155665241;B01;1;7;0;2;2;23;1;
202300008653;155665235;A01;2;7;0;0;2;1;1;
202300008654;155665234;B01;1;7;0;2;2;16;1;
202300008654;155665238;A01;1;31;0;2;1;18;1;
202300008655;155665232;B01;2;7;0;2;1;1;1;
202300008655;155665236;A01;1;1;0;2;1;1;5;
202300008656;155665228;A01;1;7;0;2;2;15;1;
202300008656;155665231;B01;2;33;0;2;1;1;1;
202300008657;155665229;A01;3;10;16;0;1;1;1;
202300008658;155665230;A01;2;10;0;1;2;16;1;
202300008659;155665226;B01;3;1;0;0;3;1;5;
202300008659;155665233;A01;1;10;0;9;2;16;1;
202300008660;155665225;A01;3;7;0;9;2;0;1;
202300008660;155665227;B01;3;1;0;2;3;0;5;
202300008661;155665223;A01;1;15;3;0;2;14;1;
202300008662;155665224;A01;1;10;11;0;1;26;1;
202300008663;155665222;A01;2;50;0;0;0;1;3;
202300008664;155665220;B01;1;1;0;0;1;1;5;
202300008665;155665215;A01;2;7;0;2;6;3;1;
202300008665;155665219;B01;2;7;0;2;2;1;1;
202300008666;155665217;A01;1;7;2;2;2;17;1;
202300008666;155665221;B01;1;7;0;2;6;2;1;
202300008667;155665214;A01;1;7;0;2;3;13;3;
202300008667;155665218;B01;2;10;0;2;3;1;1;
202300008668;155665212;A01;2;7;15;0;1;1;1;
202300008669;155665211;A01;1;1;0;1;1;2;5;
202300008670;155665213;B01;2;31;0;2;1;1;1;
202300008670;155665216;A01;1;7;0;2;6;15;1;
202300008671;155665210;A01;2;33;13;0;2;1;1;
202300008672;155665208;A01;1;7;10;0;3;1;1;
202300008673;155665207;A01;1;7;0;2;1;13;1;
202300008673;155665209;B01;2;10;0;2;1;21;1;
202300008674;155665204;A01;3;7;6;0;1;1;1;
202300008675;155665205;A01;1;7;12;0;7;0;1;
202300008676;155665203;A01;1;7;0;1;1;0;1;
202300008677;155665202;A01;1;7;0;2;3;1;1;
202300008677;155665206;B01;2;7;0;2;3;5;1;
202300008678;155665201;A01;3;7;13;0;0;1;1;
202300008679;155665196;B01;0;7;0;2;3;13;1;
202300008679;155665200;A01;0;7;0;0;5;1;1;
202300008680;155665193;A01;3;7;6;0;1;1;1;
202300008681;155665195;A01;3;10;0;2;4;2;1;
202300008681;155665198;B01;3;33;0;2;1;2;1;
202300008682;155665191;B01;2;7;0;2;3;1;1;
202300008682;155665197;A01;1;3;0;2;2;1;1;
202300008683;155665190;B01;1;7;0;2;3;1;1;
202300008683;155665194;A01;1;33;0;2;5;1;1;
202300008684;155665189;A01;2;1;0;0;1;15;5;
202300008684;155665192;B01;1;7;0;0;7;1;1;
202300008685;155665186;A01;1;7;0;1;2;0;1;
202300008686;155665184;A01;2;7;13;0;2;0;1;
202300008687;155665183;A01;2;21;0;0;8;1;1;
202300008688;155665182;A01;1;7;0;2;1;15;1;
202300008688;155665188;B01;1;2;3;2;7;1;1;
202300008689;155665181;A01;3;7;0;2;2;0;1;
202300008689;155665187;B01;3;7;0;0;6;1;1;
202300008690;155665179;A01;1;7;16;0;0;13;1;
202300008691;155665176;A01;3;7;0;2;3;13;1;
202300008691;155665178;B01;3;14;0;2;6;2;1;
202300008692;155665175;A01;2;31;13;0;1;2;1;
202300008693;155665172;B01;1;1;0;2;1;1;5;
202300008693;155665174;A01;1;10;0;2;3;4;1;
202300008694;155665171;A01;3;10;0;1;3;26;1;
202300008695;155665168;A01;1;7;15;0;1;1;1;
202300008696;155665165;A01;1;7;2;0;1;14;1;
202300008697;155665166;A01;1;33;0;2;1;1;1;
202300008697;155665170;B01;1;7;0;2;8;10;1;
202300008698;155665164;A01;1;32;0;2;1;1;0;
202300008698;155665169;B01;3;7;0;2;8;9;0;
202300008699;155665163;A01;1;7;0;1;1;15;1;
202300008700;155665162;A01;3;7;0;2;1;13;1;
202300008700;155665167;B01;3;7;0;2;1;1;2;
202300008701;155665157;B01;1;33;0;2;1;1;1;
202300008701;155665161;A01;1;10;0;2;3;15;1;
202300008702;155665155;A01;1;2;0;2;2;1;1;
202300008702;155665159;B01;2;7;0;2;3;9;1;
202300008703;155665156;B01;2;7;0;2;4;1;1;
202300008703;155665160;A01;2;7;0;2;1;2;1;
202300008704;155665153;A01;1;33;0;2;3;13;1;
202300008704;155665158;B01;2;10;0;2;3;1;1;
202300008705;155665151;A01;1;7;0;5;1;1;0;
202300008705;155665154;B01;1;7;0;2;1;2;1;
202300008706;155665147;A01;1;2;0;2;1;13;1;
202300008706;155665150;B01;2;7;0;9;1;1;1;
202300008707;155665146;B01;1;13;0;2;3;1;1;
202300008707;155665152;A01;2;33;0;2;2;1;1;
202300008708;155665143;B01;1;7;0;2;4;1;1;
202300008708;155665148;A01;1;32;0;2;1;1;1;
202300008709;155665142;A01;1;7;0;2;1;19;1;
202300008709;155665145;B01;2;7;0;0;8;1;1;
202300008710;155665141;A01;2;33;3;2;2;13;1;
202300008710;155665144;B01;1;7;0;0;2;1;1;
202300008710;155665149;C01;1;7;0;0;2;1;1;
202300008711;155665140;A01;1;7;3;0;2;1;1;
202300008712;155665135;A01;1;80;1;0;1;0;3;
202300008713;155665136;A01;2;7;0;2;4;2;1;
202300008713;155665139;B01;2;7;0;2;1;2;1;
202300008714;155665131;B01;2;7;0;2;3;1;1;
202300008714;155665134;A01;1;2;0;2;1;15;1;
202300008715;155665128;A01;1;7;0;2;7;16;1;
202300008715;155665133;B01;1;1;0;2;4;1;5;
202300008716;155665130;A01;2;7;2;0;0;1;1;
202300008717;155665126;D01;3;7;0;2;4;0;1;
202300008717;155665129;A01;3;7;0;2;1;2;1;
202300008717;155665132;B01;3;7;0;2;4;2;1;
202300008717;155665137;C01;3;7;0;2;4;2;1;
202300008718;155665125;B01;2;7;0;2;1;1;1;
202300008718;155665127;A01;2;7;0;2;4;1;1;
202300008719;155665121;A01;2;7;2;0;1;0;1;
202300008720;155665120;B01;2;13;0;2;5;15;1;
202300008720;155665123;A01;1;33;0;2;1;1;1;
202300008721;155665118;A01;1;7;0;2;2;1;1;
202300008721;155665124;B01;1;7;17;2;3;15;1;
202300008722;155665115;A01;2;7;15;0;1;5;1;
202300008723;155665116;A01;1;7;3;0;3;1;1;
202300008724;155665114;A01;1;7;0;2;2;1;1;
202300008724;155665117;B01;2;50;0;2;1;19;3;
202300008725;155665110;A01;0;33;16;0;0;1;1;
202300008726;155665111;A01;2;7;0;2;2;15;1;
202300008726;155665113;B01;1;33;0;2;1;1;1;
202300008727;155665107;C01;0;10;0;2;8;24;6;
202300008727;155665109;B01;1;37;0;2;1;1;1;1.0
202300008727;155665112;A01;2;7;1;0;9;1;6;
202300008728;155665102;B01;3;50;0;2;0;0;3;
202300008728;155665105;A01;0;33;0;2;1;0;1;
202300008729;155665101;A01;2;33;0;2;5;1;1;
202300008729;155665106;B01;1;7;0;2;1;15;1;
202300008730;155665099;A01;2;7;0;2;4;1;1;
202300008730;155665104;B01;2;7;0;2;4;2;1;
202300008730;155665108;C01;2;7;0;2;1;2;1;
202300008731;155665098;A01;3;33;13;0;1;21;1;
202300008731;155665100;B01;3;0;0;2;1;17;0;
202300008732;155665097;A01;1;13;0;2;1;2;1;
202300008732;155665103;B01;1;7;0;0;4;2;1;
202300008733;155665092;A01;3;60;0;0;0;0;5;
202300008734;155665093;A01;1;33;13;0;2;1;1;
202300008735;155665095;B01;1;7;0;2;1;1;1;
202300008735;155665096;A01;1;10;0;2;7;1;1;
202300008736;155665088;B01;0;2;0;0;0;0;1;
202300008736;155665094;A01;0;7;0;2;3;13;1;
202300008737;155665089;A01;1;7;0;2;1;13;1;
202300008737;155665091;B01;2;7;0;2;1;1;1;
202300008738;155665087;A01;1;7;2;0;2;1;1;
202300008739;155665086;A01;2;21;13;0;0;1;1;
202300008740;155665081;A01;2;7;2;0;1;13;1;
202300008741;155665082;A01;0;7;0;2;1;1;1;
202300008741;155665084;B01;0;7;0;2;7;15;1;
202300008742;155665080;A01;2;7;0;1;6;4;1;
202300008743;155665075;A01;2;33;13;0;1;1;1;
202300008744;155665076;A01;3;7;0;2;2;15;1;