Num_Acc;id_vehicule;num_veh;senc;catv;obs;obsm;choc;manv;motor;occutc
202300008744;155665079;B01;3;33;0;2;1;1;1;
202300008745;155665070;A01;3;33;12;0;2;1;1;
202300008746;155665069;A01;1;10;12;0;4;26;3;
202300008747;155665071;A01;0;7;0;2;3;9;1;
202300008747;155665073;B01;0;2;0;2;1;1;1;
202300008748;155665066;A01;2;7;14;0;0;26;1;
202300008749;155665067;A01;1;33;0;2;7;3;1;
202300008749;155665072;B01;1;7;0;0;6;1;1;
202300008749;155665074;C01;1;10;0;0;8;1;1;
202300008749;155665078;D01;1;7;0;0;5;1;1;
202300008749;155665085;E01;1;7;0;0;2;1;1;
202300008749;155665090;F01;1;7;0;0;6;1;1;
202300008750;155665065;A01;2;7;0;2;7;15;0;
202300008750;155665068;B01;1;7;0;2;3;1;0;
202300008751;155665064;A01;0;1;0;0;0;1;5;
202300008752;155665054;A01;2;7;0;2;1;1;1;
202300008752;155665060;B01;2;31;0;2;4;23;1;
202300008753;155665058;A01;1;33;0;2;1;2;1;
202300008753;155665063;B01;1;7;0;0;4;15;1;
202300008754;155665055;A01;2;33;0;2;1;1;1;
202300008754;155665059;B01;1;7;0;2;5;11;1;
202300008755;155665053;B01;2;2;0;2;2;17;1;
202300008755;155665061;A01;1;7;0;2;8;15;1;
202300008756;155665051;A01;2;7;0;2;1;2;0;
202300008756;155665057;B01;2;7;0;2;2;2;0;
202300008756;155665062;C01;2;7;0;2;4;2;0;
202300008757;155665052;B01;2;10;0;2;8;23;1;
202300008757;155665056;A01;2;33;0;2;8;2;1;
202300008758;155665048;A01;2;10;6;0;3;0;0;
202300008759;155665043;A01;3;7;15;2;2;5;1;
202300008759;155665047;B01;0;7;0;2;6;15;1;
202300008760;155665042;A01;1;7;0;2;8;11;1;
202300008760;155665046;B01;1;32;0;2;2;1;1;
202300008761;155665045;B01;0;10;0;2;1;1;1;
202300008761;155665050;A01;0;10;0;2;4;19;1;
202300008762;155665044;A01;1;33;0;2;1;0;1;
202300008762;155665049;B01;1;7;0;2;5;11;1;
202300008763;155665038;A01;1;31;0;2;1;1;1;
202300008763;155665040;B01;2;7;0;2;7;15;1;
202300008764;155665039;B01;1;7;0;2;7;1;1;
202300008764;155665041;A01;2;7;0;2;1;16;1;
202300008765;155665036;A01;2;7;2;0;1;14;1;
202300008766;155665035;A01;1;7;0;1;1;1;1;
202300008767;155665034;A01;3;40;0;1;1;1;3;
202300008768;155665030;A01;1;7;0;2;3;10;1;
202300008768;155665032;B01;1;32;0;2;7;17;1;
202300008769;155665029;A01;1;7;0;1;1;9;3;
202300008770;155665031;A01;1;7;4;2;3;5;1;
202300008770;155665033;B01;2;7;3;2;3;1;1;
202300008770;155665037;C01;2;7;3;2;3;1;1;
202300008771;155665027;B01;2;1;0;2;1;1;5;
202300008771;155665028;A01;1;7;0;2;2;16;1;
202300008772;155665025;A01;1;7;6;0;1;1;1;
202300008773;155665021;B01;2;1;0;2;7;1;5;
202300008773;155665024;A01;1;7;0;2;1;9;1;
202300008774;155665018;C01;2;7;0;2;4;23;1;
202300008774;155665022;B01;2;7;0;2;4;23;1;
202300008774;155665026;A01;2;7;0;2;1;1;1;
202300008775;155665020;A01;2;33;0;2;2;21;1;
202300008775;155665023;B01;2;7;0;2;6;1;1;
202300008776;155665015;A01;1;7;6;0;1;0;0;
202300008777;155665016;A01;0;7;0;2;1;26;1;
202300008777;155665019;B01;3;7;0;2;1;1;1;
202300008778;155665014;A01;1;31;0;2;7;21;1;
202300008778;155665017;B01;2;10;0;2;3;15;1;
202300008779;155665012;A01;2;3;0;2;4;1;1;
202300008780;155665008;A01;1;10;0;2;2;2;1;
202300008780;155665011;B01;1;17;0;2;6;2;1;
202300008781;155665009;B01;1;32;0;2;2;17;1;
202300008781;155665013;A01;1;7;0;2;3;16;1;
202300008782;155665003;B01;1;7;0;2;2;10;0;
202300008782;155665007;A01;1;31;0;2;1;1;1;
202300008783;155665001;A01;1;10;0;2;6;13;0;
202300008783;155665005;B01;1;33;0;2;1;1;0;
202300008784;155665002;A01;1;31;0;2;7;3;1;
202300008784;155665006;B01;1;7;0;2;8;1;0;
202300008784;155665010;C01;1;7;0;2;7;1;1;
202300008785;155664999;A01;2;33;0;2;1;17;0;
202300008785;155665004;B01;1;7;0;2;3;26;1;
202300008786;155664997;A01;2;15;0;2;7;16;1;
202300008786;155665000;B01;2;1;0;2;3;23;5;
202300008787;155664996;A01;1;7;0;2;8;15;1;
202300008787;155664998;B01;2;2;0;2;1;1;1;
202300008788;155664991;A01;2;7;0;2;6;11;1;
202300008788;155664995;B01;2;34;0;2;2;3;1;
202300008789;155664989;A01;1;7;0;2;3;1;1;
202300008789;155664993;B01;2;50;0;2;1;5;3;
202300008790;155664988;A01;1;7;0;9;3;15;1;
202300008790;155664994;B01;1;1;0;2;1;0;5;
202300008791;155664986;A01;2;7;0;2;3;11;1;
202300008791;155664992;B01;2;31;0;2;4;1;1;
202300008792;155664984;B01;3;33;0;2;1;1;1;
202300008792;155664987;A01;1;7;0;2;2;15;1;
202300008793;155664983;A01;1;2;0;1;1;1;1;
202300008794;155664980;B01;1;7;0;2;4;1;1;
202300008794;155664982;C01;1;7;0;2;5;1;1;
202300008794;155664985;A01;1;7;0;2;1;1;1;
202300008795;155664979;A01;1;37;0;1;1;1;3;1.0
202300008796;155664978;A01;1;7;0;2;1;1;1;
202300008796;155664981;B01;2;7;0;2;8;15;1;
202300008797;155664975;A01;1;1;0;2;1;15;5;
202300008797;155664977;B01;2;7;0;9;3;1;1;
202300008798;155664973;A01;1;7;1;0;1;14;1;
202300008799;155664972;B01;1;7;0;2;2;1;1;
202300008799;155664974;A01;1;33;0;2;8;3;1;
202300008800;155664971;Z01;3;7;0;1;0;1;0;
202300008801;155664970;A01;0;7;0;1;4;20;0;
202300008802;155664967;A01;1;33;0;2;1;2;0;
202300008802;155664969;B01;1;7;0;0;7;16;1;
202300008803;155664966;A01;2;33;0;2;1;2;1;
202300008803;155664968;B01;2;7;0;2;4;2;1;
202300008804;155664964;A01;1;7;0;1;1;15;1;
202300008805;155664963;A01;2;30;8;0;3;26;1;
202300008806;155664961;A01;3;7;0;2;3;1;2;
202300008806;155664965;B01;3;7;0;2;1;0;1;
202300008807;155664960;A01;2;7;1;0;1;1;1;
202300008808;155664958;A01;3;7;0;1;1;1;1;
202300008809;155664957;A01;3;33;2;1;1;26;1;
202300008810;155664956;C01;1;1;0;2;4;2;5;
202300008810;155664959;A01;1;7;0;2;2;2;1;
202300008810;155664962;B01;1;1;0;2;4;2;5;
202300008811;155664949;A01;1;3;0;2;1;0;1;
202300008811;155664954;B01;1;1;0;2;4;1;5;
202300008812;155664946;B01;2;33;0;2;1;3;1;
202300008812;155664950;C01;2;10;0;2;5;1;1;
202300008812;155664955;A01;2;33;0;2;1;3;1;
202300008813;155664948;A01;2;7;0;2;5;10;1;
202300008813;155664951;B01;1;43;0;2;1;1;1;
202300008814;155664943;B01;1;38;0;2;3;1;1;52.0
202300008814;155664990;A01;2;7;0;2;1;16;1;
202300008815;155664938;A01;2;14;3;0;7;14;1;
202300008816;155664937;A01;1;1;0;2;1;1;5;
202300008816;155664941;B01;2;7;0;2;6;1;1;
202300008817;155664935;A01;2;7;0;2;1;17;1;
202300008817;155664940;B01;1;7;0;2;1;1;2;
202300008818;155664936;B01;3;7;0;2;1;1;1;
202300008818;155664942;A01;2;10;0;2;1;1;1;
202300008819;155664934;A01;3;7;0;1;2;1;1;
202300008820;155664933;B01;1;7;0;2;8;15;1;
202300008820;155664939;A01;1;33;0;2;1;17;1;
202300008821;155664931;A01;1;36;13;0;3;26;1;
202300008822;155664925;B01;2;7;0;2;3;15;0;
202300008822;155664930;A01;2;30;0;2;1;1;0;
202300008823;155664923;A01;1;33;0;2;2;1;1;
202300008823;155664929;B01;2;7;0;2;3;15;1;
202300008824;155664920;A01;2;7;0;2;1;13;1;
202300008824;155664924;B01;1;15;0;2;1;1;1;
202300008825;155664921;A01;1;33;0;2;1;3;1;
202300008825;155664926;B01;1;33;0;2;4;3;1;
202300008826;155664918;A01;1;31;0;2;0;1;1;
202300008826;155664922;B01;1;31;0;2;0;9;1;
202300008827;155664915;Z01;1;7;0;2;3;7;1;
202300008827;155664919;B01;1;7;0;2;5;16;1;
202300008828;155664916;A01;1;7;1;0;2;14;0;
202300008829;155664917;A01;3;7;0;1;1;19;1;
202300008830;155664914;A01;1;7;2;0;1;1;0;
202300008831;155664908;B01;2;7;0;2;3;1;1;
202300008831;155664912;A01;1;33;0;2;1;13;1;
202300008832;155664907;A01;1;7;2;0;1;18;1;
202300008833;155664906;A01;2;7;13;0;1;20;1;
202300008834;155664904;A01;2;34;0;2;6;17;1;
202300008834;155664909;B01;2;7;0;2;6;2;1;
202300008835;155664905;A01;2;31;0;2;3;3;1;
202300008835;155664911;C01;2;7;0;2;0;1;1;
202300008835;155664913;B01;2;10;0;2;7;14;1;
202300008836;155664903;A01;1;7;8;2;3;1;1;
202300008836;155664910;B01;2;7;0;2;3;13;1;
202300008837;155664901;A01;1;32;16;0;0;1;1;
202300008838;155664899;A01;0;2;0;2;1;1;0;
202300008838;155664902;B01;0;7;0;2;7;1;0;
202300008839;155664900;Z01;1;0;0;1;0;1;0;
202300008840;155664895;A01;1;7;0;2;4;1;1;
202300008840;155664898;B01;1;7;0;2;1;2;1;
202300008841;155664894;B01;1;33;0;2;4;2;1;
202300008841;155664897;A01;1;33;0;2;1;2;1;
202300008842;155664891;A01;3;30;0;0;0;1;1;
202300008843;155664893;A01;1;7;0;2;2;15;1;
202300008843;155664896;B01;2;2;0;2;1;1;1;
202300008844;155664890;A01;1;14;0;2;3;1;1;
202300008844;155664892;B01;2;7;0;2;3;13;1;
202300008845;155664888;A01;1;7;0;0;9;1;1;
202300008846;155664885;A01;2;36;15;0;1;26;1;
202300008847;155664880;A01;1;7;0;2;2;1;1;
202300008847;155664884;B01;2;10;0;2;2;17;1;
202300008848;155664883;A01;1;7;15;0;1;0;2;
202300008848;155664886;B01;2;7;1;0;2;0;1;
202300008849;155664882;B01;2;7;0;2;2;15;2;
202300008849;155664889;A01;1;1;0;2;2;1;5;
202300008850;155664881;A01;2;7;0;2;8;11;1;
202300008850;155664887;B01;2;32;0;2;1;3;1;
202300008851;155664876;A01;2;1;0;2;1;2;5;
202300008851;155664879;B01;2;7;0;2;5;23;1;
202300008852;155664871;A01;1;33;0;2;1;17;1;
202300008852;155664873;B01;1;7;0;2;6;1;2;
202300008852;155664878;C01;2;7;0;2;6;1;1;
202300008853;155664868;B01;3;7;0;2;8;1;1;
202300008853;155664877;A01;3;7;0;2;2;15;1;
202300008854;155664867;A01;2;10;12;2;1;26;1;
202300008854;155664872;B01;1;7;0;0;5;21;1;
202300008855;155664869;A01;2;30;0;2;3;18;1;
202300008855;155664874;B01;2;10;0;2;2;16;1;
202300008856;155664866;A01;2;7;0;2;1;2;2;
202300008856;155664870;B01;2;10;0;2;4;23;1;
202300008856;155664875;C01;2;7;0;2;1;2;1;
202300008857;155664863;A01;2;7;0;1;0;1;1;
202300008858;155664864;A01;1;7;0;2;3;1;1;
202300008858;155664865;B01;2;7;0;2;2;1;1;
202300008859;155664858;A01;1;7;3;2;3;1;3;
202300008859;155664862;B01;2;7;4;2;3;13;1;
202300008860;155664856;A01;1;7;0;2;3;1;1;
202300008860;155664861;B01;2;7;0;2;3;1;1;
202300008861;155664853;B01;1;7;0;2;3;1;1;
202300008861;155664860;A01;2;50;0;2;1;1;3;
202300008862;155664854;A01;1;31;0;2;3;1;1;
202300008862;155664857;B01;2;7;0;0;2;15;3;
202300008863;155664851;A01;2;7;0;2;2;1;6;
202300008863;155664855;B01;2;7;0;2;6;23;2;
202300008863;155664859;C01;2;7;0;2;5;23;3;
202300008864;155664850;A01;3;7;16;0;3;1;1;
202300008865;155664849;A01;3;2;0;2;4;10;1;
202300008865;155664852;B01;0;7;0;2;2;21;1;
202300008866;155664845;A01;1;7;15;0;6;9;1;
202300008866;155664846;B01;1;7;0;2;2;1;1;
202300008867;155664842;A01;2;7;2;0;1;1;1;
202300008868;155664841;A01;3;7;0;2;1;15;1;
202300008868;155664848;B01;3;7;0;2;8;1;1;
202300008869;155664843;A01;1;7;0;2;1;1;1;
202300008869;155664847;B01;2;33;0;2;7;1;1;
202300008870;155664839;A01;1;7;0;2;3;15;1;
202300008870;155664844;B01;1;32;0;2;1;17;1;
202300008871;155664836;A01;3;7;0;2;3;1;1;
202300008871;155664838;B01;0;7;0;2;6;1;1;
202300008872;155664837;A01;1;7;17;0;2;1;1;
202300008873;155664835;B01;2;33;0;2;1;1;1;
202300008873;155664840;A01;3;10;0;0;7;19;1;
202300008874;155664831;A01;1;33;5;0;0;2;1;
202300008875;155664832;A01;1;31;0;2;1;17;1;
202300008875;155664833;B01;1;7;0;2;6;15;0;
202300008876;155664829;B01;1;38;0;2;2;2;0;1.0
202300008877;155664828;A01;3;33;3;0;3;1;1;
202300008878;155664827;B01;0;7;0;2;1;1;1;
202300008878;155664834;A01;0;7;0;2;8;1;1;
202300008879;155664825;A01;1;33;13;0;8;1;1;
202300008880;155664823;C01;3;7;0;2;8;1;2;
202300008880;155664826;B01;3;50;0;2;8;15;3;
202300008880;155664830;A01;3;34;0;2;1;1;1;
202300008881;155664821;A01;3;1;0;0;8;1;5;
202300008882;155664818;A01;3;10;0;1;2;16;1;
202300008883;155664819;A01;1;7;0;9;3;1;2;
202300008883;155664824;B01;1;1;0;2;1;5;5;
202300008884;155664816;A01;1;7;10;0;2;1;1;
202300008884;155664820;B01;1;7;0;2;1;1;1;
202300008885;155664815;A01;2;33;0;6;1;1;1;
202300008886;155664814;A01;1;7;0;1;1;17;1;
202300008887;155664810;A01;1;7;0;2;3;20;1;
202300008887;155664813;B01;1;31;0;2;2;1;1;
202300008888;155664808;B01;2;7;0;2;1;1;1;
202300008888;155664812;A01;1;7;0;2;8;1;1;
202300008889;155664805;A01;3;2;0;2;1;1;1;
202300008889;155664809;B01;2;7;0;2;5;1;1;
202300008890;155664806;A01;1;7;14;1;4;4;1;
202300008890;155664811;B01;1;7;1;0;7;1;0;
202300008891;155664804;Z01;1;50;0;1;0;1;3;
202300008892;155664802;A01;2;7;0;0;3;13;1;
202300008892;155664807;B01;1;7;0;0;3;1;1;
202300008893;155664803;A01;1;10;1;0;2;1;1;
202300008894;155664800;A01;1;7;0;0;7;1;0;
202300008895;155664799;B01;2;1;0;2;2;1;5;
202300008895;155664801;A01;3;7;0;9;3;15;1;
202300008896;155664796;A01;3;7;0;2;2;20;1;
202300008896;155664798;B01;2;30;0;2;7;21;1;
202300008897;155664794;B01;1;14;0;2;1;1;1;
202300008897;155664797;A01;2;10;0;2;1;13;1;
202300008898;155664790;A01;1;7;0;2;3;5;1;
202300008898;155664793;B01;2;1;0;2;1;1;5;
202300008899;155664789;A01;0;7;0;2;1;15;1;
202300008899;155664792;B01;0;2;0;2;1;1;1;
202300008900;155664791;B01;1;7;0;2;4;26;1;
202300008900;155664795;A01;1;7;0;2;1;1;1;
202300008901;155664788;A01;0;7;0;1;1;1;1;
202300008902;155664785;A01;3;7;9;1;3;14;1;
202300008903;155664786;A01;2;7;15;0;1;13;1;
202300008904;155664783;B01;0;50;0;0;7;2;3;
202300008904;155664787;A01;2;7;0;2;3;2;1;
202300008905;155664780;A01;1;7;0;1;2;1;1;
202300008906;155664779;B01;2;32;0;2;4;23;0;
202300008906;155664782;A01;2;7;0;2;2;1;0;
202300008907;155664781;B01;1;7;0;2;3;15;1;
202300008907;155664784;A01;1;33;0;2;1;17;1;
202300008908;155664775;B01;1;33;0;2;4;2;1;
202300008908;155664778;A01;1;33;0;2;1;2;1;
202300008909;155664776;A01;2;7;0;2;2;15;1;
202300008909;155664777;B01;1;31;0;2;2;1;1;
202300008910;155664774;A01;2;7;4;0;1;1;1;
202300008911;155664773;A01;3;10;0;1;6;20;1;
202300008912;155664771;A01;2;7;0;1;3;1;2;
202300008913;155664772;A01;2;7;0;1;1;1;1;
202300008914;155664767;A01;1;33;12;2;2;17;1;
202300008914;155664769;B01;1;7;0;2;3;15;1;
202300008915;155664766;B01;3;60;0;2;4;23;5;
202300008915;155664770;A01;3;10;0;2;6;15;1;
202300008916;155664764;B01;2;7;0;2;1;9;1;
202300008916;155664768;A01;1;33;0;2;2;19;1;
202300008917;155664762;A01;3;7;0;1;1;15;1;
202300008918;155664759;B01;3;10;0;2;4;1;1;
202300008918;155664763;A01;0;7;0;2;1;1;1;
202300008919;155664757;A01;3;50;0;2;1;1;3;
202300008919;155664760;B01;3;7;0;9;8;1;1;
202300008920;155664758;A01;2;32;12;2;7;13;1;
202300008920;155664761;B01;2;10;0;2;3;15;1;
202300008921;155664755;A01;2;7;0;2;1;1;1;
202300008921;155664765;B01;3;7;0;2;7;1;1;
202300008922;155664754;A01;1;7;13;0;8;14;1;
202300008923;155664753;B01;1;7;0;2;2;0;1;
202300008923;155664756;A01;2;33;0;2;7;0;1;
202300008924;155664751;A01;3;2;0;0;0;1;1;
202300008925;155664750;A01;2;7;13;0;1;0;1;
202300008926;155664749;B01;0;13;0;2;6;13;1;
202300008926;155664752;A01;3;43;4;2;1;1;1;
202300008927;155664748;A01;1;33;12;0;2;1;1;
202300008928;155664745;A01;1;7;0;2;3;1;2;
202300008928;155664746;B01;2;7;0;2;3;1;1;
202300008929;155664744;A01;1;7;0;1;1;1;1;
202300008930;155664742;A01;1;7;8;0;2;1;1;
202300008931;155664743;A01;1;7;0;1;7;26;1;
202300008931;155664747;B01;0;7;0;0;0;0;1;
202300008932;155664738;A01;1;10;0;2;5;17;1;
202300008932;155664740;B01;1;1;0;2;8;1;5;
202300008933;155664734;A01;1;7;0;1;1;1;1;
202300008934;155664733;A01;2;7;0;1;1;15;1;
202300008934;155664739;C01;2;7;0;2;3;15;0;
202300008934;155664741;B01;2;10;0;2;6;0;1;
202300008935;155664731;A01;2;1;0;2;1;15;5;
202300008935;155664732;B01;1;33;0;2;1;1;1;
202300008936;155664730;A01;3;33;8;0;7;2;1;
202300008937;155664729;A01;1;7;0;2;4;15;1;
202300008937;155664736;B01;1;10;0;2;1;1;1;
202300008938;155664728;A01;3;7;0;2;5;1;1;
202300008938;155664735;B01;3;7;0;2;2;15;1;
202300008939;155664727;A01;1;7;0;1;1;15;1;
202300008940;155664722;B01;1;7;0;2;2;1;1;
202300008940;155664726;A01;2;7;0;2;7;15;1;
202300008941;155664721;A01;2;1;0;2;0;21;5;
202300008941;155664725;B01;2;1;0;2;2;21;5;
202300008942;155664720;A01;3;7;13;0;1;26;1;
202300008943;155664718;A01;2;7;0;2;2;1;1;
202300008943;155664724;B01;2;7;0;2;8;0;1;
202300008944;155664719;A01;1;7;0;2;1;17;1;
202300008944;155664723;B01;1;7;0;2;8;15;3;
202300008945;155664717;A01;1;7;0;1;1;2;1;
202300008946;155664715;A01;0;1;0;9;0;14;5;
202300008946;155664716;B01;0;1;0;0;0;13;5;
202300008947;155664714;A01;2;80;0;0;0;1;3;
202300008948;155664712;A01;0;32;0;1;1;0;3;
202300008949;155664711;A01;3;1;0;2;1;1;5;
202300008949;155664713;B01;3;1;0;2;0;0;5;
202300008950;155664706;B01;2;50;0;2;1;1;3;
202300008950;155664709;A01;2;7;0;2;5;16;1;
202300008951;155664704;A01;1;7;0;2;1;21;1;
202300008951;155664710;B01;2;15;0;2;1;21;1;
202300008952;155664705;B01;2;33;0;2;1;17;1;
202300008952;155664708;A01;2;10;0;2;3;10;1;
202300008953;155664699;A01;1;7;0;2;3;13;1;
202300008953;155664702;B01;2;7;0;2;3;1;1;
202300008953;155664707;C01;2;7;0;2;1;1;1;
202300008954;155664700;A01;3;7;0;2;6;15;0;
202300008954;155664703;B01;3;50;0;2;2;1;3;
202300008955;155664698;A01;3;7;0;2;1;1;1;
202300008955;155664701;B01;1;7;0;2;2;1;1;
202300008956;155664695;A01;3;7;15;0;2;1;1;
202300008957;155664693;A01;0;1;12;0;0;0;5;
202300008958;155664694;A01;2;30;0;2;1;11;1;
202300008958;155664696;B01;2;30;0;2;4;11;1;
202300008959;155664692;B01;0;7;0;2;8;15;1;
202300008959;155664697;A01;0;33;0;2;1;1;1;
202300008960;155664690;A01;3;7;0;2;2;1;1;
202300008960;155664691;B01;3;33;0;2;0;0;1;
202300008961;155664688;A01;1;7;1;0;1;0;0;
202300008962;155664687;A01;1;7;0;1;3;2;0;
202300008963;155664685;B01;1;50;0;2;1;1;3;
202300008963;155664689;A01;2;7;0;2;3;15;1;
202300008964;155664683;A01;2;7;0;2;1;1;1;
202300008964;155664686;B01;2;2;0;2;4;1;1;
202300008965;155664680;A01;3;7;0;1;1;26;1;
202300008966;155664675;A01;2;7;0;2;1;2;0;
202300008966;155664679;C01;2;7;0;2;1;2;0;
202300008966;155664682;B01;2;7;0;2;4;1;0;
202300008967;155664676;B01;2;33;0;2;1;1;1;
202300008967;155664681;A01;2;7;0;2;3;19;1;
202300008968;155664674;A01;0;7;2;0;1;26;1;
202300008969;155664673;A01;3;7;0;2;2;2;2;
202300008969;155664678;B01;3;1;0;2;3;2;5;
202300008970;155664670;A01;2;43;4;0;7;14;1;
202300008971;155664671;A01;1;7;0;2;2;2;1;
202300008971;155664677;B01;2;7;0;2;4;2;1;
202300008972;155664668;A01;1;2;0;0;0;1;1;
202300008973;155664672;A01;3;31;0;0;0;0;1;
202300008974;155664667;A01;2;7;1;0;3;1;1;
202300008975;155664660;A01;2;10;0;2;3;13;1;
202300008975;155664664;B01;1;33;0;2;1;1;1;
202300008976;155664662;A01;1;30;0;1;2;9;1;
202300008977;155664658;A01;2;7;0;2;1;0;1;
202300008977;155664663;B01;2;7;0;2;4;2;1;
202300008978;155664657;A01;1;7;0;2;1;2;1;
202300008978;155664661;B01;1;10;0;2;1;2;1;
202300008978;155664665;C01;1;10;0;2;3;2;1;
202300008978;155664666;D01;1;7;0;2;4;2;1;
202300008979;155664656;A01;1;31;0;2;1;1;3;
202300008980;155664655;A01;3;1;0;2;1;16;5;
202300008980;155664659;B01;3;1;0;2;8;1;5;
202300008981;155664654;A01;2;7;2;0;1;1;1;
202300008982;155664653;A01;1;32;14;0;1;1;1;
202300008983;155664652;A01;2;7;6;0;1;1;1;
202300008984;155664650;A01;1;7;0;2;1;1;1;
202300008984;155664651;B01;1;7;0;2;4;23;0;
202300008985;155664646;A01;1;7;0;2;3;9;1;
202300008985;155664649;B01;1;2;0;2;1;1;1;
202300008986;155664645;A01;1;15;0;2;8;1;0;
202300008986;155664647;B01;2;33;0;2;3;1;0;
202300008987;155664643;A01;3;7;0;1;1;2;0;
202300008988;155664644;B01;2;7;0;2;3;15;1;
202300008988;155664648;A01;2;30;0;2;1;1;1;
202300008989;155664641;A01;2;10;0;2;1;1;1;
202300008989;155664642;B01;2;7;0;2;4;23;1;
202300008990;155664639;A01;2;33;2;0;0;2;1;
202300008991;155664638;A01;2;33;0;2;1;18;1;
202300008991;155664640;B01;2;10;0;0;0;0;0;
202300008992;155664637;A01;3;43;4;0;8;1;1;
202300008993;155664636;A01;1;7;0;1;3;19;1;
202300008994;155664634;A01;1;33;4;2;8;3;1;
202300008994;155664635;B01;1;7;4;2;7;14;1;
202300008995;155664631;A01;1;33;0;2;1;2;1;
202300008995;155664633;B01;1;10;0;0;4;2;1;
202300008996;155664632;A01;2;7;0;1;1;1;1;
202300008997;155664628;A01;0;3;0;1;1;1;0;
202300008998;155664625;A01;2;7;0;2;1;2;1;
202300008998;155664626;B01;2;7;0;2;4;2;1;
202300008998;155664630;C01;2;7;0;2;4;2;1;
202300008999;155664624;A01;2;7;0;2;1;2;1;
202300008999;155664627;B01;2;7;0;2;4;2;1;
202300008999;155664629;C01;2;7;0;2;6;0;1;
202300009000;155664623;A01;1;7;13;0;3;14;1;
202300009001;155664622;A01;1;7;0;1;1;-1;-1;
202300009002;155664616;A01;1;7;0;2;7;12;1;
202300009002;155664620;B01;1;33;3;2;8;1;1;
202300009003;155664617;A01;1;31;0;1;1;1;1;
202300009004;155664618;A01;2;31;0;0;7;1;1;
202300009005;155664619;A01;2;32;0;2;1;1;1;
202300009005;155664621;B01;1;7;0;2;2;10;1;
202300009006;155664614;A01;2;15;14;0;3;1;1;
202300009007;155664613;A01;1;7;0;2;0;15;1;
202300009007;155664615;B01;1;33;0;2;1;1;1;
202300009008;155664612;A01;1;7;0;1;1;1;1;
202300009009;155664608;A01;1;33;0;2;1;16;1;
202300009009;155664611;B01;1;7;0;2;1;15;1;
202300009010;155664610;A01;2;7;0;0;9;1;1;
202300009011;155664609;A01;1;7;0;1;2;1;1;
202300009012;155664606;B01;1;50;0;2;1;26;3;
202300009012;155664607;A01;1;7;0;2;2;1;1;
202300009013;155664603;A01;1;7;0;2;4;1;1;
202300009013;155664605;B01;1;32;0;2;1;2;1;
202300009014;155664600;A01;1;33;0;2;3;21;1;
202300009014;155664602;B01;1;7;0;0;5;2;1;
202300009015;155664599;B01;1;7;0;2;6;11;1;
202300009015;155664604;A01;1;32;0;2;1;3;1;
202300009016;155664598;A01;3;13;0;1;2;16;1;
202300009017;155664595;A01;1;7;2;0;2;1;1;
202300009018;155664591;B01;2;1;0;2;0;1;5;
202300009018;155664596;A01;3;7;0;2;1;16;1;
202300009019;155664590;B01;3;7;0;2;1;1;1;
202300009019;155664593;A01;3;7;0;2;1;13;1;
202300009020;155664587;D01;2;10;0;2;5;1;1;
202300009020;155664589;A01;2;33;0;2;1;2;1;
202300009020;155664592;B01;2;32;0;2;1;2;1;
202300009020;155664594;C01;2;34;0;2;4;2;1;
202300009021;155664583;B01;2;7;0;2;0;0;1;
202300009021;155664585;A01;1;7;0;2;2;17;0;
202300009022;155664582;B01;1;7;0;2;3;15;1;
202300009022;155664584;A01;1;10;0;2;2;1;1;
202300009023;155664581;B01;2;7;0;2;2;1;0;
202300009023;155664586;A01;2;7;0;9;0;5;0;
202300009023;155664588;C01;2;7;3;2;9;1;0;
202300009024;155664579;A01;1;7;1;0;8;1;1;
202300009025;155664577;B01;3;7;1;0;4;0;0;
202300009025;155664580;A01;3;37;0;2;1;2;0;1.0
202300009026;155664576;A01;2;43;0;2;1;2;1;
202300009026;155664578;B01;0;7;0;2;4;2;1;
202300009027;155664573;A01;1;7;14;0;1;6;1;
202300009028;155664572;A01;0;7;0;2;3;13;1;
202300009028;155664575;B01;0;7;0;2;3;1;1;
202300009029;155664571;A01;2;32;0;2;1;0;1;
202300009029;155664574;B01;1;7;0;2;2;26;1;
202300009030;155664570;A01;1;33;6;0;1;1;1;
202300009031;155664566;B01;2;7;1;0;1;2;1;
202300009031;155664568;A01;2;7;0;0;4;23;1;
202300009032;155664567;A01;2;7;0;2;1;15;1;
202300009032;155664569;B01;1;30;0;2;1;1;1;
202300009033;155664562;A01;3;10;0;1;5;4;1;
202300009034;155664561;D01;2;7;0;2;2;1;1;
202300009034;155664563;A01;1;31;0;2;1;13;1;
202300009034;155664564;B01;2;7;0;2;8;1;1;
202300009034;155664565;C01;2;7;0;2;8;1;1;
202300009035;155664558;A01;0;7;0;2;1;16;1;
202300009035;155664560;B01;1;7;0;2;2;1;1;
202300009036;155664556;A01;2;7;0;2;1;13;0;
202300009036;155664559;B01;1;30;0;2;1;1;0;
202300009037;155664555;A01;0;32;0;2;4;23;0;
202300009037;155664557;B01;0;7;0;2;1;1;0;
202300009038;155664552;B01;2;2;0;2;1;1;1;
202300009038;155664554;A01;1;7;0;2;7;15;1;
202300009039;155664551;B01;1;1;0;2;1;1;5;
202300009039;155664553;A01;2;7;0;9;3;15;1;
202300009040;155664550;A01;2;33;0;1;1;1;1;