Num_Acc;id_vehicule;num_veh;senc;catv;obs;obsm;choc;manv;motor;occutc
202300009041;155664547;B01;1;7;0;2;4;15;0;
202300009041;155664549;A01;1;7;0;2;1;2;1;
202300009042;155664546;A01;1;15;8;0;1;1;1;
202300009043;155664545;A01;0;36;0;0;2;1;1;
202300009044;155664544;A01;2;7;2;0;1;1;1;
202300009045;155664543;A01;2;7;0;1;2;1;1;
202300009046;155664542;A01;2;31;0;0;8;1;6;
202300009047;155664540;A01;0;7;0;2;1;1;0;
202300009047;155664541;B01;0;7;0;2;6;1;0;
202300009048;155664536;C01;2;7;0;0;3;1;1;
202300009048;155664537;A01;2;7;0;0;2;15;1;
202300009048;155664539;B01;1;7;0;0;1;1;1;
202300009049;155664535;A01;1;33;3;2;7;17;1;
202300009049;155664538;B01;1;7;0;2;8;1;1;
202300009050;155664533;A01;1;7;0;2;2;10;1;
202300009050;155664534;B01;2;2;0;2;9;1;1;
202300009051;155664530;A01;1;2;0;2;2;2;1;
202300009051;155664531;B01;1;7;0;2;3;1;1;
202300009052;155664528;A01;2;7;0;2;4;4;1;
202300009052;155664532;B01;1;7;0;2;1;2;1;
202300009053;155664527;A01;3;7;0;2;3;15;1;
202300009053;155664529;B01;3;2;0;2;1;17;1;
202300009054;155664526;A01;3;7;0;1;5;1;0;
202300009055;155664523;B01;2;7;0;0;4;2;1;
202300009055;155664525;A01;2;7;0;2;2;1;1;
202300009056;155664520;A01;2;7;0;2;2;5;1;
202300009056;155664522;B01;2;1;0;2;3;1;5;
202300009057;155664521;B01;1;7;0;2;0;15;1;
202300009057;155664524;A01;2;7;0;2;1;1;1;
202300009058;155664516;A01;1;7;2;0;0;1;1;
202300009059;155664514;B01;3;7;0;2;7;1;1;
202300009059;155664517;A01;3;7;0;2;2;1;1;
202300009060;155664515;A01;2;38;13;2;1;19;1;1.0
202300009060;155664518;B01;2;7;13;2;8;1;1;
202300009061;155664510;A01;2;7;0;0;8;9;0;
202300009061;155664512;B01;2;7;0;2;1;1;0;
202300009062;155664509;A01;2;1;0;2;1;1;5;
202300009062;155664511;B01;1;10;0;2;7;15;1;
202300009063;155664506;A01;2;15;4;0;2;1;1;
202300009063;155664507;B01;2;10;3;0;8;23;1;
202300009064;155664504;B01;2;7;0;2;1;1;1;
202300009064;155664508;A01;3;7;0;2;7;19;1;
202300009064;155664513;C01;2;7;0;2;8;23;1;
202300009065;155664505;A01;-1;2;0;0;4;26;1;
202300009066;155664501;A01;2;7;8;0;3;1;1;
202300009067;155664502;A01;1;1;0;0;1;2;5;
202300009068;155664500;A01;3;7;6;2;1;1;2;
202300009068;155664503;B01;1;7;0;2;1;1;1;
202300009069;155664497;A01;3;1;0;2;3;13;5;
202300009069;155664499;B01;3;2;0;2;3;1;3;
202300009070;155664496;B01;3;1;0;2;7;1;5;
202300009070;155664498;A01;3;7;0;2;3;9;1;
202300009071;155664494;A01;1;7;0;2;1;2;1;
202300009071;155664495;B01;1;7;4;0;4;2;1;
202300009072;155664490;B01;2;7;0;2;0;0;1;
202300009072;155664492;A01;2;33;0;2;0;0;1;
202300009073;155664487;B01;1;7;0;2;4;23;1;
202300009073;155664488;A01;1;1;0;2;1;1;5;
202300009074;155664491;A01;2;7;0;2;7;2;1;
202300009074;155664493;B01;2;1;0;2;8;2;5;
202300009075;155664486;A01;1;7;3;0;2;12;1;
202300009076;155664485;A01;1;7;9;2;1;13;2;
202300009077;155664484;A01;1;7;14;0;1;1;1;
202300009078;155664481;A01;2;7;1;0;1;1;1;
202300009078;155664482;B01;2;7;0;2;4;23;1;
202300009078;155664483;C01;2;7;0;2;2;1;1;
202300009079;155664480;A01;1;7;0;1;1;19;4;
202300009080;155664478;B01;2;7;0;2;3;1;1;
202300009080;155664479;A01;1;7;0;2;3;1;1;
202300009081;155664476;A01;2;7;13;0;1;0;1;
202300009082;155664475;B01;1;31;0;2;8;1;1;
202300009082;155664477;A01;2;7;0;2;1;1;1;
202300009083;155664474;A01;2;7;6;0;1;15;1;
202300009084;155664473;A01;1;7;4;0;3;1;1;
202300009085;155664471;A01;3;37;0;1;1;1;1;1.0
202300009086;155664472;A01;2;7;6;0;1;1;1;
202300009087;155664468;A01;3;7;16;0;9;6;1;
202300009088;155664467;A01;1;7;0;0;8;10;1;
202300009088;155664470;B01;1;2;0;2;8;17;1;
202300009089;155664466;B01;3;7;0;2;6;1;1;
202300009089;155664469;A01;1;10;0;2;1;19;1;
202300009090;155664465;A01;1;10;13;0;1;1;1;
202300009091;155664463;B01;2;10;0;0;4;2;1;
202300009091;155664464;A01;2;2;0;2;1;2;1;
202300009092;155664461;A01;3;2;13;0;0;0;1;
202300009093;155664460;A01;2;7;0;2;1;5;1;
202300009093;155664462;B01;1;13;0;2;1;1;1;
202300009094;155664459;A01;2;7;0;1;2;1;1;
202300009095;155664457;A01;2;7;16;0;1;14;0;
202300009096;155664456;B01;3;1;1;2;8;1;5;
202300009096;155664458;A01;3;7;0;0;5;24;1;
202300009097;155664455;A01;1;0;7;0;0;2;1;
202300009098;155664454;A01;1;1;1;0;6;2;5;
202300009099;155664453;A01;2;7;0;1;4;4;0;
202300009100;155664451;A01;2;33;13;0;1;1;1;
202300009101;155664452;A01;2;2;0;1;1;3;1;
202300009102;155664450;A01;1;7;0;1;3;0;1;
202300009103;155664446;A01;2;7;0;2;1;1;1;
202300009103;155664448;B01;1;1;0;2;1;13;5;
202300009104;155664447;A01;1;7;0;9;7;2;1;
202300009104;155664449;B01;1;1;0;2;8;1;5;
202300009105;155664444;B01;3;7;0;2;2;1;1;
202300009105;155664445;A01;3;10;14;0;6;26;1;
202300009106;155664442;A01;2;7;0;1;2;1;1;
202300009107;155664441;A01;2;7;0;2;4;4;1;
202300009107;155664443;B01;1;1;0;2;8;19;5;
202300009108;155664438;A01;2;2;0;2;2;5;1;
202300009108;155664440;B01;1;7;0;2;3;1;1;
202300009109;155664436;A01;3;7;0;0;5;15;1;
202300009109;155664439;B01;3;33;0;0;7;1;1;
202300009110;155664435;A01;2;10;0;2;3;15;1;
202300009110;155664437;B01;2;2;0;2;7;1;1;
202300009111;155664433;A01;2;7;4;0;3;1;1;
202300009112;155664434;A01;1;7;0;1;1;1;1;
202300009113;155664431;A01;3;7;0;2;1;13;1;
202300009113;155664432;B01;3;7;0;2;1;1;1;
202300009114;155664430;A01;1;33;8;0;7;1;0;
202300009115;155664429;A01;1;33;0;0;8;2;1;
202300009116;155664428;A01;2;7;13;0;1;17;1;
202300009117;155664426;A01;2;7;2;0;1;1;1;
202300009118;155664423;A01;0;21;0;2;3;0;1;
202300009118;155664425;B01;0;33;0;2;1;0;1;
202300009119;155664424;A01;0;33;0;2;1;0;1;
202300009119;155664427;B01;0;10;0;2;3;15;1;
202300009120;155664422;A01;2;7;0;0;0;1;1;
202300009121;155664419;A01;2;7;0;2;2;16;1;
202300009121;155664421;B01;2;1;0;2;8;1;5;
202300009122;155664418;B01;1;10;0;0;5;0;0;
202300009122;155664420;A01;2;1;0;0;1;0;5;
202300009123;155664417;A01;2;7;13;0;1;1;3;
202300009124;155664413;A01;1;7;5;0;1;13;1;
202300009125;155664412;A01;2;7;0;2;6;9;1;
202300009125;155664415;B01;2;7;0;2;2;1;1;
202300009126;155664410;A01;1;33;6;0;1;17;1;
202300009127;155664411;B01;1;7;0;2;1;1;1;
202300009127;155664414;C01;2;7;0;2;3;23;1;
202300009127;155664416;A01;1;7;0;2;2;19;2;
202300009128;155664409;A01;3;7;6;0;1;16;1;
202300009129;155664405;A01;1;7;5;2;3;5;1;
202300009129;155664407;B01;1;7;0;2;3;1;1;
202300009130;155664402;B01;1;37;0;2;5;15;1;1.0
202300009130;155664404;A01;2;10;0;2;1;0;1;
202300009131;155664401;A01;2;7;0;2;1;1;1;
202300009131;155664403;B01;2;13;0;2;4;1;1;
202300009131;155664406;C01;1;7;0;2;4;21;1;
202300009131;155664408;D01;1;7;0;2;1;1;1;
202300009132;155664398;B01;2;7;0;0;1;5;0;
202300009132;155664400;A01;1;7;0;0;1;2;0;
202300009133;155664396;A01;1;7;0;2;1;5;1;
202300009133;155664399;B01;2;7;0;2;3;1;1;
202300009134;155664395;A01;1;7;0;2;3;15;1;
202300009134;155664397;B01;1;32;0;2;2;17;3;
202300009135;155664393;A01;3;33;2;0;1;1;1;
202300009136;155664391;A01;2;7;15;0;1;0;0;
202300009137;155664390;B01;2;7;0;2;1;1;1;
202300009137;155664392;C01;2;14;0;2;1;1;1;
202300009137;155664394;A01;2;7;0;2;4;1;1;
202300009138;155664389;A01;1;7;0;1;1;15;1;
202300009139;155664387;A01;1;31;16;0;8;15;1;
202300009140;155664386;A01;1;7;13;0;2;1;2;
202300009141;155664385;B01;2;10;1;1;3;1;1;
202300009141;155664388;A01;1;7;0;2;8;24;1;
202300009142;155664384;A01;1;33;4;0;2;2;1;
202300009143;155664383;A01;3;7;0;1;1;1;0;
202300009144;155664380;A01;1;7;0;1;2;2;1;
202300009145;155664378;A01;2;7;0;0;0;1;0;
202300009146;155664377;C01;1;7;4;2;2;2;1;
202300009146;155664379;D01;1;7;4;2;5;2;1;
202300009146;155664381;A01;1;7;4;2;3;13;1;
202300009146;155664382;B01;1;7;4;2;6;2;1;
202300009147;155664375;A01;3;2;9;0;1;26;1;
202300009148;155664372;B01;2;7;0;2;2;12;1;
202300009148;155664374;A01;2;33;0;2;3;1;1;
202300009149;155664373;A01;2;33;0;2;1;17;1;
202300009149;155664376;B01;1;10;0;2;1;1;1;
202300009150;155664371;A01;1;7;13;0;3;13;1;
202300009151;155664367;A01;1;2;0;2;1;15;1;
202300009151;155664369;B01;2;7;0;2;1;1;1;
202300009152;155664364;A01;1;33;0;2;8;1;1;
202300009152;155664366;B01;2;0;0;2;8;13;0;
202300009153;155664361;A01;2;7;0;2;7;1;1;
202300009153;155664363;B01;1;13;0;2;1;1;1;
202300009154;155664360;A01;2;36;6;0;2;1;1;
202300009155;155664357;A01;3;7;15;0;9;2;1;
202300009156;155664355;A01;2;1;0;2;8;13;5;
202300009156;155664356;B01;1;33;0;0;1;1;1;
202300009157;155664352;B01;1;7;0;2;1;1;1;
202300009157;155664353;A01;1;50;0;2;4;1;3;
202300009158;155664351;A01;2;7;10;2;2;18;1;
202300009158;155664354;B01;2;7;0;2;1;2;1;
202300009158;155664358;C01;2;7;9;2;6;2;1;
202300009158;155664359;D01;1;7;0;2;8;1;1;
202300009158;155664362;E01;1;7;0;2;0;1;1;
202300009159;155664349;A01;3;31;0;2;1;1;1;
202300009159;155664350;B01;3;33;0;0;8;10;3;
202300009160;155664345;A01;1;7;0;1;2;14;1;
202300009161;155664344;Z01;1;1;0;2;1;1;5;
202300009161;155664347;A01;1;7;0;2;3;15;1;
202300009161;155664348;Y01;1;1;0;2;1;1;5;
202300009162;155664343;A01;1;33;3;2;7;2;1;
202300009162;155664346;B01;1;7;3;0;1;1;1;
202300009163;155664340;A01;1;7;8;0;1;0;1;
202300009164;155664339;A01;1;7;0;2;1;15;1;
202300009164;155664341;B01;2;33;0;2;8;1;1;
202300009165;155664334;B01;1;33;0;2;1;1;1;
202300009165;155664337;A01;1;7;0;2;3;15;1;
202300009166;155664335;A01;2;33;0;0;0;1;1;
202300009167;155664328;A01;2;10;0;2;1;1;1;
202300009167;155664331;B01;2;50;0;2;4;2;3;
202300009168;155664326;A01;1;10;0;2;5;23;1;
202300009168;155664332;B01;1;0;1;0;2;9;0;
202300009169;155664329;B01;1;31;0;2;1;1;1;
202300009169;155664330;A01;2;10;0;2;7;15;1;
202300009169;155664333;C01;2;10;0;2;1;1;1;
202300009170;155664325;A01;3;7;0;2;3;15;1;
202300009170;155664327;B01;1;1;0;2;1;26;5;
202300009171;155664321;A01;1;7;0;2;3;9;1;
202300009171;155664324;B01;1;33;0;0;5;1;1;
202300009172;155664320;A01;2;7;0;2;1;2;1;
202300009172;155664323;B01;2;7;0;2;4;1;1;
202300009173;155664318;A01;1;2;0;2;0;1;0;
202300009173;155664322;B01;1;7;0;2;0;0;1;
202300009174;155664317;A01;2;7;0;2;3;1;1;
202300009174;155664319;B01;1;50;0;2;6;1;3;
202300009175;155664315;A01;2;7;3;0;1;12;1;
202300009176;155664313;B01;3;7;0;2;6;1;1;
202300009176;155664316;A01;3;1;0;2;1;1;5;
202300009177;155664312;A01;1;7;0;2;4;1;1;
202300009177;155664314;B01;1;2;0;2;1;1;1;
202300009178;155664310;A01;1;7;3;0;1;13;1;
202300009179;155664308;B01;3;7;0;2;4;1;1;
202300009179;155664311;A01;3;7;0;2;1;2;1;
202300009180;155664307;A01;1;7;4;2;1;2;1;
202300009180;155664309;B01;1;15;0;2;6;1;1;
202300009181;155664305;A01;1;7;0;2;1;26;1;
202300009181;155664306;B01;1;31;0;2;4;1;1;
202300009182;155664303;A01;1;7;4;0;3;13;1;
202300009183;155664300;A01;2;33;13;0;7;1;1;
202300009183;155664302;B01;2;33;0;2;1;1;1;
202300009184;155664301;B01;2;50;0;2;2;1;3;
202300009184;155664304;A01;1;7;0;2;3;9;1;
202300009185;155664298;A01;1;41;0;0;1;1;1;
202300009185;155664299;B01;1;7;0;0;2;11;1;
202300009186;155664296;A01;1;7;0;2;1;2;1;
202300009186;155664297;B01;1;10;0;2;4;2;1;
202300009187;155664295;A01;3;2;0;1;1;1;1;
202300009188;155664292;A01;2;1;0;2;1;1;5;
202300009188;155664294;B01;2;7;0;2;8;1;1;
202300009189;155664291;A01;3;7;0;0;1;9;6;
202300009189;155664293;B01;3;50;0;2;0;15;3;
202300009190;155664288;B01;1;7;0;0;3;13;1;
202300009190;155664290;A01;2;7;0;0;3;1;1;
202300009191;155664287;A01;1;7;0;2;1;2;1;
202300009191;155664289;B01;1;7;0;2;4;23;1;
202300009192;155664285;A01;1;7;0;1;2;15;1;
202300009193;155664284;A01;2;33;7;0;2;1;1;
202300009194;155664286;A01;1;7;0;1;1;1;1;
202300009195;155664283;A01;1;7;4;0;3;13;1;
202300009196;155664281;A01;2;2;17;0;1;1;1;
202300009197;155664279;A01;2;7;4;2;2;1;1;
202300009198;155664278;A01;2;7;0;2;2;15;1;
202300009198;155664282;B01;1;1;0;2;1;1;5;
202300009199;155664277;B01;3;30;0;2;8;2;1;
202300009199;155664280;A01;0;30;0;9;0;1;1;
202300009200;155664276;A01;1;2;0;0;2;1;1;
202300009201;155664273;A01;1;7;0;2;4;1;1;
202300009201;155664275;Z01;1;0;0;2;0;0;0;
202300009202;155664271;A01;3;7;8;0;1;15;1;
202300009203;155664270;B01;2;17;0;2;4;1;1;
202300009203;155664274;A01;2;10;0;2;1;1;1;
202300009204;155664265;C01;3;7;0;2;3;23;1;
202300009204;155664268;A01;3;7;0;2;3;1;1;
202300009204;155664269;B01;3;7;0;2;6;23;1;
202300009204;155664272;D01;3;7;0;2;3;1;1;
202300009205;155664263;A01;1;7;0;1;2;9;1;
202300009206;155664262;A01;1;7;0;2;1;2;1;
202300009206;155664267;B01;1;7;0;2;4;2;1;
202300009207;155664261;A01;3;7;0;2;1;1;1;
202300009207;155664264;C01;3;7;0;2;7;1;1;
202300009207;155664266;B01;3;33;0;2;4;1;1;
202300009208;155664259;A01;2;1;0;2;3;13;5;
202300009208;155664260;B01;1;33;0;9;3;1;1;
202300009209;155664256;PA01;2;30;0;0;7;1;1;
202300009210;155664255;A01;1;43;0;2;1;3;1;
202300009210;155664258;B01;1;7;0;2;7;12;1;
202300009211;155664254;A01;2;33;4;0;3;17;1;
202300009212;155664253;A01;2;7;8;1;2;14;1;
202300009213;155664248;A01;2;7;7;2;2;1;2;
202300009213;155664252;B01;2;34;0;2;1;1;1;
202300009214;155664249;A01;3;7;0;1;1;1;0;
202300009215;155664247;A01;1;33;0;2;1;3;1;
202300009215;155664250;B01;1;10;0;2;4;12;1;
202300009215;155664251;C01;1;7;0;2;5;23;1;
202300009216;155664246;A01;0;7;0;0;6;0;1;
202300009217;155664243;A01;1;7;0;1;4;4;1;
202300009218;155664241;A01;3;7;0;2;2;15;1;
202300009218;155664245;B01;0;7;0;2;1;1;1;
202300009219;155664240;A01;1;7;0;2;5;12;1;
202300009219;155664244;B01;1;33;0;2;1;1;1;
202300009220;155664239;A01;1;50;0;2;3;19;3;
202300009220;155664242;B01;1;7;0;2;2;1;1;
202300009221;155664238;A01;1;7;8;0;1;1;1;
202300009222;155664233;A01;2;7;0;1;1;1;1;
202300009223;155664232;A01;2;14;0;2;8;11;1;
202300009223;155664234;B01;2;33;0;2;7;3;1;
202300009223;155664236;C01;2;7;0;2;2;1;1;
202300009224;155664230;A01;1;7;0;2;3;1;1;
202300009224;155664235;B01;2;7;0;2;8;6;1;
202300009224;155664237;C01;2;7;0;2;2;23;1;
202300009225;155664228;A01;1;7;0;1;1;0;1;
202300009226;155664229;B01;1;7;0;2;3;21;1;
202300009226;155664231;A01;1;43;0;2;4;2;1;
202300009227;155664225;A01;3;37;0;1;2;16;1;1.0
202300009228;155664226;Z01;1;7;0;2;1;15;1;
202300009228;155664227;A01;1;1;0;2;1;26;5;
202300009229;155664222;A01;2;7;0;2;1;1;1;
202300009229;155664223;B01;1;7;0;2;3;1;1;
202300009230;155664221;A01;2;33;12;0;1;1;1;
202300009231;155664220;B01;1;30;0;2;1;17;1;
202300009231;155664224;A01;1;7;0;2;8;16;1;
202300009232;155664219;A01;1;7;0;1;2;1;1;
202300009233;155664218;A01;2;1;0;0;1;1;5;
202300009234;155664213;B01;3;1;0;2;7;9;5;
202300009234;155664217;A01;2;7;0;2;3;16;1;
202300009235;155664211;B01;1;1;0;2;6;1;5;
202300009235;155664215;A01;1;1;0;2;2;1;5;
202300009236;155664210;Z01;3;7;0;2;1;2;0;
202300009236;155664214;B01;2;30;0;2;4;2;1;
202300009237;155664209;A01;0;7;0;1;1;1;3;
202300009238;155664207;A01;2;2;0;2;1;1;1;
202300009238;155664208;B01;1;7;0;2;3;9;1;
202300009239;155664205;A01;1;7;13;0;9;14;1;
202300009240;155664204;A01;3;7;16;0;0;0;1;
202300009240;155664206;B01;3;7;0;2;3;1;1;
202300009241;155664203;A01;1;7;0;1;3;1;1;
202300009242;155664200;B01;1;60;0;2;8;1;5;
202300009242;155664202;A01;1;7;0;2;1;15;1;
202300009243;155664199;A01;3;31;8;0;2;21;1;
202300009244;155664198;B01;2;33;0;2;1;1;1;
202300009244;155664201;A01;2;7;0;2;8;10;1;
202300009245;155664190;D01;3;7;0;2;4;2;1;
202300009245;155664193;C01;3;7;0;2;4;2;1;
202300009245;155664196;B01;3;7;0;2;4;2;1;
202300009245;155664197;A01;3;7;0;2;1;2;1;
202300009246;155664189;A01;1;33;0;2;7;23;1;
202300009246;155664192;C01;1;1;0;0;3;19;5;
202300009246;155664195;B01;1;33;0;2;8;21;1;
202300009247;155664187;A01;1;2;8;0;2;2;1;
202300009248;155664186;A01;2;7;13;2;1;6;1;
202300009249;155664185;A01;2;7;0;2;2;26;1;
202300009249;155664188;B01;2;7;0;2;6;0;1;
202300009250;155664182;B01;3;1;0;2;4;1;5;
202300009250;155664184;A01;3;7;0;2;2;1;1;
202300009251;155664180;A01;1;7;15;0;4;20;1;
202300009252;155664181;A01;0;7;0;2;2;1;1;
202300009252;155664183;B01;0;7;0;2;3;1;1;
202300009253;155664179;A01;3;7;17;0;1;14;1;
202300009254;155664178;A01;2;7;4;0;1;26;1;
202300009255;155664177;A01;1;7;0;1;1;1;1;
202300009256;155664176;A01;0;7;6;0;1;1;1;
202300009257;155664170;C01;1;7;0;2;4;23;1;
202300009257;155664173;B01;1;7;0;2;4;1;1;
202300009257;155664175;A01;1;7;0;2;1;2;0;
202300009258;155664171;B01;1;7;0;2;2;1;1;
202300009258;155664172;A01;1;2;0;2;8;9;1;
202300009259;155664169;B01;1;7;0;9;3;9;1;
202300009259;155664174;A01;2;1;0;2;0;0;5;
202300009260;155664168;A01;1;7;1;0;3;1;1;
202300009261;155664167;A01;1;33;0;6;1;1;1;
202300009262;155664161;A01;1;7;0;2;2;15;1;
202300009262;155664163;B01;2;33;0;2;3;1;1;
202300009263;155664159;B01;3;7;0;2;4;2;1;
202300009263;155664162;C01;3;7;0;2;4;2;1;
202300009263;155664164;A01;3;7;0;2;1;2;1;
202300009264;155664157;A01;2;31;1;2;1;23;1;
202300009265;155664156;E01;2;7;0;2;4;2;0;
202300009265;155664158;D01;2;7;0;2;4;2;1;
202300009265;155664160;B01;2;7;0;2;4;0;1;
202300009265;155664165;A01;2;7;0;2;2;11;1;
202300009265;155664166;F01;2;7;0;2;4;2;1;
202300009266;155664154;A01;2;7;0;2;8;19;1;
202300009266;155664155;B01;2;32;0;2;2;1;1;
202300009267;155664153;A01;3;2;0;0;0;1;1;
202300009268;155664152;A01;1;1;0;1;8;19;5;
202300009269;155664150;A01;2;7;0;2;1;15;1;
202300009269;155664151;B01;2;33;0;0;0;0;1;
202300009270;155664147;A01;1;33;0;1;0;13;1;
202300009271;155664145;A01;1;7;2;0;2;1;1;
202300009272;155664144;B01;2;2;0;2;4;1;1;
202300009272;155664146;C01;2;7;0;2;4;23;1;
202300009272;155664148;D01;2;7;0;2;1;23;1;
202300009272;155664149;A01;2;7;0;2;1;2;1;
202300009273;155664143;A01;3;50;12;0;0;0;3;
202300009274;155664141;A01;1;10;0;1;3;1;1;
202300009275;155664140;A01;3;50;0;2;1;17;3;
202300009275;155664142;B01;3;7;0;2;3;15;3;
202300009276;155664138;B01;2;50;0;2;4;2;3;
202300009276;155664139;A01;2;33;0;2;1;2;1;
202300009277;155664136;B01;1;7;1;0;4;24;1;
202300009277;155664137;A01;1;7;1;0;1;1;1;
202300009278;155664134;B01;3;7;0;2;3;15;1;
202300009278;155664135;A01;3;30;0;2;2;5;1;
202300009279;155664133;A01;1;7;0;1;3;14;1;
202300009280;155664131;A01;3;7;0;9;2;16;1;
202300009280;155664132;B01;3;1;0;2;1;15;5;
202300009281;155664130;B01;1;31;0;2;1;21;1;
202300009282;155664128;A01;2;15;6;0;6;23;1;
202300009282;155664129;B01;2;7;0;2;5;17;1;
202300009283;155664125;B01;3;33;0;2;3;1;1;
202300009283;155664126;A01;1;32;0;2;1;26;1;
202300009284;155664122;A01;1;33;0;2;2;1;1;
202300009284;155664123;B01;2;7;0;2;3;19;1;
202300009285;155664119;A01;1;7;8;0;4;1;1;
202300009285;155664120;B01;1;15;0;2;1;1;1;
202300009285;155664121;C01;1;7;0;2;3;26;1;
202300009286;155664117;A01;1;32;0;2;1;26;1;
202300009286;155664118;B01;2;7;0;2;3;26;1;
202300009287;155664115;A01;2;33;0;2;3;17;1;
202300009287;155664116;B01;2;32;0;2;8;15;1;
202300009288;155664113;B01;1;7;0;2;3;1;1;
202300009288;155664114;A01;2;7;0;2;3;13;1;
202300009289;155664111;B01;3;33;0;2;0;0;0;
202300009289;155664112;A01;3;7;0;2;0;9;0;
202300009290;155664109;B01;2;33;0;2;1;1;1;
202300009290;155664110;A01;1;7;0;2;1;15;1;
202300009291;155664107;A01;1;33;0;2;7;3;1;
202300009291;155664108;B01;1;7;0;2;3;11;1;
202300009292;155664104;C01;2;7;0;2;1;1;1;
202300009292;155664105;A01;2;33;0;2;9;12;1;
202300009292;155664106;B01;2;33;0;2;4;3;1;
202300009293;155664102;A01;1;33;3;2;3;18;1;
202300009293;155664103;B01;1;7;0;2;2;16;2;
202300009294;155664101;A01;2;80;0;1;1;1;3;
202300009295;155664100;A01;2;7;0;1;2;1;1;
202300009296;155664099;A01;1;7;1;0;9;14;1;
202300009297;155664097;A01;1;1;16;2;1;25;5;
202300009297;155664098;B01;1;7;0;2;7;16;1;
202300009298;155664095;A01;3;32;0;2;1;17;1;
202300009298;155664096;B01;3;30;0;2;1;1;3;
202300009299;155664093;A01;2;31;0;2;3;2;1;
202300009299;155664094;B01;1;1;0;2;2;19;5;
202300009300;155664092;A01;2;7;1;0;3;1;1;
202300009301;155664090;B01;3;50;0;2;1;1;3;
202300009301;155664091;A01;3;14;0;2;7;16;1;
202300009302;155664088;A01;3;7;0;2;0;13;1;
202300009302;155664089;B01;3;33;0;2;1;1;1;
202300009303;155664086;A01;1;80;0;2;1;15;3;
202300009303;155664087;B01;2;80;0;2;1;1;3;
202300009304;155664084;A01;1;2;0;1;1;1;3;
202300009304;155664085;B01;2;7;0;0;3;1;1;
202300009305;155664082;B01;2;34;0;2;8;1;1;
202300009305;155664083;A01;2;10;0;2;7;9;1;
202300009306;155664081;A01;1;7;0;1;1;16;1;
202300009307;155664080;A01;2;7;0;1;8;1;1;
202300009308;155664078;B01;2;50;0;2;8;11;3;
202300009308;155664079;A01;2;10;0;2;1;1;1;
202300009309;155664077;A01;1;30;0;1;1;1;1;
202300009310;155664075;Y01;3;1;0;2;8;19;5;
202300009310;155664076;A01;2;34;14;2;1;1;1;
202300009311;155664073;A01;3;7;0;2;1;9;1;
202300009311;155664074;B01;1;2;0;2;7;1;1;
202300009312;155664071;A01;1;7;1;2;2;14;1;
202300009312;155664072;B01;1;50;1;2;1;0;3;
202300009313;155664070;A01;1;7;0;1;1;0;1;
202300009314;155664068;B01;3;1;0;2;8;19;5;
202300009314;155664069;A01;1;7;0;2;8;1;3;
202300009315;155664066;A01;0;7;0;2;1;1;0;
202300009315;155664067;B01;0;34;0;2;3;21;0;
202300009316;155664064;B01;0;7;0;2;3;0;1;
202300009316;155664065;A01;3;34;0;2;7;5;1;
202300009317;155664062;A01;1;3;1;9;3;2;1;
202300009317;155664063;B01;1;99;1;2;1;2;0;
202300009318;155664060;A01;2;7;0;2;1;10;1;
202300009318;155664061;B01;1;34;0;2;9;1;1;
202300009319;155664059;A01;1;3;0;1;2;1;1;
202300009320;155664057;A01;1;32;0;2;2;17;1;
202300009320;155664058;B01;1;7;0;2;6;1;1;
202300009321;155664056;A01;0;1;15;0;0;26;5;
202300009322;155664054;B01;2;10;0;0;0;0;1;
202300009322;155664055;A01;2;30;0;2;0;0;1;
202300009323;155664052;B01;1;10;0;0;6;15;1;
202300009323;155664053;A01;1;34;0;2;1;17;1;
202300009324;155664051;A01;2;10;0;1;1;1;1;
202300009325;155664050;A01;3;1;0;0;0;25;5;
202300009326;155664049;A01;2;34;0;0;1;21;1;
202300009327;155664047;A01;1;7;0;2;1;2;1;
202300009327;155664048;B01;1;7;0;2;4;2;2;
202300009328;155664045;A01;3;7;0;2;1;2;1;
202300009328;155664046;B01;3;30;0;2;4;2;1;
202300009329;155664043;B01;3;33;0;2;1;13;1;
202300009329;155664044;A01;3;7;0;2;3;1;1;
202300009330;155664041;B01;1;50;0;2;2;2;3;
202300009330;155664042;A01;2;7;14;2;1;26;1;
202300009331;155664039;B01;3;33;0;2;8;1;1;
202300009331;155664040;A01;3;7;0;2;2;26;1;
202300009332;155664035;B01;1;7;0;2;4;2;1;
202300009332;155664036;C01;1;7;0;2;4;2;1;
202300009332;155664037;D01;1;7;0;2;4;2;1;
202300009332;155664038;A01;1;7;0;2;1;2;1;
202300009333;155664034;A01;1;7;2;0;3;1;1;
202300009334;155664032;A01;2;7;0;2;1;5;1;
202300009334;155664033;B01;1;10;0;2;1;17;1;
202300009335;155664031;A01;1;7;1;0;1;14;1;
202300009336;155664029;B01;1;7;0;2;1;1;1;
202300009336;155664030;A01;3;2;0;2;7;19;1;
202300009337;155664027;A01;0;7;0;2;1;5;1;
202300009337;155664028;B01;0;7;0;0;2;1;1;
202300009338;155664024;A01;1;7;0;2;1;5;1;
202300009338;155664025;B01;2;7;0;2;1;1;1;
202300009338;155664026;C01;1;7;0;2;1;1;1;
202300009339;155664023;A01;2;7;0;1;8;2;0;
202300009340;155664022;A01;1;17;4;0;9;1;1;
202300009341;155664020;A01;3;7;0;2;7;14;0;
202300009341;155664021;B01;3;1;0;2;3;21;5;
202300009342;155664017;C01;2;14;0;2;6;15;1;