Num_Acc;id_vehicule;num_veh;senc;catv;obs;obsm;choc;manv;motor;occutc
202300009342;155664018;A01;2;7;0;2;3;21;1;
202300009342;155664019;B01;1;7;0;2;3;1;1;
202300009343;155664016;A01;1;7;0;0;0;1;1;
202300009344;155664015;A01;3;7;0;1;2;1;1;
202300009345;155664014;A01;1;10;2;0;8;1;1;
202300009346;155664013;A01;2;32;12;0;2;1;1;
202300009347;155664012;A01;3;2;0;0;3;1;1;
202300009348;155664010;A01;2;7;0;2;1;13;1;
202300009348;155664011;B01;1;15;0;2;3;1;1;
202300009349;155664008;A01;2;7;0;2;2;9;1;
202300009349;155664009;B01;2;2;0;2;4;1;1;
202300009350;155664007;A01;1;10;0;1;2;1;1;
202300009351;155664005;A01;1;7;0;2;3;13;1;
202300009351;155664006;B01;2;7;0;2;3;1;1;
202300009352;155664003;A01;1;7;0;2;7;5;1;
202300009352;155664004;B01;2;7;0;2;7;1;1;
202300009353;155664001;A01;1;10;0;2;2;21;1;
202300009353;155664002;B01;2;7;0;2;2;1;1;
202300009354;155663999;A01;2;10;0;2;1;1;1;
202300009354;155664000;B01;2;17;0;0;4;1;1;
202300009355;155663997;A01;2;7;0;2;3;13;1;
202300009355;155663998;B01;1;7;0;2;2;0;1;
202300009356;155663994;A01;3;7;0;2;1;1;1;
202300009356;155663995;B01;2;7;12;2;7;0;1;
202300009357;155663992;A01;1;31;0;2;1;2;1;
202300009357;155663993;B01;1;10;0;0;4;2;1;
202300009358;155663990;B01;1;17;0;0;4;2;1;
202300009358;155663991;A01;1;7;0;2;1;2;1;
202300009359;155663988;A01;2;38;0;2;3;1;1;1.0
202300009359;155663989;B01;1;32;0;2;3;3;1;
202300009360;155663986;A01;2;17;0;2;2;1;1;
202300009360;155663987;B01;2;7;4;2;8;21;1;
202300009361;155663983;B01;0;2;0;2;8;19;1;
202300009361;155663984;A01;2;7;0;2;2;1;1;
202300009362;155663981;A01;1;7;0;2;2;1;1;
202300009362;155663982;B01;1;2;0;2;0;10;0;
202300009363;155663978;A01;1;7;0;9;2;1;3;
202300009363;155663979;B01;1;1;0;9;4;1;5;
202300009363;155663980;C01;1;1;0;0;4;1;5;
202300009364;155663976;A01;2;7;0;2;4;16;1;
202300009364;155663977;B01;2;7;0;2;1;1;1;
202300009365;155663975;A01;3;7;1;0;1;1;1;
202300009366;155663974;A01;1;33;2;0;1;2;1;
202300009367;155663971;B01;0;7;0;0;4;2;1;
202300009367;155663972;A01;3;7;0;0;4;2;1;
202300009367;155663973;C01;0;7;0;2;1;2;1;
202300009368;155663969;B01;1;7;0;2;8;2;1;
202300009368;155663970;A01;1;80;0;2;1;1;3;
202300009369;155663967;A01;2;7;0;2;3;9;1;
202300009369;155663968;B01;2;1;0;2;1;26;5;
202300009370;155663966;A01;2;7;0;1;1;1;1;
202300009371;155663965;A01;2;7;14;0;1;1;1;
202300009372;155663963;A01;1;7;0;2;3;15;1;
202300009372;155663964;B01;1;31;0;2;1;13;1;
202300009373;155663961;A01;2;7;0;2;1;1;0;
202300009373;155663962;B01;2;17;0;0;5;1;0;
202300009374;155663960;A01;1;43;14;0;1;17;1;
202300009375;155663957;B01;0;33;0;2;4;2;1;
202300009375;155663958;C01;0;7;0;2;1;2;1;
202300009375;155663959;A01;0;7;0;2;1;2;1;
202300009376;155663954;A01;1;17;0;2;2;12;1;
202300009376;155663955;B01;1;7;0;2;3;1;1;
202300009376;155663956;C01;1;34;0;2;1;1;1;
202300009377;155663952;A01;2;7;0;2;8;13;1;
202300009377;155663953;B01;2;33;4;2;2;3;1;
202300009378;155663951;A01;1;7;0;2;3;21;1;
202300009379;155663949;A01;2;33;0;2;1;3;1;
202300009379;155663950;B01;2;10;0;2;6;11;1;
202300009380;155663947;A01;1;7;0;2;1;13;1;
202300009380;155663948;B01;1;7;0;2;4;1;1;
202300009381;155663946;A01;1;7;3;0;0;0;1;
202300009382;155663945;A01;1;7;13;0;7;1;1;
202300009383;155663944;A01;1;7;8;0;1;1;1;
202300009384;155663943;A01;1;7;0;1;1;1;1;
202300009385;155663942;A01;1;7;0;1;1;19;1;
202300009386;155663940;A01;1;7;15;2;1;1;1;
202300009386;155663941;B01;1;7;0;2;3;1;1;
202300009387;155663938;A01;1;7;0;2;3;11;1;
202300009387;155663939;Z01;1;7;0;2;3;0;1;
202300009388;155663936;A01;2;50;0;2;1;15;3;
202300009388;155663937;B01;2;7;0;9;2;1;1;
202300009389;155663933;B01;1;7;0;2;3;19;1;
202300009389;155663934;A01;1;7;0;2;0;26;1;
202300009389;155663935;C01;1;7;1;2;4;23;1;
202300009390;155663932;Z01;0;0;0;1;0;0;-1;
202300009391;155663929;A01;1;7;0;2;1;23;1;
202300009391;155663930;B01;1;10;0;2;1;2;1;
202300009391;155663931;C01;1;10;0;2;4;2;1;
202300009392;155663928;A01;2;7;0;1;5;26;1;
202300009393;155663926;B01;2;37;0;2;2;1;3;8.0
202300009393;155663927;A01;1;7;0;2;3;19;1;
202300009394;155663924;A01;1;43;0;2;1;1;1;
202300009394;155663925;B01;1;7;0;2;5;9;1;
202300009395;155663922;A01;0;10;0;2;8;13;1;
202300009395;155663923;B01;3;7;0;2;6;0;1;
202300009396;155663920;A01;1;10;1;2;4;20;6;
202300009396;155663921;B01;1;10;0;2;1;2;6;
202300009397;155663919;A01;2;10;0;1;2;1;6;
202300009398;155663918;A01;2;7;0;1;1;1;1;
202300009399;155663917;A01;1;50;0;0;0;1;3;
202300009400;155663915;A01;3;7;0;2;8;9;2;
202300009400;155663916;B01;3;32;0;2;1;26;1;
202300009401;155663912;A01;1;7;0;2;3;1;1;
202300009401;155663913;B01;1;7;0;2;5;15;1;
202300009402;155663910;A01;1;7;0;2;2;2;1;
202300009402;155663911;B01;1;33;0;2;5;16;1;
202300009403;155663908;B01;2;33;0;2;7;16;1;
202300009403;155663909;A01;2;2;0;2;8;18;1;
202300009404;155663906;A01;0;10;0;2;3;13;1;
202300009404;155663907;B01;0;15;0;2;8;1;1;
202300009405;155663904;A01;2;7;0;2;3;9;1;
202300009405;155663905;B01;2;1;0;2;7;26;5;
202300009406;155663902;A01;1;7;0;2;3;9;1;
202300009406;155663903;B01;1;50;0;2;2;0;3;
202300009407;155663901;A01;3;7;13;0;9;1;1;
202300009408;155663900;A01;1;7;0;2;2;1;1;
202300009409;155663898;B01;2;34;0;2;1;1;1;
202300009409;155663899;A01;1;7;0;2;3;15;1;
202300009410;155663897;A01;1;7;0;1;1;1;1;
202300009411;155663895;B01;2;33;0;2;0;0;1;
202300009411;155663896;A01;3;10;0;2;2;19;1;
202300009412;155663893;B01;2;80;0;2;5;1;3;
202300009412;155663894;Z01;2;7;0;9;5;16;0;
202300009413;155663891;B01;3;1;0;2;2;1;5;
202300009413;155663892;A01;3;7;0;2;3;9;2;
202300009414;155663889;A01;1;10;0;2;1;9;1;
202300009414;155663890;B01;3;32;0;2;7;1;1;
202300009415;155663886;A01;3;37;0;2;3;19;1;3.0
202300009415;155663887;B01;1;7;0;2;1;1;1;
202300009416;155663884;A01;1;7;0;2;1;15;1;
202300009416;155663885;B01;1;33;0;2;1;1;1;
202300009417;155663882;A01;1;10;0;2;1;1;3;
202300009417;155663883;B01;2;30;0;2;1;1;0;
202300009418;155663881;A01;1;7;0;1;3;9;1;
202300009419;155663880;A01;2;7;9;0;1;1;1;
202300009420;155663878;A01;2;7;0;2;3;9;1;
202300009420;155663879;B01;1;1;0;2;1;1;5;
202300009421;155663876;B01;3;7;0;2;4;2;1;
202300009421;155663877;A01;3;7;0;2;1;2;0;
202300009422;155663874;B01;1;7;0;2;4;1;1;
202300009422;155663875;A01;1;3;0;2;1;2;1;
202300009423;155663873;A01;1;7;1;0;2;1;1;
202300009424;155663872;A01;1;1;0;1;1;19;5;
202300009425;155663870;A01;3;7;0;2;1;1;1;
202300009425;155663871;B01;3;33;0;2;3;1;1;
202300009426;155663868;A01;2;33;0;2;8;18;1;
202300009426;155663869;B01;2;1;0;2;7;2;5;
202300009427;155663866;A01;0;7;0;2;1;1;1;
202300009427;155663867;B01;0;1;0;2;1;0;5;
202300009428;155663865;A01;1;7;13;0;1;26;1;
202300009429;155663863;B01;1;33;0;2;1;1;1;
202300009429;155663864;A01;2;7;0;2;3;15;1;
202300009430;155663862;A01;1;7;2;0;9;1;1;
202300009431;155663860;B01;1;7;0;2;4;0;1;
202300009431;155663861;A01;1;10;0;2;1;2;1;
202300009432;155663858;A01;2;30;0;2;1;17;1;
202300009432;155663859;B01;2;7;0;2;3;15;1;
202300009433;155663857;A01;2;7;2;0;1;2;1;
202300009434;155663855;A01;1;13;0;2;3;15;1;
202300009434;155663856;B01;1;2;0;2;2;17;3;
202300009435;155663852;C01;2;7;0;2;4;2;1;
202300009435;155663853;A01;2;10;0;2;2;2;1;
202300009435;155663854;B01;2;7;0;2;4;2;1;
202300009436;155663851;A01;3;2;0;0;7;1;1;
202300009437;155663850;A01;1;7;2;0;1;13;1;
202300009438;155663848;A01;1;30;0;2;5;1;1;
202300009438;155663849;Z01;1;7;0;2;5;17;0;
202300009439;155663846;B01;0;2;0;2;7;1;1;
202300009439;155663847;A01;2;14;0;2;3;9;0;
202300009440;155663845;A01;1;10;0;1;1;2;1;
202300009441;155663843;A01;2;3;0;2;7;16;1;
202300009441;155663844;B01;1;37;0;2;1;1;1;1.0
202300009442;155663841;A01;3;7;0;2;1;1;0;
202300009442;155663842;B01;3;7;0;2;8;19;0;
202300009443;155663840;A01;3;2;0;0;6;1;1;
202300009444;155663838;A01;1;7;0;2;2;15;1;
202300009444;155663839;B01;2;30;0;2;1;1;1;
202300009445;155663837;A01;1;7;0;1;2;1;1;
202300009446;155663835;A01;1;31;0;2;8;3;1;
202300009446;155663836;Z01;0;7;0;2;7;12;0;
202300009447;155663833;B01;3;7;0;2;1;1;1;
202300009447;155663834;A01;3;10;0;2;1;15;1;
202300009448;155663831;B01;2;33;0;2;1;1;1;
202300009448;155663832;A01;1;7;0;2;2;13;1;
202300009449;155663830;A01;3;7;0;0;0;1;6;
202300009450;155663828;B01;2;7;0;2;1;1;1;
202300009450;155663829;A01;1;7;0;2;1;13;1;
202300009451;155663827;A01;2;33;6;0;0;1;1;
202300009452;155663826;A01;2;7;6;0;1;1;0;
202300009453;155663824;A01;1;2;1;0;1;14;1;
202300009453;155663825;B01;1;7;0;2;2;24;1;
202300009454;155663822;A01;1;1;0;0;6;1;5;
202300009454;155663823;B01;3;3;0;0;3;19;1;
202300009455;155663821;A01;0;32;0;0;0;0;1;
202300009456;155663820;A01;2;7;17;0;2;1;1;
202300009457;155663819;A01;1;10;8;0;1;14;1;
202300009458;155663816;B01;2;7;0;1;3;23;1;
202300009458;155663817;C01;1;7;0;1;6;23;1;
202300009458;155663818;A01;2;7;1;2;2;1;1;
202300009459;155663814;B01;1;7;0;2;3;1;1;
202300009459;155663815;A01;2;7;0;2;3;1;1;
202300009460;155663812;A01;2;7;3;2;3;13;1;
202300009460;155663813;B01;1;7;10;2;3;1;1;
202300009461;155663811;A01;1;7;3;0;1;1;1;
202300009462;155663808;A01;2;7;0;2;2;21;1;
202300009462;155663809;B01;2;7;0;2;6;2;1;
202300009462;155663810;C01;2;7;0;0;4;2;1;
202300009463;155663806;A01;2;10;0;2;1;1;1;
202300009463;155663807;B01;1;2;0;2;7;15;1;
202300009464;155663805;A01;2;7;0;0;9;1;1;
202300009465;155663803;A01;2;15;0;2;7;15;1;
202300009465;155663804;B01;1;2;0;2;1;1;1;
202300009466;155663802;A01;2;33;9;0;1;6;1;
202300009467;155663800;A01;1;31;0;2;1;13;1;
202300009467;155663801;B01;2;33;0;2;1;1;1;
202300009468;155663799;A01;2;33;0;9;0;1;1;
202300009469;155663797;A01;3;7;0;2;9;15;1;
202300009469;155663798;B01;3;7;0;2;1;1;1;
202300009470;155663795;B01;1;15;0;2;1;1;1;
202300009470;155663796;A01;0;33;0;2;8;9;1;
202300009471;155663793;A01;1;7;0;2;3;15;1;
202300009471;155663794;B01;2;33;0;0;6;15;1;
202300009472;155663792;A01;1;7;7;0;1;2;1;
202300009473;155663790;A01;1;33;6;2;1;21;1;
202300009473;155663791;B01;1;7;0;0;5;23;1;
202300009474;155663787;C01;1;7;0;2;8;1;1;
202300009474;155663788;B01;1;7;0;2;3;1;1;
202300009474;155663789;A01;2;7;0;2;3;13;1;
202300009475;155663785;B01;3;7;0;2;8;1;0;
202300009475;155663786;A01;1;1;0;0;8;1;5;
202300009476;155663784;A01;2;7;13;0;1;1;1;
202300009477;155663782;A01;1;7;0;2;1;15;1;
202300009477;155663783;B01;1;7;0;2;8;1;2;
202300009478;155663780;A01;3;7;0;2;1;13;1;
202300009478;155663781;B01;3;7;0;2;1;1;1;
202300009479;155663776;A01;2;7;0;2;4;1;1;
202300009479;155663777;B01;2;7;1;0;4;1;1;
202300009479;155663778;C01;2;7;0;2;4;1;1;
202300009479;155663779;D01;2;7;0;2;1;1;1;
202300009480;155663775;B01;2;7;0;1;2;26;1;
202300009481;155663774;A01;0;7;0;0;0;0;1;
202300009482;155663773;A01;2;7;16;0;1;14;1;
202300009483;155663771;B01;1;7;0;2;4;1;1;
202300009483;155663772;A01;1;7;0;2;1;1;1;
202300009484;155663769;A01;1;7;0;2;7;17;1;
202300009484;155663770;B01;1;7;0;2;2;2;1;
202300009485;155663767;A01;1;7;0;2;6;2;1;
202300009485;155663768;B01;2;33;0;2;5;2;1;
202300009486;155663765;A01;2;7;0;2;7;12;1;
202300009486;155663766;B01;2;31;0;2;1;1;1;
202300009487;155663761;A01;2;7;0;2;1;2;1;
202300009487;155663762;B01;2;7;0;2;4;2;1;
202300009487;155663763;C01;2;7;0;2;4;2;1;
202300009487;155663764;D01;2;7;0;2;4;2;1;
202300009488;155663759;A01;1;10;4;0;3;12;1;
202300009488;155663760;B01;1;7;1;0;8;21;1;
202300009489;155663758;A01;2;7;4;0;1;21;1;
202300009490;155663757;A01;0;1;1;0;1;14;5;
202300009491;155663756;A01;2;99;0;1;6;0;0;
202300009492;155663754;A01;3;32;0;2;1;1;1;
202300009492;155663755;B01;3;7;0;2;3;11;1;
202300009493;155663752;A01;3;7;0;9;2;1;1;
202300009493;155663753;B01;0;80;0;2;8;15;3;
202300009494;155663749;B01;2;7;0;2;4;23;1;
202300009494;155663750;A01;2;10;0;2;1;1;1;
202300009494;155663751;C01;2;7;0;2;4;23;1;
202300009495;155663748;A01;1;7;0;1;1;0;1;
202300009496;155663746;A01;2;7;0;2;4;1;1;
202300009496;155663747;B01;2;7;0;2;4;2;1;
202300009497;155663744;A01;2;7;0;2;1;1;1;
202300009497;155663745;B01;2;7;0;2;4;15;1;
202300009498;155663742;B01;3;2;0;2;1;1;1;
202300009498;155663743;A01;1;7;0;2;3;1;1;
202300009499;155663740;A01;1;7;0;2;1;1;1;
202300009499;155663741;B01;1;10;0;2;4;23;1;
202300009500;155663738;A01;2;7;3;2;6;2;1;
202300009500;155663739;B01;2;7;3;0;0;0;1;
202300009501;155663736;A01;1;1;0;2;1;21;5;
202300009501;155663737;B01;2;2;0;2;1;1;1;
202300009502;155663732;B01;1;7;0;2;2;19;1;
202300009502;155663733;A01;2;10;0;2;5;19;1;
202300009503;155663730;B01;1;32;0;2;1;13;1;
202300009503;155663731;A01;1;7;0;2;1;1;1;
202300009504;155663727;A01;1;7;0;0;1;14;1;
202300009505;155663725;B01;1;34;0;2;1;1;1;
202300009505;155663726;A01;3;7;0;2;3;15;1;
202300009506;155663723;A01;1;7;0;2;1;15;1;
202300009506;155663724;B01;2;30;0;2;1;1;1;
202300009507;155663721;B01;1;7;0;2;5;1;1;
202300009507;155663722;A01;2;7;0;2;3;1;1;
202300009508;155663719;B01;1;7;0;2;4;2;1;
202300009508;155663720;A01;1;7;0;2;1;0;1;
202300009509;155663713;B01;2;7;0;2;6;23;1;
202300009509;155663714;A01;2;33;1;0;1;1;1;
202300009510;155663710;B01;3;7;0;2;1;1;1;
202300009510;155663711;A01;3;7;0;2;8;15;1;
202300009510;155663712;C01;3;7;0;2;0;23;1;
202300009511;155663709;A01;2;7;0;1;1;15;1;
202300009512;155663708;A01;3;7;14;0;8;26;1;
202300009513;155663707;A01;3;1;0;1;1;1;5;
202300009514;155663705;B01;3;7;0;2;8;1;1;
202300009514;155663706;A01;3;50;0;2;1;15;3;
202300009515;155663703;A01;1;7;0;2;3;1;1;
202300009515;155663704;B01;1;7;0;2;6;15;1;
202300009516;155663702;A01;1;7;0;1;1;1;1;
202300009517;155663701;B01;0;7;0;1;8;1;1;
202300009518;155663699;B01;2;7;0;2;3;1;1;
202300009518;155663700;A01;2;10;0;2;3;15;1;
202300009519;155663697;B01;1;7;0;2;7;15;1;
202300009519;155663698;A01;2;7;0;2;1;15;1;
202300009520;155663696;A01;1;7;0;1;2;1;1;
202300009521;155663694;B01;0;1;0;2;7;1;5;
202300009521;155663695;A01;2;7;0;2;1;9;6;
202300009522;155663692;B01;1;80;0;2;0;0;3;
202300009522;155663693;A01;1;7;0;2;7;15;1;
202300009523;155663690;A01;2;7;0;2;2;15;1;
202300009523;155663691;B01;1;1;0;2;1;1;5;
202300009524;155663688;A01;3;7;0;2;1;0;1;
202300009524;155663689;B01;0;7;0;2;6;0;1;
202300009525;155663687;A01;1;7;0;1;1;1;1;
202300009526;155663685;A01;1;50;0;2;0;0;3;
202300009526;155663686;B01;1;7;0;2;2;14;1;
202300009527;155663683;B01;2;7;0;2;0;0;1;
202300009527;155663684;A01;1;7;0;2;0;0;1;
202300009528;155663681;A01;1;7;0;2;2;15;1;
202300009528;155663682;B01;2;1;0;2;1;1;5;
202300009529;155663680;A01;1;7;0;1;1;1;1;
202300009530;155663678;B01;2;1;0;2;6;19;5;
202300009530;155663679;A01;2;10;0;2;1;1;1;
202300009531;155663677;A01;3;7;1;0;1;1;1;
202300009532;155663676;A01;1;7;0;1;1;1;1;
202300009533;155663674;B01;3;1;0;2;2;15;5;
202300009533;155663675;A01;1;7;0;2;3;9;3;
202300009534;155663673;A01;2;7;6;0;3;13;1;
202300009535;155663671;A01;1;7;0;2;1;13;1;
202300009535;155663672;B01;2;7;0;2;3;1;1;
202300009536;155663669;A01;0;7;0;9;3;1;1;
202300009536;155663670;B01;0;50;0;2;1;1;3;
202300009537;155663668;A01;1;38;0;1;6;15;1;1.0
202300009538;155663667;A01;1;7;0;1;1;1;1;
202300009539;155663666;A01;2;7;0;1;3;1;1;
202300009540;155663664;B01;0;1;8;2;4;1;5;
202300009540;155663665;A01;1;10;0;2;2;1;1;
202300009541;155663663;A01;1;7;0;1;2;1;1;
202300009542;155663662;A01;1;10;0;1;1;1;1;
202300009543;155663659;A01;0;7;0;2;1;1;1;
202300009543;155663660;B01;0;7;0;2;4;23;1;
202300009543;155663661;C01;0;7;0;2;4;23;1;
202300009544;155663658;A01;3;7;0;1;1;15;0;
202300009545;155663656;A01;1;7;0;2;1;1;1;
202300009545;155663657;B01;3;80;0;2;8;1;3;
202300009546;155663655;A01;2;7;14;0;7;9;1;
202300009547;155663653;A01;2;7;0;2;1;19;1;
202300009547;155663654;B01;1;3;0;2;7;1;1;
202300009548;155663652;A01;1;7;1;1;2;1;1;
202300009549;155663648;B01;2;7;0;2;4;1;3;
202300009549;155663650;A01;2;2;0;2;1;2;1;
202300009550;155663649;A01;1;10;0;2;7;16;1;
202300009550;155663651;B01;2;1;0;2;1;1;5;
202300009551;155663644;C01;1;7;0;2;4;1;3;
202300009551;155663645;A01;1;7;3;2;3;1;1;
202300009551;155663646;B01;1;7;0;2;5;1;1;
202300009551;155663647;D01;1;7;0;2;1;1;1;
202300009552;155663642;A01;1;7;0;2;6;10;1;
202300009552;155663643;B01;1;31;0;2;1;0;1;
202300009553;155663640;A01;1;7;0;2;3;17;1;
202300009553;155663641;B01;2;7;0;2;3;1;1;
202300009554;155663637;B01;1;31;2;2;7;3;0;
202300009554;155663639;A01;1;7;2;2;8;2;1;
202300009555;155663636;A01;0;7;0;2;2;14;1;
202300009555;155663638;B01;3;50;0;2;4;1;3;
202300009556;155663633;C01;2;7;0;2;4;0;1;
202300009556;155663634;A01;1;7;8;2;1;26;1;
202300009556;155663635;B01;1;7;0;2;6;9;1;
202300009557;155663631;A01;3;50;0;2;0;0;3;
202300009557;155663632;B01;3;7;0;2;0;0;1;
202300009558;155663630;A01;1;30;5;2;0;0;1;
202300009559;155663629;A01;1;7;0;1;2;26;1;
202300009560;155663627;A01;1;32;12;0;1;1;0;
202300009561;155663626;B01;1;7;0;2;7;1;2;
202300009561;155663628;A01;1;7;0;2;1;1;1;
202300009562;155663625;A01;2;50;0;1;1;1;3;
202300009563;155663623;A01;1;7;0;2;6;19;1;
202300009563;155663624;B01;2;2;0;2;1;17;1;
202300009564;155663619;A01;0;7;0;1;4;20;1;
202300009565;155663618;B01;1;7;0;2;0;1;1;
202300009565;155663620;A01;1;30;0;2;1;1;1;
202300009565;155663621;D01;1;7;0;2;7;1;1;
202300009565;155663622;C01;1;10;0;2;4;1;1;
202300009566;155663617;A01;1;7;0;1;1;1;1;
202300009567;155663615;A01;3;7;0;2;1;2;1;
202300009567;155663616;B01;0;34;0;2;4;1;1;
202300009568;155663613;B01;2;33;0;2;1;3;1;
202300009568;155663614;A01;2;7;0;2;3;15;1;
202300009569;155663610;B01;2;34;0;2;1;1;1;
202300009569;155663612;A01;1;7;0;2;2;15;1;
202300009570;155663609;A01;1;10;0;2;8;9;1;
202300009570;155663611;B01;2;30;0;2;1;1;1;
202300009571;155663604;C01;1;10;0;2;1;1;1;
202300009571;155663606;A01;1;7;0;2;4;2;1;
202300009571;155663608;B01;1;7;0;2;4;2;1;
202300009572;155663603;C01;1;7;0;2;1;1;1;
202300009572;155663605;A01;2;33;0;2;2;16;1;
202300009572;155663607;B01;2;7;0;2;1;1;1;
202300009573;155663597;B01;3;31;0;2;1;1;1;
202300009573;155663600;A01;2;10;0;2;3;1;1;
202300009574;155663598;B01;1;7;0;2;7;16;1;
202300009574;155663599;A01;1;43;0;2;3;18;1;
202300009575;155663595;B01;2;37;0;2;3;1;1;1.0
202300009575;155663596;A01;2;7;0;2;7;19;1;
202300009576;155663590;A01;2;10;0;2;1;1;1;
202300009576;155663593;B01;1;7;0;2;8;1;1;
202300009577;155663591;A01;2;30;0;9;1;26;3;
202300009577;155663592;B01;2;1;0;2;1;1;5;
202300009578;155663587;B01;1;7;0;2;1;1;1;
202300009578;155663589;A01;2;7;0;2;6;1;2;
202300009579;155663584;A01;2;7;0;2;3;1;1;
202300009579;155663586;B01;2;7;0;2;4;23;1;
202300009579;155663588;C01;2;7;0;2;4;23;1;
202300009580;155663583;B01;1;33;0;2;1;1;1;
202300009580;155663585;A01;2;7;0;2;3;15;1;
202300009581;155663582;A01;0;7;0;1;1;1;1;
202300009582;155663581;A01;3;7;0;1;1;1;1;
202300009583;155663579;A01;2;10;0;1;3;26;1;
202300009584;155663576;A01;2;7;0;2;7;16;1;
202300009584;155663577;B01;2;50;0;2;3;18;3;
202300009585;155663575;A01;1;7;0;1;2;1;1;
202300009586;155663574;A01;1;7;13;0;9;1;1;
202300009587;155663572;B01;0;7;0;2;3;1;1;
202300009587;155663573;A01;3;7;0;2;3;1;1;
202300009588;155663571;A01;2;7;0;1;3;1;1;
202300009589;155663569;B01;2;50;0;2;1;1;3;
202300009589;155663570;A01;1;7;0;2;2;15;1;
202300009590;155663568;A01;1;7;0;1;3;2;1;
202300009591;155663567;A01;3;7;0;1;1;1;1;
202300009592;155663565;EA01;1;7;0;1;1;1;1;
202300009593;155663564;A01;0;7;0;2;1;15;1;
202300009593;155663566;B01;1;30;0;2;1;1;1;
202300009594;155663563;A01;2;50;0;1;1;1;3;
202300009595;155663560;A01;1;7;0;2;3;15;1;
202300009595;155663562;B01;2;1;0;2;1;15;5;
202300009596;155663559;B01;2;7;0;2;7;26;1;
202300009596;155663561;A01;1;7;0;2;7;13;1;
202300009597;155663557;A01;2;7;0;2;8;9;1;
202300009597;155663558;B01;1;2;0;2;1;1;1;
202300009598;155663555;A01;1;7;0;2;1;0;0;
202300009598;155663556;B01;1;7;0;0;0;0;0;
202300009599;155663553;B01;2;0;0;2;1;9;0;
202300009599;155663554;A01;2;1;0;2;0;0;5;
202300009600;155663549;A01;2;7;0;2;1;2;1;
202300009600;155663551;B01;2;7;0;2;4;2;1;
202300009601;155663548;B01;1;7;0;2;4;23;1;
202300009601;155663550;C01;1;7;0;2;4;23;1;
202300009601;155663552;A01;1;7;0;2;1;1;1;
202300009602;155663547;A01;2;7;0;1;2;26;1;
202300009603;155663544;B01;3;7;0;2;1;2;1;
202300009603;155663546;A01;3;7;0;2;4;2;1;
202300009604;155663543;B01;1;7;0;2;8;23;1;
202300009604;155663545;A01;1;99;0;2;7;17;1;
202300009605;155663540;A01;1;7;0;2;1;1;1;
202300009605;155663542;B01;1;50;0;2;7;1;3;
202300009606;155663539;A01;2;7;0;2;8;13;1;
202300009606;155663541;B01;1;13;0;2;3;1;1;
202300009607;155663537;A01;2;7;0;2;5;15;1;
202300009607;155663538;B01;1;7;0;2;1;1;1;
202300009608;155663535;A01;2;7;0;2;2;2;1;
202300009608;155663536;B01;2;33;0;2;5;2;1;
202300009609;155663533;B01;1;80;0;2;1;1;3;
202300009609;155663534;A01;2;7;0;2;6;15;1;
202300009610;155663528;D01;1;7;0;2;6;2;1;
202300009610;155663530;B01;1;33;0;2;4;3;1;
202300009610;155663531;A01;1;31;0;2;1;3;1;
202300009610;155663532;C01;1;10;0;2;2;2;1;
202300009611;155663527;A01;2;7;0;2;1;1;1;
202300009611;155663529;B01;1;7;0;2;8;1;1;
202300009612;155663525;A01;3;7;1;0;0;0;1;
202300009613;155663524;A01;2;7;0;2;8;11;1;
202300009613;155663526;B01;2;31;0;2;2;3;1;
202300009614;155663523;A01;2;37;0;1;2;1;0;1.0
202300009615;155663521;A01;1;10;0;1;8;1;1;
202300009616;155663518;C01;2;7;0;2;3;1;1;
202300009616;155663520;A01;2;10;0;2;1;14;1;
202300009616;155663522;B01;2;31;6;2;7;25;1;
202300009617;155663517;B01;2;2;0;2;1;1;1;
202300009617;155663519;A01;1;7;0;2;7;19;1;
202300009618;155663516;A01;1;80;0;1;1;1;3;
202300009619;155663515;A01;1;7;0;1;3;9;1;
202300009620;155663512;A01;2;37;0;2;0;1;3;1.0
202300009620;155663514;B01;2;1;0;2;0;1;5;
202300009621;155663513;A01;2;7;0;1;1;1;1;
202300009622;155663510;A01;3;50;0;2;1;1;3;
202300009622;155663511;B01;3;7;0;2;2;16;1;
202300009623;155663507;B01;1;7;0;2;5;15;1;
202300009623;155663509;A01;2;33;0;2;2;1;1;
202300009624;155663506;A01;2;10;0;1;1;1;1;
202300009625;155663505;A01;1;7;0;2;2;19;1;
202300009625;155663508;B01;2;1;0;2;1;1;5;
202300009626;155663503;A01;1;7;0;2;2;5;2;
202300009626;155663504;B01;1;10;0;2;2;5;0;
202300009627;155663501;A01;1;50;14;0;1;1;3;
202300009628;155663498;B01;1;7;0;2;3;20;3;
202300009628;155663500;A01;2;1;0;2;1;5;5;
202300009629;155663499;A01;3;1;0;2;8;19;5;
202300009629;155663502;B01;1;7;0;2;2;1;1;
202300009630;155663495;A01;1;50;0;1;1;1;3;
202300009631;155663496;A01;1;7;0;2;1;15;1;
202300009631;155663497;B01;1;1;0;2;1;1;5;
202300009632;155663492;A01;0;7;0;2;2;17;1;
202300009632;155663494;B01;0;7;0;2;3;15;1;
202300009633;155663491;A01;3;7;0;2;2;15;1;
202300009633;155663493;B01;1;43;0;2;3;1;1;
202300009634;155663490;A01;2;7;0;1;1;1;1;
202300009635;155663489;A01;3;80;12;0;2;9;3;
202300009636;155663487;B01;0;1;0;2;1;0;5;