Num_Acc;id_vehicule;num_veh;senc;catv;obs;obsm;choc;manv;motor;occutc
202300009636;155663488;A01;0;7;0;2;7;15;1;
202300009637;155663485;A01;3;7;0;1;0;26;1;
202300009638;155663484;A01;2;30;0;2;1;2;1;
202300009638;155663486;B01;2;7;0;2;6;2;1;
202300009639;155663483;A01;2;7;0;1;2;1;1;
202300009640;155663481;Z01;2;30;0;1;1;1;0;
202300009641;155663480;B01;3;10;0;2;3;1;1;
202300009641;155663482;A01;3;7;9;2;3;1;1;
202300009642;155663477;B01;1;7;0;2;7;1;2;
202300009642;155663479;A01;1;33;0;2;1;18;1;
202300009643;155663476;A01;1;7;0;2;2;1;1;
202300009643;155663478;B01;3;50;0;2;1;19;3;
202300009644;155663475;A01;3;7;0;1;1;1;1;
202300009645;155663472;A01;2;7;0;2;1;0;2;
202300009645;155663474;B01;1;7;0;2;1;1;1;
202300009646;155663471;A01;1;7;1;2;3;22;1;
202300009646;155663473;B01;1;1;1;2;1;1;5;
202300009647;155663468;A01;2;30;0;1;1;5;1;
202300009648;155663465;A01;1;33;0;2;1;18;1;
202300009648;155663467;B01;2;7;0;2;5;15;1;
202300009649;155663466;A01;1;33;0;0;0;1;1;
202300009650;155663464;Z01;2;1;0;1;0;1;5;
202300009651;155663462;B01;2;2;0;2;7;1;3;
202300009651;155663463;A01;2;7;0;2;6;13;2;
202300009652;155663459;A01;2;7;0;1;2;1;1;
202300009653;155663458;A01;1;7;0;2;1;2;1;
202300009653;155663460;B01;1;7;0;2;7;1;1;
202300009653;155663461;C01;1;7;0;2;4;1;1;
202300009654;155663455;A01;2;30;0;2;1;1;1;
202300009654;155663457;B01;1;10;0;2;1;1;3;
202300009655;155663453;B01;2;33;0;2;4;2;1;
202300009655;155663454;C01;2;14;0;2;4;2;1;
202300009655;155663456;A01;2;7;0;2;1;2;1;
202300009656;155663449;A01;1;7;0;9;3;15;1;
202300009656;155663451;B01;2;1;0;2;1;8;5;
202300009657;155663450;A01;1;34;0;1;1;17;1;
202300009658;155663447;A01;3;7;0;2;1;1;1;
202300009658;155663448;B01;3;7;0;2;3;9;2;
202300009659;155663445;B01;3;50;0;2;5;2;3;
202300009659;155663446;A01;3;7;0;2;2;2;0;
202300009660;155663442;A01;0;7;0;2;1;15;1;
202300009660;155663444;B01;0;7;0;2;8;1;1;
202300009661;155663441;A01;3;7;0;0;5;1;1;
202300009661;155663443;B01;0;1;0;2;1;1;5;
202300009662;155663440;A01;1;33;14;0;1;9;1;
202300009663;155663437;B01;0;50;0;9;7;16;3;
202300009663;155663439;A01;2;7;0;2;8;26;2;
202300009664;155663438;A01;2;7;2;0;1;1;1;
202300009665;155663434;B01;3;7;0;2;1;0;1;
202300009665;155663435;A01;0;2;0;2;1;0;1;
202300009666;155663433;A01;0;7;0;2;3;26;1;
202300009666;155663436;B01;0;7;0;2;3;0;1;
202300009667;155663430;A01;1;7;0;2;1;1;1;
202300009667;155663431;B01;2;7;0;2;1;1;0;
202300009668;155663429;B01;2;60;0;9;7;0;5;
202300009668;155663432;A01;3;2;0;9;0;0;1;
202300009669;155663427;A01;1;7;0;2;2;16;1;
202300009669;155663428;B01;1;2;0;2;7;16;1;
202300009670;155663425;A01;2;7;0;2;2;17;1;
202300009670;155663426;B01;2;7;0;2;6;1;1;
202300009671;155663422;B01;2;7;0;2;5;1;1;
202300009671;155663424;A01;2;7;0;2;2;26;1;
202300009672;155663423;A01;0;7;0;1;4;20;1;
202300009673;155663418;B01;3;30;0;2;7;19;1;
202300009673;155663421;A01;2;7;0;2;2;1;2;
202300009674;155663419;A01;2;7;0;9;7;16;1;
202300009674;155663420;B01;2;99;0;2;1;18;0;
202300009675;155663415;A01;1;7;0;2;0;0;0;
202300009675;155663417;B01;2;7;14;0;1;2;0;
202300009676;155663414;A01;0;7;0;1;5;4;1;
202300009677;155663413;Z01;0;10;0;1;1;16;1;
202300009678;155663409;B01;3;7;0;2;5;2;1;
202300009678;155663410;Z01;3;10;0;2;1;2;1;
202300009678;155663411;A01;3;7;0;2;4;2;1;
202300009678;155663412;C01;3;7;0;2;4;2;1;
202300009679;155663405;B01;3;7;0;2;2;15;1;
202300009679;155663407;A01;3;7;0;2;1;16;1;
202300009680;155663406;A01;3;7;0;2;3;19;1;
202300009680;155663408;B01;3;33;14;2;1;1;1;
202300009681;155663401;A01;3;2;0;2;1;17;1;
202300009681;155663403;B01;3;7;0;2;3;15;1;
202300009682;155663398;B01;1;7;0;2;2;0;1;
202300009682;155663400;A01;1;7;0;2;8;2;1;
202300009683;155663397;A01;1;34;0;2;1;14;3;
202300009683;155663399;B01;3;7;0;2;5;14;1;
202300009684;155663396;A01;2;7;8;0;1;1;1;
202300009685;155663393;A01;0;7;0;2;1;10;1;
202300009685;155663395;B01;2;32;8;2;8;21;1;
202300009686;155663392;Y01;3;60;0;2;0;0;5;
202300009686;155663394;A01;1;10;0;2;2;2;1;
202300009687;155663390;A01;1;7;0;2;2;15;1;
202300009687;155663391;B01;2;30;0;2;1;1;0;
202300009688;155663389;A01;1;10;0;1;1;11;1;
202300009689;155663386;B01;3;7;0;2;8;1;1;
202300009689;155663388;A01;3;7;0;2;3;15;1;
202300009690;155663385;B01;2;7;1;2;1;1;0;
202300009690;155663387;A01;1;7;0;2;3;13;1;
202300009691;155663384;A01;1;7;0;1;3;15;1;
202300009692;155663383;A01;3;10;1;1;4;4;1;
202300009693;155663382;A01;2;7;0;1;3;1;1;
202300009694;155663379;B01;1;33;0;2;1;1;1;
202300009694;155663380;A01;2;7;9;0;5;15;3;
202300009695;155663378;B01;1;34;0;2;8;1;1;
202300009695;155663381;A01;2;50;0;2;0;19;3;
202300009696;155663376;B01;3;2;0;2;1;1;1;
202300009696;155663377;A01;3;7;0;2;1;15;0;
202300009697;155663375;A01;1;37;0;1;1;15;1;1.0
202300009698;155663373;B01;1;7;3;2;4;1;1;
202300009698;155663374;A01;1;7;3;2;1;2;1;
202300009699;155663372;A01;1;7;2;0;3;14;1;
202300009700;155663370;B01;3;1;0;2;1;2;5;
202300009700;155663371;A01;3;7;0;2;5;23;2;
202300009701;155663368;B01;2;7;0;2;3;21;1;
202300009701;155663369;A01;1;7;0;2;6;10;1;
202300009702;155663367;A01;1;7;15;0;2;1;1;
202300009703;155663365;B01;1;2;0;2;1;1;1;
202300009703;155663366;A01;1;80;0;2;6;15;3;
202300009704;155663361;A01;1;7;0;2;1;2;1;
202300009704;155663363;B01;1;7;0;2;5;1;1;
202300009705;155663362;B01;1;15;13;2;1;5;1;
202300009705;155663364;A01;2;7;0;2;1;1;1;
202300009706;155663358;B01;1;1;0;2;1;1;5;
202300009706;155663360;A01;2;2;0;9;1;1;1;
202300009707;155663357;A01;2;7;0;0;6;11;1;
202300009707;155663359;B01;2;2;0;2;2;17;1;
202300009708;155663355;B01;2;30;0;2;3;1;1;
202300009708;155663356;A01;1;7;0;2;3;15;1;
202300009709;155663353;A01;1;7;0;1;1;1;1;
202300009710;155663352;A01;2;7;0;2;3;13;1;
202300009710;155663354;B01;1;7;0;2;3;1;1;
202300009711;155663350;B01;3;10;0;2;2;15;1;
202300009711;155663351;A01;3;32;0;2;1;1;1;
202300009712;155663347;A01;1;7;0;2;1;2;1;
202300009712;155663348;B01;1;17;0;2;4;1;1;
202300009713;155663344;A01;2;30;0;2;3;17;3;
202300009713;155663346;B01;2;7;0;2;3;15;1;
202300009714;155663343;B01;2;33;0;2;1;1;1;
202300009714;155663345;A01;1;7;0;2;2;15;1;
202300009715;155663340;A01;1;7;0;2;1;1;1;
202300009715;155663341;B01;1;7;0;2;5;1;1;
202300009715;155663342;C01;1;10;0;2;4;1;1;
202300009716;155663336;A01;2;7;2;0;1;1;1;
202300009717;155663335;A01;1;7;0;2;1;1;1;
202300009717;155663337;C01;1;7;0;2;6;0;1;
202300009717;155663338;B01;1;7;0;2;5;6;1;
202300009718;155663333;A01;3;10;0;1;2;16;1;
202300009719;155663332;A01;1;7;0;9;1;1;1;
202300009719;155663334;B01;1;1;0;2;3;15;5;
202300009720;155663330;A01;1;7;0;2;1;1;1;
202300009720;155663331;B01;2;7;0;2;1;23;1;
202300009721;155663326;A01;2;7;0;2;2;5;1;
202300009721;155663328;B01;1;7;0;2;2;1;1;
202300009721;155663329;C01;2;7;0;2;1;1;1;
202300009722;155663325;B01;2;1;0;2;1;1;5;
202300009722;155663327;A01;1;7;0;2;2;15;1;
202300009723;155663323;A01;3;10;0;1;4;4;3;
202300009724;155663322;A01;2;7;0;2;1;15;1;
202300009724;155663324;B01;1;7;0;2;1;1;1;
202300009725;155663321;A01;2;3;0;1;1;16;3;
202300009726;155663320;A01;2;7;2;0;1;15;1;
202300009727;155663318;A01;3;33;0;2;7;1;1;
202300009727;155663319;B01;0;7;0;2;1;9;1;
202300009728;155663316;A01;3;7;14;0;1;1;1;
202300009729;155663317;A01;1;2;9;0;7;1;1;
202300009730;155663311;A01;3;7;0;2;1;13;1;
202300009730;155663313;B01;3;7;0;2;3;21;1;
202300009730;155663315;C01;3;7;0;2;1;1;1;
202300009731;155663312;B01;2;2;0;2;4;15;1;
202300009731;155663314;A01;1;7;0;2;3;9;1;
202300009732;155663310;A01;1;7;2;0;1;14;1;
202300009733;155663308;A01;2;7;0;1;3;15;1;
202300009734;155663307;A01;1;2;0;2;1;17;1;
202300009734;155663309;B01;1;7;0;9;8;15;1;
202300009735;155663304;A01;1;10;0;1;2;1;1;
202300009736;155663302;A01;1;43;13;0;1;0;1;
202300009737;155663301;Z01;0;7;0;1;1;26;1;
202300009738;155663299;A01;1;2;0;0;9;15;1;
202300009738;155663300;B01;1;7;0;2;2;17;1;
202300009739;155663297;A01;3;7;0;2;3;13;1;
202300009739;155663298;B01;3;7;0;2;3;1;1;
202300009740;155663295;A01;2;7;0;2;1;0;1;
202300009740;155663296;B01;1;7;0;2;1;1;1;
202300009741;155663293;B01;2;33;0;2;1;1;1;
202300009741;155663294;A01;2;10;0;2;2;1;1;
202300009742;155663289;B01;1;7;0;2;3;1;1;
202300009742;155663291;A01;1;2;0;2;1;1;1;
202300009743;155663288;B01;2;7;0;2;3;1;1;
202300009743;155663290;C01;2;7;0;2;2;2;1;
202300009743;155663292;A01;1;7;0;2;3;13;1;
202300009744;155663286;A01;1;10;0;2;4;23;1;
202300009744;155663287;B01;1;1;0;2;0;0;5;
202300009745;155663284;A01;1;7;0;0;6;1;1;
202300009745;155663285;B01;1;2;0;2;1;1;1;
202300009746;155663280;A01;1;7;0;2;1;13;1;
202300009746;155663282;B01;2;10;0;2;1;1;1;
202300009747;155663278;B01;1;7;0;2;3;23;1;
202300009747;155663279;C01;2;7;0;2;3;1;1;
202300009747;155663281;A01;2;7;0;2;3;15;1;
202300009748;155663276;A01;3;10;0;0;0;0;0;
202300009749;155663277;A01;3;2;8;0;1;14;1;
202300009750;155663273;A01;1;7;0;2;3;13;1;
202300009750;155663274;B01;2;7;0;2;3;1;1;
202300009750;155663275;C01;2;7;0;2;3;1;1;
202300009751;155663271;B01;2;31;0;2;7;1;3;
202300009751;155663272;A01;1;7;0;2;2;9;1;
202300009752;155663270;A01;1;7;0;1;3;15;1;
202300009753;155663268;A01;1;7;0;2;2;2;1;
202300009753;155663269;B01;1;10;0;2;6;2;1;
202300009754;155663265;A01;3;7;0;2;1;13;1;
202300009754;155663266;B01;3;7;0;2;3;0;1;
202300009754;155663267;C01;3;7;0;2;1;1;1;
202300009755;155663264;A01;3;7;0;1;1;1;1;
202300009756;155663263;A01;1;7;0;2;1;1;1;
202300009757;155663262;A01;2;7;8;1;3;21;1;
202300009758;155663260;A01;2;30;1;2;6;2;1;
202300009758;155663261;B01;1;7;1;0;0;0;1;
202300009759;155663259;A01;0;7;0;0;1;21;1;
202300009760;155663258;A01;2;7;0;1;1;1;0;
202300009761;155663257;A01;3;7;0;1;2;16;0;
202300009762;155663256;A01;1;7;0;1;1;19;1;
202300009763;155663255;AB01;0;41;1;0;1;2;-1;
202300009764;155663254;A01;1;7;5;0;2;14;1;
202300009765;155663253;A01;1;7;13;0;2;1;1;
202300009766;155663251;A01;1;2;0;2;1;1;1;
202300009766;155663252;B01;1;1;0;2;8;19;5;
202300009767;155663250;A01;1;7;0;1;1;1;1;
202300009768;155663248;A01;1;7;0;2;2;19;1;
202300009768;155663249;B01;2;7;0;2;6;1;1;
202300009769;155663246;B01;1;7;0;2;4;2;1;
202300009769;155663247;A01;1;10;0;2;1;2;1;
202300009770;155663244;B01;1;7;0;2;4;2;1;
202300009770;155663245;A01;1;7;0;2;1;2;1;
202300009771;155663243;A01;2;7;13;0;1;13;1;
202300009772;155663241;B01;2;33;0;2;1;2;1;
202300009772;155663242;A01;2;7;0;0;6;15;1;
202300009773;155663239;A01;1;7;0;2;2;15;1;
202300009773;155663240;B01;2;7;0;2;2;0;1;
202300009774;155663237;A01;3;99;0;2;1;1;1;
202300009774;155663238;B01;1;7;0;2;6;1;1;
202300009775;155663236;A01;1;7;0;1;7;1;1;
202300009776;155663234;B01;3;7;0;2;5;12;0;
202300009776;155663235;A01;3;7;0;2;3;17;1;
202300009777;155663233;A01;2;7;0;1;1;26;1;
202300009778;155663232;A01;1;7;0;1;1;16;1;
202300009779;155663231;A01;2;33;0;1;2;1;1;
202300009780;155663229;A01;2;7;0;2;1;9;1;
202300009780;155663230;B01;1;7;0;2;7;1;1;
202300009781;155663228;A01;0;50;0;0;1;1;3;
202300009782;155663226;A01;2;30;0;2;1;1;1;
202300009782;155663227;B01;2;10;0;2;4;1;0;
202300009783;155663225;A01;2;7;0;1;3;16;0;
202300009784;155663223;B01;3;7;0;2;5;9;2;
202300009784;155663224;A01;1;7;0;2;3;1;1;
202300009785;155663222;A01;2;7;0;1;1;2;1;
202300009786;155663220;B01;1;31;0;2;7;1;1;
202300009786;155663221;Z01;1;7;0;2;1;16;0;
202300009787;155663218;B01;1;7;0;0;4;1;1;
202300009787;155663219;A01;1;7;0;2;1;2;1;
202300009788;155663217;A01;1;7;8;0;1;13;1;
202300009789;155663215;B01;2;7;0;2;1;1;1;
202300009789;155663216;A01;1;33;0;2;1;13;1;
202300009790;155663213;B01;3;7;0;0;4;26;1;
202300009790;155663214;A01;0;7;0;2;1;1;1;
202300009791;155663211;B01;2;7;0;2;5;15;3;
202300009791;155663212;A01;1;33;14;0;7;1;1;
202300009792;155663209;B01;1;10;0;0;2;1;1;
202300009792;155663210;A01;2;30;0;2;1;1;1;
202300009793;155663207;A01;3;7;0;2;2;12;2;
202300009793;155663208;B01;3;32;12;2;9;1;1;
202300009794;155663205;A01;2;7;0;2;1;15;1;
202300009794;155663206;B01;1;7;5;2;7;0;1;
202300009795;155663203;A01;1;32;0;2;1;17;1;
202300009795;155663204;B01;1;7;0;2;3;15;1;
202300009796;155663202;A01;3;7;0;1;2;0;1;
202300009797;155663201;A01;0;7;0;1;1;26;1;
202300009798;155663199;A01;1;43;0;2;1;2;1;
202300009798;155663200;B01;1;10;0;2;6;2;1;
202300009799;155663197;B01;2;7;0;2;5;2;2;
202300009799;155663198;A01;2;10;0;2;3;2;1;
202300009800;155663195;B01;2;31;0;2;4;2;3;
202300009800;155663196;A01;2;7;0;2;2;2;1;
202300009801;155663194;A01;2;1;0;5;2;1;5;
202300009802;155663193;Z01;1;30;0;1;7;1;-1;
202300009803;155663191;Z01;2;33;0;2;1;1;0;
202300009803;155663192;A01;1;1;0;2;7;1;5;
202300009804;155663190;A01;2;50;0;1;1;1;3;
202300009805;155663188;A01;2;7;0;2;3;15;2;
202300009805;155663189;B01;2;50;0;2;1;1;3;
202300009806;155663186;B01;1;7;0;2;2;16;2;
202300009806;155663187;A01;2;1;0;2;1;19;5;
202300009807;155663185;A01;1;7;0;1;7;1;1;
202300009808;155663184;A01;1;1;0;1;1;1;5;
202300009809;155663182;B01;2;1;0;2;0;15;5;
202300009809;155663183;A01;2;10;0;2;0;17;1;
202300009810;155663181;A01;3;7;0;1;3;0;1;
202300009811;155663179;A01;2;33;0;2;1;17;1;
202300009811;155663180;B01;1;7;0;2;7;15;1;
202300009812;155663177;B01;1;50;0;2;1;1;3;
202300009812;155663178;A01;2;7;0;2;7;1;2;
202300009813;155663175;A01;2;7;0;2;7;20;1;
202300009813;155663176;B01;2;50;0;2;7;0;3;
202300009814;155663173;A01;0;7;0;2;1;2;1;
202300009814;155663174;B01;0;7;0;2;4;2;1;
202300009815;155663172;A01;1;7;0;2;0;0;1;
202300009816;155663171;A01;2;10;0;1;2;2;1;
202300009817;155663169;C01;2;50;0;2;1;1;3;
202300009817;155663170;A01;2;7;0;2;5;16;1;
202300009818;155663167;B01;1;2;0;2;1;17;1;
202300009818;155663168;A01;1;7;0;2;3;15;1;
202300009819;155663165;A01;2;7;0;2;2;1;1;
202300009819;155663166;B01;2;7;0;2;1;1;1;
202300009820;155663163;B01;3;7;0;2;3;16;1;
202300009820;155663164;A01;3;7;0;2;2;21;1;
202300009821;155663162;A01;2;7;0;1;2;1;0;
202300009822;155663160;A01;2;10;0;2;6;20;1;
202300009822;155663161;B01;2;33;0;2;3;21;1;
202300009823;155663157;B01;1;7;1;0;6;2;0;
202300009823;155663158;A01;1;10;1;0;1;2;3;
202300009823;155663159;C01;1;43;1;0;1;2;1;
202300009824;155663155;B01;2;50;0;2;2;1;3;
202300009824;155663156;A01;2;7;0;2;3;20;1;
202300009825;155663153;B01;2;7;0;2;3;15;0;
202300009825;155663154;A01;1;42;0;2;1;1;1;
202300009826;155663152;A01;2;10;0;1;1;1;1;
202300009827;155663150;A01;1;33;0;2;7;1;1;
202300009827;155663151;B01;1;7;0;2;1;15;1;
202300009828;155663149;A01;3;7;0;1;1;1;1;
202300009829;155663147;B01;1;39;0;2;1;1;3;
202300009829;155663148;A01;1;7;15;4;7;5;1;
202300009830;155663145;B01;1;7;0;2;8;1;1;
202300009830;155663146;A01;2;7;0;2;1;15;1;
202300009831;155663143;A01;1;10;13;2;6;24;1;
202300009831;155663144;B01;1;7;0;2;2;21;1;
202300009832;155663141;B01;1;7;0;2;4;1;1;
202300009832;155663142;A01;1;33;0;2;1;2;1;
202300009833;155663140;A01;1;7;4;0;3;0;1;
202300009834;155663138;A01;1;34;0;2;8;2;1;
202300009834;155663139;Z01;1;7;0;2;7;12;1;
202300009835;155663136;A01;2;7;0;2;7;12;1;
202300009835;155663137;B01;2;33;0;2;8;3;1;
202300009836;155663135;A01;1;10;0;1;3;15;1;
202300009837;155663133;A01;1;7;0;2;2;1;1;
202300009837;155663134;B01;1;32;-1;2;1;15;-1;
202300009838;155663131;B01;1;7;0;2;8;0;1;
202300009838;155663132;A01;2;7;0;2;1;19;1;
202300009839;155663129;A01;1;7;0;2;6;11;0;
202300009839;155663130;B01;1;7;0;2;2;1;1;
202300009840;155663128;A01;2;7;4;0;9;9;1;
202300009841;155663126;B01;1;7;0;2;4;1;1;
202300009841;155663127;A01;1;10;0;2;1;1;1;
202300009842;155663125;B01;2;50;0;0;7;21;3;
202300009843;155663123;A01;1;10;0;2;3;11;1;
202300009843;155663124;B01;1;7;0;2;2;1;1;
202300009844;155663122;A01;1;7;0;1;3;9;1;
202300009845;155663121;A01;2;7;0;1;1;1;1;
202300009846;155663119;A01;1;7;0;2;1;2;1;
202300009846;155663120;B01;1;7;0;2;4;15;1;
202300009847;155663117;B01;0;1;0;2;0;0;5;
202300009847;155663118;A01;3;7;0;9;1;26;0;
202300009848;155663115;A01;1;30;0;2;1;1;1;
202300009848;155663116;B01;1;7;0;2;4;1;1;
202300009849;155663114;A01;1;7;13;0;1;13;1;
202300009850;155663109;A01;2;7;0;2;1;2;1;
202300009850;155663110;B01;2;7;0;2;1;2;1;
202300009851;155663107;A01;1;7;0;2;3;15;1;
202300009851;155663108;B01;0;33;0;2;3;1;1;
202300009852;155663102;D01;3;7;0;2;1;26;1;
202300009852;155663103;A01;3;7;0;2;4;23;1;
202300009852;155663104;B01;3;7;0;2;4;26;1;
202300009852;155663105;C01;3;7;0;2;4;26;1;
202300009852;155663106;E01;3;7;0;2;0;10;1;
202300009853;155663100;B01;1;1;0;2;2;1;5;
202300009853;155663101;A01;1;7;0;2;6;24;1;
202300009854;155663098;B01;0;2;0;2;1;2;1;
202300009854;155663099;A01;3;7;0;2;8;10;1;
202300009855;155663096;B01;1;50;0;0;0;0;5;
202300009855;155663097;A01;1;7;0;0;1;16;1;
202300009856;155663094;B01;2;30;0;2;3;1;1;
202300009856;155663095;A01;1;7;0;2;2;15;1;
202300009857;155663092;B01;3;7;0;2;4;0;1;
202300009857;155663093;A01;3;10;0;2;1;26;0;
202300009858;155663090;A01;1;7;0;2;1;9;1;
202300009858;155663091;B01;1;2;0;2;7;1;1;
202300009859;155663088;B01;1;7;0;2;4;1;1;
202300009859;155663089;A01;1;7;0;2;1;1;1;
202300009860;155663087;A01;2;7;8;0;1;0;1;
202300009861;155663085;B01;3;30;1;0;8;1;3;
202300009861;155663086;A01;3;7;0;2;2;15;1;
202300009862;155663083;B01;2;7;0;2;3;1;1;
202300009862;155663084;A01;1;7;0;2;2;1;1;
202300009863;155663082;A01;3;7;0;1;2;1;0;
202300009864;155663080;A01;2;7;0;2;1;1;1;
202300009864;155663081;B01;0;1;0;2;3;1;5;
202300009865;155663078;A01;1;50;0;2;8;1;3;
202300009865;155663079;B01;2;7;0;2;2;1;1;
202300009866;155663076;A01;2;7;0;2;1;13;1;
202300009866;155663077;B01;1;10;0;2;1;1;1;
202300009867;155663074;A01;3;7;0;2;1;1;1;
202300009867;155663075;B01;3;99;0;2;1;1;0;
202300009868;155663073;A01;2;7;3;0;1;14;1;
202300009869;155663071;B01;1;7;0;2;8;1;1;
202300009869;155663072;A01;1;10;0;2;1;9;1;
202300009870;155663069;A01;3;7;0;2;1;2;1;
202300009870;155663070;B01;3;7;0;2;4;23;2;
202300009871;155663067;B01;2;7;0;2;2;2;1;
202300009871;155663068;A01;2;30;0;2;3;13;1;
202300009872;155663066;A01;2;7;0;1;0;26;1;
202300009873;155663064;A01;1;33;0;2;4;16;1;
202300009873;155663065;B01;1;7;0;2;3;9;1;
202300009874;155663062;B01;0;1;0;2;5;1;5;
202300009874;155663063;A01;0;7;0;2;1;9;1;
202300009875;155663061;A01;1;7;0;1;2;26;6;
202300009876;155663060;A01;3;7;0;0;9;1;1;
202300009877;155663058;A01;3;7;0;2;1;2;1;
202300009877;155663059;B01;3;7;0;2;4;2;1;
202300009878;155663056;B01;1;33;0;2;1;1;1;
202300009878;155663057;A01;2;7;0;2;3;15;1;
202300009879;155663054;B01;1;7;0;2;2;16;1;
202300009879;155663055;A01;1;2;0;2;3;16;1;
202300009880;155663052;A01;1;7;3;2;7;15;1;
202300009880;155663053;B01;2;7;0;2;1;2;1;
202300009881;155663050;Z01;2;7;0;2;1;2;1;
202300009881;155663051;A01;2;7;0;2;4;2;1;
202300009882;155663048;A01;1;37;0;2;5;1;1;1.0
202300009882;155663049;B01;1;1;0;2;0;1;5;
202300009883;155663046;A01;2;32;0;0;8;9;1;
202300009883;155663047;B01;2;31;0;2;1;1;1;
202300009884;155663044;B01;1;7;0;2;5;20;1;
202300009884;155663045;A01;1;30;0;2;1;18;1;
202300009885;155663042;A01;0;50;0;2;1;16;3;
202300009885;155663043;B01;0;7;0;2;1;1;3;
202300009886;155663041;A01;1;80;12;0;8;15;3;
202300009887;155663040;A01;2;30;12;0;1;13;1;
202300009888;155663038;B01;2;32;0;2;1;1;1;
202300009888;155663039;A01;1;7;0;2;2;15;1;
202300009889;155663036;A01;2;7;0;2;2;1;1;
202300009889;155663037;B01;3;33;0;2;2;1;1;
202300009890;155663033;A01;1;33;2;0;1;17;1;
202300009891;155663031;A01;1;30;1;2;1;1;1;
202300009891;155663032;B01;1;7;0;2;6;23;1;
202300009892;155663029;B01;1;7;4;0;4;2;2;
202300009892;155663030;A01;1;7;4;2;1;26;1;
202300009893;155663027;A01;2;7;0;2;2;16;0;
202300009893;155663028;B01;2;31;0;2;3;1;0;
202300009894;155663024;C01;1;7;0;2;0;0;1;
202300009894;155663025;B01;1;3;0;2;0;0;1;
202300009894;155663026;A01;1;7;0;2;4;0;1;
202300009895;155663022;A01;1;7;0;2;2;15;0;
202300009895;155663023;B01;2;32;0;2;3;1;3;
202300009896;155663021;A01;2;34;0;1;1;1;1;
202300009897;155663019;B01;2;10;0;2;3;1;1;
202300009897;155663020;A01;1;2;0;2;1;1;1;
202300009898;155663017;A01;1;7;0;2;1;1;0;
202300009898;155663018;B01;1;7;0;2;0;0;0;
202300009899;155663015;A01;1;7;0;2;1;15;1;
202300009899;155663016;B01;1;7;0;2;0;0;1;
202300009900;155663014;A01;1;33;1;0;1;1;1;
202300009901;155663011;A01;1;2;13;0;1;14;1;
202300009902;155663008;A01;0;7;0;2;4;9;0;
202300009902;155663009;B01;0;7;0;0;2;1;0;
202300009902;155663010;C01;0;7;0;2;1;9;0;
202300009903;155663006;B01;2;33;0;2;1;1;1;
202300009903;155663007;A01;1;7;0;2;5;15;1;
202300009904;155663004;B01;2;7;0;2;1;5;1;
202300009904;155663005;A01;1;10;0;2;1;5;1;
202300009905;155663002;B01;0;7;0;2;1;1;1;
202300009905;155663003;A01;0;7;0;2;3;1;0;
202300009906;155663001;A01;1;33;13;0;3;1;1;
202300009907;155663000;A01;2;7;13;0;9;1;0;
202300009908;155662998;A01;1;7;0;2;3;1;1;
202300009908;155662999;B01;2;7;0;2;3;1;1;
202300009909;155662997;A01;2;7;0;0;1;1;1;
202300009910;155662996;A01;2;33;13;0;1;1;1;
202300009911;155662994;A01;1;7;0;2;2;15;1;
202300009911;155662995;B01;2;33;0;2;1;1;1;
202300009912;155662993;A01;1;33;15;0;9;1;1;
202300009913;155662991;A01;1;1;0;0;7;14;5;
202300009914;155662988;C01;1;7;14;0;1;1;1;
202300009914;155662989;B01;1;7;0;2;3;1;1;
202300009914;155662990;A01;2;7;0;2;3;13;1;
202300009915;155662986;A01;3;7;0;2;3;15;0;
202300009915;155662987;B01;3;1;0;2;8;15;5;
202300009916;155662984;A01;1;7;0;2;7;17;1;
202300009916;155662985;B01;1;33;0;2;8;11;1;
202300009917;155662983;A01;1;7;0;0;9;1;1;
202300009918;155662982;A01;3;33;13;0;8;10;1;
202300009919;155662979;A01;2;2;13;0;1;1;1;
202300009920;155662978;A01;1;7;0;0;9;1;1;
202300009921;155662976;B01;2;7;1;0;1;1;1;
202300009921;155662977;A01;2;7;0;0;4;23;1;
202300009922;155662974;B01;2;33;0;0;1;0;1;
202300009922;155662975;A01;1;7;0;0;1;15;1;
202300009923;155662972;A01;3;2;14;0;0;1;1;
202300009924;155662971;A01;3;7;0;1;1;1;1;
202300009925;155662969;A01;1;33;0;2;1;13;1;
202300009925;155662970;B01;2;7;0;2;1;1;1;
202300009926;155662968;A01;3;7;0;0;1;1;0;
202300009927;155662966;A01;2;7;0;2;8;9;1;
202300009927;155662967;B01;2;33;0;2;1;1;1;
202300009928;155662964;B01;1;7;0;2;8;1;1;
202300009928;155662965;A01;2;7;8;2;8;13;1;
202300009929;155662962;A01;1;33;0;2;1;13;1;
202300009929;155662963;B01;2;7;0;2;1;1;1;
202300009930;155662960;A01;2;2;0;2;3;13;1;
202300009930;155662961;B01;1;10;0;2;8;1;1;
202300009931;155662957;B01;1;7;0;0;6;15;1;
202300009931;155662958;A01;1;7;0;2;1;1;1;
202300009932;155662956;A01;0;33;0;0;0;0;0;
202300009933;155662955;A01;1;36;0;0;0;1;1;
202300009934;155662952;B01;1;7;0;2;1;15;1;
202300009934;155662953;C01;1;7;0;2;1;1;1;
202300009934;155662954;A01;2;33;0;2;2;1;1;
202300009935;155662951;A01;3;31;13;0;0;0;1;
202300009936;155662949;A01;2;33;3;0;9;1;1;