Num_Acc;id_vehicule;num_veh;senc;catv;obs;obsm;choc;manv;motor;occutc
202300009936;155662950;B01;2;33;0;0;9;1;1;
202300009937;155662947;A01;3;1;0;2;1;9;5;
202300009937;155662948;B01;2;7;0;9;2;1;0;
202300009938;155662946;A01;2;7;2;0;3;13;0;
202300009939;155662944;A01;3;7;0;2;6;9;1;
202300009939;155662945;B01;3;1;0;2;7;26;5;
202300009940;155662943;A01;1;32;1;0;1;1;1;
202300009941;155662942;A01;3;33;3;0;2;2;1;
202300009942;155662940;B01;2;7;0;2;1;1;1;
202300009942;155662941;A01;1;7;0;2;2;19;1;
202300009943;155662939;A01;1;33;12;0;1;0;1;
202300009944;155662938;A01;1;7;0;1;2;1;1;
202300009945;155662936;A01;1;7;0;2;9;1;1;
202300009945;155662937;B01;1;7;0;2;3;19;1;
202300009946;155662935;A01;2;7;0;0;9;21;1;
202300009947;155662933;Z01;1;7;0;2;1;17;0;
202300009947;155662934;A01;1;33;0;0;6;1;1;
202300009948;155662932;A01;1;7;3;0;5;2;1;
202300009949;155662929;A01;1;7;0;2;3;5;1;
202300009949;155662930;B01;2;7;0;2;3;1;1;
202300009949;155662931;C01;2;7;0;9;1;1;1;
202300009950;155662927;B01;2;7;0;2;4;26;0;
202300009950;155662928;A01;2;10;0;2;1;26;1;
202300009951;155662925;B01;2;7;0;2;6;13;1;
202300009951;155662926;A01;2;33;0;2;2;3;1;
202300009952;155662924;A01;1;7;0;1;2;1;1;
202300009953;155662923;A01;1;33;6;0;1;1;1;
202300009954;155662920;A01;2;7;0;2;1;2;1;
202300009954;155662921;C01;2;7;0;2;4;2;1;
202300009954;155662922;B01;2;7;0;2;4;2;1;
202300009955;155662918;A01;1;7;3;2;1;1;1;
202300009955;155662919;Z01;1;7;3;2;1;1;1;
202300009956;155662916;B01;1;7;4;2;1;11;1;
202300009956;155662917;A01;1;7;4;2;5;1;1;
202300009957;155662914;A01;2;33;0;2;3;3;1;
202300009957;155662915;B01;2;7;0;2;2;12;1;
202300009958;155662910;A01;1;7;0;2;8;10;1;
202300009958;155662911;B01;2;10;0;2;2;2;1;
202300009959;155662908;A01;1;32;0;2;2;1;1;
202300009959;155662909;B01;1;10;0;2;7;0;1;
202300009960;155662906;B01;1;7;1;2;5;1;1;
202300009960;155662907;A01;1;7;1;2;9;18;2;
202300009961;155662904;B01;1;33;0;2;1;1;1;
202300009961;155662905;A01;2;7;0;2;3;15;1;
202300009962;155662902;B01;3;80;0;2;8;2;3;
202300009962;155662903;A01;3;7;0;2;2;17;1;
202300009963;155662900;B01;1;7;0;2;4;23;1;
202300009963;155662901;A01;1;7;0;2;1;1;1;
202300009964;155662899;A01;2;7;1;0;1;1;1;
202300009965;155662898;A01;1;33;13;0;1;1;1;
202300009966;155662896;B01;2;7;0;2;3;1;1;
202300009966;155662897;A01;2;50;0;2;7;9;3;
202300009967;155662895;A01;0;33;5;0;7;1;1;
202300009968;155662893;B01;1;1;0;2;1;16;0;
202300009968;155662894;A01;1;7;0;2;2;16;1;
202300009969;155662891;A01;1;2;0;2;8;19;1;
202300009969;155662892;B01;1;37;0;2;2;1;3;3.0
202300009970;155662890;A01;3;7;0;1;3;1;1;
202300009971;155662888;A01;1;7;0;2;1;1;1;
202300009971;155662889;B01;1;7;0;2;1;1;1;
202300009972;155662887;A01;1;7;3;0;1;9;1;
202300009973;155662886;A01;3;33;13;0;7;15;1;
202300009974;155662883;B01;0;10;0;0;0;0;1;
202300009974;155662885;A01;2;17;0;0;1;1;1;
202300009975;155662882;B01;3;7;0;2;3;21;1;
202300009975;155662884;A01;3;7;0;2;2;21;1;
202300009976;155662877;A01;1;7;0;2;3;9;1;
202300009976;155662879;B01;2;50;0;2;1;25;3;
202300009977;155662875;B01;2;7;0;2;6;1;1;
202300009977;155662876;A01;1;7;0;2;1;9;1;
202300009978;155662873;B01;2;7;0;2;7;1;1;
202300009978;155662874;A01;2;7;0;2;1;2;3;
202300009979;155662871;A01;1;7;0;2;2;16;1;
202300009979;155662872;B01;1;1;0;2;8;15;5;
202300009980;155662870;A01;3;7;1;0;2;14;1;
202300009981;155662868;A01;2;10;0;2;2;16;1;
202300009981;155662869;B01;2;2;0;2;8;18;1;
202300009982;155662866;B01;2;33;0;2;1;1;1;
202300009982;155662867;A01;2;7;0;9;1;15;1;
202300009983;155662864;B01;1;33;0;2;1;1;1;
202300009983;155662865;A01;1;7;0;2;1;15;1;
202300009984;155662863;A01;3;7;0;1;1;1;1;
202300009985;155662862;A01;3;7;0;1;3;1;1;
202300009986;155662861;A01;2;7;1;0;2;14;1;
202300009987;155662858;A01;3;7;0;2;1;2;1;
202300009987;155662859;B01;3;7;0;2;6;2;1;
202300009988;155662857;A01;3;7;15;0;7;14;0;
202300009989;155662852;A01;2;7;0;2;1;16;1;
202300009989;155662854;B01;1;32;0;2;3;5;1;
202300009990;155662853;A01;1;7;0;2;7;1;1;
202300009990;155662855;B01;1;7;0;2;1;1;1;
202300009991;155662849;A01;2;31;0;2;1;1;1;
202300009991;155662851;B01;1;7;0;2;1;15;1;
202300009992;155662848;B01;3;7;0;2;3;1;1;
202300009992;155662850;A01;3;10;0;2;7;15;1;
202300009993;155662845;A01;1;7;0;2;1;15;1;
202300009994;155662846;A01;1;33;0;2;1;1;1;
202300009994;155662847;B01;2;7;0;2;5;15;1;
202300009995;155662842;A01;2;7;0;2;1;15;1;
202300009995;155662843;B01;1;36;0;2;3;1;0;
202300009996;155662841;A01;1;7;0;2;1;16;1;
202300009996;155662844;B01;3;7;0;2;3;1;1;
202300009997;155662839;A01;0;2;0;2;1;17;1;
202300009997;155662840;B01;1;7;0;2;3;15;1;
202300009998;155662835;B01;3;43;0;2;3;17;1;
202300009998;155662837;A01;3;7;0;2;1;11;1;
202300009999;155662834;A01;1;7;0;2;2;2;0;
202300009999;155662836;C01;1;7;0;2;4;2;0;
202300009999;155662838;B01;1;7;0;2;4;2;0;
202300010000;155662831;A01;1;80;0;2;1;1;3;
202300010000;155662832;B01;1;7;0;9;5;1;1;
202300010001;155662830;B01;1;33;0;2;2;3;1;
202300010001;155662833;A01;1;7;0;2;8;11;1;
202300010002;155662829;A01;2;30;16;0;0;1;1;
202300010003;155662826;A01;1;7;0;1;1;1;1;
202300010004;155662827;B01;1;7;0;2;5;2;1;
202300010004;155662828;A01;1;7;0;2;3;2;1;
202300010005;155662823;A01;2;7;0;2;8;1;1;
202300010005;155662825;B01;1;2;0;2;1;1;1;
202300010006;155662822;A01;1;80;0;2;3;1;3;
202300010006;155662824;Z01;2;7;0;2;1;15;1;
202300010007;155662819;B01;2;80;0;2;7;1;3;
202300010007;155662821;A01;1;7;0;2;3;9;1;
202300010008;155662817;A01;1;50;0;0;0;15;3;
202300010009;155662818;B01;2;50;0;2;1;1;3;
202300010009;155662820;A01;1;7;0;2;3;1;2;
202300010010;155662814;B01;1;7;0;2;3;1;1;
202300010010;155662816;A01;2;3;0;2;1;13;1;
202300010011;155662813;A01;1;50;0;2;7;1;3;
202300010011;155662815;B01;2;7;0;2;3;1;1;
202300010012;155662811;A01;2;7;0;2;2;15;1;
202300010012;155662812;B01;1;30;0;2;3;1;1;
202300010013;155662807;B01;2;7;0;9;7;1;1;
202300010013;155662809;A01;2;33;0;2;3;13;1;
202300010014;155662808;B01;3;32;0;0;9;1;0;
202300010014;155662810;A01;3;7;0;2;3;10;1;
202300010015;155662805;Z01;2;50;0;1;7;25;3;
202300010016;155662804;B01;1;1;0;0;0;0;5;
202300010016;155662806;A01;1;7;0;2;0;1;1;
202300010017;155662802;A01;2;7;0;1;0;1;1;
202300010018;155662801;A01;2;7;0;2;1;15;1;
202300010018;155662803;B01;1;1;0;2;8;1;5;
202300010019;155662798;A01;1;7;0;2;1;1;1;
202300010019;155662799;B01;1;7;0;0;4;1;1;
202300010020;155662797;A01;1;7;0;2;1;11;1;
202300010020;155662800;B01;1;1;0;2;2;1;5;
202300010021;155662796;A01;2;7;1;0;1;14;1;
202300010022;155662795;A01;2;7;0;1;2;0;1;
202300010023;155662792;B01;2;43;16;0;3;15;1;
202300010023;155662794;A01;1;80;0;2;2;5;3;
202300010024;155662791;B01;3;1;0;2;7;1;5;
202300010024;155662793;A01;3;7;0;2;1;9;1;
202300010025;155662789;A01;2;7;0;1;2;1;1;
202300010026;155662788;A01;3;7;0;2;8;15;1;
202300010026;155662790;B01;3;34;0;2;7;1;1;
202300010027;155662786;A01;2;7;0;2;1;26;1;
202300010027;155662787;B01;2;7;0;2;1;15;1;
202300010028;155662782;B01;0;7;0;2;4;2;1;
202300010028;155662784;A01;0;7;0;2;1;1;1;
202300010029;155662783;B01;0;7;0;1;1;0;0;
202300010029;155662785;A01;0;7;0;1;3;0;0;
202300010030;155662779;B01;1;10;0;2;1;1;1;
202300010030;155662781;A01;1;10;0;2;4;1;1;
202300010031;155662778;A01;3;7;0;2;3;16;1;
202300010031;155662780;B01;3;7;0;2;1;1;1;
202300010032;155662776;B01;2;7;0;9;7;1;1;
202300010032;155662777;A01;2;1;0;2;8;26;5;
202300010033;155662773;A01;3;0;0;0;0;0;0;
202300010034;155662774;A01;1;7;0;2;2;15;1;
202300010034;155662775;B01;3;80;0;2;1;19;3;
202300010035;155662772;A01;3;10;0;1;1;0;0;
202300010036;155662771;A01;1;7;6;0;1;2;1;
202300010037;155662770;A01;3;10;0;1;1;1;1;
202300010038;155662769;A01;0;7;12;1;2;1;1;
202300010039;155662768;A01;1;2;8;0;1;13;1;
202300010040;155662766;A01;1;7;13;0;1;1;1;
202300010041;155662764;B01;0;7;0;2;4;23;1;
202300010041;155662765;A01;0;7;0;2;1;1;1;
202300010041;155662767;C01;0;7;0;2;4;23;1;
202300010042;155662763;A01;3;33;12;0;8;2;1;
202300010043;155662762;A01;2;7;6;0;9;2;1;
202300010044;155662761;A01;2;7;2;0;9;1;1;
202300010045;155662759;B01;1;7;0;2;2;2;1;
202300010045;155662760;A01;1;7;4;2;3;13;1;
202300010046;155662756;B01;1;7;0;2;2;2;2;
202300010046;155662757;A01;1;10;0;2;8;13;1;
202300010047;155662755;A01;3;2;0;0;0;0;0;
202300010047;155662758;B01;3;7;0;0;0;0;0;
202300010048;155662753;A01;2;43;0;2;3;3;1;
202300010048;155662754;B01;2;7;0;2;7;12;1;
202300010049;155662748;A01;1;31;0;2;1;3;1;
202300010049;155662750;B01;1;10;0;2;4;12;1;
202300010049;155662751;C01;1;7;4;0;8;1;1;
202300010050;155662749;B01;2;99;1;2;1;13;3;
202300010050;155662752;A01;2;7;1;2;4;17;1;
202300010051;155662744;A01;1;7;0;2;1;2;1;
202300010051;155662746;B01;1;10;0;2;4;2;1;
202300010051;155662747;C01;1;10;0;2;4;1;1;
202300010052;155662742;A01;3;30;0;0;7;16;1;
202300010053;155662743;A01;2;7;0;2;1;15;1;
202300010053;155662745;B01;1;50;0;2;8;0;3;
202300010054;155662741;A01;2;1;0;0;1;9;5;
202300010055;155662739;A01;1;34;0;0;1;1;1;
202300010056;155662738;A01;2;7;0;2;3;16;0;
202300010056;155662740;B01;0;2;0;2;0;0;-1;
202300010057;155662737;A01;3;7;0;1;1;1;1;
202300010058;155662735;A01;3;1;0;2;2;17;5;
202300010058;155662736;B01;3;1;0;2;3;1;5;
202300010059;155662733;A01;2;7;0;2;1;1;2;
202300010059;155662734;B01;2;7;0;2;8;1;1;
202300010060;155662730;Z01;1;7;0;2;0;13;0;
202300010060;155662731;A01;3;33;0;2;2;18;1;
202300010061;155662729;B01;3;7;0;2;1;1;1;
202300010061;155662732;A01;0;7;0;2;1;1;1;
202300010062;155662726;C01;1;1;1;2;9;1;5;
202300010062;155662727;A01;1;7;0;2;8;22;1;
202300010062;155662728;B01;1;1;1;0;9;1;5;
202300010063;155662724;A01;2;7;0;2;0;16;2;
202300010063;155662725;B01;2;1;0;2;1;1;5;
202300010064;155662721;B01;1;7;0;2;8;1;3;
202300010064;155662723;A01;1;30;0;2;1;1;1;
202300010065;155662722;A01;1;7;1;0;1;21;1;
202300010066;155662719;A01;1;31;0;2;1;2;1;
202300010066;155662720;B01;1;1;0;2;4;2;5;
202300010067;155662717;A01;1;33;0;2;8;3;1;
202300010067;155662718;B01;1;7;0;2;7;1;1;
202300010068;155662715;A01;2;7;0;2;3;10;1;
202300010068;155662716;B01;2;50;0;2;1;2;3;
202300010069;155662712;A01;1;7;0;2;5;1;1;
202300010069;155662713;B01;1;7;0;2;1;1;1;
202300010069;155662714;C01;1;7;0;2;1;1;1;
202300010070;155662709;A01;1;7;0;2;4;1;1;
202300010070;155662711;B01;1;7;0;2;1;1;4;
202300010071;155662708;B01;1;7;0;2;2;12;1;
202300010071;155662710;A01;1;32;0;2;8;2;1;
202300010072;155662704;A01;3;7;0;2;1;2;1;
202300010072;155662706;B01;3;7;0;0;4;0;1;
202300010073;155662703;C01;1;7;0;2;7;1;2;
202300010073;155662705;A01;1;15;0;2;2;12;1;
202300010073;155662707;B01;1;7;0;2;6;1;1;
202300010074;155662701;A01;1;7;9;0;5;15;1;
202300010074;155662702;B01;1;7;0;0;1;1;1;
202300010075;155662699;A01;1;33;0;2;1;3;1;
202300010075;155662700;B01;1;7;0;2;6;11;1;
202300010076;155662698;A01;2;33;0;0;8;1;0;
202300010077;155662696;A01;1;7;0;2;4;4;1;
202300010077;155662697;B01;1;2;0;2;1;2;1;
202300010078;155662694;A01;1;34;0;2;7;17;1;
202300010078;155662695;B01;1;7;0;2;8;13;1;
202300010079;155662692;A01;3;15;0;2;2;16;1;
202300010079;155662693;C01;3;80;0;2;4;1;3;
202300010080;155662691;A01;3;31;0;0;9;21;1;
202300010081;155662689;A01;2;7;0;2;2;1;2;
202300010081;155662690;B01;3;7;0;2;8;16;1;
202300010082;155662688;A01;1;43;0;6;1;1;1;
202300010083;155662686;A01;1;7;0;2;6;15;1;
202300010083;155662687;B01;1;31;0;2;1;21;3;
202300010084;155662685;A01;1;7;7;0;3;14;1;
202300010085;155662683;A01;1;7;0;2;3;10;2;
202300010085;155662684;B01;1;43;0;2;1;1;1;
202300010086;155662682;A01;1;33;13;0;7;1;1;
202300010087;155662681;A01;1;7;6;0;4;4;1;
202300010088;155662677;B01;2;37;0;2;8;1;1;1.0
202300010088;155662679;A01;1;30;0;2;8;13;3;
202300010089;155662678;A01;2;7;0;2;2;11;1;
202300010089;155662680;B01;1;2;0;2;1;1;1;
202300010090;155662676;A01;1;33;0;1;1;1;1;
202300010091;155662674;A01;3;1;0;0;1;1;5;
202300010092;155662673;A01;1;30;0;2;1;17;1;
202300010092;155662675;B01;3;7;0;0;3;15;1;
202300010093;155662669;A01;1;31;0;2;2;9;1;
202300010093;155662671;B01;1;7;0;2;3;1;1;
202300010093;155662672;C01;1;7;0;2;6;1;1;
202300010094;155662667;A01;1;7;0;1;5;20;1;
202300010095;155662666;C01;1;7;0;2;1;1;1;
202300010095;155662668;A01;1;7;0;2;3;11;1;
202300010095;155662670;B01;1;7;0;2;5;11;1;
202300010096;155662663;A01;2;10;0;2;5;22;1;
202300010096;155662665;B01;2;1;0;2;2;1;5;
202300010097;155662662;A01;2;7;0;2;7;12;1;
202300010097;155662664;B01;2;7;0;2;1;1;1;
202300010098;155662660;B01;1;15;0;2;5;1;1;
202300010098;155662661;A01;2;1;0;2;3;16;5;
202300010099;155662658;A01;3;32;12;0;7;16;1;
202300010100;155662657;B01;2;7;0;2;2;15;1;
202300010100;155662659;A01;2;7;0;0;3;1;1;
202300010101;155662655;A01;2;7;0;2;2;1;1;
202300010101;155662656;B01;1;34;0;2;1;1;3;
202300010102;155662653;A01;2;31;0;2;1;17;1;
202300010102;155662654;B01;1;7;0;2;1;1;1;
202300010103;155662650;A01;3;7;0;2;2;15;1;
202300010103;155662652;B01;2;10;0;2;3;1;1;
202300010104;155662649;A01;1;7;0;2;2;21;1;
202300010104;155662651;Z01;1;7;0;2;0;0;1;
202300010105;155662645;A01;1;7;0;2;3;17;1;
202300010105;155662648;B01;1;32;0;2;2;3;1;
202300010106;155662644;A01;3;7;0;2;0;0;0;
202300010106;155662646;B01;3;7;0;2;0;0;0;
202300010107;155662647;A01;2;7;13;0;1;0;1;
202300010108;155662641;B01;3;7;0;2;1;1;1;
202300010108;155662643;A01;3;31;0;2;8;1;1;
202300010109;155662640;B01;0;2;0;2;0;0;0;
202300010109;155662642;A01;1;33;0;2;0;0;0;
202300010110;155662638;A01;3;7;0;1;2;20;2;
202300010111;155662637;A01;1;7;0;1;7;1;2;
202300010112;155662639;A01;2;10;0;9;2;1;1;
202300010113;155662632;A01;3;7;1;2;3;14;1;
202300010113;155662634;B01;3;7;0;2;3;1;1;
202300010114;155662631;B01;2;7;0;2;4;2;1;
202300010114;155662633;C01;2;7;0;2;4;2;1;
202300010114;155662635;D01;2;7;0;2;4;2;1;
202300010114;155662636;A01;2;7;0;2;1;2;1;
202300010115;155662627;A01;3;7;15;0;0;0;1;
202300010116;155662628;B01;1;7;0;2;1;7;2;
202300010116;155662629;A01;1;50;0;2;7;13;3;
202300010117;155662624;A01;1;7;0;1;3;9;1;
202300010118;155662623;A01;1;7;0;2;1;13;1;
202300010118;155662625;C01;2;7;0;2;1;1;1;
202300010118;155662630;B01;2;7;0;2;1;1;1;
202300010119;155662622;A01;1;7;0;2;1;15;1;
202300010119;155662626;B01;2;32;0;2;3;1;1;
202300010120;155662620;A01;1;7;0;9;2;15;1;
202300010120;155662621;B01;2;1;0;2;1;1;5;
202300010121;155662618;A01;1;33;0;2;1;5;1;
202300010121;155662619;B01;1;7;0;2;6;15;2;
202300010122;155662616;A01;1;2;0;1;3;1;1;
202300010123;155662615;A01;2;1;0;2;1;1;5;
202300010123;155662617;Z01;1;7;0;2;5;15;0;
202300010124;155662611;A01;2;7;0;2;1;26;1;
202300010124;155662613;B01;1;30;0;2;8;15;1;
202300010125;155662610;A01;2;32;0;2;1;1;1;
202300010125;155662614;B01;2;7;0;2;2;15;1;
202300010126;155662609;A01;2;7;0;2;3;2;1;
202300010126;155662612;B01;2;17;0;0;5;0;1;
202300010127;155662608;A01;1;10;0;1;1;15;1;
202300010128;155662603;C01;2;10;0;2;1;1;1;
202300010128;155662605;B01;1;7;0;2;3;0;2;
202300010128;155662607;A01;2;7;0;2;1;1;1;
202300010129;155662602;B01;0;2;0;2;1;1;1;
202300010129;155662606;A01;0;7;0;2;5;9;1;
202300010130;155662600;A01;1;10;0;2;1;26;1;
202300010130;155662601;B01;1;10;0;2;4;0;1;
202300010131;155662595;A01;3;7;0;2;1;1;0;
202300010131;155662597;B01;3;7;0;2;0;16;0;
202300010132;155662593;A01;2;7;0;2;4;2;1;
202300010132;155662598;B01;2;7;0;2;1;2;3;
202300010132;155662599;C01;2;7;0;2;1;2;1;
202300010132;155662604;D01;2;7;0;2;1;2;1;
202300010133;155662592;B01;2;50;0;2;8;1;3;
202300010133;155662596;A01;1;10;0;2;1;15;1;
202300010134;155662591;A01;1;7;0;2;1;2;2;
202300010134;155662594;B01;1;7;0;2;4;15;1;
202300010135;155662589;A01;2;7;16;0;1;14;1;
202300010136;155662588;B01;1;1;0;2;2;0;5;
202300010136;155662590;A01;1;10;0;2;2;21;1;
202300010137;155662587;A01;1;7;0;0;9;1;1;
202300010138;155662585;A01;1;7;7;0;3;1;1;
202300010139;155662586;A01;1;7;0;1;3;1;1;
202300010140;155662582;A01;2;10;0;2;3;15;1;
202300010140;155662584;B01;1;33;0;2;3;1;1;
202300010141;155662581;A01;1;7;0;0;6;2;1;
202300010141;155662583;B01;1;7;0;2;2;2;1;
202300010142;155662579;B01;2;10;0;2;3;15;1;
202300010142;155662580;A01;2;33;0;2;1;17;1;
202300010143;155662578;B01;1;0;0;1;0;0;0;
202300010144;155662577;A01;2;7;9;0;1;16;1;
202300010145;155662575;A01;2;43;12;0;1;1;1;
202300010146;155662574;B01;2;7;0;2;3;15;1;
202300010146;155662576;A01;2;43;0;0;7;17;1;
202300010147;155662569;A01;1;7;0;2;8;9;0;
202300010147;155662573;B01;1;7;0;2;1;1;1;
202300010148;155662570;A01;1;33;10;0;1;0;1;
202300010149;155662568;A01;3;7;0;2;5;1;2;
202300010149;155662572;B01;3;43;0;2;1;0;1;
202300010150;155662566;A01;1;10;0;2;1;2;1;
202300010150;155662567;B01;1;7;0;2;4;2;1;
202300010150;155662571;C01;1;7;0;0;4;2;1;
202300010151;155662563;A01;3;7;0;1;8;4;1;
202300010152;155662562;B01;3;31;0;2;8;1;1;
202300010152;155662564;A01;3;7;0;2;3;19;1;
202300010153;155662560;A01;3;7;0;1;5;19;1;
202300010154;155662561;A01;2;7;0;2;8;23;1;
202300010154;155662565;B01;2;7;0;2;2;1;1;
202300010155;155662556;A01;1;33;15;0;1;0;1;
202300010156;155662552;A01;3;7;12;0;3;16;2;
202300010157;155662551;Z01;2;0;14;2;4;1;0;
202300010157;155662554;A01;2;7;0;2;4;0;1;
202300010157;155662555;B01;2;7;14;0;1;1;1;
202300010157;155662557;C01;2;7;14;0;1;1;1;
202300010158;155662550;A01;0;7;0;2;0;1;1;
202300010158;155662553;B01;0;14;0;0;8;1;1;
202300010159;155662548;A01;1;7;0;0;7;15;1;
202300010159;155662549;B01;2;33;0;2;1;1;1;
202300010160;155662546;A01;1;1;0;0;1;13;5;
202300010161;155662544;B01;3;33;0;2;1;1;1;
202300010161;155662547;A01;3;7;0;2;7;10;1;
202300010162;155662543;A01;1;2;0;2;1;5;1;
202300010162;155662545;B01;2;7;0;2;3;5;1;
202300010163;155662541;B01;1;99;0;2;1;1;1;
202300010163;155662542;A01;2;7;0;2;1;13;1;
202300010164;155662538;B01;3;31;0;2;3;1;0;
202300010164;155662540;A01;3;7;0;2;8;1;1;
202300010165;155662537;A01;3;15;2;0;1;26;1;
202300010166;155662535;A01;1;7;13;0;1;1;1;
202300010167;155662534;C01;1;7;1;2;4;2;1;
202300010167;155662536;A01;1;7;1;2;2;2;0;
202300010167;155662539;B01;1;7;1;2;5;2;1;
202300010168;155662529;A01;2;33;0;2;1;17;1;
202300010168;155662533;B01;2;7;0;2;6;15;1;
202300010169;155662527;A01;1;7;0;2;3;15;1;
202300010169;155662531;B01;2;2;0;2;3;1;1;
202300010170;155662526;A01;1;7;0;2;2;17;1;
202300010170;155662530;B01;1;7;0;2;3;1;1;
202300010171;155662525;A01;1;33;0;2;1;2;1;
202300010171;155662528;C01;1;7;0;0;4;2;1;
202300010171;155662532;B01;1;33;0;2;3;2;1;
202300010172;155662519;A01;2;31;0;1;1;17;1;
202300010173;155662517;C01;1;7;0;2;4;1;1;
202300010173;155662521;B01;1;7;0;2;1;1;1;
202300010173;155662523;A01;1;7;0;2;1;1;1;
202300010174;155662518;C01;2;7;0;2;1;1;1;
202300010174;155662522;A01;1;7;0;2;3;13;1;
202300010174;155662524;B01;2;7;0;2;1;1;1;
202300010175;155662516;B01;1;33;0;2;1;1;1;
202300010175;155662520;A01;2;7;0;2;8;16;1;
202300010176;155662512;A01;2;30;0;2;1;2;1;
202300010176;155662514;B01;2;7;0;0;5;1;1;
202300010177;155662513;A01;1;7;2;0;3;1;0;
202300010178;155662511;A01;2;7;0;2;1;2;1;
202300010178;155662515;B01;1;7;0;2;8;1;1;
202300010179;155662510;A01;1;7;4;0;9;1;1;
202300010180;155662507;A01;1;33;0;2;1;13;1;
202300010180;155662509;B01;2;7;0;2;1;1;1;
202300010181;155662506;A01;1;7;0;0;6;2;1;
202300010181;155662508;B01;1;2;1;0;2;17;1;
202300010182;155662504;A01;2;7;3;0;1;1;1;
202300010183;155662505;A01;1;7;2;0;1;1;1;
202300010184;155662503;A01;1;7;1;0;9;13;1;
202300010185;155662498;A01;2;7;0;0;4;23;1;
202300010185;155662500;B01;2;7;1;2;9;23;1;
202300010185;155662502;C01;2;7;1;2;1;1;1;
202300010186;155662497;B01;1;33;0;2;1;1;1;
202300010186;155662501;A01;0;7;0;0;5;0;1;
202300010187;155662496;A01;2;7;0;2;1;15;0;
202300010187;155662499;B01;1;34;0;2;1;1;0;
202300010188;155662494;A01;1;1;0;2;1;5;5;
202300010188;155662495;B01;3;7;0;9;2;16;1;
202300010189;155662493;A01;1;7;13;0;2;1;2;
202300010190;155662490;A01;1;33;13;0;0;14;1;
202300010191;155662488;A01;1;10;0;2;3;1;1;
202300010191;155662489;B01;2;33;0;2;3;17;1;
202300010192;155662486;A01;2;7;17;0;1;13;1;
202300010193;155662485;A01;1;33;0;2;8;1;1;
202300010193;155662487;B01;2;7;0;2;3;1;1;
202300010194;155662482;A01;1;7;2;0;1;1;1;
202300010195;155662480;B01;3;99;0;2;1;13;1;
202300010195;155662483;A01;3;31;0;2;1;21;1;
202300010196;155662479;A01;2;7;4;0;9;1;1;
202300010197;155662475;A01;2;7;0;2;5;5;0;
202300010197;155662477;B01;1;7;0;2;1;1;0;
202300010198;155662474;E01;3;7;0;2;4;0;1;
202300010198;155662478;A01;3;7;0;2;1;14;1;
202300010198;155662481;C01;3;7;0;2;4;0;0;
202300010198;155662484;D01;3;7;0;2;4;0;1;
202300010198;155662491;B01;3;7;0;2;4;0;0;
202300010199;155662476;A01;1;7;0;1;3;1;1;
202300010200;155662473;A01;1;7;13;0;1;1;0;
202300010201;155662471;A01;2;10;0;2;1;13;1;
202300010201;155662472;B01;1;7;0;2;1;1;1;
202300010202;155662470;A01;1;7;0;1;1;17;1;
202300010203;155662468;A01;3;7;7;0;1;0;1;
202300010204;155662466;A01;3;7;0;1;5;4;1;
202300010205;155662467;A01;3;7;8;2;1;1;1;
202300010205;155662469;B01;0;10;0;2;3;1;1;
202300010206;155662465;A01;2;7;0;1;3;15;1;
202300010207;155662460;A01;1;7;0;2;3;5;1;
202300010207;155662463;B01;1;7;0;2;8;5;1;
202300010208;155662457;A01;3;7;0;2;0;0;1;
202300010208;155662459;B01;3;50;0;2;1;25;3;
202300010209;155662455;B01;2;7;0;2;3;1;1;
202300010209;155662462;A01;1;10;0;2;2;1;1;
202300010210;155662456;A01;2;7;0;2;1;1;1;
202300010210;155662458;B01;2;7;0;2;4;15;1;
202300010210;155662461;C01;1;10;0;2;1;1;1;
202300010210;155662464;D01;1;7;0;2;1;1;1;
202300010211;155662454;A01;1;33;0;0;8;1;1;
202300010212;155662448;A01;1;33;0;6;1;1;1;
202300010212;155662451;B01;2;7;0;2;1;1;1;
202300010213;155662449;A01;1;7;0;2;3;26;1;
202300010213;155662452;B01;2;33;0;2;1;1;1;
202300010214;155662450;A01;2;7;0;2;2;14;1;
202300010214;155662453;B01;2;33;0;2;3;1;1;
202300010215;155662445;A01;0;7;0;2;3;1;1;
202300010215;155662447;B01;0;15;0;2;3;1;1;
202300010216;155662443;A01;2;2;0;2;1;5;1;
202300010216;155662444;B01;1;7;0;2;3;1;1;
202300010217;155662440;A01;2;7;3;0;2;14;1;
202300010218;155662441;B01;1;7;0;2;1;9;1;
202300010218;155662446;A01;2;7;0;2;7;1;1;
202300010219;155662439;A01;2;7;0;2;1;19;1;
202300010219;155662442;B01;2;80;0;2;8;15;3;
202300010220;155662436;A01;2;80;0;0;7;14;3;
202300010221;155662438;A01;2;7;13;0;0;1;1;
202300010222;155662435;A01;2;36;0;2;3;0;1;
202300010222;155662437;B01;1;7;0;2;3;21;1;
202300010223;155662433;B01;1;33;0;2;1;2;1;
202300010223;155662434;A01;2;7;0;2;1;9;1;
202300010224;155662432;A01;2;30;0;0;9;1;1;
202300010225;155662431;A01;2;32;7;0;2;1;1;
202300010226;155662430;A01;0;7;17;0;1;1;1;
202300010227;155662428;A01;2;33;0;0;8;1;1;
202300010228;155662426;A01;1;7;0;2;1;17;1;
202300010228;155662429;B01;2;7;0;2;1;1;1;
202300010229;155662425;A01;1;7;0;2;1;2;1;
202300010229;155662427;B01;1;7;3;0;4;2;1;