Num_Acc;id_vehicule;num_veh;senc;catv;obs;obsm;choc;manv;motor;occutc
202300010230;155662422;A01;1;33;0;0;8;26;1;
202300010231;155662421;A01;0;7;0;2;1;1;1;
202300010231;155662424;B01;0;7;0;2;1;1;1;
202300010232;155662420;B01;2;7;0;2;3;1;1;
202300010232;155662423;A01;1;7;0;2;2;9;1;
202300010233;155662419;A01;0;7;0;1;4;20;1;
202300010234;155662417;A01;3;31;0;0;0;0;1;
202300010235;155662414;A01;1;7;0;2;3;20;1;
202300010235;155662416;B01;2;80;0;2;1;13;3;
202300010236;155662413;A01;1;7;0;2;7;15;1;
202300010236;155662418;B01;2;7;0;2;1;15;1;
202300010237;155662411;A01;3;33;0;0;9;1;1;
202300010238;155662410;A01;1;7;13;0;8;13;1;
202300010239;155662408;A01;1;7;13;0;2;1;1;
202300010240;155662407;A01;3;7;0;1;4;4;1;
202300010241;155662404;A01;1;32;0;0;8;1;1;
202300010242;155662397;A01;2;7;0;1;7;2;1;
202300010243;155662400;A01;1;7;0;9;8;1;1;
202300010243;155662402;B01;2;1;0;2;1;5;5;
202300010244;155662395;B01;1;7;0;2;1;1;1;
202300010244;155662398;A01;2;7;0;2;1;17;1;
202300010245;155662394;A01;2;7;0;2;1;1;1;
202300010245;155662396;B01;2;7;0;2;4;2;1;
202300010245;155662399;C01;2;7;0;2;4;2;1;
202300010245;155662401;D01;2;3;0;0;4;15;1;
202300010246;155662391;A01;1;33;0;2;1;7;1;
202300010246;155662393;B01;1;7;0;2;7;16;1;
202300010247;155662390;A01;1;33;2;0;1;1;1;
202300010248;155662386;A01;2;10;2;0;1;13;1;
202300010249;155662385;B01;1;10;0;2;3;1;1;
202300010249;155662389;C01;2;15;0;2;3;13;1;
202300010249;155662392;A01;1;7;0;2;7;1;2;
202300010250;155662387;B01;1;7;0;2;1;1;1;
202300010250;155662388;A01;2;43;0;1;0;1;1;
202300010251;155662384;A01;1;7;13;0;1;1;0;
202300010252;155662382;A01;1;7;0;2;1;13;1;
202300010252;155662383;B01;2;10;0;2;3;1;1;
202300010253;155662381;A01;3;7;13;0;1;1;1;
202300010254;155662380;A01;1;7;0;1;3;15;1;
202300010255;155662378;A01;1;34;0;2;1;1;1;
202300010255;155662379;B01;2;7;0;2;2;15;1;
202300010256;155662376;B01;-1;0;0;2;0;2;0;
202300010256;155662377;A01;-1;33;0;2;0;2;0;
202300010257;155662374;A01;1;7;16;0;1;26;0;
202300010258;155662373;A01;-1;2;0;0;0;1;1;
202300010259;155662372;A01;2;7;0;2;4;26;0;
202300010259;155662375;B01;2;32;0;2;1;2;1;
202300010260;155662370;B01;1;33;0;2;1;1;1;
202300010260;155662371;A01;1;7;0;2;7;2;1;
202300010261;155662369;A01;2;7;13;0;0;13;1;
202300010262;155662366;A01;1;7;0;2;3;13;1;
202300010262;155662368;B01;2;7;0;2;3;1;1;
202300010263;155662365;A01;2;7;0;1;3;1;3;
202300010264;155662364;A01;1;7;2;0;2;11;1;
202300010265;155662362;A01;0;7;2;0;2;0;1;
202300010266;155662363;A01;1;50;0;2;7;1;3;
202300010266;155662367;B01;1;7;0;9;7;17;0;
202300010267;155662361;A01;1;7;0;0;0;2;1;
202300010268;155662355;B01;2;7;0;9;6;1;1;
202300010268;155662359;A01;2;50;0;2;9;1;3;
202300010268;155662360;C01;1;7;0;9;3;1;1;
202300010269;155662354;A01;1;2;0;2;0;0;0;
202300010269;155662356;B01;1;2;0;2;0;0;0;
202300010270;155662353;A01;1;31;0;2;1;1;1;
202300010270;155662357;B01;2;7;0;2;1;20;1;
202300010271;155662351;A01;0;2;0;0;0;0;0;
202300010272;155662352;B01;1;1;0;2;8;0;5;
202300010272;155662358;A01;2;7;0;2;1;1;1;
202300010273;155662348;A01;2;7;17;0;2;14;1;
202300010274;155662345;A01;3;1;0;0;0;1;5;
202300010275;155662347;A01;1;7;0;2;3;13;1;
202300010275;155662350;B01;2;7;0;2;8;1;3;
202300010276;155662346;B01;1;34;0;2;1;17;3;
202300010276;155662349;A01;1;7;0;2;3;9;1;
202300010277;155662340;A01;2;7;0;2;1;5;1;
202300010277;155662344;B01;1;7;0;2;1;1;1;
202300010278;155662341;A01;1;7;0;1;1;1;3;
202300010279;155662339;A01;1;31;0;2;1;3;1;
202300010279;155662343;B01;1;7;0;2;4;12;1;
202300010280;155662338;A01;1;38;0;1;2;10;1;1.0
202300010281;155662342;A01;1;7;0;1;1;1;1;
202300010282;155662335;A01;1;7;0;2;8;11;2;
202300010282;155662337;B01;1;7;4;2;2;1;2;
202300010283;155662333;A01;1;2;13;0;0;1;1;
202300010284;155662332;A01;1;7;0;2;3;13;1;
202300010284;155662336;B01;3;7;0;0;2;23;1;
202300010285;155662331;A01;1;7;0;2;2;15;1;
202300010285;155662334;B01;2;33;0;2;9;1;1;
202300010286;155662325;A01;2;7;0;1;3;1;1;
202300010287;155662323;A01;2;33;0;2;1;21;1;
202300010287;155662328;B01;2;7;0;2;6;1;1;
202300010287;155662330;C01;2;10;0;2;7;1;1;
202300010288;155662322;A01;1;7;0;2;1;5;1;
202300010288;155662327;B01;2;7;0;2;1;1;1;
202300010289;155662324;B01;1;7;0;2;4;15;1;
202300010289;155662329;A01;1;31;0;2;1;2;1;
202300010290;155662321;B01;1;7;0;0;5;15;1;
202300010290;155662326;A01;1;33;0;2;1;2;1;
202300010291;155662318;A01;2;43;6;0;2;1;1;
202300010292;155662319;A01;1;7;0;1;1;1;0;
202300010293;155662315;A01;1;1;0;0;7;1;5;
202300010294;155662314;A01;1;10;0;2;2;12;1;
202300010294;155662317;B01;1;33;0;2;3;3;0;
202300010294;155662320;C01;1;7;0;2;4;1;1;
202300010295;155662313;B01;2;1;0;2;0;15;5;
202300010295;155662316;A01;2;7;0;2;3;15;1;
202300010296;155662311;A01;1;7;15;0;1;26;1;
202300010297;155662308;B01;2;10;0;2;2;0;1;
202300010297;155662312;A01;1;10;0;2;3;0;1;
202300010298;155662307;A01;2;33;0;2;4;2;1;
202300010298;155662309;B01;2;7;0;2;6;2;1;
202300010299;155662306;A01;1;2;0;2;8;1;1;
202300010299;155662310;B01;2;7;0;2;1;15;1;
202300010300;155662303;A01;0;7;0;0;3;0;1;
202300010300;155662305;B01;0;7;0;2;3;5;1;
202300010301;155662301;A01;2;7;0;2;1;1;1;
202300010301;155662304;B01;1;7;0;2;3;1;1;
202300010302;155662300;A01;1;80;8;0;0;2;3;
202300010303;155662298;A01;1;7;0;2;2;16;1;
202300010303;155662302;B01;2;50;0;2;1;5;3;
202300010304;155662296;A01;1;33;3;0;7;1;1;
202300010305;155662297;A01;1;7;0;0;2;0;0;
202300010306;155662291;B01;1;7;0;2;3;16;1;
202300010306;155662295;A01;1;7;0;2;1;1;1;
202300010307;155662290;B01;0;7;0;0;6;19;1;
202300010307;155662294;A01;1;33;0;2;3;1;1;
202300010308;155662288;A01;3;33;0;2;1;17;1;
202300010308;155662292;B01;3;7;0;2;6;13;1;
202300010309;155662289;A01;3;10;0;1;1;9;1;
202300010310;155662285;A01;1;7;13;0;1;1;1;
202300010311;155662286;A01;1;2;0;0;0;21;1;
202300010312;155662284;A01;1;7;3;0;2;1;1;
202300010313;155662283;B01;3;7;0;2;6;15;1;
202300010313;155662287;A01;3;2;0;2;2;1;1;
202300010314;155662282;A01;1;7;0;5;3;1;1;
202300010315;155662278;A01;2;7;0;2;1;9;1;
202300010315;155662281;B01;2;7;0;2;7;0;1;
202300010316;155662277;B01;2;99;1;0;8;0;1;
202300010316;155662280;A01;2;7;1;0;1;17;1;
202300010317;155662273;A01;1;2;0;0;8;2;1;
202300010318;155662276;B01;2;7;0;2;1;1;1;
202300010318;155662279;A01;1;7;0;2;1;16;1;
202300010319;155662272;A01;2;7;0;2;1;15;2;
202300010319;155662275;B01;2;31;0;2;2;3;1;
202300010320;155662270;B01;1;7;0;2;1;15;1;
202300010320;155662274;A01;2;33;0;2;1;1;1;
202300010321;155662271;A01;2;7;13;0;3;13;1;
202300010322;155662269;A01;1;43;0;0;0;1;1;
202300010323;155662267;A01;2;37;15;0;1;1;1;1.0
202300010324;155662266;A01;3;7;8;2;1;19;1;
202300010324;155662268;B01;1;7;8;2;8;1;1;
202300010325;155662264;A01;1;7;9;0;1;1;1;
202300010326;155662263;A01;3;10;0;1;4;4;1;
202300010327;155662262;B01;2;7;0;2;5;15;1;
202300010327;155662265;A01;1;7;0;2;2;1;1;
202300010328;155662259;A01;1;7;0;2;1;1;0;
202300010328;155662261;B01;0;1;0;2;3;9;5;
202300010329;155662257;B01;2;1;0;2;1;13;5;
202300010329;155662260;A01;1;7;0;2;3;1;1;
202300010330;155662256;A01;2;7;0;0;9;14;1;
202300010331;155662255;A01;2;7;8;0;1;1;1;
202300010332;155662254;A01;2;7;0;2;0;0;1;
202300010332;155662258;B01;2;7;0;2;6;0;1;
202300010333;155662251;A01;0;7;0;1;1;1;1;
202300010334;155662250;A01;3;7;0;2;7;1;0;
202300010334;155662253;B01;3;30;0;2;1;5;0;
202300010335;155662249;B01;2;7;0;2;1;1;1;
202300010335;155662252;A01;2;2;0;2;4;23;1;
202300010336;155662247;A01;2;7;0;1;1;1;1;
202300010337;155662243;A01;1;33;0;2;3;5;1;
202300010337;155662245;B01;2;7;0;2;3;1;1;
202300010338;155662242;A01;2;2;0;2;1;1;1;
202300010338;155662244;B01;3;7;0;2;5;1;1;
202300010339;155662234;A01;2;33;0;0;8;17;1;
202300010340;155662238;A01;3;33;0;0;9;17;1;
202300010340;155662241;B01;0;10;0;0;3;10;1;
202300010341;155662236;B01;3;34;0;2;2;1;1;
202300010341;155662240;A01;3;7;0;2;3;26;1;
202300010342;155662235;A01;1;15;0;2;7;12;1;
202300010342;155662239;B01;1;7;0;2;8;1;1;
202300010343;155662233;A01;1;7;0;2;3;1;1;
202300010343;155662237;B01;2;7;0;2;3;1;2;
202300010344;155662230;A01;0;1;0;2;1;1;5;
202300010344;155662232;B01;0;1;0;2;4;1;5;
202300010345;155662226;A01;1;7;8;0;3;0;1;
202300010346;155662228;A01;1;50;0;1;1;1;3;
202300010347;155662225;A01;0;31;12;0;1;21;1;
202300010348;155662224;A01;2;7;0;2;3;13;1;
202300010348;155662227;B01;1;7;0;2;3;23;1;
202300010349;155662223;B01;2;7;0;2;8;9;1;
202300010349;155662229;C01;2;7;0;2;6;1;1;
202300010349;155662231;A01;2;15;0;2;5;1;1;
202300010350;155662222;A01;1;33;12;0;1;1;1;
202300010351;155662220;A01;3;2;6;0;8;13;1;
202300010352;155662218;B01;1;7;0;2;8;15;2;
202300010352;155662221;A01;1;2;0;2;2;17;1;
202300010353;155662215;B01;3;7;0;2;1;1;0;
202300010353;155662219;A01;3;7;0;2;2;15;0;
202300010354;155662213;A01;2;10;0;2;3;5;1;
202300010354;155662217;B01;1;50;0;2;1;1;3;
202300010355;155662212;A01;2;7;0;1;1;1;2;
202300010356;155662214;A01;1;7;0;2;7;12;1;
202300010356;155662216;B01;1;31;0;2;3;3;1;
202300010357;155662211;A01;0;7;0;1;1;1;0;
202300010358;155662210;A01;1;7;0;1;2;1;6;
202300010359;155662207;B01;1;7;0;2;3;1;1;
202300010359;155662209;A01;2;33;0;2;7;1;1;
202300010360;155662204;A01;1;7;0;1;2;1;0;
202300010361;155662203;A01;1;7;0;2;1;2;1;
202300010361;155662208;B01;1;50;0;2;4;1;3;
202300010362;155662202;A01;2;7;0;2;4;12;1;
202300010362;155662206;B01;2;33;0;2;1;3;1;
202300010363;155662198;A01;3;7;0;2;2;1;2;
202300010363;155662201;B01;3;33;0;2;8;9;1;
202300010364;155662196;A01;2;7;0;9;1;1;1;
202300010364;155662199;B01;2;1;0;2;4;2;5;
202300010365;155662195;C01;3;7;0;2;3;9;1;
202300010365;155662200;B01;1;7;0;2;8;1;1;
202300010365;155662205;A01;2;7;0;2;3;17;1;
202300010366;155662194;A01;2;7;2;0;2;14;1;
202300010367;155662192;A01;2;7;0;2;7;2;1;
202300010367;155662197;B01;2;7;0;2;6;2;1;
202300010368;155662193;A01;2;7;0;5;9;13;1;
202300010369;155662191;A01;3;43;12;0;1;26;1;
202300010370;155662190;A01;1;7;2;0;3;14;1;
202300010371;155662186;A01;1;7;0;2;1;15;1;
202300010371;155662189;B01;1;1;0;2;8;1;5;
202300010372;155662184;A01;2;17;0;2;2;14;1;
202300010372;155662188;B01;2;7;4;2;8;11;1;
202300010373;155662183;A01;3;7;0;2;7;0;1;
202300010373;155662187;B01;3;50;0;2;0;0;3;
202300010374;155662181;A01;2;13;0;2;1;2;1;
202300010374;155662185;B01;2;7;0;2;4;1;1;
202300010375;155662180;A01;0;31;12;0;1;1;0;
202300010376;155662177;B01;1;7;0;2;3;1;1;
202300010376;155662182;A01;2;10;0;2;3;13;1;
202300010377;155662175;A01;2;33;0;2;1;3;1;
202300010377;155662178;B01;2;7;0;0;4;11;1;
202300010378;155662172;A01;1;7;0;2;1;13;1;
202300010378;155662179;B01;2;7;0;2;7;21;0;
202300010379;155662169;A01;1;37;0;2;0;9;1;1.0
202300010379;155662174;B01;0;33;0;2;1;0;1;
202300010380;155662168;B01;2;7;0;2;4;2;1;
202300010380;155662173;A01;2;7;0;2;1;2;3;
202300010381;155662170;B01;3;1;0;9;8;1;5;
202300010381;155662176;A01;1;7;0;9;8;1;1;
202300010382;155662166;A01;2;7;0;2;7;1;1;
202300010382;155662171;B01;1;1;0;2;1;1;5;
202300010383;155662165;A01;1;7;0;2;1;2;1;
202300010383;155662167;B01;1;10;0;2;4;2;3;
202300010384;155662160;A01;0;33;6;0;1;1;1;
202300010385;155662157;A01;2;10;0;2;6;1;1;
202300010385;155662162;B01;2;7;0;2;2;14;1;
202300010386;155662159;A01;1;33;0;2;1;7;1;
202300010386;155662163;B01;1;10;0;2;3;10;1;
202300010387;155662158;B01;2;10;0;0;4;23;1;
202300010387;155662164;A01;2;7;0;2;1;2;1;
202300010388;155662155;B01;2;14;0;2;4;2;1;
202300010388;155662156;A01;2;7;0;2;1;2;1;
202300010389;155662154;A01;2;7;0;2;1;1;0;
202300010389;155662161;B01;2;10;0;2;1;1;1;
202300010390;155662149;B01;1;33;0;2;1;1;1;
202300010390;155662153;A01;1;7;0;2;5;15;1;
202300010391;155662146;A01;1;7;0;2;4;1;1;
202300010391;155662151;B01;1;7;0;2;1;1;1;
202300010392;155662145;C01;2;7;0;2;4;23;1;
202300010392;155662150;B01;2;10;0;2;4;23;1;
202300010392;155662152;A01;2;10;0;2;1;1;1;
202300010393;155662143;A01;1;7;0;2;2;20;1;
202300010393;155662147;B01;1;43;0;2;3;1;1;
202300010394;155662141;A01;2;7;0;2;1;11;1;
202300010394;155662144;B01;2;7;0;2;4;23;3;
202300010394;155662148;C01;2;7;0;2;4;23;1;
202300010395;155662137;A01;0;7;2;0;3;1;1;
202300010396;155662136;A01;1;7;1;0;1;1;1;
202300010397;155662134;A01;3;7;0;2;0;9;1;
202300010397;155662140;B01;0;31;0;2;0;1;1;
202300010398;155662129;A01;1;7;0;2;4;1;1;
202300010398;155662132;B01;1;7;0;2;4;2;1;
202300010398;155662135;C01;1;7;0;2;4;2;1;
202300010398;155662138;D01;1;7;0;2;1;2;1;
202300010399;155662127;A01;1;7;0;2;3;15;1;
202300010399;155662139;B01;2;33;0;2;1;1;1;
202300010399;155662142;C01;1;7;0;2;1;1;1;
202300010400;155662125;A01;2;10;0;2;1;2;1;
202300010400;155662128;B01;2;10;0;2;4;2;1;
202300010400;155662133;C01;2;10;0;2;4;2;1;
202300010401;155662122;C01;3;7;0;2;8;1;1;
202300010401;155662126;B01;3;7;0;2;8;1;1;
202300010401;155662131;A01;3;7;2;2;9;17;1;
202300010402;155662124;A01;1;33;0;2;1;1;0;
202300010402;155662130;B01;1;7;9;0;7;6;1;
202300010403;155662119;A01;2;7;0;2;7;12;1;
202300010403;155662121;B01;2;33;0;2;1;1;1;
202300010404;155662120;A01;1;7;0;2;3;9;1;
202300010404;155662123;B01;2;1;0;2;1;1;0;
202300010405;155662113;A01;0;7;0;2;1;2;1;
202300010405;155662115;B01;0;7;0;2;4;2;1;
202300010406;155662111;A01;1;7;0;2;2;15;0;
202300010406;155662116;B01;2;7;0;2;1;0;0;
202300010407;155662107;A01;1;7;0;2;7;2;1;
202300010407;155662110;B01;1;7;0;2;4;2;1;
202300010407;155662117;C01;1;7;0;2;1;2;1;
202300010408;155662112;A01;1;7;0;2;2;15;1;
202300010408;155662118;B01;2;33;0;2;1;1;1;
202300010409;155662103;B01;2;7;0;2;4;2;2;
202300010409;155662105;C01;2;7;0;2;4;2;1;
202300010409;155662109;D01;2;7;0;2;4;2;1;
202300010409;155662114;A01;2;7;0;2;1;2;1;
202300010410;155662102;A01;2;7;0;1;1;1;1;
202300010411;155662100;A01;1;7;0;2;8;1;1;
202300010411;155662101;B01;1;14;0;2;2;12;1;
202300010412;155662097;A01;1;7;0;2;1;1;1;
202300010412;155662104;B01;2;7;0;2;1;13;1;
202300010413;155662095;A01;2;7;0;2;1;13;1;
202300010413;155662098;B01;1;7;0;2;3;1;1;
202300010414;155662094;A01;2;7;0;2;1;2;0;
202300010414;155662096;B01;2;7;0;2;4;2;0;
202300010415;155662092;A01;2;7;0;2;6;9;1;
202300010415;155662099;B01;2;7;0;2;1;9;1;
202300010416;155662090;A01;1;7;0;1;3;21;1;
202300010417;155662089;A01;1;32;0;2;7;1;1;
202300010417;155662093;B01;3;10;0;2;5;4;1;
202300010418;155662088;B01;2;10;0;2;1;1;4;
202300010418;155662091;A01;2;7;0;2;4;14;1;
202300010419;155662085;A01;1;7;0;2;1;2;0;
202300010419;155662087;B01;1;7;0;2;4;2;0;
202300010420;155662081;A01;1;7;0;1;8;15;1;
202300010421;155662083;A01;1;7;0;2;3;15;1;
202300010421;155662086;B01;1;33;0;2;2;17;1;
202300010422;155662078;A01;1;7;0;2;1;13;1;
202300010422;155662084;B01;2;7;0;2;1;1;1;
202300010423;155662080;A01;3;50;0;2;1;5;3;
202300010423;155662082;B01;3;7;0;2;2;9;1;
202300010424;155662075;A01;1;7;0;2;2;2;1;
202300010424;155662077;B01;1;7;0;2;6;1;3;
202300010425;155662073;A01;2;7;0;2;1;2;1;
202300010425;155662076;C01;2;10;0;2;4;2;1;
202300010425;155662079;B01;2;10;0;2;4;2;1;
202300010426;155662072;A01;3;10;2;0;1;1;1;
202300010427;155662071;A01;1;7;2;0;1;1;1;
202300010428;155662070;B01;2;7;0;2;1;1;6;
202300010428;155662074;A01;2;7;0;2;1;15;0;
202300010429;155662064;A01;2;7;0;1;1;2;1;
202300010430;155662066;A01;1;99;0;2;8;19;1;
202300010430;155662068;B01;1;7;0;2;1;9;1;
202300010431;155662063;A01;2;7;0;2;4;2;0;
202300010431;155662067;B01;2;7;0;2;1;1;0;
202300010431;155662069;C01;2;7;0;2;1;1;0;
202300010432;155662062;A01;1;33;0;2;2;3;1;
202300010432;155662065;Z01;1;7;0;2;6;11;0;
202300010433;155662060;A01;2;7;0;1;3;26;1;
202300010434;155662058;A01;2;7;4;0;2;2;1;
202300010435;155662056;B01;1;7;0;2;1;13;1;
202300010435;155662061;A01;1;33;0;0;8;15;1;
202300010436;155662055;A01;2;7;0;2;1;1;1;
202300010436;155662059;B01;1;7;0;2;7;13;1;
202300010437;155662052;B01;1;10;0;2;1;1;1;
202300010437;155662057;A01;2;7;0;2;1;11;1;
202300010438;155662051;A01;1;7;0;2;1;1;1;
202300010438;155662054;B01;1;7;0;2;4;1;1;
202300010439;155662049;B01;2;1;0;2;7;1;5;
202300010439;155662053;A01;1;10;0;2;1;15;1;
202300010440;155662048;A01;1;7;13;0;2;1;1;
202300010441;155662047;A01;1;33;0;2;1;2;1;
202300010441;155662050;B01;1;10;0;2;4;11;1;
202300010442;155662046;A01;2;2;12;0;1;2;1;
202300010443;155662042;A01;3;7;13;0;1;1;1;
202300010444;155662040;B01;2;33;0;2;5;26;0;
202300010444;155662044;A01;2;7;0;2;3;0;1;
202300010445;155662039;A01;1;7;0;1;1;1;1;
202300010446;155662037;A01;1;10;0;2;1;2;1;
202300010446;155662041;B01;1;7;0;2;4;2;1;
202300010447;155662035;A01;1;7;0;0;1;21;1;
202300010447;155662038;B01;2;7;0;0;2;21;1;
202300010448;155662032;A01;1;7;0;2;3;13;1;
202300010448;155662034;B01;2;7;0;2;3;1;1;
202300010449;155662033;A01;2;32;0;2;1;3;1;
202300010449;155662036;B01;1;7;0;2;1;9;1;
202300010450;155662030;Z01;1;7;0;1;1;1;1;
202300010451;155662029;B01;1;99;0;2;8;22;1;
202300010451;155662031;A01;1;30;0;2;2;17;3;
202300010452;155662028;A01;3;7;0;1;4;26;1;
202300010453;155662027;A01;2;7;13;0;2;1;1;
202300010454;155662026;A01;1;7;6;0;1;19;1;
202300010455;155662024;A01;1;33;5;0;8;1;1;
202300010456;155662021;A01;2;10;0;2;8;11;1;
202300010456;155662023;B01;2;33;0;2;7;2;1;
202300010457;155662020;A01;1;7;0;2;3;15;1;
202300010457;155662025;B01;1;7;0;2;2;1;1;
202300010458;155662018;A01;1;7;0;2;3;15;1;
202300010458;155662022;B01;1;30;0;2;1;1;1;
202300010459;155662014;A01;2;1;10;0;4;2;5;
202300010460;155662013;A01;2;7;0;2;3;11;1;
202300010460;155662015;B01;2;33;0;2;2;1;1;
202300010461;155662011;A01;1;7;0;2;5;17;1;
202300010461;155662019;B01;1;7;0;2;3;1;1;
202300010462;155662012;B01;1;37;0;2;1;1;2;1.0
202300010462;155662017;A01;2;30;0;2;1;1;1;
202300010463;155662010;A01;1;10;0;1;1;15;1;
202300010464;155662009;B01;2;7;0;2;3;15;2;
202300010464;155662016;A01;1;7;0;2;1;15;1;
202300010465;155662003;B01;2;7;0;2;1;1;1;
202300010465;155662007;A01;2;7;0;2;4;1;1;
202300010466;155662002;A01;2;7;0;1;1;1;1;
202300010467;155662008;A01;1;33;3;0;0;0;1;
202300010468;155662000;B01;3;7;0;0;3;0;1;
202300010468;155662006;A01;3;7;0;2;1;1;1;
202300010469;155662001;A01;2;7;0;2;1;16;1;
202300010469;155662004;B01;1;7;0;2;8;15;1;
202300010470;155661999;B01;2;33;0;2;1;13;1;
202300010470;155662005;A01;2;7;0;2;3;15;1;
202300010471;155661996;A01;1;31;0;2;1;3;1;
202300010471;155661998;B01;1;10;0;2;4;1;1;
202300010472;155661993;A01;1;7;0;2;8;15;1;
202300010472;155661997;B01;2;2;0;2;1;1;1;
202300010473;155661991;A01;1;7;10;0;2;14;1;
202300010473;155661994;B01;2;21;0;0;0;1;0;
202300010474;155661988;B01;3;2;0;2;8;15;1;
202300010474;155661995;A01;3;10;0;2;2;1;1;
202300010475;155661990;A01;1;50;0;1;1;25;3;
202300010476;155661987;A01;2;80;0;2;1;1;3;
202300010476;155661992;B01;2;7;0;2;8;1;1;
202300010477;155661982;B01;1;7;0;2;2;1;1;
202300010477;155661986;A01;1;7;0;2;6;20;1;
202300010478;155661981;A01;1;2;0;2;1;1;1;
202300010478;155661984;B01;2;2;0;2;1;13;1;
202300010479;155661980;A01;2;7;0;2;1;1;1;
202300010479;155661983;B01;2;7;0;2;4;1;1;
202300010479;155661985;D01;2;7;0;2;4;1;1;
202300010479;155661989;C01;2;7;0;2;4;1;1;
202300010480;155661979;A01;1;7;0;0;1;2;1;
202300010481;155661975;B01;2;7;0;2;4;20;1;
202300010481;155661978;A01;2;7;0;2;1;2;1;
202300010482;155661973;A01;1;37;0;1;0;26;1;1.0
202300010483;155661972;B01;1;7;4;2;8;0;1;
202300010483;155661974;A01;1;7;4;2;7;26;1;
202300010484;155661971;A01;3;21;0;2;1;16;1;
202300010484;155661977;B01;2;33;0;2;8;17;1;
202300010485;155661970;A01;1;2;15;0;8;26;1;
202300010486;155661965;A01;1;7;14;2;1;26;1;
202300010486;155661969;B01;2;7;0;2;3;26;6;
202300010487;155661963;B01;3;1;14;2;7;26;5;
202300010487;155661968;A01;3;10;14;2;1;9;0;
202300010488;155661964;B01;1;7;0;2;7;2;0;
202300010488;155661967;A01;1;2;0;2;8;2;1;
202300010489;155661962;B01;1;7;0;2;4;12;1;
202300010489;155661966;A01;1;34;0;2;1;3;1;
202300010490;155661961;A01;3;33;0;0;8;26;1;
202300010491;155661956;A01;3;7;15;0;1;1;1;
202300010492;155661954;A01;2;7;4;2;1;2;1;
202300010492;155661957;B01;2;14;4;2;4;2;1;
202300010493;155661955;A01;1;50;0;2;1;19;3;
202300010494;155661951;A01;1;2;0;2;7;17;1;
202300010494;155661952;B01;1;10;0;2;3;15;1;
202300010495;155661945;A01;2;7;14;0;1;2;1;
202300010496;155661948;A01;2;43;0;2;2;3;1;
202300010496;155661949;B01;2;33;0;2;3;2;1;
202300010496;155661953;C01;2;7;0;2;7;2;1;
202300010496;155661958;D01;2;7;0;2;7;2;1;
202300010497;155661947;A01;1;7;0;2;2;20;1;
202300010497;155661950;B01;2;33;0;2;1;2;1;
202300010498;155661942;A01;2;2;0;2;1;1;1;
202300010498;155661946;Z01;1;7;0;2;7;15;0;
202300010499;155661940;A01;2;33;0;2;1;13;1;
202300010499;155661943;B01;1;34;0;2;1;1;1;
202300010500;155661941;B01;1;33;0;2;2;1;1;
202300010500;155661944;A01;1;7;0;2;2;15;1;
202300010501;155661937;A01;2;7;3;2;3;1;1;
202300010501;155661939;B01;2;7;3;2;8;1;1;
202300010502;155661935;A01;1;33;0;6;1;2;1;
202300010503;155661934;A01;1;7;0;1;1;2;1;
202300010504;155661936;A01;1;7;0;2;1;2;1;
202300010504;155661938;Z01;1;7;0;2;4;2;1;
202300010505;155661933;A01;1;7;13;0;2;14;1;
202300010506;155661932;A01;1;7;14;0;1;16;1;
202300010507;155661931;A01;1;7;0;1;2;12;0;
202300010508;155661929;A01;1;7;13;0;3;0;1;
202300010509;155661930;A01;1;7;6;0;1;13;1;
202300010510;155661925;A01;3;7;0;2;1;15;1;
202300010510;155661927;B01;1;33;0;2;3;1;1;
202300010511;155661924;B01;1;7;0;2;4;2;1;
202300010511;155661926;Z01;1;7;0;2;1;2;1;
202300010512;155661923;A01;2;32;0;2;1;1;1;
202300010512;155661928;B01;2;33;0;2;4;16;1;
202300010513;155661920;A01;3;7;0;1;1;15;1;
202300010514;155661921;A01;2;33;6;0;1;14;6;
202300010515;155661917;A01;1;7;0;2;6;12;1;
202300010515;155661918;B01;1;33;0;2;2;3;1;
202300010516;155661919;A01;1;7;12;0;1;1;1;
202300010517;155661913;C01;2;7;0;2;1;23;1;
202300010517;155661916;A01;1;7;0;1;1;13;1;
202300010517;155661922;B01;2;7;0;0;3;23;1;
202300010518;155661911;Z01;2;7;0;2;0;10;1;
202300010518;155661915;A01;1;33;0;2;1;1;1;
202300010519;155661907;A01;1;33;0;2;1;3;1;
202300010519;155661912;B01;1;7;0;2;4;11;1;
202300010520;155661909;A01;3;7;0;2;5;15;0;
202300010520;155661914;B01;0;1;0;2;1;1;5;
202300010521;155661905;A01;2;7;0;2;1;1;1;
202300010521;155661908;B01;1;7;0;2;7;15;1;
202300010522;155661906;A01;1;50;0;2;3;1;3;
202300010522;155661910;Z01;1;7;0;2;3;1;0;
202300010523;155661902;A01;1;7;0;1;4;4;1;
202300010524;155661897;A01;2;1;0;6;5;26;5;
202300010525;155661896;B01;2;7;0;2;4;2;1;
202300010525;155661900;C01;2;7;0;2;4;2;1;
202300010525;155661903;A01;2;7;0;2;1;2;1;
202300010526;155661894;A01;1;7;0;2;1;0;1;
202300010526;155661899;B01;3;7;0;2;8;1;1;
202300010527;155661895;A01;1;7;0;2;8;10;1;
202300010527;155661898;B01;1;30;0;2;1;1;1;
202300010528;155661893;A01;1;7;0;2;3;17;1;
202300010528;155661901;B01;2;7;0;2;3;1;1;