Num_Acc;id_vehicule;num_veh;senc;catv;obs;obsm;choc;manv;motor;occutc
202300010529;155661891;A01;2;33;0;0;8;17;1;
202300010530;155661890;A01;2;15;15;2;7;26;1;
202300010530;155661892;B01;2;7;0;2;7;1;1;
202300010531;155661888;A01;1;7;0;2;3;1;1;
202300010531;155661889;B01;1;7;0;2;4;1;1;
202300010532;155661886;A01;2;7;0;1;1;1;1;
202300010533;155661884;A01;2;33;0;0;8;1;1;
202300010534;155661887;Z01;2;7;0;1;1;1;0;
202300010535;155661883;A01;1;7;0;2;7;19;1;
202300010535;155661885;B01;1;10;0;2;1;1;1;
202300010536;155661879;B01;1;7;0;2;3;1;1;
202300010536;155661882;A01;1;7;4;2;1;12;1;
202300010537;155661880;A01;1;7;13;0;9;0;1;
202300010538;155661877;A01;3;7;0;2;3;10;1;
202300010538;155661881;B01;3;33;0;2;1;1;1;
202300010539;155661874;Z01;2;34;0;2;1;17;1;
202300010539;155661876;A01;2;1;0;2;4;15;5;
202300010540;155661871;A01;0;7;1;2;9;26;1;
202300010541;155661872;A01;1;7;13;0;2;1;1;
202300010542;155661868;A01;2;33;0;2;1;3;1;
202300010542;155661870;B01;2;7;0;2;4;1;1;
202300010542;155661873;C01;2;7;0;2;4;1;1;
202300010543;155661866;B01;3;7;0;2;8;1;1;
202300010543;155661869;A01;3;10;0;2;1;1;1;
202300010544;155661865;A01;1;7;0;2;1;26;1;
202300010544;155661867;B01;1;7;0;0;4;1;1;
202300010545;155661863;A01;2;32;1;0;1;1;1;
202300010546;155661859;B01;2;33;0;2;7;1;1;
202300010546;155661862;A01;1;7;0;2;2;15;1;
202300010547;155661860;A01;1;50;0;2;1;1;3;
202300010547;155661864;B01;1;7;0;2;2;1;1;
202300010548;155661855;A01;0;7;2;0;0;1;1;
202300010549;155661856;A01;2;7;1;0;1;26;1;
202300010549;155661858;D01;2;7;0;2;4;24;1;
202300010550;155661853;A01;1;7;15;0;1;14;1;
202300010551;155661854;B01;1;7;0;2;4;1;1;
202300010551;155661861;A01;2;7;0;2;1;2;1;
202300010552;155661852;T01;1;60;0;2;1;19;5;
202300010552;155661857;A01;1;7;0;2;2;1;1;
202300010553;155661849;A01;2;1;0;2;3;15;5;
202300010553;155661851;B01;1;7;0;2;2;1;1;
202300010554;155661847;A01;3;10;8;0;2;1;1;
202300010555;155661846;B01;2;1;0;2;4;2;5;
202300010555;155661850;A01;2;33;0;9;1;2;1;
202300010556;155661845;A01;2;7;0;2;6;11;1;
202300010556;155661848;B01;2;43;0;2;2;1;1;
202300010557;155661842;A01;1;7;0;2;3;1;1;
202300010557;155661843;B01;2;7;0;2;3;1;1;
202300010558;155661840;A01;2;7;0;2;1;1;1;
202300010558;155661844;B01;1;7;0;2;1;1;1;
202300010559;155661835;B01;2;7;0;2;3;15;1;
202300010559;155661839;A01;2;32;0;2;7;17;1;
202300010560;155661834;A01;1;10;0;2;5;14;1;
202300010560;155661837;B01;1;33;0;2;1;3;1;
202300010561;155661836;A01;1;7;0;2;1;15;1;
202300010561;155661841;B01;2;33;0;2;1;1;1;
202300010562;155661828;A01;1;7;2;2;2;2;1;
202300010562;155661830;B01;1;1;0;2;8;2;5;
202300010563;155661825;A01;2;7;0;2;1;1;1;
202300010563;155661829;B01;2;10;0;2;4;1;1;
202300010564;155661826;B01;2;10;0;2;3;1;1;
202300010564;155661832;A01;1;10;0;2;3;13;1;
202300010565;155661823;A01;2;10;0;2;1;9;1;
202300010565;155661827;B01;2;7;0;2;7;2;1;
202300010566;155661824;Z01;2;50;0;1;1;1;3;
202300010567;155661822;A01;3;7;0;1;6;4;1;
202300010568;155661819;A01;1;2;0;2;8;17;1;
202300010568;155661821;B01;2;7;0;2;1;16;1;
202300010569;155661818;A01;1;7;0;2;8;1;1;
202300010569;155661820;B01;1;15;0;2;2;12;1;
202300010570;155661817;A01;2;7;8;0;5;26;1;
202300010571;155661815;A01;2;7;0;1;8;17;1;
202300010572;155661810;A01;3;7;0;2;1;2;1;
202300010572;155661814;B01;3;7;0;2;4;2;1;
202300010573;155661811;B01;2;7;0;2;3;15;1;
202300010573;155661816;A01;2;1;0;2;2;5;5;
202300010574;155661807;A01;1;7;0;2;3;13;1;
202300010574;155661812;B01;2;7;0;2;3;1;1;
202300010575;155661806;A01;2;33;0;2;1;3;1;
202300010575;155661809;B01;2;10;0;2;0;12;1;
202300010575;155661813;C01;2;7;0;2;6;1;1;
202300010576;155661803;A01;1;30;12;0;8;1;1;
202300010577;155661804;B01;2;33;0;2;7;17;1;
202300010577;155661808;A01;2;7;0;2;8;15;1;
202300010578;155661801;A01;3;7;0;2;3;10;1;
202300010578;155661805;B01;3;43;0;2;1;1;1;
202300010579;155661802;A01;2;31;12;2;7;14;3;
202300010580;155661797;A01;1;7;0;2;3;18;1;
202300010580;155661799;B01;1;7;3;2;2;12;1;
202300010581;155661796;A01;1;7;0;0;6;15;1;
202300010581;155661798;B01;1;33;0;2;1;17;1;
202300010581;155661800;C01;1;33;0;2;1;17;1;
202300010582;155661794;A01;1;31;12;0;1;1;1;
202300010583;155661791;B01;1;13;0;2;7;16;1;
202300010583;155661795;A01;1;50;0;2;1;25;3;
202300010584;155661787;A01;2;43;0;2;1;12;1;
202300010584;155661792;B01;2;7;0;2;4;1;1;
202300010585;155661790;A01;1;7;0;2;2;16;1;
202300010585;155661793;B01;1;80;0;2;3;1;3;
202300010586;155661786;A01;2;7;0;2;8;10;1;
202300010586;155661789;B01;2;7;0;2;1;1;1;
202300010587;155661784;A01;2;15;0;2;6;1;0;
202300010587;155661788;B01;1;7;0;2;3;1;0;
202300010588;155661779;A01;1;7;16;0;0;1;1;
202300010589;155661780;A01;1;33;0;0;0;1;1;
202300010590;155661778;C01;1;99;0;2;0;0;3;
202300010590;155661781;A01;1;7;0;2;0;9;1;
202300010590;155661783;B01;2;7;0;2;0;0;1;
202300010591;155661782;A01;1;2;0;2;1;13;1;
202300010591;155661785;B01;2;7;0;2;3;1;1;
202300010592;155661777;A01;3;7;0;1;2;0;1;
202300010593;155661775;A01;3;21;13;0;9;15;1;
202300010594;155661774;A01;2;7;1;0;7;14;3;
202300010595;155661770;A01;2;7;0;2;3;13;1;
202300010595;155661772;B01;1;13;13;2;8;1;1;
202300010595;155661776;C01;1;10;8;2;8;1;1;
202300010596;155661768;B01;1;10;0;2;0;15;1;
202300010596;155661773;A01;1;7;0;2;1;21;2;
202300010597;155661765;A01;2;7;1;0;2;14;2;
202300010598;155661766;A01;1;33;0;2;1;1;1;
202300010598;155661771;B01;2;10;0;2;3;13;1;
202300010599;155661764;A01;1;7;0;2;1;1;1;
202300010599;155661769;B01;1;2;0;2;4;1;1;
202300010600;155661763;A01;3;2;0;2;0;16;1;
202300010600;155661767;B01;3;2;0;2;0;12;1;
202300010601;155661759;B01;1;7;0;2;1;1;1;
202300010601;155661762;A01;2;33;0;2;1;17;1;
202300010602;155661758;A01;3;7;8;0;1;2;1;
202300010603;155661753;A01;1;2;0;2;1;1;1;
202300010603;155661756;B01;1;50;0;2;4;2;3;
202300010604;155661752;A01;2;34;0;2;7;1;1;
202300010604;155661761;Z01;2;10;0;2;1;1;1;
202300010605;155661754;A01;2;1;0;2;2;1;5;
202300010605;155661757;C01;0;1;0;2;1;0;5;
202300010606;155661750;A01;2;17;0;0;2;2;1;
202300010606;155661751;B01;2;1;0;0;4;2;5;
202300010607;155661748;A01;1;33;13;0;1;1;1;
202300010608;155661746;B01;2;10;0;2;5;24;0;
202300010608;155661749;Z01;1;7;1;1;1;21;0;
202300010609;155661745;A01;3;7;6;1;2;1;2;
202300010610;155661742;A01;2;10;0;2;3;13;0;
202300010610;155661744;B01;1;33;0;2;3;1;1;
202300010611;155661741;A01;3;7;0;2;2;1;1;
202300010611;155661747;B01;3;33;0;2;8;1;1;
202300010612;155661739;A01;0;10;0;2;1;2;0;
202300010612;155661743;B01;0;7;0;0;0;0;0;
202300010613;155661736;B01;1;14;0;2;1;23;1;
202300010613;155661740;A01;2;7;0;2;1;13;1;
202300010614;155661734;B01;2;10;0;2;3;1;1;
202300010614;155661738;A01;1;7;0;2;3;13;1;
202300010615;155661732;A01;2;7;0;2;6;15;1;
202300010615;155661737;B01;2;1;0;2;1;1;5;
202300010616;155661730;A01;3;7;0;2;3;0;1;
202300010616;155661733;B01;2;33;0;2;3;0;1;
202300010617;155661731;B01;1;1;0;2;0;1;5;
202300010617;155661735;A01;1;7;0;2;8;22;1;
202300010618;155661729;A01;0;7;0;1;6;20;0;
202300010619;155661728;A01;3;7;0;1;1;26;1;
202300010620;155661727;A01;2;38;2;0;7;16;1;3.0
202300010621;155661721;B01;2;7;0;0;3;1;0;
202300010621;155661726;A01;1;7;0;0;3;1;0;
202300010622;155661722;A01;2;7;0;2;1;5;0;
202300010622;155661725;B01;2;7;0;2;1;1;1;
202300010623;155661719;A01;0;7;0;2;5;22;1;
202300010623;155661723;B01;0;1;1;0;1;1;5;
202300010624;155661720;A01;3;7;0;2;3;2;1;
202300010624;155661724;B01;3;7;0;2;5;23;1;
202300010625;155661718;B01;2;7;0;1;5;23;1;
202300010626;155661717;A01;3;2;7;0;3;26;0;
202300010627;155661714;A01;1;7;0;9;1;1;0;
202300010627;155661716;B01;1;1;0;0;4;1;5;
202300010628;155661713;A01;1;10;0;1;1;1;0;
202300010629;155661711;A01;1;33;0;2;1;12;1;
202300010629;155661715;B01;1;17;0;0;6;2;0;
202300010630;155661712;A01;1;10;0;1;2;0;1;
202300010631;155661707;A01;1;7;0;1;2;21;1;
202300010632;155661708;A01;3;7;0;2;5;16;1;
202300010632;155661709;B01;3;1;0;2;1;1;5;
202300010633;155661705;B01;1;33;0;2;8;16;1;
202300010633;155661710;A01;1;7;0;2;7;14;1;
202300010634;155661706;A01;1;33;14;0;8;1;1;
202300010635;155661703;A01;2;7;1;0;3;1;1;
202300010635;155661704;B01;2;17;0;0;0;24;1;
202300010636;155661699;A01;1;10;0;2;1;26;1;
202300010636;155661702;B01;1;1;0;2;0;0;5;
202300010637;155661697;A01;3;7;0;2;4;26;1;
202300010637;155661700;B01;3;30;0;2;4;26;1;
202300010638;155661696;B01;3;32;0;2;2;1;1;
202300010638;155661701;A01;3;7;0;2;3;13;1;
202300010639;155661694;B01;2;1;1;2;7;1;5;
202300010639;155661698;A01;2;10;0;2;4;4;1;
202300010640;155661692;B01;1;7;0;2;8;1;1;
202300010640;155661695;A01;3;7;0;2;1;1;1;
202300010641;155661693;A01;2;7;4;0;2;14;1;
202300010642;155661687;A01;2;10;0;2;1;2;1;
202300010642;155661690;B01;2;7;0;2;4;23;1;
202300010643;155661688;B01;0;1;0;2;7;1;5;
202300010643;155661691;A01;0;7;0;2;1;9;1;
202300010644;155661683;A01;1;7;0;2;3;10;1;
202300010644;155661686;B01;1;33;1;2;1;2;1;
202300010644;155661689;C01;2;7;0;2;3;23;1;
202300010645;155661682;A01;3;7;0;1;4;4;1;
202300010646;155661681;B01;2;7;14;2;2;1;1;
202300010646;155661685;A01;2;7;0;2;3;9;1;
202300010647;155661679;A01;1;34;0;0;1;9;1;
202300010648;155661676;B01;3;80;0;2;7;19;3;
202300010648;155661680;A01;2;7;0;2;3;1;1;
202300010649;155661678;A01;2;7;5;2;0;0;0;
202300010649;155661684;B01;2;7;5;2;0;0;0;
202300010650;155661674;A01;1;10;0;1;1;16;1;
202300010651;155661673;EA01;2;3;0;2;3;26;1;
202300010651;155661675;B01;2;50;0;0;0;0;3;
202300010652;155661668;B01;0;7;0;2;4;26;1;
202300010652;155661670;A01;0;1;0;2;1;2;5;
202300010653;155661665;B01;3;50;0;0;8;1;3;
202300010653;155661672;A01;3;7;0;9;3;1;1;
202300010654;155661663;B01;1;7;1;0;0;0;1;
202300010654;155661671;A01;1;32;1;0;3;16;0;
202300010655;155661664;A01;2;7;0;2;1;2;1;
202300010655;155661669;B01;2;7;0;0;4;1;1;
202300010656;155661662;B01;2;2;0;2;1;1;1;
202300010656;155661667;A01;2;10;0;2;8;10;1;
202300010657;155661661;B01;1;10;0;2;2;2;1;
202300010657;155661666;A01;2;3;0;2;3;2;1;
202300010658;155661657;A01;3;7;0;2;3;13;1;
202300010658;155661660;B01;3;7;0;2;3;1;1;
202300010659;155661658;B01;2;7;0;1;3;12;0;
202300010660;155661655;B01;1;40;0;2;3;1;3;
202300010660;155661659;A01;1;1;0;4;3;17;5;
202300010661;155661650;A01;1;30;0;2;1;3;1;
202300010661;155661654;B01;1;7;0;2;2;1;1;
202300010661;155661656;C01;1;7;0;2;8;0;1;
202300010662;155661647;A01;3;7;0;2;1;1;1;
202300010662;155661652;B01;3;7;0;2;2;15;1;
202300010663;155661649;A01;2;33;0;2;6;1;1;
202300010663;155661653;B01;2;7;0;2;2;14;1;
202300010664;155661644;A01;1;7;0;4;3;15;1;
202300010664;155661646;B01;2;40;0;2;2;1;3;
202300010665;155661642;A01;0;7;6;0;3;1;1;
202300010666;155661643;B01;1;7;0;2;3;1;1;
202300010666;155661645;A01;1;32;0;2;2;19;1;
202300010667;155661640;A01;0;3;0;0;1;0;-1;
202300010668;155661639;A01;2;7;0;1;1;1;1;
202300010669;155661638;A01;1;1;0;1;1;1;5;
202300010670;155661637;B01;1;2;0;2;1;1;1;
202300010670;155661641;A01;1;7;0;2;3;1;1;
202300010671;155661633;A01;1;7;0;2;1;1;1;
202300010671;155661635;B01;2;7;0;2;1;1;1;
202300010672;155661632;A01;2;7;0;2;3;13;1;
202300010672;155661636;B01;1;7;0;2;3;1;1;
202300010673;155661628;B01;1;1;0;0;8;26;5;
202300010673;155661634;A01;2;30;0;0;1;1;1;
202300010674;155661631;A01;2;32;1;0;4;1;0;
202300010675;155661627;A01;1;7;13;0;2;1;1;
202300010676;155661625;A01;2;7;0;2;1;2;1;
202300010676;155661630;B01;2;7;0;2;4;2;1;
202300010677;155661623;B01;2;7;0;2;3;1;1;
202300010677;155661626;A01;1;7;0;2;3;13;1;
202300010678;155661622;A01;3;2;0;2;1;21;1;
202300010678;155661629;B01;3;7;0;2;3;1;1;
202300010679;155661621;A01;2;32;0;2;2;13;0;
202300010679;155661624;B01;2;7;0;2;2;1;0;
202300010680;155661620;A01;1;50;0;0;0;25;3;
202300010681;155661617;A01;2;7;0;1;2;1;1;
202300010682;155661615;A01;1;7;0;0;8;0;0;
202300010682;155661618;B01;2;32;0;2;1;1;0;
202300010683;155661611;B01;2;2;0;2;1;17;0;
202300010683;155661616;A01;2;10;0;0;8;26;0;
202300010684;155661610;B01;2;30;0;2;1;1;1;
202300010684;155661614;A01;1;32;0;2;1;13;1;
202300010685;155661608;A01;1;7;0;2;3;13;1;
202300010685;155661612;B01;2;7;8;2;8;1;0;
202300010685;155661619;C01;2;10;0;2;1;1;1;
202300010686;155661607;A01;1;33;3;5;1;21;1;
202300010687;155661606;A01;1;7;0;2;2;1;1;
202300010687;155661613;B01;1;30;0;2;3;3;1;
202300010688;155661605;A01;1;7;0;2;1;1;1;
202300010688;155661609;B01;1;7;0;2;4;1;1;
202300010689;155661603;A01;0;2;0;0;7;1;1;
202300010690;155661602;B01;3;2;0;2;8;18;1;
202300010690;155661604;A01;3;7;0;2;2;16;1;
202300010691;155661598;A01;2;7;2;0;1;1;1;
202300010692;155661597;B01;2;80;0;2;1;1;3;
202300010692;155661600;A01;2;7;0;2;7;20;1;
202300010693;155661601;A01;1;10;8;1;2;14;1;
202300010694;155661595;A01;1;7;0;0;9;21;1;
202300010695;155661596;A01;1;0;0;0;0;0;0;
202300010695;155661599;B01;1;2;0;0;0;0;1;
202300010696;155661592;B01;1;34;0;2;7;0;1;
202300010696;155661594;A01;1;7;0;2;1;9;1;
202300010697;155661589;A01;3;50;16;0;0;1;3;
202300010698;155661587;A01;1;7;6;0;8;0;1;
202300010699;155661588;A01;1;7;0;0;2;15;1;
202300010699;155661593;B01;2;7;0;2;1;1;1;
202300010700;155661586;A01;1;7;0;2;7;17;1;
202300010700;155661590;B01;1;30;0;2;8;1;1;
202300010701;155661583;A01;1;10;0;2;3;2;1;
202300010701;155661585;B01;1;7;0;2;4;1;1;
202300010701;155661591;C01;1;7;0;2;1;2;1;
202300010702;155661582;A01;1;7;0;2;1;15;1;
202300010702;155661584;B01;1;32;0;2;1;2;1;
202300010703;155661581;A01;3;7;1;0;1;13;1;
202300010704;155661580;A01;0;33;0;0;0;15;1;
202300010705;155661577;A01;1;7;0;1;2;23;2;
202300010706;155661575;A01;2;7;0;0;0;0;2;
202300010707;155661578;A01;3;7;13;0;1;1;1;
202300010708;155661574;A01;1;7;0;2;1;5;1;
202300010708;155661579;B01;1;7;0;2;1;1;1;
202300010709;155661572;B01;3;1;0;2;1;9;5;
202300010709;155661576;A01;3;7;0;2;8;9;0;
202300010710;155661571;A01;2;7;0;2;1;1;1;
202300010710;155661573;B01;2;15;0;2;4;1;1;
202300010711;155661569;A01;1;7;2;0;3;13;1;
202300010712;155661568;A01;2;7;15;0;1;13;1;
202300010713;155661570;A01;3;7;0;1;1;15;1;
202300010714;155661564;A01;1;10;0;0;9;14;1;
202300010715;155661563;A01;1;7;0;2;1;2;1;
202300010715;155661566;B01;1;7;0;2;4;1;1;
202300010716;155661562;B01;2;7;0;2;2;15;1;
202300010716;155661565;A01;1;33;0;2;1;1;1;
202300010717;155661560;A01;1;7;16;0;9;13;1;
202300010718;155661559;A01;2;7;0;0;3;17;1;
202300010718;155661567;B01;1;7;0;0;3;1;1;
202300010719;155661558;B01;3;30;0;2;1;1;3;
202300010719;155661561;A01;3;7;0;2;3;15;1;
202300010720;155661553;A01;1;3;0;2;3;16;1;
202300010720;155661557;B01;2;7;0;2;2;1;1;
202300010721;155661552;A01;1;7;0;2;3;16;1;
202300010721;155661556;B01;1;1;0;2;7;1;5;
202300010722;155661550;A01;-1;33;0;1;1;0;1;
202300010723;155661548;A01;2;7;0;2;1;0;1;
202300010723;155661551;B01;2;7;0;2;4;0;1;
202300010723;155661555;C01;2;7;0;2;0;0;1;
202300010724;155661549;B01;1;7;0;2;4;15;1;
202300010724;155661554;A01;1;33;0;2;1;1;1;
202300010725;155661545;B01;1;7;0;9;4;10;0;
202300010725;155661547;A01;1;50;0;2;4;1;3;
202300010726;155661543;A01;1;7;0;1;2;1;1;
202300010727;155661540;A01;0;33;12;0;1;1;1;
202300010728;155661538;A01;1;7;3;2;1;12;1;
202300010728;155661541;B01;1;7;0;0;4;1;1;
202300010729;155661537;A01;2;7;0;2;2;15;1;
202300010729;155661542;B01;1;33;0;2;8;1;1;
202300010730;155661532;A01;1;10;3;2;1;1;1;
202300010730;155661536;B01;1;7;0;0;4;2;1;
202300010730;155661539;C01;1;7;0;0;4;2;1;
202300010730;155661544;D01;1;7;0;0;4;2;1;
202300010730;155661546;E01;1;7;0;0;4;2;1;
202300010731;155661531;A01;1;7;16;0;9;13;1;
202300010732;155661529;A01;2;7;13;0;1;14;1;
202300010733;155661530;A01;2;33;0;2;0;26;1;
202300010733;155661534;B01;1;7;0;2;0;23;1;
202300010734;155661526;A01;0;7;0;2;1;11;1;
202300010734;155661528;B01;0;7;0;2;4;1;1;
202300010734;155661533;C01;0;7;0;2;2;1;1;
202300010734;155661535;D01;0;7;0;2;0;1;1;
202300010735;155661524;A01;2;34;0;2;3;1;1;
202300010735;155661527;B01;3;7;0;0;8;2;0;
202300010736;155661520;B01;2;7;0;2;1;1;1;
202300010736;155661525;A01;1;33;0;2;1;13;1;
202300010737;155661519;A01;1;7;0;0;4;23;1;
202300010737;155661523;B01;1;7;0;2;1;2;1;
202300010738;155661517;B01;2;1;0;2;1;1;5;
202300010738;155661521;A01;1;7;0;2;1;15;1;
202300010739;155661514;A01;2;33;0;0;0;2;1;
202300010740;155661511;A01;0;33;0;0;4;1;1;
202300010741;155661510;A01;1;10;0;2;1;2;1;
202300010741;155661513;B01;1;13;0;2;4;2;1;
202300010742;155661505;B01;1;1;0;2;3;1;5;
202300010742;155661509;A01;1;7;0;9;3;15;1;
202300010743;155661507;A01;3;7;0;1;1;2;1;
202300010744;155661504;A01;2;7;0;2;1;1;1;
202300010744;155661508;B01;1;7;0;2;1;1;1;
202300010745;155661503;A01;0;33;13;0;1;1;1;
202300010746;155661501;A01;3;7;2;2;1;14;1;
202300010747;155661500;A01;1;7;0;2;1;2;1;
202300010747;155661506;B01;1;7;0;2;1;23;1;
202300010747;155661512;C01;1;7;0;0;4;23;1;
202300010747;155661515;D01;1;7;0;2;3;21;1;
202300010747;155661522;E01;1;10;0;2;3;1;1;
202300010748;155661497;A01;2;7;0;2;1;1;1;
202300010748;155661502;B01;2;7;0;0;4;2;1;
202300010749;155661496;A01;1;33;0;2;1;1;1;
202300010749;155661499;B01;1;7;0;0;8;10;1;
202300010750;155661492;A01;1;7;0;1;1;1;1;
202300010751;155661493;A01;1;7;0;2;3;13;1;
202300010751;155661494;B01;2;7;4;2;3;1;1;
202300010752;155661491;B01;3;1;0;2;3;1;5;
202300010752;155661495;A01;3;7;0;2;2;19;1;
202300010753;155661486;A01;1;7;0;2;6;1;1;
202300010753;155661490;B01;1;33;0;2;1;1;1;
202300010754;155661484;A01;3;37;0;1;1;1;6;5.0
202300010755;155661489;A01;2;7;12;0;1;1;1;
202300010756;155661487;A01;3;7;2;0;3;1;1;
202300010757;155661483;A01;1;7;13;2;2;17;1;
202300010757;155661488;B01;1;14;0;0;3;1;1;
202300010758;155661482;A01;3;7;0;2;1;13;1;
202300010758;155661485;B01;3;7;0;2;1;1;1;
202300010759;155661481;A01;1;7;17;0;2;14;1;
202300010760;155661479;A01;1;7;11;0;2;1;1;
202300010761;155661477;A01;1;7;0;1;3;1;1;
202300010762;155661475;A01;1;7;12;2;7;26;1;
202300010763;155661476;B01;3;33;0;2;3;1;1;
202300010763;155661480;A01;3;7;0;2;1;19;1;
202300010764;155661474;B01;1;1;0;2;8;19;5;
202300010764;155661478;A01;1;10;0;9;3;1;1;
202300010765;155661472;A01;1;33;13;0;1;1;1;
202300010766;155661468;A01;2;7;0;2;1;13;1;
202300010766;155661473;B01;1;38;0;2;1;1;1;2.0
202300010767;155661467;A01;1;7;0;2;1;0;6;
202300010767;155661469;B01;1;7;0;2;4;0;0;
202300010768;155661466;A01;2;7;0;2;3;1;1;
202300010768;155661471;B01;1;7;0;2;8;1;1;
202300010769;155661465;A01;0;7;0;1;6;20;1;
202300010770;155661461;A01;2;7;0;2;6;10;1;
202300010770;155661470;B01;2;7;0;2;1;1;1;
202300010771;155661459;Z01;1;0;0;2;3;1;0;
202300010771;155661463;A01;1;34;0;2;6;1;1;
202300010772;155661462;A01;1;7;13;0;1;1;1;
202300010773;155661458;A01;2;7;0;2;1;17;1;
202300010773;155661464;B01;1;7;0;2;1;1;1;
202300010774;155661456;A01;1;7;0;2;3;13;1;
202300010774;155661460;B01;2;7;0;2;1;1;1;
202300010775;155661455;B01;1;15;0;2;1;1;1;
202300010775;155661457;A01;2;7;0;2;1;13;1;
202300010776;155661451;A01;2;7;0;1;1;1;1;
202300010777;155661450;A01;0;7;2;0;0;0;1;
202300010778;155661448;B01;3;7;0;2;1;1;1;
202300010778;155661453;A01;3;32;0;2;1;1;1;
202300010779;155661449;Z01;1;7;0;9;1;0;1;
202300010779;155661454;B01;2;60;0;2;1;1;5;
202300010780;155661447;A01;2;31;0;2;1;0;1;
202300010780;155661452;B01;1;7;0;2;3;19;2;
202300010781;155661442;A01;1;7;0;2;1;13;1;
202300010781;155661446;B01;2;7;0;2;1;1;1;
202300010782;155661440;A01;3;7;12;0;1;1;1;
202300010783;155661437;A01;2;7;0;2;1;17;1;
202300010783;155661443;B01;2;2;0;2;4;2;1;
202300010784;155661438;A01;1;7;0;2;1;2;1;
202300010784;155661441;B01;1;7;0;2;4;2;1;
202300010784;155661444;C01;1;7;0;0;4;1;1;
202300010785;155661436;A01;2;7;13;2;3;5;1;
202300010785;155661439;B01;1;7;0;2;3;1;1;
202300010785;155661445;C01;1;7;0;2;3;1;1;
202300010786;155661434;B01;2;33;0;2;1;1;1;
202300010786;155661435;A01;1;7;0;2;2;15;0;
202300010787;155661428;B01;0;7;0;2;3;1;1;
202300010787;155661432;A01;0;7;0;2;2;1;1;
202300010788;155661425;B01;1;7;0;2;2;9;1;
202300010788;155661431;A01;1;7;0;2;8;1;1;
202300010789;155661426;A01;2;7;0;2;1;1;1;
202300010789;155661433;B01;1;7;0;2;3;19;1;
202300010790;155661424;C01;2;7;0;2;4;2;1;
202300010790;155661427;B01;2;7;0;2;4;2;1;
202300010790;155661429;A01;2;7;0;2;1;2;1;
202300010791;155661422;A01;3;7;0;2;5;15;1;
202300010791;155661430;Z01;3;7;0;2;1;1;0;
202300010792;155661420;A01;2;7;9;0;1;1;1;
202300010793;155661419;B01;0;7;0;2;1;1;1;
202300010793;155661423;A01;0;7;0;2;1;1;1;
202300010794;155661417;A01;3;7;1;0;3;13;1;
202300010795;155661416;A01;1;33;0;2;1;13;1;
202300010795;155661418;B01;2;7;0;2;3;1;1;
202300010796;155661414;B01;1;7;0;2;2;1;1;
202300010796;155661421;A01;2;33;0;2;1;1;1;
202300010797;155661412;B01;3;10;0;2;0;16;1;
202300010797;155661415;A01;3;50;0;2;7;16;3;
202300010798;155661411;A01;1;15;0;2;3;13;1;
202300010798;155661413;B01;2;7;0;2;3;1;1;
202300010799;155661409;A01;0;7;1;1;1;1;1;
202300010800;155661407;A01;0;7;0;2;2;19;1;
202300010800;155661410;B01;3;7;0;2;8;19;1;
202300010801;155661406;A01;1;33;0;2;2;17;1;
202300010801;155661408;B01;2;33;0;2;1;1;1;
202300010802;155661405;A01;2;10;6;0;3;1;1;
202300010803;155661403;A01;2;2;2;0;1;1;1;
202300010804;155661402;B01;1;7;0;2;4;23;1;
202300010804;155661404;A01;1;7;0;2;1;2;1;
202300010805;155661400;A01;1;7;0;1;9;1;1;
202300010806;155661398;A01;1;7;0;9;2;2;0;
202300010806;155661401;B01;1;1;0;0;4;2;5;
202300010807;155661396;A01;1;7;0;2;8;13;1;
202300010807;155661399;B01;2;7;0;2;8;1;1;
202300010808;155661395;A01;3;33;0;0;7;2;1;
202300010809;155661393;A01;1;7;0;2;1;13;1;
202300010809;155661397;B01;2;7;0;2;1;1;1;
202300010810;155661390;A01;3;60;0;2;1;1;5;
202300010810;155661394;B01;3;7;0;9;1;1;1;
202300010811;155661389;B01;0;7;0;2;1;1;1;
202300010811;155661392;A01;3;7;0;2;3;16;1;
202300010812;155661387;A01;3;7;6;0;1;1;1;
202300010813;155661386;A01;2;7;6;0;2;1;1;
202300010814;155661385;A01;1;33;6;2;1;18;1;
202300010814;155661388;B01;2;7;0;2;6;15;1;
202300010814;155661391;C01;2;7;0;2;3;1;1;
202300010815;155661383;A01;3;7;0;1;3;1;0;
202300010816;155661384;A01;3;50;0;1;1;2;3;
202300010817;155661381;A01;1;7;2;0;3;0;2;
202300010818;155661380;A01;1;7;2;0;1;14;1;
202300010819;155661378;A01;2;7;0;2;1;13;1;
202300010819;155661382;B01;1;7;0;2;1;1;3;
202300010820;155661375;A01;2;33;0;2;1;1;1;
202300010820;155661379;B01;2;7;0;2;3;15;1;
202300010821;155661374;A01;0;7;2;0;2;0;1;
202300010822;155661373;A01;2;33;0;2;1;1;1;
202300010822;155661377;B01;2;7;0;2;7;10;0;
202300010823;155661372;A01;1;7;8;0;1;17;1;
202300010824;155661370;A01;2;32;8;0;1;15;1;
202300010825;155661367;A01;2;32;0;0;9;1;1;
202300010826;155661368;A01;0;7;15;0;1;0;1;
202300010827;155661364;A01;2;7;0;1;1;1;1;
202300010828;155661365;A01;1;7;0;2;1;5;1;
202300010828;155661369;B01;2;7;0;2;1;1;1;
202300010829;155661362;A01;1;7;0;2;3;9;0;