Num_Acc;id_vehicule;num_veh;senc;catv;obs;obsm;choc;manv;motor;occutc
202300011434;155660297;B01;2;7;0;2;2;2;1;
202300011434;155660300;A01;2;7;0;2;6;11;1;
202300011435;155660296;B01;2;33;0;2;1;1;1;
202300011435;155660298;A01;1;7;0;2;7;15;1;
202300011436;155660295;A01;1;7;14;0;3;12;1;
202300011437;155660293;A01;2;7;0;2;3;1;3;
202300011437;155660294;B01;1;7;0;2;3;1;1;
202300011438;155660290;A01;1;1;1;0;1;1;5;
202300011439;155660289;B01;1;7;4;2;6;1;0;
202300011439;155660291;C01;1;7;0;2;1;2;0;
202300011439;155660292;A01;1;17;0;2;2;12;0;
202300011440;155660285;A01;0;2;0;0;3;25;1;
202300011441;155660283;A01;1;7;12;0;3;1;1;
202300011442;155660284;A01;2;10;0;2;4;1;1;
202300011442;155660286;B01;2;7;4;2;9;1;1;
202300011442;155660287;C01;2;10;0;2;4;0;1;
202300011443;155660282;A01;1;7;0;1;1;1;0;
202300011444;155660280;A01;3;7;10;0;0;24;1;
202300011445;155660278;A01;1;15;0;2;1;1;1;
202300011445;155660279;B01;1;15;0;2;4;1;1;
202300011445;155660281;C01;1;15;0;2;4;1;1;
202300011446;155660277;A01;2;2;0;0;0;1;1;
202300011447;155660275;A01;1;33;0;0;6;1;1;
202300011448;155660274;A01;2;33;0;2;2;3;1;
202300011448;155660276;B01;2;7;0;2;3;11;1;
202300011449;155660271;A01;2;7;0;0;4;23;1;
202300011449;155660272;B01;2;7;0;2;1;2;1;
202300011449;155660273;C01;2;10;0;2;1;2;0;
202300011450;155660270;A01;2;38;10;0;1;1;1;16.0
202300011451;155660267;A01;1;7;0;1;4;4;1;
202300011452;155660268;A01;1;7;0;2;5;2;1;
202300011452;155660269;B01;1;31;0;2;1;18;1;
202300011453;155660264;A01;1;7;0;2;1;13;1;
202300011453;155660266;B01;2;7;0;2;1;1;1;
202300011454;155660260;A01;1;7;0;2;3;13;1;
202300011454;155660262;B01;2;2;0;2;1;1;1;
202300011455;155660259;A01;1;7;9;0;8;1;1;
202300011456;155660261;A01;2;10;0;2;4;23;1;
202300011456;155660263;B01;2;7;0;2;4;1;1;
202300011456;155660265;C01;2;10;0;2;1;1;1;
202300011457;155660257;A01;1;7;15;0;3;13;1;
202300011458;155660254;A01;1;7;0;2;1;1;1;
202300011458;155660255;B01;1;7;3;2;4;1;1;
202300011458;155660256;C01;1;7;3;2;4;1;1;
202300011458;155660258;D01;1;7;3;2;7;1;1;
202300011459;155660252;A01;2;17;0;2;1;1;1;
202300011459;155660253;B01;1;10;0;0;7;1;1;
202300011460;155660249;A01;1;10;3;2;2;2;1;
202300011460;155660250;B01;1;15;0;2;6;2;1;
202300011461;155660245;A01;1;7;3;0;8;0;1;
202300011461;155660247;B01;1;7;14;0;1;1;1;
202300011462;155660246;A01;1;10;0;2;6;1;3;
202300011462;155660248;B01;1;7;14;0;3;1;1;
202300011462;155660251;C01;1;33;0;2;1;0;1;
202300011463;155660242;A01;2;7;0;2;2;14;1;
202300011463;155660244;B01;2;17;0;2;8;1;1;
202300011464;155660238;A01;1;7;0;2;4;23;1;
202300011464;155660241;B01;1;7;0;2;1;2;1;
202300011464;155660243;C01;1;10;0;2;3;1;1;
202300011465;155660234;B01;3;10;0;2;3;1;1;
202300011465;155660236;A01;3;14;3;2;2;19;1;
202300011466;155660230;B01;1;7;14;0;2;1;1;
202300011466;155660232;C01;1;7;14;0;1;1;1;
202300011466;155660233;A01;1;7;0;0;0;0;1;
202300011467;155660229;A01;2;7;0;2;1;1;1;
202300011467;155660231;B01;1;7;0;2;1;9;1;
202300011468;155660227;A01;2;10;0;2;2;1;1;
202300011468;155660228;B01;2;2;0;2;3;10;1;
202300011469;155660225;A01;2;7;13;0;2;14;1;
202300011470;155660224;A01;2;50;0;2;1;1;3;
202300011470;155660226;B01;1;7;0;2;7;1;1;
202300011471;155660222;A01;1;7;0;2;1;13;3;
202300011471;155660223;B01;2;7;0;2;3;1;1;
202300011472;155660218;C01;2;7;0;2;1;1;1;
202300011472;155660219;B01;2;7;0;2;1;1;1;
202300011472;155660220;A01;2;7;0;2;2;13;1;
202300011473;155660217;B01;0;7;0;2;1;1;1;
202300011473;155660221;A01;0;3;0;2;1;16;1;
202300011474;155660216;A01;3;35;12;0;5;2;1;
202300011475;155660213;A01;1;7;3;0;1;26;1;
202300011476;155660214;A01;1;7;0;2;3;1;0;
202300011476;155660215;B01;2;7;0;2;2;15;0;
202300011477;155660211;A01;2;7;0;2;1;17;1;
202300011477;155660212;B01;1;10;0;2;1;1;1;
202300011478;155660207;B01;2;7;0;2;1;0;1;
202300011478;155660210;A01;2;7;0;2;2;1;1;
202300011479;155660205;C01;2;7;0;2;1;1;1;
202300011479;155660206;B01;1;7;0;2;1;1;1;
202300011479;155660208;A01;2;7;0;2;1;5;1;
202300011479;155660209;D01;1;7;0;2;1;1;1;
202300011480;155660204;A01;2;7;0;1;1;1;1;
202300011481;155660202;A01;1;7;0;2;1;13;1;
202300011481;155660203;B01;2;7;0;2;1;1;1;
202300011482;155660199;B01;3;33;0;2;7;1;1;
202300011482;155660201;A01;0;80;12;2;1;2;3;
202300011483;155660198;A01;1;7;7;2;1;2;1;
202300011483;155660200;B01;1;7;7;2;1;2;1;
202300011484;155660195;B01;3;50;0;2;7;19;3;
202300011484;155660196;A01;3;7;0;2;1;9;1;
202300011485;155660194;A01;1;7;0;2;1;2;1;
202300011485;155660197;B01;1;7;0;2;0;0;1;
202300011486;155660193;A01;3;7;0;1;8;1;0;
202300011487;155660191;A01;1;17;0;2;2;1;1;
202300011487;155660192;B01;1;7;0;2;3;9;1;
202300011488;155660187;A01;1;15;0;2;5;12;1;
202300011488;155660189;B01;1;7;0;2;7;1;1;
202300011489;155660188;A01;1;7;0;2;1;13;1;
202300011489;155660190;B01;2;7;0;2;1;1;1;
202300011490;155660185;B01;1;7;0;2;4;23;1;
202300011490;155660186;A01;1;15;1;0;1;2;1;
202300011491;155660182;A01;1;7;4;2;1;2;1;
202300011491;155660183;B01;1;7;4;2;4;2;0;
202300011492;155660184;A01;2;32;12;0;6;13;1;
202300011493;155660177;D01;2;7;0;2;4;23;2;
202300011493;155660178;C01;2;7;0;2;1;23;1;
202300011493;155660179;B01;2;7;0;2;4;23;1;
202300011493;155660181;A01;2;10;0;2;1;2;1;
202300011494;155660176;A01;2;3;0;2;2;0;1;
202300011494;155660180;B01;2;1;0;2;0;0;5;
202300011495;155660174;A01;1;17;0;2;7;12;1;
202300011495;155660175;B01;1;7;4;2;8;1;1;
202300011496;155660171;A01;1;7;0;2;7;11;1;
202300011496;155660172;B01;1;43;0;2;5;26;1;
202300011497;155660169;A01;1;31;0;0;0;1;1;
202300011498;155660168;A01;1;50;0;2;1;5;3;
202300011498;155660170;B01;2;7;0;2;2;9;1;
202300011499;155660166;A01;1;31;14;0;1;1;1;
202300011500;155660164;C01;1;7;0;2;4;2;1;
202300011500;155660165;B01;1;7;0;2;0;2;1;
202300011500;155660167;A01;1;7;0;2;1;2;1;
202300011501;155660162;B01;1;50;0;2;2;1;3;
202300011501;155660163;A01;1;7;0;2;1;19;1;
202300011502;155660161;A01;1;7;0;1;2;1;2;
202300011503;155660159;A01;2;1;0;1;1;1;5;
202300011504;155660158;A01;0;30;0;2;3;17;1;
202300011504;155660160;B01;0;7;0;9;3;15;1;
202300011505;155660156;A01;2;7;0;2;7;22;2;
202300011505;155660157;B01;2;80;0;2;1;1;3;
202300011506;155660155;A01;1;7;0;1;1;1;1;
202300011507;155660152;B01;1;14;0;2;0;23;1;
202300011507;155660154;A01;1;7;0;2;2;17;1;
202300011508;155660153;A01;1;10;4;0;1;26;1;
202300011509;155660150;A01;1;30;0;1;1;1;3;
202300011510;155660149;A01;1;7;0;2;5;15;1;
202300011510;155660151;B01;2;2;0;2;1;1;1;
202300011511;155660147;A01;0;7;0;1;4;4;1;
202300011512;155660145;A01;1;30;0;2;2;17;1;
202300011512;155660146;B01;1;7;0;2;0;16;1;
202300011512;155660148;C01;1;10;0;2;0;16;1;
202300011513;155660143;A01;1;7;5;0;3;0;0;
202300011513;155660144;B01;1;50;3;0;0;0;3;
202300011514;155660141;A01;1;7;0;2;3;15;1;
202300011514;155660142;B01;2;50;0;2;1;1;3;
202300011515;155660140;A01;3;7;0;1;3;0;3;
202300011516;155660138;Z01;3;7;0;2;0;15;0;
202300011516;155660139;A01;3;34;0;2;1;1;1;
202300011517;155660135;A01;3;7;0;2;4;2;1;
202300011517;155660137;B01;3;7;0;2;1;2;1;
202300011518;155660134;A01;2;7;0;2;7;16;2;
202300011518;155660136;B01;2;50;0;2;2;1;3;
202300011519;155660131;B01;1;7;0;2;6;15;1;
202300011519;155660133;A01;3;32;0;2;1;2;1;
202300011520;155660132;A01;1;7;0;1;1;1;1;
202300011521;155660128;C01;2;7;0;2;3;1;1;
202300011521;155660129;B01;1;34;0;2;7;13;1;
202300011521;155660130;A01;1;10;0;2;3;1;1;
202300011522;155660126;B01;3;60;0;2;8;5;5;
202300011522;155660127;A01;3;7;0;9;3;16;1;
202300011523;155660124;A01;2;7;0;2;8;22;1;
202300011523;155660125;B01;2;1;0;2;0;1;5;
202300011524;155660121;B01;2;1;0;2;1;1;5;
202300011524;155660122;A01;1;7;0;2;1;15;1;
202300011525;155660120;A01;2;7;0;2;7;17;1;
202300011525;155660123;B01;1;7;0;2;2;15;1;
202300011526;155660119;A01;2;50;0;0;7;1;3;
202300011527;155660117;B01;2;7;0;2;4;2;1;
202300011527;155660118;A01;2;7;0;2;1;2;1;
202300011528;155660116;A01;1;50;12;0;1;13;3;
202300011529;155660115;A01;1;2;13;0;1;1;1;
202300011530;155660113;B01;1;7;0;2;3;9;1;
202300011530;155660114;A01;1;37;0;2;2;1;1;2.0
202300011531;155660111;A01;3;7;0;2;2;15;0;
202300011531;155660112;B01;3;1;0;2;0;0;5;
202300011532;155660110;A01;2;7;0;1;2;1;2;
202300011533;155660107;A01;2;7;0;2;1;15;0;
202300011533;155660109;B01;2;33;0;2;8;16;0;
202300011534;155660108;A01;2;30;0;0;0;1;1;
202300011535;155660105;A01;2;7;0;2;4;23;1;
202300011535;155660106;B01;2;7;0;2;1;1;1;
202300011536;155660104;A01;1;1;13;0;1;15;5;
202300011537;155660102;A01;1;7;0;2;2;16;1;
202300011537;155660103;B01;1;33;0;2;1;1;1;
202300011538;155660101;A01;1;7;0;1;1;10;1;
202300011539;155660098;A01;0;7;0;2;3;2;1;
202300011539;155660099;B01;0;32;0;2;2;2;1;
202300011540;155660095;B01;3;1;0;9;0;0;5;
202300011540;155660097;A01;3;7;0;9;1;15;1;
202300011541;155660093;A01;3;32;0;2;4;1;1;
202300011542;155660094;A01;2;7;0;2;0;0;3;
202300011542;155660096;B01;2;30;0;2;1;0;3;
202300011543;155660091;B01;2;1;8;2;8;2;5;
202300011543;155660092;Z01;2;14;0;9;7;11;0;
202300011544;155660088;B01;3;1;0;2;8;1;5;
202300011544;155660089;A01;3;7;0;9;3;13;3;
202300011545;155660087;B01;3;34;12;2;5;1;1;
202300011545;155660090;A01;3;7;0;2;6;1;1;
202300011546;155660085;A01;2;10;0;2;3;15;0;
202300011546;155660086;B01;1;34;0;2;1;1;0;
202300011547;155660082;A01;1;30;0;2;1;3;1;
202300011547;155660083;B01;1;7;0;2;8;15;1;
202300011548;155660081;D01;1;7;0;2;1;2;1;
202300011548;155660084;A01;2;30;0;2;3;0;1;
202300011549;155660078;B01;2;1;0;2;1;1;5;
202300011549;155660080;A01;0;7;0;9;2;15;1;
202300011550;155660077;B01;2;33;0;2;1;1;1;
202300011550;155660079;A01;1;10;0;2;6;11;1;
202300011551;155660076;A01;2;80;8;0;1;1;3;
202300011552;155660074;B01;3;7;0;2;2;1;1;
202300011552;155660075;A01;3;7;0;2;3;15;1;
202300011553;155660073;A01;3;2;0;1;1;21;1;
202300011554;155660071;A01;1;10;0;1;2;1;1;
202300011555;155660068;A01;1;7;0;2;1;0;1;
202300011555;155660069;B01;1;17;0;0;6;1;1;
202300011556;155660066;A01;1;7;15;9;3;1;1;
202300011557;155660064;A01;1;7;0;1;2;15;1;
202300011558;155660063;A01;1;36;1;0;3;1;0;
202300011559;155660060;A01;1;99;0;2;1;1;1;
202300011559;155660061;B01;1;7;15;0;4;15;1;
202300011559;155660062;C01;2;7;0;9;3;1;1;
202300011560;155660059;A01;0;7;0;1;1;1;1;
202300011561;155660057;A01;2;7;4;0;6;0;1;
202300011561;155660058;B01;2;7;0;2;2;17;1;
202300011562;155660055;A01;3;2;0;0;1;0;1;
202300011563;155660054;A01;1;2;0;2;1;19;0;
202300011563;155660056;B01;2;7;0;2;8;2;1;
202300011564;155660051;A01;1;7;0;2;1;2;1;
202300011564;155660052;B01;1;7;0;2;4;2;1;
202300011564;155660053;C01;1;7;0;2;4;2;1;
202300011565;155660049;A01;1;7;0;2;1;1;1;
202300011565;155660050;B01;1;2;0;2;4;1;1;
202300011566;155660048;A01;0;7;12;0;1;1;1;
202300011567;155660046;A01;3;7;0;1;3;15;1;
202300011568;155660045;A01;3;7;0;2;1;1;1;
202300011568;155660047;B01;3;1;0;2;0;26;5;
202300011569;155660043;B01;3;7;0;2;8;1;1;
202300011569;155660044;A01;3;33;0;2;8;1;1;
202300011570;155660040;A01;1;7;0;2;3;15;1;
202300011570;155660041;B01;2;7;0;2;3;1;1;
202300011571;155660039;A01;2;32;7;0;1;1;1;
202300011572;155660038;A01;1;7;14;0;1;26;1;
202300011573;155660037;A01;1;7;13;0;2;1;1;
202300011574;155660034;A01;1;7;0;2;2;1;1;
202300011574;155660036;B01;1;10;0;2;5;15;1;
202300011575;155660033;A01;0;2;0;2;4;26;0;
202300011575;155660035;B01;0;3;0;2;0;0;0;
202300011576;155660030;B01;1;50;0;2;1;1;3;
202300011576;155660032;A01;1;7;0;2;3;9;1;
202300011577;155660029;B01;3;7;0;2;4;1;1;
202300011577;155660031;A01;3;10;0;2;1;1;1;
202300011578;155660027;A01;1;7;0;2;2;1;0;
202300011578;155660028;B01;1;7;0;2;3;9;0;
202300011579;155660024;B01;2;7;0;2;1;1;1;
202300011579;155660026;A01;1;7;0;2;2;1;1;
202300011580;155660023;A01;2;7;4;0;0;0;1;
202300011581;155660021;A01;1;7;0;1;6;4;1;
202300011582;155660020;A01;2;7;0;2;1;1;1;
202300011582;155660022;B01;1;7;0;2;1;1;1;
202300011583;155660018;A01;1;7;2;0;1;0;1;
202300011584;155660017;B01;1;7;0;2;3;9;1;
202300011584;155660019;A01;1;1;0;2;0;1;5;
202300011585;155660016;A01;3;7;2;0;9;1;1;
202300011586;155660011;A01;1;7;2;0;1;0;1;
202300011587;155660012;B01;3;1;0;2;1;23;5;
202300011587;155660015;A01;3;7;0;2;3;15;1;
202300011588;155660009;B01;1;1;0;0;7;19;5;
202300011588;155660010;A01;1;7;0;9;1;1;0;
202300011589;155660007;A01;0;50;0;2;7;17;3;
202300011589;155660008;B01;0;21;0;2;6;0;1;
202300011590;155660006;A01;2;7;2;0;2;1;1;
202300011591;155660005;A01;1;7;13;0;1;13;1;
202300011592;155660003;B01;0;7;0;2;1;2;1;
202300011592;155660004;A01;0;2;0;2;4;2;0;
202300011593;155659998;A01;1;7;0;2;3;2;1;
202300011593;155659999;B01;1;32;0;2;4;1;1;
202300011593;155660000;C01;1;14;0;2;3;2;1;
202300011594;155659997;A01;2;7;12;0;1;13;1;
202300011595;155659995;A01;3;7;0;1;2;1;1;
202300011596;155659994;A01;3;10;15;0;4;4;1;
202300011597;155659990;B01;1;7;0;2;1;1;1;
202300011597;155659991;A01;2;7;0;2;8;19;1;
202300011598;155659989;A01;1;30;0;0;7;1;1;
202300011599;155659986;A01;1;2;0;2;1;1;1;
202300011599;155659988;B01;1;7;0;0;4;1;1;
202300011600;155659987;A01;3;30;0;0;0;1;1;
202300011601;155659985;A01;3;7;0;1;1;2;1;
202300011602;155659981;B01;2;1;0;2;1;1;5;
202300011602;155659982;A01;2;7;0;2;3;16;1;
202300011603;155659983;A01;1;7;0;2;1;2;1;
202300011603;155659984;B01;1;7;0;2;4;1;1;
202300011604;155659979;A01;2;7;0;2;1;13;1;
202300011604;155659980;B01;1;7;0;2;3;13;1;
202300011605;155659978;A01;2;7;15;0;2;1;3;
202300011606;155659977;A01;1;10;0;1;1;0;1;
202300011607;155659976;A01;1;31;0;0;0;1;0;
202300011608;155659975;A01;1;33;16;0;0;2;1;
202300011609;155659974;A01;1;1;0;1;1;1;5;
202300011610;155659972;B01;1;33;0;2;0;1;1;
202300011610;155659973;A01;1;7;0;2;0;11;1;
202300011611;155659968;A01;2;7;0;2;2;14;0;
202300011611;155659970;B01;2;7;0;2;8;1;0;
202300011612;155659969;B01;1;34;0;2;3;1;1;
202300011612;155659971;A01;1;7;0;2;2;15;1;
202300011613;155659967;A01;2;7;3;2;1;17;1;
202300011614;155659966;A01;2;10;0;1;1;15;0;
202300011615;155659964;B01;1;10;0;2;4;2;1;
202300011615;155659965;A01;1;7;0;2;1;14;1;
202300011616;155659962;A01;0;7;0;2;2;1;1;
202300011616;155659963;B01;0;14;0;2;3;1;1;
202300011617;155659959;A01;2;7;0;2;1;2;1;
202300011617;155659960;B01;2;7;0;2;4;2;1;
202300011617;155659961;C01;2;7;0;2;4;2;1;
202300011618;155659957;A01;1;7;0;2;3;15;1;
202300011618;155659958;B01;1;2;0;2;8;1;1;
202300011619;155659955;B01;1;7;0;2;4;2;1;
202300011619;155659956;A01;1;7;0;2;1;2;1;
202300011620;155659954;A01;2;7;0;1;1;1;1;
202300011621;155659951;A01;1;7;0;2;7;16;1;
202300011621;155659953;B01;1;50;0;2;1;25;3;
202300011622;155659948;A01;3;7;0;1;3;15;1;
202300011623;155659947;D01;2;7;0;2;4;1;1;
202300011623;155659949;B01;2;7;0;2;6;1;1;
202300011623;155659950;C01;2;7;0;2;2;1;1;
202300011623;155659952;A01;2;33;0;2;2;3;1;
202300011624;155659946;A01;1;7;0;1;7;20;1;
202300011625;155659942;A01;1;7;0;2;1;2;1;
202300011625;155659944;B01;1;7;0;2;4;2;1;
202300011625;155659945;C01;1;7;0;2;4;2;1;
202300011626;155659941;B01;1;2;14;0;7;1;1;
202300011626;155659943;A01;2;7;0;2;1;9;1;
202300011627;155659940;A01;1;7;0;1;3;1;1;
202300011628;155659938;A01;1;41;13;0;0;13;1;
202300011629;155659935;A01;3;37;0;2;7;0;1;1.0
202300011629;155659936;B01;3;1;0;2;7;0;5;
202300011630;155659934;A01;3;50;12;0;1;13;3;
202300011631;155659932;B01;3;1;0;2;1;1;5;
202300011631;155659933;A01;3;7;0;2;3;17;1;
202300011632;155659931;A01;0;7;4;0;1;1;0;
202300011633;155659929;A01;3;2;0;2;1;2;1;
202300011633;155659930;B01;3;10;0;2;4;2;1;
202300011634;155659928;A01;3;80;8;-1;1;21;3;
202300011635;155659924;A01;1;7;0;2;1;17;1;
202300011635;155659926;B01;2;10;0;2;3;1;1;
202300011636;155659925;B01;1;7;0;0;0;0;1;
202300011636;155659927;A01;1;30;0;0;8;21;1;
202300011637;155659921;A01;2;7;0;2;3;26;1;
202300011637;155659923;B01;1;2;0;2;1;17;3;
202300011638;155659920;A01;3;7;0;1;1;26;1;
202300011639;155659922;A01;1;7;13;0;9;1;1;
202300011640;155659919;B01;1;33;0;0;0;21;1;
202300011641;155659915;B01;2;7;0;2;8;2;3;
202300011641;155659916;A01;2;33;0;2;7;17;1;
202300011642;155659917;A01;1;30;0;2;1;26;3;
202300011642;155659918;B01;2;10;0;2;4;0;0;
202300011643;155659912;A01;3;7;2;0;1;0;1;
202300011644;155659913;A01;1;7;0;1;3;19;1;
202300011645;155659908;A01;1;7;4;0;1;9;1;
202300011646;155659907;A01;1;7;0;2;1;13;1;
202300011646;155659909;B01;2;17;0;2;1;1;1;
202300011646;155659911;C01;1;7;0;2;2;0;3;
202300011647;155659905;B01;3;7;0;2;8;15;1;
202300011647;155659906;A01;3;7;0;2;1;1;1;
202300011648;155659902;B01;2;7;0;2;1;1;1;
202300011648;155659903;A01;2;7;0;2;4;10;1;
202300011649;155659900;A01;3;7;15;0;1;13;1;
202300011650;155659899;A01;2;7;0;2;1;1;1;
202300011650;155659901;B01;1;30;0;2;2;15;1;
202300011651;155659896;A01;0;7;0;2;1;1;0;
202300011651;155659898;B01;0;99;0;2;7;1;0;
202300011652;155659895;A01;2;7;0;2;2;16;1;
202300011652;155659897;B01;2;1;0;2;3;1;5;
202300011653;155659893;A01;2;50;0;2;1;19;3;
202300011653;155659894;B01;1;7;0;9;1;1;1;
202300011654;155659892;CA01;2;7;0;0;1;14;1;
202300011655;155659890;B01;0;7;0;2;8;1;1;
202300011655;155659891;A01;0;30;0;2;8;9;1;
202300011656;155659887;B01;2;7;0;2;3;1;2;
202300011656;155659888;A01;1;7;0;2;1;13;1;
202300011657;155659886;A01;2;7;0;2;1;1;1;
202300011657;155659889;B01;2;10;0;2;7;1;1;
202300011658;155659884;B01;2;7;0;2;1;1;1;
202300011658;155659885;A01;1;7;0;2;1;5;1;
202300011659;155659882;B01;1;7;0;2;3;15;1;
202300011659;155659883;A01;2;33;0;2;2;0;1;
202300011660;155659880;A01;3;7;0;2;7;0;1;
202300011660;155659881;B01;3;33;0;2;1;0;1;
202300011661;155659878;A01;2;1;0;1;1;25;5;
202300011662;155659877;B01;3;7;0;2;3;1;0;
202300011662;155659879;A01;3;7;3;0;8;13;0;
202300011663;155659874;A01;2;7;13;1;1;1;1;
202300011664;155659873;B01;1;7;0;2;1;1;1;
202300011664;155659875;A01;2;7;0;2;1;13;1;
202300011665;155659872;A01;1;7;9;0;1;1;1;
202300011666;155659871;A01;1;50;14;0;1;1;3;
202300011667;155659868;B01;3;50;0;2;1;1;3;
202300011667;155659870;A01;2;10;0;2;8;1;1;
202300011668;155659867;A01;3;7;0;2;1;1;1;
202300011668;155659869;B01;3;7;0;2;3;1;0;
202300011669;155659864;B01;1;7;0;2;4;2;1;
202300011669;155659866;A01;1;7;0;2;1;2;1;
202300011670;155659862;C01;1;7;0;2;1;23;1;
202300011670;155659863;B01;1;7;0;2;1;23;1;
202300011670;155659865;A01;2;7;0;2;1;1;1;
202300011671;155659860;B01;1;7;0;2;4;2;1;
202300011671;155659861;A01;1;7;0;2;3;2;1;
202300011672;155659858;B01;2;7;0;2;6;20;1;
202300011672;155659859;A01;1;33;0;2;1;2;1;
202300011673;155659857;A01;1;2;0;0;1;20;1;
202300011674;155659855;A01;3;7;0;9;2;16;0;
202300011674;155659856;T01;0;1;0;0;0;0;5;
202300011675;155659852;A01;2;33;6;0;1;2;1;
202300011676;155659850;A01;1;7;9;0;1;15;1;
202300011677;155659849;B01;1;7;0;2;0;0;1;
202300011677;155659851;A01;1;7;0;2;0;0;1;
202300011678;155659847;A01;0;7;0;2;3;1;1;
202300011678;155659848;B01;0;1;0;0;0;0;5;
202300011679;155659844;Z01;1;0;0;2;5;12;0;
202300011679;155659845;B01;1;32;1;2;1;1;1;
202300011680;155659843;A01;2;10;0;1;5;26;3;
202300011681;155659846;A01;2;7;8;1;1;16;1;
202300011682;155659841;B01;1;10;0;2;1;19;1;
202300011682;155659842;A01;1;10;0;2;2;1;1;
202300011683;155659839;A01;3;7;14;2;9;26;0;
202300011684;155659840;A01;1;33;9;0;1;1;0;
202300011685;155659837;A01;1;7;0;2;0;9;0;
202300011685;155659838;B01;3;2;0;2;0;0;1;
202300011686;155659835;A01;3;2;0;0;8;0;1;
202300011687;155659834;B01;2;33;9;2;8;1;1;
202300011687;155659836;A01;1;7;9;2;2;1;1;
202300011688;155659832;A01;1;7;0;2;2;2;0;
202300011689;155659831;B01;1;7;6;2;4;2;2;
202300011689;155659833;A01;1;10;0;2;1;2;1;
202300011690;155659827;B01;0;7;0;2;1;0;1;
202300011690;155659829;A01;3;7;0;2;3;0;1;
202300011691;155659824;A01;1;33;1;0;1;1;1;
202300011691;155659825;B01;1;7;1;0;8;20;1;
202300011692;155659820;B01;2;7;0;2;4;23;1;
202300011692;155659822;A01;2;10;0;2;1;9;1;
202300011692;155659823;C01;2;7;0;2;4;23;1;
202300011693;155659818;B01;1;7;0;2;5;15;0;
202300011693;155659819;A01;2;2;0;2;1;1;0;
202300011694;155659814;B01;2;7;0;0;1;1;1;
202300011694;155659816;A01;1;7;0;2;2;15;1;
202300011695;155659813;A01;1;7;0;2;1;13;1;
202300011695;155659815;B01;2;7;0;2;1;1;1;
202300011696;155659811;A01;0;10;0;2;7;1;1;
202300011696;155659812;B01;0;7;0;2;1;1;1;
202300011697;155659809;A01;1;7;0;2;8;12;1;
202300011697;155659810;B01;1;31;0;2;8;1;1;
202300011698;155659807;A01;1;10;0;2;8;16;1;
202300011698;155659808;Y01;3;60;0;2;8;19;5;
202300011699;155659805;A01;1;10;0;1;1;1;1;
202300011700;155659803;B01;2;7;0;2;5;1;1;
202300011700;155659804;A01;2;43;0;2;4;3;1;
202300011700;155659806;Z01;2;32;0;2;1;3;0;
202300011701;155659801;B01;1;7;0;2;1;2;1;
202300011701;155659802;A01;1;7;0;2;6;17;1;
202300011702;155659799;A01;1;33;0;2;1;1;1;
202300011702;155659800;Z01;1;10;0;2;4;11;0;
202300011703;155659798;A01;1;7;0;1;3;9;1;
202300011704;155659797;A01;2;7;0;1;2;15;1;
202300011705;155659793;A01;1;33;0;2;1;1;1;
202300011705;155659794;B01;1;7;0;2;3;15;1;
202300011706;155659795;B01;1;7;0;2;4;2;1;
202300011706;155659796;A01;1;33;0;2;3;2;1;
202300011707;155659790;B01;3;33;0;2;0;21;1;
202300011707;155659792;A01;3;7;0;0;0;15;1;
202300011708;155659787;A01;2;7;1;0;1;14;1;
202300011709;155659785;D01;1;7;0;2;2;1;4;
202300011709;155659788;A01;1;33;0;2;9;3;1;
202300011709;155659789;B01;1;33;0;2;9;9;1;
202300011709;155659791;C01;1;7;0;2;3;1;1;
202300011710;155659784;B01;3;50;0;2;3;26;3;
202300011710;155659786;A01;1;7;0;2;8;15;1;
202300011711;155659780;B01;2;33;1;2;1;17;1;
202300011711;155659783;A01;2;7;0;2;3;15;6;
202300011712;155659779;A01;3;0;0;0;1;2;1;
202300011713;155659777;B01;1;7;0;2;5;1;1;
202300011713;155659778;A01;1;7;0;2;3;1;1;
202300011714;155659776;A01;3;7;0;1;2;9;1;
202300011715;155659774;A01;1;30;0;2;1;2;1;
202300011715;155659775;B01;1;1;0;2;4;1;5;
202300011716;155659771;A01;1;80;0;2;1;1;2;
202300011716;155659773;B01;1;7;0;2;4;23;1;
202300011717;155659772;A01;2;7;0;1;3;19;1;
202300011718;155659770;A01;1;30;16;0;1;1;1;
202300011719;155659768;A01;1;33;15;0;2;16;1;
202300011720;155659765;A01;2;7;0;1;2;16;1;
202300011721;155659766;A01;1;10;0;2;1;1;1;
202300011721;155659767;B01;1;7;0;2;4;1;1;
202300011721;155659769;C01;1;7;0;2;4;1;1;
202300011722;155659763;B01;2;30;0;2;4;23;1;
202300011722;155659764;A01;2;7;0;2;1;1;1;
202300011723;155659760;A01;2;7;0;2;7;1;1;
202300011723;155659762;B01;1;7;0;0;2;1;1;
202300011724;155659761;A01;1;7;0;1;1;1;2;
202300011725;155659757;A01;1;13;0;2;8;22;1;
202300011725;155659759;B01;1;1;0;2;1;1;5;
202300011726;155659758;A01;1;33;0;0;0;1;1;
202300011727;155659753;B01;2;7;1;0;1;1;1;
202300011727;155659755;A01;2;10;1;0;4;23;3;
202300011728;155659754;A01;1;10;0;2;3;22;1;
202300011728;155659756;B01;1;1;1;0;1;1;5;
202300011729;155659752;Z01;2;1;0;1;0;5;5;
202300011730;155659750;A01;0;1;0;2;0;19;5;