Num_Acc;id_vehicule;num_veh;senc;catv;obs;obsm;choc;manv;motor;occutc
202300011730;155659751;B01;1;33;0;2;1;1;1;
202300011731;155659749;A01;1;80;0;0;0;7;3;
202300011732;155659748;A01;2;1;0;0;0;1;5;
202300011733;155659747;A01;2;10;0;1;3;1;3;
202300011734;155659745;B01;3;13;0;2;0;15;0;
202300011734;155659746;A01;1;1;0;2;4;1;5;
202300011735;155659743;A01;1;7;0;2;5;12;1;
202300011735;155659744;B01;1;32;0;2;3;1;1;
202300011736;155659741;A01;2;7;0;2;8;15;1;
202300011736;155659742;B01;1;50;0;2;8;11;3;
202300011737;155659739;A01;2;7;8;2;2;15;0;
202300011737;155659740;B01;1;10;8;2;1;1;0;
202300011738;155659736;B01;2;34;0;2;1;1;0;
202300011738;155659737;A01;1;7;0;2;1;19;1;
202300011739;155659734;A01;1;7;0;2;1;1;3;
202300011739;155659735;B01;1;7;0;2;4;26;1;
202300011740;155659730;A01;3;7;0;2;3;16;1;
202300011740;155659731;B01;3;80;0;2;1;1;3;
202300011741;155659728;B01;0;7;0;2;3;9;1;
202300011741;155659729;Z01;3;7;0;2;0;0;1;
202300011742;155659727;A01;3;7;6;0;2;26;1;
202300011743;155659726;A01;3;2;0;0;3;26;1;
202300011744;155659725;A01;1;7;1;0;2;1;0;
202300011745;155659723;A01;1;7;0;2;3;1;1;
202300011745;155659724;B01;2;7;0;2;3;1;1;
202300011746;155659722;A01;1;7;0;1;3;1;1;
202300011747;155659720;A01;1;7;0;2;1;1;2;
202300011747;155659721;B01;1;50;0;2;7;1;3;
202300011748;155659718;A01;2;30;0;9;4;2;1;
202300011748;155659719;B01;2;50;0;0;4;2;3;
202300011749;155659714;D01;1;7;0;2;4;2;0;
202300011749;155659715;C01;1;7;0;2;4;2;0;
202300011749;155659716;A01;1;7;0;2;1;2;0;
202300011749;155659717;B01;1;7;0;2;4;2;0;
202300011750;155659712;A01;1;33;0;2;1;9;1;
202300011750;155659713;B01;3;7;0;2;2;1;1;
202300011751;155659711;A01;2;33;0;1;1;1;1;
202300011752;155659709;A01;1;7;0;2;4;23;1;
202300011752;155659710;B01;1;43;0;2;1;2;1;
202300011753;155659707;A01;2;30;0;2;1;18;1;
202300011753;155659708;B01;2;37;0;2;7;16;1;1.0
202300011754;155659705;A01;2;80;0;2;1;1;3;
202300011754;155659706;B01;1;7;0;2;3;15;2;
202300011755;155659704;A01;3;50;12;0;0;1;3;
202300011756;155659702;A01;2;7;0;2;1;16;1;
202300011756;155659703;B01;1;1;0;2;3;1;5;
202300011757;155659700;A01;2;50;0;2;2;25;3;
202300011757;155659701;B01;1;37;0;2;2;9;1;1.0
202300011758;155659696;A01;1;7;0;2;2;2;1;
202300011758;155659697;B01;1;7;0;2;6;15;2;
202300011759;155659694;B01;1;7;0;2;4;16;1;
202300011759;155659695;A01;1;7;0;2;1;1;1;
202300011760;155659692;B01;1;1;0;2;4;1;5;
202300011760;155659693;A01;1;10;1;2;2;14;1;
202300011761;155659690;A01;1;7;0;2;2;16;1;
202300011761;155659691;B01;2;1;0;2;7;26;5;
202300011762;155659687;A01;1;7;0;2;1;0;1;
202300011762;155659688;B01;1;7;6;2;4;1;1;
202300011762;155659689;C01;1;7;12;2;7;1;1;
202300011763;155659685;A01;3;1;0;2;1;0;5;
202300011763;155659686;B01;3;10;0;2;1;0;1;
202300011764;155659683;B01;2;7;0;2;3;9;1;
202300011764;155659684;A01;2;43;0;2;1;1;1;
202300011765;155659681;B01;1;10;0;2;8;15;1;
202300011765;155659682;A01;1;33;0;2;7;17;1;
202300011766;155659679;A01;2;7;0;2;2;16;1;
202300011766;155659680;B01;2;1;0;2;8;19;5;
202300011767;155659678;A01;3;1;0;0;0;0;5;
202300011768;155659676;A01;3;7;12;2;1;1;1;
202300011768;155659677;B01;0;7;0;2;6;15;1;
202300011769;155659675;A01;3;33;0;0;7;21;1;
202300011770;155659673;A01;0;33;0;2;3;1;0;
202300011770;155659674;B01;0;7;0;2;2;9;0;
202300011771;155659671;A01;1;3;0;2;2;1;1;
202300011771;155659672;B01;0;1;0;0;1;16;5;
202300011772;155659670;A01;3;1;8;0;1;1;5;
202300011773;155659669;A01;1;34;0;2;1;3;1;
202300011774;155659667;B01;1;7;0;2;4;2;1;
202300011774;155659668;A01;1;2;0;2;1;2;1;
202300011775;155659664;C01;3;7;0;2;4;0;1;
202300011775;155659665;A01;3;7;0;2;1;0;1;
202300011775;155659666;B01;3;7;0;2;4;1;0;
202300011776;155659662;B01;3;34;0;2;7;15;1;
202300011776;155659663;A01;3;7;0;2;6;15;1;
202300011777;155659660;A01;0;7;0;2;2;26;1;
202300011777;155659661;B01;0;30;0;2;1;16;1;
202300011778;155659657;A01;1;10;0;2;2;1;1;
202300011778;155659658;B01;1;10;0;2;3;1;3;
202300011778;155659659;C01;1;7;0;2;5;1;1;
202300011779;155659655;A01;1;7;0;2;1;13;0;
202300011779;155659656;B01;2;7;0;2;1;1;0;
202300011780;155659654;A01;1;7;6;0;3;26;1;
202300011781;155659653;A01;1;7;3;0;1;0;1;
202300011782;155659651;A01;1;7;3;2;9;11;1;
202300011782;155659652;B01;1;7;0;2;3;2;1;
202300011783;155659649;B01;2;7;0;2;4;1;1;
202300011783;155659650;A01;2;7;6;2;1;1;1;
202300011784;155659648;A01;0;36;0;0;0;1;1;
202300011785;155659647;A01;2;7;2;0;2;1;1;
202300011786;155659645;A01;2;32;0;2;1;5;1;
202300011786;155659646;B01;1;7;0;2;3;1;1;
202300011787;155659644;A01;1;7;13;0;1;1;1;
202300011788;155659643;A01;1;7;6;0;1;1;1;
202300011789;155659641;A01;1;7;0;2;7;13;1;
202300011789;155659642;B01;2;1;0;2;1;1;5;
202300011790;155659640;A01;2;7;15;0;1;1;1;
202300011791;155659637;A01;1;7;0;0;1;0;1;
202300011792;155659636;A01;1;7;6;0;3;13;2;
202300011793;155659633;A01;1;31;0;0;0;1;1;
202300011793;155659634;B01;1;33;0;0;5;1;1;
202300011793;155659635;C01;1;33;0;2;3;1;1;
202300011794;155659631;B01;1;7;0;2;4;15;1;
202300011794;155659632;A01;1;7;0;2;1;2;1;
202300011795;155659630;A01;2;33;0;0;9;14;1;
202300011796;155659628;A01;2;7;0;2;3;15;0;
202300011796;155659629;B01;1;7;0;2;3;1;0;
202300011797;155659627;A01;1;7;8;0;2;0;1;
202300011798;155659625;B01;2;7;0;2;1;1;1;
202300011798;155659626;A01;1;7;0;2;1;5;1;
202300011799;155659624;A01;1;33;13;0;9;1;1;
202300011800;155659622;A01;1;7;0;2;1;13;1;
202300011800;155659623;B01;2;7;3;2;1;21;1;
202300011801;155659621;A01;2;33;8;0;1;14;1;
202300011802;155659620;A01;1;7;13;0;0;2;1;
202300011803;155659618;A01;3;7;0;2;2;15;1;
202300011803;155659619;B01;3;2;0;2;1;1;1;
202300011804;155659617;A01;3;7;8;0;7;0;1;
202300011805;155659612;B01;1;7;0;0;4;2;1;
202300011805;155659613;A01;1;10;0;2;1;2;1;
202300011806;155659611;A01;2;33;3;0;8;13;1;
202300011807;155659609;A01;1;7;0;2;3;19;1;
202300011807;155659610;B01;2;32;0;2;1;17;1;
202300011808;155659608;A01;1;7;4;0;3;13;3;
202300011809;155659607;A01;1;2;8;0;1;14;1;
202300011810;155659604;C01;1;15;0;0;8;24;1;
202300011810;155659605;B01;1;15;0;0;5;24;1;
202300011810;155659606;A01;1;7;1;0;1;9;2;
202300011811;155659603;A01;1;7;6;0;0;1;1;
202300011812;155659602;A01;0;32;13;0;1;14;1;
202300011813;155659600;B01;2;33;0;2;1;1;1;
202300011813;155659601;A01;1;10;0;2;7;15;1;
202300011814;155659597;A01;1;31;0;0;4;9;1;
202300011814;155659598;B01;1;7;0;2;1;2;1;
202300011815;155659596;A01;2;7;2;0;0;19;1;
202300011816;155659594;A01;2;33;0;2;1;19;1;
202300011816;155659595;B01;1;7;0;2;1;1;1;
202300011817;155659593;A01;2;33;3;0;7;1;1;
202300011818;155659591;A01;3;7;0;2;3;15;1;
202300011818;155659592;B01;3;33;0;2;1;17;1;
202300011819;155659589;B01;0;31;0;2;1;1;1;
202300011819;155659590;A01;0;10;0;2;6;10;1;
202300011820;155659587;B01;1;7;0;2;2;1;1;
202300011820;155659588;A01;2;7;13;2;7;1;1;
202300011821;155659585;B01;0;7;0;0;1;1;1;
202300011821;155659586;A01;0;7;0;0;3;1;1;
202300011822;155659583;A01;3;7;2;0;1;0;0;
202300011823;155659581;A01;1;7;0;2;3;13;1;
202300011823;155659582;B01;2;7;0;2;3;1;1;
202300011824;155659580;A01;1;30;2;0;1;1;1;
202300011825;155659576;B01;1;10;0;2;4;2;1;
202300011825;155659577;A01;1;7;0;2;1;2;1;
202300011825;155659578;C01;1;7;0;2;1;2;1;
202300011825;155659579;D01;1;7;0;2;6;2;1;
202300011826;155659574;A01;1;15;0;2;7;12;1;
202300011826;155659575;B01;1;7;0;2;8;1;1;
202300011827;155659571;A01;2;7;0;2;5;14;1;
202300011827;155659572;B01;2;33;0;2;1;3;1;
202300011827;155659573;C01;2;7;0;2;3;2;1;
202300011828;155659568;C01;1;10;0;2;4;1;1;
202300011828;155659569;A01;1;7;0;2;1;1;1;
202300011828;155659570;B01;1;7;0;2;4;1;1;
202300011829;155659566;B01;2;7;0;2;4;1;1;
202300011829;155659567;A01;2;7;0;2;1;1;1;
202300011830;155659564;A01;2;7;4;2;1;21;1;
202300011830;155659565;B01;2;10;0;2;8;1;1;
202300011831;155659562;B01;2;7;0;2;7;12;1;
202300011831;155659563;A01;2;43;0;2;8;3;1;
202300011832;155659561;A01;1;7;1;0;1;1;1;
202300011833;155659559;B01;1;7;3;0;4;1;1;
202300011833;155659560;A01;1;7;1;2;1;1;1;
202300011834;155659557;A01;1;7;0;2;6;15;1;
202300011834;155659558;B01;2;32;0;2;6;1;1;
202300011835;155659555;A01;3;2;0;2;1;17;1;
202300011835;155659556;B01;3;7;0;2;3;15;1;
202300011836;155659554;A01;3;33;15;0;3;26;1;
202300011837;155659553;A01;3;7;0;1;2;0;0;
202300011838;155659552;A01;3;7;3;0;1;0;1;
202300011839;155659550;B01;1;50;0;2;1;1;3;
202300011839;155659551;A01;1;7;0;2;5;15;1;
202300011840;155659548;A01;3;10;0;9;3;0;1;
202300011840;155659549;B01;3;34;0;2;7;15;1;
202300011841;155659546;A01;3;7;0;2;3;0;1;
202300011841;155659547;B01;3;1;0;2;0;0;5;
202300011842;155659544;B01;3;50;0;2;7;1;3;
202300011842;155659545;A01;1;10;0;2;1;9;1;
202300011843;155659542;A01;3;7;0;2;1;1;1;
202300011843;155659543;B01;3;7;0;2;3;1;1;
202300011844;155659541;A01;1;10;0;1;0;16;1;
202300011845;155659539;B01;3;7;0;2;1;1;1;
202300011845;155659540;A01;3;7;0;1;1;1;1;
202300011846;155659537;A01;1;7;0;0;6;13;1;
202300011846;155659538;B01;2;33;0;2;1;13;1;
202300011847;155659536;A01;2;7;0;1;4;4;1;
202300011848;155659535;A01;0;7;0;1;0;1;1;
202300011849;155659533;A01;2;50;0;2;1;1;3;
202300011849;155659534;B01;2;7;0;9;3;19;1;
202300011850;155659531;A01;1;7;0;2;0;15;1;
202300011850;155659532;B01;2;34;0;2;8;1;1;
202300011851;155659530;A01;1;7;0;1;1;2;1;
202300011852;155659528;B01;2;7;0;2;3;15;1;
202300011852;155659529;A01;2;33;0;2;5;11;1;
202300011853;155659527;A01;0;50;0;0;0;14;3;
202300011854;155659525;B01;1;7;0;2;2;1;1;
202300011854;155659526;A01;1;7;0;9;3;16;1;
202300011855;155659524;A01;3;7;1;0;2;0;1;
202300011856;155659522;B01;2;7;0;2;2;15;1;
202300011856;155659523;A01;1;7;0;2;1;1;1;
202300011857;155659519;A01;1;7;1;2;1;26;1;
202300011857;155659520;C01;3;1;0;2;1;1;5;
202300011857;155659521;D01;3;1;0;2;1;1;5;
202300011858;155659517;A01;2;7;0;2;8;1;1;
202300011858;155659518;B01;2;7;0;2;1;1;1;
202300011859;155659513;B01;1;7;0;2;4;2;2;
202300011859;155659514;A01;1;7;0;2;4;2;1;
202300011859;155659515;D01;1;7;0;2;4;2;1;
202300011859;155659516;C01;1;7;0;2;4;2;1;
202300011860;155659512;A01;3;7;0;2;1;2;1;
202300011861;155659510;B01;1;50;0;2;5;4;3;
202300011861;155659511;A01;1;7;0;2;5;20;1;
202300011862;155659509;A01;1;0;0;1;1;1;0;
202300011863;155659507;B01;1;31;0;2;7;1;1;
202300011863;155659508;A01;1;7;0;2;8;15;1;
202300011864;155659505;A01;1;7;0;2;3;9;1;
202300011864;155659506;B01;2;33;0;2;5;1;1;
202300011865;155659504;A01;1;7;0;1;7;15;1;
202300011866;155659503;A01;2;7;0;1;1;1;1;
202300011867;155659501;A01;1;7;0;2;1;19;1;
202300011867;155659502;B01;1;1;0;2;8;1;5;
202300011868;155659500;A01;2;2;0;0;3;17;3;
202300011869;155659498;B01;2;7;0;2;4;2;1;
202300011869;155659499;A01;2;10;0;2;1;2;1;
202300011870;155659496;A01;2;10;0;2;1;1;1;
202300011870;155659497;B01;2;7;0;2;4;1;1;
202300011871;155659495;A01;1;7;0;1;2;5;1;
202300011872;155659493;B01;1;33;0;2;1;1;1;
202300011872;155659494;A01;1;7;0;2;8;10;1;
202300011873;155659491;B01;1;30;0;0;8;7;0;
202300011873;155659492;A01;1;7;0;0;2;20;0;
202300011874;155659489;B01;0;1;0;2;8;1;5;
202300011874;155659490;A01;0;7;0;9;2;14;1;
202300011875;155659488;B01;1;1;0;0;8;15;5;
202300011876;155659486;A01;1;7;0;2;1;2;1;
202300011876;155659487;B01;1;7;0;0;5;1;1;
202300011877;155659485;A01;1;31;12;0;1;1;1;
202300011878;155659483;B01;1;7;0;2;3;1;1;
202300011878;155659484;A01;2;7;0;2;3;13;1;
202300011879;155659482;A01;1;7;0;2;1;1;1;
202300011880;155659480;A01;3;7;0;2;4;4;1;
202300011880;155659481;B01;3;80;0;2;5;1;3;
202300011881;155659479;A01;3;7;6;0;1;15;1;
202300011882;155659476;A01;1;7;1;0;1;1;1;
202300011882;155659477;B01;1;7;0;2;6;24;1;
202300011882;155659478;C01;1;7;0;2;4;23;1;
202300011883;155659473;C01;1;7;0;2;4;1;1;
202300011883;155659474;B01;1;2;0;2;1;2;1;
202300011883;155659475;A01;1;10;0;2;1;1;1;
202300011884;155659471;A01;0;7;0;2;1;1;1;
202300011884;155659472;B01;0;1;0;2;7;1;5;
202300011885;155659469;B01;1;1;0;2;6;1;5;
202300011885;155659470;A01;1;7;0;2;1;16;1;
202300011886;155659467;A01;1;7;0;2;7;19;1;
202300011886;155659468;B01;2;37;0;2;2;1;1;9.0
202300011887;155659466;Z01;1;7;0;1;0;1;1;
202300011888;155659464;Z01;2;7;0;2;3;13;0;
202300011888;155659465;A01;1;7;0;2;3;1;1;
202300011889;155659462;B01;1;32;0;2;1;1;1;
202300011889;155659463;A01;1;7;0;2;7;15;1;
202300011890;155659460;A01;1;7;0;2;1;2;1;
202300011890;155659461;B01;1;7;0;2;4;2;1;
202300011891;155659458;B01;3;10;0;2;1;1;1;
202300011891;155659459;A01;3;7;0;2;5;13;1;
202300011892;155659456;B01;3;7;0;2;1;13;1;
202300011892;155659457;A01;3;7;0;2;1;1;1;
202300011893;155659454;B01;1;10;0;2;1;1;1;
202300011893;155659455;A01;2;7;0;2;1;17;1;
202300011894;155659452;A01;3;7;0;2;2;19;1;
202300011894;155659453;B01;3;2;0;2;1;0;1;
202300011895;155659451;A01;2;7;1;1;1;16;1;
202300011896;155659450;A01;3;7;0;1;1;1;1;
202300011897;155659449;A01;1;7;0;2;1;1;1;
202300011898;155659447;A01;2;7;0;2;3;15;1;
202300011898;155659448;B01;1;2;0;2;1;1;0;
202300011899;155659445;B01;2;7;0;2;2;0;1;
202300011899;155659446;A01;1;7;14;2;6;26;1;
202300011900;155659443;A01;1;7;0;2;1;2;1;
202300011900;155659444;B01;3;7;0;2;4;2;1;
202300011901;155659441;B01;1;34;0;2;1;1;1;
202300011901;155659442;A01;2;7;0;2;3;15;1;
202300011902;155659439;A01;1;7;0;2;2;1;1;
202300011902;155659440;B01;2;33;0;2;1;1;1;
202300011903;155659438;A01;3;40;0;1;1;1;3;
202300011904;155659434;A01;3;7;0;2;1;17;0;
202300011904;155659435;B01;3;7;0;2;1;13;0;
202300011905;155659433;A01;2;7;0;1;2;1;1;
202300011906;155659431;B01;3;7;0;2;3;1;1;
202300011906;155659432;A01;3;10;0;2;1;1;1;
202300011907;155659428;A01;2;7;0;2;1;1;1;
202300011907;155659429;B01;2;7;0;2;4;1;1;
202300011907;155659430;C01;2;7;0;2;4;15;3;
202300011908;155659426;B01;2;7;0;2;0;1;1;
202300011908;155659427;A01;1;10;0;2;1;15;1;
202300011909;155659424;A01;3;7;0;2;3;15;1;
202300011909;155659425;B01;3;30;0;2;1;1;1;
202300011910;155659422;B01;0;7;0;2;8;15;1;
202300011910;155659423;A01;1;33;0;2;1;17;1;
202300011911;155659420;A01;1;43;0;2;1;2;1;
202300011911;155659421;B01;1;10;0;2;4;2;1;
202300011912;155659417;A01;2;7;0;2;1;2;2;
202300011912;155659418;B01;2;7;0;2;4;2;1;
202300011912;155659419;C01;2;7;0;2;4;2;2;
202300011913;155659414;A01;3;33;12;2;1;1;1;
202300011913;155659415;B01;3;7;0;2;8;23;1;
202300011913;155659416;C01;3;7;0;2;8;23;1;
202300011914;155659412;Z01;1;2;0;0;0;1;0;
202300011914;155659413;A01;1;30;0;1;0;1;1;
202300011915;155659410;A01;2;7;0;2;0;13;1;
202300011915;155659411;B01;1;1;0;2;1;1;5;
202300011916;155659408;A01;3;7;0;2;8;11;1;
202300011916;155659409;B01;3;34;0;2;2;3;1;
202300011917;155659406;A01;2;10;0;2;2;1;3;
202300011917;155659407;B01;0;1;0;2;0;13;5;
202300011918;155659404;A01;1;50;0;2;8;1;3;
202300011918;155659405;Z01;1;7;0;2;2;14;3;
202300011919;155659403;A01;2;1;0;0;0;1;5;
202300011920;155659401;B01;1;1;0;2;7;15;5;
202300011920;155659402;A01;2;33;0;2;1;7;1;
202300011921;155659399;A01;2;10;0;2;2;1;1;
202300011921;155659400;B01;2;7;0;0;6;23;1;
202300011922;155659397;A01;3;80;0;2;3;15;3;
202300011922;155659398;B01;3;31;0;2;1;1;3;
202300011923;155659396;Z01;1;1;0;1;1;1;5;
202300011924;155659394;A01;1;32;0;2;1;21;1;
202300011924;155659395;B01;2;7;0;2;3;1;2;
202300011925;155659393;A01;1;1;0;1;1;1;5;
202300011926;155659391;B01;1;80;0;2;1;1;3;
202300011926;155659392;A01;1;7;0;2;8;22;1;
202300011927;155659389;A01;3;34;0;2;1;26;1;
202300011927;155659390;B01;3;10;0;2;4;0;1;
202300011928;155659387;B01;2;2;0;2;5;17;1;
202300011928;155659388;A01;2;7;0;2;3;20;1;
202300011929;155659385;A01;1;10;0;2;2;1;1;
202300011929;155659386;B01;1;7;0;2;3;1;1;
202300011930;155659384;A01;3;40;0;1;1;1;3;
202300011931;155659382;B01;1;7;0;2;8;1;1;
202300011931;155659383;A01;2;7;6;2;1;15;1;
202300011932;155659380;A01;1;30;0;2;2;15;0;
202300011932;155659381;B01;1;3;0;2;2;2;0;
202300011933;155659379;A01;1;2;0;0;7;1;1;
202300011934;155659378;A01;0;60;1;0;1;1;5;
202300011935;155659377;A01;2;43;0;1;7;5;1;
202300011936;155659375;B01;1;50;0;2;1;1;3;
202300011936;155659376;A01;1;7;0;2;2;1;1;
202300011937;155659373;A01;3;7;0;2;1;2;1;
202300011937;155659374;B01;0;34;0;2;4;2;1;
202300011938;155659372;A01;2;7;0;1;2;1;1;
202300011939;155659370;A01;3;10;0;2;0;0;1;
202300011939;155659371;B01;3;7;0;2;0;0;1;
202300011940;155659368;A01;2;7;0;2;2;15;0;
202300011940;155659369;B01;1;33;0;2;1;1;1;
202300011941;155659367;A01;1;7;12;0;2;1;1;
202300011942;155659365;A01;3;7;0;2;6;15;1;
202300011942;155659366;B01;3;31;0;2;1;1;1;
202300011943;155659363;A01;2;7;6;2;1;1;1;
202300011943;155659364;B01;1;10;15;2;7;1;1;
202300011944;155659362;A01;1;2;0;0;0;1;1;
202300011945;155659360;A01;1;7;0;2;8;5;1;
202300011945;155659361;B01;2;7;0;2;3;1;1;
202300011946;155659359;A01;1;36;6;0;2;1;1;
202300011947;155659357;A01;2;7;0;2;4;2;1;
202300011947;155659358;B01;2;7;0;2;1;2;1;
202300011948;155659355;A01;3;1;1;2;8;19;5;
202300011948;155659356;B01;1;7;0;2;2;1;1;
202300011949;155659354;A01;1;7;0;9;2;1;1;
202300011950;155659352;A01;1;7;0;2;1;13;1;
202300011950;155659353;B01;2;7;0;2;1;1;1;
202300011951;155659351;A01;1;31;7;0;1;15;1;
202300011952;155659349;A01;1;10;0;0;3;19;1;
202300011952;155659350;B01;2;33;0;0;1;1;0;
202300011953;155659348;A01;1;31;0;6;1;1;1;
202300011954;155659346;B01;1;32;0;2;1;21;6;
202300011954;155659347;A01;1;7;0;2;3;16;6;
202300011955;155659345;A01;3;33;2;0;1;0;1;
202300011956;155659344;A01;1;7;13;0;3;0;1;
202300011957;155659342;B01;3;30;0;2;6;2;0;
202300011957;155659343;A01;3;7;0;2;3;2;1;
202300011958;155659340;A01;2;50;12;0;1;26;3;
202300011959;155659339;A01;1;33;0;2;3;13;1;
202300011959;155659341;B01;2;7;0;2;3;14;1;
202300011960;155659337;A01;2;33;0;0;9;1;1;
202300011961;155659336;B01;1;2;0;2;1;9;1;
202300011961;155659338;A01;3;7;0;2;7;1;1;
202300011962;155659332;A01;2;10;0;2;2;15;1;
202300011962;155659334;B01;1;33;0;2;1;1;1;
202300011963;155659330;A01;1;7;0;2;0;1;1;
202300011963;155659331;B01;1;37;0;2;4;1;4;1.0
202300011963;155659333;C01;1;34;0;2;0;1;1;
202300011963;155659335;D01;1;7;0;2;0;1;1;
202300011964;155659328;A01;3;80;0;2;1;0;3;
202300011964;155659329;B01;3;7;0;9;1;0;1;
202300011965;155659326;A01;3;7;0;2;5;15;1;
202300011965;155659327;B01;1;32;0;2;1;1;1;
202300011966;155659324;A01;2;7;5;0;1;6;1;
202300011967;155659322;B01;1;7;0;2;3;21;1;
202300011967;155659325;A01;3;7;0;2;8;19;1;
202300011968;155659321;A01;1;7;0;0;0;26;1;
202300011969;155659319;A01;2;7;6;0;1;2;1;
202300011970;155659320;A01;2;7;0;2;2;1;1;
202300011970;155659323;B01;2;7;0;2;3;15;1;
202300011971;155659316;A01;2;33;0;2;3;1;1;
202300011971;155659317;B01;1;7;0;2;3;3;1;
202300011972;155659315;A01;1;7;0;2;2;15;1;
202300011972;155659318;B01;1;7;0;2;2;1;1;
202300011973;155659311;A01;1;7;17;0;1;1;3;
202300011974;155659310;A01;3;7;0;2;6;15;1;
202300011974;155659312;B01;2;7;0;2;3;1;1;
202300011975;155659313;A01;1;7;0;2;1;13;1;
202300011975;155659314;B01;2;7;0;2;1;1;1;
202300011976;155659308;B01;1;7;13;2;8;1;1;
202300011976;155659309;A01;2;10;0;2;1;19;1;
202300011977;155659306;A01;3;7;0;2;3;1;0;
202300011977;155659307;B01;0;2;0;2;1;3;1;
202300011978;155659304;A01;0;7;0;2;1;1;1;
202300011978;155659305;B01;0;7;0;0;4;23;1;
202300011979;155659302;A01;3;7;0;1;1;1;1;
202300011980;155659300;A01;0;2;0;2;9;1;1;
202300011980;155659301;B01;0;21;0;2;3;1;1;
202300011981;155659296;A01;2;7;0;2;1;1;1;
202300011981;155659298;B01;1;1;0;2;7;19;5;
202300011982;155659294;A01;1;33;0;2;1;1;1;
202300011982;155659297;B01;2;7;0;2;2;15;1;
202300011983;155659293;B01;3;1;0;2;8;0;5;
202300011983;155659295;A01;1;7;0;0;3;0;1;
202300011984;155659290;A01;2;33;2;0;1;1;1;
202300011985;155659289;A01;3;50;0;2;1;5;3;
202300011985;155659291;B01;0;7;0;0;3;1;3;
202300011986;155659299;A01;2;32;6;2;6;17;1;
202300011986;155659303;B01;2;7;0;2;6;16;1;
202300011987;155659288;A01;1;7;0;2;1;9;1;
202300011987;155659292;B01;1;7;0;0;0;0;1;
202300011988;155659285;A01;1;7;0;1;1;1;1;
202300011989;155659283;A01;1;7;0;2;2;1;1;
202300011989;155659286;B01;1;1;0;2;1;19;5;
202300011990;155659279;A01;1;31;14;0;1;1;1;
202300011991;155659278;A01;0;7;0;1;1;17;1;
202300011992;155659277;A01;1;7;0;2;3;1;1;
202300011992;155659280;B01;2;2;0;2;1;13;1;
202300011993;155659281;B01;2;7;0;0;3;5;1;
202300011993;155659282;A01;1;10;0;0;3;1;1;
202300011994;155659275;A01;1;7;6;0;1;1;1;
202300011995;155659273;A01;1;33;0;2;1;1;1;
202300011995;155659276;B01;1;7;0;2;3;9;1;
202300011996;155659272;B01;2;20;0;2;1;24;1;
202300011996;155659274;A01;1;10;14;0;1;1;1;
202300011997;155659271;A01;1;7;16;0;9;13;1;
202300011998;155659270;A01;1;7;0;1;1;1;1;
202300011999;155659264;B01;3;7;0;2;6;1;1;
202300011999;155659266;A01;3;7;14;0;1;1;1;
202300012000;155659262;B01;2;7;0;2;2;1;1;
202300012000;155659269;A01;1;10;0;2;3;9;1;
202300012001;155659259;A01;3;7;8;0;1;15;1;
202300012002;155659260;A01;1;15;0;0;5;1;1;
202300012002;155659261;C01;1;33;0;0;1;1;1;
202300012002;155659263;D01;1;7;4;0;3;1;1;
202300012002;155659268;B01;1;10;0;2;1;12;1;
202300012003;155659265;A01;1;7;0;2;3;13;1;
202300012003;155659267;B01;2;7;0;2;8;1;1;
202300012004;155659257;A01;1;7;0;2;1;0;1;
202300012004;155659258;B01;2;14;0;0;8;1;1;
202300012005;155659253;A01;1;7;0;2;3;17;1;
202300012005;155659256;B01;2;33;0;2;3;1;1;
202300012006;155659252;B01;2;33;0;2;2;13;1;
202300012006;155659254;A01;1;7;0;2;3;13;1;
202300012007;155659251;A01;3;7;0;1;1;1;1;
202300012008;155659248;B01;1;31;0;2;1;1;1;
202300012008;155659249;A01;2;7;0;2;7;15;1;
202300012009;155659246;A01;3;21;0;1;7;1;1;
202300012010;155659244;A01;1;10;0;2;1;1;1;
202300012010;155659247;B01;1;7;0;2;4;1;1;
202300012010;155659250;C01;1;7;0;2;4;2;1;
202300012010;155659255;D01;1;7;0;2;1;2;1;
202300012011;155659243;A01;0;7;0;1;1;1;1;
202300012012;155659245;A01;1;7;6;1;2;14;1;
202300012013;155659240;A01;2;7;0;2;2;9;1;
202300012013;155659242;B01;1;1;0;2;7;16;5;
202300012014;155659239;A01;1;1;0;2;1;0;5;
202300012014;155659241;B01;2;7;0;2;7;1;1;
202300012015;155659236;A01;1;7;0;2;2;15;1;
202300012015;155659238;B01;2;33;0;2;1;1;1;
202300012016;155659234;B01;2;7;0;2;1;21;1;
202300012016;155659237;A01;1;13;0;2;2;13;1;
202300012017;155659232;A01;3;7;0;2;3;13;0;
202300012017;155659235;B01;3;7;0;2;3;0;0;
202300012018;155659231;B01;1;32;0;2;1;1;1;
202300012018;155659233;A01;3;7;0;2;8;23;1;
202300012019;155659229;A01;2;7;1;2;1;5;1;
202300012020;155659225;A01;1;7;0;2;2;2;1;
202300012020;155659228;B01;1;7;0;6;9;1;1;
202300012021;155659226;A01;1;33;0;2;1;1;1;
202300012021;155659230;B01;2;7;0;0;6;16;1;
202300012022;155659223;A01;2;7;0;2;7;10;1;
202300012022;155659227;B01;1;31;0;2;1;1;1;
202300012023;155659222;A01;1;33;0;2;1;17;1;
202300012023;155659224;B01;1;7;0;0;8;15;1;
202300012024;155659221;A01;1;21;0;1;1;1;1;