Num_Acc;id_vehicule;num_veh;senc;catv;obs;obsm;choc;manv;motor;occutc
202300012025;155659219;A01;2;7;6;0;2;0;1;
202300012026;155659218;A01;3;7;0;2;3;1;1;
202300012026;155659220;B01;3;1;0;2;1;13;5;
202300012027;155659214;A01;1;7;4;0;3;0;1;
202300012028;155659210;A01;1;15;0;2;3;1;1;
202300012028;155659212;B01;2;7;0;2;3;13;1;
202300012029;155659208;A01;1;7;0;1;1;16;1;
202300012030;155659206;C01;1;10;0;2;4;2;1;
202300012030;155659209;D01;1;17;0;2;4;2;1;
202300012030;155659211;E01;1;14;0;0;4;1;1;
202300012030;155659213;A01;1;17;0;2;2;2;1;
202300012030;155659216;B01;1;7;0;2;4;2;1;
202300012031;155659205;A01;1;2;0;0;4;0;1;
202300012031;155659207;B01;1;7;0;2;1;14;1;
202300012032;155659203;B01;1;50;0;2;1;1;3;
202300012032;155659204;A01;2;7;0;2;7;15;1;
202300012033;155659201;A01;2;7;0;2;4;2;1;
202300012034;155659200;A01;3;33;0;2;2;17;1;
202300012034;155659202;B01;3;7;0;2;5;13;1;
202300012035;155659199;A01;2;7;13;0;9;1;1;
202300012036;155659195;A01;2;7;0;2;4;2;0;
202300012036;155659197;B01;2;7;0;2;1;2;0;
202300012037;155659193;A01;1;7;0;2;2;1;1;
202300012037;155659196;B01;1;7;0;2;3;1;1;
202300012038;155659194;A01;1;7;0;1;1;15;0;
202300012039;155659192;A01;2;7;3;0;1;21;1;
202300012040;155659190;A01;2;7;0;2;3;10;1;
202300012040;155659198;B01;2;7;0;2;1;1;1;
202300012041;155659188;B01;1;2;0;2;1;1;1;
202300012041;155659191;A01;2;7;0;2;3;19;1;
202300012042;155659186;A01;1;7;0;2;3;13;1;
202300012042;155659189;B01;2;7;0;2;3;1;1;
202300012043;155659180;A01;1;1;0;2;1;13;5;
202300012043;155659182;B01;2;80;0;2;1;13;3;
202300012044;155659183;A01;1;7;0;2;3;1;1;
202300012044;155659185;B01;1;1;0;2;6;26;5;
202300012045;155659177;A01;1;7;0;2;2;2;2;
202300012045;155659179;B01;1;1;0;2;4;1;5;
202300012046;155659175;A01;1;33;0;0;3;1;1;
202300012047;155659170;E01;1;7;0;2;4;2;1;
202300012047;155659173;C01;1;7;0;2;9;0;1;
202300012047;155659176;F01;1;7;0;2;9;2;1;
202300012047;155659178;G01;1;7;0;2;1;2;1;
202300012047;155659181;D01;1;7;0;2;9;2;1;
202300012047;155659184;A01;1;7;0;2;9;1;1;
202300012047;155659187;B01;1;7;0;2;4;2;1;
202300012048;155659169;B01;1;7;0;9;2;9;1;
202300012048;155659172;A01;1;50;0;2;4;1;3;
202300012049;155659168;B01;2;7;0;2;3;15;1;
202300012049;155659174;A01;1;2;0;2;3;1;3;
202300012050;155659167;A01;3;14;12;0;2;16;1;
202300012050;155659171;B01;1;7;12;0;3;16;1;
202300012051;155659162;A01;1;43;14;0;1;13;1;
202300012052;155659161;Z01;2;0;0;2;0;0;0;
202300012052;155659164;A01;2;7;0;2;4;2;1;
202300012052;155659166;B01;2;7;0;2;4;2;1;
202300012053;155659160;A01;2;31;0;2;1;21;1;
202300012053;155659165;B01;0;7;0;2;1;21;1;
202300012054;155659159;B01;3;32;0;2;2;12;0;
202300012054;155659163;A01;3;7;0;0;6;1;0;
202300012055;155659157;A01;2;33;16;0;9;14;1;
202300012056;155659153;A01;2;7;0;2;2;15;1;
202300012056;155659156;B01;0;7;0;2;3;1;1;
202300012057;155659152;B01;2;7;3;0;6;1;1;
202300012057;155659155;A01;2;10;0;2;2;13;1;
202300012058;155659150;A01;1;7;0;2;4;1;1;
202300012058;155659151;B01;1;7;0;0;0;0;1;
202300012058;155659154;C01;1;7;0;2;4;1;1;
202300012058;155659158;D01;1;7;0;2;1;1;1;
202300012059;155659148;A01;3;7;0;2;2;26;1;
202300012059;155659149;B01;3;7;0;0;6;23;1;
202300012060;155659147;A01;2;7;1;0;3;1;1;
202300012061;155659144;A01;1;7;3;2;6;12;1;
202300012061;155659146;B01;1;7;0;2;2;2;1;
202300012062;155659143;A01;1;7;0;2;6;11;1;
202300012062;155659145;B01;1;34;0;2;1;1;1;
202300012063;155659141;A01;2;33;0;1;8;21;1;
202300012064;155659142;A01;0;50;0;0;0;1;3;
202300012065;155659139;A01;1;7;0;0;8;19;1;
202300012065;155659140;B01;1;33;0;2;1;1;1;
202300012066;155659135;A01;1;7;0;2;3;1;1;
202300012066;155659137;B01;1;80;0;2;3;1;3;
202300012067;155659133;B01;0;7;1;0;2;1;5;
202300012068;155659132;C01;1;7;0;2;8;1;1;
202300012068;155659134;A01;2;7;0;2;1;13;1;
202300012068;155659136;B01;1;7;0;2;1;1;1;
202300012069;155659129;A01;1;7;1;0;3;0;0;
202300012070;155659130;A01;1;33;1;0;1;13;0;
202300012071;155659131;A01;1;7;13;0;1;13;1;
202300012072;155659125;A01;2;10;0;2;6;13;1;
202300012072;155659127;B01;2;33;0;2;1;17;1;
202300012073;155659124;A01;1;7;0;1;1;16;1;
202300012074;155659123;A01;1;1;0;2;4;2;5;
202300012074;155659126;B01;1;0;0;9;2;1;0;
202300012075;155659119;A01;0;7;0;1;0;26;1;
202300012076;155659121;Z01;2;7;0;2;8;0;0;
202300012076;155659122;A01;2;7;0;2;7;1;1;
202300012077;155659118;A01;1;7;13;0;1;1;1;
202300012078;155659117;B01;2;1;0;2;8;1;5;
202300012078;155659120;Z01;1;7;0;2;1;15;2;
202300012079;155659112;A01;3;7;0;2;1;0;1;
202300012079;155659116;B01;3;7;0;2;3;26;1;
202300012080;155659110;A01;1;50;0;2;1;5;3;
202300012080;155659114;B01;1;7;0;2;7;15;1;
202300012081;155659108;A01;3;7;0;2;7;26;1;
202300012081;155659113;B01;1;7;0;2;1;1;1;
202300012082;155659107;A01;1;7;0;2;8;1;1;
202300012082;155659109;B01;1;7;0;2;1;1;1;
202300012083;155659105;A01;1;7;15;0;8;1;1;
202300012084;155659111;A01;2;7;0;2;1;2;0;
202300012084;155659115;B01;2;7;0;2;4;2;0;
202300012085;155659104;A01;1;7;0;2;6;9;1;
202300012085;155659106;B01;1;30;0;2;1;1;1;
202300012086;155659102;B01;1;10;0;2;1;1;1;
202300012086;155659103;A01;2;10;0;2;1;5;1;
202300012087;155659098;B01;1;2;0;0;5;1;1;
202300012087;155659101;A01;2;7;0;2;3;9;1;
202300012088;155659097;B01;1;1;0;2;7;13;5;
202300012088;155659100;A01;2;14;0;2;2;16;1;
202300012089;155659094;A01;1;7;0;2;3;9;1;
202300012089;155659096;B01;1;33;0;2;2;15;1;
202300012090;155659090;B01;1;7;0;2;3;1;1;
202300012090;155659093;A01;1;7;0;2;2;1;1;
202300012091;155659091;A01;1;7;0;2;2;2;0;
202300012091;155659095;B01;1;7;0;2;6;0;0;
202300012091;155659099;C01;1;7;0;2;4;0;0;
202300012092;155659088;A01;2;7;0;2;3;13;1;
202300012092;155659092;B01;1;7;0;2;3;1;1;
202300012093;155659086;A01;3;7;0;2;2;19;1;
202300012093;155659089;B01;1;7;0;2;3;1;1;
202300012094;155659083;A01;2;7;0;2;3;13;1;
202300012094;155659087;B01;1;32;0;2;3;1;1;
202300012095;155659082;A01;2;7;0;2;8;12;1;
202300012095;155659084;B01;2;15;0;2;7;11;1;
202300012096;155659077;A01;1;33;0;2;7;0;1;
202300012096;155659081;B01;3;7;0;2;3;0;1;
202300012097;155659075;A01;2;30;0;2;1;18;1;
202300012097;155659079;B01;2;7;0;2;0;0;1;
202300012098;155659076;A01;2;33;0;2;2;13;0;
202300012098;155659080;B01;2;7;0;2;6;1;0;
202300012098;155659085;C01;2;7;0;2;2;1;0;
202300012099;155659074;A01;1;7;0;2;1;2;1;
202300012099;155659078;B01;1;7;0;2;4;2;1;
202300012100;155659071;A01;3;7;0;2;3;15;1;
202300012100;155659072;B01;3;33;0;2;7;2;1;
202300012101;155659069;B01;1;7;0;0;4;2;1;
202300012101;155659073;A01;1;7;4;2;3;2;3;
202300012102;155659067;B01;2;33;0;2;8;1;1;
202300012102;155659070;A01;2;10;0;2;7;12;1;
202300012103;155659066;A01;2;7;0;1;1;26;1;
202300012104;155659064;A01;1;7;0;2;1;14;1;
202300012104;155659068;B01;1;7;0;2;4;0;1;
202300012105;155659063;A01;2;7;0;2;1;13;1;
202300012105;155659065;B01;1;30;0;2;1;1;3;
202300012106;155659059;A01;2;33;0;2;1;3;1;
202300012106;155659061;B01;2;33;0;2;4;3;1;
202300012106;155659062;C01;2;7;0;2;4;12;1;
202300012107;155659058;CB01;1;2;0;2;1;2;0;
202300012107;155659060;A01;1;7;0;2;5;23;1;
202300012108;155659056;A01;1;33;0;2;2;1;1;
202300012108;155659057;B01;2;7;0;2;3;15;1;
202300012109;155659053;A01;2;7;0;2;1;2;1;
202300012109;155659055;B01;2;7;0;2;4;2;0;
202300012110;155659050;A01;1;7;4;0;1;1;1;
202300012111;155659049;A01;1;7;8;2;1;16;1;
202300012111;155659054;B01;3;50;0;2;7;26;3;
202300012112;155659048;A01;3;7;0;2;5;16;1;
202300012112;155659051;B01;3;32;0;2;1;5;1;
202300012113;155659044;B01;1;7;0;2;2;10;2;
202300012113;155659046;A01;1;32;0;2;1;1;1;
202300012114;155659047;A01;2;7;0;2;2;12;1;
202300012114;155659052;B01;2;7;0;2;6;1;1;
202300012115;155659039;A01;2;10;0;2;1;2;0;
202300012115;155659040;B01;2;7;0;2;4;2;0;
202300012115;155659042;C01;2;7;0;2;4;2;0;
202300012115;155659045;D01;2;7;0;2;4;2;0;
202300012116;155659038;A01;1;7;0;1;2;20;1;
202300012117;155659033;A01;2;31;14;0;2;0;1;
202300012118;155659034;A01;1;7;0;2;1;1;1;
202300012118;155659036;B01;1;7;0;2;4;1;1;
202300012119;155659032;A01;2;1;0;0;0;2;5;
202300012120;155659026;A01;2;43;0;2;7;3;1;
202300012120;155659028;B01;2;7;0;2;8;0;1;
202300012121;155659025;C01;2;7;0;2;2;1;1;
202300012121;155659030;A01;2;7;0;2;4;1;1;
202300012121;155659031;B01;2;7;0;2;1;1;1;
202300012122;155659022;A01;1;33;0;2;8;15;1;
202300012122;155659027;B01;3;33;0;2;1;17;1;
202300012123;155659020;A01;3;7;0;9;2;17;0;
202300012123;155659023;B01;3;1;0;2;8;19;5;
202300012124;155659013;A01;0;7;0;2;1;3;1;
202300012124;155659018;B01;0;7;0;2;1;3;1;
202300012125;155659015;A01;3;30;12;0;1;1;3;
202300012126;155659014;C01;1;7;0;2;4;1;1;
202300012126;155659017;D01;1;7;0;2;4;1;1;
202300012126;155659021;E01;1;7;0;2;4;1;1;
202300012126;155659024;A01;1;7;0;2;1;1;1;
202300012126;155659029;B01;1;7;0;2;4;1;1;
202300012127;155659012;A01;1;34;0;2;1;3;1;
202300012127;155659016;B01;1;10;0;2;4;2;1;
202300012127;155659019;C01;1;10;0;2;4;2;1;
202300012128;155659011;A01;0;7;0;1;8;1;1;
202300012129;155659008;A01;2;7;4;0;1;1;1;
202300012130;155659006;A01;0;1;0;2;1;5;5;
202300012130;155659010;B01;0;7;0;2;2;1;1;
202300012131;155659007;A01;3;7;0;9;1;15;2;
202300012131;155659009;B01;3;1;0;2;1;1;5;
202300012132;155659003;B01;1;7;0;2;1;2;1;
202300012132;155659005;A01;1;7;0;2;4;2;1;
202300012133;155659001;A01;2;10;0;2;7;13;1;
202300012133;155659002;B01;2;15;0;2;2;1;1;
202300012134;155658997;A01;1;37;0;2;4;2;1;6.0
202300012134;155659004;B01;2;7;0;2;1;1;1;
202300012135;155658995;B01;1;2;0;2;7;1;1;
202300012135;155658999;A01;1;7;0;2;2;15;1;
202300012136;155658993;A01;3;7;0;9;2;1;1;
202300012136;155658998;B01;0;1;0;2;1;1;5;
202300012137;155658994;B01;1;7;0;2;1;1;1;
202300012137;155659000;A01;1;7;0;2;3;16;1;
202300012138;155658992;A01;2;7;0;2;6;1;1;
202300012138;155658996;Z01;2;7;0;2;2;11;1;
202300012139;155658989;A01;1;7;0;1;3;16;1;
202300012140;155658988;A01;2;33;0;0;9;1;1;
202300012140;155658991;B01;2;33;0;0;9;1;1;
202300012141;155658984;A01;1;10;0;2;1;1;1;
202300012141;155658986;B01;1;7;0;2;4;1;1;
202300012142;155658983;A01;1;34;0;2;1;2;-1;
202300012142;155658985;B01;1;7;0;0;6;23;0;
202300012142;155658990;C01;1;3;0;0;0;23;1;
202300012143;155658982;A01;3;43;0;2;1;18;0;
202300012143;155658987;B01;3;7;0;2;5;16;0;
202300012144;155658981;A01;2;7;0;0;9;13;1;
202300012145;155658977;A01;1;7;0;2;3;15;0;
202300012145;155658980;B01;2;7;0;2;3;1;0;
202300012146;155658975;A01;1;2;0;0;0;1;1;
202300012147;155658976;A01;0;7;0;1;2;0;1;
202300012148;155658974;A01;2;7;0;2;3;1;0;
202300012148;155658979;B01;1;7;0;2;3;1;0;
202300012149;155658973;B01;2;7;0;2;1;1;1;
202300012149;155658978;A01;1;3;0;2;7;19;1;
202300012150;155658972;A01;2;7;0;1;3;1;1;
202300012151;155658968;A01;3;2;12;0;0;0;1;
202300012152;155658966;A01;1;2;0;0;7;1;1;
202300012152;155658969;B01;0;7;0;2;1;20;1;
202300012153;155658965;A01;1;7;13;0;9;14;1;
202300012154;155658967;A01;2;7;0;2;2;16;1;
202300012154;155658971;B01;2;50;0;2;1;1;3;
202300012155;155658964;A01;3;7;0;1;1;19;1;
202300012156;155658963;A01;3;7;0;1;2;15;1;
202300012157;155658959;A01;1;7;0;1;1;1;1;
202300012158;155658957;A01;2;7;0;2;6;2;1;
202300012158;155658960;B01;2;33;0;2;1;2;1;
202300012159;155658956;A01;2;2;0;1;1;21;1;
202300012160;155658955;A01;2;1;15;0;1;1;5;
202300012161;155658953;A01;1;7;2;0;2;1;1;
202300012162;155658949;A01;2;7;2;0;2;1;1;
202300012163;155658952;B01;1;7;0;2;1;1;1;
202300012163;155658954;A01;2;7;0;2;7;15;1;
202300012164;155658945;A01;1;7;0;2;1;13;1;
202300012164;155658947;B01;1;7;0;2;6;1;2;
202300012164;155658950;C01;1;7;0;2;5;1;1;
202300012165;155658937;A01;3;7;8;0;1;1;1;
202300012166;155658938;A01;1;7;0;2;1;2;1;
202300012166;155658941;C01;1;7;0;2;4;0;1;
202300012166;155658944;B01;1;10;0;2;4;2;1;
202300012167;155658939;B01;1;33;0;2;1;1;1;
202300012167;155658943;A01;2;7;0;0;7;15;1;
202300012168;155658936;A01;2;7;0;2;3;9;1;
202300012168;155658940;B01;2;2;0;2;7;1;1;
202300012169;155658933;B01;0;37;0;0;6;0;1;1.0
202300012169;155658935;A01;0;7;0;2;2;17;1;
202300012170;155658932;A01;1;7;1;0;2;1;1;
202300012170;155658934;B01;3;7;0;2;3;24;1;
202300012171;155658928;A01;3;7;0;1;2;1;1;
202300012172;155658929;A01;2;7;0;2;1;1;1;
202300012172;155658931;B01;2;7;0;2;4;1;1;
202300012173;155658926;A01;2;7;6;0;1;0;1;
202300012174;155658925;B01;1;7;0;2;8;15;1;
202300012174;155658930;A01;1;33;0;2;7;2;1;
202300012175;155658923;A01;1;40;0;1;7;1;3;
202300012176;155658924;A01;0;7;0;2;7;16;1;
202300012176;155658927;B01;0;1;0;2;8;1;5;
202300012177;155658922;A01;1;33;12;0;0;0;1;
202300012178;155658920;A01;2;2;0;2;1;1;1;
202300012178;155658921;B01;2;7;0;2;4;1;1;
202300012179;155658915;A01;2;2;0;2;7;1;1;
202300012179;155658919;Z01;3;7;0;2;1;0;0;
202300012180;155658916;B01;1;7;0;2;4;2;1;
202300012180;155658917;A01;1;33;0;2;5;21;1;
202300012181;155658914;A01;1;7;0;2;8;19;0;
202300012181;155658918;B01;1;7;0;2;1;1;0;
202300012182;155658912;A01;2;37;2;0;2;1;1;5.0
202300012183;155658911;B01;1;33;0;2;0;15;0;
202300012183;155658913;RA01;2;7;0;2;2;1;1;
202300012184;155658909;A01;3;7;0;2;3;1;1;
202300012184;155658910;B01;3;7;1;2;4;20;1;
202300012185;155658908;A01;2;2;10;0;7;1;1;
202300012186;155658906;A01;1;50;0;0;0;1;3;
202300012187;155658905;A01;1;33;0;2;1;1;1;
202300012187;155658907;B01;2;7;0;2;7;15;2;
202300012188;155658900;A01;1;7;0;2;1;15;0;
202300012188;155658904;B01;2;80;0;2;7;1;3;
202300012189;155658899;A01;1;7;13;2;1;13;1;
202300012189;155658903;B01;2;7;0;2;5;1;1;
202300012190;155658898;A01;1;7;0;0;0;23;1;
202300012191;155658897;B01;1;0;-1;-1;-1;-1;-1;
202300012191;155658901;A01;1;50;0;2;5;0;3;
202300012192;155658896;A01;1;30;0;2;1;17;1;
202300012192;155658902;B01;1;7;0;2;3;15;1;
202300012193;155658893;A01;1;33;2;0;1;1;1;
202300012194;155658891;A01;0;31;0;2;7;0;1;
202300012194;155658892;B01;0;7;0;2;2;0;1;
202300012195;155658889;A01;1;7;8;2;1;2;1;
202300012195;155658894;B01;1;7;8;0;4;2;1;
202300012196;155658888;A01;1;7;0;2;1;15;1;
202300012196;155658895;B01;2;1;0;2;8;1;5;
202300012197;155658890;A01;1;32;10;0;2;0;1;
202300012198;155658887;A01;2;33;0;0;0;26;1;
202300012199;155658885;A01;1;10;2;0;1;1;1;
202300012200;155658884;A01;0;7;2;0;1;1;1;
202300012201;155658883;B01;2;7;0;2;2;1;1;
202300012201;155658886;A01;2;7;0;2;3;9;1;
202300012202;155658881;A01;2;50;0;0;7;1;3;
202300012203;155658880;A01;2;30;14;0;7;1;1;
202300012204;155658879;A01;2;7;0;2;3;1;1;
202300012204;155658882;B01;1;1;0;2;1;0;5;
202300012205;155658875;A01;3;7;6;0;1;1;0;
202300012206;155658873;A01;1;2;0;2;1;1;1;
202300012206;155658877;B01;2;7;0;2;3;1;1;
202300012207;155658874;A01;3;7;0;1;2;15;1;
202300012208;155658871;A01;1;7;2;0;2;1;1;
202300012209;155658870;A01;2;7;0;2;2;1;6;
202300012209;155658872;B01;2;7;0;2;3;9;6;
202300012210;155658866;A01;3;1;0;2;4;1;5;
202300012210;155658867;Z01;2;0;0;2;1;1;0;
202300012211;155658865;A01;0;33;16;0;0;0;1;
202300012212;155658863;B01;1;1;0;2;1;1;5;
202300012212;155658868;A01;1;10;0;2;7;16;1;
202300012213;155658864;B01;2;1;0;2;4;1;5;
202300012213;155658869;A01;1;7;0;9;1;1;1;
202300012214;155658861;A01;1;7;0;1;3;1;1;
202300012215;155658856;A01;1;7;0;2;3;1;1;
202300012215;155658859;B01;1;7;0;2;1;1;2;
202300012216;155658854;A01;2;7;0;2;3;9;1;
202300012216;155658858;B01;2;1;0;2;7;1;5;
202300012217;155658855;B01;2;7;0;2;1;17;1;
202300012217;155658857;A01;1;33;0;2;1;0;1;
202300012217;155658862;C01;3;7;1;0;0;23;1;
202300012218;155658851;A01;2;33;0;2;3;3;1;
202300012218;155658853;B01;2;10;0;2;7;1;1;
202300012219;155658850;A01;1;33;13;0;2;1;1;
202300012220;155658849;A01;2;99;14;2;3;13;1;
202300012220;155658852;B01;1;7;0;2;0;1;1;
202300012221;155658847;A01;1;7;0;2;1;2;1;
202300012221;155658848;B01;1;7;1;0;6;23;1;
202300012222;155658846;A01;3;33;14;0;8;19;6;
202300012223;155658842;A01;1;1;0;2;2;11;5;
202300012223;155658845;B01;1;7;0;2;3;17;1;
202300012224;155658843;B01;1;33;0;2;1;21;1;
202300012224;155658844;A01;1;7;0;2;5;19;1;
202300012225;155658840;B01;0;7;0;2;0;0;1;
202300012225;155658841;A01;0;2;0;2;8;17;1;
202300012226;155658839;A01;3;7;0;1;1;2;1;
202300012227;155658835;B01;2;2;0;2;2;1;1;
202300012227;155658837;A01;2;7;0;2;3;9;1;
202300012228;155658836;A01;1;33;13;0;1;19;1;
202300012229;155658833;A01;1;7;0;2;2;1;6;
202300012229;155658838;B01;1;7;0;2;3;15;6;
202300012230;155658832;A01;1;7;0;2;1;19;2;
202300012230;155658834;B01;2;7;16;0;7;15;1;
202300012231;155658829;A01;1;7;0;1;3;1;1;
202300012232;155658827;A01;2;7;0;2;1;2;1;
202300012232;155658831;B01;2;7;0;2;4;2;1;
202300012233;155658828;A01;2;7;0;0;5;6;1;
202300012233;155658830;B01;1;1;0;0;5;1;5;
202300012234;155658826;A01;3;7;0;9;1;12;1;
202300012235;155658824;A01;1;33;3;0;0;21;1;
202300012236;155658823;A01;1;10;0;1;8;1;1;
202300012237;155658821;A01;1;50;0;2;1;1;3;
202300012237;155658822;B01;1;7;0;2;2;1;1;
202300012238;155658820;A01;2;10;0;2;3;1;1;
202300012238;155658825;B01;1;7;0;2;8;1;1;
202300012239;155658817;A01;1;7;0;1;0;1;0;
202300012240;155658816;A01;1;7;0;9;7;16;2;
202300012240;155658819;B01;1;50;0;2;1;1;3;
202300012241;155658815;A01;2;7;0;2;1;13;1;
202300012241;155658818;B01;1;10;0;2;1;1;1;
202300012242;155658812;A01;1;10;0;2;7;16;1;
202300012242;155658814;Y01;2;1;0;2;8;1;5;
202300012243;155658808;A01;1;7;0;2;3;9;1;
202300012243;155658813;B01;2;7;0;2;1;1;1;
202300012244;155658807;A01;1;7;0;2;7;19;1;
202300012244;155658811;B01;3;30;0;2;1;16;1;
202300012245;155658806;A01;0;7;0;0;5;9;1;
202300012245;155658810;B01;0;30;0;2;1;1;1;
202300012246;155658805;A01;3;7;0;2;7;16;1;
202300012246;155658809;B01;1;34;0;2;8;1;1;
202300012247;155658801;A01;2;33;0;2;7;1;1;
202300012247;155658804;B01;1;7;0;2;1;9;0;
202300012248;155658799;A01;0;1;0;2;1;1;5;
202300012248;155658802;B01;1;7;0;2;7;1;1;
202300012249;155658798;A01;1;1;0;2;5;19;5;
202300012249;155658803;B01;2;7;0;2;1;1;1;
202300012250;155658796;A01;1;10;0;2;7;17;1;
202300012250;155658800;B01;1;7;0;2;3;13;1;
202300012251;155658794;A01;1;30;9;0;1;26;0;
202300012252;155658792;A01;2;50;0;2;1;5;3;
202300012252;155658795;B01;1;7;0;2;3;16;1;
202300012253;155658791;A01;2;7;0;2;3;1;1;
202300012253;155658797;B01;1;32;0;2;1;1;1;
202300012254;155658789;A01;1;7;1;0;3;17;1;
202300012254;155658793;B01;2;32;0;0;1;2;1;
202300012255;155658788;A01;0;7;0;2;7;1;6;
202300012255;155658790;B01;0;1;0;2;0;19;5;
202300012256;155658785;A01;1;7;2;0;2;2;1;
202300012257;155658787;A01;3;7;1;1;2;16;1;
202300012258;155658784;A01;2;7;0;1;1;1;1;
202300012259;155658782;B01;1;1;0;2;7;1;5;
202300012259;155658786;Z01;1;10;0;2;1;16;1;
202300012260;155658777;A01;1;7;0;2;8;11;1;
202300012260;155658780;B01;1;33;4;2;7;21;1;
202300012261;155658779;B01;3;7;0;2;3;15;1;
202300012261;155658781;A01;3;1;0;2;1;1;5;
202300012262;155658775;B01;3;2;0;2;1;1;1;
202300012262;155658778;A01;3;7;0;2;7;15;1;
202300012263;155658773;A01;2;7;0;2;2;1;1;
202300012263;155658774;B01;1;7;0;2;2;15;1;
202300012264;155658770;A01;3;7;0;1;4;20;1;
202300012265;155658771;A01;2;10;0;1;2;10;0;
202300012266;155658765;A01;1;7;0;2;2;20;1;
202300012266;155658767;B01;1;1;0;2;8;1;5;
202300012267;155658766;B01;2;7;0;2;1;2;1;
202300012267;155658769;C01;2;7;0;2;1;2;1;
202300012267;155658772;D01;2;7;0;2;1;2;3;
202300012267;155658776;A01;2;7;0;2;4;1;2;
202300012268;155658761;A01;1;2;1;0;6;10;1;
202300012268;155658763;B01;1;33;0;2;1;2;1;
202300012269;155658762;A01;3;7;0;2;5;2;1;
202300012269;155658768;B01;3;30;0;2;1;2;1;
202300012270;155658760;A01;2;7;0;2;3;13;1;
202300012270;155658764;B01;1;7;0;2;2;1;1;
202300012271;155658756;B01;1;7;16;2;1;2;1;
202300012271;155658758;A01;1;1;0;2;1;13;5;
202300012272;155658752;B01;0;7;0;2;8;15;1;
202300012272;155658754;A01;0;31;0;2;7;17;1;
202300012273;155658751;A01;1;7;0;2;1;14;1;
202300012273;155658759;B01;2;10;0;2;2;23;1;
202300012274;155658753;A01;1;7;1;0;1;14;1;
202300012274;155658757;B01;1;7;0;2;4;23;1;
202300012275;155658750;B01;3;7;0;2;8;1;0;
202300012275;155658755;A01;3;10;0;2;1;19;0;
202300012276;155658749;A01;3;7;15;1;2;17;1;
202300012277;155658748;A01;3;7;6;0;1;1;1;
202300012278;155658745;A01;0;7;0;2;7;26;1;
202300012278;155658747;B01;0;7;0;2;8;26;1;
202300012279;155658743;A01;2;1;0;2;0;15;5;
202300012279;155658746;B01;2;7;0;2;5;17;0;
202300012280;155658742;A01;1;7;4;0;1;1;1;
202300012281;155658740;A01;1;7;2;0;3;13;0;
202300012282;155658737;A01;3;7;0;2;1;16;1;
202300012282;155658741;B01;3;50;0;2;8;1;3;
202300012283;155658734;A01;2;7;0;2;3;15;1;
202300012283;155658738;B01;1;1;0;2;1;1;5;
202300012284;155658732;A01;2;7;0;2;1;1;1;
202300012284;155658736;C01;2;7;0;2;4;2;1;
202300012284;155658739;B01;2;7;0;2;4;2;1;
202300012285;155658733;A01;2;7;8;9;1;17;1;
202300012286;155658729;A01;0;10;0;1;4;26;0;
202300012287;155658728;A01;1;7;2;0;8;1;1;
202300012288;155658724;C01;1;7;0;0;6;2;0;
202300012288;155658726;A01;1;7;0;0;4;2;0;
202300012288;155658730;B01;1;7;0;0;4;2;0;
202300012288;155658731;D01;1;7;0;0;2;17;0;
202300012288;155658735;E01;2;7;0;0;2;1;3;
202300012289;155658727;A01;1;7;1;2;3;0;1;
202300012290;155658722;B01;1;2;0;2;0;1;1;
202300012290;155658725;A01;1;7;0;2;1;1;1;
202300012291;155658720;A01;2;7;1;2;1;5;1;
202300012291;155658723;B01;2;7;0;2;1;1;0;
202300012292;155658719;A01;1;7;0;2;3;0;1;
202300012292;155658721;B01;2;7;0;2;3;0;1;
202300012293;155658718;A01;3;7;2;0;1;1;1;
202300012294;155658717;A01;1;7;9;0;1;26;1;
202300012295;155658716;A01;2;33;13;0;2;1;1;
202300012296;155658712;A01;1;7;0;2;3;20;1;
202300012296;155658714;B01;1;33;9;2;2;1;1;
202300012297;155658709;B01;2;30;0;2;3;15;1;
202300012297;155658713;A01;2;7;0;2;5;17;1;
202300012298;155658708;A01;0;7;13;0;2;1;1;
202300012299;155658706;A01;1;33;0;2;0;1;1;
202300012299;155658711;B01;1;7;0;0;0;19;1;
202300012300;155658702;A01;1;33;0;0;3;2;1;
202300012301;155658700;A01;1;7;0;2;3;10;1;
202300012301;155658704;B01;1;7;0;2;2;2;0;
202300012302;155658699;A01;1;7;0;2;1;2;1;
202300012302;155658701;B01;1;7;4;0;4;23;1;
202300012303;155658697;A01;2;7;0;1;3;16;1;
202300012304;155658696;B01;1;2;0;2;1;1;1;
202300012304;155658698;A01;2;10;0;2;7;15;1;
202300012305;155658693;A01;1;7;1;0;1;1;1;
202300012306;155658691;B01;3;7;0;2;3;1;1;
202300012306;155658694;A01;3;7;0;2;1;13;1;
202300012307;155658692;A01;3;34;0;2;1;1;1;
202300012307;155658695;B01;3;7;0;2;7;15;2;
202300012308;155658689;A01;2;7;8;0;1;14;1;
202300012309;155658688;A01;2;1;0;2;1;19;5;
202300012309;155658690;B01;1;7;0;0;6;1;1;
202300012310;155658683;B01;2;7;0;0;6;0;1;
202300012310;155658686;A01;1;33;0;2;1;1;1;
202300012311;155658685;A01;3;33;0;1;3;1;0;
202300012312;155658684;A01;1;7;0;2;2;15;2;
202300012312;155658687;B01;2;7;0;2;1;1;1;
202300012313;155658681;A01;2;7;2;0;3;0;1;
202300012314;155658680;A01;0;7;0;2;1;16;1;
202300012314;155658682;B01;0;30;0;2;1;0;1;