Num_Acc;id_vehicule;num_veh;senc;catv;obs;obsm;choc;manv;motor;occutc
202300012315;155658676;A01;1;33;0;2;1;17;1;
202300012315;155658679;B01;1;7;0;2;8;15;1;
202300012316;155658675;A01;2;7;0;9;7;15;1;
202300012316;155658677;B01;1;1;0;2;1;1;5;
202300012317;155658674;A01;2;17;0;1;2;1;1;
202300012318;155658672;A01;2;7;2;0;3;13;0;
202300012319;155658673;B01;3;14;0;2;6;13;1;
202300012319;155658678;A01;3;10;0;2;1;15;1;
202300012320;155658669;A01;1;7;0;2;7;9;1;
202300012320;155658671;B01;2;1;0;2;7;1;5;
202300012321;155658667;A01;1;7;0;1;1;16;1;
202300012322;155658664;B01;1;7;0;2;6;24;1;
202300012322;155658665;A01;1;7;1;0;2;14;1;
202300012323;155658663;A01;1;31;0;2;7;1;1;
202300012323;155658668;B01;1;7;0;2;1;1;1;
202300012324;155658661;A01;1;7;0;1;2;1;1;
202300012325;155658662;A01;2;7;0;1;2;1;2;
202300012326;155658660;A01;2;7;6;0;1;1;1;
202300012327;155658659;A01;2;7;0;1;3;1;1;
202300012328;155658658;A01;1;2;12;0;1;1;1;
202300012329;155658657;A01;0;7;6;0;1;1;0;
202300012330;155658656;A01;3;7;1;0;1;14;1;
202300012331;155658652;A01;0;7;0;2;1;15;1;
202300012331;155658654;B01;3;31;0;2;7;2;1;
202300012332;155658651;B01;2;33;0;2;8;1;1;
202300012332;155658655;A01;2;7;0;2;7;12;1;
202300012333;155658650;A01;1;7;2;0;1;14;1;
202300012334;155658649;A01;1;7;0;1;2;1;2;
202300012335;155658648;A01;2;7;13;0;1;14;1;
202300012336;155658644;B01;0;7;0;2;1;26;2;
202300012336;155658647;A01;0;7;0;2;7;26;1;
202300012337;155658642;A01;2;7;8;0;1;13;2;
202300012338;155658643;A01;2;32;0;2;3;3;1;
202300012338;155658646;B01;1;10;0;2;8;1;1;
202300012339;155658641;A01;1;80;0;2;1;13;3;
202300012339;155658645;B01;2;7;0;9;1;1;3;
202300012340;155658637;A01;0;33;0;0;1;17;1;
202300012341;155658635;A01;2;7;0;1;1;1;1;
202300012342;155658632;A01;1;7;0;2;2;1;2;
202300012342;155658638;B01;1;1;0;2;1;1;5;
202300012343;155658629;A01;1;7;0;2;1;19;1;
202300012343;155658634;B01;2;31;0;2;7;1;1;
202300012344;155658631;A01;1;33;0;2;4;2;1;
202300012344;155658633;Z01;1;33;0;2;1;2;0;
202300012344;155658636;B01;1;10;0;2;4;2;1;
202300012345;155658628;A01;1;7;0;0;4;2;1;
202300012345;155658630;B01;1;7;0;0;1;2;1;
202300012346;155658626;A01;1;37;0;1;2;1;1;1.0
202300012347;155658625;A01;1;32;0;2;1;5;1;
202300012347;155658627;B01;1;7;0;2;3;9;2;
202300012348;155658622;A01;2;7;0;1;2;1;1;
202300012349;155658621;A01;0;7;2;0;0;1;1;
202300012350;155658623;B01;2;10;0;2;5;1;1;
202300012350;155658624;A01;2;43;0;2;3;3;1;
202300012351;155658616;A01;3;7;2;0;1;1;0;
202300012352;155658617;B01;2;50;0;2;1;1;3;
202300012352;155658620;A01;1;7;0;2;1;15;1;
202300012353;155658618;A01;1;7;0;2;5;22;3;
202300012353;155658619;B01;1;33;0;2;1;1;1;
202300012354;155658615;A01;1;1;0;1;0;1;5;
202300012355;155658612;B01;2;10;0;2;2;1;1;
202300012355;155658614;A01;2;31;0;2;6;13;1;
202300012356;155658608;B01;0;2;0;2;7;17;1;
202300012356;155658613;A01;0;7;0;2;3;15;1;
202300012357;155658607;A01;0;3;0;2;2;15;1;
202300012357;155658610;B01;0;2;0;2;1;0;1;
202300012358;155658605;A01;2;7;0;2;1;15;1;
202300012358;155658606;B01;1;7;0;2;1;1;3;
202300012358;155658609;C01;2;10;0;2;1;1;1;
202300012359;155658604;A01;2;7;0;4;5;19;1;
202300012359;155658611;B01;2;40;0;2;1;19;3;
202300012360;155658597;A01;1;31;7;0;1;0;0;
202300012361;155658599;B01;2;7;0;2;8;1;1;
202300012361;155658603;A01;2;31;0;2;7;5;1;
202300012362;155658595;B01;0;7;0;2;4;23;1;
202300012362;155658600;C01;0;7;0;2;4;23;1;
202300012362;155658602;A01;0;7;0;2;1;1;1;
202300012363;155658592;A01;2;7;0;0;1;1;1;
202300012364;155658594;B01;1;2;0;2;1;26;1;
202300012364;155658596;A01;1;15;0;2;2;1;1;
202300012365;155658591;A01;2;7;0;2;1;2;1;
202300012365;155658593;B01;2;7;0;2;4;23;1;
202300012365;155658598;C01;2;10;0;2;4;2;1;
202300012365;155658601;D01;2;7;0;2;4;2;1;
202300012366;155658590;A01;1;7;0;1;1;1;2;
202300012367;155658589;A01;2;10;2;0;1;0;1;
202300012368;155658587;A01;1;7;1;0;6;14;1;
202300012369;155658586;A01;1;33;0;2;7;1;1;
202300012369;155658588;B01;1;7;0;2;3;15;1;
202300012370;155658582;A01;3;7;2;0;1;1;1;
202300012371;155658581;A01;2;7;0;2;1;1;1;
202300012371;155658583;B01;2;7;0;2;0;1;1;
202300012371;155658585;C01;2;7;0;2;4;0;1;
202300012372;155658578;B01;3;37;0;0;0;1;0;3.0
202300012372;155658584;A01;3;10;0;0;0;10;1;
202300012373;155658577;A01;1;33;5;0;3;14;1;
202300012373;155658580;B01;1;33;0;2;3;1;1;
202300012374;155658579;A01;1;7;0;1;1;15;3;
202300012375;155658574;B01;2;17;0;2;4;24;1;
202300012375;155658575;A01;2;7;1;0;1;0;1;
202300012376;155658571;A01;2;7;0;2;2;1;0;
202300012376;155658576;B01;2;15;0;2;6;14;1;
202300012377;155658569;A01;2;33;0;2;1;16;1;
202300012377;155658572;B01;1;7;0;0;8;1;0;
202300012378;155658568;A01;3;2;0;2;1;9;5;
202300012378;155658573;B01;3;33;0;0;8;2;1;
202300012379;155658567;B01;2;1;0;2;1;1;5;
202300012379;155658570;A01;1;7;0;2;1;1;1;
202300012380;155658565;A01;2;33;0;2;1;3;1;
202300012380;155658566;B01;2;7;0;2;4;11;1;
202300012381;155658563;A01;1;7;0;0;1;2;1;
202300012382;155658562;A01;2;13;0;0;4;1;0;
202300012382;155658564;B01;2;7;0;2;1;1;0;
202300012383;155658560;A01;0;1;12;0;1;19;5;
202300012384;155658559;A01;1;7;0;2;2;1;1;
202300012384;155658561;B01;1;1;0;2;8;15;5;
202300012385;155658555;A01;1;7;0;0;2;0;0;
202300012385;155658557;B01;1;33;8;0;2;0;0;
202300012386;155658552;A01;2;7;6;0;1;1;1;
202300012387;155658550;B01;1;7;0;2;7;1;0;
202300012387;155658554;C01;1;7;0;2;5;2;1;
202300012387;155658556;D01;1;7;0;9;0;1;1;
202300012387;155658558;A01;1;7;0;2;1;1;2;
202300012388;155658553;A01;1;50;0;1;1;1;3;
202300012389;155658547;A01;0;7;0;2;3;1;1;
202300012389;155658549;B01;0;2;0;2;3;1;1;
202300012390;155658548;B01;2;33;0;2;1;1;1;
202300012390;155658551;A01;1;7;0;2;1;15;1;
202300012391;155658546;A01;2;33;13;0;0;2;1;
202300012392;155658544;A01;2;33;4;0;1;1;1;
202300012393;155658543;A01;3;31;0;2;2;17;1;
202300012393;155658545;B01;3;7;0;2;3;15;1;
202300012394;155658539;A01;1;7;0;2;3;17;1;
202300012394;155658541;B01;1;33;0;0;0;1;1;
202300012395;155658537;A01;1;7;0;2;4;2;2;
202300012395;155658542;B01;1;7;0;2;4;2;1;
202300012396;155658536;B01;1;10;0;2;4;11;1;
202300012396;155658538;A01;1;33;0;2;1;3;1;
202300012397;155658535;A01;1;7;0;2;8;1;1;
202300012397;155658540;B01;2;7;0;2;8;1;1;
202300012398;155658534;A01;1;2;7;0;2;0;0;
202300012399;155658532;A01;1;7;0;1;3;23;2;
202300012400;155658530;A01;1;7;0;2;1;9;1;
202300012400;155658533;B01;1;1;0;2;4;1;5;
202300012401;155658528;A01;2;33;0;2;1;3;1;
202300012401;155658531;Z01;2;7;0;2;4;0;0;
202300012402;155658527;A01;2;7;17;0;1;21;0;
202300012403;155658526;B01;2;33;0;2;8;1;1;
202300012403;155658529;A01;2;7;0;0;8;9;1;
202300012404;155658523;A01;1;1;0;1;2;1;5;
202300012405;155658520;A01;1;10;0;2;1;2;1;
202300012405;155658521;B01;1;10;0;2;4;2;1;
202300012405;155658522;C01;1;7;0;2;4;2;1;
202300012405;155658525;D01;1;7;0;2;4;2;1;
202300012406;155658519;A01;2;7;13;0;5;14;1;
202300012407;155658518;A01;1;43;1;0;3;0;1;
202300012408;155658517;A01;0;7;14;0;2;1;1;
202300012409;155658515;A01;2;17;0;2;1;1;1;
202300012409;155658516;B01;2;7;0;2;4;12;1;
202300012410;155658510;A01;1;7;6;0;2;14;1;
202300012411;155658509;Z01;1;30;0;1;0;1;0;
202300012412;155658508;A01;2;7;0;2;2;13;1;
202300012412;155658513;B01;1;7;0;2;2;21;1;
202300012413;155658507;A01;1;7;0;2;8;15;1;
202300012413;155658512;B01;1;31;0;2;1;17;1;
202300012414;155658506;A01;2;7;0;2;1;2;1;
202300012414;155658511;B01;2;7;0;2;4;2;3;
202300012414;155658514;C01;2;7;0;2;4;2;1;
202300012415;155658505;A01;3;7;0;1;1;15;1;
202300012416;155658501;A01;2;7;6;0;1;1;1;
202300012417;155658500;B01;2;1;12;2;6;1;5;
202300012417;155658503;A01;2;14;0;2;2;26;1;
202300012418;155658502;A01;2;30;0;0;0;9;1;
202300012419;155658499;A01;1;7;0;2;2;1;1;
202300012419;155658504;B01;1;7;12;2;1;19;1;
202300012420;155658494;A01;3;10;0;1;1;1;1;
202300012421;155658495;A01;0;7;0;2;1;1;1;
202300012421;155658498;B01;0;50;0;2;8;19;3;
202300012422;155658491;A01;1;33;0;0;9;21;1;
202300012423;155658490;A01;1;7;0;2;1;0;1;
202300012423;155658493;B01;1;7;0;2;4;0;1;
202300012424;155658489;A01;2;7;1;0;1;1;1;
202300012425;155658486;A01;2;33;4;0;1;0;1;
202300012426;155658485;B01;3;7;0;2;8;1;1;
202300012426;155658488;A01;1;13;0;2;1;1;0;
202300012427;155658484;A01;1;7;0;0;1;1;1;
202300012427;155658487;B01;1;60;0;2;4;15;5;
202300012428;155658483;A01;2;7;0;1;1;1;1;
202300012429;155658482;A01;1;7;0;1;1;1;1;
202300012430;155658481;A01;2;13;0;1;2;1;1;
202300012431;155658478;A01;3;7;0;1;1;2;1;
202300012432;155658477;A01;1;7;0;2;1;0;0;
202300012432;155658480;B01;1;7;0;2;4;0;0;
202300012433;155658476;A01;1;2;0;1;2;1;1;
202300012434;155658475;B01;1;99;0;2;1;1;1;
202300012434;155658479;A01;2;7;0;2;8;19;1;
202300012435;155658473;A01;3;7;0;1;1;1;0;
202300012436;155658472;B01;1;7;0;2;4;2;1;
202300012436;155658474;A01;1;7;0;2;1;2;1;
202300012437;155658471;A01;1;7;0;1;1;1;0;
202300012438;155658470;A01;1;30;0;2;8;21;1;
202300012439;155658468;A01;2;7;2;0;8;1;0;
202300012440;155658469;A01;2;7;3;0;8;2;1;
202300012441;155658467;A01;3;7;0;1;1;0;1;
202300012442;155658464;A01;1;7;0;2;6;21;1;
202300012442;155658466;B01;2;33;0;2;7;2;1;
202300012443;155658462;A01;0;7;0;1;7;1;1;
202300012444;155658460;B01;2;10;0;2;3;1;1;
202300012444;155658465;A01;1;21;0;2;5;1;1;
202300012445;155658461;A01;2;7;0;0;0;1;1;
202300012446;155658456;D01;1;10;0;2;4;2;1;
202300012446;155658458;A01;1;10;0;2;4;2;1;
202300012446;155658459;C01;1;7;0;2;1;2;1;
202300012446;155658463;B01;1;7;0;2;4;1;1;
202300012447;155658454;A01;1;7;0;2;1;15;1;
202300012447;155658457;B01;2;7;0;2;1;1;1;
202300012448;155658452;B01;3;7;0;2;2;1;1;
202300012448;155658455;A01;3;7;0;2;1;15;1;
202300012449;155658451;A01;2;7;13;0;9;26;1;
202300012450;155658450;A01;1;37;0;2;2;15;0;1.0
202300012450;155658453;B01;2;80;0;2;0;0;3;
202300012451;155658448;A01;2;7;0;2;7;14;0;
202300012451;155658449;B01;2;33;0;2;3;1;1;
202300012452;155658446;A01;2;7;0;2;7;16;1;
202300012452;155658447;B01;2;33;0;2;7;7;1;
202300012453;155658440;A01;2;2;0;2;2;1;1;
202300012453;155658445;B01;2;7;0;2;4;16;1;
202300012454;155658441;A01;2;30;8;0;4;15;1;
202300012454;155658443;Z01;2;7;8;2;1;0;1;
202300012455;155658439;A01;2;7;0;2;2;1;1;
202300012455;155658444;B01;2;50;0;2;7;1;3;
202300012456;155658438;B01;2;7;0;2;4;2;1;
202300012456;155658442;A01;2;7;0;2;1;2;1;
202300012457;155658432;A01;2;2;0;2;1;1;1;
202300012457;155658436;B01;1;7;0;2;1;1;1;
202300012458;155658433;A01;1;10;0;1;2;16;1;
202300012459;155658430;A01;1;2;0;2;1;13;1;
202300012459;155658435;B01;2;7;0;2;3;15;1;
202300012460;155658428;B01;2;7;0;2;6;1;0;
202300012460;155658431;A01;2;31;0;2;1;1;1;
202300012461;155658429;A01;2;7;0;2;1;2;1;
202300012461;155658434;C01;2;7;0;2;4;23;1;
202300012461;155658437;B01;2;7;0;2;1;2;1;
202300012462;155658422;A01;1;7;0;2;6;11;2;
202300012462;155658426;B01;1;33;0;2;1;3;1;
202300012463;155658423;A01;2;10;0;1;1;1;1;
202300012464;155658425;A01;2;30;0;2;1;13;1;
202300012464;155658427;B01;2;50;0;2;8;15;3;
202300012465;155658420;A01;0;7;0;2;0;0;-1;
202300012465;155658424;B01;0;50;0;0;4;0;3;
202300012466;155658419;B01;1;43;0;2;1;1;1;
202300012466;155658421;A01;3;7;0;2;8;16;1;
202300012467;155658414;A01;1;30;0;2;1;18;1;
202300012467;155658418;B01;1;7;0;2;5;2;1;
202300012468;155658413;A01;1;14;0;2;4;1;1;
202300012468;155658417;B01;1;7;0;2;0;12;1;
202300012469;155658412;A01;2;33;14;9;8;17;1;
202300012470;155658411;B01;2;7;0;2;8;1;1;
202300012470;155658416;A01;2;10;0;2;2;1;1;
202300012471;155658410;A01;3;7;0;2;3;1;1;
202300012471;155658415;B01;3;7;0;2;1;1;1;
202300012472;155658405;A01;1;30;0;2;1;2;1;
202300012472;155658409;B01;1;37;0;2;3;1;1;1.0
202300012473;155658404;A01;1;10;0;2;2;17;1;
202300012473;155658407;B01;1;7;0;2;8;15;1;
202300012474;155658401;A01;2;7;0;2;1;2;1;
202300012474;155658403;B01;2;10;0;2;4;23;1;
202300012475;155658400;A01;1;33;0;0;0;0;1;
202300012475;155658402;B01;1;7;0;2;2;0;1;
202300012476;155658397;B01;2;7;0;2;6;2;1;
202300012476;155658398;C01;2;7;0;2;4;2;1;
202300012476;155658406;D01;2;7;0;2;4;2;1;
202300012476;155658408;A01;2;7;0;2;1;2;1;
202300012477;155658395;B01;1;7;0;2;3;1;1;
202300012477;155658399;A01;1;1;0;2;1;1;5;
202300012478;155658393;A01;1;7;0;2;2;20;1;
202300012478;155658396;B01;1;1;0;2;1;1;5;
202300012479;155658392;A01;1;50;0;0;0;2;3;
202300012480;155658391;A01;1;7;0;2;4;1;1;
202300012480;155658394;B01;1;7;0;2;1;1;1;
202300012481;155658388;A01;3;7;0;2;8;15;1;
202300012481;155658390;B01;3;31;6;2;1;17;1;
202300012482;155658386;B01;1;7;0;2;3;15;1;
202300012482;155658389;A01;1;30;0;2;1;3;1;
202300012483;155658387;A01;2;7;6;0;2;14;1;
202300012484;155658384;A01;2;31;15;0;1;13;1;
202300012485;155658382;A01;1;32;0;2;2;0;3;
202300012485;155658385;B01;3;1;0;2;3;19;5;
202300012486;155658381;A01;0;30;0;0;0;0;0;
202300012486;155658383;B01;3;7;0;0;0;0;1;
202300012487;155658377;A01;1;10;17;0;2;1;1;
202300012488;155658378;B01;1;10;0;2;1;2;1;
202300012488;155658380;A01;1;7;0;2;4;0;1;
202300012489;155658376;A01;1;7;0;1;3;1;1;
202300012489;155658379;B01;2;10;0;1;8;23;1;
202300012490;155658374;A01;2;14;0;1;1;1;-1;
202300012491;155658371;A01;2;7;0;2;5;1;1;
202300012491;155658375;B01;2;34;0;2;1;1;1;
202300012492;155658368;A01;3;33;0;2;2;1;1;
202300012492;155658372;B01;0;7;0;0;3;15;1;
202300012493;155658366;A01;3;7;16;0;1;14;1;
202300012494;155658363;A01;2;7;0;0;3;1;1;
202300012494;155658369;B01;1;7;0;0;1;15;1;
202300012495;155658361;B01;3;1;0;2;3;13;5;
202300012495;155658362;A01;3;15;0;2;5;17;1;
202300012496;155658360;B01;2;33;0;2;3;1;0;
202300012496;155658364;A01;1;7;0;2;3;15;0;
202300012497;155658355;A01;1;31;14;0;9;26;1;
202300012497;155658358;B01;3;31;0;2;0;0;0;
202300012498;155658353;A01;2;7;0;2;3;15;1;
202300012498;155658359;B01;3;1;0;2;1;1;5;
202300012499;155658352;A01;1;7;0;0;2;16;1;
202300012499;155658356;B01;2;7;0;0;1;1;1;
202300012500;155658349;B01;2;7;0;2;0;1;0;
202300012500;155658351;A01;2;50;0;2;4;2;3;
202300012501;155658346;A01;0;7;0;2;3;15;0;
202300012501;155658348;B01;3;31;0;2;0;0;0;
202300012502;155658344;A01;3;31;13;0;1;1;1;
202300012503;155658343;A01;1;30;0;2;4;9;1;
202300012503;155658347;B01;1;7;0;2;1;9;1;
202300012504;155658338;A01;1;60;0;2;3;1;5;
202300012504;155658341;Z01;1;7;0;2;0;1;0;
202300012505;155658337;A01;1;7;10;0;1;1;1;
202300012506;155658336;A01;3;7;0;0;1;15;1;
202300012507;155658335;C01;2;7;0;2;0;0;1;
202300012507;155658340;B01;2;7;0;2;1;1;1;
202300012507;155658342;A01;2;7;0;2;4;1;1;
202300012508;155658334;A01;3;7;0;2;2;15;1;
202300012508;155658339;B01;1;7;0;2;1;2;1;
202300012509;155658333;A01;3;21;13;0;0;14;1;
202300012510;155658330;A01;0;10;0;2;0;0;1;
202300012510;155658332;B01;3;1;0;2;0;0;5;
202300012511;155658329;A01;1;7;0;0;3;2;1;
202300012512;155658326;A01;0;7;0;1;1;1;1;
202300012513;155658324;A01;2;7;0;2;2;0;1;
202300012513;155658328;B01;2;7;0;2;1;2;1;
202300012513;155658331;C01;2;7;0;0;6;23;1;
202300012514;155658325;A01;2;7;0;2;6;13;1;
202300012514;155658327;B01;1;33;0;2;3;2;1;
202300012515;155658323;A01;3;33;0;1;1;17;1;
202300012516;155658322;A01;1;7;0;1;2;12;1;
202300012517;155658319;A01;1;1;9;0;7;16;5;
202300012518;155658316;A01;2;15;0;2;6;11;1;
202300012518;155658318;B01;2;7;0;2;7;9;1;
202300012519;155658314;B01;2;2;0;2;1;26;1;
202300012519;155658320;A01;2;10;0;2;3;15;1;
202300012520;155658313;A01;1;7;0;2;1;1;1;
202300012520;155658321;B01;3;7;0;2;8;0;0;
202300012521;155658312;A01;2;7;0;2;6;17;1;
202300012521;155658315;B01;2;33;0;2;7;17;1;
202300012521;155658317;C01;2;7;0;2;6;1;1;
202300012522;155658308;A01;3;50;15;0;1;1;3;
202300012523;155658306;B01;2;7;0;2;2;12;2;
202300012523;155658310;A01;2;32;0;2;3;3;1;
202300012524;155658307;A01;3;7;0;9;0;1;1;
202300012524;155658311;B01;0;2;0;2;0;1;1;
202300012525;155658304;B01;1;7;0;2;1;0;1;
202300012525;155658309;A01;2;7;0;2;1;0;1;
202300012526;155658302;A01;3;7;0;2;1;15;1;
202300012526;155658305;B01;3;50;0;2;8;19;3;
202300012527;155658301;A01;1;7;0;1;1;15;1;
202300012528;155658298;B01;1;7;0;2;1;1;1;
202300012528;155658299;A01;1;7;0;2;4;1;1;
202300012529;155658296;B01;1;7;0;2;4;23;1;
202300012529;155658300;C01;1;10;0;2;4;23;1;
202300012529;155658303;A01;1;10;0;2;1;1;1;
202300012530;155658294;A01;1;7;0;2;1;1;1;
202300012530;155658297;B01;1;7;4;2;9;11;1;
202300012531;155658293;A01;1;7;0;2;5;15;1;
202300012531;155658295;B01;2;2;0;2;1;1;1;
202300012532;155658292;A01;3;34;6;0;1;15;1;
202300012533;155658290;A01;0;7;0;1;3;1;1;
202300012534;155658284;A01;1;34;0;2;2;17;1;
202300012534;155658287;B01;1;7;0;2;8;15;1;
202300012535;155658285;A01;1;7;0;2;1;2;1;
202300012535;155658289;C01;1;7;0;2;4;2;1;
202300012535;155658291;B01;1;7;0;2;4;2;1;
202300012536;155658282;A01;1;7;0;2;1;2;0;
202300012536;155658283;B01;1;7;0;2;4;2;1;
202300012536;155658288;C01;1;7;0;2;4;2;1;
202300012537;155658278;A01;1;7;0;2;7;1;0;
202300012537;155658281;B01;1;31;0;2;8;1;0;
202300012538;155658274;A01;3;7;0;2;1;26;1;
202300012538;155658277;B01;3;7;0;2;8;1;1;
202300012539;155658273;A01;3;7;0;2;1;0;1;
202300012539;155658279;B01;3;7;0;2;4;0;1;
202300012540;155658275;A01;0;30;0;2;1;17;1;
202300012540;155658280;B01;3;7;0;2;3;15;1;
202300012541;155658270;C01;2;7;0;2;1;2;0;
202300012541;155658272;A01;2;7;0;2;3;11;0;
202300012541;155658276;B01;2;32;0;2;2;3;0;
202300012542;155658268;A01;1;10;0;2;2;17;1;
202300012542;155658271;B01;1;31;0;2;4;1;1;
202300012543;155658267;A01;0;31;0;5;1;1;1;
202300012544;155658266;A01;3;7;0;2;1;13;1;
202300012544;155658269;B01;3;7;0;2;1;1;1;
202300012545;155658265;A01;3;7;0;1;2;16;1;
202300012546;155658264;A01;0;2;12;0;1;1;1;
202300012547;155658263;A01;1;7;2;0;9;1;1;
202300012548;155658260;A01;3;20;0;2;2;1;1;
202300012548;155658262;B01;0;80;0;2;0;1;3;
202300012549;155658259;A01;1;7;0;2;1;1;1;
202300012549;155658261;B01;1;31;0;2;4;23;1;
202300012550;155658257;A01;1;1;3;0;1;1;5;
202300012551;155658255;B01;3;1;0;2;4;2;5;
202300012551;155658258;A01;3;1;0;2;1;2;5;
202300012552;155658254;A01;1;7;4;2;1;2;1;
202300012552;155658256;B01;1;7;4;2;4;3;1;
202300012553;155658253;A01;2;7;0;1;1;1;1;
202300012554;155658251;A01;3;7;0;1;3;1;0;
202300012555;155658250;A01;1;3;0;2;0;5;0;
202300012555;155658252;B01;2;33;0;2;8;1;1;
202300012556;155658246;A01;3;7;0;2;3;13;1;
202300012556;155658249;B01;3;7;0;2;3;1;1;
202300012557;155658247;A01;2;33;1;0;9;26;1;
202300012558;155658245;A01;1;7;0;2;1;2;1;
202300012558;155658248;B01;1;7;0;2;4;2;1;
202300012559;155658243;A01;1;7;4;0;1;3;1;
202300012560;155658242;A01;0;7;0;2;2;1;1;
202300012560;155658244;B01;0;7;0;2;3;16;1;
202300012561;155658240;A01;1;7;4;0;1;1;1;
202300012562;155658238;A01;1;7;0;2;2;17;1;
202300012562;155658241;B01;1;1;0;2;3;11;5;
202300012563;155658237;A01;2;7;0;2;3;1;1;
202300012563;155658239;Z01;2;7;0;2;2;12;0;
202300012564;155658233;B01;3;7;0;2;4;20;1;
202300012564;155658235;A01;3;7;0;2;1;2;1;
202300012565;155658234;B01;2;7;0;2;3;1;1;
202300012565;155658236;A01;3;7;0;2;2;1;1;
202300012566;155658229;A01;2;7;0;1;2;1;1;
202300012567;155658228;A01;1;33;0;2;1;17;1;
202300012567;155658231;B01;2;7;0;2;3;1;1;
202300012568;155658225;A01;3;7;0;2;1;9;1;
202300012568;155658227;B01;3;1;0;2;7;0;5;
202300012569;155658219;A01;2;10;6;0;1;19;1;
202300012570;155658221;A01;1;7;0;2;2;19;1;
202300012570;155658226;B01;3;1;0;2;1;1;5;
202300012571;155658223;A01;1;7;0;2;4;23;1;
202300012571;155658224;B01;1;7;0;2;1;2;2;
202300012572;155658218;A01;1;30;0;2;7;2;1;
202300012572;155658222;B01;0;10;0;2;3;15;1;
202300012573;155658217;B01;0;30;0;2;2;9;1;
202300012573;155658220;A01;0;7;0;2;3;9;2;
202300012574;155658213;B01;1;7;0;2;3;12;1;
202300012574;155658216;A01;1;7;9;2;2;15;1;
202300012575;155658214;A01;0;7;0;1;4;24;1;
202300012576;155658215;A01;1;7;6;0;1;1;1;
202300012577;155658209;A01;1;7;0;2;7;1;1;
202300012577;155658212;B01;1;7;0;2;1;1;1;
202300012578;155658210;Z01;0;7;0;1;1;16;0;
202300012579;155658207;B01;3;7;0;0;6;1;1;
202300012580;155658208;A01;2;1;0;2;1;12;5;
202300012580;155658211;Z01;1;2;0;2;1;1;1;
202300012581;155658203;B01;3;7;0;2;4;2;1;
202300012581;155658205;A01;3;2;0;2;1;2;1;
202300012582;155658202;A01;3;10;0;2;2;15;1;
202300012582;155658206;B01;2;33;0;2;1;1;1;
202300012583;155658200;A01;3;10;0;1;4;20;1;
202300012584;155658198;A01;3;50;0;2;7;1;3;
202300012584;155658204;B01;3;7;0;2;1;1;1;
202300012585;155658196;C01;3;7;0;2;3;23;1;
202300012585;155658199;A01;3;7;0;2;2;19;1;
202300012585;155658201;B01;3;7;0;2;1;1;1;
202300012586;155658193;B01;1;34;0;2;6;1;0;
202300012586;155658197;A01;2;7;0;2;3;11;1;
202300012587;155658191;A01;1;10;1;0;2;1;1;
202300012588;155658190;A01;2;30;0;2;1;17;-1;
202300012588;155658194;B01;1;34;0;2;1;1;-1;
202300012589;155658192;A01;1;33;0;2;1;17;1;
202300012589;155658195;B01;2;7;0;2;1;1;1;
202300012590;155658185;A01;1;7;2;0;1;1;1;
202300012591;155658187;B01;0;7;0;2;2;2;1;
202300012591;155658189;A01;0;7;0;2;6;2;1;
202300012592;155658183;A01;1;7;0;2;2;15;1;
202300012592;155658184;B01;2;1;0;2;1;19;5;
202300012593;155658182;A01;3;7;0;2;1;2;1;
202300012593;155658188;B01;3;7;0;2;3;16;1;
202300012594;155658181;A01;1;33;0;0;0;1;1;
202300012595;155658177;B01;1;7;14;0;1;1;1;
202300012595;155658178;A01;2;7;14;0;1;1;1;
202300012596;155658176;A01;1;33;0;0;0;14;1;
202300012597;155658173;A01;3;10;0;9;3;26;1;
202300012597;155658175;B01;3;1;0;2;7;26;5;
202300012598;155658174;B01;3;3;0;0;0;0;0;
202300012598;155658179;C01;3;7;0;2;4;2;0;
202300012598;155658180;A01;3;7;0;2;0;0;0;
202300012599;155658172;B01;3;7;0;2;6;15;1;
202300012599;155658186;A01;1;30;0;2;6;1;1;
202300012600;155658171;A01;0;7;0;1;4;23;1;
202300012601;155658167;A01;2;7;0;2;3;13;1;
202300012601;155658170;B01;1;10;0;2;3;1;1;
202300012602;155658164;A01;2;7;9;2;0;0;0;
202300012602;155658169;B01;2;7;9;2;0;0;0;
202300012603;155658162;A01;1;38;0;2;3;9;1;1.0
202300012603;155658168;B01;1;7;0;2;7;0;0;
202300012604;155658163;A01;1;7;0;2;1;1;1;
202300012604;155658166;B01;1;7;0;2;1;0;1;
202300012605;155658161;A01;3;7;0;2;1;1;1;
202300012605;155658165;B01;3;3;0;2;4;2;1;
202300012606;155658158;B01;1;7;0;2;2;0;1;
202300012606;155658160;A01;2;2;0;2;8;1;1;
202300012607;155658157;A01;2;30;0;0;1;1;1;
202300012608;155658156;A01;1;3;0;1;2;1;1;
202300012609;155658154;B01;1;7;0;2;1;1;1;
202300012609;155658159;A01;2;7;0;2;1;13;1;
202300012610;155658153;A01;1;7;0;2;2;15;1;
202300012610;155658155;B01;2;33;0;2;1;1;1;
202300012611;155658152;A01;2;7;8;0;9;1;1;
202300012612;155658150;A01;1;50;1;0;1;14;3;
202300012613;155658149;A01;1;1;0;2;3;14;5;
202300012613;155658151;B01;1;7;0;0;2;1;1;
202300012614;155658148;A01;2;7;2;0;3;13;1;
202300012615;155658147;A01;1;7;6;0;2;14;2;
202300012616;155658146;A01;3;10;0;1;3;19;1;