Num_Acc;id_vehicule;num_veh;senc;catv;obs;obsm;choc;manv;motor;occutc
202300012617;155658141;B01;2;2;0;2;1;1;1;
202300012617;155658145;A01;1;7;0;2;1;15;1;
202300012618;155658139;A01;0;33;0;2;1;17;1;
202300012618;155658144;B01;0;7;0;0;6;19;0;
202300012619;155658138;A01;1;7;0;2;3;11;1;
202300012619;155658142;B01;1;7;0;2;2;1;1;
202300012620;155658136;A01;2;7;0;2;3;15;1;
202300012620;155658140;B01;2;33;0;2;7;3;1;
202300012621;155658135;A01;3;1;14;0;0;0;5;
202300012622;155658137;A01;2;37;9;2;7;16;1;3.0
202300012622;155658143;B01;2;10;0;2;4;23;1;
202300012623;155658133;A01;2;7;0;1;2;1;1;
202300012624;155658132;A01;1;7;0;2;3;15;1;
202300012624;155658134;B01;2;33;0;2;0;1;1;
202300012625;155658129;A01;1;7;6;0;1;1;1;
202300012626;155658128;B01;3;50;0;2;1;1;3;
202300012626;155658130;A01;3;7;0;2;5;16;1;
202300012627;155658127;A01;1;7;0;1;3;1;1;
202300012628;155658126;A01;3;7;0;2;0;16;1;
202300012628;155658131;B01;2;37;0;2;3;1;1;3.0
202300012629;155658124;A01;1;7;0;2;3;1;1;
202300012629;155658125;B01;3;7;0;0;0;0;0;
202300012630;155658120;A01;2;2;0;2;1;2;1;
202300012630;155658123;B01;2;2;0;0;4;1;1;
202300012631;155658118;B01;3;30;0;2;1;1;1;
202300012631;155658122;A01;3;7;0;2;2;15;1;
202300012632;155658115;A01;1;7;0;2;1;6;1;
202300012632;155658116;B01;2;7;0;2;1;1;1;
202300012633;155658114;B01;1;7;0;0;7;1;3;
202300012633;155658117;A01;1;50;0;2;1;1;3;
202300012634;155658112;A01;3;33;0;0;0;0;1;
202300012635;155658110;A01;0;7;0;2;3;13;1;
202300012635;155658113;B01;0;7;0;2;2;1;1;
202300012636;155658109;A01;3;7;0;2;3;16;1;
202300012636;155658111;B01;0;33;0;2;1;1;1;
202300012637;155658108;A01;3;7;0;1;1;1;1;
202300012638;155658106;A01;1;7;0;1;1;1;1;
202300012639;155658104;A01;2;10;0;0;1;1;1;
202300012640;155658096;B01;3;33;0;2;1;26;1;
202300012640;155658100;A01;3;7;0;2;5;15;1;
202300012641;155658095;B01;2;7;0;2;8;1;1;
202300012641;155658103;A01;1;30;0;2;1;1;1;
202300012642;155658098;A01;0;32;0;2;1;1;0;
202300012642;155658102;B01;0;7;0;2;2;15;0;
202300012643;155658101;B01;2;7;0;2;4;1;2;
202300012643;155658105;A01;2;7;0;2;4;1;1;
202300012643;155658107;C01;2;7;0;2;1;1;1;
202300012644;155658094;B01;1;7;3;2;4;1;0;
202300012644;155658097;Z01;1;7;0;2;0;0;0;
202300012644;155658099;A01;1;7;0;2;1;26;1;
202300012645;155658092;A01;2;10;0;1;2;1;0;
202300012646;155658089;A01;1;7;0;1;2;1;0;
202300012647;155658088;A01;1;2;0;2;8;18;1;
202300012647;155658091;B01;3;7;0;2;2;1;1;
202300012648;155658090;A01;1;10;0;2;3;22;1;
202300012648;155658093;B01;1;50;0;2;1;1;3;
202300012649;155658086;B01;1;33;0;2;1;1;1;
202300012649;155658087;A01;1;7;0;2;5;12;1;
202300012650;155658084;A01;1;33;8;0;1;1;1;
202300012651;155658083;A01;2;7;0;2;1;1;1;
202300012651;155658085;B01;2;7;0;2;4;23;1;
202300012652;155658081;B01;1;7;0;2;0;15;1;
202300012652;155658082;A01;1;30;0;2;1;0;1;
202300012653;155658079;A01;3;31;0;0;7;1;1;
202300012654;155658077;A01;2;7;15;0;1;1;1;
202300012655;155658076;A01;1;7;0;1;1;1;1;
202300012656;155658078;B01;3;10;0;2;6;9;1;
202300012656;155658080;A01;3;7;0;2;2;16;1;
202300012657;155658075;A01;1;10;0;1;4;20;1;
202300012658;155658070;A01;3;7;0;2;2;26;1;
202300012658;155658074;B01;3;7;0;2;1;1;1;
202300012659;155658072;A01;2;10;13;0;3;13;1;
202300012660;155658071;A01;3;10;16;0;0;1;1;
202300012661;155658069;A01;2;31;0;2;1;17;1;
202300012661;155658073;B01;2;7;0;2;8;19;1;
202300012662;155658067;A01;2;10;0;2;2;15;1;
202300012662;155658068;B01;2;2;0;2;1;1;1;
202300012663;155658061;A01;3;7;0;2;3;1;1;
202300012663;155658065;B01;3;32;0;2;7;1;1;
202300012664;155658059;A01;2;7;0;2;2;16;0;
202300012664;155658062;B01;2;50;0;2;1;1;3;
202300012665;155658060;C01;2;7;0;2;3;1;1;
202300012665;155658063;B01;2;7;0;2;1;1;1;
202300012665;155658066;A01;2;38;0;2;7;15;1;1.0
202300012666;155658058;A01;1;31;0;0;0;1;3;
202300012667;155658057;B01;3;1;0;2;1;1;5;
202300012667;155658064;A01;3;7;0;9;3;1;1;
202300012668;155658054;Z01;3;7;0;1;1;1;0;
202300012669;155658055;A01;1;3;0;9;8;21;1;
202300012670;155658052;A01;2;7;13;0;9;9;1;
202300012671;155658051;A01;3;30;0;2;1;13;1;
202300012671;155658056;B01;3;7;0;2;3;9;1;
202300012672;155658050;A01;1;1;0;2;1;13;5;
202300012672;155658053;B01;2;1;0;2;1;1;5;
202300012673;155658043;Z01;0;99;0;1;0;26;0;
202300012674;155658045;A01;1;7;0;2;6;9;1;
202300012674;155658048;B01;1;32;0;2;1;1;1;
202300012675;155658042;A01;1;7;0;2;1;1;1;
202300012675;155658047;B01;1;7;0;2;4;2;1;
202300012675;155658049;C01;1;7;0;2;4;2;1;
202300012676;155658041;A01;2;7;0;2;8;9;1;
202300012676;155658046;B01;2;50;0;0;0;0;3;
202300012677;155658040;B01;2;7;0;2;8;15;3;
202300012677;155658044;A01;1;1;0;2;1;1;5;
202300012678;155658038;A01;1;7;0;1;1;1;1;
202300012679;155658036;A01;2;7;0;1;1;1;0;
202300012680;155658035;A01;2;15;0;2;2;1;1;
202300012680;155658037;B01;1;7;0;2;8;1;1;
202300012681;155658029;B01;3;50;0;2;7;1;3;
202300012681;155658034;A01;3;7;0;2;1;9;0;
202300012682;155658033;B01;1;33;0;2;1;1;1;
202300012682;155658039;A01;1;7;0;2;3;15;1;
202300012683;155658030;A01;1;7;0;2;1;1;1;
202300012683;155658032;B01;2;7;0;2;2;19;2;
202300012684;155658027;A01;1;7;0;2;3;1;1;
202300012684;155658031;B01;2;7;0;2;3;1;1;
202300012685;155658026;B01;2;32;0;2;7;1;1;
202300012685;155658028;A01;1;7;0;2;2;15;1;
202300012686;155658024;A01;3;7;0;2;3;13;1;
202300012686;155658025;B01;3;1;0;2;2;17;5;
202300012687;155658021;A01;0;1;0;2;1;1;5;
202300012687;155658023;B01;0;1;0;2;1;13;5;
202300012688;155658018;A01;2;7;0;2;2;12;1;
202300012688;155658022;B01;2;32;0;2;8;3;1;
202300012689;155658017;A01;0;31;0;0;0;0;1;
202300012690;155658019;A01;3;7;0;2;1;17;0;
202300012691;155658013;A01;3;7;0;2;1;5;1;
202300012691;155658016;B01;3;7;0;2;1;1;1;
202300012692;155658015;A01;1;33;0;2;6;11;1;
202300012692;155658020;B01;1;7;0;2;1;11;1;
202300012693;155658011;A01;1;33;0;2;1;18;1;
202300012693;155658014;B01;1;7;0;0;4;1;1;
202300012694;155658008;B01;2;2;0;2;4;2;1;
202300012694;155658012;A01;2;0;0;2;4;0;0;
202300012695;155658006;A01;1;30;0;0;0;21;3;
202300012696;155658009;C01;3;14;0;2;0;0;0;
202300012696;155658010;B01;3;7;0;2;3;15;1;
202300012697;155658005;A01;1;7;0;1;2;26;1;
202300012698;155658003;A01;2;7;0;2;2;19;1;
202300012698;155658007;B01;1;7;0;2;7;1;1;
202300012699;155658000;A01;0;15;14;0;3;0;1;
202300012699;155658002;B01;2;7;0;2;2;11;1;
202300012700;155657999;A01;1;10;9;0;1;1;1;
202300012701;155658001;B01;0;37;0;0;8;15;1;1.0
202300012701;155658004;A01;2;33;0;2;1;7;1;
202300012702;155657997;A01;1;7;1;0;9;26;1;
202300012703;155657996;A01;2;7;0;2;6;23;1;
202300012703;155657998;B01;2;7;0;2;3;21;1;
202300012704;155657993;A01;1;31;0;1;8;1;1;
202300012705;155657991;B01;2;1;0;2;2;1;5;
202300012705;155657995;A01;1;7;0;2;3;11;0;
202300012706;155657992;B01;2;7;0;2;4;23;1;
202300012706;155657994;A01;2;7;0;2;1;1;1;
202300012707;155657989;A01;1;30;0;1;7;1;0;
202300012708;155657990;A01;1;1;0;0;3;26;5;
202300012709;155657987;A01;2;7;0;2;3;9;3;
202300012709;155657988;B01;2;1;0;2;1;1;5;
202300012710;155657985;A01;3;32;0;0;8;13;1;
202300012711;155657986;A01;1;7;0;1;1;1;2;
202300012712;155657984;A01;0;7;0;1;2;1;1;
202300012713;155657982;A01;1;2;1;0;2;1;1;
202300012714;155657981;A01;1;33;14;0;0;17;1;
202300012715;155657978;A01;2;7;0;2;4;23;1;
202300012715;155657980;B01;2;7;0;2;1;1;1;
202300012716;155657979;A01;2;43;0;2;1;2;1;
202300012716;155657983;B01;2;7;16;0;6;2;1;
202300012717;155657973;B01;1;7;0;2;5;1;1;
202300012717;155657977;A01;1;7;0;2;1;9;1;
202300012718;155657974;A01;2;2;0;2;2;18;1;
202300012718;155657976;B01;2;10;0;2;2;1;1;
202300012719;155657971;B01;1;7;0;2;3;1;1;
202300012719;155657975;A01;2;7;0;2;2;19;1;
202300012720;155657969;A01;1;7;0;2;3;1;0;
202300012720;155657970;B01;2;14;0;2;3;15;0;
202300012721;155657968;A01;1;30;0;2;1;1;3;
202300012721;155657972;B01;1;7;0;2;4;1;1;
202300012722;155657964;B01;2;7;0;2;2;1;1;
202300012722;155657967;A01;3;50;0;2;8;26;3;
202300012723;155657966;A01;1;10;9;0;1;2;1;
202300012724;155657962;A01;2;7;0;2;2;14;1;
202300012724;155657965;B01;2;7;0;2;3;1;0;
202300012725;155657961;B01;3;7;0;2;4;23;1;
202300012725;155657963;A01;3;43;0;2;1;2;1;
202300012726;155657960;A01;3;7;6;0;9;14;1;
202300012727;155657957;B01;0;7;0;2;3;1;1;
202300012727;155657959;A01;0;7;0;2;3;13;1;
202300012728;155657956;A01;3;30;0;1;1;3;1;
202300012729;155657955;A01;1;7;0;1;0;0;1;
202300012730;155657953;B01;2;50;0;2;1;1;3;
202300012730;155657958;A01;2;7;0;2;3;16;6;
202300012731;155657952;B01;2;33;0;2;7;1;1;
202300012731;155657954;A01;1;7;0;2;1;15;1;
202300012732;155657950;A01;1;7;0;1;2;1;1;
202300012733;155657949;A01;1;7;0;1;1;1;3;
202300012734;155657946;A01;2;7;4;0;9;1;1;
202300012735;155657947;A01;1;7;0;2;2;15;1;
202300012735;155657951;B01;2;2;0;2;1;1;1;
202300012736;155657948;A01;2;1;1;0;1;1;5;
202300012737;155657945;A01;1;7;2;0;7;14;1;
202300012738;155657940;A01;1;7;0;2;1;5;0;
202300012738;155657944;B01;2;13;0;2;1;1;0;
202300012739;155657938;A01;1;7;0;0;2;15;1;
202300012739;155657943;B01;3;30;0;0;8;1;1;
202300012740;155657936;B01;3;7;0;2;0;0;1;
202300012740;155657941;A01;3;33;0;2;2;2;1;
202300012741;155657937;A01;3;50;12;0;1;26;3;
202300012742;155657934;Z01;0;7;0;2;1;9;1;
202300012742;155657942;B01;0;32;0;2;4;1;1;
202300012743;155657930;A01;1;7;0;2;1;13;1;
202300012743;155657933;B01;2;7;0;2;6;1;1;
202300012744;155657931;A01;1;7;0;1;1;15;1;
202300012745;155657932;A01;2;7;0;1;1;15;1;
202300012746;155657926;A01;3;7;0;2;1;9;1;
202300012746;155657928;B01;3;2;0;2;7;1;1;
202300012747;155657925;A01;3;7;0;2;3;10;1;
202300012747;155657929;B01;3;33;0;2;2;1;1;
202300012748;155657922;B01;3;7;0;2;2;1;1;
202300012748;155657927;A01;3;7;0;2;3;15;1;
202300012749;155657920;B01;1;33;0;2;1;17;1;
202300012749;155657924;A01;1;7;0;2;3;15;1;
202300012750;155657919;A01;3;10;0;2;1;2;1;
202300012750;155657921;B01;3;14;0;2;4;1;1;
202300012751;155657918;A01;2;7;3;2;1;2;1;
202300012751;155657923;B01;2;17;0;0;4;2;1;
202300012752;155657914;Z01;1;14;0;2;7;17;0;
202300012752;155657916;A01;1;50;1;2;8;1;3;
202300012753;155657912;B01;1;1;0;2;1;1;5;
202300012753;155657917;A01;1;7;0;2;3;15;1;
202300012754;155657910;A01;1;30;0;2;2;17;1;
202300012754;155657915;B01;1;7;0;2;6;15;1;
202300012755;155657908;A01;0;33;8;2;1;13;1;
202300012755;155657909;B01;0;7;0;0;3;15;1;
202300012756;155657907;A01;3;7;0;9;1;16;0;
202300012756;155657911;B01;3;1;0;2;8;1;5;
202300012757;155657905;A01;1;7;0;2;1;2;1;
202300012757;155657913;B01;1;7;0;2;7;1;1;
202300012758;155657902;A01;2;30;14;2;3;1;6;
202300012758;155657904;B01;1;7;14;0;2;0;0;
202300012759;155657901;A01;1;50;0;2;8;5;3;
202300012759;155657906;Z01;3;10;0;2;0;1;0;
202300012760;155657899;A01;1;30;0;2;1;2;1;
202300012760;155657903;B01;1;7;0;2;4;2;1;
202300012761;155657896;A01;1;7;0;1;1;1;1;
202300012762;155657897;A01;1;3;15;0;1;19;1;
202300012763;155657893;A01;1;7;6;0;1;9;1;
202300012764;155657892;A01;2;7;16;0;8;0;1;
202300012765;155657894;A01;2;7;0;2;6;22;1;
202300012765;155657895;B01;2;1;1;0;1;22;5;
202300012766;155657888;B01;3;7;0;2;4;16;1;
202300012766;155657890;A01;3;30;0;2;1;2;1;
202300012767;155657887;A01;3;7;0;2;3;13;1;
202300012767;155657891;B01;3;33;0;2;7;17;1;
202300012768;155657884;B01;2;7;0;2;1;1;1;
202300012768;155657889;A01;3;7;0;2;1;1;1;
202300012769;155657882;B01;1;2;0;2;3;2;1;
202300012769;155657885;A01;1;10;0;2;7;2;1;
202300012770;155657878;A01;1;33;0;2;3;18;1;
202300012770;155657881;B01;1;10;0;2;2;16;1;
202300012771;155657876;A01;3;30;0;1;3;11;1;
202300012772;155657872;A01;1;7;0;0;4;1;2;
202300012772;155657879;B01;1;7;0;2;1;2;1;
202300012772;155657883;C01;1;7;0;2;4;23;1;
202300012772;155657886;D01;1;7;0;2;1;2;1;
202300012773;155657870;B01;3;7;1;2;1;1;1;
202300012773;155657875;A01;2;7;6;2;1;15;1;
202300012774;155657868;A01;2;7;16;2;7;16;6;
202300012774;155657871;B01;2;1;0;2;1;1;5;
202300012775;155657867;C01;1;7;0;2;4;2;1;
202300012775;155657869;A01;1;7;0;2;1;2;1;
202300012775;155657874;B01;1;7;0;2;4;2;1;
202300012776;155657863;A01;1;7;0;0;1;14;1;
202300012777;155657865;A01;2;7;6;0;1;1;1;
202300012778;155657864;A01;2;7;14;9;7;16;1;
202300012778;155657866;B01;2;1;1;0;0;0;5;
202300012779;155657862;A01;3;7;0;1;2;12;1;
202300012780;155657860;A01;1;50;14;0;1;1;3;
202300012781;155657859;B01;2;33;0;2;1;1;1;
202300012781;155657861;A01;1;7;0;2;2;15;1;
202300012782;155657855;B01;2;7;1;0;0;0;1;
202300012782;155657858;A01;2;30;0;2;7;23;3;
202300012783;155657856;A01;2;7;1;1;3;20;1;
202300012784;155657853;B01;2;34;0;2;1;1;1;
202300012784;155657857;A01;1;7;0;2;8;1;2;
202300012785;155657851;A01;0;7;0;2;3;13;1;
202300012785;155657854;B01;0;2;0;2;1;1;1;
202300012786;155657850;A01;2;7;0;2;2;1;1;
202300012786;155657852;B01;1;10;0;2;2;15;1;
202300012787;155657848;A01;1;1;0;2;0;2;5;
202300012787;155657849;B01;1;1;0;2;0;1;5;
202300012788;155657847;A01;1;32;0;0;8;1;1;
202300012789;155657844;B01;1;1;0;2;1;1;5;
202300012789;155657846;A01;0;7;0;9;7;19;1;
202300012790;155657843;B01;1;10;0;2;4;23;1;
202300012790;155657845;A01;3;10;0;2;1;1;1;
202300012791;155657842;A01;3;7;8;0;1;0;1;
202300012792;155657839;A01;2;7;0;2;3;15;1;
202300012792;155657841;B01;1;10;0;2;2;1;1;
202300012793;155657838;A01;2;21;0;2;5;0;1;
202300012793;155657840;B01;2;1;0;2;1;0;5;
202300012794;155657837;A01;1;1;0;1;1;1;5;
202300012795;155657832;A01;1;7;0;1;1;1;1;
202300012796;155657833;B01;2;7;7;2;6;1;1;
202300012796;155657836;A01;1;7;0;2;3;1;1;
202300012797;155657830;B01;1;7;0;2;4;1;1;
202300012797;155657834;A01;1;7;0;2;1;1;1;
202300012798;155657829;A01;2;7;0;2;1;26;1;
202300012798;155657835;B01;2;1;0;2;7;25;5;
202300012799;155657828;B01;3;37;0;2;3;1;6;2.0
202300012799;155657831;A01;1;7;0;2;7;16;1;
202300012800;155657823;A01;1;33;0;2;1;1;1;
202300012800;155657826;B01;1;7;0;2;6;1;1;
202300012801;155657822;A01;1;7;0;2;1;1;0;
202300012801;155657827;B01;1;7;0;2;4;23;0;
202300012802;155657824;A01;2;7;0;1;1;15;1;
202300012803;155657821;A01;1;7;0;2;3;15;1;
202300012803;155657825;B01;1;1;0;2;1;17;5;
202300012804;155657819;A01;3;10;0;2;1;1;2;
202300012804;155657820;B01;3;10;0;2;4;1;1;
202300012805;155657816;A01;1;7;2;0;1;6;1;
202300012806;155657814;B01;1;7;0;2;4;1;0;
202300012806;155657817;A01;1;10;0;2;1;9;0;
202300012807;155657811;A01;2;7;0;2;1;2;1;
202300012807;155657813;C01;2;7;0;2;1;1;1;
202300012807;155657818;B01;2;7;0;2;4;2;1;
202300012808;155657812;B01;1;50;0;2;1;1;3;
202300012808;155657815;A01;1;7;0;2;7;16;1;
202300012809;155657810;A01;1;7;0;1;1;1;3;
202300012810;155657807;B01;1;33;0;2;4;1;1;
202300012810;155657809;A01;1;10;0;2;1;1;1;
202300012811;155657806;A01;1;7;0;2;1;15;1;
202300012811;155657808;B01;2;1;0;2;1;1;5;
202300012812;155657802;B01;3;37;0;2;4;2;1;1.0
202300012812;155657805;A01;3;7;0;2;1;2;1;
202300012813;155657800;B01;1;1;0;2;0;0;5;
202300012813;155657804;A01;1;30;0;2;1;1;1;
202300012814;155657798;B01;1;33;16;2;1;1;1;
202300012814;155657801;A01;3;7;16;2;8;9;1;
202300012815;155657794;B01;1;7;0;2;4;1;1;
202300012815;155657796;A01;1;7;0;2;1;1;1;
202300012816;155657795;A01;1;7;0;2;0;1;1;
202300012816;155657799;B01;1;7;0;2;3;13;0;
202300012816;155657803;C01;2;7;0;2;3;5;0;
202300012817;155657793;B01;2;10;0;2;2;1;1;
202300012817;155657797;A01;1;7;0;2;2;13;1;
202300012818;155657790;A01;1;7;9;0;1;1;1;
202300012819;155657789;B01;3;50;0;2;0;0;3;
202300012819;155657791;A01;3;7;0;2;1;1;1;
202300012820;155657787;A01;2;7;0;2;1;15;3;
202300012820;155657792;B01;1;7;0;2;1;1;1;
202300012821;155657786;A01;2;7;6;0;1;14;1;
202300012822;155657782;A01;2;15;0;2;5;17;1;
202300012822;155657784;B01;2;1;0;2;3;1;5;
202300012823;155657785;A01;2;50;0;2;1;7;3;
202300012823;155657788;B01;2;99;0;2;3;16;0;
202300012824;155657781;B01;3;10;0;2;3;1;1;
202300012824;155657783;A01;3;7;0;2;1;1;1;
202300012825;155657779;A01;1;7;8;0;1;14;0;
202300012826;155657775;A01;1;7;0;1;2;15;1;
202300012827;155657778;A01;1;7;0;2;1;17;1;
202300012827;155657780;B01;2;33;0;2;1;1;1;
202300012828;155657774;A01;1;33;0;2;6;17;1;
202300012828;155657777;B01;1;7;0;9;8;15;2;
202300012829;155657776;A01;1;7;0;1;1;1;1;
202300012830;155657770;A01;0;10;0;2;4;23;0;
202300012830;155657772;B01;1;7;0;2;1;1;0;
202300012831;155657768;Z01;2;7;0;2;1;1;1;
202300012831;155657773;B01;1;2;6;2;7;1;1;
202300012832;155657766;A01;3;7;0;2;2;15;1;
202300012832;155657769;B01;3;99;0;2;1;1;3;
202300012833;155657767;A01;0;7;0;2;8;22;1;
202300012833;155657771;B01;0;80;1;0;5;1;3;
202300012834;155657762;A01;1;7;0;2;3;1;1;
202300012834;155657764;B01;3;1;0;2;6;26;5;
202300012835;155657761;A01;1;7;0;2;1;13;1;
202300012835;155657763;B01;2;7;0;2;1;1;1;
202300012836;155657760;A01;1;33;0;2;1;1;1;
202300012836;155657765;B01;1;7;0;2;2;15;1;
202300012837;155657757;A01;3;33;0;2;1;2;1;
202300012837;155657758;B01;3;7;0;2;3;15;1;
202300012838;155657756;A01;3;7;0;2;3;13;1;
202300012838;155657759;B01;3;7;0;2;3;1;1;
202300012839;155657751;A01;3;7;0;2;1;13;1;
202300012839;155657754;B01;3;30;0;2;1;13;1;
202300012840;155657747;B01;1;7;0;2;4;23;1;
202300012840;155657752;C01;1;7;0;2;4;2;1;
202300012840;155657755;A01;1;10;0;2;1;2;1;
202300012841;155657748;A01;2;7;0;2;3;13;1;
202300012841;155657750;B01;1;10;0;2;3;1;1;
202300012842;155657746;A01;2;7;3;0;1;26;1;
202300012843;155657749;A01;0;7;1;0;4;10;1;
202300012843;155657753;B01;0;7;0;2;2;24;1;
202300012844;155657744;A01;2;32;0;2;2;17;1;
202300012844;155657745;B01;2;7;0;2;3;15;1;
202300012845;155657741;A01;3;7;8;0;2;13;1;
202300012846;155657740;B01;3;32;0;2;8;2;1;
202300012846;155657743;A01;3;7;0;2;1;19;1;
202300012847;155657739;A01;0;10;0;1;1;15;1;
202300012848;155657736;A01;2;43;0;2;8;15;1;
202300012848;155657737;Z01;2;30;0;2;0;17;0;
202300012849;155657735;B01;1;31;0;2;1;9;1;
202300012849;155657738;A01;2;7;0;2;7;1;1;
202300012850;155657732;A01;2;7;0;2;5;16;1;
202300012850;155657734;B01;2;37;0;2;1;0;1;1.0
202300012851;155657733;A01;2;7;8;0;8;13;1;
202300012852;155657731;A01;1;10;0;1;3;1;1;
202300012853;155657729;A01;1;7;15;0;1;14;1;
202300012854;155657728;B01;1;7;0;2;4;1;1;
202300012854;155657730;A01;1;7;0;2;1;1;1;
202300012855;155657727;A01;1;34;0;9;0;1;1;
202300012856;155657724;A01;2;7;0;2;1;13;1;
202300012856;155657726;B01;1;7;0;2;1;1;1;
202300012857;155657723;A01;2;7;0;0;9;13;1;
202300012858;155657721;A01;3;7;0;2;0;1;1;
202300012858;155657725;B01;3;7;0;2;1;0;1;
202300012859;155657720;B01;2;50;0;2;1;9;3;
202300012859;155657722;A01;2;7;0;2;3;16;1;
202300012860;155657717;A01;0;10;0;2;4;4;1;
202300012860;155657719;B01;0;2;0;2;1;23;1;
202300012861;155657715;A01;1;7;2;0;7;1;1;
202300012862;155657716;A01;1;7;0;1;1;16;0;
202300012863;155657713;A01;2;7;0;0;0;0;1;
202300012864;155657714;A01;3;7;0;2;2;1;1;
202300012864;155657718;B01;3;7;0;2;3;1;1;
202300012865;155657712;A01;1;7;1;1;4;20;1;
202300012866;155657711;A01;1;7;0;1;3;1;1;
202300012867;155657709;A01;1;32;12;0;1;1;1;
202300012868;155657707;A01;3;7;0;2;1;1;1;
202300012868;155657710;B01;3;1;0;2;7;1;5;
202300012869;155657706;B01;3;1;0;2;5;0;5;
202300012869;155657708;A01;3;3;0;9;3;15;1;
202300012870;155657704;A01;3;7;0;1;4;16;1;
202300012871;155657702;B01;3;1;0;2;0;0;5;
202300012871;155657705;A01;1;7;0;2;3;1;1;
202300012872;155657701;B01;1;37;0;2;4;23;1;1.0
202300012872;155657703;A01;1;30;0;2;1;1;3;
202300012873;155657700;A01;1;7;13;0;1;26;0;
202300012874;155657696;A01;2;7;0;2;3;13;6;
202300012874;155657699;B01;1;10;0;2;3;21;6;
202300012875;155657695;A01;3;7;0;2;3;15;0;
202300012875;155657698;B01;3;31;0;2;7;17;1;
202300012876;155657694;B01;3;1;0;2;7;1;5;
202300012876;155657697;A01;1;3;0;2;3;9;0;
202300012877;155657689;A01;2;10;0;2;1;1;1;
202300012877;155657691;B01;2;7;0;2;4;1;1;
202300012877;155657693;C01;2;7;0;2;4;1;1;
202300012878;155657690;A01;0;7;0;1;1;0;1;
202300012879;155657688;A01;2;7;0;2;3;13;1;
202300012879;155657692;B01;1;7;0;2;3;1;1;
202300012880;155657686;A01;1;7;9;0;1;9;2;
202300012881;155657685;A01;1;7;0;2;1;1;1;
202300012881;155657687;B01;1;7;0;2;4;1;1;
202300012882;155657682;A01;2;7;0;2;1;15;0;
202300012882;155657684;B01;1;7;0;2;4;1;0;
202300012883;155657681;A01;1;33;0;2;1;13;1;
202300012883;155657683;B01;2;7;0;2;1;1;1;
202300012884;155657680;A01;1;7;0;1;2;2;1;
202300012885;155657678;A01;3;32;0;0;7;1;1;
202300012886;155657677;A01;1;7;8;0;5;19;1;
202300012886;155657679;B01;1;1;8;0;1;19;5;
202300012887;155657675;A01;2;7;0;1;1;1;1;
202300012888;155657674;A01;3;7;8;0;1;14;1;
202300012889;155657671;A01;1;7;0;2;3;24;1;
202300012889;155657672;B01;1;50;1;0;1;1;3;
202300012890;155657670;A01;1;10;0;1;3;15;1;
202300012891;155657669;B01;1;7;0;2;3;1;1;
202300012891;155657673;A01;2;7;0;2;1;1;1;
202300012892;155657668;A01;1;7;2;0;2;1;1;
202300012893;155657666;A01;1;10;0;2;8;15;1;
202300012893;155657667;B01;1;32;0;2;7;17;1;
202300012894;155657665;A01;2;10;0;1;3;20;1;
202300012895;155657663;B01;3;7;0;2;8;15;1;
202300012895;155657664;A01;3;30;0;2;7;1;1;
202300012896;155657662;A01;1;7;0;1;1;26;1;
202300012897;155657655;A01;3;10;2;2;3;1;1;
202300012897;155657659;B01;3;7;0;2;1;1;1;
202300012898;155657654;B01;1;1;0;0;4;1;5;
202300012898;155657657;A01;1;7;0;9;2;2;1;
202300012899;155657656;A01;2;7;0;2;2;16;1;
202300012899;155657658;B01;2;50;0;2;1;1;3;
202300012900;155657651;B01;1;7;0;2;3;1;0;
202300012900;155657653;A01;1;7;7;2;2;26;0;
202300012901;155657650;A01;2;7;0;2;3;15;1;
202300012901;155657652;B01;1;32;0;2;3;1;1;
202300012902;155657645;A01;0;31;0;2;1;1;1;
202300012902;155657649;B01;0;7;0;2;2;15;1;
202300012903;155657646;A01;3;7;0;2;1;15;1;
202300012903;155657648;B01;3;32;0;2;1;1;1;
202300012904;155657644;B01;1;15;0;2;3;21;1;
202300012904;155657647;A01;2;2;0;2;1;13;1;
202300012905;155657643;A01;3;30;1;0;1;14;1;
202300012906;155657639;A01;1;7;0;2;1;1;1;
202300012906;155657642;B01;1;7;0;2;4;1;1;
202300012907;155657637;A01;1;30;0;2;8;13;3;
202300012907;155657640;B01;1;32;0;2;7;14;1;
202300012908;155657635;A01;2;10;0;2;2;15;1;
202300012908;155657638;B01;1;7;0;2;1;1;1;
202300012909;155657636;A01;1;7;0;2;3;13;1;
202300012909;155657641;B01;2;7;0;2;3;1;1;
202300012910;155657631;A01;1;7;2;0;2;1;1;
202300012911;155657630;A01;2;7;0;2;1;1;1;
202300012911;155657633;B01;2;7;0;2;4;23;2;
202300012912;155657628;A01;2;14;0;2;1;1;1;
202300012912;155657629;B01;2;7;0;2;4;2;1;
202300012912;155657632;C01;2;7;0;2;4;2;1;
202300012912;155657634;D01;2;14;0;2;4;2;1;
202300012913;155657625;A01;1;33;0;2;1;1;1;
202300012913;155657627;B01;0;10;0;2;8;10;1;
202300012914;155657624;A01;3;7;0;2;3;9;1;
202300012914;155657626;B01;3;32;0;2;1;5;1;
202300012915;155657620;A01;1;7;0;2;1;2;1;
202300012915;155657623;B01;1;10;0;2;4;2;1;
202300012916;155657618;A01;2;7;0;2;3;9;2;
202300012916;155657621;B01;2;50;0;2;2;1;3;
202300012917;155657619;A01;2;31;0;2;7;17;1;