Num_Acc;id_vehicule;num_veh;senc;catv;obs;obsm;choc;manv;motor;occutc
202300012917;155657622;B01;2;7;0;2;8;15;1;
202300012918;155657616;A01;1;7;4;0;3;26;1;
202300012919;155657614;Z01;1;7;0;2;2;1;0;
202300012919;155657617;A01;3;1;0;2;1;1;5;
202300012920;155657613;B01;1;2;0;2;1;1;1;
202300012920;155657615;A01;2;7;0;9;3;15;1;
202300012921;155657611;A01;2;1;0;1;1;1;5;
202300012922;155657608;A01;2;7;0;0;3;17;0;
202300012922;155657610;B01;2;7;0;0;1;0;0;
202300012922;155657612;C01;2;7;0;0;4;0;0;
202300012923;155657607;A01;1;7;0;2;5;0;1;
202300012923;155657609;B01;1;33;0;2;1;0;1;
202300012924;155657605;A01;2;7;0;2;2;15;2;
202300012924;155657606;B01;1;43;0;2;1;1;1;
202300012925;155657604;A01;1;7;2;0;3;13;1;
202300012926;155657602;A01;2;7;0;2;2;1;1;
202300012926;155657603;B01;2;2;0;0;4;1;1;
202300012927;155657600;A01;1;7;0;2;1;14;0;
202300012927;155657601;B01;2;7;0;2;1;1;0;
202300012928;155657599;A01;2;2;1;9;1;1;1;
202300012929;155657596;A01;2;7;0;1;1;1;1;
202300012930;155657595;A01;1;7;0;2;8;11;1;
202300012930;155657598;B01;2;33;0;2;7;3;1;
202300012931;155657589;B01;3;7;0;2;6;0;0;
202300012931;155657592;A01;3;34;0;2;3;5;0;
202300012932;155657588;B01;2;33;0;2;2;1;1;
202300012932;155657590;A01;1;7;0;2;2;15;1;
202300012933;155657591;A01;2;7;0;2;3;13;1;
202300012933;155657593;B01;1;7;0;2;3;1;1;
202300012934;155657587;A01;1;7;0;1;2;1;0;
202300012935;155657585;A01;2;32;0;2;4;23;1;
202300012935;155657586;Z01;2;7;0;2;1;1;1;
202300012936;155657582;B01;3;7;0;2;5;1;1;
202300012936;155657583;A01;3;2;0;2;3;11;1;
202300012937;155657581;A01;1;7;5;0;0;0;1;
202300012937;155657584;B01;1;10;5;0;3;1;1;
202300012938;155657580;A01;1;1;0;1;1;1;5;
202300012939;155657579;A01;3;2;0;0;7;1;1;
202300012940;155657574;B01;1;1;0;2;7;1;5;
202300012940;155657577;A01;2;7;0;2;1;1;1;
202300012941;155657573;A01;2;7;0;2;2;15;1;
202300012941;155657576;B01;1;31;0;2;3;2;1;
202300012942;155657575;A01;1;31;0;2;1;26;1;
202300012942;155657578;B01;2;7;0;2;3;15;1;
202300012943;155657572;A01;1;7;0;1;1;1;3;
202300012944;155657571;A01;3;10;0;1;1;15;0;
202300012945;155657570;A01;3;10;0;1;1;9;1;
202300012946;155657568;A01;2;7;0;2;6;15;1;
202300012946;155657569;B01;2;32;0;2;1;17;1;
202300012947;155657567;A01;2;7;2;0;3;1;1;
202300012948;155657566;A01;1;7;0;1;1;1;1;
202300012949;155657563;B01;2;14;0;2;3;2;1;
202300012949;155657565;A01;2;7;0;0;5;2;1;
202300012950;155657564;A01;3;7;1;0;3;15;1;
202300012951;155657558;A01;1;34;0;2;9;3;1;
202300012951;155657561;B01;1;14;0;2;8;1;1;
202300012951;155657562;C01;0;7;0;2;7;1;1;
202300012952;155657556;A01;1;7;0;2;5;1;3;
202300012952;155657560;B01;1;2;0;2;1;1;1;
202300012953;155657557;A01;2;33;0;2;1;1;1;
202300012953;155657559;Z01;1;1;0;2;1;5;5;
202300012954;155657554;A01;2;7;13;0;9;1;1;
202300012955;155657553;B01;1;1;0;2;8;15;5;
202300012955;155657555;A01;2;7;0;2;1;1;1;
202300012956;155657552;A01;2;2;7;0;1;13;1;
202300012957;155657551;A01;3;2;0;0;0;0;1;
202300012958;155657550;Z01;2;34;0;1;2;7;0;
202300012959;155657549;A01;1;7;0;1;3;9;1;
202300012960;155657547;A01;1;34;0;1;1;0;0;
202300012961;155657548;A01;2;30;0;2;1;21;2;
202300012962;155657543;B01;0;7;0;2;4;2;6;
202300012962;155657545;A01;0;10;0;2;1;2;6;
202300012963;155657542;A01;0;7;0;2;1;1;1;
202300012963;155657546;B01;0;99;0;2;1;1;1;
202300012964;155657541;B01;1;7;14;2;3;1;1;
202300012964;155657544;A01;3;10;0;2;3;1;1;
202300012965;155657539;A01;2;7;3;0;1;26;1;
202300012966;155657538;A01;1;7;0;2;1;2;1;
202300012966;155657540;B01;1;10;0;2;5;2;1;
202300012967;155657534;A01;2;33;0;2;1;13;1;
202300012967;155657537;B01;1;7;0;2;3;1;1;
202300012968;155657533;A01;3;7;0;2;0;0;0;
202300012968;155657536;B01;3;7;0;2;0;0;0;
202300012969;155657531;A01;1;7;2;0;3;1;1;
202300012970;155657532;A01;2;7;0;2;3;1;1;
202300012970;155657535;B01;2;7;0;2;2;0;1;
202300012971;155657530;A01;3;50;12;0;0;0;3;
202300012972;155657529;A01;1;7;0;1;3;13;1;
202300012973;155657527;A01;3;7;0;5;1;1;1;
202300012974;155657526;A01;3;7;0;2;1;1;1;
202300012974;155657528;B01;3;7;0;2;5;26;1;
202300012975;155657525;A01;3;7;6;0;2;14;1;
202300012976;155657520;A01;1;7;0;2;1;19;2;
202300012976;155657523;Z01;2;13;0;2;1;26;1;
202300012977;155657522;B01;1;50;0;2;1;1;3;
202300012977;155657524;A01;2;7;0;2;3;1;1;
202300012978;155657519;B01;3;1;0;0;8;26;5;
202300012978;155657521;A01;3;7;0;9;1;15;1;
202300012979;155657517;A01;3;7;12;0;1;25;2;
202300012980;155657515;B01;1;32;0;2;1;1;1;
202300012980;155657518;A01;1;1;0;2;8;26;5;
202300012981;155657514;A01;1;10;0;2;1;13;1;
202300012981;155657516;B01;2;7;0;2;1;13;1;
202300012982;155657511;A01;1;10;13;0;2;26;1;
202300012983;155657510;A01;2;10;0;2;8;1;1;
202300012983;155657513;B01;2;7;0;2;7;14;1;
202300012984;155657509;A01;0;7;0;2;5;15;1;
202300012984;155657512;B01;0;50;0;2;1;1;3;
202300012985;155657506;A01;0;7;0;2;2;1;1;
202300012985;155657508;B01;0;50;0;2;8;19;3;
202300012986;155657507;A01;1;7;0;2;1;1;1;
202300012987;155657505;A01;0;50;0;0;0;14;3;
202300012988;155657503;A01;1;1;0;1;7;13;5;
202300012989;155657502;A01;2;7;0;0;7;14;1;
202300012990;155657500;C01;2;7;0;0;1;23;1;
202300012990;155657501;A01;1;7;0;2;2;15;1;
202300012990;155657504;B01;1;7;0;2;1;1;1;
202300012991;155657497;A01;3;2;0;2;4;1;1;
202300012991;155657499;B01;3;0;0;2;1;1;0;
202300012992;155657495;A01;2;7;13;0;2;1;1;
202300012993;155657496;A01;0;50;0;2;7;1;3;
202300012993;155657498;Z01;0;7;0;2;1;16;0;
202300012994;155657493;A01;1;43;0;2;1;1;1;
202300012994;155657494;B01;2;50;0;2;5;1;3;
202300012995;155657491;A01;1;7;0;2;1;13;1;
202300012995;155657492;B01;2;7;0;2;2;1;1;
202300012996;155657489;A01;3;33;14;0;2;11;1;
202300012997;155657488;B01;2;7;0;2;2;1;1;
202300012997;155657490;A01;3;7;0;2;1;9;1;
202300012998;155657484;B01;2;2;0;2;3;18;0;
202300012998;155657486;A01;1;7;0;2;1;15;1;
202300012999;155657481;A01;1;7;2;0;1;14;1;
202300013000;155657483;A01;2;30;0;5;1;1;1;
202300013001;155657479;A01;1;7;0;2;1;1;1;
202300013001;155657480;B01;1;7;0;2;4;1;1;
202300013001;155657482;C01;1;7;0;2;4;1;1;
202300013002;155657478;A01;3;7;0;1;3;15;1;
202300013003;155657477;A01;3;7;2;0;2;1;1;
202300013004;155657475;A01;1;1;0;2;4;2;5;
202300013004;155657476;B01;1;7;0;2;0;0;0;
202300013005;155657472;A01;0;7;0;2;1;0;1;
202300013005;155657474;B01;0;7;0;2;1;0;1;
202300013006;155657470;A01;1;7;1;0;1;2;1;
202300013006;155657473;B01;1;7;0;0;4;2;1;
202300013007;155657469;A01;2;7;0;2;3;1;1;
202300013007;155657471;B01;1;15;0;2;3;1;1;
202300013008;155657468;A01;1;7;0;1;2;1;1;
202300013009;155657466;B01;2;30;0;2;1;1;1;
202300013009;155657467;A01;1;7;0;2;3;13;1;
202300013010;155657465;A01;1;7;0;0;3;1;0;
202300013011;155657462;A01;3;7;13;0;1;1;1;
202300013012;155657460;A01;1;7;2;0;8;10;1;
202300013012;155657463;B01;2;7;15;2;1;1;1;
202300013013;155657457;A01;1;7;13;0;3;1;1;
202300013014;155657458;C01;2;7;0;2;1;1;0;
202300013014;155657461;A01;2;7;0;2;1;1;0;
202300013014;155657464;B01;2;7;0;2;4;1;0;
202300013015;155657455;A01;2;10;0;1;2;1;1;
202300013016;155657454;A01;1;7;4;2;2;12;1;
202300013016;155657456;B01;1;7;4;2;6;1;1;
202300013017;155657453;A01;3;7;0;1;2;1;1;
202300013018;155657451;B01;2;15;0;0;4;2;0;
202300013018;155657452;A01;2;10;0;2;1;2;0;
202300013019;155657450;A01;2;10;16;0;0;26;6;
202300013020;155657449;A01;2;33;0;0;8;1;1;
202300013021;155657446;A01;2;7;0;2;1;1;1;
202300013021;155657448;B01;2;7;0;2;4;23;1;
202300013022;155657443;A01;1;7;0;2;2;16;0;
202300013022;155657444;B01;1;33;0;2;3;1;0;
202300013023;155657440;B01;1;7;0;2;7;15;1;
202300013023;155657442;A01;1;7;7;2;1;1;1;
202300013024;155657438;A01;1;7;0;2;3;1;1;
202300013024;155657441;B01;1;7;0;2;5;15;1;
202300013025;155657437;A01;1;7;0;2;3;1;1;
202300013025;155657439;B01;2;33;0;2;1;17;1;
202300013026;155657436;A01;1;7;13;0;9;1;1;
202300013027;155657433;A01;2;10;2;0;3;0;1;
202300013028;155657432;A01;2;7;0;2;5;11;2;
202300013028;155657434;B01;1;33;0;2;1;1;1;
202300013029;155657431;A01;3;7;9;2;3;9;1;
202300013029;155657435;B01;3;7;0;2;2;1;1;
202300013030;155657428;A01;2;7;0;2;1;1;1;
202300013030;155657430;B01;1;2;0;2;1;1;1;
202300013031;155657426;A01;1;7;0;2;1;1;1;
202300013031;155657429;B01;2;7;0;2;1;17;1;
202300013032;155657424;A01;1;33;0;2;1;13;1;
202300013032;155657425;B01;2;7;0;2;1;23;1;
202300013033;155657423;B01;2;7;0;2;1;1;1;
202300013033;155657427;A01;1;7;0;2;1;13;1;
202300013034;155657420;A01;2;21;0;2;1;19;1;
202300013034;155657422;B01;2;7;0;2;8;1;1;
202300013035;155657421;A01;1;7;6;0;3;0;1;
202300013036;155657419;A01;3;36;13;0;2;1;1;
202300013037;155657417;A01;3;10;0;0;7;19;1;
202300013037;155657418;B01;1;7;7;2;1;1;1;
202300013038;155657416;A01;1;2;0;0;9;1;1;
202300013039;155657415;A01;1;33;0;0;0;1;1;
202300013040;155657414;A01;0;33;0;0;0;0;1;
202300013041;155657413;A01;2;7;0;1;3;1;1;
202300013042;155657412;A01;1;7;16;0;1;14;1;
202300013043;155657411;A01;2;7;0;1;1;24;1;
202300013044;155657410;A01;0;10;6;0;1;0;1;
202300013045;155657408;A01;2;2;0;2;1;1;1;
202300013045;155657409;B01;2;7;0;2;8;15;1;
202300013046;155657407;A01;2;10;2;0;1;14;1;
202300013047;155657406;A01;2;7;6;0;1;0;0;
202300013048;155657404;B01;1;7;0;9;3;9;0;
202300013048;155657405;A01;1;80;0;2;2;0;6;
202300013049;155657403;A01;1;33;0;0;0;0;1;
202300013050;155657402;A01;3;7;1;0;1;15;1;
202300013051;155657399;B01;0;1;0;2;8;16;5;
202300013051;155657401;A01;0;7;0;9;7;16;1;
202300013052;155657398;A01;1;33;0;2;1;17;1;
202300013052;155657400;B01;1;7;0;2;8;1;1;
202300013053;155657397;A01;2;33;0;0;8;14;0;
202300013054;155657393;A01;1;7;3;0;9;17;1;
202300013055;155657392;C01;1;7;0;2;4;2;1;
202300013055;155657394;B01;1;7;0;2;4;2;1;
202300013055;155657395;D01;1;7;0;0;4;15;1;
202300013055;155657396;A01;1;7;0;2;1;2;1;
202300013056;155657387;A01;3;7;0;0;9;1;0;
202300013057;155657384;F01;2;7;0;2;4;26;1;
202300013057;155657385;B01;2;7;0;2;5;1;1;
202300013057;155657386;C01;2;7;0;2;4;1;1;
202300013057;155657388;D01;2;7;0;2;4;1;1;
202300013057;155657389;E01;2;10;0;2;4;1;1;
202300013057;155657391;A01;2;38;0;2;1;1;1;2.0
202300013058;155657383;A01;1;33;15;0;1;1;1;
202300013059;155657380;A01;2;10;0;2;7;2;1;
202300013059;155657382;B01;1;34;0;2;3;3;1;
202300013060;155657379;A01;2;2;0;2;1;2;1;
202300013060;155657381;B01;2;7;0;0;4;2;1;
202300013061;155657377;B01;2;14;0;2;1;2;0;
202300013061;155657378;A01;2;7;0;2;4;2;1;
202300013062;155657375;A01;-1;33;0;0;9;26;1;
202300013062;155657376;B01;-1;7;0;0;-1;15;1;
202300013063;155657374;A01;1;31;0;0;0;1;1;
202300013064;155657373;A01;1;7;2;0;3;0;1;
202300013065;155657371;A01;2;7;0;0;9;13;1;
202300013066;155657370;A01;1;7;0;2;3;1;1;
202300013066;155657372;B01;2;7;0;2;2;1;1;
202300013067;155657369;A01;2;7;3;0;0;0;1;
202300013068;155657367;A01;1;7;0;2;6;15;1;
202300013068;155657368;B01;1;33;0;2;2;17;1;
202300013069;155657366;A01;1;7;0;0;1;1;1;
202300013070;155657362;B01;1;7;3;0;6;11;1;
202300013070;155657364;A01;1;33;3;2;2;3;1;
202300013071;155657363;A01;2;7;0;2;2;15;1;
202300013071;155657365;B01;1;31;0;2;1;1;1;
202300013072;155657361;A01;1;7;4;0;1;1;1;
202300013073;155657358;A01;1;7;0;2;3;13;1;
202300013073;155657359;B01;2;38;0;2;3;1;1;1.0
202300013073;155657360;C01;1;7;0;9;8;1;1;
202300013074;155657354;B01;0;33;0;2;8;1;1;
202300013074;155657355;A01;0;7;0;2;2;9;3;
202300013075;155657356;A01;2;7;0;2;1;2;1;
202300013075;155657357;B01;2;7;0;2;4;1;1;
202300013076;155657352;A01;1;10;3;2;2;17;1;
202300013076;155657353;B01;1;17;0;2;4;1;1;
202300013077;155657351;A01;1;7;3;0;1;1;1;
202300013078;155657347;A01;1;7;3;2;3;2;1;
202300013078;155657350;B01;1;7;0;2;5;2;0;
202300013079;155657346;B01;1;7;0;2;4;2;1;
202300013079;155657348;A01;1;14;0;2;1;2;1;
202300013079;155657349;C01;1;37;0;2;4;23;1;1.0
202300013080;155657342;B01;1;10;3;0;4;23;1;
202300013080;155657343;A01;1;10;4;2;3;1;1;
202300013080;155657345;C01;1;7;3;0;8;1;3;
202300013081;155657341;A01;1;7;3;0;5;1;1;
202300013081;155657344;B01;2;7;0;0;1;1;1;
202300013082;155657338;A01;2;33;0;2;2;17;1;
202300013082;155657340;B01;2;7;0;2;3;15;1;
202300013083;155657337;B01;2;7;0;2;4;2;1;
202300013083;155657339;A01;2;7;0;2;1;1;1;
202300013084;155657335;A01;0;33;1;2;2;1;1;
202300013084;155657336;B01;1;7;0;0;2;13;1;
202300013085;155657334;A01;1;7;4;0;1;12;1;
202300013086;155657333;A01;1;7;0;1;1;1;1;
202300013087;155657332;A01;1;7;4;0;8;21;1;
202300013088;155657331;A01;1;7;3;0;1;1;1;
202300013089;155657330;A01;2;7;0;1;2;1;1;
202300013090;155657329;A01;1;7;15;0;1;14;1;
202300013091;155657328;A01;1;10;4;0;1;26;1;
202300013092;155657325;A01;1;7;0;2;1;1;1;
202300013092;155657327;B01;1;7;0;2;4;1;1;
202300013093;155657324;A01;3;7;7;2;3;1;1;
202300013093;155657326;B01;3;7;0;2;3;15;1;
202300013094;155657323;A01;3;7;6;1;1;20;1;
202300013095;155657322;A01;1;7;0;1;2;0;0;
202300013096;155657319;B01;1;7;0;2;1;13;1;
202300013096;155657321;A01;2;2;0;2;0;1;1;
202300013097;155657318;B01;3;7;0;2;2;1;1;
202300013097;155657320;A01;1;33;0;2;3;0;1;
202300013098;155657314;A01;3;50;14;0;1;1;3;
202300013099;155657315;A01;1;7;0;2;1;23;1;
202300013099;155657316;B01;2;1;0;2;1;9;5;
202300013100;155657312;A01;3;7;0;1;3;1;1;
202300013101;155657311;A01;1;33;0;2;1;13;1;
202300013101;155657313;B01;2;14;0;2;3;1;1;
202300013102;155657308;A01;1;7;0;2;1;26;1;
202300013102;155657310;B01;1;3;3;0;4;26;1;
202300013103;155657307;B01;3;7;12;2;3;1;1;
202300013103;155657309;A01;3;33;6;2;1;13;1;
202300013104;155657304;A01;1;7;0;2;3;19;1;
202300013104;155657306;B01;1;2;0;2;1;1;1;
202300013105;155657303;B01;1;7;0;2;7;15;1;
202300013105;155657305;A01;1;30;0;2;1;1;1;
202300013106;155657302;A01;1;33;13;0;9;14;1;
202300013107;155657300;A01;1;7;0;2;1;2;1;
202300013107;155657301;B01;1;33;16;2;4;2;1;
202300013108;155657299;A01;0;1;0;0;0;0;5;
202300013109;155657297;A01;1;7;0;0;0;1;1;
202300013110;155657296;B01;2;7;6;2;1;1;1;
202300013110;155657298;A01;1;7;0;2;1;13;1;
202300013111;155657294;A01;3;7;0;1;1;15;1;
202300013112;155657292;C01;2;7;0;2;4;2;1;
202300013112;155657293;A01;2;7;0;2;1;1;1;
202300013112;155657295;B01;2;7;0;2;4;2;1;
202300013113;155657291;A01;2;32;0;1;1;1;1;
202300013114;155657289;B01;1;7;0;2;1;1;1;
202300013114;155657290;A01;1;15;3;2;1;14;1;
202300013115;155657287;B01;3;2;0;2;1;1;1;
202300013115;155657288;A01;3;10;0;2;2;15;1;
202300013116;155657286;B01;2;7;0;1;1;1;1;
202300013117;155657285;A01;2;7;0;1;1;19;1;
202300013118;155657284;A01;2;7;15;0;1;14;0;
202300013119;155657280;A01;3;7;0;2;0;0;1;
202300013119;155657283;B01;3;33;0;2;0;0;0;
202300013120;155657281;A01;2;33;0;2;8;3;1;
202300013120;155657282;B01;2;7;0;2;7;12;1;
202300013121;155657276;A01;1;7;0;2;6;1;1;
202300013121;155657279;B01;1;7;0;2;1;1;1;
202300013122;155657274;B01;1;7;0;2;7;12;1;
202300013122;155657275;C01;1;7;0;2;6;2;1;
202300013122;155657277;D01;1;7;0;2;6;2;1;
202300013122;155657278;A01;1;31;0;2;1;3;1;
202300013123;155657272;B01;2;33;0;2;3;1;1;
202300013123;155657273;A01;2;10;0;2;5;12;1;
202300013124;155657270;A01;1;31;0;2;1;3;1;
202300013124;155657271;B01;1;7;0;2;4;12;1;
202300013125;155657267;A01;2;7;0;2;3;13;1;
202300013125;155657269;B01;1;37;0;2;3;1;1;1.0
202300013126;155657266;B01;1;7;0;2;2;2;1;
202300013126;155657268;A01;1;32;0;2;3;9;1;
202300013127;155657263;A01;2;7;0;2;1;1;1;
202300013127;155657264;B01;2;7;0;2;4;1;1;
202300013128;155657257;A01;1;13;0;2;1;2;1;
202300013128;155657259;B01;1;7;0;2;4;2;1;
202300013128;155657260;C01;1;7;0;2;4;2;1;
202300013128;155657261;D01;1;7;0;2;4;2;2;
202300013129;155657256;B01;3;7;0;2;1;1;2;
202300013129;155657258;A01;3;7;0;2;7;15;1;
202300013130;155657253;B01;2;33;0;2;1;3;1;
202300013130;155657255;A01;2;7;0;2;5;12;1;
202300013131;155657252;B01;0;50;0;2;7;19;3;
202300013131;155657254;A01;0;7;0;2;1;1;1;
202300013132;155657250;A01;1;33;0;2;2;2;1;
202300013132;155657251;B01;2;7;0;2;5;12;1;
202300013133;155657247;A01;3;50;0;2;1;2;3;
202300013133;155657249;B01;3;7;0;2;0;0;0;
202300013134;155657246;B01;1;10;0;2;5;12;1;
202300013134;155657248;A01;1;33;0;2;8;3;1;
202300013135;155657243;A01;0;7;0;2;1;1;1;
202300013135;155657245;B01;0;7;0;2;4;23;1;
202300013136;155657242;A01;1;7;0;2;4;2;1;
202300013136;155657244;Z01;1;7;0;2;1;0;1;
202300013137;155657241;A01;1;50;0;1;1;25;3;
202300013138;155657239;B01;1;7;0;2;1;1;1;
202300013138;155657240;A01;1;7;0;2;4;1;1;
202300013139;155657237;A01;1;7;0;2;1;16;1;
202300013139;155657238;B01;2;7;0;2;1;1;5;
202300013140;155657235;A01;1;7;0;2;8;11;1;
202300013140;155657236;B01;1;33;0;2;2;1;1;
202300013141;155657233;B01;2;7;0;2;1;1;1;
202300013141;155657234;A01;2;7;0;2;1;15;1;
202300013142;155657231;A01;1;32;0;2;4;26;1;
202300013142;155657232;B01;1;7;0;2;1;2;1;
202300013143;155657229;A01;1;10;0;2;1;1;1;
202300013143;155657230;B01;1;10;0;2;4;1;1;
202300013144;155657227;A01;1;10;0;2;1;9;1;
202300013144;155657228;B01;3;50;0;2;8;19;3;
202300013145;155657222;A01;2;7;0;2;1;1;1;
202300013145;155657224;B01;2;7;0;2;4;1;1;
202300013145;155657226;C01;2;7;0;2;4;1;1;
202300013146;155657221;A01;1;7;2;0;7;1;1;
202300013147;155657220;A01;1;7;0;1;4;4;1;
202300013148;155657218;B01;2;30;-1;2;1;16;-1;
202300013148;155657219;A01;2;7;-1;2;6;1;-1;
202300013149;155657217;A01;3;31;0;0;7;21;1;
202300013150;155657214;A01;1;7;0;2;1;24;1;
202300013150;155657215;B01;2;30;0;2;7;1;1;
202300013151;155657213;B01;2;7;0;2;2;1;1;
202300013151;155657216;A01;2;7;0;2;1;5;1;
202300013152;155657212;A01;1;7;0;1;2;1;1;
202300013153;155657210;A01;1;7;0;2;2;17;1;
202300013153;155657211;B01;1;7;0;0;6;1;1;
202300013154;155657208;A01;1;2;0;2;1;17;1;
202300013154;155657209;B01;1;7;0;2;8;15;2;
202300013155;155657207;A01;1;7;0;0;2;26;1;
202300013156;155657206;A01;2;7;0;1;1;1;1;
202300013157;155657204;B01;2;1;0;2;1;9;5;
202300013157;155657205;A01;2;7;0;2;7;16;1;
202300013158;155657202;B01;1;7;0;2;3;1;1;
202300013158;155657203;A01;1;7;0;2;3;13;1;
202300013159;155657200;A01;3;2;0;2;1;1;1;
202300013159;155657201;B01;3;7;0;2;8;15;1;
202300013160;155657197;B01;1;1;0;2;1;1;5;
202300013160;155657199;A01;1;7;0;9;7;1;1;
202300013161;155657196;A01;2;30;0;2;1;15;1;
202300013161;155657198;B01;2;7;0;2;2;1;1;
202300013162;155657193;A01;1;7;1;2;9;1;1;
202300013162;155657195;C01;1;7;0;2;8;23;1;
202300013163;155657192;A01;2;7;0;2;8;10;1;
202300013163;155657194;B01;1;7;0;2;1;1;1;
202300013164;155657190;B01;1;7;0;2;5;23;1;
202300013164;155657191;A01;1;30;0;2;1;2;1;
202300013165;155657188;A01;1;7;0;2;8;15;1;
202300013165;155657189;B01;2;7;0;2;1;1;1;
202300013166;155657187;A01;1;7;0;0;2;14;1;
202300013167;155657183;A01;3;7;14;0;1;26;1;
202300013168;155657182;C01;0;7;0;2;8;15;1;
202300013168;155657184;B01;0;7;0;2;6;1;1;
202300013168;155657185;A01;0;50;0;2;0;1;3;
202300013169;155657179;A01;2;33;0;2;5;15;1;
202300013169;155657181;B01;1;7;0;2;3;1;1;
202300013170;155657178;B01;0;50;0;2;1;1;3;
202300013170;155657180;A01;0;7;0;2;5;16;6;
202300013171;155657177;B01;3;1;0;0;0;16;5;
202300013172;155657176;A01;2;7;0;1;7;1;1;
202300013173;155657174;A01;1;7;0;1;2;1;1;
202300013174;155657173;A01;3;7;0;2;3;15;1;
202300013174;155657175;B01;3;2;0;2;8;17;1;
202300013175;155657172;A01;3;7;0;1;4;20;1;
202300013176;155657171;A01;3;7;0;1;1;1;1;
202300013177;155657168;B01;1;3;0;2;2;16;1;
202300013177;155657170;A01;1;50;0;2;1;1;3;
202300013178;155657167;B01;1;7;0;2;6;1;1;
202300013178;155657169;A01;2;7;15;2;1;1;1;
202300013179;155657164;B01;2;7;0;2;4;2;2;
202300013179;155657165;A01;2;10;0;2;1;2;1;
202300013179;155657166;C01;2;7;0;2;4;2;1;
202300013180;155657162;Z01;1;2;0;2;1;17;0;
202300013180;155657163;B01;1;1;0;2;1;0;5;
202300013181;155657159;A01;3;7;0;2;7;26;1;
202300013181;155657161;B01;3;37;0;2;1;1;1;2.0
202300013182;155657158;A01;1;7;0;2;1;9;1;
202300013182;155657160;B01;3;1;0;2;7;1;5;
202300013183;155657154;A01;0;50;0;2;0;0;3;
202300013183;155657155;B01;0;7;0;9;0;11;0;
202300013184;155657153;A01;2;7;12;0;1;1;1;
202300013185;155657151;A01;1;7;6;0;3;1;1;
202300013186;155657150;B01;3;33;0;9;7;25;1;
202300013186;155657152;A01;3;1;0;2;1;25;5;
202300013187;155657147;B01;1;33;0;2;1;1;1;
202300013187;155657149;A01;2;7;0;2;8;9;1;
202300013188;155657146;A01;0;7;0;9;5;23;1;
202300013188;155657148;Y01;0;50;0;0;0;0;3;
202300013189;155657144;A01;1;7;6;0;3;13;1;
202300013190;155657143;B01;3;1;0;2;8;0;5;
202300013190;155657145;A01;3;7;0;2;1;17;2;
202300013191;155657139;B01;1;33;0;2;1;1;1;
202300013191;155657141;A01;2;7;0;2;7;9;1;
202300013192;155657136;Z01;2;0;0;2;7;2;0;
202300013192;155657138;A01;2;7;0;2;3;2;1;
202300013193;155657135;A01;3;33;12;2;2;1;1;
202300013193;155657137;Z01;3;7;0;2;1;1;0;
202300013194;155657133;A01;1;7;0;2;7;10;1;
202300013194;155657134;B01;2;33;0;2;1;1;1;
202300013195;155657132;A01;1;33;0;0;0;1;1;
202300013196;155657131;A01;3;7;0;1;1;1;1;
202300013197;155657130;A01;1;7;6;0;2;14;1;
202300013198;155657129;A01;1;10;0;1;1;1;1;
202300013199;155657127;B01;2;7;0;2;2;1;1;
202300013199;155657128;A01;3;50;0;2;8;19;3;
202300013200;155657125;B01;1;33;0;2;4;2;1;
202300013200;155657126;A01;1;7;0;2;2;1;1;
202300013201;155657124;A01;1;7;13;0;3;1;1;
202300013202;155657122;A01;1;1;0;2;1;2;5;
202300013202;155657123;B01;2;7;16;0;3;15;1;
202300013203;155657119;B01;3;7;0;2;1;26;1;
202300013203;155657121;A01;3;7;0;2;6;26;1;
202300013204;155657118;B01;1;2;0;2;7;2;1;
202300013204;155657120;A01;1;7;0;2;3;2;1;
202300013205;155657115;A01;3;3;4;0;1;5;1;
202300013206;155657114;A01;3;7;0;2;1;9;1;
202300013206;155657116;B01;3;80;0;2;7;1;3;
202300013207;155657111;B01;3;7;0;0;0;0;0;
202300013207;155657113;A01;2;2;0;2;6;21;1;
202300013208;155657110;A01;2;2;0;2;1;17;1;
202300013208;155657112;B01;2;7;0;2;3;15;1;
202300013209;155657107;B01;3;7;0;2;3;23;1;
202300013209;155657109;A01;3;30;0;2;3;1;1;
202300013210;155657106;B01;1;7;0;2;4;23;1;
202300013210;155657108;A01;1;15;1;0;1;1;1;
202300013211;155657103;A01;3;2;0;2;1;26;1;
202300013211;155657105;B01;3;7;14;2;4;2;1;
202300013212;155657102;B01;2;3;0;2;8;1;1;
202300013212;155657104;A01;2;32;0;2;2;14;1;
202300013213;155657101;A01;1;33;0;0;0;13;1;
202300013214;155657099;A01;1;31;0;2;2;17;1;
202300013214;155657100;B01;1;10;0;2;6;13;1;
202300013215;155657097;A01;1;43;0;2;1;3;1;
202300013215;155657098;B01;1;7;0;2;4;1;1;
202300013216;155657094;B01;1;34;0;2;1;1;0;
202300013216;155657095;A01;2;10;0;2;5;15;0;
202300013216;155657096;C01;2;7;0;2;1;1;0;
202300013217;155657092;B01;1;7;0;2;4;12;1;
202300013217;155657093;A01;1;31;0;2;1;3;1;
202300013218;155657090;B01;0;2;0;2;1;1;1;
202300013218;155657091;A01;0;7;0;2;3;19;1;
202300013219;155657089;A01;2;37;1;0;5;9;3;2.0
202300013220;155657088;A01;3;7;1;0;1;14;1;
202300013221;155657086;A01;2;7;0;2;8;15;1;
202300013221;155657087;B01;3;1;0;2;1;1;5;