Num_Acc;id_vehicule;num_veh;senc;catv;obs;obsm;choc;manv;motor;occutc
202300013222;155657085;A01;2;7;12;0;1;0;1;
202300013223;155657084;A01;1;32;0;1;2;1;1;
202300013224;155657082;A01;1;7;0;2;1;1;1;
202300013224;155657083;B01;1;7;0;2;4;1;1;
202300013225;155657080;Z01;2;50;0;2;6;19;3;
202300013225;155657081;A01;1;30;0;2;1;1;1;
202300013226;155657078;B01;1;1;0;2;1;1;5;
202300013226;155657079;A01;2;7;0;2;3;1;1;
202300013227;155657076;A01;2;1;0;2;1;1;5;
202300013227;155657077;B01;3;7;0;2;8;9;1;
202300013228;155657074;A01;2;7;8;2;7;17;1;
202300013228;155657075;B01;2;7;0;2;8;1;1;
202300013229;155657072;A01;1;7;0;2;1;5;1;
202300013229;155657073;B01;2;7;0;2;3;1;1;
202300013230;155657070;A01;2;7;0;2;2;15;1;
202300013230;155657071;B01;1;7;0;2;2;1;1;
202300013231;155657069;A01;3;32;0;1;1;19;3;
202300013232;155657068;A01;1;3;0;1;1;1;1;
202300013233;155657067;A01;1;1;0;0;1;1;5;
202300013234;155657066;A01;3;30;0;1;1;17;1;
202300013235;155657065;Z01;1;7;0;1;2;16;1;
202300013236;155657063;B01;1;7;0;0;2;2;1;
202300013236;155657064;A01;1;1;8;2;2;18;5;
202300013237;155657060;Z01;1;7;0;1;1;1;0;
202300013238;155657058;D01;1;7;0;2;1;0;4;
202300013238;155657059;A01;1;7;0;2;2;2;1;
202300013238;155657061;B01;1;7;0;2;5;2;1;
202300013238;155657062;C01;1;7;0;2;1;0;1;
202300013239;155657056;A01;1;7;0;2;8;11;1;
202300013239;155657057;B01;1;31;0;2;7;3;1;
202300013240;155657054;B01;1;33;0;2;3;1;0;
202300013240;155657055;A01;2;7;0;2;2;10;0;
202300013241;155657051;A01;2;7;0;2;7;12;1;
202300013241;155657052;B01;2;33;0;2;3;2;1;
202300013241;155657053;C01;2;7;0;2;4;2;1;
202300013242;155657047;A01;3;10;0;2;3;11;1;
202300013242;155657049;B01;3;7;0;2;5;2;2;
202300013242;155657050;C01;3;7;0;2;4;23;1;
202300013243;155657046;A01;2;7;0;2;1;2;1;
202300013243;155657048;B01;2;7;0;2;4;2;1;
202300013244;155657045;A01;1;7;0;1;1;1;1;
202300013245;155657044;A01;1;32;0;0;7;1;1;
202300013246;155657041;A01;2;33;0;2;1;1;1;
202300013246;155657043;B01;0;7;0;2;8;1;1;
202300013247;155657040;B01;1;2;0;2;8;1;1;
202300013247;155657042;A01;2;7;0;2;3;15;1;
202300013248;155657038;A01;1;7;0;2;3;15;0;
202300013248;155657039;B01;2;1;0;2;0;0;5;
202300013249;155657036;A01;1;30;0;2;8;18;1;
202300013249;155657037;B01;1;7;0;2;7;14;1;
202300013250;155657034;B01;0;33;0;2;1;1;1;
202300013250;155657035;A01;0;7;0;2;7;15;1;
202300013251;155657032;A01;0;50;13;0;1;19;3;
202300013252;155657033;Z01;2;1;0;1;1;1;5;
202300013253;155657031;A01;2;50;1;0;2;14;3;
202300013254;155657029;A01;1;7;0;2;8;22;1;
202300013254;155657030;B01;1;1;0;0;0;0;5;
202300013255;155657027;B01;3;7;0;2;0;0;0;
202300013255;155657028;A01;3;7;1;0;0;0;0;
202300013256;155657026;A01;1;7;0;1;3;17;0;
202300013257;155657025;A01;1;31;0;6;7;2;1;
202300013258;155657023;A01;3;7;0;2;3;1;1;
202300013258;155657024;B01;3;2;0;2;1;1;1;
202300013259;155657022;A01;1;7;0;0;9;1;1;
202300013260;155657020;A01;2;2;0;2;2;17;1;
202300013260;155657021;B01;1;7;0;2;2;15;1;
202300013261;155657019;A01;1;7;0;1;2;1;1;
202300013262;155657017;B01;1;17;0;0;0;2;1;
202300013262;155657018;A01;1;7;0;2;1;2;1;
202300013263;155657015;A01;2;7;0;2;1;1;1;
202300013263;155657016;B01;1;7;0;2;8;1;1;
202300013264;155657013;A01;2;2;0;2;1;2;1;
202300013264;155657014;B01;2;7;0;2;4;2;1;
202300013265;155657010;A01;1;33;3;0;9;21;1;
202300013266;155657009;A01;1;7;13;0;2;1;0;
202300013267;155657008;A01;1;7;0;1;1;1;0;
202300013268;155657006;B01;1;7;0;2;4;19;1;
202300013268;155657007;A01;1;15;0;2;2;1;1;
202300013269;155657005;A01;2;50;0;0;0;1;3;
202300013270;155657004;A01;1;7;2;0;1;21;2;
202300013271;155657003;A01;3;7;2;0;1;1;1;
202300013272;155657002;A01;1;7;13;0;1;1;1;
202300013273;155657000;A01;2;31;0;2;5;2;1;
202300013273;155657001;B01;2;31;0;2;3;2;1;
202300013274;155656999;A01;2;33;3;0;0;1;1;
202300013275;155656997;A01;0;7;0;2;3;19;1;
202300013275;155656998;B01;0;7;0;2;3;1;1;
202300013276;155656996;A01;1;7;0;0;0;1;1;
202300013277;155656995;A01;3;33;8;0;1;1;1;
202300013278;155656993;A01;1;7;0;2;3;9;1;
202300013278;155656994;B01;1;33;0;0;4;1;1;
202300013279;155656992;A01;1;7;14;0;1;0;1;
202300013280;155656990;A01;0;10;0;2;3;1;1;
202300013280;155656991;B01;0;7;0;2;3;13;1;
202300013281;155656989;A01;2;33;0;6;1;1;1;
202300013282;155656987;B01;2;7;0;2;1;1;1;
202300013282;155656988;A01;3;7;0;2;8;19;1;
202300013283;155656984;A01;1;2;5;0;1;14;1;
202300013284;155656982;A01;1;7;0;2;3;13;1;
202300013284;155656983;B01;2;7;0;0;3;0;1;
202300013285;155656981;A01;2;7;0;1;3;1;1;
202300013286;155656980;A01;2;7;14;0;1;0;0;
202300013287;155656978;A01;1;7;0;2;2;15;0;
202300013287;155656979;B01;2;7;0;2;2;1;0;
202300013288;155656976;B01;1;7;13;2;2;19;1;
202300013288;155656977;A01;1;7;0;2;3;1;1;
202300013289;155656975;A01;1;2;8;0;1;2;1;
202300013290;155656973;A01;2;7;0;0;4;23;1;
202300013290;155656974;B01;2;10;1;0;1;2;1;
202300013291;155656971;B01;2;7;0;2;1;1;1;
202300013291;155656972;A01;1;7;0;2;1;9;1;
202300013292;155656969;A01;1;7;0;2;3;10;0;
202300013292;155656970;B01;2;7;0;2;2;1;1;
202300013293;155656968;A01;3;7;13;0;1;1;1;
202300013294;155656967;A01;1;7;1;0;1;5;1;
202300013295;155656965;A01;1;33;0;2;3;1;1;
202300013295;155656966;B01;2;7;0;2;2;15;1;
202300013296;155656963;B01;1;7;0;2;1;15;3;
202300013296;155656964;A01;2;33;0;2;2;17;1;
202300013297;155656961;A01;2;7;0;2;1;13;3;
202300013297;155656962;B01;1;7;0;2;1;1;1;
202300013298;155656960;A01;3;7;0;1;3;1;1;
202300013299;155656959;A01;1;33;9;1;2;14;1;
202300013300;155656957;B01;1;2;0;2;1;1;1;
202300013300;155656958;A01;1;7;0;2;5;15;1;
202300013301;155656956;A01;2;7;0;1;1;26;1;
202300013302;155656955;A01;2;7;15;0;1;26;1;
202300013303;155656954;A01;2;2;1;0;1;2;0;
202300013304;155656952;A01;1;7;0;2;1;14;1;
202300013304;155656953;Y01;1;50;0;2;4;1;3;
202300013305;155656951;A01;1;7;0;1;2;1;1;
202300013306;155656949;B01;1;7;0;2;8;1;1;
202300013306;155656950;A01;2;7;0;2;1;15;1;
202300013307;155656945;A01;1;42;0;2;1;3;1;
202300013307;155656946;B01;1;33;0;2;4;3;1;
202300013307;155656947;D01;1;7;0;2;0;2;1;
202300013307;155656948;C01;1;10;0;2;7;2;1;
202300013308;155656943;B01;2;7;0;2;4;12;1;
202300013308;155656944;A01;2;32;0;2;1;2;1;
202300013309;155656941;B01;1;31;0;2;7;3;3;
202300013309;155656942;A01;1;15;0;2;8;13;6;
202300013310;155656939;B01;1;7;0;2;1;1;1;
202300013310;155656940;A01;1;7;0;2;8;1;1;
202300013311;155656937;A01;2;7;0;2;0;22;1;
202300013311;155656938;B01;2;30;0;2;0;21;1;
202300013312;155656936;A01;1;1;0;1;1;1;5;
202300013313;155656934;A01;3;33;0;2;1;2;1;
202300013313;155656935;Z01;3;7;0;2;6;2;0;
202300013314;155656933;A01;1;37;0;1;7;16;1;1.0
202300013315;155656931;A01;2;32;0;2;8;1;1;
202300013315;155656932;Z01;2;7;0;2;7;14;1;
202300013316;155656928;B01;1;7;0;2;8;1;1;
202300013316;155656929;A01;1;33;0;2;1;1;1;
202300013316;155656930;C01;2;7;0;2;6;15;1;
202300013317;155656926;A01;2;43;0;2;7;19;1;
202300013317;155656927;B01;1;7;0;2;2;1;1;
202300013318;155656924;A01;2;34;0;2;5;1;1;
202300013318;155656925;B01;2;7;0;2;0;10;1;
202300013319;155656923;A01;1;32;1;0;3;13;1;
202300013320;155656922;A01;1;7;6;0;1;13;1;
202300013321;155656921;A01;0;7;13;0;1;0;1;
202300013322;155656919;A01;2;10;0;2;3;13;1;
202300013322;155656920;B01;1;7;0;2;3;1;1;
202300013323;155656918;A01;0;7;6;0;1;1;1;
202300013324;155656917;A01;1;7;13;0;1;1;0;
202300013325;155656916;A01;1;7;4;0;3;21;1;
202300013326;155656915;A01;1;7;0;1;1;1;1;
202300013327;155656913;A01;3;7;0;1;1;9;1;
202300013328;155656911;B01;1;7;16;2;1;1;1;
202300013328;155656912;A01;2;7;0;2;7;1;1;
202300013329;155656909;B01;2;14;0;0;4;1;1;
202300013329;155656910;A01;2;7;0;2;1;2;1;
202300013330;155656907;B01;2;7;0;2;6;15;1;
202300013330;155656908;A01;1;7;0;2;1;1;1;
202300013331;155656906;A01;1;33;13;6;3;1;1;
202300013332;155656905;A01;3;1;0;9;9;26;5;
202300013333;155656904;A01;1;7;13;0;1;17;0;
202300013334;155656903;A01;1;7;13;0;1;1;1;
202300013335;155656901;A01;1;10;0;2;3;13;1;
202300013335;155656902;B01;2;99;0;2;3;1;1;
202300013336;155656900;A01;1;7;0;0;0;1;1;
202300013337;155656898;B01;2;7;0;2;3;1;1;
202300013337;155656899;A01;1;33;0;2;3;5;1;
202300013338;155656897;A01;1;7;0;0;0;13;1;
202300013339;155656894;A01;1;7;6;0;9;1;1;
202300013340;155656892;B01;3;7;0;2;3;15;1;
202300013340;155656893;A01;3;34;0;2;1;17;1;
202300013341;155656890;A01;1;7;0;2;1;5;1;
202300013341;155656891;B01;2;7;0;2;1;23;1;
202300013342;155656889;A01;2;7;7;0;1;1;1;
202300013343;155656887;B01;2;33;0;2;5;1;1;
202300013343;155656888;A01;2;33;0;2;3;14;1;
202300013344;155656885;B01;3;1;0;2;1;1;5;
202300013344;155656886;A01;3;7;0;9;2;13;0;
202300013345;155656884;A01;1;7;13;0;1;1;1;
202300013346;155656883;A01;1;10;6;1;3;20;1;
202300013347;155656881;B01;2;2;0;0;7;1;1;
202300013347;155656882;A01;2;7;0;0;1;9;1;
202300013348;155656880;A01;1;7;2;0;9;1;1;
202300013349;155656876;B01;1;7;4;0;6;1;1;
202300013349;155656877;C01;1;7;4;2;6;1;1;
202300013349;155656878;A01;1;0;0;2;2;0;0;
202300013349;155656879;D01;1;15;0;2;3;1;1;
202300013350;155656875;A01;3;7;0;0;4;20;1;
202300013351;155656874;A01;2;33;0;6;7;1;1;
202300013352;155656872;A01;3;7;0;2;3;9;1;
202300013352;155656873;B01;3;33;0;2;1;1;1;
202300013353;155656870;B01;3;7;0;2;7;15;1;
202300013353;155656871;A01;3;31;0;2;2;1;1;
202300013354;155656869;A01;3;7;0;1;1;1;1;
202300013355;155656868;A01;2;7;0;0;0;0;1;
202300013356;155656867;A01;1;7;0;0;0;14;1;
202300013357;155656866;A01;0;2;15;0;1;0;1;
202300013358;155656864;B01;2;7;0;2;8;15;1;
202300013358;155656865;A01;2;33;0;2;1;1;1;
202300013359;155656863;A01;2;7;0;1;2;1;1;
202300013360;155656862;A01;2;7;0;1;1;1;1;
202300013361;155656860;B01;2;10;0;0;7;10;1;
202300013361;155656861;A01;2;7;0;2;3;1;0;
202300013362;155656858;A01;1;7;0;2;8;1;1;
202300013362;155656859;B01;1;7;0;2;2;12;1;
202300013363;155656856;B01;2;33;4;2;1;0;1;
202300013363;155656857;A01;2;32;4;2;7;12;1;
202300013364;155656855;A01;2;7;3;0;1;13;1;
202300013365;155656852;B01;2;7;0;2;4;0;1;
202300013365;155656853;A01;2;7;3;2;2;1;1;
202300013365;155656854;C01;2;7;0;2;4;1;1;
202300013366;155656844;A01;2;7;0;2;4;2;1;
202300013366;155656845;F01;2;7;0;2;1;2;1;
202300013366;155656847;E01;2;7;0;2;4;2;1;
202300013366;155656848;B01;2;7;0;2;4;2;1;
202300013366;155656849;C01;2;7;0;2;4;2;1;
202300013366;155656850;D01;2;7;0;2;4;2;1;
202300013366;155656851;G01;2;7;0;2;1;2;1;
202300013367;155656843;B01;2;1;0;2;1;1;5;
202300013367;155656846;A01;2;10;0;9;8;24;1;
202300013368;155656841;A01;1;7;0;2;1;2;1;
202300013368;155656842;B01;1;7;0;2;6;2;1;
202300013369;155656840;A01;1;7;4;0;9;1;1;
202300013370;155656839;A01;1;7;0;1;1;1;1;
202300013371;155656837;B01;1;7;0;2;5;1;1;
202300013371;155656838;A01;1;33;0;2;3;3;1;
202300013372;155656833;B01;2;7;0;2;5;12;2;
202300013372;155656835;A01;1;32;0;2;1;3;1;
202300013373;155656834;B01;2;30;0;2;2;21;1;
202300013373;155656836;A01;2;7;0;0;0;1;1;
202300013374;155656831;B01;2;7;0;9;2;2;1;
202300013374;155656832;A01;2;10;0;0;0;2;1;
202300013375;155656829;B01;1;7;0;9;1;1;1;
202300013375;155656830;A01;1;50;0;2;8;19;3;
202300013376;155656827;A01;1;7;4;2;1;2;1;
202300013376;155656828;B01;1;7;4;2;4;2;1;
202300013377;155656824;A01;1;33;0;2;1;1;1;
202300013377;155656825;B01;1;7;0;2;2;11;1;
202300013378;155656823;A01;1;14;0;2;6;15;1;
202300013378;155656826;B01;1;33;14;2;7;1;1;
202300013379;155656821;B01;2;7;0;2;4;23;1;
202300013379;155656822;A01;1;7;0;2;1;1;1;
202300013380;155656816;A01;2;7;0;2;3;0;0;
202300013380;155656819;B01;1;7;0;2;1;0;0;
202300013380;155656820;C01;1;7;0;0;0;0;0;
202300013381;155656817;A01;1;1;0;2;7;1;5;
202300013381;155656818;Z01;1;7;0;2;1;14;0;
202300013382;155656813;A01;2;7;0;2;3;4;1;
202300013382;155656815;B01;2;1;0;2;8;1;5;
202300013383;155656812;A01;0;50;0;0;4;2;3;
202300013383;155656814;B01;0;7;0;2;1;2;6;
202300013384;155656811;A01;2;30;0;0;0;1;1;
202300013385;155656808;B01;2;7;0;2;3;1;1;
202300013385;155656810;A01;1;7;0;2;2;1;1;
202300013386;155656807;B01;1;7;0;2;3;1;1;
202300013386;155656809;A01;2;7;0;2;1;1;2;
202300013387;155656804;B01;2;7;0;0;1;9;1;
202300013387;155656805;A01;1;10;0;0;1;1;1;
202300013388;155656803;A01;1;7;0;2;1;13;1;
202300013388;155656806;B01;2;7;0;2;1;1;1;
202300013389;155656801;A01;1;30;0;2;1;2;1;
202300013389;155656802;B01;1;7;0;2;4;2;1;
202300013390;155656798;A01;1;7;0;2;1;2;2;
202300013390;155656800;B01;1;7;4;2;4;1;2;
202300013391;155656797;B01;2;1;0;2;2;1;5;
202300013391;155656799;A01;2;7;0;2;2;15;1;
202300013392;155656793;B01;2;13;0;2;3;15;1;
202300013392;155656795;A01;1;7;0;2;3;1;1;
202300013393;155656794;A01;3;10;0;2;2;15;1;
202300013393;155656796;B01;3;2;0;2;1;1;1;
202300013394;155656792;A01;2;7;0;1;1;17;1;
202300013395;155656789;A01;3;7;0;1;4;4;0;
202300013396;155656790;A01;2;7;0;2;1;15;1;
202300013396;155656791;B01;1;7;0;2;1;1;2;
202300013397;155656788;A01;0;10;0;1;1;1;3;
202300013398;155656787;A01;1;2;14;0;1;16;1;
202300013399;155656785;B01;3;33;0;2;1;0;1;
202300013399;155656786;A01;0;7;0;2;1;15;1;
202300013400;155656784;A01;1;7;0;1;2;1;1;
202300013401;155656783;A01;2;7;13;0;3;16;1;
202300013402;155656779;A01;2;7;0;2;3;13;1;
202300013402;155656781;B01;1;7;0;2;1;13;1;
202300013402;155656782;C01;2;7;0;2;1;1;1;
202300013403;155656780;A01;2;10;0;1;2;1;1;
202300013404;155656777;A01;2;2;0;0;6;15;0;
202300013404;155656778;B01;2;2;0;2;1;1;0;
202300013405;155656776;A01;2;36;0;0;1;0;0;
202300013406;155656773;B01;1;10;0;2;2;17;0;
202300013406;155656774;A01;1;7;4;2;8;1;1;
202300013407;155656771;A01;2;7;13;0;2;1;0;
202300013408;155656772;A01;2;7;0;2;3;13;1;
202300013408;155656775;B01;1;7;0;2;3;1;1;
202300013409;155656770;A01;3;2;8;0;1;1;1;
202300013410;155656768;A01;2;36;13;0;2;15;1;
202300013411;155656767;A01;1;7;0;2;3;13;1;
202300013411;155656769;B01;2;7;0;2;3;1;1;
202300013412;155656766;A01;1;7;2;0;4;1;1;
202300013413;155656765;A01;2;7;6;0;8;1;1;
202300013414;155656764;A01;2;7;2;0;8;1;1;
202300013415;155656762;B01;2;2;0;2;1;1;1;
202300013415;155656763;A01;1;7;0;2;2;15;1;
202300013416;155656761;A01;1;7;0;1;3;15;0;
202300013417;155656760;A01;1;2;3;0;8;1;1;
202300013418;155656759;A01;1;7;2;0;1;0;1;
202300013419;155656758;A01;2;7;2;0;3;1;2;
202300013420;155656754;A01;1;7;0;2;7;14;1;
202300013420;155656755;B01;2;7;0;2;1;1;1;
202300013421;155656756;A01;0;7;0;9;7;17;1;
202300013421;155656757;B01;0;80;0;2;8;15;3;
202300013422;155656752;B01;2;7;0;2;1;1;1;
202300013422;155656753;A01;1;7;0;2;3;13;1;
202300013423;155656751;A01;2;33;2;0;1;1;1;
202300013424;155656749;A01;2;7;2;0;2;26;0;
202300013425;155656747;A01;2;33;0;2;1;13;1;
202300013425;155656748;B01;1;7;0;2;1;1;1;
202300013426;155656746;B01;3;10;0;2;3;26;1;
202300013426;155656750;A01;2;7;0;2;2;1;1;
202300013427;155656745;A01;2;7;13;0;3;1;1;
202300013428;155656744;A01;2;7;10;0;1;1;0;
202300013429;155656743;A01;2;7;13;0;1;1;1;
202300013430;155656742;A01;2;7;6;0;1;1;1;
202300013431;155656741;A01;3;7;0;1;1;1;1;
202300013432;155656739;A01;3;33;0;2;1;13;1;
202300013432;155656740;B01;3;7;0;2;3;1;1;
202300013433;155656737;A01;2;99;3;0;1;1;1;
202300013434;155656736;B01;2;7;0;2;4;1;1;
202300013434;155656738;A01;2;7;0;2;1;15;1;
202300013435;155656734;B01;1;7;0;2;1;1;1;
202300013435;155656735;A01;2;10;0;2;1;14;1;
202300013436;155656731;A01;1;7;16;0;1;13;1;
202300013437;155656732;A01;2;7;0;2;2;1;1;
202300013437;155656733;B01;1;33;0;2;8;1;1;
202300013438;155656730;A01;1;7;4;0;3;13;1;
202300013439;155656726;B01;1;7;0;2;9;1;1;
202300013439;155656728;A01;2;7;0;2;3;13;1;
202300013439;155656729;C01;1;7;0;2;1;1;1;
202300013440;155656725;A01;1;33;5;0;9;1;1;
202300013441;155656723;A01;1;33;13;0;9;2;1;
202300013442;155656724;A01;2;7;0;2;1;9;1;
202300013442;155656727;B01;2;7;0;2;1;1;1;
202300013443;155656721;A01;1;1;0;0;4;1;5;
202300013443;155656722;B01;1;7;0;2;2;1;1;
202300013444;155656720;A01;1;2;13;0;2;1;1;
202300013445;155656717;A01;2;7;0;2;1;17;1;
202300013445;155656719;B01;1;7;0;2;1;1;1;
202300013446;155656716;A01;2;15;0;2;3;1;1;
202300013446;155656718;B01;1;1;0;2;1;11;5;
202300013447;155656714;A01;2;30;0;2;2;17;1;
202300013447;155656715;B01;2;10;0;2;3;15;1;
202300013448;155656712;A01;1;7;2;0;9;16;0;
202300013449;155656709;A01;1;7;0;2;1;1;1;
202300013449;155656710;B01;1;10;0;2;4;1;1;
202300013450;155656707;A01;1;7;0;1;2;1;1;
202300013451;155656705;A01;3;7;0;0;2;1;1;
202300013452;155656706;B01;1;31;0;2;3;21;1;
202300013452;155656708;A01;2;7;0;2;3;15;1;
202300013453;155656701;B01;2;33;7;2;1;1;1;
202300013453;155656703;A01;1;2;0;2;1;15;1;
202300013453;155656704;C01;1;7;0;2;1;2;1;
202300013454;155656700;A01;1;7;0;2;2;1;1;
202300013454;155656702;B01;3;7;0;2;1;19;3;
202300013455;155656699;A01;0;7;13;0;1;1;1;
202300013456;155656698;A01;0;7;8;0;1;1;1;
202300013457;155656694;A01;3;7;0;2;3;5;1;
202300013457;155656695;B01;3;7;0;2;3;2;1;
202300013458;155656696;B01;2;10;0;2;2;2;1;
202300013458;155656697;A01;2;1;0;2;6;13;5;
202300013459;155656692;A01;0;10;0;2;1;2;1;
202300013459;155656693;B01;0;3;0;2;4;11;1;
202300013460;155656691;A01;2;7;16;0;0;13;1;
202300013461;155656689;A01;1;7;0;2;3;0;1;
202300013461;155656690;B01;2;7;0;2;1;15;1;
202300013462;155656688;A01;2;7;0;1;1;1;2;
202300013463;155656685;C01;1;7;0;2;1;0;1;
202300013463;155656686;A01;1;7;0;2;4;2;1;
202300013463;155656687;B01;1;7;0;2;4;2;1;
202300013464;155656682;A01;1;7;0;2;4;1;1;
202300013464;155656683;C01;1;7;0;2;1;1;1;
202300013464;155656684;B01;1;7;0;2;4;1;1;
202300013465;155656680;B01;1;10;0;2;5;2;0;
202300013465;155656681;A01;1;33;4;2;1;2;1;
202300013466;155656679;A01;2;10;0;1;2;1;1;
202300013467;155656677;B01;2;7;0;2;8;11;1;
202300013467;155656678;A01;2;33;0;2;7;2;1;
202300013468;155656672;C01;2;7;4;2;6;2;1;
202300013468;155656674;B01;2;10;4;2;4;2;1;
202300013468;155656675;A01;2;10;4;2;1;1;1;
202300013469;155656673;B01;1;17;0;2;2;1;1;
202300013469;155656676;A01;2;17;0;2;3;15;1;
202300013470;155656671;A01;1;7;4;0;1;1;1;
202300013471;155656670;B01;1;7;0;9;8;1;1;
202300013472;155656666;A01;2;7;0;2;1;2;1;
202300013472;155656668;B01;2;7;0;2;4;2;1;
202300013472;155656669;C01;2;7;0;2;4;2;1;
202300013473;155656661;A01;1;7;0;2;1;2;1;
202300013473;155656662;B01;1;7;0;2;4;2;1;
202300013473;155656663;C01;1;7;0;2;9;1;1;
202300013473;155656664;D01;1;7;0;2;4;2;1;
202300013474;155656659;C01;1;10;0;2;1;1;1;
202300013474;155656660;D01;1;7;0;2;1;21;1;
202300013474;155656665;A01;1;7;3;2;4;23;1;
202300013474;155656667;B01;1;15;0;2;1;21;1;
202300013475;155656656;A01;1;7;0;2;1;1;1;
202300013475;155656657;B01;1;7;0;2;4;2;1;
202300013475;155656658;C01;1;7;0;2;4;2;1;
202300013476;155656654;A01;1;7;3;0;1;2;1;
202300013477;155656653;B01;2;7;0;2;1;13;1;
202300013477;155656655;A01;1;7;0;2;1;21;1;
202300013478;155656651;B01;2;7;0;2;2;1;1;
202300013478;155656652;A01;2;7;0;2;6;23;1;
202300013479;155656648;A01;1;2;0;2;1;17;1;
202300013479;155656650;B01;1;7;0;2;3;1;1;
202300013480;155656646;A01;1;7;0;2;1;1;1;
202300013480;155656647;C01;1;7;0;2;4;2;1;
202300013480;155656649;B01;1;7;0;2;4;2;1;
202300013481;155656644;A01;3;7;0;1;1;1;0;
202300013482;155656643;A01;1;7;0;2;5;17;1;
202300013482;155656645;B01;1;7;0;2;3;15;1;
202300013483;155656642;A01;2;7;0;1;2;1;1;
202300013484;155656640;B01;2;7;0;2;4;23;1;
202300013484;155656641;A01;2;37;0;2;1;9;1;1.0
202300013485;155656638;A01;2;33;0;2;1;13;1;
202300013485;155656639;B01;1;10;0;2;1;1;1;
202300013486;155656636;B01;3;7;0;2;3;2;1;
202300013486;155656637;A01;3;33;0;2;2;14;1;
202300013487;155656632;B01;1;37;0;2;2;1;1;5.0
202300013487;155656634;A01;1;10;0;2;3;9;1;
202300013488;155656633;A01;3;7;0;2;2;1;1;
202300013488;155656635;B01;3;1;0;2;8;1;5;
202300013489;155656630;A01;2;7;0;2;1;1;1;
202300013489;155656631;B01;2;7;0;2;4;1;1;
202300013490;155656629;A01;2;37;0;1;5;1;0;1.0
202300013491;155656627;A01;1;2;0;2;7;17;1;
202300013491;155656628;B01;1;7;0;2;8;15;1;
202300013492;155656624;A01;2;7;0;2;2;1;1;
202300013493;155656622;A01;1;7;0;2;3;1;1;
202300013493;155656625;B01;1;7;0;2;6;11;1;
202300013493;155656626;C01;1;7;0;0;3;1;1;
202300013494;155656620;C01;3;80;0;2;1;12;3;
202300013494;155656621;A01;1;7;0;2;2;2;1;
202300013494;155656623;B01;1;33;0;2;3;1;1;
202300013495;155656615;B01;1;7;0;2;2;1;1;
202300013495;155656618;A01;2;10;0;2;3;2;1;
202300013496;155656614;A01;1;7;0;1;1;19;1;
202300013497;155656616;A01;1;7;0;0;4;2;1;
202300013497;155656617;C01;1;7;0;2;1;2;1;
202300013497;155656619;B01;1;10;0;2;4;2;1;
202300013498;155656613;A01;3;7;12;0;0;1;1;
202300013499;155656610;A01;1;7;0;1;2;13;1;
202300013500;155656609;B01;2;7;0;2;4;1;1;
202300013500;155656611;C01;2;7;0;2;4;1;1;
202300013500;155656612;A01;2;7;0;2;1;1;1;
202300013501;155656608;A01;3;7;0;1;3;15;1;
202300013502;155656607;A01;1;33;0;0;7;1;1;
202300013503;155656603;A01;2;7;0;2;8;15;0;
202300013503;155656604;B01;2;50;0;2;1;0;3;
202300013504;155656599;A01;1;7;0;2;2;15;1;
202300013504;155656601;B01;2;31;0;2;1;1;1;
202300013505;155656600;A01;3;7;0;9;2;1;1;
202300013505;155656602;B01;3;1;0;2;4;2;5;
202300013506;155656597;A01;2;33;0;2;1;2;1;
202300013506;155656598;B01;2;7;0;2;4;2;1;
202300013507;155656594;B01;2;7;0;2;1;1;1;
202300013507;155656596;A01;1;7;0;2;3;9;1;
202300013508;155656595;A01;3;7;0;1;7;13;1;
202300013509;155656592;A01;3;7;0;2;1;1;1;
202300013509;155656593;B01;0;30;0;2;1;13;1;
202300013510;155656590;A01;1;7;13;2;3;13;1;
202300013510;155656591;B01;2;14;13;2;3;21;1;
202300013511;155656589;A01;3;7;0;1;1;19;1;
202300013512;155656587;A01;1;34;0;2;1;8;1;
202300013512;155656588;B01;2;37;0;2;3;8;1;2.0
202300013513;155656585;A01;1;2;0;1;1;1;1;
202300013514;155656583;A01;1;7;8;0;2;1;1;
202300013515;155656584;A01;1;7;0;0;1;1;1;
202300013515;155656586;B01;1;7;0;0;8;9;1;
202300013516;155656581;A01;2;7;0;0;1;1;1;
202300013516;155656582;B01;2;10;0;2;8;9;3;
202300013517;155656577;A01;3;41;6;2;8;14;1;
202300013517;155656578;B01;3;7;0;2;7;1;1;
202300013518;155656579;A01;2;7;0;2;1;19;1;
202300013518;155656580;B01;1;33;4;2;7;17;1;
202300013519;155656575;B01;1;33;0;2;4;1;1;
202300013519;155656576;A01;1;7;0;2;1;12;1;
202300013520;155656573;B01;2;7;0;2;3;13;1;
202300013520;155656574;A01;1;7;0;2;3;14;1;
202300013521;155656571;A01;1;33;0;0;0;1;1;
202300013522;155656572;A01;2;7;0;1;1;15;1;
202300013523;155656570;A01;1;7;13;0;2;14;1;
202300013524;155656568;A01;3;10;0;1;1;1;0;
202300013525;155656564;A01;2;7;0;2;1;13;3;
202300013525;155656566;B01;0;7;0;2;1;9;2;
202300013526;155656565;A01;2;7;0;2;3;13;1;
202300013526;155656567;B01;1;15;0;2;1;1;1;
202300013526;155656569;C01;2;7;0;2;1;1;1;
202300013527;155656562;A01;2;7;0;2;1;1;1;
202300013527;155656563;B01;1;7;0;2;4;23;1;
202300013528;155656560;A01;2;7;0;2;1;13;1;