Num_Acc;id_vehicule;num_veh;senc;catv;obs;obsm;choc;manv;motor;occutc
202300013528;155656561;B01;1;7;0;2;2;1;1;
202300013529;155656559;Z01;1;7;0;1;1;1;1;
202300013530;155656558;A01;1;7;13;0;0;1;1;
202300013531;155656556;B01;1;10;0;2;2;15;1;
202300013531;155656557;A01;1;30;0;2;1;9;1;
202300013532;155656554;A01;1;7;0;2;5;11;1;
202300013532;155656555;B01;1;2;0;2;1;2;1;
202300013533;155656552;A01;1;1;1;0;1;14;5;
202300013534;155656551;A01;2;7;0;2;1;13;1;
202300013534;155656553;B01;1;10;0;2;1;1;1;
202300013535;155656550;A01;1;33;8;0;1;1;1;
202300013536;155656548;A01;1;7;5;0;3;1;1;
202300013537;155656549;A01;1;7;13;0;9;1;1;
202300013538;155656546;A01;1;7;0;9;7;26;2;
202300013538;155656547;B01;1;99;0;2;7;26;6;
202300013539;155656543;A01;0;40;1;2;1;1;3;
202300013539;155656544;B01;0;7;0;4;5;1;1;
202300013540;155656541;A01;3;7;0;1;1;1;0;
202300013541;155656540;A01;1;7;1;0;1;17;1;
202300013542;155656542;A01;1;7;0;2;2;1;2;
202300013542;155656545;B01;1;2;0;2;1;1;1;
202300013543;155656539;A01;1;7;1;1;1;1;1;
202300013544;155656538;A01;1;7;0;1;3;1;1;
202300013545;155656536;A01;1;10;0;2;7;16;1;
202300013545;155656537;B01;2;37;0;2;1;1;4;1.0
202300013546;155656533;Z01;1;10;0;2;1;1;1;
202300013546;155656534;B01;1;1;0;2;4;15;5;
202300013547;155656532;B01;1;7;0;2;1;1;1;
202300013547;155656535;A01;2;7;0;2;1;1;1;
202300013548;155656530;B01;2;43;0;2;1;1;0;
202300013548;155656531;A01;1;7;0;2;1;15;1;
202300013549;155656528;A01;2;7;0;2;9;0;1;
202300013549;155656529;B01;2;7;0;2;9;0;1;
202300013550;155656527;A01;1;7;0;1;3;15;1;
202300013551;155656525;A01;2;7;13;0;9;17;1;
202300013552;155656524;B01;1;7;0;2;9;26;1;
202300013552;155656526;A01;1;7;0;2;7;12;2;
202300013553;155656522;B01;2;30;0;2;1;1;1;
202300013553;155656523;A01;1;7;0;2;1;15;1;
202300013554;155656518;B01;2;7;0;2;6;1;1;
202300013554;155656519;A01;2;10;0;2;2;2;1;
202300013555;155656514;C01;2;7;0;2;3;2;1;
202300013555;155656516;D01;2;7;0;2;4;2;1;
202300013555;155656517;A01;2;7;0;2;1;2;1;
202300013555;155656520;B01;2;10;0;2;4;2;1;
202300013555;155656521;E01;2;7;0;2;8;2;1;
202300013556;155656512;B01;2;7;0;2;1;2;1;
202300013556;155656513;A01;2;43;0;2;2;3;1;
202300013557;155656515;A01;0;33;12;0;0;17;1;
202300013558;155656510;A01;2;7;0;2;7;12;1;
202300013558;155656511;B01;2;7;0;2;8;1;1;
202300013559;155656507;A01;1;7;0;1;3;1;1;
202300013560;155656508;A01;1;7;0;2;5;12;1;
202300013560;155656509;B01;1;33;0;2;8;3;1;
202300013561;155656505;A01;1;7;0;2;6;13;1;
202300013561;155656506;B01;1;2;0;2;1;3;0;
202300013562;155656504;A01;1;7;4;0;1;1;1;
202300013563;155656503;A01;1;10;3;0;1;0;2;
202300013564;155656498;E01;1;10;0;2;4;2;1;
202300013564;155656499;A01;1;7;0;2;3;2;1;
202300013564;155656500;B01;1;7;0;2;5;2;1;
202300013564;155656501;C01;1;7;0;2;4;2;1;
202300013564;155656502;D01;1;7;0;2;4;2;1;
202300013565;155656496;A01;2;7;0;2;5;1;1;
202300013565;155656497;B01;2;7;0;2;5;1;1;
202300013566;155656494;A01;1;10;0;2;1;18;1;
202300013566;155656495;B01;1;43;0;2;7;14;1;
202300013567;155656490;B01;1;10;0;2;7;1;1;
202300013567;155656491;C01;1;7;0;2;4;1;1;
202300013567;155656492;D01;1;10;0;2;1;2;1;
202300013567;155656493;A01;1;15;0;2;8;13;1;
202300013568;155656489;A01;3;7;4;0;3;1;1;
202300013569;155656487;B01;1;7;0;2;6;1;1;
202300013569;155656488;A01;1;7;0;2;2;2;1;
202300013570;155656485;A01;2;50;0;2;1;1;3;
202300013570;155656486;B01;2;7;0;2;2;1;1;
202300013571;155656483;A01;1;7;0;2;1;13;1;
202300013571;155656484;B01;1;7;0;2;1;0;1;
202300013572;155656482;A01;3;7;0;0;1;16;1;
202300013573;155656480;A01;1;7;0;2;8;15;1;
202300013573;155656481;B01;1;1;0;2;1;1;5;
202300013574;155656479;A01;2;14;12;0;7;9;1;
202300013575;155656477;B01;3;7;0;9;1;26;1;
202300013575;155656478;A01;3;50;0;2;2;26;3;
202300013576;155656476;A01;2;50;0;2;0;5;3;
202300013577;155656475;A01;1;2;0;0;8;15;1;
202300013578;155656474;A01;1;7;0;1;2;15;0;
202300013579;155656472;A01;1;2;1;2;7;1;1;
202300013579;155656473;B01;1;7;0;2;1;1;1;
202300013580;155656471;A01;1;33;1;1;8;21;1;
202300013581;155656469;A01;2;1;0;2;4;1;5;
202300013581;155656470;Z01;2;0;0;2;4;0;0;
202300013582;155656467;A01;2;7;0;2;3;15;1;
202300013582;155656468;B01;1;34;0;2;1;25;1;
202300013583;155656465;A01;1;7;0;2;1;2;1;
202300013583;155656466;B01;1;7;0;2;4;0;1;
202300013584;155656461;A01;2;50;0;0;0;1;3;
202300013585;155656460;A01;2;33;0;0;7;26;1;
202300013586;155656458;B01;0;7;0;2;4;23;1;
202300013586;155656459;A01;0;7;1;0;1;1;1;
202300013587;155656456;A01;1;10;0;2;3;5;1;
202300013587;155656457;B01;1;7;0;2;3;1;1;
202300013588;155656454;B01;3;7;3;2;1;26;3;
202300013588;155656455;A01;3;10;3;0;0;15;1;
202300013589;155656452;B01;1;30;0;2;1;1;1;
202300013589;155656453;A01;3;7;0;2;3;15;1;
202300013590;155656451;A01;0;1;0;0;0;1;5;
202300013591;155656449;B01;1;34;0;2;2;1;1;
202300013591;155656450;A01;1;7;0;2;8;10;1;
202300013592;155656448;A01;0;10;0;1;0;2;1;
202300013593;155656446;B01;3;50;0;2;1;26;3;
202300013593;155656447;A01;3;7;0;2;1;26;1;
202300013594;155656444;B01;3;50;0;2;8;1;3;
202300013594;155656445;A01;3;10;0;2;7;16;1;
202300013595;155656442;B01;1;21;0;2;8;1;0;
202300013595;155656443;A01;2;38;0;2;8;1;1;3.0
202300013596;155656441;A01;1;33;0;0;8;0;1;
202300013597;155656439;B01;1;50;0;2;1;1;3;
202300013597;155656440;A01;1;7;0;2;2;14;1;
202300013598;155656437;B01;2;1;0;2;2;19;0;
202300013598;155656438;A01;1;7;0;2;2;2;1;
202300013599;155656435;A01;1;7;0;9;2;26;1;
202300013599;155656436;B01;2;1;0;2;4;15;5;
202300013600;155656433;A01;1;7;0;2;5;9;0;
202300013600;155656434;B01;1;30;0;2;1;2;0;
202300013601;155656431;A01;3;7;0;2;1;9;1;
202300013601;155656432;B01;1;2;0;2;4;1;1;
202300013602;155656430;A01;0;10;0;1;3;1;1;
202300013603;155656429;A01;3;7;-1;1;3;1;1;
202300013604;155656428;A01;3;7;0;1;4;4;0;
202300013605;155656427;A01;0;7;0;1;2;1;1;
202300013606;155656425;B01;1;80;0;2;1;15;3;
202300013606;155656426;A01;2;7;0;2;3;9;1;
202300013607;155656424;A01;1;7;0;1;3;1;1;
202300013608;155656422;A01;0;7;0;2;1;13;0;
202300013608;155656423;B01;0;7;0;2;3;0;1;
202300013609;155656420;B01;1;10;0;2;2;15;1;
202300013609;155656421;A01;2;2;0;2;1;1;1;
202300013610;155656418;B01;3;50;0;2;1;1;3;
202300013610;155656419;A01;3;14;0;2;5;16;1;
202300013611;155656416;A01;3;7;0;2;3;15;1;
202300013611;155656417;B01;3;33;0;2;8;1;1;
202300013612;155656414;A01;1;7;0;2;4;10;1;
202300013612;155656415;B01;2;33;0;2;0;0;1;
202300013613;155656410;B01;1;7;0;2;3;1;1;
202300013613;155656411;A01;2;17;0;2;8;13;1;
202300013614;155656408;B01;3;7;0;2;1;1;1;
202300013614;155656409;A01;3;7;0;2;7;9;1;
202300013615;155656406;B01;3;7;0;2;2;1;1;
202300013615;155656407;A01;3;7;0;2;5;15;1;
202300013616;155656405;A01;3;7;0;1;5;1;1;
202300013617;155656403;B01;1;7;0;2;3;1;1;
202300013617;155656404;A01;2;7;0;2;2;15;3;
202300013618;155656401;B01;2;31;0;2;1;1;1;
202300013618;155656402;A01;1;10;0;2;2;15;1;
202300013619;155656399;B01;1;7;0;2;5;1;1;
202300013619;155656400;A01;1;7;0;2;1;16;1;
202300013620;155656397;B01;2;10;0;2;1;1;1;
202300013620;155656398;A01;2;1;12;2;9;1;5;
202300013621;155656395;A01;1;37;0;9;1;15;1;1.0
202300013621;155656396;B01;2;1;0;2;1;1;5;
202300013622;155656394;A01;2;10;0;1;3;15;1;
202300013623;155656392;B01;0;7;0;2;3;0;0;
202300013623;155656393;A01;0;33;0;2;1;0;0;
202300013624;155656390;B01;2;7;0;2;4;23;1;
202300013624;155656391;A01;2;7;0;2;1;2;1;
202300013625;155656389;A01;2;37;0;1;2;1;1;1.0
202300013626;155656387;A01;2;7;0;2;3;13;1;
202300013626;155656388;B01;1;10;0;2;6;21;1;
202300013627;155656384;A01;1;10;0;2;4;1;1;
202300013627;155656385;B01;1;7;0;2;4;23;1;
202300013627;155656386;C01;1;7;0;0;4;23;1;
202300013628;155656383;A01;1;7;0;1;6;20;3;
202300013629;155656381;AC01;-1;7;-1;-1;-1;-1;-1;
202300013629;155656382;B01;3;1;0;2;8;1;5;
202300013630;155656379;A01;2;33;0;2;1;1;1;
202300013630;155656380;B01;2;7;0;2;4;0;1;
202300013631;155656378;A01;3;1;0;1;8;1;5;
202300013632;155656376;A01;1;7;0;2;3;4;2;
202300013632;155656377;B01;3;1;0;2;8;19;5;
202300013633;155656374;A01;2;7;0;2;3;15;2;
202300013633;155656375;B01;2;30;0;2;7;1;1;
202300013634;155656373;Z01;2;1;0;1;1;25;5;
202300013635;155656372;A01;1;1;0;1;2;16;5;
202300013636;155656371;Z01;1;30;0;1;1;1;1;
202300013637;155656370;Z01;2;1;0;1;1;1;5;
202300013638;155656368;A01;1;7;0;2;5;22;1;
202300013638;155656369;B01;1;1;0;2;1;1;5;
202300013639;155656366;B01;1;1;0;2;1;1;5;
202300013639;155656367;A01;1;7;0;2;3;15;2;
202300013640;155656365;A01;2;32;0;1;1;18;1;
202300013641;155656364;A01;1;7;0;1;3;1;0;
202300013642;155656363;A01;2;7;0;1;1;15;1;
202300013643;155656360;A01;1;37;0;2;1;1;1;1.0
202300013643;155656361;B01;1;10;0;2;4;23;1;
202300013643;155656362;C01;1;7;0;2;4;23;1;
202300013644;155656358;A01;3;13;0;2;1;2;1;
202300013644;155656359;B01;3;13;0;2;4;2;1;
202300013645;155656356;A01;1;15;0;2;5;1;1;
202300013645;155656357;B01;1;37;0;2;6;9;1;1.0
202300013646;155656354;A01;3;7;0;2;1;2;1;
202300013646;155656355;B01;3;7;0;2;4;1;1;
202300013647;155656353;A01;2;1;0;1;1;13;5;
202300013648;155656351;A01;3;10;0;2;2;2;1;
202300013648;155656352;B01;3;7;0;2;6;23;1;
202300013649;155656350;A01;3;7;6;0;3;13;1;
202300013650;155656348;A01;0;7;0;2;2;15;1;
202300013650;155656349;B01;3;7;0;2;1;1;1;
202300013651;155656345;B01;1;17;0;0;4;2;1;
202300013651;155656347;A01;1;7;0;2;1;2;1;
202300013652;155656342;A01;1;10;0;2;3;2;1;
202300013652;155656344;B01;1;7;0;2;4;2;1;
202300013652;155656346;C01;1;7;0;2;4;2;1;
202300013653;155656341;B01;2;7;0;2;1;1;1;
202300013653;155656343;A01;3;7;0;2;8;19;1;
202300013654;155656338;A01;0;32;0;2;2;1;1;
202300013654;155656339;B01;0;7;0;2;6;1;1;
202300013654;155656340;C01;0;7;0;2;3;5;1;
202300013655;155656337;A01;2;7;3;0;1;1;1;
202300013656;155656336;A01;1;7;9;0;2;1;1;
202300013657;155656335;A01;3;7;0;0;0;1;1;
202300013658;155656332;A01;0;33;0;9;3;9;1;
202300013658;155656334;Z01;0;1;0;2;1;25;5;
202300013659;155656331;B01;3;2;0;2;1;19;1;
202300013659;155656333;A01;2;7;0;0;7;1;1;
202300013660;155656329;A01;1;7;0;2;1;1;1;
202300013660;155656330;B01;1;1;0;2;1;1;5;
202300013661;155656328;A01;3;36;0;0;0;10;0;
202300013662;155656326;A01;2;7;0;2;5;11;1;
202300013662;155656327;B01;1;33;0;2;6;2;1;
202300013663;155656324;B01;2;33;0;2;4;2;1;
202300013663;155656325;A01;2;33;0;2;1;2;1;
202300013664;155656322;A01;2;2;0;2;1;2;1;
202300013664;155656323;B01;2;7;0;2;4;23;1;
202300013665;155656320;A01;1;7;0;2;1;15;1;
202300013665;155656321;B01;2;33;0;2;1;1;1;
202300013666;155656318;A01;3;3;0;9;3;13;0;
202300013666;155656319;B01;3;1;0;2;3;1;5;
202300013667;155656317;A01;2;7;13;0;1;1;1;
202300013668;155656314;A01;1;7;2;0;1;13;1;
202300013669;155656313;A01;0;7;0;2;7;2;1;
202300013669;155656315;B01;0;32;0;2;7;3;3;
202300013669;155656316;C01;0;10;0;0;8;1;0;
202300013670;155656312;A01;2;34;2;0;1;1;1;
202300013671;155656309;A01;1;7;0;2;1;0;2;
202300013671;155656311;B01;1;7;0;0;4;1;2;
202300013672;155656308;A01;1;1;13;0;1;16;5;
202300013673;155656306;B01;3;7;0;2;2;9;0;
202300013673;155656307;A01;3;31;0;2;1;2;1;
202300013674;155656304;A01;2;7;0;2;1;17;1;
202300013674;155656305;B01;2;1;0;2;6;15;5;
202300013675;155656302;A01;2;31;0;2;2;1;1;
202300013675;155656303;B01;1;7;0;2;1;2;1;
202300013676;155656301;A01;1;31;2;0;2;1;1;
202300013677;155656299;A01;2;10;0;2;1;1;1;
202300013677;155656300;B01;2;7;0;2;4;23;1;
202300013678;155656297;B01;2;7;0;2;2;1;1;
202300013678;155656298;A01;2;3;0;2;3;1;1;
202300013679;155656295;B01;2;7;14;0;6;2;1;
202300013679;155656296;A01;1;43;0;2;3;2;1;
202300013680;155656293;B01;3;32;0;2;1;1;1;
202300013680;155656294;A01;3;7;0;2;3;15;1;
202300013681;155656289;A01;1;32;0;2;8;18;1;
202300013681;155656291;C01;1;10;0;2;0;0;1;
202300013681;155656292;B01;2;7;0;2;1;15;0;
202300013682;155656288;B01;3;7;0;2;2;19;1;
202300013682;155656290;A01;2;7;0;2;3;1;1;
202300013683;155656285;B01;1;33;0;2;1;3;1;
202300013683;155656287;A01;1;7;0;2;5;11;1;
202300013684;155656284;A01;2;7;0;2;1;15;1;
202300013684;155656286;B01;1;7;0;2;1;1;1;
202300013685;155656281;B01;2;7;1;2;8;20;1;
202300013685;155656283;A01;2;7;8;2;1;1;1;
202300013686;155656279;C01;1;33;0;2;1;1;1;
202300013686;155656280;A01;2;33;0;2;1;21;1;
202300013686;155656282;B01;2;7;0;2;6;23;1;
202300013687;155656274;A01;1;7;0;2;1;1;0;
202300013687;155656275;B01;2;7;0;2;1;1;0;
202300013688;155656276;A01;2;7;0;2;1;1;1;
202300013688;155656277;B01;2;7;0;2;4;1;1;
202300013688;155656278;C01;2;7;0;2;4;15;1;
202300013689;155656271;B01;1;1;0;2;1;1;5;
202300013689;155656273;A01;2;7;0;2;3;9;3;
202300013690;155656270;A01;3;33;2;2;1;5;1;
202300013690;155656272;B01;3;99;0;2;8;15;1;
202300013691;155656268;A01;1;7;0;1;1;1;1;
202300013692;155656267;A01;3;33;0;2;1;1;1;
202300013692;155656269;B01;0;7;0;2;5;1;1;
202300013693;155656265;A01;2;7;13;0;0;0;0;
202300013694;155656262;B01;1;1;0;2;2;1;5;
202300013694;155656263;D01;1;1;0;0;0;21;5;
202300013694;155656264;C01;1;1;0;2;2;21;5;
202300013694;155656266;A01;2;10;0;9;3;15;1;
202300013695;155656260;A01;2;7;0;2;8;1;1;
202300013695;155656261;B01;1;7;13;2;3;13;1;
202300013696;155656258;A01;1;2;11;0;1;1;1;
202300013697;155656257;A01;1;7;0;2;3;5;1;
202300013697;155656259;B01;2;30;0;2;1;1;1;
202300013698;155656254;C01;2;7;6;0;1;1;1;
202300013698;155656255;B01;2;7;0;0;6;15;1;
202300013698;155656256;A01;1;10;0;2;1;13;1;
202300013699;155656253;A01;1;7;3;0;2;1;1;
202300013700;155656251;A01;1;7;0;2;7;17;1;
202300013700;155656252;B01;1;1;0;0;8;1;5;
202300013701;155656249;B01;1;33;0;2;6;1;0;
202300013701;155656250;A01;1;7;0;2;2;15;1;
202300013702;155656248;A01;1;30;6;0;1;13;1;
202300013703;155656247;A01;0;31;0;0;0;26;1;
202300013704;155656246;A01;1;33;8;0;1;13;1;
202300013705;155656243;B01;1;15;0;0;4;23;1;
202300013705;155656245;A01;1;37;1;0;2;21;1;1.0
202300013706;155656241;A01;1;7;0;2;3;15;1;
202300013706;155656242;B01;2;7;0;2;3;1;1;
202300013707;155656240;A01;1;10;13;0;3;13;1;
202300013708;155656239;A01;1;7;0;2;1;13;1;
202300013708;155656244;B01;2;10;0;2;2;1;1;
202300013709;155656237;A01;1;7;6;2;1;2;1;
202300013709;155656238;B01;1;2;6;2;4;1;1;
202300013710;155656236;A01;3;10;0;1;4;4;0;
202300013711;155656235;A01;2;7;8;0;1;13;0;
202300013712;155656233;A01;2;7;0;2;2;1;1;
202300013712;155656234;B01;1;7;0;2;1;19;1;
202300013713;155656231;B01;1;33;0;2;1;1;1;
202300013713;155656232;A01;1;7;0;2;8;16;1;
202300013714;155656229;A01;1;7;2;0;1;1;0;
202300013715;155656228;A01;2;10;14;0;2;13;1;
202300013716;155656225;A01;1;2;0;2;3;1;1;
202300013716;155656227;B01;2;7;0;2;3;17;3;
202300013717;155656222;B01;1;7;0;2;2;15;1;
202300013717;155656224;A01;2;33;0;2;1;1;1;
202300013718;155656223;A01;2;7;0;2;1;1;0;
202300013718;155656226;B01;1;7;0;2;3;15;0;
202300013719;155656220;A01;1;7;0;2;7;17;1;
202300013719;155656221;B01;1;2;0;2;8;15;1;
202300013720;155656218;A01;1;32;0;2;1;17;1;
202300013720;155656219;B01;1;7;0;0;3;15;0;
202300013721;155656215;A01;1;7;0;2;1;1;1;
202300013721;155656217;B01;1;30;0;2;4;2;1;
202300013722;155656212;A01;1;7;0;2;1;2;1;
202300013722;155656213;B01;1;7;0;2;4;1;1;
202300013722;155656214;C01;1;7;1;2;4;2;1;
202300013722;155656216;D01;1;7;1;0;1;2;1;
202300013723;155656210;A01;1;7;0;0;1;13;1;
202300013723;155656211;B01;2;7;0;0;1;1;1;
202300013724;155656208;A01;2;7;0;2;3;13;1;
202300013724;155656209;B01;1;17;0;2;3;1;1;
202300013725;155656207;A01;1;33;13;0;1;1;1;
202300013726;155656204;A01;1;7;0;2;1;5;1;
202300013726;155656206;B01;2;7;0;2;1;1;1;
202300013727;155656203;A01;3;7;2;0;1;1;1;
202300013728;155656201;A01;1;7;1;0;1;2;1;
202300013729;155656202;A01;1;15;0;2;3;13;0;
202300013729;155656205;B01;2;7;0;2;3;13;0;
202300013730;155656200;A01;3;31;0;0;0;26;1;
202300013731;155656199;A01;1;7;2;0;1;14;1;
202300013732;155656197;A01;2;33;0;2;1;1;1;
202300013732;155656198;B01;1;7;0;2;1;15;1;
202300013733;155656194;B01;3;7;0;2;1;1;1;
202300013733;155656196;A01;3;2;0;2;7;19;1;
202300013734;155656193;A01;1;7;13;2;3;1;1;
202300013734;155656195;B01;2;7;13;2;3;13;1;
202300013735;155656192;A01;1;2;0;1;1;17;1;
202300013736;155656191;A01;2;7;6;0;3;13;1;
202300013737;155656190;A01;2;33;8;0;1;16;1;
202300013738;155656188;A01;2;31;0;2;1;1;1;
202300013738;155656189;B01;2;7;0;2;5;23;1;
202300013739;155656187;A01;3;7;0;1;1;26;1;
202300013740;155656185;A01;2;7;12;0;1;13;1;
202300013741;155656183;B01;1;7;0;2;6;1;1;
202300013741;155656184;A01;1;17;0;2;2;12;1;
202300013742;155656182;A01;2;33;14;0;1;1;1;
202300013743;155656180;A01;1;7;0;2;8;14;1;
202300013743;155656181;B01;1;15;0;2;2;1;1;
202300013744;155656178;A01;1;7;0;2;4;1;1;
202300013744;155656179;Z01;2;7;0;2;0;0;0;
202300013745;155656176;Z01;1;0;0;2;8;0;0;
202300013745;155656177;A01;1;7;3;2;7;1;1;
202300013746;155656174;A01;1;7;0;2;1;1;1;
202300013746;155656175;B01;1;7;0;2;4;1;1;
202300013747;155656172;A01;1;7;0;2;1;1;1;
202300013747;155656173;B01;1;7;0;2;4;1;1;
202300013748;155656171;A01;2;7;4;0;2;1;1;
202300013749;155656169;B01;1;7;0;2;5;0;2;
202300013749;155656170;Z01;1;7;0;2;3;0;0;
202300013750;155656168;A01;2;7;13;0;1;0;1;
202300013751;155656167;A01;1;32;0;0;8;2;1;
202300013752;155656165;A01;2;14;0;2;2;14;1;
202300013752;155656166;B01;2;7;0;2;8;1;1;
202300013753;155656163;B01;1;99;0;2;7;14;1;
202300013753;155656164;A01;1;33;0;2;8;18;1;
202300013754;155656161;A01;1;7;5;2;7;16;1;
202300013754;155656162;B01;1;7;0;2;8;1;1;
202300013755;155656159;B01;1;7;0;2;4;2;1;
202300013755;155656160;A01;1;7;0;2;1;2;1;
202300013756;155656157;A01;2;10;0;2;4;2;1;
202300013756;155656158;B01;2;10;0;2;1;2;1;
202300013757;155656155;A01;0;7;0;2;6;9;1;
202300013757;155656156;B01;1;7;0;2;1;1;1;
202300013758;155656154;A01;3;7;0;1;2;1;1;
202300013759;155656152;A01;3;7;0;2;3;15;1;
202300013759;155656153;B01;3;7;0;2;1;1;1;
202300013760;155656150;A01;2;7;0;2;1;15;1;
202300013760;155656151;B01;1;10;0;0;1;1;0;
202300013761;155656147;A01;3;32;0;2;1;17;1;
202300013761;155656148;B01;3;7;0;2;3;1;1;
202300013761;155656149;C01;3;7;0;2;8;2;1;
202300013762;155656146;A01;1;7;1;0;1;0;1;
202300013763;155656145;A01;1;7;13;0;1;1;1;
202300013764;155656143;A01;1;7;0;2;6;9;1;
202300013764;155656144;B01;1;33;0;2;9;1;1;
202300013765;155656141;A01;1;33;0;0;0;1;1;
202300013766;155656140;A01;2;33;14;0;3;1;1;
202300013767;155656137;A01;1;7;0;2;2;1;1;
202300013767;155656138;B01;1;1;0;2;8;19;5;
202300013768;155656136;A01;1;7;2;0;3;13;1;
202300013769;155656134;A01;3;7;0;2;2;13;1;
202300013769;155656135;B01;1;33;9;0;8;1;1;
202300013770;155656131;A01;1;33;6;0;3;13;1;
202300013771;155656130;A01;3;2;0;0;0;1;1;
202300013772;155656129;A01;1;7;2;0;3;1;1;
202300013773;155656126;A01;1;2;0;2;1;17;1;
202300013773;155656127;B01;2;7;6;2;1;1;1;
202300013773;155656128;C01;1;7;0;2;3;1;1;
202300013774;155656124;A01;1;7;0;2;2;17;1;
202300013774;155656125;B01;1;1;0;2;3;1;5;
202300013775;155656123;A01;2;1;0;0;7;1;5;
202300013776;155656122;A01;2;33;13;0;0;0;1;
202300013777;155656120;A01;2;7;0;2;3;15;1;
202300013777;155656121;B01;2;50;0;2;1;1;3;
202300013778;155656118;A01;2;1;0;2;0;16;5;
202300013778;155656119;B01;1;13;0;2;8;1;1;
202300013779;155656114;B01;2;7;0;2;3;1;1;
202300013779;155656115;D01;2;7;0;2;1;1;1;
202300013779;155656116;A01;1;7;0;2;1;5;1;
202300013779;155656117;C01;2;7;0;2;3;1;2;
202300013780;155656112;A01;0;31;0;2;1;1;1;
202300013780;155656113;B01;0;7;0;2;1;1;1;
202300013781;155656111;A01;3;31;0;0;0;1;1;
202300013782;155656109;B01;2;7;0;2;3;1;1;
202300013782;155656110;A01;1;31;0;2;3;17;1;
202300013783;155656107;A01;2;7;0;2;1;1;1;
202300013783;155656108;B01;1;7;0;2;7;19;1;
202300013784;155656106;A01;2;31;7;0;8;1;1;
202300013785;155656104;A01;2;32;0;2;1;1;1;
202300013785;155656105;B01;2;7;0;2;4;2;1;
202300013786;155656103;A01;1;7;6;0;1;0;1;
202300013787;155656101;A01;2;7;4;2;3;21;1;
202300013787;155656102;B01;2;7;4;0;0;0;1;
202300013788;155656099;B01;1;17;0;0;4;2;1;
202300013788;155656100;A01;1;10;0;2;1;2;1;
202300013789;155656097;B01;2;33;0;2;1;1;1;
202300013789;155656098;A01;1;10;0;2;2;10;1;
202300013790;155656095;A01;1;7;0;2;3;11;3;
202300013790;155656096;B01;1;33;0;2;2;3;1;
202300013791;155656094;A01;1;7;0;0;0;0;1;
202300013792;155656093;A01;2;33;0;0;0;1;1;
202300013793;155656090;A01;1;7;0;2;3;1;1;
202300013793;155656091;B01;2;7;0;2;3;15;1;
202300013793;155656092;C01;2;7;0;2;3;23;1;
202300013794;155656089;A01;3;7;0;1;2;17;1;
202300013795;155656087;A01;2;7;0;2;1;5;1;
202300013795;155656088;B01;1;7;0;2;1;1;1;
202300013796;155656085;B01;0;2;0;2;1;1;0;
202300013796;155656086;A01;0;7;0;2;3;1;0;
202300013797;155656083;B01;1;7;0;0;2;1;0;
202300013797;155656084;A01;1;7;0;0;1;1;0;
202300013798;155656082;A01;2;7;6;0;1;1;1;
202300013799;155656080;B01;3;1;0;2;2;1;5;
202300013799;155656081;A01;3;3;0;2;3;1;1;
202300013800;155656078;B01;1;33;0;2;8;1;1;
202300013800;155656079;A01;2;7;0;2;2;10;1;
202300013801;155656077;A01;3;14;8;0;3;1;1;
202300013802;155656075;B01;3;7;0;2;3;15;1;
202300013802;155656076;A01;3;33;0;2;1;17;1;
202300013803;155656074;A01;1;10;0;1;1;1;1;
202300013804;155656071;A01;3;7;0;2;1;1;1;
202300013804;155656072;B01;3;7;0;0;8;23;1;
202300013804;155656073;C01;3;7;0;2;4;15;1;
202300013805;155656063;E01;3;1;0;2;8;1;5;
202300013805;155656064;A01;3;7;0;0;3;1;1;
202300013805;155656065;B01;3;1;0;2;8;1;5;
202300013805;155656066;C01;3;1;0;2;8;1;5;
202300013805;155656067;D01;3;1;0;2;8;1;5;
202300013805;155656068;F01;3;1;0;2;8;1;5;
202300013805;155656069;G01;3;1;0;2;8;1;5;
202300013805;155656070;H01;3;1;0;2;8;1;5;
202300013806;155656061;B01;2;7;0;2;1;1;1;
202300013806;155656062;A01;1;7;0;2;1;13;1;
202300013807;155656060;A01;1;7;8;0;9;17;0;
202300013808;155656058;A01;1;7;0;2;1;2;1;
202300013808;155656059;B01;1;7;3;0;4;2;1;
202300013809;155656057;A01;2;10;0;1;2;1;1;
202300013810;155656055;B01;1;7;0;0;3;1;0;
202300013810;155656056;A01;2;7;0;2;3;13;0;
202300013811;155656053;A01;2;34;0;2;8;18;1;
202300013811;155656054;B01;2;7;0;2;7;23;1;
202300013812;155656052;A01;1;7;0;1;1;19;1;
202300013813;155656051;A01;3;7;0;1;0;0;2;
202300013814;155656050;A01;3;0;0;1;1;1;1;
202300013815;155656049;A01;1;7;16;0;7;1;6;
202300013816;155656048;A01;3;33;12;0;2;26;1;
202300013817;155656047;A01;1;10;9;0;1;2;1;
202300013818;155656045;A01;2;50;1;2;6;2;3;
202300013818;155656046;B01;2;7;0;2;6;23;0;
202300013819;155656043;A01;2;7;0;2;1;2;1;
202300013819;155656044;B01;2;7;0;0;4;2;1;
202300013820;155656041;A01;1;7;0;2;3;13;1;
202300013820;155656042;B01;2;7;0;2;3;1;1;
202300013821;155656040;A01;2;7;4;0;1;1;1;
202300013822;155656038;B01;3;31;11;2;7;17;1;
202300013822;155656039;A01;1;7;0;2;8;13;1;
202300013823;155656036;B01;2;7;0;2;1;0;1;
202300013823;155656037;A01;2;7;0;2;7;19;1;
202300013824;155656034;A01;1;7;0;2;1;19;1;