Num_Acc;id_vehicule;num_veh;senc;catv;obs;obsm;choc;manv;motor;occutc
202300013824;155656035;B01;1;7;0;2;6;1;1;
202300013825;155656033;A01;1;7;1;0;2;0;1;
202300013826;155656031;A01;1;7;0;2;3;15;0;
202300013826;155656032;B01;1;32;0;2;7;17;0;
202300013827;155656030;A01;2;2;0;0;8;1;1;
202300013828;155656028;B01;1;7;0;2;3;9;1;
202300013828;155656029;A01;1;7;0;2;1;9;1;
202300013829;155656026;A01;1;7;0;2;2;15;1;
202300013829;155656027;B01;2;33;0;2;8;1;1;
202300013830;155656024;B01;3;7;0;2;8;1;1;
202300013830;155656025;A01;3;7;0;2;1;6;1;
202300013831;155656022;A01;3;7;0;2;1;9;1;
202300013831;155656023;B01;0;30;0;2;4;26;1;
202300013832;155656020;A01;2;10;0;2;2;15;3;
202300013832;155656021;B01;2;34;0;2;1;1;1;
202300013833;155656017;A01;3;7;0;2;1;14;1;
202300013833;155656018;C01;3;7;0;2;5;14;1;
202300013833;155656019;B01;3;10;0;9;4;14;1;
202300013834;155656016;A01;2;7;0;1;1;16;1;
202300013835;155656015;A01;3;34;12;0;0;1;1;
202300013836;155656013;A01;1;7;0;2;1;15;1;
202300013836;155656014;B01;2;30;0;2;4;1;1;
202300013837;155656011;B01;2;33;0;2;4;16;1;
202300013837;155656012;A01;2;32;0;2;1;1;1;
202300013838;155656009;B01;3;1;0;2;3;1;5;
202300013838;155656010;A01;3;7;0;2;2;12;1;
202300013839;155656007;A01;1;7;0;2;6;11;1;
202300013839;155656008;B01;1;33;0;2;0;0;1;
202300013840;155656005;B01;1;7;0;2;3;1;1;
202300013840;155656006;A01;1;30;0;2;2;17;1;
202300013841;155656004;A01;1;7;0;0;1;1;1;
202300013842;155656003;A01;2;80;1;0;1;14;3;
202300013843;155656001;A01;3;7;0;2;1;2;1;
202300013843;155656002;B01;3;7;0;2;4;2;1;
202300013844;155656000;A01;1;7;14;0;8;13;1;
202300013845;155655998;B01;2;1;0;2;8;1;5;
202300013845;155655999;A01;1;7;0;2;2;15;0;
202300013846;155655997;A01;1;7;6;0;1;1;1;
202300013847;155655996;A01;3;7;0;1;1;2;1;
202300013848;155655991;A01;2;7;0;2;1;5;1;
202300013848;155655992;B01;1;2;0;2;1;15;1;
202300013849;155655989;B01;1;7;0;2;1;1;1;
202300013849;155655990;A01;2;7;0;2;1;15;1;
202300013850;155655987;B01;2;80;0;2;1;1;3;
202300013850;155655988;A01;1;7;0;2;7;1;1;
202300013851;155655985;A01;1;32;0;2;1;1;1;
202300013851;155655986;B01;2;7;0;2;0;0;1;
202300013852;155655983;B01;1;31;0;2;1;1;1;
202300013852;155655984;A01;2;7;0;2;2;15;1;
202300013853;155655981;B01;2;7;0;2;4;1;1;
202300013853;155655982;A01;2;7;0;2;1;1;1;
202300013854;155655979;A01;2;33;13;2;1;1;1;
202300013854;155655980;B01;1;7;0;2;3;1;1;
202300013855;155655977;B01;1;33;0;2;1;1;1;
202300013855;155655978;A01;1;7;0;2;2;1;1;
202300013856;155655976;A01;2;7;0;1;1;1;1;
202300013857;155655974;A01;1;7;0;2;2;1;1;
202300013857;155655975;B01;1;31;0;2;1;1;1;
202300013858;155655972;A01;0;2;0;2;1;1;0;
202300013858;155655973;B01;0;7;0;0;0;0;1;
202300013859;155655971;A01;0;7;0;1;4;4;1;
202300013860;155655968;Z01;2;10;0;2;4;9;0;
202300013860;155655969;A01;2;33;0;2;1;1;1;
202300013861;155655966;A01;2;31;0;2;6;11;1;
202300013861;155655967;B01;2;7;0;2;2;1;1;
202300013862;155655963;A01;2;10;0;2;3;1;1;
202300013862;155655964;C01;2;1;0;2;8;1;5;
202300013862;155655965;B01;1;7;0;2;2;15;1;
202300013863;155655962;A01;2;37;0;1;2;16;2;1.0
202300013864;155655961;A01;1;1;0;0;0;2;5;
202300013865;155655959;A01;1;7;0;0;7;16;1;
202300013865;155655960;Y01;1;1;0;2;1;1;5;
202300013866;155655957;B01;1;1;0;2;8;1;5;
202300013866;155655958;A01;1;80;0;2;7;17;3;
202300013867;155655955;A01;1;50;0;2;1;17;3;
202300013867;155655956;B01;2;34;0;2;3;11;1;
202300013868;155655954;A01;2;7;0;1;4;4;1;
202300013869;155655953;A01;3;7;4;0;1;14;1;
202300013870;155655951;A01;1;1;0;2;8;11;5;
202300013870;155655952;B01;1;37;0;2;7;7;1;1.0
202300013871;155655949;A01;1;7;0;2;2;16;3;
202300013871;155655950;B01;0;1;0;2;1;1;5;
202300013872;155655948;A01;1;50;0;1;1;1;3;
202300013873;155655946;B01;0;7;0;2;1;2;1;
202300013873;155655947;A01;0;7;0;2;4;2;1;
202300013874;155655945;A01;1;33;0;0;1;1;1;
202300013875;155655944;A01;3;7;0;1;2;1;1;
202300013876;155655941;A01;2;32;0;2;3;18;1;
202300013876;155655942;C01;2;7;1;0;7;0;1;
202300013876;155655943;B01;2;7;1;0;2;16;1;
202300013877;155655939;B01;0;0;0;2;2;2;6;
202300013877;155655940;A01;0;42;0;2;3;1;1;
202300013878;155655937;A01;3;7;0;2;3;9;1;
202300013878;155655938;B01;3;7;0;2;2;1;1;
202300013879;155655934;Y01;2;1;0;2;7;3;5;
202300013879;155655935;A01;2;10;0;0;5;1;1;
202300013879;155655936;B01;2;7;0;0;3;1;0;
202300013880;155655932;A01;2;32;0;2;1;2;1;
202300013880;155655933;B01;2;60;0;0;2;19;5;
202300013881;155655930;A01;2;33;0;2;1;1;1;
202300013881;155655931;B01;2;2;0;1;5;0;1;
202300013882;155655928;TB01;0;80;0;0;8;1;3;
202300013882;155655929;A01;2;7;0;2;2;26;3;
202300013883;155655926;A01;3;7;0;2;5;9;1;
202300013883;155655927;B01;3;1;0;2;7;1;5;
202300013884;155655924;A01;3;7;0;2;5;1;1;
202300013884;155655925;B01;3;7;0;2;1;1;1;
202300013885;155655923;A01;2;33;0;1;1;2;1;
202300013886;155655921;A01;3;33;8;0;9;17;1;
202300013886;155655922;B01;3;7;0;2;7;1;1;
202300013887;155655919;B01;1;7;0;2;1;15;1;
202300013887;155655920;A01;1;32;0;2;0;17;1;
202300013888;155655917;A01;3;33;0;2;1;2;1;
202300013888;155655918;B01;3;30;0;2;4;2;1;
202300013889;155655915;B01;2;33;0;2;3;1;1;
202300013889;155655916;A01;3;50;0;2;1;13;3;
202300013890;155655913;B01;2;33;0;2;2;17;1;
202300013890;155655914;A01;2;10;0;2;3;13;1;
202300013891;155655912;A01;3;7;0;1;6;4;2;
202300013892;155655910;A01;1;7;0;2;4;23;1;
202300013892;155655911;Z01;1;7;0;2;1;1;0;
202300013893;155655909;A01;2;50;0;0;9;1;3;
202300013894;155655908;A01;1;37;0;1;2;1;1;1.0
202300013895;155655904;D01;1;2;0;2;8;23;1;
202300013895;155655905;A01;1;10;0;2;2;1;1;
202300013895;155655906;B01;1;10;0;2;6;23;1;
202300013895;155655907;C01;1;10;0;2;5;23;1;
202300013896;155655902;A01;2;10;0;2;6;4;1;
202300013896;155655903;B01;2;1;0;2;1;23;5;
202300013897;155655901;A01;2;7;7;0;2;14;1;
202300013898;155655899;B01;1;7;0;2;2;16;1;
202300013898;155655900;A01;1;43;0;2;6;1;1;
202300013899;155655898;A01;3;33;0;2;7;1;1;
202300013900;155655896;A01;1;33;0;0;7;1;1;
202300013901;155655895;B01;2;7;0;2;4;1;1;
202300013901;155655897;A01;2;7;0;2;1;1;1;
202300013902;155655894;A01;1;33;0;9;7;1;1;
202300013903;155655893;A01;0;33;0;0;3;0;1;
202300013904;155655892;A01;2;80;0;1;1;1;3;
202300013905;155655889;A01;2;7;0;2;1;1;1;
202300013905;155655891;B01;1;7;1;0;1;17;1;
202300013906;155655888;A01;0;7;0;2;1;2;1;
202300013906;155655890;B01;0;7;0;2;4;2;1;
202300013907;155655885;A01;3;7;0;1;7;1;2;
202300013908;155655882;A01;1;34;14;0;8;1;0;
202300013909;155655881;B01;2;50;0;2;6;2;3;
202300013909;155655883;A01;2;50;0;2;7;2;3;
202300013910;155655878;B01;3;1;0;2;4;11;5;
202300013910;155655880;A01;3;1;0;2;1;17;5;
202300013911;155655877;A01;3;7;0;2;1;15;1;
202300013911;155655879;B01;3;7;0;2;3;1;1;
202300013912;155655874;B01;2;7;0;2;4;16;2;
202300013912;155655876;Z01;2;7;0;2;4;1;0;
202300013913;155655873;B01;1;99;0;0;7;15;1;
202300013913;155655875;A01;1;33;0;9;1;1;1;
202300013914;155655872;A01;2;10;2;0;3;13;1;
202300013915;155655870;A01;2;7;0;2;1;5;1;
202300013915;155655871;B01;1;7;0;2;2;1;2;
202300013916;155655868;A01;1;7;4;0;4;23;1;
202300013916;155655869;B01;1;7;4;2;1;11;1;
202300013917;155655866;A01;1;50;0;2;1;1;3;
202300013917;155655867;B01;2;1;0;2;2;15;5;
202300013918;155655865;A01;1;7;9;0;0;16;1;
202300013919;155655861;C01;2;10;0;2;7;23;1;
202300013919;155655863;B01;2;33;0;2;4;23;1;
202300013919;155655864;A01;2;33;0;2;1;2;1;
202300013920;155655860;A01;2;7;6;2;1;17;1;
202300013920;155655862;B01;2;7;0;2;0;15;1;
202300013921;155655858;A01;1;7;0;2;3;1;1;
202300013921;155655859;B01;1;10;0;2;2;17;2;
202300013922;155655857;A01;2;1;6;0;2;1;5;
202300013923;155655855;A01;1;7;6;0;1;1;1;
202300013924;155655854;A01;2;1;0;2;1;13;5;
202300013924;155655856;B01;1;1;0;2;1;1;5;
202300013925;155655850;A01;1;7;0;2;1;13;1;
202300013925;155655852;B01;2;7;13;2;1;1;1;
202300013926;155655851;A01;1;10;0;2;0;14;1;
202300013926;155655853;B01;1;80;0;2;0;1;3;
202300013927;155655849;A01;2;7;2;0;1;5;1;
202300013928;155655848;A01;1;50;0;1;1;1;3;
202300013929;155655845;A01;2;7;0;2;1;1;1;
202300013929;155655847;B01;1;7;0;2;3;15;1;
202300013930;155655844;A01;1;7;0;9;1;1;0;
202300013930;155655846;B01;1;7;0;2;4;1;0;
202300013931;155655841;A01;1;7;1;2;3;15;1;
202300013931;155655843;B01;1;43;0;2;1;1;1;
202300013932;155655840;A01;1;2;0;2;7;17;1;
202300013932;155655842;B01;1;7;0;2;8;15;1;
202300013933;155655839;A01;2;7;2;0;1;13;1;
202300013934;155655837;B01;2;50;0;2;1;2;3;
202300013934;155655838;A01;2;7;0;2;2;16;1;
202300013935;155655836;A01;2;7;0;1;1;1;1;
202300013936;155655832;A01;2;7;0;2;1;2;1;
202300013936;155655834;B01;2;30;0;2;4;23;1;
202300013936;155655835;C01;2;7;0;2;4;23;1;
202300013937;155655829;A01;2;2;0;2;3;13;1;
202300013937;155655831;B01;1;7;0;2;8;1;1;
202300013937;155655833;C01;1;7;0;2;8;1;1;
202300013938;155655828;A01;1;10;0;2;7;15;0;
202300013938;155655830;B01;2;34;0;2;1;1;0;
202300013939;155655827;A01;2;7;2;0;1;6;1;
202300013940;155655824;A01;3;17;16;0;8;1;1;
202300013941;155655823;A01;1;7;0;2;3;11;1;
202300013941;155655825;B01;1;33;0;2;7;3;1;
202300013941;155655826;C01;1;7;0;2;3;2;1;
202300013942;155655820;A01;3;1;0;2;0;1;5;
202300013942;155655821;B01;3;1;0;2;0;0;5;
202300013943;155655818;B01;2;33;0;2;7;17;1;
202300013943;155655819;A01;2;7;0;2;8;15;1;
202300013944;155655816;A01;3;37;0;2;2;26;0;2.0
202300013944;155655817;B01;3;7;0;2;7;0;1;
202300013945;155655814;A01;1;10;0;2;4;20;1;
202300013945;155655815;B01;1;1;0;2;1;2;5;
202300013946;155655813;A01;1;7;0;1;2;2;1;
202300013947;155655812;A01;1;33;7;0;0;1;0;
202300013948;155655809;B01;3;43;0;2;1;3;1;
202300013948;155655811;A01;3;10;0;2;2;15;1;
202300013949;155655808;A01;1;33;0;2;1;17;1;
202300013949;155655810;B01;1;7;0;2;3;15;1;
202300013950;155655805;A01;2;7;0;0;7;21;1;
202300013951;155655806;A01;2;7;0;2;8;15;1;
202300013951;155655807;B01;2;33;0;2;7;1;1;
202300013952;155655804;A01;3;21;0;0;0;15;1;
202300013953;155655803;A01;0;7;0;1;2;1;1;
202300013954;155655802;A01;1;7;16;0;9;1;1;
202300013955;155655800;A01;1;7;8;2;3;15;1;
202300013955;155655801;Y01;1;1;8;2;1;16;5;
202300013956;155655798;A01;2;33;0;2;2;17;1;
202300013956;155655799;B01;2;7;0;2;8;15;1;
202300013957;155655796;A01;0;13;0;2;2;1;1;
202300013957;155655797;B01;3;1;0;2;8;10;5;
202300013958;155655794;A01;2;7;0;2;3;1;1;
202300013958;155655795;B01;1;30;0;2;1;0;1;
202300013959;155655793;A01;2;7;0;1;3;1;1;
202300013960;155655791;A01;3;2;0;2;1;13;1;
202300013960;155655792;B01;3;21;0;2;6;1;1;
202300013961;155655788;A01;3;7;0;2;2;13;1;
202300013961;155655789;B01;3;7;0;0;6;0;1;
202300013962;155655786;A01;1;7;6;0;3;17;1;
202300013963;155655785;A01;1;1;0;0;0;15;5;
202300013963;155655787;B01;1;50;0;0;0;2;3;
202300013964;155655784;A01;1;50;0;0;1;0;3;
202300013965;155655783;A01;1;7;3;0;7;1;1;
202300013966;155655782;A01;2;7;3;0;2;1;0;
202300013967;155655780;A01;1;2;0;2;1;21;3;
202300013967;155655781;B01;1;7;0;2;8;15;1;
202300013968;155655778;A01;1;7;1;0;3;26;1;
202300013968;155655779;B01;0;30;0;2;5;24;1;
202300013969;155655776;A01;2;10;0;2;3;1;1;
202300013969;155655777;B01;2;2;0;2;2;1;1;
202300013970;155655775;A01;3;13;0;1;2;1;1;
202300013971;155655774;A01;3;40;0;1;7;26;3;
202300013972;155655773;A01;1;7;0;1;1;1;1;
202300013973;155655772;A01;3;7;2;0;0;0;1;
202300013974;155655769;A01;1;7;0;2;3;15;1;
202300013974;155655771;B01;3;33;0;2;3;15;1;
202300013975;155655767;A01;2;7;0;2;3;1;1;
202300013975;155655768;B01;1;7;0;2;1;1;1;
202300013975;155655770;C01;1;7;0;2;3;24;1;
202300013976;155655765;B01;2;60;0;2;5;19;5;
202300013976;155655766;A01;2;7;0;2;2;1;1;
202300013977;155655763;B01;2;7;3;2;3;1;1;
202300013977;155655764;A01;1;7;3;2;3;1;1;
202300013978;155655762;A01;1;50;0;1;1;1;3;
202300013979;155655760;A01;1;7;0;2;8;1;1;
202300013979;155655761;B01;2;1;0;2;3;1;5;
202300013980;155655758;A01;3;7;0;2;5;11;1;
202300013980;155655759;B01;3;33;0;2;1;2;1;
202300013981;155655756;A01;2;33;0;2;3;26;1;
202300013981;155655757;B01;2;7;0;2;3;2;1;
202300013982;155655755;A01;3;7;0;1;0;1;3;
202300013983;155655754;A01;2;7;0;0;1;0;1;
202300013984;155655752;A01;1;7;0;2;2;2;2;
202300013984;155655753;B01;0;50;0;0;6;2;3;
202300013985;155655751;A01;1;7;2;0;7;1;1;
202300013986;155655749;A01;3;2;0;0;0;1;1;
202300013987;155655748;B01;1;7;0;2;3;1;1;
202300013987;155655750;A01;0;7;0;2;6;15;2;
202300013988;155655747;A01;1;1;5;0;2;1;5;
202300013989;155655744;B01;1;17;0;2;1;1;1;
202300013989;155655746;A01;2;10;0;2;1;19;1;
202300013990;155655743;A01;1;7;0;2;5;15;1;
202300013990;155655745;B01;2;7;0;2;2;1;1;
202300013991;155655740;B01;2;2;0;2;1;13;1;
202300013991;155655742;A01;1;7;0;2;3;1;1;
202300013992;155655739;B01;0;33;0;2;1;1;0;
202300013992;155655741;A01;0;7;8;2;2;10;1;
202300013993;155655738;A01;0;31;0;0;7;0;1;
202300013994;155655736;A01;0;7;13;0;0;1;0;
202300013995;155655735;A01;2;7;0;2;3;15;1;
202300013995;155655737;B01;1;33;0;2;8;1;1;
202300013996;155655734;A01;1;7;15;0;6;1;2;
202300013997;155655732;A01;1;7;1;0;2;14;1;
202300013997;155655733;B01;2;7;0;0;2;24;1;
202300013998;155655731;A01;0;33;12;0;2;1;1;
202300013999;155655730;A01;3;7;2;0;2;0;1;
202300014000;155655728;A01;2;33;0;2;2;26;1;
202300014000;155655729;B01;1;7;0;2;2;15;1;
202300014001;155655727;A01;1;7;6;0;1;1;1;
202300014002;155655724;A01;2;2;0;0;7;2;1;
202300014003;155655722;A01;2;7;2;0;1;13;1;
202300014004;155655723;A01;2;7;0;2;2;15;1;
202300014004;155655725;B01;1;50;0;2;1;1;3;
202300014005;155655720;A01;1;7;0;0;1;17;1;
202300014006;155655717;A01;1;7;0;2;1;13;1;
202300014006;155655719;B01;2;7;0;2;1;1;1;
202300014007;155655718;A01;2;10;0;1;9;2;1;
202300014007;155655721;B01;2;7;0;2;1;2;1;
202300014008;155655715;A01;2;7;0;2;3;5;1;
202300014008;155655716;B01;1;1;0;2;1;1;5;
202300014009;155655713;A01;2;7;4;0;1;1;1;
202300014010;155655712;A01;1;33;0;2;1;5;1;
202300014010;155655714;B01;2;7;0;2;2;5;1;
202300014011;155655710;A01;2;33;0;2;2;3;1;
202300014011;155655711;B01;2;7;0;2;6;11;1;
202300014012;155655706;A01;1;7;0;2;1;2;1;
202300014012;155655709;B01;1;7;0;2;4;2;0;
202300014013;155655704;A01;2;7;0;2;3;1;1;
202300014013;155655708;B01;3;2;0;2;0;0;0;
202300014014;155655703;A01;1;33;0;2;3;13;1;
202300014014;155655707;B01;2;7;13;2;3;1;0;
202300014015;155655702;A01;2;50;0;2;1;5;3;
202300014015;155655705;B01;1;7;0;9;2;1;1;
202300014016;155655700;A01;1;2;8;0;1;14;1;
202300014017;155655699;A01;2;7;4;0;1;13;1;
202300014018;155655698;A01;2;7;0;2;4;1;3;
202300014018;155655701;B01;2;7;0;2;2;1;1;
202300014019;155655695;A01;1;21;0;2;3;1;1;
202300014019;155655697;B01;2;7;0;2;3;1;1;
202300014020;155655692;B01;1;7;0;2;4;1;1;
202300014020;155655694;A01;1;7;0;2;1;1;1;
202300014021;155655691;A01;1;7;0;2;4;15;1;
202300014021;155655693;B01;1;30;0;2;1;1;1;
202300014022;155655689;A01;2;7;0;2;1;13;1;
202300014022;155655690;B01;1;7;0;2;1;1;1;
202300014023;155655687;A01;2;7;3;0;9;1;1;
202300014024;155655684;A01;2;7;0;2;1;16;1;
202300014024;155655686;B01;1;80;0;2;8;1;3;
202300014025;155655685;B01;1;7;0;2;1;19;1;
202300014025;155655688;A01;1;7;0;2;1;1;1;
202300014026;155655681;A01;2;7;0;2;3;1;1;
202300014026;155655683;B01;1;7;0;2;3;1;1;
202300014027;155655682;A01;2;7;3;0;9;0;1;
202300014028;155655679;A01;0;7;0;1;1;1;1;
202300014029;155655680;A01;3;7;6;0;2;1;1;
202300014030;155655677;A01;1;7;3;0;1;1;1;
202300014031;155655673;B01;1;7;0;2;3;1;1;
202300014031;155655678;A01;2;7;0;2;3;13;1;
202300014032;155655671;A01;2;7;4;0;1;1;1;
202300014033;155655672;A01;1;7;0;2;3;13;1;
202300014033;155655675;B01;2;21;0;2;8;1;1;
202300014034;155655667;A01;1;7;4;0;1;1;1;
202300014035;155655668;A01;1;31;0;2;1;13;1;
202300014035;155655670;B01;1;7;0;2;6;15;1;
202300014036;155655666;A01;3;7;0;1;2;0;1;
202300014037;155655665;A01;1;7;0;2;1;13;1;
202300014037;155655669;B01;2;7;2;2;1;1;1;
202300014038;155655662;B01;1;7;0;2;3;1;1;
202300014038;155655664;A01;2;33;11;2;6;13;1;
202300014039;155655659;A01;2;7;0;2;3;13;1;
202300014039;155655661;B01;1;7;0;2;3;1;1;
202300014040;155655658;B01;0;99;0;2;0;0;0;
202300014040;155655663;A01;0;7;0;9;5;1;1;
202300014041;155655657;B01;1;7;0;2;1;1;0;
202300014041;155655660;A01;2;7;0;2;3;13;1;
202300014042;155655656;A01;2;7;13;0;3;1;1;
202300014043;155655655;A01;2;7;2;0;3;0;1;
202300014044;155655653;B01;2;7;0;2;1;1;1;
202300014044;155655654;A01;1;7;0;2;1;13;1;
202300014045;155655652;A01;2;2;6;0;1;19;1;
202300014046;155655651;A01;3;7;2;0;7;1;1;
202300014047;155655649;A01;1;7;6;0;1;1;1;
202300014048;155655647;B01;1;2;0;2;1;0;1;
202300014048;155655650;A01;1;7;0;2;2;19;1;
202300014049;155655646;A01;1;7;2;0;1;1;1;
202300014050;155655645;A01;2;7;0;2;5;15;1;
202300014050;155655648;B01;1;33;0;2;1;1;1;
202300014051;155655644;A01;3;10;0;1;2;1;1;
202300014052;155655642;A01;2;7;8;0;1;1;1;
202300014053;155655643;A01;2;7;2;0;1;13;1;
202300014054;155655638;A01;2;7;2;0;2;1;1;
202300014055;155655640;A01;2;7;0;2;2;15;1;
202300014055;155655641;B01;2;7;8;2;1;1;1;
202300014056;155655636;B01;0;31;0;2;1;0;1;
202300014056;155655639;A01;0;2;0;2;1;0;1;
202300014057;155655634;A01;2;7;16;0;1;1;1;
202300014058;155655635;A01;1;7;0;2;2;15;1;
202300014058;155655637;B01;2;33;0;2;1;1;1;
202300014059;155655633;A01;2;7;0;0;1;0;1;
202300014060;155655632;A01;1;10;14;1;3;1;1;
202300014061;155655631;A01;1;7;0;0;1;1;1;
202300014062;155655630;A01;2;3;0;1;1;1;1;
202300014063;155655629;A01;3;3;2;0;1;0;1;
202300014064;155655625;A01;2;10;0;2;7;15;1;
202300014064;155655628;B01;2;30;0;2;1;1;1;
202300014065;155655622;A01;1;7;0;2;3;15;1;
202300014065;155655627;B01;2;7;0;0;2;1;1;
202300014066;155655623;B01;2;30;0;2;0;0;1;
202300014066;155655626;A01;1;7;0;2;0;0;2;
202300014067;155655621;A01;1;7;0;0;1;0;1;
202300014068;155655620;A01;1;7;13;0;2;1;1;
202300014069;155655618;A01;2;7;2;0;9;13;1;
202300014070;155655617;A01;2;10;0;2;7;14;1;
202300014070;155655619;B01;2;43;0;2;8;1;1;
202300014071;155655615;A01;1;7;13;2;3;1;1;
202300014071;155655616;B01;2;7;13;2;6;21;1;
202300014072;155655612;A01;1;7;0;2;3;5;2;
202300014072;155655614;B01;2;7;0;2;3;1;1;
202300014073;155655613;A01;2;7;13;0;2;0;1;
202300014074;155655611;A01;3;7;2;0;8;26;1;
202300014075;155655607;A01;2;7;0;2;8;13;1;
202300014075;155655609;B01;1;7;0;2;8;1;1;
202300014076;155655608;A01;1;33;16;0;1;1;1;
202300014077;155655605;A01;2;7;0;2;6;16;1;
202300014077;155655610;B01;1;7;0;2;6;19;1;
202300014078;155655604;B01;3;50;0;2;0;0;3;
202300014078;155655606;A01;3;7;0;2;0;0;1;
202300014079;155655603;A01;2;33;6;0;2;3;1;
202300014080;155655598;B01;1;2;0;2;1;1;1;
202300014080;155655602;A01;2;7;0;2;1;15;1;
202300014081;155655597;A01;2;7;0;2;1;17;1;
202300014081;155655600;B01;2;7;0;2;4;15;1;
202300014082;155655595;A01;3;7;0;2;1;11;1;
202300014082;155655596;B01;3;7;0;2;1;1;1;
202300014083;155655594;A01;1;7;2;0;1;17;1;
202300014084;155655592;A01;3;7;1;0;1;26;1;
202300014085;155655591;A01;1;7;1;0;3;13;1;
202300014085;155655593;B01;1;17;0;0;7;24;1;
202300014086;155655588;A01;1;7;2;0;8;1;0;
202300014087;155655589;A01;2;7;0;2;3;13;1;
202300014087;155655590;B01;2;15;0;2;3;1;1;
202300014088;155655583;A01;2;36;6;0;1;1;1;
202300014089;155655582;B01;1;33;0;2;1;17;1;
202300014089;155655585;A01;1;7;0;2;8;15;1;
202300014090;155655579;A01;1;31;0;0;0;0;1;
202300014090;155655581;C01;2;13;0;2;0;1;1;
202300014090;155655584;B01;1;7;0;0;0;1;0;
202300014091;155655580;A01;1;7;0;1;2;1;1;
202300014092;155655576;B01;1;33;0;2;1;1;1;
202300014092;155655578;A01;2;7;0;2;7;15;1;
202300014093;155655573;A01;3;33;2;0;1;15;1;
202300014094;155655570;A01;2;33;0;0;3;1;1;
202300014094;155655574;B01;1;10;0;0;3;1;1;
202300014095;155655571;A01;1;7;2;0;3;26;1;
202300014096;155655572;A01;1;7;3;2;1;1;1;
202300014096;155655575;B01;1;10;0;2;3;26;1;
202300014097;155655568;A01;2;33;13;0;2;1;1;
202300014098;155655567;A01;1;7;0;1;3;26;1;
202300014099;155655566;A01;1;7;0;2;1;5;1;
202300014099;155655569;B01;2;13;0;2;1;1;1;
202300014100;155655563;A01;2;7;0;5;9;21;1;
202300014101;155655561;A01;1;7;0;2;1;13;6;
202300014101;155655564;B01;2;15;0;2;1;1;1;
202300014102;155655562;B01;1;13;0;2;2;2;1;
202300014102;155655565;A01;0;7;12;2;3;9;1;
202300014103;155655556;A01;0;7;3;2;1;2;1;
202300014103;155655559;B01;1;33;13;2;4;2;1;
202300014103;155655560;C01;1;10;0;2;3;2;1;
202300014104;155655554;B01;0;7;0;2;1;1;1;
202300014104;155655557;A01;0;7;0;2;8;15;1;
202300014105;155655553;A01;1;33;0;2;1;12;1;
202300014105;155655558;B01;1;7;0;2;5;1;2;
202300014106;155655552;A01;0;7;0;0;4;23;1;
202300014106;155655555;B01;0;3;0;0;1;2;1;
202300014107;155655550;A01;1;33;3;0;8;26;1;
202300014108;155655548;B01;2;10;6;2;8;1;1;
202300014108;155655551;A01;2;7;0;2;1;9;1;
202300014109;155655547;A01;3;32;12;0;1;1;1;
202300014110;155655546;A01;2;14;0;2;8;13;1;
202300014110;155655549;B01;2;7;3;2;2;1;2;
202300014111;155655541;A01;1;7;0;2;1;0;1;
202300014111;155655544;B01;2;7;0;2;1;0;1;
202300014112;155655537;A01;1;7;0;2;2;17;1;
202300014112;155655540;B01;2;7;0;2;3;1;1;
202300014112;155655545;C01;2;7;0;2;2;17;2;
202300014113;155655539;B01;1;80;0;2;1;1;3;
202300014113;155655543;A01;1;14;0;2;3;15;6;
202300014114;155655536;A01;2;1;13;0;0;1;5;
202300014115;155655534;A01;1;7;0;0;0;1;0;
202300014116;155655533;A01;1;7;0;2;1;19;1;
202300014116;155655535;B01;1;1;0;2;6;1;5;
202300014117;155655532;A01;1;7;0;1;1;1;1;
202300014118;155655531;A01;1;7;14;0;1;1;0;
202300014119;155655530;A01;1;33;0;0;0;1;1;
202300014120;155655528;A01;2;33;0;0;8;1;1;
202300014121;155655527;B01;1;1;0;0;8;2;5;
202300014121;155655529;A01;1;7;0;9;2;2;1;
202300014122;155655524;A01;1;7;0;2;8;13;1;
202300014122;155655526;B01;1;33;0;2;0;1;1;
202300014123;155655523;A01;1;33;13;0;7;16;1;
202300014124;155655521;A01;2;7;0;0;3;10;1;
202300014124;155655525;B01;2;33;0;2;1;17;1;
202300014125;155655520;A01;3;10;0;2;1;1;1;
202300014125;155655522;B01;0;2;0;2;2;19;1;
202300014126;155655517;A01;1;7;6;0;2;17;1;
202300014127;155655518;B01;2;14;0;2;4;24;1;
202300014127;155655519;A01;2;37;1;2;1;21;1;1.0
202300014128;155655516;A01;1;32;0;1;1;1;1;
202300014129;155655514;A01;1;7;3;0;1;1;1;
202300014130;155655513;A01;1;7;0;0;3;15;0;
202300014130;155655515;B01;1;33;0;2;1;17;0;
202300014131;155655509;A01;3;7;0;2;1;15;1;
202300014131;155655512;B01;2;80;0;2;2;1;3;
202300014132;155655508;A01;1;33;0;2;1;2;1;
202300014132;155655511;B01;1;7;0;0;4;2;1;
202300014133;155655506;B01;2;37;0;0;3;1;1;1.0
202300014133;155655510;A01;1;7;0;2;3;1;1;
202300014134;155655505;A01;2;7;0;0;3;1;1;
202300014134;155655507;B01;1;7;0;0;3;2;1;
202300014135;155655504;A01;3;32;0;1;3;21;1;
202300014136;155655503;A01;1;33;16;1;1;2;1;
202300014137;155655501;A01;3;7;0;9;1;1;1;
202300014137;155655502;B01;3;1;0;2;5;19;5;