Num_Acc;id_vehicule;num_veh;senc;catv;obs;obsm;choc;manv;motor;occutc
202300014138;155655498;Z01;2;7;0;2;3;10;0;
202300014138;155655500;B01;2;2;0;2;1;1;1;
202300014139;155655494;C01;2;7;0;2;6;1;1;
202300014139;155655497;A01;2;7;0;2;5;15;1;
202300014139;155655499;B01;1;7;0;2;2;1;1;
202300014140;155655493;B01;1;7;0;2;2;1;1;
202300014140;155655495;A01;1;2;13;2;4;1;1;
202300014141;155655492;B01;2;32;0;9;2;1;1;
202300014142;155655490;A01;1;7;13;0;2;1;1;
202300014143;155655488;A01;1;7;2;0;1;1;1;
202300014144;155655489;A01;2;7;0;2;2;1;0;
202300014144;155655491;B01;1;1;0;2;8;1;5;
202300014145;155655484;A01;3;7;6;0;3;2;1;
202300014146;155655485;B01;1;1;0;2;1;1;5;
202300014146;155655487;A01;1;7;0;2;2;9;3;
202300014147;155655482;B01;2;7;0;9;3;9;1;
202300014147;155655486;A01;1;1;0;2;7;0;5;
202300014148;155655481;A01;1;7;13;2;3;13;0;
202300014148;155655483;B01;2;7;16;2;3;1;0;
202300014149;155655478;A01;2;7;0;2;3;13;1;
202300014149;155655479;B01;2;7;0;2;7;1;1;
202300014150;155655475;A01;2;7;0;0;3;16;1;
202300014150;155655480;B01;1;7;0;0;3;1;0;
202300014151;155655474;A01;1;7;0;2;2;15;1;
202300014151;155655477;B01;1;7;0;2;3;1;1;
202300014152;155655473;A01;1;7;0;2;7;17;1;
202300014152;155655476;B01;1;33;0;2;0;1;1;
202300014153;155655469;A01;3;2;0;0;0;1;1;
202300014154;155655468;A01;1;33;13;0;2;0;1;
202300014154;155655471;B01;1;7;0;0;3;15;1;
202300014155;155655470;A01;1;10;0;2;1;15;1;
202300014155;155655472;B01;2;2;0;2;3;1;1;
202300014156;155655467;A01;1;31;0;0;0;1;1;
202300014157;155655466;A01;3;7;4;0;8;17;1;
202300014158;155655465;A01;1;7;0;1;2;1;1;
202300014159;155655463;A01;3;1;8;2;4;2;5;
202300014159;155655464;B01;3;1;0;2;1;2;5;
202300014160;155655460;A01;2;7;0;2;3;10;1;
202300014160;155655462;B01;2;2;0;2;1;1;1;
202300014161;155655459;B01;0;50;0;2;1;1;3;
202300014161;155655461;A01;1;7;0;0;0;1;0;
202300014162;155655456;B01;1;10;0;2;1;1;1;
202300014162;155655458;A01;2;7;0;2;7;1;1;
202300014163;155655455;A01;2;10;0;2;4;23;1;
202300014163;155655457;Z01;2;10;0;2;0;1;1;
202300014164;155655452;A01;2;7;0;2;3;9;1;
202300014164;155655453;B01;2;33;0;2;1;1;1;
202300014165;155655451;A01;2;33;0;2;1;17;1;
202300014165;155655454;B01;1;7;0;2;2;9;2;
202300014166;155655448;A01;1;7;0;2;4;1;1;
202300014166;155655450;B01;0;7;0;0;0;0;1;
202300014167;155655449;A01;1;34;0;0;0;21;1;
202300014168;155655446;A01;1;33;0;0;8;1;1;
202300014169;155655445;B01;3;31;0;2;3;0;1;
202300014169;155655447;A01;3;10;0;2;7;17;1;
202300014170;155655443;A01;3;31;4;0;0;1;1;
202300014171;155655442;A01;3;43;0;2;2;3;1;
202300014171;155655444;B01;3;7;0;2;5;13;1;
202300014172;155655438;B01;2;15;0;2;6;1;1;
202300014172;155655441;A01;2;7;0;2;5;14;1;
202300014173;155655437;A01;2;7;0;2;1;5;1;
202300014173;155655439;B01;1;7;0;2;1;1;1;
202300014174;155655436;A01;1;1;0;0;0;1;5;
202300014175;155655435;A01;1;33;2;0;1;17;1;
202300014176;155655434;A01;0;7;13;0;3;17;1;
202300014177;155655432;Y01;2;1;0;0;0;19;5;
202300014178;155655431;A01;1;7;0;0;0;0;0;
202300014179;155655430;A01;1;7;0;2;5;12;1;
202300014179;155655433;B01;1;33;0;2;3;3;1;
202300014180;155655428;A01;1;7;0;2;1;21;1;
202300014180;155655429;B01;1;7;0;2;2;19;1;
202300014181;155655427;A01;2;1;13;0;0;1;5;
202300014182;155655424;A01;1;50;0;2;1;13;3;
202300014182;155655426;B01;2;1;0;2;1;1;5;
202300014183;155655423;A01;1;7;0;2;2;18;1;
202300014183;155655425;B01;1;7;0;2;6;1;1;
202300014184;155655420;B01;2;10;0;2;2;11;1;
202300014184;155655422;A01;1;7;0;2;1;16;1;
202300014185;155655419;A01;1;1;0;2;1;13;5;
202300014185;155655421;B01;2;7;0;9;3;1;2;
202300014186;155655414;A01;2;33;0;0;1;1;1;
202300014187;155655417;A01;1;10;0;2;2;15;1;
202300014187;155655418;B01;3;33;0;2;6;1;1;
202300014188;155655412;A01;1;7;0;2;1;9;1;
202300014188;155655415;B01;1;7;0;2;4;9;1;
202300014189;155655406;B01;1;33;0;2;7;17;1;
202300014189;155655408;C01;2;17;0;0;4;23;1;
202300014189;155655411;D01;2;7;0;2;9;23;1;
202300014189;155655413;E01;2;99;0;2;1;2;1;
202300014189;155655416;A01;1;21;0;2;8;15;1;
202300014190;155655407;A01;1;50;0;2;2;1;3;
202300014190;155655409;B01;3;7;0;2;1;1;2;
202300014191;155655403;A01;1;7;0;2;1;17;1;
202300014191;155655405;B01;2;32;0;2;1;1;1;
202300014192;155655402;A01;2;7;0;2;1;1;1;
202300014192;155655404;B01;2;7;0;2;4;1;1;
202300014193;155655397;A01;1;7;0;2;1;9;3;
202300014193;155655399;B01;1;7;1;0;8;1;1;
202300014193;155655401;C01;1;7;0;0;3;23;1;
202300014194;155655400;A01;1;10;0;1;3;16;1;
202300014195;155655395;Z01;1;7;3;2;1;2;1;
202300014195;155655396;A01;1;7;3;2;4;1;1;
202300014196;155655391;B01;2;7;0;2;1;26;1;
202300014196;155655392;A01;1;7;0;2;1;0;1;
202300014197;155655389;A01;2;7;0;1;2;1;1;
202300014198;155655386;C01;1;7;0;2;0;0;1;
202300014198;155655388;A01;1;7;0;2;1;2;1;
202300014198;155655390;B01;1;7;0;2;4;1;1;
202300014199;155655384;A01;3;33;13;2;7;17;1;
202300014199;155655385;B01;3;7;0;2;8;1;1;
202300014200;155655379;B01;1;7;0;0;4;2;1;
202300014200;155655382;A01;1;7;0;2;1;2;1;
202300014201;155655380;A01;2;1;0;2;1;15;5;
202300014201;155655383;Z01;1;1;0;2;1;1;5;
202300014202;155655378;A01;2;7;0;2;1;2;1;
202300014202;155655381;B01;2;7;0;2;4;2;1;
202300014203;155655376;A01;1;35;0;2;2;15;1;
202300014203;155655377;B01;2;7;0;2;1;1;1;
202300014204;155655374;A01;2;33;0;0;8;21;1;
202300014205;155655373;A01;1;1;0;1;1;1;5;
202300014206;155655371;A01;1;7;0;2;2;2;1;
202300014206;155655375;B01;1;7;0;2;6;2;1;
202300014207;155655370;A01;1;7;0;2;4;23;1;
202300014207;155655372;B01;1;1;0;2;1;2;5;
202300014208;155655366;A01;2;33;0;0;0;1;1;
202300014209;155655368;A01;1;33;0;0;0;21;1;
202300014210;155655364;A01;2;7;0;2;6;11;1;
202300014210;155655367;B01;2;33;0;2;2;3;1;
202300014210;155655369;C01;2;7;0;2;8;1;1;
202300014211;155655365;A01;2;7;0;1;1;9;1;
202300014212;155655363;A01;2;7;4;0;1;1;1;
202300014213;155655362;A01;1;33;7;0;1;6;1;
202300014214;155655360;A01;2;10;13;0;1;15;1;
202300014215;155655357;A01;1;7;2;0;8;1;1;
202300014216;155655359;A01;1;7;0;2;2;1;1;
202300014216;155655361;B01;1;2;0;0;8;13;1;
202300014217;155655358;A01;2;34;0;0;8;26;1;
202300014218;155655355;A01;2;33;13;0;1;13;1;
202300014219;155655353;A01;2;7;4;0;8;13;1;
202300014220;155655352;A01;3;2;0;2;1;1;1;
202300014220;155655356;B01;3;7;0;2;3;16;1;
202300014221;155655351;A01;1;34;1;2;2;26;1;
202300014221;155655354;B01;2;7;1;2;2;1;1;
202300014222;155655347;A01;2;15;0;2;1;2;1;
202300014222;155655349;B01;2;14;0;0;4;2;1;
202300014223;155655345;A01;2;16;0;0;8;15;1;
202300014223;155655348;B01;2;2;0;2;1;17;1;
202300014224;155655344;B01;0;7;0;2;1;1;1;
202300014224;155655350;A01;1;7;0;2;6;19;1;
202300014225;155655343;A01;1;32;0;2;1;7;1;
202300014225;155655346;B01;3;7;0;2;5;16;1;
202300014226;155655335;A01;1;7;0;2;4;2;1;
202300014226;155655340;B01;1;3;0;2;9;2;1;
202300014226;155655342;C01;1;7;0;2;1;2;1;
202300014227;155655338;A01;1;33;14;0;1;6;1;
202300014228;155655333;B01;2;7;0;2;4;1;1;
202300014228;155655336;C01;2;7;0;2;5;23;1;
202300014228;155655341;A01;2;7;0;2;1;12;1;
202300014229;155655331;D01;2;1;0;2;4;1;5;
202300014229;155655332;E01;2;1;0;2;4;1;5;
202300014229;155655334;A01;2;7;1;9;1;1;1;
202300014229;155655337;B01;2;1;0;2;4;1;5;
202300014229;155655339;C01;2;1;0;2;4;1;5;
202300014230;155655330;A01;3;7;2;0;2;0;1;
202300014231;155655328;A01;3;7;0;1;4;20;0;
202300014232;155655327;A01;1;7;0;2;2;2;1;
202300014232;155655329;B01;1;14;0;2;6;1;1;
202300014233;155655325;A01;2;80;0;0;0;0;3;
202300014234;155655324;A01;2;7;0;2;3;13;1;
202300014234;155655326;B01;1;34;0;2;1;1;1;
202300014235;155655323;A01;1;32;0;0;0;26;1;
202300014236;155655321;B01;2;33;0;2;1;1;1;
202300014236;155655322;A01;2;7;0;2;5;12;1;
202300014237;155655320;A01;2;7;0;1;1;1;1;
202300014238;155655317;A01;2;33;0;2;1;17;1;
202300014238;155655318;B01;2;7;0;2;8;19;1;
202300014239;155655316;A01;2;7;2;2;1;2;1;
202300014239;155655319;B01;2;7;0;2;4;2;1;
202300014240;155655314;A01;1;7;13;0;2;1;1;
202300014241;155655311;B01;1;7;1;2;2;11;1;
202300014241;155655313;C01;1;13;1;0;1;2;1;
202300014241;155655315;A01;1;7;3;2;1;23;1;
202300014242;155655308;A01;2;7;0;2;5;15;1;
202300014242;155655310;B01;1;33;0;2;1;1;1;
202300014243;155655307;B01;0;7;0;2;6;9;0;
202300014243;155655312;A01;0;7;0;2;1;9;0;
202300014244;155655306;B01;1;7;0;2;5;15;1;
202300014244;155655309;A01;2;33;0;2;1;1;1;
202300014245;155655304;B01;2;30;0;2;1;17;1;
202300014245;155655305;A01;2;7;0;2;8;10;1;
202300014246;155655303;A01;2;7;4;0;0;0;1;
202300014247;155655300;B01;1;7;0;2;1;1;1;
202300014247;155655302;A01;2;7;0;2;3;9;1;
202300014248;155655299;B01;0;33;0;2;1;17;1;
202300014248;155655301;A01;0;7;0;2;8;10;1;
202300014249;155655296;B01;3;7;0;2;8;2;1;
202300014249;155655298;A01;3;10;6;0;0;2;1;
202300014250;155655293;A01;1;7;0;2;4;1;1;
202300014250;155655295;B01;1;7;0;2;1;1;1;
202300014250;155655297;C01;1;10;0;2;1;1;1;
202300014251;155655291;A01;1;10;6;0;8;1;1;
202300014252;155655290;A01;3;7;0;2;8;15;1;
202300014252;155655294;B01;3;33;0;2;2;17;1;
202300014253;155655289;A01;0;7;0;2;3;1;1;
202300014253;155655292;B01;1;60;0;2;1;19;5;
202300014254;155655288;A01;1;7;4;0;3;1;1;
202300014255;155655284;A01;1;1;0;2;1;1;5;
202300014255;155655287;B01;2;1;0;0;4;5;5;
202300014256;155655282;A01;1;15;3;2;1;13;1;
202300014256;155655286;B01;2;7;3;0;1;1;1;
202300014257;155655281;A01;2;33;0;2;1;1;1;
202300014257;155655285;B01;2;33;0;2;5;0;1;
202300014258;155655276;A01;2;7;0;0;8;15;1;
202300014258;155655278;B01;1;33;0;2;1;3;1;
202300014259;155655280;B01;1;7;0;2;3;2;1;
202300014259;155655283;A01;1;30;0;2;1;15;1;
202300014260;155655275;A01;1;32;0;2;1;2;1;
202300014260;155655277;B01;1;10;0;2;5;2;1;
202300014261;155655274;A01;0;1;0;2;1;15;5;
202300014261;155655279;B01;0;32;0;2;1;17;1;
202300014262;155655270;B01;0;1;0;2;1;1;5;
202300014262;155655273;A01;0;32;0;2;0;1;1;
202300014263;155655268;A01;2;7;0;2;1;2;1;
202300014263;155655272;B01;2;10;0;2;4;2;1;
202300014264;155655269;B01;1;33;0;2;1;21;1;
202300014264;155655271;A01;1;7;0;0;6;11;0;
202300014265;155655266;B01;1;31;0;2;8;19;1;
202300014265;155655267;A01;2;7;0;2;1;1;1;
202300014266;155655264;A01;2;33;3;0;0;0;1;
202300014267;155655263;A01;0;33;0;1;1;26;0;
202300014268;155655262;B01;3;1;0;2;3;15;5;
202300014268;155655265;A01;3;7;0;2;2;1;1;
202300014269;155655260;A01;2;17;0;0;0;0;1;
202300014270;155655259;B01;3;7;0;2;1;15;1;
202300014270;155655261;A01;2;10;0;2;1;1;1;
202300014271;155655257;A01;2;31;0;1;1;17;1;
202300014272;155655255;A01;2;7;4;0;1;13;1;
202300014273;155655254;A01;1;10;0;1;1;1;1;
202300014274;155655253;A01;2;7;0;0;4;0;1;
202300014274;155655256;B01;2;10;0;0;4;0;1;
202300014274;155655258;C01;2;14;0;2;1;0;1;
202300014275;155655252;A01;3;7;0;2;1;21;3;
202300014276;155655250;A01;1;7;0;2;1;1;1;
202300014276;155655251;B01;1;7;0;2;4;1;1;
202300014277;155655246;B01;3;1;0;2;8;9;5;
202300014278;155655247;B01;2;34;0;2;2;15;1;
202300014278;155655249;A01;1;7;0;2;3;1;3;
202300014279;155655243;A01;3;7;0;2;7;19;1;
202300014279;155655248;B01;3;34;0;0;3;1;1;
202300014280;155655244;A01;2;10;0;2;1;1;1;
202300014280;155655245;B01;2;7;0;2;4;1;1;
202300014281;155655238;A01;1;33;0;0;8;3;1;
202300014282;155655237;A01;1;10;0;0;0;0;-1;
202300014282;155655241;B01;1;1;0;0;0;26;5;
202300014283;155655240;B01;2;7;0;0;2;2;1;
202300014283;155655242;A01;0;1;0;2;0;0;5;
202300014284;155655236;B01;1;7;0;2;8;2;1;
202300014284;155655239;A01;1;15;0;2;2;17;1;
202300014285;155655232;A01;1;10;0;2;1;1;1;
202300014285;155655235;B01;1;31;0;2;4;1;1;
202300014286;155655229;B01;1;2;0;2;1;1;1;
202300014286;155655234;A01;2;7;0;2;2;19;1;
202300014287;155655230;A01;1;7;0;2;7;15;1;
202300014287;155655233;B01;2;32;0;2;1;1;1;
202300014288;155655226;A01;0;30;0;0;0;7;1;
202300014289;155655227;A01;1;31;0;0;0;26;1;
202300014290;155655224;A01;1;7;0;2;1;0;1;
202300014290;155655231;B01;2;31;0;2;8;25;1;
202300014291;155655225;A01;1;33;0;0;7;3;1;
202300014291;155655228;Z01;1;7;0;2;8;1;1;
202300014292;155655222;A01;1;7;2;0;1;1;1;
202300014293;155655223;A01;3;32;0;2;0;1;1;
202300014294;155655219;A01;0;7;0;2;2;2;1;
202300014294;155655221;B01;0;32;0;2;6;2;1;
202300014295;155655218;A01;2;33;4;2;1;3;1;
202300014295;155655220;B01;2;7;4;2;8;1;1;
202300014296;155655216;A01;1;7;0;2;4;0;0;
202300014296;155655217;B01;2;31;0;2;4;23;0;
202300014297;155655215;A01;2;33;0;0;9;1;1;
202300014298;155655212;A01;1;2;0;2;1;9;1;
202300014298;155655213;B01;2;2;0;0;0;21;1;
202300014299;155655211;B01;1;32;0;2;7;3;1;
202300014299;155655214;A01;2;7;0;2;7;12;1;
202300014300;155655210;A01;2;7;4;0;3;0;1;
202300014301;155655207;A01;2;7;0;2;1;19;1;
202300014301;155655208;B01;0;7;0;2;3;2;1;
202300014302;155655200;A01;1;7;0;2;2;15;1;
202300014302;155655204;B01;2;32;0;2;1;1;1;
202300014303;155655201;A01;3;7;8;0;7;16;1;
202300014304;155655199;A01;2;7;0;2;3;11;1;
202300014304;155655203;C01;2;7;0;2;7;1;1;
202300014304;155655206;B01;2;33;0;2;7;3;1;
202300014305;155655198;D01;2;7;0;9;7;1;1;
202300014305;155655202;C01;2;7;0;9;8;1;1;
202300014305;155655205;A01;2;7;0;2;1;2;1;
202300014305;155655209;B01;2;15;0;0;0;2;1;
202300014306;155655196;A01;1;7;0;1;1;1;1;
202300014307;155655194;A01;1;7;0;2;3;23;1;
202300014307;155655197;B01;1;7;16;2;6;2;1;
202300014308;155655192;A01;1;33;0;2;1;1;1;
202300014308;155655195;B01;1;7;0;2;3;13;1;
202300014309;155655190;A01;1;7;3;0;1;1;1;
202300014310;155655193;A01;1;7;0;2;7;1;1;
202300014311;155655188;B01;2;7;0;2;8;15;0;
202300014311;155655191;A01;2;31;0;2;5;3;1;
202300014312;155655185;A01;2;7;0;2;2;0;1;
202300014312;155655189;B01;1;7;0;2;1;1;1;
202300014313;155655183;A01;1;33;6;0;2;2;1;
202300014314;155655184;A01;1;7;3;0;1;1;1;
202300014315;155655186;A01;3;10;0;2;6;4;1;
202300014315;155655187;B01;3;1;0;2;1;1;5;
202300014316;155655180;A01;2;7;2;0;1;1;1;
202300014317;155655182;A01;3;3;0;1;1;11;1;
202300014318;155655179;A01;2;7;0;2;1;26;1;
202300014318;155655181;B01;2;7;0;2;4;26;1;
202300014319;155655178;A01;3;30;0;1;1;1;3;
202300014320;155655174;B01;3;33;0;2;1;1;1;
202300014320;155655177;A01;3;10;0;2;7;15;1;
202300014321;155655172;A01;2;7;0;0;3;1;1;
202300014321;155655176;B01;1;7;0;0;2;1;1;
202300014322;155655173;A01;1;7;0;2;7;12;1;
202300014322;155655175;B01;1;31;0;2;8;3;1;
202300014323;155655170;A01;1;10;0;2;1;2;1;
202300014323;155655171;B01;1;7;0;2;4;2;3;
202300014324;155655169;A01;1;7;0;1;1;15;1;
202300014325;155655165;A01;1;7;13;0;1;21;1;
202300014326;155655164;A01;1;30;0;1;1;1;0;
202300014327;155655161;B01;1;7;0;2;0;1;1;
202300014327;155655167;A01;1;10;0;2;2;10;1;
202300014328;155655160;A01;1;7;0;2;1;2;1;
202300014328;155655163;B01;1;7;0;2;4;2;1;
202300014328;155655166;C01;1;7;0;2;4;2;1;
202300014328;155655168;D01;1;15;0;2;8;1;1;
202300014329;155655159;A01;2;7;0;2;3;15;1;
202300014329;155655162;B01;1;50;0;2;1;1;3;
202300014330;155655158;A01;1;50;0;0;8;1;3;
202300014331;155655157;A01;3;7;0;0;0;0;1;
202300014332;155655156;A01;1;33;0;0;7;1;1;
202300014333;155655155;A01;1;7;6;0;1;14;1;
202300014334;155655154;A01;1;1;14;0;0;1;5;
202300014335;155655148;A01;2;7;0;1;3;15;1;
202300014336;155655150;B01;2;7;0;2;4;2;1;
202300014336;155655153;A01;2;7;0;2;1;2;1;
202300014337;155655149;A01;1;31;0;0;7;14;1;
202300014338;155655146;A01;1;7;0;2;3;2;3;
202300014338;155655152;B01;1;37;0;2;5;1;1;3.0
202300014339;155655147;A01;2;33;0;2;1;1;1;
202300014339;155655151;B01;2;7;0;0;3;15;1;
202300014340;155655142;A01;3;80;0;2;1;1;3;
202300014340;155655145;B01;3;7;0;2;4;1;1;
202300014341;155655140;B01;3;7;6;0;6;1;1;
202300014341;155655144;A01;3;30;1;0;1;1;1;
202300014342;155655139;A01;1;7;0;2;1;1;1;
202300014342;155655143;B01;1;7;0;2;1;9;1;
202300014343;155655138;A01;2;33;0;2;2;1;1;
202300014343;155655141;B01;1;10;0;0;5;15;1;
202300014344;155655137;A01;1;37;8;0;3;16;1;1.0
202300014345;155655135;A01;1;7;6;0;1;14;1;
202300014346;155655132;A01;2;7;0;2;1;13;1;
202300014346;155655136;B01;1;7;0;2;1;1;2;
202300014347;155655131;A01;1;33;0;2;1;17;1;
202300014347;155655133;B01;1;21;0;2;3;15;1;
202300014348;155655130;A01;1;33;0;1;0;3;1;
202300014349;155655134;A01;3;7;0;1;3;15;3;
202300014350;155655126;A01;2;7;0;2;3;9;1;
202300014350;155655128;B01;2;7;0;2;2;1;2;
202300014351;155655127;A01;1;7;0;2;3;23;1;
202300014351;155655129;B01;3;7;0;2;2;0;1;
202300014352;155655123;A01;1;2;0;2;7;15;1;
202300014352;155655125;B01;2;7;0;2;1;1;1;
202300014353;155655120;A01;1;2;0;1;0;1;1;
202300014354;155655121;B01;1;10;0;2;1;2;1;
202300014354;155655124;A01;1;10;0;2;3;1;1;
202300014355;155655119;A01;2;7;13;0;7;14;0;
202300014356;155655117;B01;2;1;0;2;7;1;5;
202300014356;155655122;A01;2;7;0;2;2;1;1;
202300014357;155655116;A01;3;7;0;2;1;1;1;
202300014357;155655118;B01;3;33;0;2;4;3;1;
202300014358;155655115;A01;1;38;0;1;3;17;1;1.0
202300014359;155655113;A01;1;37;0;1;1;1;1;1.0
202300014360;155655112;B01;1;2;0;2;3;15;1;
202300014360;155655114;A01;1;7;0;2;2;17;1;
202300014361;155655110;A01;1;10;0;1;1;1;1;
202300014362;155655109;A01;1;7;0;1;0;15;1;
202300014363;155655108;A01;3;7;0;2;2;15;0;
202300014363;155655111;B01;3;10;0;2;1;0;0;
202300014364;155655107;A01;2;7;2;0;2;1;1;
202300014365;155655106;A01;1;7;0;1;4;4;1;
202300014366;155655103;A01;2;33;8;0;1;19;1;
202300014367;155655104;A01;2;7;0;1;2;1;1;
202300014368;155655101;A01;0;7;0;1;1;15;1;
202300014369;155655100;B01;3;7;0;2;4;2;1;
202300014369;155655102;A01;0;30;0;2;1;2;1;
202300014370;155655099;A01;2;7;0;2;1;15;1;
202300014370;155655105;B01;1;33;0;2;2;1;1;
202300014371;155655096;A01;1;34;0;1;0;1;1;
202300014372;155655094;A01;1;7;0;2;8;26;2;
202300014372;155655097;B01;1;7;0;2;2;1;1;
202300014373;155655092;A01;1;1;0;2;7;25;5;
202300014374;155655093;A01;0;7;0;1;1;1;1;
202300014375;155655091;A01;3;2;0;2;1;1;1;
202300014375;155655095;B01;3;7;0;2;7;1;1;
202300014376;155655086;Z01;1;10;0;0;0;0;0;
202300014376;155655089;B01;1;7;0;2;1;2;1;
202300014376;155655090;C01;1;7;0;2;4;2;1;
202300014377;155655085;A01;1;7;0;2;1;1;1;
202300014377;155655088;B01;1;7;0;2;1;13;1;
202300014378;155655083;A01;1;7;0;2;0;0;1;
202300014378;155655087;B01;1;7;0;2;1;1;1;
202300014379;155655082;A01;3;1;0;0;9;1;5;
202300014380;155655080;B01;3;7;0;2;3;9;1;
202300014380;155655084;A01;2;7;0;2;2;7;1;
202300014381;155655079;B01;1;1;0;2;0;1;5;
202300014381;155655081;A01;1;7;0;2;2;12;1;
202300014382;155655078;A01;3;7;0;1;3;12;1;
202300014383;155655077;A01;3;7;15;0;1;2;1;
202300014384;155655073;A01;2;7;0;1;1;1;1;
202300014385;155655071;A01;1;30;0;2;1;1;1;
202300014385;155655074;B01;1;7;0;2;7;15;1;
202300014386;155655069;B01;2;7;1;2;4;1;1;
202300014386;155655075;A01;2;7;0;2;1;1;1;
202300014387;155655068;A01;1;30;1;1;1;21;3;
202300014388;155655070;A01;1;7;0;2;2;16;1;
202300014388;155655076;B01;1;7;0;2;3;1;1;
202300014389;155655067;A01;3;7;8;2;1;1;1;
202300014389;155655072;B01;3;7;0;2;0;0;0;
202300014390;155655066;A01;2;33;0;1;1;1;1;
202300014391;155655063;A01;1;7;2;0;1;19;1;
202300014392;155655062;A01;2;1;0;0;0;10;5;
202300014393;155655061;A01;1;7;0;2;2;9;1;
202300014393;155655064;B01;1;33;0;2;3;1;1;
202300014394;155655056;B01;1;3;0;2;4;13;1;
202300014394;155655060;A01;1;7;0;2;0;16;1;
202300014394;155655065;C01;1;7;0;2;1;1;1;
202300014395;155655055;A01;1;10;0;2;1;2;1;
202300014395;155655057;B01;1;7;0;2;4;0;1;
202300014396;155655059;A01;2;7;0;0;2;1;1;
202300014397;155655053;A01;2;7;0;2;3;13;1;
202300014397;155655054;B01;1;37;0;2;3;1;1;1.0
202300014398;155655046;B01;2;7;0;2;6;1;1;
202300014398;155655050;A01;1;43;0;2;3;21;1;
202300014399;155655048;A01;3;7;0;2;1;2;1;
202300014399;155655051;B01;3;1;0;2;8;2;5;
202300014400;155655045;A01;1;31;0;2;1;2;1;
202300014400;155655049;B01;1;7;0;2;4;2;1;
202300014401;155655043;B01;1;7;0;2;4;1;1;
202300014401;155655044;A01;1;7;0;2;1;1;1;
202300014402;155655040;A01;1;10;0;2;1;15;1;
202300014402;155655047;B01;2;7;0;2;3;1;1;
202300014403;155655038;A01;1;33;0;2;1;2;1;
202300014403;155655041;B01;1;7;0;2;4;2;3;
202300014404;155655036;A01;1;10;0;2;2;15;1;
202300014404;155655042;B01;2;33;0;2;8;2;1;
202300014405;155655037;A01;1;15;0;2;7;17;1;
202300014405;155655039;B01;1;1;0;2;8;1;5;
202300014406;155655034;A01;3;7;0;2;0;0;1;
202300014406;155655035;B01;3;1;0;2;0;19;5;
202300014407;155655031;A01;2;30;0;0;0;16;3;
202300014408;155655024;A01;0;7;0;2;2;26;0;
202300014408;155655027;B01;3;7;0;2;3;11;0;
202300014409;155655025;A01;2;43;0;2;3;17;1;
202300014409;155655029;B01;1;7;0;2;8;1;1;
202300014409;155655033;C01;2;7;0;2;3;1;1;
202300014410;155655028;A01;2;33;0;2;7;3;1;
202300014410;155655032;B01;2;10;0;2;3;23;1;
202300014411;155655022;B01;2;1;0;2;1;1;5;
202300014411;155655023;A01;1;80;0;2;1;1;3;
202300014412;155655026;B01;2;7;0;2;3;15;0;
202300014412;155655030;A01;2;33;0;2;2;17;0;
202300014413;155655020;A01;1;33;0;2;1;21;1;
202300014413;155655021;B01;3;80;0;2;0;13;3;
202300014414;155655016;B01;1;2;0;2;7;2;1;
202300014414;155655019;A01;1;7;0;2;3;9;1;
202300014415;155655018;A01;2;1;13;0;0;13;5;
202300014416;155655017;A01;1;33;13;0;1;1;1;
202300014417;155655015;A01;2;33;0;0;0;0;0;
202300014418;155655009;A01;0;7;0;2;1;1;1;
202300014418;155655012;B01;0;2;0;2;7;1;1;
202300014419;155655010;A01;3;7;0;2;1;1;1;
202300014419;155655013;B01;3;7;0;2;1;23;1;
202300014419;155655014;C01;3;7;0;2;4;23;1;
202300014420;155655008;A01;0;7;0;1;2;0;1;
202300014421;155655006;B01;0;30;0;2;0;0;-1;
202300014421;155655011;A01;2;30;0;2;1;2;1;
202300014422;155655004;B01;1;7;0;2;4;2;1;
202300014422;155655007;A01;1;33;0;2;1;2;1;
202300014423;155655003;B01;1;7;0;2;0;1;1;
202300014423;155655005;A01;1;7;0;2;3;1;1;
202300014424;155655002;A01;1;7;0;1;2;1;2;
202300014425;155654994;B01;3;30;0;2;7;5;1;
202300014425;155654997;A01;3;7;0;2;1;9;1;
202300014426;155654995;A01;1;7;0;2;1;13;1;
202300014426;155654999;B01;2;37;0;2;5;21;3;1.0
202300014427;155654996;B01;1;33;13;2;7;1;1;
202300014427;155655000;A01;2;7;0;2;1;9;1;
202300014428;155654993;A01;2;7;0;2;2;19;1;
202300014428;155655001;B01;1;2;0;2;1;19;1;
202300014429;155654992;A01;1;7;0;2;1;13;1;
202300014429;155654998;B01;2;7;0;2;1;1;1;
202300014430;155654989;A01;2;1;12;0;1;1;5;
202300014431;155654991;A01;1;7;0;1;1;15;1;
202300014432;155654983;A01;2;2;15;0;7;15;1;
202300014433;155654986;C01;1;10;14;2;1;2;1;
202300014433;155654988;A01;1;7;14;2;1;17;1;
202300014433;155654990;B01;1;7;14;2;1;5;1;
202300014434;155654981;A01;1;7;0;2;3;20;1;
202300014434;155654982;B01;1;10;0;2;7;2;1;
202300014434;155654984;C01;1;1;1;0;1;2;5;
202300014435;155654979;A01;2;7;0;1;3;1;1;
202300014436;155654980;B01;3;1;0;2;7;1;5;
202300014436;155654987;A01;3;7;0;2;1;9;1;
202300014437;155654975;A01;3;7;0;2;5;15;2;
202300014437;155654978;B01;3;7;0;2;2;1;1;
202300014438;155654974;A01;1;7;0;2;1;13;1;