Num_Acc;id_vehicule;num_veh;senc;catv;obs;obsm;choc;manv;motor;occutc
202300014438;155654976;B01;1;10;0;2;1;1;1;
202300014439;155654970;A01;2;7;0;1;1;1;1;
202300014440;155654969;A01;1;7;0;1;3;17;1;
202300014441;155654972;B01;0;7;0;2;1;21;1;
202300014441;155654977;A01;1;33;0;2;8;9;1;
202300014442;155654968;A01;1;10;0;2;1;1;0;
202300014442;155654971;B01;1;1;0;2;2;19;5;
202300014443;155654967;A01;1;7;0;0;2;1;1;
202300014444;155654966;A01;2;7;4;0;1;26;1;
202300014445;155654965;A01;0;7;1;0;1;1;1;
202300014446;155654961;A01;2;7;2;0;2;0;1;
202300014447;155654959;A01;3;7;0;2;1;15;1;
202300014447;155654963;B01;1;10;0;2;8;1;1;
202300014448;155654962;A01;3;3;13;0;1;0;1;
202300014449;155654958;A01;1;7;0;2;8;13;1;
202300014449;155654960;B01;2;32;0;2;8;1;1;
202300014450;155654957;A01;3;10;0;2;7;1;1;
202300014450;155654964;B01;3;7;0;2;2;1;1;
202300014451;155654956;A01;1;33;16;0;8;14;1;
202300014452;155654951;A01;3;10;0;0;0;22;1;
202300014452;155654953;B01;3;1;0;0;0;1;5;
202300014453;155654950;A01;2;7;2;0;4;1;1;
202300014454;155654954;A01;2;10;4;0;2;14;1;
202300014455;155654947;A01;1;33;10;0;1;17;1;
202300014456;155654944;A01;3;15;0;0;0;1;1;
202300014456;155654948;B01;3;1;0;0;0;1;5;
202300014457;155654945;A01;1;7;0;2;1;2;1;
202300014457;155654949;B01;1;7;0;2;4;1;1;
202300014458;155654941;A01;2;10;1;0;1;2;1;
202300014459;155654940;A01;1;7;3;0;1;1;1;
202300014460;155654939;A01;2;7;0;2;1;3;1;
202300014460;155654943;B01;2;7;0;2;2;1;1;
202300014460;155654946;C01;2;7;0;2;4;1;1;
202300014460;155654952;D01;2;7;0;2;4;1;1;
202300014460;155654955;E01;2;7;0;2;4;1;1;
202300014461;155654942;A01;1;7;8;0;1;0;1;
202300014462;155654938;A01;2;33;13;0;1;0;1;
202300014463;155654934;A01;1;7;0;1;2;1;1;
202300014464;155654933;B01;1;60;0;2;0;1;5;
202300014464;155654935;A01;2;7;0;2;0;20;1;
202300014465;155654931;B01;3;7;0;2;2;15;1;
202300014465;155654936;A01;1;7;0;2;7;1;1;
202300014466;155654932;A01;1;3;0;2;6;24;1;
202300014466;155654937;B01;1;3;0;2;5;1;1;
202300014467;155654927;A01;1;7;0;2;2;10;1;
202300014467;155654930;B01;2;33;0;2;1;1;1;
202300014468;155654929;A01;3;7;0;1;1;0;0;
202300014469;155654925;A01;1;15;0;1;2;1;1;
202300014470;155654923;A01;2;7;0;2;2;5;1;
202300014470;155654926;B01;1;7;0;2;2;1;1;
202300014471;155654922;B01;1;7;0;2;1;1;1;
202300014471;155654924;A01;2;7;0;2;1;13;1;
202300014471;155654928;C01;1;7;0;2;1;1;1;
202300014472;155654919;A01;1;7;0;2;6;23;2;
202300014472;155654921;B01;1;2;0;2;1;12;1;
202300014473;155654916;A01;1;34;0;2;7;17;1;
202300014473;155654917;B01;1;10;0;2;3;1;0;
202300014474;155654920;A01;2;7;6;0;1;13;1;
202300014475;155654915;A01;1;7;0;2;3;15;1;
202300014475;155654918;B01;1;33;0;2;1;17;1;
202300014476;155654914;A01;3;7;0;1;2;1;0;
202300014477;155654911;A01;2;7;0;2;1;19;1;
202300014477;155654913;B01;2;7;0;2;3;19;1;
202300014478;155654907;B01;3;30;0;2;7;1;1;
202300014478;155654909;A01;3;7;0;2;8;16;1;
202300014479;155654906;A01;1;7;0;0;0;9;1;
202300014479;155654910;B01;1;7;13;0;3;1;1;
202300014480;155654904;A01;1;7;15;0;2;1;1;
202300014481;155654905;A01;2;7;16;1;3;2;0;
202300014482;155654908;A01;1;33;8;0;2;9;1;
202300014483;155654901;B01;1;7;0;9;1;1;1;
202300014483;155654902;A01;3;50;0;2;1;26;3;
202300014483;155654903;C01;1;32;0;2;1;1;1;
202300014484;155654900;A01;2;7;0;1;2;1;1;
202300014485;155654899;A01;1;7;0;1;2;1;1;
202300014486;155654896;A01;1;7;13;0;1;1;1;
202300014487;155654893;B01;3;7;0;2;3;1;1;
202300014487;155654897;A01;3;7;0;2;3;13;1;
202300014488;155654895;A01;1;7;0;2;3;1;1;
202300014488;155654898;B01;1;38;0;0;3;1;1;1.0
202300014489;155654892;A01;1;7;0;2;1;13;1;
202300014489;155654894;B01;2;7;3;2;1;1;1;
202300014490;155654891;A01;0;7;0;1;2;1;2;
202300014491;155654890;A01;1;32;0;0;0;0;1;
202300014492;155654884;A01;1;7;0;1;2;16;1;
202300014493;155654885;A01;3;7;9;0;3;19;1;
202300014493;155654889;B01;3;7;9;0;2;21;1;
202300014494;155654883;B01;1;7;0;2;4;1;1;
202300014494;155654887;A01;1;7;0;2;1;1;1;
202300014495;155654886;B01;1;7;0;2;3;1;1;
202300014495;155654888;A01;2;7;0;2;1;15;1;
202300014496;155654882;A01;3;33;0;0;0;1;1;
202300014497;155654880;A01;3;7;0;0;4;23;3;
202300014497;155654881;B01;3;33;0;2;1;1;1;
202300014498;155654876;A01;2;33;0;1;1;1;1;
202300014499;155654875;A01;1;1;0;2;1;13;5;
202300014499;155654879;B01;2;10;0;2;1;1;1;
202300014500;155654877;A01;3;10;0;1;2;15;1;
202300014501;155654874;A01;1;7;0;2;2;1;1;
202300014501;155654878;B01;1;2;0;2;4;1;1;
202300014502;155654873;A01;1;7;4;0;2;1;1;
202300014503;155654870;A01;1;7;0;1;2;1;1;
202300014504;155654869;A01;2;33;0;0;0;9;1;
202300014505;155654868;A01;2;7;0;0;5;15;1;
202300014505;155654872;B01;2;33;0;2;1;0;1;
202300014506;155654867;A01;1;33;1;2;2;17;1;
202300014506;155654871;B01;1;7;0;2;3;15;1;
202300014507;155654862;A01;1;10;0;2;1;2;1;
202300014507;155654865;B01;1;7;0;2;4;2;1;
202300014508;155654859;C01;2;33;0;2;1;1;1;
202300014508;155654864;A01;1;7;3;2;2;13;1;
202300014509;155654863;B01;1;7;0;2;3;1;1;
202300014509;155654866;A01;1;7;0;2;2;15;1;
202300014510;155654858;B01;3;7;0;2;1;1;1;
202300014510;155654860;A01;2;7;0;2;3;9;1;
202300014511;155654855;A01;3;10;0;1;4;4;1;
202300014512;155654854;A01;1;33;0;0;1;0;1;
202300014513;155654851;A01;2;7;8;0;1;14;1;
202300014514;155654853;A01;0;2;8;0;0;21;1;
202300014514;155654856;B01;0;7;0;2;3;13;1;
202300014515;155654850;B01;1;33;0;0;2;1;1;
202300014515;155654852;A01;1;7;0;0;1;9;1;
202300014516;155654847;A01;2;7;4;0;3;13;1;
202300014517;155654846;A01;3;10;10;0;9;1;0;
202300014518;155654844;B01;1;7;12;2;8;1;1;
202300014518;155654845;Z01;1;7;0;2;3;16;0;
202300014519;155654840;A01;0;10;0;0;1;0;1;
202300014519;155654842;B01;0;99;0;0;0;0;5;
202300014520;155654841;A01;2;7;0;2;1;1;1;
202300014520;155654843;B01;1;7;0;0;3;1;1;
202300014521;155654838;A01;1;7;0;2;1;19;1;
202300014521;155654839;B01;2;7;0;2;1;1;1;
202300014522;155654836;A01;1;7;2;0;1;13;1;
202300014523;155654835;A01;1;33;13;0;1;1;1;
202300014524;155654837;A01;3;7;0;2;2;21;1;
202300014524;155654849;B01;3;50;0;2;1;0;3;
202300014525;155654834;A01;2;7;0;2;7;1;1;
202300014525;155654848;B01;1;7;2;2;2;13;1;
202300014526;155654833;A01;1;31;7;0;0;1;1;
202300014527;155654829;A01;1;33;0;2;1;0;1;
202300014527;155654832;B01;2;7;0;2;2;15;1;
202300014528;155654827;A01;1;7;0;2;5;1;1;
202300014528;155654830;B01;1;30;0;2;1;1;1;
202300014529;155654825;C01;1;10;0;2;2;1;1;
202300014529;155654828;A01;1;7;0;2;1;5;1;
202300014529;155654831;B01;2;15;0;2;1;1;1;
202300014530;155654824;A01;2;7;2;0;1;1;1;
202300014531;155654820;A01;3;50;0;1;1;5;3;
202300014532;155654823;A01;0;7;0;2;1;15;1;
202300014532;155654826;B01;0;50;0;2;1;19;3;
202300014533;155654818;A01;1;10;0;2;3;9;1;
202300014533;155654819;B01;1;2;0;2;7;21;1;
202300014534;155654817;A01;1;7;2;0;7;1;1;
202300014535;155654821;A01;2;7;0;2;8;9;1;
202300014535;155654822;B01;2;7;0;2;2;1;2;
202300014536;155654816;A01;3;7;0;1;3;15;1;
202300014537;155654813;A01;0;2;1;0;1;14;1;
202300014538;155654809;A01;3;7;0;2;3;19;0;
202300014538;155654814;B01;2;33;0;2;1;1;1;
202300014539;155654807;A01;3;7;0;2;1;15;1;
202300014539;155654812;B01;3;7;0;2;3;0;1;
202300014540;155654802;A01;3;7;6;0;2;13;1;
202300014541;155654801;A01;2;34;0;2;1;9;1;
202300014541;155654804;B01;1;7;0;2;2;26;1;
202300014542;155654800;E01;2;7;0;2;1;26;1;
202300014542;155654805;B01;2;7;0;2;4;26;1;
202300014542;155654806;D01;2;7;0;2;4;26;1;
202300014542;155654808;A01;2;7;0;2;1;26;1;
202300014542;155654811;C01;2;10;0;2;4;26;1;
202300014543;155654798;A01;1;7;13;2;3;9;1;
202300014543;155654803;B01;1;10;12;2;1;1;1;
202300014544;155654797;A01;2;7;0;2;5;16;1;
202300014544;155654799;B01;2;80;0;2;1;1;3;
202300014545;155654794;A01;3;7;0;0;0;0;1;
202300014546;155654791;B01;0;7;0;2;8;1;1;
202300014546;155654796;A01;0;10;0;2;1;1;1;
202300014547;155654792;A01;3;10;0;2;3;16;1;
202300014547;155654795;B01;3;1;0;2;6;19;5;
202300014548;155654789;A01;3;2;0;2;1;1;1;
202300014548;155654793;B01;3;7;0;2;3;15;1;
202300014549;155654787;A01;1;40;0;2;2;1;3;
202300014549;155654790;B01;0;1;0;4;1;14;5;
202300014550;155654788;A01;2;7;16;0;9;1;1;
202300014551;155654785;B01;2;7;0;2;1;1;1;
202300014551;155654786;A01;1;7;3;2;1;5;1;
202300014552;155654784;A01;3;7;0;1;1;1;0;
202300014553;155654783;A01;1;7;0;1;1;1;1;
202300014554;155654780;A01;1;32;0;2;1;13;1;
202300014554;155654782;B01;2;7;0;2;3;1;1;
202300014555;155654775;B01;3;7;0;2;2;0;1;
202300014555;155654778;A01;1;80;0;2;1;5;3;
202300014556;155654773;A01;2;10;0;9;3;11;6;
202300014556;155654777;B01;2;50;0;2;2;13;3;
202300014557;155654770;A01;1;7;0;2;6;24;1;
202300014557;155654774;B01;1;32;0;2;1;1;1;
202300014558;155654771;A01;2;7;0;2;4;2;1;
202300014558;155654776;B01;2;31;0;2;1;2;1;
202300014559;155654769;A01;1;7;0;2;3;1;1;
202300014559;155654772;B01;1;33;0;2;1;1;1;
202300014560;155654762;A01;1;7;0;2;1;9;1;
202300014561;155654763;A01;1;7;0;1;3;1;1;
202300014562;155654761;A01;1;7;0;2;7;19;1;
202300014562;155654767;B01;1;10;0;2;1;1;1;
202300014563;155654760;A01;1;7;0;2;3;9;1;
202300014563;155654765;B01;1;80;0;2;7;1;3;
202300014564;155654758;A01;3;7;15;0;1;0;1;
202300014565;155654756;A01;2;7;0;2;0;1;1;
202300014565;155654759;B01;2;7;0;2;1;2;1;
202300014566;155654755;A01;3;7;0;2;0;0;1;
202300014566;155654757;B01;0;34;0;2;1;1;1;
202300014567;155654754;A01;0;43;12;0;2;1;1;
202300014568;155654753;A01;2;7;0;1;2;1;1;
202300014569;155654751;A01;2;7;0;1;3;1;1;
202300014570;155654749;B01;1;7;0;0;6;23;1;
202300014570;155654752;A01;1;17;1;0;2;14;1;
202300014571;155654747;A01;1;7;8;0;1;26;1;
202300014572;155654746;C01;1;7;0;2;1;0;0;
202300014572;155654748;A01;1;7;0;2;4;0;0;
202300014572;155654750;B01;1;7;0;2;4;0;0;
202300014573;155654744;A01;2;7;0;2;2;1;1;
202300014573;155654745;B01;2;2;0;2;4;23;1;
202300014574;155654743;A01;2;33;4;0;8;0;1;
202300014575;155654742;A01;1;7;9;0;1;26;1;
202300014576;155654739;A01;2;16;0;2;2;12;1;
202300014576;155654741;B01;2;7;4;2;6;1;1;
202300014577;155654737;A01;1;32;0;2;1;2;1;
202300014577;155654740;B01;1;10;0;2;4;2;1;
202300014578;155654735;Z01;1;7;0;2;8;15;0;
202300014578;155654738;A01;1;33;0;2;1;17;1;
202300014579;155654734;A01;3;50;14;0;1;21;3;
202300014580;155654732;B01;1;10;0;2;2;15;1;
202300014580;155654736;A01;1;10;0;2;3;1;1;
202300014581;155654729;A01;3;7;0;2;1;1;0;
202300014581;155654731;B01;3;7;0;2;1;1;0;
202300014582;155654725;A01;1;7;0;2;1;2;1;
202300014582;155654728;B01;1;7;0;2;4;2;3;
202300014583;155654724;A01;0;30;0;2;1;1;1;
202300014583;155654726;B01;0;7;0;2;5;16;0;
202300014584;155654723;A01;2;7;0;2;3;1;1;
202300014584;155654727;B01;0;7;0;2;1;19;1;
202300014585;155654730;A01;2;7;4;2;1;17;1;
202300014585;155654733;B01;2;7;4;0;4;1;1;
202300014586;155654721;A01;2;7;2;0;2;1;1;
202300014587;155654720;A01;-1;50;0;2;8;-1;3;
202300014587;155654722;B01;0;33;0;2;7;1;0;
202300014588;155654718;A01;1;7;12;0;1;14;2;
202300014589;155654717;A01;1;7;4;0;1;1;1;
202300014590;155654715;A01;1;7;1;0;3;1;1;
202300014591;155654716;B01;2;7;0;2;1;1;1;
202300014591;155654719;A01;1;7;0;2;1;5;1;
202300014592;155654714;A01;1;7;3;0;3;17;1;
202300014593;155654713;A01;1;33;16;0;7;16;1;
202300014594;155654709;A01;1;7;0;1;1;1;1;
202300014595;155654710;B01;1;32;0;2;1;3;1;
202300014595;155654712;A01;1;7;0;2;4;12;1;
202300014596;155654708;A01;2;7;0;1;1;1;0;
202300014597;155654707;A01;2;31;0;2;1;3;1;
202300014597;155654711;B01;2;7;0;2;1;15;1;
202300014598;155654705;A01;1;30;0;0;7;1;1;
202300014599;155654702;C01;2;7;0;2;4;1;1;
202300014599;155654704;B01;2;10;0;2;4;1;1;
202300014599;155654706;A01;2;7;0;2;1;1;1;
202300014600;155654700;A01;1;80;0;0;7;2;3;
202300014601;155654699;B01;2;10;0;2;1;15;1;
202300014601;155654701;A01;1;33;0;2;1;1;1;
202300014602;155654698;A01;1;2;0;2;1;1;1;
202300014602;155654703;B01;2;10;0;2;4;15;0;
202300014603;155654694;A01;2;7;0;2;1;17;1;
202300014603;155654696;B01;2;7;0;2;3;2;1;
202300014604;155654691;A01;2;14;0;2;2;1;1;
202300014604;155654695;B01;3;7;0;2;3;15;1;
202300014605;155654689;A01;2;42;0;2;8;1;1;
202300014605;155654692;B01;2;7;0;2;7;1;1;
202300014606;155654688;A01;3;7;0;1;1;15;1;
202300014607;155654683;A01;1;7;0;2;2;25;1;
202300014607;155654685;B01;2;50;0;2;1;25;3;
202300014608;155654682;B01;1;14;0;2;7;1;1;
202300014608;155654686;A01;3;33;0;2;1;9;1;
202300014609;155654678;A01;1;10;0;2;2;12;1;
202300014609;155654681;B01;1;33;0;2;3;3;1;
202300014610;155654675;D01;1;7;0;2;8;1;1;
202300014610;155654679;C01;1;7;0;2;5;1;1;
202300014610;155654680;B01;1;7;0;2;4;14;0;
202300014610;155654684;A01;1;10;0;2;1;1;1;
202300014611;155654673;B01;1;31;0;2;7;3;1;
202300014611;155654677;A01;1;7;0;2;3;11;1;
202300014612;155654676;A01;2;32;0;1;1;1;1;
202300014613;155654667;B01;2;7;0;2;4;2;1;
202300014613;155654671;A01;2;17;0;2;1;2;1;
202300014614;155654668;A01;2;7;0;2;8;11;1;
202300014614;155654672;B01;2;34;0;2;7;3;1;
202300014615;155654669;A01;1;7;0;2;1;1;1;
202300014615;155654674;B01;1;7;0;2;7;1;1;
202300014616;155654666;B01;2;7;0;2;3;1;1;
202300014616;155654670;A01;2;33;0;2;8;12;1;
202300014617;155654664;A01;1;1;0;2;8;18;5;
202300014617;155654665;B01;1;14;0;2;7;1;1;
202300014618;155654660;A01;1;7;4;2;1;2;1;
202300014618;155654663;B01;1;7;4;2;4;2;1;
202300014619;155654658;B01;2;7;0;2;4;1;1;
202300014619;155654661;A01;2;31;0;2;1;3;1;
202300014620;155654656;A01;1;7;0;2;5;12;2;
202300014620;155654659;B01;1;33;0;2;1;3;1;
202300014620;155654662;C01;1;14;0;2;8;1;1;
202300014621;155654657;A01;1;7;14;0;1;1;1;
202300014622;155654653;B01;1;33;4;2;8;1;1;
202300014622;155654655;A01;1;7;3;2;7;12;1;
202300014623;155654650;A01;1;7;0;2;1;2;1;
202300014623;155654654;B01;1;7;0;2;4;2;1;
202300014624;155654651;A01;1;7;7;0;1;13;1;
202300014625;155654646;A01;1;13;0;2;2;12;1;
202300014625;155654647;B01;2;7;0;2;6;1;3;
202300014626;155654644;A01;0;7;0;2;1;9;1;
202300014626;155654649;B01;0;33;0;0;5;1;1;
202300014627;155654640;C01;3;7;0;2;8;23;1;
202300014627;155654643;B01;3;33;1;2;1;1;1;
202300014627;155654645;A01;3;7;0;2;1;12;1;
202300014628;155654637;A01;1;7;0;2;2;12;1;
202300014628;155654641;B01;1;33;0;2;3;3;1;
202300014629;155654633;A01;3;7;0;2;1;2;1;
202300014629;155654636;B01;3;7;0;0;4;2;1;
202300014630;155654631;A01;1;33;0;2;1;3;1;
202300014630;155654635;B01;1;7;0;2;3;11;1;
202300014630;155654638;C01;1;7;0;2;4;1;3;
202300014631;155654634;A01;1;2;0;2;1;1;1;
202300014631;155654639;B01;1;7;0;2;3;1;1;
202300014631;155654642;C01;1;7;0;2;6;24;1;
202300014632;155654629;B01;2;2;0;2;4;1;1;
202300014632;155654632;A01;2;7;0;2;3;2;1;
202300014633;155654625;C01;2;7;0;2;1;2;1;
202300014633;155654628;B01;2;7;0;2;6;18;1;
202300014633;155654630;A01;2;15;0;2;2;12;1;
202300014634;155654627;A01;1;33;13;0;1;2;1;
202300014635;155654624;A01;2;7;0;2;8;11;1;
202300014635;155654626;B01;2;33;0;2;7;3;1;
202300014636;155654623;A01;2;1;0;1;1;1;5;
202300014637;155654620;A01;0;7;0;1;3;1;1;
202300014638;155654622;A01;2;10;0;1;3;1;1;
202300014639;155654619;B01;2;33;0;2;1;18;1;
202300014639;155654621;A01;2;7;0;2;2;12;1;
202300014640;155654616;B01;1;7;0;2;4;2;1;
202300014640;155654618;A01;1;7;0;2;1;2;2;
202300014641;155654617;A01;1;33;0;1;2;0;0;
202300014642;155654613;B01;1;7;0;2;2;12;1;
202300014642;155654615;A01;1;33;0;2;1;3;1;
202300014643;155654611;A01;1;7;0;2;5;16;1;
202300014643;155654614;B01;1;50;0;2;1;1;3;
202300014644;155654609;B01;1;7;0;2;5;1;1;
202300014644;155654612;A01;1;33;0;2;3;3;1;
202300014645;155654606;B01;1;10;0;2;4;2;1;
202300014645;155654608;A01;1;7;0;2;1;1;1;
202300014646;155654607;A01;3;7;0;2;7;2;1;
202300014646;155654610;B01;3;7;0;2;1;1;1;
202300014647;155654604;A01;1;2;0;4;1;15;1;
202300014647;155654605;B01;1;40;0;2;2;1;3;
202300014648;155654601;B01;2;32;0;2;3;1;1;
202300014648;155654602;A01;2;7;0;2;7;12;1;
202300014649;155654600;A01;1;7;0;2;3;2;1;
202300014649;155654603;B01;1;7;0;2;5;2;1;
202300014650;155654599;A01;0;30;0;1;0;0;1;
202300014651;155654598;A01;1;7;9;0;3;1;1;
202300014652;155654597;A01;2;7;4;0;3;1;1;
202300014653;155654594;A01;2;7;0;2;1;2;1;
202300014653;155654596;B01;2;14;0;2;4;2;1;
202300014654;155654593;Z01;1;50;0;1;1;2;3;
202300014655;155654592;A01;1;7;0;2;1;19;2;
202300014655;155654595;B01;2;50;0;2;7;5;3;
202300014656;155654589;A01;2;7;0;2;3;11;1;
202300014656;155654590;B01;2;33;0;2;2;3;1;
202300014657;155654588;B01;2;7;0;2;8;1;1;
202300014657;155654591;A01;2;14;0;2;3;21;1;
202300014658;155654585;A01;3;33;0;2;3;19;1;
202300014658;155654587;B01;3;1;0;2;0;19;5;
202300014659;155654581;B01;1;7;4;2;8;11;1;
202300014659;155654584;A01;1;33;4;2;1;3;1;
202300014660;155654583;A01;3;7;0;2;4;1;0;
202300014660;155654586;B01;0;7;0;2;1;1;0;
202300014661;155654579;A01;2;33;14;0;0;1;1;
202300014662;155654578;B01;1;7;0;2;4;1;1;
202300014662;155654580;A01;1;15;0;2;1;1;1;
202300014662;155654582;C01;1;10;0;2;4;1;1;
202300014663;155654577;A01;2;7;4;0;3;21;1;
202300014664;155654576;A01;0;7;14;0;0;0;0;
202300014665;155654574;A01;1;50;0;0;1;1;3;
202300014666;155654573;A01;2;7;0;2;2;12;1;
202300014666;155654575;B01;2;33;0;2;1;1;1;
202300014667;155654571;B01;2;33;0;2;1;3;1;
202300014667;155654572;A01;2;7;0;2;3;11;1;
202300014668;155654569;Z01;2;7;0;1;1;16;1;
202300014669;155654570;A01;1;2;0;1;1;1;1;
202300014670;155654566;A01;3;1;0;1;1;1;5;
202300014671;155654567;A01;1;7;0;2;1;5;1;
202300014671;155654568;B01;2;37;0;2;3;5;1;6.0
202300014672;155654564;A01;1;7;0;2;3;1;1;
202300014672;155654565;B01;1;7;0;2;5;1;1;
202300014673;155654562;A01;1;7;1;0;1;1;1;
202300014674;155654561;B01;3;50;0;2;1;1;3;
202300014674;155654563;A01;3;7;0;2;2;16;1;
202300014675;155654558;A01;3;10;0;1;4;4;1;
202300014676;155654555;A01;2;3;1;0;3;20;1;
202300014676;155654557;B01;2;30;1;2;2;1;1;
202300014677;155654556;A01;3;2;0;2;1;1;1;
202300014677;155654560;B01;3;7;0;2;5;15;1;
202300014678;155654549;A01;1;7;0;0;0;20;0;
202300014678;155654551;B01;0;1;0;2;1;26;5;
202300014679;155654548;A01;2;7;0;2;3;3;1;
202300014679;155654553;C01;1;10;0;2;8;2;1;
202300014679;155654554;B01;1;7;0;2;5;2;1;
202300014680;155654547;B01;3;2;0;2;3;9;1;
202300014680;155654550;A01;3;2;0;0;1;9;6;
202300014681;155654552;A01;2;10;0;2;1;1;1;
202300014681;155654559;B01;2;7;0;2;4;1;1;
202300014682;155654544;A01;0;33;0;2;1;1;1;
202300014682;155654546;B01;0;7;0;2;3;13;1;
202300014683;155654545;A01;1;33;0;1;3;1;1;
202300014684;155654541;A01;1;30;0;2;8;2;3;
202300014684;155654543;B01;1;13;0;2;7;2;1;
202300014685;155654542;A01;1;7;14;0;1;1;1;
202300014686;155654540;A01;2;7;0;1;3;15;1;
202300014687;155654536;B01;1;7;0;9;6;15;1;
202300014687;155654538;A01;1;60;0;2;1;1;5;
202300014688;155654535;A01;2;7;0;2;3;1;1;
202300014688;155654537;B01;1;37;0;2;3;15;1;1.0
202300014689;155654533;A01;2;33;0;2;1;3;1;
202300014689;155654539;B01;2;10;0;2;5;12;1;
202300014690;155654531;A01;2;7;0;2;1;1;1;
202300014690;155654534;B01;2;7;0;0;4;15;1;
202300014691;155654530;A01;2;2;0;2;8;18;1;
202300014691;155654532;B01;1;7;0;2;3;15;1;
202300014692;155654528;A01;2;32;6;0;1;1;6;
202300014693;155654527;A01;1;43;0;0;8;1;1;
202300014694;155654526;A01;1;99;0;2;1;0;0;
202300014694;155654529;B01;1;99;0;2;0;0;0;
202300014695;155654525;A01;1;7;1;0;0;1;1;
202300014696;155654524;A01;3;7;13;0;9;1;1;
202300014697;155654522;A01;1;7;0;2;6;9;1;
202300014697;155654523;B01;1;33;0;2;1;2;1;
202300014698;155654521;A01;1;30;0;1;1;9;1;
202300014699;155654520;A01;1;7;2;0;9;12;1;
202300014700;155654517;A01;3;7;0;2;6;15;1;
202300014700;155654519;B01;3;80;0;2;1;2;3;
202300014701;155654516;A01;1;33;0;2;0;26;1;
202300014702;155654515;B01;3;7;0;1;2;15;1;
202300014703;155654513;B01;1;7;0;2;6;1;1;
202300014703;155654514;C01;1;7;0;2;1;1;2;
202300014703;155654518;A01;2;7;0;2;1;1;1;
202300014704;155654511;A01;1;34;0;1;1;7;1;
202300014705;155654507;B01;3;33;1;2;1;16;1;
202300014705;155654510;A01;3;10;0;2;1;13;1;
202300014706;155654506;B01;1;7;0;2;1;9;1;
202300014706;155654509;A01;2;7;0;2;3;9;1;
202300014707;155654503;A01;1;30;0;2;7;17;1;
202300014707;155654505;B01;1;7;0;2;8;1;1;
202300014708;155654500;B01;1;1;0;2;1;13;5;
202300014708;155654504;A01;1;10;0;2;2;2;1;
202300014709;155654501;B01;1;7;0;0;1;1;1;
202300014709;155654508;C01;2;7;0;0;1;1;1;
202300014709;155654512;A01;2;7;0;0;1;13;1;
202300014710;155654499;A01;3;30;0;0;0;0;1;
202300014711;155654498;A01;2;7;0;2;1;2;1;
202300014711;155654502;B01;2;10;0;2;4;2;1;
202300014712;155654497;A01;2;7;0;0;1;14;1;
202300014713;155654491;A01;1;3;0;2;1;2;1;
202300014713;155654494;B01;1;7;0;2;4;2;1;
202300014714;155654490;B01;2;31;0;2;1;15;1;
202300014714;155654495;A01;2;7;0;2;3;15;1;
202300014715;155654492;A01;2;7;0;1;3;1;1;
202300014716;155654489;C01;2;7;0;0;1;1;1;
202300014716;155654493;A01;1;7;0;0;1;5;1;
202300014716;155654496;B01;2;7;0;0;3;1;1;
202300014717;155654488;A01;1;32;14;0;1;26;1;
202300014718;155654483;A01;1;7;0;1;2;17;1;
202300014719;155654485;A01;1;7;0;2;2;17;1;
202300014719;155654487;B01;1;80;0;2;8;13;3;
202300014720;155654481;B01;3;7;0;2;5;19;1;
202300014720;155654486;A01;3;10;0;2;2;1;1;
202300014721;155654482;B01;1;7;0;1;3;1;1;
202300014722;155654480;A01;1;7;0;2;2;2;0;
202300014722;155654484;B01;1;1;0;0;1;2;5;
202300014723;155654475;A01;2;1;0;2;2;1;5;
202300014723;155654477;B01;1;7;0;2;2;15;1;
202300014724;155654476;A01;3;34;0;1;2;3;1;
202300014725;155654474;A01;1;7;17;0;1;1;1;
202300014726;155654467;A01;3;2;15;0;1;5;1;
202300014727;155654471;A01;2;7;0;0;6;15;0;
202300014727;155654473;B01;2;7;0;0;1;17;0;
202300014728;155654464;A01;3;7;0;1;1;1;1;
202300014729;155654465;A01;2;7;4;2;1;11;1;
202300014729;155654469;B01;2;7;4;2;2;0;2;
202300014730;155654463;A01;1;33;13;0;0;16;1;
202300014731;155654462;A01;2;1;0;0;0;1;5;
202300014732;155654457;A01;1;7;0;2;1;13;1;
202300014732;155654460;B01;1;7;0;2;6;1;1;
202300014733;155654458;Z01;2;7;0;2;1;15;0;
202300014733;155654461;A01;1;32;0;2;1;1;3;
202300014734;155654455;A01;1;7;0;2;3;13;1;
202300014734;155654459;B01;2;2;0;2;1;1;1;
202300014735;155654454;A01;3;2;14;0;1;1;1;
202300014736;155654452;A01;2;7;0;2;2;2;1;
202300014736;155654453;B01;2;7;0;2;9;2;1;
202300014736;155654456;C01;2;7;0;2;5;2;1;
202300014737;155654448;A01;3;7;0;9;3;15;1;
202300014737;155654450;B01;3;80;0;2;1;1;3;
202300014738;155654442;B01;2;33;0;0;0;0;1;
202300014738;155654447;A01;2;7;0;2;3;10;1;
202300014739;155654443;A01;1;7;0;2;3;21;1;
202300014739;155654445;B01;2;99;0;0;8;1;1;
202300014740;155654441;A01;2;7;0;2;1;5;0;
202300014740;155654444;B01;2;7;0;2;1;2;0;
202300014741;155654438;A01;1;7;0;0;1;2;1;
202300014741;155654440;B01;1;7;0;0;4;2;1;
202300014742;155654439;A01;0;7;0;0;1;0;1;
202300014743;155654435;A01;0;1;0;2;1;1;5;
202300014743;155654437;B01;0;7;0;2;8;1;1;