Num_Acc;id_vehicule;num_veh;senc;catv;obs;obsm;choc;manv;motor;occutc
202300014744;155654436;A01;2;7;6;0;1;17;1;
202300014745;155654429;B01;1;10;0;2;1;1;1;
202300014745;155654433;A01;1;7;0;2;4;15;1;
202300014746;155654428;B01;2;7;0;2;1;5;1;
202300014746;155654432;A01;1;7;0;2;3;1;1;
202300014747;155654430;A01;3;7;0;2;1;21;1;
202300014747;155654434;B01;3;7;0;2;1;1;1;
202300014748;155654426;B01;1;50;0;2;7;15;3;
202300014748;155654431;A01;1;37;0;2;1;1;1;1.0
202300014749;155654424;A01;2;31;0;2;1;1;1;
202300014749;155654427;B01;3;80;0;2;6;15;3;
202300014750;155654423;A01;1;7;0;2;1;1;1;
202300014750;155654425;B01;1;17;0;2;4;1;1;
202300014751;155654420;A01;1;34;12;0;1;14;1;
202300014752;155654419;A01;1;7;0;2;2;15;2;
202300014752;155654421;B01;1;2;0;2;1;3;1;
202300014753;155654418;B01;2;7;0;9;1;16;0;
202300014753;155654422;A01;2;50;0;2;7;19;3;
202300014754;155654411;A01;2;2;0;2;1;13;1;
202300014754;155654414;B01;1;37;0;2;1;1;1;1.0
202300014755;155654412;A01;2;7;0;2;2;17;1;
202300014755;155654415;B01;2;7;0;2;6;2;1;
202300014756;155654410;A01;3;7;0;2;1;1;1;
202300014756;155654416;B01;3;80;0;2;0;19;3;
202300014757;155654409;A01;3;7;0;2;8;1;0;
202300014757;155654417;B01;1;10;0;2;2;1;0;
202300014758;155654408;A01;3;7;0;2;7;10;1;
202300014758;155654413;B01;3;7;0;2;1;1;1;
202300014759;155654406;A01;2;7;3;0;1;16;1;
202300014760;155654404;A01;1;15;3;2;1;6;1;
202300014760;155654407;B01;2;15;0;2;1;1;1;
202300014761;155654405;A01;1;7;13;0;2;14;1;
202300014762;155654403;A01;2;7;2;0;1;14;1;
202300014763;155654401;B01;2;50;0;2;1;1;0;
202300014763;155654402;A01;2;7;0;9;5;16;0;
202300014764;155654399;A01;2;10;4;0;3;13;1;
202300014765;155654398;A01;2;33;12;0;0;1;1;
202300014766;155654397;A01;2;34;0;2;7;3;1;
202300014766;155654400;B01;2;7;0;2;3;15;1;
202300014767;155654396;A01;3;7;13;0;0;0;0;
202300014768;155654394;A01;0;7;15;0;1;14;1;
202300014769;155654388;B01;2;7;0;2;1;2;1;
202300014769;155654393;A01;2;7;0;0;4;26;1;
202300014770;155654390;A01;1;7;1;0;2;14;1;
202300014770;155654395;B01;1;7;0;2;6;0;1;
202300014771;155654389;A01;1;7;0;0;0;0;1;
202300014772;155654391;A01;1;7;0;2;3;9;1;
202300014772;155654392;B01;2;33;0;2;1;1;1;
202300014773;155654386;B01;3;1;0;2;4;1;5;
202300014773;155654387;A01;3;7;0;2;4;15;1;
202300014774;155654385;A01;2;50;1;0;0;1;3;
202300014775;155654381;A01;1;32;0;1;3;17;1;
202300014776;155654382;A01;3;7;0;1;3;1;1;
202300014777;155654380;B01;1;7;0;2;1;1;1;
202300014777;155654383;A01;2;7;0;2;1;1;1;
202300014778;155654378;A01;1;31;0;1;1;16;1;
202300014779;155654376;A01;1;15;3;0;1;0;1;
202300014780;155654375;A01;1;32;0;2;1;1;1;
202300014780;155654377;B01;1;7;0;2;6;23;1;
202300014781;155654368;A01;1;7;0;1;1;1;1;
202300014782;155654370;B01;3;1;0;0;1;2;5;
202300014782;155654374;A01;3;7;0;2;4;4;1;
202300014783;155654366;D01;2;7;0;2;4;2;1;
202300014783;155654369;E01;2;7;0;2;4;2;2;
202300014783;155654373;A01;2;7;0;2;1;2;0;
202300014783;155654379;B01;2;7;0;2;9;2;1;
202300014783;155654384;C01;2;7;0;2;4;2;0;
202300014784;155654365;A01;1;2;0;2;3;1;1;
202300014784;155654371;B01;0;10;0;2;2;9;1;
202300014785;155654367;B01;1;10;0;1;1;23;1;
202300014785;155654372;A01;1;7;0;2;1;2;1;
202300014786;155654363;A01;2;7;0;2;5;15;1;
202300014786;155654364;B01;1;33;0;2;1;1;1;
202300014787;155654362;A01;2;33;4;0;8;1;1;
202300014788;155654360;A01;1;7;13;0;1;1;0;
202300014789;155654359;A01;3;7;0;2;1;15;1;
202300014789;155654361;B01;3;33;0;2;1;17;1;
202300014790;155654358;A01;0;7;0;1;3;1;1;
202300014791;155654357;A01;1;7;6;0;1;0;1;
202300014792;155654347;B01;1;1;0;2;1;1;5;
202300014792;155654351;A01;1;10;0;2;2;1;1;
202300014793;155654346;B01;0;1;0;2;1;16;5;
202300014793;155654353;A01;0;7;0;2;2;15;1;
202300014794;155654344;A01;1;7;0;2;4;1;1;
202300014794;155654349;B01;1;7;0;2;4;0;1;
202300014794;155654355;D01;1;7;0;2;1;0;0;
202300014794;155654356;C01;1;7;0;2;1;1;1;
202300014795;155654343;A01;1;7;0;2;9;13;1;
202300014795;155654350;B01;1;7;0;2;1;18;1;
202300014795;155654354;C01;2;7;0;2;1;1;1;
202300014796;155654342;C01;2;7;0;2;4;2;1;
202300014796;155654345;B01;2;7;0;2;4;2;1;
202300014796;155654348;D01;2;7;0;2;4;2;1;
202300014796;155654352;A01;1;7;0;2;1;2;1;
202300014797;155654341;A01;1;7;8;0;1;0;0;
202300014798;155654340;A01;2;33;0;1;1;1;1;
202300014799;155654339;A01;1;10;3;0;0;26;1;
202300014800;155654337;A01;1;7;9;2;1;1;1;
202300014800;155654338;B01;2;7;0;2;2;15;1;
202300014801;155654336;A01;1;14;0;1;1;1;1;
202300014802;155654335;A01;2;10;0;1;1;1;1;
202300014803;155654334;A01;1;7;8;0;1;1;1;
202300014804;155654330;A01;1;7;0;2;2;15;1;
202300014804;155654332;B01;2;1;0;2;1;1;5;
202300014805;155654327;A01;3;7;0;2;3;15;1;
202300014805;155654333;B01;3;7;0;2;2;1;1;
202300014806;155654328;A01;2;7;0;2;1;2;1;
202300014806;155654331;B01;2;7;0;2;4;2;1;
202300014807;155654322;A01;1;33;0;0;8;1;1;
202300014808;155654320;A01;0;7;14;2;4;23;1;
202300014808;155654324;B01;3;7;14;2;1;2;1;
202300014809;155654323;B01;2;7;13;2;3;1;1;
202300014809;155654325;A01;1;7;13;2;3;13;1;
202300014810;155654321;A01;3;7;0;0;7;1;1;
202300014811;155654314;B01;1;7;0;2;2;1;1;
202300014811;155654318;A01;1;7;0;2;3;9;1;
202300014812;155654313;A01;1;15;0;2;1;1;1;
202300014812;155654319;B01;1;10;0;2;4;1;1;
202300014813;155654315;A01;2;2;11;0;1;17;1;
202300014814;155654312;Z01;1;7;0;2;0;1;0;
202300014814;155654317;A01;1;33;0;2;8;1;1;
202300014815;155654311;A01;3;7;0;2;8;1;1;
202300014815;155654316;B01;3;7;0;2;1;1;1;
202300014816;155654307;A01;1;7;13;0;9;1;1;
202300014817;155654306;B01;1;7;0;2;2;1;1;
202300014817;155654310;A01;1;32;0;2;6;1;1;
202300014818;155654305;B01;2;2;0;2;2;1;1;
202300014818;155654308;A01;2;7;0;2;3;10;1;
202300014819;155654304;B01;3;7;0;2;4;1;1;
202300014819;155654309;A01;3;7;0;2;1;1;1;
202300014820;155654301;A01;0;34;0;0;7;1;1;
202300014821;155654296;A01;1;7;0;1;1;15;1;
202300014822;155654298;A01;3;7;8;0;2;0;1;
202300014823;155654295;C01;1;7;0;2;1;1;1;
202300014823;155654297;A01;1;7;0;2;4;1;1;
202300014823;155654300;B01;1;7;0;2;9;1;1;
202300014824;155654294;A01;3;7;0;1;3;1;1;
202300014825;155654293;A01;1;7;0;2;1;1;1;
202300014826;155654291;A01;0;2;0;1;1;1;1;
202300014827;155654287;A01;1;7;0;2;1;2;1;
202300014827;155654292;B01;1;7;0;2;4;2;1;
202300014827;155654299;C01;1;7;0;2;4;2;1;
202300014827;155654302;D01;1;7;0;2;4;2;1;
202300014827;155654303;E01;1;7;0;0;4;2;1;
202300014828;155654284;A01;1;7;0;1;2;15;1;
202300014829;155654283;B01;3;31;0;2;7;1;1;
202300014829;155654289;A01;0;7;0;2;1;1;0;
202300014830;155654282;A01;3;50;0;2;1;5;3;
202300014830;155654286;B01;0;7;0;2;1;1;1;
202300014831;155654281;A01;1;50;0;0;0;1;3;
202300014832;155654280;A01;2;7;13;0;2;0;1;
202300014833;155654277;A01;1;10;0;1;1;1;1;
202300014834;155654276;A01;2;7;0;2;7;17;1;
202300014834;155654279;B01;2;30;0;2;8;1;1;
202300014835;155654275;A01;3;1;0;2;1;26;5;
202300014835;155654278;B01;2;33;0;2;0;1;1;
202300014836;155654273;A01;2;7;3;0;9;1;1;
202300014837;155654268;A01;1;7;0;2;1;2;1;
202300014837;155654270;B01;1;7;0;2;6;1;1;
202300014838;155654266;A01;3;7;8;2;1;6;1;
202300014838;155654271;C01;3;10;15;2;0;0;1;
202300014838;155654274;B01;3;7;0;2;8;1;1;
202300014839;155654264;A01;2;7;0;2;3;13;1;
202300014839;155654267;B01;1;17;0;2;1;1;1;
202300014840;155654263;A01;1;7;3;0;1;1;1;
202300014841;155654260;A01;2;10;0;2;3;13;1;
202300014841;155654265;B01;1;10;0;2;3;1;1;
202300014842;155654259;A01;2;7;0;2;3;15;3;
202300014842;155654262;B01;1;50;0;2;1;1;3;
202300014843;155654257;B01;2;50;0;0;1;1;3;
202300014843;155654261;A01;1;7;0;9;2;15;1;
202300014844;155654258;A01;1;30;0;0;7;16;1;
202300014845;155654256;A01;2;7;0;1;1;1;1;
202300014846;155654253;A01;2;7;0;0;2;1;0;
202300014847;155654254;A01;2;7;0;1;1;1;1;
202300014848;155654251;A01;1;7;10;0;3;13;1;
202300014849;155654250;B01;1;10;0;2;1;1;1;
202300014849;155654255;A01;1;7;0;2;3;15;1;
202300014850;155654249;A01;1;7;0;2;3;1;1;
202300014850;155654252;B01;2;7;0;2;3;13;0;
202300014851;155654247;A01;1;7;0;1;3;1;1;
202300014852;155654246;A01;3;1;0;2;4;15;5;
202300014852;155654248;B01;3;33;0;2;7;1;1;
202300014853;155654244;A01;1;7;8;0;1;14;1;
202300014854;155654245;A01;2;10;0;1;1;19;1;
202300014855;155654242;A01;2;7;0;0;5;1;1;
202300014855;155654243;B01;2;7;0;0;6;2;1;
202300014856;155654238;A01;3;7;0;2;1;9;0;
202300014856;155654241;B01;3;2;0;2;1;1;0;
202300014857;155654239;A01;-1;1;0;0;0;-1;5;
202300014858;155654237;A01;2;7;0;2;2;1;1;
202300014858;155654240;B01;1;7;0;2;2;1;1;
202300014859;155654234;A01;2;7;0;2;8;13;1;
202300014859;155654236;B01;2;33;0;2;1;1;1;
202300014860;155654231;A01;1;7;4;2;1;2;1;
202300014860;155654235;B01;1;10;0;2;4;1;1;
202300014861;155654233;A01;3;2;0;1;1;1;0;
202300014862;155654229;B01;2;10;0;2;4;2;0;
202300014862;155654232;A01;2;17;0;2;1;2;1;
202300014863;155654228;B01;2;7;0;2;6;1;1;
202300014863;155654230;A01;1;7;2;2;3;1;1;
202300014864;155654224;A01;1;7;0;2;1;16;1;
202300014864;155654227;B01;1;33;0;2;1;2;1;
202300014865;155654221;A01;2;7;0;1;2;1;1;
202300014866;155654220;A01;1;7;0;2;1;13;1;
202300014866;155654225;B01;2;7;0;2;1;2;1;
202300014867;155654223;A01;1;33;0;2;2;17;1;
202300014867;155654226;B01;1;7;0;2;6;11;1;
202300014868;155654219;A01;2;7;0;1;2;1;1;
202300014869;155654215;B01;3;50;0;0;6;2;3;
202300014869;155654218;A01;3;7;0;9;3;2;1;
202300014870;155654210;A01;1;33;0;2;1;17;1;
202300014870;155654212;B01;2;10;16;0;3;15;1;
202300014871;155654211;A01;1;50;0;2;1;1;3;
202300014871;155654216;B01;1;7;0;2;6;1;1;
202300014872;155654214;A01;0;31;0;0;0;1;1;
202300014873;155654207;A01;1;7;0;2;1;1;1;
202300014873;155654209;B01;1;7;0;2;4;1;1;
202300014874;155654213;A01;1;33;0;2;1;1;0;
202300014874;155654217;B01;1;7;0;2;4;1;1;
202300014875;155654206;A01;1;33;15;0;1;26;1;
202300014876;155654203;A01;1;10;0;2;1;1;1;
202300014876;155654208;B01;1;7;0;2;5;1;1;
202300014877;155654200;A01;2;7;0;2;2;13;1;
202300014877;155654201;B01;1;7;0;2;1;1;1;
202300014878;155654194;A01;1;7;0;1;2;1;1;
202300014879;155654193;B01;1;50;0;2;1;0;3;
202300014879;155654196;A01;1;7;0;2;7;9;0;
202300014880;155654195;A01;3;7;0;1;3;1;0;
202300014881;155654189;A01;2;7;0;2;8;9;1;
202300014881;155654192;B01;2;2;0;2;1;1;1;
202300014882;155654188;A01;2;7;0;2;2;13;1;
202300014882;155654191;B01;1;7;0;2;3;1;1;
202300014882;155654198;C01;1;7;0;2;6;23;2;
202300014883;155654187;A01;2;33;0;2;1;17;1;
202300014883;155654190;B01;2;7;0;2;8;15;1;
202300014884;155654183;A01;1;30;0;2;6;2;1;
202300014884;155654185;B01;1;7;0;2;8;0;1;
202300014884;155654186;C01;1;7;0;2;6;0;1;
202300014885;155654184;A01;1;7;14;0;1;0;1;
202300014886;155654182;A01;1;7;13;0;8;13;1;
202300014887;155654178;A01;0;7;0;2;3;2;1;
202300014887;155654181;B01;0;1;0;2;0;9;5;
202300014888;155654177;B01;3;1;0;2;1;1;5;
202300014888;155654180;A01;3;10;0;2;8;15;1;
202300014889;155654176;A01;2;7;0;0;2;1;1;
202300014890;155654175;A01;2;7;0;2;1;0;1;
202300014890;155654179;B01;1;1;0;2;0;0;5;
202300014891;155654172;A01;3;10;6;2;1;9;1;
202300014891;155654174;B01;3;7;0;2;3;9;1;
202300014892;155654170;A01;1;7;0;2;1;13;0;
202300014892;155654173;B01;2;43;0;2;1;1;1;
202300014893;155654169;A01;1;7;0;2;1;1;3;
202300014893;155654171;B01;1;33;0;2;4;1;1;
202300014894;155654168;A01;1;7;0;1;1;15;1;
202300014895;155654165;B01;3;7;0;2;1;1;0;
202300014895;155654166;A01;3;10;0;2;5;9;0;
202300014896;155654164;A01;0;7;0;2;2;1;1;
202300014896;155654167;B01;3;1;0;2;1;1;5;
202300014897;155654162;A01;1;31;0;1;1;25;1;
202300014898;155654161;A01;2;7;0;1;2;1;1;
202300014899;155654159;A01;1;2;0;0;0;1;1;
202300014900;155654157;A01;3;7;0;1;2;1;1;
202300014901;155654156;A01;3;7;0;2;1;9;1;
202300014901;155654158;B01;3;7;0;2;7;9;1;
202300014902;155654160;A01;1;7;0;2;1;2;1;
202300014902;155654163;B01;1;7;0;2;4;2;1;
202300014903;155654155;A01;3;30;0;0;1;1;1;
202300014904;155654154;A01;2;7;0;1;1;15;1;
202300014905;155654152;Z01;1;7;0;1;1;1;1;
202300014906;155654151;A01;0;30;0;0;0;1;1;
202300014907;155654150;A01;1;7;0;2;1;1;1;
202300014907;155654153;B01;1;7;0;2;4;9;1;
202300014908;155654147;B01;1;32;0;2;1;1;1;
202300014908;155654149;A01;1;7;0;2;8;10;1;
202300014909;155654146;A01;2;7;0;0;3;1;1;
202300014910;155654145;B01;2;1;0;2;4;1;5;
202300014910;155654148;A01;2;33;0;2;1;21;1;
202300014911;155654141;A01;2;7;0;2;3;1;1;
202300014911;155654144;B01;2;7;0;0;4;1;1;
202300014912;155654139;B01;3;7;0;2;5;24;1;
202300014912;155654142;A01;3;2;1;2;1;1;1;
202300014912;155654143;C01;3;10;0;2;8;4;1;
202300014913;155654137;B01;3;33;0;2;8;1;1;
202300014913;155654140;A01;3;7;0;2;1;15;1;
202300014914;155654136;B01;2;2;0;2;1;1;1;
202300014914;155654138;A01;1;7;0;2;7;15;1;
202300014915;155654134;A01;1;7;0;1;1;9;1;
202300014916;155654132;A01;2;7;0;2;4;2;1;
202300014916;155654135;B01;2;33;0;2;1;2;1;
202300014917;155654129;A01;3;7;0;2;3;10;1;
202300014917;155654131;B01;3;33;0;2;1;21;1;
202300014918;155654127;B01;1;33;15;2;1;1;1;
202300014918;155654130;A01;1;7;0;2;6;15;3;
202300014918;155654133;C01;2;7;0;2;3;1;1;
202300014919;155654126;B01;1;31;0;2;1;17;1;
202300014919;155654128;A01;1;3;0;2;8;15;1;
202300014920;155654124;A01;0;7;3;0;2;1;3;
202300014921;155654123;A01;1;2;0;0;0;26;1;
202300014922;155654125;A01;1;7;0;1;2;1;1;
202300014923;155654117;B01;2;33;0;2;8;1;1;
202300014923;155654121;A01;2;7;0;2;2;14;1;
202300014924;155654118;B01;3;33;0;2;8;1;1;
202300014924;155654120;A01;3;10;0;2;1;15;1;
202300014925;155654115;A01;3;10;0;2;1;1;1;
202300014925;155654116;B01;0;10;15;2;4;1;1;
202300014926;155654114;A01;1;7;11;0;9;1;1;
202300014927;155654119;A01;2;7;0;2;4;20;0;
202300014927;155654122;B01;2;1;0;2;7;1;5;
202300014928;155654113;A01;0;7;6;0;1;0;1;
202300014929;155654110;A01;2;7;0;2;1;26;1;
202300014929;155654112;Z01;3;2;0;2;1;1;1;
202300014930;155654105;A01;1;33;0;2;0;1;1;
202300014930;155654107;Z01;3;30;0;2;0;0;0;
202300014931;155654106;A01;1;7;9;0;1;6;1;
202300014932;155654103;A01;3;60;0;1;0;0;5;
202300014933;155654104;A01;3;33;0;0;3;2;1;
202300014933;155654108;B01;3;7;0;2;3;13;1;
202300014934;155654101;A01;2;30;0;2;1;1;1;
202300014934;155654102;B01;1;7;0;2;5;1;1;
202300014935;155654100;A01;1;50;0;1;0;7;3;
202300014936;155654096;A01;1;33;0;0;5;9;1;
202300014936;155654099;B01;1;7;0;0;3;1;3;
202300014937;155654094;A01;2;7;0;2;1;1;1;
202300014937;155654095;B01;2;7;0;1;1;23;1;
202300014938;155654093;B01;1;7;0;2;4;1;1;
202300014938;155654097;A01;1;7;0;2;1;1;1;
202300014938;155654098;C01;1;7;0;2;4;1;1;
202300014939;155654091;A01;2;7;0;2;3;13;1;
202300014939;155654092;B01;1;7;0;2;1;26;1;
202300014940;155654090;A01;3;7;0;1;7;1;1;
202300014941;155654085;B01;3;1;0;2;7;19;5;
202300014941;155654086;A01;1;10;0;2;2;1;1;
202300014942;155654084;A01;2;7;0;2;3;9;1;
202300014942;155654088;B01;1;7;0;2;2;1;1;
202300014943;155654087;A01;2;7;0;2;1;2;1;
202300014943;155654089;B01;2;7;0;0;4;1;1;
202300014944;155654082;A01;3;0;12;0;0;26;0;
202300014945;155654083;A01;3;7;6;0;1;16;1;
202300014946;155654078;B01;3;7;0;0;0;0;1;
202300014946;155654079;A01;2;31;0;2;1;21;1;
202300014947;155654080;A01;1;7;0;2;3;5;0;
202300014947;155654081;B01;2;7;0;2;8;1;0;
202300014948;155654077;A01;3;7;0;1;3;1;0;
202300014949;155654075;A01;1;7;0;1;1;15;0;
202300014950;155654074;A01;1;7;0;1;1;16;1;
202300014951;155654072;A01;1;7;1;0;2;14;1;
202300014952;155654071;A01;0;7;0;1;1;1;1;
202300014953;155654073;B01;0;7;0;2;3;1;1;
202300014953;155654076;A01;0;33;0;2;1;0;1;
202300014954;155654070;A01;1;34;0;0;7;1;1;
202300014955;155654064;A01;1;7;0;0;4;23;0;
202300014955;155654065;B01;1;7;0;2;1;2;0;
202300014956;155654066;A01;1;7;8;0;7;2;1;
202300014957;155654063;B01;3;50;0;2;1;19;3;
202300014957;155654067;A01;3;37;0;2;7;16;1;2.0
202300014958;155654062;A01;3;7;1;0;7;19;0;
202300014959;155654061;A01;1;7;0;1;3;1;1;
202300014960;155654060;A01;1;7;0;1;3;1;1;
202300014961;155654059;A01;3;60;8;0;0;14;5;
202300014962;155654057;A01;1;7;0;1;1;1;1;
202300014963;155654053;A01;0;7;0;2;1;2;1;
202300014963;155654055;B01;0;7;0;2;3;15;1;
202300014964;155654052;B01;2;7;0;2;4;23;1;
202300014964;155654054;A01;2;10;0;2;1;2;1;
202300014965;155654051;A01;2;15;0;9;7;15;1;
202300014966;155654047;A01;3;7;0;2;1;2;1;
202300014966;155654049;B01;3;7;0;2;7;2;1;
202300014967;155654046;A01;1;33;0;2;8;1;1;
202300014967;155654050;Z01;2;7;0;2;3;15;1;
202300014968;155654045;A01;1;7;0;2;3;9;1;
202300014968;155654048;B01;1;2;0;2;7;1;1;
202300014969;155654041;Z01;1;0;0;2;0;0;0;
202300014969;155654043;A01;1;10;0;2;5;1;1;
202300014970;155654042;A01;3;7;0;2;2;16;1;
202300014970;155654044;B01;3;1;0;2;6;1;5;
202300014971;155654040;A01;0;7;0;1;1;0;0;
202300014972;155654038;A01;2;7;0;1;2;13;1;
202300014973;155654037;A01;1;80;0;2;2;14;3;
202300014973;155654039;B01;1;7;0;2;3;1;2;
202300014974;155654034;B01;1;7;0;2;3;16;1;
202300014974;155654036;A01;2;37;0;2;2;1;1;1.0
202300014975;155654033;A01;1;7;9;2;7;17;1;
202300014975;155654035;B01;1;7;9;2;6;15;1;
202300014976;155654032;A01;1;7;0;2;3;15;1;
202300014977;155654029;A01;2;7;0;1;2;1;3;
202300014978;155654028;A01;1;7;0;2;3;15;2;
202300014978;155654031;B01;1;34;0;2;2;17;1;
202300014979;155654026;A01;3;7;12;0;9;1;1;
202300014980;155654030;A01;3;10;0;0;7;26;1;
202300014981;155654025;A01;3;7;0;2;1;2;1;
202300014981;155654027;B01;3;7;0;2;4;2;1;
202300014982;155654024;A01;2;7;0;1;2;1;1;
202300014983;155654023;A01;1;0;0;1;1;1;0;
202300014984;155654022;A01;2;31;8;0;1;13;1;
202300014985;155654019;A01;3;7;0;2;2;1;1;
202300014985;155654021;B01;2;7;0;2;8;1;1;
202300014986;155654018;B01;2;7;0;2;3;15;1;
202300014986;155654020;A01;2;30;7;2;7;17;1;
202300014987;155654015;A01;3;7;0;2;3;9;1;
202300014987;155654017;B01;3;7;8;2;5;9;1;
202300014988;155654014;B01;0;7;0;2;1;1;1;
202300014988;155654016;A01;1;30;0;2;1;13;1;
202300014989;155654011;A01;1;7;11;0;1;19;1;
202300014990;155654010;B01;1;7;0;2;0;20;0;
202300014990;155654012;A01;1;7;0;2;1;1;1;
202300014991;155654007;B01;2;7;0;2;8;1;1;
202300014991;155654009;A01;2;10;0;2;2;1;1;
202300014992;155654006;A01;2;32;0;2;1;3;1;
202300014992;155654008;B01;2;7;0;2;3;12;1;
202300014993;155654005;A01;1;33;0;0;0;3;1;
202300014994;155654004;A01;1;7;3;0;1;6;1;
202300014995;155654001;A01;0;7;0;1;4;4;1;
202300014996;155654000;B01;2;43;0;2;7;3;1;
202300014996;155654002;Z01;2;7;0;2;8;11;0;
202300014997;155653999;A01;2;33;0;2;1;1;0;
202300014997;155654003;B01;1;7;0;2;6;4;1;
202300014998;155653997;A01;2;1;0;2;1;1;5;
202300014998;155653998;B01;2;7;0;2;8;15;0;
202300014999;155653996;A01;1;7;4;0;1;1;1;
202300015000;155653993;A01;1;1;0;2;1;2;5;
202300015000;155653994;B01;1;1;0;2;4;2;5;
202300015001;155653991;Z01;2;7;0;2;3;15;1;
202300015001;155653992;B01;1;7;0;2;3;1;1;
202300015002;155653989;A01;1;7;0;1;1;23;1;
202300015002;155653995;B01;1;7;14;0;1;2;3;
202300015003;155653987;Y01;3;1;0;2;1;19;5;
202300015003;155653990;A01;2;7;0;2;2;1;1;
202300015004;155653986;A01;1;2;0;2;1;1;1;
202300015004;155653988;B01;2;7;0;2;3;15;1;
202300015005;155653985;A01;2;7;0;1;0;9;1;
202300015006;155653982;B01;1;80;0;2;8;1;3;
202300015006;155653984;A01;1;37;0;2;5;1;6;1.0
202300015007;155653981;B01;2;7;0;2;1;1;1;
202300015007;155653983;A01;1;7;0;2;2;15;1;
202300015008;155653980;A01;1;7;8;0;1;1;1;
202300015009;155653979;A01;1;7;0;0;3;13;1;
202300015010;155653977;B01;1;7;0;2;3;15;1;
202300015010;155653978;A01;1;30;0;2;1;17;1;
202300015011;155653976;A01;1;7;0;1;0;15;1;
202300015012;155653973;B01;3;2;0;2;1;1;1;
202300015012;155653975;A01;3;7;0;2;3;1;1;
202300015013;155653974;A01;2;7;0;1;2;1;1;
202300015014;155653972;A01;2;7;0;1;7;1;3;
202300015015;155653969;A01;1;10;0;2;3;9;1;
202300015015;155653971;B01;2;2;0;2;1;3;1;
202300015016;155653968;B01;1;7;0;2;2;1;1;
202300015016;155653970;A01;1;32;0;2;8;10;1;
202300015017;155653964;B01;3;7;0;2;1;1;1;
202300015017;155653967;A01;3;7;0;2;1;15;1;
202300015018;155653962;B01;1;1;0;2;1;1;5;
202300015018;155653965;A01;1;7;0;2;7;22;1;
202300015019;155653963;A01;3;7;0;2;8;9;1;
202300015019;155653966;B01;3;2;0;2;1;9;1;
202300015020;155653961;A01;2;7;0;1;7;1;1;
202300015021;155653959;A01;1;7;1;0;2;14;2;
202300015022;155653958;B01;1;33;0;2;1;1;1;
202300015022;155653960;A01;1;10;0;2;2;15;1;
202300015023;155653957;A01;1;3;13;0;1;2;1;
202300015024;155653955;A01;1;7;0;1;1;1;1;
202300015025;155653956;A01;2;7;0;1;2;1;1;
202300015026;155653950;A01;2;7;0;2;4;26;1;
202300015026;155653953;B01;1;30;0;2;1;1;1;
202300015027;155653951;B01;1;3;0;0;4;0;3;
202300015027;155653954;A01;1;7;0;0;1;2;1;
202300015028;155653949;B01;2;1;1;0;8;1;5;
202300015028;155653952;A01;2;7;0;0;5;24;1;
202300015029;155653948;A01;1;7;0;1;2;1;1;
202300015030;155653945;B01;2;50;0;2;1;1;3;
202300015030;155653946;A01;2;1;0;2;8;9;5;
202300015031;155653944;A01;2;7;0;2;1;1;1;
202300015031;155653947;B01;0;7;0;2;8;1;1;
202300015032;155653943;A01;0;7;17;0;2;14;1;
202300015033;155653942;A01;2;1;12;0;8;1;5;
202300015034;155653938;B01;1;7;0;0;1;1;1;
202300015034;155653941;A01;2;7;0;0;2;15;1;
202300015035;155653937;B01;3;1;0;2;7;19;5;
202300015035;155653940;A01;2;7;0;2;1;15;2;
202300015036;155653936;A01;1;1;0;2;0;1;5;
202300015036;155653939;B01;1;7;0;2;3;22;2;
202300015037;155653935;A01;1;10;0;1;4;4;1;
202300015038;155653933;A01;1;32;0;1;1;1;1;
202300015039;155653932;A01;1;7;0;2;5;11;1;
202300015039;155653934;B01;1;34;0;2;2;1;1;
202300015040;155653929;A01;1;30;0;1;1;3;1;
202300015041;155653928;B01;2;7;0;2;1;1;1;
202300015041;155653930;A01;2;7;0;2;4;23;1;
202300015042;155653927;A01;1;7;0;2;1;1;1;
202300015042;155653931;B01;3;1;1;2;8;0;5;
202300015043;155653926;A01;3;7;0;1;2;1;1;
202300015044;155653925;A01;1;34;0;1;1;1;0;
202300015045;155653923;A01;3;7;0;2;3;16;1;
202300015045;155653924;B01;3;1;0;2;1;15;5;
202300015046;155653920;A01;2;33;0;2;7;17;1;
202300015046;155653921;B01;2;14;0;2;8;15;6;
202300015047;155653919;B01;2;7;0;2;3;1;1;
202300015047;155653922;A01;2;7;0;2;1;9;1;
202300015048;155653918;A01;2;7;2;0;1;15;2;
202300015049;155653915;A01;3;7;0;2;1;1;1;
202300015049;155653916;B01;3;7;0;2;4;1;1;
202300015049;155653917;C01;3;7;0;2;4;1;1;
202300015050;155653914;A01;2;30;9;0;1;26;0;
202300015051;155653912;A01;3;1;0;2;1;1;5;
202300015051;155653913;B01;3;7;0;2;4;23;1;
202300015052;155653911;A01;1;7;3;0;2;1;1;
202300015053;155653910;A01;2;1;0;0;1;1;5;
202300015054;155653908;A01;2;7;0;2;9;1;1;
202300015054;155653909;B01;1;7;0;2;1;15;1;
202300015055;155653907;A01;1;1;9;0;3;2;5;
202300015056;155653906;A01;1;32;0;0;2;1;1;
202300015057;155653905;Z01;2;7;0;1;1;1;0;
202300015058;155653903;A01;2;7;0;2;8;15;0;
202300015058;155653904;B01;2;33;0;2;7;17;1;
202300015059;155653901;B01;0;7;0;2;1;13;1;
202300015059;155653902;A01;0;7;0;2;1;1;1;