Num_Acc;id_vehicule;num_veh;senc;catv;obs;obsm;choc;manv;motor;occutc
202300015060;155653899;A01;1;33;0;2;0;26;1;
202300015060;155653900;B01;1;33;0;2;0;0;1;
202300015061;155653896;A01;2;7;0;2;3;15;1;
202300015061;155653898;B01;1;33;1;2;1;2;1;
202300015062;155653895;A01;1;32;0;2;1;2;1;
202300015062;155653897;B01;1;7;0;2;2;15;1;
202300015063;155653894;A01;3;7;1;0;2;5;1;
202300015064;155653892;A01;3;10;0;2;2;26;1;
202300015064;155653893;B01;0;0;0;2;0;19;0;
202300015065;155653891;A01;0;7;4;0;8;1;1;
202300015066;155653888;B01;3;33;0;9;1;1;0;
202300015066;155653890;A01;0;7;0;2;2;16;0;
202300015067;155653887;A01;2;7;0;2;3;15;1;
202300015067;155653889;B01;1;2;0;2;1;1;1;
202300015068;155653884;A01;3;36;16;0;0;1;1;
202300015069;155653885;A01;1;7;0;2;5;15;1;
202300015069;155653886;B01;2;80;0;2;1;1;3;
202300015070;155653883;A01;2;7;13;0;2;1;1;
202300015071;155653881;B01;1;33;0;0;0;0;0;
202300015071;155653882;A01;1;7;0;2;0;0;0;
202300015072;155653880;A01;1;7;13;0;9;1;1;
202300015073;155653879;A01;0;7;0;1;1;0;1;
202300015074;155653875;C01;2;7;0;2;1;1;1;
202300015074;155653877;A01;2;7;0;2;1;2;1;
202300015074;155653878;B01;2;7;3;2;4;0;1;
202300015075;155653874;B01;0;7;0;2;0;0;0;
202300015075;155653876;A01;2;7;6;0;5;19;1;
202300015076;155653872;A01;1;7;0;2;3;1;0;
202300015076;155653873;B01;2;7;0;2;3;1;0;
202300015077;155653870;A01;3;2;0;1;1;0;1;
202300015078;155653869;A01;2;7;0;2;7;1;0;
202300015078;155653871;B01;1;7;0;2;1;1;0;
202300015079;155653867;A01;1;7;0;2;3;1;0;
202300015079;155653868;B01;1;7;0;2;3;1;0;
202300015080;155653866;A01;1;7;0;1;1;1;1;
202300015081;155653865;A01;1;7;13;0;2;1;1;
202300015082;155653864;A01;0;33;0;0;0;0;0;
202300015083;155653863;A01;1;2;16;0;0;1;1;
202300015084;155653862;A01;3;7;0;2;2;14;1;
202300015085;155653861;A01;2;50;0;1;1;1;3;
202300015086;155653858;A01;2;7;0;2;1;1;1;
202300015086;155653860;B01;1;7;0;2;5;15;1;
202300015087;155653856;A01;1;7;0;2;3;1;1;
202300015087;155653857;B01;2;7;0;2;3;1;1;
202300015087;155653859;C01;1;7;0;9;3;1;1;
202300015088;155653855;A01;1;33;0;0;8;10;1;
202300015089;155653851;A01;1;7;8;0;8;26;1;
202300015090;155653849;A01;3;31;0;0;0;0;1;
202300015091;155653848;A01;1;7;0;2;8;15;1;
202300015091;155653850;B01;1;7;0;2;1;17;1;
202300015092;155653846;A01;1;7;0;2;1;15;1;
202300015092;155653847;B01;2;2;0;2;1;1;1;
202300015093;155653844;A01;2;7;0;2;1;1;1;
202300015093;155653845;B01;2;7;0;2;7;1;1;
202300015094;155653843;A01;1;33;13;0;0;1;0;
202300015095;155653842;A01;1;7;0;1;2;1;1;
202300015096;155653841;A01;3;2;0;0;0;26;1;
202300015097;155653840;A01;3;7;0;0;9;1;1;
202300015098;155653838;B01;1;7;0;2;2;1;1;
202300015098;155653839;A01;2;7;0;2;3;15;1;
202300015099;155653836;A01;1;7;0;2;1;13;0;
202300015099;155653837;B01;2;7;0;2;1;26;3;
202300015100;155653835;A01;1;31;0;1;1;3;1;
202300015101;155653834;A01;2;7;2;0;3;1;1;
202300015102;155653832;A01;1;7;0;0;3;0;0;
202300015102;155653833;B01;2;7;0;0;1;0;2;
202300015103;155653831;A01;2;7;13;0;0;0;1;
202300015104;155653828;B01;1;7;0;0;3;13;0;
202300015104;155653830;A01;1;33;0;0;7;2;0;
202300015105;155653827;B01;1;10;0;2;1;13;1;
202300015105;155653829;A01;2;7;0;2;1;1;1;
202300015106;155653824;A01;2;7;0;2;6;11;1;
202300015106;155653826;B01;2;33;0;2;2;17;1;
202300015107;155653823;B01;3;7;0;2;1;16;1;
202300015107;155653825;A01;3;7;0;2;2;1;1;
202300015108;155653820;B01;2;2;0;2;3;1;1;
202300015108;155653821;A01;1;7;0;2;2;15;1;
202300015109;155653819;A01;1;7;0;2;3;15;1;
202300015109;155653822;B01;1;7;0;2;2;1;1;
202300015110;155653817;A01;1;7;0;1;1;1;1;
202300015111;155653816;A01;1;7;0;2;1;2;1;
202300015111;155653818;B01;1;1;0;2;4;1;5;
202300015112;155653814;B01;1;7;0;2;1;1;1;
202300015112;155653815;A01;2;7;0;2;1;13;1;
202300015113;155653813;A01;3;7;8;0;1;1;1;
202300015114;155653812;A01;0;7;2;0;3;0;1;
202300015115;155653809;A01;2;33;0;2;1;1;1;
202300015115;155653811;B01;2;7;0;2;8;9;1;
202300015116;155653806;A01;1;33;0;0;1;1;1;
202300015117;155653805;A01;2;7;3;2;1;13;1;
202300015117;155653807;B01;1;7;0;2;1;1;1;
202300015118;155653804;A01;1;7;0;1;2;1;1;
202300015119;155653802;A01;1;7;8;0;7;1;1;
202300015119;155653803;B01;1;10;8;2;2;19;1;
202300015120;155653800;A01;3;7;0;1;1;26;1;
202300015121;155653798;A01;1;7;0;0;0;0;1;
202300015122;155653797;A01;1;7;2;0;1;1;1;
202300015123;155653796;A01;1;2;0;0;2;1;1;
202300015124;155653795;A01;1;7;0;1;2;1;1;
202300015125;155653794;A01;1;7;17;0;1;1;1;
202300015126;155653792;A01;1;7;0;2;8;13;1;
202300015126;155653793;B01;2;10;0;2;8;1;1;
202300015127;155653791;A01;2;7;2;0;1;12;1;
202300015128;155653790;A01;3;30;0;0;0;1;1;
202300015129;155653788;A01;3;10;13;0;7;13;1;
202300015130;155653787;A01;2;10;13;2;1;13;1;
202300015130;155653789;B01;1;7;0;2;1;1;1;
202300015131;155653783;A01;2;31;0;0;0;0;1;
202300015132;155653784;B01;1;33;0;2;6;26;1;
202300015132;155653785;C01;2;38;0;2;2;23;1;1.0
202300015132;155653786;A01;1;33;4;2;3;26;1;
202300015133;155653782;A01;2;33;8;0;0;0;1;
202300015134;155653780;A01;3;2;0;2;1;5;1;
202300015134;155653781;B01;3;7;0;2;3;16;1;
202300015135;155653779;A01;1;7;0;1;2;1;1;
202300015136;155653777;B01;2;7;8;0;4;1;1;
202300015136;155653778;A01;2;10;0;2;1;1;1;
202300015137;155653776;A01;1;7;13;0;1;1;1;
202300015138;155653775;A01;3;32;0;0;1;1;1;
202300015139;155653773;A01;2;7;0;2;3;13;1;
202300015139;155653774;B01;1;7;0;2;3;1;1;
202300015140;155653771;A01;1;7;0;2;1;15;1;
202300015140;155653772;B01;2;33;0;2;1;1;1;
202300015141;155653770;A01;3;37;15;0;3;9;1;4.0
202300015142;155653769;A01;3;7;0;1;4;4;0;
202300015143;155653767;A01;2;33;0;2;1;17;1;
202300015143;155653768;B01;2;21;0;2;3;15;1;
202300015144;155653766;A01;2;7;0;1;2;1;1;
202300015145;155653765;A01;1;1;13;0;1;1;5;
202300015146;155653763;A01;2;34;0;2;1;1;1;
202300015146;155653764;B01;2;7;0;0;4;15;1;
202300015147;155653762;A01;1;1;0;0;0;1;5;
202300015148;155653760;A01;0;7;6;9;1;15;1;
202300015148;155653761;B01;0;1;0;0;8;1;5;
202300015149;155653759;A01;3;7;13;0;9;1;1;
202300015150;155653757;A01;2;2;0;2;4;2;1;
202300015150;155653758;B01;2;7;0;2;1;2;1;
202300015151;155653755;A01;2;7;0;2;3;10;1;
202300015151;155653756;B01;2;33;0;2;1;26;1;
202300015152;155653754;A01;1;10;0;1;1;1;1;
202300015153;155653753;A01;1;1;14;1;1;1;5;
202300015154;155653751;A01;2;7;0;2;7;19;1;
202300015154;155653752;B01;1;31;0;2;1;1;1;
202300015155;155653750;A01;-1;7;2;0;1;1;1;
202300015156;155653748;A01;1;33;0;2;3;1;1;
202300015156;155653749;B01;2;7;0;2;3;17;0;
202300015157;155653746;C01;3;7;0;0;3;24;1;
202300015157;155653747;A01;1;7;1;0;2;0;1;
202300015158;155653744;B01;3;10;0;2;1;1;1;
202300015158;155653745;A01;3;36;0;2;1;1;1;
202300015159;155653743;A01;1;7;0;1;1;15;1;
202300015160;155653742;A01;1;7;15;0;1;19;0;
202300015161;155653740;B01;3;7;0;2;1;1;1;
202300015161;155653741;A01;3;7;0;0;7;15;1;
202300015162;155653738;A01;2;7;0;2;6;2;1;
202300015162;155653739;B01;2;33;0;2;1;2;1;
202300015163;155653735;A01;1;7;8;0;0;1;0;
202300015164;155653736;A01;3;7;0;2;3;14;1;
202300015164;155653737;B01;3;7;4;2;2;21;1;
202300015165;155653733;A01;1;2;0;2;1;13;1;
202300015165;155653734;B01;1;7;0;2;6;1;1;
202300015166;155653728;A01;1;3;0;9;8;1;0;
202300015166;155653729;B01;2;1;0;2;8;1;5;
202300015166;155653731;C01;2;1;0;2;8;1;5;
202300015167;155653726;A01;1;13;0;2;1;19;1;
202300015167;155653727;B01;2;7;0;2;7;1;1;
202300015168;155653722;A01;1;7;17;0;1;13;1;
202300015169;155653723;B01;1;7;0;2;4;23;1;
202300015169;155653724;A01;2;7;1;0;1;14;1;
202300015170;155653721;A01;1;10;13;0;2;14;1;
202300015171;155653719;A01;1;7;0;2;6;1;3;
202300015171;155653720;B01;1;7;0;2;2;1;1;
202300015172;155653717;A01;2;7;4;0;1;0;1;
202300015172;155653718;B01;2;7;0;2;1;11;1;
202300015173;155653714;B01;0;33;0;2;1;2;1;
202300015173;155653716;A01;0;43;0;0;4;2;1;
202300015174;155653715;A01;1;7;0;2;4;26;1;
202300015175;155653711;A01;2;7;0;0;6;1;0;
202300015175;155653713;B01;2;7;0;2;2;12;0;
202300015176;155653710;A01;2;7;0;0;3;1;1;
202300015176;155653712;B01;1;7;0;9;1;1;1;
202300015177;155653708;A01;1;1;0;2;1;1;5;
202300015177;155653709;B01;2;7;0;2;7;15;1;
202300015178;155653705;B01;1;7;0;2;8;0;1;
202300015178;155653707;A01;1;17;0;2;1;0;1;
202300015179;155653704;A01;1;7;0;2;2;1;1;
202300015179;155653706;B01;2;7;0;2;1;1;1;
202300015180;155653702;A01;1;7;8;1;1;0;1;
202300015181;155653700;A01;2;7;0;2;1;1;1;
202300015181;155653701;B01;2;7;0;2;4;1;1;
202300015181;155653703;C01;2;7;0;2;4;1;1;
202300015182;155653697;A01;2;33;0;2;7;17;1;
202300015182;155653699;B01;2;33;0;2;8;15;1;
202300015183;155653698;A01;1;2;0;0;0;13;1;
202300015184;155653696;A01;2;7;0;1;1;9;1;
202300015185;155653695;A01;2;7;0;1;1;1;1;
202300015186;155653693;A01;1;7;0;1;2;1;1;
202300015187;155653692;B01;0;7;0;2;2;15;-1;
202300015187;155653694;A01;0;7;0;2;1;2;1;
202300015188;155653690;A01;-1;7;0;0;6;23;1;
202300015188;155653691;B01;-1;33;0;2;1;26;1;
202300015189;155653688;A01;1;43;0;0;0;0;1;
202300015190;155653685;A01;1;7;0;2;3;2;1;
202300015190;155653686;B01;1;80;0;0;4;1;3;
202300015191;155653687;A01;2;7;0;2;1;15;1;
202300015191;155653689;B01;1;32;0;2;1;17;1;
202300015192;155653684;A01;1;7;3;0;1;1;1;
202300015193;155653682;Z01;3;0;0;2;0;26;0;
202300015193;155653683;B01;3;2;0;2;8;0;3;
202300015194;155653680;A01;1;31;0;2;1;2;1;
202300015194;155653681;B01;1;33;0;2;4;1;1;
202300015195;155653678;A01;1;7;2;0;1;14;1;
202300015196;155653677;A01;1;7;0;2;3;1;1;
202300015196;155653679;B01;2;7;0;2;8;0;0;
202300015197;155653676;A01;1;7;0;1;2;1;1;
202300015198;155653675;A01;1;31;0;0;9;1;1;
202300015199;155653674;A01;3;10;0;1;3;2;1;
202300015200;155653672;A01;1;7;13;0;0;0;1;
202300015201;155653671;A01;1;7;0;2;1;13;1;
202300015201;155653673;B01;2;31;0;2;1;1;1;
202300015202;155653669;B01;2;7;0;2;1;1;1;
202300015202;155653670;A01;3;7;0;2;3;1;2;
202300015203;155653666;A01;2;30;0;2;1;5;1;
202300015203;155653668;B01;1;7;0;2;1;1;1;
202300015204;155653662;A01;0;7;0;2;2;1;1;
202300015204;155653664;B01;0;1;0;0;4;1;5;
202300015205;155653661;B01;1;7;0;2;2;1;1;
202300015205;155653663;A01;1;7;0;2;3;18;1;
202300015206;155653658;A01;1;7;0;2;5;12;1;
202300015206;155653660;B01;1;7;0;2;3;1;1;
202300015207;155653656;B01;1;7;0;2;8;1;1;
202300015207;155653659;A01;1;7;0;2;1;9;1;
202300015208;155653655;B01;1;37;0;2;6;1;1;1.0
202300015208;155653657;A01;1;7;0;2;2;14;1;
202300015209;155653654;A01;1;7;13;0;2;1;1;
202300015210;155653652;A01;2;33;0;2;1;3;1;
202300015210;155653653;B01;2;7;0;2;6;12;1;
202300015211;155653650;A01;0;32;3;0;8;0;1;
202300015212;155653649;A01;2;7;0;2;3;15;1;
202300015212;155653651;B01;1;33;0;2;1;21;1;
202300015213;155653647;A01;2;32;3;2;1;2;1;
202300015213;155653648;B01;2;10;3;2;4;1;1;
202300015214;155653646;A01;2;7;1;0;6;1;1;
202300015215;155653643;A01;2;33;0;2;1;3;1;
202300015215;155653645;B01;2;7;0;2;6;11;1;
202300015216;155653642;A01;1;7;0;2;1;1;1;
202300015216;155653644;B01;1;7;0;2;7;15;1;
202300015217;155653641;A01;3;32;0;0;7;14;1;
202300015218;155653639;A01;2;7;0;1;1;1;1;
202300015219;155653638;B01;3;1;0;2;1;2;5;
202300015219;155653640;A01;3;1;0;2;4;2;5;
202300015220;155653637;A01;2;7;0;1;3;1;1;
202300015221;155653636;A01;1;50;0;1;3;1;3;
202300015222;155653635;A01;3;7;0;1;1;15;2;
202300015223;155653634;A01;1;7;0;1;4;4;2;
202300015224;155653631;A01;1;32;15;0;8;15;1;
202300015225;155653629;A01;1;7;0;1;1;1;1;
202300015226;155653627;A01;1;7;0;2;1;2;1;
202300015226;155653628;B01;3;7;0;2;4;23;1;
202300015227;155653625;A01;2;7;0;0;1;1;0;
202300015228;155653624;A01;1;33;0;2;1;2;1;
202300015228;155653626;B01;1;7;0;2;4;23;1;
202300015229;155653622;Z01;2;33;0;2;1;10;0;
202300015229;155653623;A01;1;30;0;2;8;2;1;
202300015230;155653621;A01;1;1;0;1;1;1;5;
202300015231;155653620;A01;1;7;3;0;1;15;1;
202300015232;155653618;A01;2;1;0;2;1;2;5;
202300015232;155653619;B01;2;1;0;0;4;2;5;
202300015233;155653617;A01;2;7;1;0;1;14;1;
202300015234;155653615;A01;1;30;0;2;7;1;1;
202300015234;155653616;B01;1;7;0;2;1;1;1;
202300015235;155653614;A01;1;10;0;1;1;1;1;
202300015236;155653612;A01;2;7;0;2;1;1;1;
202300015236;155653613;B01;1;7;0;2;7;0;1;
202300015237;155653611;A01;1;7;0;0;0;0;1;
202300015238;155653610;A01;2;7;1;2;2;1;1;
202300015239;155653609;A01;3;7;0;1;1;1;1;
202300015240;155653606;A01;2;7;0;1;3;1;1;
202300015241;155653605;A01;1;0;0;1;1;1;0;
202300015242;155653603;A01;2;7;13;0;9;0;1;
202300015242;155653604;B01;2;7;0;2;7;1;1;
202300015243;155653600;A01;1;7;0;0;4;2;0;
202300015243;155653601;C01;1;7;0;2;1;2;1;
202300015243;155653602;B01;1;7;0;2;1;2;1;
202300015244;155653596;B01;1;7;0;2;0;0;1;
202300015244;155653597;A01;1;7;8;2;2;0;1;
202300015245;155653594;A01;1;10;0;2;2;1;1;
202300015245;155653595;B01;1;7;0;2;3;1;1;
202300015246;155653593;A01;2;7;2;0;1;14;1;
202300015247;155653591;B01;2;30;0;2;8;18;1;
202300015247;155653592;A01;2;7;0;2;2;1;1;
202300015248;155653589;B01;1;31;0;2;1;17;1;
202300015248;155653590;A01;1;7;0;2;8;15;3;
202300015249;155653588;A01;1;33;15;0;1;1;1;
202300015250;155653586;A01;1;32;0;2;2;1;3;
202300015250;155653587;B01;1;7;0;2;3;9;3;
202300015251;155653584;B01;1;33;0;2;7;3;1;
202300015251;155653585;A01;1;7;0;2;8;11;1;
202300015252;155653581;B01;2;10;0;2;4;2;1;
202300015252;155653582;C01;2;7;0;2;4;2;1;
202300015252;155653583;A01;2;14;0;2;1;2;1;
202300015253;155653579;A01;1;33;0;2;1;2;1;
202300015253;155653580;B01;1;7;0;2;6;2;3;
202300015254;155653577;B01;2;50;0;2;1;1;3;
202300015254;155653578;A01;2;10;0;2;6;1;1;
202300015255;155653576;A01;2;1;0;1;1;1;5;
202300015256;155653575;A01;1;7;0;1;1;16;2;
202300015257;155653573;A01;1;10;0;2;4;23;1;
202300015257;155653574;B01;2;50;1;1;9;21;3;
202300015258;155653571;B01;3;80;0;2;8;1;3;
202300015258;155653572;A01;3;7;0;2;1;1;1;
202300015259;155653569;A01;2;7;0;2;3;9;1;
202300015259;155653570;B01;2;7;0;2;2;1;1;
202300015260;155653567;B01;2;50;0;2;8;13;3;
202300015260;155653568;A01;2;37;0;2;7;17;1;1.0
202300015261;155653566;A01;2;37;0;1;2;1;1;1.0
202300015262;155653564;A01;1;80;0;2;1;1;3;
202300015262;155653565;B01;2;7;0;2;3;15;1;
202300015263;155653562;B01;1;33;0;2;8;1;1;
202300015263;155653563;A01;2;7;0;2;1;15;1;
202300015264;155653561;A01;2;1;4;0;8;15;5;
202300015265;155653559;A01;1;34;0;2;1;17;1;
202300015265;155653560;B01;1;7;0;2;1;1;3;
202300015266;155653557;A01;2;7;0;2;2;12;2;
202300015266;155653558;B01;2;7;8;2;1;7;1;
202300015267;155653556;A01;1;31;0;0;3;21;1;
202300015268;155653555;A01;2;7;0;1;7;1;1;
202300015269;155653553;A01;3;50;0;2;1;1;3;
202300015269;155653554;B01;1;7;0;2;1;1;2;
202300015270;155653551;B01;2;10;0;2;1;1;1;
202300015270;155653552;A01;1;2;0;2;1;17;1;
202300015271;155653549;A01;2;7;0;0;0;0;0;
202300015271;155653550;B01;1;7;0;0;0;0;1;
202300015272;155653548;A01;2;32;0;1;0;0;1;
202300015273;155653547;A01;3;32;15;1;1;1;0;
202300015274;155653545;A01;2;7;0;2;1;15;1;
202300015274;155653546;B01;2;7;0;2;2;15;1;
202300015275;155653543;A01;1;7;0;2;1;15;1;
202300015275;155653544;B01;1;7;9;2;8;1;1;
202300015276;155653541;A01;1;7;0;2;1;16;1;
202300015276;155653542;B01;1;33;0;2;5;1;1;
202300015277;155653539;A01;3;7;0;9;1;15;1;
202300015277;155653540;B01;3;50;0;2;1;1;3;
202300015278;155653538;A01;1;33;15;0;1;13;1;
202300015279;155653536;B01;0;1;0;2;5;19;5;
202300015279;155653537;A01;0;32;0;9;1;19;0;
202300015280;155653534;B01;3;33;0;2;2;1;1;
202300015280;155653535;A01;3;7;0;2;1;26;2;
202300015281;155653533;A01;1;37;0;1;7;1;4;1.0
202300015282;155653531;B01;1;1;0;2;0;1;5;
202300015282;155653532;A01;2;7;0;9;0;20;1;
202300015283;155653529;A01;1;10;0;2;4;23;1;
202300015283;155653530;B01;1;2;0;2;1;2;1;
202300015284;155653528;A01;2;7;0;1;6;15;1;
202300015285;155653526;A01;1;7;0;2;3;13;1;
202300015285;155653527;B01;2;7;0;2;1;1;1;
202300015286;155653525;A01;1;7;2;0;2;0;0;
202300015287;155653524;A01;2;7;0;1;3;1;1;
202300015288;155653523;A01;1;7;0;1;2;1;1;
202300015289;155653520;B01;2;7;0;2;1;1;1;
202300015289;155653521;A01;1;7;0;2;2;19;1;
202300015290;155653519;A01;2;7;0;1;1;1;1;
202300015291;155653517;A01;2;7;0;0;1;0;0;
202300015291;155653518;B01;1;2;0;2;8;15;1;
202300015292;155653515;B01;1;7;0;2;1;1;0;
202300015292;155653516;A01;2;10;0;2;7;1;6;
202300015293;155653510;A01;1;7;0;2;1;13;1;
202300015293;155653511;B01;2;7;0;2;8;1;1;
202300015293;155653512;C01;2;7;0;2;2;1;1;
202300015293;155653513;D01;2;7;0;2;2;0;1;
202300015293;155653514;E01;2;7;0;2;1;1;1;
202300015294;155653508;A01;2;38;0;0;7;17;1;1.0
202300015294;155653509;B01;2;1;12;0;8;1;5;
202300015295;155653507;A01;1;33;10;0;0;1;1;
202300015296;155653506;A01;2;31;0;0;8;15;1;
202300015297;155653505;A01;1;10;13;0;3;13;1;
202300015298;155653504;A01;1;7;0;1;2;2;1;
202300015299;155653502;A01;1;7;0;9;1;9;1;
202300015299;155653503;B01;1;1;0;0;7;1;5;
202300015300;155653500;B01;2;7;0;2;1;1;3;
202300015300;155653501;A01;1;7;0;2;2;13;1;
202300015301;155653499;A01;1;7;2;0;9;14;1;
202300015302;155653497;A01;2;7;0;2;3;17;1;
202300015302;155653498;B01;1;7;0;2;3;1;1;
202300015303;155653496;A01;1;7;6;0;1;1;1;
202300015304;155653494;A01;1;7;0;2;3;13;1;
202300015304;155653495;B01;2;7;0;2;3;1;1;
202300015305;155653492;A01;1;7;0;2;1;1;1;
202300015305;155653493;B01;2;7;0;2;1;1;1;
202300015306;155653490;B01;1;7;0;0;3;16;1;
202300015306;155653491;A01;1;7;0;2;1;1;1;
202300015307;155653488;B01;2;7;0;2;1;1;1;
202300015307;155653489;A01;1;7;0;2;2;15;1;
202300015308;155653485;C01;1;7;0;2;1;1;1;
202300015308;155653486;B01;1;7;0;2;8;1;1;
202300015308;155653487;A01;2;7;0;2;3;13;1;
202300015309;155653484;A01;2;7;0;1;2;1;1;
202300015310;155653483;A01;1;7;13;0;2;14;4;
202300015311;155653482;A01;1;7;0;0;3;1;1;
202300015312;155653480;B01;1;1;0;2;1;1;5;
202300015312;155653481;A01;1;7;0;9;7;16;0;
202300015313;155653478;B01;1;7;0;2;3;1;1;
202300015313;155653479;A01;1;7;0;2;5;17;1;
202300015314;155653477;A01;1;7;0;0;9;13;1;
202300015315;155653475;A01;2;7;0;2;1;1;0;
202300015315;155653476;B01;1;7;0;2;1;13;0;
202300015316;155653473;B01;2;15;0;2;2;1;1;
202300015316;155653474;A01;1;7;7;2;5;15;1;
202300015317;155653471;A01;2;7;0;0;4;2;1;
202300015317;155653472;B01;2;10;0;2;1;2;1;
202300015318;155653469;A01;1;33;0;2;1;2;1;
202300015318;155653470;B01;1;15;0;0;6;2;1;
202300015319;155653466;C01;1;17;0;2;4;1;1;
202300015319;155653467;B01;1;17;3;2;1;2;1;
202300015319;155653468;A01;1;17;0;2;2;2;1;
202300015320;155653463;C01;1;15;0;0;6;24;1;
202300015320;155653464;B01;1;15;1;-1;3;1;1;
202300015320;155653465;A01;1;10;0;2;2;1;1;
202300015321;155653460;B01;2;7;0;2;4;16;1;
202300015321;155653461;A01;2;33;0;2;1;1;1;
202300015321;155653462;C01;1;10;0;2;1;21;1;
202300015322;155653459;A01;1;7;0;1;3;1;1;
202300015323;155653458;A01;2;7;2;0;2;14;1;
202300015324;155653457;A01;2;7;15;0;2;14;0;
202300015325;155653456;A01;1;7;0;1;2;1;1;
202300015326;155653455;A01;2;10;0;1;3;1;1;
202300015327;155653453;B01;1;2;0;2;1;2;1;
202300015327;155653454;A01;1;31;0;0;8;26;1;
202300015328;155653451;A01;1;7;6;2;1;13;3;
202300015328;155653452;B01;2;7;9;2;8;1;1;
202300015329;155653449;B01;1;7;0;2;2;19;1;
202300015329;155653450;A01;2;7;0;2;3;1;1;
202300015330;155653447;A01;2;7;0;2;3;1;1;
202300015330;155653448;B01;1;10;0;2;3;13;1;
202300015331;155653445;A01;2;33;0;2;3;5;1;
202300015331;155653446;B01;1;10;0;2;3;1;1;
202300015332;155653444;A01;1;33;8;0;1;17;1;
202300015333;155653442;A01;1;7;0;2;3;2;1;
202300015333;155653443;B01;1;1;0;2;5;2;5;
202300015334;155653439;A01;2;7;0;2;1;0;1;
202300015334;155653440;B01;2;7;0;2;4;0;1;
202300015335;155653430;B01;1;7;0;2;6;2;1;
202300015335;155653431;A01;1;7;0;2;1;1;1;
202300015335;155653432;C01;1;33;0;2;1;2;1;
202300015336;155653426;B01;2;7;0;2;6;1;1;
202300015336;155653427;C01;2;7;0;2;1;1;2;
202300015336;155653428;D01;2;7;0;2;1;1;1;
202300015336;155653429;Z01;2;14;0;2;2;12;0;
202300015337;155653425;A01;1;7;0;2;1;1;1;
202300015338;155653424;A01;1;7;0;0;9;14;1;
202300015339;155653422;A01;2;7;0;2;3;18;1;
202300015339;155653423;B01;2;7;0;2;5;1;1;
202300015340;155653420;Z01;1;7;0;2;7;14;-1;
202300015340;155653421;A01;1;33;0;2;8;1;1;
202300015341;155653419;A01;1;33;0;9;7;1;1;
202300015342;155653416;A01;1;7;0;2;1;2;1;
202300015342;155653417;B01;1;7;0;2;4;2;1;
202300015342;155653418;C01;1;7;0;2;4;2;1;
202300015343;155653414;B01;2;7;0;2;4;2;1;
202300015343;155653415;A01;2;7;0;2;1;1;1;
202300015344;155653413;A01;1;7;0;1;1;1;1;
202300015345;155653411;B01;1;37;0;2;2;1;1;1.0
202300015345;155653412;A01;3;7;0;2;1;19;1;
202300015346;155653409;B01;2;7;0;2;2;1;1;
202300015346;155653410;A01;2;33;0;2;4;9;1;
202300015347;155653408;A01;2;7;8;0;1;1;1;
202300015348;155653406;A01;0;1;0;2;3;0;5;
202300015348;155653407;B01;2;60;0;2;1;0;5;
202300015349;155653404;A01;1;37;0;2;1;1;1;1.0
202300015349;155653405;B01;2;7;0;2;8;1;1;
202300015350;155653403;A01;1;10;0;1;2;1;1;
202300015351;155653401;A01;1;7;0;2;7;16;0;
202300015351;155653402;B01;1;32;0;2;8;26;0;
202300015352;155653400;A01;2;7;0;1;2;1;0;
202300015353;155653398;A01;2;10;0;2;3;15;1;
202300015353;155653399;B01;2;31;0;2;1;1;1;
202300015354;155653396;B01;1;50;0;2;1;14;3;
202300015354;155653397;A01;1;7;0;2;2;15;1;
202300015355;155653394;A01;2;32;0;2;1;1;1;
202300015355;155653395;B01;1;80;0;2;7;15;3;
202300015356;155653392;A01;3;34;0;2;8;3;1;
202300015356;155653393;B01;3;7;0;2;5;2;1;
202300015357;155653390;B01;3;7;0;2;3;9;1;
202300015357;155653391;A01;2;7;0;2;1;1;1;
202300015358;155653384;B01;1;7;0;2;7;2;1;
202300015358;155653385;A01;1;14;0;2;3;14;1;
202300015359;155653380;A01;1;31;0;2;1;17;1;
202300015359;155653381;B01;1;10;0;2;3;11;1;
202300015360;155653377;A01;1;7;0;2;1;1;1;
202300015360;155653378;B01;1;7;0;2;4;1;1;
202300015360;155653379;C01;1;7;0;2;4;1;1;
202300015361;155653376;A01;1;7;13;0;8;1;1;
202300015362;155653375;A01;1;32;0;1;1;1;1;
202300015363;155653373;A01;1;7;0;2;8;1;1;
202300015363;155653374;B01;2;7;0;2;1;1;1;
202300015364;155653372;A01;3;7;0;1;4;4;1;
202300015365;155653370;B01;1;7;0;2;1;1;3;
202300015365;155653371;A01;2;7;0;2;2;15;1;
202300015366;155653369;A01;2;31;0;5;1;1;1;
202300015367;155653366;C01;1;7;11;0;4;23;1;
202300015367;155653367;A01;1;7;0;2;1;1;1;
202300015367;155653368;B01;1;7;11;0;4;23;1;
202300015368;155653365;A01;2;7;0;0;9;2;1;
202300015369;155653364;A01;2;7;0;1;2;1;1;
202300015370;155653362;A01;1;7;0;2;2;15;1;
202300015370;155653363;B01;2;30;0;2;1;1;1;
202300015371;155653361;A01;2;7;1;0;2;14;1;
202300015372;155653360;A01;3;7;0;0;0;26;1;
202300015373;155653357;A01;2;7;0;2;1;2;1;
202300015373;155653358;C01;2;7;0;2;4;2;1;
202300015373;155653359;B01;2;7;0;2;4;2;1;
202300015374;155653356;A01;2;7;0;1;1;1;1;
202300015375;155653354;A01;1;10;0;2;3;10;1;
202300015375;155653355;B01;2;43;0;2;2;17;1;