Num_Acc;id_vehicule;num_veh;senc;catv;obs;obsm;choc;manv;motor;occutc
202300015376;155653351;C01;1;7;0;2;4;2;1;
202300015376;155653352;B01;1;7;0;2;4;2;1;
202300015376;155653353;A01;1;7;0;2;1;2;1;
202300015377;155653349;B01;2;31;0;2;1;1;1;
202300015377;155653350;A01;2;7;0;2;3;15;1;
202300015378;155653345;D01;3;7;0;2;4;1;1;
202300015378;155653346;C01;3;7;0;2;4;1;1;
202300015378;155653347;B01;3;7;0;2;4;1;1;
202300015378;155653348;A01;3;10;0;2;1;1;1;
202300015379;155653343;B01;1;10;0;2;4;1;1;
202300015379;155653344;A01;1;7;0;2;1;1;2;
202300015380;155653342;A01;1;2;12;0;3;15;1;
202300015381;155653339;A01;2;33;0;2;1;2;1;
202300015381;155653340;C01;1;7;0;2;3;5;1;
202300015381;155653341;B01;2;2;0;2;4;2;1;
202300015382;155653338;A01;1;7;0;1;2;15;1;
202300015383;155653336;A01;3;10;0;2;1;15;1;
202300015383;155653337;B01;3;7;0;2;1;1;1;
202300015384;155653334;B01;1;34;0;0;1;1;1;
202300015384;155653335;A01;2;7;0;0;5;10;1;
202300015385;155653332;B01;2;7;0;2;4;20;1;
202300015385;155653333;A01;2;2;0;2;1;1;1;
202300015386;155653331;A01;1;7;0;1;3;15;1;
202300015387;155653329;A01;2;7;0;2;1;2;1;
202300015387;155653330;B01;2;7;0;2;0;0;1;
202300015388;155653328;A01;2;7;1;0;1;1;1;
202300015389;155653326;B01;1;2;0;2;7;1;1;
202300015389;155653327;A01;2;7;0;2;1;15;1;
202300015390;155653324;B01;2;7;0;2;3;9;1;
202300015390;155653325;A01;1;1;0;2;2;1;5;
202300015391;155653323;A01;1;10;0;1;7;20;1;
202300015392;155653321;A01;0;7;0;2;1;26;1;
202300015392;155653322;B01;0;7;1;2;7;0;1;
202300015393;155653320;A01;1;7;12;0;2;1;1;
202300015394;155653319;A01;3;7;0;1;3;16;1;
202300015395;155653318;A01;1;10;0;1;1;15;3;
202300015396;155653316;B01;3;37;0;2;1;7;1;2.0
202300015396;155653317;A01;3;10;0;2;4;9;1;
202300015397;155653315;A01;3;7;0;1;2;1;1;
202300015398;155653313;A01;2;30;0;2;1;2;1;
202300015398;155653314;B01;2;7;0;2;4;23;1;
202300015399;155653311;A01;3;34;6;0;2;1;0;
202300015400;155653310;B01;1;31;0;2;1;1;1;
202300015400;155653312;A01;2;7;0;2;7;15;1;
202300015401;155653308;A01;2;7;0;1;3;19;1;
202300015402;155653307;A01;1;14;0;2;3;13;1;
202300015402;155653309;B01;2;17;0;2;7;1;1;
202300015403;155653305;A01;1;7;0;2;3;13;1;
202300015403;155653306;B01;2;2;0;2;3;1;1;
202300015404;155653304;A01;3;7;0;1;3;1;1;
202300015405;155653302;B01;1;2;0;2;1;15;1;
202300015405;155653303;A01;2;7;0;2;3;9;1;
202300015406;155653300;A01;2;7;0;1;8;1;1;
202300015407;155653297;C01;1;7;0;2;1;23;1;
202300015407;155653299;B01;1;7;0;2;1;1;1;
202300015407;155653301;A01;2;7;0;2;7;15;1;
202300015408;155653295;B01;2;33;0;0;0;0;1;
202300015408;155653296;A01;2;31;12;2;1;13;1;
202300015409;155653293;A01;1;7;0;1;1;1;1;
202300015410;155653292;A01;3;7;0;2;2;2;0;
202300015410;155653294;B01;3;2;0;2;4;2;0;
202300015411;155653290;A01;1;7;14;2;5;15;1;
202300015411;155653291;B01;2;32;0;2;1;1;1;
202300015412;155653289;A01;1;7;13;0;1;1;0;
202300015413;155653287;B01;2;40;0;2;1;1;3;
202300015413;155653288;A01;1;7;0;4;8;19;1;
202300015414;155653284;A01;1;7;0;2;1;14;1;
202300015414;155653285;B01;1;7;0;2;4;1;1;
202300015415;155653283;B01;1;7;0;2;1;1;0;
202300015415;155653286;A01;2;7;0;2;7;13;0;
202300015416;155653281;A01;2;33;0;2;1;1;1;
202300015416;155653282;B01;1;7;0;2;2;15;1;
202300015417;155653277;A01;1;7;0;0;0;15;1;
202300015417;155653279;B01;2;30;0;0;0;1;1;
202300015418;155653275;C01;3;7;0;2;3;23;0;
202300015418;155653276;D01;3;10;0;2;6;23;1;
202300015418;155653278;B01;3;7;0;0;0;0;0;
202300015418;155653280;A01;3;30;0;2;3;23;1;
202300015419;155653273;B01;2;7;0;2;1;15;1;
202300015419;155653274;A01;1;7;0;2;3;1;1;
202300015420;155653271;A01;1;7;0;2;2;1;1;
202300015420;155653272;B01;2;7;3;2;1;1;2;
202300015421;155653270;A01;2;7;0;1;3;26;1;
202300015422;155653268;A01;1;7;11;0;2;1;1;
202300015423;155653267;A01;1;7;0;2;1;16;1;
202300015423;155653269;B01;1;2;0;2;1;2;1;
202300015424;155653265;A01;1;7;0;1;2;1;1;
202300015425;155653264;A01;0;10;0;2;7;15;1;
202300015425;155653266;B01;0;33;0;2;1;1;1;
202300015426;155653261;A01;1;7;0;2;3;9;1;
202300015426;155653262;B01;1;33;0;2;1;1;1;
202300015427;155653260;B01;2;2;0;2;1;1;1;
202300015427;155653263;A01;1;7;0;2;2;15;0;
202300015428;155653258;B01;3;33;0;2;1;1;1;
202300015428;155653259;A01;3;7;0;2;7;15;1;
202300015429;155653254;B01;1;32;0;2;0;1;1;
202300015429;155653256;A01;1;34;0;2;0;1;0;
202300015430;155653255;B01;2;15;0;2;3;26;1;
202300015430;155653257;A01;1;7;0;2;7;26;1;
202300015431;155653252;A01;2;2;0;2;1;2;1;
202300015431;155653253;B01;2;7;14;0;6;2;1;
202300015432;155653248;A01;1;10;0;2;1;1;1;
202300015432;155653249;B01;1;15;4;0;2;0;1;
202300015432;155653251;C01;0;7;0;9;1;0;1;
202300015433;155653247;A01;3;7;0;2;2;1;1;
202300015433;155653250;B01;3;1;0;2;6;19;5;
202300015434;155653245;A01;3;13;0;0;2;16;1;
202300015434;155653246;B01;0;2;0;2;1;18;1;
202300015435;155653243;B01;2;50;0;2;1;26;3;
202300015435;155653244;A01;1;7;0;2;8;26;1;
202300015436;155653241;A01;3;10;0;1;1;2;1;
202300015437;155653240;A01;1;21;0;0;3;0;1;
202300015437;155653242;B01;2;32;0;0;1;0;1;
202300015438;155653236;C01;2;43;0;2;5;1;1;
202300015438;155653238;A01;2;7;0;2;0;11;1;
202300015438;155653239;B01;2;7;0;2;3;21;1;
202300015439;155653234;A01;1;7;0;0;6;23;1;
202300015439;155653237;B01;1;7;1;0;2;2;1;
202300015440;155653233;B01;2;7;0;2;4;1;1;
202300015440;155653235;A01;2;31;0;2;1;11;1;
202300015441;155653230;A01;2;7;0;2;1;5;1;
202300015441;155653232;B01;1;7;0;2;3;1;1;
202300015442;155653229;B01;3;80;0;2;8;1;3;
202300015442;155653231;A01;3;7;0;2;1;16;1;
202300015443;155653227;B01;2;33;0;2;7;17;1;
202300015443;155653228;A01;2;2;0;2;8;10;3;
202300015444;155653225;A01;3;7;0;2;1;17;1;
202300015444;155653226;B01;3;7;0;2;1;1;1;
202300015445;155653223;A01;2;10;0;2;3;1;1;
202300015445;155653224;B01;1;7;0;2;3;1;1;
202300015446;155653222;A01;2;2;4;0;1;19;1;
202300015447;155653221;A01;2;7;2;0;8;15;0;
202300015448;155653220;A01;1;10;0;1;1;15;1;
202300015449;155653219;A01;2;7;0;1;3;1;1;
202300015450;155653217;A01;3;33;0;0;7;1;1;
202300015450;155653218;B01;3;7;0;2;3;1;1;
202300015451;155653216;A01;0;50;15;0;1;0;3;
202300015452;155653215;A01;3;7;13;0;9;1;1;
202300015453;155653214;A01;3;2;0;0;0;23;1;
202300015454;155653212;A01;2;7;0;2;6;2;1;
202300015454;155653213;B01;2;7;0;2;2;2;1;
202300015455;155653211;A01;1;33;16;0;7;26;1;
202300015456;155653208;B01;1;7;0;2;4;23;1;
202300015456;155653209;C01;1;7;0;2;1;1;1;
202300015456;155653210;A01;1;10;0;2;9;21;1;
202300015457;155653206;A01;1;7;0;2;1;2;1;
202300015457;155653207;B01;1;7;0;2;4;2;1;
202300015458;155653203;A01;2;31;0;2;1;3;1;
202300015458;155653204;B01;2;7;0;2;6;1;1;
202300015458;155653205;C01;1;7;0;2;8;1;1;
202300015459;155653201;A01;2;42;0;2;8;3;1;
202300015459;155653202;B01;2;7;0;2;7;12;1;
202300015460;155653199;B01;2;7;0;2;2;12;3;
202300015460;155653200;A01;2;33;0;2;1;3;1;
202300015461;155653198;A01;1;43;0;0;0;3;1;
202300015462;155653196;A01;2;10;0;2;3;14;1;
202300015462;155653197;B01;2;7;0;2;5;1;1;
202300015463;155653194;B01;2;7;0;2;4;12;1;
202300015463;155653195;A01;2;43;0;2;1;3;1;
202300015464;155653192;A01;1;31;0;2;1;2;1;
202300015464;155653193;B01;1;10;0;2;4;1;1;
202300015465;155653190;A01;2;10;0;2;1;2;1;
202300015465;155653191;B01;2;7;0;2;4;1;1;
202300015466;155653185;A01;2;10;0;2;2;12;1;
202300015466;155653186;E01;2;7;0;2;5;2;1;
202300015466;155653187;B01;2;33;0;2;3;3;1;
202300015466;155653188;C01;2;7;0;2;5;2;2;
202300015466;155653189;D01;2;7;0;2;8;2;1;
202300015467;155653183;A01;1;7;8;0;3;16;1;
202300015468;155653180;C01;3;7;0;2;2;1;2;
202300015468;155653181;B01;3;7;0;2;7;1;1;
202300015468;155653182;A01;3;7;0;2;2;26;1;
202300015469;155653178;A01;3;15;0;2;3;13;1;
202300015469;155653179;B01;3;7;0;2;1;0;1;
202300015470;155653177;A01;1;7;15;0;0;1;1;
202300015471;155653176;A01;1;7;0;1;3;1;1;
202300015472;155653175;B01;3;2;0;1;1;0;0;
202300015473;155653173;B01;1;2;0;2;1;21;1;
202300015473;155653174;A01;2;34;0;2;7;15;1;
202300015474;155653172;A01;3;1;1;0;1;15;5;
202300015475;155653170;A01;3;7;0;2;1;15;1;
202300015475;155653171;B01;3;2;0;2;1;1;1;
202300015476;155653168;B01;3;7;0;9;8;19;1;
202300015476;155653169;A01;3;50;0;2;1;19;3;
202300015477;155653166;B01;1;7;0;2;1;2;0;
202300015477;155653167;A01;1;7;0;2;4;2;6;
202300015478;155653164;A01;1;31;0;2;0;17;1;
202300015478;155653165;B01;1;7;0;9;0;0;1;
202300015479;155653162;A01;2;7;0;2;3;15;1;
202300015479;155653163;B01;2;31;0;2;1;1;1;
202300015480;155653160;A01;2;7;0;2;3;2;1;
202300015480;155653161;B01;2;30;0;2;2;2;1;
202300015481;155653157;A01;1;7;0;2;3;15;1;
202300015481;155653158;C01;1;37;0;2;0;0;1;1.0
202300015481;155653159;B01;2;34;0;2;8;1;1;
202300015482;155653155;A01;1;7;0;2;6;9;1;
202300015482;155653156;B01;1;7;0;2;2;1;1;
202300015483;155653154;A01;1;7;0;1;2;21;1;
202300015484;155653153;A01;1;7;1;0;1;2;0;
202300015485;155653151;A01;2;7;14;0;5;23;0;
202300015485;155653152;B01;2;7;9;2;1;2;0;
202300015486;155653150;A01;2;7;0;1;2;1;1;
202300015487;155653147;B01;-1;7;0;2;2;0;1;
202300015487;155653148;C01;-1;10;0;2;3;0;1;
202300015487;155653149;A01;-1;7;11;0;1;0;1;
202300015488;155653142;B01;2;7;0;2;4;23;1;
202300015488;155653143;E01;2;7;0;2;4;1;1;
202300015488;155653144;A01;2;7;0;2;1;1;1;
202300015488;155653145;C01;2;7;0;2;4;1;1;
202300015488;155653146;D01;2;7;0;2;4;1;1;
202300015489;155653140;A01;1;10;0;2;2;1;1;
202300015489;155653141;B01;2;50;0;2;8;11;3;
202300015490;155653139;A01;1;33;13;0;0;1;1;
202300015491;155653137;B01;3;32;0;2;1;1;1;
202300015491;155653138;A01;3;7;0;2;3;9;1;
202300015492;155653135;A01;3;10;6;0;3;19;0;
202300015492;155653136;B01;2;33;6;0;2;1;1;
202300015493;155653134;A01;3;7;0;1;4;26;1;
202300015494;155653132;B01;1;7;0;2;1;1;1;
202300015494;155653133;A01;1;30;0;2;1;5;1;
202300015495;155653129;A01;0;7;0;1;1;1;1;
202300015496;155653128;A01;1;7;0;1;1;15;1;
202300015497;155653126;B01;2;7;0;9;1;1;1;
202300015497;155653127;A01;2;1;0;2;1;19;5;
202300015498;155653120;B01;1;13;0;2;4;2;1;
202300015498;155653121;A01;1;30;0;2;1;2;0;
202300015499;155653118;B01;1;7;0;2;8;1;1;
202300015499;155653119;A01;1;7;0;2;1;19;1;
202300015500;155653117;A01;2;7;0;1;1;1;1;
202300015501;155653115;B01;3;7;0;2;1;1;1;
202300015501;155653116;A01;3;30;0;2;1;13;1;
202300015502;155653114;A01;0;7;0;1;2;1;1;
202300015503;155653112;B01;1;33;0;2;3;1;1;
202300015503;155653113;A01;3;7;0;2;3;15;1;
202300015504;155653111;A01;3;33;0;0;7;16;1;
202300015505;155653109;A01;1;1;0;2;1;1;5;
202300015505;155653110;B01;2;7;0;2;3;1;1;
202300015506;155653107;B01;3;7;0;2;4;2;1;
202300015506;155653108;A01;3;30;0;2;1;2;1;
202300015507;155653106;A01;3;2;0;0;0;21;1;
202300015508;155653105;A01;3;7;8;0;1;13;1;
202300015509;155653103;A01;3;7;0;2;8;19;1;
202300015509;155653104;B01;2;33;0;2;1;1;1;
202300015510;155653101;A01;3;60;0;2;7;26;5;
202300015510;155653102;B01;3;7;0;2;1;16;0;
202300015511;155653100;A01;0;7;6;0;1;9;1;
202300015512;155653098;B01;3;7;0;2;2;23;1;
202300015512;155653099;A01;2;50;14;2;1;5;3;
202300015513;155653097;A01;2;7;0;1;2;1;1;
202300015514;155653095;B01;2;7;0;2;4;15;1;
202300015514;155653096;A01;2;50;0;2;1;21;3;
202300015515;155653093;A01;1;7;0;2;1;9;1;
202300015515;155653094;B01;1;80;0;2;1;1;3;
202300015516;155653091;B01;2;7;0;2;1;1;1;
202300015516;155653092;A01;1;7;0;2;3;15;1;
202300015517;155653090;A01;1;7;13;0;3;13;3;
202300015518;155653088;B01;1;80;0;2;7;2;3;
202300015518;155653089;A01;1;7;0;2;3;2;1;
202300015519;155653086;A01;1;33;0;2;7;17;1;
202300015519;155653087;B01;1;7;0;2;8;15;1;
202300015520;155653084;A01;3;7;0;2;1;1;1;
202300015520;155653085;B01;3;1;0;2;1;1;5;
202300015521;155653083;A01;1;30;12;0;8;11;1;
202300015522;155653080;A01;1;7;0;2;1;1;1;
202300015522;155653081;B01;1;7;0;2;4;1;1;
202300015522;155653082;C01;1;7;0;2;6;1;1;
202300015523;155653078;B01;1;7;0;2;7;16;1;
202300015523;155653079;A01;1;1;0;2;8;1;5;
202300015524;155653076;A01;3;33;0;0;1;1;1;
202300015524;155653077;B01;1;7;0;0;3;1;1;
202300015525;155653075;A01;3;7;0;1;5;0;1;
202300015526;155653074;A01;3;3;0;1;1;0;1;
202300015527;155653072;A01;1;7;0;2;1;1;1;
202300015527;155653073;B01;2;99;0;2;7;1;1;
202300015528;155653071;A01;1;7;0;1;7;26;1;
202300015529;155653070;A01;1;10;0;1;2;21;1;
202300015530;155653068;A01;1;30;0;2;1;2;1;
202300015530;155653069;B01;1;7;0;2;4;1;1;
202300015531;155653066;A01;0;7;0;2;2;1;0;
202300015531;155653067;B01;0;1;0;2;3;19;5;
202300015532;155653063;A01;1;7;0;2;8;13;1;
202300015532;155653064;B01;2;7;0;2;3;0;1;
202300015532;155653065;C01;2;7;0;2;1;1;1;
202300015533;155653062;A01;1;30;0;0;0;1;1;
202300015534;155653061;A01;3;30;12;0;2;20;1;
202300015535;155653059;A01;3;7;0;2;1;1;1;
202300015535;155653060;B01;3;7;0;2;7;1;1;
202300015536;155653057;A01;2;33;3;2;3;21;1;
202300015536;155653058;B01;2;10;0;2;8;1;1;
202300015537;155653055;B01;2;33;0;2;3;1;1;
202300015537;155653056;A01;1;7;0;2;3;15;1;
202300015538;155653054;A01;1;7;13;0;1;1;1;
202300015539;155653051;A01;2;7;0;2;3;1;1;
202300015539;155653052;B01;2;7;0;2;1;1;1;
202300015539;155653053;C01;2;7;0;2;4;1;1;
202300015540;155653049;A01;3;33;0;2;2;3;1;
202300015540;155653050;B01;3;7;0;2;8;11;1;
202300015541;155653047;A01;1;30;0;2;1;12;1;
202300015541;155653048;B01;1;7;0;2;5;1;1;
202300015542;155653046;A01;1;7;1;0;1;13;1;
202300015543;155653044;B01;2;1;0;2;7;14;5;
202300015543;155653045;A01;2;7;0;2;8;1;1;
202300015544;155653042;A01;1;7;0;2;5;12;1;
202300015544;155653043;B01;1;33;0;2;3;1;1;
202300015545;155653039;C01;2;10;0;2;3;1;1;
202300015545;155653040;B01;2;10;0;2;6;1;1;
202300015545;155653041;A01;1;10;0;2;3;13;1;
202300015546;155653037;B01;2;7;0;2;2;1;0;
202300015546;155653038;A01;2;50;0;2;0;0;3;
202300015547;155653033;B01;1;7;0;2;8;15;1;
202300015547;155653034;A01;1;10;0;2;2;17;1;
202300015548;155653031;B01;1;7;0;2;1;1;1;
202300015548;155653032;A01;2;7;0;2;1;1;1;
202300015549;155653029;A01;1;99;0;2;4;1;1;
202300015549;155653030;B01;1;7;0;2;1;1;1;
202300015550;155653027;A01;2;7;0;2;3;15;1;
202300015550;155653028;B01;1;30;0;2;1;1;1;
202300015551;155653026;A01;1;7;0;1;3;1;1;
202300015552;155653024;A01;3;7;0;2;3;15;1;
202300015552;155653025;B01;3;1;0;2;1;1;5;
202300015553;155653023;A01;1;7;15;0;1;1;1;
202300015554;155653021;B01;3;50;0;2;4;1;3;
202300015554;155653022;A01;3;7;0;2;2;15;1;
202300015555;155653020;A01;1;7;0;1;7;26;1;
202300015556;155653019;A01;3;7;0;1;1;1;0;
202300015557;155653018;A01;1;50;0;1;1;25;3;
202300015558;155653017;A01;1;30;0;0;7;14;1;
202300015559;155653015;A01;3;32;0;2;4;23;1;
202300015559;155653016;B01;3;7;0;2;1;2;1;
202300015560;155653013;B01;3;33;0;2;1;1;1;
202300015560;155653014;A01;3;7;0;2;2;9;1;
202300015561;155653012;A01;2;7;0;1;2;1;1;
202300015562;155653008;D01;2;7;0;2;4;2;1;
202300015562;155653009;A01;2;10;0;2;1;21;1;
202300015562;155653010;B01;2;7;0;2;1;2;1;
202300015562;155653011;C01;2;10;0;2;4;2;1;
202300015563;155653005;B01;1;33;0;2;3;3;1;
202300015563;155653006;C01;1;7;0;2;7;1;1;
202300015563;155653007;A01;1;31;0;2;5;12;1;
202300015564;155653002;C01;1;7;0;2;6;2;2;
202300015564;155653003;A01;1;7;0;2;1;2;1;
202300015564;155653004;B01;1;7;0;2;5;2;1;
202300015565;155653000;A01;1;7;0;2;1;2;1;
202300015565;155653001;B01;2;31;0;2;1;2;1;
202300015566;155652999;A01;1;1;0;1;1;1;5;
202300015567;155652997;A01;1;10;0;2;4;1;1;
202300015567;155652998;B01;1;7;0;2;4;23;1;
202300015568;155652996;A01;1;7;0;1;5;1;1;
202300015569;155652994;B01;1;7;0;2;3;1;1;
202300015569;155652995;A01;2;1;0;2;7;1;5;
202300015570;155652992;A01;2;7;0;2;7;22;1;
202300015570;155652993;B01;2;1;0;2;1;1;5;
202300015571;155652990;B01;2;7;0;2;0;15;3;
202300015571;155652991;A01;1;2;0;2;0;1;3;
202300015572;155652987;C01;1;7;0;2;8;1;1;
202300015572;155652988;B01;2;7;0;2;3;1;1;
202300015572;155652989;A01;2;1;0;2;3;21;5;
202300015573;155652985;B01;1;1;0;2;8;13;5;
202300015573;155652986;A01;1;7;0;2;2;23;3;
202300015574;155652983;B01;1;31;0;2;2;1;1;
202300015574;155652984;A01;1;7;0;2;3;10;1;
202300015575;155652981;A01;1;7;0;0;3;22;1;
202300015575;155652982;B01;1;1;1;0;1;1;5;
202300015576;155652980;A01;1;50;0;1;1;2;3;
202300015577;155652977;B01;3;7;0;2;1;1;1;
202300015577;155652978;C01;3;7;0;2;1;1;1;
202300015577;155652979;A01;3;7;0;2;1;1;1;
202300015578;155652975;A01;2;7;4;2;8;2;1;
202300015578;155652976;B01;2;2;4;2;7;2;1;
202300015579;155652973;B01;3;33;0;2;0;1;1;
202300015579;155652974;AA01;3;7;0;2;2;15;1;
202300015580;155652971;A01;1;7;0;2;3;2;1;
202300015580;155652972;B01;1;31;0;2;2;2;1;
202300015581;155652970;A01;1;50;9;0;0;1;3;
202300015582;155652969;A01;3;7;0;1;1;1;1;
202300015583;155652967;B01;1;7;0;2;6;15;2;
202300015583;155652968;A01;1;30;0;2;1;1;1;
202300015584;155652965;A01;0;1;0;9;1;2;5;
202300015584;155652966;B01;0;1;0;0;4;2;5;
202300015585;155652963;B01;1;7;1;0;2;17;1;
202300015585;155652964;A01;1;13;0;2;8;26;1;
202300015586;155652961;A01;3;7;0;9;6;11;0;
202300015586;155652962;B01;3;33;0;2;1;3;1;
202300015587;155652959;B01;2;32;0;2;1;0;1;
202300015587;155652960;A01;1;7;0;2;3;6;1;
202300015588;155652958;A01;3;7;0;1;1;1;1;
202300015589;155652956;A01;0;80;0;2;6;1;3;
202300015589;155652957;Z01;3;0;0;9;2;1;0;
202300015590;155652954;A01;3;30;0;2;1;11;1;
202300015590;155652955;B01;3;7;0;2;8;11;1;
202300015591;155652953;A01;2;34;0;1;2;2;1;
202300015592;155652952;A01;1;30;8;0;1;1;1;
202300015593;155652950;A01;1;33;0;1;1;21;1;
202300015593;155652951;B01;1;7;0;2;5;0;1;
202300015594;155652949;A01;2;32;0;1;1;1;1;
202300015595;155652947;A01;1;7;1;2;1;14;1;
202300015595;155652948;B01;1;7;0;2;4;23;3;
202300015596;155652946;A01;3;2;0;0;0;2;1;
202300015597;155652945;A01;2;7;16;0;3;0;1;
202300015598;155652944;A01;2;2;12;0;1;1;1;
202300015599;155652942;A01;2;33;0;2;1;2;1;
202300015599;155652943;B01;2;7;0;2;8;15;1;
202300015600;155652940;A01;1;33;0;2;7;2;1;
202300015600;155652941;B01;1;7;0;2;8;2;1;
202300015601;155652938;A01;1;33;0;2;1;17;1;
202300015601;155652939;B01;1;10;0;2;6;15;1;
202300015602;155652937;A01;0;7;0;1;1;1;1;
202300015603;155652934;A01;1;7;2;0;1;1;1;
202300015604;155652933;A01;0;33;0;0;0;0;0;
202300015605;155652932;A01;2;1;0;0;0;1;5;
202300015606;155652929;C01;1;7;0;2;3;1;1;
202300015606;155652930;A01;2;7;0;2;1;1;1;
202300015606;155652931;B01;1;10;0;2;3;1;1;
202300015607;155652928;A01;1;7;17;0;1;1;1;
202300015608;155652927;A01;2;7;2;0;8;13;1;
202300015609;155652925;A01;2;7;0;2;1;13;1;
202300015609;155652926;B01;1;7;0;2;1;1;1;
202300015610;155652923;A01;1;7;0;2;2;2;0;
202300015610;155652924;B01;2;7;0;2;3;26;0;
202300015611;155652922;A01;2;7;6;0;1;0;1;
202300015612;155652920;A01;1;33;0;0;2;2;1;
202300015612;155652921;B01;1;7;0;0;6;2;1;
202300015613;155652918;A01;1;7;3;2;2;2;1;
202300015613;155652919;B01;1;13;0;2;2;2;1;
202300015614;155652917;A01;1;7;6;0;3;1;6;
202300015615;155652916;A01;1;7;13;0;1;14;1;
202300015616;155652915;A01;1;7;3;0;1;14;1;
202300015617;155652913;A01;2;7;0;2;2;12;1;
202300015617;155652914;B01;2;7;3;0;6;1;1;
202300015618;155652909;A01;3;7;0;2;3;9;1;
202300015618;155652912;B01;3;50;0;2;0;1;3;
202300015619;155652910;A01;2;7;0;2;1;15;1;
202300015619;155652911;B01;1;7;0;2;1;1;1;
202300015620;155652906;A01;1;7;0;2;1;1;1;
202300015620;155652907;B01;1;7;0;2;4;0;1;
202300015620;155652908;C01;1;7;0;2;4;1;1;
202300015621;155652904;B01;0;7;0;2;1;1;1;
202300015621;155652905;A01;0;7;0;2;8;1;1;
202300015622;155652902;A01;1;7;0;2;1;2;1;
202300015622;155652903;B01;1;7;0;2;4;2;1;
202300015623;155652901;A01;1;7;0;1;1;1;2;
202300015624;155652900;A01;2;33;13;0;9;1;1;
202300015625;155652898;A01;3;2;0;2;1;13;1;
202300015625;155652899;B01;3;10;0;2;3;1;1;
202300015626;155652897;A01;1;7;2;0;3;0;1;
202300015627;155652895;A01;3;7;0;2;3;9;0;
202300015627;155652896;B01;0;32;0;2;1;17;0;
202300015628;155652893;A01;2;10;0;2;1;2;1;
202300015628;155652894;B01;2;17;0;2;4;1;0;
202300015629;155652891;A01;1;2;9;0;1;17;1;
202300015629;155652892;B01;2;7;0;0;8;1;0;
202300015630;155652889;A01;0;7;6;0;1;0;1;
202300015631;155652887;A01;1;7;0;2;1;5;0;
202300015631;155652888;B01;2;7;0;2;1;1;0;
202300015632;155652886;A01;3;33;0;0;0;0;1;
202300015633;155652885;A01;1;7;2;0;1;1;1;
202300015634;155652883;A01;0;50;0;2;1;17;3;
202300015634;155652884;B01;0;7;0;9;6;15;1;
202300015635;155652881;A01;2;7;0;2;2;1;1;
202300015635;155652882;B01;1;50;0;2;0;25;3;
202300015636;155652880;A01;1;7;3;0;3;17;1;
202300015637;155652878;B01;1;7;0;2;1;1;1;
202300015637;155652879;A01;1;10;0;2;3;19;1;
202300015638;155652877;A01;2;7;0;5;3;21;1;
202300015639;155652876;A01;1;7;6;0;3;0;1;
202300015640;155652875;A01;3;33;6;0;1;0;1;
202300015641;155652872;A01;0;7;1;2;9;3;1;
202300015641;155652873;B01;0;10;0;0;8;0;1;
202300015641;155652874;C01;0;10;0;0;5;0;1;
202300015642;155652870;A01;1;7;0;2;2;17;1;
202300015642;155652871;B01;1;7;0;2;3;15;1;
202300015643;155652868;B01;2;7;0;2;3;1;1;
202300015643;155652869;A01;1;7;0;2;1;13;1;
202300015644;155652867;A01;2;2;0;0;1;1;1;
202300015645;155652866;A01;2;7;0;1;3;1;1;
202300015646;155652864;A01;1;7;0;2;8;9;1;
202300015646;155652865;B01;1;33;0;2;2;1;1;
202300015647;155652863;A01;1;33;10;0;1;1;1;
202300015648;155652861;A01;2;7;0;2;3;13;1;
202300015648;155652862;B01;1;7;0;2;3;1;1;
202300015649;155652860;A01;1;7;13;0;2;1;4;
202300015650;155652855;A01;2;7;0;2;1;13;1;
202300015650;155652856;F01;1;10;0;2;3;1;1;
202300015650;155652857;E01;1;7;0;2;1;1;1;
202300015650;155652858;D01;1;7;0;2;9;1;1;
202300015650;155652859;C01;1;7;0;2;3;1;1;
202300015651;155652854;A01;3;7;0;0;0;0;0;
202300015652;155652852;A01;2;7;0;2;6;17;1;
202300015652;155652853;B01;1;2;0;0;8;2;1;
202300015653;155652851;A01;0;10;2;0;5;1;1;
202300015654;155652849;A01;1;7;0;2;3;1;1;
202300015654;155652850;B01;2;7;13;2;3;1;1;
202300015655;155652848;A01;1;7;0;1;1;0;1;
202300015656;155652847;A01;1;33;0;0;0;16;1;
202300015657;155652843;A01;2;7;0;0;4;23;1;
202300015657;155652844;B01;2;7;0;2;1;1;1;
202300015657;155652845;C01;2;7;0;2;2;1;1;
202300015657;155652846;D01;2;7;0;2;1;1;1;
202300015658;155652842;A01;2;31;0;0;9;1;1;
202300015659;155652839;A01;1;7;0;2;7;13;1;
202300015659;155652840;B01;2;13;0;2;1;1;1;
202300015660;155652837;A01;2;10;0;2;2;1;1;
202300015660;155652838;B01;1;50;0;2;7;9;3;
202300015661;155652835;A01;1;7;0;2;1;1;1;
202300015661;155652836;B01;2;15;0;2;1;1;1;
202300015662;155652831;A01;1;7;0;2;1;2;1;
202300015662;155652832;B01;1;7;0;2;4;2;1;
202300015662;155652833;C01;1;33;0;2;4;2;0;
202300015662;155652834;D01;1;7;0;2;4;2;1;
202300015663;155652829;A01;2;7;0;2;3;1;1;
202300015663;155652830;B01;1;7;0;2;3;1;1;
202300015664;155652827;A01;3;33;12;2;1;1;1;
202300015664;155652828;B01;0;7;0;2;1;1;1;
202300015665;155652825;A01;2;7;0;2;3;13;1;