Num_Acc;id_vehicule;num_veh;senc;catv;obs;obsm;choc;manv;motor;occutc
202300015665;155652826;B01;1;33;0;0;8;1;1;
202300015666;155652824;A01;2;33;0;0;0;1;1;
202300015667;155652822;A01;2;31;0;0;7;15;1;
202300015667;155652823;B01;2;10;0;2;1;1;1;
202300015668;155652820;A01;1;7;0;2;8;1;1;
202300015668;155652821;B01;2;33;0;2;8;1;1;
202300015669;155652819;A01;1;2;0;0;0;26;1;
202300015670;155652818;A01;1;7;3;0;1;1;1;
202300015671;155652817;A01;3;1;1;0;1;0;5;
202300015672;155652816;A01;1;33;7;0;1;1;1;
202300015673;155652815;A01;2;7;0;0;1;1;1;
202300015674;155652814;A01;0;7;8;0;1;14;1;
202300015675;155652812;A01;2;7;13;2;3;13;1;
202300015675;155652813;B01;1;7;13;2;3;0;1;
202300015676;155652810;A01;3;7;1;2;3;15;1;
202300015676;155652811;B01;3;2;0;2;1;1;1;
202300015677;155652808;A01;2;7;0;2;3;5;1;
202300015677;155652809;B01;1;7;0;2;3;5;1;
202300015678;155652806;A01;1;31;0;2;1;1;1;
202300015678;155652807;B01;2;7;0;2;3;1;1;
202300015679;155652804;A01;1;7;0;2;7;1;1;
202300015679;155652805;B01;1;80;0;2;8;15;3;
202300015680;155652802;B01;1;7;0;2;1;19;1;
202300015680;155652803;A01;2;15;0;0;8;1;1;
202300015681;155652801;A01;2;14;0;1;1;1;1;
202300015682;155652797;B01;1;15;0;9;8;1;1;
202300015682;155652798;A01;1;1;0;2;1;19;5;
202300015683;155652796;A01;1;7;6;0;9;1;1;
202300015684;155652792;B01;2;7;0;2;4;2;1;
202300015684;155652793;A01;2;7;0;2;1;2;1;
202300015684;155652794;C01;2;7;0;2;4;2;1;
202300015685;155652791;A01;0;2;4;0;0;1;1;
202300015686;155652789;A01;2;7;0;0;8;1;1;
202300015686;155652790;B01;2;7;0;2;3;9;1;
202300015687;155652787;A01;2;7;0;2;7;15;1;
202300015687;155652788;B01;1;33;0;2;1;1;1;
202300015688;155652784;A01;1;7;0;0;5;3;1;
202300015688;155652785;B01;1;7;0;0;4;1;1;
202300015688;155652786;C01;1;10;0;0;1;2;1;
202300015689;155652780;A01;1;7;0;0;4;1;1;
202300015689;155652781;B01;1;7;0;2;1;1;1;
202300015689;155652782;C01;1;7;0;2;1;1;1;
202300015689;155652783;D01;1;7;0;2;3;1;1;
202300015690;155652778;A01;1;33;0;2;8;13;1;
202300015690;155652779;B01;1;7;0;0;7;2;1;
202300015691;155652776;A01;1;31;0;2;1;1;1;
202300015691;155652777;B01;2;7;0;2;3;15;1;
202300015692;155652774;A01;1;7;0;2;1;13;1;
202300015692;155652775;B01;2;7;0;2;1;16;1;
202300015693;155652773;A01;1;7;13;0;1;21;1;
202300015694;155652771;B01;1;2;0;2;3;0;1;
202300015694;155652772;A01;1;10;0;2;5;17;1;
202300015695;155652768;A01;1;7;0;2;1;2;1;
202300015695;155652769;B01;1;7;0;2;6;15;1;
202300015696;155652766;A01;2;7;0;2;1;14;1;
202300015696;155652767;B01;1;7;0;2;1;1;1;
202300015697;155652763;A01;3;7;8;0;2;14;1;
202300015698;155652761;B01;1;7;0;2;7;1;1;
202300015698;155652762;A01;1;7;0;2;1;1;1;
202300015699;155652760;A01;2;7;6;0;1;14;1;
202300015700;155652759;A01;1;33;0;0;8;15;0;
202300015701;155652757;A01;1;7;3;2;1;13;3;
202300015701;155652758;B01;2;7;3;2;1;0;1;
202300015702;155652755;A01;1;7;0;0;3;5;1;
202300015702;155652756;B01;2;7;0;0;3;1;3;
202300015703;155652753;B01;2;7;0;0;5;1;1;
202300015703;155652754;A01;1;7;2;2;2;5;1;
202300015704;155652751;A01;2;10;0;2;2;13;0;
202300015704;155652752;B01;1;7;0;2;7;13;0;
202300015705;155652750;A01;2;33;6;0;1;1;1;
202300015706;155652748;B01;2;7;0;2;3;1;1;
202300015706;155652749;A01;1;33;0;2;7;13;1;
202300015707;155652746;A01;2;7;0;2;3;11;1;
202300015707;155652747;B01;2;33;1;2;2;2;1;
202300015708;155652744;A01;1;10;0;2;2;13;1;
202300015708;155652745;B01;2;7;13;2;2;1;1;
202300015709;155652742;B01;1;10;0;2;8;1;1;
202300015709;155652743;A01;2;7;0;2;1;1;1;
202300015710;155652739;A01;2;7;0;2;3;11;1;
202300015710;155652740;B01;1;2;0;2;1;1;1;
202300015710;155652741;C01;0;7;0;0;3;23;1;
202300015711;155652738;A01;3;10;0;1;4;4;1;
202300015712;155652736;B01;2;33;0;2;1;1;1;
202300015712;155652737;A01;1;7;0;2;7;15;1;
202300015713;155652734;A01;1;7;0;2;2;12;1;
202300015713;155652735;B01;1;31;0;2;3;1;1;
202300015714;155652732;B01;2;7;0;2;4;2;1;
202300015714;155652733;A01;2;31;0;2;1;2;1;
202300015715;155652730;B01;2;10;3;2;6;2;1;
202300015715;155652731;A01;2;43;3;2;7;2;1;
202300015716;155652728;A01;2;33;0;2;1;3;1;
202300015716;155652729;B01;2;7;0;2;4;11;1;
202300015717;155652726;B01;1;7;0;2;6;13;1;
202300015717;155652727;A01;1;33;0;2;2;12;1;
202300015718;155652725;A01;1;7;1;0;3;1;1;
202300015719;155652724;A01;2;7;4;0;1;1;1;
202300015720;155652721;A01;2;10;0;2;3;15;1;
202300015720;155652722;B01;1;2;0;2;4;1;1;
202300015720;155652723;C01;1;7;0;2;4;1;1;
202300015721;155652719;A01;1;7;0;2;1;1;1;
202300015721;155652720;B01;2;2;0;2;3;1;1;
202300015722;155652718;A01;2;33;0;1;1;2;1;
202300015723;155652716;B01;1;99;0;2;1;1;1;
202300015723;155652717;A01;2;7;0;2;7;19;1;
202300015724;155652714;A01;1;7;0;2;1;1;1;
202300015724;155652715;B01;3;7;0;2;7;19;1;
202300015725;155652713;A01;1;7;0;1;3;15;1;
202300015726;155652711;B01;1;7;0;2;1;2;1;
202300015726;155652712;A01;1;7;0;2;2;15;1;
202300015727;155652709;A01;1;31;0;2;6;0;6;
202300015727;155652710;B01;1;7;0;2;3;0;6;
202300015728;155652708;A01;2;30;0;1;1;1;1;
202300015729;155652706;B01;3;7;1;2;7;0;0;
202300015729;155652707;A01;1;7;0;2;8;0;1;
202300015730;155652704;B01;2;7;0;2;0;2;0;
202300015730;155652705;A01;2;7;0;2;0;2;0;
202300015731;155652702;B01;1;7;0;2;1;1;1;
202300015731;155652703;A01;1;7;0;2;2;19;1;
202300015732;155652700;B01;2;30;0;2;0;0;0;
202300015732;155652701;A01;2;3;0;2;7;17;3;
202300015733;155652698;A01;3;2;0;2;8;9;1;
202300015733;155652699;B01;3;7;0;2;2;1;1;
202300015734;155652697;A01;2;2;0;0;0;1;1;
202300015735;155652695;A01;1;33;0;2;8;1;0;
202300015735;155652696;B01;2;7;0;2;0;10;1;
202300015736;155652689;B01;1;7;0;2;7;23;1;
202300015736;155652690;A01;1;33;14;0;0;3;1;
202300015736;155652691;D01;1;7;0;2;5;23;3;
202300015736;155652692;C01;1;10;0;2;5;23;1;
202300015737;155652687;A01;3;50;0;2;1;1;3;
202300015737;155652688;B01;0;7;0;2;6;1;1;
202300015738;155652685;B01;3;10;0;2;4;1;1;
202300015738;155652686;A01;3;10;0;2;1;1;1;
202300015739;155652683;A01;2;7;0;2;1;1;1;
202300015739;155652684;B01;2;7;0;2;4;0;1;
202300015740;155652681;B01;3;10;0;2;4;23;1;
202300015740;155652682;A01;3;7;0;2;1;2;1;
202300015741;155652679;A01;1;7;0;2;1;15;1;
202300015741;155652680;B01;0;2;0;2;3;1;1;
202300015742;155652677;A01;2;30;0;2;1;15;1;
202300015742;155652678;B01;1;7;0;2;3;1;1;
202300015743;155652676;A01;1;7;0;1;1;1;1;
202300015744;155652674;A01;1;10;13;2;3;2;1;
202300015744;155652675;B01;1;7;0;2;5;2;1;
202300015745;155652672;B01;1;7;0;2;1;1;1;
202300015745;155652673;Z01;1;10;6;2;7;1;1;
202300015746;155652671;A01;1;7;6;0;1;1;1;
202300015747;155652669;A01;1;7;0;2;2;15;1;
202300015747;155652670;B01;2;33;0;2;1;1;1;
202300015748;155652668;A01;3;7;0;2;0;0;1;
202300015749;155652667;A01;2;7;6;0;1;14;1;
202300015750;155652665;B01;2;7;0;2;1;1;1;
202300015750;155652666;A01;0;7;0;2;6;1;1;
202300015751;155652663;A01;1;7;0;2;5;9;1;
202300015751;155652664;B01;1;7;0;2;3;1;1;
202300015752;155652661;B01;2;7;0;2;2;1;1;
202300015752;155652662;A01;2;7;0;2;3;9;1;
202300015753;155652659;A01;1;7;0;2;2;1;1;
202300015753;155652660;B01;3;10;0;2;8;1;1;
202300015754;155652657;A01;2;31;11;2;9;17;1;
202300015754;155652658;B01;2;7;0;2;1;1;1;
202300015755;155652655;A01;2;7;13;0;2;1;1;
202300015755;155652656;B01;2;7;0;0;0;16;1;
202300015756;155652653;A01;1;7;0;2;1;21;1;
202300015756;155652654;B01;1;7;0;2;4;1;1;
202300015757;155652651;A01;2;33;0;2;1;12;1;
202300015757;155652652;B01;2;7;0;2;3;1;1;
202300015758;155652649;B01;2;7;0;2;2;1;1;
202300015758;155652650;A01;2;7;0;2;3;1;1;
202300015759;155652645;A01;2;7;0;2;4;2;1;
202300015759;155652646;B01;1;7;0;2;1;2;1;
202300015760;155652644;A01;3;7;0;1;1;20;1;
202300015761;155652642;A01;1;7;0;2;1;1;1;
202300015761;155652643;B01;1;7;0;2;4;23;1;
202300015762;155652640;B01;1;10;0;2;6;11;1;
202300015762;155652641;A01;1;43;0;2;1;1;1;
202300015763;155652638;B01;2;7;0;2;5;1;6;
202300015763;155652639;A01;2;32;0;2;3;1;1;
202300015764;155652635;B01;1;31;0;0;1;1;1;
202300015764;155652636;A01;1;7;0;2;2;1;1;
202300015764;155652637;C01;1;7;0;9;3;1;1;
202300015765;155652633;A01;2;7;0;2;3;5;1;
202300015765;155652634;B01;1;7;0;2;3;26;1;
202300015766;155652632;A01;3;7;0;1;4;4;1;
202300015767;155652630;A01;1;7;0;2;2;20;1;
202300015767;155652631;B01;2;1;0;2;2;1;5;
202300015768;155652629;A01;0;7;0;1;3;15;1;
202300015769;155652627;B01;1;7;0;2;1;2;1;
202300015769;155652628;A01;1;7;0;1;4;26;1;
202300015770;155652625;B01;0;39;0;0;0;0;0;
202300015770;155652626;A01;1;7;0;4;2;19;1;
202300015771;155652623;A01;2;7;0;2;1;13;0;
202300015771;155652624;B01;1;7;0;2;1;1;0;
202300015772;155652622;A01;1;30;0;1;1;1;1;
202300015773;155652620;B01;1;7;0;2;0;16;1;
202300015773;155652621;A01;2;7;0;2;6;13;1;
202300015774;155652618;A01;2;0;0;2;3;15;1;
202300015774;155652619;B01;1;7;0;2;3;1;1;
202300015775;155652616;B01;3;1;0;2;5;0;5;
202300015775;155652617;A01;3;7;0;9;3;1;1;
202300015776;155652615;A01;1;3;9;0;1;2;0;
202300015777;155652614;A01;1;7;0;1;1;2;1;
202300015778;155652612;B01;2;31;0;2;7;2;1;
202300015778;155652613;A01;2;7;0;2;3;11;1;
202300015779;155652610;A01;2;7;0;2;8;11;1;
202300015779;155652611;B01;2;43;0;2;2;1;1;
202300015780;155652608;A01;2;7;0;2;1;1;1;
202300015780;155652609;B01;1;30;0;2;9;18;1;
202300015781;155652606;B01;1;7;0;2;4;2;1;
202300015781;155652607;A01;1;7;0;2;1;2;1;
202300015782;155652604;A01;3;10;0;2;1;15;1;
202300015782;155652605;B01;3;32;0;2;1;1;1;
202300015783;155652602;A01;1;32;0;2;7;1;1;
202300015783;155652603;Z01;1;10;0;2;3;9;1;
202300015784;155652601;A01;2;43;0;1;3;9;1;
202300015785;155652600;A01;1;10;0;1;4;4;3;
202300015786;155652598;B01;1;50;1;0;1;1;3;
202300015786;155652599;A01;1;7;0;2;8;24;1;
202300015787;155652596;A01;2;7;0;2;8;22;1;
202300015787;155652597;B01;2;1;1;0;1;1;5;
202300015788;155652594;B01;2;1;0;2;1;1;5;
202300015788;155652595;A01;2;99;0;2;6;15;1;
202300015789;155652593;A01;1;1;0;1;1;1;5;
202300015790;155652592;A01;2;30;14;0;2;14;1;
202300015791;155652591;A01;2;50;0;0;0;1;3;
202300015792;155652589;Z01;2;7;0;2;5;9;1;
202300015792;155652590;B01;2;33;0;2;1;1;1;
202300015793;155652587;B01;2;80;8;2;1;1;3;
202300015793;155652588;A01;3;7;0;2;1;9;1;
202300015794;155652584;C01;2;7;0;2;4;2;1;
202300015794;155652585;A01;2;7;0;2;1;2;1;
202300015794;155652586;B01;2;10;0;2;9;1;1;
202300015795;155652582;A01;2;7;0;2;3;15;1;
202300015795;155652583;B01;1;33;0;2;1;21;1;
202300015796;155652580;B01;1;30;0;2;1;2;1;
202300015796;155652581;A01;1;10;0;2;8;9;1;
202300015797;155652578;B01;1;7;0;2;6;1;1;
202300015797;155652579;A01;3;33;0;2;1;9;1;
202300015798;155652576;A01;0;7;8;2;1;1;2;
202300015798;155652577;B01;0;7;0;2;0;0;1;
202300015799;155652574;A01;1;43;0;2;6;2;1;
202300015799;155652575;B01;1;7;1;2;0;0;0;
202300015800;155652572;B01;0;31;0;0;4;0;1;
202300015800;155652573;A01;0;7;0;2;1;16;1;
202300015801;155652570;A01;1;10;0;1;1;1;1;
202300015802;155652569;A01;3;7;0;9;4;23;1;
202300015802;155652571;B01;3;1;0;2;1;2;5;
202300015803;155652566;A01;3;7;0;2;0;0;0;
202300015803;155652567;B01;0;7;0;2;0;0;-1;
202300015804;155652565;A01;2;10;0;2;7;15;1;
202300015804;155652568;B01;1;33;0;2;3;1;1;
202300015805;155652564;A01;3;37;0;1;2;16;2;1.0
202300015806;155652560;A01;1;7;0;2;3;10;1;
202300015806;155652562;B01;1;33;0;2;1;17;1;
202300015807;155652561;B01;1;33;0;2;1;9;1;
202300015807;155652563;A01;1;7;0;2;2;9;1;
202300015808;155652557;A01;2;0;0;2;2;0;1;
202300015808;155652559;Y01;2;50;0;2;3;0;3;
202300015809;155652552;A01;1;7;0;2;1;18;1;
202300015809;155652554;B01;1;7;0;2;5;1;1;
202300015809;155652556;C01;1;7;0;2;8;1;1;
202300015809;155652558;D01;1;10;0;2;5;1;1;
202300015810;155652551;A01;1;7;0;1;2;2;1;
202300015811;155652548;B01;2;7;0;2;4;1;1;
202300015811;155652550;A01;2;7;0;2;1;1;1;
202300015812;155652549;A01;1;7;0;1;3;26;1;
202300015813;155652545;C01;1;7;0;2;1;2;1;
202300015813;155652546;B01;1;7;0;2;4;2;1;
202300015813;155652547;A01;1;10;0;2;1;2;1;
202300015814;155652543;A01;2;33;0;2;1;1;1;
202300015814;155652544;B01;1;7;0;0;2;15;1;
202300015815;155652540;C01;2;10;0;2;0;0;0;
202300015815;155652541;A01;2;7;0;2;1;1;1;
202300015815;155652542;B01;2;7;0;2;4;0;1;
202300015816;155652538;A01;2;7;0;2;1;1;0;
202300015816;155652539;B01;2;7;0;2;4;2;0;
202300015817;155652537;A01;1;34;0;1;1;1;1;
202300015818;155652536;A01;2;7;0;1;2;1;1;
202300015819;155652534;A01;1;7;0;2;3;1;1;
202300015819;155652535;B01;2;7;0;2;8;15;1;
202300015820;155652533;A01;2;7;6;0;1;16;1;
202300015821;155652531;A01;2;34;0;2;7;17;1;
202300015821;155652532;B01;2;7;0;2;3;15;1;
202300015822;155652529;B01;1;2;0;2;2;26;1;
202300015822;155652530;A01;0;7;0;2;2;19;1;
202300015823;155652528;A01;1;31;14;0;7;3;1;
202300015824;155652524;B01;3;33;0;2;7;23;1;
202300015824;155652527;A01;3;17;0;2;6;16;1;
202300015825;155652525;A01;1;7;0;2;1;15;1;
202300015825;155652526;B01;2;7;0;2;1;1;1;
202300015826;155652521;A01;2;80;0;2;1;1;3;
202300015826;155652523;B01;1;1;0;2;1;1;5;
202300015827;155652520;A01;1;7;0;2;1;1;1;
202300015827;155652522;B01;2;7;0;2;4;1;1;
202300015828;155652516;A01;3;31;0;2;1;2;1;
202300015828;155652517;Z01;3;10;0;2;4;1;1;
202300015829;155652515;A01;2;7;0;1;4;9;2;
202300015830;155652514;A01;1;7;0;1;1;1;3;
202300015831;155652511;A01;1;7;0;2;3;16;1;
202300015831;155652512;B01;2;50;0;2;1;1;3;
202300015832;155652513;A01;2;7;0;1;2;1;0;
202300015833;155652510;A01;3;33;8;0;3;7;1;
202300015834;155652508;B01;2;7;0;2;4;1;1;
202300015834;155652509;A01;2;10;0;2;4;2;1;
202300015835;155652506;A01;2;7;0;2;7;15;1;
202300015835;155652507;B01;1;30;0;2;1;1;1;
202300015836;155652504;B01;1;1;1;0;1;1;5;
202300015836;155652505;A01;1;7;0;2;2;22;1;
202300015837;155652502;Z01;2;7;0;2;1;9;1;
202300015837;155652503;B01;1;2;0;2;8;9;1;
202300015838;155652500;A01;1;7;0;1;2;1;1;
202300015839;155652501;A01;2;7;0;1;8;1;1;
202300015840;155652498;A01;2;10;0;2;8;13;1;
202300015840;155652499;B01;2;33;0;2;7;17;1;
202300015841;155652495;A01;1;3;0;1;4;4;1;
202300015842;155652496;Y01;1;1;1;0;1;1;5;
202300015842;155652497;A01;1;10;0;2;3;24;1;
202300015843;155652491;A01;3;33;0;2;3;18;1;
202300015843;155652494;B01;3;10;0;0;2;14;1;
202300015844;155652492;B01;3;7;0;2;2;1;2;
202300015844;155652493;A01;0;1;0;2;0;1;5;
202300015845;155652488;A01;3;50;0;2;1;1;3;
202300015845;155652490;B01;2;7;0;2;2;1;2;
202300015846;155652487;A01;3;33;8;2;9;18;1;
202300015846;155652489;B01;3;7;0;2;7;2;1;
202300015847;155652484;A01;2;34;0;2;3;18;1;
202300015847;155652486;B01;2;7;0;2;2;1;1;
202300015848;155652483;B01;3;33;0;2;4;23;1;
202300015848;155652485;A01;3;7;0;2;1;1;1;
202300015849;155652481;B01;1;2;0;0;4;23;3;
202300015849;155652482;A01;1;7;0;2;2;2;3;
202300015850;155652479;A01;1;2;0;2;7;5;3;
202300015850;155652480;B01;2;7;0;2;1;1;1;
202300015851;155652476;B01;1;1;0;2;5;1;5;
202300015851;155652478;A01;1;7;0;2;0;1;0;
202300015852;155652475;A01;1;32;0;2;1;1;1;
202300015852;155652477;B01;1;7;0;2;3;26;3;
202300015853;155652472;A01;1;33;0;2;1;17;1;
202300015853;155652474;B01;3;7;12;2;3;15;1;
202300015854;155652471;A01;1;14;0;2;2;16;1;
202300015854;155652473;B01;1;1;0;2;4;1;5;
202300015855;155652466;A01;1;7;0;2;2;1;1;
202300015855;155652470;B01;1;7;0;2;3;15;1;
202300015856;155652467;A01;3;14;0;2;1;1;1;
202300015856;155652469;B01;3;10;0;2;6;24;1;
202300015857;155652465;A01;3;30;0;2;0;1;1;
202300015857;155652468;B01;3;10;0;2;6;1;1;
202300015858;155652462;A01;2;7;13;0;1;13;1;
202300015859;155652461;A01;3;33;0;2;1;3;1;
202300015859;155652463;B01;3;7;0;2;5;1;2;
202300015860;155652459;A01;2;7;0;1;4;4;1;
202300015861;155652460;B01;2;7;0;2;3;1;3;
202300015861;155652464;A01;2;7;0;2;2;19;0;
202300015862;155652457;A01;3;33;0;2;1;9;1;
202300015862;155652458;Z01;3;7;0;2;4;9;1;
202300015863;155652456;A01;1;7;0;1;2;26;0;
202300015864;155652453;A01;1;7;0;2;3;11;2;
202300015864;155652454;B01;1;31;0;2;2;2;3;
202300015865;155652448;A01;0;7;0;2;2;15;1;
202300015865;155652451;B01;0;1;0;2;8;2;5;
202300015866;155652450;A01;2;7;0;2;1;19;6;
202300015866;155652452;B01;1;7;0;2;7;19;6;
202300015867;155652449;A01;3;7;0;2;2;9;1;
202300015867;155652455;B01;3;7;0;2;3;0;1;
202300015868;155652446;B01;1;80;0;2;8;19;3;
202300015868;155652447;A01;1;7;0;2;2;1;1;
202300015869;155652445;A01;1;3;0;0;1;1;1;
202300015870;155652443;A01;2;1;0;0;0;1;5;
202300015871;155652439;A01;0;7;0;1;0;20;0;
202300015872;155652440;A01;2;7;0;2;1;15;1;
202300015872;155652442;B01;2;7;0;2;1;1;1;
202300015873;155652437;A01;1;7;4;0;9;1;1;
202300015874;155652441;A01;1;1;0;2;1;1;5;
202300015874;155652444;B01;2;10;0;2;3;1;1;
202300015875;155652436;A01;3;7;0;2;3;1;1;
202300015875;155652438;B01;3;33;6;2;1;26;1;
202300015876;155652432;A01;1;7;0;0;3;15;1;
202300015876;155652433;B01;2;2;0;2;2;1;1;
202300015877;155652430;B01;1;10;0;2;1;26;1;
202300015877;155652434;A01;2;13;0;2;2;1;1;
202300015878;155652428;A01;3;10;4;0;0;26;1;
202300015879;155652425;A01;0;33;0;2;1;1;0;
202300015879;155652426;B01;0;7;0;2;7;0;1;
202300015880;155652424;A01;1;50;0;1;1;1;3;
202300015881;155652427;A01;2;7;0;2;1;1;1;
202300015881;155652429;B01;2;7;0;2;4;1;1;
202300015882;155652422;B01;2;10;0;2;4;1;1;
202300015882;155652423;A01;2;7;0;2;1;1;1;
202300015883;155652420;B01;1;1;0;2;4;2;5;
202300015883;155652421;A01;1;32;0;2;1;2;1;
202300015884;155652417;B01;2;1;1;2;1;1;5;
202300015884;155652419;A01;1;1;1;2;1;21;5;
202300015885;155652415;A01;1;31;0;2;7;1;1;
202300015885;155652416;B01;2;21;0;2;8;15;1;
202300015886;155652412;A01;1;33;0;0;9;0;1;
202300015887;155652411;A01;3;7;4;2;1;11;1;
202300015887;155652413;B01;3;7;0;2;6;13;1;
202300015887;155652414;C01;3;7;4;2;1;1;1;
202300015888;155652409;A01;1;10;0;2;7;14;1;
202300015888;155652410;B01;1;31;0;2;8;1;1;
202300015889;155652407;A01;3;7;0;1;5;4;1;
202300015890;155652406;A01;2;2;0;2;1;1;1;
202300015890;155652408;B01;2;7;0;2;4;23;1;
202300015891;155652405;A01;1;33;0;0;7;2;1;
202300015892;155652402;A01;1;15;0;2;2;14;1;
202300015892;155652404;B01;1;7;0;2;6;1;2;
202300015893;155652401;A01;0;1;0;2;1;0;5;
202300015893;155652403;B01;0;7;0;9;1;19;1;
202300015894;155652400;A01;1;7;0;1;2;1;1;
202300015895;155652397;A01;2;60;0;2;3;1;5;
202300015895;155652398;B01;2;7;0;2;2;15;1;
202300015896;155652396;A01;2;7;4;2;2;17;1;
202300015896;155652399;B01;2;7;3;2;8;1;1;
202300015897;155652395;A01;1;7;0;0;9;2;1;
202300015898;155652393;A01;1;7;1;0;2;0;1;
202300015899;155652392;A01;1;7;13;0;9;1;1;
202300015900;155652394;A01;2;7;4;2;2;1;1;
202300015901;155652390;A01;3;7;0;1;1;1;0;
202300015902;155652387;A01;1;7;0;2;7;12;1;
202300015902;155652389;B01;1;32;0;2;8;3;1;
202300015903;155652386;A01;1;2;3;0;2;1;1;
202300015904;155652383;A01;1;7;0;2;1;2;1;
202300015904;155652385;B01;1;7;0;2;4;2;2;
202300015905;155652382;A01;1;33;2;0;1;1;1;
202300015906;155652384;A01;2;32;0;0;0;3;1;
202300015907;155652381;A01;1;33;0;0;1;1;1;
202300015908;155652380;A01;0;80;0;9;1;17;3;
202300015909;155652378;A01;2;33;0;0;0;15;1;
202300015910;155652375;A01;3;14;0;2;3;16;1;
202300015910;155652377;B01;3;7;0;0;3;16;1;
202300015911;155652374;C01;2;7;0;2;4;1;1;
202300015911;155652376;B01;2;10;0;2;4;1;1;
202300015911;155652379;A01;2;43;0;2;1;21;1;
202300015912;155652371;B01;0;7;0;2;3;2;1;
202300015912;155652373;A01;0;33;0;2;2;13;1;
202300015913;155652370;A01;3;30;0;2;1;0;1;
202300015913;155652372;B01;3;7;0;2;3;15;1;
202300015914;155652362;A01;1;7;0;2;1;9;0;
202300015914;155652365;B01;2;7;0;2;2;1;0;
202300015915;155652361;Y01;2;7;0;2;1;2;0;
202300015915;155652364;A01;2;33;0;2;4;1;1;
202300015915;155652366;B01;2;7;0;2;1;21;1;
202300015915;155652368;Z01;2;7;0;2;1;2;0;
202300015916;155652360;A01;1;7;0;2;8;5;1;
202300015916;155652363;B01;2;7;0;2;8;1;1;
202300015917;155652354;B01;1;50;0;2;1;1;3;
202300015917;155652359;A01;2;10;0;2;5;15;1;
202300015918;155652355;A01;1;33;0;2;3;1;1;
202300015918;155652357;B01;2;7;0;2;3;1;1;
202300015919;155652352;A01;3;7;6;0;1;26;1;
202300015920;155652351;B01;1;1;0;2;0;1;5;
202300015920;155652353;A01;1;10;0;2;5;14;1;
202300015921;155652350;A01;2;7;1;0;4;13;1;
202300015922;155652349;A01;1;7;15;0;1;1;1;
202300015923;155652347;A01;1;33;0;2;6;23;1;
202300015923;155652348;B01;1;7;0;2;3;23;1;
202300015924;155652344;A01;1;7;0;0;4;19;0;
202300015924;155652345;B01;1;15;0;0;1;17;1;
202300015925;155652340;A01;1;33;16;0;1;1;1;
202300015926;155652341;A01;3;7;0;2;3;13;1;
202300015926;155652342;B01;3;7;0;2;3;1;1;
202300015927;155652343;A01;3;7;0;2;2;1;1;
202300015927;155652346;B01;3;50;0;2;1;9;3;
202300015928;155652337;A01;2;7;0;2;6;15;1;
202300015928;155652339;B01;1;33;0;2;1;14;1;
202300015929;155652336;B01;2;15;0;2;1;21;1;
202300015929;155652338;A01;1;7;0;2;6;19;1;
202300015930;155652331;A01;1;10;0;2;1;1;1;
202300015930;155652334;B01;1;15;0;0;4;15;1;
202300015931;155652332;B01;1;7;0;9;7;1;0;
202300015931;155652335;A01;1;50;0;2;1;1;3;
202300015932;155652329;A01;0;7;0;1;3;1;1;
202300015933;155652325;A01;2;7;0;2;1;15;1;
202300015933;155652327;B01;1;1;1;2;1;1;5;
202300015933;155652328;C01;1;7;0;0;3;23;1;
202300015934;155652324;A01;1;7;0;1;3;1;1;
202300015935;155652323;A01;2;7;16;0;9;14;1;
202300015936;155652322;A01;1;7;0;2;3;9;1;
202300015936;155652326;B01;2;7;0;2;3;1;1;
202300015937;155652320;A01;2;1;0;2;1;1;5;
202300015937;155652321;B01;3;7;0;0;8;9;1;
202300015938;155652319;A01;1;43;0;0;0;1;1;
202300015939;155652316;A01;1;33;13;0;1;1;1;
202300015940;155652314;A01;2;7;0;1;2;17;1;
202300015941;155652313;A01;1;7;0;2;6;0;1;
202300015941;155652317;B01;1;32;0;2;1;1;1;
202300015942;155652312;A01;1;7;0;2;3;9;1;
202300015942;155652315;B01;1;2;0;0;7;1;1;
202300015943;155652310;A01;1;33;0;2;1;1;1;
202300015943;155652311;B01;1;7;0;2;3;15;1;
202300015944;155652308;A01;2;7;0;2;3;13;1;
202300015944;155652309;B01;1;7;0;2;3;1;2;
202300015945;155652305;A01;0;7;0;2;3;15;1;
202300015945;155652306;B01;0;31;0;2;1;17;1;
202300015946;155652307;A01;1;7;0;1;1;16;2;
202300015947;155652304;A01;1;14;14;0;7;16;1;
202300015948;155652301;A01;1;7;0;0;6;1;1;
202300015948;155652303;B01;1;32;0;2;1;0;3;
202300015949;155652299;A01;1;2;0;2;1;2;1;
202300015949;155652302;B01;1;10;0;2;4;2;1;
202300015950;155652297;A01;1;32;0;0;0;21;0;
202300015951;155652298;B01;2;2;0;2;4;2;1;
202300015951;155652300;A01;2;7;0;2;3;2;1;
202300015952;155652295;A01;1;1;13;0;1;1;5;
202300015953;155652294;A01;1;50;0;0;0;26;3;
202300015954;155652293;A01;2;7;0;2;2;1;1;
202300015954;155652296;B01;1;7;0;2;2;1;0;
202300015955;155652292;A01;1;7;7;0;9;1;1;
202300015956;155652289;A01;1;80;0;2;8;13;3;
202300015956;155652291;B01;1;14;0;2;5;17;1;
202300015957;155652288;B01;2;21;0;2;8;23;1;
202300015957;155652290;A01;1;7;0;2;1;1;1;
202300015958;155652281;A01;2;80;12;0;2;5;3;
202300015959;155652282;A01;2;7;0;2;3;1;1;