Num_Acc;id_vehicule;num_veh;senc;catv;obs;obsm;choc;manv;motor;occutc
202300015959;155652283;B01;1;7;0;2;3;13;1;
202300015959;155652285;C01;2;33;0;2;1;1;1;
202300015960;155652275;A01;2;7;0;2;1;0;1;
202300015960;155652280;B01;2;7;0;2;4;1;1;
202300015960;155652286;C01;2;7;0;2;4;1;3;
202300015961;155652276;B01;2;7;0;2;1;1;1;
202300015961;155652278;A01;1;7;0;2;1;13;1;
202300015962;155652277;A01;1;7;0;2;1;1;1;
202300015962;155652279;B01;1;1;0;2;7;1;5;
202300015963;155652272;A01;1;7;0;2;7;17;1;
202300015963;155652274;B01;1;7;0;2;8;1;1;
202300015964;155652270;A01;1;50;0;2;7;17;3;
202300015964;155652271;B01;1;80;0;2;8;15;3;
202300015965;155652269;B01;1;33;0;2;1;1;1;
202300015965;155652273;A01;2;7;0;2;7;1;1;
202300015966;155652268;A01;1;7;2;0;1;13;1;
202300015967;155652264;A01;2;34;0;2;1;1;1;
202300015967;155652267;B01;1;7;0;2;7;19;1;
202300015968;155652263;A01;3;7;17;2;1;1;1;
202300015968;155652266;B01;3;7;0;2;1;19;1;
202300015969;155652262;A01;1;7;0;2;3;1;1;
202300015969;155652265;B01;2;2;0;0;6;1;1;
202300015970;155652261;A01;1;33;0;0;0;1;1;
202300015971;155652258;B01;1;7;0;2;3;1;1;
202300015971;155652259;A01;2;7;0;2;1;13;1;
202300015972;155652257;A01;2;7;0;9;2;1;1;
202300015972;155652260;B01;2;50;0;2;0;0;3;
202300015973;155652254;A01;1;1;0;2;1;11;5;
202300015973;155652256;B01;2;7;0;9;3;1;1;
202300015974;155652252;A01;2;7;2;0;1;2;1;
202300015975;155652253;A01;2;7;0;2;1;9;1;
202300015975;155652255;B01;2;7;0;2;5;1;1;
202300015976;155652251;A01;1;7;0;1;2;1;1;
202300015977;155652249;A01;2;50;16;0;0;1;3;
202300015978;155652246;A01;2;7;0;2;3;13;1;
202300015978;155652247;B01;1;17;2;2;1;1;1;
202300015978;155652250;C01;1;7;0;2;1;1;1;
202300015979;155652243;A01;2;7;0;2;1;13;1;
202300015979;155652248;B01;1;7;0;2;1;1;1;
202300015980;155652241;A01;1;36;13;0;0;2;1;
202300015981;155652238;A01;2;7;0;0;9;1;1;
202300015982;155652237;A01;3;10;0;2;1;2;1;
202300015982;155652239;B01;3;7;0;2;4;23;1;
202300015982;155652242;C01;3;7;0;2;4;23;1;
202300015983;155652235;A01;1;7;13;0;3;13;1;
202300015984;155652236;B01;2;7;1;0;1;1;1;
202300015984;155652240;C01;1;7;0;2;0;23;-1;
202300015985;155652229;A01;1;7;2;0;2;1;1;
202300015986;155652227;A01;3;7;0;2;3;15;1;
202300015986;155652230;B01;3;33;0;2;8;1;1;
202300015986;155652234;C01;3;7;0;2;2;23;1;
202300015987;155652226;A01;2;7;13;2;1;13;1;
202300015987;155652228;B01;2;7;0;2;3;1;1;
202300015987;155652231;C01;2;7;0;2;2;1;1;
202300015987;155652233;D01;1;7;0;2;6;1;1;
202300015988;155652225;A01;0;10;0;2;1;1;1;
202300015989;155652224;A01;3;7;16;9;1;1;1;
202300015990;155652222;A01;1;7;15;0;3;1;0;
202300015991;155652221;B01;3;80;1;2;8;1;3;
202300015991;155652223;A01;1;7;0;2;2;17;1;
202300015992;155652220;A01;1;7;0;1;3;0;1;
202300015993;155652219;A01;2;7;0;1;3;1;1;
202300015994;155652217;A01;1;7;1;0;1;1;1;
202300015995;155652214;A01;1;7;0;2;3;13;1;
202300015995;155652218;B01;2;7;0;2;3;1;1;
202300015996;155652211;B01;1;7;0;0;5;1;1;
202300015996;155652213;C01;1;7;0;0;4;1;1;
202300015996;155652216;A01;1;33;0;2;1;1;1;
202300015997;155652210;A01;3;2;0;0;0;1;1;
202300015998;155652207;B01;1;33;0;2;1;1;1;
202300015998;155652209;A01;2;7;0;2;1;15;1;
202300015999;155652204;A01;1;33;4;0;7;26;1;
202300016000;155652205;A01;1;7;0;2;1;2;1;
202300016000;155652208;B01;1;7;0;2;5;2;2;
202300016000;155652212;C01;1;7;0;2;4;2;1;
202300016000;155652215;D01;2;7;0;2;8;1;1;
202300016001;155652203;A01;1;33;0;2;2;2;1;
202300016001;155652206;B01;1;7;0;2;5;2;1;
202300016002;155652201;A01;1;10;0;2;8;13;1;
202300016002;155652202;B01;3;33;0;2;8;1;1;
202300016003;155652199;A01;1;7;2;0;8;13;1;
202300016004;155652196;A01;3;7;0;2;3;1;1;
202300016004;155652198;B01;3;7;0;2;3;1;1;
202300016005;155652194;B01;1;7;0;2;2;1;1;
202300016005;155652200;A01;2;30;0;2;1;1;1;
202300016006;155652192;A01;3;7;0;2;1;1;2;
202300016006;155652197;B01;3;50;0;2;7;1;3;
202300016007;155652191;A01;1;7;13;0;2;14;1;
202300016008;155652193;A01;3;1;0;2;1;15;5;
202300016008;155652195;B01;3;7;0;2;1;1;1;
202300016009;155652188;B01;2;32;0;2;4;23;1;
202300016009;155652190;A01;2;7;0;2;1;2;1;
202300016010;155652187;A01;2;7;13;0;3;1;0;
202300016011;155652186;A01;1;33;0;0;1;1;1;
202300016011;155652189;B01;1;7;0;0;4;1;1;
202300016012;155652185;A01;1;7;0;1;1;15;1;
202300016013;155652183;A01;2;7;0;1;3;1;2;
202300016014;155652181;A01;1;7;0;1;1;2;1;
202300016015;155652180;A01;2;10;0;2;3;15;0;
202300016015;155652184;B01;2;10;0;0;5;2;0;
202300016016;155652179;B01;3;7;0;2;4;2;1;
202300016016;155652182;A01;3;7;0;2;1;2;1;
202300016017;155652177;A01;2;33;0;2;1;0;4;
202300016017;155652178;B01;1;7;0;2;3;0;4;
202300016018;155652176;A01;2;2;15;0;1;1;1;
202300016019;155652174;A01;1;3;0;1;4;4;1;
202300016020;155652172;B01;2;7;0;2;3;16;1;
202300016020;155652173;A01;1;2;0;2;1;11;1;
202300016021;155652168;A01;2;15;3;0;1;14;1;
202300016022;155652167;A01;1;7;1;2;1;2;0;
202300016022;155652170;B01;1;7;0;0;4;23;0;
202300016023;155652166;A01;2;10;0;2;1;15;1;
202300016023;155652169;B01;1;32;0;2;2;1;1;
202300016024;155652163;A01;1;33;0;0;7;1;0;
202300016025;155652161;A01;2;7;0;9;2;1;1;
202300016025;155652164;B01;3;50;0;2;1;5;3;
202300016026;155652158;A01;1;7;0;2;2;1;1;
202300016026;155652160;C01;1;7;0;2;3;1;1;
202300016026;155652165;B01;1;7;0;2;8;16;1;
202300016027;155652159;A01;1;7;0;2;2;16;1;
202300016027;155652162;B01;1;1;0;2;8;1;5;
202300016028;155652155;B01;1;33;0;2;2;17;1;
202300016028;155652157;A01;1;7;0;2;8;15;1;
202300016029;155652154;A01;1;7;0;0;7;15;1;
202300016029;155652156;B01;2;30;0;0;1;1;1;
202300016030;155652151;A01;3;50;12;0;1;1;3;
202300016031;155652150;A01;3;7;0;2;2;9;1;
202300016031;155652153;B01;3;1;0;2;4;1;5;
202300016032;155652149;B01;1;13;0;0;4;1;0;
202300016032;155652152;A01;2;7;0;2;1;12;1;
202300016033;155652146;B01;2;7;0;2;3;15;1;
202300016033;155652148;A01;1;33;0;2;1;17;1;
202300016034;155652141;C01;2;2;0;0;5;2;1;
202300016034;155652144;A01;2;7;0;2;3;2;0;
202300016034;155652147;B01;2;7;0;9;2;11;0;
202300016035;155652142;A01;1;7;0;2;3;15;1;
202300016035;155652145;B01;2;33;0;2;1;1;1;
202300016036;155652140;A01;1;33;16;0;2;1;1;
202300016037;155652139;B01;1;33;0;2;7;1;1;
202300016037;155652143;A01;1;7;0;2;1;9;1;
202300016038;155652135;A01;2;7;0;2;6;1;1;
202300016038;155652138;B01;2;7;8;2;8;1;1;
202300016039;155652134;B01;2;32;0;2;7;17;1;
202300016039;155652137;A01;2;7;0;2;6;15;1;
202300016040;155652133;A01;1;7;0;2;3;21;1;
202300016040;155652136;B01;2;15;0;2;6;0;1;
202300016041;155652131;A01;1;7;17;0;3;1;1;
202300016042;155652132;A01;1;7;0;1;3;15;1;
202300016043;155652127;B01;2;31;0;2;1;1;1;
202300016043;155652129;A01;1;7;0;2;4;15;1;
202300016044;155652126;A01;0;33;8;0;1;1;1;
202300016045;155652128;B01;2;1;0;2;1;2;5;
202300016045;155652130;A01;2;7;0;2;5;1;1;
202300016046;155652125;A01;3;7;0;1;2;1;1;
202300016047;155652121;B01;2;7;0;2;6;9;1;
202300016047;155652124;A01;1;31;0;2;1;1;1;
202300016048;155652122;A01;2;1;0;2;8;19;5;
202300016048;155652123;B01;1;7;0;2;3;1;1;
202300016049;155652118;A01;3;1;0;2;4;19;5;
202300016049;155652120;Z01;2;7;0;2;1;1;0;
202300016050;155652114;A01;1;7;0;0;3;13;1;
202300016050;155652116;B01;1;33;0;0;7;17;1;
202300016051;155652115;A01;1;7;0;2;3;15;1;
202300016051;155652119;B01;2;7;0;2;3;0;1;
202300016052;155652109;A01;2;7;0;0;3;15;0;
202300016052;155652113;B01;1;10;0;0;1;1;0;
202300016053;155652110;A01;2;30;0;2;1;5;3;
202300016053;155652112;B01;1;7;0;2;6;15;1;
202300016054;155652108;Z01;1;7;0;1;1;1;6;
202300016055;155652107;A01;2;7;0;2;3;5;1;
202300016055;155652111;B01;1;7;0;2;3;1;1;
202300016056;155652106;A01;1;7;8;0;2;1;1;
202300016057;155652105;A01;1;10;0;1;2;1;1;
202300016058;155652101;A01;3;1;8;0;3;1;5;
202300016059;155652099;B01;1;10;0;2;2;1;1;
202300016059;155652104;A01;0;10;0;2;1;1;1;
202300016060;155652098;B01;3;7;0;2;1;1;1;
202300016060;155652100;A01;3;7;0;2;3;5;1;
202300016061;155652094;B01;1;7;0;2;3;1;1;
202300016061;155652097;C01;2;7;0;2;6;1;1;
202300016061;155652102;A01;2;7;0;2;3;15;1;
202300016061;155652103;D01;2;7;0;2;2;1;1;
202300016062;155652095;A01;3;7;0;2;2;19;1;
202300016062;155652096;B01;3;31;0;2;7;1;1;
202300016063;155652090;B01;3;7;0;2;1;1;1;
202300016063;155652093;A01;3;10;0;2;1;15;1;
202300016064;155652092;A01;3;7;14;0;1;13;0;
202300016065;155652088;A01;1;7;0;2;2;2;1;
202300016065;155652089;B01;1;7;0;0;4;2;1;
202300016066;155652085;A01;1;15;0;2;2;12;1;
202300016066;155652087;B01;1;7;0;2;8;1;1;
202300016067;155652084;A01;1;7;0;0;2;1;1;
202300016068;155652082;A01;3;36;0;0;0;0;1;
202300016069;155652080;A01;2;7;0;2;4;1;3;
202300016069;155652081;B01;2;7;0;2;1;14;1;
202300016070;155652079;A01;1;7;13;0;0;17;1;
202300016071;155652077;A01;3;7;0;1;2;20;1;
202300016072;155652075;A01;2;7;0;2;1;2;1;
202300016072;155652076;B01;2;7;0;2;4;2;1;
202300016073;155652074;B01;1;31;0;2;1;21;1;
202300016073;155652078;A01;1;20;0;2;1;15;1;
202300016074;155652073;A01;2;7;14;0;3;1;1;
202300016075;155652072;A01;2;33;3;0;2;0;1;
202300016076;155652069;B01;2;33;0;2;1;1;1;
202300016076;155652071;A01;2;7;0;2;4;11;1;
202300016077;155652067;A01;2;7;0;2;2;19;1;
202300016077;155652070;B01;1;2;0;2;3;16;1;
202300016078;155652066;B01;1;33;0;2;1;1;1;
202300016078;155652068;A01;1;7;0;2;3;10;1;
202300016079;155652063;A01;1;33;13;0;1;1;1;
202300016080;155652060;A01;1;14;0;2;2;1;1;
202300016080;155652062;B01;1;7;0;2;8;1;1;
202300016081;155652059;A01;1;34;0;1;1;26;1;
202300016082;155652057;A01;2;2;0;0;0;1;1;
202300016083;155652058;A01;1;7;0;2;5;1;1;
202300016083;155652061;D01;1;15;0;2;3;1;1;
202300016083;155652064;C01;1;7;0;2;9;1;1;
202300016083;155652065;B01;1;7;0;2;9;1;1;
202300016084;155652051;A01;2;7;0;2;1;2;1;
202300016084;155652055;B01;2;10;0;2;4;2;1;
202300016084;155652056;C01;2;7;0;2;4;2;1;
202300016085;155652054;Z01;1;32;0;1;1;0;1;
202300016086;155652050;A01;2;7;0;2;3;17;0;
202300016086;155652052;B01;1;50;0;2;1;1;3;
202300016087;155652046;A01;1;7;0;2;1;2;1;
202300016087;155652048;B01;1;7;0;2;9;2;1;
202300016087;155652049;C01;1;7;0;2;9;0;1;
202300016087;155652053;D01;1;7;0;2;4;2;1;
202300016088;155652044;A01;2;7;0;2;3;2;1;
202300016088;155652047;B01;2;7;0;2;5;2;1;
202300016089;155652045;A01;2;7;6;0;1;14;1;
202300016090;155652043;A01;3;1;0;0;0;1;5;
202300016091;155652038;A01;2;7;0;2;8;15;1;
202300016091;155652042;B01;2;1;0;2;7;17;5;
202300016092;155652037;B01;2;33;0;0;4;2;1;
202300016092;155652040;A01;2;7;0;2;1;2;1;
202300016093;155652035;A01;3;7;9;0;1;16;1;
202300016094;155652034;A01;2;7;0;2;1;2;1;
202300016094;155652036;B01;2;7;0;2;4;2;1;
202300016094;155652039;C01;2;7;0;2;4;2;2;
202300016094;155652041;D01;2;7;0;2;4;2;1;
202300016095;155652031;A01;2;7;0;2;1;2;1;
202300016095;155652033;B01;2;7;0;2;4;2;1;
202300016096;155652026;A01;2;7;0;2;1;2;1;
202300016096;155652029;B01;2;7;0;2;4;1;2;
202300016096;155652032;C01;2;7;0;2;4;1;1;
202300016097;155652027;A01;1;7;0;2;2;5;1;
202300016097;155652030;B01;2;7;0;2;7;21;1;
202300016098;155652024;A01;1;7;0;2;1;13;1;
202300016098;155652025;B01;2;7;0;2;1;1;1;
202300016099;155652023;B01;2;17;0;2;1;1;1;
202300016099;155652028;A01;1;7;0;2;2;19;1;
202300016100;155652020;A01;2;32;0;2;7;1;1;
202300016100;155652022;B01;2;10;0;2;8;11;1;
202300016101;155652016;A01;3;7;0;2;3;1;1;
202300016101;155652018;B01;3;33;0;2;3;5;1;
202300016102;155652015;A01;1;10;0;2;3;1;1;
202300016102;155652019;B01;1;7;0;2;3;1;1;
202300016103;155652017;B01;2;7;0;2;7;12;2;
202300016103;155652021;A01;2;43;0;2;3;3;1;
202300016104;155652014;A01;0;10;0;1;1;1;2;
202300016105;155652013;A01;1;10;0;1;2;13;1;
202300016106;155652010;B01;1;7;0;9;2;1;1;
202300016106;155652012;A01;1;1;0;2;1;19;5;
202300016107;155652009;A01;3;7;0;1;6;20;1;
202300016108;155652006;A01;2;34;0;0;8;3;1;
202300016109;155652005;A01;1;7;0;2;6;19;1;
202300016109;155652008;B01;2;32;0;2;1;1;1;
202300016110;155652007;A01;3;43;8;0;1;26;3;
202300016111;155652004;Z01;3;7;0;1;0;1;0;
202300016112;155651999;B01;1;7;0;2;4;2;2;
202300016112;155652002;A01;1;7;0;2;1;2;2;
202300016113;155651997;B01;1;32;0;2;4;1;0;
202300016113;155652000;A01;1;34;0;2;4;1;0;
202300016114;155651998;A01;3;32;0;2;1;2;1;
202300016114;155652003;B01;0;7;0;2;3;1;1;
202300016115;155651994;C01;1;7;0;2;3;1;1;
202300016115;155651996;A01;1;15;0;2;3;15;1;
202300016115;155652001;B01;1;33;0;2;2;11;1;
202300016116;155651993;A01;0;7;6;0;3;1;1;
202300016117;155651991;A01;2;7;0;2;1;2;1;
202300016117;155651995;B01;2;7;0;2;4;2;1;
202300016118;155651990;B01;1;7;0;0;6;0;1;
202300016118;155651992;A01;1;7;0;2;2;2;1;
202300016119;155651989;A01;1;7;8;0;2;14;1;
202300016120;155651986;A01;1;32;0;2;1;18;1;
202300016120;155651988;B01;2;10;0;2;2;15;1;
202300016121;155651984;A01;1;7;0;2;1;1;1;
202300016121;155651987;B01;1;7;0;2;4;23;1;
202300016122;155651983;A01;1;10;0;2;3;2;1;
202300016122;155651985;B01;0;50;0;2;2;1;3;
202300016123;155651982;A01;3;7;0;1;4;4;1;
202300016124;155651975;A01;2;7;0;1;1;1;1;
202300016125;155651977;A01;2;33;0;2;8;3;1;
202300016125;155651980;B01;2;7;0;2;7;23;1;
202300016126;155651976;A01;2;32;0;2;3;18;1;
202300016126;155651979;B01;1;7;0;2;2;20;1;
202300016127;155651974;A01;3;7;0;2;1;19;1;
202300016127;155651978;C01;3;7;0;2;0;23;1;
202300016127;155651981;B01;1;33;0;2;8;1;1;
202300016128;155651972;A01;1;33;0;1;3;21;1;
202300016129;155651971;A01;1;7;0;1;1;16;1;
202300016130;155651969;B01;2;1;0;2;1;1;5;
202300016130;155651973;A01;1;7;0;2;8;1;1;
202300016131;155651970;A01;2;7;0;1;8;1;2;
202300016132;155651962;A01;1;33;0;2;6;18;1;
202300016132;155651966;B01;1;32;0;2;2;3;1;
202300016133;155651964;A01;1;50;0;1;1;25;3;
202300016134;155651963;B01;2;10;0;2;6;23;1;
202300016134;155651967;A01;2;2;0;2;1;2;1;
202300016135;155651961;A01;2;33;0;2;1;13;1;
202300016135;155651965;B01;1;20;0;2;1;23;1;
202300016135;155651968;C01;1;10;0;0;3;15;1;
202300016136;155651958;A01;2;2;0;0;0;1;1;
202300016137;155651957;Z01;1;7;0;1;0;1;0;
202300016138;155651955;B01;1;1;0;2;7;1;5;
202300016138;155651960;A01;1;7;0;2;3;9;1;
202300016139;155651953;B01;3;7;0;2;7;2;1;
202300016139;155651956;C01;3;7;0;2;6;2;1;
202300016139;155651959;Z01;3;7;0;2;3;10;1;
202300016140;155651949;A01;2;1;0;2;6;10;5;
202300016140;155651952;B01;1;1;0;2;1;1;5;
202300016141;155651951;B01;1;33;0;2;1;1;1;
202300016141;155651954;A01;2;7;0;0;7;15;1;
202300016142;155651945;A01;0;30;9;0;7;0;1;
202300016143;155651947;A01;2;80;0;2;1;1;3;
202300016143;155651948;B01;1;30;0;2;1;1;1;
202300016144;155651943;B01;2;7;0;2;6;1;1;
202300016144;155651946;C01;1;7;0;2;6;23;1;
202300016144;155651950;A01;1;7;0;2;1;9;1;
202300016145;155651941;B01;2;7;0;2;1;1;1;
202300016145;155651944;A01;1;1;0;2;2;19;5;
202300016146;155651940;A01;2;7;6;2;1;1;1;
202300016146;155651942;B01;1;7;0;2;1;1;1;
202300016147;155651938;A01;1;7;8;0;1;1;1;
202300016148;155651939;A01;3;31;0;0;8;21;1;
202300016149;155651936;B01;3;80;0;2;8;19;3;
202300016149;155651937;A01;3;7;0;2;1;1;1;
202300016150;155651932;A01;2;7;0;2;1;19;1;
202300016150;155651935;B01;1;7;0;2;2;1;1;
202300016151;155651930;B01;3;50;0;2;3;19;3;
202300016151;155651933;A01;2;7;0;2;3;1;1;
202300016152;155651931;A01;3;7;0;2;1;1;1;
202300016152;155651934;B01;3;33;0;2;4;1;1;
202300016153;155651927;A01;1;33;0;0;7;1;1;
202300016154;155651928;B01;2;1;0;2;0;1;5;
202300016154;155651929;A01;1;7;0;2;3;15;3;
202300016155;155651925;A01;3;43;0;2;6;2;1;
202300016155;155651926;B01;3;10;0;2;6;1;1;
202300016156;155651921;C01;1;7;0;2;1;1;1;
202300016156;155651922;A01;1;7;0;0;0;17;0;
202300016156;155651923;B01;2;7;0;2;1;21;1;
202300016157;155651919;A01;1;7;0;1;2;1;1;
202300016158;155651918;A01;2;7;12;0;3;2;1;
202300016158;155651920;B01;2;33;12;0;7;12;1;
202300016159;155651917;A01;1;7;0;2;7;15;1;
202300016159;155651924;B01;1;7;0;2;1;1;1;
202300016160;155651915;A01;1;33;0;0;9;1;1;
202300016161;155651913;A01;1;7;0;1;3;1;1;
202300016162;155651912;A01;2;33;0;0;1;1;1;
202300016163;155651910;A01;3;10;2;0;1;13;1;
202300016164;155651909;Y01;1;1;0;2;1;0;5;
202300016164;155651911;A01;1;7;0;2;5;24;1;
202300016165;155651908;A01;2;1;0;1;1;1;5;
202300016166;155651907;A01;2;33;0;0;0;1;1;
202300016167;155651904;A01;0;7;0;1;2;2;1;
202300016168;155651903;A01;1;30;0;2;1;13;1;
202300016168;155651905;B01;1;7;0;2;5;2;2;
202300016169;155651901;A01;1;2;0;2;2;17;1;
202300016169;155651902;B01;1;21;0;2;5;15;1;
202300016170;155651898;A01;2;80;0;2;1;1;3;
202300016170;155651899;B01;2;80;0;2;4;20;3;
202300016171;155651896;B01;3;7;0;2;4;1;1;
202300016171;155651900;A01;3;7;0;2;1;2;1;
202300016172;155651906;A01;2;1;14;0;0;23;5;
202300016173;155651895;A01;1;10;8;0;4;4;1;
202300016174;155651892;A01;1;7;0;2;1;15;1;
202300016174;155651894;B01;2;7;0;2;8;26;1;
202300016174;155651897;C01;1;7;0;0;1;23;1;
202300016175;155651890;A01;3;10;0;2;2;26;1;
202300016175;155651893;B01;3;7;0;2;1;16;1;
202300016176;155651891;A01;1;7;0;1;2;1;2;
202300016177;155651886;A01;2;15;0;2;3;11;0;
202300016177;155651888;B01;2;7;0;2;5;2;6;
202300016178;155651887;B01;0;50;0;2;1;1;3;
202300016178;155651889;A01;2;10;0;2;2;16;1;
202300016179;155651884;A01;3;50;0;1;1;25;3;
202300016180;155651881;B01;1;7;0;2;3;21;1;
202300016180;155651885;A01;1;34;0;0;5;2;1;
202300016181;155651880;A01;2;7;0;2;4;2;1;
202300016181;155651883;B01;2;7;0;0;1;2;1;
202300016182;155651879;B01;0;31;0;2;2;15;1;
202300016182;155651882;A01;1;10;0;2;6;15;1;
202300016183;155651878;A01;2;50;14;0;1;0;3;
202300016184;155651875;A01;2;7;0;2;4;2;1;
202300016184;155651876;B01;2;7;0;2;1;2;1;
202300016185;155651877;A01;0;7;1;0;2;1;0;
202300016186;155651873;A01;2;1;0;2;1;2;5;
202300016186;155651874;B01;2;1;0;2;4;15;5;
202300016187;155651870;A01;1;7;0;2;4;1;1;
202300016187;155651871;B01;1;7;0;2;1;2;1;
202300016188;155651868;A01;2;7;0;2;0;15;1;
202300016188;155651869;C01;1;7;0;2;0;0;1;
202300016188;155651872;B01;1;7;0;2;4;4;1;
202300016189;155651865;Z01;1;2;0;1;3;1;3;
202300016190;155651866;A01;2;7;8;0;1;1;1;
202300016191;155651861;B01;1;17;0;2;4;2;1;
202300016191;155651863;A01;1;33;0;2;1;2;1;
202300016192;155651860;A01;1;7;0;1;2;17;1;
202300016193;155651859;B01;2;7;0;2;5;2;1;
202300016193;155651862;A01;2;33;0;2;1;2;1;
202300016194;155651854;B01;2;50;0;2;7;19;3;
202300016194;155651857;A01;1;7;0;2;1;1;1;
202300016195;155651852;A01;1;10;0;2;1;0;1;
202300016195;155651856;B01;1;33;0;2;0;0;1;
202300016196;155651851;B01;3;1;0;2;8;0;5;
202300016196;155651858;A01;3;33;0;9;1;21;1;
202300016197;155651849;A01;1;7;0;2;1;1;1;
202300016197;155651850;D01;1;7;0;2;4;1;2;
202300016197;155651853;B01;1;7;0;2;4;2;1;
202300016197;155651855;C01;1;7;0;2;0;2;2;
202300016198;155651846;A01;1;30;0;2;1;1;1;
202300016198;155651848;B01;2;7;0;0;7;15;1;
202300016199;155651842;B01;2;7;0;2;5;0;1;
202300016199;155651845;A01;2;31;0;2;6;12;1;
202300016200;155651843;A01;1;32;0;2;1;17;1;
202300016200;155651847;Z01;1;10;0;2;8;0;1;
202300016201;155651841;A01;0;1;0;2;8;1;5;
202300016201;155651844;B01;1;10;0;2;1;1;3;
202300016202;155651837;A01;3;33;0;2;1;13;1;
202300016202;155651840;B01;3;7;0;2;1;1;1;
202300016203;155651835;A01;1;1;0;2;1;0;5;
202300016203;155651838;B01;2;7;0;2;3;9;1;
202300016204;155651831;A01;1;10;0;2;1;2;1;
202300016204;155651833;B01;1;10;0;2;1;2;1;
202300016204;155651836;C01;1;7;0;2;1;2;1;
202300016204;155651839;D01;1;7;0;2;4;2;1;
202300016205;155651832;A01;1;50;0;2;2;17;3;
202300016205;155651834;B01;1;7;0;2;3;15;0;
202300016206;155651828;B01;1;15;0;2;2;0;1;
202300016206;155651830;A01;1;33;0;2;1;2;1;
202300016207;155651826;A01;2;10;1;2;5;9;1;
202300016207;155651829;B01;2;33;1;2;3;23;1;
202300016208;155651825;A01;1;7;0;2;1;1;1;
202300016208;155651827;B01;1;7;0;2;4;1;3;
202300016209;155651824;A01;2;7;2;0;1;1;1;
202300016210;155651823;A01;1;7;1;0;2;1;1;
202300016211;155651819;A01;2;7;0;2;2;1;1;
202300016211;155651821;B01;2;7;0;2;6;1;1;
202300016212;155651818;A01;2;7;0;2;2;9;1;
202300016212;155651822;B01;2;1;0;2;8;1;5;
202300016213;155651817;A01;3;7;0;2;3;9;1;
202300016213;155651820;B01;3;33;0;2;1;1;1;
202300016214;155651815;A01;1;10;0;2;1;1;1;
202300016214;155651816;B01;1;7;0;2;4;1;1;
202300016215;155651808;B01;1;7;8;2;6;1;1;
202300016215;155651811;A01;1;10;9;2;2;9;1;
202300016216;155651809;A01;0;7;9;2;2;1;1;
202300016217;155651807;A01;1;7;0;2;9;1;1;
202300016217;155651810;B01;1;7;0;2;4;1;1;
202300016217;155651813;C01;1;7;0;2;9;1;1;
202300016217;155651814;D01;1;31;0;2;1;1;1;
202300016218;155651806;A01;3;7;15;0;8;7;1;
202300016219;155651805;A01;1;7;0;1;1;1;1;
202300016220;155651800;A01;2;7;0;2;1;2;1;
202300016220;155651804;B01;2;17;0;2;4;2;1;
202300016221;155651799;A01;3;7;0;2;7;26;1;
202300016221;155651802;B01;0;7;0;2;1;26;1;
202300016222;155651801;B01;3;7;0;2;3;9;1;
202300016222;155651803;A01;2;7;0;2;1;1;0;
202300016223;155651795;A01;1;7;0;2;2;12;1;
202300016223;155651798;B01;1;34;0;2;1;3;1;
202300016224;155651792;A01;3;7;0;9;1;15;1;
202300016224;155651796;B01;3;32;0;2;2;1;1;
202300016225;155651793;B01;3;2;0;2;1;1;1;
202300016225;155651797;A01;3;7;0;2;7;1;1;
202300016226;155651791;A01;1;10;0;2;3;1;0;
202300016226;155651794;B01;1;34;0;2;2;26;0;
202300016227;155651789;A01;1;10;0;2;1;0;1;
202300016227;155651790;B01;1;7;0;2;4;0;1;
202300016228;155651788;A01;1;7;0;1;8;15;1;
202300016229;155651784;B01;1;7;0;2;3;1;2;
202300016229;155651787;A01;1;7;0;2;1;9;1;
202300016230;155651780;B01;1;38;0;2;3;1;1;27.0
202300016230;155651812;A01;2;7;0;2;3;13;1;
202300016231;155651779;C01;2;10;0;2;6;1;1;
202300016231;155651781;B01;2;10;0;2;6;1;1;
202300016231;155651783;A01;2;7;0;2;2;1;2;
202300016232;155651778;A01;2;7;0;2;3;15;1;
202300016232;155651782;B01;1;34;0;0;1;23;1;
202300016232;155651785;D01;1;7;0;2;0;0;1;
202300016232;155651786;C01;1;43;0;2;1;0;1;
202300016233;155651777;A01;2;7;0;1;1;1;1;
202300016234;155651776;A01;2;7;1;0;1;1;1;
202300016235;155651774;A01;3;7;13;0;1;1;1;
202300016236;155651773;A01;2;7;0;2;7;12;1;
202300016236;155651775;B01;2;33;0;2;3;3;1;
202300016237;155651772;A01;1;7;0;1;3;9;0;
202300016238;155651769;B01;2;50;0;2;8;1;3;
202300016238;155651771;Z01;2;7;0;2;2;0;1;
202300016239;155651768;A01;2;7;14;0;1;1;1;
202300016240;155651766;B01;1;1;0;2;8;9;5;
202300016240;155651770;A01;2;7;0;9;1;26;1;
202300016241;155651765;A01;2;10;0;2;1;2;1;
202300016241;155651767;B01;2;7;0;2;4;1;1;
202300016242;155651763;A01;3;7;2;0;1;14;1;
202300016243;155651762;B01;2;7;0;2;4;23;1;
202300016243;155651764;A01;2;43;0;2;1;1;1;
202300016244;155651760;A01;1;7;11;0;1;17;1;
202300016245;155651758;A01;1;7;0;2;3;26;1;
202300016245;155651759;B01;1;7;0;2;5;26;1;
202300016246;155651757;A01;2;10;0;2;1;9;1;
202300016246;155651761;B01;2;50;0;2;4;1;3;
202300016247;155651756;A01;1;31;0;0;0;20;1;
202300016248;155651754;A01;2;50;0;2;7;7;3;