Num_Acc;id_vehicule;num_veh;senc;catv;obs;obsm;choc;manv;motor;occutc
202300016248;155651755;B01;1;7;0;2;1;15;1;
202300016249;155651751;A01;1;7;0;1;1;21;1;
202300016250;155651752;A01;0;7;0;2;1;5;1;
202300016250;155651753;B01;0;7;0;2;1;1;0;
202300016251;155651750;A01;1;33;0;1;1;17;1;
202300016252;155651748;A01;1;7;0;9;3;15;1;
202300016252;155651749;B01;2;1;0;2;3;1;5;
202300016253;155651746;A01;1;7;13;0;2;13;0;
202300016254;155651743;A01;1;7;1;2;1;1;1;
202300016254;155651747;B01;1;34;1;2;4;23;1;
202300016255;155651742;A01;3;31;0;2;7;17;1;
202300016255;155651745;B01;3;7;0;2;8;15;1;
202300016256;155651741;B01;1;7;0;0;4;1;1;
202300016256;155651744;A01;1;2;0;2;1;1;1;
202300016257;155651738;B01;3;7;0;2;4;1;0;
202300016257;155651740;A01;3;7;0;2;1;2;0;
202300016258;155651736;A01;1;31;12;0;1;13;1;
202300016259;155651737;A01;2;7;0;2;3;1;2;
202300016259;155651739;B01;1;7;0;2;6;13;1;
202300016260;155651735;A01;2;7;0;1;2;1;0;
202300016261;155651731;A01;2;7;0;1;2;1;1;
202300016262;155651732;A01;1;7;0;2;1;1;1;
202300016262;155651734;B01;2;50;0;2;3;15;3;
202300016263;155651729;A01;2;37;0;2;1;1;1;1.0
202300016263;155651733;B01;2;7;0;2;4;1;1;
202300016264;155651727;A01;1;10;0;2;7;17;1;
202300016264;155651730;B01;1;7;0;2;8;15;1;
202300016265;155651726;A01;1;7;0;2;1;2;1;
202300016265;155651728;B01;1;7;0;2;6;11;1;
202300016266;155651725;A01;3;7;0;1;0;26;1;
202300016267;155651722;Z01;1;2;0;2;1;0;1;
202300016267;155651724;A01;2;2;0;2;1;0;1;
202300016268;155651721;A01;2;2;0;6;1;1;1;
202300016269;155651720;A01;0;33;0;2;6;2;0;
202300016269;155651723;B01;3;33;0;2;0;0;0;
202300016270;155651717;A01;3;10;14;0;0;16;1;
202300016271;155651715;B01;1;7;0;2;4;2;1;
202300016271;155651719;A01;1;7;0;2;4;2;1;
202300016272;155651712;A01;1;7;0;2;1;15;1;
202300016272;155651714;B01;2;33;0;2;1;1;1;
202300016273;155651711;A01;1;2;0;9;1;18;1;
202300016274;155651709;A01;1;7;0;2;3;15;1;
202300016274;155651713;B01;2;50;0;2;8;16;3;
202300016275;155651706;A01;3;7;0;2;6;19;1;
202300016275;155651708;B01;3;30;0;2;1;2;1;
202300016276;155651702;A01;2;7;0;2;5;0;1;
202300016276;155651704;B01;1;33;0;2;8;17;1;
202300016277;155651703;A01;1;7;0;0;2;13;1;
202300016277;155651705;B01;2;7;4;0;2;21;1;
202300016278;155651699;A01;1;50;0;2;4;13;3;
202300016278;155651701;B01;1;33;0;2;1;2;1;
202300016279;155651698;B01;0;10;0;2;3;15;1;
202300016279;155651700;A01;0;2;0;2;2;26;1;
202300016280;155651696;A01;1;30;0;0;1;26;1;
202300016281;155651695;A01;1;7;2;0;2;2;1;
202300016282;155651694;A01;1;7;0;2;3;0;1;
202300016282;155651697;B01;1;7;0;2;1;0;1;
202300016283;155651691;A01;3;7;0;2;3;15;1;
202300016283;155651693;B01;2;32;0;2;3;1;1;
202300016284;155651689;A01;1;7;8;0;0;1;1;
202300016285;155651687;A01;2;7;0;2;7;15;1;
202300016285;155651690;B01;1;33;0;2;1;21;1;
202300016286;155651686;A01;2;7;0;2;1;2;1;
202300016286;155651688;B01;2;7;0;2;4;2;1;
202300016287;155651684;A01;2;3;0;1;3;5;0;
202300016288;155651683;A01;2;50;0;0;2;1;3;
202300016289;155651681;A01;1;7;0;1;7;1;0;
202300016290;155651679;A01;1;31;0;2;8;1;1;
202300016290;155651682;Z01;1;7;0;2;2;12;1;
202300016291;155651680;A01;3;7;0;2;1;9;1;
202300016291;155651685;B01;3;1;0;2;1;1;5;
202300016292;155651678;A01;1;7;4;0;2;1;1;
202300016293;155651677;A01;2;7;0;1;2;2;0;
202300016294;155651675;A01;0;33;6;0;1;0;0;
202300016295;155651671;A01;1;1;0;0;1;0;5;
202300016296;155651674;B01;1;7;0;0;6;16;1;
202300016296;155651676;A01;1;2;0;2;1;1;1;
202300016297;155651670;B01;1;7;0;2;0;17;1;
202300016297;155651672;A01;1;31;0;2;8;15;1;
202300016298;155651669;A01;1;7;0;2;6;15;1;
202300016298;155651673;B01;1;33;0;2;1;17;1;
202300016299;155651668;A01;2;7;6;0;1;1;1;
202300016300;155651664;A01;1;1;0;2;1;9;5;
202300016300;155651667;B01;2;7;0;2;3;1;2;
202300016301;155651663;B01;1;31;0;0;4;0;1;
202300016301;155651666;A01;1;34;0;2;3;2;3;
202300016302;155651661;A01;2;7;0;2;1;21;1;
202300016302;155651665;B01;1;7;0;2;1;0;1;
202300016303;155651662;B01;3;1;0;2;3;19;5;
202300016304;155651660;A01;0;7;0;0;9;1;1;
202300016305;155651657;A01;1;10;0;0;1;0;1;
202300016306;155651658;A01;1;7;0;1;1;1;1;
202300016307;155651656;Z01;2;7;0;1;1;0;0;
202300016308;155651655;A01;1;37;0;2;2;1;1;1.0
202300016308;155651659;B01;1;7;0;2;3;22;6;
202300016309;155651654;A01;3;1;0;0;0;0;5;
202300016310;155651652;A01;2;7;7;0;1;14;0;
202300016311;155651651;A01;1;7;4;0;1;1;1;
202300016312;155651650;A01;1;7;0;0;2;1;2;
202300016312;155651653;B01;2;1;0;0;1;2;5;
202300016313;155651649;A01;3;7;0;1;1;15;1;
202300016314;155651645;B01;1;7;0;2;2;26;1;
202300016314;155651648;A01;1;2;0;0;4;1;1;
202300016315;155651643;B01;1;30;0;2;5;9;1;
202300016315;155651646;A01;1;7;0;2;3;9;2;
202300016316;155651644;A01;2;31;0;1;1;1;1;
202300016317;155651642;A01;1;7;0;1;1;1;1;
202300016318;155651640;A01;1;7;0;1;2;0;0;
202300016319;155651637;A01;2;7;8;0;1;13;1;
202300016320;155651638;A01;2;7;0;1;2;1;1;
202300016321;155651639;A01;3;7;0;0;7;19;1;
202300016321;155651641;B01;0;7;0;0;1;19;1;
202300016322;155651636;A01;2;30;0;0;1;26;1;
202300016323;155651635;A01;1;7;13;0;1;0;1;
202300016324;155651634;A01;2;7;6;0;1;1;1;
202300016325;155651629;A01;1;7;0;2;2;1;1;
202300016325;155651633;B01;2;50;0;2;1;19;3;
202300016326;155651631;A01;2;10;0;2;4;4;1;
202300016326;155651632;B01;1;33;0;2;1;23;1;
202300016327;155651627;A01;0;43;0;0;1;0;1;
202300016328;155651628;B01;1;7;0;2;0;0;1;
202300016328;155651630;A01;1;7;0;2;1;0;1;
202300016329;155651624;A01;3;7;1;0;3;5;3;
202300016330;155651622;A01;1;33;0;0;1;1;1;
202300016331;155651623;B01;2;17;0;2;1;1;0;
202300016331;155651626;A01;1;7;0;2;8;5;0;
202300016332;155651620;A01;3;7;16;2;0;0;1;
202300016332;155651625;B01;3;1;16;2;0;0;5;
202300016333;155651619;A01;2;7;1;2;5;15;1;
202300016333;155651621;B01;1;7;0;2;1;1;1;
202300016334;155651616;B01;3;7;0;2;2;1;2;
202300016334;155651618;A01;3;7;0;2;3;5;2;
202300016335;155651614;A01;1;7;0;0;2;10;3;
202300016335;155651617;B01;2;34;0;2;1;21;1;
202300016336;155651613;A01;1;7;0;1;1;17;2;
202300016337;155651611;A01;1;33;0;2;1;12;1;
202300016337;155651612;B01;1;7;0;2;3;2;3;
202300016337;155651615;C01;2;7;0;0;0;1;1;
202300016338;155651607;A01;2;33;0;2;3;17;1;
202300016338;155651608;B01;2;7;0;2;6;11;1;
202300016338;155651610;C01;2;7;0;2;5;23;1;
202300016339;155651606;B01;3;80;0;2;7;1;3;
202300016339;155651609;A01;3;7;0;2;3;16;1;
202300016340;155651601;A01;2;15;3;2;8;1;1;
202300016340;155651605;B01;2;7;0;2;2;14;1;
202300016341;155651599;A01;2;7;0;2;3;15;1;
202300016341;155651603;B01;2;43;0;2;1;1;1;
202300016342;155651598;A01;3;10;0;2;1;13;0;
202300016342;155651600;B01;3;7;0;2;1;1;1;
202300016343;155651597;A01;0;7;14;2;2;1;1;
202300016344;155651594;A01;1;17;0;2;2;12;1;
202300016344;155651596;B01;1;7;4;2;6;1;1;
202300016345;155651591;A01;2;1;0;2;7;1;5;
202300016345;155651595;B01;2;7;0;2;1;9;1;
202300016346;155651589;A01;1;10;0;1;5;4;0;
202300016347;155651587;A01;1;33;0;2;1;3;3;
202300016347;155651590;B01;1;10;0;2;0;0;1;
202300016347;155651593;C01;0;10;0;2;0;0;0;
202300016348;155651588;A01;1;7;0;2;3;10;1;
202300016348;155651592;B01;2;7;0;2;1;1;1;
202300016349;155651584;A01;1;7;4;0;4;1;1;
202300016350;155651579;B01;2;1;0;2;1;1;5;
202300016350;155651583;A01;1;37;0;2;6;1;1;1.0
202300016351;155651582;B01;1;10;0;2;2;16;1;
202300016351;155651586;A01;1;1;0;2;0;1;5;
202300016352;155651581;A01;1;7;0;2;5;15;1;
202300016352;155651585;B01;2;33;0;2;1;1;1;
202300016353;155651578;A01;2;13;0;2;3;10;6;
202300016353;155651580;B01;1;7;0;2;1;1;6;
202300016354;155651577;A01;1;50;0;0;0;2;3;
202300016355;155651570;B01;2;7;0;2;8;1;1;
202300016355;155651574;A01;1;7;0;2;8;1;1;
202300016356;155651572;B01;1;7;0;2;5;23;1;
202300016356;155651576;A01;1;43;1;0;1;18;1;
202300016357;155651569;A01;1;7;0;1;0;26;1;
202300016358;155651571;A01;2;80;0;2;1;5;3;
202300016358;155651575;B01;1;7;0;2;3;15;1;
202300016359;155651568;A01;2;7;0;2;1;1;0;
202300016359;155651573;B01;2;13;0;0;4;1;0;
202300016360;155651565;A01;1;34;0;0;1;1;1;
202300016361;155651564;A01;2;7;0;2;1;1;1;
202300016361;155651567;B01;1;1;0;2;8;19;5;
202300016362;155651562;A01;1;30;0;4;8;21;1;
202300016362;155651566;B01;3;40;0;2;3;1;3;
202300016363;155651563;A01;2;1;0;0;1;14;5;
202300016364;155651560;A01;3;50;0;1;1;1;3;
202300016365;155651558;B01;2;7;0;2;1;1;1;
202300016365;155651561;A01;2;7;0;2;7;19;1;
202300016366;155651555;B01;2;33;0;2;3;1;1;
202300016366;155651559;A01;1;7;0;2;8;17;1;
202300016367;155651554;A01;3;60;0;2;8;19;5;
202300016367;155651557;B01;1;7;1;0;1;2;1;
202300016368;155651553;A01;2;7;0;2;3;15;2;
202300016368;155651556;B01;2;50;0;2;7;17;3;
202300016369;155651552;A01;2;10;13;0;1;0;1;
202300016370;155651551;A01;0;10;16;0;0;1;1;
202300016371;155651548;A01;2;7;0;1;2;1;2;
202300016372;155651550;A01;2;7;0;1;1;1;1;
202300016373;155651545;B01;3;7;0;2;1;1;1;
202300016373;155651547;A01;3;2;0;2;1;5;1;
202300016374;155651546;A01;2;10;0;2;1;1;1;
202300016374;155651549;B01;2;1;0;2;4;1;5;
202300016375;155651544;A01;3;30;0;0;0;0;0;
202300016376;155651539;B01;1;1;0;2;8;1;5;
202300016376;155651542;A01;2;7;0;2;1;15;1;
202300016377;155651538;A01;2;10;6;0;1;16;1;
202300016378;155651540;A01;3;10;0;2;1;9;1;
202300016378;155651543;B01;3;80;0;2;4;1;3;
202300016379;155651535;A01;2;1;1;0;2;1;5;
202300016379;155651537;B01;2;1;0;0;8;23;5;
202300016380;155651536;B01;2;1;0;2;7;1;5;
202300016380;155651541;A01;2;50;0;2;8;1;3;
202300016381;155651531;B01;1;32;0;2;1;1;1;
202300016381;155651534;A01;2;7;0;2;5;15;1;
202300016382;155651530;A01;2;7;0;2;1;1;1;
202300016382;155651532;B01;2;7;0;2;3;20;1;
202300016383;155651529;A01;1;7;0;2;2;15;6;
202300016383;155651533;B01;2;2;0;2;2;13;1;
202300016384;155651525;A01;1;32;0;2;1;2;1;
202300016384;155651528;B01;1;7;0;0;4;0;1;
202300016385;155651526;A01;3;1;0;1;7;1;5;
202300016386;155651522;B01;2;7;0;2;3;1;1;
202300016386;155651524;A01;1;7;0;2;2;10;1;
202300016387;155651521;A01;1;7;0;2;3;5;1;
202300016387;155651523;B01;2;17;0;2;3;1;1;
202300016388;155651517;A01;1;7;13;0;0;1;1;
202300016389;155651515;A01;3;7;0;2;4;2;1;
202300016389;155651519;B01;3;1;0;2;1;2;5;
202300016390;155651514;A01;2;7;0;2;2;1;2;
202300016390;155651518;B01;2;43;0;2;3;1;1;
202300016391;155651512;B01;2;31;0;2;1;1;0;
202300016391;155651516;A01;3;7;0;2;3;9;1;
202300016392;155651513;A01;2;7;0;2;1;1;1;
202300016392;155651520;B01;1;7;0;2;2;13;1;
202300016393;155651509;A01;1;33;0;2;1;13;1;
202300016393;155651510;B01;2;7;0;2;3;1;2;
202300016394;155651506;A01;1;7;0;1;5;1;2;
202300016395;155651505;B01;1;33;0;2;3;1;1;
202300016395;155651508;A01;1;7;0;2;2;12;1;
202300016396;155651503;D01;1;7;0;2;4;23;1;
202300016396;155651504;A01;1;7;0;2;1;2;1;
202300016396;155651507;B01;1;7;0;2;1;2;1;
202300016396;155651511;C01;1;7;0;2;4;2;1;
202300016397;155651502;A01;1;7;0;1;2;1;1;
202300016398;155651500;A01;1;7;2;0;9;1;1;
202300016399;155651499;A01;3;33;13;0;9;1;1;
202300016400;155651498;A01;3;7;0;0;3;11;1;
202300016400;155651501;B01;3;34;0;0;2;1;1;
202300016401;155651497;A01;1;33;0;0;2;2;1;
202300016402;155651496;A01;1;7;0;1;4;4;1;
202300016403;155651494;A01;2;7;8;0;2;21;1;
202300016404;155651492;A01;3;7;0;1;1;1;1;
202300016405;155651493;A01;1;7;0;2;3;1;1;
202300016405;155651495;B01;2;7;0;2;3;13;1;
202300016406;155651489;B01;3;7;0;9;3;15;1;
202300016406;155651491;A01;3;80;0;2;2;1;3;
202300016407;155651488;A01;2;80;0;0;7;1;3;
202300016408;155651483;A01;3;7;0;2;1;2;1;
202300016408;155651487;B01;3;7;0;2;4;1;1;
202300016409;155651481;A01;2;33;0;2;1;1;1;
202300016409;155651484;B01;2;7;0;2;5;1;1;
202300016410;155651480;A01;1;7;0;2;1;13;0;
202300016410;155651485;B01;2;7;0;2;2;1;0;
202300016411;155651479;A01;2;7;0;2;3;17;1;
202300016411;155651482;B01;1;7;0;2;3;1;1;
202300016412;155651477;A01;3;7;17;0;1;21;1;
202300016413;155651472;B01;2;7;1;9;1;2;1;
202300016413;155651478;A01;2;1;1;2;7;2;5;
202300016414;155651473;A01;1;17;0;2;3;2;1;
202300016414;155651476;B01;2;10;0;2;1;13;3;
202300016415;155651470;A01;2;33;0;0;1;1;1;
202300016416;155651469;B01;1;10;0;0;1;2;1;
202300016416;155651471;C01;1;3;0;0;6;2;1;
202300016416;155651475;A01;1;10;0;0;3;2;1;
202300016417;155651468;A01;1;7;0;2;2;15;1;
202300016417;155651474;B01;3;0;0;2;1;1;0;
202300016418;155651464;B01;3;7;0;0;4;1;1;
202300016418;155651466;A01;3;2;0;2;1;1;1;
202300016419;155651462;A01;2;31;0;0;0;1;1;
202300016420;155651458;A01;2;7;0;2;7;13;1;
202300016420;155651460;B01;1;80;0;2;0;0;3;
202300016421;155651457;B01;1;7;0;2;4;1;1;
202300016421;155651459;A01;1;10;0;2;1;2;1;
202300016422;155651455;A01;1;7;0;1;2;1;1;
202300016423;155651454;B01;1;7;0;2;2;1;1;
202300016423;155651461;A01;1;30;0;2;1;9;1;
202300016424;155651450;B01;2;7;0;2;3;1;1;
202300016424;155651452;A01;1;7;0;2;3;17;1;
202300016425;155651451;A01;1;30;0;2;6;26;0;
202300016425;155651453;B01;1;7;0;2;1;0;0;
202300016426;155651449;A01;2;7;0;1;1;16;0;
202300016427;155651446;A01;2;15;0;2;2;2;1;
202300016427;155651448;B01;2;1;0;2;8;2;5;
202300016428;155651444;A01;2;7;0;2;1;17;1;
202300016428;155651447;B01;2;7;0;2;6;13;1;
202300016429;155651442;A01;1;32;0;2;1;17;1;
202300016430;155651443;A01;2;7;0;1;2;2;1;
202300016431;155651440;A01;2;31;13;0;3;1;1;
202300016432;155651437;A01;2;7;3;0;1;21;1;
202300016433;155651435;A01;1;33;13;0;7;0;1;
202300016434;155651433;A01;2;7;0;2;2;15;1;
202300016434;155651439;B01;2;32;0;2;8;1;1;
202300016435;155651434;A01;2;7;0;1;2;1;1;
202300016436;155651428;A01;2;7;0;1;1;1;2;
202300016437;155651426;A01;1;7;0;2;8;13;1;
202300016437;155651430;B01;2;1;13;2;8;1;5;
202300016438;155651425;A01;1;7;0;1;4;20;1;
202300016439;155651424;B01;2;50;11;2;1;1;3;
202300016439;155651429;A01;1;30;11;9;1;1;1;
202300016440;155651423;A01;1;7;0;2;4;1;1;
202300016440;155651427;B01;1;7;0;2;4;1;1;
202300016440;155651431;C01;1;7;0;2;1;1;1;
202300016441;155651421;A01;2;7;4;0;2;1;1;
202300016442;155651419;A01;1;33;0;2;1;1;1;
202300016442;155651422;B01;2;7;0;2;1;9;1;
202300016443;155651418;A01;2;32;0;1;7;26;1;
202300016444;155651417;A01;1;33;0;0;7;1;1;
202300016445;155651416;B01;1;7;0;2;3;0;1;
202300016445;155651420;A01;3;7;0;2;2;19;1;
202300016446;155651411;A01;1;7;2;2;9;17;1;
202300016446;155651414;B01;1;15;0;2;2;1;0;
202300016447;155651413;B01;1;33;13;2;9;1;1;
202300016447;155651415;A01;1;33;13;0;9;1;1;
202300016448;155651409;B01;3;32;0;2;1;1;1;
202300016448;155651410;A01;3;7;0;2;1;17;2;
202300016449;155651405;A01;1;7;0;2;3;13;1;
202300016449;155651408;B01;2;7;0;2;3;1;1;
202300016450;155651407;A01;1;7;0;2;1;18;1;
202300016450;155651412;B01;1;33;0;2;4;1;1;
202300016451;155651406;A01;2;1;0;0;0;1;5;
202300016452;155651403;A01;3;33;0;0;1;1;1;
202300016453;155651402;A01;1;7;0;1;1;15;0;
202300016454;155651401;A01;1;7;0;1;2;1;1;
202300016455;155651400;B01;2;7;0;2;8;1;1;
202300016455;155651404;A01;2;7;0;2;2;12;1;
202300016456;155651395;A01;3;2;0;2;1;1;1;
202300016456;155651399;B01;3;21;0;2;3;1;1;
202300016457;155651396;A01;2;7;3;0;1;1;1;
202300016458;155651394;A01;1;7;0;2;3;5;1;
202300016458;155651397;B01;2;15;0;2;3;1;1;
202300016459;155651393;A01;1;37;0;2;4;0;0;1.0
202300016459;155651398;B01;1;50;0;2;1;0;3;
202300016460;155651392;A01;1;7;2;0;1;13;1;
202300016461;155651389;A01;2;7;0;2;1;1;1;
202300016461;155651391;B01;2;7;0;2;4;1;1;
202300016462;155651387;A01;1;33;15;0;1;21;1;
202300016463;155651388;A01;2;30;0;2;1;13;3;
202300016463;155651390;B01;1;7;0;2;2;1;1;
202300016464;155651386;A01;0;7;0;1;3;1;1;
202300016465;155651381;A01;1;7;0;2;1;13;0;
202300016465;155651385;B01;2;7;8;2;1;1;0;
202300016466;155651382;A01;1;30;0;2;1;1;1;
202300016466;155651383;B01;2;10;0;2;3;1;1;
202300016467;155651380;A01;0;7;0;1;1;25;0;
202300016468;155651379;A01;2;7;0;2;1;1;0;
202300016468;155651384;B01;2;7;0;2;4;1;0;
202300016469;155651378;A01;1;7;0;1;1;1;1;
202300016470;155651377;A01;2;7;0;1;2;1;1;
202300016471;155651373;A01;3;7;1;0;1;0;1;
202300016472;155651370;A01;2;15;0;2;6;1;1;
202300016472;155651374;B01;1;7;0;2;3;1;1;
202300016473;155651372;A01;1;7;0;2;5;20;1;
202300016473;155651376;B01;1;1;0;2;2;18;5;
202300016474;155651371;A01;2;7;0;2;1;2;1;
202300016474;155651375;B01;2;7;0;2;4;2;1;
202300016475;155651367;A01;3;43;9;0;1;1;1;
202300016476;155651365;A01;1;7;0;0;3;1;1;
202300016476;155651369;B01;2;33;0;0;1;26;1;
202300016477;155651364;B01;2;7;0;2;1;1;1;
202300016477;155651368;A01;1;7;0;2;1;1;1;
202300016478;155651363;A01;2;7;0;2;1;2;1;
202300016478;155651366;B01;2;7;0;2;4;2;1;
202300016479;155651362;A01;1;7;2;0;1;14;1;
202300016480;155651360;A01;2;7;16;0;1;13;1;
202300016481;155651361;A01;3;7;0;1;3;1;1;
202300016482;155651359;A01;2;7;4;0;1;2;1;
202300016483;155651357;A01;2;80;0;0;4;1;3;
202300016483;155651358;B01;2;7;0;2;1;1;1;
202300016484;155651356;A01;1;7;4;0;2;0;1;
202300016485;155651352;A01;1;33;0;2;1;1;1;
202300016486;155651354;A01;1;10;0;2;3;15;1;
202300016486;155651355;B01;1;7;0;2;3;2;1;
202300016487;155651351;A01;2;7;0;2;8;22;1;
202300016487;155651353;B01;2;1;1;0;1;2;5;
202300016488;155651350;A01;1;7;4;0;3;2;1;
202300016489;155651349;A01;1;7;13;0;2;14;1;
202300016490;155651346;A01;1;14;0;9;1;13;1;
202300016490;155651348;B01;2;1;0;2;1;1;5;
202300016491;155651345;B01;1;7;0;0;0;15;2;
202300016491;155651347;A01;1;33;0;0;0;1;1;
202300016492;155651344;A01;2;7;4;0;1;1;1;
202300016493;155651341;A01;2;7;13;0;1;0;1;
202300016494;155651340;A01;2;7;4;0;0;1;1;
202300016495;155651342;A01;1;2;0;2;5;15;1;
202300016495;155651343;B01;2;15;0;2;2;1;1;
202300016496;155651335;A01;2;7;0;2;1;2;1;
202300016496;155651338;B01;2;10;0;2;4;2;0;
202300016497;155651334;A01;2;31;0;2;1;1;0;
202300016497;155651337;B01;1;7;0;2;3;1;0;
202300016498;155651332;A01;0;33;0;2;1;1;1;
202300016498;155651333;B01;0;10;0;2;7;11;1;
202300016498;155651336;C01;0;10;0;2;2;1;1;
202300016499;155651331;A01;2;7;4;0;2;1;1;
202300016500;155651330;A01;1;33;3;0;7;1;1;
202300016501;155651329;A01;1;7;0;2;2;15;1;
202300016501;155651339;B01;2;31;0;2;1;1;1;
202300016502;155651328;A01;1;10;3;0;1;1;1;
202300016503;155651325;A01;1;7;0;2;3;13;1;
202300016503;155651327;B01;2;7;0;2;3;1;1;
202300016504;155651324;A01;2;21;0;0;6;1;1;
202300016504;155651326;B01;2;7;8;2;1;2;1;
202300016505;155651323;A01;1;1;0;1;1;15;5;
202300016506;155651322;A01;1;7;4;0;2;2;1;
202300016507;155651321;A01;2;7;2;0;3;1;0;
202300016508;155651320;A01;2;33;0;0;0;1;1;
202300016509;155651318;A01;2;21;9;0;2;14;1;
202300016510;155651315;A01;1;33;0;0;0;1;1;
202300016511;155651314;A01;1;7;0;2;3;2;1;
202300016511;155651317;B01;2;34;0;2;2;26;1;
202300016512;155651313;A01;2;7;0;2;1;1;1;
202300016512;155651316;B01;2;7;0;2;3;1;1;
202300016512;155651319;C01;2;7;0;2;6;1;1;
202300016513;155651311;B01;3;31;0;2;8;19;1;
202300016513;155651312;A01;3;7;0;2;1;1;1;
202300016514;155651309;A01;1;7;2;0;1;1;0;
202300016515;155651308;A01;2;7;0;1;0;0;1;
202300016516;155651307;A01;1;7;0;2;4;2;1;
202300016516;155651310;B01;1;7;0;2;1;2;1;
202300016517;155651304;A01;1;33;0;0;0;1;1;
202300016518;155651301;A01;2;7;0;0;4;1;1;
202300016518;155651305;B01;2;7;0;2;1;1;1;
202300016518;155651306;C01;2;7;0;0;4;1;1;
202300016519;155651303;A01;1;7;6;0;1;1;1;
202300016520;155651300;B01;3;1;0;2;2;1;5;
202300016520;155651302;A01;3;7;0;2;3;16;1;
202300016521;155651299;A01;2;33;0;0;0;1;1;
202300016522;155651298;A01;1;7;0;1;2;16;1;
202300016523;155651294;A01;1;7;4;0;1;1;1;
202300016524;155651295;A01;2;33;0;2;1;1;1;
202300016524;155651297;B01;2;7;0;2;6;15;1;
202300016525;155651292;B01;1;17;0;0;5;1;0;
202300016525;155651296;A01;1;30;0;2;7;2;0;
202300016526;155651291;A01;2;7;0;2;1;1;1;
202300016526;155651293;B01;1;33;0;2;1;1;1;
202300016527;155651286;A01;1;7;4;2;3;2;1;
202300016527;155651290;B01;1;7;3;2;3;1;1;
202300016528;155651287;A01;2;7;0;2;2;15;6;
202300016528;155651289;B01;1;33;0;2;1;1;6;
202300016529;155651285;A01;1;99;0;0;0;14;6;
202300016530;155651284;A01;2;7;5;0;1;1;1;
202300016531;155651280;A01;1;38;13;0;2;14;1;2.0
202300016532;155651279;A01;2;7;12;1;3;1;1;
202300016533;155651276;B01;1;7;0;2;1;1;1;
202300016533;155651277;A01;2;33;0;2;1;13;1;
202300016534;155651272;A01;2;10;0;2;3;18;1;
202300016534;155651274;B01;2;7;3;2;1;12;1;
202300016534;155651278;C01;2;10;3;2;1;1;1;
202300016535;155651271;C01;1;7;0;2;1;2;1;
202300016535;155651273;B01;1;7;0;2;4;23;1;
202300016535;155651275;A01;1;7;0;2;4;23;1;
202300016536;155651268;A01;2;7;0;1;2;1;1;
202300016537;155651267;A01;1;7;3;0;3;15;1;
202300016537;155651270;B01;2;10;0;0;1;1;1;
202300016538;155651265;B01;1;10;0;9;1;1;0;
202300016538;155651266;A01;1;10;0;1;2;1;0;
202300016538;155651269;C01;1;7;0;0;0;23;0;
202300016539;155651262;A01;2;7;0;0;3;11;1;
202300016539;155651263;B01;2;50;0;2;0;2;3;
202300016540;155651261;A01;2;33;0;2;1;13;1;
202300016540;155651264;B01;1;7;0;2;3;1;1;
202300016541;155651259;B01;2;7;0;2;1;1;1;
202300016541;155651260;A01;1;7;0;2;2;18;1;
202300016542;155651258;A01;2;10;1;0;5;1;1;
202300016543;155651257;A01;1;7;13;0;0;1;0;
202300016544;155651255;B01;1;14;0;2;4;2;1;
202300016544;155651256;A01;1;33;0;2;1;2;1;
202300016545;155651252;A01;1;7;4;2;7;17;1;
202300016545;155651254;B01;1;7;0;0;3;1;1;
202300016546;155651251;A01;1;7;0;2;3;1;1;
202300016546;155651253;B01;2;7;0;2;3;0;1;
202300016547;155651250;A01;2;2;13;0;1;14;1;
202300016548;155651248;A01;3;10;0;1;4;20;1;
202300016549;155651247;A01;2;1;0;0;0;1;5;
202300016550;155651246;A01;2;7;0;2;3;13;1;
202300016550;155651249;B01;1;7;0;2;1;1;1;
202300016551;155651242;A01;1;7;0;2;3;2;1;
202300016551;155651244;B01;1;33;0;2;5;23;1;
202300016552;155651240;A01;1;7;0;2;1;1;1;
202300016552;155651245;B01;1;7;0;2;2;1;1;
202300016553;155651238;B01;1;14;0;2;3;1;1;
202300016553;155651239;A01;2;33;0;2;3;1;1;
202300016554;155651237;A01;0;31;0;0;2;9;1;
202300016555;155651236;A01;2;33;0;0;0;1;1;
202300016556;155651241;A01;2;7;0;2;1;15;1;
202300016556;155651243;B01;1;7;0;2;1;1;1;
202300016557;155651234;A01;3;2;0;2;2;2;1;
202300016557;155651235;B01;3;7;0;2;3;20;1;
202300016558;155651232;A01;1;1;0;1;1;1;5;
202300016559;155651233;A01;1;7;0;1;2;1;1;
202300016560;155651230;A01;2;10;0;1;4;4;1;
202300016561;155651228;B01;1;1;0;2;1;2;5;
202300016561;155651231;A01;1;14;0;2;5;2;1;
202300016562;155651227;A01;2;10;0;0;1;1;1;
202300016563;155651226;A01;1;7;0;2;2;21;1;
202300016563;155651229;B01;1;1;0;2;1;9;5;
202300016564;155651224;A01;3;7;0;9;1;26;1;
202300016564;155651225;B01;3;60;0;2;7;0;5;
202300016565;155651222;A01;1;7;15;0;1;13;2;
202300016566;155651220;A01;2;33;0;2;1;2;1;
202300016566;155651223;B01;2;13;0;0;6;2;1;
202300016567;155651217;A01;1;7;0;2;2;1;1;
202300016567;155651219;B01;3;50;0;2;8;26;3;
202300016568;155651218;A01;1;7;0;2;2;1;1;
202300016568;155651221;B01;2;7;0;2;1;1;1;