Num_Acc;id_vehicule;num_veh;senc;catv;obs;obsm;choc;manv;motor;occutc
202300016569;155651215;A01;2;2;0;2;1;13;1;
202300016569;155651216;B01;1;7;0;2;3;1;1;
202300016570;155651214;A01;1;7;0;1;1;16;1;
202300016571;155651213;A01;1;33;13;0;0;9;1;
202300016572;155651212;A01;1;7;0;1;8;1;0;
202300016573;155651211;A01;1;33;6;0;3;0;1;
202300016574;155651210;A01;1;10;0;1;2;16;1;
202300016575;155651209;A01;1;30;0;0;7;1;3;
202300016576;155651208;A01;1;2;12;0;0;0;1;
202300016577;155651207;A01;1;7;13;0;9;1;1;
202300016578;155651204;A01;3;7;0;2;1;9;1;
202300016578;155651205;B01;3;7;8;0;5;1;1;
202300016579;155651202;B01;3;32;0;0;1;0;0;
202300016579;155651203;A01;3;7;0;0;3;0;0;
202300016580;155651201;A01;1;7;2;0;9;14;1;
202300016581;155651197;A01;2;7;0;2;1;0;1;
202300016581;155651199;B01;1;7;0;2;1;0;1;
202300016582;155651196;A01;0;33;0;2;1;17;0;
202300016582;155651198;B01;0;7;0;2;3;1;0;
202300016583;155651195;A01;2;7;0;2;8;1;1;
202300016583;155651200;B01;1;7;0;2;1;1;1;
202300016584;155651192;A01;1;7;0;2;2;0;0;
202300016584;155651194;B01;2;7;0;2;1;13;0;
202300016585;155651190;B01;2;7;16;0;4;15;1;
202300016585;155651193;A01;2;10;1;0;1;1;1;
202300016586;155651189;A01;1;43;0;2;7;18;1;
202300016586;155651191;B01;2;7;0;2;3;15;1;
202300016587;155651187;A01;1;1;1;0;1;1;5;
202300016588;155651184;A01;3;7;0;2;7;10;1;
202300016588;155651185;B01;3;7;0;2;1;1;1;
202300016589;155651183;A01;0;7;0;1;1;15;1;
202300016590;155651182;C01;2;7;0;9;3;1;0;
202300016590;155651186;A01;1;33;0;2;1;1;0;
202300016590;155651188;B01;2;7;0;2;5;15;0;
202300016591;155651181;A01;2;7;0;1;2;1;0;
202300016592;155651180;A01;1;50;0;0;0;1;3;
202300016593;155651175;A01;1;32;0;2;5;9;1;
202300016593;155651177;B01;1;7;0;2;6;1;1;
202300016594;155651174;B01;3;50;0;2;1;19;3;
202300016594;155651178;A01;1;7;0;2;8;12;1;
202300016595;155651173;A01;2;7;8;1;1;20;1;
202300016596;155651176;B01;1;7;0;2;2;1;1;
202300016596;155651179;A01;2;7;0;2;8;9;1;
202300016597;155651169;A01;2;2;0;2;3;17;1;
202300016597;155651171;B01;1;7;0;2;3;1;1;
202300016598;155651166;A01;2;7;0;2;1;2;1;
202300016598;155651168;B01;2;7;0;2;4;1;2;
202300016598;155651172;C01;2;7;0;2;4;1;1;
202300016599;155651164;A01;1;7;7;0;9;1;1;
202300016600;155651163;B01;1;7;0;2;1;1;0;
202300016600;155651165;C01;1;7;0;2;6;1;0;
202300016600;155651170;A01;1;17;0;2;2;12;0;
202300016601;155651161;A01;2;7;6;0;1;1;1;
202300016602;155651160;A01;1;14;6;0;1;0;1;
202300016603;155651162;B01;1;7;0;2;4;2;1;
202300016603;155651167;A01;1;7;0;0;1;13;1;
202300016604;155651158;B01;1;7;0;0;6;0;0;
202300016604;155651159;A01;1;31;0;0;1;17;0;
202300016605;155651155;A01;1;7;0;2;3;2;1;
202300016605;155651157;B01;1;7;0;0;0;2;1;
202300016606;155651154;B01;2;7;0;2;3;1;1;
202300016606;155651156;A01;1;7;0;2;3;15;1;
202300016607;155651151;A01;2;10;0;2;8;11;1;
202300016607;155651153;B01;2;33;0;2;7;3;1;
202300016608;155651148;A01;2;3;0;2;4;2;1;
202300016608;155651152;B01;2;7;0;2;1;2;0;
202300016609;155651143;B01;2;7;0;2;3;1;1;
202300016609;155651145;A01;1;33;0;2;1;13;1;
202300016610;155651142;B01;1;10;0;2;4;2;1;
202300016610;155651144;C01;1;7;0;2;1;2;1;
202300016610;155651146;A01;1;10;0;2;1;2;1;
202300016611;155651141;B01;1;7;0;2;8;1;1;
202300016611;155651147;C01;1;7;0;2;8;1;1;
202300016611;155651149;A01;2;7;0;2;1;26;1;
202300016612;155651137;A01;2;43;3;2;3;3;1;
202300016612;155651139;B01;2;16;3;2;2;12;1;
202300016613;155651138;A01;2;7;0;2;1;2;1;
202300016613;155651140;B01;2;17;0;0;4;2;1;
202300016614;155651136;A01;2;7;1;0;2;14;1;
202300016615;155651133;B01;2;33;0;2;3;21;1;
202300016615;155651135;A01;2;7;0;0;4;23;0;
202300016616;155651132;A01;1;33;0;2;8;18;1;
202300016616;155651134;B01;1;7;0;2;7;16;1;
202300016617;155651127;A01;3;7;1;0;3;0;1;
202300016617;155651130;B01;1;1;1;0;2;1;5;
202300016618;155651124;B01;2;7;0;2;6;11;1;
202300016618;155651125;C01;2;7;0;2;2;1;1;
202300016618;155651129;A01;2;15;0;2;2;1;1;
202300016619;155651128;B01;3;10;0;2;1;1;1;
202300016619;155651131;A01;3;7;0;2;1;26;1;
202300016620;155651122;B01;3;99;0;2;2;26;1;
202300016620;155651123;A01;3;32;0;9;8;1;1;
202300016621;155651121;A01;2;7;4;0;3;13;3;
202300016622;155651119;A01;2;7;7;9;1;1;1;
202300016623;155651120;A01;2;50;0;2;7;0;3;
202300016623;155651126;B01;1;7;0;2;3;1;1;
202300016624;155651116;A01;1;10;0;2;1;1;1;
202300016624;155651117;B01;1;7;0;2;4;1;1;
202300016625;155651115;A01;1;33;12;0;1;1;1;
202300016626;155651114;A01;1;7;0;2;1;26;1;
202300016626;155651118;B01;2;7;0;2;1;1;1;
202300016627;155651110;C01;2;7;0;2;4;0;1;
202300016627;155651111;B01;2;33;0;2;8;0;1;
202300016627;155651113;A01;2;10;0;2;7;12;1;
202300016628;155651109;A01;1;7;0;2;2;15;1;
202300016628;155651112;B01;2;34;0;2;1;1;1;
202300016629;155651104;Z01;1;7;0;2;6;11;0;
202300016629;155651107;A01;1;32;0;2;2;3;1;
202300016630;155651105;A01;2;7;15;2;1;13;1;
202300016630;155651108;B01;2;7;0;2;3;1;1;
202300016631;155651102;A01;1;7;0;2;2;15;1;
202300016631;155651106;B01;2;7;0;2;3;1;1;
202300016632;155651101;B01;2;7;0;2;2;0;1;
202300016632;155651103;A01;2;1;0;2;0;0;5;
202300016633;155651096;B01;2;7;0;2;4;1;1;
202300016633;155651099;A01;2;7;0;2;1;2;1;
202300016634;155651094;C01;2;7;0;2;1;1;1;
202300016634;155651098;B01;2;7;0;2;1;1;1;
202300016634;155651100;A01;2;7;0;2;4;1;1;
202300016635;155651093;B01;2;60;0;2;7;26;5;
202300016635;155651095;A01;2;7;0;2;2;1;1;
202300016636;155651092;B01;3;7;0;2;1;13;1;
202300016636;155651097;A01;3;32;0;2;1;13;1;
202300016637;155651091;A01;2;7;0;1;2;1;1;
202300016638;155651088;A01;2;7;0;2;1;2;1;
202300016638;155651090;B01;2;7;0;2;4;1;1;
202300016639;155651087;A01;1;80;0;2;8;1;3;
202300016639;155651089;B01;1;7;0;2;7;14;1;
202300016640;155651082;A01;1;33;0;2;7;21;1;
202300016640;155651086;B01;1;7;0;2;3;11;1;
202300016641;155651083;A01;1;33;10;0;1;1;1;
202300016642;155651080;A01;2;3;0;2;1;9;2;
202300016642;155651085;B01;2;1;0;2;0;16;5;
202300016643;155651076;D01;2;10;0;2;4;1;1;
202300016643;155651078;A01;2;7;0;2;1;1;1;
202300016643;155651079;C01;2;7;0;2;4;1;1;
202300016643;155651081;B01;2;7;0;2;4;1;1;
202300016643;155651084;E01;2;7;0;2;4;1;1;
202300016644;155651075;A01;3;1;0;0;1;1;5;
202300016645;155651074;Z01;1;7;0;2;7;12;0;
202300016645;155651077;A01;1;33;0;2;3;3;1;
202300016646;155651073;A01;3;7;0;1;4;26;6;
202300016647;155651072;A01;2;10;13;0;0;1;1;
202300016648;155651070;B01;2;33;14;2;2;17;1;
202300016648;155651071;A01;2;10;0;2;3;15;1;
202300016649;155651069;A01;3;7;10;0;1;13;1;
202300016650;155651068;A01;3;7;0;1;0;26;1;
202300016651;155651066;A01;1;7;0;1;1;1;1;
202300016652;155651061;B01;2;10;0;2;1;1;1;
202300016652;155651065;A01;1;7;0;2;1;1;1;
202300016653;155651059;B01;3;33;0;2;1;15;1;
202300016653;155651063;A01;3;7;0;2;3;10;1;
202300016654;155651060;B01;2;33;0;2;3;1;1;
202300016654;155651064;A01;2;7;0;2;5;12;1;
202300016655;155651058;A01;1;30;12;0;9;1;1;
202300016656;155651054;A01;2;37;0;2;3;1;1;1.0
202300016656;155651057;B01;1;7;0;2;3;1;1;
202300016657;155651052;A01;0;7;0;0;2;1;0;
202300016658;155651050;B01;2;2;0;2;3;1;1;
202300016658;155651055;A01;1;7;1;2;3;13;1;
202300016659;155651051;B01;2;7;0;2;3;1;1;
202300016659;155651056;A01;2;10;0;2;2;1;1;
202300016660;155651049;A01;1;33;0;2;8;3;1;
202300016660;155651053;B01;1;7;0;2;4;12;2;
202300016661;155651047;B01;0;7;0;0;3;2;0;
202300016661;155651048;A01;0;33;0;2;7;2;0;
202300016662;155651041;B01;3;31;0;2;1;9;1;
202300016662;155651046;A01;3;2;0;2;7;15;1;
202300016663;155651042;A01;1;7;0;2;3;1;1;
202300016663;155651045;B01;2;7;0;2;3;1;1;
202300016664;155651043;Z01;3;7;0;1;0;0;0;
202300016665;155651040;A01;2;7;0;2;3;10;1;
202300016665;155651044;B01;2;33;0;2;1;17;1;
202300016666;155651039;A01;2;7;2;0;1;1;1;
202300016667;155651033;A01;1;7;0;2;3;15;1;
202300016667;155651037;B01;2;1;0;2;3;25;5;
202300016668;155651035;A01;1;7;0;2;7;15;1;
202300016668;155651038;B01;0;32;0;2;1;1;1;
202300016669;155651032;A01;2;7;6;0;1;1;1;
202300016670;155651031;A01;1;7;0;2;3;10;2;
202300016670;155651036;B01;1;1;0;2;7;5;5;
202300016671;155651030;B01;2;2;0;2;7;1;1;
202300016671;155651034;A01;1;7;0;2;1;19;1;
202300016672;155651028;A01;1;37;0;1;1;1;1;1.0
202300016673;155651024;C01;1;7;0;2;6;1;1;
202300016673;155651027;A01;1;0;0;2;0;12;0;
202300016673;155651029;B01;1;33;0;2;0;0;1;
202300016674;155651025;A01;3;32;0;0;0;21;1;
202300016675;155651023;B01;2;31;0;2;4;2;1;
202300016675;155651026;A01;2;10;0;2;2;2;1;
202300016676;155651022;A01;3;36;8;0;1;0;1;
202300016677;155651019;A01;1;7;0;1;1;1;1;
202300016678;155651018;A01;3;7;0;2;1;15;1;
202300016678;155651021;B01;3;7;0;2;3;1;2;
202300016679;155651017;A01;3;50;11;0;1;1;3;
202300016680;155651015;A01;1;7;0;2;1;2;1;
202300016680;155651020;B01;1;7;0;2;4;2;1;
202300016681;155651011;A01;1;7;8;0;1;1;0;
202300016682;155651009;C01;1;10;0;2;4;15;1;
202300016682;155651013;A01;1;7;0;2;2;2;1;
202300016682;155651016;B01;1;3;0;2;4;2;1;
202300016683;155651008;B01;1;10;0;2;1;1;1;
202300016683;155651014;A01;2;2;0;2;8;5;1;
202300016684;155651006;A01;2;7;0;2;2;17;1;
202300016684;155651010;B01;1;7;0;2;6;1;1;
202300016684;155651012;C01;1;33;0;2;1;1;1;
202300016685;155651005;A01;2;7;0;2;1;1;1;
202300016685;155651007;B01;2;7;0;2;4;1;1;
202300016686;155650999;A01;3;33;0;2;2;2;1;
202300016686;155651002;B01;1;7;0;2;3;1;2;
202300016687;155651000;A01;2;10;1;1;5;4;1;
202300016688;155650997;B01;0;2;0;2;1;1;0;
202300016688;155651004;A01;0;7;0;2;1;15;0;
202300016689;155650998;B01;3;50;0;2;3;9;3;
202300016689;155651003;A01;3;31;0;2;0;0;1;
202300016690;155650994;B01;1;7;0;2;4;2;1;
202300016690;155650996;C01;1;7;0;2;4;2;1;
202300016690;155651001;A01;1;7;0;2;1;2;1;
202300016691;155650995;A01;2;2;0;0;1;16;1;
202300016692;155650992;A01;1;40;0;1;2;1;3;
202300016693;155650990;A01;1;33;1;2;1;1;1;
202300016693;155650993;B01;2;7;0;2;3;15;1;
202300016694;155650988;A01;1;7;0;2;2;2;1;
202300016694;155650991;B01;1;7;0;2;3;9;1;
202300016695;155650984;A01;3;7;0;2;2;15;1;
202300016695;155650987;B01;3;32;0;2;3;16;1;
202300016696;155650983;B01;2;7;3;2;4;2;1;
202300016696;155650986;C01;2;7;3;2;4;2;1;
202300016696;155650989;A01;2;10;3;2;1;2;1;
202300016697;155650982;A01;1;7;0;2;3;15;1;
202300016697;155650985;B01;1;1;0;2;1;1;0;
202300016698;155650980;A01;0;30;0;0;1;0;0;
202300016699;155650978;B01;2;7;0;2;1;2;1;
202300016699;155650979;A01;2;7;0;2;4;2;1;
202300016700;155650977;A01;1;2;0;2;1;9;1;
202300016700;155650981;B01;2;7;0;2;4;26;0;
202300016701;155650975;A01;3;7;2;0;7;1;1;
202300016702;155650973;A01;0;7;0;2;6;19;1;
202300016702;155650976;B01;2;7;0;2;1;1;1;
202300016703;155650972;B01;1;7;0;2;4;2;1;
202300016703;155650974;A01;1;7;0;2;1;1;1;
202300016704;155650971;A01;1;7;0;1;1;1;1;
202300016705;155650967;A01;2;7;0;2;1;1;1;
202300016705;155650969;B01;2;7;0;2;4;23;1;
202300016706;155650966;B01;1;7;0;2;0;13;1;
202300016706;155650968;A01;1;33;0;2;0;1;1;
202300016707;155650964;B01;1;7;0;2;1;1;1;
202300016707;155650970;A01;2;7;0;2;1;13;1;
202300016708;155650963;A01;2;33;0;2;8;9;1;
202300016708;155650965;B01;2;33;0;2;0;26;0;
202300016709;155650961;A01;2;17;3;0;7;14;1;
202300016710;155650960;A01;1;33;0;1;1;1;1;
202300016711;155650958;A01;1;10;0;1;3;15;1;
202300016712;155650957;A01;0;7;0;2;3;13;1;
202300016712;155650959;B01;0;7;0;2;3;1;1;
202300016712;155650962;C01;0;10;0;2;8;1;1;
202300016713;155650955;A01;3;7;0;1;4;4;1;
202300016714;155650953;A01;1;33;0;2;8;5;1;
202300016714;155650956;B01;2;10;0;2;7;16;1;
202300016715;155650952;A01;3;7;0;2;2;19;1;
202300016715;155650954;B01;2;33;0;2;1;0;1;
202300016716;155650951;A01;1;7;0;0;0;13;1;
202300016717;155650950;A01;0;7;0;1;1;1;1;
202300016718;155650949;A01;3;14;0;1;3;16;1;
202300016719;155650947;A01;0;1;0;2;0;0;5;
202300016719;155650948;B01;0;7;0;0;0;0;0;
202300016720;155650944;A01;1;50;0;2;4;1;3;
202300016720;155650946;B01;1;7;0;2;1;1;1;
202300016721;155650943;A01;1;33;0;2;1;2;1;
202300016721;155650945;B01;1;7;0;2;6;17;1;
202300016722;155650940;A01;1;1;0;2;3;15;5;
202300016722;155650942;B01;1;43;0;2;2;1;1;
202300016723;155650939;B01;0;10;0;2;8;15;0;
202300016723;155650941;A01;0;34;0;2;7;1;0;
202300016724;155650937;A01;3;7;0;1;0;0;1;
202300016725;155650936;A01;2;7;0;2;1;13;1;
202300016725;155650938;B01;1;7;0;2;1;1;1;
202300016726;155650932;A01;1;7;0;2;1;26;1;
202300016726;155650934;B01;2;13;0;2;1;26;1;
202300016727;155650933;A01;2;1;0;2;7;14;5;
202300016727;155650935;B01;2;1;0;2;8;1;5;
202300016728;155650930;A01;1;7;0;2;8;15;1;
202300016728;155650931;B01;1;34;0;2;3;0;1;
202300016729;155650929;A01;1;7;13;0;1;14;1;
202300016730;155650926;A01;2;50;0;1;1;5;3;
202300016731;155650924;A01;3;7;1;2;1;15;1;
202300016731;155650927;B01;3;7;0;2;1;1;1;
202300016731;155650928;C01;3;7;0;0;0;0;3;
202300016732;155650923;A01;2;7;14;2;1;11;1;
202300016732;155650925;B01;2;7;14;0;5;23;1;
202300016733;155650920;A01;2;7;0;2;6;11;1;
202300016733;155650922;B01;2;7;0;2;2;1;1;
202300016734;155650921;A01;2;7;6;0;7;26;1;
202300016735;155650916;A01;2;34;0;2;0;0;1;
202300016735;155650918;B01;2;10;0;2;0;0;1;
202300016736;155650917;A01;2;10;0;2;3;15;1;
202300016736;155650919;B01;1;7;0;2;2;1;1;
202300016737;155650915;A01;2;7;0;2;1;19;3;
202300016738;155650912;Z01;1;33;0;1;1;1;1;
202300016739;155650911;B01;1;33;0;2;1;1;1;
202300016739;155650914;A01;1;7;10;0;3;6;0;
202300016740;155650910;A01;3;1;6;0;7;9;5;
202300016740;155650913;B01;3;7;6;0;1;1;1;
202300016741;155650905;A01;0;7;0;0;4;0;1;
202300016741;155650908;B01;0;7;0;0;0;0;1;
202300016742;155650904;A01;1;7;0;2;7;1;1;
202300016742;155650909;B01;1;7;0;2;1;1;1;
202300016743;155650903;A01;2;7;0;2;3;5;1;
202300016743;155650907;B01;1;7;0;2;3;0;1;
202300016744;155650902;A01;1;7;0;1;8;1;1;
202300016745;155650899;A01;3;80;0;2;5;2;3;
202300016745;155650901;B01;3;7;0;9;5;1;1;
202300016746;155650897;A01;1;7;0;2;6;17;1;
202300016746;155650900;B01;1;31;0;2;1;17;1;
202300016747;155650898;A01;1;32;4;0;3;0;1;
202300016748;155650891;A01;3;33;0;2;3;1;1;
202300016748;155650895;Z01;3;7;0;2;3;5;0;
202300016749;155650892;B01;0;30;0;2;1;1;1;
202300016749;155650894;A01;2;7;0;2;5;15;1;
202300016750;155650888;A01;1;7;0;1;1;1;1;
202300016751;155650887;A01;1;1;0;2;1;1;5;
202300016751;155650889;B01;1;7;0;2;4;1;0;
202300016752;155650886;A01;3;7;8;0;0;0;2;
202300016753;155650883;A01;3;7;0;2;1;1;0;
202300016753;155650885;B01;3;7;0;2;1;5;0;
202300016754;155650878;A01;1;7;0;2;3;11;1;
202300016754;155650880;B01;1;33;0;2;2;2;1;
202300016755;155650881;B01;1;2;0;2;3;13;0;
202300016755;155650884;A01;2;7;0;2;3;1;1;
202300016756;155650877;B01;1;7;0;2;1;2;1;
202300016756;155650879;A01;2;7;0;2;1;26;1;
202300016757;155650875;B01;3;7;0;2;1;0;1;
202300016757;155650876;A01;3;15;0;2;4;0;1;
202300016758;155650872;A01;3;10;0;2;1;15;1;
202300016758;155650874;B01;3;7;0;2;1;1;1;
202300016759;155650873;A01;3;2;6;0;8;1;1;
202300016760;155650870;A01;1;10;0;9;4;16;1;
202300016760;155650871;B01;1;33;0;2;1;1;1;
202300016761;155650868;A01;3;7;0;1;2;1;1;
202300016762;155650865;A01;3;7;0;2;4;23;0;
202300016762;155650866;B01;3;7;0;2;1;23;1;
202300016762;155650867;C01;3;7;0;2;1;2;1;
202300016763;155650869;A01;1;7;11;0;1;2;1;
202300016764;155650863;A01;3;10;0;2;3;15;1;
202300016764;155650864;B01;3;2;0;2;1;1;0;
202300016765;155650859;B01;2;7;0;2;4;23;1;
202300016765;155650861;A01;2;7;0;2;1;1;1;
202300016765;155650862;C01;2;7;0;0;4;23;1;
202300016766;155650857;B01;0;30;0;2;2;1;1;
202300016766;155650858;A01;0;7;0;2;3;9;1;
202300016767;155650860;A01;1;7;6;0;2;0;1;
202300016768;155650854;A01;2;7;0;2;3;9;1;
202300016768;155650856;B01;1;50;0;2;1;1;3;
202300016769;155650853;A01;3;7;0;2;2;26;1;
202300016769;155650855;B01;3;37;0;2;3;1;1;1.0
202300016770;155650850;A01;0;7;0;2;3;10;1;
202300016770;155650852;B01;0;34;0;2;2;1;1;
202300016771;155650848;A01;3;7;0;2;1;2;1;
202300016771;155650849;B01;3;7;0;2;4;1;1;
202300016772;155650845;A01;1;7;0;2;2;9;1;
202300016772;155650846;B01;2;50;0;2;1;25;3;
202300016773;155650847;A01;1;7;0;2;4;2;1;
202300016773;155650851;B01;1;7;1;2;1;2;1;
202300016774;155650844;A01;3;7;0;1;3;1;1;
202300016775;155650843;A01;3;7;0;1;1;1;1;
202300016776;155650841;B01;1;7;0;2;7;15;1;
202300016776;155650842;A01;2;31;0;2;1;1;1;
202300016777;155650838;A01;1;7;0;2;3;15;1;
202300016777;155650839;B01;1;34;0;2;7;2;1;
202300016778;155650840;A01;2;7;0;1;7;1;1;
202300016779;155650836;Y01;0;60;15;0;0;1;5;
202300016780;155650835;B01;2;30;0;2;3;18;1;
202300016780;155650837;A01;2;17;0;2;7;16;1;
202300016781;155650834;A01;1;7;0;0;0;0;1;
202300016782;155650831;A01;2;1;1;2;1;5;5;
202300016782;155650833;Z01;1;50;0;2;0;0;3;
202300016783;155650830;A01;0;7;0;2;1;0;2;
202300016783;155650832;B01;0;7;0;2;8;0;1;
202300016784;155650829;A01;2;7;6;0;1;26;1;
202300016785;155650825;A01;3;7;0;2;4;1;1;
202300016785;155650827;B01;3;3;0;2;1;1;1;
202300016785;155650828;C01;3;10;0;2;1;1;1;
202300016786;155650823;A01;1;7;0;2;3;15;1;
202300016786;155650826;B01;1;7;0;2;2;1;1;
202300016787;155650818;A01;1;7;0;2;0;0;1;
202300016787;155650821;B01;1;31;0;2;0;0;1;
202300016788;155650817;B01;3;7;0;2;1;1;1;
202300016788;155650819;A01;3;7;0;2;1;5;1;
202300016789;155650815;A01;2;7;0;1;2;16;1;
202300016790;155650814;A01;1;33;12;0;7;1;1;
202300016791;155650816;A01;1;7;0;2;4;2;1;
202300016791;155650820;B01;1;7;0;2;4;2;1;
202300016791;155650822;C01;1;7;0;2;1;2;1;
202300016791;155650824;D01;1;7;0;2;1;2;1;
202300016792;155650812;B01;1;1;0;2;1;1;5;
202300016792;155650813;A01;1;7;0;2;3;22;1;
202300016793;155650810;A01;1;7;3;0;2;0;1;
202300016794;155650809;A01;2;50;0;2;5;19;3;
202300016794;155650811;Z01;3;10;0;2;1;0;0;
202300016795;155650807;A01;1;7;0;2;0;2;1;
202300016795;155650808;B01;1;33;0;2;1;1;1;
202300016796;155650806;A01;2;30;1;0;1;1;1;
202300016797;155650804;A01;1;7;0;1;1;1;1;
202300016797;155650805;B01;2;7;0;0;0;1;1;
202300016798;155650802;A01;2;7;4;0;1;1;1;
202300016799;155650801;A01;1;7;0;2;1;1;1;
202300016799;155650803;B01;3;7;0;2;8;19;3;
202300016800;155650800;A01;3;7;1;0;3;26;1;
202300016801;155650795;A01;2;7;0;0;6;2;0;
202300016801;155650797;B01;1;31;0;2;1;2;0;
202300016802;155650796;B01;1;7;6;2;6;15;1;
202300016802;155650799;A01;1;7;0;2;1;1;1;
202300016803;155650794;A01;1;7;8;0;2;1;1;
202300016804;155650798;A01;1;7;0;2;3;1;1;
202300016805;155650792;A01;1;15;0;9;2;16;1;
202300016805;155650793;B01;1;1;0;9;3;1;5;
202300016806;155650791;A01;1;7;8;0;1;13;1;
202300016807;155650787;A01;1;7;0;1;2;1;1;
202300016808;155650785;B01;1;7;0;2;3;1;0;
202300016808;155650788;A01;1;7;0;2;1;9;0;
202300016809;155650786;A01;2;32;0;2;1;3;1;
202300016809;155650789;B01;2;7;0;2;6;2;1;
202300016809;155650790;C01;2;7;0;2;2;1;1;
202300016810;155650783;B01;1;33;0;2;1;1;1;
202300016810;155650784;A01;2;7;0;2;3;15;1;
202300016811;155650781;A01;1;7;0;2;2;16;1;
202300016811;155650782;B01;1;7;0;2;3;1;1;
202300016812;155650778;B01;1;2;0;2;1;1;1;
202300016812;155650780;A01;1;7;0;2;3;15;1;
202300016813;155650776;A01;1;7;0;2;1;1;1;
202300016813;155650777;B01;1;7;0;2;7;2;0;
202300016814;155650774;A01;2;7;16;0;9;14;1;
202300016815;155650775;A01;2;30;0;2;1;17;-1;
202300016815;155650779;B01;2;7;0;2;8;1;-1;
202300016816;155650772;A01;2;7;0;2;2;16;1;
202300016816;155650773;B01;2;50;0;2;1;2;3;
202300016817;155650769;B01;2;7;0;2;3;9;1;
202300016817;155650771;A01;2;33;1;2;2;2;1;
202300016818;155650768;A01;3;7;16;2;1;25;0;
202300016818;155650770;B01;3;2;0;2;0;26;0;
202300016819;155650764;B01;1;7;0;2;3;9;1;
202300016819;155650767;A01;1;2;0;2;2;12;1;
202300016820;155650765;A01;1;7;0;1;4;26;1;
202300016821;155650763;A01;1;7;0;2;2;1;1;
202300016821;155650766;B01;1;7;0;2;3;16;1;
202300016822;155650760;A01;2;7;0;2;3;9;0;
202300016822;155650762;B01;1;80;0;2;7;26;3;
202300016823;155650759;A01;2;7;0;1;1;1;1;
202300016824;155650757;A01;2;7;2;0;7;1;1;
202300016825;155650758;A01;1;31;0;2;1;17;1;
202300016825;155650761;B01;1;7;0;2;3;15;1;
202300016826;155650755;A01;1;1;0;2;0;1;5;
202300016826;155650756;B01;1;50;0;2;1;1;3;
202300016827;155650752;B01;2;10;0;2;1;1;1;
202300016827;155650754;A01;1;10;0;2;2;1;1;
202300016828;155650750;A01;1;7;0;2;1;1;1;
202300016828;155650751;B01;1;7;0;2;4;1;1;
202300016829;155650749;A01;2;7;0;1;2;1;1;
202300016830;155650746;B01;2;7;0;2;5;1;1;
202300016830;155650747;A01;2;7;0;2;1;1;1;
202300016831;155650748;B01;3;7;0;2;5;1;1;
202300016831;155650753;A01;3;30;0;2;1;1;1;
202300016832;155650745;A01;3;7;13;0;7;1;1;
202300016833;155650743;A01;1;14;0;2;1;15;1;
202300016833;155650744;B01;1;1;0;2;0;0;5;
202300016834;155650738;B01;1;7;0;2;6;1;1;
202300016834;155650740;A01;2;50;0;2;1;1;3;
202300016835;155650739;A01;1;7;0;2;3;1;0;
202300016835;155650741;B01;1;7;8;2;1;1;1;
202300016836;155650734;B01;2;7;0;2;8;1;1;
202300016836;155650736;A01;1;50;0;2;2;1;3;
202300016837;155650733;B01;2;7;8;2;1;1;1;
202300016837;155650737;A01;1;7;0;2;2;10;6;
202300016838;155650735;B01;3;7;0;2;2;0;1;
202300016838;155650742;A01;3;50;0;9;8;19;3;
202300016839;155650731;A01;2;7;0;2;3;15;1;
202300016839;155650732;B01;1;32;0;2;8;19;1;
202300016840;155650730;A01;1;7;15;0;1;1;1;
202300016841;155650728;B01;1;7;0;0;0;0;1;
202300016841;155650729;A01;1;33;0;2;1;18;1;
202300016842;155650727;A01;3;7;0;0;1;1;1;
202300016843;155650722;A01;3;7;0;2;2;1;1;
202300016843;155650725;B01;3;7;0;2;6;1;1;
202300016844;155650721;C01;3;7;0;2;4;2;0;
202300016844;155650724;A01;3;7;0;2;1;2;0;
202300016844;155650726;B01;3;7;0;2;4;2;0;
202300016845;155650719;A01;1;7;0;2;2;15;1;
202300016845;155650723;B01;2;1;0;2;0;0;5;
202300016846;155650716;A01;1;7;0;2;8;15;1;
202300016846;155650717;C01;2;10;0;2;3;23;1;
202300016846;155650720;B01;1;7;0;2;1;1;1;
202300016847;155650714;B01;1;7;0;2;1;1;1;
202300016847;155650715;C01;1;33;0;2;1;1;1;
202300016847;155650718;A01;1;7;0;2;7;19;1;
202300016848;155650711;A01;1;10;0;2;7;15;1;
202300016848;155650713;B01;2;33;0;2;2;1;1;
202300016849;155650709;A01;2;7;0;2;1;2;1;
202300016849;155650710;B01;2;7;0;2;5;2;1;
202300016850;155650707;A01;1;7;0;2;1;1;1;
202300016850;155650708;B01;2;32;0;2;1;13;1;
202300016851;155650712;A01;2;10;0;1;3;15;1;
202300016852;155650705;B01;0;7;0;2;3;1;1;
202300016852;155650706;A01;3;1;0;2;1;1;5;
202300016853;155650703;B01;1;60;0;2;7;15;5;
202300016853;155650704;A01;2;7;0;2;3;1;1;
202300016854;155650701;A01;1;7;13;0;0;15;1;
202300016855;155650700;A01;1;15;0;1;2;1;0;
202300016856;155650702;A01;1;7;0;1;2;1;1;
202300016857;155650697;A01;2;50;0;2;1;19;3;
202300016857;155650699;B01;1;7;0;2;8;1;1;
202300016858;155650696;A01;2;80;0;2;6;13;3;
202300016858;155650698;B01;2;7;0;2;1;17;1;
202300016859;155650690;A01;1;7;0;2;1;1;6;
202300016859;155650693;B01;2;7;0;2;8;13;0;