Num_Acc;id_vehicule;num_veh;senc;catv;obs;obsm;choc;manv;motor;occutc
202300016860;155650691;B01;2;1;0;2;4;1;5;
202300016860;155650694;A01;2;7;0;2;1;16;1;
202300016861;155650692;B01;1;7;0;2;3;1;1;
202300016861;155650695;A01;2;7;0;2;3;13;1;
202300016862;155650688;A01;2;17;0;0;7;1;1;
202300016863;155650689;A01;1;1;1;0;9;26;5;
202300016864;155650682;A01;2;7;14;2;6;10;1;
202300016864;155650685;B01;2;7;0;2;2;1;1;
202300016865;155650684;B01;1;33;0;2;1;1;1;
202300016865;155650686;A01;1;7;1;2;7;20;1;
202300016866;155650683;B01;1;7;0;2;6;1;1;
202300016866;155650687;A01;2;33;0;2;2;21;1;
202300016867;155650679;A01;3;32;0;2;1;17;1;
202300016867;155650680;B01;3;7;0;2;1;1;1;
202300016868;155650681;A01;3;7;2;0;2;13;1;
202300016869;155650677;A01;2;10;0;1;2;15;3;
202300016870;155650675;A01;0;7;0;2;8;10;1;
202300016870;155650676;B01;0;34;0;2;1;1;1;
202300016871;155650672;A01;1;7;0;2;6;20;1;
202300016871;155650674;B01;1;33;0;2;1;17;1;
202300016872;155650673;A01;3;7;0;2;2;13;1;
202300016872;155650678;B01;3;7;0;2;3;2;1;
202300016873;155650670;A01;3;7;0;1;0;1;1;
202300016874;155650668;B01;0;34;0;2;8;1;1;
202300016874;155650669;A01;3;7;0;2;2;1;1;
202300016875;155650663;A01;2;7;0;2;1;2;0;
202300016875;155650665;B01;2;33;0;2;4;2;1;
202300016876;155650661;B01;1;7;0;2;4;23;1;
202300016876;155650664;A01;1;7;0;2;2;2;1;
202300016877;155650662;A01;2;7;0;2;2;15;1;
202300016877;155650666;B01;1;7;0;2;1;1;1;
202300016878;155650658;A01;2;33;0;0;4;1;1;
202300016879;155650659;A01;2;7;9;0;1;1;1;
202300016880;155650655;A01;1;7;0;2;3;13;1;
202300016880;155650657;B01;2;10;0;2;3;1;1;
202300016881;155650650;A01;2;10;0;2;4;2;1;
202300016881;155650653;B01;2;10;0;2;1;2;1;
202300016881;155650654;C01;2;7;0;2;0;0;1;
202300016882;155650649;A01;3;2;0;2;1;5;1;
202300016882;155650652;B01;3;7;0;2;2;1;1;
202300016883;155650651;A01;3;7;1;2;6;4;1;
202300016883;155650656;B01;3;7;1;2;1;13;1;
202300016884;155650646;B01;1;33;0;2;1;2;1;
202300016884;155650647;A01;1;7;0;2;5;2;1;
202300016885;155650643;C01;1;7;0;2;4;2;1;
202300016885;155650645;A01;1;37;0;2;1;2;1;1.0
202300016885;155650648;B01;1;7;0;2;4;2;1;
202300016886;155650641;B01;1;32;0;0;7;2;0;
202300016886;155650644;A01;2;7;0;2;2;15;1;
202300016887;155650640;A01;0;2;0;2;7;1;1;
202300016887;155650642;B01;3;7;0;2;1;26;1;
202300016888;155650638;B01;0;15;1;0;4;24;1;
202300016888;155650639;A01;0;7;1;0;1;2;1;
202300016889;155650637;A01;3;7;6;0;1;20;1;
202300016890;155650633;A01;3;7;0;1;1;1;1;
202300016891;155650634;A01;1;7;0;1;2;1;1;
202300016892;155650632;A01;2;7;4;0;3;1;1;
202300016893;155650631;B01;0;7;0;2;4;1;1;
202300016893;155650635;C01;3;7;0;2;4;1;1;
202300016893;155650636;A01;1;7;0;2;1;1;1;
202300016894;155650629;A01;3;7;0;2;3;15;1;
202300016894;155650630;B01;3;2;0;2;1;1;1;
202300016895;155650627;B01;2;10;0;2;4;2;1;
202300016895;155650628;A01;2;7;0;2;1;2;1;
202300016896;155650623;A01;2;7;0;2;1;2;1;
202300016896;155650624;B01;2;17;0;2;4;2;1;
202300016897;155650622;B01;1;7;0;2;4;23;1;
202300016897;155650625;A01;1;33;0;2;1;2;1;
202300016898;155650620;A01;1;7;3;0;0;1;1;
202300016899;155650621;A01;2;33;0;2;1;1;1;
202300016899;155650626;B01;1;7;0;2;0;0;1;
202300016900;155650619;A01;1;7;8;1;1;1;0;
202300016901;155650617;A01;2;7;0;2;5;12;1;
202300016901;155650618;B01;2;33;0;2;3;3;1;
202300016902;155650613;A01;2;7;0;2;3;13;0;
202300016902;155650615;B01;2;33;0;2;1;2;0;
202300016903;155650612;A01;1;7;0;2;1;0;1;
202300016903;155650614;B01;1;43;0;2;4;0;1;
202300016904;155650616;A01;1;7;0;1;3;1;1;
202300016905;155650607;B01;1;7;4;2;5;1;1;
202300016905;155650610;A01;1;34;4;2;1;1;1;
202300016906;155650606;A01;1;33;0;2;1;2;1;
202300016906;155650608;B01;1;7;0;0;4;2;1;
202300016907;155650603;C01;1;7;0;2;4;1;1;
202300016907;155650605;D01;1;7;0;2;4;1;1;
202300016907;155650609;A01;1;7;0;2;1;1;1;
202300016907;155650611;B01;1;7;0;2;4;1;1;
202300016908;155650601;C01;2;7;0;2;1;1;1;
202300016908;155650602;B01;2;7;0;0;7;1;1;
202300016908;155650604;A01;2;7;0;2;1;26;1;
202300016909;155650597;B01;2;33;0;2;4;2;1;
202300016909;155650599;A01;2;7;0;2;1;2;1;
202300016910;155650596;A01;2;7;0;1;2;2;1;
202300016911;155650598;B01;0;7;0;2;3;1;1;
202300016911;155650600;A01;0;43;0;2;1;17;1;
202300016912;155650593;B01;2;14;0;2;4;1;1;
202300016912;155650595;A01;2;33;0;2;6;3;1;
202300016913;155650594;A01;1;7;2;0;1;14;1;
202300016914;155650589;A01;2;31;0;2;1;2;1;
202300016914;155650592;B01;2;7;0;2;4;2;1;
202300016915;155650590;A01;2;7;0;1;1;1;1;
202300016916;155650588;A01;1;7;0;2;1;2;1;
202300016916;155650591;B01;1;7;0;2;4;2;0;
202300016917;155650584;B01;3;7;0;2;3;1;1;
202300016917;155650586;A01;3;7;0;2;3;1;1;
202300016918;155650585;A01;1;7;0;2;3;11;1;
202300016918;155650587;B01;1;33;4;2;7;26;1;
202300016919;155650582;A01;2;7;8;0;1;1;1;
202300016920;155650581;B01;3;33;0;2;1;1;1;
202300016920;155650583;A01;3;7;0;2;8;20;1;
202300016921;155650580;A01;1;7;0;2;7;26;1;
202300016922;155650576;B01;1;50;0;2;1;1;3;
202300016922;155650579;A01;1;10;0;2;3;9;1;
202300016923;155650577;A01;3;7;0;2;4;1;1;
202300016923;155650578;Z01;3;7;0;2;1;2;0;
202300016924;155650574;A01;1;7;0;9;3;1;1;
202300016924;155650575;B01;1;1;0;2;2;1;5;
202300016925;155650572;A01;1;7;0;2;1;2;1;
202300016925;155650573;B01;1;7;0;2;4;2;1;
202300016926;155650571;A01;3;30;0;1;1;2;0;
202300016927;155650568;B01;3;33;0;2;0;0;0;
202300016927;155650570;A01;3;7;0;2;8;26;0;
202300016928;155650567;A01;1;33;0;1;0;17;1;
202300016929;155650565;B01;2;7;0;2;1;1;1;
202300016929;155650566;C01;2;7;0;2;1;1;1;
202300016929;155650569;A01;3;7;0;2;8;15;1;
202300016930;155650564;A01;1;7;0;1;1;1;1;
202300016931;155650563;A01;2;7;0;1;1;1;1;
202300016932;155650561;A01;2;7;0;2;2;12;1;
202300016932;155650562;B01;2;33;0;2;3;3;1;
202300016933;155650557;A01;2;17;0;2;2;12;1;
202300016933;155650558;B01;2;7;0;2;8;1;1;
202300016934;155650559;A01;1;7;0;2;2;12;1;
202300016934;155650560;B01;1;7;9;2;6;2;1;
202300016935;155650554;A01;2;33;0;2;1;11;3;
202300016935;155650555;B01;2;7;0;2;2;1;1;
202300016935;155650556;C01;2;7;0;2;4;1;1;
202300016936;155650552;A01;3;7;0;2;1;15;1;
202300016936;155650553;B01;3;7;0;2;2;1;1;
202300016937;155650551;A01;2;10;0;1;1;16;1;
202300016938;155650550;A01;3;10;0;0;2;0;1;
202300016939;155650548;A01;1;40;0;1;7;1;3;
202300016940;155650549;A01;2;50;0;1;1;25;3;
202300016941;155650546;A01;1;32;0;1;1;1;1;
202300016942;155650545;A01;2;33;14;2;1;13;1;
202300016942;155650547;B01;1;7;0;2;1;23;1;
202300016943;155650543;A01;0;7;0;0;2;1;1;
202300016944;155650542;AB01;3;80;0;2;7;19;3;
202300016944;155650544;A01;2;43;0;2;1;1;1;
202300016945;155650540;A01;1;7;0;2;3;9;1;
202300016945;155650541;B01;1;33;0;2;2;1;1;
202300016946;155650539;A01;1;14;0;1;2;1;1;
202300016947;155650537;A01;1;1;0;0;1;1;5;
202300016948;155650538;A01;3;10;0;1;1;15;0;
202300016949;155650536;A01;2;32;0;1;1;15;1;
202300016950;155650534;B01;2;10;0;2;1;1;0;
202300016950;155650535;A01;3;10;0;2;8;15;0;
202300016951;155650531;A01;2;7;0;2;3;9;1;
202300016951;155650533;B01;1;50;0;2;1;15;3;
202300016952;155650532;A01;3;33;0;1;3;16;1;
202300016953;155650527;A01;1;1;0;2;1;15;5;
202300016953;155650528;B01;2;7;0;2;2;16;1;
202300016954;155650526;A01;1;7;0;1;8;16;1;
202300016955;155650524;A01;3;7;0;1;1;20;1;
202300016956;155650525;A01;2;1;12;0;2;16;5;
202300016957;155650521;B01;2;7;0;2;4;23;0;
202300016957;155650522;Z01;2;7;0;2;1;2;0;
202300016958;155650520;B01;2;32;0;2;5;17;3;
202300016958;155650523;A01;2;7;0;2;1;13;1;
202300016959;155650519;A01;3;7;1;0;1;26;1;
202300016960;155650518;A01;3;80;0;1;1;1;3;
202300016961;155650516;A01;1;7;0;2;1;1;1;
202300016961;155650517;B01;2;7;0;2;1;1;1;
202300016962;155650515;A01;3;7;4;0;1;1;1;
202300016963;155650514;A01;1;50;12;0;0;14;3;
202300016964;155650513;A01;1;7;0;1;4;26;1;
202300016965;155650511;B01;2;2;0;2;1;1;1;
202300016965;155650512;A01;1;7;0;2;5;15;0;
202300016966;155650509;C01;2;7;0;0;1;5;1;
202300016966;155650510;A01;1;33;0;1;1;17;1;
202300016967;155650505;A01;3;10;0;2;1;19;1;
202300016967;155650508;B01;3;7;0;2;8;0;1;
202300016968;155650506;C01;3;13;0;2;7;0;-1;
202300016968;155650507;B01;3;30;0;2;6;0;1;
202300016969;155650502;A01;2;7;0;2;8;15;1;
202300016969;155650504;B01;2;7;7;2;3;1;1;
202300016970;155650503;A01;3;7;1;0;1;11;1;
202300016971;155650499;A01;1;7;0;2;3;5;1;
202300016971;155650500;B01;2;7;0;2;1;1;1;
202300016972;155650498;A01;2;7;0;2;4;0;1;
202300016972;155650501;B01;2;7;0;2;1;0;1;
202300016973;155650497;A01;1;7;0;1;1;26;1;
202300016974;155650495;B01;0;7;0;2;1;1;0;
202300016974;155650496;A01;0;10;0;2;2;2;0;
202300016975;155650493;Z01;1;7;0;2;2;17;1;
202300016975;155650494;B01;1;7;0;2;8;15;1;
202300016976;155650491;A01;1;32;0;2;1;5;1;
202300016976;155650492;B01;2;37;0;2;3;1;1;1.0
202300016977;155650488;A01;1;7;0;2;3;2;1;
202300016977;155650490;B01;1;7;0;2;4;0;1;
202300016978;155650487;A01;1;7;0;2;3;15;1;
202300016978;155650489;B01;1;60;0;2;1;1;5;
202300016979;155650485;B01;0;50;0;2;1;3;3;
202300016979;155650486;A01;1;7;0;0;4;9;1;
202300016980;155650484;A01;1;7;0;1;1;1;1;
202300016981;155650482;B01;1;7;0;2;3;15;1;
202300016981;155650483;A01;2;2;0;2;1;5;1;
202300016982;155650479;A01;3;7;0;2;3;2;1;
202300016982;155650481;B01;3;1;0;2;1;19;5;
202300016983;155650475;A01;2;7;0;9;3;15;1;
202300016983;155650477;B01;1;1;0;2;1;1;5;
202300016984;155650476;A01;3;7;14;1;5;4;1;
202300016985;155650473;A01;0;7;0;1;4;20;1;
202300016986;155650474;A01;1;7;1;0;2;1;1;
202300016987;155650470;A01;1;7;0;2;2;14;-1;
202300016987;155650472;B01;1;7;0;2;3;1;-1;
202300016988;155650469;A01;3;7;8;0;1;15;1;
202300016989;155650468;A01;0;32;0;2;8;15;1;
202300016989;155650471;B01;0;7;0;2;2;26;1;
202300016990;155650466;Z01;1;7;0;0;6;1;0;
202300016990;155650467;A01;2;30;0;2;6;17;1;
202300016991;155650465;A01;1;7;0;1;3;1;1;
202300016992;155650462;B01;1;7;0;2;3;1;1;
202300016992;155650464;A01;1;7;0;2;3;13;1;
202300016993;155650463;A01;1;7;0;1;3;15;1;
202300016994;155650461;A01;3;7;15;0;9;1;1;
202300016995;155650459;A01;3;7;0;1;2;16;1;
202300016996;155650458;A01;0;7;0;2;8;15;1;
202300016996;155650460;B01;0;33;0;2;1;3;1;
202300016997;155650457;A01;3;10;0;1;3;16;1;
202300016998;155650456;A01;1;7;1;0;1;0;1;
202300016999;155650454;A01;0;10;0;2;1;15;1;
202300016999;155650455;B01;0;43;8;0;4;1;1;
202300017000;155650452;A01;1;7;0;2;2;15;1;
202300017000;155650453;B01;2;7;0;2;3;1;1;
202300017001;155650450;A01;1;7;0;2;3;14;1;
202300017001;155650451;B01;1;33;0;2;7;1;1;
202300017002;155650448;B01;2;15;0;2;8;1;1;
202300017002;155650449;A01;2;33;0;2;2;12;1;
202300017003;155650444;B01;2;7;0;2;2;1;2;
202300017003;155650446;A01;2;43;0;2;1;18;1;
202300017004;155650445;B01;3;14;0;2;2;0;4;
202300017004;155650447;A01;3;7;16;0;9;6;1;
202300017005;155650442;A01;1;32;0;2;1;1;1;
202300017005;155650443;B01;1;7;0;2;3;9;1;
202300017006;155650439;A01;0;10;0;2;3;1;1;
202300017006;155650440;B01;0;1;0;2;1;5;5;
202300017007;155650438;A01;3;7;0;2;1;2;1;
202300017007;155650441;B01;3;33;0;2;4;0;1;
202300017008;155650437;A01;1;7;1;1;2;1;1;
202300017009;155650436;A01;1;33;0;0;0;21;1;
202300017010;155650434;A01;3;7;0;2;2;15;2;
202300017010;155650435;B01;3;33;0;2;1;1;1;
202300017011;155650432;A01;2;7;0;2;3;13;1;
202300017011;155650433;B01;1;10;0;2;2;21;1;
202300017012;155650430;A01;3;7;0;2;3;22;1;
202300017012;155650431;B01;3;2;0;2;1;16;1;
202300017013;155650429;A01;1;7;0;1;1;1;1;
202300017014;155650428;A01;3;36;0;0;9;1;1;
202300017015;155650427;A01;2;7;0;1;1;1;1;
202300017016;155650426;A01;1;1;0;6;0;0;5;
202300017017;155650424;B01;2;7;0;2;6;1;2;
202300017017;155650425;A01;1;7;0;2;3;13;1;
202300017018;155650423;A01;1;33;1;0;1;21;1;
202300017019;155650422;A01;2;33;0;1;1;1;3;
202300017020;155650421;A01;2;7;4;0;9;14;1;
202300017021;155650419;A01;3;32;0;4;1;1;0;
202300017021;155650420;B01;3;40;0;2;1;1;3;
202300017022;155650417;A01;1;1;1;1;1;1;5;
202300017023;155650416;A01;0;7;0;2;3;2;0;
202300017023;155650418;B01;0;2;0;2;1;1;0;
202300017024;155650414;A01;1;7;0;2;8;1;1;
202300017024;155650415;B01;3;37;0;2;1;1;1;1.0
202300017025;155650413;A01;1;7;0;0;0;0;0;
202300017026;155650411;A01;1;7;0;2;7;1;1;
202300017026;155650412;B01;1;7;0;2;1;26;1;
202300017027;155650409;A01;3;7;8;0;2;14;0;
202300017028;155650408;B01;1;7;0;2;7;0;1;
202300017028;155650410;A01;2;10;0;2;1;1;1;
202300017029;155650406;A01;3;7;0;2;3;15;1;
202300017029;155650407;B01;3;7;0;2;1;2;1;
202300017030;155650405;A01;2;7;8;0;1;1;1;
202300017031;155650404;A01;3;7;0;1;0;19;1;
202300017032;155650402;A01;1;7;0;2;3;1;0;
202300017032;155650403;B01;1;0;0;2;0;12;0;
202300017033;155650400;A01;1;7;0;2;8;15;1;
202300017033;155650401;B01;1;33;0;2;1;17;1;
202300017034;155650398;B01;1;7;0;2;2;1;1;
202300017034;155650399;A01;1;7;0;2;3;15;1;
202300017035;155650395;B01;1;7;12;0;1;1;2;
202300017035;155650397;A01;2;10;6;2;3;9;1;
202300017036;155650396;A01;1;7;16;0;1;14;1;
202300017037;155650393;A01;3;7;0;2;1;9;1;
202300017037;155650394;B01;3;7;0;2;8;1;1;
202300017038;155650390;B01;2;7;0;2;3;1;0;
202300017038;155650392;A01;1;7;0;2;3;1;0;
202300017039;155650389;A01;1;10;0;2;7;26;1;
202300017039;155650391;B01;1;2;0;2;1;2;1;
202300017040;155650388;A01;1;33;4;0;3;17;6;
202300017041;155650386;A01;2;7;2;0;2;14;1;
202300017042;155650385;B01;0;7;0;2;8;0;1;
202300017042;155650387;A01;0;7;0;2;1;9;0;
202300017043;155650383;B01;3;7;11;2;8;1;1;
202300017043;155650384;A01;3;7;0;2;1;1;0;
202300017044;155650381;A01;2;21;0;2;2;19;1;
202300017044;155650382;B01;1;7;0;2;3;1;1;
202300017045;155650379;A01;1;30;0;2;1;17;1;
202300017045;155650380;B01;1;7;0;2;6;9;1;
202300017046;155650376;A01;0;30;0;0;0;0;1;
202300017046;155650377;B01;3;7;0;2;0;0;1;
202300017047;155650375;A01;1;33;0;2;8;10;1;
202300017047;155650378;B01;1;7;0;2;1;1;1;
202300017048;155650372;A01;2;30;0;2;1;2;1;
202300017048;155650374;B01;2;7;0;2;4;2;1;
202300017049;155650371;A01;3;2;0;2;1;13;1;
202300017049;155650373;B01;3;7;0;2;3;1;1;
202300017050;155650369;A01;2;7;0;9;1;2;1;
202300017050;155650370;B01;2;1;0;2;4;1;5;
202300017051;155650366;B01;1;33;0;2;1;1;1;
202300017051;155650367;A01;2;7;0;2;1;15;1;
202300017052;155650364;A01;2;7;0;2;3;13;1;
202300017052;155650365;B01;1;7;0;2;3;1;1;
202300017053;155650363;A01;-1;7;15;0;3;1;1;
202300017054;155650360;B01;1;33;0;2;1;1;1;
202300017054;155650362;A01;3;10;0;2;3;15;1;
202300017055;155650358;A01;1;7;0;2;1;13;1;
202300017055;155650359;B01;2;7;0;2;1;1;1;
202300017055;155650361;C01;1;7;0;2;1;2;1;
202300017056;155650354;A01;3;7;0;2;4;23;1;
202300017056;155650356;B01;0;7;0;0;1;1;1;
202300017057;155650353;B01;2;7;0;2;3;1;1;
202300017057;155650355;A01;2;7;0;2;1;1;1;
202300017057;155650357;C01;1;7;0;2;7;1;1;
202300017058;155650352;A01;1;7;3;0;1;1;1;
202300017059;155650350;A01;3;7;0;2;3;1;1;
202300017059;155650351;B01;3;1;0;0;1;1;5;
202300017060;155650348;B01;2;2;0;2;1;1;1;
202300017060;155650349;A01;1;7;0;2;3;15;1;
202300017061;155650347;A01;1;7;0;1;5;1;1;
202300017062;155650344;B01;2;80;0;2;8;1;3;
202300017062;155650346;A01;1;7;0;9;3;17;1;
202300017063;155650345;A01;1;2;0;0;7;9;1;
202300017064;155650341;B01;2;7;0;2;1;1;1;
202300017064;155650343;A01;1;10;0;2;1;13;1;
202300017065;155650342;A01;2;7;2;0;3;13;1;
202300017066;155650340;A01;2;7;0;1;1;1;1;
202300017067;155650339;A01;1;33;0;0;9;1;1;
202300017068;155650337;A01;1;7;0;2;3;13;1;
202300017068;155650338;B01;2;7;0;2;3;1;1;
202300017069;155650335;A01;2;7;0;2;3;19;1;
202300017069;155650336;B01;2;7;0;2;2;1;1;
202300017070;155650332;A01;3;33;11;0;0;1;1;
202300017070;155650333;B01;3;7;0;0;0;9;1;
202300017071;155650331;A01;2;7;0;2;1;1;1;
202300017071;155650334;B01;1;7;0;2;1;13;1;
202300017072;155650329;A01;2;33;3;9;8;0;1;
202300017073;155650330;A01;3;10;13;0;1;13;1;
202300017074;155650324;A01;3;2;0;2;8;5;1;
202300017074;155650327;B01;3;7;0;2;2;1;1;
202300017075;155650325;A01;2;7;0;2;1;1;1;
202300017075;155650326;B01;2;7;0;2;1;16;1;
202300017075;155650328;C01;1;10;0;2;1;1;1;
202300017076;155650322;A01;2;7;13;0;1;1;1;
202300017077;155650321;A01;1;7;1;0;1;1;1;
202300017077;155650323;B01;1;10;0;2;6;23;1;
202300017078;155650319;A01;1;7;2;0;3;13;1;
202300017079;155650318;B01;1;7;0;2;3;1;1;
202300017079;155650320;A01;2;7;0;2;2;1;1;
202300017080;155650316;A01;1;7;0;2;1;15;1;
202300017080;155650317;B01;2;2;0;0;8;1;1;
202300017081;155650315;A01;1;7;17;0;3;1;1;
202300017082;155650312;A01;1;7;0;2;1;1;1;
202300017082;155650314;B01;2;2;0;0;0;1;1;
202300017083;155650311;A01;2;7;0;1;1;1;1;
202300017084;155650307;A01;1;7;0;2;1;1;1;
202300017084;155650309;B01;2;30;0;2;1;1;1;
202300017085;155650306;A01;1;7;0;2;7;15;1;
202300017085;155650308;B01;2;7;0;2;1;1;0;
202300017086;155650302;A01;1;31;0;6;8;1;1;
202300017087;155650301;A01;1;7;2;0;9;1;1;
202300017088;155650299;A01;1;7;16;0;9;0;1;
202300017089;155650296;A01;2;10;0;2;3;13;1;
202300017089;155650297;B01;1;7;0;2;3;1;1;
202300017089;155650298;C01;1;10;0;2;8;1;1;
202300017089;155650300;D01;1;7;0;2;8;1;1;
202300017090;155650295;A01;3;7;0;0;0;1;1;
202300017091;155650293;A01;1;2;0;0;0;0;1;
202300017092;155650292;B01;2;7;0;0;4;0;1;
202300017092;155650294;A01;2;37;0;2;3;2;1;1.0
202300017093;155650290;B01;2;10;0;0;4;24;1;
202300017093;155650291;A01;2;10;1;0;2;1;1;
202300017094;155650285;C01;1;7;0;2;4;2;1;
202300017094;155650288;A01;1;7;0;2;1;1;1;
202300017094;155650289;B01;1;7;0;2;1;1;1;
202300017095;155650282;A01;2;7;0;2;3;1;1;
202300017095;155650283;B01;1;7;0;2;3;3;1;
202300017096;155650281;A01;2;7;13;0;1;0;1;
202300017097;155650278;A01;1;7;2;0;5;0;1;
202300017098;155650277;A01;2;7;0;2;2;2;1;
202300017098;155650279;B01;2;7;0;2;3;2;1;
202300017098;155650280;C01;2;7;0;2;4;2;1;
202300017099;155650276;A01;2;15;4;0;7;9;1;
202300017100;155650274;A01;2;2;0;2;1;5;1;
202300017100;155650275;B01;1;10;0;2;1;1;1;
202300017101;155650272;A01;2;2;0;2;1;1;1;
202300017101;155650273;B01;1;10;0;2;2;13;1;
202300017102;155650271;A01;3;31;6;0;1;0;1;
202300017103;155650269;A01;3;7;0;2;3;19;1;
202300017103;155650270;B01;3;2;0;2;1;17;1;
202300017104;155650268;A01;1;7;2;0;0;14;1;
202300017105;155650267;A01;1;7;0;0;0;1;1;
202300017106;155650264;A01;1;7;0;0;4;1;1;
202300017106;155650266;B01;1;7;0;2;1;2;1;
202300017107;155650263;A01;1;33;0;2;9;1;1;
202300017107;155650265;B01;2;37;0;2;3;1;1;35.0
202300017108;155650262;A01;0;2;6;9;1;1;1;
202300017109;155650261;A01;2;33;0;0;1;26;1;
202300017110;155650258;A01;0;7;15;1;1;2;0;
202300017111;155650257;A01;2;7;0;1;4;20;1;
202300017112;155650254;A01;2;7;0;2;2;5;1;
202300017112;155650256;B01;1;7;0;2;1;1;1;
202300017113;155650253;A01;2;2;8;2;2;17;1;
202300017113;155650255;B01;2;7;12;2;3;15;1;
202300017114;155650250;A01;3;7;0;2;1;19;0;
202300017114;155650252;B01;3;7;0;0;3;1;0;
202300017115;155650251;A01;1;7;0;0;1;16;1;
202300017116;155650248;A01;2;7;0;2;3;13;1;
202300017116;155650249;B01;1;7;0;2;3;21;1;
202300017117;155650247;A01;1;7;2;0;9;13;1;
202300017118;155650245;B01;1;7;0;2;2;15;3;
202300017118;155650246;A01;2;33;0;2;1;1;1;
202300017119;155650243;A01;1;33;0;2;8;13;0;
202300017119;155650244;B01;2;7;0;0;1;1;0;
202300017120;155650242;A01;0;36;8;0;2;1;0;
202300017121;155650240;A01;1;33;13;0;1;1;1;
202300017121;155650241;B01;1;33;13;0;1;1;1;
202300017122;155650239;A01;1;7;2;0;8;1;1;
202300017123;155650235;B01;1;10;1;0;1;2;1;
202300017123;155650238;A01;1;7;0;2;3;23;1;
202300017124;155650236;B01;1;2;0;2;1;9;1;
202300017124;155650237;A01;1;10;0;0;3;9;1;
202300017125;155650233;A01;1;7;0;2;8;15;1;
202300017125;155650234;B01;1;33;0;2;1;1;1;
202300017126;155650230;A01;1;7;0;2;5;1;0;
202300017126;155650231;B01;1;33;0;2;1;3;1;
202300017127;155650232;A01;1;2;1;0;1;1;1;
202300017128;155650227;A01;1;33;0;0;9;0;1;
202300017129;155650226;A01;2;7;0;2;1;2;1;
202300017129;155650228;B01;2;7;0;2;4;1;1;
202300017129;155650229;C01;2;7;0;2;4;1;1;
202300017130;155650223;A01;2;7;0;2;3;1;1;
202300017130;155650224;Z01;2;7;0;2;2;0;0;
202300017131;155650221;A01;1;7;0;2;6;13;1;
202300017131;155650222;B01;1;7;0;2;6;13;1;
202300017131;155650225;C01;1;7;0;2;2;1;1;
202300017132;155650219;B01;1;7;0;2;4;0;1;
202300017132;155650220;Z01;1;7;0;2;1;0;2;
202300017133;155650217;A01;1;7;4;0;1;1;1;
202300017134;155650215;A01;1;7;0;9;3;2;1;
202300017134;155650216;B01;1;7;0;0;5;17;1;
202300017134;155650218;C01;1;1;0;0;8;1;5;
202300017135;155650213;A01;2;7;0;2;1;15;1;
202300017135;155650214;B01;3;30;0;2;8;1;1;
202300017136;155650210;B01;1;7;0;2;1;1;0;
202300017136;155650211;A01;1;7;0;0;4;0;0;
202300017137;155650209;A01;1;7;0;2;2;15;1;
202300017137;155650212;B01;1;33;0;2;1;1;1;
202300017138;155650207;A01;1;7;0;1;1;1;1;
202300017139;155650206;A01;2;7;0;2;6;9;1;
202300017139;155650208;B01;2;33;0;2;1;1;1;
202300017140;155650205;A01;1;7;1;0;2;1;1;
202300017141;155650202;A01;3;16;0;2;5;19;0;
202300017141;155650203;B01;3;2;0;2;1;1;1;
202300017142;155650201;A01;1;7;0;2;7;1;1;
202300017142;155650204;B01;3;30;0;2;1;1;1;
202300017143;155650199;A01;2;33;7;0;1;1;1;
202300017144;155650198;A01;1;30;0;2;1;1;1;
202300017144;155650200;Z01;2;7;0;2;0;0;0;
202300017145;155650195;A01;1;1;0;2;1;1;5;
202300017145;155650197;B01;1;7;0;0;8;1;1;
202300017146;155650194;B01;1;34;0;2;1;17;1;
202300017146;155650196;A01;1;7;0;2;3;15;1;
202300017147;155650193;A01;1;7;13;0;1;1;1;
202300017148;155650190;A01;2;7;0;2;2;13;1;
202300017148;155650191;B01;1;7;0;2;1;0;1;
202300017148;155650192;C01;1;7;0;2;8;0;1;
202300017149;155650188;A01;3;7;0;2;2;1;0;
202300017149;155650189;B01;3;1;0;2;6;15;5;
202300017150;155650186;A01;1;7;0;2;2;12;1;
202300017150;155650187;B01;1;33;0;2;3;1;1;
202300017151;155650184;B01;1;10;0;2;3;2;1;
202300017151;155650185;A01;1;32;0;0;9;1;1;
202300017152;155650182;A01;1;20;0;2;5;1;1;
202300017152;155650183;B01;1;33;0;2;3;2;1;
202300017153;155650177;A01;0;10;0;2;4;2;1;
202300017153;155650179;D01;2;10;0;2;1;2;1;
202300017153;155650180;B01;2;7;0;2;4;2;1;
202300017153;155650181;C01;2;7;0;2;4;2;1;
202300017154;155650174;B01;1;33;0;2;1;21;1;
202300017154;155650176;A01;1;10;14;0;4;26;1;
202300017155;155650175;A01;2;7;0;9;1;16;1;
202300017155;155650178;B01;2;30;0;9;6;1;1;
202300017156;155650172;A01;1;33;0;2;1;3;1;
202300017156;155650173;B01;1;7;0;2;4;23;1;
202300017157;155650168;D01;2;7;0;2;4;2;1;
202300017157;155650169;C01;2;7;0;2;1;2;1;
202300017157;155650170;A01;2;10;0;2;2;2;1;
202300017157;155650171;B01;2;7;0;2;4;2;1;
202300017158;155650165;A01;2;15;0;2;7;12;1;
202300017158;155650166;B01;2;7;0;2;8;1;1;
202300017158;155650167;C01;2;33;0;2;7;1;1;
202300017159;155650163;B01;1;1;0;2;7;1;5;
202300017159;155650164;A01;2;32;0;2;1;9;1;
202300017160;155650162;A01;2;7;0;1;3;9;1;
202300017161;155650161;B01;1;30;0;0;0;21;1;