Num_Acc;id_vehicule;num_veh;senc;catv;obs;obsm;choc;manv;motor;occutc
202300017162;155650160;A01;1;30;0;1;1;1;3;
202300017163;155650158;B01;3;50;0;2;3;1;3;
202300017163;155650159;A01;1;33;0;2;2;1;1;
202300017164;155650157;A01;2;1;0;0;0;1;5;
202300017165;155650156;A01;1;50;0;1;1;5;3;
202300017166;155650155;A01;1;7;0;1;1;1;1;
202300017167;155650153;A01;1;10;0;2;7;1;0;
202300017167;155650154;B01;1;32;0;2;3;13;1;
202300017168;155650151;B01;1;7;0;2;4;2;1;
202300017168;155650152;A01;1;7;0;2;1;2;1;
202300017169;155650150;A01;3;7;0;1;1;20;1;
202300017170;155650148;A01;1;7;0;2;2;14;1;
202300017170;155650149;B01;1;31;0;0;3;3;1;
202300017171;155650146;B01;3;7;0;2;5;16;1;
202300017171;155650147;A01;3;14;0;2;3;1;1;
202300017172;155650144;B01;3;7;0;2;2;1;1;
202300017172;155650145;A01;3;7;0;2;3;11;1;
202300017173;155650142;A01;2;7;0;2;3;10;1;
202300017173;155650143;B01;2;43;0;2;1;1;1;
202300017174;155650140;A01;2;33;0;2;2;15;1;
202300017174;155650141;B01;0;7;0;2;8;15;0;
202300017175;155650136;A01;1;37;8;2;1;5;6;2.0
202300017175;155650137;B01;2;7;0;2;1;1;1;
202300017175;155650138;D01;2;7;0;2;1;1;1;
202300017175;155650139;C01;2;7;0;2;1;2;1;
202300017176;155650135;A01;0;7;0;1;3;1;0;
202300017177;155650133;A01;2;7;9;2;2;16;5;
202300017177;155650134;B01;1;1;0;0;0;0;5;
202300017178;155650131;B01;1;1;0;2;1;2;5;
202300017178;155650132;A01;1;7;0;2;4;23;1;
202300017179;155650129;B01;3;14;0;2;2;1;1;
202300017179;155650130;A01;3;30;0;2;8;0;3;
202300017180;155650127;Z01;1;33;0;9;0;0;0;
202300017180;155650128;B01;3;50;0;2;7;15;3;
202300017181;155650125;B01;2;43;8;0;1;21;1;
202300017181;155650126;A01;2;1;0;0;0;0;5;
202300017182;155650123;A01;2;7;0;2;0;1;0;
202300017182;155650124;B01;2;2;0;2;7;17;3;
202300017183;155650122;A01;1;43;0;1;3;21;1;
202300017184;155650120;B01;0;7;0;0;8;24;1;
202300017184;155650121;A01;2;7;1;0;2;14;2;
202300017185;155650118;A01;2;38;0;2;7;16;1;1.0
202300017185;155650119;B01;1;1;0;2;8;16;5;
202300017186;155650116;B01;3;7;0;2;3;1;1;
202300017186;155650117;A01;1;7;0;2;1;1;1;
202300017187;155650114;A01;2;7;0;2;3;10;1;
202300017187;155650115;B01;1;32;0;2;1;17;1;
202300017188;155650113;A01;3;33;0;0;8;15;1;
202300017189;155650111;A01;1;7;0;2;1;1;1;
202300017189;155650112;B01;1;7;0;2;6;1;1;
202300017190;155650110;A01;1;7;0;1;3;26;1;
202300017191;155650109;A01;2;36;0;0;9;0;1;
202300017192;155650108;A01;1;80;0;1;0;26;3;
202300017193;155650107;A01;3;10;16;0;9;14;1;
202300017194;155650106;A01;2;10;0;1;3;1;1;
202300017195;155650104;B01;1;33;0;2;7;17;0;
202300017195;155650105;A01;1;7;0;2;8;11;0;
202300017196;155650102;A01;3;10;0;0;6;10;1;
202300017196;155650103;B01;2;32;0;2;1;1;1;
202300017197;155650100;A01;0;2;0;0;1;0;0;
202300017197;155650101;B01;0;7;0;0;8;0;0;
202300017198;155650098;B01;1;7;0;2;2;1;0;
202300017198;155650099;A01;1;7;0;2;4;1;0;
202300017199;155650097;A01;1;7;2;0;1;14;1;
202300017200;155650096;A01;1;7;0;1;1;1;1;
202300017201;155650095;A01;2;7;2;0;9;14;1;
202300017202;155650092;B01;2;7;0;2;9;23;0;
202300017202;155650093;A01;2;7;0;2;4;23;0;
202300017202;155650094;C01;2;10;0;2;1;1;1;
202300017203;155650090;A01;1;7;0;2;6;15;1;
202300017203;155650091;B01;2;7;0;2;1;1;1;
202300017204;155650088;A01;1;7;0;2;1;11;1;
202300017204;155650089;B01;2;10;0;2;1;2;1;
202300017205;155650087;A01;3;7;0;0;9;14;1;
202300017206;155650085;A01;3;7;0;2;3;19;1;
202300017206;155650086;B01;1;7;0;2;1;1;1;
202300017207;155650083;B01;1;7;0;9;2;2;1;
202300017207;155650084;A01;1;1;0;2;4;2;5;
202300017208;155650081;B01;2;7;0;2;1;2;1;
202300017208;155650082;A01;2;10;0;0;4;11;1;
202300017209;155650080;A01;1;2;0;0;6;1;1;
202300017210;155650079;A01;3;21;0;0;0;12;1;
202300017211;155650078;A01;2;7;13;0;1;14;1;
202300017212;155650077;A01;1;7;17;0;2;1;1;
202300017213;155650076;A01;0;7;1;0;1;0;1;
202300017214;155650075;A01;0;7;0;1;3;26;1;
202300017215;155650074;A01;3;7;5;0;2;0;1;
202300017216;155650073;A01;3;7;0;1;8;1;3;
202300017217;155650072;A01;1;7;16;0;0;1;1;
202300017218;155650071;A01;2;7;0;1;5;1;1;
202300017219;155650070;A01;1;7;0;0;8;1;1;
202300017220;155650067;A01;2;7;0;2;1;15;1;
202300017220;155650068;B01;1;7;0;2;1;1;1;
202300017220;155650069;C01;2;7;0;2;3;2;1;
202300017221;155650065;A01;1;7;0;2;1;13;1;
202300017221;155650066;B01;2;7;0;2;1;1;1;
202300017222;155650064;A01;3;7;0;1;1;0;1;
202300017223;155650062;B01;1;2;0;2;8;1;1;
202300017223;155650063;A01;2;7;0;2;3;15;1;
202300017224;155650061;A01;2;10;3;0;3;0;1;
202300017225;155650058;C01;1;13;0;2;4;1;1;
202300017225;155650059;A01;1;7;3;2;1;17;1;
202300017225;155650060;B01;1;7;3;2;4;17;1;
202300017226;155650057;A01;2;7;0;1;1;1;1;
202300017227;155650056;A01;3;37;0;1;1;17;1;1.0
202300017228;155650055;A01;1;7;0;1;3;1;1;
202300017229;155650053;A01;2;7;0;2;2;21;1;
202300017229;155650054;B01;2;14;0;2;6;15;1;
202300017230;155650052;A01;1;34;12;0;1;1;0;
202300017231;155650051;A01;1;7;2;0;7;14;1;
202300017232;155650050;A01;3;7;6;0;2;1;1;
202300017233;155650047;A01;1;7;0;2;2;17;1;
202300017233;155650048;B01;2;7;0;2;1;1;1;
202300017233;155650049;C01;1;7;0;2;1;1;1;
202300017234;155650046;A01;3;7;0;0;0;0;0;
202300017235;155650044;B01;3;2;0;2;1;13;1;
202300017235;155650045;A01;3;7;0;0;8;21;1;
202300017236;155650043;A01;2;7;9;0;1;1;1;
202300017237;155650042;A01;1;7;6;0;3;1;1;
202300017238;155650039;C01;1;10;0;2;3;1;0;
202300017238;155650040;B01;2;33;0;2;1;2;6;
202300017238;155650041;A01;2;7;0;0;6;2;0;
202300017239;155650037;A01;1;7;0;2;1;1;1;
202300017239;155650038;B01;2;7;0;2;1;11;1;
202300017240;155650035;A01;1;50;0;2;2;19;3;
202300017240;155650036;B01;1;7;0;2;1;1;1;
202300017241;155650033;A01;2;1;16;2;8;13;5;
202300017241;155650034;B01;2;1;0;2;7;2;5;
202300017242;155650032;A01;1;7;13;0;2;26;1;
202300017243;155650031;A01;2;10;0;0;1;26;1;
202300017244;155650029;B01;1;7;0;2;8;1;1;
202300017244;155650030;A01;1;14;0;2;7;12;1;
202300017245;155650024;A01;1;7;4;2;1;2;1;
202300017245;155650025;B01;1;7;4;2;4;2;1;
202300017245;155650026;C01;1;7;4;2;1;2;1;
202300017245;155650027;D01;1;7;4;2;1;2;1;
202300017245;155650028;E01;1;7;4;2;4;2;1;
202300017246;155650020;C01;2;7;0;2;4;1;1;
202300017246;155650021;B01;2;7;0;2;4;1;1;
202300017246;155650022;A01;2;7;0;2;1;1;1;
202300017246;155650023;D01;2;7;0;2;4;1;1;
202300017247;155650018;B01;1;7;0;0;4;2;1;
202300017247;155650019;A01;1;10;0;2;1;1;1;
202300017248;155650016;A01;2;31;0;2;7;0;1;
202300017248;155650017;Z01;2;7;0;2;0;0;0;
202300017249;155650015;A01;1;7;2;0;1;1;1;
202300017250;155650013;B01;1;7;0;2;2;26;1;
202300017250;155650014;A01;2;7;0;2;5;17;1;
202300017251;155650011;A01;1;7;0;2;1;2;1;
202300017251;155650012;B01;1;7;0;2;4;1;1;
202300017252;155650009;A01;3;7;0;2;3;1;1;
202300017252;155650010;B01;3;1;0;2;3;19;5;
202300017253;155650007;B01;2;2;0;2;1;1;1;
202300017253;155650008;A01;1;7;0;2;3;15;2;
202300017254;155650005;A01;1;80;0;2;1;15;3;
202300017254;155650006;B01;1;7;0;2;3;1;1;
202300017255;155650003;A01;1;7;0;2;2;2;1;
202300017255;155650004;B01;1;33;0;2;4;2;1;
202300017256;155650001;B01;3;7;0;2;2;1;1;
202300017256;155650002;A01;1;7;0;2;1;2;1;
202300017257;155649997;D01;3;7;0;2;6;1;1;
202300017257;155649998;C01;3;7;0;2;6;1;1;
202300017257;155649999;B01;3;7;0;2;4;1;1;
202300017257;155650000;A01;3;7;0;2;1;1;1;
202300017258;155649995;A01;0;7;0;2;2;1;1;
202300017258;155649996;B01;3;99;0;2;3;1;5;
202300017259;155649990;A01;1;7;0;2;1;2;6;
202300017259;155649991;B01;1;10;0;2;4;2;1;
202300017260;155649989;A01;0;7;0;1;1;1;1;
202300017261;155649988;A01;0;37;0;1;5;7;1;1.0
202300017262;155649986;A01;1;7;0;2;6;19;1;
202300017262;155649987;Z01;1;7;0;2;6;0;1;
202300017263;155649984;A01;1;7;3;2;2;26;1;
202300017263;155649985;B01;1;7;0;2;3;26;1;
202300017264;155649981;A01;2;7;0;2;1;2;1;
202300017264;155649982;B01;2;7;0;2;9;2;1;
202300017264;155649983;C01;1;7;0;2;3;26;1;
202300017265;155649980;A01;1;37;0;1;2;1;1;1.0
202300017266;155649978;A01;1;10;0;1;5;4;1;
202300017267;155649976;A01;1;35;0;2;4;20;3;
202300017267;155649977;B01;1;50;0;2;1;1;3;
202300017268;155649975;A01;1;7;0;1;3;1;1;
202300017269;155649974;A01;3;7;0;1;3;13;1;
202300017270;155649972;B01;2;80;0;2;1;1;3;
202300017270;155649973;A01;2;7;0;2;2;15;1;
202300017271;155649971;A01;3;7;0;1;1;1;1;
202300017272;155649970;A01;1;30;0;0;7;21;1;
202300017273;155649968;B01;2;7;0;2;3;1;1;
202300017273;155649969;A01;1;7;8;2;2;10;1;
202300017274;155649967;A01;1;7;0;1;1;1;1;
202300017275;155649965;A01;1;10;0;2;1;1;1;
202300017275;155649966;B01;1;7;0;2;4;1;1;
202300017276;155649964;A01;1;30;1;5;1;9;1;
202300017277;155649961;C01;1;7;0;2;4;23;1;
202300017277;155649962;B01;1;7;0;2;1;1;1;
202300017277;155649963;A01;1;7;0;2;1;1;1;
202300017278;155649960;A01;1;37;1;1;3;22;1;1.0
202300017279;155649958;A01;1;7;0;9;2;16;1;
202300017279;155649959;B01;1;50;0;2;8;1;3;
202300017280;155649956;A01;2;7;0;2;8;15;1;
202300017280;155649957;B01;1;32;0;2;1;1;1;
202300017281;155649954;B01;1;7;0;2;5;1;1;
202300017281;155649955;A01;1;3;0;2;1;2;1;
202300017282;155649953;A01;1;7;0;1;1;1;1;
202300017283;155649952;A01;1;7;0;1;1;15;1;
202300017284;155649950;B01;2;7;0;0;0;0;1;
202300017284;155649951;A01;2;7;2;2;2;14;1;
202300017285;155649949;A01;2;31;0;1;1;0;1;
202300017286;155649947;B01;1;7;0;2;8;15;1;
202300017286;155649948;A01;1;33;0;2;7;17;1;
202300017287;155649944;C01;2;14;0;2;8;1;1;
202300017287;155649945;A01;2;7;0;2;1;1;1;
202300017287;155649946;B01;2;7;0;2;6;1;1;
202300017288;155649942;A01;2;33;0;2;1;1;1;
202300017288;155649943;B01;2;7;0;2;4;1;1;
202300017289;155649941;A01;1;7;0;1;2;1;1;
202300017290;155649939;B01;3;33;0;2;2;12;1;
202300017290;155649940;A01;3;43;0;2;3;18;1;
202300017291;155649937;A01;3;7;0;2;2;15;1;
202300017291;155649938;B01;3;7;0;2;1;1;1;
202300017292;155649936;A01;1;7;0;1;3;1;1;
202300017293;155649934;A01;3;7;0;2;3;16;1;
202300017293;155649935;B01;3;7;0;2;8;1;1;
202300017294;155649932;A01;2;2;0;2;1;17;1;
202300017294;155649933;B01;2;7;0;2;3;15;1;
202300017295;155649930;B01;3;1;0;2;0;25;5;
202300017295;155649931;A01;2;7;0;2;2;1;1;
202300017296;155649928;A01;2;7;0;2;3;15;6;
202300017296;155649929;B01;2;32;0;2;2;17;1;
202300017297;155649926;B01;3;7;0;2;4;2;1;
202300017297;155649927;A01;3;7;0;2;1;2;1;
202300017298;155649923;B01;3;7;0;2;4;1;1;
202300017298;155649924;A01;3;7;0;2;1;1;0;
202300017298;155649925;C01;3;7;0;2;4;2;3;
202300017299;155649919;A01;2;50;0;2;1;25;3;
202300017299;155649920;B01;2;10;0;9;2;2;1;
202300017300;155649915;B01;1;7;0;2;4;1;1;
202300017300;155649916;A01;1;7;0;2;4;2;1;
202300017300;155649917;C01;1;7;0;2;1;2;1;
202300017300;155649918;D01;1;7;0;2;1;2;1;
202300017301;155649914;A01;1;10;0;1;1;1;3;
202300017302;155649913;A01;1;7;9;1;1;1;1;
202300017303;155649912;A01;2;7;0;1;2;17;1;
202300017304;155649910;A01;3;0;0;2;0;0;0;
202300017304;155649911;P01;3;1;0;2;0;0;5;
202300017305;155649909;A01;0;10;0;0;7;1;1;
202300017306;155649908;A01;1;7;0;1;3;16;1;
202300017307;155649906;B01;0;7;0;0;0;1;6;
202300017307;155649907;A01;2;50;0;2;4;2;3;
202300017308;155649904;B01;1;7;0;2;8;11;1;
202300017308;155649905;A01;1;32;0;2;1;3;3;
202300017309;155649903;A01;2;7;1;1;2;21;1;
202300017310;155649902;A01;1;1;8;0;1;14;5;
202300017311;155649900;A01;1;80;0;2;7;12;3;
202300017311;155649901;B01;1;2;0;2;1;1;3;
202300017312;155649899;A01;1;1;12;0;8;13;5;
202300017313;155649897;B01;2;7;0;2;2;1;2;
202300017313;155649898;A01;2;10;0;2;6;4;1;
202300017314;155649895;A01;3;10;0;2;5;22;1;
202300017314;155649896;B01;1;1;0;2;3;1;5;
202300017315;155649893;B01;3;1;0;2;1;1;5;
202300017315;155649894;A01;1;7;0;2;3;1;1;
202300017316;155649891;B01;1;7;0;2;2;1;1;
202300017316;155649892;A01;1;50;0;2;1;1;3;
202300017317;155649890;A01;1;10;0;1;4;4;1;
202300017318;155649889;A01;3;2;0;1;1;1;0;
202300017319;155649887;A01;1;7;0;2;2;1;1;
202300017319;155649888;Z01;2;32;0;2;7;6;1;
202300017320;155649884;C01;1;7;0;2;4;2;0;
202300017320;155649885;B01;1;7;0;2;4;2;2;
202300017320;155649886;A01;1;7;0;2;1;2;0;
202300017321;155649882;B01;2;33;0;2;2;1;1;
202300017321;155649883;A01;3;7;0;2;3;9;1;
202300017322;155649880;A01;1;7;0;2;3;13;3;
202300017322;155649881;B01;2;7;0;2;3;1;1;
202300017323;155649878;A01;2;10;0;2;4;1;1;
202300017323;155649879;B01;2;1;0;2;4;1;5;
202300017324;155649876;A01;1;7;0;2;3;13;1;
202300017324;155649877;B01;1;2;1;2;2;0;1;
202300017325;155649875;A01;2;7;0;1;7;0;3;
202300017326;155649872;A01;2;7;0;2;1;15;1;
202300017326;155649873;B01;1;7;8;2;1;1;1;
202300017326;155649874;C01;2;7;0;2;6;1;1;
202300017327;155649870;A01;1;30;0;2;1;19;1;
202300017327;155649871;B01;1;99;0;2;6;1;1;
202300017328;155649868;B01;2;7;0;2;1;2;1;
202300017328;155649869;A01;2;7;0;2;4;2;1;
202300017329;155649867;A01;1;80;0;1;3;0;3;
202300017330;155649866;A01;1;37;0;1;2;1;1;1.0
202300017331;155649864;B01;2;7;0;2;1;0;0;
202300017331;155649865;A01;3;10;0;2;7;13;0;
202300017332;155649862;A01;1;32;0;2;1;1;1;
202300017332;155649863;B01;2;7;0;2;3;15;1;
202300017333;155649860;A01;3;7;0;2;3;24;1;
202300017333;155649861;B01;3;1;1;0;1;1;5;
202300017334;155649858;B01;1;7;1;2;1;1;1;
202300017334;155649859;A01;1;10;0;2;1;10;1;
202300017335;155649857;A01;1;7;15;0;1;15;1;
202300017336;155649855;B01;3;7;0;2;3;15;1;
202300017336;155649856;A01;3;7;0;2;3;16;1;
202300017337;155649854;A01;1;7;0;1;2;9;1;
202300017338;155649852;B01;1;15;0;2;3;1;1;
202300017338;155649853;A01;2;10;0;2;1;13;1;
202300017339;155649851;A01;2;7;0;1;1;1;1;
202300017340;155649849;B01;1;1;0;0;4;2;5;
202300017340;155649850;A01;1;7;0;9;2;2;1;
202300017341;155649847;A01;1;10;0;2;1;2;1;
202300017341;155649848;B01;1;15;0;0;6;2;1;
202300017342;155649845;A01;1;7;0;0;3;15;1;
202300017342;155649846;B01;1;7;0;0;1;1;1;
202300017343;155649843;A01;2;7;0;2;4;0;1;
202300017343;155649844;B01;1;7;0;2;1;1;1;
202300017344;155649842;A01;2;7;2;0;5;0;1;
202300017345;155649841;A01;2;7;0;1;3;2;0;
202300017346;155649839;A01;1;2;0;2;1;17;0;
202300017346;155649840;B01;2;7;0;2;3;9;0;
202300017347;155649837;B01;0;7;0;0;4;2;1;
202300017347;155649838;A01;0;7;0;2;1;2;1;
202300017348;155649835;B01;1;7;0;2;3;1;1;
202300017348;155649836;A01;2;7;0;0;7;15;1;
202300017349;155649833;A01;2;10;0;2;2;17;1;
202300017349;155649834;B01;2;33;0;2;8;15;1;
202300017350;155649832;A01;3;33;8;0;1;1;1;
202300017351;155649829;B01;1;7;0;2;7;1;1;
202300017351;155649830;C01;1;3;0;2;2;1;1;
202300017351;155649831;A01;2;7;0;2;2;13;1;
202300017352;155649827;B01;1;39;0;2;2;19;3;
202300017352;155649828;A01;2;7;0;4;1;26;1;
202300017353;155649824;C01;1;7;0;9;1;1;1;
202300017353;155649825;B01;2;15;0;2;3;1;1;
202300017353;155649826;A01;1;7;0;2;3;13;1;
202300017354;155649823;A01;1;10;3;0;1;2;1;
202300017355;155649822;A01;1;7;1;0;3;13;3;
202300017356;155649820;A01;2;32;0;2;1;17;1;
202300017356;155649821;B01;2;7;0;2;6;15;1;
202300017357;155649817;A01;1;33;0;0;4;2;0;
202300017357;155649818;B01;1;33;0;2;5;2;0;
202300017357;155649819;C01;1;33;0;2;3;1;0;
202300017358;155649816;A01;2;10;8;0;3;1;1;
202300017359;155649814;A01;2;7;0;0;4;1;1;
202300017359;155649815;B01;2;32;0;2;1;1;1;
202300017360;155649812;A01;3;7;0;2;4;15;1;
202300017360;155649813;B01;3;33;0;2;1;1;1;
202300017361;155649810;A01;1;10;0;2;3;1;1;
202300017361;155649811;B01;1;33;11;2;1;17;1;
202300017362;155649808;A01;0;7;0;2;1;1;1;
202300017362;155649809;B01;0;7;0;2;1;1;0;
202300017363;155649805;A01;2;10;0;1;1;23;1;
202300017364;155649804;A01;3;7;0;1;3;0;1;
202300017365;155649803;A01;2;31;0;0;7;1;1;
202300017366;155649802;A01;3;33;0;0;9;1;1;
202300017367;155649800;A01;2;2;0;2;0;1;1;
202300017367;155649801;B01;2;21;0;2;3;1;1;
202300017368;155649798;B01;1;33;0;2;1;1;1;
202300017368;155649799;A01;2;7;0;2;5;15;1;
202300017369;155649797;A01;1;2;1;0;1;1;1;
202300017370;155649796;A01;1;7;2;0;0;1;2;
202300017371;155649795;A01;3;10;0;1;1;16;1;
202300017372;155649790;C01;2;7;0;2;1;2;1;
202300017372;155649791;A01;2;7;0;2;4;1;1;
202300017372;155649792;B01;2;7;0;2;4;2;1;
202300017373;155649788;A01;2;7;0;2;8;9;1;
202300017373;155649789;B01;2;7;0;2;7;2;1;
202300017374;155649786;B01;1;7;4;2;4;2;1;
202300017374;155649787;A01;1;31;4;2;1;2;1;
202300017375;155649784;B01;2;31;0;2;1;3;1;
202300017375;155649785;A01;2;7;0;2;4;11;1;
202300017376;155649780;B01;1;10;0;2;4;1;1;
202300017376;155649781;C01;1;10;0;2;1;1;1;
202300017376;155649782;D01;1;17;0;2;4;2;1;
202300017376;155649783;A01;1;14;0;2;1;1;1;
202300017377;155649779;A01;1;33;0;0;2;21;1;
202300017378;155649776;A01;2;7;0;2;1;2;1;
202300017378;155649777;B01;2;7;0;2;4;2;1;
202300017378;155649778;C01;2;7;0;2;4;2;1;
202300017379;155649773;A01;2;10;0;2;1;2;1;
202300017379;155649774;B01;2;7;0;2;4;2;1;
202300017379;155649775;C01;2;7;0;2;4;2;1;
202300017380;155649771;A01;2;33;0;2;0;0;1;
202300017380;155649772;B01;2;7;0;2;0;0;2;
202300017381;155649769;A01;1;7;0;2;1;1;1;
202300017381;155649770;B01;1;7;0;1;1;1;0;
202300017382;155649767;A01;1;7;0;2;3;15;1;
202300017382;155649768;B01;3;30;0;2;1;1;1;
202300017383;155649764;C01;2;1;0;2;9;17;5;
202300017383;155649765;A01;1;38;0;2;8;1;1;1.0
202300017383;155649766;B01;2;7;0;2;3;1;1;
202300017384;155649763;A01;1;7;4;0;2;2;1;
202300017385;155649762;A01;1;33;9;0;8;0;1;
202300017386;155649760;A01;1;7;0;0;4;23;1;
202300017386;155649761;B01;1;7;0;2;1;2;1;
202300017387;155649758;A01;2;7;0;2;4;2;1;
202300017387;155649759;B01;2;7;0;2;1;2;1;
202300017388;155649756;A01;2;31;0;2;1;1;0;
202300017388;155649757;B01;1;7;0;2;3;19;0;
202300017389;155649753;B01;1;7;0;2;3;1;1;
202300017389;155649754;A01;2;7;0;2;3;5;1;
202300017389;155649755;C01;1;14;0;2;1;1;1;
202300017390;155649752;A01;2;7;0;0;3;13;1;
202300017391;155649750;A01;1;7;0;0;6;23;1;
202300017391;155649751;B01;1;33;0;2;1;1;1;
202300017392;155649749;A01;2;33;3;0;8;16;1;
202300017393;155649747;A01;2;33;0;2;1;1;3;
202300017393;155649748;B01;1;7;0;0;8;15;0;
202300017394;155649746;A01;1;7;0;1;2;1;1;
202300017395;155649742;C01;2;7;0;2;8;1;1;
202300017395;155649743;A01;1;7;0;2;1;1;1;
202300017395;155649744;B01;1;3;0;0;4;15;1;
202300017396;155649740;A01;1;33;0;2;1;15;1;
202300017396;155649741;B01;2;7;0;2;3;1;1;
202300017397;155649738;Y01;2;60;0;2;7;19;5;
202300017397;155649739;A01;1;7;0;2;1;1;1;
202300017398;155649736;A01;1;7;0;2;2;2;1;
202300017398;155649737;B01;1;30;0;2;3;2;0;
202300017399;155649734;A01;1;30;1;0;1;1;1;
202300017399;155649735;B01;1;10;0;0;0;0;1;
202300017400;155649732;A01;1;7;0;2;2;19;1;
202300017400;155649733;B01;1;2;0;2;8;1;1;
202300017401;155649731;A01;1;7;8;0;3;13;1;
202300017402;155649730;A01;2;33;0;0;0;0;1;
202300017403;155649729;A01;2;7;0;1;0;0;1;
202300017404;155649728;A01;2;7;0;1;7;17;1;
202300017405;155649727;A01;1;7;0;1;1;16;1;
202300017406;155649725;A01;1;7;0;2;1;19;1;
202300017406;155649726;B01;0;7;0;2;7;1;1;
202300017407;155649723;A01;3;7;0;2;3;1;1;
202300017407;155649724;B01;3;7;0;2;3;1;1;
202300017408;155649721;A01;1;7;0;2;1;2;1;
202300017408;155649722;B01;1;7;0;2;0;2;1;
202300017409;155649720;A01;3;7;0;1;3;19;1;
202300017410;155649715;A01;1;50;0;0;7;1;3;
202300017411;155649714;A01;2;7;0;1;1;1;1;
202300017412;155649712;B01;1;10;14;0;1;23;0;
202300017412;155649713;A01;1;10;14;0;4;23;0;
202300017413;155649711;A01;2;43;14;0;1;0;1;
202300017414;155649710;A01;2;10;0;1;2;1;1;
202300017415;155649709;A01;0;39;0;1;3;26;3;
202300017416;155649707;A01;3;10;0;2;5;1;1;
202300017416;155649708;B01;3;7;0;2;0;23;1;
202300017417;155649703;B01;2;1;0;0;0;0;5;
202300017417;155649704;A01;1;33;0;2;1;26;0;
202300017418;155649699;B01;1;7;0;2;3;15;1;
202300017418;155649700;A01;1;7;0;2;7;17;1;
202300017419;155649698;A01;0;50;0;0;0;14;3;
202300017420;155649697;A01;1;7;0;1;1;14;1;
202300017421;155649695;A01;2;10;0;2;3;15;1;
202300017421;155649696;B01;1;7;0;2;0;0;1;
202300017422;155649694;A01;1;7;1;0;0;0;0;
202300017423;155649691;C01;3;7;0;2;4;2;1;
202300017423;155649692;A01;1;7;0;2;8;18;1;
202300017423;155649693;B01;3;7;12;2;7;1;1;
202300017424;155649688;C01;1;7;0;2;4;1;1;
202300017424;155649689;A01;1;7;0;2;1;1;1;
202300017424;155649690;B01;1;7;0;2;4;1;1;
202300017425;155649687;A01;1;7;6;0;1;14;1;
202300017426;155649685;B01;0;50;0;2;1;1;3;
202300017426;155649686;A01;3;7;0;2;7;16;1;
202300017427;155649683;A01;0;1;0;2;1;1;5;
202300017427;155649684;B01;3;10;0;2;0;9;1;
202300017428;155649682;A01;1;7;0;1;2;15;1;
202300017429;155649680;B01;3;15;0;2;1;16;1;
202300017429;155649681;A01;2;7;0;2;2;1;1;
202300017430;155649678;A01;2;3;0;2;2;15;1;
202300017430;155649679;B01;1;33;0;2;1;1;1;
202300017431;155649676;A01;1;30;0;2;1;17;1;
202300017431;155649677;B01;2;7;0;2;1;21;1;
202300017432;155649674;B01;2;2;0;2;1;1;1;
202300017432;155649675;A01;1;10;0;2;3;15;1;
202300017433;155649672;B01;3;10;0;0;4;23;1;
202300017433;155649673;A01;1;7;0;2;1;1;1;
202300017434;155649671;Z01;3;7;0;1;4;20;1;
202300017435;155649669;B01;1;2;0;2;1;1;1;
202300017435;155649670;A01;3;7;0;2;3;15;3;
202300017436;155649667;A01;2;7;0;2;1;26;0;
202300017436;155649668;B01;2;2;0;2;1;1;1;
202300017437;155649665;A01;1;7;0;2;5;16;1;
202300017437;155649666;B01;1;1;0;2;0;1;5;
202300017438;155649664;A01;2;7;0;1;1;1;2;
202300017439;155649662;A01;2;7;0;2;1;13;1;
202300017439;155649663;B01;1;7;0;2;1;1;1;
202300017440;155649660;B01;3;50;0;2;8;0;3;
202300017440;155649661;A01;3;7;0;2;2;0;1;
202300017441;155649659;A01;0;21;0;1;3;1;1;
202300017442;155649658;A01;1;10;0;1;1;9;1;
202300017443;155649657;A01;2;7;0;1;1;1;1;
202300017444;155649655;A01;2;2;0;2;3;1;1;
202300017444;155649656;B01;2;7;0;2;7;20;1;
202300017445;155649654;A01;1;10;15;5;0;21;0;
202300017446;155649653;A01;3;7;0;1;3;0;1;
202300017447;155649650;B01;3;33;0;2;1;1;1;
202300017447;155649651;A01;3;7;0;2;8;19;2;
202300017448;155649648;A01;1;7;0;2;1;15;1;
202300017448;155649649;B01;2;1;0;2;6;1;5;
202300017449;155649646;A01;3;7;0;2;2;1;1;
202300017449;155649647;B01;3;30;0;2;3;1;1;
202300017450;155649644;A01;1;7;0;2;4;2;1;
202300017450;155649645;B01;1;7;0;2;1;2;1;
202300017451;155649642;A01;1;33;0;2;1;26;1;
202300017451;155649643;B01;1;7;0;2;6;12;1;
202300017452;155649640;A01;3;7;0;2;1;1;1;
202300017452;155649641;B01;3;7;0;2;6;1;1;
202300017453;155649638;B01;1;7;0;2;4;2;1;
202300017453;155649639;A01;1;7;1;0;1;2;1;
202300017454;155649637;A01;1;7;6;0;1;14;1;
202300017455;155649635;A01;2;7;0;2;2;2;1;
202300017455;155649636;B01;2;7;0;2;4;2;1;
202300017456;155649634;A01;1;7;0;1;1;1;1;
202300017457;155649632;A01;0;7;0;2;7;15;1;
202300017457;155649633;B01;0;7;0;2;1;1;2;
202300017458;155649628;A01;2;7;0;0;4;15;1;
202300017458;155649629;B01;2;7;0;2;1;2;1;
202300017459;155649626;A01;2;1;0;2;1;17;5;
202300017459;155649627;B01;2;50;0;2;8;1;3;
202300017460;155649625;A01;2;7;0;1;3;1;1;