Num_Acc;id_vehicule;num_veh;senc;catv;obs;obsm;choc;manv;motor;occutc
202300017461;155649624;A01;0;7;0;1;3;15;1;
202300017462;155649623;A01;1;7;0;1;3;2;1;
202300017463;155649619;A01;1;33;0;2;1;2;0;
202300017463;155649620;C01;2;7;0;2;1;23;0;
202300017463;155649621;D01;2;7;0;2;7;23;0;
202300017463;155649622;B01;2;7;0;2;3;17;0;
202300017464;155649618;Z01;1;32;0;1;8;0;0;
202300017465;155649616;A01;3;7;0;2;3;5;1;
202300017465;155649617;B01;3;10;0;2;6;1;1;
202300017466;155649614;A01;2;99;0;2;3;16;1;
202300017466;155649615;B01;2;10;0;2;2;16;1;
202300017467;155649612;A01;1;30;0;2;7;17;1;
202300017467;155649613;B01;1;7;0;2;6;15;1;
202300017468;155649610;B01;2;50;0;2;1;1;3;
202300017468;155649611;A01;2;7;0;2;8;22;2;
202300017469;155649609;A01;1;2;9;0;1;14;1;
202300017470;155649608;A01;1;37;0;1;2;1;3;1.0
202300017471;155649606;B01;1;7;0;2;8;15;1;
202300017471;155649607;A01;1;30;0;2;2;17;1;
202300017472;155649605;A01;2;7;0;1;5;4;1;
202300017473;155649604;A01;0;7;0;1;1;13;1;
202300017474;155649602;A01;2;1;0;2;1;1;5;
202300017474;155649603;B01;1;1;0;2;5;15;5;
202300017475;155649601;A01;1;34;0;1;2;17;1;
202300017476;155649599;A01;2;7;0;2;7;12;1;
202300017476;155649600;B01;2;33;0;2;3;2;1;
202300017477;155649597;A01;2;7;0;2;1;0;1;
202300017477;155649598;B01;2;33;0;2;8;0;1;
202300017478;155649595;A01;1;7;0;2;5;14;1;
202300017478;155649596;B01;1;33;0;2;1;1;1;
202300017479;155649594;A01;0;7;0;1;3;16;0;
202300017480;155649592;A01;3;1;0;2;8;9;5;
202300017480;155649593;B01;1;31;0;2;1;2;1;
202300017481;155649590;A01;3;7;0;2;1;1;1;
202300017481;155649591;B01;3;3;0;2;4;1;1;
202300017482;155649588;B01;3;7;0;2;2;9;1;
202300017482;155649589;A01;3;7;0;2;8;26;1;
202300017483;155649586;A01;3;7;0;2;1;1;0;
202300017483;155649587;B01;3;7;0;2;3;15;0;
202300017484;155649585;A01;2;7;0;1;2;1;1;
202300017485;155649583;A01;0;7;0;9;1;1;1;
202300017486;155649581;A01;2;10;0;2;4;20;0;
202300017486;155649582;B01;2;32;0;2;2;1;0;
202300017487;155649579;A01;1;7;0;2;3;2;1;
202300017487;155649580;B01;1;33;0;2;2;2;1;
202300017488;155649577;B01;2;33;0;2;7;3;1;
202300017488;155649578;A01;1;7;0;2;1;15;1;
202300017489;155649575;B01;1;50;0;2;7;1;3;
202300017489;155649576;A01;1;7;0;2;8;15;1;
202300017490;155649573;A01;2;7;0;2;2;1;1;
202300017490;155649574;B01;2;10;0;2;3;15;1;
202300017491;155649570;A01;1;10;0;2;8;22;0;
202300017491;155649571;B01;1;60;0;0;0;0;5;
202300017492;155649567;B01;3;7;0;2;1;1;1;
202300017492;155649568;A01;3;7;0;2;5;20;1;
202300017493;155649566;A01;0;7;6;0;1;2;1;
202300017494;155649565;A01;1;30;1;2;8;21;0;
202300017495;155649563;A01;1;10;0;2;1;1;1;
202300017495;155649564;B01;2;32;0;2;1;15;1;
202300017496;155649562;A01;1;42;0;1;1;1;1;
202300017497;155649561;A01;2;43;12;0;2;1;1;
202300017498;155649559;A01;3;7;0;2;2;15;1;
202300017498;155649560;B01;3;7;0;2;8;1;2;
202300017499;155649558;A01;2;7;15;0;1;14;1;
202300017500;155649557;A01;1;7;2;0;1;14;2;
202300017501;155649556;A01;3;7;0;1;4;20;0;
202300017502;155649552;A01;3;7;0;2;3;1;1;
202300017502;155649553;B01;3;7;0;2;1;5;1;
202300017502;155649554;C01;0;7;0;0;2;26;1;
202300017502;155649555;D01;0;7;0;0;2;26;1;
202300017503;155649550;A01;2;7;0;2;3;13;1;
202300017503;155649551;B01;1;7;0;2;3;1;1;
202300017504;155649549;A01;1;7;2;0;8;1;1;
202300017505;155649547;A01;3;7;0;2;3;1;1;
202300017505;155649548;B01;3;36;0;2;2;1;1;
202300017506;155649546;A01;2;7;8;0;1;0;1;
202300017507;155649545;A01;1;7;3;-1;1;0;1;
202300017508;155649544;A01;2;10;15;9;2;26;1;
202300017509;155649542;B01;2;7;0;2;8;19;1;
202300017509;155649543;A01;2;10;0;2;1;1;1;
202300017510;155649541;A01;1;7;13;0;1;1;0;
202300017511;155649539;A01;3;2;0;2;2;1;1;
202300017511;155649540;B01;1;7;0;2;4;26;1;
202300017512;155649538;A01;2;7;6;6;1;1;1;
202300017513;155649536;A01;1;2;0;2;1;17;1;
202300017513;155649537;B01;2;7;0;2;1;1;3;
202300017514;155649533;A01;1;7;0;2;1;13;1;
202300017514;155649534;B01;1;7;0;2;1;13;1;
202300017514;155649535;C01;2;16;0;2;1;1;1;
202300017515;155649532;A01;1;15;13;0;7;1;1;
202300017516;155649531;A01;1;7;15;-1;1;1;1;
202300017517;155649530;A01;2;7;2;0;0;1;1;
202300017518;155649529;A01;1;7;0;1;1;1;1;
202300017519;155649527;A01;2;33;0;2;7;3;1;
202300017519;155649528;B01;1;7;0;2;8;13;3;
202300017520;155649526;A01;1;7;2;0;1;1;1;
202300017521;155649523;A01;3;7;0;2;3;1;1;
202300017521;155649525;B01;1;2;0;2;7;1;1;
202300017522;155649522;B01;1;33;0;2;1;3;1;
202300017522;155649524;A01;1;33;0;2;4;1;0;
202300017523;155649519;A01;1;7;0;2;2;15;1;
202300017523;155649521;B01;2;2;0;2;7;21;1;
202300017524;155649517;A01;1;7;0;2;8;11;1;
202300017524;155649518;B01;1;7;0;2;7;1;1;
202300017524;155649520;C01;1;33;0;2;6;1;1;
202300017525;155649514;A01;2;7;0;2;2;16;0;
202300017525;155649516;B01;2;31;0;2;6;7;1;
202300017526;155649513;B01;2;7;0;2;4;1;2;
202300017526;155649515;A01;2;10;0;2;1;2;1;
202300017527;155649512;A01;1;7;0;0;-1;26;1;
202300017528;155649511;A01;3;21;0;0;7;10;1;
202300017529;155649508;A01;2;33;11;0;1;17;1;
202300017530;155649507;B01;2;17;0;2;4;1;1;
202300017530;155649509;C01;2;17;0;2;1;1;1;
202300017530;155649510;A01;2;99;0;2;1;1;1;
202300017531;155649504;B01;2;14;3;2;1;2;1;
202300017531;155649506;A01;1;7;0;2;1;13;1;
202300017532;155649503;A01;2;7;3;2;1;2;1;
202300017532;155649505;B01;2;7;0;2;4;2;1;
202300017533;155649501;B01;2;1;0;2;4;2;5;
202300017533;155649502;A01;2;7;0;9;2;2;0;
202300017534;155649499;B01;1;7;0;2;2;12;1;
202300017534;155649500;A01;1;33;0;2;3;3;1;
202300017535;155649495;A01;2;7;0;2;1;2;1;
202300017535;155649497;B01;2;7;0;2;4;1;1;
202300017536;155649493;A01;1;31;0;0;1;3;1;
202300017537;155649491;A01;2;7;0;2;2;14;1;
202300017538;155649490;A01;1;37;0;2;2;1;1;1.0
202300017538;155649492;B01;1;1;0;2;4;1;5;
202300017539;155649485;A01;2;33;0;2;1;11;1;
202300017539;155649487;B01;2;7;4;2;6;1;1;
202300017539;155649489;Z01;2;33;4;2;1;3;0;
202300017540;155649486;A01;1;7;14;0;1;2;1;
202300017540;155649488;B01;1;10;0;0;4;23;1;
202300017541;155649482;B01;2;7;0;2;8;1;1;
202300017541;155649484;A01;2;14;0;2;1;12;1;
202300017542;155649481;A01;1;7;0;0;4;1;1;
202300017542;155649483;B01;1;7;0;2;1;2;1;
202300017543;155649477;A01;1;7;0;2;1;5;1;
202300017543;155649479;B01;2;7;0;2;1;1;1;
202300017544;155649475;D01;1;7;0;2;5;1;1;
202300017544;155649476;C01;1;7;0;2;3;1;1;
202300017544;155649478;A01;1;7;0;2;3;12;1;
202300017544;155649480;B01;1;33;0;2;3;3;1;
202300017545;155649474;A01;2;37;0;1;3;24;1;1.0
202300017546;155649472;A01;2;10;0;2;1;1;1;
202300017546;155649473;B01;2;7;0;2;4;23;1;
202300017547;155649470;B01;1;10;0;2;3;2;1;
202300017547;155649471;A01;1;17;0;0;5;2;1;
202300017548;155649469;A01;1;7;4;0;2;14;1;
202300017549;155649467;A01;2;32;0;1;1;26;1;
202300017550;155649465;A01;2;50;0;1;1;1;3;
202300017551;155649463;A01;2;2;0;2;1;9;1;
202300017551;155649464;B01;2;2;0;2;5;26;1;
202300017552;155649462;A01;2;7;4;0;2;17;1;
202300017553;155649460;A01;3;13;0;2;7;1;1;
202300017553;155649461;B01;3;1;0;2;8;1;5;
202300017554;155649458;A01;1;33;0;2;5;16;1;
202300017554;155649459;B01;2;13;0;2;3;1;1;
202300017555;155649456;B01;1;7;0;2;3;1;4;
202300017555;155649457;A01;2;7;0;2;3;13;1;
202300017556;155649454;A01;1;7;0;2;3;9;1;
202300017556;155649455;B01;1;2;0;2;1;1;1;
202300017557;155649451;B01;1;2;0;2;6;1;1;
202300017557;155649452;Z01;1;7;0;9;2;12;1;
202300017558;155649450;A01;2;7;0;2;1;1;1;
202300017558;155649453;B01;1;7;0;2;8;9;1;
202300017559;155649447;B01;1;7;0;9;2;1;1;
202300017559;155649449;A01;1;50;0;2;8;15;3;
202300017560;155649446;A01;3;7;0;0;8;19;1;
202300017560;155649448;B01;2;33;0;2;1;1;1;
202300017561;155649442;B01;1;7;0;2;2;1;1;
202300017561;155649444;C01;1;7;0;2;6;24;1;
202300017561;155649445;A01;2;30;0;2;3;19;1;
202300017562;155649443;A01;1;33;0;0;9;1;1;
202300017563;155649441;A01;2;1;14;0;0;16;5;
202300017564;155649437;B01;0;31;0;2;1;1;0;
202300017564;155649438;A01;0;7;0;2;2;15;0;
202300017565;155649436;A01;1;7;12;0;2;1;1;
202300017566;155649439;B01;1;10;0;2;1;1;1;
202300017566;155649440;A01;2;7;0;2;1;5;0;
202300017567;155649435;A01;1;33;0;9;0;0;1;
202300017568;155649434;A01;2;7;8;0;3;1;1;
202300017569;155649433;A01;1;33;0;0;0;26;0;
202300017570;155649429;A01;1;50;0;2;0;0;3;
202300017570;155649430;B01;2;7;0;9;1;1;1;
202300017571;155649428;A01;3;7;0;1;2;1;1;
202300017572;155649426;B01;1;7;0;2;2;1;1;
202300017572;155649427;A01;2;7;0;2;1;1;1;
202300017573;155649424;B01;1;37;0;2;2;1;1;1.0
202300017573;155649425;A01;1;7;0;2;5;1;1;
202300017574;155649423;A01;1;7;1;0;2;14;1;
202300017575;155649422;A01;1;7;0;1;1;1;1;
202300017576;155649420;B01;1;43;0;2;2;1;1;
202300017576;155649421;A01;1;7;0;2;3;10;1;
202300017577;155649419;A01;3;7;14;0;1;6;1;
202300017578;155649417;A01;1;33;0;2;1;17;1;
202300017578;155649418;B01;1;7;0;2;3;15;1;
202300017579;155649415;A01;1;32;0;2;1;18;1;
202300017579;155649416;B01;2;7;0;2;2;15;1;
202300017580;155649413;B01;2;2;0;2;1;19;1;
202300017580;155649414;A01;1;7;0;2;3;1;1;
202300017581;155649411;A01;2;7;0;2;1;1;1;
202300017581;155649412;B01;3;7;0;2;4;1;1;
202300017582;155649409;B01;1;7;0;2;2;1;1;
202300017582;155649410;A01;3;7;0;2;7;1;1;
202300017583;155649405;C01;2;7;0;2;4;1;1;
202300017583;155649406;D01;2;7;0;2;4;1;1;
202300017583;155649407;B01;2;7;0;2;4;1;1;
202300017583;155649408;A01;2;7;0;2;1;1;1;
202300017584;155649404;A01;3;7;0;1;2;17;1;
202300017585;155649402;A01;3;7;0;2;3;15;1;
202300017585;155649403;B01;3;30;0;2;1;1;1;
202300017586;155649400;A01;3;7;0;2;0;1;1;
202300017586;155649401;B01;3;1;0;2;2;1;5;
202300017587;155649399;A01;2;1;16;0;0;1;5;
202300017588;155649398;A01;1;10;8;0;1;2;1;
202300017589;155649396;A01;2;7;0;2;6;26;1;
202300017589;155649397;B01;2;2;0;2;1;9;1;
202300017590;155649394;B01;1;7;1;0;1;1;1;
202300017590;155649395;A01;1;7;0;2;4;23;1;
202300017591;155649392;A01;1;7;0;2;1;1;1;
202300017591;155649393;B01;1;1;0;2;8;0;5;
202300017592;155649390;B01;1;30;0;2;8;1;1;
202300017592;155649391;A01;1;7;0;2;2;2;1;
202300017593;155649388;A01;3;10;0;2;3;1;1;
202300017593;155649389;B01;3;1;0;2;2;15;5;
202300017594;155649387;A01;1;30;0;0;0;1;0;
202300017595;155649386;A01;1;30;0;0;0;15;1;
202300017596;155649384;A01;2;10;0;9;2;19;1;
202300017596;155649385;B01;1;1;0;2;1;1;5;
202300017597;155649383;A01;1;30;1;0;1;13;1;
202300017598;155649382;A01;1;7;1;0;3;13;1;
202300017599;155649378;A01;3;34;14;0;0;0;0;
202300017599;155649379;B01;3;3;0;2;2;1;0;
202300017600;155649376;A01;1;7;0;2;2;15;1;
202300017600;155649377;B01;2;32;0;2;1;1;1;
202300017601;155649374;B01;0;7;0;2;5;15;1;
202300017601;155649375;A01;0;50;0;2;1;0;3;
202300017602;155649371;C01;3;7;16;0;6;15;0;
202300017602;155649372;B01;2;7;0;2;0;0;2;
202300017602;155649373;A01;3;7;0;2;9;1;1;
202300017603;155649370;A01;2;7;0;0;7;1;1;
202300017604;155649368;B01;1;2;0;0;4;23;1;
202300017604;155649369;A01;1;7;0;2;1;2;1;
202300017605;155649366;A01;2;7;0;2;2;2;1;
202300017605;155649367;B01;2;7;0;2;6;2;1;
202300017606;155649365;Z01;1;7;0;1;4;4;0;
202300017607;155649363;A01;2;7;0;2;2;1;1;
202300017607;155649364;B01;1;1;0;2;8;1;5;
202300017608;155649361;A01;1;32;0;2;7;1;1;
202300017608;155649362;B01;0;1;0;2;1;1;5;
202300017609;155649360;A01;3;30;0;0;0;9;3;
202300017610;155649358;A01;1;7;0;2;3;9;2;
202300017610;155649359;B01;1;31;0;2;7;1;1;
202300017611;155649356;B01;2;7;0;2;5;23;1;
202300017611;155649357;A01;2;10;0;2;6;1;1;
202300017612;155649355;A01;2;1;0;1;1;1;5;
202300017613;155649353;A01;2;10;0;2;2;1;1;
202300017613;155649354;B01;2;43;0;2;0;1;1;
202300017614;155649351;A01;2;7;0;2;3;2;1;
202300017614;155649352;B01;2;1;0;2;1;17;5;
202300017615;155649350;Z01;2;14;0;1;0;1;1;
202300017616;155649348;A01;2;10;0;2;2;14;1;
202300017616;155649349;B01;2;7;0;2;6;1;2;
202300017617;155649346;A01;2;99;0;2;1;1;1;
202300017617;155649347;B01;2;33;0;2;4;23;1;
202300017618;155649344;B01;2;7;0;2;1;1;1;
202300017618;155649345;A01;2;7;0;2;7;1;1;
202300017619;155649342;B01;2;50;0;2;1;1;3;
202300017619;155649343;A01;2;7;0;2;2;16;1;
202300017620;155649340;B01;3;2;0;2;5;26;1;
202300017620;155649341;A01;0;7;0;2;3;26;0;
202300017621;155649339;A01;1;60;12;0;1;1;5;
202300017622;155649338;A01;2;33;14;0;1;6;1;
202300017623;155649337;A01;0;10;0;0;0;0;1;
202300017624;155649335;B01;1;7;0;2;5;0;1;
202300017624;155649336;A01;2;7;0;2;1;5;3;
202300017625;155649333;B01;1;33;12;2;6;9;1;
202300017625;155649334;A01;1;33;1;2;1;13;1;
202300017626;155649331;B01;3;1;0;9;0;9;5;
202300017626;155649332;A01;3;7;0;9;3;9;1;
202300017627;155649330;A01;2;7;13;0;7;1;1;
202300017628;155649328;B01;3;7;0;2;1;17;1;
202300017628;155649329;A01;0;7;0;2;6;15;1;
202300017629;155649327;A01;2;7;3;0;2;14;1;
202300017630;155649325;A01;3;1;0;2;7;1;5;
202300017630;155649326;B01;3;7;0;9;4;26;0;
202300017631;155649323;A01;1;7;0;2;1;13;3;
202300017631;155649324;B01;2;10;0;2;1;1;0;
202300017632;155649321;B01;0;7;0;2;1;1;1;
202300017632;155649322;A01;0;7;0;2;8;21;1;
202300017633;155649320;A01;1;7;15;9;1;1;1;
202300017634;155649319;A01;2;7;0;1;2;16;0;
202300017635;155649318;A01;1;7;14;0;1;0;1;
202300017636;155649316;B01;2;7;0;2;7;1;1;
202300017636;155649317;A01;2;7;0;2;1;1;1;
202300017637;155649314;B01;2;7;0;2;2;1;1;
202300017637;155649315;A01;1;2;0;2;1;13;1;
202300017638;155649312;B01;1;7;0;2;2;15;1;
202300017638;155649313;A01;2;7;15;2;1;1;1;
202300017639;155649311;A01;2;7;2;0;1;14;1;
202300017640;155649310;A01;1;7;0;1;2;1;1;
202300017641;155649309;A01;3;7;6;0;2;1;1;
202300017642;155649307;B01;1;7;6;2;7;1;1;
202300017642;155649308;A01;1;7;6;2;1;1;1;
202300017643;155649305;A01;1;3;0;2;7;17;1;
202300017643;155649306;B01;1;31;12;0;3;14;1;
202300017644;155649304;A01;1;7;4;0;9;2;0;
202300017645;155649303;A01;3;7;0;1;2;1;1;
202300017646;155649301;A01;2;7;0;2;2;15;1;
202300017646;155649302;B01;2;33;0;2;7;1;1;
202300017647;155649300;A01;1;7;0;1;1;1;1;
202300017648;155649298;A01;2;7;0;2;3;1;1;
202300017648;155649299;B01;1;17;0;2;8;1;1;
202300017649;155649296;A01;1;7;0;9;2;16;1;
202300017649;155649297;B01;2;1;0;2;4;5;5;
202300017650;155649294;A01;0;7;0;0;7;10;1;
202300017650;155649295;B01;0;33;0;2;1;1;1;
202300017651;155649292;B01;1;1;0;2;4;15;5;
202300017651;155649293;A01;1;38;0;2;2;2;1;1.0
202300017652;155649290;B01;1;15;0;0;6;1;1;
202300017652;155649291;A01;1;7;0;2;1;0;1;
202300017653;155649288;A01;1;7;0;2;0;13;1;
202300017653;155649289;B01;2;7;0;2;1;1;1;
202300017654;155649286;A01;3;7;0;9;3;1;1;
202300017654;155649287;B01;0;1;0;2;1;26;5;
202300017655;155649284;A01;1;7;0;2;2;19;1;
202300017655;155649285;B01;2;7;0;2;2;21;1;
202300017656;155649283;A01;1;34;3;0;9;1;1;
202300017657;155649281;A01;0;7;0;2;8;10;0;
202300017657;155649282;B01;3;31;0;2;1;2;1;
202300017658;155649279;A01;2;7;0;2;1;1;0;
202300017658;155649280;B01;1;7;0;2;1;1;0;
202300017659;155649278;A01;2;7;2;0;8;1;1;
202300017660;155649276;A01;2;32;0;0;4;1;1;
202300017660;155649277;B01;2;10;0;2;3;9;1;
202300017661;155649275;A01;3;7;6;0;3;1;0;
202300017662;155649274;A01;0;33;0;6;1;1;1;
202300017663;155649267;A01;1;7;3;0;7;14;1;
202300017664;155649265;A01;2;7;0;2;5;26;1;
202300017664;155649266;B01;2;7;0;2;3;21;1;
202300017665;155649264;A01;3;33;0;1;8;0;1;
202300017666;155649263;A01;1;10;0;1;7;19;1;
202300017667;155649261;A01;1;7;0;2;3;5;1;
202300017667;155649262;B01;2;7;0;2;3;1;1;
202300017668;155649260;A01;0;30;0;1;1;26;1;
202300017669;155649259;A01;1;7;0;1;1;1;1;
202300017670;155649257;B01;2;33;0;2;0;11;1;
202300017670;155649258;A01;1;10;0;2;1;2;1;
202300017671;155649256;A01;1;10;0;1;2;16;6;
202300017672;155649253;C01;2;7;0;2;1;23;1;
202300017672;155649254;B01;1;31;0;2;1;21;1;
202300017672;155649255;A01;2;7;0;2;8;1;0;
202300017673;155649251;B01;1;32;0;2;0;1;1;
202300017673;155649252;A01;2;7;0;2;0;19;1;
202300017674;155649250;A01;1;7;0;1;1;1;1;
202300017675;155649248;B01;3;1;0;2;3;1;5;
202300017675;155649249;A01;3;7;0;2;3;11;1;
202300017676;155649247;A01;1;33;12;0;8;0;1;
202300017677;155649244;A01;2;7;0;2;1;18;1;
202300017677;155649245;B01;1;7;3;2;7;1;1;
202300017677;155649246;C01;1;7;3;2;7;1;1;
202300017678;155649242;A01;2;7;0;2;5;15;1;
202300017678;155649243;B01;1;33;0;2;1;1;1;
202300017679;155649241;A01;1;7;8;1;2;1;1;
202300017680;155649239;B01;2;7;0;2;4;2;1;
202300017680;155649240;A01;1;10;0;2;1;2;1;
202300017681;155649237;A01;3;7;0;2;2;15;1;
202300017681;155649238;B01;3;33;0;2;7;1;1;
202300017682;155649235;B01;1;7;1;0;1;14;1;
202300017682;155649236;A01;1;7;0;2;4;23;1;
202300017683;155649234;A01;3;7;2;0;2;26;0;
202300017684;155649231;A01;2;30;0;2;8;1;1;
202300017684;155649233;Z01;1;7;0;2;0;15;1;
202300017685;155649229;Z01;3;0;0;1;4;4;0;
202300017686;155649227;A01;1;33;3;0;1;26;1;
202300017687;155649224;A01;1;7;0;2;1;1;1;
202300017687;155649225;B01;1;7;0;2;4;1;1;
202300017688;155649222;A01;3;7;0;2;3;9;1;
202300017688;155649223;B01;1;80;0;2;0;0;3;
202300017689;155649220;A01;1;7;0;2;5;10;0;
202300017689;155649221;B01;2;7;0;2;1;1;1;
202300017690;155649219;A01;2;10;0;1;1;1;1;
202300017691;155649217;B01;3;7;0;2;2;0;0;
202300017691;155649218;A01;3;7;0;2;8;0;0;
202300017692;155649214;A01;3;7;0;2;3;11;1;
202300017692;155649216;B01;2;7;2;2;0;0;1;
202300017693;155649215;A01;1;7;0;0;9;1;1;
202300017694;155649212;A01;1;10;0;2;7;1;1;
202300017694;155649213;B01;1;7;0;2;0;16;1;
202300017695;155649211;A01;1;7;1;0;2;1;1;
202300017696;155649207;B01;0;7;0;2;1;15;1;
202300017696;155649209;A01;3;7;0;2;2;1;1;
202300017697;155649206;A01;1;10;0;2;1;5;1;
202300017697;155649208;C01;2;17;0;2;3;1;1;
202300017697;155649210;B01;2;7;0;2;1;1;1;
202300017698;155649204;B01;2;7;0;2;6;1;1;
202300017698;155649205;A01;2;7;0;2;1;11;0;
202300017699;155649198;A01;3;7;0;2;1;13;1;
202300017699;155649200;B01;3;7;0;2;6;23;1;
202300017699;155649202;C01;3;7;0;2;1;23;1;
202300017699;155649203;D01;3;7;0;2;1;23;1;
202300017700;155649197;A01;1;7;0;2;3;19;1;
202300017700;155649199;B01;1;7;0;2;2;1;1;
202300017700;155649201;C01;1;10;0;2;1;1;1;
202300017701;155649193;A01;3;7;0;2;1;1;1;
202300017701;155649195;B01;3;10;0;2;4;1;1;
202300017701;155649196;C01;3;7;0;2;4;1;1;
202300017702;155649192;B01;2;7;0;2;3;9;1;
202300017702;155649194;A01;2;33;8;2;1;16;1;
202300017703;155649190;A01;1;7;0;1;1;1;1;
202300017704;155649191;A01;2;33;8;0;8;1;1;
202300017705;155649188;B01;2;32;0;2;3;1;1;
202300017705;155649189;A01;1;7;0;2;2;15;1;
202300017706;155649187;B01;2;34;0;1;1;1;1;
202300017707;155649185;A01;3;10;0;1;2;19;1;
202300017708;155649186;A01;2;7;1;0;0;1;1;
202300017709;155649183;A01;2;32;0;1;0;3;1;
202300017710;155649182;A01;2;7;0;2;2;2;1;
202300017710;155649184;B01;2;7;0;2;6;2;1;
202300017711;155649181;A01;1;34;6;0;1;1;1;
202300017712;155649173;A01;2;7;1;0;1;1;1;
202300017712;155649175;B01;2;7;1;0;4;23;1;
202300017712;155649176;C01;2;7;0;0;2;23;1;
202300017713;155649174;E01;2;7;0;2;7;1;1;
202300017713;155649177;B01;2;31;0;2;2;14;-1;
202300017713;155649178;C01;2;10;0;2;3;1;1;
202300017713;155649179;D01;2;7;0;2;7;1;1;
202300017713;155649180;A01;2;33;0;2;1;3;1;
202300017714;155649172;A01;2;7;0;0;1;13;1;
202300017715;155649171;A01;0;33;15;0;8;1;1;
202300017716;155649166;Z01;2;10;0;2;1;1;0;
202300017716;155649168;A01;2;31;0;2;2;1;3;
202300017716;155649170;B01;2;10;0;2;3;11;1;
202300017717;155649165;A01;2;1;0;2;1;19;5;
202300017717;155649167;B01;2;7;0;2;7;1;1;
202300017718;155649164;A01;2;7;1;0;1;1;1;
202300017719;155649163;A01;1;2;0;1;1;1;1;
202300017720;155649161;B01;3;7;0;2;2;1;1;
202300017720;155649162;A01;3;7;0;2;3;16;1;
202300017721;155649159;A01;1;7;0;1;4;4;0;
202300017722;155649157;A01;2;30;0;0;0;0;1;
202300017723;155649158;A01;1;7;0;2;1;1;1;
202300017723;155649160;B01;1;7;0;2;5;20;1;
202300017724;155649155;A01;1;7;1;2;4;2;1;
202300017724;155649156;B01;1;33;0;2;4;2;1;
202300017725;155649153;A01;2;7;0;1;0;15;1;
202300017726;155649154;Z01;1;1;0;1;1;5;5;
202300017727;155649151;A01;1;7;0;2;2;26;1;
202300017727;155649152;B01;1;7;0;2;4;2;1;
202300017728;155649149;A01;2;33;6;0;1;0;1;
202300017729;155649148;A01;1;33;16;0;7;20;1;
202300017730;155649150;A01;2;10;0;1;4;25;1;
202300017731;155649146;A01;2;7;0;2;2;15;1;
202300017731;155649147;B01;2;7;0;2;3;2;1;
202300017732;155649144;B01;1;80;0;2;3;2;3;
202300017732;155649145;A01;1;7;0;2;2;16;2;
202300017733;155649143;A01;1;7;0;1;1;15;2;
202300017734;155649139;B01;1;31;0;2;1;0;1;
202300017734;155649142;A01;1;7;0;2;3;15;1;
202300017735;155649140;A01;2;7;0;2;1;1;1;
202300017735;155649141;B01;2;1;0;2;8;19;5;
202300017736;155649134;B01;2;31;0;2;8;9;1;
202300017736;155649137;A01;1;1;0;2;1;1;5;
202300017737;155649133;A01;1;7;0;2;1;1;1;
202300017737;155649135;B01;1;7;0;2;9;1;1;
202300017737;155649136;C01;1;7;0;2;9;1;1;
202300017737;155649138;D01;1;7;0;2;4;1;1;
202300017738;155649131;A01;1;1;0;2;2;1;5;
202300017738;155649132;B01;1;31;0;2;1;9;3;
202300017739;155649127;B01;0;7;0;2;2;2;1;
202300017739;155649129;A01;0;7;0;2;1;9;1;
202300017740;155649125;A01;2;33;0;2;1;1;1;
202300017740;155649128;B01;1;7;0;2;5;15;2;
202300017741;155649126;A01;1;7;0;2;5;15;1;
202300017741;155649130;B01;2;7;0;2;2;1;1;
202300017742;155649123;A01;2;7;0;1;3;22;0;
202300017743;155649122;A01;3;1;0;9;1;0;5;
202300017743;155649124;B01;3;1;0;2;8;0;5;
202300017744;155649119;A01;1;17;0;1;1;1;1;
202300017745;155649118;A01;2;7;0;2;1;26;1;
202300017745;155649120;B01;2;50;0;2;6;13;3;
202300017746;155649117;B01;2;7;0;2;3;0;1;
202300017746;155649121;A01;1;7;0;2;1;5;1;
202300017747;155649116;A01;1;50;6;0;1;1;3;
202300017748;155649115;A01;0;10;0;1;4;4;1;
202300017749;155649114;A01;1;2;15;0;0;15;1;
202300017750;155649113;A01;3;7;11;0;1;2;1;
202300017751;155649111;A01;1;34;0;2;1;0;0;
202300017751;155649112;B01;1;32;0;2;4;0;1;
202300017752;155649110;A01;3;2;8;0;1;0;1;
202300017753;155649109;A01;3;30;9;0;1;1;1;
202300017754;155649107;A01;3;7;0;2;1;1;1;
202300017754;155649108;B01;3;7;0;0;4;0;1;
202300017755;155649105;A01;1;7;0;2;1;2;1;
202300017755;155649106;B01;1;13;0;0;4;2;1;
202300017756;155649104;A01;3;7;1;0;1;2;1;
202300017757;155649101;A01;1;7;0;2;2;1;1;
202300017757;155649103;B01;1;1;0;0;4;1;5;
202300017758;155649099;A01;1;14;0;2;8;15;1;
202300017758;155649102;B01;1;37;0;2;3;1;1;5.0
202300017759;155649098;B01;2;2;0;2;4;1;1;
202300017759;155649100;A01;2;2;0;2;1;2;1;
202300017760;155649095;B01;3;7;0;2;4;4;1;
202300017760;155649096;A01;3;30;0;2;1;1;1;
202300017761;155649094;A01;2;1;0;2;1;1;5;
202300017761;155649097;B01;1;13;0;2;5;15;1;
202300017762;155649092;B01;3;7;0;2;2;16;1;
202300017762;155649093;A01;3;7;0;2;0;0;1;
202300017763;155649090;B01;2;1;0;2;8;1;5;
202300017763;155649091;A01;2;7;0;2;5;18;1;
202300017764;155649088;A01;1;10;4;2;3;21;0;
202300017765;155649087;A01;1;7;0;2;1;1;1;