Num_Acc;id_vehicule;num_veh;senc;catv;obs;obsm;choc;manv;motor;occutc
202300017765;155649089;B01;2;7;0;2;1;17;1;
202300017766;155649084;A01;3;99;0;0;0;1;1;
202300017767;155649083;A01;3;7;0;2;6;0;1;
202300017767;155649086;B01;3;32;0;2;2;0;1;
202300017768;155649082;A01;2;10;0;2;1;13;1;
202300017768;155649085;B01;1;10;0;2;1;1;1;
202300017769;155649076;A01;1;7;14;0;2;13;1;
202300017769;155649077;B01;1;10;0;2;8;1;1;
202300017769;155649080;C01;1;7;0;2;3;1;1;
202300017770;155649078;A01;2;7;0;9;2;15;0;
202300017770;155649081;B01;1;99;0;2;1;1;0;
202300017771;155649075;B01;2;7;0;2;1;1;3;
202300017771;155649079;A01;1;7;0;2;1;5;1;
202300017772;155649072;A01;2;14;2;0;2;13;1;
202300017773;155649071;A01;1;7;0;2;1;26;1;
202300017773;155649074;B01;2;33;0;2;2;0;1;
202300017774;155649068;A01;2;33;0;0;0;1;1;
202300017775;155649066;B01;2;7;0;2;6;1;1;
202300017775;155649069;C01;2;7;0;2;4;1;1;
202300017775;155649070;D01;2;7;0;2;6;11;1;
202300017775;155649073;A01;2;33;0;2;9;3;1;
202300017776;155649065;B01;2;32;0;2;1;2;1;
202300017776;155649067;A01;2;7;0;2;7;2;1;
202300017777;155649064;A01;2;7;13;0;3;13;6;
202300017778;155649062;A01;1;33;0;0;8;10;1;
202300017779;155649060;A01;2;7;0;2;1;1;2;
202300017779;155649063;B01;1;7;0;2;3;1;1;
202300017780;155649059;B01;0;7;0;2;6;1;1;
202300017780;155649061;A01;0;7;7;2;7;1;1;
202300017781;155649056;A01;1;33;0;2;1;1;1;
202300017781;155649058;B01;2;7;0;2;3;13;1;
202300017782;155649055;A01;1;7;0;9;2;10;1;
202300017782;155649057;B01;1;1;0;2;1;19;5;
202300017783;155649053;B01;2;7;0;2;3;0;1;
202300017783;155649054;A01;1;7;0;2;3;0;1;
202300017784;155649049;A01;3;10;0;2;8;19;0;
202300017784;155649051;B01;3;7;0;2;1;1;0;
202300017785;155649050;B01;2;33;0;2;1;17;1;
202300017785;155649052;A01;2;7;0;2;8;15;1;
202300017786;155649048;A01;1;33;0;0;7;1;1;
202300017787;155649045;A01;0;7;0;1;1;2;1;
202300017788;155649044;B01;1;7;0;2;1;2;1;
202300017788;155649046;C01;1;7;0;2;7;2;1;
202300017788;155649047;A01;2;10;0;2;1;5;1;
202300017789;155649043;A01;0;7;0;1;4;4;1;
202300017790;155649041;A01;3;31;15;0;1;2;1;
202300017791;155649040;A01;1;1;0;0;3;2;5;
202300017791;155649042;B01;1;37;0;0;3;2;3;1.0
202300017792;155649035;B01;2;2;0;2;8;1;1;
202300017792;155649038;A01;2;7;0;2;7;1;1;
202300017793;155649034;B01;1;1;1;2;8;1;5;
202300017793;155649037;Z01;1;7;0;9;3;10;0;
202300017794;155649036;B01;2;33;0;2;1;2;0;
202300017794;155649039;A01;1;7;0;2;1;5;6;
202300017795;155649030;B01;1;60;0;2;5;19;5;
202300017795;155649032;A01;1;7;0;2;1;1;1;
202300017796;155649029;B01;3;7;0;2;2;1;1;
202300017796;155649033;A01;3;1;0;2;7;2;5;
202300017797;155649027;A01;2;7;0;9;3;9;1;
202300017797;155649031;Y01;2;1;0;2;7;1;5;
202300017798;155649026;A01;1;1;0;2;1;5;5;
202300017798;155649028;B01;1;33;0;2;3;15;1;
202300017799;155649024;A01;1;7;0;2;2;17;1;
202300017799;155649025;B01;1;7;0;2;3;15;1;
202300017800;155649022;B01;3;2;0;2;3;2;1;
202300017800;155649023;A01;3;3;0;2;2;2;1;
202300017801;155649020;A01;3;7;0;2;3;9;1;
202300017801;155649021;B01;3;1;0;2;8;1;5;
202300017802;155649019;A01;3;10;0;1;1;15;0;
202300017803;155649017;A01;2;1;0;2;1;1;5;
202300017803;155649018;B01;1;10;0;2;8;15;0;
202300017804;155649013;A01;3;7;0;2;1;26;0;
202300017804;155649015;B01;3;7;0;2;4;23;0;
202300017804;155649016;C01;3;7;0;9;4;23;0;
202300017805;155649010;B01;1;43;0;2;8;11;1;
202300017805;155649012;A01;1;43;0;2;7;1;1;
202300017806;155649009;A01;1;30;0;2;1;1;1;
202300017806;155649011;B01;1;7;0;2;2;9;1;
202300017807;155649006;B01;3;33;0;2;8;16;1;
202300017807;155649008;A01;3;7;0;2;2;1;1;
202300017808;155649004;A01;1;7;0;2;1;2;1;
202300017808;155649005;B01;1;7;0;2;1;2;1;
202300017808;155649007;C01;1;7;0;2;4;23;1;
202300017809;155649002;A01;1;7;0;2;8;15;1;
202300017809;155649003;B01;1;33;0;2;1;17;1;
202300017810;155649000;B01;2;17;0;2;4;0;1;
202300017810;155649001;A01;2;7;0;2;1;0;1;
202300017811;155648999;A01;1;10;17;0;9;14;1;
202300017812;155648995;C01;2;7;0;2;4;2;0;
202300017812;155648997;A01;2;7;0;2;1;2;2;
202300017812;155648998;B01;2;7;0;2;4;2;1;
202300017813;155648994;A01;1;20;0;9;1;26;1;
202300017813;155648996;B01;2;1;0;2;1;1;5;
202300017814;155648992;A01;2;7;0;6;2;21;1;
202300017815;155648991;B01;2;33;0;2;7;3;1;
202300017815;155648993;A01;2;7;0;2;6;11;1;
202300017816;155648988;B01;2;80;0;2;3;0;2;
202300017816;155648989;A01;2;10;0;2;5;17;1;
202300017817;155648987;A01;1;7;0;1;1;1;1;
202300017818;155648985;A01;1;7;0;2;4;1;1;
202300017818;155648986;B01;1;7;0;2;4;1;1;
202300017819;155648983;A01;1;10;0;2;1;13;1;
202300017819;155648984;B01;2;7;0;2;1;1;1;
202300017820;155648981;B01;2;10;0;2;8;19;1;
202300017820;155648982;A01;1;37;0;2;1;1;1;1.0
202300017821;155648980;A01;3;33;0;0;8;14;1;
202300017822;155648978;A01;2;33;12;0;0;0;1;
202300017823;155648977;A01;2;1;0;2;1;2;5;
202300017823;155648979;B01;2;7;0;2;4;1;1;
202300017824;155648974;A01;2;33;0;2;1;2;1;
202300017824;155648976;B01;2;7;0;0;6;23;1;
202300017825;155648973;B01;2;7;0;0;0;0;1;
202300017825;155648975;A01;1;7;0;0;0;0;1;
202300017826;155648972;A01;0;2;0;0;0;0;1;
202300017827;155648968;C01;2;7;0;2;4;2;1;
202300017827;155648970;A01;2;7;0;2;1;2;1;
202300017827;155648971;B01;2;7;0;2;4;2;2;
202300017828;155648967;A01;2;99;0;2;1;13;1;
202300017828;155648969;B01;1;7;0;2;3;1;1;
202300017829;155648965;A01;1;34;0;2;7;21;1;
202300017829;155648966;B01;2;7;0;2;5;20;1;
202300017830;155648962;B01;1;14;0;2;1;15;1;
202300017830;155648964;A01;2;1;0;2;7;1;5;
202300017831;155648960;A01;1;7;0;2;3;23;1;
202300017831;155648961;B01;1;33;1;0;2;3;1;
202300017831;155648963;C01;3;7;0;2;0;9;1;
202300017832;155648959;A01;3;7;2;0;1;14;0;
202300017833;155648957;A01;2;7;0;1;3;1;1;
202300017834;155648956;A01;3;1;0;2;1;7;5;
202300017834;155648958;B01;3;37;0;9;1;17;1;1.0
202300017835;155648953;A01;1;7;0;2;2;16;1;
202300017835;155648954;B01;1;33;0;2;8;0;1;
202300017836;155648950;B01;2;7;0;2;2;1;1;
202300017836;155648952;A01;1;2;0;2;8;15;1;
202300017837;155648949;A01;2;7;0;2;3;11;1;
202300017837;155648951;B01;2;7;0;2;2;1;1;
202300017838;155648948;A01;3;7;8;0;1;1;1;
202300017839;155648945;A01;3;7;0;2;2;9;1;
202300017839;155648946;B01;1;7;0;2;1;1;1;
202300017840;155648943;A01;2;7;2;2;4;0;1;
202300017840;155648944;C01;2;7;0;2;4;2;1;
202300017840;155648947;B01;2;7;2;2;1;2;1;
202300017841;155648941;B01;1;7;0;0;4;1;1;
202300017841;155648942;A01;1;10;0;2;1;1;1;
202300017842;155648939;A01;1;2;0;0;6;21;2;
202300017842;155648940;B01;1;7;0;9;6;15;1;
202300017843;155648937;A01;2;17;0;0;6;9;1;
202300017843;155648938;B01;2;17;0;2;1;1;1;
202300017844;155648935;A01;2;7;0;2;7;16;1;
202300017844;155648936;B01;2;33;0;2;1;1;1;
202300017845;155648934;A01;1;7;0;1;1;1;1;
202300017846;155648930;A01;1;7;0;2;1;1;1;
202300017846;155648932;B01;2;1;0;2;8;9;5;
202300017847;155648931;B01;2;31;0;0;3;3;1;
202300017847;155648933;A01;2;7;0;0;5;3;2;
202300017848;155648928;A01;1;2;8;0;2;1;0;
202300017849;155648929;A01;2;30;8;0;1;1;1;
202300017850;155648925;A01;1;14;15;0;1;1;1;
202300017850;155648927;B01;2;17;0;2;7;21;1;
202300017851;155648922;A01;2;7;0;2;3;16;0;
202300017851;155648923;B01;1;31;0;2;3;17;1;
202300017852;155648920;A01;2;3;0;0;8;0;-1;
202300017853;155648919;B01;0;7;0;2;1;19;1;
202300017853;155648921;A01;3;30;0;2;1;19;1;
202300017854;155648917;B01;1;15;0;2;7;17;1;
202300017854;155648918;A01;1;2;0;2;8;15;1;
202300017855;155648916;A01;1;7;6;0;1;1;1;
202300017856;155648914;A01;1;7;0;2;2;15;1;
202300017856;155648915;B01;2;7;0;2;3;1;1;
202300017857;155648911;A01;1;7;8;0;1;1;1;
202300017858;155648912;B01;0;7;0;2;7;1;1;
202300017858;155648913;A01;0;7;0;2;1;9;1;
202300017859;155648910;A01;2;2;12;0;2;16;1;
202300017860;155648908;A01;1;10;0;2;1;15;1;
202300017860;155648909;B01;2;31;0;2;1;1;1;
202300017861;155648905;B01;3;7;0;2;1;1;1;
202300017861;155648907;A01;3;7;0;2;7;9;1;
202300017862;155648904;A01;1;10;0;2;2;14;1;
202300017862;155648906;B01;1;15;0;0;8;1;1;
202300017863;155648901;B01;1;32;0;2;3;1;1;
202300017863;155648903;A01;1;7;0;2;1;9;1;
202300017864;155648899;A01;2;7;0;0;7;23;1;
202300017864;155648900;B01;2;7;0;0;6;12;1;
202300017864;155648902;C01;2;33;0;2;2;3;1;
202300017865;155648897;A01;3;7;0;1;3;1;1;
202300017866;155648896;B01;1;7;0;1;4;1;1;
202300017866;155648898;A01;1;7;0;2;2;2;1;
202300017867;155648895;A01;2;7;10;0;1;1;1;
202300017868;155648892;A01;1;7;0;2;8;22;1;
202300017868;155648894;B01;1;1;0;2;1;1;5;
202300017869;155648889;A01;1;7;0;2;7;19;1;
202300017869;155648890;B01;1;2;0;2;1;1;1;
202300017870;155648886;A01;1;7;13;0;2;26;1;
202300017871;155648884;A01;2;7;2;0;1;0;1;
202300017872;155648882;A01;3;7;0;1;1;1;0;
202300017873;155648883;C01;2;7;0;2;4;1;1;
202300017873;155648885;D01;2;7;0;2;5;1;1;
202300017873;155648887;A01;2;7;0;2;1;2;1;
202300017873;155648888;B01;2;7;0;2;4;1;1;
202300017874;155648880;A01;1;33;0;2;1;6;1;
202300017874;155648881;B01;2;7;0;2;8;19;1;
202300017875;155648877;B01;3;7;0;2;8;0;1;
202300017875;155648879;A01;3;33;0;2;0;1;1;
202300017876;155648875;B01;1;33;0;2;6;17;1;
202300017876;155648876;A01;0;2;0;0;1;10;1;
202300017877;155648872;A01;1;7;0;2;1;5;1;
202300017877;155648873;B01;2;7;0;2;1;1;1;
202300017877;155648874;C01;2;7;0;2;1;1;1;
202300017878;155648870;A01;3;7;4;0;8;14;1;
202300017879;155648869;A01;3;7;0;2;2;1;1;
202300017879;155648871;B01;3;31;0;2;8;1;1;
202300017880;155648866;A01;2;2;0;9;8;0;1;
202300017880;155648867;B01;1;7;0;0;0;0;1;
202300017881;155648862;A01;3;7;0;0;7;15;1;
202300017881;155648863;B01;3;7;7;0;1;1;1;
202300017882;155648864;A01;1;10;0;2;1;2;1;
202300017882;155648865;B01;1;7;0;2;9;2;1;
202300017882;155648868;C01;1;7;14;0;4;23;1;
202300017883;155648861;A01;3;50;0;0;0;25;3;
202300017884;155648859;A01;2;30;0;0;3;1;1;
202300017884;155648860;B01;1;10;0;2;5;15;1;
202300017885;155648858;A01;0;2;0;0;3;1;1;
202300017886;155648856;A01;2;7;0;2;3;13;1;
202300017886;155648857;B01;1;31;0;2;0;0;1;
202300017887;155648854;A01;0;32;0;2;8;26;3;
202300017887;155648855;B01;1;7;0;2;7;1;1;
202300017888;155648852;A01;2;1;0;2;4;1;5;
202300017888;155648853;Z01;2;7;0;2;1;1;0;
202300017889;155648849;A01;1;7;0;2;1;2;1;
202300017889;155648850;B01;1;7;0;2;4;23;1;
202300017889;155648851;C01;2;7;0;2;3;1;1;
202300017890;155648846;A01;2;43;0;0;7;0;1;
202300017891;155648845;A01;1;21;0;2;6;15;1;
202300017891;155648847;B01;1;33;0;2;1;17;1;
202300017892;155648843;A01;1;7;0;2;1;2;1;
202300017892;155648844;B01;1;33;0;2;4;2;1;
202300017893;155648842;A01;2;7;2;0;2;1;1;
202300017894;155648840;A01;1;7;2;0;8;0;0;
202300017895;155648839;A01;3;10;0;2;0;9;1;
202300017895;155648841;B01;3;1;0;2;5;1;5;
202300017896;155648836;A01;2;7;0;0;1;14;1;
202300017897;155648835;A01;1;7;0;2;9;13;1;
202300017897;155648837;B01;1;7;0;2;1;1;2;
202300017898;155648834;A01;3;7;0;2;2;5;1;
202300017898;155648838;B01;3;7;0;2;1;16;1;
202300017899;155648830;A01;2;33;0;2;1;1;1;
202300017899;155648832;B01;1;7;0;2;3;15;1;
202300017900;155648828;A01;2;7;0;2;1;1;0;
202300017900;155648829;B01;2;7;14;2;4;23;0;
202300017900;155648831;C01;2;7;0;0;4;23;0;
202300017901;155648827;A01;1;30;0;2;5;21;1;
202300017901;155648833;B01;1;7;0;2;5;0;1;
202300017902;155648825;B01;3;50;0;0;4;1;3;
202300017902;155648826;A01;1;7;0;2;1;1;1;
202300017903;155648823;A01;1;10;0;2;4;1;1;
202300017903;155648824;B01;1;10;0;2;1;2;1;
202300017904;155648822;A01;1;7;0;1;7;1;1;
202300017905;155648820;A01;3;7;0;9;3;16;1;
202300017905;155648821;B01;3;1;0;2;4;2;5;
202300017906;155648819;A01;1;33;0;2;1;26;1;
202300017907;155648817;A01;0;32;2;0;2;0;1;
202300017908;155648815;A01;2;7;0;2;2;2;6;
202300017908;155648818;B01;2;7;0;9;4;1;6;
202300017909;155648813;A01;2;7;0;2;1;26;1;
202300017909;155648814;B01;1;10;0;2;1;0;1;
202300017910;155648812;A01;2;7;6;2;8;9;1;
202300017910;155648816;B01;2;14;0;2;2;1;1;
202300017911;155648809;A01;1;21;16;0;9;26;1;
202300017912;155648808;A01;2;33;0;2;1;2;1;
202300017912;155648810;B01;3;7;0;2;4;23;1;
202300017913;155648806;A01;1;7;0;2;1;15;1;
202300017913;155648811;B01;2;2;0;2;1;1;1;
202300017914;155648805;B01;1;33;0;2;3;3;1;
202300017914;155648807;A01;1;7;0;2;2;12;1;
202300017915;155648804;A01;1;1;0;1;1;1;5;
202300017916;155648801;A01;2;1;0;1;0;1;5;
202300017917;155648800;A01;2;15;0;2;1;2;1;
202300017917;155648802;B01;2;7;0;2;4;2;1;
202300017917;155648803;C01;2;7;0;0;4;26;1;
202300017918;155648799;Z01;1;7;0;2;1;1;1;
202300017919;155648795;A01;2;7;0;2;1;1;1;
202300017919;155648798;B01;2;15;0;2;4;1;0;
202300017920;155648796;A01;2;1;0;2;7;1;5;
202300017920;155648797;B01;1;10;0;2;1;1;1;
202300017921;155648794;A01;1;30;12;0;1;14;1;
202300017922;155648793;A01;1;1;0;0;8;21;5;
202300017923;155648792;A01;2;7;4;0;1;26;1;
202300017924;155648787;A01;1;7;0;2;1;15;3;
202300017924;155648791;B01;2;32;0;2;8;1;1;
202300017925;155648786;B01;1;2;0;2;1;1;1;
202300017925;155648788;A01;1;7;0;2;6;10;1;
202300017926;155648785;B01;1;7;0;2;3;2;1;
202300017926;155648789;C01;1;7;0;2;5;0;1;
202300017926;155648790;A01;1;43;0;2;3;3;1;
202300017927;155648784;A01;2;7;0;1;2;1;3;
202300017928;155648781;A01;2;33;0;2;1;3;1;
202300017928;155648782;B01;2;7;0;2;4;1;1;
202300017929;155648779;A01;1;33;12;0;1;14;1;
202300017930;155648780;A01;2;7;0;2;3;1;1;
202300017930;155648783;B01;2;7;0;2;5;23;1;
202300017931;155648777;A01;1;7;0;2;1;0;1;
202300017931;155648778;B01;1;7;0;2;4;0;1;
202300017932;155648775;A01;3;33;0;2;4;15;1;
202300017932;155648776;B01;3;7;0;2;1;1;1;
202300017933;155648774;A01;1;33;16;0;3;2;1;
202300017934;155648771;A01;1;50;12;0;1;1;3;
202300017935;155648769;A01;2;33;0;2;1;3;1;
202300017935;155648770;B01;2;7;0;2;6;11;1;
202300017936;155648767;A01;2;7;0;0;4;1;0;
202300017936;155648768;B01;2;1;0;2;4;2;5;
202300017937;155648772;A01;2;7;0;2;6;10;1;
202300017937;155648773;B01;2;2;0;2;1;1;3;
202300017938;155648764;A01;1;33;0;2;1;3;1;
202300017938;155648765;B01;1;7;0;2;7;16;1;
202300017938;155648766;C01;1;7;0;2;4;1;1;
202300017939;155648762;A01;3;7;0;2;1;26;0;
202300017939;155648763;B01;3;7;0;2;7;26;3;
202300017940;155648759;A01;2;7;0;2;1;2;1;
202300017940;155648760;B01;2;7;0;2;4;2;1;
202300017941;155648761;A01;2;50;1;0;1;5;3;
202300017942;155648757;A01;0;7;0;2;2;15;1;
202300017942;155648758;B01;0;2;0;2;3;1;1;
202300017943;155648756;A01;1;10;0;1;2;1;1;
202300017944;155648755;A01;2;80;0;0;0;21;3;
202300017945;155648753;A01;2;7;0;0;0;9;1;
202300017945;155648754;B01;2;7;0;2;6;1;1;
202300017946;155648749;A01;2;7;0;9;4;4;1;
202300017946;155648751;B01;3;60;0;2;8;0;5;
202300017947;155648750;B01;2;7;0;2;6;1;1;
202300017947;155648752;A01;1;7;0;2;1;15;1;
202300017948;155648747;A01;1;32;0;2;1;1;1;
202300017948;155648748;B01;1;7;0;2;4;1;1;
202300017949;155648743;A01;3;7;0;2;2;15;1;
202300017949;155648745;B01;3;33;0;2;1;1;1;
202300017950;155648744;A01;1;7;0;2;7;15;1;
202300017950;155648746;B01;1;15;0;2;1;1;1;
202300017951;155648742;A01;3;7;6;0;2;16;1;
202300017952;155648739;A01;1;7;0;0;4;16;1;
202300017952;155648741;B01;1;10;0;2;1;2;1;
202300017953;155648738;B01;2;10;0;0;6;15;6;
202300017953;155648740;A01;2;33;0;2;1;15;0;
202300017954;155648732;A01;2;33;0;0;4;1;1;
202300017954;155648736;B01;2;7;0;0;1;2;1;
202300017955;155648731;A01;0;7;1;0;1;26;1;
202300017955;155648734;B01;3;7;1;0;4;0;1;
202300017955;155648735;C01;3;7;1;2;4;0;1;
202300017955;155648737;D01;3;10;1;2;4;0;1;
202300017956;155648729;A01;0;7;0;1;4;4;1;
202300017957;155648730;A01;1;7;0;2;1;1;0;
202300017957;155648733;B01;1;7;0;2;6;15;0;
202300017958;155648727;A01;2;7;0;2;7;16;1;
202300017958;155648728;B01;2;50;0;2;1;1;3;
202300017959;155648725;A01;1;15;0;0;7;12;1;
202300017959;155648726;B01;1;7;0;0;8;1;1;
202300017960;155648724;A01;2;34;1;0;0;2;1;
202300017961;155648721;A01;2;33;0;0;0;17;1;
202300017962;155648722;A01;2;7;0;2;1;2;1;
202300017962;155648723;B01;2;33;0;2;4;2;1;
202300017963;155648717;B01;3;33;0;2;9;1;1;
202300017963;155648720;A01;3;17;0;2;8;13;1;
202300017964;155648714;A01;1;7;0;2;5;19;1;
202300017964;155648718;B01;2;7;0;2;3;1;1;
202300017965;155648715;A01;0;7;0;2;1;1;0;
202300017965;155648719;B01;0;7;0;2;1;5;0;
202300017966;155648713;B01;1;7;0;2;4;1;1;
202300017966;155648716;A01;1;7;0;2;1;1;1;
202300017967;155648712;A01;1;7;0;1;3;1;1;
202300017968;155648704;A01;1;7;0;2;1;2;1;
202300017968;155648708;B01;1;7;0;2;4;2;1;
202300017968;155648711;C01;1;7;0;2;4;2;1;
202300017969;155648707;B01;2;80;0;2;8;25;3;
202300017969;155648710;A01;1;10;16;2;0;20;1;
202300017970;155648705;A01;3;7;9;0;2;0;1;
202300017971;155648703;A01;2;7;0;2;1;13;1;
202300017971;155648706;B01;1;7;0;2;1;21;1;
202300017971;155648709;C01;1;7;0;2;6;1;1;
202300017972;155648699;A01;1;33;0;2;2;17;0;
202300017972;155648702;B01;1;7;0;2;6;15;0;
202300017973;155648698;A01;1;34;0;2;1;1;1;
202300017973;155648701;B01;2;7;0;2;6;1;1;
202300017974;155648696;A01;2;7;0;2;1;17;1;
202300017974;155648700;B01;1;7;0;2;1;1;1;
202300017975;155648695;B01;1;15;0;2;3;21;1;
202300017975;155648697;A01;2;7;8;0;1;13;1;
202300017976;155648691;A01;1;10;0;0;0;20;1;
202300017976;155648694;B01;1;1;1;0;0;21;5;
202300017977;155648689;A01;3;7;0;1;3;1;1;
202300017978;155648687;A01;3;2;0;2;1;15;1;
202300017978;155648690;B01;3;7;0;2;3;1;1;
202300017979;155648692;A01;1;32;0;2;7;1;1;
202300017979;155648693;B01;2;7;0;2;7;15;1;
202300017980;155648686;B01;1;7;0;2;5;23;1;
202300017980;155648688;A01;1;30;0;2;1;1;1;
202300017981;155648683;A01;3;33;0;2;1;19;1;
202300017981;155648685;B01;3;7;0;0;6;19;1;
202300017982;155648682;A01;3;36;9;0;1;0;1;
202300017983;155648677;A01;1;7;0;2;7;15;1;
202300017983;155648681;B01;2;33;0;2;1;1;1;
202300017984;155648678;A01;2;7;0;2;1;15;0;
202300017984;155648680;B01;1;33;0;2;7;17;6;
202300017985;155648676;A01;3;15;0;1;0;0;0;
202300017986;155648675;A01;2;7;1;2;2;1;1;
202300017986;155648679;B01;1;10;1;2;8;1;1;
202300017987;155648673;A01;1;7;13;0;2;1;1;
202300017988;155648672;A01;2;7;0;2;1;26;1;
202300017988;155648674;B01;2;34;0;2;3;1;1;
202300017989;155648668;A01;1;7;0;2;1;19;1;
202300017989;155648669;B01;1;7;0;2;2;1;1;
202300017990;155648667;B01;1;7;0;2;4;23;1;
202300017990;155648671;A01;1;50;0;2;1;23;3;
202300017991;155648664;Z01;1;10;0;9;0;0;0;
202300017991;155648666;A01;1;1;0;2;0;2;5;
202300017992;155648663;A01;1;7;0;2;2;2;1;
202300017992;155648665;B01;1;14;14;0;6;23;1;
202300017992;155648670;C01;2;7;0;2;1;2;1;
202300017993;155648659;A01;0;7;0;2;5;26;1;
202300017993;155648661;B01;3;7;0;2;6;26;1;
202300017994;155648657;A01;1;7;0;2;1;15;1;
202300017994;155648660;B01;1;7;0;2;2;1;1;
202300017995;155648658;A01;1;7;16;2;2;1;1;
202300017995;155648662;B01;1;7;0;2;1;16;1;
202300017996;155648656;A01;3;33;0;0;0;1;1;
202300017997;155648653;A01;2;7;13;0;3;1;1;
202300017998;155648655;A01;1;7;0;1;1;15;1;
202300017999;155648652;A01;2;7;0;2;3;10;1;
202300017999;155648654;B01;2;33;0;2;7;1;1;
202300018000;155648651;A01;3;7;0;1;1;1;1;
202300018001;155648650;A01;0;36;0;5;1;0;0;
202300018002;155648647;B01;1;33;0;2;1;1;1;
202300018002;155648649;A01;1;7;0;2;5;15;1;
202300018003;155648645;A01;3;7;0;2;1;2;1;
202300018003;155648648;B01;3;7;0;2;4;2;1;
202300018004;155648640;A01;1;7;0;2;3;17;1;
202300018004;155648643;B01;1;7;0;2;1;17;1;
202300018004;155648644;C01;1;21;0;2;6;1;1;
202300018005;155648639;A01;3;7;0;2;3;26;1;
202300018005;155648641;B01;0;31;0;2;2;1;1;
202300018006;155648638;A01;1;30;1;0;2;1;1;
202300018007;155648637;B01;2;7;0;2;8;0;1;
202300018007;155648642;C01;2;7;0;2;8;0;1;
202300018007;155648646;A01;1;7;0;2;8;13;1;
202300018008;155648635;A01;1;7;2;0;2;14;1;
202300018009;155648634;A01;2;7;0;2;3;15;1;
202300018009;155648636;B01;2;2;0;2;7;2;1;
202300018010;155648631;A01;1;7;0;1;2;0;1;
202300018011;155648632;A01;3;7;0;2;2;20;1;
202300018011;155648633;B01;3;33;0;2;8;18;1;
202300018012;155648630;A01;1;7;7;0;1;21;1;
202300018013;155648629;A01;1;7;0;1;1;1;0;
202300018014;155648623;A01;2;7;0;9;2;1;1;
202300018014;155648626;B01;2;80;0;2;4;1;3;
202300018015;155648625;A01;1;1;0;2;7;1;5;
202300018015;155648627;B01;1;7;0;2;8;9;1;
202300018016;155648621;C01;0;1;0;0;0;0;5;
202300018016;155648624;B01;0;7;0;0;0;0;5;
202300018016;155648628;A01;0;10;0;2;1;9;1;
202300018017;155648619;B01;1;7;0;2;1;2;1;
202300018017;155648620;C01;1;10;0;2;1;2;1;
202300018017;155648622;A01;1;10;0;0;0;0;0;
202300018018;155648614;A01;1;7;0;2;2;15;1;
202300018018;155648617;B01;2;33;0;2;1;1;1;
202300018019;155648612;B01;2;31;0;2;1;1;1;
202300018019;155648616;A01;1;7;0;0;0;0;1;
202300018020;155648613;A01;1;7;0;1;1;26;1;
202300018021;155648615;A01;2;7;0;2;3;1;1;
202300018021;155648618;B01;2;30;0;2;8;2;1;
202300018022;155648611;A01;1;33;17;0;1;1;1;
202300018023;155648610;A01;1;2;0;0;8;1;1;
202300018024;155648608;A01;1;7;13;0;2;2;1;
202300018025;155648606;A01;2;7;0;1;2;9;1;
202300018026;155648607;A01;2;10;0;2;2;2;1;
202300018026;155648609;B01;1;1;0;2;4;1;5;
202300018027;155648604;A01;1;13;0;2;2;13;1;
202300018027;155648605;B01;2;7;0;2;1;1;3;
202300018028;155648601;A01;2;34;0;2;1;17;0;
202300018028;155648603;B01;2;10;0;2;8;15;1;
202300018029;155648600;A01;2;2;0;2;7;1;1;
202300018029;155648602;B01;1;10;0;2;1;1;1;
202300018030;155648599;A01;1;7;0;1;2;17;1;
202300018031;155648598;A01;1;7;0;1;3;1;6;
202300018032;155648597;A01;1;10;3;0;1;2;1;
202300018033;155648596;A01;0;7;5;0;1;1;1;
202300018034;155648595;A01;2;33;3;0;8;1;0;
202300018035;155648592;A01;3;7;2;0;3;1;1;
202300018036;155648591;A01;2;7;0;9;3;9;1;
202300018036;155648593;B01;2;1;0;2;3;1;5;
202300018037;155648590;A01;1;7;0;2;1;17;1;
202300018037;155648594;B01;1;10;0;0;4;1;1;
202300018038;155648586;B01;2;50;0;2;3;1;3;
202300018038;155648589;A01;2;7;0;2;2;1;1;
202300018039;155648584;A01;1;7;0;2;3;15;1;
202300018039;155648587;B01;1;33;0;2;1;17;1;
202300018040;155648582;A01;3;7;0;9;5;26;1;
202300018040;155648583;B01;2;1;0;2;1;1;5;
202300018041;155648579;A01;3;7;6;0;1;26;0;
202300018042;155648578;A01;1;1;0;2;1;1;5;
202300018042;155648580;B01;2;7;0;2;5;1;1;
202300018043;155648577;B01;2;7;0;2;7;1;1;
202300018043;155648581;A01;2;7;0;2;1;9;1;
202300018044;155648573;A01;3;13;0;2;2;12;1;
202300018044;155648575;B01;3;7;0;2;8;1;1;
202300018045;155648570;A01;1;37;0;1;1;19;0;1.0
202300018046;155648569;B01;1;32;0;2;4;2;1;
202300018046;155648572;C01;1;7;0;2;4;2;1;
202300018046;155648574;A01;1;7;0;2;1;2;1;
202300018047;155648571;A01;1;7;0;2;1;0;1;
202300018047;155648576;B01;2;7;0;2;1;13;1;
202300018048;155648566;A01;2;7;14;0;1;13;1;
202300018049;155648565;A01;1;33;0;0;9;1;1;
202300018050;155648562;A01;1;10;0;2;5;15;0;
202300018050;155648563;B01;2;2;0;2;1;1;0;
202300018051;155648558;B01;2;2;0;9;1;17;1;
202300018051;155648561;A01;1;37;0;9;3;1;0;1.0
202300018052;155648557;A01;3;7;0;2;3;9;1;