Num_Acc;id_vehicule;num_veh;senc;catv;obs;obsm;choc;manv;motor;occutc
202300018052;155648559;B01;3;43;0;2;1;26;1;
202300018053;155648556;A01;2;7;0;2;2;21;1;
202300018053;155648560;B01;2;1;0;2;6;1;5;
202300018054;155648550;A01;2;7;0;9;1;1;1;
202300018054;155648554;B01;3;50;0;2;7;0;3;
202300018055;155648548;B01;1;1;0;2;1;1;5;
202300018055;155648552;A01;1;10;0;2;8;13;1;
202300018056;155648549;A01;1;7;0;2;6;15;1;
202300018056;155648553;B01;2;34;0;2;1;1;1;
202300018057;155648547;A01;1;10;0;0;4;21;1;
202300018057;155648551;B01;1;2;0;2;9;21;1;
202300018057;155648555;C01;1;7;0;2;1;2;1;
202300018058;155648544;A01;3;7;2;0;1;1;1;
202300018059;155648543;B01;2;10;0;2;6;2;1;
202300018059;155648546;A01;2;33;0;2;2;2;1;
202300018060;155648542;B01;3;7;0;2;4;1;1;
202300018060;155648545;A01;3;7;0;2;1;1;1;
202300018061;155648541;A01;2;7;0;1;2;1;1;
202300018062;155648540;A01;2;7;0;0;0;1;1;
202300018063;155648536;B01;1;10;0;2;1;1;0;
202300018063;155648538;A01;2;7;0;2;1;1;1;
202300018064;155648534;A01;2;7;13;0;9;14;1;
202300018065;155648535;B01;1;10;0;0;1;1;1;
202300018065;155648539;A01;1;7;0;0;7;19;3;
202300018066;155648533;A01;3;50;0;2;1;26;3;
202300018066;155648537;B01;3;7;0;2;0;0;0;
202300018067;155648530;A01;3;2;13;0;0;1;1;
202300018068;155648528;B01;1;30;0;2;1;1;3;
202300018068;155648531;A01;2;7;0;2;3;5;1;
202300018069;155648526;A01;2;7;0;2;3;10;1;
202300018069;155648529;B01;2;31;0;2;2;1;0;
202300018070;155648527;B01;3;0;0;2;3;0;0;
202300018070;155648532;A01;3;7;0;2;3;1;1;
202300018071;155648525;A01;1;2;0;0;8;1;1;
202300018072;155648524;A01;3;7;0;1;1;1;1;
202300018073;155648523;A01;3;7;0;1;1;1;1;
202300018074;155648521;A01;2;7;13;0;3;1;1;
202300018075;155648520;B01;2;7;0;2;4;2;1;
202300018075;155648522;A01;2;7;0;2;1;1;1;
202300018076;155648516;A01;1;7;6;0;1;14;1;
202300018077;155648513;B01;3;1;0;2;0;0;5;
202300018077;155648518;A01;3;7;0;2;3;16;1;
202300018078;155648514;A01;2;7;1;2;3;1;1;
202300018078;155648517;B01;2;7;0;2;2;1;1;
202300018078;155648519;C01;2;80;1;2;7;1;3;
202300018079;155648512;B01;2;7;0;2;3;1;6;
202300018079;155648515;A01;1;7;0;2;3;13;6;
202300018080;155648511;A01;1;33;13;0;7;1;1;
202300018081;155648508;A01;2;7;2;0;1;14;1;
202300018082;155648507;A01;1;7;2;0;8;14;1;
202300018083;155648506;A01;2;34;0;2;1;18;1;
202300018083;155648509;B01;1;7;0;2;2;15;1;
202300018084;155648505;A01;2;7;0;2;2;1;2;
202300018084;155648510;B01;2;7;0;2;3;1;1;
202300018085;155648502;A01;2;7;0;0;4;23;1;
202300018085;155648503;B01;2;2;0;0;1;1;1;
202300018086;155648499;A01;1;2;5;0;7;14;6;
202300018087;155648496;B01;2;33;0;2;1;17;1;
202300018087;155648501;A01;2;10;0;2;8;15;1;
202300018088;155648498;B01;2;1;0;2;1;1;5;
202300018088;155648500;A01;1;1;0;2;1;15;5;
202300018089;155648497;A01;1;21;13;0;0;1;1;
202300018090;155648492;B01;2;1;1;0;0;0;5;
202300018090;155648494;A01;2;10;0;2;8;22;1;
202300018091;155648491;A01;2;7;0;0;6;23;1;
202300018091;155648495;B01;2;99;0;2;1;1;3;
202300018092;155648487;A01;1;15;3;0;3;0;1;
202300018093;155648486;A01;3;7;0;1;7;1;1;
202300018094;155648489;A01;2;7;0;2;1;2;1;
202300018094;155648490;B01;2;7;0;2;4;2;1;
202300018095;155648485;A01;3;33;0;2;1;1;1;
202300018095;155648488;B01;3;33;0;2;1;1;1;
202300018096;155648484;A01;1;32;13;0;0;1;1;
202300018097;155648483;A01;1;7;0;1;4;20;1;
202300018098;155648482;A01;1;33;7;0;1;1;1;
202300018099;155648479;B01;1;1;0;2;3;1;5;
202300018099;155648481;A01;2;7;0;2;7;15;1;
202300018100;155648473;B01;2;7;1;0;4;23;0;
202300018100;155648476;C01;2;10;0;0;4;23;0;
202300018100;155648478;D01;2;7;0;0;6;23;0;
202300018100;155648480;A01;2;17;11;2;1;1;6;
202300018101;155648475;B01;1;30;0;2;4;2;1;
202300018101;155648477;A01;1;7;0;2;1;2;1;
202300018102;155648471;A01;2;3;2;0;3;1;1;
202300018103;155648469;A01;2;50;0;2;3;1;3;
202300018103;155648472;B01;2;30;0;2;1;1;1;
202300018104;155648468;A01;2;7;6;0;1;17;1;
202300018105;155648467;A01;2;1;0;2;1;19;5;
202300018105;155648470;B01;3;7;0;2;3;1;1;
202300018106;155648466;A01;3;3;6;0;1;14;1;
202300018107;155648463;A01;0;33;0;2;1;0;0;
202300018107;155648465;B01;0;7;0;2;6;0;0;
202300018108;155648462;A01;1;30;12;0;8;1;1;
202300018109;155648461;A01;1;10;0;2;1;1;1;
202300018109;155648464;B01;1;50;0;2;3;1;3;
202300018110;155648459;A01;1;15;8;0;7;0;1;
202300018111;155648455;A01;2;7;0;2;1;1;1;
202300018111;155648458;B01;2;7;0;2;4;1;1;
202300018112;155648457;A01;2;7;0;0;8;1;0;
202300018112;155648460;B01;2;7;0;2;1;15;0;
202300018113;155648454;A01;2;2;0;1;2;2;3;
202300018114;155648453;A01;1;10;0;2;2;14;1;
202300018114;155648456;B01;1;17;0;0;6;1;1;
202300018115;155648452;A01;1;7;13;0;3;13;1;
202300018116;155648449;A01;2;10;0;1;4;20;1;
202300018117;155648448;B01;1;31;0;2;1;0;1;
202300018117;155648451;A01;1;7;0;2;7;15;0;
202300018118;155648447;A01;2;7;0;2;2;0;0;
202300018118;155648450;B01;1;15;0;0;5;1;1;
202300018119;155648445;B01;1;1;1;0;1;1;5;
202300018119;155648446;A01;1;7;1;9;3;24;0;
202300018120;155648443;A01;1;10;0;1;3;1;3;
202300018121;155648442;A01;2;10;0;1;1;26;1;
202300018122;155648441;A01;3;33;0;2;7;1;1;
202300018122;155648444;B01;1;7;0;2;0;0;1;
202300018123;155648438;B01;1;7;0;9;3;1;1;
202300018123;155648440;A01;0;1;0;2;4;5;5;
202300018124;155648436;B01;2;1;0;0;7;0;5;
202300018124;155648439;A01;2;7;0;2;3;9;1;
202300018125;155648435;A01;1;30;8;0;1;14;1;
202300018126;155648437;A01;1;7;0;1;3;15;1;
202300018127;155648433;A01;0;7;2;0;2;21;1;
202300018128;155648431;A01;3;7;0;2;1;1;1;
202300018128;155648432;B01;3;7;0;2;4;1;1;
202300018129;155648429;A01;1;7;0;2;1;13;0;
202300018129;155648434;B01;2;7;0;2;1;1;0;
202300018130;155648427;A01;2;50;0;2;2;1;3;
202300018130;155648430;B01;2;7;0;2;1;1;6;
202300018131;155648426;A01;1;33;0;0;0;21;1;
202300018131;155648428;B01;1;17;0;0;0;26;1;
202300018132;155648425;A01;3;2;0;0;8;14;1;
202300018133;155648424;A01;1;7;0;1;1;1;1;
202300018134;155648421;A01;1;1;0;2;6;19;5;
202300018134;155648423;B01;1;32;0;2;3;1;1;
202300018135;155648419;B01;1;10;13;2;3;1;1;
202300018135;155648422;A01;1;7;8;2;1;1;0;
202300018136;155648417;A01;1;50;0;2;7;1;3;
202300018136;155648420;B01;2;7;0;2;1;15;2;
202300018137;155648416;A01;3;50;0;1;1;2;3;
202300018138;155648415;B01;1;7;0;2;1;1;1;
202300018138;155648418;A01;1;7;0;2;2;19;1;
202300018139;155648414;A01;2;33;6;0;1;1;1;
202300018140;155648413;A01;3;50;0;0;0;0;3;
202300018141;155648407;B01;2;33;0;2;7;1;0;
202300018141;155648410;A01;0;7;0;2;3;16;1;
202300018142;155648409;A01;1;10;0;2;1;1;1;
202300018142;155648412;B01;2;1;0;2;7;19;5;
202300018143;155648406;A01;3;7;0;9;7;1;1;
202300018143;155648411;B01;3;1;0;2;8;1;5;
202300018144;155648405;A01;1;2;0;2;3;13;1;
202300018144;155648408;B01;2;10;0;2;8;1;1;
202300018145;155648399;A01;1;7;0;2;7;13;1;
202300018145;155648403;B01;1;33;0;2;8;1;1;
202300018146;155648402;A01;1;7;6;0;1;1;1;
202300018147;155648400;A01;2;7;0;2;1;2;1;
202300018147;155648404;B01;2;7;0;2;4;2;1;
202300018148;155648398;B01;0;2;0;2;0;0;0;
202300018148;155648401;A01;0;7;0;2;7;15;1;
202300018149;155648396;A01;1;33;0;6;1;1;1;
202300018150;155648393;B01;3;1;0;2;7;15;5;
202300018150;155648397;A01;3;7;0;9;1;19;0;
202300018151;155648392;B01;0;30;-1;2;-1;0;-1;
202300018151;155648395;A01;2;60;0;2;0;1;5;
202300018152;155648394;A01;2;31;0;1;1;1;1;
202300018153;155648390;A01;2;7;0;2;1;5;1;
202300018153;155648391;B01;1;10;0;2;3;1;1;
202300018154;155648388;A01;3;10;0;9;0;26;0;
202300018155;155648386;A01;3;2;0;2;8;19;1;
202300018155;155648389;B01;2;7;0;2;1;1;1;
202300018156;155648385;A01;1;7;0;2;3;2;1;
202300018156;155648387;B01;1;1;0;2;7;2;5;
202300018157;155648384;A01;2;7;6;0;9;1;1;
202300018158;155648382;A01;2;33;5;0;1;1;1;
202300018159;155648381;B01;2;7;0;2;1;1;1;
202300018159;155648383;A01;1;3;0;2;2;15;1;
202300018160;155648378;A01;2;7;0;2;3;19;3;
202300018160;155648380;B01;1;7;0;2;1;13;1;
202300018161;155648377;B01;2;7;0;2;3;17;1;
202300018161;155648379;A01;1;7;0;2;3;6;1;
202300018162;155648376;A01;3;50;0;1;0;1;3;
202300018163;155648372;B01;1;2;0;2;3;13;1;
202300018163;155648373;A01;2;7;0;2;3;17;1;
202300018164;155648371;A01;1;7;0;2;1;1;1;
202300018164;155648374;B01;1;7;0;2;4;23;1;
202300018165;155648368;A01;2;7;2;0;1;1;1;
202300018166;155648366;A01;3;2;13;0;1;1;1;
202300018167;155648367;B01;0;1;0;2;1;1;5;
202300018167;155648369;A01;0;7;0;2;7;22;1;
202300018168;155648365;A01;0;7;8;0;7;13;1;
202300018169;155648363;A01;2;7;9;0;1;1;1;
202300018170;155648361;A01;0;50;0;1;2;21;3;
202300018171;155648359;A01;2;33;15;0;8;1;1;
202300018172;155648357;A01;2;7;0;2;6;1;1;
202300018172;155648360;B01;1;7;0;2;3;1;1;
202300018173;155648356;A01;1;7;0;2;1;1;1;
202300018173;155648358;B01;1;33;0;2;4;15;1;
202300018174;155648354;A01;2;50;0;0;2;17;3;
202300018174;155648355;Z01;2;10;1;0;8;22;0;
202300018175;155648352;A01;2;33;12;0;0;1;0;
202300018176;155648350;A01;1;7;0;2;1;1;1;
202300018176;155648353;B01;1;7;0;2;4;0;1;
202300018177;155648349;A01;1;33;0;2;3;1;1;
202300018177;155648351;B01;1;7;0;2;5;12;1;
202300018178;155648347;B01;2;1;0;2;7;17;5;
202300018178;155648348;A01;2;10;0;2;3;15;0;
202300018179;155648342;A01;3;30;0;2;1;19;1;
202300018179;155648345;B01;3;7;0;2;7;26;1;
202300018180;155648344;A01;2;16;1;0;2;1;1;
202300018180;155648346;B01;2;7;4;0;4;1;1;
202300018181;155648338;A01;1;7;0;2;1;2;1;
202300018181;155648341;B01;1;7;0;2;5;2;1;
202300018181;155648343;C01;1;7;0;2;6;2;1;
202300018182;155648339;A01;1;7;0;2;8;13;1;
202300018182;155648340;B01;1;2;0;2;7;3;1;
202300018183;155648336;A01;2;7;0;2;4;23;1;
202300018183;155648337;B01;2;1;0;2;1;1;5;
202300018184;155648333;A01;1;7;1;-1;1;26;1;
202300018185;155648332;A01;1;15;0;2;2;12;1;
202300018185;155648335;B01;1;7;0;2;6;1;1;
202300018186;155648330;A01;2;7;0;2;1;11;1;
202300018186;155648334;B01;2;7;0;0;4;1;1;
202300018187;155648329;A01;1;33;0;2;1;2;1;
202300018187;155648331;B01;1;13;0;0;6;2;1;
202300018188;155648328;A01;1;7;0;1;1;1;0;
202300018189;155648327;A01;2;7;6;0;3;2;1;
202300018190;155648326;A01;2;10;3;0;3;1;1;
202300018191;155648324;A01;2;10;13;0;9;0;1;
202300018192;155648323;A01;1;7;0;1;0;0;0;
202300018193;155648325;A01;2;1;6;0;1;1;5;
202300018194;155648322;A01;2;7;13;0;1;2;1;
202300018195;155648318;A01;1;7;0;2;8;11;1;
202300018195;155648321;B01;1;7;0;2;2;1;1;
202300018196;155648319;A01;1;33;0;2;7;7;1;
202300018196;155648320;B01;1;7;0;2;3;15;1;
202300018197;155648314;A01;2;10;0;2;0;0;1;
202300018197;155648317;B01;2;1;0;2;1;1;5;
202300018198;155648315;A01;1;15;0;2;3;2;1;
202300018198;155648316;B01;1;7;0;0;4;2;1;
202300018199;155648310;A01;2;7;0;1;2;21;1;
202300018200;155648311;A01;1;7;13;0;9;1;1;
202300018201;155648309;B01;2;34;0;2;1;1;1;
202300018201;155648313;A01;2;7;0;2;8;10;1;
202300018202;155648308;B01;2;7;0;2;1;1;1;
202300018202;155648312;A01;2;7;0;2;7;1;1;
202300018203;155648307;A01;1;7;1;1;7;0;1;
202300018204;155648304;B01;1;7;0;2;0;1;0;
202300018204;155648306;A01;1;7;0;2;3;1;0;
202300018205;155648303;A01;3;30;0;0;8;26;1;
202300018206;155648300;A01;2;33;13;2;1;0;1;
202300018206;155648302;B01;1;7;0;2;8;1;1;
202300018207;155648297;A01;1;10;0;2;0;0;0;
202300018207;155648299;B01;2;7;0;2;0;0;1;
202300018207;155648301;D01;2;7;0;2;0;0;3;
202300018207;155648305;C01;1;7;0;2;0;0;1;
202300018208;155648298;A01;1;10;0;1;3;15;1;
202300018209;155648295;A01;1;7;0;2;1;2;1;
202300018209;155648296;B01;1;7;0;9;4;23;1;
202300018210;155648292;A01;1;1;0;1;9;1;5;
202300018211;155648291;A01;1;37;0;2;1;1;0;1.0
202300018211;155648293;B01;1;31;0;2;0;0;0;
202300018212;155648288;A01;1;7;0;2;3;13;3;
202300018212;155648290;B01;2;7;0;2;3;1;3;
202300018213;155648286;A01;1;7;0;1;2;15;1;
202300018214;155648287;A01;2;33;0;9;1;2;1;
202300018214;155648289;B01;2;1;0;0;8;2;5;
202300018215;155648285;A01;2;7;0;1;1;16;1;
202300018216;155648283;B01;3;7;0;2;1;24;1;
202300018216;155648284;A01;3;7;1;0;1;5;1;
202300018217;155648281;A01;2;7;1;0;1;1;1;
202300018218;155648280;A01;1;1;0;2;1;2;5;
202300018218;155648282;B01;1;7;1;2;5;2;1;
202300018219;155648278;A01;3;7;0;9;2;15;1;
202300018219;155648279;B01;3;1;0;2;0;0;5;
202300018220;155648277;A01;1;7;0;1;0;1;0;
202300018221;155648276;A01;2;7;2;0;1;1;1;
202300018222;155648272;A01;3;7;0;9;6;1;1;
202300018222;155648275;B01;3;50;0;2;2;2;3;
202300018223;155648270;B01;1;7;0;2;1;1;1;
202300018223;155648273;A01;1;10;0;2;3;13;1;
202300018224;155648269;A01;2;34;0;2;3;17;1;
202300018224;155648271;B01;2;7;0;2;5;1;1;
202300018225;155648265;B01;3;7;0;2;2;1;1;
202300018225;155648268;A01;3;7;0;2;1;1;1;
202300018226;155648263;A01;1;30;0;0;8;1;1;
202300018227;155648261;B01;1;7;0;2;4;2;1;
202300018227;155648262;A01;1;7;0;2;1;2;1;
202300018227;155648266;C01;1;7;0;2;4;2;1;
202300018228;155648257;A01;2;10;0;9;2;16;1;
202300018228;155648259;B01;1;1;0;2;1;1;5;
202300018229;155648255;B01;2;7;0;2;3;15;1;
202300018229;155648260;A01;2;30;0;2;3;1;1;
202300018230;155648253;A01;2;33;0;2;1;3;1;
202300018230;155648256;B01;2;7;0;2;8;17;0;
202300018230;155648258;C01;2;7;0;2;4;1;1;
202300018231;155648251;B01;2;7;9;2;8;16;1;
202300018231;155648254;A01;1;7;0;0;3;23;1;
202300018232;155648250;A01;1;7;1;0;2;2;1;
202300018233;155648247;A01;1;7;0;2;7;15;1;
202300018233;155648249;B01;2;31;0;2;1;0;1;
202300018234;155648248;B01;1;1;0;2;7;26;5;
202300018234;155648252;A01;1;7;0;2;3;0;1;
202300018235;155648244;B01;1;80;0;2;4;2;3;
202300018235;155648246;A01;0;7;0;2;4;1;1;
202300018236;155648242;B01;2;50;0;2;4;1;3;
202300018236;155648245;A01;2;7;0;2;1;1;1;
202300018237;155648243;A01;2;10;13;0;9;13;1;
202300018238;155648239;A01;2;34;0;2;7;0;1;
202300018238;155648240;B01;2;7;0;2;8;15;1;
202300018239;155648238;A01;2;7;0;2;3;13;1;
202300018239;155648241;B01;1;7;0;2;3;1;1;
202300018240;155648236;A01;1;10;0;1;2;1;3;
202300018241;155648235;A01;2;42;0;2;2;3;1;
202300018241;155648237;B01;2;7;0;2;6;11;1;
202300018242;155648231;A01;0;7;0;2;3;15;1;
202300018242;155648234;B01;0;1;0;2;0;0;5;
202300018243;155648232;A01;3;16;13;0;7;1;1;
202300018244;155648230;A01;2;31;0;2;1;17;1;
202300018244;155648233;B01;2;7;0;2;3;15;1;
202300018245;155648228;A01;1;33;15;0;7;1;1;
202300018246;155648227;A01;1;30;0;0;2;1;1;
202300018247;155648226;A01;0;7;1;2;1;1;2;
202300018247;155648229;B01;0;7;1;2;8;1;1;
202300018248;155648225;A01;1;7;6;0;2;14;1;
202300018249;155648223;B01;1;33;0;2;3;1;1;
202300018249;155648224;A01;1;7;0;2;2;0;1;
202300018250;155648222;A01;-1;7;8;0;2;1;0;
202300018251;155648221;A01;1;33;12;0;7;2;1;
202300018252;155648219;A01;1;7;0;2;7;17;1;
202300018252;155648220;B01;1;1;0;2;8;1;5;
202300018253;155648218;A01;1;7;0;1;1;1;1;
202300018254;155648213;C01;3;7;0;2;4;0;0;
202300018254;155648215;B01;3;7;0;2;4;2;1;
202300018254;155648217;A01;3;7;0;2;1;2;1;
202300018255;155648211;A01;3;7;0;1;3;1;1;
202300018256;155648209;A01;3;10;1;0;2;21;1;
202300018256;155648210;B01;3;7;0;2;6;23;1;
202300018257;155648208;A01;3;7;0;1;1;1;1;
202300018258;155648205;A01;1;2;2;0;2;1;1;
202300018259;155648204;A01;1;7;14;2;1;16;1;
202300018259;155648207;B01;1;10;0;2;7;15;1;
202300018260;155648203;A01;3;7;0;2;3;1;1;
202300018260;155648206;B01;3;50;0;2;7;1;3;
202300018261;155648199;A01;1;7;0;2;2;1;1;
202300018261;155648200;Y01;1;1;0;2;4;25;5;
202300018262;155648198;B01;1;60;0;0;0;0;5;
202300018262;155648201;A01;1;3;0;9;2;0;0;
202300018263;155648197;A01;3;1;0;2;1;1;5;
202300018264;155648195;A01;1;7;0;0;0;1;1;
202300018265;155648194;B01;2;7;0;2;5;1;1;
202300018265;155648196;A01;2;33;0;2;3;18;1;
202300018266;155648193;A01;2;1;0;0;0;16;5;
202300018267;155648191;A01;2;7;3;0;1;1;1;
202300018268;155648189;A01;0;7;0;2;5;13;1;
202300018268;155648192;B01;3;7;0;2;1;1;1;
202300018269;155648188;A01;2;60;0;2;2;19;5;
202300018269;155648190;B01;1;7;0;9;5;1;1;
202300018270;155648187;A01;1;7;0;2;8;1;1;
202300018271;155648185;A01;3;7;0;0;9;1;1;
202300018272;155648184;A01;1;7;0;1;2;1;1;
202300018273;155648179;A01;2;1;0;2;1;25;5;
202300018273;155648181;B01;0;7;0;2;2;26;3;
202300018274;155648177;A01;2;7;0;2;4;2;1;
202300018274;155648182;B01;2;7;0;2;1;2;1;
202300018275;155648178;A01;2;7;0;2;5;12;1;
202300018275;155648180;B01;2;33;0;2;0;0;1;
202300018276;155648175;A01;2;7;4;0;8;2;1;
202300018277;155648174;A01;2;7;2;0;0;0;1;
202300018278;155648173;A01;1;30;0;2;5;1;1;
202300018278;155648176;B01;1;30;0;2;1;1;1;
202300018279;155648170;A01;2;7;0;2;5;15;1;
202300018279;155648171;B01;1;2;0;2;1;1;1;
202300018280;155648167;B01;2;7;0;0;6;23;2;
202300018280;155648169;A01;2;7;1;0;7;0;1;
202300018280;155648172;C01;2;7;1;0;2;0;1;
202300018281;155648166;A01;2;7;0;2;4;23;1;
202300018281;155648168;B01;2;7;0;2;1;1;1;
202300018282;155648162;A01;1;50;0;0;0;1;3;
202300018283;155648161;B01;3;7;0;2;4;1;1;
202300018283;155648164;A01;3;7;0;2;1;1;1;
202300018283;155648165;C01;3;7;0;2;4;1;1;
202300018284;155648160;A01;2;7;0;2;1;11;1;
202300018284;155648163;B01;2;10;0;2;4;1;1;
202300018285;155648158;A01;1;7;0;1;1;1;1;
202300018286;155648157;A01;1;7;0;2;1;1;1;
202300018286;155648159;B01;2;7;0;2;2;17;1;
202300018287;155648155;A01;1;7;0;2;1;2;1;
202300018287;155648156;B01;1;7;0;2;4;2;1;
202300018288;155648154;A01;3;7;0;1;1;2;1;
202300018289;155648150;A01;3;7;8;0;1;1;1;
202300018290;155648151;A01;2;33;0;2;1;2;1;
202300018290;155648153;B01;2;7;0;2;6;15;1;
202300018291;155648149;A01;2;7;0;2;1;1;1;
202300018291;155648152;B01;2;15;0;2;4;1;1;
202300018292;155648146;A01;1;7;0;2;1;15;1;
202300018292;155648148;B01;2;33;0;2;1;1;1;
202300018293;155648145;A01;2;7;4;0;1;1;1;
202300018294;155648144;A01;1;7;0;2;3;9;1;
202300018294;155648147;B01;1;7;0;2;1;1;1;
202300018295;155648142;A01;2;7;3;0;9;1;1;
202300018296;155648141;A01;1;10;0;2;1;2;1;
202300018296;155648143;B01;1;7;0;2;4;1;1;
202300018297;155648140;A01;0;7;0;1;2;1;0;
202300018298;155648138;A01;1;10;0;1;1;11;1;
202300018299;155648137;A01;2;7;0;2;1;0;1;
202300018299;155648139;B01;2;7;0;2;4;2;1;
202300018300;155648135;A01;2;7;0;2;1;1;1;
202300018300;155648136;B01;2;1;0;2;7;19;5;
202300018301;155648132;B01;3;39;0;2;3;1;3;
202300018301;155648134;A01;0;7;0;4;6;23;1;
202300018302;155648131;B01;1;31;0;2;5;0;1;
202300018302;155648133;A01;1;7;0;2;3;0;1;
202300018303;155648127;A01;1;33;0;2;3;21;1;
202300018303;155648129;B01;1;7;0;2;5;2;1;
202300018304;155648125;A01;2;33;0;0;8;1;1;
202300018305;155648126;A01;1;7;0;2;1;2;1;
202300018305;155648128;B01;1;10;0;2;4;1;1;
202300018306;155648122;A01;2;2;0;1;1;17;1;
202300018307;155648120;B01;3;7;0;2;5;1;1;
202300018307;155648124;A01;1;7;0;2;1;9;1;
202300018308;155648117;A01;2;33;7;0;1;1;1;
202300018309;155648115;A01;2;7;0;2;1;1;1;
202300018309;155648116;B01;2;7;0;2;4;1;1;
202300018309;155648118;C01;2;7;0;2;4;1;1;
202300018309;155648119;D01;2;7;0;2;4;1;2;
202300018309;155648121;E01;2;7;0;2;4;1;1;
202300018309;155648123;F01;2;7;0;2;4;1;1;
202300018310;155648111;A01;0;2;0;0;0;16;1;
202300018310;155648114;B01;0;0;0;0;3;0;0;
202300018311;155648108;A01;1;7;6;2;3;15;1;
202300018311;155648110;B01;1;1;6;2;1;1;5;
202300018312;155648107;B01;2;7;0;2;1;21;2;
202300018312;155648109;A01;1;7;0;2;1;21;1;
202300018313;155648106;A01;1;7;13;0;2;26;1;
202300018314;155648105;A01;2;33;13;0;0;1;1;
202300018315;155648103;A01;3;33;0;9;1;1;1;
202300018315;155648104;B01;3;50;0;2;2;6;3;
202300018316;155648102;A01;1;7;16;0;8;0;1;
202300018317;155648099;A01;1;7;0;1;5;16;2;
202300018318;155648098;B01;1;33;0;2;0;0;1;
202300018318;155648101;A01;3;7;0;2;2;19;0;
202300018319;155648097;A01;1;7;0;2;1;13;0;
202300018319;155648100;B01;2;10;0;2;1;1;1;
202300018320;155648094;A01;1;7;6;0;3;1;1;
202300018321;155648092;A01;3;2;12;0;1;13;6;
202300018322;155648091;A01;2;7;0;2;1;2;1;
202300018322;155648095;B01;2;7;0;2;6;23;3;
202300018323;155648090;A01;1;7;0;2;3;19;1;
202300018323;155648093;B01;1;7;0;2;1;1;1;
202300018324;155648088;A01;2;2;0;0;7;1;1;
202300018325;155648086;A01;2;7;0;2;7;1;1;
202300018325;155648089;B01;2;50;0;2;8;1;3;
202300018326;155648085;A01;2;33;0;2;2;18;1;
202300018326;155648087;B01;1;7;0;2;2;19;1;
202300018327;155648082;B01;0;1;0;1;0;1;6;
202300018328;155648081;A01;1;7;0;2;3;15;1;
202300018328;155648083;B01;1;31;0;2;1;17;1;
202300018329;155648080;B01;2;7;0;2;5;1;1;
202300018329;155648084;A01;3;1;0;2;1;1;5;
202300018330;155648079;A01;1;7;0;1;6;15;1;
202300018331;155648077;A01;1;7;0;1;1;1;1;
202300018332;155648076;A01;3;7;0;2;7;15;1;
202300018332;155648078;B01;3;7;0;2;1;1;1;
202300018333;155648073;A01;1;7;0;2;7;16;1;
202300018333;155648075;B01;1;32;0;2;8;18;1;
202300018334;155648072;B01;0;50;0;2;1;5;3;
202300018334;155648074;A01;0;7;0;9;1;1;0;
202300018335;155648071;A01;1;7;0;1;8;16;1;
202300018336;155648070;A01;1;39;0;1;2;1;3;
202300018337;155648067;A01;1;7;0;2;1;5;1;
202300018337;155648069;B01;2;21;0;2;3;1;1;
202300018338;155648065;B01;2;33;0;2;1;5;1;
202300018338;155648066;A01;1;7;0;2;6;20;1;
202300018339;155648064;A01;1;7;0;2;6;9;1;
202300018339;155648068;B01;1;33;0;2;1;15;1;
202300018340;155648061;A01;2;33;0;2;8;7;1;
202300018340;155648063;B01;2;7;0;2;1;26;1;
202300018341;155648060;B01;2;32;0;2;6;1;1;
202300018341;155648062;A01;1;7;0;2;1;1;1;
202300018342;155648059;A01;3;14;0;1;0;15;0;
202300018343;155648054;A01;3;7;0;2;3;20;1;
202300018343;155648058;B01;3;33;0;2;7;1;1;
202300018344;155648056;A01;2;50;0;2;1;26;3;
202300018344;155648057;B01;1;7;0;2;1;1;1;
202300018345;155648053;A01;3;33;0;2;1;13;1;
202300018345;155648055;B01;3;7;0;2;0;1;1;
202300018346;155648050;A01;1;7;0;2;3;20;1;
202300018346;155648052;B01;1;33;0;2;1;1;1;
202300018347;155648049;A01;2;7;15;2;6;24;1;
202300018347;155648051;B01;2;38;1;0;2;14;1;1.0
202300018348;155648046;A01;2;50;0;2;1;25;3;
202300018348;155648048;B01;2;7;0;2;3;1;1;
202300018349;155648043;A01;2;33;0;2;1;1;1;
202300018349;155648044;B01;1;7;0;2;3;9;1;
202300018350;155648040;A01;2;7;0;2;3;10;1;
202300018350;155648042;B01;2;1;0;2;7;1;5;
202300018351;155648039;B01;2;37;0;2;8;1;1;1.0
202300018351;155648041;A01;2;50;0;2;1;1;3;
202300018352;155648037;A01;0;2;12;0;1;1;1;
202300018353;155648035;A01;2;7;14;0;1;1;1;
202300018354;155648036;A01;3;7;0;0;3;16;1;
202300018354;155648038;B01;1;7;0;0;2;1;1;
202300018355;155648034;A01;0;7;0;1;1;1;1;
202300018356;155648030;A01;1;2;0;2;1;1;1;
202300018356;155648032;B01;1;7;0;2;4;15;1;
202300018357;155648028;B01;2;32;0;2;1;3;1;
202300018357;155648029;A01;1;7;0;2;2;15;1;
202300018358;155648026;A01;2;7;0;1;3;1;1;
202300018359;155648025;B01;1;7;0;0;6;1;1;
202300018359;155648027;A01;1;7;0;2;1;2;1;
202300018360;155648023;A01;2;7;0;2;2;2;1;
202300018360;155648024;B01;2;7;0;2;6;1;1;
202300018361;155648021;A01;2;37;0;1;1;16;1;1.0
202300018362;155648020;B01;1;15;0;0;6;2;1;
202300018362;155648022;A01;1;36;0;2;2;2;1;