Num_Acc;id_vehicule;num_veh;senc;catv;obs;obsm;choc;manv;motor;occutc
202300018363;155648018;A01;1;7;9;0;2;21;1;
202300018364;155648016;A01;0;10;0;2;2;17;1;
202300018364;155648019;B01;0;50;0;2;4;2;3;
202300018365;155648014;A01;2;7;6;0;1;1;1;
202300018366;155648009;A01;1;17;0;2;1;2;1;
202300018366;155648011;B01;1;7;0;0;5;2;1;
202300018366;155648012;C01;1;7;0;0;4;2;1;
202300018366;155648015;D01;1;7;0;0;4;2;1;
202300018366;155648017;E01;1;7;0;0;5;1;1;
202300018367;155648010;A01;3;7;0;2;1;2;1;
202300018367;155648013;B01;3;7;0;2;4;2;1;
202300018368;155648007;B01;2;2;0;2;4;15;1;
202300018368;155648008;A01;1;7;0;2;1;16;1;
202300018369;155648006;A01;1;7;3;0;1;14;1;
202300018370;155648005;A01;2;7;0;1;3;1;0;
202300018371;155648003;A01;1;7;2;0;1;11;1;
202300018372;155648002;A01;3;1;0;0;4;1;5;
202300018372;155648004;B01;3;7;0;2;1;1;0;
202300018373;155648001;A01;1;7;0;1;1;1;1;
202300018374;155648000;A01;3;7;13;0;7;1;1;
202300018375;155647997;A01;1;15;0;2;3;1;1;
202300018375;155647998;B01;2;7;0;2;3;1;1;
202300018376;155647996;A01;3;7;0;2;2;2;1;
202300018376;155647999;B01;0;33;0;2;6;2;1;
202300018377;155647994;B01;3;2;0;2;8;15;1;
202300018377;155647995;A01;3;7;0;2;1;1;1;
202300018378;155647993;A01;2;7;0;1;2;2;2;
202300018379;155647991;B01;1;1;0;2;1;1;5;
202300018379;155647992;A01;1;10;0;2;2;15;1;
202300018380;155647989;A01;3;7;0;1;1;1;1;
202300018381;155647988;A01;2;7;0;1;3;1;1;
202300018382;155647986;B01;1;37;0;2;2;1;1;5.0
202300018382;155647990;A01;2;7;0;2;3;16;1;
202300018383;155647985;B01;2;37;0;2;3;1;1;1.0
202300018383;155647987;A01;1;7;0;2;3;13;1;
202300018384;155647983;A01;2;7;2;2;8;13;1;
202300018384;155647984;B01;2;7;0;2;7;1;6;
202300018385;155647981;A01;1;7;0;1;2;1;1;
202300018386;155647982;A01;1;7;2;0;1;2;1;
202300018387;155647980;A01;0;1;14;0;0;1;5;
202300018388;155647976;A01;1;7;0;2;5;16;1;
202300018388;155647979;B01;2;1;0;2;5;1;5;
202300018389;155647977;B01;0;50;0;9;8;15;3;
202300018389;155647978;A01;0;7;0;9;2;1;1;
202300018390;155647974;A01;0;7;3;2;1;1;1;
202300018390;155647975;B01;0;7;3;2;4;23;1;
202300018391;155647972;A01;1;7;0;1;1;1;1;
202300018392;155647971;A01;1;33;0;2;2;17;1;
202300018392;155647973;B01;2;10;0;2;3;9;1;
202300018393;155647966;A01;3;7;0;2;3;2;1;
202300018393;155647968;B01;3;7;0;2;3;2;1;
202300018394;155647965;A01;3;7;0;2;3;9;1;
202300018394;155647970;B01;3;7;0;2;2;1;1;
202300018395;155647967;A01;1;7;0;2;1;17;1;
202300018395;155647969;B01;1;1;0;2;8;15;5;
202300018396;155647962;A01;1;21;0;2;3;13;1;
202300018396;155647964;B01;2;33;0;2;1;1;1;
202300018397;155647960;A01;0;7;0;2;1;19;1;
202300018397;155647963;B01;3;7;0;2;6;23;1;
202300018398;155647959;A01;1;15;0;2;0;16;1;
202300018398;155647961;B01;2;1;0;2;1;1;5;
202300018399;155647956;B01;1;7;0;2;8;2;1;
202300018399;155647958;A01;1;33;0;2;7;17;1;
202300018400;155647955;A01;2;7;0;2;2;15;1;
202300018400;155647957;B01;1;1;0;2;1;1;5;
202300018401;155647953;A01;3;3;0;9;1;16;3;
202300018401;155647954;B01;3;1;0;2;7;1;5;
202300018402;155647950;A01;2;7;0;2;3;13;1;
202300018402;155647952;B01;1;7;0;2;3;1;1;
202300018403;155647948;B01;1;31;0;2;1;1;6;
202300018403;155647951;A01;2;7;0;2;5;15;1;
202300018404;155647947;A01;2;7;0;2;2;15;1;
202300018404;155647949;B01;1;1;0;2;1;1;5;
202300018405;155647946;A01;1;7;4;0;1;1;1;
202300018406;155647944;A01;1;7;0;2;2;15;2;
202300018406;155647945;B01;2;33;0;2;3;1;1;
202300018407;155647943;A01;2;30;0;1;1;16;1;
202300018408;155647942;A01;3;7;0;1;2;1;0;
202300018409;155647941;A01;1;7;0;0;1;1;1;
202300018410;155647939;A01;2;7;9;0;1;15;1;
202300018411;155647937;C01;2;7;0;2;6;2;1;
202300018411;155647938;A01;2;7;0;2;1;1;1;
202300018411;155647940;B01;2;7;0;2;1;2;1;
202300018412;155647936;A01;0;31;15;0;1;15;1;
202300018413;155647935;A01;1;7;0;1;3;1;1;
202300018414;155647931;A01;1;33;0;2;1;2;1;
202300018414;155647934;B01;1;1;0;2;4;11;5;
202300018415;155647929;B01;2;7;0;2;7;12;1;
202300018415;155647933;A01;2;7;0;2;3;1;1;
202300018416;155647930;B01;0;50;0;2;1;1;3;
202300018416;155647932;A01;1;7;0;2;2;15;1;
202300018417;155647927;A01;2;7;0;1;2;1;1;
202300018418;155647925;A01;2;7;0;2;8;13;1;
202300018418;155647928;B01;2;15;0;2;2;1;1;
202300018419;155647923;C01;1;7;0;2;1;1;1;
202300018419;155647924;B01;1;7;0;2;1;1;1;
202300018419;155647926;A01;1;7;0;2;4;23;1;
202300018420;155647920;B01;1;50;0;2;1;25;3;
202300018420;155647922;A01;1;7;0;2;2;9;1;
202300018421;155647918;A01;1;7;0;2;5;12;0;
202300018421;155647921;B01;1;33;0;2;1;1;1;
202300018422;155647917;A01;3;7;0;2;1;16;1;
202300018422;155647919;B01;3;1;0;2;3;1;5;
202300018423;155647915;A01;2;7;0;2;1;2;1;
202300018423;155647916;B01;2;7;0;2;4;2;1;
202300018424;155647913;A01;2;7;0;1;1;1;1;
202300018425;155647908;B01;3;1;0;2;1;19;5;
202300018425;155647911;A01;3;7;0;9;3;19;1;
202300018426;155647906;D01;1;7;4;2;8;2;1;
202300018426;155647907;E01;1;7;4;2;6;0;3;
202300018426;155647910;A01;1;17;4;2;1;2;1;
202300018426;155647912;B01;1;7;4;2;9;2;1;
202300018426;155647914;C01;1;7;4;2;4;2;1;
202300018427;155647905;B01;1;1;0;2;3;1;5;
202300018427;155647909;A01;1;7;0;2;2;16;1;
202300018428;155647902;A01;1;7;5;2;5;1;1;
202300018428;155647904;B01;2;10;0;2;3;1;1;
202300018429;155647900;A01;2;33;0;2;1;3;1;
202300018429;155647903;B01;2;7;0;2;5;1;1;
202300018430;155647899;B01;1;31;0;2;8;23;1;
202300018430;155647901;A01;1;37;0;2;2;15;1;1.0
202300018431;155647897;A01;3;7;0;0;1;1;0;
202300018432;155647894;A01;2;7;0;2;1;1;1;
202300018432;155647896;B01;2;7;0;2;0;0;1;
202300018432;155647898;C01;2;7;0;2;0;0;1;
202300018433;155647891;A01;2;7;0;2;1;2;0;
202300018433;155647893;B01;2;7;0;2;0;0;1;
202300018434;155647888;A01;2;10;0;2;3;11;1;
202300018434;155647890;B01;2;42;0;2;2;26;1;
202300018435;155647887;A01;1;7;2;0;8;14;1;
202300018436;155647886;A01;2;7;0;2;3;0;1;
202300018436;155647889;B01;2;7;0;2;2;1;1;
202300018437;155647880;B01;1;7;0;2;4;2;1;
202300018437;155647883;A01;1;7;0;2;1;2;1;
202300018438;155647882;A01;3;50;0;2;7;15;3;
202300018438;155647885;B01;3;7;0;2;1;1;1;
202300018439;155647881;A01;1;7;4;2;1;1;1;
202300018439;155647884;B01;1;7;4;2;5;1;1;
202300018440;155647878;A01;2;7;13;0;1;17;1;
202300018441;155647879;A01;2;33;1;0;1;19;1;
202300018442;155647875;A01;2;10;0;2;3;2;1;
202300018442;155647876;B01;2;7;0;2;4;2;1;
202300018442;155647877;C01;2;7;0;2;6;2;1;
202300018443;155647872;A01;3;50;0;2;1;25;3;
202300018443;155647873;B01;3;7;0;2;7;16;1;
202300018444;155647871;B01;1;50;0;2;1;9;3;
202300018444;155647874;A01;1;21;0;2;6;9;4;
202300018445;155647870;A01;2;7;7;0;2;14;1;
202300018446;155647869;Z01;2;10;0;0;0;0;1;
202300018447;155647867;A01;3;7;0;1;4;20;1;
202300018448;155647866;A01;1;7;4;0;2;1;1;
202300018449;155647863;A01;0;10;1;0;6;20;1;
202300018449;155647865;B01;3;10;0;2;2;2;1;
202300018450;155647862;A01;1;7;0;2;3;21;1;
202300018450;155647864;B01;2;34;0;2;3;1;1;
202300018451;155647860;B01;1;7;0;2;1;1;1;
202300018451;155647861;A01;1;7;0;2;4;1;1;
202300018452;155647856;B01;3;7;0;2;7;1;1;
202300018452;155647859;A01;3;10;0;2;3;1;0;
202300018453;155647857;A01;2;80;0;2;4;11;3;
202300018453;155647858;B01;2;31;0;2;7;13;3;
202300018454;155647855;A01;3;7;0;1;3;1;2;
202300018455;155647852;A01;1;7;0;1;1;16;1;
202300018456;155647853;B01;2;33;0;2;1;1;1;
202300018456;155647854;A01;2;7;0;2;6;15;1;
202300018457;155647850;B01;2;50;0;2;8;2;3;
202300018457;155647851;A01;2;15;0;2;7;2;1;
202300018458;155647847;A01;3;10;0;2;3;24;1;
202300018458;155647849;B01;1;50;1;2;1;1;3;
202300018459;155647846;A01;3;1;0;2;1;19;5;
202300018459;155647848;B01;3;7;0;9;5;0;1;
202300018460;155647845;A01;2;40;0;1;7;1;3;
202300018461;155647844;A01;1;7;0;1;1;1;1;
202300018462;155647841;B01;2;1;0;2;7;1;5;
202300018462;155647843;A01;3;7;0;2;3;16;2;
202300018463;155647840;A01;1;2;0;2;1;13;3;
202300018463;155647842;B01;1;10;0;2;5;1;1;
202300018464;155647839;A01;2;7;0;0;7;15;1;
202300018465;155647838;A01;1;7;0;1;1;9;1;
202300018466;155647837;A01;1;10;0;1;2;16;1;
202300018467;155647834;A01;3;7;0;2;1;19;1;
202300018467;155647836;B01;0;7;0;2;1;0;1;
202300018468;155647833;A01;3;7;0;0;0;0;1;
202300018468;155647835;B01;3;50;0;0;0;0;3;
202300018469;155647830;A01;2;1;0;0;1;1;5;
202300018470;155647831;A01;2;7;0;2;5;22;1;
202300018470;155647832;B01;1;1;0;2;1;18;5;
202300018471;155647828;A01;1;7;1;0;2;1;1;
202300018472;155647827;A01;2;7;0;0;4;0;1;
202300018472;155647829;B01;1;10;0;2;1;26;1;
202300018473;155647824;A01;2;7;0;2;3;10;1;
202300018473;155647825;B01;2;32;0;2;2;17;1;
202300018474;155647821;B01;3;32;0;0;1;1;1;
202300018474;155647823;A01;3;7;0;2;3;9;1;
202300018475;155647822;A01;1;7;0;1;1;1;1;
202300018476;155647817;A01;3;80;0;2;2;9;3;
202300018476;155647820;B01;3;7;0;2;1;1;1;
202300018477;155647818;B01;1;1;0;2;2;14;5;
202300018477;155647819;A01;1;10;0;2;3;1;1;
202300018478;155647815;A01;1;7;0;1;2;16;1;
202300018479;155647813;A01;1;7;0;1;1;1;1;
202300018480;155647811;A01;2;7;0;1;2;1;1;
202300018481;155647809;A01;2;7;3;2;8;11;1;
202300018481;155647812;B01;2;7;0;2;2;0;1;
202300018482;155647808;A01;1;7;6;0;1;26;1;
202300018483;155647804;B01;3;10;0;2;6;9;1;
202300018483;155647807;A01;3;33;0;2;1;17;1;
202300018484;155647803;Z01;1;32;0;2;0;17;0;
202300018484;155647805;A01;1;7;2;2;6;15;1;
202300018485;155647802;A01;1;1;0;2;4;19;5;
202300018485;155647806;B01;1;33;0;2;1;1;1;
202300018486;155647799;A01;1;7;0;0;9;26;1;
202300018487;155647798;A01;2;7;0;2;8;1;1;
202300018487;155647801;B01;1;7;0;2;1;1;1;
202300018488;155647796;B01;3;37;0;2;1;1;1;1.0
202300018488;155647800;A01;3;7;0;2;3;19;1;
202300018489;155647797;A01;2;1;0;0;1;21;5;
202300018490;155647793;A01;2;33;5;0;1;16;1;
202300018491;155647791;A01;3;7;14;0;8;26;1;
202300018491;155647795;B01;3;7;0;2;8;23;1;
202300018492;155647790;A01;1;1;0;2;3;9;5;
202300018492;155647792;B01;2;33;0;2;3;1;1;
202300018493;155647789;A01;3;10;0;2;3;9;1;
202300018493;155647794;B01;3;50;0;2;1;9;3;
202300018494;155647786;B01;2;30;0;2;1;1;1;
202300018494;155647788;A01;2;7;0;2;8;10;1;
202300018495;155647785;A01;3;7;0;2;1;1;1;
202300018495;155647787;B01;3;1;0;2;1;1;5;
202300018496;155647784;A01;1;7;0;1;1;1;3;
202300018497;155647781;A01;1;43;0;1;1;2;1;
202300018498;155647782;A01;2;7;0;2;2;15;1;
202300018498;155647783;B01;1;7;0;2;1;1;1;
202300018499;155647779;A01;3;7;0;1;1;1;1;
202300018500;155647778;B01;0;50;0;0;0;19;3;
202300018500;155647780;A01;0;7;8;0;1;21;1;
202300018501;155647775;A01;0;2;0;0;0;1;1;
202300018502;155647773;A01;1;31;0;2;7;1;1;
202300018502;155647777;B01;1;7;0;2;3;1;2;
202300018503;155647772;B01;1;7;0;2;1;1;1;
202300018503;155647774;A01;2;7;9;2;5;15;1;
202300018504;155647771;B01;2;2;0;2;7;0;1;
202300018504;155647776;A01;1;7;0;2;2;15;1;
202300018505;155647770;A01;1;30;14;0;1;1;1;
202300018506;155647768;B01;2;7;0;0;6;11;1;
202300018506;155647769;A01;0;30;0;2;0;3;1;
202300018507;155647767;A01;1;41;0;1;1;16;1;
202300018508;155647764;A01;1;7;0;2;2;17;1;
202300018508;155647766;B01;1;2;0;2;6;1;1;
202300018509;155647763;A01;1;7;0;2;0;1;1;
202300018509;155647765;B01;1;32;0;2;0;0;1;
202300018510;155647759;A01;2;7;0;1;3;1;1;
202300018511;155647762;A01;1;7;0;1;8;1;1;
202300018512;155647760;Z01;1;7;0;1;1;15;1;
202300018513;155647758;A01;1;7;0;2;3;22;1;
202300018513;155647761;B01;1;1;1;0;1;1;5;
202300018514;155647756;Z01;2;7;0;2;1;2;1;
202300018514;155647757;B01;2;7;0;2;4;2;1;
202300018515;155647755;A01;2;1;0;0;0;1;5;
202300018516;155647752;B01;1;7;0;2;5;1;0;
202300018516;155647754;A01;1;7;0;2;3;1;0;
202300018517;155647750;A01;3;7;0;2;1;1;1;
202300018517;155647753;B01;3;7;0;2;4;1;1;
202300018518;155647749;A01;1;7;1;0;2;0;1;
202300018519;155647748;B01;3;1;0;2;7;1;5;
202300018519;155647751;A01;1;7;0;2;3;9;1;
202300018520;155647743;A01;1;7;0;1;1;2;0;
202300018521;155647741;A01;2;7;0;2;6;15;1;
202300018521;155647747;B01;1;2;0;2;1;1;1;
202300018522;155647740;A01;2;7;0;2;3;10;1;
202300018522;155647744;B01;2;32;0;2;1;2;1;
202300018523;155647739;B01;2;7;0;2;8;11;1;
202300018523;155647746;A01;2;7;8;2;7;1;1;
202300018524;155647738;B01;1;32;0;2;9;21;1;
202300018524;155647742;C01;1;7;0;2;4;21;2;
202300018524;155647745;A01;1;15;0;2;4;1;1;
202300018525;155647734;A01;3;37;0;2;0;1;2;4.0
202300018526;155647736;A01;2;2;0;0;7;16;3;
202300018527;155647735;A01;1;7;0;1;1;1;1;
202300018528;155647733;B01;2;33;0;2;3;1;1;
202300018528;155647737;A01;2;7;0;2;2;14;1;
202300018529;155647731;A01;3;7;2;0;1;14;1;
202300018530;155647727;A01;1;7;0;2;7;12;2;
202300018530;155647732;B01;1;33;0;2;8;1;1;
202300018531;155647728;A01;1;33;0;1;1;3;1;
202300018532;155647726;A01;1;7;0;2;2;16;1;
202300018532;155647730;B01;1;50;0;2;1;18;3;
202300018533;155647723;B01;1;13;12;0;8;24;1;
202300018533;155647725;A01;1;50;1;0;1;21;3;
202300018533;155647729;C01;1;7;0;2;2;1;1;
202300018534;155647722;B01;2;33;0;2;8;1;0;
202300018534;155647724;A01;1;7;0;2;2;15;0;
202300018535;155647718;A01;1;31;8;0;1;1;1;
202300018536;155647720;Z01;1;7;0;1;1;26;0;
202300018537;155647719;A01;1;7;0;2;2;12;1;
202300018537;155647721;B01;1;33;0;2;0;0;1;
202300018538;155647716;A01;0;34;0;1;1;0;0;
202300018539;155647715;A01;1;31;6;0;1;13;1;
202300018540;155647714;A01;3;33;0;2;3;1;1;
202300018540;155647717;B01;3;7;0;2;3;15;1;
202300018541;155647711;A01;1;7;0;2;1;5;1;
202300018541;155647713;B01;2;7;0;2;1;1;1;
202300018542;155647709;A01;1;7;0;1;1;16;1;
202300018543;155647708;A01;1;7;0;2;1;0;2;
202300018543;155647712;B01;1;43;0;2;8;0;1;
202300018544;155647706;A01;1;10;0;2;2;12;1;
202300018544;155647710;B01;1;7;0;2;3;1;0;
202300018545;155647704;B01;1;33;0;2;1;1;0;
202300018545;155647707;A01;1;7;0;2;3;10;1;
202300018546;155647703;A01;1;7;6;0;1;14;1;
202300018547;155647702;B01;3;7;0;2;1;9;1;
202300018547;155647705;A01;3;43;0;2;1;1;1;
202300018548;155647701;A01;2;7;0;1;1;16;1;
202300018549;155647696;A01;2;30;0;2;1;2;1;
202300018549;155647699;B01;2;7;0;2;4;1;1;
202300018550;155647698;A01;1;7;0;2;1;2;1;
202300018550;155647700;B01;1;10;0;2;4;2;1;
202300018551;155647694;A01;1;50;0;1;1;1;3;
202300018552;155647691;A01;1;7;0;2;1;5;1;
202300018552;155647693;B01;2;7;0;2;1;1;3;
202300018553;155647689;B01;1;7;0;2;2;1;1;
202300018553;155647695;A01;1;7;0;2;1;1;1;
202300018553;155647697;C01;1;7;8;0;8;1;1;
202300018554;155647688;A01;2;33;0;2;1;9;1;
202300018554;155647692;B01;1;7;0;2;3;9;1;
202300018555;155647686;A01;2;33;0;2;2;3;1;
202300018555;155647690;B01;2;10;0;2;6;11;1;
202300018556;155647685;A01;0;34;0;2;1;1;1;
202300018556;155647687;B01;3;7;1;0;5;15;1;
202300018557;155647680;A01;1;34;0;2;3;13;1;
202300018557;155647683;B01;2;32;0;2;3;1;1;
202300018558;155647679;A01;2;33;0;2;3;3;0;
202300018558;155647681;B01;2;7;0;2;7;12;1;
202300018559;155647673;A01;2;7;0;2;1;9;1;
202300018559;155647677;B01;2;7;0;2;7;1;1;
202300018560;155647676;A01;1;7;0;2;1;15;1;
202300018560;155647678;B01;2;7;0;2;8;1;1;
202300018561;155647675;A01;2;7;4;0;1;1;1;
202300018562;155647668;B01;0;50;0;2;3;1;3;
202300018562;155647670;A01;0;7;0;2;0;1;0;
202300018563;155647666;A01;2;34;0;2;1;17;0;
202300018564;155647664;B01;3;7;0;2;8;1;1;
202300018564;155647667;A01;3;7;0;1;1;1;1;
202300018565;155647663;A01;1;7;4;0;3;1;1;
202300018566;155647662;A01;1;7;0;1;2;1;1;
202300018567;155647661;C01;1;7;13;2;3;1;1;
202300018567;155647665;A01;1;7;13;2;1;14;1;
202300018567;155647669;B01;1;7;13;2;4;1;1;
202300018568;155647660;A01;2;10;0;1;2;2;1;
202300018569;155647658;A01;1;7;0;1;2;1;0;
202300018570;155647656;B01;3;1;0;2;1;0;5;
202300018570;155647659;A01;2;7;0;2;3;0;1;
202300018571;155647655;A01;2;7;12;2;1;2;2;
202300018571;155647657;B01;2;14;12;9;5;2;1;
202300018572;155647652;B01;2;7;0;2;4;11;6;
202300018572;155647654;A01;2;43;0;2;1;3;1;
202300018573;155647650;A01;1;7;0;2;3;15;1;
202300018573;155647653;B01;1;32;0;2;2;1;3;
202300018574;155647648;A01;0;7;0;2;1;1;0;
202300018574;155647651;B01;3;7;0;0;0;0;0;
202300018575;155647649;A01;1;7;0;1;1;1;0;
202300018576;155647644;A01;1;7;17;0;2;1;1;
202300018577;155647646;B01;3;50;0;2;1;1;3;
202300018577;155647647;A01;3;7;0;2;2;15;1;
202300018578;155647641;A01;1;33;0;0;0;3;1;
202300018578;155647645;B01;1;10;0;0;0;1;1;
202300018579;155647640;A01;2;7;0;2;2;19;1;
202300018579;155647643;B01;3;1;0;2;1;19;5;
202300018580;155647639;A01;1;7;0;2;1;1;1;
202300018580;155647642;B01;1;2;0;0;4;1;1;
202300018581;155647636;B01;1;10;13;2;1;1;1;
202300018581;155647637;A01;2;10;0;2;8;1;1;
202300018582;155647631;A01;0;7;0;0;4;23;1;
202300018582;155647634;B01;3;10;0;2;1;2;1;
202300018582;155647638;C01;3;43;0;2;8;18;1;
202300018583;155647632;A01;1;7;0;2;1;1;1;
202300018583;155647635;B01;1;10;0;2;4;1;1;
202300018584;155647627;B01;3;50;0;0;0;0;3;
202300018584;155647630;A01;1;7;0;2;3;1;1;
202300018585;155647626;A01;3;7;0;2;3;15;1;
202300018585;155647629;B01;3;7;0;2;3;1;0;
202300018586;155647628;A01;1;33;13;0;9;1;1;
202300018587;155647624;A01;1;38;0;1;2;1;1;1.0
202300018588;155647623;A01;3;7;0;2;3;13;1;
202300018588;155647625;B01;3;7;0;2;3;1;1;
202300018589;155647620;Z01;1;1;0;1;1;1;5;
202300018590;155647621;A01;0;1;9;0;1;1;5;
202300018591;155647617;A01;0;7;0;2;1;2;1;
202300018591;155647622;B01;0;32;0;2;1;2;1;
202300018592;155647616;B01;2;7;0;2;4;13;1;
202300018592;155647619;A01;2;7;0;2;1;1;1;
202300018593;155647613;Z01;1;32;0;1;8;1;1;
202300018594;155647615;A01;2;2;0;2;1;17;1;
202300018594;155647618;B01;1;3;0;2;1;15;1;
202300018595;155647614;A01;1;7;1;0;1;1;1;
202300018596;155647610;A01;1;34;0;1;2;2;1;
202300018597;155647607;B01;2;31;0;2;1;1;0;
202300018597;155647611;A01;2;7;0;2;5;16;1;
202300018598;155647609;A01;0;7;1;0;1;26;1;
202300018599;155647606;A01;1;7;1;0;7;13;1;
202300018599;155647612;B01;3;10;0;2;7;23;1;
202300018600;155647605;B01;3;1;0;2;0;1;5;
202300018600;155647608;Z01;3;7;0;2;1;1;0;
202300018601;155647603;B01;1;7;0;2;4;1;1;
202300018601;155647604;A01;1;33;0;2;1;1;1;
202300018602;155647602;A01;1;7;2;0;3;1;1;
202300018603;155647599;A01;2;33;0;2;3;18;1;
202300018603;155647601;B01;2;7;0;2;2;16;1;
202300018604;155647595;A01;3;7;0;2;1;15;1;
202300018604;155647598;B01;3;30;0;2;1;1;0;
202300018605;155647597;A01;0;37;0;2;2;16;1;1.0
202300018605;155647600;B01;1;50;0;2;1;1;3;
202300018606;155647594;A01;3;7;0;1;3;15;1;
202300018607;155647593;A01;3;1;0;2;8;1;5;
202300018607;155647596;B01;2;7;0;9;8;1;1;
202300018608;155647592;A01;2;30;0;1;1;21;3;
202300018609;155647590;A01;2;50;0;2;1;1;3;
202300018609;155647591;Z01;1;7;0;9;1;15;1;
202300018610;155647588;A01;2;7;0;1;1;1;1;
202300018611;155647584;A01;1;7;1;0;2;14;1;
202300018612;155647583;A01;2;31;0;2;8;1;1;
202300018612;155647587;B01;2;10;0;2;7;16;1;
202300018613;155647585;A01;1;1;0;2;1;15;5;
202300018613;155647589;B01;1;7;0;2;1;15;0;
202300018614;155647582;A01;1;7;0;2;7;0;1;
202300018614;155647586;B01;1;7;0;2;1;1;1;
202300018615;155647579;A01;1;7;0;1;1;5;1;
202300018616;155647578;A01;0;33;0;2;1;2;1;
202300018616;155647581;B01;0;7;0;2;4;23;1;
202300018617;155647577;B01;2;7;0;2;3;0;1;
202300018617;155647580;A01;1;33;0;2;1;0;1;
202300018618;155647574;A01;1;33;0;2;1;3;1;
202300018618;155647576;B01;1;7;0;2;1;12;1;
202300018619;155647573;A01;1;32;0;2;2;17;1;
202300018619;155647575;B01;1;7;0;2;3;10;1;
202300018620;155647569;A01;1;7;0;2;1;1;1;
202300018620;155647571;B01;1;7;0;2;4;16;1;
202300018621;155647564;A01;1;7;0;2;1;2;1;
202300018621;155647568;B01;1;7;0;2;1;1;1;
202300018621;155647572;C01;1;7;0;2;4;2;1;
202300018622;155647562;A01;1;7;7;2;2;19;1;
202300018622;155647566;C01;2;15;0;2;1;1;1;
202300018622;155647570;B01;2;15;0;2;1;1;1;
202300018623;155647563;A01;2;7;0;2;1;2;1;
202300018623;155647567;B01;2;7;0;2;4;1;1;
202300018624;155647559;A01;1;7;0;2;1;0;1;
202300018624;155647561;B01;2;7;0;0;0;0;0;
202300018625;155647560;A01;2;7;0;2;1;15;1;
202300018625;155647565;B01;1;1;0;2;1;1;5;
202300018626;155647557;A01;0;7;0;1;2;1;1;
202300018627;155647555;A01;1;37;0;1;5;4;1;1.0
202300018628;155647556;A01;3;31;0;2;7;5;1;
202300018628;155647558;B01;3;7;0;2;1;1;1;
202300018629;155647554;A01;1;7;0;1;3;1;1;
202300018630;155647552;A01;3;7;2;0;2;0;1;
202300018631;155647551;A01;0;7;0;2;3;15;1;
202300018631;155647553;B01;0;33;0;2;2;1;1;
202300018632;155647550;A01;2;10;0;1;1;1;1;
202300018633;155647546;A01;3;7;0;2;1;1;1;
202300018633;155647549;B01;3;7;0;2;4;1;1;
202300018634;155647547;A01;2;10;2;0;1;0;1;
202300018635;155647548;A01;1;31;0;1;0;1;1;
202300018636;155647545;A01;3;7;0;1;0;2;1;
202300018637;155647539;A01;2;7;8;0;2;15;1;
202300018638;155647537;A01;3;7;0;2;8;1;1;
202300018638;155647541;B01;3;30;0;2;7;1;1;
202300018639;155647538;A01;1;7;0;2;2;16;2;
202300018639;155647542;B01;1;1;0;2;1;1;5;
202300018640;155647536;A01;1;7;0;2;1;15;1;
202300018640;155647543;B01;2;33;0;2;1;1;1;
202300018641;155647534;A01;1;7;0;2;1;1;1;
202300018641;155647535;C01;1;7;0;2;4;1;1;
202300018641;155647540;D01;1;7;0;2;4;1;1;
202300018641;155647544;B01;1;7;0;2;4;1;1;
202300018642;155647527;A01;1;7;0;2;3;13;1;
202300018642;155647531;B01;2;7;0;2;1;1;1;
202300018643;155647533;A01;3;1;0;0;0;1;5;
202300018644;155647526;C01;1;7;0;2;6;23;1;
202300018644;155647528;A01;1;10;0;2;1;2;1;
202300018644;155647529;D01;1;7;0;2;4;23;1;
202300018644;155647530;B01;1;7;0;2;4;2;1;
202300018645;155647523;B01;1;33;0;2;1;1;1;
202300018645;155647532;A01;2;32;0;2;8;15;1;
202300018646;155647524;A01;1;7;0;0;0;1;1;
202300018647;155647521;A01;2;7;0;2;3;1;2;
202300018647;155647525;B01;1;7;0;2;3;1;1;
202300018648;155647522;A01;2;30;1;0;3;13;3;
202300018649;155647515;A01;3;33;0;1;1;21;1;
202300018650;155647517;A01;2;7;0;1;3;18;1;
202300018651;155647516;B01;0;33;0;2;1;1;1;
202300018651;155647520;A01;0;30;0;2;7;1;1;
202300018652;155647512;A01;3;7;0;2;5;15;2;
202300018652;155647518;B01;3;7;0;2;3;1;1;
202300018653;155647506;A01;1;10;0;2;1;2;1;
202300018653;155647508;B01;1;10;0;2;6;0;1;
202300018654;155647504;A01;2;7;17;0;2;1;1;
202300018655;155647503;A01;2;7;0;2;3;15;1;
202300018655;155647505;B01;2;33;0;2;2;17;1;
202300018656;155647507;A01;2;7;0;2;3;8;1;
202300018656;155647511;B01;0;60;0;2;8;19;5;
202300018657;155647501;A01;1;7;0;1;1;1;1;
202300018658;155647500;A01;1;7;0;2;1;1;1;
202300018658;155647502;B01;1;7;0;2;4;23;1;
202300018659;155647496;B01;1;15;0;2;3;1;1;
202300018659;155647497;A01;2;7;0;2;3;13;1;
202300018660;155647498;A01;1;7;0;2;3;13;0;
202300018660;155647499;B01;2;7;10;2;8;1;0;
202300018661;155647495;A01;3;7;1;1;1;20;1;
202300018662;155647492;A01;3;7;0;2;2;1;1;
202300018662;155647494;B01;3;60;0;2;1;19;5;
202300018663;155647493;A01;2;7;0;1;1;1;1;
202300018664;155647490;A01;2;7;0;2;6;15;1;
202300018664;155647491;B01;2;43;0;2;2;3;1;
202300018665;155647488;B01;1;7;0;2;4;1;1;
202300018665;155647489;A01;1;7;0;2;1;1;1;