Num_Acc;id_vehicule;num_veh;senc;catv;obs;obsm;choc;manv;motor;occutc
202300018666;155647487;A01;1;7;6;0;1;1;2;
202300018667;155647483;A01;2;7;12;0;4;2;1;
202300018667;155647485;B01;2;7;0;2;2;2;1;
202300018668;155647484;B01;3;43;0;2;5;1;1;
202300018668;155647486;A01;3;7;1;0;2;1;1;
202300018669;155647481;A01;1;7;0;1;2;1;1;
202300018670;155647479;A01;1;7;0;1;2;15;1;
202300018671;155647480;A01;2;7;0;2;5;17;1;
202300018671;155647482;B01;2;37;0;2;2;1;1;1.0
202300018672;155647476;A01;2;7;0;2;1;2;1;
202300018672;155647478;B01;2;2;0;2;4;15;1;
202300018673;155647477;A01;3;33;2;0;1;1;1;
202300018674;155647474;B01;1;2;0;2;0;1;1;
202300018674;155647475;A01;2;7;0;2;0;15;1;
202300018675;155647472;A01;3;7;8;0;1;13;1;
202300018676;155647471;A01;1;10;13;0;1;1;1;
202300018677;155647470;A01;2;7;0;2;4;20;1;
202300018677;155647473;B01;2;2;0;2;1;1;1;
202300018678;155647465;A01;3;7;0;2;1;14;1;
202300018678;155647469;B01;3;7;0;2;3;23;1;
202300018679;155647466;B01;2;7;0;2;1;1;1;
202300018679;155647468;A01;2;7;0;0;6;0;1;
202300018680;155647467;A01;1;7;0;0;1;1;1;
202300018681;155647462;A01;2;1;0;0;0;0;5;
202300018682;155647461;B01;2;7;0;2;1;5;0;
202300018682;155647463;A01;2;33;13;2;1;1;1;
202300018683;155647460;B01;2;33;0;2;4;9;0;
202300018683;155647464;A01;2;7;0;2;3;9;0;
202300018684;155647459;A01;1;7;13;0;1;19;1;
202300018685;155647456;A01;2;7;1;0;1;2;1;
202300018685;155647458;B01;2;15;0;0;4;23;1;
202300018686;155647457;A01;0;7;0;1;1;1;1;
202300018687;155647455;Z01;2;7;0;1;1;1;1;
202300018688;155647453;A01;1;7;13;0;8;19;6;
202300018689;155647454;A01;2;50;0;1;1;1;3;
202300018690;155647452;A01;3;7;0;1;1;1;1;
202300018691;155647447;C01;1;10;0;2;1;2;1;
202300018691;155647449;A01;1;7;0;2;4;1;1;
202300018691;155647451;B01;1;7;0;2;1;2;1;
202300018692;155647448;A01;3;10;0;2;3;15;1;
202300018692;155647450;B01;3;37;0;2;2;1;1;1.0
202300018693;155647446;A01;2;7;0;0;9;1;1;
202300018694;155647443;A01;1;7;0;1;2;1;6;
202300018695;155647442;A01;2;10;0;2;4;2;1;
202300018695;155647445;B01;2;33;0;2;1;2;1;
202300018696;155647441;A01;1;50;0;2;1;1;3;
202300018696;155647444;B01;2;7;0;2;5;15;2;
202300018697;155647438;A01;3;7;0;1;1;1;1;
202300018698;155647434;A01;1;7;0;2;7;9;1;
202300018698;155647436;B01;1;1;0;2;3;1;5;
202300018699;155647432;F01;2;7;0;2;7;23;1;
202300018699;155647433;E01;2;7;0;2;6;23;1;
202300018699;155647435;D01;2;7;0;2;5;23;1;
202300018699;155647437;C01;2;15;0;2;3;23;1;
202300018699;155647439;B01;2;7;0;2;5;23;1;
202300018699;155647440;A01;2;10;0;2;3;21;1;
202300018700;155647427;B01;2;10;0;2;2;0;1;
202300018700;155647429;A01;2;33;0;2;2;1;1;
202300018701;155647426;A01;1;30;0;2;1;15;1;
202300018701;155647428;B01;1;7;0;2;6;1;1;
202300018702;155647430;B01;2;10;0;2;5;15;1;
202300018702;155647431;A01;1;41;0;2;2;1;1;
202300018703;155647425;A01;1;7;1;0;3;13;1;
202300018704;155647422;B01;2;1;0;2;7;1;5;
202300018704;155647424;A01;3;7;0;2;3;9;1;
202300018705;155647418;B01;3;1;0;2;4;1;5;
202300018705;155647420;C01;3;7;0;2;4;2;1;
202300018705;155647423;A01;3;7;0;9;0;0;1;
202300018706;155647419;B01;2;7;4;2;4;2;1;
202300018706;155647421;A01;2;7;0;2;1;2;1;
202300018707;155647416;A01;3;7;0;2;2;19;1;
202300018707;155647417;B01;3;1;0;9;3;19;5;
202300018708;155647414;B01;2;7;0;2;4;2;1;
202300018708;155647415;Z01;2;7;0;2;1;26;0;
202300018709;155647412;A01;2;7;12;1;1;1;1;
202300018710;155647407;B01;1;7;0;2;4;2;1;
202300018710;155647410;A01;1;10;0;2;1;2;1;
202300018710;155647411;D01;1;7;0;2;4;2;1;
202300018710;155647413;C01;1;10;0;2;4;2;1;
202300018711;155647406;A01;1;1;0;2;8;13;5;
202300018711;155647409;B01;1;7;0;2;7;17;1;
202300018712;155647405;A01;2;32;0;2;1;18;1;
202300018712;155647408;B01;1;7;0;2;2;15;1;
202300018713;155647404;A01;2;36;0;0;0;1;1;
202300018714;155647403;A01;1;7;2;0;1;0;1;
202300018715;155647400;A01;2;7;0;2;5;13;1;
202300018715;155647402;B01;2;33;0;2;1;3;1;
202300018716;155647401;A01;3;10;0;1;7;4;1;
202300018717;155647392;G01;2;7;0;2;2;1;1;
202300018717;155647393;E01;2;7;0;2;1;2;1;
202300018717;155647394;D01;2;7;0;2;4;2;1;
202300018717;155647396;C01;2;7;0;2;2;1;1;
202300018717;155647397;B01;2;15;0;2;3;1;1;
202300018717;155647398;F01;2;7;0;2;2;1;1;
202300018717;155647399;A01;2;7;0;2;1;2;1;
202300018718;155647391;B01;2;7;0;2;1;1;0;
202300018718;155647395;A01;2;7;0;2;1;16;0;
202300018719;155647388;B01;2;32;0;2;1;1;1;
202300018719;155647389;A01;2;7;0;2;5;12;1;
202300018720;155647390;A01;2;10;2;0;1;0;0;
202300018721;155647386;A01;2;1;0;2;1;21;5;
202300018721;155647387;B01;2;7;0;2;6;23;1;
202300018722;155647384;B01;1;13;0;2;4;2;1;
202300018722;155647385;A01;1;7;0;2;1;2;1;
202300018723;155647381;B01;2;33;0;2;4;2;1;
202300018723;155647382;A01;2;7;0;2;1;1;1;
202300018724;155647380;B01;1;31;0;2;1;2;1;
202300018724;155647383;A01;1;20;0;2;3;15;1;
202300018725;155647378;A01;2;7;4;0;4;2;1;
202300018726;155647376;A01;1;7;0;2;8;1;1;
202300018726;155647379;B01;1;30;0;2;1;1;1;
202300018727;155647374;B01;2;17;0;2;4;0;1;
202300018727;155647377;A01;2;37;0;2;1;2;3;1.0
202300018728;155647373;B01;1;1;0;2;0;21;5;
202300018728;155647375;A01;1;7;0;2;0;20;1;
202300018729;155647369;B01;1;7;0;2;4;1;1;
202300018729;155647371;A01;1;7;0;2;1;2;1;
202300018730;155647370;A01;1;50;0;2;1;2;3;
202300018730;155647372;B01;1;7;0;2;6;1;2;
202300018731;155647368;A01;1;1;0;1;0;1;5;
202300018732;155647365;A01;2;7;0;2;3;11;1;
202300018732;155647366;B01;2;7;0;2;7;1;1;
202300018732;155647367;C01;2;7;0;2;5;1;1;
202300018733;155647361;B01;2;7;0;2;1;1;1;
202300018733;155647363;A01;2;7;0;0;4;1;1;
202300018734;155647362;A01;1;7;0;1;1;26;1;
202300018735;155647360;A01;2;7;0;2;5;1;1;
202300018735;155647364;B01;1;7;0;2;2;9;1;
202300018736;155647358;A01;1;10;0;2;4;2;1;
202300018736;155647359;B01;1;7;0;2;4;23;1;
202300018737;155647354;A01;1;7;0;2;4;23;0;
202300018737;155647356;B01;1;7;0;2;1;2;0;
202300018738;155647353;B01;2;13;0;2;1;1;1;
202300018738;155647355;A01;2;7;0;2;4;9;3;
202300018739;155647350;B01;0;7;0;2;6;1;1;
202300018739;155647352;C01;0;7;0;2;4;1;1;
202300018739;155647357;A01;0;10;0;2;2;9;1;
202300018740;155647348;A01;2;7;0;2;1;2;1;
202300018740;155647349;B01;2;7;0;2;9;2;1;
202300018740;155647351;C01;2;7;0;2;4;2;1;
202300018741;155647345;A01;2;33;0;0;7;1;1;
202300018742;155647344;A01;2;7;0;1;3;15;1;
202300018743;155647341;A01;2;7;0;2;8;14;1;
202300018743;155647342;B01;2;1;14;2;1;16;5;
202300018744;155647340;A01;2;7;0;1;2;15;0;
202300018745;155647338;B01;2;2;0;2;0;0;0;
202300018745;155647339;A01;1;7;0;2;3;1;1;
202300018746;155647337;A01;1;7;0;2;1;2;1;
202300018746;155647343;B01;1;80;0;2;4;15;3;
202300018747;155647336;A01;2;7;0;1;7;15;0;
202300018748;155647333;A01;1;10;0;2;1;2;1;
202300018748;155647334;B01;1;10;0;2;4;2;1;
202300018748;155647335;C01;1;10;0;2;6;23;1;
202300018749;155647329;A01;3;10;0;1;3;15;1;
202300018750;155647330;A01;3;10;0;2;7;16;1;
202300018750;155647332;B01;3;1;0;2;8;1;5;
202300018751;155647325;A01;3;7;0;2;1;5;1;
202300018751;155647327;B01;3;50;0;2;8;19;3;
202300018752;155647323;B01;3;7;0;2;6;16;1;
202300018752;155647326;A01;3;1;0;2;1;0;5;
202300018753;155647321;A01;1;10;0;2;2;2;1;
202300018753;155647322;B01;1;7;0;0;6;23;3;
202300018754;155647319;A01;1;7;3;0;7;1;1;
202300018755;155647320;B01;1;7;0;2;3;2;0;
202300018755;155647324;A01;1;7;0;2;2;15;0;
202300018756;155647317;A01;1;7;0;2;1;1;1;
202300018756;155647318;B01;2;7;0;2;2;15;1;
202300018757;155647314;A01;1;50;0;0;1;1;3;
202300018758;155647316;A01;1;7;0;1;1;19;1;
202300018759;155647313;B01;3;33;3;2;1;1;1;
202300018759;155647315;A01;3;10;0;2;1;10;1;
202300018760;155647312;A01;3;10;0;2;1;1;0;
202300018761;155647310;B01;0;2;0;2;4;1;1;
202300018761;155647311;A01;0;7;0;2;2;2;1;
202300018762;155647308;A01;3;7;8;0;6;0;0;
202300018763;155647307;B01;1;2;0;2;1;1;1;
202300018763;155647309;A01;2;7;0;2;3;15;1;
202300018764;155647306;A01;2;7;0;1;2;1;1;
202300018765;155647303;B01;2;7;0;2;4;16;1;
202300018765;155647305;A01;2;7;0;2;1;0;0;
202300018766;155647301;A01;0;30;0;2;7;26;1;
202300018766;155647304;B01;0;7;0;2;8;15;1;
202300018767;155647299;A01;1;7;0;2;1;1;1;
202300018767;155647302;B01;1;7;0;2;1;1;1;
202300018768;155647298;A01;1;7;0;2;3;15;1;
202300018768;155647300;B01;1;31;0;2;2;1;1;
202300018769;155647297;A01;1;7;0;2;9;1;1;
202300018770;155647296;A01;1;7;0;1;3;1;1;
202300018771;155647292;A01;1;7;0;1;3;1;1;
202300018772;155647291;A01;1;7;0;2;1;15;1;
202300018772;155647293;B01;2;7;0;2;3;1;1;
202300018773;155647294;B01;1;38;0;2;1;1;1;1.0
202300018773;155647295;A01;1;7;0;2;1;1;1;
202300018774;155647290;Z01;1;7;0;1;1;1;0;
202300018775;155647288;B01;2;7;0;2;4;23;1;
202300018775;155647289;A01;2;7;0;2;1;2;1;
202300018776;155647286;Z01;1;10;0;1;1;0;0;
202300018777;155647285;A01;1;7;0;2;1;9;1;
202300018777;155647287;B01;2;2;0;2;1;1;1;
202300018778;155647281;B01;1;7;0;2;4;0;1;
202300018778;155647282;A01;1;7;0;2;1;26;1;
202300018779;155647280;A01;1;33;11;0;1;17;1;
202300018780;155647283;A01;1;7;0;2;8;11;1;
202300018780;155647284;B01;1;30;0;2;2;17;1;
202300018781;155647276;A01;1;7;0;2;3;15;1;
202300018781;155647279;B01;2;33;0;2;7;1;1;
202300018782;155647275;A01;1;7;0;9;3;13;1;
202300018782;155647277;B01;2;31;0;0;8;1;1;
202300018783;155647273;A01;1;7;13;0;7;14;1;
202300018784;155647272;A01;1;7;9;0;2;1;1;
202300018785;155647270;A01;1;7;0;2;0;17;0;
202300018785;155647271;B01;1;2;0;2;3;1;3;
202300018786;155647268;A01;1;10;0;2;1;15;1;
202300018786;155647269;B01;1;2;0;2;7;15;3;
202300018787;155647265;B01;0;7;0;2;7;1;1;
202300018787;155647266;A01;0;50;0;2;7;19;3;
202300018788;155647262;A01;1;7;0;2;7;17;1;
202300018788;155647264;B01;1;1;0;2;8;2;5;
202300018789;155647260;A01;1;1;0;2;8;5;5;
202300018789;155647261;B01;1;1;0;2;0;1;5;
202300018790;155647255;A01;3;7;0;2;1;1;1;
202300018790;155647258;B01;3;50;0;2;4;1;3;
202300018791;155647253;A01;1;7;0;2;1;2;1;
202300018791;155647257;B01;1;7;0;2;4;2;1;
202300018791;155647259;C01;1;7;0;2;4;2;1;
202300018792;155647251;A01;2;7;15;0;3;10;1;
202300018793;155647249;B01;2;7;0;2;3;0;1;
202300018793;155647250;A01;2;14;0;2;2;12;1;
202300018793;155647252;C01;2;7;0;2;1;1;1;
202300018794;155647246;A01;1;33;0;0;8;1;1;
202300018795;155647248;A01;3;7;8;0;1;14;0;
202300018796;155647243;B01;1;7;3;2;6;15;1;
202300018796;155647245;C01;2;7;0;2;1;1;1;
202300018796;155647247;A01;1;10;0;2;2;17;1;
202300018797;155647240;D01;1;7;0;2;1;1;1;
202300018797;155647241;C01;1;7;0;2;5;1;1;
202300018797;155647242;B01;1;7;0;2;6;1;1;
202300018797;155647244;A01;2;7;0;2;1;5;1;
202300018798;155647238;A01;2;7;0;1;1;9;1;
202300018799;155647237;A01;0;32;0;0;0;0;1;
202300018800;155647236;A01;1;7;0;2;1;1;1;
202300018800;155647239;B01;3;7;0;2;8;1;1;
202300018801;155647234;Z01;3;33;13;0;0;0;1;
202300018802;155647233;A01;1;7;1;0;3;13;1;
202300018803;155647230;A01;2;7;2;2;3;13;1;
202300018803;155647231;B01;1;7;0;2;3;1;1;
202300018804;155647227;A01;2;7;0;2;8;9;1;
202300018804;155647229;B01;2;33;0;2;1;1;1;
202300018805;155647228;A01;3;7;0;2;1;2;1;
202300018805;155647232;B01;3;7;0;2;1;26;1;
202300018805;155647235;C01;3;7;0;0;4;2;2;
202300018806;155647225;B01;1;7;0;2;8;1;1;
202300018806;155647226;A01;2;7;0;2;1;15;1;
202300018807;155647222;A01;3;10;0;2;1;9;1;
202300018807;155647224;B01;0;33;0;2;1;1;1;
202300018808;155647220;A01;2;3;0;2;1;1;1;
202300018808;155647221;B01;1;7;0;2;1;1;1;
202300018809;155647215;B01;3;0;0;2;0;0;0;
202300018809;155647218;A01;3;7;0;2;4;16;0;
202300018810;155647219;B01;1;10;0;2;7;2;4;
202300018810;155647223;A01;1;10;0;2;9;2;1;
202300018811;155647216;B01;1;7;0;2;4;2;1;
202300018811;155647217;A01;2;7;0;2;1;2;1;
202300018812;155647210;A01;3;7;0;2;1;26;1;
202300018812;155647213;B01;2;7;0;2;7;2;1;
202300018813;155647212;A01;3;30;12;0;0;21;1;
202300018813;155647214;Z01;3;7;0;2;0;0;0;
202300018814;155647207;A01;3;7;0;1;2;16;1;
202300018815;155647209;A01;1;7;0;2;2;17;1;
202300018815;155647211;B01;1;30;0;2;3;15;1;
202300018816;155647206;B01;0;1;0;0;4;2;5;
202300018816;155647208;A01;0;7;0;0;2;2;1;
202300018817;155647205;A01;1;7;8;0;2;1;0;
202300018818;155647203;Z01;2;13;0;1;7;1;0;
202300018819;155647202;B01;3;14;0;2;1;1;0;
202300018819;155647204;A01;3;7;0;2;8;26;1;
202300018820;155647198;A01;1;7;14;0;1;1;1;
202300018820;155647200;B01;1;7;0;0;0;0;1;
202300018820;155647201;C01;1;7;0;2;4;1;1;
202300018821;155647197;A01;1;7;0;0;3;13;1;
202300018822;155647194;A01;3;31;1;0;1;1;1;
202300018822;155647195;B01;3;7;0;2;4;23;1;
202300018823;155647196;B01;0;33;0;2;1;1;1;
202300018823;155647199;A01;0;7;0;2;7;15;1;
202300018824;155647192;A01;1;7;0;1;3;15;1;
202300018825;155647191;A01;1;7;0;2;3;15;1;
202300018825;155647193;B01;2;7;0;2;3;1;1;
202300018826;155647188;A01;2;7;0;2;8;22;1;
202300018826;155647189;B01;2;1;1;0;1;1;5;
202300018827;155647186;A01;1;33;0;2;9;0;1;
202300018827;155647190;B01;2;7;0;2;6;1;1;
202300018828;155647187;A01;3;7;0;1;2;15;1;
202300018829;155647184;B01;2;7;0;2;2;1;1;
202300018829;155647185;A01;2;33;0;2;3;11;1;
202300018830;155647183;A01;1;7;8;0;1;1;1;
202300018831;155647180;A01;1;33;0;2;1;2;1;
202300018831;155647181;B01;1;7;0;2;4;2;1;
202300018832;155647179;A01;1;33;0;5;1;1;1;
202300018833;155647177;A01;1;10;0;2;5;11;6;
202300018833;155647182;B01;1;50;0;2;1;13;3;
202300018834;155647178;A01;2;33;0;0;0;14;1;
202300018835;155647176;A01;2;7;0;1;1;1;1;
202300018836;155647174;Z01;1;32;0;2;1;1;0;
202300018836;155647175;A01;1;80;0;2;7;15;3;
202300018837;155647171;B01;1;10;0;2;5;1;1;
202300018837;155647173;A01;1;33;0;2;3;3;1;
202300018838;155647169;A01;1;7;0;2;1;1;6;
202300018838;155647172;B01;2;14;0;2;3;23;1;
202300018839;155647168;B01;3;50;0;2;1;5;3;
202300018839;155647170;A01;3;7;0;9;2;1;1;
202300018840;155647166;Z01;3;32;0;1;1;25;1;
202300018841;155647165;A01;1;7;0;2;1;2;1;
202300018841;155647167;B01;1;7;0;2;4;2;1;
202300018842;155647162;A01;1;7;9;1;1;1;1;
202300018843;155647164;A01;2;30;0;0;0;1;3;
202300018844;155647160;Z01;2;50;0;2;0;2;3;
202300018844;155647161;A01;2;50;0;2;4;2;3;
202300018845;155647157;A01;3;7;0;2;5;16;1;
202300018845;155647159;B01;3;50;0;2;1;1;3;
202300018846;155647158;B01;1;38;0;2;0;0;0;1.0
202300018846;155647163;A01;2;7;0;1;0;0;0;
202300018847;155647156;A01;1;30;0;0;7;21;3;
202300018848;155647151;A01;2;7;0;2;4;1;1;
202300018848;155647154;Z01;2;15;0;2;1;1;0;
202300018849;155647153;A01;1;43;0;2;1;1;1;
202300018849;155647155;B01;2;7;0;2;1;1;2;
202300018850;155647150;A01;3;14;0;2;1;2;1;
202300018850;155647152;B01;3;7;0;2;4;23;1;
202300018851;155647147;A01;1;50;0;1;1;1;3;
202300018852;155647145;B01;2;32;0;2;1;1;1;
202300018852;155647149;A01;2;7;0;2;3;15;1;
202300018853;155647144;A01;1;7;0;2;1;3;1;
202300018853;155647146;B01;1;10;0;2;4;23;1;
202300018853;155647148;C01;1;7;0;2;3;24;1;
202300018854;155647140;A01;3;7;0;2;9;2;2;
202300018854;155647142;C01;3;7;0;2;9;2;1;
202300018854;155647143;B01;3;7;0;2;4;2;1;
202300018855;155647139;A01;2;50;0;2;8;1;3;
202300018855;155647141;Z01;1;7;0;2;1;16;1;
202300018856;155647135;A01;3;10;0;2;6;15;1;
202300018856;155647138;B01;0;33;0;2;1;1;1;
202300018857;155647134;A01;2;7;0;2;2;15;1;
202300018857;155647137;B01;1;32;0;2;2;1;0;
202300018858;155647133;A01;3;7;0;2;3;22;3;
202300018858;155647136;B01;3;80;0;2;1;1;3;
202300018859;155647131;A01;2;7;0;2;1;2;1;
202300018859;155647132;B01;2;60;0;2;7;1;5;
202300018860;155647127;A01;2;32;0;0;8;1;3;
202300018861;155647129;A01;2;7;0;1;1;15;1;
202300018862;155647128;A01;1;33;0;2;4;18;1;
202300018862;155647130;B01;1;50;0;2;4;14;3;
202300018863;155647126;A01;3;31;0;0;0;21;1;
202300018864;155647124;Y01;3;1;0;9;0;23;5;
202300018865;155647123;A01;3;33;0;2;1;5;1;
202300018865;155647125;B01;3;7;0;2;1;1;1;
202300018866;155647120;A01;2;80;0;2;8;19;3;
202300018866;155647122;Z01;2;41;0;2;1;1;0;
202300018867;155647119;A01;2;50;0;2;1;5;3;
202300018867;155647121;B01;1;7;0;9;2;16;1;
202300018868;155647117;A01;1;32;0;2;7;1;1;
202300018868;155647118;B01;1;7;0;2;8;23;1;
202300018869;155647115;A01;2;37;0;1;2;1;1;1.0
202300018870;155647116;A01;1;7;9;1;2;1;1;
202300018871;155647111;A01;2;37;0;2;2;17;1;1.0
202300018871;155647114;B01;2;7;0;2;6;23;2;
202300018872;155647110;A01;1;80;0;2;2;1;3;
202300018872;155647113;Z01;1;7;0;2;8;22;0;
202300018873;155647109;B01;1;50;1;0;8;11;3;
202300018873;155647112;A01;1;7;1;0;5;1;1;
202300018874;155647104;B01;1;7;0;2;7;17;1;
202300018874;155647107;A01;1;1;14;0;8;21;5;
202300018875;155647106;A01;2;1;0;1;2;1;5;
202300018876;155647105;A01;3;80;8;2;8;19;3;
202300018876;155647108;B01;3;33;0;2;1;1;1;
202300018877;155647102;A01;3;7;0;1;3;7;2;
202300018878;155647101;A01;2;7;0;2;8;1;1;
202300018878;155647103;B01;1;30;0;2;1;1;1;
202300018879;155647100;A01;1;37;0;0;0;20;3;2.0
202300018880;155647097;A01;2;7;0;1;2;1;1;
202300018881;155647096;A01;0;7;0;2;8;1;0;
202300018881;155647099;B01;0;30;0;2;7;1;0;
202300018882;155647095;A01;2;1;0;2;2;19;5;
202300018882;155647098;B01;1;31;0;2;3;1;1;
202300018883;155647094;A01;2;7;0;1;1;1;0;
202300018884;155647090;A01;1;7;0;2;1;15;1;
202300018884;155647093;B01;1;1;0;2;1;1;5;
202300018885;155647088;A01;3;10;0;2;1;2;1;
202300018885;155647091;B01;3;14;0;0;4;23;1;
202300018886;155647089;Z01;2;7;0;2;3;11;1;
202300018886;155647092;A01;2;43;0;2;7;1;1;
202300018887;155647087;A01;3;60;0;0;0;2;5;
202300018888;155647084;B01;1;14;0;2;8;2;1;
202300018888;155647085;A01;1;33;0;2;7;13;1;
202300018889;155647083;A01;1;10;0;2;6;15;1;
202300018889;155647086;B01;2;33;0;2;1;1;1;
202300018890;155647081;A01;3;10;0;1;1;19;1;
202300018891;155647080;A01;3;33;0;2;7;17;1;
202300018891;155647082;B01;3;7;0;2;3;0;1;
202300018892;155647078;A01;1;7;0;1;1;15;1;
202300018893;155647076;A01;1;33;1;1;1;1;1;
202300018894;155647077;B01;2;7;0;2;2;15;1;
202300018894;155647079;A01;3;31;0;2;3;1;1;
202300018895;155647074;A01;1;7;8;0;1;1;1;
202300018896;155647071;A01;2;7;0;2;1;15;3;
202300018896;155647072;B01;1;60;0;2;0;0;5;
202300018897;155647073;A01;1;10;0;2;1;2;1;
202300018897;155647075;B01;1;7;0;2;4;1;1;
202300018898;155647067;A01;1;7;0;2;4;23;1;
202300018898;155647069;B01;1;7;0;2;1;1;1;
202300018899;155647068;B01;1;7;0;2;1;0;0;
202300018899;155647070;A01;1;43;0;2;4;23;1;
202300018900;155647065;B01;1;50;0;2;1;1;3;
202300018900;155647066;A01;1;7;0;9;2;1;1;
202300018901;155647062;A01;1;10;0;2;7;15;1;
202300018901;155647063;B01;1;31;0;2;1;1;1;
202300018902;155647060;A01;2;43;0;2;7;1;1;
202300018902;155647061;B01;1;7;0;2;3;15;1;
202300018903;155647058;A01;1;7;0;1;3;9;1;
202300018904;155647057;A01;1;60;0;0;0;0;5;
202300018905;155647059;B01;3;31;0;2;8;1;1;
202300018905;155647064;A01;3;7;0;2;7;16;1;
202300018906;155647055;B01;1;50;1;9;1;2;3;
202300018906;155647056;A01;1;7;0;2;2;22;1;
202300018907;155647050;A01;1;7;0;2;1;2;0;
202300018907;155647052;B01;1;2;0;0;4;2;0;
202300018908;155647051;A01;2;7;0;0;4;23;1;
202300018908;155647053;B01;2;7;0;2;4;23;1;
202300018908;155647054;C01;2;10;0;2;1;1;1;
202300018909;155647048;A01;2;31;0;2;2;2;1;
202300018909;155647049;B01;2;7;0;2;6;13;1;
202300018910;155647047;A01;3;2;12;0;1;2;1;
202300018911;155647043;A01;1;7;0;0;0;1;1;
202300018912;155647042;A01;0;1;0;2;4;0;5;
202300018912;155647044;B01;0;7;0;2;1;0;0;
202300018913;155647040;A01;2;7;0;2;1;13;1;
202300018913;155647041;B01;1;7;0;2;3;1;1;
202300018914;155647038;A01;2;7;13;0;1;1;1;
202300018915;155647039;A01;2;33;0;1;0;1;1;
202300018916;155647036;A01;2;7;0;2;3;1;1;
202300018916;155647037;B01;1;7;0;2;3;1;1;
202300018917;155647034;B01;2;50;0;2;1;5;3;
202300018917;155647035;A01;1;32;0;2;0;9;1;
202300018918;155647032;B01;1;14;0;2;3;0;1;
202300018918;155647033;A01;2;7;0;2;3;0;1;
202300018919;155647028;A01;1;7;0;0;1;15;1;
202300018919;155647030;B01;2;2;0;2;1;17;1;
202300018920;155647029;A01;0;30;0;2;8;1;1;
202300018920;155647031;B01;1;7;0;2;0;12;1;
202300018921;155647027;A01;1;7;7;0;1;15;1;
202300018922;155647025;A01;1;7;0;2;4;2;1;
202300018922;155647026;B01;1;10;0;2;8;1;1;
202300018923;155647021;A01;2;33;0;2;1;2;1;
202300018923;155647022;B01;2;7;0;0;6;2;1;
202300018924;155647023;A01;1;7;0;2;1;1;1;
202300018924;155647024;B01;1;37;0;2;6;1;1;1.0
202300018925;155647019;B01;2;14;0;2;1;1;1;
202300018925;155647020;A01;2;7;4;0;9;13;1;
202300018926;155647014;A01;2;2;0;2;8;13;1;
202300018926;155647015;B01;1;7;0;2;8;1;1;
202300018926;155647017;C01;1;7;0;2;8;1;1;
202300018927;155647013;A01;3;1;0;2;0;13;5;
202300018928;155647012;A01;0;7;2;0;1;14;0;
202300018929;155647011;A01;1;7;0;1;1;1;1;
202300018930;155647007;A01;1;32;14;0;8;1;1;
202300018931;155647006;A01;0;33;0;0;0;1;0;
202300018932;155647004;A01;1;7;13;0;0;0;1;
202300018933;155647002;A01;2;7;0;2;1;2;1;
202300018933;155647003;B01;2;7;0;2;4;23;1;
202300018933;155647005;C01;2;7;0;0;4;23;1;
202300018934;155647001;A01;1;7;0;9;5;1;1;
202300018935;155646998;B01;1;7;0;2;2;19;1;
202300018935;155647000;A01;2;33;0;2;8;15;1;
202300018936;155646999;A01;2;36;0;0;0;0;1;
202300018937;155646996;B01;3;1;0;2;8;19;5;
202300018937;155646997;A01;1;17;0;2;2;21;1;
202300018938;155646993;A01;2;7;0;2;3;9;1;
202300018938;155646995;B01;1;2;0;0;7;1;1;
202300018939;155646991;A01;1;7;0;2;3;3;1;
202300018939;155646992;B01;2;13;0;2;3;1;1;
202300018940;155646994;A01;2;7;0;0;0;1;1;
202300018941;155646989;A01;1;7;0;2;1;2;1;
202300018941;155646990;B01;1;7;0;2;4;2;1;
202300018942;155646987;A01;1;7;8;0;5;2;1;
202300018943;155646988;A01;1;7;6;0;0;0;1;
202300018944;155646986;A01;2;7;13;0;2;21;1;
202300018945;155646985;A01;1;7;2;0;1;1;1;
202300018946;155646982;B01;2;7;0;2;6;1;1;
202300018946;155646984;A01;2;7;0;2;2;17;1;
202300018947;155646981;A01;2;7;0;2;0;0;1;
202300018947;155646983;B01;2;7;3;2;0;1;1;
202300018948;155646978;A01;1;10;0;2;6;4;1;
202300018948;155646980;B01;2;33;0;2;2;13;1;
202300018949;155646977;A01;1;7;8;2;2;19;1;
202300018949;155646979;B01;1;20;0;2;3;1;1;
202300018950;155646975;A01;1;7;0;2;3;1;1;
202300018950;155646976;B01;2;7;0;2;3;1;1;
202300018951;155646974;A01;1;7;0;1;1;1;1;
202300018952;155646973;A01;3;7;0;0;7;1;1;
202300018953;155646971;A01;3;1;0;0;0;1;5;
202300018953;155646972;B01;3;1;0;2;0;1;5;
202300018954;155646970;A01;3;7;0;1;2;15;1;
202300018955;155646969;A01;1;7;2;0;2;1;1;
202300018956;155646968;A01;1;7;0;1;2;1;1;
202300018957;155646966;A01;1;7;0;2;3;10;1;
202300018957;155646967;B01;2;33;0;2;1;1;1;
202300018958;155646964;A01;1;10;8;0;8;13;1;
202300018959;155646962;A01;2;2;0;2;3;11;1;
202300018959;155646965;B01;2;7;0;2;7;17;1;
202300018960;155646961;A01;1;7;0;2;1;1;1;
202300018960;155646963;B01;2;7;0;2;1;1;1;
202300018961;155646960;A01;1;7;13;0;1;1;1;
202300018962;155646959;A01;1;33;0;0;0;1;1;
202300018963;155646957;A01;2;10;0;6;1;11;1;
202300018964;155646958;A01;1;7;3;0;1;2;1;