Num_Acc;id_vehicule;num_veh;senc;catv;obs;obsm;choc;manv;motor;occutc
202300018965;155646956;A01;1;7;2;0;1;1;0;
202300018966;155646952;A01;3;60;0;2;1;0;5;
202300018966;155646954;B01;3;10;0;2;2;0;1;
202300018967;155646950;A01;2;7;3;0;1;1;1;
202300018968;155646949;B01;2;7;0;2;7;0;1;
202300018968;155646951;C01;2;7;0;2;9;1;1;
202300018968;155646953;D01;2;7;14;0;0;1;1;
202300018968;155646955;A01;1;7;0;2;9;5;1;
202300018969;155646948;A01;1;7;6;0;1;21;1;
202300018970;155646944;A01;2;2;0;2;1;1;1;
202300018970;155646947;B01;1;7;0;2;1;15;1;
202300018971;155646942;A01;2;7;0;2;2;1;1;
202300018971;155646945;B01;2;2;0;2;1;1;1;
202300018972;155646941;C01;2;7;14;0;1;1;1;
202300018972;155646943;A01;2;7;4;0;4;23;1;
202300018972;155646946;B01;2;10;14;0;1;1;1;
202300018973;155646940;A01;1;7;0;0;3;1;1;
202300018974;155646939;A01;1;2;12;0;9;6;1;
202300018975;155646938;A01;0;7;2;0;4;1;1;
202300018976;155646936;B01;2;7;0;2;3;1;1;
202300018976;155646937;A01;1;30;0;2;7;1;1;
202300018977;155646934;A01;2;7;0;0;1;11;1;
202300018977;155646935;B01;1;7;0;2;1;23;1;
202300018978;155646930;A01;2;33;0;2;1;17;1;
202300018978;155646933;B01;1;7;0;2;8;1;1;
202300018979;155646929;A01;1;7;13;0;1;14;1;
202300018980;155646928;C01;1;7;0;2;1;26;0;
202300018980;155646931;A01;2;7;0;2;1;6;1;
202300018980;155646932;B01;2;7;0;2;6;2;0;
202300018981;155646922;B01;1;10;0;2;3;17;1;
202300018981;155646926;A01;1;7;0;2;2;2;0;
202300018982;155646924;A01;2;7;0;2;3;1;1;
202300018982;155646927;B01;1;7;0;2;2;9;1;
202300018983;155646921;A01;1;33;8;0;1;21;1;
202300018984;155646923;A01;1;10;1;0;2;2;1;
202300018984;155646925;B01;1;30;0;0;4;23;1;
202300018985;155646919;B01;2;7;0;2;3;1;1;
202300018985;155646920;A01;1;33;0;2;1;17;1;
202300018986;155646917;A01;3;7;0;2;1;13;1;
202300018986;155646918;B01;3;14;0;2;1;1;1;
202300018987;155646916;A01;1;7;3;0;0;1;1;
202300018988;155646912;A01;1;32;0;2;3;1;1;
202300018988;155646914;B01;1;7;0;2;2;9;1;
202300018989;155646910;A01;1;7;0;2;1;1;0;
202300018989;155646913;B01;2;7;0;2;3;1;0;
202300018990;155646911;A01;3;2;0;0;4;15;1;
202300018990;155646915;B01;3;7;0;2;3;9;1;
202300018991;155646906;A01;1;7;0;2;3;15;1;
202300018991;155646908;B01;2;7;0;2;2;21;1;
202300018992;155646904;A01;2;7;0;2;1;1;0;
202300018992;155646905;B01;1;7;0;2;4;26;0;
202300018992;155646907;C01;1;7;0;2;1;1;0;
202300018993;155646899;B01;2;1;0;0;4;2;5;
202300018993;155646900;A01;2;33;0;9;1;0;1;
202300018993;155646902;C01;2;17;14;0;1;1;1;
202300018994;155646901;A01;1;7;0;2;1;1;1;
202300018994;155646903;B01;2;7;0;0;1;1;1;
202300018995;155646898;A01;1;7;16;0;3;1;1;
202300018996;155646897;A01;0;2;0;0;0;1;1;
202300018997;155646896;A01;1;7;0;1;1;1;1;
202300018998;155646893;B01;2;15;0;2;2;12;1;
202300018998;155646894;A01;2;7;0;2;4;1;1;
202300018999;155646890;A01;2;7;0;2;3;17;1;
202300018999;155646892;B01;1;7;0;2;3;21;1;
202300019000;155646889;A01;2;7;4;0;2;1;1;
202300019001;155646888;A01;2;7;13;0;1;14;1;
202300019002;155646884;A01;2;10;12;2;1;1;1;
202300019002;155646887;B01;2;7;12;2;4;1;1;
202300019003;155646882;A01;3;7;0;2;3;13;1;
202300019003;155646885;B01;3;37;0;2;3;1;1;1.0
202300019004;155646883;A01;2;7;0;2;7;9;1;
202300019004;155646886;B01;2;7;0;2;1;1;1;
202300019005;155646880;B01;1;7;0;2;6;2;1;
202300019005;155646881;A01;1;7;0;2;1;1;1;
202300019006;155646876;B01;2;7;0;2;4;2;1;
202300019006;155646878;A01;2;7;0;2;1;2;1;
202300019006;155646879;C01;2;7;4;0;4;1;1;
202300019007;155646873;C01;2;10;0;2;4;2;1;
202300019007;155646874;B01;2;10;4;2;4;2;2;
202300019007;155646877;A01;1;10;0;2;1;1;1;
202300019008;155646872;A01;2;7;0;0;9;1;1;
202300019009;155646875;A01;2;7;0;1;3;15;1;
202300019010;155646870;B01;1;14;0;2;1;1;-1;
202300019010;155646871;A01;1;7;4;0;4;1;1;
202300019011;155646868;B01;2;10;0;2;6;2;1;
202300019011;155646869;A01;2;33;3;2;1;2;1;
202300019012;155646866;A01;1;32;0;2;2;3;1;
202300019012;155646867;B01;1;10;0;2;6;11;1;
202300019013;155646864;B01;1;7;10;0;6;23;1;
202300019013;155646865;A01;1;15;1;0;2;2;1;
202300019014;155646862;A01;3;7;6;0;4;1;1;
202300019015;155646860;A01;1;7;0;2;1;1;1;
202300019015;155646861;C01;1;10;0;2;4;1;1;
202300019015;155646863;B01;1;7;0;2;4;1;2;
202300019016;155646856;A01;1;7;0;2;7;15;1;
202300019016;155646859;B01;2;33;0;2;1;17;1;
202300019017;155646855;B01;2;33;0;2;7;3;1;
202300019017;155646857;A01;2;10;0;2;3;13;1;
202300019018;155646854;A01;3;7;0;2;1;19;1;
202300019018;155646858;B01;3;7;0;2;1;1;1;
202300019019;155646852;A01;2;7;0;2;3;13;1;
202300019019;155646853;B01;1;33;0;2;3;1;1;
202300019020;155646851;A01;0;7;0;1;1;15;1;
202300019021;155646850;A01;2;10;13;0;2;1;1;
202300019022;155646848;A01;3;7;0;1;3;19;1;
202300019023;155646847;A01;2;7;0;0;8;19;1;
202300019023;155646849;B01;1;7;0;0;1;1;1;
202300019024;155646845;A01;0;10;0;1;4;4;1;
202300019025;155646844;B01;2;7;0;2;4;23;1;
202300019025;155646846;A01;2;7;0;2;1;2;1;
202300019026;155646842;A01;1;7;0;2;2;16;0;
202300019026;155646843;B01;2;32;0;2;7;1;0;
202300019027;155646840;B01;2;15;0;2;3;1;1;
202300019027;155646841;A01;1;7;0;2;1;11;1;
202300019028;155646839;A01;1;7;0;2;3;17;1;
202300019029;155646837;A01;2;7;0;2;4;13;1;
202300019029;155646838;B01;1;7;0;2;1;1;1;
202300019030;155646835;B01;1;33;0;2;1;1;1;
202300019030;155646836;A01;1;7;0;2;4;1;1;
202300019031;155646834;A01;1;7;13;0;3;0;1;
202300019032;155646831;A01;2;33;0;2;3;13;1;
202300019032;155646832;B01;1;7;0;2;3;1;1;
202300019033;155646830;B01;1;7;0;2;4;2;1;
202300019033;155646833;A01;1;7;0;2;1;2;1;
202300019034;155646827;A01;1;1;0;0;8;21;5;
202300019035;155646829;A01;0;7;0;1;2;1;1;
202300019036;155646826;A01;1;7;0;2;5;15;1;
202300019036;155646828;B01;2;2;0;2;1;1;1;
202300019037;155646824;A01;1;21;0;2;1;1;1;
202300019037;155646825;B01;2;2;0;2;1;1;1;
202300019038;155646823;A01;1;7;14;1;1;1;1;
202300019039;155646820;A01;1;2;0;2;1;2;1;
202300019039;155646821;B01;1;7;0;0;4;2;1;
202300019040;155646817;A01;1;7;0;2;8;1;1;
202300019040;155646819;B01;1;50;0;2;1;1;3;
202300019041;155646816;A01;1;33;13;0;1;1;1;
202300019042;155646814;A01;3;7;0;2;8;11;1;
202300019042;155646815;B01;-1;7;0;2;7;1;1;
202300019043;155646813;A01;1;7;13;0;9;1;1;
202300019044;155646811;A01;2;2;0;2;3;13;1;
202300019044;155646812;B01;1;10;0;2;8;1;1;
202300019045;155646806;B01;3;7;0;2;3;1;1;
202300019045;155646808;A01;3;10;0;2;1;13;1;
202300019046;155646805;A01;3;7;0;2;1;1;1;
202300019046;155646809;B01;3;7;0;0;8;19;1;
202300019047;155646803;A01;3;10;14;0;1;15;1;
202300019048;155646804;C01;1;7;0;2;3;12;1;
202300019048;155646807;A01;2;7;0;2;7;6;1;
202300019048;155646810;B01;1;7;0;2;1;1;1;
202300019049;155646801;A01;1;33;0;2;2;17;1;
202300019049;155646802;B01;1;13;0;2;6;17;0;
202300019050;155646799;A01;1;2;15;0;4;23;2;
202300019050;155646800;B01;1;10;0;2;1;2;1;
202300019051;155646797;A01;1;33;0;6;1;1;1;
202300019052;155646795;A01;3;7;0;1;0;1;1;
202300019053;155646790;A01;2;1;0;2;8;15;5;
202300019053;155646793;B01;1;7;0;2;1;1;1;
202300019054;155646791;A01;2;7;2;0;1;13;1;
202300019055;155646789;A01;1;7;0;2;1;3;1;
202300019055;155646792;B01;1;7;0;0;6;1;1;
202300019055;155646794;C01;1;7;0;2;5;1;1;
202300019055;155646796;D01;1;7;0;2;5;1;1;
202300019055;155646798;E01;1;7;0;2;7;1;1;
202300019056;155646785;B01;0;7;0;2;8;1;1;
202300019056;155646788;A01;1;7;0;2;1;9;1;
202300019057;155646784;B01;1;33;0;2;1;1;1;
202300019057;155646786;A01;1;7;0;2;5;19;1;
202300019058;155646783;A01;2;33;0;0;8;1;1;
202300019059;155646782;A01;3;2;0;0;8;1;1;
202300019060;155646780;A01;3;10;0;1;1;1;1;
202300019061;155646778;A01;1;7;0;0;3;2;0;
202300019061;155646779;B01;1;1;0;0;2;2;5;
202300019062;155646774;A01;0;7;0;2;1;9;1;
202300019062;155646777;B01;3;2;0;2;8;9;1;
202300019063;155646776;B01;2;7;0;2;4;2;0;
202300019063;155646781;A01;2;7;0;2;1;2;1;
202300019064;155646773;A01;2;7;0;2;8;15;1;
202300019064;155646775;B01;2;43;0;2;1;3;1;
202300019065;155646769;A01;3;7;0;2;3;15;1;
202300019065;155646772;B01;1;33;0;2;1;1;1;
202300019066;155646767;B01;2;7;0;2;1;0;1;
202300019066;155646770;A01;2;7;0;2;4;0;1;
202300019067;155646764;A01;1;7;0;2;1;1;1;
202300019067;155646766;B01;1;32;0;2;4;1;1;
202300019068;155646761;Z01;2;7;0;2;0;11;1;
202300019068;155646762;A01;2;7;0;2;5;1;1;
202300019068;155646765;B01;2;10;0;2;3;1;1;
202300019069;155646759;A01;2;32;0;0;0;17;1;
202300019069;155646760;B01;1;7;0;9;1;15;1;
202300019070;155646756;A01;2;7;0;2;8;1;1;
202300019070;155646757;Z01;2;15;0;0;0;12;0;
202300019071;155646758;A01;1;17;0;1;1;1;1;
202300019071;155646763;B01;1;7;0;1;1;1;1;
202300019071;155646768;C01;1;33;0;1;8;1;1;
202300019071;155646771;D01;1;7;0;1;1;0;1;
202300019072;155646751;B01;1;17;0;2;0;1;1;
202300019072;155646753;A01;1;7;0;2;9;12;1;
202300019073;155646750;A01;3;7;0;1;1;0;2;
202300019074;155646747;B01;2;7;0;0;0;1;1;
202300019074;155646749;A01;2;31;0;0;0;1;1;
202300019075;155646745;B01;1;33;0;2;1;3;1;
202300019075;155646748;A01;2;7;0;2;3;15;1;
202300019076;155646743;A01;2;7;0;2;6;1;1;
202300019076;155646744;C01;1;7;0;2;1;1;1;
202300019076;155646746;B01;2;7;0;2;3;1;1;
202300019077;155646741;A01;1;17;0;2;1;2;1;
202300019077;155646742;B01;1;17;0;2;4;2;1;
202300019078;155646739;A01;0;7;0;1;3;1;2;
202300019079;155646736;A01;1;1;0;0;0;1;5;
202300019080;155646735;A01;1;10;0;2;7;0;1;
202300019080;155646737;B01;1;33;0;2;8;0;1;
202300019080;155646738;C01;1;10;0;2;8;0;1;
202300019081;155646734;A01;2;10;0;2;3;13;1;
202300019081;155646740;B01;1;33;0;2;1;1;1;
202300019082;155646732;A01;1;7;4;0;1;21;1;
202300019083;155646730;B01;1;7;0;2;4;23;1;
202300019083;155646731;A01;1;7;0;2;1;1;1;
202300019083;155646733;C01;1;7;0;2;4;23;2;
202300019084;155646726;A01;1;7;0;1;3;1;1;
202300019085;155646725;C01;2;7;0;2;4;1;1;
202300019085;155646727;A01;2;33;0;2;3;3;1;
202300019085;155646729;B01;2;7;0;2;2;12;2;
202300019086;155646728;A01;3;7;0;1;1;0;1;
202300019087;155646722;B01;1;1;0;2;1;1;5;
202300019087;155646724;A01;1;7;0;9;7;15;1;
202300019088;155646720;A01;2;7;0;2;1;2;1;
202300019088;155646721;B01;2;7;0;2;4;2;1;
202300019088;155646723;C01;2;10;0;2;4;2;1;
202300019089;155646718;B01;1;7;0;2;8;15;1;
202300019089;155646719;A01;1;30;0;2;1;17;1;
202300019090;155646712;A01;1;33;0;2;1;3;1;
202300019090;155646715;C01;1;7;0;2;6;1;1;
202300019090;155646717;B01;1;10;0;2;5;1;1;
202300019091;155646711;A01;2;7;0;2;2;15;1;
202300019091;155646713;B01;1;7;0;2;1;1;1;
202300019092;155646714;A01;1;33;6;2;7;17;1;
202300019092;155646716;B01;1;10;0;2;8;1;1;
202300019093;155646707;A01;1;7;0;2;4;21;1;
202300019093;155646709;B01;1;10;0;2;1;1;3;
202300019093;155646710;C01;1;7;0;2;1;1;1;
202300019094;155646706;Z01;1;7;0;2;1;2;1;
202300019094;155646708;B01;1;7;0;2;4;1;1;
202300019095;155646704;A01;3;31;0;2;2;23;1;
202300019096;155646703;B01;2;32;0;2;1;3;1;
202300019096;155646705;A01;2;7;0;2;8;11;1;
202300019097;155646699;A01;2;2;0;2;4;1;1;
202300019098;155646698;B01;3;7;0;2;3;1;1;
202300019098;155646701;A01;3;10;0;2;3;13;1;
202300019099;155646700;A01;1;33;0;0;4;1;1;
202300019099;155646702;B01;1;7;0;2;1;2;0;
202300019100;155646695;A01;2;7;0;2;2;12;2;
202300019100;155646697;B01;2;7;0;2;6;1;1;
202300019101;155646694;B01;1;7;0;2;3;1;1;
202300019101;155646696;A01;2;7;0;2;1;15;1;
202300019102;155646689;B01;3;50;0;2;4;1;3;
202300019102;155646691;A01;0;7;0;9;3;1;1;
202300019103;155646690;B01;1;7;0;2;7;26;1;
202300019103;155646692;A01;2;7;0;2;1;9;1;
202300019104;155646693;A01;0;7;6;0;1;1;1;
202300019105;155646688;A01;1;1;0;1;1;1;5;
202300019106;155646686;A01;3;31;0;2;1;25;1;
202300019106;155646687;B01;3;7;0;2;2;26;1;
202300019107;155646683;B01;3;37;0;2;3;1;1;1.0
202300019107;155646684;A01;3;7;0;2;1;13;1;
202300019108;155646685;A01;1;33;13;0;8;1;1;
202300019109;155646681;A01;3;7;6;0;1;26;6;
202300019110;155646680;A01;1;31;0;2;3;1;1;
202300019110;155646682;Z01;1;7;0;2;1;15;1;
202300019111;155646677;A01;1;30;0;0;3;15;1;
202300019112;155646676;Z01;2;7;0;2;1;1;0;
202300019112;155646678;B01;2;7;0;2;6;23;1;
202300019113;155646672;B01;1;33;0;0;0;0;0;
202300019113;155646675;A01;1;7;0;2;0;13;0;
202300019114;155646673;A01;1;7;0;2;3;13;1;
202300019114;155646679;B01;2;33;0;2;1;1;1;
202300019115;155646671;B01;2;7;0;0;0;0;1;
202300019115;155646674;A01;1;7;0;0;7;1;1;
202300019116;155646668;A01;1;7;13;0;0;1;1;
202300019117;155646667;A01;1;7;0;2;3;15;1;
202300019117;155646670;B01;2;33;0;2;3;1;1;
202300019118;155646666;B01;2;1;0;2;1;1;5;
202300019118;155646669;A01;1;7;0;2;7;15;1;
202300019119;155646663;A01;1;10;0;1;2;2;1;
202300019120;155646662;A01;1;7;0;2;8;15;1;
202300019120;155646665;B01;1;7;0;2;1;5;1;
202300019121;155646664;A01;3;7;0;1;8;1;1;
202300019122;155646659;A01;1;7;0;2;3;15;1;
202300019122;155646661;B01;1;1;0;2;1;1;5;
202300019123;155646658;B01;3;33;0;2;8;0;1;
202300019123;155646660;A01;3;7;0;2;8;0;1;
202300019124;155646656;A01;3;30;0;0;0;1;1;
202300019125;155646657;A01;0;7;0;1;1;1;1;
202300019126;155646655;A01;2;7;0;0;9;1;1;
202300019127;155646652;B01;3;1;0;2;0;1;5;
202300019127;155646654;A01;3;7;0;2;0;1;0;
202300019128;155646653;A01;3;7;0;1;8;1;3;
202300019129;155646649;A01;3;7;2;0;1;1;1;
202300019130;155646648;A01;1;7;6;0;1;13;1;
202300019131;155646644;A01;2;7;0;2;3;19;1;
202300019131;155646646;B01;1;50;0;2;7;1;3;
202300019132;155646645;A01;3;7;0;2;1;1;1;
202300019132;155646647;B01;3;50;0;2;7;19;3;
202300019133;155646643;A01;2;7;0;1;2;1;1;
202300019134;155646642;A01;2;2;6;0;2;0;1;
202300019135;155646640;A01;2;17;0;2;2;17;1;
202300019135;155646641;B01;2;1;0;2;8;11;5;
202300019136;155646639;A01;0;7;3;0;1;1;1;
202300019137;155646637;B01;1;7;0;2;1;1;1;
202300019137;155646638;A01;2;7;0;2;1;15;1;
202300019138;155646633;A01;1;3;4;0;9;0;1;
202300019138;155646634;B01;1;10;0;2;2;0;1;
202300019139;155646631;A01;2;7;0;2;3;1;1;
202300019139;155646632;B01;1;7;0;2;8;1;1;
202300019139;155646635;C01;1;7;0;2;3;1;1;
202300019139;155646636;D01;1;3;3;2;8;1;1;
202300019140;155646630;A01;0;7;0;1;1;26;1;
202300019141;155646628;B01;3;2;0;2;8;1;1;
202300019141;155646629;A01;3;7;0;2;1;1;1;
202300019142;155646627;A01;0;7;0;1;1;19;1;
202300019143;155646623;B01;1;7;1;2;1;0;0;
202300019143;155646625;A01;2;7;0;2;3;24;1;
202300019144;155646622;B01;1;13;0;2;8;1;1;
202300019144;155646624;A01;1;10;0;2;1;1;1;
202300019144;155646626;C01;2;10;0;0;3;23;1;
202300019145;155646620;A01;3;7;0;2;3;15;1;
202300019145;155646621;B01;3;33;0;2;3;1;1;
202300019146;155646619;A01;3;7;1;0;2;1;2;
202300019147;155646618;A01;1;7;0;1;1;15;1;
202300019148;155646617;A01;1;7;3;0;1;9;1;
202300019149;155646613;B01;2;1;0;2;1;17;5;
202300019149;155646614;A01;2;7;0;2;8;22;0;
202300019150;155646612;B01;1;7;0;2;4;1;1;
202300019150;155646615;C01;1;7;0;2;1;1;1;
202300019150;155646616;A01;1;10;0;2;6;1;1;
202300019151;155646608;A01;2;7;0;2;1;1;1;
202300019151;155646610;B01;2;7;0;2;4;1;1;
202300019151;155646611;C01;2;10;0;2;1;0;1;
202300019152;155646607;B01;2;7;0;2;8;1;1;
202300019152;155646609;A01;2;17;0;2;2;12;1;
202300019153;155646604;A01;3;7;0;2;3;21;1;
202300019153;155646606;B01;3;7;0;2;1;19;1;
202300019154;155646603;Z01;1;7;0;2;0;0;0;
202300019154;155646605;A01;1;7;0;2;7;1;3;
202300019155;155646602;A01;3;7;0;1;1;2;1;
202300019156;155646600;Z01;3;7;0;1;1;15;1;
202300019157;155646601;A01;2;7;3;0;1;1;1;
202300019158;155646598;A01;0;7;0;2;2;15;1;
202300019158;155646599;B01;0;43;0;2;1;1;1;
202300019159;155646595;A01;3;10;0;1;1;2;1;
202300019160;155646596;A01;1;7;0;2;3;11;1;
202300019160;155646597;B01;1;7;0;2;5;1;1;
202300019161;155646591;B01;1;14;0;2;2;1;1;
202300019161;155646592;C01;1;7;0;2;4;1;1;
202300019161;155646594;A01;1;7;0;2;0;1;1;
202300019162;155646590;A01;2;15;0;2;2;14;1;
202300019162;155646593;B01;2;7;0;2;3;1;1;
202300019163;155646587;B01;1;50;0;2;4;1;3;
202300019163;155646589;A01;1;10;0;2;1;1;1;
202300019164;155646584;C01;1;7;0;2;4;1;1;
202300019164;155646585;B01;1;7;0;2;4;1;1;
202300019164;155646586;A01;1;7;0;2;1;1;1;
202300019165;155646580;A01;2;99;0;2;1;15;1;
202300019165;155646581;B01;2;30;0;2;1;15;1;
202300019166;155646582;B01;2;10;0;2;4;2;1;
202300019166;155646583;C01;2;7;0;2;1;2;1;
202300019166;155646588;A01;2;7;0;2;1;2;1;
202300019167;155646577;A01;1;7;0;2;7;1;1;
202300019167;155646579;B01;1;10;0;2;1;1;1;
202300019168;155646576;A01;1;7;0;2;3;11;1;
202300019168;155646578;B01;1;7;0;2;2;1;1;
202300019169;155646575;A01;2;1;0;1;4;5;5;
202300019170;155646573;Z01;2;50;0;1;1;1;3;
202300019171;155646570;A01;2;30;0;1;1;1;1;
202300019172;155646566;A01;3;43;0;2;1;1;1;
202300019172;155646567;B01;3;7;0;2;8;1;1;
202300019173;155646568;B01;2;10;0;2;5;2;1;
202300019173;155646569;C01;2;33;0;2;1;1;1;
202300019173;155646571;D01;2;10;0;2;1;2;1;
202300019173;155646572;E01;2;10;0;2;4;2;1;
202300019173;155646574;A01;2;7;0;2;1;2;1;
202300019174;155646561;A01;1;80;0;1;1;1;3;
202300019175;155646560;B01;1;7;0;2;4;2;1;
202300019175;155646562;C01;1;7;0;2;4;2;1;
202300019175;155646563;A01;1;10;0;2;1;1;1;
202300019176;155646558;B01;2;60;0;2;8;19;5;
202300019176;155646559;A01;2;7;0;2;2;16;2;
202300019177;155646556;A01;2;7;0;2;1;1;1;
202300019177;155646557;B01;2;7;0;2;4;1;1;
202300019178;155646554;A01;1;7;0;2;1;1;3;
202300019178;155646555;B01;1;31;0;2;4;23;1;
202300019179;155646552;T01;2;7;0;1;2;21;1;
202300019180;155646551;A01;1;40;0;2;5;1;3;
202300019180;155646553;Z01;2;7;0;4;1;9;2;
202300019181;155646550;A01;1;33;0;0;7;1;1;
202300019182;155646548;B01;2;30;0;2;2;17;1;
202300019182;155646549;A01;2;7;0;2;3;11;1;
202300019183;155646546;A01;1;7;11;0;1;13;1;
202300019184;155646542;B01;3;7;0;2;6;1;1;
202300019184;155646543;A01;3;33;0;2;1;1;1;
202300019185;155646541;B01;1;10;0;2;4;2;1;
202300019185;155646544;C01;1;7;0;2;4;2;1;
202300019185;155646545;D01;1;7;0;2;4;2;1;
202300019185;155646547;A01;1;10;0;2;1;2;1;
202300019186;155646540;A01;2;30;7;0;1;17;1;
202300019187;155646538;B01;2;33;0;2;2;3;1;
202300019187;155646539;A01;2;10;0;2;3;11;1;
202300019188;155646536;B01;1;50;0;2;3;1;3;
202300019188;155646537;A01;1;7;0;2;2;16;1;
202300019189;155646534;A01;2;7;0;9;1;15;1;
202300019189;155646535;B01;2;1;9;0;1;1;5;
202300019190;155646532;B01;1;7;0;2;4;1;1;
202300019190;155646533;A01;1;7;15;2;1;1;1;
202300019191;155646531;A01;1;7;0;1;1;1;1;
202300019192;155646529;A01;1;7;0;2;3;2;1;
202300019192;155646530;B01;1;7;0;2;1;16;1;
202300019193;155646528;A01;1;7;0;1;2;1;0;
202300019194;155646526;A01;2;7;0;2;3;15;1;
202300019194;155646527;B01;1;31;0;0;0;0;1;
202300019195;155646524;B01;2;33;0;2;1;2;1;
202300019195;155646525;A01;2;7;0;2;3;15;1;
202300019196;155646522;A01;2;37;0;2;3;1;1;3.0
202300019196;155646523;B01;2;10;0;2;5;17;1;
202300019197;155646521;A01;1;7;1;0;3;21;1;
202300019198;155646519;B01;2;50;0;2;8;1;3;
202300019198;155646520;A01;2;7;0;2;7;17;1;
202300019199;155646517;A01;1;31;0;2;1;0;1;
202300019199;155646518;B01;2;7;0;2;1;15;1;
202300019200;155646516;A01;1;7;0;1;1;16;1;
202300019201;155646515;A01;1;31;0;9;1;16;1;
202300019202;155646514;A01;2;2;13;0;1;1;1;
202300019203;155646513;A01;2;7;13;0;1;1;1;
202300019204;155646512;A01;0;7;6;0;1;1;1;
202300019205;155646510;B01;1;14;0;2;7;2;1;
202300019205;155646511;A01;1;1;12;0;8;1;5;
202300019206;155646508;A01;2;7;12;2;1;1;0;
202300019206;155646509;B01;1;7;16;2;1;1;0;
202300019207;155646506;B01;1;7;0;2;1;1;0;
202300019207;155646507;A01;1;10;0;2;2;1;1;
202300019208;155646505;A01;3;7;0;1;6;1;1;
202300019209;155646503;B01;0;10;0;2;6;19;1;
202300019209;155646504;A01;0;33;0;2;1;0;1;
202300019210;155646502;A01;2;1;6;0;9;1;5;
202300019211;155646501;A01;1;7;13;0;9;1;1;
202300019212;155646500;A01;2;7;7;0;9;1;1;
202300019213;155646499;A01;1;7;0;1;3;1;1;
202300019214;155646498;A01;1;7;13;0;1;1;1;
202300019215;155646497;A01;2;7;13;0;2;14;1;
202300019216;155646495;B01;2;2;0;2;1;26;6;
202300019216;155646496;A01;1;10;0;2;1;1;1;
202300019217;155646494;A01;1;7;2;0;3;1;2;
202300019218;155646492;A01;2;7;13;0;7;15;1;
202300019218;155646493;B01;1;7;13;2;1;1;1;
202300019219;155646489;A01;1;7;0;2;1;17;1;
202300019219;155646490;B01;2;7;0;2;1;1;1;
202300019219;155646491;C01;1;21;0;2;8;1;1;
202300019220;155646487;A01;2;7;0;2;1;1;1;
202300019220;155646488;B01;1;7;0;2;3;1;1;
202300019221;155646485;A01;1;7;0;2;3;1;1;
202300019221;155646486;B01;1;50;0;2;0;0;3;
202300019222;155646484;A01;1;7;13;0;4;1;1;
202300019223;155646482;B01;1;3;8;2;1;1;0;
202300019223;155646483;A01;2;7;0;2;3;1;0;
202300019224;155646480;B01;2;99;0;0;6;2;1;
202300019224;155646481;A01;2;10;0;2;1;2;1;
202300019225;155646479;A01;2;31;3;0;2;12;1;
202300019226;155646478;A01;1;7;0;1;2;1;1;
202300019227;155646476;B01;2;37;0;2;1;1;1;3.0
202300019227;155646477;A01;1;10;0;2;7;26;1;
202300019228;155646474;A01;1;15;0;2;1;2;1;
202300019228;155646475;B01;1;15;0;2;1;2;1;
202300019229;155646471;C01;2;7;14;2;1;1;1;
202300019229;155646472;A01;1;17;4;2;1;6;1;
202300019229;155646473;B01;2;10;14;2;1;1;1;
202300019230;155646469;A01;1;7;0;2;1;2;1;
202300019230;155646470;B01;1;7;0;0;4;1;1;
202300019231;155646468;A01;2;7;0;1;2;1;1;
202300019232;155646467;A01;1;7;2;0;9;1;1;
202300019233;155646464;A01;3;2;0;0;3;1;1;
202300019234;155646463;A01;0;7;0;0;3;1;1;
202300019235;155646462;A01;2;7;13;0;2;0;1;
202300019236;155646460;B01;2;7;0;2;3;26;1;
202300019236;155646461;A01;2;2;0;2;1;1;3;
202300019237;155646458;B01;1;7;0;2;4;2;2;
202300019237;155646459;Z01;1;7;0;2;1;2;1;
202300019238;155646456;A01;2;7;0;2;3;11;1;
202300019238;155646457;B01;2;7;0;2;5;1;0;
202300019239;155646455;A01;1;7;0;5;1;1;1;
202300019240;155646453;A01;1;32;0;2;1;3;1;
202300019240;155646454;B01;1;7;0;2;5;12;1;
202300019241;155646450;C01;1;7;0;2;1;1;1;
202300019241;155646451;B01;1;7;0;2;4;12;1;
202300019241;155646452;A01;1;7;0;2;1;12;1;
202300019242;155646447;A01;1;15;0;2;1;1;1;
202300019242;155646448;B01;1;7;0;2;4;1;2;
202300019242;155646449;C01;1;15;0;2;4;1;1;
202300019243;155646446;A01;1;7;3;0;1;26;1;
202300019244;155646445;A01;3;7;0;1;1;15;1;
202300019245;155646443;A01;1;7;0;9;1;9;1;
202300019245;155646444;B01;1;1;0;2;4;1;5;
202300019246;155646441;A01;2;14;0;2;1;2;1;
202300019246;155646442;B01;2;7;0;2;4;23;1;
202300019247;155646439;A01;1;10;0;2;1;1;1;
202300019247;155646440;B01;1;10;0;2;4;1;1;
202300019248;155646437;B01;1;33;0;2;1;2;1;
202300019248;155646438;A01;1;10;0;2;3;11;1;
202300019249;155646435;A01;1;7;0;2;3;3;1;
202300019249;155646436;B01;1;50;0;2;5;1;3;
202300019250;155646434;Z01;1;34;0;1;1;1;1;
202300019251;155646432;B01;1;7;0;2;4;0;0;
202300019251;155646433;A01;1;7;0;2;2;0;0;
202300019252;155646429;A01;1;7;0;1;2;1;1;
202300019253;155646427;B01;2;2;0;2;9;1;1;
202300019253;155646428;A01;2;7;0;2;1;1;1;
202300019254;155646426;A01;1;7;6;0;1;3;1;