Num_Acc;id_vehicule;num_veh;senc;catv;obs;obsm;choc;manv;motor;occutc
202300019255;155646424;B01;1;7;0;2;4;2;1;
202300019255;155646425;A01;1;7;0;2;1;2;1;
202300019256;155646422;A01;2;7;0;2;1;13;1;
202300019256;155646423;B01;1;15;0;2;1;1;1;
202300019257;155646421;A01;3;7;0;1;2;1;1;
202300019258;155646420;A01;1;7;0;1;4;1;1;
202300019259;155646418;Z01;1;7;0;2;1;2;0;
202300019259;155646419;B01;1;1;0;2;6;1;5;
202300019260;155646416;A01;1;2;0;2;7;2;1;
202300019260;155646417;B01;1;1;0;2;6;2;5;
202300019261;155646415;A01;1;13;0;1;1;1;1;
202300019262;155646413;B01;2;10;0;2;2;1;1;
202300019262;155646414;A01;1;7;0;2;1;16;1;
202300019263;155646411;B01;1;7;0;2;3;15;3;
202300019263;155646412;A01;1;32;0;2;2;17;1;
202300019264;155646409;B01;1;7;0;2;8;2;1;
202300019264;155646410;A01;1;30;0;2;1;12;1;
202300019265;155646406;A01;1;32;0;2;1;26;1;
202300019265;155646407;B01;1;7;0;2;2;1;1;
202300019265;155646408;C01;1;7;0;2;6;1;1;
202300019266;155646404;B01;2;50;0;2;2;1;3;
202300019266;155646405;A01;2;7;0;2;1;1;1;
202300019267;155646402;A01;3;7;0;2;0;0;1;
202300019267;155646403;B01;3;33;0;2;0;0;1;
202300019268;155646401;A01;2;7;6;0;9;26;1;
202300019269;155646400;A01;1;7;3;0;2;14;1;
202300019270;155646398;A01;1;50;0;2;1;1;3;
202300019270;155646399;B01;1;7;0;2;3;16;1;
202300019271;155646397;A01;1;7;0;1;2;1;1;
202300019272;155646396;A01;1;7;8;0;2;1;1;
202300019273;155646394;P01;2;1;0;2;1;18;5;
202300019273;155646395;A01;2;7;0;0;7;22;1;
202300019274;155646393;A01;1;7;0;1;1;1;1;
202300019275;155646392;A01;1;7;0;1;2;14;0;
202300019276;155646391;A01;3;50;0;0;0;1;3;
202300019277;155646390;Z01;0;32;0;1;1;1;0;
202300019278;155646388;A01;1;7;8;2;1;13;0;
202300019278;155646389;B01;2;15;0;2;2;1;1;
202300019279;155646386;A01;1;37;0;2;1;1;1;1.0
202300019279;155646387;B01;1;10;0;0;4;15;1;
202300019280;155646383;A01;2;7;0;2;3;17;1;
202300019280;155646384;B01;1;7;0;2;3;1;1;
202300019280;155646385;C01;2;7;0;2;8;1;1;
202300019281;155646381;A01;1;7;0;2;3;15;1;
202300019281;155646382;B01;1;32;0;2;1;17;1;
202300019282;155646379;A01;1;7;0;2;8;15;1;
202300019282;155646380;B01;3;99;0;2;7;19;3;
202300019283;155646377;A01;1;7;0;1;3;1;1;
202300019284;155646376;A01;1;7;4;0;2;14;1;
202300019285;155646374;A01;2;7;0;2;4;1;1;
202300019285;155646375;B01;2;7;0;2;1;1;1;
202300019286;155646373;A01;1;7;3;0;8;2;1;
202300019287;155646369;D01;1;10;0;2;4;1;1;
202300019287;155646370;A01;1;10;0;2;1;2;1;
202300019287;155646371;B01;1;7;0;2;4;2;1;
202300019287;155646372;C01;1;7;0;2;8;1;2;
202300019288;155646364;D01;1;7;0;2;1;1;1;
202300019288;155646365;E01;1;7;0;2;3;1;1;
202300019288;155646366;A01;1;7;0;2;2;1;1;
202300019288;155646367;B01;1;2;0;2;4;23;1;
202300019288;155646368;C01;1;7;0;2;2;2;1;
202300019289;155646363;A01;1;10;3;0;2;12;1;
202300019290;155646361;A01;2;10;0;2;5;23;1;
202300019290;155646362;B01;2;31;0;2;3;3;3;
202300019291;155646358;B01;2;7;0;2;4;2;2;
202300019291;155646359;A01;2;10;0;2;4;1;4;
202300019291;155646360;C01;2;7;0;2;1;2;1;
202300019292;155646354;D01;1;7;0;2;4;1;1;
202300019292;155646355;C01;1;7;0;2;4;1;1;
202300019292;155646356;A01;1;7;0;2;1;12;1;
202300019292;155646357;B01;1;7;0;2;4;1;1;
202300019293;155646352;B01;3;3;0;2;2;19;1;
202300019293;155646353;A01;-1;7;0;2;3;1;1;
202300019294;155646351;A01;2;33;3;0;1;1;1;
202300019295;155646350;A01;2;7;13;0;7;1;1;
202300019296;155646347;C01;1;7;0;9;1;1;1;
202300019296;155646348;B01;1;7;0;0;7;24;1;
202300019296;155646349;A01;1;7;1;0;7;14;1;
202300019297;155646345;B01;1;7;0;2;1;13;0;
202300019297;155646346;A01;1;7;1;9;0;26;0;
202300019298;155646343;A01;2;2;0;2;0;0;0;
202300019298;155646344;Y01;1;1;0;2;0;3;0;
202300019299;155646342;A01;2;7;4;9;3;1;1;
202300019300;155646340;B01;1;7;4;2;1;1;1;
202300019300;155646341;A01;1;7;0;2;4;1;2;
202300019301;155646338;B01;1;1;0;2;0;0;5;
202300019301;155646339;A01;1;7;0;2;1;1;1;
202300019302;155646336;A01;2;7;4;2;4;24;0;
202300019302;155646337;B01;2;7;1;2;1;1;1;
202300019303;155646335;A01;2;7;1;0;1;5;1;
202300019304;155646333;A01;1;7;0;2;3;15;1;
202300019304;155646334;B01;0;7;0;2;2;21;1;
202300019305;155646331;A01;1;7;4;2;4;18;1;
202300019305;155646332;B01;1;7;4;2;1;2;1;
202300019306;155646329;A01;2;7;0;2;8;15;1;
202300019306;155646330;B01;1;2;0;2;0;0;0;
202300019307;155646326;A01;0;7;1;0;2;9;1;
202300019308;155646325;A01;1;7;12;0;2;14;1;
202300019309;155646324;A01;3;7;9;0;2;26;1;
202300019310;155646322;B01;1;7;0;2;5;1;1;
202300019310;155646323;A01;1;2;0;2;1;2;1;
202300019311;155646320;A01;3;7;0;2;2;1;1;
202300019311;155646321;B01;3;80;0;2;1;1;3;
202300019312;155646313;A01;1;7;0;2;3;10;1;
202300019312;155646314;B01;2;33;0;2;1;1;1;
202300019313;155646311;B01;2;40;0;2;7;1;3;
202300019313;155646312;A01;1;1;0;4;1;1;5;
202300019314;155646309;A01;3;7;0;2;1;2;1;
202300019314;155646310;B01;1;7;0;2;4;15;1;
202300019315;155646308;A01;2;7;3;0;9;1;1;
202300019316;155646307;A01;1;0;0;1;0;15;0;
202300019317;155646305;A01;3;33;0;2;1;13;1;
202300019317;155646306;B01;3;33;0;2;1;1;1;
202300019318;155646301;A01;1;7;2;2;6;18;1;
202300019318;155646302;B01;1;7;0;2;2;1;1;
202300019319;155646300;A01;2;7;6;0;1;1;1;
202300019320;155646298;A01;2;7;0;2;2;15;1;
202300019320;155646299;B01;1;7;0;2;1;17;1;
202300019321;155646297;A01;0;7;0;1;2;1;1;
202300019322;155646294;B01;1;7;0;2;4;1;0;
202300019322;155646295;A01;1;7;0;2;1;1;0;
202300019322;155646296;C01;1;7;0;2;4;1;0;
202300019323;155646292;B01;0;7;0;2;1;1;1;
202300019323;155646293;A01;0;7;0;2;7;15;1;
202300019324;155646290;A01;0;10;0;2;1;11;1;
202300019324;155646291;B01;0;7;0;2;1;2;1;
202300019325;155646288;B01;2;32;0;2;3;1;1;
202300019325;155646289;A01;1;7;0;2;2;15;1;
202300019326;155646287;A01;2;33;12;0;1;1;1;
202300019327;155646285;A01;2;7;0;2;1;1;1;
202300019327;155646286;B01;1;7;11;2;7;15;1;
202300019328;155646283;A01;1;7;0;2;1;1;1;
202300019328;155646284;B01;1;7;0;2;4;1;1;
202300019329;155646279;B01;1;99;0;2;8;1;3;
202300019329;155646280;A01;1;10;0;2;1;1;1;
202300019330;155646277;A01;3;7;0;2;3;1;0;
202300019330;155646278;Z01;1;7;0;2;1;1;0;
202300019331;155646276;A01;2;7;0;9;1;1;1;
202300019332;155646274;A01;1;33;0;2;1;2;1;
202300019332;155646275;B01;1;33;0;2;4;2;1;
202300019333;155646272;A01;1;33;0;2;1;16;1;
202300019333;155646273;B01;2;7;0;2;0;0;1;
202300019334;155646270;B01;1;7;0;2;3;13;1;
202300019334;155646271;A01;1;33;0;2;2;17;1;
202300019335;155646268;A01;1;7;0;2;1;2;2;
202300019335;155646269;B01;1;7;0;2;4;2;2;
202300019336;155646266;B01;1;7;0;2;6;23;1;
202300019336;155646267;A01;1;33;0;2;5;1;1;
202300019337;155646264;B01;2;7;0;2;3;19;1;
202300019337;155646265;A01;1;50;0;2;8;1;3;
202300019338;155646263;A01;1;2;0;0;0;21;1;
202300019339;155646262;A01;3;32;0;1;3;1;3;
202300019340;155646260;A01;2;32;0;2;1;1;1;
202300019340;155646261;B01;2;7;0;2;5;1;2;
202300019341;155646259;A01;1;7;0;1;1;1;1;
202300019342;155646257;Z01;3;99;0;2;0;1;5;
202300019342;155646258;X01;3;7;0;2;0;1;1;
202300019343;155646255;A01;1;7;0;2;2;26;1;
202300019343;155646256;B01;1;1;0;2;6;15;5;
202300019344;155646254;A01;1;32;0;1;1;17;1;
202300019345;155646252;A01;0;10;0;2;3;15;3;
202300019345;155646253;B01;2;37;0;2;0;0;6;7.0
202300019346;155646250;A01;0;7;0;2;3;9;0;
202300019346;155646251;B01;0;34;0;2;2;0;1;
202300019347;155646248;A01;3;7;0;9;1;0;0;
202300019347;155646249;B01;0;0;0;2;8;0;0;
202300019348;155646246;B01;3;32;0;2;1;1;1;
202300019348;155646247;A01;3;7;0;2;7;15;1;
202300019349;155646245;A01;1;7;0;1;1;1;1;
202300019350;155646243;B01;2;7;0;2;3;1;1;
202300019350;155646244;A01;1;7;0;2;2;15;1;
202300019351;155646242;A01;3;10;0;1;5;4;0;
202300019352;155646241;A01;1;30;0;0;0;1;0;
202300019353;155646240;A01;2;10;0;0;2;1;1;
202300019354;155646239;A01;3;1;14;0;2;14;5;
202300019355;155646237;A01;3;7;0;9;3;9;1;
202300019355;155646238;B01;3;1;0;2;7;1;5;
202300019356;155646236;A01;1;7;0;1;2;16;1;
202300019357;155646235;A01;1;32;1;2;6;16;1;
202300019358;155646234;A01;2;7;13;0;1;0;1;
202300019359;155646232;A01;1;7;13;9;2;13;1;
202300019359;155646233;B01;1;1;0;2;1;1;5;
202300019360;155646230;B01;1;7;0;2;1;1;1;
202300019360;155646231;A01;1;7;0;2;3;19;1;
202300019361;155646228;A01;2;7;0;2;1;15;6;
202300019361;155646229;B01;1;31;0;2;1;1;6;
202300019362;155646226;A01;2;10;0;2;2;12;1;
202300019362;155646227;B01;2;10;0;2;6;1;1;
202300019363;155646224;A01;1;10;0;2;1;12;1;
202300019363;155646225;B01;1;32;0;0;4;2;1;
202300019364;155646222;B01;2;31;0;2;8;1;1;
202300019364;155646223;A01;1;10;0;2;5;15;1;
202300019365;155646220;B01;1;38;0;2;3;0;0;1.0
202300019365;155646221;A01;1;33;0;2;1;0;0;
202300019366;155646218;A01;2;7;0;2;3;15;1;
202300019366;155646219;B01;1;2;0;2;1;1;1;
202300019367;155646216;A01;1;7;0;2;5;15;0;
202300019367;155646217;B01;2;31;0;2;1;1;0;
202300019368;155646214;A01;3;7;0;2;5;19;1;
202300019368;155646215;B01;2;33;0;2;1;1;1;
202300019369;155646212;A01;2;7;0;2;1;13;1;
202300019369;155646213;B01;1;7;3;2;3;1;1;
202300019370;155646210;A01;1;33;0;2;3;1;1;
202300019370;155646211;B01;2;7;0;2;8;13;1;
202300019371;155646208;A01;1;7;0;2;2;1;1;
202300019371;155646209;B01;1;7;0;2;1;19;1;
202300019372;155646207;A01;1;7;13;0;2;0;1;
202300019373;155646205;A01;1;7;0;2;2;0;1;
202300019373;155646206;B01;2;7;0;2;3;13;1;
202300019374;155646204;A01;1;31;13;0;0;1;1;
202300019375;155646202;A01;2;7;0;2;1;2;1;
202300019375;155646203;B01;2;21;0;0;4;2;0;
202300019376;155646201;A01;1;2;0;0;9;21;1;
202300019377;155646199;B01;1;2;0;2;8;9;1;
202300019377;155646200;A01;1;7;0;2;2;1;1;
202300019378;155646197;A01;2;7;0;2;3;16;1;
202300019378;155646198;B01;1;7;0;2;3;15;1;
202300019379;155646196;A01;2;7;0;1;2;1;1;
202300019380;155646195;A01;2;7;10;0;2;1;1;
202300019381;155646194;A01;2;7;0;0;9;1;1;
202300019382;155646193;A01;1;7;2;0;1;13;1;
202300019383;155646191;B01;1;1;0;2;8;2;5;
202300019383;155646192;A01;1;7;0;2;7;2;1;
202300019384;155646190;A01;1;33;13;0;0;0;1;
202300019385;155646188;A01;1;33;0;2;1;5;1;
202300019385;155646189;B01;2;7;8;2;1;1;1;
202300019386;155646187;A01;1;33;13;6;1;1;0;
202300019387;155646183;A01;1;10;0;2;2;17;1;
202300019387;155646184;B01;1;10;0;2;6;1;1;
202300019388;155646182;A01;2;1;0;0;1;0;5;
202300019389;155646180;A01;2;33;0;2;1;2;1;
202300019389;155646181;B01;2;7;0;2;4;11;1;
202300019390;155646178;A01;1;7;0;2;3;1;1;
202300019390;155646179;B01;2;7;0;2;1;15;1;
202300019391;155646177;A01;2;7;17;0;1;1;1;
202300019392;155646176;A01;3;1;1;0;1;1;5;
202300019393;155646174;A01;2;7;0;2;5;15;1;
202300019393;155646175;B01;1;1;0;2;1;1;5;
202300019394;155646173;A01;2;7;11;0;2;1;1;
202300019395;155646171;A01;2;7;0;2;1;1;1;
202300019395;155646172;B01;1;7;0;2;3;1;1;
202300019396;155646168;B01;1;7;0;2;4;1;1;
202300019396;155646169;A01;1;7;0;2;1;2;1;
202300019396;155646170;C01;1;7;0;0;4;24;1;
202300019397;155646166;B01;0;7;0;0;3;13;1;
202300019397;155646167;A01;0;7;0;0;3;2;1;
202300019398;155646164;A01;2;7;0;2;1;13;1;
202300019398;155646165;B01;1;7;0;2;1;1;1;
202300019399;155646162;A01;2;2;0;2;1;15;1;
202300019399;155646163;B01;1;7;0;2;8;1;1;
202300019400;155646161;A01;2;34;3;0;1;2;1;
202300019401;155646159;A01;3;10;9;2;2;19;1;
202300019401;155646160;B01;1;7;0;2;3;1;1;
202300019402;155646158;A01;1;1;8;9;1;1;5;
202300019403;155646157;A01;1;32;0;6;3;0;1;
202300019404;155646156;A01;1;7;0;0;0;0;1;
202300019405;155646154;A01;3;1;0;2;1;19;5;
202300019405;155646155;B01;3;7;0;9;2;1;1;
202300019406;155646152;B01;1;10;0;0;3;19;1;
202300019406;155646153;A01;1;1;0;0;2;1;5;
202300019407;155646151;A01;1;7;13;0;9;1;6;
202300019408;155646150;A01;1;7;0;1;1;1;1;
202300019409;155646149;A01;0;33;0;0;0;0;1;
202300019410;155646148;A01;1;7;13;1;3;1;1;
202300019411;155646147;A01;1;7;2;0;1;13;1;
202300019412;155646146;A01;1;33;0;0;7;2;1;
202300019413;155646144;A01;2;7;0;0;1;0;1;
202300019413;155646145;B01;1;7;0;0;1;0;1;
202300019414;155646142;B01;2;7;0;2;1;1;1;
202300019414;155646143;A01;1;2;0;2;1;5;1;
202300019415;155646140;B01;1;10;0;0;3;0;1;
202300019415;155646141;A01;1;33;0;0;1;0;0;
202300019416;155646138;A01;2;7;0;2;1;2;1;
202300019416;155646139;B01;2;7;4;2;4;1;1;
202300019417;155646134;D01;2;7;0;2;3;23;1;
202300019417;155646135;A01;2;7;4;2;1;21;1;
202300019417;155646136;B01;2;7;14;2;4;23;1;
202300019417;155646137;C01;2;10;14;2;4;23;1;
202300019418;155646132;A01;2;7;0;2;1;1;1;
202300019418;155646133;B01;2;7;0;0;4;1;1;
202300019419;155646131;A01;1;7;4;0;1;0;1;
202300019420;155646128;A01;1;7;0;2;4;2;1;
202300019420;155646129;B01;1;7;0;2;1;2;1;
202300019420;155646130;C01;1;7;0;2;1;2;1;
202300019421;155646125;A01;2;7;0;2;8;11;1;
202300019421;155646126;B01;2;33;0;2;3;3;1;
202300019421;155646127;C01;2;7;0;2;4;1;3;
202300019422;155646123;A01;2;7;0;2;4;1;1;
202300019422;155646124;B01;2;7;0;2;1;2;1;
202300019423;155646121;B01;1;7;0;2;4;2;1;
202300019423;155646122;A01;1;7;0;2;1;2;1;
202300019424;155646120;A01;1;33;3;0;1;1;1;
202300019425;155646119;A01;3;36;1;0;3;0;1;
202300019426;155646118;A01;3;50;0;0;0;1;3;
202300019427;155646115;A01;1;7;0;2;8;17;1;
202300019427;155646116;B01;2;7;0;2;8;1;1;
202300019427;155646117;C01;1;7;0;2;4;1;1;
202300019428;155646113;A01;2;33;0;2;8;15;1;
202300019428;155646114;B01;2;10;0;2;2;2;1;
202300019429;155646112;A01;1;7;3;0;3;1;0;
202300019430;155646109;A01;1;7;0;2;8;15;1;
202300019430;155646111;B01;1;34;0;2;2;17;1;
202300019431;155646107;A01;1;10;0;2;2;1;1;
202300019431;155646108;B01;1;33;0;2;8;1;1;
202300019432;155646106;A01;1;7;1;1;2;1;1;
202300019433;155646104;A01;2;30;0;2;1;2;1;
202300019433;155646105;B01;2;7;0;2;6;1;1;
202300019434;155646100;B01;1;33;0;2;1;1;1;
202300019434;155646103;A01;2;7;0;2;3;15;1;
202300019435;155646101;A01;2;99;0;2;0;0;0;
202300019435;155646102;B01;2;7;0;2;3;1;0;
202300019436;155646099;A01;2;7;4;0;3;11;1;
202300019437;155646098;A01;1;7;0;1;2;1;1;
202300019438;155646097;A01;2;7;7;0;1;1;1;
202300019439;155646095;B01;3;7;0;2;8;13;0;
202300019439;155646096;A01;3;32;0;2;7;17;1;
202300019440;155646093;Z01;1;7;0;2;1;9;-1;
202300019440;155646094;A01;1;30;0;2;7;1;1;
202300019441;155646091;B01;1;7;0;2;7;15;1;
202300019441;155646092;A01;1;33;0;2;1;9;1;
202300019442;155646090;A01;1;50;12;0;7;18;3;
202300019443;155646087;A01;2;1;0;2;1;19;5;
202300019443;155646089;B01;2;7;0;2;5;23;3;
202300019444;155646086;A01;3;31;0;2;1;1;1;
202300019444;155646088;B01;3;7;0;2;3;15;2;
202300019445;155646083;A01;2;7;0;2;1;1;2;
202300019445;155646085;B01;2;7;0;2;4;1;1;
202300019446;155646082;B01;2;7;0;2;4;23;1;
202300019446;155646084;A01;2;7;0;2;3;2;1;
202300019447;155646079;B01;2;1;1;0;1;21;5;
202300019447;155646081;A01;2;7;0;2;8;22;1;
202300019448;155646078;B01;2;10;0;2;3;1;1;
202300019448;155646080;A01;2;33;0;2;7;1;1;
202300019449;155646074;B01;1;7;1;2;5;23;1;
202300019449;155646076;C01;1;7;1;2;5;23;2;
202300019449;155646077;A01;2;7;1;2;1;13;1;
202300019450;155646070;A01;3;7;0;2;1;1;1;
202300019450;155646072;B01;3;7;0;2;4;23;1;
202300019451;155646069;Z01;1;7;0;2;1;2;1;
202300019451;155646071;A01;1;43;0;2;4;23;1;
202300019452;155646068;A01;1;32;6;0;1;1;1;
202300019453;155646067;A01;1;7;1;0;2;14;1;
202300019454;155646063;A01;3;7;1;0;1;1;1;
202300019454;155646064;B01;3;7;0;2;4;2;1;
202300019454;155646066;C01;3;7;0;2;4;2;1;
202300019455;155646062;A01;1;7;0;2;1;15;1;
202300019455;155646065;B01;2;80;0;2;1;1;3;
202300019456;155646060;A01;1;80;12;0;7;14;3;
202300019457;155646059;B01;0;2;0;2;8;1;1;
202300019457;155646061;A01;2;7;0;2;0;16;1;
202300019458;155646056;Z01;2;1;0;1;3;1;5;
202300019459;155646052;A01;1;7;0;2;2;1;1;
202300019459;155646054;B01;1;1;0;2;0;0;5;
202300019460;155646050;C01;1;7;0;2;3;1;1;
202300019460;155646051;A01;1;50;0;2;7;15;3;
202300019460;155646053;B01;2;7;0;2;1;1;1;
202300019461;155646049;A01;3;7;0;1;2;1;0;
202300019462;155646047;A01;2;7;0;2;2;15;1;
202300019462;155646048;B01;1;32;0;2;3;1;1;
202300019463;155646045;B01;1;37;0;2;2;15;1;1.0
202300019463;155646046;A01;2;34;0;2;1;7;1;
202300019464;155646043;A01;1;37;0;2;1;26;1;1.0
202300019464;155646044;B01;1;37;0;2;4;11;1;1.0
202300019465;155646041;A01;3;7;0;2;1;1;1;
202300019465;155646042;B01;3;50;0;2;1;1;3;
202300019466;155646038;A01;3;7;0;1;1;15;1;
202300019467;155646037;A01;3;7;14;0;0;16;1;
202300019468;155646036;A01;1;30;0;1;1;26;1;
202300019469;155646034;A01;0;50;1;0;2;1;3;
202300019470;155646032;A01;1;80;0;0;1;1;3;
202300019471;155646030;A01;2;7;1;0;2;1;1;
202300019472;155646029;A01;1;7;4;2;1;1;1;
202300019473;155646025;A01;1;2;0;2;1;13;0;
202300019473;155646027;B01;2;7;0;2;3;1;1;
202300019473;155646028;C01;1;7;0;2;3;2;0;
202300019474;155646024;A01;2;7;0;2;1;5;1;
202300019474;155646026;B01;2;7;0;2;1;1;1;
202300019475;155646023;A01;2;31;4;0;3;1;0;
202300019476;155646022;A01;2;7;0;1;4;4;1;
202300019477;155646019;A01;1;7;0;2;4;2;1;
202300019477;155646020;B01;1;30;0;2;4;2;1;
202300019478;155646016;A01;2;33;0;0;0;0;1;
202300019478;155646017;B01;2;7;0;2;3;11;1;
202300019478;155646018;C01;1;10;0;0;8;1;1;
202300019478;155646021;D01;1;32;0;2;1;2;1;
202300019479;155646014;B01;1;50;0;2;1;25;3;
202300019479;155646015;A01;1;7;0;2;3;9;1;
202300019480;155646010;A01;2;7;0;2;1;15;1;
202300019480;155646013;B01;2;7;0;2;1;1;1;
202300019481;155646009;C01;2;7;0;2;3;1;0;
202300019481;155646011;B01;1;7;0;2;6;1;0;
202300019481;155646012;A01;1;7;0;2;2;2;0;
202300019482;155646007;Z01;3;7;0;2;1;13;1;
202300019482;155646008;B01;3;50;0;2;1;1;3;
202300019483;155646005;A01;1;32;0;2;3;21;1;
202300019483;155646006;B01;2;7;0;2;3;1;1;
202300019484;155646003;A01;1;33;0;0;3;1;1;
202300019484;155646004;B01;2;7;0;2;2;9;1;
202300019485;155646001;A01;2;30;0;2;2;5;1;
202300019485;155646002;B01;1;7;0;2;2;1;0;
202300019486;155645998;B01;3;7;0;0;2;19;1;
202300019486;155646000;A01;3;34;0;0;1;19;3;
202300019487;155645997;B01;2;17;0;2;1;1;0;
202300019487;155645999;A01;1;7;0;2;1;5;0;
202300019488;155645995;A01;1;7;0;2;2;13;1;
202300019488;155645996;B01;3;7;0;2;6;2;0;
202300019489;155645993;A01;2;32;0;2;1;13;1;
202300019489;155645994;B01;1;7;0;2;3;1;2;
202300019490;155645991;B01;2;33;0;2;1;1;1;
202300019490;155645992;A01;2;7;0;2;0;0;1;
202300019491;155645990;A01;1;7;17;0;8;1;1;
202300019492;155645988;A01;2;7;13;0;1;0;1;
202300019493;155645987;A01;3;7;0;2;1;1;0;
202300019493;155645989;B01;3;7;0;2;3;1;0;
202300019494;155645986;A01;2;7;2;0;1;13;1;
202300019495;155645983;A01;1;33;0;0;8;1;1;
202300019496;155645982;A01;2;15;0;1;5;1;1;
202300019497;155645984;A01;3;7;0;2;8;11;1;
202300019497;155645985;B01;3;7;9;2;7;1;2;
202300019498;155645981;A01;1;7;13;0;1;1;1;
202300019499;155645978;C01;1;7;0;2;4;1;1;
202300019499;155645979;A01;1;7;0;2;1;10;1;
202300019499;155645980;B01;1;7;0;2;4;0;1;
202300019500;155645975;A01;2;7;0;2;1;5;1;
202300019500;155645977;B01;1;7;0;2;1;1;1;
202300019501;155645974;A01;1;7;0;2;8;15;1;
202300019501;155645976;B01;2;50;0;2;3;1;3;
202300019502;155645973;A01;2;7;0;1;1;1;1;
202300019503;155645972;A01;3;33;6;0;1;0;1;
202300019504;155645970;A01;1;7;0;0;5;16;1;
202300019504;155645971;B01;1;1;0;2;1;2;5;
202300019505;155645969;A01;3;7;7;0;1;6;1;
202300019506;155645968;A01;1;7;2;0;3;5;1;
202300019507;155645965;A01;2;7;0;2;1;13;1;
202300019507;155645966;B01;1;7;0;2;1;1;1;
202300019508;155645964;B01;0;2;0;2;3;1;1;
202300019508;155645967;A01;0;7;0;2;3;15;1;
202300019509;155645961;B01;1;33;0;2;1;1;1;
202300019509;155645963;A01;0;10;0;2;8;15;1;
202300019510;155645960;B01;2;7;0;2;2;1;1;
202300019510;155645962;A01;2;7;0;2;3;15;2;
202300019511;155645958;A01;3;7;0;2;3;19;1;
202300019511;155645959;B01;1;7;0;2;1;1;1;
202300019512;155645956;A01;3;7;0;2;2;15;1;
202300019512;155645957;B01;2;14;0;2;1;1;1;
202300019513;155645953;A01;1;14;0;2;3;2;1;
202300019513;155645954;B01;1;7;0;2;5;2;1;
202300019513;155645955;C01;2;14;0;2;1;1;1;
202300019514;155645951;B01;2;7;0;2;1;1;1;
202300019514;155645952;A01;1;7;0;2;7;15;1;
202300019515;155645950;A01;2;33;3;0;1;1;1;
202300019516;155645949;A01;2;7;6;0;7;1;1;
202300019517;155645948;A01;2;10;6;0;2;1;0;
202300019518;155645947;A01;1;7;13;0;1;13;1;
202300019519;155645945;A01;2;7;0;2;3;13;1;
202300019519;155645946;B01;1;7;0;2;8;1;1;
202300019520;155645943;A01;2;7;0;2;8;11;1;
202300019520;155645944;B01;2;33;0;2;2;3;1;
202300019521;155645939;B01;1;1;0;2;7;1;5;
202300019521;155645941;A01;2;33;0;2;1;1;1;
202300019522;155645938;A01;1;7;5;0;1;1;1;
202300019523;155645936;A01;1;80;1;0;1;9;3;
202300019524;155645935;B01;1;7;14;0;4;2;1;
202300019524;155645937;A01;1;10;14;0;1;2;1;
202300019525;155645930;B01;2;15;0;0;6;24;0;
202300019525;155645932;A01;2;7;4;0;1;0;0;
202300019526;155645929;A01;1;7;0;2;6;24;1;
202300019526;155645931;B01;1;1;0;2;3;1;5;
202300019526;155645933;Z01;1;7;1;2;1;2;0;
202300019526;155645934;C01;2;7;0;2;6;1;1;
202300019527;155645927;B01;1;13;0;2;3;1;1;
202300019527;155645928;A01;2;7;0;2;3;13;1;
202300019528;155645926;Z01;1;7;0;1;1;1;0;
202300019529;155645924;A01;2;7;0;2;3;9;1;
202300019529;155645925;B01;1;15;0;2;2;1;1;
202300019530;155645921;A01;1;43;0;2;8;18;1;
202300019530;155645923;B01;2;7;0;2;3;15;4;
202300019531;155645920;A01;1;7;0;2;1;13;1;
202300019531;155645922;B01;2;7;0;2;1;1;1;
202300019532;155645918;B01;3;33;0;2;4;2;1;
202300019532;155645919;A01;3;1;0;0;1;2;5;
202300019533;155645915;A01;3;7;0;2;3;11;1;
202300019533;155645917;B01;3;1;0;2;1;17;5;
202300019534;155645914;A01;0;50;0;2;8;1;3;
202300019534;155645916;B01;0;7;0;2;3;1;1;
202300019535;155645910;C01;2;33;0;2;3;1;1;
202300019535;155645912;B01;2;7;0;2;3;1;1;
202300019535;155645913;A01;1;10;0;2;3;1;1;
202300019536;155645909;A01;3;1;0;2;3;13;5;
202300019536;155645911;B01;3;1;0;2;3;1;5;
202300019537;155645906;A01;1;7;0;2;3;0;0;
202300019537;155645908;B01;2;7;0;2;3;1;0;
202300019538;155645905;B01;3;31;0;2;8;9;1;
202300019538;155645907;Z01;3;7;0;2;2;1;0;
202300019539;155645903;A01;1;2;0;2;3;13;1;
202300019539;155645904;B01;1;7;0;0;7;1;1;
202300019540;155645901;A01;1;7;15;0;1;1;1;
202300019541;155645900;B01;2;7;0;2;4;1;3;
202300019541;155645902;A01;2;7;0;2;1;2;2;
202300019542;155645897;A01;1;7;0;1;1;1;1;
202300019543;155645896;A01;1;7;0;2;9;17;1;
202300019543;155645898;B01;1;7;0;2;6;15;1;
202300019543;155645899;C01;2;10;15;2;3;1;1;
202300019544;155645895;A01;3;7;0;1;3;1;1;
202300019545;155645892;A01;2;30;14;0;3;16;1;
202300019546;155645890;A01;2;7;0;2;2;13;1;
202300019546;155645891;B01;1;7;0;2;2;1;1;
202300019547;155645887;B01;2;7;0;2;5;2;3;
202300019547;155645889;A01;2;33;0;1;2;2;1;
202300019548;155645888;A01;3;7;6;0;3;19;1;
202300019549;155645884;A01;2;1;0;2;7;1;5;
202300019549;155645886;Z01;0;1;0;2;1;19;5;
202300019550;155645882;C01;2;7;0;2;3;1;1;
202300019550;155645883;B01;2;7;0;2;5;1;3;