Num_Acc;id_vehicule;num_veh;senc;catv;obs;obsm;choc;manv;motor;occutc
202300019550;155645885;A01;2;43;0;2;5;12;1;
202300019551;155645880;A01;3;7;0;2;2;16;1;
202300019551;155645881;B01;3;1;0;2;3;1;5;
202300019552;155645877;A01;1;15;0;2;2;1;1;
202300019552;155645879;B01;1;7;0;2;4;11;1;
202300019553;155645876;A01;3;50;0;2;1;13;3;
202300019553;155645878;B01;3;1;0;2;1;13;5;
202300019554;155645874;A01;2;37;0;1;2;2;4;1.0
202300019555;155645872;A01;1;7;0;2;1;2;1;
202300019555;155645873;B01;1;7;0;2;1;2;1;
202300019555;155645875;C01;1;7;0;2;4;2;1;
202300019556;155645870;A01;3;7;0;2;2;15;1;
202300019556;155645871;B01;3;34;0;2;1;1;1;
202300019557;155645868;B01;2;7;0;2;4;1;1;
202300019557;155645869;A01;2;7;0;2;1;1;1;
202300019558;155645866;A01;2;50;0;2;8;11;3;
202300019558;155645867;B01;2;37;0;2;7;2;0;1.0
202300019559;155645864;A01;2;7;3;2;0;0;1;
202300019559;155645865;B01;2;7;3;2;0;0;1;
202300019560;155645860;B01;1;1;1;0;1;1;5;
202300019560;155645862;A01;1;10;0;0;8;24;1;
202300019560;155645863;C01;2;7;0;0;3;1;1;
202300019561;155645861;A01;2;7;4;0;2;1;1;
202300019562;155645858;A01;1;7;3;0;1;1;1;
202300019563;155645857;B01;1;7;0;2;3;1;1;
202300019563;155645859;A01;1;7;0;2;1;9;1;
202300019564;155645855;A01;2;7;0;2;2;14;1;
202300019564;155645856;B01;2;10;0;2;6;1;1;
202300019565;155645853;A01;1;7;0;2;2;1;1;
202300019565;155645854;B01;2;7;0;2;5;15;1;
202300019566;155645852;A01;2;3;3;0;3;1;1;
202300019567;155645850;A01;1;31;3;0;7;1;1;
202300019568;155645849;B01;1;1;0;2;3;15;5;
202300019568;155645851;A01;1;7;0;2;2;1;1;
202300019569;155645845;A01;3;31;0;1;1;1;1;
202300019570;155645844;A01;1;7;0;2;8;26;1;
202300019570;155645846;B01;1;7;0;2;8;1;1;
202300019570;155645847;Z01;1;7;0;0;7;0;0;
202300019570;155645848;C01;1;7;0;2;7;1;1;
202300019571;155645842;A01;2;7;3;0;1;1;1;
202300019572;155645843;A01;3;7;0;1;1;26;1;
202300019573;155645840;A01;1;37;0;1;7;1;1;1.0
202300019574;155645839;B01;0;7;0;2;0;0;1;
202300019574;155645841;A01;0;32;0;2;2;17;3;
202300019575;155645838;A01;3;30;0;1;1;0;1;
202300019576;155645836;A01;2;32;0;1;5;17;1;
202300019577;155645835;B01;3;37;0;2;1;2;0;1.0
202300019577;155645837;A01;2;7;0;2;1;13;1;
202300019578;155645832;B01;2;33;0;2;1;0;1;
202300019578;155645834;A01;1;7;0;2;3;1;1;
202300019579;155645833;A01;3;1;0;2;0;1;5;
202300019580;155645828;A01;0;1;0;2;0;0;5;
202300019580;155645830;B01;0;1;0;2;0;0;5;
202300019581;155645829;B01;2;34;0;2;1;1;1;
202300019581;155645831;A01;1;7;0;2;3;15;1;
202300019582;155645825;A01;1;7;0;2;2;15;1;
202300019582;155645827;B01;2;1;0;2;1;2;5;
202300019583;155645824;B01;1;50;0;2;8;1;3;
202300019583;155645826;A01;1;7;0;2;3;1;1;
202300019584;155645822;A01;2;99;12;0;1;1;1;
202300019585;155645821;A01;3;37;1;0;1;1;1;1.0
202300019585;155645823;B01;3;37;0;2;4;24;1;2.0
202300019586;155645817;A01;2;1;0;2;3;1;5;
202300019586;155645819;B01;1;37;0;2;3;1;0;1.0
202300019587;155645815;A01;2;10;0;1;1;1;1;
202300019588;155645814;B01;1;7;0;2;3;1;1;
202300019588;155645816;A01;1;1;0;2;1;1;5;
202300019589;155645813;A01;2;30;13;0;1;26;1;
202300019590;155645811;B01;2;32;0;2;1;2;1;
202300019590;155645812;A01;1;10;0;2;2;15;1;
202300019591;155645810;A01;2;10;0;1;2;17;1;
202300019592;155645808;A01;1;7;0;2;7;1;1;
202300019592;155645809;B01;2;7;0;2;1;1;1;
202300019593;155645806;A01;2;7;6;0;1;1;1;
202300019594;155645805;A01;2;7;0;2;1;13;0;
202300019594;155645807;B01;1;7;8;0;3;1;0;
202300019595;155645802;B01;2;2;0;2;1;1;1;
202300019595;155645804;A01;2;2;0;2;4;15;1;
202300019596;155645798;B01;0;7;0;2;3;2;1;
202300019596;155645800;A01;1;7;0;2;2;2;3;
202300019597;155645799;A01;2;7;0;1;2;1;1;
202300019598;155645796;A01;2;33;0;2;6;3;1;
202300019598;155645797;B01;1;0;0;2;3;1;0;
202300019599;155645793;B01;1;7;0;2;3;9;1;
202300019599;155645794;A01;1;33;0;2;7;1;1;
202300019600;155645792;B01;2;7;0;2;2;1;1;
202300019600;155645795;A01;3;36;0;2;3;19;1;
202300019601;155645789;B01;1;33;0;2;1;1;1;
202300019601;155645791;A01;1;7;0;2;8;26;1;
202300019602;155645788;A01;1;10;0;2;1;2;1;
202300019602;155645790;B01;1;15;0;0;5;2;1;
202300019603;155645787;A01;1;7;10;0;2;14;1;
202300019604;155645785;A01;3;7;0;2;2;9;1;
202300019604;155645786;B01;3;50;0;2;1;19;3;
202300019605;155645783;A01;0;50;0;2;8;19;3;
202300019605;155645784;Z01;0;7;0;2;1;15;0;
202300019606;155645780;A01;2;17;0;2;5;14;1;
202300019606;155645781;B01;2;33;3;2;8;1;1;
202300019606;155645782;C01;2;33;3;2;5;1;1;
202300019607;155645778;A01;3;7;0;2;2;2;0;
202300019607;155645779;B01;3;33;0;2;4;1;0;
202300019608;155645777;A01;2;7;13;0;2;14;1;
202300019609;155645774;A01;1;7;0;2;1;2;1;
202300019609;155645775;B01;1;7;0;0;4;2;1;
202300019610;155645773;A01;0;7;0;2;3;1;1;
202300019610;155645776;B01;0;7;0;2;1;1;1;
202300019611;155645771;A01;3;7;9;0;9;26;1;
202300019612;155645770;A01;3;7;0;2;8;0;1;
202300019612;155645772;B01;3;33;0;2;1;0;1;
202300019613;155645768;A01;0;7;0;2;5;15;1;
202300019613;155645769;B01;0;7;0;2;1;15;1;
202300019614;155645766;A01;1;7;0;2;6;1;1;
202300019614;155645767;B01;1;33;0;2;7;17;1;
202300019615;155645765;A01;2;32;0;0;8;1;1;
202300019616;155645764;A01;2;33;0;0;8;1;1;
202300019617;155645762;B01;3;7;0;2;3;1;1;
202300019617;155645763;A01;3;7;0;2;3;13;1;
202300019618;155645761;A01;2;7;3;0;1;14;1;
202300019619;155645759;A01;2;33;5;0;1;0;1;
202300019620;155645758;B01;3;7;0;2;8;1;1;
202300019620;155645760;A01;3;7;0;2;1;26;1;
202300019621;155645755;A01;1;7;0;2;1;2;1;
202300019621;155645756;B01;1;7;0;2;0;0;1;
202300019622;155645754;A01;1;7;0;2;1;5;1;
202300019622;155645757;B01;2;17;0;2;1;1;1;
202300019623;155645753;A01;1;7;13;0;1;13;1;
202300019624;155645752;A01;1;7;0;1;1;16;1;
202300019625;155645750;A01;1;7;11;0;3;1;1;
202300019626;155645749;A01;1;7;0;2;2;16;0;
202300019626;155645751;B01;1;2;0;2;7;1;1;
202300019627;155645748;A01;3;7;0;1;7;1;1;
202300019628;155645747;A01;1;17;4;0;2;13;1;
202300019629;155645745;A01;0;7;0;0;9;13;1;
202300019630;155645744;A01;2;7;0;2;3;9;1;
202300019630;155645746;B01;2;2;0;2;2;1;1;
202300019631;155645742;A01;0;7;0;2;1;16;0;
202300019631;155645743;B01;3;50;0;2;0;0;3;
202300019632;155645740;A01;3;21;0;2;1;21;1;
202300019632;155645741;B01;3;7;0;2;3;1;1;
202300019633;155645739;A01;2;10;0;1;1;1;1;
202300019634;155645736;A01;1;10;0;2;2;15;1;
202300019634;155645738;B01;2;33;0;2;1;1;1;
202300019635;155645735;B01;2;1;0;2;8;1;5;
202300019635;155645737;A01;2;7;0;2;2;14;1;
202300019636;155645734;A01;1;7;2;0;1;0;1;
202300019637;155645733;A01;2;7;0;1;3;15;1;
202300019638;155645732;A01;2;7;0;1;2;1;1;
202300019639;155645730;A01;1;50;0;2;1;1;3;
202300019639;155645731;B01;2;7;0;2;8;15;1;
202300019640;155645728;A01;1;15;0;9;6;1;1;
202300019640;155645729;B01;2;1;0;2;1;13;5;
202300019641;155645726;A01;2;2;0;2;1;2;1;
202300019641;155645727;B01;2;7;0;9;4;2;1;
202300019642;155645725;A01;0;2;12;0;0;1;1;
202300019643;155645723;A01;2;33;0;0;7;15;1;
202300019644;155645722;A01;2;7;1;0;2;1;1;
202300019644;155645724;B01;2;1;0;2;0;23;5;
202300019645;155645719;B01;3;7;0;2;1;15;1;
202300019645;155645721;A01;2;2;0;0;7;1;1;
202300019646;155645716;B01;1;60;0;2;1;0;5;
202300019646;155645718;A01;0;7;0;9;0;0;0;
202300019647;155645714;A01;1;7;0;0;9;1;1;
202300019648;155645712;B01;0;7;0;1;4;2;1;
202300019648;155645713;A01;3;7;0;2;1;2;1;
202300019649;155645710;A01;2;50;0;2;3;11;3;
202300019649;155645711;B01;2;10;0;2;2;3;1;
202300019650;155645708;A01;1;7;0;2;1;1;1;
202300019650;155645709;B01;1;7;12;0;4;0;1;
202300019651;155645706;A01;2;33;0;2;0;2;1;
202300019651;155645707;B01;2;10;0;0;6;2;1;
202300019652;155645705;A01;2;30;16;0;0;1;1;
202300019653;155645703;A01;2;7;0;2;8;26;1;
202300019653;155645704;B01;2;33;0;2;2;1;1;
202300019654;155645702;A01;1;7;13;0;3;13;1;
202300019655;155645701;A01;1;2;6;0;1;1;1;
202300019656;155645697;A01;1;2;0;2;1;9;1;
202300019656;155645699;B01;2;7;0;2;8;15;1;
202300019657;155645698;A01;1;7;0;2;1;13;1;
202300019657;155645700;B01;2;15;0;2;1;1;1;
202300019658;155645695;A01;2;1;0;2;1;1;5;
202300019658;155645696;B01;2;7;0;2;4;23;1;
202300019659;155645693;A01;1;10;0;2;8;14;1;
202300019659;155645694;B01;1;15;0;0;6;1;1;
202300019660;155645692;A01;1;2;11;0;1;6;1;
202300019661;155645691;A01;0;7;12;0;7;1;1;
202300019662;155645688;B01;3;33;0;2;1;17;1;
202300019662;155645690;A01;0;7;0;2;3;15;0;
202300019663;155645687;B01;2;31;0;2;7;3;1;
202300019663;155645689;A01;3;7;0;2;3;9;1;
202300019664;155645686;A01;2;33;0;0;8;15;0;
202300019665;155645684;A01;1;7;0;2;7;9;1;
202300019665;155645685;B01;1;7;0;2;1;1;1;
202300019666;155645683;A01;0;33;0;0;0;1;1;
202300019667;155645681;B01;1;33;0;2;4;1;1;
202300019667;155645682;A01;1;7;0;2;1;1;1;
202300019668;155645680;A01;3;33;13;0;0;1;1;
202300019669;155645677;A01;3;7;0;2;3;13;3;
202300019669;155645679;B01;3;7;0;2;6;1;6;
202300019670;155645676;A01;1;7;0;2;3;15;1;
202300019670;155645678;B01;2;2;0;2;1;1;1;
202300019671;155645674;B01;2;7;0;2;4;2;1;
202300019671;155645675;A01;2;10;0;2;1;2;1;
202300019672;155645673;A01;1;33;0;6;1;1;1;
202300019673;155645670;B01;3;7;0;2;3;1;1;
202300019673;155645672;A01;3;7;0;2;3;1;1;
202300019674;155645669;A01;1;7;0;2;2;2;1;
202300019674;155645671;B01;1;2;0;2;4;2;1;
202300019675;155645667;B01;3;2;0;2;1;1;1;
202300019675;155645668;A01;3;7;0;2;3;17;1;
202300019676;155645665;A01;3;7;0;2;3;15;1;
202300019676;155645666;B01;3;33;0;2;8;19;1;
202300019677;155645663;A01;2;33;1;0;8;17;1;
202300019678;155645661;A01;2;1;6;0;1;0;5;
202300019679;155645659;C01;1;7;0;2;6;1;1;
202300019679;155645660;B01;1;7;0;2;4;2;1;
202300019679;155645662;A01;1;7;0;2;1;1;1;
202300019679;155645664;D01;2;7;0;2;1;1;1;
202300019680;155645658;A01;1;1;6;0;0;21;5;
202300019681;155645657;A01;2;7;0;1;3;15;3;
202300019682;155645653;B01;1;10;0;2;4;2;1;
202300019682;155645654;A01;1;7;0;2;1;2;1;
202300019683;155645655;B01;2;1;0;2;1;23;5;
202300019683;155645656;A01;1;7;1;0;2;15;1;
202300019684;155645652;A01;1;7;15;0;3;13;1;
202300019685;155645650;A01;3;7;0;1;2;1;1;
202300019686;155645649;A01;1;7;0;2;1;2;2;
202300019686;155645651;B01;1;7;0;2;6;2;1;
202300019687;155645644;C01;1;7;0;2;5;2;1;
202300019687;155645646;A01;1;33;0;2;8;11;1;
202300019687;155645647;B01;1;31;0;2;7;2;1;
202300019688;155645643;A01;1;7;7;2;0;1;1;
202300019688;155645645;B01;1;1;0;2;4;1;5;
202300019688;155645648;C01;1;1;0;2;4;1;5;
202300019689;155645639;A01;1;33;0;2;1;17;1;
202300019689;155645641;B01;1;7;0;0;6;17;1;
202300019690;155645640;B01;1;33;0;2;7;1;1;
202300019690;155645642;A01;1;7;0;2;8;11;1;
202300019691;155645638;A01;1;33;13;0;2;1;1;
202300019692;155645636;A01;1;33;0;2;1;3;1;
202300019692;155645637;B01;1;7;0;2;6;11;1;
202300019693;155645634;A01;1;7;0;2;2;1;1;
202300019693;155645635;B01;2;2;0;2;1;1;1;
202300019694;155645630;A01;1;33;0;1;1;1;1;
202300019695;155645631;A01;1;7;0;2;1;9;1;
202300019695;155645632;B01;1;1;0;2;7;16;5;
202300019696;155645627;A01;2;7;0;2;1;1;1;
202300019696;155645629;B01;1;1;0;2;7;1;5;
202300019697;155645626;A01;1;2;0;2;2;17;1;
202300019697;155645628;B01;2;7;0;2;8;15;1;
202300019698;155645624;A01;1;34;0;1;1;1;1;
202300019699;155645621;A01;2;7;0;2;1;1;1;
202300019699;155645622;B01;2;10;0;2;1;1;1;
202300019699;155645623;C01;2;7;0;2;4;1;1;
202300019699;155645625;D01;1;7;0;2;4;0;1;
202300019700;155645618;A01;1;30;0;2;4;2;3;
202300019700;155645620;Z01;1;7;0;2;0;2;0;
202300019701;155645617;A01;1;7;0;2;5;23;1;
202300019701;155645619;Z01;1;7;0;2;1;2;1;
202300019702;155645615;A01;1;7;0;2;2;22;1;
202300019702;155645616;B01;1;31;1;0;1;1;3;
202300019703;155645612;A01;2;7;0;2;2;12;1;
202300019703;155645614;B01;2;7;0;2;6;1;1;
202300019704;155645611;A01;1;1;0;2;8;19;5;
202300019704;155645613;B01;1;7;0;2;1;2;3;
202300019705;155645609;A01;1;15;0;2;2;12;1;
202300019705;155645610;B01;1;7;0;2;6;1;1;
202300019706;155645608;A01;1;50;12;0;1;13;3;
202300019707;155645606;B01;1;7;0;2;1;1;1;
202300019707;155645607;A01;1;10;0;2;3;10;1;
202300019708;155645604;A01;1;7;0;2;2;15;1;
202300019708;155645605;B01;1;32;0;2;3;1;1;
202300019709;155645603;A01;1;7;4;0;1;2;1;
202300019710;155645600;B01;3;33;0;2;5;1;1;
202300019710;155645602;A01;3;7;0;2;3;10;1;
202300019711;155645599;B01;2;33;0;2;1;3;1;
202300019711;155645601;A01;2;7;0;2;6;11;1;
202300019712;155645596;A01;2;1;0;2;1;1;5;
202300019712;155645598;B01;2;7;0;2;4;23;3;
202300019713;155645597;A01;1;31;0;9;1;1;1;
202300019714;155645592;A01;1;7;0;2;2;2;1;
202300019714;155645593;B01;1;10;0;2;4;2;1;
202300019715;155645591;A01;1;10;14;0;4;2;1;
202300019715;155645594;B01;1;34;14;0;4;2;1;
202300019715;155645595;C01;1;10;3;0;1;2;1;
202300019716;155645590;A01;1;7;4;0;2;0;1;
202300019717;155645589;A01;1;30;8;0;1;1;1;
202300019718;155645587;A01;2;34;4;2;3;3;1;
202300019718;155645588;B01;2;7;4;2;2;12;1;
202300019719;155645586;A01;1;7;1;0;6;14;1;
202300019720;155645584;A01;1;30;0;2;8;25;1;
202300019720;155645585;B01;1;1;0;2;7;25;5;
202300019721;155645580;A01;1;7;0;2;1;2;3;
202300019721;155645581;B01;1;7;0;2;4;2;1;
202300019721;155645582;C01;1;33;0;2;4;1;1;
202300019721;155645583;D01;1;7;0;2;4;2;1;
202300019722;155645579;A01;1;7;0;1;0;0;0;
202300019723;155645578;A01;1;31;0;1;1;2;1;
202300019724;155645576;A01;0;32;8;0;2;2;1;
202300019725;155645575;A01;2;10;0;2;1;0;1;
202300019725;155645577;B01;2;7;0;2;4;0;1;
202300019726;155645574;A01;0;10;0;1;4;26;1;
202300019727;155645573;A01;2;7;3;0;1;0;1;
202300019728;155645570;A01;1;7;0;2;1;2;2;
202300019728;155645572;B01;1;15;0;2;4;0;0;
202300019729;155645571;A01;1;7;2;0;1;1;0;
202300019730;155645566;A01;2;7;7;0;1;19;0;
202300019730;155645568;B01;1;7;7;0;8;1;1;
202300019731;155645562;B01;2;21;0;2;1;1;1;
202300019731;155645563;A01;1;7;0;2;1;13;1;
202300019732;155645561;A01;1;10;0;2;1;1;1;
202300019732;155645564;B01;1;10;0;2;4;2;1;
202300019732;155645565;E01;1;7;0;2;4;1;1;
202300019732;155645567;D01;1;7;0;2;4;1;1;
202300019732;155645569;C01;1;7;0;2;4;2;1;
202300019733;155645560;A01;2;7;0;1;3;1;1;
202300019734;155645558;A01;1;10;0;2;7;12;1;
202300019734;155645559;B01;1;33;0;2;8;3;1;
202300019735;155645557;A01;1;7;2;0;2;1;1;
202300019736;155645554;A01;1;7;13;0;1;13;1;
202300019737;155645555;A01;1;7;0;2;1;2;1;
202300019737;155645556;B01;1;7;0;2;4;2;1;
202300019738;155645553;A01;1;7;13;0;2;14;1;
202300019739;155645551;B01;1;14;0;2;1;1;1;
202300019739;155645552;A01;1;7;0;2;8;11;1;
202300019740;155645549;A01;1;7;2;0;1;1;1;
202300019740;155645550;B01;2;33;0;2;8;19;1;
202300019741;155645547;A01;2;14;0;2;1;2;1;
202300019741;155645548;B01;2;7;0;2;4;2;1;
202300019742;155645545;B01;2;7;0;2;1;1;1;
202300019742;155645546;A01;1;10;0;2;1;13;1;
202300019743;155645542;A01;1;7;0;2;2;17;1;
202300019743;155645544;B01;1;7;0;2;6;1;1;
202300019744;155645543;A01;2;7;4;0;1;0;1;
202300019745;155645541;A01;1;7;2;0;8;1;1;
202300019746;155645539;A01;1;7;0;2;1;2;1;
202300019746;155645540;B01;1;7;0;2;4;0;1;
202300019747;155645538;A01;1;7;8;0;1;14;1;
202300019748;155645534;B01;1;30;0;2;4;1;1;
202300019748;155645536;A01;1;7;0;2;1;1;1;
202300019749;155645532;A01;2;15;0;2;7;12;1;
202300019749;155645533;C01;2;15;0;2;4;1;1;
202300019749;155645535;D01;2;15;0;2;1;1;1;
202300019749;155645537;B01;2;10;0;2;8;1;1;
202300019750;155645530;A01;1;15;0;2;4;2;1;
202300019750;155645531;B01;1;7;0;2;1;2;1;
202300019751;155645528;A01;1;10;0;2;6;1;1;
202300019751;155645529;B01;1;33;0;2;2;21;1;
202300019752;155645526;B01;3;7;0;2;8;0;0;
202300019752;155645527;A01;3;7;0;2;2;1;6;
202300019753;155645525;A01;1;7;17;0;1;14;-1;
202300019754;155645524;A01;0;7;0;1;3;20;1;
202300019755;155645523;A01;1;7;0;1;3;1;1;
202300019756;155645520;B01;3;2;0;2;1;15;1;
202300019756;155645522;A01;3;7;0;2;2;1;1;
202300019757;155645519;A01;2;7;12;2;1;1;1;
202300019757;155645521;B01;1;7;0;2;1;1;1;
202300019758;155645517;B01;2;7;8;2;8;1;1;
202300019758;155645518;A01;3;7;0;2;3;15;1;
202300019759;155645516;A01;2;7;0;0;7;1;1;
202300019760;155645515;A01;0;7;0;1;1;1;1;
202300019761;155645513;B01;2;33;8;2;0;1;1;
202300019761;155645514;A01;1;7;0;2;3;1;1;
202300019762;155645510;A01;1;2;0;1;1;1;1;
202300019763;155645509;A01;1;33;0;0;0;1;1;
202300019764;155645511;A01;2;7;0;2;2;1;1;
202300019764;155645512;B01;3;7;0;2;1;9;1;
202300019765;155645505;A01;1;7;2;0;9;1;1;
202300019766;155645506;B01;1;1;0;2;1;1;5;
202300019766;155645507;A01;1;10;0;2;2;16;1;
202300019767;155645504;A01;1;7;13;0;1;17;1;
202300019768;155645503;A01;2;33;0;0;8;1;1;
202300019769;155645500;A01;1;7;13;0;1;1;1;
202300019770;155645501;B01;1;50;0;2;1;1;3;
202300019770;155645502;A01;2;10;0;2;3;15;1;
202300019771;155645499;A01;1;7;3;0;9;2;1;
202300019772;155645497;A01;1;7;3;0;1;21;1;
202300019773;155645496;A01;2;10;0;2;3;15;1;
202300019773;155645498;B01;0;30;0;2;1;1;1;
202300019774;155645495;A01;3;14;0;1;3;15;1;
202300019775;155645490;B01;1;7;0;9;1;2;1;
202300019775;155645492;C01;2;10;0;9;4;2;1;
202300019775;155645494;A01;2;7;0;9;1;2;1;
202300019776;155645491;A01;1;33;0;2;1;17;1;
202300019776;155645493;B01;1;30;0;2;1;1;1;
202300019777;155645488;A01;1;7;0;0;0;1;1;
202300019778;155645489;A01;2;7;8;0;3;13;1;
202300019779;155645487;A01;2;7;6;0;2;0;1;
202300019780;155645485;A01;1;33;13;0;3;17;0;
202300019781;155645484;B01;1;30;0;2;1;1;1;
202300019781;155645486;A01;2;1;0;0;1;1;5;
202300019782;155645481;A01;2;2;0;2;1;13;1;
202300019782;155645483;B01;1;7;0;2;3;1;1;
202300019783;155645480;A01;2;13;0;2;1;1;0;
202300019783;155645482;B01;1;33;0;2;8;1;0;
202300019784;155645478;A01;2;7;0;2;1;5;0;
202300019784;155645479;B01;1;7;0;2;1;1;0;
202300019785;155645475;A01;1;7;0;0;0;22;1;
202300019785;155645476;B01;1;80;0;0;0;21;3;
202300019786;155645474;A01;1;7;0;2;1;1;1;
202300019786;155645477;B01;1;31;0;2;4;1;1;
202300019787;155645472;A01;1;7;8;0;1;0;1;
202300019788;155645471;A01;1;7;0;2;0;0;1;
202300019788;155645473;B01;2;7;0;2;0;0;2;
202300019789;155645470;A01;1;7;12;0;1;15;1;
202300019790;155645469;A01;3;7;0;1;5;4;1;
202300019791;155645468;Z01;2;7;12;1;3;5;1;
202300019792;155645465;B01;3;7;0;2;7;12;1;
202300019792;155645467;A01;3;7;0;2;8;1;1;
202300019793;155645461;B01;1;7;0;2;3;1;1;
202300019793;155645463;A01;1;1;0;2;7;19;5;
202300019794;155645460;B01;1;7;0;2;7;1;1;
202300019794;155645462;A01;1;7;0;2;3;9;1;
202300019795;155645457;A01;2;30;0;2;1;1;1;
202300019795;155645459;B01;3;7;0;2;3;1;1;
202300019796;155645456;A01;1;7;0;2;3;15;1;
202300019796;155645458;B01;1;7;0;2;2;1;1;
202300019797;155645454;A01;1;7;13;0;9;1;1;
202300019798;155645453;B01;2;33;0;2;1;1;1;
202300019798;155645455;A01;1;7;0;2;2;15;1;
202300019799;155645452;A01;2;2;8;0;8;26;1;
202300019800;155645450;B01;1;33;0;2;4;1;1;
202300019800;155645451;A01;1;7;0;2;1;1;1;
202300019801;155645446;A01;2;7;0;2;7;1;1;
202300019801;155645447;B01;2;30;0;2;8;1;1;
202300019802;155645445;A01;0;1;0;1;1;1;5;
202300019803;155645441;A01;3;1;0;2;1;1;5;
202300019803;155645443;B01;3;7;0;2;7;1;1;
202300019804;155645442;A01;3;7;0;2;1;19;1;
202300019804;155645444;B01;3;7;0;2;3;19;0;
202300019805;155645438;A01;3;50;0;2;0;15;3;
202300019805;155645440;B01;3;7;0;2;8;16;1;
202300019806;155645439;A01;3;0;0;1;0;26;0;
202300019807;155645436;A01;2;33;4;0;8;1;1;
202300019808;155645435;A01;3;7;0;2;1;16;1;
202300019808;155645437;B01;3;1;0;2;1;2;5;
202300019809;155645432;A01;1;7;0;2;3;13;1;
202300019809;155645434;B01;2;10;0;2;3;1;1;
202300019810;155645431;A01;3;7;0;2;8;15;1;
202300019810;155645433;B01;3;33;0;2;1;5;1;
202300019811;155645428;A01;3;33;0;2;7;17;1;
202300019811;155645430;B01;3;7;0;2;6;15;1;
202300019812;155645426;C01;1;7;0;2;1;23;1;
202300019812;155645427;A01;1;7;0;2;1;15;1;
202300019812;155645429;B01;2;1;0;2;1;1;5;
202300019813;155645424;A01;2;33;0;2;1;17;1;
202300019813;155645425;B01;2;7;0;2;8;10;1;
202300019814;155645423;A01;1;7;0;1;2;1;1;
202300019815;155645421;A01;1;30;12;0;0;1;1;
202300019816;155645420;A01;1;7;0;2;3;15;1;
202300019816;155645422;B01;2;33;0;2;1;1;1;
202300019817;155645418;B01;0;7;0;2;4;4;1;
202300019817;155645419;A01;0;32;0;2;9;1;1;
202300019818;155645416;A01;3;10;0;1;3;0;1;
202300019819;155645415;A01;1;7;0;2;2;12;1;
202300019819;155645417;B01;1;33;0;2;8;1;1;
202300019820;155645412;A01;1;33;0;2;1;0;1;
202300019820;155645413;B01;2;10;0;2;5;2;1;
202300019821;155645411;B01;3;7;0;2;6;1;1;
202300019821;155645414;A01;3;7;0;2;1;1;1;
202300019822;155645408;B01;3;42;0;9;1;1;1;
202300019822;155645410;A01;3;31;0;2;1;7;1;
202300019823;155645407;A01;2;7;0;2;3;13;1;
202300019823;155645409;B01;1;1;0;2;1;1;5;
202300019824;155645406;A01;1;2;14;0;1;26;1;
202300019825;155645404;A01;3;7;0;2;6;9;0;
202300019825;155645405;B01;3;33;0;2;2;1;1;
202300019826;155645402;B01;1;33;0;2;1;1;1;
202300019826;155645403;A01;1;7;0;2;5;10;1;
202300019827;155645401;A01;3;2;0;0;2;5;1;
202300019828;155645400;A01;1;33;6;0;3;13;1;
202300019829;155645397;B01;1;50;0;2;1;1;3;
202300019829;155645399;A01;1;7;0;2;2;1;1;
202300019830;155645396;B01;2;2;0;2;1;1;1;
202300019830;155645398;A01;1;7;0;2;2;15;1;
202300019831;155645395;A01;1;7;0;1;3;16;1;
202300019832;155645393;A01;1;33;0;2;8;3;1;
202300019832;155645394;Z01;1;7;0;2;7;12;0;
202300019833;155645392;A01;2;7;1;0;1;15;1;
202300019834;155645388;B01;2;7;0;2;1;1;1;
202300019834;155645390;A01;1;2;0;2;7;1;1;
202300019835;155645387;A01;2;7;0;2;1;2;1;
202300019835;155645389;B01;2;7;0;2;4;2;1;
202300019835;155645391;C01;2;7;0;2;4;2;1;
202300019836;155645384;A01;2;1;0;2;1;13;5;
202300019836;155645386;B01;1;80;0;2;1;1;3;
202300019837;155645383;A01;1;33;1;2;0;0;1;
202300019837;155645385;B01;3;7;0;2;1;0;1;
202300019838;155645381;A01;2;10;0;2;8;22;1;
202300019838;155645382;B01;2;1;0;2;1;1;5;
202300019839;155645378;A01;2;2;0;2;7;1;1;
202300019839;155645379;Z01;2;7;0;2;0;15;0;
202300019840;155645377;A01;2;50;0;2;1;9;3;
202300019840;155645380;B01;1;7;0;0;2;15;1;
202300019841;155645375;A01;1;50;0;1;1;1;3;
202300019842;155645376;F01;1;33;0;1;1;1;1;
202300019843;155645374;A01;3;2;0;0;1;16;1;
202300019844;155645372;A01;3;7;0;2;6;4;1;
202300019844;155645373;B01;3;33;0;2;1;1;1;
202300019845;155645370;A01;3;31;0;2;0;0;3;
202300019845;155645371;B01;3;7;0;2;0;0;1;
202300019846;155645368;A01;1;1;0;2;1;7;5;
202300019846;155645369;B01;1;10;0;2;4;23;3;
202300019847;155645365;A01;1;7;0;2;0;15;1;
202300019847;155645367;B01;1;31;0;2;0;15;1;
202300019848;155645363;A01;1;30;1;0;1;26;1;
202300019849;155645364;A01;1;80;0;2;7;1;3;
202300019849;155645366;B01;1;2;0;2;2;16;1;
202300019850;155645361;A01;1;7;0;2;1;2;1;
202300019850;155645362;B01;1;15;0;2;4;1;1;
202300019851;155645357;B01;0;32;0;2;1;1;1;
202300019851;155645358;A01;0;7;0;2;3;17;1;
202300019852;155645355;B01;1;1;0;2;1;1;5;
202300019852;155645356;A01;2;10;0;2;3;9;1;
202300019853;155645353;A01;2;10;0;2;1;1;1;