Num_Acc;id_vehicule;num_veh;senc;catv;obs;obsm;choc;manv;motor;occutc
202300019853;155645354;B01;2;10;3;0;6;23;1;
202300019854;155645351;B01;3;7;0;2;1;1;1;
202300019854;155645352;A01;3;7;0;2;1;5;3;
202300019855;155645348;B01;2;10;0;2;3;1;1;
202300019855;155645350;A01;2;1;0;2;1;1;5;
202300019856;155645347;A01;1;7;0;2;3;1;1;
202300019856;155645349;B01;2;10;0;2;0;1;0;
202300019857;155645346;A01;1;50;13;0;1;1;3;
202300019858;155645344;A01;3;7;0;2;1;21;1;
202300019858;155645345;B01;1;1;0;2;7;1;5;
202300019859;155645342;A01;1;7;0;2;3;15;0;
202300019859;155645343;B01;1;34;0;2;2;17;0;
202300019860;155645340;A01;1;7;0;2;3;17;1;
202300019860;155645341;B01;2;33;0;2;8;15;1;
202300019861;155645339;A01;1;33;0;1;1;1;1;
202300019862;155645337;A01;3;7;6;0;1;14;1;
202300019863;155645336;B01;3;7;0;2;8;1;1;
202300019863;155645338;A01;3;7;0;2;1;1;1;
202300019864;155645334;A01;1;7;0;2;3;21;1;
202300019864;155645335;B01;1;1;0;2;1;1;5;
202300019865;155645332;A01;2;7;1;0;2;1;2;
202300019866;155645331;A01;1;10;0;2;3;1;1;
202300019866;155645333;B01;3;50;0;2;7;19;3;
202300019867;155645330;A01;0;7;13;0;1;1;1;
202300019868;155645328;A01;2;7;1;0;3;1;1;
202300019869;155645324;B01;3;31;0;2;2;2;0;
202300019869;155645326;A01;3;7;0;2;3;15;0;
202300019870;155645325;A01;2;7;0;2;9;21;0;
202300019871;155645320;A01;1;7;0;2;0;0;0;
202300019871;155645321;B01;1;7;0;0;4;23;0;
202300019871;155645323;C01;1;7;0;0;4;23;1;
202300019872;155645319;B01;1;7;1;2;2;16;1;
202300019872;155645322;A01;1;33;1;2;1;3;1;
202300019873;155645316;A01;0;34;0;2;1;2;1;
202300019873;155645318;B01;1;34;0;2;0;0;1;
202300019874;155645315;A01;1;7;0;2;3;9;1;
202300019874;155645317;B01;1;50;0;2;1;9;3;
202300019875;155645311;A01;3;10;0;2;2;15;1;
202300019875;155645313;B01;3;33;0;2;1;2;1;
202300019876;155645310;A01;1;17;0;2;1;1;1;
202300019876;155645312;B01;1;10;0;2;1;1;1;
202300019876;155645314;C01;1;7;0;2;0;0;1;
202300019877;155645307;A01;2;7;0;2;3;15;1;
202300019877;155645309;B01;2;33;0;2;1;17;1;
202300019878;155645306;A01;1;7;0;2;1;15;1;
202300019878;155645308;B01;2;50;0;2;0;0;3;
202300019879;155645303;A01;2;7;0;2;5;12;1;
202300019879;155645305;B01;2;10;0;2;1;1;1;
202300019880;155645302;A01;2;33;0;2;1;3;1;
202300019880;155645304;B01;2;10;0;2;5;2;1;
202300019881;155645299;A01;3;30;0;2;1;1;1;
202300019881;155645301;B01;2;7;0;2;1;1;1;
202300019882;155645298;B01;2;7;0;2;4;12;1;
202300019882;155645300;A01;2;33;0;2;1;3;1;
202300019883;155645296;A01;1;7;0;0;5;2;1;
202300019883;155645297;B01;1;33;0;2;3;2;1;
202300019884;155645293;A01;2;7;14;0;3;15;1;
202300019884;155645295;B01;1;33;14;0;8;1;1;
202300019885;155645294;A01;1;33;0;1;1;17;1;
202300019886;155645291;A01;1;7;0;2;1;2;1;
202300019886;155645292;B01;1;7;0;2;4;23;1;
202300019887;155645289;B01;1;7;0;2;1;1;1;
202300019887;155645290;A01;1;7;0;2;1;5;1;
202300019888;155645287;B01;1;34;0;2;8;1;0;
202300019888;155645288;A01;1;7;0;2;1;1;0;
202300019889;155645284;B01;1;31;0;2;4;2;1;
202300019889;155645285;A01;1;7;0;2;1;2;1;
202300019890;155645283;B01;2;33;0;2;1;1;1;
202300019890;155645286;A01;2;33;0;2;7;14;1;
202300019891;155645281;A01;1;10;0;2;8;22;1;
202300019891;155645282;B01;1;80;1;0;1;1;3;
202300019892;155645278;A01;3;10;0;2;1;1;1;
202300019892;155645279;B01;3;33;0;2;8;9;1;
202300019893;155645280;A01;1;7;3;0;3;1;1;
202300019894;155645276;A01;1;1;0;1;1;5;5;
202300019895;155645275;A01;2;10;0;2;0;1;3;
202300019895;155645277;B01;1;31;0;2;0;1;1;
202300019896;155645274;A01;2;33;0;0;2;1;1;
202300019897;155645272;A01;1;14;0;0;0;23;6;
202300019897;155645273;B01;1;1;0;0;0;17;5;
202300019898;155645271;A01;1;31;12;0;2;0;1;
202300019899;155645270;Z01;1;2;0;1;1;1;0;
202300019900;155645269;Z01;2;10;0;1;4;4;3;
202300019901;155645265;B01;2;33;0;2;1;3;1;
202300019901;155645267;A01;2;7;0;2;3;10;1;
202300019902;155645268;A01;1;7;2;0;8;0;6;
202300019903;155645264;A01;1;7;0;2;7;1;2;
202300019903;155645266;B01;1;32;0;2;8;18;1;
202300019904;155645262;B01;1;80;0;2;1;1;3;
202300019904;155645263;A01;1;10;0;2;5;14;1;
202300019905;155645259;A01;2;7;0;2;2;15;1;
202300019905;155645261;B01;1;7;0;2;3;1;1;
202300019906;155645258;A01;1;7;0;2;1;5;1;
202300019906;155645260;B01;2;7;0;2;1;1;1;
202300019907;155645253;A01;3;7;0;2;1;1;1;
202300019907;155645256;B01;3;7;0;2;8;1;1;
202300019908;155645255;A01;2;43;0;2;1;15;1;
202300019908;155645257;B01;1;7;0;2;3;15;1;
202300019909;155645249;B01;1;7;0;2;2;1;1;
202300019909;155645251;A01;1;50;0;2;3;3;3;
202300019910;155645248;A01;2;7;0;2;1;1;1;
202300019910;155645252;B01;2;7;0;2;4;1;1;
202300019910;155645254;C01;2;7;0;2;1;1;2;
202300019911;155645247;A01;2;7;0;2;3;1;1;
202300019911;155645250;B01;1;50;0;2;1;15;3;
202300019912;155645243;B01;3;33;0;2;1;1;0;
202300019912;155645246;A01;1;7;0;2;8;15;0;
202300019913;155645241;A01;2;10;0;9;2;22;1;
202300019913;155645245;B01;2;1;0;2;1;26;5;
202300019914;155645242;B01;1;50;0;2;1;1;3;
202300019914;155645244;A01;1;7;0;2;3;15;1;
202300019915;155645239;A01;0;43;0;2;1;17;1;
202300019915;155645240;B01;3;7;0;2;3;13;3;
202300019916;155645238;A01;2;0;9;0;1;1;0;
202300019917;155645237;A01;1;10;0;1;7;1;1;
202300019918;155645236;A01;2;30;0;1;1;1;3;
202300019919;155645233;B01;1;32;0;0;0;0;3;
202300019919;155645234;A01;2;7;8;9;0;13;1;
202300019920;155645230;A01;3;7;0;2;3;19;0;
202300019920;155645232;B01;3;32;0;2;1;1;0;
202300019921;155645231;B01;1;1;0;2;6;1;5;
202300019921;155645235;A01;2;7;0;2;1;15;1;
202300019922;155645228;A01;2;1;0;0;1;1;5;
202300019923;155645229;A01;1;7;2;0;2;1;1;
202300019924;155645226;A01;2;2;0;2;5;1;1;
202300019924;155645227;B01;2;7;0;2;5;15;1;
202300019925;155645225;A01;1;33;7;0;0;1;1;
202300019926;155645221;A01;1;7;0;2;1;19;1;
202300019926;155645224;B01;1;7;0;2;3;1;1;
202300019927;155645222;A01;2;7;0;1;1;15;3;
202300019928;155645220;A01;2;10;0;0;3;1;1;
202300019928;155645223;B01;1;17;0;9;3;1;1;
202300019929;155645217;A01;1;32;0;1;1;1;1;
202300019930;155645216;A01;1;10;0;2;3;13;1;
202300019930;155645219;B01;2;10;0;2;3;1;1;
202300019931;155645215;A01;2;31;0;2;1;1;1;
202300019931;155645218;B01;3;7;0;2;6;19;1;
202300019932;155645214;A01;2;7;6;0;1;26;1;
202300019933;155645213;A01;0;33;0;0;9;15;1;
202300019934;155645211;A01;1;2;0;2;1;1;1;
202300019934;155645212;B01;1;7;0;2;4;23;1;
202300019935;155645206;A01;2;10;0;2;1;2;1;
202300019935;155645210;B01;2;17;0;0;4;2;1;
202300019936;155645208;A01;2;7;0;0;5;15;1;
202300019936;155645209;B01;2;33;0;2;1;2;1;
202300019937;155645207;A01;2;1;0;1;3;1;5;
202300019938;155645205;A01;2;7;4;0;1;1;1;
202300019939;155645203;A01;2;1;0;1;1;7;5;
202300019940;155645202;A01;3;7;0;2;3;16;1;
202300019940;155645204;B01;1;33;0;2;1;1;1;
202300019941;155645197;A01;1;33;0;2;1;23;1;
202300019941;155645200;B01;3;33;0;0;4;23;1;
202300019942;155645198;A01;2;1;0;2;1;1;5;
202300019942;155645201;B01;2;1;0;0;0;18;5;
202300019943;155645196;A01;1;7;0;2;1;1;1;
202300019943;155645199;B01;1;7;0;2;3;1;1;
202300019944;155645195;A01;1;33;13;0;1;0;1;
202300019945;155645194;A01;1;1;0;0;1;21;5;
202300019946;155645193;A01;2;2;0;1;1;1;1;
202300019947;155645190;A01;2;33;0;2;1;21;1;
202300019947;155645191;B01;2;7;0;0;6;2;1;
202300019947;155645192;C01;1;7;0;9;1;1;1;
202300019948;155645189;A01;1;1;8;0;1;21;5;
202300019949;155645186;A01;2;7;0;2;1;2;1;
202300019949;155645188;B01;2;7;0;2;4;1;1;
202300019950;155645185;A01;3;7;10;2;6;21;1;
202300019950;155645187;B01;3;31;0;2;3;1;1;
202300019951;155645184;A01;1;32;0;1;1;1;1;
202300019952;155645181;A01;1;34;0;2;2;17;1;
202300019952;155645183;B01;1;10;0;2;8;15;1;
202300019953;155645180;A01;2;7;0;2;3;15;1;
202300019953;155645182;B01;2;1;0;2;7;1;5;
202300019954;155645179;A01;3;7;0;1;3;1;1;
202300019955;155645177;A01;1;33;0;2;6;13;1;
202300019955;155645178;B01;2;7;0;2;3;1;1;
202300019956;155645176;Z01;1;13;0;1;0;1;0;
202300019957;155645174;A01;1;33;5;0;2;1;1;
202300019958;155645173;A01;2;7;0;2;1;1;1;
202300019958;155645175;B01;2;10;0;2;4;0;1;
202300019959;155645170;B01;3;7;0;2;1;1;2;
202300019959;155645172;A01;3;1;0;2;7;1;5;
202300019960;155645168;A01;2;50;0;2;1;0;3;
202300019960;155645171;B01;1;7;0;2;1;1;1;
202300019961;155645167;A01;2;7;0;2;2;15;1;
202300019961;155645169;B01;1;33;0;2;1;1;1;
202300019962;155645165;A01;1;7;0;1;2;1;1;
202300019963;155645164;A01;2;7;0;2;3;15;1;
202300019963;155645166;B01;2;32;0;2;1;17;1;
202300019964;155645162;B01;0;7;0;2;4;2;0;
202300019964;155645163;A01;0;7;0;2;1;0;0;
202300019965;155645158;B01;2;7;0;2;1;1;1;
202300019965;155645160;A01;1;7;3;2;1;13;1;
202300019965;155645161;C01;2;7;0;2;3;21;1;
202300019966;155645156;A01;1;7;0;2;2;22;3;
202300019966;155645159;B01;2;1;0;2;2;1;5;
202300019967;155645155;A01;1;10;0;2;3;15;0;
202300019967;155645157;B01;1;31;0;2;1;17;0;
202300019968;155645152;A01;2;7;0;2;3;10;0;
202300019968;155645154;B01;2;33;0;0;1;17;1;
202300019969;155645151;A01;1;7;0;1;1;1;6;
202300019970;155645150;A01;2;33;0;2;3;16;1;
202300019970;155645153;Z01;2;7;0;2;0;1;1;
202300019971;155645148;B01;2;7;0;2;4;1;1;
202300019971;155645149;A01;2;33;0;2;1;1;1;
202300019972;155645146;A01;1;40;0;2;1;1;3;
202300019972;155645147;B01;0;50;0;4;3;19;3;
202300019973;155645145;A01;2;1;0;1;1;1;5;
202300019974;155645142;A01;2;7;0;2;1;15;1;
202300019974;155645144;B01;1;7;8;2;1;1;1;
202300019975;155645141;B01;2;10;0;2;1;2;1;
202300019975;155645143;A01;2;7;0;2;4;2;1;
202300019976;155645138;A01;2;10;13;0;1;0;1;
202300019977;155645139;A01;1;10;0;2;1;1;1;
202300019977;155645140;B01;1;7;0;2;4;1;1;
202300019978;155645137;A01;3;10;0;1;4;4;0;
202300019979;155645133;A01;3;32;0;2;8;2;1;
202300019979;155645135;B01;3;7;0;2;4;2;0;
202300019980;155645132;A01;2;7;0;2;1;1;1;
202300019980;155645136;B01;2;7;7;0;8;19;1;
202300019981;155645131;A01;1;30;0;2;1;1;1;
202300019981;155645134;B01;1;7;0;2;8;1;1;
202300019982;155645130;A01;1;1;0;0;1;21;5;
202300019983;155645127;A01;1;7;0;2;2;17;1;
202300019983;155645129;B01;1;1;0;2;8;1;5;
202300019984;155645126;A01;2;34;0;2;2;16;0;
202300019984;155645128;B01;2;7;0;9;6;16;0;
202300019985;155645125;A01;1;10;0;1;2;1;1;
202300019986;155645121;B01;2;43;0;2;2;1;1;
202300019986;155645123;A01;3;31;0;2;8;15;1;
202300019987;155645120;A01;3;7;0;2;1;1;1;
202300019987;155645124;B01;3;7;0;2;1;15;1;
202300019988;155645119;A01;2;10;0;2;3;2;1;
202300019988;155645122;B01;2;34;0;2;4;23;1;
202300019989;155645116;A01;1;7;0;1;1;0;0;
202300019990;155645114;A01;2;32;0;2;7;1;1;
202300019990;155645117;B01;2;10;0;2;8;20;1;
202300019991;155645113;A01;1;7;0;2;3;15;1;
202300019991;155645115;B01;1;7;0;2;3;1;1;
202300019991;155645118;C01;2;33;0;2;1;1;1;
202300019992;155645106;A01;1;33;3;2;9;1;1;
202300019992;155645109;B01;2;7;0;0;3;1;1;
202300019993;155645108;A01;1;33;1;0;2;19;0;
202300019993;155645110;C01;1;7;9;0;2;19;0;
202300019993;155645112;B01;1;7;14;0;0;0;0;
202300019994;155645107;A01;1;10;0;2;5;16;1;
202300019994;155645111;B01;1;50;0;2;1;1;3;
202300019995;155645102;A01;1;7;0;2;3;17;1;
202300019995;155645104;B01;2;1;0;2;1;1;5;
202300019996;155645101;A01;1;7;0;2;3;1;1;
202300019996;155645105;B01;2;7;0;2;3;1;1;
202300019997;155645100;B01;1;7;0;2;6;1;2;
202300019997;155645103;A01;1;32;0;2;1;1;1;
202300019998;155645099;A01;2;31;6;0;3;1;1;
202300019999;155645097;Y01;3;99;0;2;7;19;0;
202300019999;155645098;A01;3;1;0;1;1;1;5;
202300020000;155645094;A01;1;7;0;0;5;0;0;
202300020000;155645095;B01;1;33;0;2;1;1;1;
202300020001;155645093;B01;1;1;0;2;1;19;5;
202300020001;155645096;A01;2;10;0;2;7;16;1;
202300020002;155645092;A01;1;31;0;1;1;3;0;
202300020003;155645090;A01;1;1;0;2;3;9;5;
202300020003;155645091;B01;1;7;0;2;2;1;1;
202300020004;155645087;A01;2;7;13;0;0;0;1;
202300020005;155645088;A01;2;10;0;1;3;15;1;
202300020006;155645086;A01;3;30;0;2;1;1;1;
202300020006;155645089;B01;3;7;0;2;1;15;1;
202300020007;155645084;A01;0;7;0;1;1;1;0;
202300020008;155645083;A01;1;2;0;2;8;15;0;
202300020008;155645085;B01;1;7;0;2;7;17;0;
202300020009;155645080;A01;2;33;0;6;1;1;1;
202300020010;155645079;A01;3;37;1;0;2;2;4;1.0
202300020010;155645081;B01;3;7;0;2;5;2;2;
202300020011;155645077;A01;2;33;0;0;0;1;1;
202300020012;155645078;B01;1;2;0;2;0;0;1;
202300020012;155645082;A01;1;7;0;2;1;1;1;
202300020013;155645074;A01;1;7;0;0;9;0;1;
202300020014;155645075;A01;2;33;0;2;1;3;1;
202300020014;155645076;B01;2;1;0;2;4;12;5;
202300020015;155645072;A01;0;10;0;2;1;15;1;
202300020015;155645073;B01;0;50;0;2;1;1;3;
202300020016;155645069;A01;2;7;3;2;1;1;1;
202300020016;155645071;B01;2;7;0;0;4;1;1;
202300020017;155645068;A01;1;34;0;2;1;1;1;
202300020017;155645070;B01;1;7;0;2;4;15;1;
202300020018;155645066;B01;3;7;1;0;3;1;3;
202300020018;155645067;A01;3;7;0;2;1;0;1;
202300020019;155645061;A01;3;7;0;2;1;1;1;
202300020019;155645064;B01;3;7;0;2;8;1;1;
202300020020;155645063;A01;1;15;0;2;1;2;1;
202300020020;155645065;B01;1;7;0;0;4;1;1;
202300020021;155645062;A01;2;10;0;1;1;16;1;
202300020022;155645056;B01;1;7;3;0;4;23;1;
202300020022;155645059;A01;1;17;0;2;1;1;1;
202300020023;155645057;A01;1;7;0;2;3;15;1;
202300020023;155645060;B01;2;33;0;2;8;1;1;
202300020024;155645055;B01;2;1;0;2;1;1;5;
202300020024;155645058;A01;1;7;0;9;1;9;1;
202300020025;155645052;A01;1;33;0;2;1;1;1;
202300020025;155645053;B01;1;7;0;2;4;26;1;
202300020026;155645051;A01;1;10;0;2;1;1;1;
202300020026;155645054;B01;2;7;0;2;1;16;1;
202300020027;155645046;A01;1;7;0;2;6;23;1;
202300020027;155645048;C01;1;7;0;2;3;1;1;
202300020027;155645050;B01;1;32;0;2;1;17;1;
202300020028;155645044;A01;3;7;0;2;8;1;0;
202300020028;155645049;B01;2;10;0;2;1;19;1;
202300020029;155645045;A01;0;7;0;2;0;0;0;
202300020029;155645047;B01;1;50;0;2;0;0;3;
202300020030;155645040;A01;1;7;0;2;2;1;1;
202300020030;155645043;B01;1;7;0;2;3;9;1;
202300020031;155645038;A01;2;7;0;2;3;13;1;
202300020031;155645042;B01;1;7;0;2;3;1;1;
202300020032;155645036;B01;2;7;0;2;1;1;1;
202300020032;155645039;C01;1;10;0;2;1;0;1;
202300020032;155645041;A01;2;7;0;2;1;1;1;
202300020033;155645035;B01;1;1;0;0;4;11;5;
202300020033;155645037;A01;1;7;0;2;2;9;1;
202300020034;155645033;A01;2;33;0;0;6;21;1;
202300020034;155645034;B01;2;7;0;2;3;15;1;
202300020035;155645030;A01;1;7;0;2;3;2;1;
202300020035;155645032;B01;1;7;6;2;5;15;1;
202300020036;155645029;A01;2;7;0;2;1;2;1;
202300020036;155645031;B01;1;50;0;2;8;19;3;
202300020037;155645028;A01;2;31;0;0;7;19;1;
202300020038;155645026;A01;2;7;0;2;3;9;1;
202300020038;155645027;B01;1;2;0;2;1;6;1;
202300020039;155645025;A01;1;7;0;1;1;1;1;
202300020040;155645022;B01;2;7;0;2;5;17;1;
202300020040;155645024;A01;2;33;0;2;1;18;1;
202300020041;155645021;B01;1;7;0;2;3;15;1;
202300020041;155645023;A01;2;33;0;2;1;17;1;
202300020042;155645020;A01;2;7;0;0;1;0;1;
202300020043;155645015;A01;2;10;4;2;3;11;1;
202300020043;155645018;B01;1;2;0;2;1;1;3;
202300020044;155645013;A01;1;33;0;2;9;26;1;
202300020044;155645014;B01;2;99;0;2;3;1;1;
202300020045;155645012;A01;3;7;0;1;1;23;1;
202300020046;155645010;B01;2;15;0;2;1;2;1;
202300020046;155645011;A01;2;10;0;0;4;19;1;
202300020047;155645007;A01;1;32;0;2;1;13;1;
202300020047;155645008;B01;2;10;0;2;3;1;1;
202300020048;155645005;B01;1;10;0;2;2;1;1;
202300020048;155645006;A01;2;7;0;2;3;15;1;
202300020049;155645009;A01;1;2;0;0;0;1;1;
202300020050;155645003;A01;2;33;4;0;1;0;1;
202300020051;155645002;A01;2;10;0;1;3;15;1;
202300020052;155645001;A01;1;10;0;2;3;13;1;
202300020052;155645004;B01;2;13;0;2;3;1;1;
202300020053;155644998;A01;1;15;0;2;2;2;0;
202300020053;155645000;B01;1;1;0;2;3;2;5;
202300020054;155644997;B01;2;30;0;2;5;1;0;
202300020054;155644999;A01;1;7;0;2;3;15;1;
202300020055;155644995;A01;1;10;0;2;1;1;1;
202300020055;155644996;B01;1;7;0;0;4;1;1;
202300020056;155644991;A01;1;7;0;2;3;1;1;
202300020056;155644994;B01;2;10;0;2;3;13;1;
202300020057;155644990;A01;1;7;0;2;2;25;2;
202300020057;155644993;B01;0;2;0;2;0;0;0;
202300020058;155644989;A01;1;7;0;2;1;15;1;
202300020058;155644992;B01;2;7;0;2;1;1;1;
202300020059;155644984;A01;2;7;0;2;3;15;1;
202300020059;155644988;B01;1;33;0;2;7;21;1;
202300020060;155644985;A01;1;7;1;2;2;1;0;
202300020060;155644987;B01;2;33;1;2;1;5;0;
202300020061;155644983;A01;2;7;0;2;1;17;1;
202300020061;155644986;B01;2;7;0;0;8;15;1;
202300020062;155644982;A01;1;7;0;1;1;1;1;
202300020063;155644980;B01;3;1;0;2;8;16;5;
202300020063;155644981;A01;0;7;0;0;0;0;3;
202300020064;155644977;A01;0;7;0;9;2;1;1;
202300020064;155644979;B01;0;1;0;2;4;1;5;
202300020065;155644976;C01;1;7;1;1;4;23;1;
202300020065;155644978;A01;1;14;1;0;2;1;1;
202300020066;155644975;A01;2;7;0;1;1;1;0;
202300020067;155644974;A01;1;7;13;0;0;1;1;
202300020068;155644973;A01;1;7;1;0;1;13;1;
202300020069;155644970;A01;3;30;0;2;8;16;1;
202300020069;155644972;B01;3;7;0;2;1;0;1;
202300020070;155644969;B01;2;7;0;2;1;1;1;
202300020070;155644971;A01;3;7;0;2;8;1;1;
202300020071;155644966;A01;1;33;0;2;1;17;1;
202300020072;155644965;A01;2;7;0;2;1;2;1;
202300020072;155644967;B01;2;7;0;2;4;2;1;
202300020072;155644968;C01;2;7;0;2;4;2;1;
202300020073;155644963;B01;1;7;0;2;1;1;1;
202300020073;155644964;A01;2;7;0;2;1;9;1;
202300020074;155644960;A01;1;7;0;2;3;11;1;
202300020074;155644961;B01;1;7;0;2;5;12;1;
202300020075;155644959;A01;3;7;0;2;2;15;1;
202300020075;155644962;B01;3;30;0;2;1;1;1;
202300020076;155644955;A01;3;30;0;2;1;1;2;
202300020076;155644958;B01;3;7;0;2;3;15;1;
202300020077;155644954;A01;1;7;3;2;2;18;1;
202300020077;155644957;B01;1;7;3;2;5;1;1;
202300020078;155644953;B01;1;7;0;2;3;19;1;
202300020078;155644956;A01;1;30;0;2;2;19;1;
202300020079;155644949;B01;1;7;0;2;8;13;1;
202300020079;155644952;A01;2;7;0;2;8;13;1;
202300020080;155644947;A01;2;7;0;2;7;12;1;
202300020080;155644950;B01;2;33;0;2;8;3;1;
202300020080;155644951;C01;2;10;0;2;7;1;1;
202300020081;155644946;A01;1;30;0;2;2;17;1;
202300020081;155644948;B01;1;7;0;2;3;1;1;
202300020082;155644940;C01;1;7;0;2;4;1;1;
202300020082;155644942;A01;1;7;0;2;1;1;1;
202300020082;155644944;B01;1;7;0;2;4;1;1;
202300020083;155644939;A01;1;2;0;2;1;17;1;
202300020083;155644943;B01;2;7;0;2;3;1;1;
202300020084;155644938;A01;1;7;0;2;3;13;1;
202300020084;155644941;B01;2;7;0;2;3;1;1;
202300020085;155644935;A01;2;33;0;2;1;18;1;
202300020085;155644936;B01;2;7;0;2;1;1;1;
202300020086;155644934;A01;1;7;0;1;1;16;1;
202300020087;155644932;A01;3;7;2;0;1;1;0;
202300020088;155644931;A01;1;33;12;2;1;1;1;
202300020088;155644933;B01;2;10;0;2;2;1;1;
202300020089;155644930;A01;0;7;0;1;0;26;1;
202300020090;155644926;A01;1;7;0;2;3;13;1;
202300020090;155644928;B01;2;7;6;2;3;1;1;
202300020091;155644923;A01;2;7;0;1;1;1;1;
202300020092;155644922;A01;2;2;0;2;3;15;1;
202300020092;155644924;B01;1;7;0;2;2;1;1;
202300020093;155644920;A01;3;7;0;2;0;9;0;
202300020094;155644919;A01;1;2;0;2;1;2;0;
202300020094;155644921;B01;1;7;0;2;4;2;0;
202300020095;155644916;A01;2;7;6;2;2;17;1;
202300020095;155644918;B01;1;7;0;2;2;1;1;
202300020096;155644914;A01;0;3;0;2;1;26;1;
202300020096;155644917;B01;0;3;0;2;1;26;1;
202300020097;155644913;A01;2;7;13;2;7;12;1;
202300020097;155644915;B01;2;7;0;2;5;1;1;
202300020098;155644911;A01;1;7;0;1;1;16;3;
202300020099;155644909;A01;1;7;0;2;1;15;2;
202300020099;155644912;B01;2;7;0;2;1;1;1;
202300020100;155644908;A01;1;7;0;2;1;0;1;
202300020100;155644910;B01;2;7;0;2;1;0;1;
202300020101;155644907;A01;2;50;0;1;1;1;3;
202300020102;155644905;A01;1;7;7;9;0;0;1;
202300020103;155644901;B01;2;7;0;2;7;1;1;
202300020103;155644903;A01;2;7;9;2;1;1;1;
202300020104;155644900;B01;1;7;0;2;9;21;1;
202300020104;155644904;C01;2;7;0;0;8;1;1;
202300020104;155644906;A01;2;7;0;2;1;19;1;
202300020105;155644899;B01;2;7;0;9;1;1;1;
202300020105;155644902;A01;1;1;0;2;1;1;5;
202300020106;155644897;A01;1;7;0;2;4;2;1;
202300020106;155644898;B01;1;7;0;0;4;2;1;
202300020107;155644895;A01;1;7;0;0;0;9;1;
202300020108;155644894;A01;1;7;0;2;1;13;1;
202300020108;155644896;B01;2;38;0;2;1;1;1;2.0
202300020109;155644893;A01;1;7;0;1;2;26;1;
202300020110;155644892;A01;3;2;0;0;0;21;1;
202300020111;155644890;A01;2;7;0;2;3;15;1;
202300020111;155644891;B01;1;30;0;2;6;1;1;
202300020112;155644889;A01;1;7;13;0;2;1;1;
202300020113;155644888;A01;1;7;2;2;1;14;1;
202300020114;155644885;A01;2;7;0;0;5;15;1;
202300020114;155644887;B01;1;33;0;2;2;1;1;
202300020115;155644883;A01;1;7;0;2;3;15;1;
202300020115;155644886;B01;2;7;0;2;6;1;1;
202300020116;155644881;A01;3;2;0;0;1;0;1;
202300020117;155644877;B01;3;7;0;2;3;15;1;
202300020117;155644880;A01;2;7;0;2;1;1;1;
202300020118;155644876;A01;1;7;13;0;3;13;1;
202300020119;155644874;A01;2;7;0;1;3;1;1;
202300020120;155644873;A01;2;7;0;0;2;1;1;
202300020121;155644872;B01;1;7;0;2;3;1;1;
202300020121;155644875;A01;1;34;0;2;1;1;1;
202300020122;155644871;A01;2;7;0;1;3;0;1;
202300020123;155644869;B01;1;7;0;2;3;1;1;
202300020123;155644870;A01;2;2;0;2;3;1;1;
202300020124;155644868;A01;2;10;0;1;1;26;1;
202300020125;155644866;A01;1;7;0;2;3;17;0;
202300020125;155644867;B01;2;7;0;2;6;1;0;
202300020126;155644863;A01;3;33;0;2;1;13;0;
202300020126;155644864;B01;3;33;0;2;1;2;0;
202300020127;155644865;A01;2;17;0;1;2;15;1;
202300020128;155644862;A01;3;7;6;9;3;1;1;
202300020129;155644860;B01;3;7;0;2;6;19;0;
202300020129;155644861;A01;0;7;0;2;1;15;1;
202300020130;155644854;A01;3;7;0;2;9;1;1;
202300020130;155644857;B01;3;7;0;2;4;1;1;
202300020131;155644855;B01;1;7;0;2;3;23;1;
202300020131;155644858;C01;2;21;0;2;3;1;1;
202300020131;155644859;A01;1;7;0;2;1;17;1;
202300020132;155644856;A01;1;7;1;0;3;1;0;
202300020133;155644852;A01;1;7;2;0;1;1;1;
202300020134;155644851;B01;1;33;0;2;5;16;1;
202300020134;155644853;A01;1;7;0;2;1;1;1;
202300020135;155644850;A01;1;7;0;1;3;1;1;
202300020136;155644849;A01;2;7;13;0;9;1;1;
202300020137;155644846;B01;2;34;0;2;2;1;1;
202300020137;155644848;A01;2;7;0;2;3;10;1;
202300020138;155644843;A01;3;7;0;2;3;21;1;
202300020138;155644845;B01;3;2;0;2;1;13;1;
202300020139;155644844;A01;1;31;0;0;8;1;1;
202300020140;155644841;A01;2;7;15;1;2;14;1;
202300020141;155644839;A01;3;2;0;0;1;5;1;
202300020141;155644842;B01;3;21;0;2;1;1;1;
202300020142;155644837;A01;1;7;9;0;1;1;1;
202300020143;155644838;A01;1;7;0;2;1;1;1;
202300020143;155644840;B01;1;7;0;2;4;2;1;
202300020144;155644836;A01;2;7;13;0;2;1;1;
202300020145;155644832;A01;0;7;0;2;2;1;1;
202300020145;155644834;B01;0;7;0;2;0;0;0;
202300020146;155644833;A01;2;7;0;2;1;15;1;
202300020146;155644835;B01;1;2;0;2;7;17;1;
202300020147;155644830;A01;2;7;0;2;3;15;0;
202300020147;155644831;B01;1;33;0;2;1;1;1;
202300020148;155644828;A01;2;7;0;0;9;1;1;
202300020149;155644827;A01;1;7;0;2;2;15;1;
202300020149;155644829;B01;2;33;0;2;1;1;1;
202300020150;155644825;B01;1;2;0;2;1;1;1;
202300020150;155644826;A01;1;7;0;0;0;15;1;