Num_Acc;id_vehicule;num_veh;senc;catv;obs;obsm;choc;manv;motor;occutc
202300020151;155644823;B01;3;30;0;2;1;1;1;
202300020151;155644824;A01;3;7;0;2;2;15;1;
202300020152;155644822;A01;1;7;0;1;2;1;1;
202300020153;155644818;A01;1;7;0;2;3;10;1;
202300020153;155644820;B01;1;32;0;2;1;1;1;
202300020154;155644819;A01;2;7;0;2;1;1;1;
202300020154;155644821;B01;2;7;0;2;1;1;1;
202300020155;155644813;B01;0;13;0;2;8;1;1;
202300020155;155644815;A01;0;7;0;2;3;13;1;
202300020156;155644814;A01;2;7;0;2;2;19;2;
202300020156;155644817;B01;1;7;0;2;3;1;1;
202300020157;155644812;A01;1;7;0;2;3;15;1;
202300020157;155644816;B01;1;32;0;2;1;15;1;
202300020158;155644808;A01;0;7;0;0;4;1;1;
202300020158;155644811;B01;0;7;0;2;1;2;1;
202300020159;155644807;A01;3;30;0;2;1;17;1;
202300020159;155644810;B01;3;7;0;2;8;15;1;
202300020160;155644806;A01;1;1;0;2;8;15;5;
202300020160;155644809;B01;1;7;0;0;2;17;0;
202300020161;155644805;A01;1;15;4;0;1;1;1;
202300020162;155644803;A01;1;7;0;2;1;2;1;
202300020162;155644804;B01;1;43;0;2;4;23;1;
202300020163;155644800;A01;1;33;0;2;1;2;1;
202300020163;155644802;B01;1;10;0;0;4;2;1;
202300020164;155644799;A01;1;7;0;2;1;1;1;
202300020164;155644801;B01;2;7;0;2;1;17;1;
202300020165;155644798;A01;3;7;4;0;3;15;0;
202300020166;155644797;A01;2;7;0;1;3;2;1;
202300020167;155644794;A01;1;7;0;0;3;5;0;
202300020167;155644795;B01;2;7;0;0;3;1;0;
202300020168;155644793;B01;1;33;0;2;2;21;1;
202300020168;155644796;A01;3;7;0;2;6;9;1;
202300020169;155644791;A01;2;2;0;2;1;13;1;
202300020169;155644792;B01;1;38;0;2;3;0;1;1.0
202300020170;155644790;A01;2;7;13;0;3;1;1;
202300020171;155644789;A01;2;7;0;1;1;1;1;
202300020172;155644786;A01;2;3;0;2;1;2;1;
202300020172;155644788;B01;2;7;0;2;4;23;1;
202300020173;155644784;A01;1;17;0;0;4;2;1;
202300020173;155644787;B01;1;7;0;2;1;12;1;
202300020174;155644783;A01;1;10;0;2;3;1;1;
202300020174;155644785;B01;2;7;0;2;3;1;1;
202300020175;155644781;A01;2;2;0;2;1;2;1;
202300020175;155644782;B01;2;7;0;2;0;0;1;
202300020176;155644779;A01;1;7;0;1;1;16;1;
202300020177;155644776;A01;1;10;0;2;2;1;1;
202300020177;155644778;B01;1;1;0;2;6;2;5;
202300020178;155644777;A01;2;7;0;2;1;2;0;
202300020178;155644780;B01;2;31;0;0;4;23;1;
202300020179;155644772;A01;1;7;0;2;1;1;0;
202300020179;155644774;B01;2;7;0;2;2;15;1;
202300020180;155644770;A01;1;7;0;2;1;13;1;
202300020180;155644771;B01;2;7;0;2;1;1;1;
202300020181;155644769;A01;2;7;2;0;1;13;1;
202300020182;155644768;A01;1;31;12;0;1;1;1;
202300020183;155644764;A01;1;7;4;2;1;2;1;
202300020183;155644766;B01;1;7;0;0;6;2;2;
202300020184;155644763;A01;3;13;0;2;1;15;1;
202300020184;155644767;B01;3;7;0;2;7;1;1;
202300020185;155644762;A01;2;7;0;2;2;15;3;
202300020185;155644765;B01;2;32;0;2;1;1;1;
202300020186;155644761;A01;1;7;2;0;7;0;1;
202300020187;155644758;A01;1;7;0;2;1;1;1;
202300020187;155644760;B01;2;37;0;2;1;1;1;1.0
202300020188;155644757;A01;1;7;0;2;1;1;1;
202300020188;155644759;B01;1;3;0;0;4;23;1;
202300020189;155644755;A01;2;7;0;2;1;13;2;
202300020189;155644756;B01;1;33;0;2;1;1;1;
202300020190;155644750;A01;1;7;0;2;3;0;1;
202300020190;155644753;B01;2;7;0;2;1;0;1;
202300020191;155644752;B01;2;31;0;2;1;1;1;
202300020191;155644754;A01;1;7;0;2;1;19;1;
202300020192;155644751;A01;0;7;2;0;1;1;0;
202300020193;155644749;A01;3;7;0;0;9;1;1;
202300020194;155644745;A01;2;7;0;2;2;11;1;
202300020194;155644747;B01;2;7;0;2;6;1;1;
202300020195;155644746;B01;0;33;0;2;3;1;1;
202300020195;155644748;A01;0;7;0;2;3;13;1;
202300020196;155644742;A01;1;31;0;2;3;20;1;
202300020196;155644744;B01;2;1;0;2;1;1;5;
202300020197;155644740;A01;2;7;0;0;5;15;1;
202300020197;155644741;B01;1;33;0;2;1;1;1;
202300020198;155644738;A01;1;7;0;1;1;1;1;
202300020199;155644737;B01;2;43;0;2;8;1;1;
202300020199;155644739;A01;2;7;0;2;2;15;1;
202300020200;155644736;A01;2;7;3;0;3;2;1;
202300020201;155644734;A01;2;7;0;1;3;1;1;
202300020202;155644733;A01;2;7;0;2;6;9;1;
202300020202;155644735;B01;2;2;0;2;2;1;3;
202300020203;155644732;A01;1;7;9;0;1;13;1;
202300020204;155644728;B01;1;33;8;2;8;1;1;
202300020204;155644731;A01;1;7;0;2;3;19;1;
202300020205;155644727;A01;1;7;0;2;3;1;1;
202300020205;155644730;B01;2;13;0;2;2;1;1;
202300020206;155644726;A01;2;7;0;2;8;9;1;
202300020206;155644729;B01;1;7;0;2;1;1;1;
202300020207;155644723;A01;1;7;0;2;3;11;1;
202300020207;155644724;B01;1;33;0;2;7;2;1;
202300020208;155644722;A01;3;7;0;2;5;9;1;
202300020208;155644725;B01;2;43;0;2;1;1;1;
202300020209;155644720;A01;2;7;0;2;5;15;1;
202300020209;155644721;B01;1;33;0;2;1;1;1;
202300020210;155644718;A01;1;33;2;0;0;0;0;
202300020211;155644717;A01;2;7;0;2;3;1;2;
202300020211;155644719;B01;2;31;0;2;2;1;1;
202300020212;155644711;A01;2;7;0;2;4;24;1;
202300020212;155644714;B01;2;7;0;2;1;2;1;
202300020212;155644715;C01;2;7;0;2;3;2;1;
202300020213;155644710;A01;2;7;0;2;5;1;1;
202300020213;155644713;B01;1;30;0;2;1;1;1;
202300020214;155644709;A01;1;7;0;2;3;6;1;
202300020214;155644712;B01;2;7;0;0;5;1;1;
202300020214;155644716;C01;2;7;0;2;1;1;1;
202300020215;155644706;A01;1;31;8;0;1;13;1;
202300020216;155644707;A01;2;7;0;0;9;1;1;
202300020217;155644705;B01;1;37;0;2;2;13;1;1.0
202300020217;155644708;A01;1;1;0;2;3;13;5;
202300020218;155644703;B01;2;15;0;2;3;1;1;
202300020218;155644704;A01;1;7;0;2;1;5;1;
202300020219;155644700;B01;2;50;12;2;1;1;3;
202300020219;155644702;A01;1;37;0;2;8;1;6;1.0
202300020220;155644699;A01;3;7;0;1;1;15;0;
202300020221;155644698;A01;2;10;0;2;4;4;1;
202300020221;155644701;B01;2;33;0;2;1;1;1;
202300020222;155644697;A01;1;7;2;0;1;1;0;
202300020223;155644693;A01;2;37;8;0;1;13;1;1.0
202300020224;155644692;B01;0;1;0;2;7;1;5;
202300020224;155644696;A01;0;7;0;9;1;9;0;
202300020225;155644694;A01;1;7;0;2;0;0;1;
202300020225;155644695;B01;1;33;0;2;0;0;1;
202300020226;155644688;B01;3;50;0;2;1;2;3;
202300020226;155644689;X01;0;7;0;2;4;0;0;
202300020227;155644687;A01;1;10;0;2;1;1;1;
202300020227;155644690;B01;1;10;3;2;7;1;1;
202300020228;155644685;A01;1;7;0;2;5;1;1;
202300020228;155644686;B01;1;33;0;2;1;21;1;
202300020229;155644684;A01;2;33;0;1;1;9;1;
202300020230;155644681;A01;1;7;0;2;1;13;1;
202300020230;155644683;B01;2;7;0;2;1;1;1;
202300020231;155644680;A01;1;33;0;0;1;0;1;
202300020231;155644682;B01;1;33;0;0;1;0;1;
202300020232;155644679;A01;2;7;1;1;2;1;1;
202300020233;155644678;A01;1;7;8;0;1;1;1;
202300020234;155644676;A01;1;33;0;2;7;21;1;
202300020234;155644677;B01;2;7;0;2;1;20;1;
202300020235;155644674;A01;1;33;0;0;8;1;1;
202300020236;155644673;A01;3;10;0;2;3;15;1;
202300020236;155644675;B01;3;34;0;2;2;17;1;
202300020237;155644672;A01;2;7;0;1;0;13;1;
202300020238;155644670;A01;2;7;0;1;1;1;1;
202300020239;155644668;A01;1;30;0;2;0;0;0;
202300020239;155644671;B01;1;7;0;2;3;9;0;
202300020240;155644667;B01;1;7;0;2;8;1;1;
202300020240;155644669;A01;1;10;0;2;2;12;1;
202300020241;155644665;A01;3;7;0;2;3;13;1;
202300020241;155644666;B01;3;33;0;2;1;0;1;
202300020242;155644664;A01;1;7;0;1;1;1;1;
202300020243;155644662;A01;2;7;14;0;1;1;1;
202300020244;155644659;A01;3;30;0;2;8;1;1;
202300020244;155644661;X01;3;7;0;2;2;16;1;
202300020245;155644655;B01;2;10;0;2;8;11;1;
202300020245;155644657;C01;2;7;0;2;4;1;1;
202300020245;155644658;A01;2;33;0;2;2;3;1;
202300020246;155644653;B01;2;7;0;2;4;23;1;
202300020246;155644656;A01;2;10;0;2;1;1;1;
202300020247;155644652;A01;3;34;0;2;1;3;1;
202300020247;155644654;B01;3;7;0;2;6;1;1;
202300020248;155644650;A01;2;7;0;2;1;2;1;
202300020248;155644651;B01;2;10;0;2;4;2;1;
202300020249;155644648;A01;2;7;0;2;1;1;1;
202300020249;155644649;B01;2;10;0;2;4;1;1;
202300020250;155644645;A01;1;30;0;2;1;0;1;
202300020250;155644647;B01;1;30;0;2;0;0;1;
202300020251;155644644;B01;1;7;0;2;4;1;1;
202300020251;155644646;A01;1;7;0;2;1;2;1;
202300020252;155644641;A01;2;31;4;2;7;2;1;
202300020253;155644640;A01;3;7;0;1;1;1;1;
202300020254;155644639;A01;2;13;0;2;1;1;1;
202300020254;155644642;B01;2;7;0;2;4;1;1;
202300020254;155644643;C01;2;7;0;2;6;1;1;
202300020255;155644633;A01;1;33;0;2;0;3;1;
202300020255;155644634;B01;1;7;0;2;0;12;1;
202300020256;155644632;C01;2;7;0;2;4;0;1;
202300020256;155644636;A01;2;7;0;2;1;2;1;
202300020256;155644637;B01;2;10;0;2;4;2;1;
202300020257;155644630;A01;2;7;13;2;1;13;1;
202300020257;155644631;B01;1;15;0;2;3;21;1;
202300020258;155644627;A01;2;33;0;2;1;1;1;
202300020258;155644629;B01;2;7;0;2;5;1;1;
202300020259;155644626;A01;1;7;0;2;7;11;1;
202300020259;155644628;B01;1;7;0;2;8;2;1;
202300020260;155644624;B01;2;15;0;0;6;2;1;
202300020260;155644625;A01;2;10;0;2;1;2;1;
202300020261;155644618;C01;1;7;0;2;4;2;1;
202300020261;155644620;A01;1;10;0;2;1;2;1;
202300020261;155644622;B01;1;10;0;2;4;2;1;
202300020262;155644617;A01;2;10;0;2;1;2;1;
202300020262;155644619;B01;2;7;0;2;4;23;1;
202300020262;155644623;C01;2;10;0;2;4;2;1;
202300020263;155644616;A01;1;7;3;2;1;2;1;
202300020263;155644621;B01;1;7;3;2;4;2;1;
202300020264;155644614;Z01;1;7;0;2;1;2;1;
202300020264;155644615;B01;1;7;0;2;4;2;1;
202300020265;155644609;A01;1;7;0;2;1;1;1;
202300020265;155644612;B01;1;7;0;2;5;1;0;
202300020265;155644613;C01;1;7;0;2;2;1;1;
202300020266;155644607;A01;2;33;0;2;3;3;1;
202300020266;155644610;B01;2;7;0;2;5;2;1;
202300020266;155644611;C01;2;15;0;2;3;2;1;
202300020267;155644606;A01;1;7;0;2;4;26;0;
202300020267;155644608;B01;1;7;0;2;1;2;1;
202300020268;155644603;A01;1;7;13;9;2;1;1;
202300020269;155644601;A01;2;33;0;2;8;3;1;
202300020269;155644604;B01;2;7;0;2;7;12;1;
202300020270;155644602;A01;1;34;0;2;3;3;1;
202300020270;155644605;B01;1;10;0;2;7;11;1;
202300020271;155644597;A01;2;7;0;9;8;9;0;
202300020271;155644600;B01;2;1;0;2;7;1;5;
202300020272;155644596;A01;2;7;0;2;4;2;3;
202300020272;155644599;B01;2;7;0;2;1;2;1;
202300020273;155644594;A01;1;7;0;2;1;12;1;
202300020273;155644595;B01;1;7;0;2;4;1;1;
202300020273;155644598;C01;1;7;0;2;6;1;1;
202300020274;155644592;A01;2;2;0;2;1;2;1;
202300020274;155644593;B01;2;7;0;2;5;0;1;
202300020275;155644588;A01;2;7;3;0;0;0;0;
202300020275;155644590;B01;2;99;0;0;5;2;0;
202300020275;155644591;C01;2;7;14;0;1;2;0;
202300020276;155644586;B01;2;17;4;2;2;1;1;
202300020276;155644589;A01;2;7;4;2;6;11;1;
202300020277;155644585;A01;3;2;0;2;1;2;1;
202300020277;155644587;B01;1;7;0;2;4;2;1;
202300020278;155644584;A01;1;7;13;0;3;26;1;
202300020279;155644580;C01;2;7;0;2;1;2;1;
202300020279;155644582;B01;2;7;0;2;1;2;1;
202300020279;155644583;A01;2;7;0;0;4;15;1;
202300020280;155644581;A01;2;99;4;0;0;14;1;
202300020281;155644579;A01;2;7;0;1;3;16;0;
202300020282;155644574;B01;2;50;0;2;1;1;3;
202300020282;155644578;A01;1;7;0;2;3;1;1;
202300020283;155644575;A01;2;7;0;2;3;0;1;
202300020283;155644577;Z01;2;7;0;2;2;0;0;
202300020284;155644572;A01;1;99;3;0;2;1;1;
202300020285;155644573;B01;3;7;0;0;7;15;1;
202300020285;155644576;A01;3;2;0;2;1;21;1;
202300020286;155644570;A01;2;7;0;2;4;21;1;
202300020286;155644571;B01;2;7;0;2;1;0;1;
202300020287;155644568;A01;1;7;0;2;1;2;1;
202300020288;155644564;A01;1;10;0;2;1;2;1;
202300020288;155644565;B01;1;7;0;2;4;0;1;
202300020289;155644563;A01;1;7;3;0;0;1;1;
202300020290;155644561;B01;3;7;0;2;1;2;1;
202300020290;155644562;A01;3;7;0;2;4;23;1;
202300020291;155644560;A01;1;7;8;0;1;2;1;
202300020292;155644558;A01;3;34;0;2;1;1;1;
202300020292;155644559;B01;3;7;0;2;7;1;1;
202300020293;155644556;B01;2;7;0;2;3;15;1;
202300020293;155644557;A01;1;34;0;2;3;1;1;
202300020294;155644552;B01;2;7;0;2;2;1;1;
202300020294;155644553;A01;2;7;0;2;6;20;1;
202300020295;155644551;B01;1;32;0;2;2;2;1;
202300020295;155644554;A01;1;10;0;2;6;4;0;
202300020296;155644549;A01;1;7;0;2;3;15;1;
202300020296;155644550;B01;1;33;0;2;2;1;1;
202300020297;155644547;B01;2;7;0;2;1;1;1;
202300020297;155644548;A01;1;7;0;2;5;15;1;
202300020298;155644546;A01;3;7;0;1;1;2;0;
202300020299;155644545;A01;1;37;1;1;1;1;2;1.0
202300020300;155644543;A01;3;14;2;0;1;1;1;
202300020301;155644540;B01;1;30;0;2;7;1;-1;
202300020301;155644542;A01;2;30;0;2;1;10;-1;
202300020302;155644537;A01;1;7;0;2;3;26;1;
202300020302;155644539;B01;1;7;0;2;1;1;1;
202300020302;155644541;C01;1;7;0;2;4;1;1;
202300020303;155644536;B01;1;7;0;2;1;2;1;
202300020303;155644538;A01;2;7;0;2;1;5;1;
202300020304;155644534;A01;1;3;0;2;1;9;1;
202300020304;155644535;B01;2;7;0;2;1;0;1;
202300020305;155644532;A01;2;7;2;0;1;0;1;
202300020306;155644533;A01;1;30;0;1;1;26;0;
202300020307;155644530;A01;2;7;6;0;1;1;0;
202300020308;155644529;A01;1;30;0;2;1;1;1;
202300020308;155644531;B01;1;7;0;2;5;1;1;
202300020309;155644528;A01;3;10;0;1;2;1;1;
202300020310;155644526;A01;1;7;0;2;2;1;0;
202300020310;155644527;B01;1;7;0;2;1;1;0;
202300020311;155644523;B01;1;7;1;0;3;24;-1;
202300020311;155644525;A01;1;7;1;0;2;14;1;
202300020312;155644524;A01;1;7;14;0;1;1;3;
202300020313;155644522;A01;1;7;0;0;2;1;1;
202300020314;155644519;A01;2;33;4;0;3;0;1;
202300020315;155644518;B01;1;7;0;0;4;23;1;
202300020315;155644521;A01;1;10;0;2;1;1;1;
202300020316;155644517;B01;1;7;6;2;1;1;1;
202300020316;155644520;A01;1;7;0;2;3;1;1;
202300020317;155644514;A01;1;7;0;2;3;1;1;
202300020317;155644515;Z01;2;20;0;2;7;17;1;
202300020318;155644513;B01;1;7;0;2;5;1;1;
202300020318;155644516;A01;1;10;0;2;3;10;1;
202300020319;155644512;A01;2;7;0;1;3;15;1;
202300020320;155644511;A01;2;10;0;1;3;1;1;
202300020321;155644509;A01;2;2;0;2;1;13;0;
202300020321;155644510;B01;1;14;0;2;8;1;0;
202300020322;155644506;A01;1;10;0;2;1;1;1;
202300020322;155644507;B01;2;7;0;2;1;15;1;
202300020323;155644505;A01;3;7;0;2;3;21;1;
202300020323;155644508;B01;3;7;0;2;2;1;3;
202300020324;155644503;A01;1;7;0;2;3;1;0;
202300020324;155644504;B01;2;7;0;2;3;13;0;
202300020325;155644501;B01;1;7;0;2;0;15;1;
202300020325;155644502;A01;1;33;0;2;1;15;1;
202300020326;155644498;A01;0;30;0;2;1;26;1;
202300020326;155644500;B01;3;7;0;2;5;26;1;
202300020327;155644497;A01;2;7;0;2;2;15;1;
202300020327;155644499;B01;2;32;0;2;1;1;1;
202300020328;155644493;A01;3;7;0;2;3;16;1;
202300020328;155644496;B01;3;1;0;2;1;1;5;
202300020329;155644491;A01;1;7;0;2;8;9;0;
202300020329;155644494;C01;1;15;0;2;3;1;0;
202300020329;155644495;B01;2;37;0;2;2;1;0;16.0
202300020330;155644492;A01;1;7;0;1;2;16;1;
202300020331;155644488;A01;1;7;16;0;0;1;1;
202300020332;155644489;B01;1;32;0;2;1;1;1;
202300020332;155644490;A01;2;7;0;2;2;15;1;
202300020333;155644487;A01;3;7;0;1;2;1;6;
202300020334;155644486;A01;1;2;0;0;0;0;0;
202300020335;155644484;A01;1;7;0;1;2;26;1;
202300020336;155644483;B01;1;7;0;2;3;24;3;
202300020336;155644485;A01;2;10;1;0;3;13;1;
202300020337;155644478;A01;1;7;2;0;1;1;1;
202300020338;155644479;B01;1;7;0;2;4;1;1;
202300020338;155644481;C01;1;7;0;2;4;1;1;
202300020338;155644482;A01;1;7;0;2;1;1;1;
202300020339;155644477;B01;1;7;0;2;7;1;2;
202300020339;155644480;A01;2;7;0;2;3;1;1;
202300020340;155644473;A01;1;7;0;2;6;11;1;
202300020340;155644475;B01;1;33;0;2;2;1;1;
202300020341;155644474;A01;2;10;0;2;1;15;1;
202300020341;155644476;B01;1;2;0;2;3;1;1;
202300020342;155644471;A01;3;7;0;2;3;14;1;
202300020342;155644472;B01;3;50;0;2;5;14;3;
202300020343;155644468;A01;2;7;0;2;1;2;1;
202300020343;155644470;B01;2;33;0;2;4;2;1;
202300020344;155644466;A01;2;7;0;1;1;1;1;
202300020345;155644467;B01;1;2;0;2;5;1;1;
202300020345;155644469;A01;2;7;0;2;2;9;1;
202300020346;155644464;A01;2;10;0;1;1;26;1;
202300020347;155644465;A01;3;50;0;0;0;1;3;
202300020348;155644463;A01;2;7;6;0;1;13;1;
202300020349;155644461;A01;2;2;1;0;2;13;1;
202300020350;155644459;A01;3;7;0;2;1;1;1;
202300020350;155644462;B01;2;10;0;2;8;1;1;
202300020351;155644458;B01;2;7;0;2;1;1;1;
202300020351;155644460;A01;1;7;0;2;1;15;1;
202300020352;155644455;B01;1;1;1;0;1;1;5;
202300020352;155644457;A01;1;7;0;2;8;22;1;
202300020353;155644453;A01;2;7;0;2;3;13;1;
202300020353;155644456;B01;1;10;0;2;3;1;1;
202300020354;155644452;B01;2;7;0;2;3;1;0;
202300020354;155644454;A01;1;7;0;2;3;5;2;
202300020355;155644450;B01;3;1;0;2;1;1;5;
202300020355;155644451;A01;3;7;0;2;3;13;1;
202300020356;155644449;A01;1;14;0;1;5;4;1;
202300020357;155644448;A01;3;7;0;9;7;14;1;
202300020358;155644446;B01;2;1;0;2;2;1;5;
202300020358;155644447;A01;1;7;0;2;1;1;1;
202300020359;155644443;A01;1;30;0;2;1;17;1;
202300020359;155644445;B01;1;7;0;2;3;15;1;
202300020360;155644442;B01;1;7;8;2;2;1;0;
202300020360;155644444;A01;1;7;0;2;1;1;0;
202300020361;155644440;A01;2;34;0;2;7;17;1;
202300020361;155644441;B01;0;7;0;0;0;10;1;
202300020362;155644437;A01;3;7;0;2;0;0;1;
202300020362;155644439;B01;3;50;0;2;0;1;3;
202300020363;155644435;A01;2;7;0;2;1;1;1;
202300020363;155644438;B01;1;7;0;2;1;5;1;
202300020364;155644433;A01;3;7;0;0;1;15;1;
202300020364;155644436;B01;1;31;0;2;8;1;1;
202300020365;155644431;A01;1;7;0;1;3;1;1;
202300020366;155644432;B01;3;31;0;2;1;1;1;
202300020366;155644434;A01;3;7;0;2;2;15;6;
202300020367;155644430;A01;1;36;8;0;3;25;1;
202300020368;155644427;A01;1;50;0;1;1;1;3;
202300020369;155644426;B01;1;31;0;2;1;1;1;
202300020369;155644428;A01;3;7;0;2;2;15;1;
202300020370;155644425;A01;2;20;0;2;1;17;1;
202300020370;155644429;B01;2;7;15;2;8;15;1;
202300020371;155644423;A01;0;7;0;1;1;1;1;
202300020372;155644422;A01;1;7;2;2;1;2;1;
202300020372;155644424;B01;3;7;0;2;4;2;1;
202300020373;155644418;A01;2;7;0;1;1;1;1;
202300020374;155644417;B01;2;33;0;2;8;2;1;
202300020374;155644419;A01;2;7;0;2;1;15;1;
202300020375;155644416;A01;3;10;0;2;3;1;1;
202300020375;155644420;B01;3;33;0;2;1;1;1;
202300020376;155644413;A01;1;2;0;2;0;1;1;
202300020376;155644415;B01;1;7;0;2;0;16;1;
202300020377;155644411;A01;3;7;0;2;3;19;1;
202300020377;155644414;B01;3;32;0;2;1;3;1;
202300020378;155644405;A01;3;7;0;2;2;1;1;
202300020378;155644408;B01;2;50;0;2;1;1;3;
202300020379;155644406;A01;3;10;0;1;1;15;0;
202300020380;155644407;B01;1;7;0;2;8;26;0;
202300020380;155644409;A01;2;32;0;2;1;1;1;
202300020381;155644403;B01;1;2;0;0;3;1;0;
202300020381;155644404;A01;1;7;0;2;2;17;1;
202300020382;155644401;A01;3;7;0;1;4;4;1;
202300020383;155644400;A01;2;7;2;0;1;13;1;
202300020384;155644399;B01;1;7;0;2;1;1;1;
202300020384;155644402;A01;3;7;0;2;1;19;1;
202300020385;155644398;A01;3;50;0;1;1;1;3;
202300020386;155644397;A01;1;7;2;0;9;1;1;
202300020387;155644396;A01;3;10;6;0;2;0;0;
202300020388;155644394;A01;3;33;15;0;1;26;1;
202300020389;155644393;A01;1;33;0;2;2;17;1;
202300020389;155644395;B01;1;7;0;2;3;15;1;
202300020390;155644391;A01;2;7;0;2;2;2;0;
202300020390;155644392;B01;0;1;0;2;8;26;5;
202300020391;155644390;A01;1;7;0;0;9;0;1;
202300020392;155644389;A01;0;7;0;1;0;2;0;
202300020393;155644387;A01;1;7;2;0;3;1;1;
202300020394;155644386;B01;1;33;0;2;1;1;1;
202300020394;155644388;A01;2;10;0;2;3;15;1;
202300020395;155644384;B01;0;7;0;2;3;1;1;
202300020395;155644385;A01;0;50;0;2;1;19;3;
202300020396;155644383;A01;3;7;0;1;3;15;1;
202300020397;155644380;B01;2;10;0;2;8;15;1;
202300020397;155644382;A01;2;10;0;2;2;17;1;
202300020398;155644378;B01;1;7;0;2;2;21;1;
202300020398;155644379;A01;1;36;0;2;3;25;1;
202300020399;155644377;A01;3;13;0;2;1;1;0;
202300020399;155644381;B01;3;7;0;2;1;15;2;
202300020400;155644376;A01;2;7;13;0;2;14;1;
202300020401;155644375;A01;2;7;2;0;1;13;1;
202300020402;155644373;A01;1;7;2;0;3;0;1;
202300020403;155644372;B01;3;60;0;2;8;25;5;
202300020403;155644374;A01;3;7;0;1;1;1;1;
202300020404;155644370;A01;1;7;6;0;1;1;1;
202300020405;155644369;A01;2;7;0;2;1;11;1;
202300020405;155644371;B01;1;14;0;2;1;1;1;
202300020406;155644366;B01;2;7;0;2;2;1;1;
202300020406;155644368;A01;2;50;0;2;8;10;3;
202300020407;155644364;A01;2;7;0;0;2;13;1;
202300020407;155644367;B01;1;7;0;2;2;14;1;
202300020408;155644365;A01;2;7;13;0;9;14;1;
202300020409;155644362;B01;0;1;0;4;0;0;5;
202300020409;155644363;A01;0;40;0;2;1;26;0;
202300020410;155644361;A01;3;7;0;1;3;13;0;
202300020411;155644360;A01;3;7;0;1;2;1;4;
202300020412;155644359;A01;1;7;0;1;3;1;2;
202300020413;155644357;A01;2;7;13;0;2;1;1;
202300020414;155644355;B01;1;7;0;2;9;1;1;
202300020414;155644356;A01;1;7;0;2;1;1;1;
202300020414;155644358;C01;1;7;0;2;4;1;1;
202300020415;155644354;A01;1;1;2;0;0;1;5;
202300020416;155644353;A01;2;33;12;0;1;1;1;
202300020417;155644352;A01;0;2;16;0;0;0;1;
202300020418;155644351;A01;1;38;17;0;1;14;1;4.0
202300020419;155644344;B01;0;7;0;2;1;2;0;
202300020419;155644347;C01;0;7;0;2;1;1;0;
202300020419;155644350;A01;0;7;0;2;3;26;1;
202300020420;155644343;C01;1;7;0;2;1;17;1;
202300020420;155644346;D01;1;10;0;2;1;17;1;
202300020420;155644348;A01;1;7;0;2;0;12;1;
202300020420;155644349;B01;1;7;0;2;1;17;1;
202300020421;155644342;A01;1;7;0;2;1;23;1;
202300020421;155644345;B01;1;7;0;2;6;26;1;
202300020422;155644339;A01;1;80;0;2;1;19;3;
202300020422;155644340;B01;1;7;0;2;3;16;3;
202300020423;155644338;A01;1;7;0;2;2;0;1;
202300020423;155644341;B01;1;7;0;0;6;0;1;
202300020424;155644333;B01;1;1;0;2;4;2;5;
202300020424;155644334;A01;1;10;0;2;2;2;1;
202300020425;155644332;B01;1;7;0;2;4;2;1;
202300020425;155644335;A01;1;7;0;2;1;2;1;
202300020426;155644331;A01;1;2;0;0;0;1;1;
202300020427;155644328;A01;1;17;0;2;1;2;1;
202300020427;155644330;B01;1;21;0;0;4;2;1;
202300020428;155644326;A01;1;30;0;2;4;1;1;
202300020428;155644329;B01;1;7;0;2;2;1;1;
202300020429;155644325;A01;1;33;0;2;1;13;1;
202300020429;155644327;B01;1;7;0;2;3;15;1;
202300020430;155644323;A01;3;99;0;1;3;26;6;
202300020431;155644322;B01;1;1;0;2;1;1;5;
202300020431;155644324;A01;1;1;14;2;1;1;5;
202300020432;155644319;A01;2;33;0;0;7;16;1;
202300020433;155644318;Z01;1;7;0;2;0;0;1;
202300020433;155644320;B01;1;7;0;2;4;1;1;
202300020434;155644317;A01;2;7;0;2;3;13;1;
202300020434;155644321;B01;1;10;0;2;8;1;1;
202300020435;155644315;A01;3;30;12;0;1;1;1;
202300020436;155644313;A01;1;7;0;2;1;13;1;
202300020436;155644316;B01;2;7;0;2;1;1;1;
202300020437;155644312;B01;2;7;12;2;1;1;1;
202300020437;155644314;A01;1;7;12;2;1;13;1;
202300020438;155644310;C01;2;7;0;2;4;1;1;
202300020438;155644311;B01;2;7;14;2;1;1;1;
202300020439;155644309;A01;3;21;0;1;5;4;1;
202300020440;155644308;A01;2;7;2;0;3;1;1;
202300020441;155644305;A01;1;7;0;2;3;15;1;
202300020441;155644307;B01;1;30;0;2;1;1;1;
202300020442;155644306;A01;2;80;0;0;1;1;3;
202300020443;155644304;A01;3;7;1;0;2;14;1;
202300020444;155644302;A01;1;7;0;1;1;26;1;
202300020445;155644298;A01;2;7;0;2;2;17;2;
202300020445;155644300;B01;2;7;6;0;5;11;1;
202300020446;155644299;C01;2;33;0;2;1;1;1;
202300020446;155644301;B01;1;10;0;2;4;23;1;
202300020446;155644303;A01;1;7;0;2;1;1;1;
202300020447;155644295;A01;2;2;13;0;7;1;1;
202300020448;155644296;A01;2;7;0;2;1;2;1;
202300020448;155644297;B01;2;7;0;2;4;1;1;
202300020449;155644293;A01;1;3;0;1;1;1;1;