Num_Acc;id_vehicule;num_veh;senc;catv;obs;obsm;choc;manv;motor;occutc
202300020450;155644294;A01;1;7;6;0;1;1;1;
202300020451;155644291;A01;3;7;0;2;1;2;1;
202300020451;155644292;B01;3;7;0;2;4;2;1;
202300020452;155644284;C01;2;10;0;2;1;1;0;
202300020452;155644286;B01;1;7;0;2;1;1;0;
202300020452;155644287;A01;2;15;0;2;1;13;0;
202300020453;155644283;A01;1;3;0;2;3;5;1;
202300020453;155644285;B01;2;7;0;2;3;1;1;
202300020454;155644282;A01;2;33;0;0;9;9;1;
202300020455;155644279;B01;1;7;0;2;4;2;1;
202300020455;155644281;A01;1;10;0;2;1;2;1;
202300020456;155644277;B01;2;10;0;2;5;23;1;
202300020456;155644278;A01;2;14;1;1;2;13;1;
202300020456;155644280;C01;1;7;0;2;1;1;1;
202300020457;155644276;A01;1;7;0;1;1;1;1;
202300020458;155644275;A01;1;33;0;9;0;1;1;
202300020459;155644273;A01;1;10;7;0;1;2;1;
202300020460;155644272;B01;3;3;0;2;4;1;1;
202300020460;155644274;A01;3;0;0;2;1;0;0;
202300020461;155644271;A01;1;7;0;1;2;2;1;
202300020462;155644270;A01;2;33;1;0;3;1;1;
202300020463;155644267;A01;2;7;0;2;2;1;1;
202300020463;155644269;B01;2;1;0;2;4;15;5;
202300020464;155644266;B01;1;7;15;2;4;1;1;
202300020464;155644268;A01;1;7;0;2;1;2;1;
202300020465;155644264;A01;3;10;15;0;1;1;1;
202300020466;155644263;A01;3;50;0;2;2;1;3;
202300020466;155644265;B01;3;7;14;2;2;9;1;
202300020467;155644261;B01;1;7;0;2;3;2;0;
202300020467;155644262;A01;2;7;0;2;3;2;0;
202300020468;155644260;A01;1;7;0;1;2;1;1;
202300020469;155644256;B01;2;31;0;2;3;1;1;
202300020469;155644259;A01;1;7;0;2;2;10;1;
202300020470;155644254;A01;1;38;0;2;7;16;1;1.0
202300020470;155644257;B01;1;50;0;2;3;1;3;
202300020471;155644253;B01;1;50;0;2;6;1;3;
202300020471;155644255;A01;1;7;0;2;2;17;1;
202300020472;155644251;C01;3;7;0;2;1;26;0;
202300020472;155644252;B01;0;80;0;2;1;25;3;
202300020473;155644249;A01;3;7;0;2;3;16;1;
202300020473;155644250;B01;3;2;0;2;1;15;1;
202300020474;155644248;A01;3;7;0;1;1;26;0;
202300020475;155644246;A01;2;7;0;2;4;2;1;
202300020475;155644247;B01;2;7;0;2;1;2;1;
202300020476;155644245;A01;3;1;0;0;0;23;5;
202300020477;155644243;A01;1;7;13;0;2;1;1;
202300020478;155644242;A01;3;7;0;2;2;0;2;
202300020478;155644244;B01;3;1;0;2;0;0;5;
202300020479;155644241;A01;3;7;0;1;2;1;1;
202300020480;155644237;B01;1;15;0;2;2;1;1;
202300020480;155644238;A01;1;7;4;2;9;9;1;
202300020480;155644240;C01;1;15;0;2;2;1;1;
202300020481;155644239;A01;2;7;0;1;1;0;0;
202300020482;155644232;A01;1;10;0;2;2;16;1;
202300020482;155644235;B01;0;50;0;2;0;0;3;
202300020483;155644230;A01;1;7;0;2;1;2;1;
202300020483;155644231;D01;1;7;0;2;4;2;1;
202300020483;155644233;C01;1;7;0;2;4;2;1;
202300020483;155644236;B01;1;7;0;2;4;1;1;
202300020484;155644234;A01;3;80;0;1;1;1;3;
202300020485;155644227;B01;1;7;0;2;4;2;1;
202300020485;155644228;A01;1;10;0;2;1;2;1;
202300020486;155644226;A01;2;7;0;2;0;1;1;
202300020486;155644229;B01;1;30;0;2;0;1;1;
202300020487;155644223;A01;2;7;0;1;2;1;1;
202300020488;155644222;B01;1;10;0;2;6;1;1;
202300020488;155644224;C01;1;10;0;2;5;0;1;
202300020488;155644225;A01;1;10;0;2;1;1;1;
202300020489;155644221;A01;3;7;0;1;2;1;1;
202300020490;155644218;B01;2;7;0;0;5;23;1;
202300020490;155644220;A01;2;33;14;2;1;1;1;
202300020491;155644215;A01;2;7;3;0;1;26;1;
202300020492;155644216;A01;1;7;0;9;3;18;1;
202300020492;155644217;B01;1;1;0;2;2;2;5;
202300020493;155644214;A01;3;7;0;2;1;2;1;
202300020493;155644219;B01;3;10;0;2;4;2;1;
202300020494;155644213;A01;2;7;3;0;1;14;2;
202300020495;155644212;A01;1;7;0;1;7;17;1;
202300020496;155644209;B01;1;7;0;2;4;2;1;
202300020496;155644211;A01;1;7;0;2;1;26;1;
202300020497;155644210;A01;0;7;0;1;8;16;1;
202300020498;155644207;A01;1;7;1;-1;1;1;1;
202300020498;155644208;B01;1;14;0;2;4;24;1;
202300020499;155644202;A01;3;30;0;0;0;0;1;
202300020499;155644205;B01;0;7;0;2;4;2;1;
202300020500;155644203;A01;1;10;0;2;3;2;1;
202300020500;155644206;B01;1;7;0;0;6;1;1;
202300020501;155644200;Z01;1;15;0;2;1;2;1;
202300020501;155644201;C01;1;7;0;2;4;2;1;
202300020501;155644204;B01;1;7;0;2;1;2;1;
202300020502;155644198;A01;3;33;0;1;1;26;1;
202300020503;155644196;B01;2;17;0;2;4;1;1;
202300020503;155644197;A01;2;7;0;2;1;12;1;
202300020504;155644199;A01;1;7;0;1;1;1;1;
202300020505;155644193;A01;1;17;0;2;2;12;1;
202300020505;155644195;B01;1;7;0;2;8;2;1;
202300020506;155644194;A01;3;7;0;1;1;20;1;
202300020507;155644189;B01;2;1;0;2;1;5;5;
202300020507;155644192;A01;3;7;0;2;1;26;1;
202300020508;155644188;A01;2;17;4;2;1;1;1;
202300020508;155644191;B01;2;7;0;2;4;2;1;
202300020509;155644187;B01;2;1;0;2;8;21;5;
202300020509;155644190;A01;2;7;0;2;2;19;1;
202300020510;155644186;A01;2;7;3;0;1;1;1;
202300020511;155644184;A01;1;7;0;2;3;1;1;
202300020511;155644185;B01;3;50;0;2;1;19;3;
202300020512;155644183;A01;1;7;4;0;1;1;1;
202300020513;155644178;B01;2;15;0;2;4;2;1;
202300020513;155644181;A01;2;10;0;2;1;2;1;
202300020514;155644179;B01;3;7;0;2;6;2;1;
202300020514;155644182;A01;3;33;0;2;2;2;1;
202300020515;155644177;A01;1;10;0;2;1;2;1;
202300020515;155644180;B01;1;7;0;2;4;1;1;
202300020516;155644176;A01;1;7;4;0;1;1;1;
202300020517;155644175;A01;1;7;13;0;7;14;1;
202300020518;155644169;C01;1;7;0;2;4;2;1;
202300020518;155644170;B01;1;7;0;2;1;2;1;
202300020518;155644172;A01;1;7;0;2;1;2;1;
202300020519;155644168;B01;1;7;0;2;4;1;1;
202300020519;155644171;A01;1;1;0;2;1;1;5;
202300020520;155644173;A01;1;50;0;2;1;2;3;
202300020520;155644174;B01;1;7;0;9;4;2;1;
202300020521;155644167;A01;2;7;0;1;1;26;1;
202300020522;155644163;B01;2;7;0;2;8;1;1;
202300020522;155644165;A01;2;7;0;2;2;17;1;
202300020523;155644162;A01;1;10;0;2;1;1;1;
202300020523;155644164;B01;1;7;0;2;4;1;1;
202300020523;155644166;C01;1;7;0;2;4;1;1;
202300020524;155644159;A01;2;7;0;0;5;0;1;
202300020525;155644160;B01;1;7;0;0;1;15;1;
202300020525;155644161;A01;2;50;0;2;8;1;3;
202300020526;155644156;A01;2;7;0;2;6;1;1;
202300020526;155644158;B01;1;33;0;2;1;1;1;
202300020527;155644155;A01;2;7;0;2;1;1;1;
202300020527;155644157;B01;2;7;0;2;4;1;1;
202300020528;155644154;B01;2;33;0;1;1;14;1;
202300020529;155644150;B01;2;1;0;2;1;1;5;
202300020529;155644152;A01;1;7;0;2;2;15;1;
202300020530;155644148;A01;1;7;0;2;1;1;1;
202300020530;155644149;C01;1;7;0;2;4;1;1;
202300020530;155644151;D01;1;17;0;2;1;1;1;
202300020530;155644153;B01;1;7;0;2;4;1;1;
202300020531;155644143;A01;2;7;0;1;2;21;1;
202300020532;155644144;A01;1;7;0;2;1;1;1;
202300020532;155644146;B01;1;7;0;2;4;1;1;
202300020533;155644142;A01;1;7;4;0;3;1;1;
202300020534;155644141;A01;3;30;0;0;0;1;1;
202300020535;155644140;A01;2;7;3;9;1;1;1;
202300020536;155644145;A01;3;7;0;2;2;15;1;
202300020536;155644147;B01;3;7;0;2;1;1;2;
202300020537;155644136;B01;1;14;0;2;3;1;1;
202300020537;155644139;A01;2;7;0;2;3;13;1;
202300020538;155644134;B01;1;1;0;2;1;1;5;
202300020538;155644137;A01;2;7;0;2;2;15;1;
202300020539;155644133;A01;1;30;0;2;1;1;1;
202300020539;155644138;B01;1;7;0;2;2;1;1;
202300020540;155644127;A01;2;7;0;2;8;10;1;
202300020540;155644130;B01;2;2;0;2;1;1;1;
202300020541;155644128;Z01;3;7;0;2;2;16;0;
202300020541;155644131;B01;3;1;0;2;8;1;5;
202300020542;155644129;A01;1;33;14;0;1;1;1;
202300020543;155644126;A01;3;7;0;1;7;9;0;
202300020544;155644125;A01;2;30;0;0;7;0;1;
202300020545;155644124;A01;2;7;0;1;7;16;1;
202300020546;155644118;A01;2;7;0;2;1;1;2;
202300020546;155644123;B01;2;7;0;2;6;1;1;
202300020547;155644120;B01;2;1;0;2;1;1;5;
202300020547;155644122;A01;1;7;0;2;2;15;1;
202300020548;155644119;B01;3;33;0;2;3;1;1;
202300020548;155644121;A01;3;7;0;2;1;15;1;
202300020549;155644115;B01;2;10;0;2;1;1;1;
202300020549;155644117;C01;2;7;0;2;9;1;1;
202300020549;155644132;D01;2;10;0;2;1;1;1;
202300020549;155644135;A01;2;7;0;2;4;1;1;
202300020550;155644114;A01;3;7;0;1;1;1;1;
202300020551;155644112;A01;2;31;0;2;1;17;1;
202300020551;155644113;B01;2;30;0;2;1;0;3;
202300020552;155644111;B01;2;1;0;2;1;15;5;
202300020552;155644116;A01;2;1;0;2;1;25;5;
202300020553;155644107;B01;3;7;0;2;8;9;1;
202300020553;155644110;A01;3;7;0;2;3;1;1;
202300020554;155644106;B01;3;1;0;2;4;2;5;
202300020554;155644108;A01;3;30;0;9;4;26;0;
202300020555;155644105;A01;1;7;0;2;2;15;1;
202300020555;155644109;B01;2;32;0;2;1;1;3;
202300020556;155644102;A01;1;7;0;2;2;0;1;
202300020556;155644104;B01;3;1;0;2;0;0;5;
202300020557;155644100;A01;3;7;0;0;1;1;0;
202300020558;155644099;A01;3;7;0;2;2;11;1;
202300020558;155644101;B01;3;7;0;2;3;1;1;
202300020559;155644103;A01;1;7;0;1;3;1;1;
202300020560;155644097;A01;1;7;13;0;1;1;1;
202300020561;155644094;B01;1;1;0;2;0;0;5;
202300020561;155644096;A01;2;10;6;0;3;9;1;
202300020562;155644093;A01;1;7;0;1;7;1;1;
202300020563;155644092;B01;1;7;0;2;4;1;1;
202300020563;155644095;C01;1;7;0;2;4;1;1;
202300020563;155644098;A01;1;10;0;2;1;2;1;
202300020564;155644089;B01;2;40;0;1;2;1;2;
202300020565;155644086;B01;0;7;0;2;8;1;1;
202300020565;155644088;A01;0;7;0;2;1;1;1;
202300020566;155644085;A01;0;31;0;2;0;9;1;
202300020567;155644084;B01;1;33;0;2;8;1;1;
202300020567;155644087;A01;2;80;0;2;1;19;3;
202300020568;155644081;A01;2;7;0;1;1;16;1;
202300020569;155644079;A01;1;7;0;2;2;1;1;
202300020569;155644083;B01;2;10;0;2;1;15;1;
202300020570;155644080;A01;1;30;0;1;3;1;1;
202300020571;155644077;A01;1;30;1;0;1;1;1;
202300020572;155644074;B01;2;7;0;2;2;15;1;
202300020572;155644078;A01;2;35;0;2;7;1;3;
202300020573;155644075;B01;1;7;14;2;3;15;1;
202300020573;155644076;A01;2;1;0;2;1;21;5;
202300020574;155644072;A01;1;1;0;2;9;0;5;
202300020574;155644073;Z01;1;7;0;2;3;1;1;
202300020575;155644071;A01;3;10;0;1;1;2;1;
202300020576;155644070;A01;1;10;0;1;1;15;1;
202300020577;155644069;A01;1;7;13;0;2;1;1;
202300020578;155644066;A01;3;7;0;9;3;1;1;
202300020578;155644067;B01;3;1;0;2;1;1;5;
202300020579;155644063;A01;2;7;0;2;2;16;1;
202300020579;155644064;B01;2;50;0;2;3;16;3;
202300020580;155644062;B01;2;7;0;2;3;1;0;
202300020580;155644065;A01;1;15;0;2;1;19;1;
202300020581;155644061;A01;1;7;0;1;2;16;1;
202300020582;155644068;A01;2;7;0;2;2;13;1;
202300020582;155644082;B01;1;10;0;2;2;1;1;
202300020583;155644058;A01;1;7;0;1;1;20;1;
202300020584;155644056;A01;2;7;0;2;1;1;1;
202300020584;155644057;B01;2;2;0;2;4;15;1;
202300020585;155644053;A01;1;7;2;0;1;13;1;
202300020586;155644050;Z01;0;7;0;2;0;0;0;
202300020586;155644052;A01;0;7;12;2;3;0;1;
202300020587;155644049;C01;2;7;0;2;6;0;1;
202300020587;155644051;B01;2;7;0;2;4;15;0;
202300020587;155644054;A01;2;7;0;2;1;0;1;
202300020588;155644047;B01;1;31;0;2;1;0;1;
202300020588;155644048;A01;1;7;0;2;3;0;1;
202300020589;155644044;A01;0;7;0;2;3;1;1;
202300020589;155644046;B01;0;10;0;2;1;1;1;
202300020590;155644043;A01;3;7;0;2;3;5;1;
202300020590;155644045;B01;3;7;0;2;3;1;1;
202300020591;155644042;A01;1;7;0;0;0;26;1;
202300020592;155644039;B01;2;7;4;2;0;1;1;
202300020592;155644040;A01;2;7;0;2;6;11;1;
202300020593;155644036;B01;3;7;0;2;8;1;1;
202300020593;155644037;A01;3;7;0;2;8;1;1;
202300020594;155644033;A01;2;7;0;2;3;15;1;
202300020594;155644035;B01;1;0;-1;2;-1;-1;-1;
202300020595;155644031;B01;1;2;0;2;1;1;0;
202300020595;155644032;A01;2;7;0;2;1;1;0;
202300020596;155644034;A01;2;7;0;2;2;1;1;
202300020596;155644038;B01;1;7;0;2;1;1;1;
202300020597;155644027;A01;1;7;0;2;3;15;1;
202300020597;155644028;B01;1;2;0;2;2;1;1;
202300020598;155644024;A01;1;7;6;0;2;1;1;
202300020599;155644026;B01;2;31;0;2;1;1;3;
202300020599;155644029;A01;1;7;0;2;5;1;1;
202300020600;155644023;A01;1;7;0;1;3;1;1;
202300020601;155644021;A01;3;7;0;2;1;9;1;
202300020601;155644022;B01;3;30;0;2;5;0;1;
202300020602;155644019;A01;2;7;0;1;1;1;1;
202300020603;155644020;A01;2;7;0;9;5;16;0;
202300020603;155644025;B01;2;1;0;2;1;1;5;
202300020604;155644016;A01;3;14;0;1;4;4;1;
202300020605;155644018;A01;1;7;8;0;2;1;1;
202300020606;155644013;B01;3;1;0;2;0;0;5;
202300020606;155644014;A01;3;7;0;2;0;0;1;
202300020607;155644015;A01;2;30;0;2;1;2;1;
202300020607;155644017;B01;2;15;0;2;4;1;1;
202300020608;155644010;A01;1;7;0;1;1;1;1;
202300020609;155644011;A01;2;7;0;1;2;15;1;
202300020610;155644007;A01;1;7;0;2;3;1;1;
202300020610;155644008;B01;1;7;0;2;7;12;2;
202300020611;155644003;A01;2;7;0;2;2;1;2;
202300020611;155644004;B01;2;32;0;2;1;1;1;
202300020612;155644002;A01;1;7;0;2;1;2;1;
202300020612;155644006;B01;1;7;0;2;4;2;1;
202300020613;155643998;C01;2;10;0;2;1;23;3;
202300020613;155644000;A01;1;7;0;2;8;15;3;
202300020613;155644001;B01;1;33;0;2;7;17;1;
202300020614;155643999;B01;2;7;0;2;8;1;1;
202300020614;155644005;A01;1;7;0;2;3;13;1;
202300020615;155643996;A01;1;7;0;2;3;15;1;
202300020615;155643997;B01;1;30;0;2;2;17;3;
202300020616;155643995;A01;2;33;0;0;7;26;1;
202300020617;155643994;A01;1;7;0;1;1;1;3;
202300020618;155643992;B01;3;50;0;2;1;1;3;
202300020618;155643993;A01;3;7;8;2;3;15;1;
202300020619;155643988;A01;3;10;0;2;3;2;1;
202300020619;155643990;B01;3;7;0;2;4;2;3;
202300020620;155643986;C01;1;7;0;2;4;2;1;
202300020620;155643989;A01;1;7;0;2;1;2;1;
202300020620;155643991;B01;1;7;0;2;4;2;1;
202300020621;155643985;A01;1;1;0;0;0;16;5;
202300020622;155643978;C01;1;7;0;2;2;1;1;
202300020622;155643982;A01;1;37;0;2;7;1;6;1.0
202300020622;155643984;B01;1;7;0;2;1;1;3;
202300020623;155643979;B01;2;7;0;2;4;1;6;
202300020623;155643981;C01;2;7;0;2;8;1;1;
202300020623;155643983;A01;2;43;0;2;1;3;1;
202300020624;155643977;A01;0;7;0;2;4;2;4;
202300020624;155643980;B01;0;10;0;2;1;2;4;
202300020625;155643974;B01;1;7;0;2;1;2;1;
202300020625;155643975;A01;1;7;0;2;4;23;1;
202300020626;155643973;B01;1;10;0;2;6;11;1;
202300020626;155643976;A01;1;33;0;2;2;3;1;
202300020627;155643971;A01;3;1;0;2;1;0;5;
202300020627;155643972;B01;3;7;0;2;1;5;1;
202300020628;155643968;A01;3;7;4;2;2;6;1;
202300020628;155643970;B01;3;7;0;2;1;1;1;
202300020629;155643966;B01;1;7;0;2;7;1;1;
202300020629;155643967;C01;1;10;0;2;8;1;1;
202300020629;155643969;A01;1;33;0;2;8;3;1;
202300020630;155643962;B01;2;7;0;2;1;1;1;
202300020630;155643964;A01;2;7;0;2;3;10;1;
202300020631;155643963;A01;2;33;0;2;1;17;1;
202300020631;155643965;B01;2;7;0;2;8;11;0;
202300020632;155643960;A01;2;7;0;2;6;9;1;
202300020632;155643961;B01;2;30;0;2;1;1;1;
202300020633;155643959;A01;1;32;0;1;1;2;1;
202300020634;155643956;B01;2;7;0;2;1;1;1;
202300020634;155643958;A01;1;7;0;2;2;19;1;
202300020635;155643957;A01;1;31;11;0;1;13;1;
202300020636;155643952;A01;0;30;0;2;7;15;1;
202300020636;155643954;B01;0;30;0;2;1;1;1;
202300020637;155643951;A01;1;33;0;2;1;2;1;
202300020637;155643953;B01;1;7;0;0;4;2;1;
202300020637;155643955;C01;1;7;0;2;1;2;1;
202300020638;155643949;B01;2;7;0;2;2;9;1;
202300020638;155643950;A01;1;2;0;2;1;1;1;
202300020639;155643946;B01;3;30;0;2;2;6;1;
202300020639;155643948;A01;3;7;0;2;3;6;1;
202300020640;155643943;A01;2;33;0;2;7;16;1;
202300020640;155643944;B01;2;10;0;2;7;1;1;
202300020641;155643941;A01;1;33;0;0;7;1;1;
202300020642;155643938;C01;1;7;0;2;1;1;1;
202300020642;155643940;A01;0;7;0;2;1;5;1;
202300020642;155643942;B01;2;7;0;0;8;1;1;
202300020643;155643937;A01;2;7;1;0;2;14;1;
202300020644;155643936;A01;2;32;0;2;2;1;1;
202300020644;155643939;Z01;2;1;0;2;3;11;5;
202300020645;155643935;A01;1;10;1;0;1;16;1;
202300020646;155643932;B01;1;7;0;2;1;1;1;
202300020646;155643934;A01;2;7;0;2;7;10;1;
202300020647;155643931;B01;2;1;0;2;1;1;5;
202300020647;155643933;A01;2;7;0;2;1;22;3;
202300020648;155643930;A01;2;7;8;0;1;0;0;
202300020649;155643925;A01;3;10;2;0;1;2;1;
202300020650;155643927;A01;2;32;0;2;1;3;1;
202300020650;155643929;B01;2;10;0;2;5;1;1;
202300020651;155643924;A01;1;7;0;2;7;13;1;
202300020651;155643926;B01;2;13;0;2;1;1;1;
202300020652;155643923;A01;3;10;0;2;1;1;1;
202300020652;155643928;B01;3;7;0;2;7;1;1;
202300020653;155643919;B01;2;7;0;2;3;20;2;
202300020653;155643922;A01;2;43;0;2;1;17;1;
202300020654;155643918;B01;2;7;0;2;1;1;1;
202300020654;155643920;A01;2;10;0;2;3;1;1;
202300020655;155643916;A01;3;32;0;0;2;16;1;
202300020656;155643914;B01;3;1;0;2;7;0;5;
202300020656;155643915;A01;3;7;0;2;2;1;2;
202300020657;155643912;A01;2;7;0;1;7;1;1;
202300020658;155643911;B01;2;30;0;2;3;15;3;
202300020658;155643913;A01;1;7;0;2;1;1;3;
202300020659;155643910;Z01;1;7;12;1;3;13;0;
202300020660;155643908;A01;2;7;0;1;1;1;1;
202300020661;155643903;B01;2;33;0;2;1;1;1;
202300020661;155643904;A01;2;10;0;2;3;9;1;
202300020662;155643902;A01;1;2;1;2;4;15;0;
202300020662;155643906;B01;1;2;0;2;4;17;6;
202300020662;155643907;C01;0;7;0;0;6;24;0;
202300020663;155643901;A01;2;1;0;2;1;5;5;
202300020663;155643905;B01;2;7;0;2;1;15;1;
202300020664;155643909;C01;2;7;0;2;0;0;1;
202300020664;155643917;B01;2;10;0;2;4;1;1;
202300020664;155643921;A01;2;10;0;2;1;1;1;
202300020665;155643899;A01;1;7;2;0;1;0;1;
202300020666;155643897;B01;2;10;0;2;7;16;1;
202300020666;155643900;A01;2;32;0;2;1;18;1;
202300020667;155643896;A01;2;42;0;0;2;3;1;
202300020668;155643894;A01;1;33;2;0;1;16;1;
202300020669;155643893;A01;2;50;0;0;1;16;3;
202300020670;155643891;A01;0;31;0;1;1;5;1;
202300020671;155643892;A01;0;7;13;0;1;26;6;
202300020672;155643890;A01;1;7;12;0;1;16;1;
202300020673;155643887;A01;0;7;9;2;2;1;1;
202300020673;155643889;B01;0;7;0;2;1;1;1;
202300020674;155643888;A01;3;7;0;1;1;1;1;
202300020675;155643886;A01;3;33;0;0;7;10;1;
202300020676;155643884;A01;1;7;13;0;9;1;1;
202300020677;155643883;A01;1;1;0;0;1;0;5;
202300020678;155643885;A01;1;37;0;1;5;26;1;1.0
202300020679;155643881;A01;1;7;1;1;1;1;2;
202300020680;155643879;A01;1;7;0;2;3;9;1;
202300020680;155643882;B01;1;2;0;2;7;1;1;
202300020681;155643876;A01;1;7;0;2;1;1;1;
202300020681;155643878;B01;0;50;0;2;3;9;3;
202300020682;155643877;A01;0;7;0;9;3;0;0;
202300020682;155643880;B01;0;1;0;2;1;16;5;
202300020683;155643873;A01;1;7;0;1;2;1;1;
202300020684;155643870;B01;3;7;0;2;3;1;1;
202300020684;155643874;A01;3;7;0;2;0;0;1;
202300020685;155643867;A01;1;2;0;0;7;1;1;
202300020686;155643866;A01;1;7;2;0;1;14;1;
202300020687;155643865;A01;3;7;0;2;5;5;1;
202300020687;155643868;B01;3;7;0;2;2;26;1;
202300020688;155643869;A01;1;7;0;2;3;1;1;
202300020688;155643872;B01;1;33;0;2;1;17;1;
202300020688;155643875;C01;1;7;0;2;6;1;1;
202300020689;155643864;A01;1;7;0;1;2;15;1;
202300020690;155643861;B01;0;31;0;2;2;1;3;
202300020690;155643863;A01;0;7;0;2;3;15;2;
202300020691;155643857;B01;1;7;0;2;2;1;1;
202300020691;155643862;A01;2;7;0;2;1;0;1;
202300020692;155643856;B01;1;7;0;2;4;2;1;
202300020692;155643859;A01;1;7;0;2;1;2;1;
202300020693;155643855;A01;1;30;0;1;1;1;0;
202300020694;155643853;A01;3;7;0;1;1;1;1;
202300020695;155643852;B01;2;33;13;0;1;17;1;
202300020695;155643854;A01;2;10;0;0;4;17;1;
202300020696;155643850;A01;2;34;0;2;4;2;1;
202300020696;155643851;B01;2;43;0;2;1;2;1;
202300020697;155643847;Z01;1;7;0;1;2;0;1;
202300020698;155643845;A01;2;7;0;2;2;21;1;
202300020698;155643849;B01;1;7;0;2;2;1;1;
202300020699;155643841;A01;1;7;0;2;1;17;1;
202300020699;155643844;B01;1;7;0;2;4;15;1;
202300020700;155643846;A01;0;7;0;2;1;9;1;
202300020700;155643848;B01;0;2;0;2;8;1;1;
202300020701;155643838;C01;2;7;0;2;1;2;1;
202300020701;155643840;A01;2;7;0;2;4;2;1;
202300020701;155643842;B01;2;7;0;2;1;2;1;
202300020702;155643836;A01;0;7;0;2;1;9;6;
202300020702;155643839;B01;0;7;0;2;3;0;0;
202300020703;155643837;A01;1;50;0;1;1;1;3;
202300020704;155643834;A01;2;7;3;0;1;1;1;
202300020705;155643830;A01;3;7;0;2;1;1;2;
202300020705;155643833;B01;3;7;0;2;8;1;2;
202300020706;155643835;A01;2;7;1;0;3;1;1;
202300020707;155643828;B01;2;7;13;0;8;1;1;
202300020707;155643832;A01;2;7;0;2;1;19;1;
202300020708;155643826;A01;1;7;0;2;4;2;1;
202300020708;155643827;B01;1;7;0;2;2;2;1;
202300020708;155643829;D01;1;7;0;2;1;2;1;
202300020708;155643831;C01;1;10;0;2;2;2;1;
202300020709;155643824;B01;1;7;0;2;4;23;1;
202300020709;155643825;A01;1;7;7;2;1;1;1;
202300020710;155643822;A01;2;7;13;1;3;26;1;
202300020711;155643823;A01;2;7;0;1;1;1;1;
202300020712;155643820;B01;0;7;0;2;0;0;0;
202300020712;155643821;A01;2;7;0;2;4;2;1;
202300020713;155643817;B01;1;60;0;2;1;19;5;
202300020713;155643819;A01;1;7;0;2;7;16;2;
202300020714;155643815;A01;1;1;0;2;1;1;5;
202300020714;155643818;B01;1;7;0;2;3;19;1;
202300020715;155643813;A01;2;7;0;2;4;2;1;
202300020715;155643816;B01;2;7;0;2;1;2;1;
202300020716;155643811;B01;3;7;0;2;4;2;1;
202300020716;155643812;A01;3;1;0;2;1;2;5;
202300020717;155643807;A01;2;1;0;0;3;0;5;
202300020717;155643810;B01;2;13;0;0;5;0;0;
202300020718;155643808;A01;1;1;14;0;7;14;5;
202300020719;155643805;B01;1;10;0;2;7;14;1;
202300020719;155643806;C01;1;17;0;2;7;23;1;
202300020719;155643809;Z01;2;7;0;2;1;26;1;
202300020720;155643814;A01;1;7;0;1;1;1;1;
202300020721;155643804;A01;1;7;0;1;1;2;0;
202300020722;155643802;A01;3;32;0;2;7;17;1;
202300020722;155643803;B01;3;37;0;2;0;15;2;1.0
202300020723;155643800;A01;1;7;4;0;2;1;1;
202300020724;155643799;A01;2;7;3;2;1;2;1;
202300020725;155643801;A01;1;7;12;0;2;1;6;
202300020726;155643797;A01;1;7;0;2;3;1;1;
202300020726;155643798;B01;1;30;0;2;2;12;1;
202300020727;155643796;A01;2;7;13;0;7;14;1;
202300020728;155643795;A01;1;7;13;0;2;9;1;
202300020729;155643793;A01;3;7;0;2;9;2;2;
202300020729;155643794;B01;3;7;0;2;6;2;1;
202300020730;155643790;A01;2;7;0;2;1;1;1;
202300020730;155643792;B01;2;7;0;2;1;1;1;
202300020731;155643789;B01;2;36;0;0;2;2;1;
202300020731;155643791;A01;1;7;0;0;2;1;1;
202300020732;155643787;A01;1;10;0;1;1;15;1;
202300020733;155643786;A01;1;7;0;2;4;1;1;
202300020733;155643788;B01;1;7;0;2;7;1;1;
202300020734;155643784;A01;1;33;6;0;1;1;1;
202300020735;155643783;A01;2;7;0;2;1;1;1;
202300020735;155643785;B01;2;7;0;2;4;1;1;
202300020736;155643782;A01;2;1;0;1;1;1;5;
202300020737;155643781;A01;1;17;15;0;7;1;1;
202300020738;155643776;C01;1;33;0;2;3;3;0;
202300020738;155643778;B01;1;7;0;2;6;1;0;
202300020738;155643779;A01;1;7;0;2;2;12;0;
202300020739;155643775;A01;3;7;0;2;7;15;1;
202300020739;155643777;B01;3;32;0;2;1;1;1;
202300020740;155643772;A01;2;7;0;0;8;16;1;
202300020740;155643773;B01;2;7;0;2;1;1;1;
202300020741;155643767;B01;2;7;0;2;4;1;0;
202300020741;155643770;A01;2;7;0;2;1;2;0;
202300020742;155643766;A01;2;7;0;0;0;19;1;
202300020743;155643765;B01;2;7;0;2;4;1;0;
202300020743;155643769;A01;2;15;0;2;1;1;0;
202300020743;155643771;C01;2;7;0;2;4;1;0;
202300020744;155643768;B01;1;7;0;2;4;2;1;
202300020744;155643774;X01;1;0;0;2;1;2;1;
202300020744;155643780;C01;1;7;0;2;6;2;1;
202300020745;155643761;A01;2;7;0;2;7;14;0;
202300020745;155643762;B01;2;7;0;2;8;1;0;
202300020746;155643760;B01;1;7;0;2;0;0;0;
202300020746;155643764;A01;3;7;0;2;1;2;1;
202300020747;155643759;B01;2;1;0;2;2;1;5;
202300020747;155643763;A01;1;17;0;2;3;9;1;
202300020748;155643756;A01;0;31;0;2;0;21;0;
202300020749;155643753;B01;2;7;0;2;4;2;1;