Num_Acc;id_vehicule;num_veh;senc;catv;obs;obsm;choc;manv;motor;occutc
202300020749;155643757;A01;2;7;0;2;1;13;1;
202300020750;155643758;A01;1;7;0;1;3;15;1;
202300020751;155643754;B01;2;10;0;2;2;1;1;
202300020751;155643755;A01;1;7;0;2;7;15;1;
202300020752;155643751;A01;1;50;0;2;1;1;3;
202300020752;155643752;B01;2;7;0;2;1;15;1;
202300020753;155643748;B01;2;7;0;2;4;2;2;
202300020753;155643750;A01;2;7;0;2;1;2;1;
202300020754;155643747;A01;1;7;0;2;1;2;1;
202300020754;155643749;B01;1;15;0;2;4;1;1;
202300020755;155643742;A01;1;7;0;2;7;0;1;
202300020755;155643744;B01;1;7;0;2;8;0;2;
202300020756;155643743;B01;0;80;0;0;8;19;3;
202300020756;155643746;A01;1;7;0;2;1;15;1;
202300020757;155643740;B01;1;30;0;2;8;1;1;
202300020757;155643745;A01;2;7;0;2;3;15;1;
202300020758;155643739;A01;1;7;0;2;4;15;2;
202300020758;155643741;B01;1;33;0;2;1;17;1;
202300020759;155643735;A01;2;33;0;2;8;18;1;
202300020759;155643738;B01;2;7;0;2;7;14;1;
202300020760;155643733;A01;2;10;0;2;4;2;1;
202300020760;155643736;B01;2;7;0;2;4;2;1;
202300020760;155643737;C01;2;7;0;2;1;2;1;
202300020761;155643732;A01;1;7;0;2;2;17;0;
202300020761;155643734;B01;1;7;13;2;6;2;1;
202300020762;155643730;A01;2;33;0;0;8;1;1;
202300020763;155643729;B01;1;10;0;2;2;1;1;
202300020763;155643731;A01;1;33;0;2;8;3;1;
202300020764;155643728;A01;0;7;0;1;0;1;1;
202300020765;155643727;A01;0;10;0;1;1;0;0;
202300020766;155643724;A01;1;1;0;0;0;1;5;
202300020767;155643725;A01;1;7;2;0;3;1;1;
202300020768;155643723;A01;2;33;0;2;1;2;1;
202300020768;155643726;B01;2;7;0;2;4;2;1;
202300020769;155643721;A01;1;7;0;1;3;1;1;
202300020770;155643715;B01;1;7;0;2;4;2;1;
202300020770;155643719;A01;1;10;0;2;1;2;1;
202300020770;155643720;C01;1;7;0;2;1;2;1;
202300020771;155643716;A01;1;2;0;2;1;1;1;
202300020771;155643717;B01;2;7;0;9;2;1;1;
202300020772;155643714;A01;2;7;0;1;1;1;1;
202300020773;155643713;B01;2;7;0;2;4;23;1;
202300020773;155643718;A01;2;7;0;2;1;2;1;
202300020774;155643709;A01;1;10;0;2;5;1;1;
202300020774;155643712;B01;1;33;0;2;1;1;1;
202300020775;155643707;A01;1;7;0;2;1;1;1;
202300020775;155643711;B01;3;50;0;2;8;15;3;
202300020776;155643706;B01;3;37;0;2;8;1;1;1.0
202300020776;155643710;A01;3;30;0;2;1;1;1;
202300020777;155643705;B01;2;7;0;2;4;15;1;
202300020777;155643708;Z01;2;7;0;2;1;2;0;
202300020778;155643704;A01;1;7;4;0;1;1;1;
202300020779;155643703;A01;2;7;8;0;3;26;1;
202300020780;155643701;A01;1;7;0;2;1;2;1;
202300020780;155643702;B01;1;7;8;2;4;2;1;
202300020781;155643700;A01;1;7;2;0;8;21;1;
202300020782;155643696;A01;1;7;16;0;4;12;1;
202300020782;155643699;B01;1;17;0;2;1;21;1;
202300020783;155643695;A01;1;30;0;2;8;10;1;
202300020783;155643697;B01;1;32;0;2;1;1;1;
202300020784;155643694;A01;2;2;0;0;4;14;1;
202300020785;155643691;A01;3;7;15;0;3;1;1;
202300020786;155643689;A01;1;33;13;0;1;1;1;
202300020787;155643687;A01;3;10;0;1;4;4;1;
202300020788;155643685;A01;2;21;13;0;3;0;1;
202300020789;155643684;A01;1;7;0;2;4;23;1;
202300020789;155643686;B01;1;7;0;2;4;23;1;
202300020789;155643688;C01;1;7;0;2;1;2;1;
202300020789;155643690;D01;1;7;0;2;1;2;1;
202300020789;155643692;E01;1;7;0;2;1;2;1;
202300020790;155643683;A01;1;17;0;0;8;1;1;
202300020791;155643693;A01;2;7;0;2;7;15;1;
202300020791;155643698;B01;1;33;0;2;1;1;1;
202300020792;155643681;A01;3;7;0;1;0;23;1;
202300020793;155643680;A01;0;7;0;1;1;15;1;
202300020794;155643677;C01;1;7;3;2;1;1;1;
202300020794;155643679;B01;1;7;0;2;1;1;1;
202300020794;155643682;A01;2;7;3;2;1;5;1;
202300020795;155643675;A01;3;10;0;1;1;1;1;
202300020796;155643674;A01;1;35;0;2;3;1;3;
202300020796;155643676;B01;2;1;0;2;0;1;5;
202300020797;155643678;A01;1;7;0;1;1;15;1;
202300020798;155643673;A01;1;1;0;1;1;1;5;
202300020799;155643671;A01;2;33;0;0;0;26;1;
202300020800;155643672;A01;2;33;0;1;3;1;1;
202300020801;155643669;B01;2;7;13;2;4;1;1;
202300020801;155643670;A01;2;10;0;2;2;2;1;
202300020802;155643667;A01;1;10;3;0;2;1;1;
202300020803;155643666;B01;2;7;0;2;6;23;1;
202300020803;155643668;A01;2;31;0;2;7;11;1;
202300020804;155643664;A01;0;7;0;1;1;1;1;
202300020805;155643665;A01;0;7;0;1;1;15;1;
202300020806;155643662;A01;1;2;0;2;1;5;1;
202300020806;155643663;B01;2;7;0;2;2;1;1;
202300020807;155643660;A01;3;2;0;2;1;1;1;
202300020808;155643658;A01;1;33;0;2;1;1;1;
202300020808;155643661;B01;3;7;0;2;8;9;1;
202300020809;155643659;A01;1;33;16;0;0;14;1;
202300020810;155643654;A01;1;33;0;0;9;0;1;
202300020811;155643656;A01;2;10;0;2;3;15;1;
202300020811;155643657;B01;1;43;0;2;3;1;1;
202300020812;155643653;A01;2;60;13;0;7;1;5;
202300020813;155643652;B01;1;10;0;2;1;24;1;
202300020813;155643655;A01;2;7;11;0;1;13;1;
202300020814;155643649;A01;1;7;3;2;1;2;1;
202300020814;155643651;B01;1;14;0;2;4;1;1;
202300020815;155643647;A01;1;7;0;2;3;15;1;
202300020815;155643650;B01;1;33;0;2;4;15;1;
202300020816;155643646;A01;1;15;0;2;8;11;1;
202300020816;155643648;C01;1;7;3;2;7;1;1;
202300020817;155643643;B01;1;2;0;2;1;1;1;
202300020817;155643645;A01;2;10;0;2;3;13;1;
202300020818;155643644;A01;2;7;0;1;1;1;1;
202300020819;155643642;A01;1;7;0;1;2;1;1;
202300020820;155643640;A01;1;7;0;2;1;5;1;
202300020820;155643641;B01;2;7;0;2;1;1;1;
202300020821;155643639;A01;2;7;15;0;2;21;1;
202300020822;155643638;A01;1;99;0;9;0;0;6;
202300020823;155643637;A01;3;7;0;1;1;1;0;
202300020824;155643636;A01;1;7;8;0;1;15;1;
202300020825;155643634;A01;1;10;0;2;1;2;1;
202300020825;155643635;B01;1;7;0;2;4;2;1;
202300020826;155643632;A01;2;7;6;0;3;1;1;
202300020827;155643631;A01;3;10;0;1;6;26;1;
202300020828;155643630;A01;1;30;0;2;1;1;1;
202300020828;155643633;B01;2;32;0;2;2;15;1;
202300020829;155643628;B01;2;7;0;2;8;9;1;
202300020829;155643629;A01;1;33;0;2;1;1;1;
202300020830;155643627;A01;0;7;15;1;1;26;1;
202300020831;155643623;A01;1;7;2;0;1;13;1;
202300020832;155643621;A01;3;7;0;2;2;15;0;
202300020832;155643626;B01;0;50;0;0;0;0;3;
202300020833;155643620;A01;0;7;0;2;3;0;1;
202300020833;155643624;B01;0;7;0;2;3;15;1;
202300020834;155643619;A01;1;1;6;0;1;1;5;
202300020835;155643618;A01;2;7;2;0;1;0;1;
202300020836;155643616;A01;0;7;0;2;3;15;1;
202300020836;155643617;B01;0;31;0;2;1;1;1;
202300020837;155643615;A01;2;7;13;0;1;0;1;
202300020838;155643614;A01;1;7;0;1;1;1;1;
202300020839;155643613;A01;1;7;3;0;9;16;0;
202300020840;155643610;B01;2;38;0;2;1;1;1;1.0
202300020840;155643612;A01;1;7;0;2;7;13;1;
202300020841;155643608;A01;2;7;1;0;1;1;1;
202300020842;155643607;A01;3;7;0;2;1;1;1;
202300020842;155643611;B01;3;1;0;2;7;1;5;
202300020843;155643606;B01;2;33;0;2;7;2;0;
202300020843;155643609;A01;2;7;0;2;3;2;0;
202300020844;155643603;A01;2;7;0;2;2;17;1;
202300020844;155643605;B01;2;7;0;2;3;1;1;
202300020845;155643600;A01;1;10;0;0;0;1;1;
202300020846;155643598;A01;2;7;15;0;1;19;1;
202300020847;155643599;B01;3;7;0;2;4;2;1;
202300020847;155643602;A01;3;7;0;2;1;2;1;
202300020848;155643591;A01;1;7;3;0;4;1;1;
202300020848;155643594;B01;1;10;3;2;1;2;1;
202300020849;155643589;A01;1;7;0;2;1;1;1;
202300020849;155643593;B01;2;10;0;2;1;13;1;
202300020849;155643596;C01;2;7;0;2;1;1;1;
202300020850;155643590;A01;0;7;0;1;1;1;1;
202300020851;155643588;A01;1;33;11;0;1;1;1;
202300020852;155643586;A01;1;7;0;0;0;0;1;
202300020853;155643585;A01;1;7;0;0;4;1;1;
202300020853;155643587;B01;1;33;0;2;1;2;1;
202300020854;155643583;A01;0;10;0;2;0;0;1;
202300020854;155643584;B01;0;7;0;2;3;0;1;
202300020855;155643577;B01;2;7;0;2;1;1;1;
202300020855;155643580;A01;1;7;0;2;1;6;1;
202300020856;155643578;A01;2;31;0;2;7;1;1;
202300020856;155643581;B01;1;7;0;2;2;15;1;
202300020857;155643574;A01;2;7;0;0;4;1;0;
202300020857;155643576;B01;2;7;0;2;4;1;0;
202300020857;155643579;C01;2;7;0;2;1;1;0;
202300020857;155643582;D01;2;7;0;2;1;1;0;
202300020858;155643573;A01;3;7;8;0;9;1;1;
202300020859;155643572;A01;0;7;0;1;3;20;1;
202300020860;155643575;A01;2;7;0;1;3;15;1;
202300020861;155643570;B01;1;7;0;2;2;1;0;
202300020861;155643571;A01;1;33;0;2;8;1;1;
202300020862;155643569;A01;2;31;13;0;1;21;1;
202300020863;155643568;A01;3;7;0;1;1;2;1;
202300020864;155643565;B01;1;7;0;2;5;2;0;
202300020864;155643566;A01;1;7;3;2;3;2;0;
202300020865;155643563;A01;2;7;0;9;1;16;1;
202300020865;155643567;B01;2;1;0;2;5;1;5;
202300020866;155643562;A01;2;2;0;0;8;15;1;
202300020867;155643560;A01;1;2;0;2;1;5;1;
202300020867;155643561;B01;2;7;0;2;2;1;1;
202300020868;155643559;A01;3;2;6;0;1;1;3;
202300020869;155643558;A01;0;7;2;0;7;1;1;
202300020870;155643556;A01;1;7;0;9;2;1;0;
202300020870;155643557;Y01;1;1;0;2;8;19;5;
202300020871;155643554;A01;1;32;0;2;1;13;1;
202300020871;155643555;B01;2;7;0;2;3;1;1;
202300020872;155643551;B01;3;1;0;2;8;19;5;
202300020872;155643552;A01;3;7;0;9;1;16;1;
202300020873;155643550;B01;3;7;0;2;0;15;1;
202300020873;155643553;A01;3;30;0;2;6;1;1;
202300020874;155643547;A01;2;30;0;2;1;2;1;
202300020874;155643549;B01;2;7;0;2;4;2;1;
202300020875;155643542;B01;2;7;0;2;1;1;1;
202300020875;155643544;A01;1;7;0;2;1;5;1;
202300020875;155643546;C01;2;7;0;2;1;1;1;
202300020875;155643548;D01;2;7;0;9;1;1;1;
202300020876;155643541;A01;1;7;0;0;2;16;0;
202300020876;155643545;B01;2;1;0;2;1;1;5;
202300020877;155643540;A01;3;10;0;2;1;1;1;
202300020877;155643543;B01;0;30;0;2;5;0;1;
202300020878;155643535;A01;0;7;0;2;6;1;1;
202300020878;155643538;B01;0;7;0;2;1;1;1;
202300020879;155643537;B01;3;10;0;2;3;1;1;
202300020879;155643539;A01;3;7;0;2;3;5;1;
202300020880;155643534;B01;1;7;0;2;1;21;1;
202300020880;155643536;A01;2;7;0;2;3;13;1;
202300020881;155643531;A01;1;33;0;2;0;1;1;
202300020882;155643532;B01;1;7;0;0;4;26;0;
202300020882;155643533;A01;1;7;0;2;1;26;1;
202300020883;155643528;A01;3;80;0;2;3;1;3;
202300020883;155643530;Z01;3;7;0;9;8;13;0;
202300020884;155643526;A01;3;7;0;1;3;0;1;
202300020885;155643525;C01;2;33;0;2;1;17;1;
202300020885;155643527;B01;1;10;0;2;1;1;1;
202300020885;155643529;A01;1;7;0;2;1;1;1;
202300020886;155643521;A01;1;7;0;2;3;1;1;
202300020886;155643523;B01;2;7;0;2;3;1;1;
202300020887;155643522;A01;0;7;0;2;3;12;1;
202300020887;155643524;B01;0;3;0;2;5;0;1;
202300020888;155643520;A01;3;7;6;0;1;1;1;
202300020889;155643519;A01;1;33;0;0;0;0;1;
202300020890;155643517;A01;3;33;13;0;9;1;1;
202300020891;155643516;B01;3;2;0;2;1;1;1;
202300020891;155643518;A01;3;7;0;2;3;15;1;
202300020892;155643514;B01;1;7;0;2;2;2;1;
202300020892;155643515;A01;1;2;0;0;4;9;1;
202300020893;155643511;A01;2;7;13;0;1;1;1;
202300020894;155643510;B01;1;7;0;2;1;17;1;
202300020894;155643513;A01;1;99;0;2;8;1;1;
202300020895;155643509;B01;2;32;0;2;2;1;1;
202300020895;155643512;A01;2;7;0;2;3;15;1;
202300020896;155643504;A01;2;7;0;2;3;1;1;
202300020896;155643506;B01;1;7;0;2;3;1;1;
202300020896;155643508;C01;2;7;0;2;1;1;1;
202300020897;155643505;A01;1;7;0;2;1;2;1;
202300020897;155643507;B01;1;10;0;2;6;1;1;
202300020898;155643503;A01;2;3;0;1;1;1;3;
202300020899;155643502;A01;1;10;13;0;1;1;1;
202300020900;155643499;A01;2;17;0;2;1;2;1;
202300020900;155643500;B01;2;10;0;2;4;2;1;
202300020900;155643501;C01;2;10;0;2;4;2;1;
202300020901;155643498;A01;1;7;13;0;2;14;1;
202300020902;155643497;A01;3;7;0;1;1;1;1;
202300020903;155643493;B01;2;7;0;2;1;1;1;
202300020903;155643496;A01;1;7;0;2;1;5;1;
202300020904;155643491;B01;2;7;0;2;9;1;2;
202300020904;155643492;C01;1;7;0;2;9;11;2;
202300020904;155643495;A01;1;7;0;2;1;13;1;
202300020905;155643490;A01;1;1;0;2;1;5;5;
202300020905;155643494;B01;1;7;0;2;3;1;1;
202300020906;155643489;A01;0;7;0;0;0;1;0;
202300020907;155643488;A01;2;32;16;0;7;1;1;
202300020908;155643485;A01;1;1;0;9;7;2;5;
202300020908;155643487;B01;1;1;0;9;8;2;5;
202300020909;155643483;A01;1;7;8;2;8;13;1;
202300020909;155643486;B01;2;7;0;2;8;1;1;
202300020910;155643480;B01;2;7;0;2;1;2;1;
202300020910;155643482;A01;2;7;0;2;4;1;1;
202300020911;155643481;A01;2;7;0;2;1;1;1;
202300020911;155643484;B01;2;15;0;2;4;1;1;
202300020912;155643476;A01;3;7;0;2;3;13;1;
202300020912;155643479;B01;0;7;0;2;3;1;1;
202300020913;155643474;A01;1;7;0;2;4;0;1;
202300020913;155643477;B01;1;7;0;2;1;0;1;
202300020914;155643473;C01;2;7;0;2;2;1;1;
202300020914;155643475;B01;2;7;0;2;1;1;1;
202300020914;155643478;A01;2;7;0;2;4;1;1;
202300020915;155643468;B01;2;7;3;2;8;2;1;
202300020915;155643471;A01;2;7;0;2;2;14;1;
202300020916;155643469;B01;2;14;0;2;3;1;0;
202300020916;155643472;A01;1;7;0;2;1;13;1;
202300020917;155643467;A01;2;33;0;2;7;1;1;
202300020917;155643470;Z01;2;7;0;2;0;11;2;
202300020918;155643465;A01;1;7;6;0;3;13;1;
202300020919;155643463;B01;2;7;0;2;0;2;1;
202300020919;155643466;Z01;2;7;0;2;0;0;1;
202300020920;155643464;A01;2;7;4;0;1;1;1;
202300020921;155643460;A01;1;17;3;0;2;1;1;
202300020922;155643461;A01;1;7;6;0;1;1;1;
202300020923;155643459;B01;1;30;0;2;5;1;1;
202300020923;155643462;A01;1;7;0;2;3;9;1;
202300020924;155643457;A01;1;7;0;0;3;1;1;
202300020925;155643453;A01;2;30;0;2;2;1;1;
202300020925;155643455;B01;2;7;0;2;3;15;1;
202300020926;155643452;A01;1;10;0;2;1;1;1;
202300020926;155643454;B01;1;7;0;2;4;2;1;
202300020926;155643456;C01;1;10;0;2;4;2;1;
202300020926;155643458;D01;1;7;0;2;4;2;2;
202300020927;155643450;A01;2;10;0;2;4;11;1;
202300020927;155643451;B01;2;10;0;2;1;1;1;
202300020928;155643448;A01;0;3;0;1;1;1;3;
202300020929;155643446;A01;2;7;0;2;1;2;1;
202300020929;155643447;B01;2;7;0;2;4;2;1;
202300020929;155643449;C01;2;7;0;0;4;0;1;
202300020930;155643443;A01;1;7;0;2;4;12;1;
202300020930;155643445;B01;1;31;0;2;1;3;1;
202300020931;155643442;A01;1;7;3;0;1;13;0;
202300020932;155643440;T01;1;7;0;2;1;1;1;
202300020932;155643441;A01;1;10;0;2;1;1;1;
202300020932;155643444;C01;3;60;0;2;3;1;5;
202300020933;155643438;B01;2;33;0;2;1;3;1;
202300020933;155643439;A01;2;7;0;2;5;12;1;
202300020934;155643436;A01;1;7;0;2;2;14;1;
202300020934;155643437;B01;1;7;0;2;6;1;3;
202300020935;155643434;A01;2;33;13;0;1;1;1;
202300020936;155643431;A01;2;7;0;2;6;11;1;
202300020936;155643433;B01;2;43;4;2;2;1;1;
202300020937;155643432;B01;2;7;0;2;7;15;1;
202300020937;155643435;A01;1;7;0;2;1;1;1;
202300020938;155643430;A01;1;7;4;0;9;14;1;
202300020939;155643425;A01;2;33;0;2;1;1;1;
202300020939;155643429;B01;2;33;0;0;6;1;1;
202300020940;155643426;B01;1;1;0;0;0;0;5;
202300020940;155643428;A01;1;7;0;2;4;20;2;
202300020941;155643424;B01;1;30;0;2;1;1;1;
202300020941;155643427;A01;2;32;0;2;2;1;1;
202300020942;155643422;A01;2;7;8;2;1;17;1;
202300020942;155643423;B01;1;7;0;2;1;1;1;
202300020943;155643420;A01;3;10;0;1;1;1;1;
202300020944;155643419;B01;2;32;0;2;8;13;1;
202300020944;155643421;A01;2;7;0;2;7;1;1;
202300020945;155643415;B01;1;7;0;2;6;1;1;
202300020945;155643418;A01;1;30;0;2;0;0;1;
202300020946;155643416;A01;1;30;0;2;1;17;1;
202300020946;155643417;B01;1;7;0;2;8;15;1;
202300020947;155643413;B01;1;10;0;2;2;26;1;
202300020947;155643414;A01;2;3;0;2;1;26;1;
202300020948;155643409;B01;2;50;6;2;1;1;3;
202300020948;155643411;A01;1;7;8;2;1;1;1;
202300020949;155643410;A01;3;50;0;2;1;19;3;
202300020949;155643412;B01;3;7;0;2;3;16;1;
202300020950;155643408;A01;2;7;6;0;7;14;1;
202300020951;155643407;A01;1;30;0;1;1;1;0;
202300020952;155643405;B01;3;7;0;2;6;2;2;
202300020952;155643406;A01;3;30;0;2;1;2;1;
202300020953;155643400;B01;1;31;0;2;1;1;0;
202300020953;155643403;A01;2;7;0;2;3;2;0;
202300020954;155643398;A01;2;7;0;2;1;1;1;
202300020954;155643401;B01;2;7;0;2;2;15;1;
202300020955;155643395;B01;1;1;0;2;3;1;5;
202300020955;155643397;A01;2;7;0;2;3;15;1;
202300020956;155643391;B01;2;7;0;2;4;1;1;
202300020956;155643394;A01;2;10;0;2;1;1;1;
202300020956;155643396;D01;2;7;0;2;0;0;1;
202300020956;155643399;C01;2;7;0;0;0;0;1;
202300020957;155643390;A01;3;32;0;2;2;17;3;
202300020957;155643392;B01;3;7;0;2;3;15;0;
202300020958;155643389;B01;0;7;0;2;1;1;3;
202300020958;155643393;A01;0;7;0;2;3;1;1;
202300020959;155643386;A01;3;33;0;2;2;1;1;
202300020959;155643388;B01;3;1;0;2;1;1;5;
202300020960;155643384;A01;2;7;12;0;5;15;1;
202300020961;155643385;B01;3;1;0;2;8;19;5;
202300020961;155643387;A01;3;7;0;9;2;1;1;
202300020962;155643383;A01;2;7;12;0;1;21;1;
202300020963;155643381;Z01;0;7;0;2;1;0;0;
202300020963;155643382;A01;0;2;0;2;1;1;1;
202300020964;155643377;C01;2;7;0;2;4;23;0;
202300020964;155643379;A01;2;7;0;2;1;2;1;
202300020964;155643380;B01;2;7;0;2;1;23;1;
202300020965;155643375;A01;0;10;0;2;1;0;1;
202300020965;155643378;B01;2;7;0;2;4;23;1;
202300020966;155643374;A01;1;7;0;2;4;23;1;
202300020966;155643376;B01;1;7;0;2;1;1;1;
202300020967;155643373;A01;1;30;0;2;0;0;1;
202300020968;155643372;A01;3;33;0;0;3;0;1;
202300020969;155643371;A01;1;7;0;1;1;1;1;
202300020970;155643369;A01;1;7;0;2;8;10;1;
202300020970;155643370;B01;1;2;0;2;7;17;1;
202300020971;155643363;B01;1;7;0;2;1;2;1;
202300020971;155643366;C01;1;7;0;2;4;2;1;
202300020971;155643368;A01;1;7;0;2;1;2;1;
202300020972;155643365;A01;1;7;0;2;5;15;1;
202300020972;155643367;B01;2;7;0;2;2;1;1;
202300020973;155643362;A01;1;30;0;2;3;1;3;
202300020973;155643364;B01;2;7;0;2;2;1;1;
202300020974;155643361;A01;1;7;6;0;1;1;1;
202300020975;155643360;A01;0;7;0;1;1;1;1;
202300020976;155643358;A01;3;7;0;2;1;1;0;
202300020976;155643359;B01;3;1;0;2;1;1;0;
202300020977;155643356;A01;1;7;0;0;9;1;1;
202300020978;155643353;A01;2;10;0;2;1;0;1;
202300020978;155643354;B01;2;7;0;2;6;2;1;
202300020978;155643355;C01;2;7;0;2;0;0;0;
202300020979;155643351;A01;2;7;10;0;1;1;1;
202300020980;155643350;C01;1;7;0;2;1;1;1;
202300020980;155643352;A01;1;7;4;2;6;9;1;
202300020980;155643357;B01;1;17;0;2;1;1;1;
202300020981;155643349;A01;2;33;0;0;1;19;1;
202300020982;155643348;A01;1;7;0;1;2;1;1;
202300020983;155643344;A01;2;7;13;0;9;1;1;
202300020984;155643345;B01;1;10;0;2;2;1;1;
202300020984;155643347;A01;1;7;0;2;6;15;1;
202300020985;155643343;B01;1;10;0;2;0;1;1;
202300020985;155643346;A01;2;7;8;2;5;1;1;
202300020986;155643342;A01;1;7;6;0;1;1;1;
202300020987;155643341;A01;1;31;14;2;0;1;1;
202300020988;155643339;A01;3;7;0;1;2;1;2;
202300020989;155643338;A01;2;7;3;2;1;2;1;
202300020989;155643340;B01;2;7;3;2;4;1;1;
202300020990;155643337;Z01;1;50;0;1;1;5;3;
202300020991;155643335;A01;0;7;0;1;1;16;1;
202300020992;155643333;B01;1;7;0;2;2;1;1;
202300020992;155643336;A01;1;2;0;2;1;19;1;
202300020993;155643334;A01;2;10;0;1;3;1;1;
202300020994;155643332;A01;1;7;2;9;1;1;1;
202300020995;155643331;A01;3;7;0;1;1;2;1;
202300020996;155643328;A01;1;7;13;0;9;13;1;
202300020997;155643329;A01;1;7;0;2;1;1;3;
202300020997;155643330;B01;1;1;0;2;1;1;5;
202300020998;155643326;A01;2;7;0;2;8;15;1;
202300020998;155643327;B01;1;33;0;2;1;1;1;
202300020999;155643325;A01;1;14;10;0;1;1;1;
202300021000;155643322;A01;2;7;0;2;5;15;1;
202300021000;155643324;B01;1;34;0;2;1;1;1;
202300021001;155643318;A01;1;7;0;2;2;0;0;
202300021001;155643320;B01;1;30;0;0;4;1;3;
202300021002;155643319;A01;2;7;0;2;6;15;1;
202300021002;155643321;B01;1;1;0;2;0;1;5;
202300021003;155643316;A01;1;7;0;2;2;15;1;
202300021003;155643317;B01;2;1;0;2;1;0;5;
202300021004;155643315;A01;1;2;0;0;0;0;0;
202300021005;155643312;C01;2;7;13;0;2;16;1;
202300021005;155643313;B01;2;7;0;2;6;1;1;
202300021005;155643314;A01;2;7;0;2;0;26;1;
202300021006;155643310;A01;1;7;4;0;1;1;1;
202300021007;155643308;A01;2;10;0;2;1;13;1;
202300021007;155643311;B01;1;7;0;2;1;1;1;
202300021008;155643307;A01;2;30;0;1;1;21;1;
202300021009;155643306;B01;2;1;0;2;3;25;5;
202300021009;155643309;A01;1;80;0;2;2;25;3;
202300021010;155643305;A01;1;7;0;1;1;1;1;
202300021011;155643303;A01;1;2;0;0;0;21;1;
202300021012;155643302;A01;1;7;0;2;6;9;1;
202300021012;155643304;B01;1;99;0;2;2;2;1;
202300021013;155643301;A01;1;1;0;5;1;1;5;
202300021014;155643300;A01;1;7;0;1;1;1;1;
202300021015;155643297;A01;1;7;0;2;8;15;1;
202300021015;155643299;B01;1;33;0;2;7;1;1;
202300021016;155643295;A01;1;7;0;1;2;15;1;
202300021017;155643293;A01;1;33;0;0;8;1;1;
202300021018;155643292;B01;0;7;0;2;3;15;1;
202300021018;155643294;A01;1;33;0;2;2;1;1;
202300021019;155643291;A01;3;7;0;1;1;1;1;
202300021020;155643289;B01;2;20;0;2;1;1;1;
202300021020;155643290;A01;1;7;3;2;7;13;1;
202300021021;155643286;B01;3;7;0;2;1;1;1;
202300021021;155643287;A01;3;30;14;2;1;13;1;
202300021022;155643285;A01;1;7;2;0;3;1;0;
202300021023;155643283;A01;1;7;0;2;2;21;1;
202300021023;155643284;B01;1;7;0;2;6;0;1;
202300021023;155643288;C01;1;7;0;2;6;16;1;
202300021024;155643282;A01;2;7;13;0;3;13;1;
202300021025;155643280;A01;0;33;0;2;1;1;6;
202300021025;155643281;B01;0;7;0;2;3;15;3;
202300021026;155643277;A01;1;7;0;2;1;15;1;
202300021026;155643279;B01;1;33;0;2;8;2;1;
202300021027;155643275;B01;1;7;1;0;6;2;1;
202300021027;155643278;A01;2;50;0;2;1;2;3;
202300021028;155643274;A01;1;7;0;2;3;9;1;
202300021028;155643276;B01;1;1;0;2;5;1;5;
202300021029;155643270;A01;2;7;2;0;1;13;1;
202300021030;155643271;A01;2;34;0;2;7;17;1;
202300021030;155643273;Z01;2;10;0;2;3;10;0;
202300021031;155643269;A01;3;7;0;2;3;1;1;
202300021031;155643272;B01;3;7;0;2;3;1;1;
202300021032;155643268;A01;1;7;14;0;1;6;1;
202300021033;155643267;A01;0;34;1;0;0;1;1;
202300021034;155643263;A01;1;13;0;2;3;2;1;
202300021034;155643265;B01;1;7;0;2;9;2;1;
202300021034;155643266;C01;1;7;0;2;4;0;1;
202300021035;155643262;A01;1;7;0;2;2;15;1;
202300021035;155643264;B01;2;1;0;2;1;1;5;
202300021036;155643257;A01;2;34;0;2;7;17;1;
202300021036;155643260;B01;2;7;0;2;8;19;1;
202300021037;155643259;Z01;1;7;0;2;1;26;6;
202300021037;155643261;B01;1;7;8;0;4;15;1;
202300021038;155643256;A01;3;7;0;2;2;19;1;
202300021038;155643258;B01;3;1;0;2;1;1;5;
202300021039;155643254;A01;2;7;2;0;2;1;1;
202300021040;155643253;A01;2;43;0;2;1;2;0;
202300021040;155643255;B01;2;7;0;2;4;1;1;
202300021041;155643251;B01;1;7;0;2;2;0;0;
202300021041;155643252;A01;2;34;0;2;1;1;1;
202300021042;155643246;A01;3;7;0;2;2;15;1;
202300021042;155643248;B01;1;30;0;2;2;2;1;
202300021043;155643245;A01;1;2;0;2;8;17;1;
202300021043;155643247;B01;1;2;0;2;5;15;1;
202300021044;155643242;A01;2;7;0;0;0;1;6;
202300021045;155643237;A01;2;7;0;2;2;15;1;
202300021045;155643238;B01;1;2;0;2;1;2;1;
202300021046;155643235;B01;2;33;0;2;1;17;1;
202300021046;155643236;A01;2;7;0;2;3;26;1;
202300021047;155643234;A01;1;37;13;0;7;2;1;2.0
202300021048;155643239;A01;0;7;0;1;4;20;1;
202300021049;155643233;A01;1;7;0;1;1;1;1;
202300021050;155643230;A01;3;2;0;2;1;13;1;
202300021050;155643232;B01;3;10;0;2;1;1;1;
202300021051;155643226;RB01;1;7;0;9;2;16;1;
202300021051;155643228;A01;1;60;0;2;1;18;5;
202300021052;155643227;B01;1;7;1;2;4;2;0;
202300021052;155643229;C01;1;7;0;0;4;2;1;
202300021052;155643231;A01;1;7;1;2;1;2;1;
202300021053;155643225;A01;1;7;13;0;1;0;1;
202300021054;155643223;A01;1;30;0;2;3;11;1;
202300021054;155643224;B01;1;7;0;2;2;1;1;
202300021055;155643222;A01;2;7;0;1;0;0;0;