Num_Acc;id_vehicule;num_veh;senc;catv;obs;obsm;choc;manv;motor;occutc
202300021056;155643220;A01;2;33;1;0;9;1;1;
202300021057;155643219;A01;1;7;0;1;2;1;0;
202300021058;155643218;A01;3;7;0;2;3;14;1;
202300021058;155643221;B01;3;7;0;2;5;1;1;
202300021059;155643216;A01;2;31;0;0;7;17;0;
202300021060;155643215;A01;3;7;0;2;1;9;1;
202300021060;155643217;B01;2;15;0;2;7;0;0;
202300021061;155643212;A01;1;33;0;2;8;3;1;
202300021061;155643214;Z01;1;7;0;2;2;12;0;
202300021062;155643210;A01;2;7;0;2;6;1;1;
202300021062;155643213;B01;2;30;0;2;1;1;1;
202300021063;155643209;B01;3;7;0;2;1;9;1;
202300021063;155643211;A01;1;33;0;2;1;0;1;
202300021064;155643208;A01;0;99;0;1;4;26;1;
202300021065;155643205;A01;2;7;0;2;3;15;1;
202300021065;155643206;B01;1;31;0;2;6;1;1;
202300021066;155643204;A01;1;7;2;0;0;1;1;
202300021067;155643202;A01;2;7;0;2;5;12;1;
202300021067;155643203;B01;2;31;0;2;1;3;1;
202300021067;155643207;C01;2;7;0;2;7;1;1;
202300021068;155643201;A01;2;32;12;0;7;20;1;
202300021069;155643199;A01;1;7;0;2;3;1;1;
202300021069;155643200;B01;0;33;0;2;8;15;1;
202300021070;155643195;A01;1;7;0;2;8;15;1;
202300021070;155643197;B01;1;33;0;2;1;17;1;
202300021071;155643196;A01;3;10;0;2;1;1;3;
202300021071;155643198;B01;3;7;0;2;4;1;2;
202300021072;155643193;A01;1;7;0;2;3;15;1;
202300021072;155643194;B01;1;30;0;2;2;1;1;
202300021073;155643190;A01;2;7;0;2;7;15;2;
202300021073;155643192;B01;1;7;0;2;2;1;1;
202300021074;155643189;Z01;2;30;0;2;0;1;0;
202300021074;155643191;A01;2;1;0;2;3;19;5;
202300021075;155643185;B01;2;7;0;2;1;1;1;
202300021075;155643186;A01;1;7;0;2;2;15;1;
202300021076;155643187;A01;3;7;0;2;6;19;1;
202300021076;155643188;B01;1;33;0;2;1;1;1;
202300021077;155643183;A01;1;2;0;2;1;2;1;
202300021077;155643184;B01;1;10;0;2;4;1;1;
202300021078;155643182;A01;1;3;0;1;1;16;3;
202300021079;155643180;B01;1;7;0;2;1;1;1;
202300021079;155643181;A01;3;35;0;2;3;15;1;
202300021080;155643178;A01;3;7;0;2;2;15;1;
202300021080;155643179;B01;3;50;0;2;1;1;3;
202300021081;155643176;A01;2;7;6;0;3;13;1;
202300021082;155643174;A01;1;7;0;2;3;22;1;
202300021082;155643177;B01;1;31;1;0;7;2;1;
202300021083;155643173;B01;0;50;0;2;6;13;3;
202300021083;155643175;A01;0;7;0;2;2;2;1;
202300021084;155643171;A01;1;7;0;0;1;1;1;
202300021084;155643172;B01;1;1;0;2;7;19;5;
202300021085;155643168;B01;1;34;0;2;7;17;1;
202300021085;155643170;A01;1;7;0;2;3;15;1;
202300021086;155643166;B01;1;1;0;2;8;19;5;
202300021086;155643167;A01;1;7;0;2;2;1;1;
202300021087;155643164;A01;1;7;0;2;1;1;1;
202300021087;155643165;B01;3;50;0;2;7;19;3;
202300021088;155643162;B01;2;1;12;2;4;1;5;
202300021088;155643163;A01;2;7;0;2;2;1;0;
202300021089;155643169;A01;1;33;0;1;1;1;1;
202300021090;155643161;A01;2;33;6;0;1;26;1;
202300021091;155643160;A01;2;7;17;0;3;1;1;
202300021092;155643159;A01;2;1;0;1;1;1;5;
202300021093;155643157;B01;3;7;0;2;3;1;1;
202300021093;155643158;A01;3;7;0;2;3;1;1;
202300021094;155643156;A01;2;30;0;0;0;21;1;
202300021095;155643155;A01;2;7;0;1;2;1;1;
202300021096;155643152;B01;3;2;0;0;8;1;1;
202300021096;155643153;A01;3;2;0;2;1;1;1;
202300021097;155643150;A01;3;2;0;2;1;0;1;
202300021098;155643151;A01;2;7;0;2;3;1;1;
202300021098;155643154;B01;2;32;0;2;5;1;3;
202300021099;155643149;A01;0;7;13;0;3;1;1;
202300021100;155643146;A01;2;7;0;0;6;1;1;
202300021100;155643147;B01;2;7;0;2;2;12;1;
202300021101;155643148;A01;1;7;2;0;1;14;1;
202300021102;155643143;B01;1;7;6;2;1;13;1;
202300021102;155643144;A01;1;7;0;2;4;1;1;
202300021103;155643142;A01;1;7;0;2;2;5;1;
202300021103;155643145;B01;2;37;0;2;2;1;1;40.0
202300021104;155643141;A01;2;7;0;1;1;1;1;
202300021105;155643138;A01;1;34;0;1;6;1;1;
202300021106;155643137;A01;1;31;0;2;1;25;1;
202300021106;155643139;B01;0;7;0;2;8;1;1;
202300021107;155643135;B01;2;7;0;2;4;2;1;
202300021107;155643140;A01;2;7;0;2;1;2;1;
202300021108;155643134;B01;1;2;0;0;4;2;3;
202300021108;155643136;A01;1;7;0;2;2;1;1;
202300021109;155643132;A01;3;14;0;2;1;16;1;
202300021109;155643133;B01;3;7;0;2;4;16;1;
202300021110;155643131;A01;3;43;0;1;8;3;1;
202300021111;155643130;A01;2;1;14;0;8;23;5;
202300021112;155643129;A01;2;31;1;0;1;1;1;
202300021113;155643127;B01;0;1;0;2;0;0;5;
202300021113;155643128;A01;1;7;0;2;1;2;0;
202300021114;155643125;A01;3;7;0;2;4;2;0;
202300021114;155643126;B01;3;33;0;2;1;2;0;
202300021115;155643123;A01;3;7;0;2;3;1;0;
202300021115;155643124;B01;3;7;0;2;8;15;0;
202300021116;155643122;A01;3;7;0;1;3;16;1;
202300021117;155643120;B01;1;7;0;2;2;26;1;
202300021117;155643121;A01;1;33;0;2;1;0;1;
202300021118;155643119;A01;1;32;9;0;0;0;1;
202300021119;155643118;A01;1;10;0;1;2;1;0;
202300021120;155643116;B01;1;7;0;2;2;1;2;
202300021120;155643117;A01;1;7;0;2;3;1;0;
202300021121;155643114;A01;1;7;0;2;4;19;2;
202300021121;155643115;P01;1;60;0;0;7;19;5;
202300021122;155643113;A01;0;7;0;1;1;1;1;
202300021123;155643112;A01;3;37;0;1;5;1;1;1.0
202300021124;155643108;A01;2;7;0;2;2;17;1;
202300021124;155643109;B01;2;7;1;2;8;21;1;
202300021124;155643110;C01;1;7;0;2;3;1;1;
202300021124;155643111;D01;3;10;0;2;3;24;1;
202300021125;155643106;B01;3;99;0;2;5;1;5;
202300021125;155643107;A01;3;99;0;9;3;1;1;
202300021126;155643105;A01;2;10;0;1;3;2;1;
202300021127;155643102;A01;3;7;8;0;1;26;0;
202300021128;155643100;A01;2;7;0;2;3;15;1;
202300021128;155643101;B01;2;33;0;2;2;2;1;
202300021129;155643099;A01;0;32;0;1;1;1;0;
202300021130;155643097;A01;1;3;0;2;1;26;1;
202300021130;155643098;B01;1;32;1;2;8;1;3;
202300021131;155643095;B01;1;7;0;2;3;1;1;
202300021131;155643096;A01;2;7;0;2;2;15;1;
202300021132;155643093;A01;1;1;0;2;4;1;5;
202300021132;155643094;B01;1;7;0;2;2;1;1;
202300021133;155643092;A01;2;0;0;1;0;0;0;
202300021134;155643091;A01;3;7;0;1;3;26;2;
202300021135;155643090;A01;2;7;1;0;7;0;1;
202300021136;155643088;B01;3;34;0;2;3;26;1;
202300021136;155643089;A01;3;7;0;2;2;26;1;
202300021137;155643087;A01;1;10;0;1;1;16;1;
202300021138;155643085;B01;1;7;0;2;1;1;0;
202300021138;155643086;A01;1;31;0;2;0;1;1;
202300021139;155643084;A01;2;7;16;0;1;0;1;
202300021140;155643082;A01;1;7;0;2;3;26;1;
202300021140;155643083;B01;2;7;8;2;2;1;1;
202300021141;155643080;B01;2;7;0;2;4;2;1;
202300021141;155643081;A01;2;7;0;2;1;2;1;
202300021142;155643078;B01;1;50;0;2;1;1;3;
202300021142;155643079;A01;1;7;0;9;2;9;1;
202300021143;155643077;A01;1;7;0;1;2;1;1;
202300021144;155643075;A01;2;10;0;9;2;2;1;
202300021144;155643076;B01;2;1;0;0;8;2;5;
202300021145;155643073;A01;1;7;0;2;1;13;1;
202300021145;155643074;B01;2;7;0;2;1;1;1;
202300021146;155643071;B01;1;7;0;2;3;1;1;
202300021146;155643072;A01;1;7;0;2;2;19;1;
202300021147;155643069;A01;2;7;0;2;3;17;1;
202300021147;155643070;B01;1;31;0;2;1;1;1;
202300021148;155643067;A01;2;7;0;9;1;1;1;
202300021148;155643068;B01;2;1;0;0;4;1;5;
202300021149;155643066;A01;0;31;0;0;0;0;0;
202300021150;155643065;A01;2;7;3;0;2;2;1;
202300021151;155643064;A01;2;15;1;1;5;21;1;
202300021152;155643063;A01;2;7;2;0;1;1;1;
202300021153;155643061;A01;2;7;0;2;1;17;1;
202300021153;155643062;B01;2;7;4;0;4;11;1;
202300021154;155643059;A01;2;36;0;2;1;13;1;
202300021154;155643060;B01;2;7;0;2;2;17;1;
202300021155;155643057;A01;3;7;0;2;3;1;1;
202300021155;155643058;B01;3;14;0;2;3;1;1;
202300021156;155643055;B01;2;7;0;2;2;1;1;
202300021156;155643056;A01;1;10;0;2;3;13;1;
202300021157;155643053;A01;0;2;0;2;1;1;3;
202300021157;155643054;B01;0;10;0;2;2;1;1;
202300021158;155643052;A01;2;7;8;0;1;1;1;
202300021159;155643050;A01;2;7;0;2;0;15;0;
202300021159;155643051;B01;2;30;0;2;2;1;1;
202300021160;155643049;A01;1;7;13;0;2;15;1;
202300021161;155643048;A01;1;10;2;0;1;13;1;
202300021162;155643047;A01;2;7;13;0;9;1;1;
202300021163;155643044;A01;1;7;0;2;2;15;1;
202300021163;155643045;C01;1;7;0;2;1;1;1;
202300021163;155643046;B01;2;10;0;2;1;13;1;
202300021164;155643043;A01;0;2;0;1;1;1;1;
202300021165;155643041;A01;0;14;0;2;3;16;1;
202300021165;155643042;B01;3;7;0;0;2;1;1;
202300021166;155643040;A01;1;7;2;0;7;1;1;
202300021167;155643038;A01;2;10;0;2;2;1;1;
202300021167;155643039;B01;1;7;0;2;1;1;1;
202300021168;155643037;A01;1;7;0;0;1;1;1;
202300021169;155643036;A01;2;7;2;0;8;1;1;
202300021170;155643035;A01;1;34;0;1;2;2;1;
202300021171;155643034;A01;1;17;0;0;8;21;1;
202300021172;155643032;A01;1;7;0;2;1;2;1;
202300021172;155643033;B01;1;7;0;0;4;1;1;
202300021173;155643030;A01;2;7;0;2;1;13;1;
202300021173;155643031;B01;1;7;0;2;1;1;1;
202300021174;155643028;A01;1;10;0;2;3;13;1;
202300021174;155643029;B01;2;10;0;2;3;21;1;
202300021175;155643027;A01;1;7;4;0;8;13;1;
202300021176;155643025;A01;1;31;0;2;1;1;1;
202300021176;155643026;B01;3;7;0;2;6;15;1;
202300021177;155643023;A01;2;7;0;2;2;19;1;
202300021177;155643024;B01;1;7;0;2;7;0;0;
202300021178;155643021;A01;2;1;0;2;1;1;5;
202300021178;155643022;B01;1;7;0;2;2;15;1;
202300021179;155643019;A01;2;7;0;9;2;2;1;
202300021179;155643020;B01;2;1;0;2;4;2;5;
202300021180;155643012;B01;1;0;0;2;1;2;0;
202300021180;155643013;A01;1;1;0;0;4;1;5;
202300021181;155643010;A01;2;16;3;2;3;1;1;
202300021181;155643011;B01;1;7;0;2;3;13;1;
202300021182;155643009;A01;1;7;13;0;1;0;1;
202300021183;155643007;A01;2;7;0;2;7;1;1;
202300021183;155643008;B01;1;7;0;2;1;1;1;
202300021184;155643006;A01;3;7;0;1;1;0;2;
202300021185;155643004;A01;0;7;0;2;3;0;1;
202300021185;155643005;B01;3;50;0;2;1;19;3;
202300021186;155643003;A01;2;7;0;1;2;1;1;
202300021187;155643001;A01;3;2;1;0;1;1;1;
202300021187;155643002;B01;3;99;0;0;1;26;6;
202300021188;155642999;A01;3;7;0;2;1;1;1;
202300021188;155643000;B01;3;60;0;2;2;1;5;
202300021189;155642997;A01;3;7;0;0;4;2;1;
202300021189;155642998;B01;3;7;0;0;1;2;1;
202300021190;155642995;B01;3;50;0;2;8;25;3;
202300021190;155642996;A01;3;0;0;2;1;9;0;
202300021191;155642994;A01;1;7;0;1;2;16;1;
202300021192;155642992;A01;1;7;0;2;0;1;1;
202300021192;155642993;B01;1;33;0;2;1;3;1;
202300021193;155642991;A01;1;33;0;0;0;1;1;
202300021194;155642988;C01;1;7;0;2;4;1;1;
202300021194;155642989;B01;1;7;0;2;4;1;2;
202300021194;155642990;A01;1;7;0;2;1;1;1;
202300021195;155642986;A01;2;10;0;2;2;1;1;
202300021195;155642987;B01;2;7;0;2;4;2;1;
202300021196;155642984;A01;1;31;0;2;8;1;3;
202300021196;155642985;Z01;1;7;0;2;7;0;0;
202300021197;155642982;A01;1;7;0;2;8;9;1;
202300021197;155642983;B01;1;17;0;2;2;1;1;
202300021198;155642981;A01;1;43;3;0;3;16;1;
202300021199;155642980;A01;1;7;3;0;1;1;0;
202300021200;155642979;A01;2;32;0;2;2;3;3;
202300021201;155642976;A01;2;0;0;2;0;3;0;
202300021201;155642977;B01;2;43;0;2;7;3;1;
202300021201;155642978;C01;2;7;0;2;3;1;2;
202300021202;155642974;A01;1;33;1;0;2;2;1;
202300021202;155642975;B01;1;7;0;2;6;23;1;
202300021203;155642972;A01;2;33;0;2;7;3;1;
202300021203;155642973;B01;2;7;0;2;8;11;1;
202300021204;155642970;A01;1;30;0;2;1;1;1;
202300021204;155642971;B01;1;7;0;2;6;23;1;
202300021205;155642969;A01;0;7;13;0;0;14;1;
202300021206;155642967;B01;2;32;0;2;1;1;1;
202300021206;155642968;A01;1;7;0;2;0;0;1;
202300021207;155642965;A01;2;10;0;2;1;1;1;
202300021207;155642966;B01;2;1;0;2;7;19;5;
202300021208;155642963;A01;3;33;0;2;0;21;1;
202300021208;155642964;B01;1;7;0;2;0;15;1;
202300021209;155642961;A01;1;7;0;2;1;2;1;
202300021209;155642962;B01;1;7;0;2;4;23;1;
202300021210;155642959;A01;2;7;0;2;5;9;1;
202300021210;155642960;B01;2;2;0;2;1;1;1;
202300021211;155642957;A01;1;7;0;2;2;26;1;
202300021211;155642958;B01;1;32;0;2;1;21;1;
202300021212;155642956;A01;2;7;0;1;2;1;1;
202300021213;155642954;B01;1;17;0;2;6;1;1;
202300021213;155642955;A01;2;7;0;2;3;13;1;
202300021214;155642952;A01;1;7;0;2;4;23;1;
202300021214;155642953;Z01;1;7;0;2;1;2;1;
202300021215;155642951;A01;2;7;15;0;2;14;0;
202300021216;155642949;A01;1;7;0;2;5;12;1;
202300021216;155642950;B01;1;33;0;2;1;3;1;
202300021217;155642944;E01;2;7;0;2;4;1;2;
202300021217;155642945;B01;2;7;0;2;3;1;1;
202300021217;155642946;C01;2;31;0;2;4;3;1;
202300021217;155642947;D01;2;7;0;2;4;1;2;
202300021217;155642948;A01;2;33;0;2;2;3;1;
202300021218;155642941;C01;1;33;0;2;1;1;1;
202300021218;155642942;A01;1;43;0;2;3;13;1;
202300021218;155642943;B01;1;7;0;0;5;1;1;
202300021219;155642938;C01;1;10;0;2;4;2;1;
202300021219;155642939;A01;1;7;0;2;1;2;1;
202300021219;155642940;B01;1;7;0;2;4;2;1;
202300021220;155642936;A01;1;7;0;2;3;16;2;
202300021220;155642937;B01;2;50;0;2;1;1;3;
202300021221;155642934;B01;1;7;0;2;1;16;1;
202300021221;155642935;A01;2;7;0;2;7;1;2;
202300021222;155642932;B01;0;7;0;2;6;24;2;
202300021222;155642933;A01;1;31;1;2;3;22;1;
202300021223;155642930;A01;1;7;0;2;2;2;1;
202300021223;155642931;B01;1;7;0;2;4;2;0;
202300021224;155642929;Z01;1;7;0;1;1;1;0;
202300021225;155642927;B01;2;1;0;2;1;1;5;
202300021225;155642928;A01;1;7;0;2;2;10;2;
202300021226;155642925;B01;2;31;0;2;3;1;1;
202300021226;155642926;A01;1;7;0;2;1;15;1;
202300021227;155642924;A01;1;50;0;1;1;17;3;
202300021228;155642922;A01;3;31;0;2;1;2;1;
202300021228;155642923;B01;3;7;0;2;2;15;1;
202300021229;155642919;C01;3;7;0;2;4;2;1;
202300021229;155642920;A01;3;7;0;2;1;2;1;
202300021229;155642921;B01;3;33;0;2;4;2;1;
202300021230;155642917;B01;2;50;0;2;3;2;3;
202300021230;155642918;A01;2;50;0;2;7;2;3;
202300021231;155642916;A01;3;30;0;1;1;1;3;
202300021232;155642915;A01;1;7;1;0;2;2;1;
202300021233;155642913;B01;1;32;1;2;2;17;1;
202300021233;155642914;A01;1;7;1;2;3;15;1;
202300021234;155642912;A01;3;2;0;0;1;1;1;
202300021235;155642911;A01;3;7;8;0;1;19;0;
202300021236;155642910;A01;2;3;0;1;1;1;3;
202300021237;155642908;B01;2;60;0;2;1;1;3;
202300021237;155642909;A01;2;7;0;2;6;15;1;
202300021238;155642906;A01;3;7;0;2;2;1;1;
202300021238;155642907;B01;3;7;0;2;3;26;1;
202300021239;155642904;B01;2;50;0;0;1;15;3;
202300021239;155642905;A01;1;7;0;0;3;1;1;
202300021240;155642902;A01;1;7;0;2;1;1;1;
202300021240;155642903;B01;1;7;0;2;4;1;1;
202300021241;155642900;A01;1;7;0;0;6;1;1;
202300021241;155642901;B01;1;99;0;2;1;0;1;
202300021242;155642897;A01;-1;7;0;9;7;2;0;
202300021242;155642898;B01;-1;1;0;0;8;2;5;
202300021242;155642899;C01;-1;1;0;0;8;2;5;
202300021243;155642896;A01;1;7;2;0;1;1;1;
202300021244;155642894;A01;1;10;0;2;1;2;1;
202300021244;155642895;B01;1;7;0;0;4;1;1;
202300021245;155642892;A01;1;7;0;0;1;0;0;
202300021245;155642893;B01;3;7;2;0;2;1;1;
202300021246;155642890;A01;1;7;0;2;2;15;1;
202300021246;155642891;B01;2;7;0;2;1;1;1;
202300021247;155642888;B01;1;1;0;2;4;2;5;
202300021247;155642889;A01;1;7;0;9;1;2;1;
202300021248;155642887;A01;2;7;2;0;9;1;1;
202300021249;155642886;A01;2;7;8;0;4;13;1;
202300021250;155642885;A01;1;7;4;0;3;1;1;
202300021251;155642884;A01;1;33;15;9;1;13;1;
202300021252;155642883;A01;1;7;13;0;1;1;1;
202300021253;155642881;A01;1;7;13;0;4;15;1;
202300021253;155642882;B01;1;7;-1;2;1;1;1;
202300021254;155642880;A01;0;7;13;0;1;21;1;
202300021255;155642879;A01;2;7;13;0;2;13;1;
202300021256;155642878;A01;1;7;0;0;9;1;0;
202300021257;155642877;A01;1;7;0;0;0;1;0;
202300021258;155642875;A01;1;1;13;0;4;0;5;
202300021258;155642876;B01;1;7;0;2;2;1;1;
202300021259;155642874;A01;1;33;13;0;3;1;1;
202300021260;155642872;A01;3;7;0;2;2;19;1;
202300021260;155642873;B01;3;1;0;2;1;16;5;
202300021261;155642870;A01;2;7;0;2;7;15;1;
202300021261;155642871;B01;1;15;12;2;1;1;1;
202300021262;155642867;A01;2;7;1;2;9;1;1;
202300021262;155642868;B01;2;7;0;1;7;24;1;
202300021263;155642866;A01;1;30;13;0;7;1;1;
202300021264;155642865;A01;1;7;13;0;7;1;1;
202300021265;155642863;A01;1;1;0;0;0;0;5;
202300021265;155642864;B01;1;10;0;2;3;2;0;
202300021266;155642862;A01;1;10;0;1;3;1;1;
202300021267;155642859;A01;1;7;0;2;5;11;1;
202300021267;155642860;B01;2;2;0;0;1;1;1;
202300021268;155642858;A01;2;7;2;0;1;14;1;
202300021269;155642857;A01;2;7;6;0;1;2;1;
202300021270;155642855;A01;2;33;0;2;1;1;1;
202300021270;155642856;B01;1;7;0;2;3;1;1;
202300021271;155642853;A01;1;7;0;2;3;13;1;
202300021271;155642854;B01;2;7;0;2;2;1;1;
202300021272;155642851;B01;2;1;0;2;4;2;5;
202300021272;155642852;A01;2;10;0;2;2;2;1;
202300021273;155642849;A01;1;7;0;2;1;1;2;
202300021273;155642850;B01;1;80;0;0;4;1;3;
202300021274;155642847;A01;1;7;0;2;6;15;1;
202300021274;155642848;B01;1;2;0;2;2;1;1;
202300021275;155642845;A01;1;33;0;2;1;1;1;
202300021275;155642846;B01;2;7;0;2;3;15;1;
202300021276;155642842;C01;2;7;0;0;4;1;1;
202300021276;155642843;A01;2;7;0;2;1;2;1;
202300021276;155642844;B01;2;7;0;2;4;1;1;
202300021277;155642841;A01;2;33;3;0;8;1;1;
202300021278;155642837;D01;2;7;14;0;0;1;1;
202300021278;155642838;B01;2;7;0;0;4;1;3;
202300021278;155642839;A01;2;7;0;2;1;11;1;
202300021278;155642840;C01;2;15;0;0;0;1;6;
202300021279;155642836;A01;2;10;13;0;7;14;1;
202300021280;155642834;B01;1;3;13;2;4;2;1;
202300021280;155642835;A01;1;7;0;2;2;2;1;
202300021281;155642833;A01;2;7;4;0;1;0;1;
202300021282;155642831;A01;2;7;0;2;3;9;0;
202300021282;155642832;B01;2;37;0;2;3;1;0;1.0
202300021283;155642830;A01;2;7;0;1;2;1;1;
202300021284;155642829;A01;1;7;2;0;7;13;1;
202300021285;155642828;A01;2;7;3;0;2;1;1;
202300021286;155642826;A01;0;7;0;2;1;19;2;
202300021286;155642827;B01;1;7;0;2;8;1;1;
202300021287;155642824;A01;0;7;0;2;2;9;1;
202300021287;155642825;B01;0;1;0;2;7;1;5;
202300021288;155642822;B01;3;31;0;2;2;1;1;
202300021288;155642823;A01;3;10;0;2;4;4;1;
202300021289;155642820;B01;1;2;0;2;0;11;0;
202300021289;155642821;A01;1;7;0;2;2;1;1;
202300021290;155642818;B01;1;7;0;2;1;2;1;
202300021290;155642819;A01;1;7;0;2;4;2;1;
202300021291;155642816;B01;1;33;0;2;8;1;1;
202300021291;155642817;A01;1;7;0;2;7;12;1;
202300021292;155642813;B01;1;7;0;2;4;2;1;
202300021292;155642814;C01;1;7;0;2;4;2;1;
202300021292;155642815;A01;1;7;0;2;1;2;1;
202300021293;155642811;B01;2;33;0;2;3;3;0;
202300021293;155642812;A01;2;7;0;2;5;12;0;
202300021294;155642809;A01;2;7;0;2;6;1;1;
202300021294;155642810;Z01;2;13;0;2;0;0;0;
202300021295;155642806;C01;1;7;0;2;7;1;1;
202300021295;155642807;A01;1;7;0;2;1;9;1;
202300021295;155642808;B01;1;33;0;2;1;1;1;
202300021296;155642805;A01;2;32;0;0;1;2;1;
202300021297;155642803;B01;2;7;0;2;4;26;1;
202300021297;155642804;A01;2;10;0;2;1;1;1;
202300021298;155642801;A01;2;33;0;2;1;9;1;
202300021298;155642802;B01;2;7;0;2;7;2;1;
202300021299;155642798;A01;2;10;0;2;1;1;1;
202300021299;155642799;B01;2;7;0;2;4;2;1;
202300021299;155642800;C01;2;10;0;2;4;2;1;
202300021300;155642797;A01;2;7;0;2;3;13;1;
202300021301;155642795;B01;1;7;0;2;1;1;1;
202300021301;155642796;A01;1;7;0;2;1;1;1;
202300021302;155642794;A01;1;31;0;0;2;14;1;
202300021303;155642792;B01;2;31;0;2;2;3;1;
202300021303;155642793;A01;2;7;0;2;5;12;1;
202300021304;155642789;A01;2;7;0;2;7;16;1;
202300021304;155642790;C01;2;7;0;2;4;1;1;
202300021304;155642791;B01;2;33;0;2;1;3;1;
202300021305;155642784;C01;2;10;0;2;8;1;1;
202300021305;155642785;B01;2;10;0;2;5;1;1;
202300021305;155642786;D01;2;7;0;2;8;23;1;
202300021305;155642787;E01;2;7;0;2;6;26;2;
202300021305;155642788;A01;2;7;0;2;1;3;1;
202300021306;155642782;A01;1;7;0;2;1;2;1;
202300021306;155642783;B01;1;13;0;2;5;2;1;
202300021307;155642781;A01;1;7;4;0;8;1;1;
202300021308;155642779;A01;2;7;0;2;7;12;1;
202300021308;155642780;B01;2;33;0;2;8;18;1;
202300021309;155642776;C01;1;7;0;2;6;1;1;
202300021309;155642777;A01;1;7;0;2;8;11;1;
202300021309;155642778;B01;1;33;0;2;7;3;1;
202300021310;155642774;A01;1;33;0;2;2;3;1;
202300021310;155642775;B01;2;31;0;2;3;1;1;
202300021311;155642772;A01;2;10;0;2;3;16;1;
202300021311;155642773;B01;1;31;0;2;3;16;1;
202300021312;155642770;B01;1;7;0;2;4;2;1;
202300021312;155642771;A01;1;7;0;2;1;2;1;
202300021313;155642768;A01;2;50;0;2;8;18;3;
202300021313;155642769;B01;2;7;0;9;7;14;1;
202300021314;155642766;B01;1;7;0;2;3;1;1;
202300021314;155642767;A01;2;7;0;2;3;16;1;
202300021315;155642765;A01;1;7;0;1;3;0;1;
202300021316;155642763;A01;1;7;0;2;1;1;1;
202300021316;155642764;B01;1;7;0;2;4;1;1;
202300021317;155642760;A01;1;7;0;2;1;26;1;
202300021317;155642761;B01;1;7;0;2;4;1;2;
202300021317;155642762;C01;1;7;0;2;4;1;1;
202300021318;155642759;A01;2;7;0;1;8;1;1;
202300021319;155642757;B01;1;10;0;2;3;15;1;
202300021319;155642758;A01;2;7;0;2;2;2;1;
202300021320;155642756;A01;1;7;4;2;9;13;1;
202300021321;155642755;A01;0;7;0;1;2;9;1;
202300021322;155642749;B01;0;33;0;2;1;1;0;
202300021322;155642750;A01;0;7;0;2;3;15;0;
202300021323;155642747;A01;3;43;0;2;3;1;1;
202300021323;155642748;B01;3;10;0;0;0;0;1;
202300021324;155642745;A01;2;7;0;2;7;15;1;
202300021324;155642746;B01;1;33;0;2;1;1;1;
202300021325;155642742;A01;1;7;0;1;1;15;1;
202300021326;155642739;A01;1;7;0;2;1;1;1;
202300021326;155642740;B01;2;50;0;2;7;1;3;
202300021326;155642741;C01;1;7;0;2;1;1;1;
202300021327;155642737;B01;2;7;0;2;1;1;1;
202300021327;155642738;A01;3;7;0;2;2;15;1;
202300021328;155642734;A01;1;7;0;2;1;1;1;
202300021328;155642735;C01;1;7;0;2;4;1;1;
202300021328;155642736;B01;1;7;0;2;4;1;1;
202300021329;155642732;B01;1;7;0;1;4;23;0;
202300021329;155642733;A01;1;7;14;2;2;2;0;
202300021330;155642731;A01;3;10;8;0;1;1;1;
202300021331;155642730;A01;3;7;2;0;1;0;1;
202300021332;155642729;A01;1;10;0;1;2;1;1;
202300021333;155642727;A01;2;30;0;2;1;1;1;
202300021333;155642728;B01;2;7;0;2;2;9;1;
202300021334;155642725;A01;2;10;0;2;3;15;1;
202300021334;155642726;B01;1;33;0;2;8;1;1;
202300021335;155642718;A01;1;7;2;0;1;14;1;
202300021336;155642717;A01;1;7;14;0;1;19;1;
202300021337;155642713;A01;2;15;0;2;1;2;1;
202300021337;155642714;B01;2;7;0;2;4;15;1;
202300021338;155642711;B01;0;32;0;2;1;1;1;
202300021338;155642712;A01;0;7;0;2;2;15;1;
202300021339;155642710;A01;2;0;0;1;1;0;1;
202300021340;155642707;A01;1;1;0;2;1;1;5;
202300021340;155642709;B01;1;7;0;9;2;1;1;
202300021341;155642706;B01;0;7;0;2;2;15;1;
202300021341;155642708;A01;0;1;0;0;0;16;5;
202300021342;155642702;A01;3;7;0;2;8;9;1;
202300021342;155642704;B01;3;50;0;2;1;1;3;
202300021343;155642700;C01;2;7;0;2;6;2;1;
202300021343;155642701;D01;2;7;0;0;4;1;1;
202300021343;155642703;A01;2;7;0;2;2;2;1;
202300021343;155642705;B01;1;10;0;2;1;1;1;
202300021344;155642698;A01;1;7;0;2;1;26;1;
202300021344;155642699;B01;1;30;0;2;0;0;1;
202300021345;155642696;A01;1;0;0;0;0;0;0;
202300021345;155642697;B01;1;2;0;0;3;21;1;
202300021346;155642694;B01;3;50;0;2;7;2;3;
202300021346;155642695;A01;3;7;0;2;3;2;1;
202300021347;155642692;A01;3;7;0;2;2;15;3;
202300021347;155642693;B01;3;7;0;2;1;1;1;
202300021348;155642691;A01;0;7;0;1;2;1;1;
202300021349;155642686;A01;2;7;0;2;5;15;1;
202300021349;155642689;B01;2;34;0;2;1;1;1;
202300021350;155642683;A01;2;7;0;2;1;2;1;
202300021350;155642685;B01;2;7;0;2;4;2;1;
202300021350;155642687;C01;2;7;0;2;4;1;1;
202300021350;155642688;D01;2;7;0;2;4;1;1;