Num_Acc;id_vehicule;num_veh;senc;catv;obs;obsm;choc;manv;motor;occutc
202300021350;155642690;E01;2;33;0;0;0;1;1;
202300021351;155642682;B01;3;33;0;2;5;2;1;
202300021351;155642684;A01;3;7;0;2;3;9;1;
202300021352;155642681;A01;2;33;5;0;1;1;1;
202300021353;155642679;A01;0;7;0;2;1;1;1;
202300021353;155642680;B01;0;7;0;2;3;16;1;
202300021354;155642677;A01;1;32;0;2;1;1;1;
202300021354;155642678;B01;2;7;0;2;2;15;1;
202300021355;155642676;A01;1;40;0;1;2;1;3;
202300021356;155642675;A01;0;33;13;0;1;1;1;
202300021357;155642673;A01;2;30;0;2;3;1;1;
202300021357;155642674;B01;3;7;0;2;0;0;0;
202300021358;155642672;A01;1;7;13;0;0;0;1;
202300021359;155642670;A01;3;1;0;2;1;1;5;
202300021359;155642671;B01;3;7;0;2;1;1;3;
202300021360;155642669;A01;2;7;13;0;1;12;1;
202300021361;155642666;A01;2;14;0;2;3;21;1;
202300021361;155642668;B01;1;10;0;2;3;21;1;
202300021362;155642665;B01;2;1;0;2;1;1;5;
202300021362;155642667;A01;1;7;0;2;3;15;1;
202300021363;155642663;A01;1;7;0;0;3;15;0;
202300021363;155642664;B01;1;33;0;0;1;17;1;
202300021364;155642661;A01;2;37;0;2;7;14;1;1.0
202300021364;155642662;B01;2;7;8;2;3;0;1;
202300021365;155642660;A01;2;33;0;0;0;1;1;
202300021366;155642659;A01;2;7;1;0;1;14;1;
202300021367;155642657;A01;1;7;0;2;3;1;1;
202300021367;155642658;B01;2;1;0;2;1;5;5;
202300021368;155642656;A01;1;7;1;0;3;13;1;
202300021369;155642654;A01;1;30;12;0;1;1;1;
202300021370;155642653;A01;1;7;0;2;3;20;1;
202300021370;155642655;B01;2;2;0;2;3;1;1;
202300021371;155642652;A01;2;33;16;0;3;1;1;
202300021372;155642650;Z01;1;7;0;2;4;1;1;
202300021372;155642651;B01;1;7;0;2;4;23;1;
202300021373;155642647;A01;3;7;0;2;3;15;1;
202300021373;155642649;B01;3;7;0;2;3;1;1;
202300021374;155642646;A01;2;33;0;2;1;18;1;
202300021374;155642648;B01;1;7;0;2;7;16;1;
202300021375;155642643;A01;1;33;0;2;7;17;1;
202300021375;155642644;B01;1;10;0;2;3;15;1;
202300021376;155642642;B01;3;7;0;0;8;1;1;
202300021376;155642645;A01;1;10;0;2;1;19;1;
202300021377;155642640;A01;1;7;13;0;3;14;1;
202300021378;155642638;A01;2;7;2;0;3;1;1;
202300021379;155642639;A01;2;7;0;2;3;1;1;
202300021379;155642641;B01;2;2;0;2;8;0;1;
202300021380;155642637;A01;1;50;13;-1;1;1;3;
202300021381;155642636;A01;1;7;0;1;5;1;1;
202300021382;155642633;A01;1;7;0;2;3;9;1;
202300021382;155642635;B01;2;7;0;2;1;1;1;
202300021383;155642632;A01;1;7;0;2;1;1;2;
202300021383;155642634;B01;3;50;0;2;8;19;3;
202300021384;155642630;A01;1;7;0;1;1;15;0;
202300021385;155642629;A01;3;1;0;2;1;1;5;
202300021385;155642631;B01;3;7;0;2;8;19;1;
202300021386;155642628;A01;1;7;0;1;1;15;1;
202300021387;155642625;A01;1;7;0;1;1;1;0;
202300021388;155642623;A01;2;7;0;2;1;1;1;
202300021388;155642624;B01;1;7;0;2;1;15;1;
202300021389;155642620;A01;1;7;2;0;1;0;1;
202300021390;155642621;A01;1;7;0;2;3;0;1;
202300021390;155642622;B01;2;1;0;2;1;0;5;
202300021391;155642618;A01;1;7;8;0;1;1;1;
202300021392;155642617;A01;1;2;0;2;3;3;1;
202300021392;155642619;B01;2;7;5;2;3;1;1;
202300021393;155642615;A01;1;7;0;1;2;1;1;
202300021394;155642614;A01;2;7;0;2;1;1;1;
202300021394;155642616;B01;3;1;0;2;8;1;5;
202300021395;155642612;A01;0;36;16;0;3;1;1;
202300021396;155642613;A01;2;7;0;1;3;1;1;
202300021397;155642610;B01;1;33;13;0;6;0;0;
202300021397;155642611;A01;1;7;0;2;2;0;0;
202300021398;155642608;A01;1;50;0;2;1;19;3;
202300021398;155642609;B01;1;7;0;2;3;1;1;
202300021399;155642606;A01;3;7;0;2;3;26;1;
202300021399;155642607;B01;1;32;0;2;2;1;0;
202300021400;155642605;A01;0;7;0;1;2;16;0;
202300021401;155642603;A01;2;33;0;2;1;2;1;
202300021401;155642604;B01;2;7;0;0;4;2;1;
202300021402;155642600;A01;1;30;0;2;1;9;1;
202300021402;155642602;B01;0;7;0;2;1;1;1;
202300021403;155642599;A01;2;33;0;2;1;2;1;
202300021403;155642601;B01;2;15;0;0;4;23;1;
202300021404;155642597;A01;2;7;0;2;2;17;1;
202300021404;155642598;B01;2;2;0;2;4;0;1;
202300021405;155642595;A01;1;7;0;2;7;19;1;
202300021405;155642596;B01;1;33;0;2;8;17;1;
202300021406;155642593;A01;1;7;0;9;1;1;1;
202300021406;155642594;B01;0;1;0;2;1;15;5;
202300021407;155642591;A01;3;33;4;0;3;0;1;
202300021408;155642590;A01;1;7;7;2;5;15;1;
202300021408;155642592;B01;2;10;0;2;1;1;1;
202300021409;155642589;A01;3;7;4;0;1;15;1;
202300021410;155642587;A01;2;33;0;2;1;1;1;
202300021410;155642588;B01;1;7;0;2;2;13;1;
202300021411;155642582;A01;1;7;0;2;1;13;1;
202300021411;155642585;B01;2;7;8;0;8;1;1;
202300021412;155642583;B01;1;7;0;2;2;15;1;
202300021412;155642584;C01;2;7;12;2;8;23;1;
202300021412;155642586;A01;2;7;9;2;3;1;2;
202300021413;155642579;A01;2;7;0;2;3;19;1;
202300021413;155642580;B01;2;7;0;2;3;1;1;
202300021414;155642578;A01;1;10;0;0;8;1;1;
202300021414;155642581;B01;1;7;0;2;1;1;1;
202300021415;155642573;A01;1;7;0;2;3;13;1;
202300021415;155642575;B01;2;7;0;2;8;1;2;
202300021415;155642577;C01;2;2;0;2;7;21;1;
202300021416;155642574;B01;2;7;0;2;1;13;0;
202300021416;155642576;A01;1;2;0;2;1;1;0;
202300021417;155642570;A01;1;7;0;2;8;15;1;
202300021417;155642571;B01;2;33;0;2;1;1;1;
202300021418;155642569;A01;2;7;6;2;1;1;1;
202300021418;155642572;B01;1;7;0;2;3;1;1;
202300021419;155642567;B01;2;32;0;2;4;23;1;
202300021419;155642568;A01;2;7;0;2;1;1;1;
202300021420;155642565;A01;3;50;0;9;1;1;3;
202300021420;155642566;B01;3;99;0;9;1;15;5;
202300021421;155642563;A01;3;33;13;0;1;2;1;
202300021422;155642562;B01;2;33;0;2;1;1;1;
202300021422;155642564;A01;1;7;0;2;1;13;1;
202300021423;155642561;A01;3;7;0;1;2;15;1;
202300021424;155642559;A01;1;7;3;0;3;13;1;
202300021425;155642555;A01;1;7;6;0;3;1;1;
202300021426;155642554;A01;2;7;0;2;3;13;1;
202300021426;155642556;B01;2;14;0;2;8;1;1;
202300021427;155642553;B01;0;7;0;0;5;1;1;
202300021427;155642557;A01;0;50;0;0;0;1;3;
202300021428;155642552;A01;3;33;0;0;7;1;1;
202300021429;155642551;A01;2;38;0;1;2;2;1;1.0
202300021430;155642548;A01;2;7;0;2;2;15;1;
202300021430;155642550;B01;1;30;0;2;3;1;1;
202300021431;155642547;A01;0;7;0;2;1;0;0;
202300021431;155642549;B01;0;1;0;0;4;0;5;
202300021432;155642546;A01;1;7;0;1;2;19;1;
202300021433;155642544;A01;1;2;0;1;2;1;1;
202300021434;155642542;A01;2;17;1;0;2;1;1;
202300021434;155642543;C01;2;17;0;0;1;24;1;
202300021434;155642545;E01;2;7;14;0;1;2;1;
202300021435;155642538;A01;1;13;0;1;2;1;0;
202300021436;155642535;B01;1;7;0;2;8;1;1;
202300021436;155642537;A01;2;33;0;2;8;17;1;
202300021437;155642533;A01;1;7;0;9;1;1;1;
202300021437;155642536;B01;1;15;0;2;4;1;1;
202300021438;155642532;A01;2;7;0;2;2;15;1;
202300021438;155642534;B01;2;34;0;2;1;1;1;
202300021439;155642528;A01;2;7;0;1;2;1;1;
202300021440;155642529;A01;2;10;0;1;2;9;1;
202300021441;155642527;A01;2;10;0;0;0;1;1;
202300021442;155642526;A01;1;10;0;1;7;1;3;
202300021443;155642525;A01;2;7;0;1;1;26;1;
202300021444;155642522;A01;2;7;0;2;1;0;0;
202300021444;155642524;B01;1;7;0;2;1;1;0;
202300021445;155642521;B01;2;30;0;2;2;2;1;
202300021446;155642520;A01;2;7;0;2;3;9;1;
202300021446;155642523;B01;1;7;0;2;1;1;1;
202300021447;155642517;A01;1;10;0;2;8;10;1;
202300021447;155642519;B01;1;33;0;2;1;1;1;
202300021448;155642515;A01;1;7;0;2;2;1;1;
202300021448;155642516;B01;2;7;0;2;3;15;1;
202300021449;155642512;B01;2;7;0;2;5;26;1;
202300021449;155642514;A01;1;1;0;2;1;9;5;
202300021450;155642511;A01;1;7;0;2;1;1;1;
202300021450;155642513;B01;0;33;8;2;8;1;3;
202300021451;155642508;A01;1;30;0;2;1;17;1;
202300021451;155642509;B01;1;7;0;2;8;15;1;
202300021452;155642506;A01;1;7;0;2;1;1;1;
202300021452;155642510;B01;3;30;0;2;8;1;1;
202300021453;155642505;B01;2;7;0;2;1;1;1;
202300021453;155642507;A01;1;7;0;2;1;26;1;
202300021454;155642504;A01;3;31;0;0;0;1;1;
202300021455;155642501;A01;1;7;0;2;8;15;1;
202300021455;155642503;B01;1;2;0;2;1;2;1;
202300021456;155642499;B01;0;7;0;2;3;16;1;
202300021456;155642502;A01;2;33;0;2;1;1;1;
202300021457;155642494;B01;3;7;0;2;7;19;1;
202300021457;155642495;A01;1;7;0;2;2;1;1;
202300021458;155642493;C01;1;7;1;0;1;26;6;
202300021458;155642496;A01;1;7;0;2;7;23;6;
202300021458;155642498;B01;1;7;3;0;4;23;6;
202300021459;155642491;A01;1;7;4;0;9;9;1;
202300021460;155642490;B01;1;31;0;2;2;2;1;
202300021460;155642492;A01;1;7;0;2;8;13;1;
202300021461;155642497;A01;1;10;0;2;6;23;1;
202300021461;155642500;Z01;1;7;0;2;0;0;0;
202300021462;155642489;A01;3;7;3;0;1;1;1;
202300021463;155642488;A01;2;7;13;0;2;1;1;
202300021464;155642485;A01;1;10;0;2;2;16;1;
202300021464;155642487;B01;1;1;0;2;8;2;5;
202300021465;155642486;A01;2;7;3;0;1;1;1;
202300021466;155642484;A01;1;31;0;0;8;13;1;
202300021467;155642483;A01;2;7;6;0;1;13;1;
202300021468;155642480;A01;1;33;13;0;7;1;1;
202300021469;155642479;A01;2;7;0;2;8;11;1;
202300021469;155642481;B01;2;33;0;2;2;1;1;
202300021469;155642482;C01;2;7;0;2;8;1;1;
202300021470;155642476;B01;2;7;0;2;3;1;0;
202300021470;155642478;A01;2;50;0;2;1;16;3;
202300021471;155642475;A01;1;7;0;2;1;2;2;
202300021471;155642477;B01;1;7;0;2;4;2;1;
202300021472;155642470;B01;2;7;0;2;4;26;1;
202300021472;155642472;A01;2;7;0;2;1;2;1;
202300021473;155642469;A01;1;7;0;2;4;1;1;
202300021473;155642471;B01;1;33;0;2;1;1;1;
202300021474;155642468;A01;1;7;3;0;3;1;1;
202300021475;155642466;A01;2;7;0;2;4;2;1;
202300021475;155642467;B01;2;7;0;2;1;2;1;
202300021476;155642465;A01;2;7;4;0;1;14;1;
202300021477;155642464;A01;1;7;3;0;0;1;1;
202300021478;155642463;A01;1;30;0;0;7;1;1;
202300021479;155642461;A01;2;33;0;2;0;1;1;
202300021479;155642462;B01;2;7;0;2;0;11;1;
202300021480;155642460;Y01;2;1;0;0;0;1;5;
202300021481;155642459;A01;2;33;3;0;3;13;0;
202300021482;155642455;A01;2;7;0;2;6;2;1;
202300021482;155642457;B01;2;33;0;2;1;2;1;
202300021483;155642456;B01;2;1;0;2;8;1;5;
202300021483;155642458;A01;2;7;0;2;2;15;1;
202300021484;155642453;A01;2;10;0;1;0;1;1;
202300021485;155642452;B01;2;7;0;2;4;1;1;
202300021485;155642454;A01;2;99;0;2;1;1;1;
202300021486;155642449;A01;1;7;0;2;1;1;1;
202300021486;155642450;B01;1;7;0;5;1;1;1;
202300021487;155642448;A01;1;30;0;0;0;26;1;
202300021487;155642451;B01;2;7;0;0;0;15;1;
202300021488;155642446;A01;2;7;0;2;5;14;3;
202300021488;155642447;B01;2;34;0;2;1;3;1;
202300021489;155642442;A01;1;7;0;2;3;19;2;
202300021489;155642445;B01;1;32;0;2;1;2;1;
202300021490;155642435;A01;1;14;0;2;3;9;1;
202300021490;155642437;H01;1;38;0;2;5;1;1;1.0
202300021490;155642438;B01;1;7;0;2;5;1;1;
202300021490;155642440;D01;1;10;0;2;8;1;1;
202300021490;155642441;C01;1;7;0;2;4;1;2;
202300021490;155642443;E01;1;7;0;2;5;1;2;
202300021490;155642444;F01;1;7;0;2;6;1;1;
202300021491;155642436;A01;1;7;0;2;1;15;1;
202300021491;155642439;B01;2;43;0;2;1;1;1;
202300021492;155642433;B01;2;7;0;2;2;12;1;
202300021492;155642434;A01;2;33;0;2;8;1;1;
202300021493;155642431;A01;2;7;0;2;1;1;1;
202300021493;155642432;B01;2;10;0;0;4;1;1;
202300021494;155642430;A01;1;7;0;1;6;4;1;
202300021495;155642429;A01;1;7;15;0;3;1;1;
202300021496;155642427;B01;2;7;13;0;4;1;1;
202300021496;155642428;A01;2;13;0;2;1;2;1;
202300021497;155642424;B01;2;7;0;2;1;1;0;
202300021497;155642425;A01;1;10;0;2;1;13;1;
202300021498;155642423;A01;2;7;1;0;3;13;0;
202300021498;155642426;B01;1;7;0;2;8;23;1;
202300021499;155642422;A01;3;33;0;0;8;0;1;
202300021500;155642421;A01;3;10;1;0;0;1;0;
202300021501;155642417;A01;2;7;0;2;3;5;1;
202300021501;155642418;C01;1;7;0;2;6;1;0;
202300021501;155642420;B01;1;7;0;2;3;1;1;
202300021502;155642416;B01;2;7;0;2;3;1;1;
202300021502;155642419;A01;2;7;0;2;1;15;0;
202300021503;155642415;A01;0;7;2;0;3;21;1;
202300021504;155642414;A01;3;7;1;0;2;1;1;
202300021505;155642412;B01;2;14;0;2;3;1;1;
202300021505;155642413;A01;1;7;13;2;3;1;1;
202300021506;155642410;A01;2;7;6;0;8;1;1;
202300021507;155642411;A01;1;7;0;1;7;19;0;
202300021508;155642407;B01;1;10;14;0;1;1;1;
202300021508;155642408;A01;2;7;0;2;1;13;1;
202300021509;155642406;A01;2;30;0;2;1;26;1;
202300021509;155642409;B01;1;7;0;2;1;1;2;
202300021510;155642403;A01;1;7;15;2;3;11;1;
202300021510;155642405;B01;1;7;0;2;2;1;1;
202300021511;155642404;A01;3;7;0;1;4;20;0;
202300021512;155642402;A01;3;7;1;0;1;1;1;
202300021513;155642399;A01;1;7;0;2;3;1;1;
202300021513;155642401;B01;2;7;0;2;5;15;1;
202300021514;155642398;A01;1;30;0;2;2;15;1;
202300021514;155642400;B01;2;30;0;2;1;1;1;
202300021515;155642397;A01;3;80;6;0;1;1;3;
202300021516;155642396;A01;2;33;12;0;1;5;1;
202300021517;155642394;B01;1;10;0;2;3;1;0;
202300021517;155642395;A01;1;10;0;2;1;1;0;
202300021518;155642393;A01;1;7;0;1;3;21;1;
202300021519;155642392;A01;1;30;10;0;1;14;1;
202300021520;155642391;A01;1;32;3;0;1;0;1;
202300021521;155642390;A01;2;7;0;1;1;26;0;
202300021522;155642389;A01;2;0;0;0;0;0;0;
202300021523;155642388;A01;3;10;0;1;1;15;1;
202300021524;155642387;A01;3;7;8;0;2;26;1;
202300021525;155642384;A01;2;7;0;2;4;9;1;
202300021525;155642385;B01;2;33;0;2;7;1;1;
202300021526;155642383;B01;2;33;0;2;5;9;1;
202300021526;155642386;A01;1;10;0;2;2;9;1;
202300021527;155642382;A01;1;7;0;2;4;2;1;
202300021528;155642380;B01;1;7;0;2;3;1;1;
202300021528;155642381;A01;1;7;0;2;5;12;1;
202300021529;155642376;A01;3;7;0;2;8;19;1;
202300021529;155642377;B01;1;10;0;2;1;1;1;
202300021530;155642374;A01;3;7;0;2;1;13;1;
202300021530;155642375;B01;3;7;0;2;1;1;1;
202300021531;155642372;A01;2;7;0;2;6;15;1;
202300021531;155642373;B01;2;33;0;2;2;0;1;
202300021532;155642368;A01;0;7;8;0;1;14;1;
202300021533;155642367;B01;2;10;0;2;4;1;1;
202300021533;155642369;C01;2;7;0;2;4;1;1;
202300021533;155642370;A01;2;7;0;2;1;1;1;
202300021533;155642371;D01;2;7;0;2;4;1;1;
202300021534;155642364;A01;1;10;0;2;8;10;1;
202300021534;155642366;B01;1;31;0;2;1;2;1;
202300021535;155642363;A01;2;7;0;2;3;13;1;
202300021535;155642365;B01;1;33;0;2;1;1;1;
202300021536;155642360;A01;3;7;0;2;1;1;1;
202300021536;155642362;B01;3;1;0;2;1;0;5;
202300021537;155642359;A01;1;7;0;2;1;1;1;
202300021537;155642361;B01;1;99;0;2;1;1;3;
202300021538;155642358;A01;2;38;0;1;1;1;1;1.0
202300021539;155642357;A01;3;50;0;0;0;1;3;
202300021540;155642356;A01;2;7;0;2;3;7;1;
202300021541;155642354;A01;1;7;0;2;6;15;1;
202300021541;155642355;B01;1;33;0;2;1;17;1;
202300021542;155642351;B01;2;7;0;2;1;13;1;
202300021542;155642353;A01;1;7;0;2;1;1;1;
202300021543;155642350;A01;2;7;0;2;1;15;1;
202300021543;155642352;B01;1;7;0;2;3;1;1;
202300021544;155642348;A01;1;7;1;2;6;20;0;
202300021544;155642349;B01;1;33;0;2;1;0;0;
202300021545;155642345;A01;1;7;0;1;5;20;2;
202300021546;155642343;A01;1;14;7;2;1;13;0;
202300021546;155642344;B01;2;7;0;2;1;15;1;
202300021546;155642346;C01;2;7;0;2;1;23;1;
202300021546;155642347;D01;2;7;0;2;1;23;1;
202300021547;155642342;A01;2;30;0;0;8;1;1;
202300021548;155642339;A01;0;33;0;2;1;2;1;
202300021548;155642341;B01;0;7;0;2;5;2;0;
202300021549;155642340;A01;1;7;0;1;1;1;1;
202300021550;155642337;A01;1;7;0;1;1;26;1;
202300021551;155642335;A01;1;7;0;0;3;2;1;
202300021551;155642336;B01;3;1;0;2;1;5;5;
202300021552;155642334;A01;1;2;0;2;1;2;1;
202300021552;155642338;B01;1;7;0;2;4;2;1;
202300021553;155642330;B01;1;50;0;2;1;2;3;
202300021553;155642331;A01;1;10;8;0;7;16;1;
202300021554;155642329;B01;2;7;0;2;5;1;1;
202300021554;155642332;A01;1;7;0;2;1;19;1;
202300021555;155642326;B01;2;33;0;2;1;1;1;
202300021555;155642328;A01;0;7;0;2;2;15;1;
202300021556;155642325;A01;1;1;0;2;1;1;5;
202300021556;155642327;B01;0;7;0;2;3;1;1;
202300021557;155642323;A01;2;7;0;2;1;1;1;
202300021557;155642324;B01;2;7;0;2;4;1;1;
202300021558;155642321;A01;3;10;0;2;3;15;1;
202300021558;155642322;B01;3;1;0;2;8;1;5;
202300021559;155642319;A01;1;7;0;2;7;2;1;
202300021559;155642320;B01;1;1;0;2;8;2;5;
202300021560;155642316;B01;3;10;0;2;8;15;1;
202300021560;155642318;A01;3;33;0;2;1;17;1;
202300021561;155642315;A01;3;7;0;2;1;1;1;
202300021561;155642317;B01;3;7;0;1;1;23;1;
202300021562;155642312;A01;1;7;0;2;3;1;1;
202300021562;155642314;B01;1;7;0;2;2;23;1;
202300021563;155642311;A01;1;7;0;2;7;1;1;
202300021563;155642313;B01;2;7;0;2;1;1;1;
202300021564;155642309;B01;2;31;0;2;8;0;0;
202300021564;155642310;A01;1;7;0;2;1;23;1;
202300021565;155642308;A01;1;7;15;1;2;20;1;
202300021566;155642305;A01;1;33;0;2;1;1;1;
202300021566;155642306;B01;2;7;0;2;5;15;1;
202300021567;155642304;B01;3;99;1;2;4;23;1;
202300021567;155642307;A01;3;7;0;2;1;1;1;
202300021568;155642302;A01;3;50;0;1;4;26;3;
202300021569;155642303;A01;3;7;7;0;1;19;1;
202300021570;155642300;A01;2;1;0;2;7;17;5;
202300021570;155642301;B01;2;7;0;2;3;15;1;
202300021571;155642298;A01;2;7;0;2;5;16;1;
202300021571;155642299;B01;2;1;0;2;1;1;5;
202300021572;155642296;B01;1;7;0;1;1;26;1;
202300021572;155642297;A01;1;7;0;2;2;2;1;
202300021573;155642294;B01;1;7;0;2;1;0;1;
202300021573;155642295;A01;1;50;0;2;7;26;3;
202300021574;155642293;A01;2;30;12;0;1;1;1;
202300021575;155642289;A01;1;7;0;2;1;15;1;
202300021575;155642292;B01;2;7;0;2;3;1;1;
202300021576;155642290;B01;1;31;0;2;4;2;1;
202300021576;155642291;A01;1;16;0;2;3;2;1;
202300021577;155642287;B01;2;7;0;2;4;23;1;
202300021577;155642288;A01;2;3;0;2;1;1;1;
202300021578;155642284;A01;1;31;0;2;1;2;1;
202300021578;155642286;Z01;1;7;0;2;3;11;1;
202300021579;155642283;Z01;2;7;0;0;0;0;0;
202300021579;155642285;A01;1;30;12;0;0;14;1;
202300021580;155642281;A01;1;7;9;0;1;13;1;
202300021581;155642280;B01;2;7;0;2;4;1;3;
202300021581;155642282;A01;2;7;0;2;1;1;1;
202300021582;155642275;A01;3;7;0;0;2;1;1;
202300021582;155642277;B01;0;31;0;2;3;1;1;
202300021583;155642274;A01;2;7;0;2;1;1;1;
202300021583;155642276;B01;2;7;0;2;1;1;1;
202300021583;155642278;C01;2;7;0;2;1;1;1;
202300021583;155642279;D01;2;7;0;0;0;1;1;
202300021584;155642271;A01;1;33;13;0;0;1;1;
202300021585;155642272;A01;1;30;12;2;4;1;1;
202300021585;155642273;B01;1;7;9;2;0;1;0;
202300021586;155642266;C01;3;7;0;2;4;1;1;
202300021586;155642268;B01;3;7;0;2;4;0;1;
202300021586;155642270;A01;3;7;0;2;1;1;1;
202300021587;155642267;A01;1;7;0;2;8;15;1;
202300021587;155642269;B01;1;32;0;2;7;17;1;
202300021588;155642263;B01;0;7;0;2;3;1;0;
202300021588;155642265;A01;0;7;0;2;2;1;0;
202300021589;155642262;A01;3;31;0;2;1;1;1;
202300021589;155642264;B01;3;7;0;2;5;16;1;
202300021590;155642259;B01;3;7;0;2;3;1;1;
202300021590;155642261;A01;3;7;0;2;2;15;1;
202300021591;155642260;A01;1;7;0;1;2;1;1;
202300021592;155642257;A01;0;32;11;0;1;1;1;
202300021593;155642256;B01;2;2;0;2;4;1;1;
202300021593;155642258;A01;2;7;0;2;1;26;1;
202300021594;155642255;A01;1;1;0;0;0;21;5;
202300021595;155642253;B01;2;7;0;1;4;23;1;
202300021595;155642254;A01;1;7;0;2;1;1;1;
202300021596;155642250;A01;1;1;0;2;8;15;5;
202300021596;155642252;B01;1;31;0;2;2;1;1;
202300021597;155642249;A01;1;7;0;2;6;1;1;
202300021597;155642251;B01;1;2;0;2;1;2;1;
202300021598;155642247;A01;3;1;0;2;1;1;5;
202300021598;155642248;B01;3;1;0;2;4;1;5;
202300021599;155642244;A01;0;7;0;2;2;1;0;
202300021599;155642246;B01;0;7;0;2;6;1;0;
202300021600;155642243;A01;1;1;0;2;7;1;5;
202300021600;155642245;B01;1;7;0;2;8;1;1;
202300021601;155642240;Z01;1;10;0;1;4;4;3;
202300021602;155642241;B01;3;1;0;2;1;15;5;
202300021602;155642242;A01;3;7;0;9;3;1;1;
202300021603;155642238;A01;0;2;0;1;1;26;6;
202300021604;155642237;B01;1;7;0;2;5;24;1;
202300021604;155642239;A01;1;33;0;2;1;1;1;
202300021605;155642236;A01;3;10;0;1;4;4;1;
202300021606;155642234;A01;1;30;0;2;4;23;1;
202300021606;155642235;B01;1;1;0;2;1;1;5;
202300021607;155642232;A01;2;1;0;1;1;1;5;
202300021608;155642231;A01;3;7;0;2;1;15;0;
202300021608;155642233;B01;3;2;0;2;7;17;0;
202300021609;155642229;A01;2;2;0;2;2;2;1;
202300021609;155642230;B01;1;7;0;2;1;1;2;
202300021610;155642226;A01;1;1;12;2;7;17;5;
202300021610;155642227;B01;1;1;12;2;8;1;5;
202300021611;155642225;B01;0;7;0;2;7;0;1;
202300021611;155642228;A01;1;33;0;2;1;11;1;
202300021612;155642223;A01;1;7;0;2;1;1;1;
202300021612;155642224;B01;1;7;0;2;4;1;1;
202300021613;155642220;Z01;1;7;0;2;8;11;0;
202300021613;155642221;A01;1;43;0;2;7;3;1;
202300021613;155642222;B01;1;7;0;2;8;1;1;
202300021614;155642219;A01;1;7;13;0;3;2;1;
202300021615;155642215;B01;1;10;0;2;8;20;1;
202300021615;155642217;A01;1;30;0;2;1;2;1;
202300021616;155642216;A01;2;7;0;2;1;2;1;
202300021616;155642218;B01;2;10;0;2;4;2;1;
202300021617;155642214;A01;2;7;0;1;5;20;1;
202300021618;155642213;A01;2;80;8;0;1;14;3;
202300021619;155642212;A01;0;1;0;0;0;16;5;
202300021620;155642210;A01;3;7;8;0;0;1;1;
202300021621;155642211;A01;1;1;0;0;0;1;5;
202300021622;155642207;B01;2;15;0;2;5;1;1;
202300021622;155642209;A01;2;32;0;2;8;18;1;
202300021623;155642203;A01;1;7;15;0;1;14;1;
202300021624;155642204;B01;3;1;0;2;1;2;5;
202300021624;155642205;A01;3;1;0;2;4;2;5;
202300021624;155642206;C01;3;1;0;2;1;2;5;
202300021624;155642208;Z01;3;10;0;2;0;14;1;
202300021625;155642199;B01;2;30;0;2;8;1;1;
202300021625;155642201;A01;1;7;0;2;1;1;2;
202300021626;155642198;A01;2;7;0;2;1;13;1;
202300021626;155642200;B01;1;7;0;2;8;1;1;
202300021626;155642202;C01;1;7;0;2;1;1;1;
202300021627;155642195;A01;3;7;0;0;0;0;1;
202300021628;155642196;B01;1;1;0;2;3;1;5;
202300021628;155642197;A01;1;37;0;2;7;9;2;1.0
202300021629;155642194;A01;2;33;13;0;8;1;1;
202300021630;155642193;A01;1;10;13;0;1;1;1;
202300021631;155642191;A01;1;1;0;1;1;2;5;
202300021632;155642189;A01;2;33;0;2;1;1;1;
202300021632;155642190;B01;2;7;0;2;8;11;1;
202300021633;155642188;A01;2;50;0;1;1;1;3;
202300021634;155642186;A01;0;7;0;2;2;0;1;
202300021634;155642187;B01;0;2;0;2;3;1;1;
202300021635;155642184;A01;2;1;0;0;0;21;5;
202300021636;155642183;A01;1;7;0;2;6;1;1;
202300021636;155642185;B01;1;10;0;2;2;21;1;
202300021637;155642180;A01;1;33;0;2;1;1;1;
202300021637;155642182;B01;1;1;0;2;5;14;5;
202300021638;155642179;A01;2;7;0;2;1;13;1;
202300021638;155642181;B01;1;7;0;2;1;1;1;
202300021639;155642176;A01;1;33;0;2;1;1;1;
202300021639;155642177;B01;1;7;0;2;2;15;1;
202300021640;155642175;A01;3;32;0;2;1;1;1;
202300021640;155642178;B01;3;1;0;2;5;16;5;
202300021641;155642172;B01;1;31;0;2;1;13;1;
202300021641;155642174;A01;1;7;0;2;3;11;1;
202300021642;155642171;B01;3;32;0;2;8;1;1;
202300021642;155642173;A01;1;7;1;2;1;0;1;
202300021643;155642170;A01;1;33;0;0;0;1;1;
202300021644;155642169;A01;2;7;1;0;1;1;0;
202300021645;155642167;A01;1;7;0;2;3;1;1;
202300021645;155642168;B01;2;7;0;2;3;1;1;
202300021646;155642163;A01;2;10;6;0;1;13;1;
202300021647;155642164;B01;2;0;-1;2;4;23;0;
202300021647;155642166;A01;2;30;0;2;1;1;0;
202300021648;155642162;A01;0;20;0;0;8;4;6;
202300021649;155642160;Z01;1;0;0;2;4;1;0;
202300021649;155642161;A01;1;32;0;2;1;1;1;
202300021650;155642158;A01;2;33;0;2;3;0;0;
202300021650;155642159;B01;2;7;0;0;4;10;1;
202300021651;155642156;A01;0;10;0;2;7;1;1;
202300021651;155642157;B01;0;99;0;2;1;1;0;
202300021652;155642154;B01;2;2;0;2;1;1;1;
202300021652;155642155;A01;0;7;0;2;3;9;1;