Num_Acc;id_vehicule;num_veh;senc;catv;obs;obsm;choc;manv;motor;occutc
202300021653;155642153;A01;2;50;0;1;1;0;3;
202300021654;155642151;A01;3;7;0;2;8;0;1;
202300021654;155642152;B01;3;2;0;2;8;0;1;
202300021655;155642149;A01;2;10;0;2;1;1;1;
202300021655;155642150;B01;2;33;0;2;4;16;1;
202300021656;155642147;A01;1;33;13;0;2;1;1;
202300021657;155642146;A01;1;7;0;2;3;1;1;
202300021657;155642148;B01;2;50;0;2;1;15;3;
202300021658;155642144;A01;1;7;0;2;1;1;1;
202300021658;155642145;B01;1;1;0;0;4;1;5;
202300021659;155642141;A01;1;7;6;0;3;2;1;
202300021660;155642142;A01;0;7;0;2;3;0;0;
202300021660;155642143;B01;0;2;0;2;3;0;1;
202300021661;155642140;A01;1;2;0;0;0;26;1;
202300021662;155642137;A01;3;2;0;0;0;0;1;
202300021663;155642138;A01;3;3;0;2;5;15;1;
202300021663;155642139;B01;2;33;0;2;1;1;1;
202300021664;155642134;A01;1;7;0;9;1;2;1;
202300021664;155642136;B01;1;80;0;0;4;2;3;
202300021665;155642133;A01;1;10;0;2;1;2;1;
202300021665;155642135;B01;1;10;0;2;6;2;1;
202300021666;155642131;B01;2;7;0;2;1;1;1;
202300021666;155642132;A01;1;7;0;2;1;13;1;
202300021667;155642130;A01;1;7;0;1;1;1;1;
202300021668;155642129;A01;2;7;8;0;1;1;1;
202300021669;155642128;A01;1;7;0;1;2;1;1;
202300021670;155642127;A01;1;33;2;0;1;1;1;
202300021671;155642123;B01;3;2;1;2;7;1;1;
202300021671;155642124;C01;3;38;0;2;0;24;1;1.0
202300021671;155642126;A01;2;7;0;2;3;9;1;
202300021672;155642121;A01;1;7;0;2;3;13;1;
202300021672;155642122;B01;2;7;0;2;3;1;1;
202300021673;155642119;A01;1;1;0;0;0;1;5;
202300021673;155642120;Z01;1;7;0;0;0;16;0;
202300021674;155642118;A01;0;50;0;1;1;1;3;
202300021675;155642116;A01;1;0;0;0;0;0;0;
202300021676;155642115;A01;1;7;0;2;2;2;1;
202300021676;155642117;B01;1;50;0;2;0;0;3;
202300021677;155642114;A01;2;2;10;0;2;2;1;
202300021678;155642113;A01;1;7;1;0;2;1;0;
202300021679;155642111;A01;2;7;15;0;1;17;1;
202300021679;155642112;B01;1;7;0;0;1;1;1;
202300021680;155642110;A01;1;7;13;0;3;1;6;
202300021681;155642109;A01;1;7;0;1;1;16;1;
202300021682;155642108;A01;3;7;8;0;1;1;1;
202300021683;155642106;B01;1;13;0;0;4;1;1;
202300021683;155642107;A01;1;7;0;2;1;2;1;
202300021684;155642105;A01;2;7;6;0;2;14;1;
202300021685;155642103;A01;2;7;0;0;5;1;1;
202300021685;155642104;B01;2;33;0;2;1;0;1;
202300021686;155642102;A01;3;50;0;0;0;0;3;
202300021687;155642100;A01;2;7;0;0;1;19;1;
202300021688;155642099;B01;2;7;0;2;8;17;1;
202300021688;155642101;A01;2;33;0;2;7;17;1;
202300021689;155642097;B01;2;33;0;2;1;1;1;
202300021689;155642098;A01;1;7;0;2;1;15;1;
202300021690;155642095;A01;2;7;0;2;3;16;1;
202300021690;155642096;B01;1;2;0;2;1;18;1;
202300021691;155642094;A01;1;7;0;0;1;0;1;
202300021692;155642092;A01;3;50;0;1;0;1;3;
202300021693;155642093;A01;1;7;4;0;3;2;1;
202300021694;155642091;A01;1;10;2;0;3;1;1;
202300021695;155642088;A01;2;7;0;2;1;13;1;
202300021695;155642089;B01;1;10;0;2;1;1;1;
202300021696;155642087;A01;2;7;0;2;8;19;1;
202300021696;155642090;B01;1;7;0;2;2;1;1;
202300021697;155642085;A01;1;7;0;2;3;13;1;
202300021697;155642086;B01;1;7;0;2;3;1;1;
202300021698;155642083;A01;1;7;0;2;3;15;1;
202300021698;155642084;B01;2;33;0;2;1;1;1;
202300021699;155642082;A01;2;2;15;0;1;15;1;
202300021700;155642080;A01;2;7;13;0;1;1;1;
202300021701;155642079;B01;0;1;0;2;1;19;5;
202300021701;155642081;A01;1;7;0;2;1;1;1;
202300021702;155642078;A01;2;7;13;0;1;1;0;
202300021703;155642076;A01;1;7;0;2;0;13;0;
202300021703;155642077;B01;2;7;10;2;3;1;0;
202300021704;155642072;C01;2;7;0;2;1;1;0;
202300021704;155642074;A01;1;7;0;2;1;13;0;
202300021704;155642075;B01;1;7;0;2;1;1;0;
202300021705;155642073;A01;1;7;6;0;1;14;1;
202300021706;155642071;A01;0;1;0;0;1;0;5;
202300021707;155642068;A01;1;7;0;2;8;15;3;
202300021707;155642070;B01;2;1;0;2;1;1;5;
202300021708;155642067;A01;1;7;0;2;1;13;1;
202300021708;155642069;B01;2;21;0;2;1;1;1;
202300021709;155642065;A01;3;7;0;1;2;15;1;
202300021710;155642062;C01;1;7;0;2;1;23;0;
202300021710;155642064;B01;1;7;0;2;1;1;0;
202300021710;155642066;A01;2;10;8;0;5;19;0;
202300021711;155642059;A01;1;7;0;2;3;1;1;
202300021711;155642060;B01;2;7;0;2;3;1;1;
202300021712;155642061;A01;3;33;0;0;4;17;1;
202300021712;155642063;B01;3;7;0;2;1;17;1;
202300021713;155642058;A01;3;7;8;0;1;1;1;
202300021714;155642057;A01;3;7;0;1;2;1;1;
202300021715;155642055;A01;3;33;0;2;1;17;1;
202300021715;155642056;B01;3;7;0;2;6;15;1;
202300021716;155642053;A01;2;21;0;2;3;15;1;
202300021716;155642054;B01;1;30;0;2;1;1;1;
202300021717;155642052;A01;1;31;0;0;0;0;1;
202300021718;155642050;B01;2;33;0;2;3;1;1;
202300021718;155642051;A01;2;7;0;0;5;16;1;
202300021719;155642049;A01;1;2;0;0;0;2;1;
202300021720;155642047;B01;3;2;0;0;8;15;1;
202300021720;155642048;A01;3;7;6;2;1;2;1;
202300021721;155642046;A01;0;7;0;1;4;4;1;
202300021722;155642044;A01;2;33;0;2;1;17;1;
202300021722;155642045;B01;2;21;0;2;3;15;1;
202300021723;155642043;A01;3;7;1;0;1;1;1;
202300021724;155642040;A01;2;7;0;2;1;1;1;
202300021724;155642041;B01;2;7;0;0;4;1;1;
202300021725;155642038;A01;2;7;0;2;1;17;1;
202300021725;155642039;B01;1;7;0;2;1;1;1;
202300021726;155642036;A01;2;7;0;0;8;18;1;
202300021726;155642037;B01;2;14;0;2;1;1;1;
202300021727;155642034;A01;1;7;8;0;2;1;1;
202300021728;155642032;A01;1;7;3;2;1;2;1;
202300021728;155642033;B01;1;10;0;0;6;2;1;
202300021729;155642031;A01;3;7;0;1;2;21;1;
202300021730;155642030;A01;1;99;13;0;2;1;1;
202300021731;155642029;A01;1;7;3;0;4;1;1;
202300021732;155642028;A01;2;32;3;0;2;0;1;
202300021733;155642027;B01;2;15;0;0;7;1;6;
202300021734;155642024;A01;2;33;0;2;1;1;1;
202300021734;155642026;B01;1;21;0;2;8;15;1;
202300021735;155642023;B01;1;15;0;2;5;1;1;
202300021735;155642025;A01;1;7;0;2;1;1;1;
202300021736;155642022;A01;1;7;13;0;1;1;1;
202300021737;155642020;A01;1;7;0;2;3;19;1;
202300021737;155642021;B01;2;32;0;2;2;13;1;
202300021738;155642018;A01;1;7;0;1;4;4;1;
202300021739;155642017;A01;1;7;0;0;2;15;1;
202300021739;155642019;B01;1;33;0;2;1;1;1;
202300021740;155642014;B01;1;7;0;2;1;2;0;
202300021740;155642016;A01;2;2;0;0;4;1;1;
202300021741;155642011;A01;0;80;0;0;0;0;3;
202300021742;155642010;A01;1;31;0;2;7;1;1;
202300021742;155642012;B01;2;7;0;2;1;9;1;
202300021743;155642008;A01;2;1;0;2;8;10;5;
202300021743;155642009;B01;2;10;0;2;1;2;1;
202300021744;155642006;B01;1;7;0;2;1;1;1;
202300021744;155642007;A01;1;7;0;2;1;13;1;
202300021745;155642004;A01;2;7;0;2;1;1;1;
202300021745;155642005;B01;1;33;0;2;1;1;1;
202300021746;155642003;A01;2;15;3;0;1;26;1;
202300021747;155642002;A01;1;7;2;0;1;13;0;
202300021748;155642001;A01;1;2;0;0;9;15;1;
202300021749;155642000;A01;1;80;6;0;1;1;3;
202300021750;155641996;B01;1;33;0;2;1;1;1;
202300021750;155641998;A01;1;7;0;2;3;15;1;
202300021751;155641995;B01;1;7;0;2;1;13;1;
202300021751;155641997;A01;2;7;13;2;8;1;1;
202300021752;155641993;A01;1;2;15;9;3;1;1;
202300021753;155641994;A01;2;33;0;0;0;1;1;
202300021754;155641992;A01;2;7;2;0;3;0;0;
202300021755;155641990;A01;1;7;0;2;3;10;1;
202300021755;155641991;B01;1;7;0;2;2;1;1;
202300021756;155641989;A01;2;7;13;0;0;17;1;
202300021757;155641988;A01;1;7;0;1;3;1;1;
202300021758;155641987;A01;1;7;13;0;1;1;1;
202300021759;155641985;A01;2;33;7;0;1;1;1;
202300021760;155641984;B01;1;15;0;2;1;1;1;
202300021760;155641986;A01;2;7;0;2;1;1;1;
202300021761;155641983;A01;2;7;0;0;3;0;1;
202300021762;155641980;A01;1;7;0;1;0;1;1;
202300021763;155641981;A01;2;7;0;2;3;15;1;
202300021763;155641982;B01;1;2;0;2;8;1;1;
202300021764;155641977;B01;1;2;0;2;1;1;1;
202300021764;155641979;A01;2;7;0;2;1;15;0;
202300021765;155641975;B01;2;7;0;2;3;1;1;
202300021765;155641976;C01;2;7;0;2;1;1;1;
202300021765;155641978;A01;1;33;0;2;1;13;1;
202300021766;155641974;A01;1;33;0;0;2;1;1;
202300021767;155641972;A01;1;7;0;2;8;21;6;
202300021767;155641973;B01;2;7;1;2;3;5;1;
202300021768;155641970;A01;0;7;0;9;1;9;0;
202300021768;155641971;B01;0;1;0;2;7;1;5;
202300021769;155641968;A01;1;7;0;2;1;15;1;
202300021769;155641969;B01;1;31;0;2;1;1;1;
202300021770;155641966;A01;1;33;0;2;7;17;1;
202300021770;155641967;B01;1;21;0;2;8;1;1;
202300021771;155641964;A01;2;7;0;2;0;1;1;
202300021771;155641965;B01;2;1;0;0;8;15;5;
202300021772;155641962;A01;3;1;0;0;0;0;5;
202300021773;155641960;C01;2;7;0;2;1;1;1;
202300021773;155641961;B01;2;7;0;2;9;13;1;
202300021773;155641963;A01;2;15;0;2;2;1;1;
202300021774;155641959;A01;3;33;17;0;1;1;1;
202300021775;155641957;B01;2;14;0;2;2;1;0;
202300021775;155641958;A01;2;7;0;2;6;11;1;
202300021776;155641955;A01;3;33;0;2;1;17;1;
202300021776;155641956;B01;3;7;0;2;1;1;1;
202300021777;155641953;B01;1;7;0;2;4;2;1;
202300021777;155641954;A01;1;10;0;2;1;2;1;
202300021778;155641951;A01;1;33;0;0;7;1;1;
202300021779;155641950;A01;3;7;0;9;7;26;1;
202300021779;155641952;B01;3;1;0;2;1;1;5;
202300021780;155641948;A01;1;33;13;0;8;13;1;
202300021781;155641947;A01;2;33;0;2;3;1;1;
202300021781;155641949;B01;2;7;0;2;5;21;1;
202300021782;155641944;B01;0;2;0;2;7;1;1;
202300021782;155641946;A01;0;7;0;2;1;19;1;
202300021783;155641943;A01;2;31;0;2;1;1;1;
202300021783;155641945;B01;2;38;0;2;6;1;1;1.0
202300021784;155641939;A01;1;34;0;2;1;3;1;
202300021784;155641941;B01;1;7;0;2;4;2;1;
202300021785;155641938;C01;2;7;0;2;2;21;1;
202300021785;155641940;A01;2;7;0;0;4;23;1;
202300021785;155641942;B01;2;10;0;2;1;0;1;
202300021786;155641935;A01;2;7;0;2;4;21;1;
202300021786;155641936;B01;2;7;0;2;4;1;1;
202300021787;155641933;A01;1;7;0;2;1;5;1;
202300021787;155641934;B01;2;7;0;2;5;1;1;
202300021787;155641937;C01;2;7;0;2;1;1;1;
202300021788;155641926;A01;1;7;0;2;6;4;1;
202300021788;155641928;B01;1;7;0;2;7;1;1;
202300021788;155641930;C01;1;7;0;2;1;1;1;
202300021789;155641925;B01;2;7;0;2;4;2;2;
202300021789;155641927;C01;2;7;0;2;4;2;3;
202300021789;155641929;A01;2;13;0;2;1;2;1;
202300021790;155641922;B01;2;1;0;2;0;1;5;
202300021790;155641924;A01;1;7;0;9;3;1;1;
202300021791;155641919;A01;1;7;0;6;1;1;1;
202300021792;155641918;C01;1;7;0;2;5;2;1;
202300021792;155641920;D01;1;10;0;2;4;2;1;
202300021792;155641921;B01;1;7;0;2;4;13;2;
202300021792;155641923;A01;1;7;0;2;1;2;1;
202300021793;155641915;B01;1;10;0;2;4;9;6;
202300021793;155641917;A01;1;33;0;2;1;9;1;
202300021794;155641912;Z01;2;50;0;1;1;1;3;
202300021795;155641911;A01;2;99;0;2;7;11;1;
202300021795;155641913;B01;2;33;0;2;1;1;1;
202300021795;155641914;D01;2;7;0;2;2;1;1;
202300021795;155641916;C01;2;15;0;2;3;1;1;
202300021796;155641907;B01;3;7;0;2;7;1;1;
202300021796;155641908;Z01;3;7;0;0;0;1;0;
202300021796;155641910;A01;3;30;0;2;8;1;1;
202300021797;155641905;B01;2;7;3;2;1;1;1;
202300021797;155641906;A01;1;7;0;2;1;13;1;
202300021798;155641903;A01;2;7;0;2;8;24;1;
202300021798;155641904;B01;2;32;1;0;7;1;1;
202300021799;155641901;A01;3;7;16;0;0;0;1;
202300021800;155641900;B01;3;32;0;2;3;15;1;
202300021800;155641902;A01;3;30;0;2;2;1;3;
202300021801;155641899;A01;1;31;0;0;0;2;1;
202300021802;155641897;A01;3;50;0;0;0;1;3;
202300021803;155641898;A01;1;7;0;1;2;2;3;
202300021804;155641894;B01;1;33;0;2;3;15;1;
202300021804;155641896;A01;2;31;0;2;1;1;1;
202300021805;155641895;A01;2;80;0;0;1;21;3;
202300021806;155641893;A01;1;7;16;0;1;21;1;
202300021807;155641891;A01;1;1;0;0;1;1;5;
202300021808;155641890;A01;0;10;0;2;2;16;1;
202300021808;155641892;B01;0;33;0;2;8;1;1;
202300021809;155641888;A01;2;7;0;2;4;15;1;
202300021809;155641889;B01;2;2;0;2;1;1;1;
202300021810;155641886;A01;3;50;0;2;1;13;3;
202300021810;155641887;B01;3;1;0;2;1;1;5;
202300021811;155641883;A01;2;7;0;2;8;17;1;
202300021811;155641885;B01;2;33;0;2;2;17;1;
202300021812;155641882;A01;1;80;0;2;2;17;3;
202300021812;155641884;B01;1;80;0;2;6;21;3;
202300021813;155641881;A01;2;7;1;0;1;1;1;
202300021814;155641879;B01;2;32;0;2;3;17;1;
202300021814;155641880;A01;1;7;0;2;2;15;1;
202300021815;155641878;A01;1;7;0;1;1;1;1;
202300021816;155641874;A01;2;3;0;2;1;26;1;
202300021816;155641876;B01;1;7;0;2;1;1;1;
202300021817;155641875;A01;2;10;0;2;6;20;1;
202300021817;155641877;B01;2;30;0;2;7;1;1;
202300021818;155641872;A01;2;7;0;2;3;15;1;
202300021818;155641873;B01;2;31;0;2;2;17;1;
202300021819;155641871;A01;2;10;0;1;4;20;1;
202300021820;155641869;A01;1;7;0;2;8;1;1;
202300021820;155641870;B01;1;14;0;2;7;12;1;
202300021821;155641866;A01;1;7;13;0;1;14;1;
202300021822;155641867;B01;2;37;0;2;2;13;1;2.0
202300021822;155641868;A01;2;7;0;0;0;14;1;
202300021823;155641863;A01;1;7;1;0;1;2;0;
202300021823;155641865;B01;2;7;0;2;4;23;0;
202300021824;155641862;A01;0;34;0;2;2;13;1;
202300021824;155641864;B01;0;7;0;2;3;1;1;
202300021825;155641861;A01;2;7;3;0;3;1;1;
202300021826;155641860;A01;2;7;3;0;1;1;1;
202300021827;155641858;B01;1;7;0;1;1;21;1;
202300021828;155641859;A01;2;7;0;1;1;15;1;
202300021829;155641856;A01;2;7;0;1;2;2;2;
202300021830;155641855;B01;1;7;0;2;1;1;1;
202300021830;155641857;A01;1;7;0;2;1;1;1;
202300021831;155641854;A01;2;7;0;1;1;15;1;
202300021832;155641853;A01;1;7;0;1;1;1;2;
202300021833;155641851;B01;2;32;0;2;1;21;1;
202300021833;155641852;A01;2;10;0;2;2;9;1;
202300021834;155641849;B01;3;7;0;2;1;1;1;
202300021834;155641850;A01;3;10;0;2;1;13;1;
202300021835;155641847;A01;2;33;9;2;8;1;1;
202300021835;155641848;B01;1;7;1;2;6;1;2;
202300021836;155641845;A01;2;7;0;2;2;15;1;
202300021836;155641846;B01;1;33;0;2;1;26;1;
202300021837;155641843;A01;2;7;0;2;1;15;1;
202300021837;155641844;B01;1;31;0;2;8;1;1;
202300021838;155641842;A01;2;7;8;0;0;0;1;
202300021839;155641840;B01;2;7;0;2;3;1;1;
202300021839;155641841;A01;3;7;0;2;2;1;1;
202300021840;155641838;B01;1;7;0;2;3;1;1;
202300021840;155641839;A01;2;7;0;2;2;15;1;
202300021841;155641836;B01;3;99;0;0;3;1;1;
202300021841;155641837;A01;0;50;0;2;1;1;3;
202300021842;155641835;A01;1;7;0;1;1;16;1;
202300021843;155641833;A01;1;30;0;2;7;15;1;
202300021843;155641834;B01;2;7;0;2;1;1;1;
202300021844;155641831;B01;1;7;0;2;1;1;1;
202300021844;155641832;A01;2;2;0;2;7;1;1;
202300021845;155641829;A01;2;7;1;0;1;14;1;
202300021845;155641830;B01;2;7;0;2;4;24;2;
202300021846;155641827;A01;2;7;0;2;8;1;1;
202300021846;155641828;B01;2;7;0;2;1;1;1;
202300021847;155641825;A01;3;30;0;2;8;13;1;
202300021847;155641826;B01;3;7;0;2;7;17;1;
202300021848;155641824;Z01;1;7;0;1;1;1;0;
202300021849;155641823;A01;1;7;1;2;1;13;1;
202300021850;155641821;A01;2;7;0;2;4;23;1;
202300021850;155641822;B01;2;30;0;2;1;2;1;
202300021851;155641820;A01;1;7;0;1;2;1;1;
202300021852;155641819;A01;1;1;1;0;1;2;5;
202300021853;155641817;B01;1;1;0;2;1;1;0;
202300021853;155641818;A01;1;7;0;2;1;15;0;
202300021854;155641815;A01;1;7;0;2;7;0;3;
202300021854;155641816;B01;0;60;0;2;0;0;5;
202300021855;155641814;A01;2;7;3;0;3;0;1;
202300021856;155641813;A01;2;7;3;0;1;11;1;
202300021857;155641811;A01;3;7;0;2;1;13;0;
202300021857;155641812;B01;3;7;0;2;1;1;0;
202300021858;155641809;A01;3;7;0;2;1;2;1;
202300021858;155641810;B01;3;7;0;2;4;2;1;
202300021859;155641807;A01;1;7;0;2;6;0;1;
202300021859;155641808;B01;1;7;0;2;2;0;0;
202300021860;155641805;A01;2;10;0;2;1;2;1;
202300021860;155641806;B01;2;7;0;0;4;2;1;
202300021861;155641804;A01;2;7;0;1;1;1;1;
202300021862;155641802;A01;1;7;0;2;3;13;2;
202300021862;155641803;B01;2;10;0;2;8;1;1;
202300021863;155641800;A01;2;33;0;2;1;18;1;
202300021863;155641801;B01;2;10;0;2;6;15;1;
202300021864;155641798;B01;2;10;0;2;2;10;0;
202300021864;155641799;A01;1;33;0;2;1;10;0;
202300021865;155641796;A01;0;7;0;2;3;15;1;
202300021865;155641797;B01;0;10;0;2;2;0;1;
202300021866;155641794;B01;1;60;0;2;1;1;5;
202300021866;155641795;A01;1;7;0;2;8;15;1;
202300021867;155641792;A01;3;14;1;9;7;1;1;
202300021867;155641793;B01;3;99;0;2;4;23;1;
202300021868;155641791;A01;3;2;15;0;0;0;1;
202300021869;155641788;A01;2;7;0;0;4;23;1;
202300021869;155641789;B01;2;7;1;0;4;23;1;
202300021869;155641790;C01;2;7;1;0;1;1;1;
202300021870;155641786;B01;2;7;0;2;2;1;1;
202300021870;155641787;A01;1;50;0;2;2;5;3;
202300021871;155641784;A01;1;7;0;2;2;9;3;
202300021871;155641785;B01;1;7;0;2;1;1;1;
202300021872;155641782;A01;2;7;0;2;7;13;1;
202300021872;155641783;B01;1;7;0;2;1;1;1;
202300021873;155641781;A01;2;7;2;0;8;1;1;
202300021874;155641780;A01;2;15;3;0;1;14;1;
202300021875;155641778;A01;1;33;0;2;1;2;1;
202300021875;155641779;B01;1;7;0;2;6;15;1;
202300021876;155641776;B01;2;43;0;2;1;13;1;
202300021876;155641777;A01;1;7;0;2;1;15;1;
202300021877;155641774;A01;1;33;0;2;1;2;1;
202300021877;155641775;B01;1;7;0;2;4;15;1;
202300021878;155641772;B01;1;33;0;2;1;1;1;
202300021878;155641773;A01;2;7;0;2;3;15;1;
202300021879;155641770;B01;1;7;0;2;2;1;1;
202300021879;155641771;A01;2;7;0;2;3;9;1;
202300021880;155641768;B01;3;50;0;2;1;3;3;
202300021880;155641769;A01;2;7;0;9;3;1;1;
202300021881;155641766;A01;1;7;4;0;1;2;1;
202300021882;155641764;B01;2;37;0;2;2;1;1;1.0
202300021882;155641765;A01;1;7;0;2;2;11;1;
202300021883;155641762;A01;0;7;11;0;5;1;1;
202300021883;155641763;B01;3;30;11;2;1;1;1;
202300021884;155641761;A01;1;7;1;1;0;1;0;
202300021885;155641760;A01;1;31;0;0;8;0;1;
202300021886;155641758;B01;2;33;0;2;1;1;1;
202300021886;155641759;A01;1;7;0;2;7;1;1;
202300021887;155641756;B01;3;10;0;2;3;1;1;
202300021887;155641757;A01;3;7;0;2;2;1;2;
202300021888;155641755;A01;0;7;0;1;1;1;1;
202300021889;155641752;B01;3;80;0;2;8;2;3;
202300021889;155641753;A01;3;7;0;9;7;2;1;
202300021890;155641751;A01;1;7;13;0;9;1;1;
202300021891;155641749;B01;3;7;2;0;2;15;1;
202300021891;155641750;A01;3;7;2;0;1;1;1;
202300021892;155641748;A01;1;35;0;1;1;1;3;
202300021893;155641746;A01;1;7;0;2;1;12;0;
202300021893;155641747;B01;1;33;0;2;3;0;1;
202300021894;155641743;B01;3;30;0;2;8;2;1;
202300021894;155641744;A01;3;33;0;2;1;2;1;
202300021894;155641745;C01;3;30;0;2;8;2;1;
202300021895;155641741;A01;3;7;0;2;1;2;1;
202300021895;155641742;B01;3;7;0;2;4;1;1;
202300021896;155641739;A01;0;7;0;2;0;0;0;
202300021896;155641740;B01;3;1;0;2;8;2;-1;
202300021897;155641737;A01;0;30;0;9;1;16;0;
202300021897;155641738;Y01;0;50;0;2;1;16;3;
202300021898;155641734;B01;1;7;0;2;3;15;1;
202300021898;155641735;A01;1;31;0;2;2;17;1;
202300021899;155641732;A01;1;7;0;2;1;1;1;
202300021899;155641733;B01;2;7;0;2;5;1;1;
202300021900;155641730;A01;3;7;0;2;5;0;1;
202300021900;155641731;B01;3;7;0;2;1;0;1;
202300021901;155641728;A01;2;7;0;2;8;1;1;
202300021901;155641729;B01;1;7;0;2;1;1;1;
202300021902;155641726;A01;0;7;0;2;0;26;0;
202300021902;155641727;B01;3;7;0;2;0;0;0;
202300021903;155641724;A01;1;7;0;2;1;21;1;
202300021903;155641725;B01;1;7;1;0;6;23;1;
202300021904;155641722;A01;1;7;0;2;8;22;1;
202300021904;155641723;B01;1;50;0;2;1;1;3;
202300021905;155641720;B01;1;7;0;2;4;1;1;
202300021905;155641721;A01;1;7;0;2;1;1;1;
202300021906;155641719;A01;1;7;0;1;1;1;1;
202300021907;155641717;B01;1;30;0;2;7;1;1;
202300021907;155641718;A01;2;7;0;2;1;15;1;
202300021908;155641716;A01;1;7;0;1;5;1;1;
202300021909;155641715;A01;2;32;11;0;1;17;1;
202300021910;155641714;A01;1;7;11;0;1;19;1;
202300021911;155641713;A01;2;10;0;1;1;1;1;
202300021912;155641712;A01;2;2;12;0;2;1;1;
202300021913;155641711;A01;2;7;0;1;7;1;1;
202300021914;155641710;A01;1;31;0;0;8;1;1;
202300021915;155641708;C01;2;33;0;2;1;1;1;
202300021915;155641709;A01;1;7;0;2;7;15;1;
202300021916;155641707;A01;1;7;0;1;3;16;1;
202300021917;155641705;B01;1;33;0;2;1;1;1;
202300021917;155641706;A01;2;10;0;2;6;15;1;
202300021918;155641703;A01;2;31;12;0;2;1;1;
202300021919;155641702;B01;2;7;0;0;4;0;0;
202300021919;155641704;A01;2;33;0;0;1;1;1;
202300021920;155641700;A01;3;33;0;2;3;1;1;
202300021920;155641701;B01;3;15;0;2;6;1;1;
202300021921;155641698;A01;3;7;0;2;1;17;1;
202300021921;155641699;B01;3;1;0;2;8;0;5;
202300021922;155641695;A01;1;7;13;0;9;1;1;
202300021923;155641696;A01;2;7;0;2;2;1;0;
202300021923;155641697;B01;2;7;0;2;3;1;0;
202300021924;155641694;A01;1;2;16;0;1;1;1;
202300021925;155641692;B01;1;7;0;2;8;2;1;
202300021925;155641693;A01;2;7;0;2;1;2;1;
202300021926;155641689;A01;1;7;0;2;1;1;1;
202300021926;155641690;B01;1;7;0;2;7;1;1;
202300021927;155641688;A01;1;7;0;2;1;1;1;
202300021927;155641691;B01;1;10;0;2;8;19;1;
202300021928;155641687;A01;1;7;8;0;1;1;1;
202300021929;155641685;B01;3;7;0;2;8;1;3;
202300021929;155641686;A01;3;7;0;2;1;9;1;
202300021930;155641683;A01;1;10;0;2;2;1;1;
202300021930;155641684;B01;1;7;0;0;4;1;1;
202300021931;155641680;A01;2;7;0;1;3;1;1;
202300021932;155641681;A01;3;7;0;2;1;13;1;
202300021932;155641682;B01;3;14;0;2;8;1;6;
202300021933;155641677;A01;1;33;0;2;1;3;1;
202300021933;155641679;B01;1;7;0;2;3;13;1;
202300021934;155641676;A01;3;7;0;2;3;0;1;
202300021934;155641678;B01;3;60;0;2;0;0;5;
202300021935;155641675;A01;2;33;0;0;0;0;1;
202300021936;155641674;MA01;2;7;0;1;1;13;1;
202300021937;155641672;B01;3;2;0;2;1;1;1;
202300021937;155641673;A01;3;7;0;2;2;1;0;
202300021938;155641670;A01;1;1;0;2;1;2;5;
202300021938;155641671;B01;1;7;0;2;6;1;0;
202300021939;155641664;A01;1;7;0;1;1;2;1;
202300021940;155641666;A01;1;7;0;0;4;15;1;
202300021940;155641668;C01;1;7;0;2;1;1;1;
202300021940;155641669;B01;1;7;0;2;4;1;1;
202300021941;155641665;B01;1;7;0;2;4;1;1;
202300021941;155641667;A01;1;7;0;2;1;2;1;
202300021942;155641659;A01;3;7;0;2;3;9;1;
202300021942;155641663;B01;3;1;0;2;5;16;5;
202300021943;155641661;A01;1;7;13;0;3;1;1;
202300021944;155641660;B01;1;80;0;2;3;19;3;
202300021944;155641662;A01;2;7;0;2;1;1;1;
202300021945;155641657;A01;1;7;15;0;3;13;1;
202300021946;155641655;A01;0;7;0;1;6;1;1;
202300021947;155641656;A01;2;7;0;0;2;2;0;
202300021947;155641658;B01;2;1;0;2;3;2;5;
202300021948;155641653;A01;1;7;0;2;1;1;1;
202300021948;155641654;B01;1;7;0;2;4;23;1;
202300021949;155641652;A01;1;7;13;0;2;1;1;
202300021950;155641651;A01;1;7;0;1;3;1;1;
202300021951;155641648;A01;1;7;0;2;1;1;1;
202300021951;155641650;B01;1;7;0;2;4;1;1;
202300021952;155641647;A01;2;30;0;0;7;1;1;
202300021953;155641646;B01;2;7;0;0;8;15;1;
202300021953;155641649;A01;2;7;0;0;1;17;1;
202300021954;155641645;A01;1;7;8;0;1;1;1;
202300021955;155641640;A01;1;7;0;2;7;1;1;
202300021955;155641644;B01;1;7;0;2;1;1;1;
202300021956;155641641;A01;1;7;0;0;5;15;1;
202300021956;155641643;B01;1;33;0;2;3;14;1;
202300021957;155641639;A01;1;3;0;2;3;9;1;
202300021957;155641642;B01;2;7;0;2;2;1;1;
202300021958;155641638;A01;1;7;0;1;1;1;1;
202300021959;155641636;A01;2;2;0;0;0;0;1;
202300021960;155641635;B01;2;33;0;2;1;1;1;
202300021960;155641637;A01;1;7;0;2;3;1;1;
202300021961;155641634;A01;2;50;0;1;1;25;3;
202300021962;155641632;A01;2;30;0;2;1;17;1;
202300021962;155641633;B01;1;7;0;2;8;15;1;
202300021963;155641626;A01;3;7;0;2;1;2;1;
202300021963;155641629;B01;3;7;0;2;1;23;2;
202300021963;155641630;C01;3;7;0;2;4;2;1;
202300021964;155641627;A01;2;33;0;2;1;1;1;