Num_Acc;id_vehicule;num_veh;senc;catv;obs;obsm;choc;manv;motor;occutc
202300021964;155641631;B01;1;7;0;2;3;19;1;
202300021965;155641621;A01;3;50;0;2;7;1;3;
202300021965;155641625;B01;0;7;0;2;1;1;1;
202300021966;155641620;A01;1;7;0;1;1;1;2;
202300021967;155641622;A01;2;50;0;2;1;13;3;
202300021967;155641624;B01;1;7;0;9;2;1;1;
202300021968;155641619;B01;2;7;0;2;6;15;0;
202300021968;155641623;A01;1;43;0;2;1;1;1;
202300021969;155641615;B01;1;7;0;2;2;1;1;
202300021969;155641618;A01;1;1;0;2;1;1;5;
202300021970;155641613;A01;2;7;0;2;3;10;1;
202300021970;155641616;B01;1;50;0;2;0;1;3;
202300021971;155641614;B01;2;7;0;2;1;1;0;
202300021971;155641617;A01;2;7;0;2;7;15;1;
202300021972;155641610;B01;1;7;0;2;7;16;1;
202300021972;155641612;A01;2;31;0;2;8;15;1;
202300021973;155641609;A01;1;7;0;2;1;6;1;
202300021973;155641611;B01;1;2;0;2;8;1;1;
202300021974;155641607;B01;2;21;0;2;1;1;1;
202300021974;155641608;A01;1;7;0;9;1;13;1;
202300021975;155641605;A01;2;33;0;1;3;1;1;
202300021976;155641603;B01;2;7;0;2;4;26;1;
202300021976;155641606;A01;2;7;0;2;1;26;1;
202300021977;155641601;A01;2;7;0;1;2;2;1;
202300021978;155641602;A01;3;7;0;2;3;9;1;
202300021978;155641604;B01;1;30;0;2;1;14;1;
202300021979;155641596;A01;2;7;2;0;1;1;1;
202300021980;155641597;B01;1;1;0;2;8;15;5;
202300021980;155641600;A01;1;7;0;2;1;1;1;
202300021981;155641595;A01;3;32;0;2;7;1;1;
202300021981;155641599;B01;3;7;0;2;8;1;1;
202300021982;155641594;A01;2;7;0;2;4;1;1;
202300021982;155641598;B01;2;7;0;2;1;1;1;
202300021983;155641592;B01;1;40;0;2;1;1;1;
202300021983;155641593;A01;1;7;0;4;8;15;1;
202300021984;155641591;A01;2;3;0;0;2;0;0;
202300021985;155641590;A01;3;7;0;1;1;1;1;
202300021986;155641583;A01;3;7;0;0;1;0;1;
202300021987;155641585;A01;2;7;0;2;7;14;1;
202300021987;155641589;B01;2;7;0;2;8;1;1;
202300021988;155641581;A01;1;7;0;1;3;1;1;
202300021989;155641582;C01;2;7;0;2;1;2;1;
202300021989;155641586;A01;1;7;0;2;1;13;1;
202300021989;155641588;B01;2;7;0;2;1;1;1;
202300021990;155641579;A01;1;7;0;1;1;2;1;
202300021991;155641575;A01;3;10;0;2;8;22;1;
202300021991;155641577;B01;3;1;1;0;1;26;5;
202300021992;155641573;B01;1;2;0;2;1;0;1;
202300021992;155641576;A01;1;7;16;0;7;19;1;
202300021993;155641572;A01;0;7;0;2;6;15;1;
202300021993;155641574;B01;0;33;0;2;1;1;1;
202300021994;155641570;B01;0;7;0;2;3;15;0;
202300021994;155641571;A01;0;7;0;2;2;1;1;
202300021995;155641567;A01;2;7;0;2;1;15;1;
202300021995;155641569;B01;1;7;0;2;1;1;1;
202300021996;155641565;A01;2;7;0;2;1;1;1;
202300021996;155641566;B01;2;7;0;2;1;1;1;
202300021996;155641568;C01;2;7;0;2;4;1;1;
202300021997;155641564;A01;2;7;7;0;6;0;1;
202300021998;155641561;A01;2;7;0;2;1;1;1;
202300021998;155641562;B01;1;7;4;2;5;1;1;
202300021999;155641558;A01;2;33;0;2;1;1;1;
202300021999;155641559;B01;1;32;0;2;1;1;1;
202300022000;155641552;A01;1;30;1;2;2;10;1;
202300022000;155641555;B01;1;33;0;2;1;1;1;
202300022001;155641554;B01;0;1;0;2;7;1;5;
202300022001;155641556;A01;3;7;0;9;3;2;1;
202300022002;155641553;D01;2;7;0;2;0;0;0;
202300022002;155641557;B01;2;7;0;2;3;0;0;
202300022002;155641560;C01;1;7;0;2;0;0;0;
202300022002;155641563;A01;1;7;0;0;1;17;1;
202300022003;155641551;A01;3;7;0;1;1;1;1;
202300022004;155641550;A01;3;33;5;2;1;1;1;
202300022005;155641548;A01;3;33;0;0;0;1;1;
202300022005;155641549;B01;3;33;0;0;0;1;1;
202300022006;155641546;A01;1;7;0;1;3;21;1;
202300022007;155641544;B01;1;7;0;2;4;1;0;
202300022007;155641547;A01;1;7;0;2;1;1;1;
202300022008;155641543;A01;1;7;0;2;6;9;1;
202300022008;155641545;B01;1;33;0;2;5;1;1;
202300022009;155641542;A01;3;7;0;0;1;1;1;
202300022010;155641540;A01;2;33;1;0;1;26;0;
202300022011;155641539;A01;1;7;0;0;9;14;1;
202300022012;155641541;A01;2;7;0;1;2;1;1;
202300022013;155641537;B01;3;7;0;2;5;15;1;
202300022013;155641538;A01;2;7;0;2;1;1;1;
202300022014;155641534;A01;2;30;0;2;4;11;3;
202300022014;155641536;B01;2;7;0;2;1;1;1;
202300022015;155641533;A01;1;33;0;2;1;1;1;
202300022015;155641535;B01;3;1;0;2;7;19;5;
202300022016;155641531;A01;2;7;0;0;1;1;1;
202300022017;155641528;A01;1;7;0;2;1;2;1;
202300022017;155641529;B01;1;7;0;0;4;15;1;
202300022018;155641527;A01;1;7;0;2;8;15;1;
202300022018;155641530;B01;2;33;0;2;8;21;1;
202300022018;155641532;C01;1;7;0;0;0;19;0;
202300022019;155641526;A01;1;7;12;0;1;0;1;
202300022020;155641524;A01;2;7;6;1;1;26;1;
202300022021;155641521;A01;1;10;0;2;1;1;1;
202300022021;155641525;B01;1;10;0;2;8;9;1;
202300022022;155641518;A01;2;7;0;2;1;1;1;
202300022022;155641520;B01;2;7;0;2;4;23;1;
202300022023;155641517;A01;3;33;0;2;1;17;1;
202300022023;155641519;B01;3;7;0;2;1;1;1;
202300022023;155641523;C01;3;15;0;2;5;16;1;
202300022024;155641516;B01;1;1;0;2;7;1;5;
202300022024;155641522;A01;2;7;0;2;1;19;1;
202300022025;155641512;A01;2;7;0;2;8;11;1;
202300022025;155641513;B01;2;33;0;2;2;1;1;
202300022026;155641510;A01;1;7;0;2;1;5;1;
202300022026;155641514;B01;2;10;0;2;1;5;1;
202300022027;155641508;A01;0;32;0;1;1;1;1;
202300022028;155641506;B01;2;2;0;2;1;17;1;
202300022028;155641509;A01;2;10;0;2;8;10;1;
202300022029;155641503;B01;2;7;0;2;4;2;1;
202300022029;155641507;A01;2;7;0;2;1;1;1;
202300022030;155641501;A01;2;7;2;0;2;1;1;
202300022031;155641500;A01;3;1;0;9;8;1;5;
202300022031;155641504;B01;3;99;0;9;1;26;5;
202300022032;155641498;A01;3;7;0;1;1;1;1;
202300022033;155641499;C01;3;37;0;2;1;23;1;1.0
202300022033;155641502;B01;3;7;0;2;4;2;1;
202300022033;155641505;A01;3;7;0;2;1;2;1;
202300022034;155641496;A01;2;7;0;0;9;11;1;
202300022035;155641494;B01;2;7;0;2;1;1;1;
202300022035;155641497;A01;1;7;0;2;1;13;1;
202300022036;155641492;B01;3;7;0;2;0;0;0;
202300022036;155641495;A01;3;32;0;2;1;2;1;
202300022037;155641489;A01;2;7;1;1;1;13;1;
202300022038;155641490;A01;3;7;0;2;1;0;1;
202300022038;155641493;B01;3;7;0;2;1;0;1;
202300022039;155641491;A01;2;7;0;1;1;1;1;
202300022040;155641487;A01;3;7;0;2;3;1;1;
202300022040;155641488;B01;3;7;0;2;2;1;1;
202300022041;155641482;A01;1;10;0;9;7;15;1;
202300022041;155641486;B01;2;31;0;2;1;1;1;
202300022042;155641481;B01;2;7;0;2;4;23;2;
202300022042;155641484;A01;2;7;0;2;1;2;1;
202300022043;155641480;A01;2;7;0;2;1;15;2;
202300022043;155641485;B01;1;7;0;2;1;1;1;
202300022044;155641479;A01;2;30;0;2;1;8;1;
202300022044;155641483;B01;1;10;0;2;5;15;1;
202300022045;155641477;A01;2;7;0;1;3;26;1;
202300022046;155641475;A01;1;33;0;2;1;1;1;
202300022046;155641478;B01;1;7;0;2;3;6;1;
202300022047;155641473;B01;0;32;0;2;5;1;1;
202300022047;155641476;A01;0;13;0;2;3;1;1;
202300022048;155641470;A01;2;7;0;2;3;16;1;
202300022048;155641474;B01;2;2;0;2;2;1;1;
202300022049;155641471;A01;1;33;10;0;2;14;1;
202300022050;155641469;B01;1;33;0;2;7;1;1;
202300022050;155641472;A01;1;7;0;2;8;11;1;
202300022051;155641467;A01;2;33;12;0;1;16;1;
202300022052;155641464;A01;1;30;1;0;1;14;1;
202300022053;155641465;A01;1;7;0;1;2;16;1;
202300022054;155641466;A01;1;33;12;2;1;1;1;
202300022054;155641468;B01;2;3;0;2;8;15;1;
202300022055;155641460;A01;1;7;0;2;1;2;1;
202300022055;155641462;B01;1;7;0;2;4;1;1;
202300022056;155641461;A01;1;7;0;2;6;13;1;
202300022056;155641463;B01;1;33;0;2;2;1;1;
202300022057;155641458;B01;2;7;0;2;3;15;1;
202300022057;155641459;A01;2;33;0;2;2;17;6;
202300022058;155641457;A01;3;7;13;0;3;19;1;
202300022059;155641454;A01;2;32;0;0;7;3;1;
202300022060;155641449;D01;1;7;0;2;1;2;1;
202300022060;155641452;B01;1;7;0;2;3;21;1;
202300022060;155641453;C01;2;7;0;2;6;1;1;
202300022060;155641455;A01;1;7;0;2;1;13;1;
202300022061;155641450;A01;3;7;0;1;4;20;1;
202300022062;155641448;A01;2;7;0;2;1;13;1;
202300022062;155641451;B01;1;7;0;2;1;1;1;
202300022063;155641445;A01;0;7;0;2;3;9;1;
202300022063;155641447;B01;0;7;0;2;1;1;1;
202300022064;155641443;A01;1;7;0;0;0;0;1;
202300022065;155641446;A01;1;7;0;1;1;15;2;
202300022066;155641441;B01;0;1;0;2;1;19;5;
202300022066;155641442;A01;2;7;0;2;3;1;0;
202300022067;155641438;A01;1;31;0;2;0;17;6;
202300022067;155641440;B01;1;7;0;2;0;0;1;
202300022068;155641437;A01;1;10;4;0;3;13;1;
202300022069;155641431;A01;0;7;0;2;1;15;1;
202300022069;155641435;B01;0;2;0;2;8;1;1;
202300022070;155641430;B01;1;33;0;2;1;1;1;
202300022070;155641434;A01;2;7;0;2;2;10;1;
202300022071;155641433;A01;2;2;0;2;1;2;1;
202300022071;155641436;B01;2;7;0;2;4;2;1;
202300022072;155641429;A01;2;7;12;0;0;1;1;
202300022073;155641426;A01;1;7;0;1;7;9;1;
202300022074;155641425;A01;1;7;0;2;3;22;1;
202300022074;155641427;B01;1;1;0;2;0;0;5;
202300022075;155641423;A01;2;1;0;0;0;3;5;
202300022076;155641422;A01;3;1;0;2;1;1;5;
202300022076;155641428;B01;3;7;0;2;7;1;1;
202300022077;155641421;A01;2;33;0;2;1;13;1;
202300022077;155641424;B01;1;37;0;2;8;1;2;1.0
202300022078;155641419;A01;1;7;0;2;1;1;1;
202300022078;155641420;B01;1;7;0;2;1;1;1;
202300022079;155641417;A01;1;7;2;0;1;14;1;
202300022080;155641413;A01;2;7;0;2;4;23;1;
202300022080;155641416;B01;2;7;0;2;1;2;1;
202300022081;155641412;A01;1;1;0;2;2;15;5;
202300022081;155641415;B01;1;50;0;2;1;1;3;
202300022082;155641406;A01;3;80;0;2;1;19;3;
202300022082;155641410;B01;1;7;0;2;1;1;0;
202300022083;155641407;C01;0;7;0;0;0;0;1;
202300022083;155641409;B01;0;10;0;0;0;0;1;
202300022083;155641411;A01;0;15;0;2;1;1;0;
202300022084;155641405;B01;1;15;0;0;0;0;1;
202300022084;155641408;A01;1;33;0;0;1;1;1;
202300022085;155641402;A01;1;7;0;1;4;4;1;
202300022086;155641400;A01;2;33;0;2;1;17;1;
202300022086;155641404;B01;2;7;0;2;8;15;1;
202300022087;155641399;A01;1;7;0;2;3;24;1;
202300022087;155641403;B01;1;80;0;2;1;13;3;
202300022088;155641398;B01;3;7;0;2;8;21;1;
202300022088;155641401;A01;2;7;0;2;3;1;1;
202300022089;155641392;B01;2;7;0;2;1;1;0;
202300022089;155641397;A01;2;7;0;2;3;15;1;
202300022090;155641394;A01;1;1;0;2;1;17;5;
202300022090;155641396;Z01;1;7;0;2;8;13;0;
202300022091;155641390;C01;1;7;0;2;3;9;1;
202300022091;155641391;B01;1;7;0;2;5;1;1;
202300022092;155641389;B01;1;7;0;2;3;1;1;
202300022092;155641395;A01;1;30;0;2;1;1;1;
202300022093;155641388;A01;1;10;0;2;0;0;0;
202300022093;155641393;B01;2;10;0;2;3;13;0;
202300022094;155641386;B01;3;7;0;2;1;1;1;
202300022094;155641387;A01;3;7;0;2;8;10;1;
202300022095;155641383;A01;1;7;0;1;3;1;1;
202300022096;155641379;A01;0;7;0;1;2;1;1;
202300022097;155641378;A01;2;7;0;2;2;15;1;
202300022097;155641381;B01;2;7;0;2;1;1;1;
202300022098;155641377;A01;3;10;0;2;1;16;1;
202300022098;155641384;B01;3;1;0;2;7;19;5;
202300022099;155641374;C01;2;7;0;2;7;23;3;
202300022099;155641375;E01;2;7;0;2;7;23;1;
202300022099;155641376;F01;2;7;0;2;8;23;2;
202300022099;155641380;D01;2;7;0;2;7;23;1;
202300022099;155641382;A01;1;7;6;2;7;13;1;
202300022099;155641385;B01;2;7;0;2;7;0;1;
202300022100;155641370;A01;3;7;0;2;3;15;1;
202300022100;155641373;B01;3;33;0;2;1;1;1;
202300022101;155641371;A01;1;7;0;1;1;21;1;
202300022102;155641368;B01;1;7;0;2;1;20;1;
202300022102;155641372;A01;2;1;0;2;1;5;5;
202300022103;155641367;B01;1;7;0;0;6;2;1;
202300022103;155641369;A01;1;2;0;2;1;2;1;
202300022104;155641363;B01;1;7;0;2;7;1;1;
202300022104;155641366;A01;1;7;0;0;3;16;1;
202300022105;155641362;A01;1;7;0;1;2;0;3;
202300022106;155641361;A01;2;7;0;2;7;1;1;
202300022106;155641365;B01;1;7;0;2;1;9;1;
202300022107;155641364;A01;2;33;0;1;1;1;1;
202300022108;155641360;A01;2;7;4;0;2;1;1;
202300022109;155641358;A01;3;1;14;0;1;1;5;
202300022110;155641355;A01;2;33;0;2;1;1;6;
202300022110;155641357;B01;2;7;0;2;3;15;1;
202300022111;155641354;B01;2;7;0;2;1;1;1;
202300022111;155641359;A01;1;7;0;2;1;1;0;
202300022112;155641356;A01;1;31;0;0;0;21;3;
202300022113;155641352;A01;2;7;0;2;3;5;1;
202300022113;155641353;B01;1;7;0;2;8;1;1;
202300022114;155641347;A01;1;1;0;2;8;13;5;
202300022114;155641349;B01;1;7;0;2;2;1;1;
202300022115;155641346;A01;2;50;0;2;1;1;3;
202300022115;155641350;Z01;2;3;0;2;7;23;0;
202300022116;155641345;B01;1;7;0;2;4;2;1;
202300022116;155641351;A01;1;7;0;2;1;2;1;
202300022117;155641344;A01;3;1;0;2;1;1;5;
202300022117;155641348;B01;3;1;0;2;1;13;5;
202300022118;155641340;A01;2;7;14;0;1;19;1;
202300022119;155641339;B01;2;7;0;2;8;1;1;
202300022119;155641341;C01;2;7;0;2;1;1;1;
202300022119;155641343;A01;1;10;0;2;1;13;1;
202300022120;155641338;A01;1;1;0;0;2;2;5;
202300022121;155641337;A01;1;7;0;2;7;1;1;
202300022121;155641342;B01;1;7;0;2;1;1;1;
202300022122;155641333;A01;3;7;0;2;1;16;1;
202300022122;155641335;B01;3;7;0;2;1;26;3;
202300022123;155641332;A01;0;7;0;2;3;0;1;
202300022123;155641336;B01;0;80;0;2;1;0;3;
202300022124;155641331;A01;1;7;0;2;3;13;1;
202300022124;155641334;B01;2;7;0;2;3;1;1;
202300022125;155641328;A01;0;7;0;2;2;17;1;
202300022125;155641329;B01;0;1;0;2;1;13;5;
202300022126;155641325;A01;0;7;0;2;1;1;1;
202300022126;155641327;B01;0;7;0;2;8;1;1;
202300022127;155641326;A01;1;7;0;1;3;1;1;
202300022128;155641324;B01;0;7;0;2;0;0;1;
202300022128;155641330;A01;0;10;0;2;1;16;1;
202300022129;155641323;A01;2;7;0;1;7;1;1;
202300022130;155641322;A01;1;7;0;1;1;1;1;
202300022131;155641320;A01;1;1;0;1;1;1;5;
202300022132;155641319;B01;2;7;0;2;6;23;1;
202300022132;155641321;A01;2;7;0;2;1;2;1;
202300022133;155641316;A01;1;7;0;1;1;0;1;
202300022134;155641315;A01;2;7;11;2;9;1;1;
202300022134;155641317;B01;1;10;0;2;6;1;1;
202300022134;155641318;C01;2;7;0;2;4;16;1;
202300022135;155641313;A01;2;10;0;1;7;1;1;
202300022136;155641312;A01;1;7;11;0;2;1;1;
202300022137;155641311;A01;2;7;3;0;1;1;1;
202300022138;155641310;B01;1;7;0;2;6;1;3;
202300022138;155641314;A01;1;50;0;2;1;1;3;
202300022139;155641307;A01;3;10;0;1;0;0;0;
202300022140;155641306;A01;1;7;0;2;3;1;1;
202300022140;155641308;B01;3;1;0;2;1;19;5;
202300022141;155641305;B01;1;7;0;0;4;2;1;
202300022141;155641309;A01;1;7;14;0;1;2;1;
202300022142;155641304;A01;1;7;0;1;1;1;0;
202300022143;155641300;B01;1;7;0;2;3;1;1;
202300022143;155641302;A01;1;7;0;2;2;14;1;
202300022144;155641301;B01;2;2;0;2;8;1;1;
202300022144;155641303;A01;1;7;0;2;0;1;1;
202300022145;155641296;A01;1;2;0;2;1;1;1;
202300022145;155641299;B01;1;37;0;2;5;9;1;1.0
202300022146;155641294;B01;1;7;0;2;4;0;1;
202300022146;155641297;A01;1;7;4;2;1;2;1;
202300022147;155641293;A01;1;7;0;2;3;14;1;
202300022147;155641298;B01;3;1;0;2;8;1;5;
202300022148;155641292;B01;1;30;0;2;4;15;1;
202300022148;155641295;A01;1;10;0;2;1;1;1;
202300022149;155641288;B01;0;32;0;2;1;15;1;
202300022149;155641291;A01;0;7;0;2;2;16;1;
202300022150;155641287;A01;1;30;0;0;0;1;1;
202300022151;155641286;A01;2;7;12;2;2;15;3;
202300022151;155641290;B01;1;7;12;2;1;1;1;
202300022152;155641285;B01;3;37;0;2;7;1;1;1.0
202300022152;155641289;A01;3;10;0;2;1;1;0;
202300022153;155641283;B01;2;2;0;2;1;1;3;
202300022153;155641284;A01;3;7;0;2;3;16;1;
202300022154;155641281;A01;1;7;0;2;1;9;1;
202300022154;155641282;B01;2;99;0;2;7;19;3;
202300022155;155641276;B01;1;3;0;2;3;1;0;
202300022155;155641279;A01;1;7;0;2;1;19;1;
202300022156;155641277;A01;2;7;0;0;0;26;1;
202300022157;155641274;A01;2;7;0;2;1;19;1;
202300022157;155641280;B01;1;7;0;2;2;1;1;
202300022158;155641275;A01;1;10;0;2;8;15;1;
202300022158;155641278;B01;1;33;0;2;0;1;1;
202300022159;155641273;A01;1;37;0;1;2;1;1;1.0
202300022160;155641272;A01;0;7;0;1;4;20;0;
202300022161;155641269;A01;3;7;13;0;1;13;1;
202300022161;155641271;B01;3;7;0;2;1;1;1;
202300022162;155641267;B01;2;50;0;2;1;1;3;
202300022162;155641270;A01;2;10;0;2;2;9;1;
202300022163;155641264;A01;1;7;8;0;1;1;1;
202300022164;155641262;A01;1;7;0;1;3;1;1;
202300022165;155641263;A01;2;31;0;2;1;5;1;
202300022165;155641265;B01;2;7;0;2;2;1;1;
202300022166;155641261;A01;1;7;0;1;2;2;1;
202300022167;155641260;A01;1;37;0;0;0;0;0;1.0
202300022168;155641258;A01;3;7;0;1;2;1;1;
202300022169;155641257;A01;2;7;4;0;1;13;1;
202300022170;155641256;A01;1;10;9;0;1;16;1;
202300022171;155641255;A01;1;7;0;2;1;13;1;
202300022171;155641259;B01;2;7;0;2;1;1;1;
202300022172;155641253;A01;2;30;0;0;7;14;1;
202300022173;155641252;A01;2;7;0;2;1;2;1;
202300022173;155641254;B01;2;7;0;2;4;1;1;
202300022174;155641247;B01;1;7;0;2;3;6;1;
202300022174;155641249;A01;2;7;0;2;3;1;1;
202300022175;155641248;B01;2;99;0;2;1;0;0;
202300022175;155641251;A01;2;7;0;2;7;0;0;
202300022176;155641245;B01;1;31;0;2;1;1;1;
202300022176;155641250;A01;2;7;8;2;3;15;1;
202300022177;155641243;B01;3;37;0;2;3;16;1;2.0
202300022177;155641246;A01;3;38;0;2;3;16;1;1.0
202300022178;155641242;B01;1;30;0;2;1;0;1;
202300022178;155641244;A01;3;7;0;2;2;0;1;
202300022179;155641241;A01;1;3;0;1;3;1;1;
202300022180;155641238;A01;2;32;0;2;4;2;1;
202300022180;155641239;Z01;2;7;0;2;1;2;1;
202300022181;155641237;A01;2;7;9;0;8;16;1;
202300022182;155641236;A01;3;7;0;2;3;15;1;
202300022182;155641240;B01;2;2;0;2;1;17;1;
202300022183;155641235;A01;1;10;0;1;3;19;1;
202300022184;155641233;B01;2;7;0;2;7;1;2;
202300022184;155641234;A01;2;31;0;2;8;13;3;
202300022185;155641231;A01;2;2;0;9;0;2;1;
202300022185;155641232;B01;2;1;0;2;0;0;5;
202300022186;155641227;B01;3;32;0;2;4;1;1;
202300022186;155641229;A01;3;43;0;2;1;18;1;
202300022187;155641226;A01;2;7;0;2;2;15;1;
202300022187;155641230;B01;2;33;0;2;1;1;1;
202300022188;155641225;A01;1;7;0;2;3;2;1;
202300022188;155641228;B01;1;2;0;2;4;1;0;
202300022189;155641222;A01;1;33;0;2;1;1;1;
202300022189;155641223;Z01;1;7;0;2;5;23;1;
202300022190;155641220;B01;1;33;0;2;1;17;1;
202300022190;155641224;A01;1;7;0;2;3;10;1;
202300022191;155641217;B01;3;10;0;2;3;1;1;
202300022191;155641221;KA01;3;50;0;2;1;16;3;
202300022192;155641218;B01;1;33;0;2;1;1;1;
202300022192;155641219;A01;2;10;0;2;1;15;1;
202300022193;155641215;A01;2;43;0;1;1;1;1;
202300022194;155641214;B01;3;7;0;2;1;1;6;
202300022194;155641216;A01;3;7;0;2;1;13;0;
202300022195;155641209;A01;2;2;0;0;0;17;1;
202300022196;155641207;A01;2;7;0;2;3;1;1;
202300022196;155641208;B01;2;7;0;2;8;1;1;
202300022197;155641211;A01;0;7;0;4;1;1;1;
202300022197;155641212;B01;1;40;0;2;2;1;3;
202300022198;155641210;A01;2;7;0;1;1;1;1;
202300022199;155641205;A01;2;7;0;0;0;26;1;
202300022199;155641206;B01;2;1;0;0;0;1;5;
202300022200;155641201;A01;2;1;0;2;1;1;5;
202300022200;155641204;B01;1;30;0;2;2;15;3;
202300022201;155641200;B01;2;33;0;2;1;1;1;
202300022201;155641203;A01;1;10;0;2;1;15;1;
202300022202;155641199;B01;1;30;0;2;1;7;1;
202300022202;155641202;A01;3;7;0;2;3;10;0;
202300022203;155641196;A01;0;7;0;0;0;0;1;
202300022203;155641198;B01;0;43;0;0;0;0;1;
202300022204;155641194;A01;1;7;0;2;5;1;2;
202300022204;155641197;B01;1;33;0;2;1;1;1;
202300022205;155641192;A01;2;7;0;2;3;15;1;
202300022205;155641195;B01;1;1;0;2;1;1;5;
202300022206;155641191;A01;3;7;0;2;8;10;0;
202300022206;155641193;B01;3;2;0;2;1;1;0;
202300022207;155641190;A01;1;1;12;0;1;13;5;
202300022208;155641187;A01;2;7;0;2;2;5;2;
202300022208;155641189;B01;1;37;0;2;2;1;1;2.0
202300022209;155641186;A01;1;30;14;0;1;1;1;
202300022210;155641184;B01;1;7;0;2;5;26;1;
202300022210;155641188;A01;1;33;0;2;1;18;0;
202300022211;155641181;B01;3;7;0;2;7;1;1;
202300022211;155641185;A01;3;50;0;2;1;1;3;
202300022212;155641177;A01;1;7;0;2;2;1;1;
202300022212;155641183;B01;3;7;0;2;1;0;1;
202300022213;155641179;B01;1;2;0;2;0;0;1;
202300022213;155641182;A01;1;43;0;0;0;0;1;
202300022214;155641176;B01;2;7;0;2;4;1;1;
202300022214;155641178;A01;2;7;0;2;1;1;1;
202300022214;155641180;C01;2;7;0;2;4;1;1;
202300022215;155641173;A01;3;7;0;1;2;13;1;
202300022216;155641169;A01;0;7;0;2;3;26;1;
202300022216;155641172;B01;0;2;0;2;1;0;1;
202300022217;155641168;B01;2;1;0;2;1;1;5;
202300022217;155641170;A01;3;7;0;2;3;1;1;
202300022218;155641167;A01;0;30;0;0;7;1;1;
202300022219;155641164;A01;2;7;0;2;6;15;1;
202300022219;155641166;B01;2;33;0;2;2;17;1;
202300022220;155641162;A01;2;31;0;0;0;1;1;
202300022221;155641161;A01;1;31;0;2;8;17;1;
202300022221;155641165;B01;1;7;0;2;5;3;1;
202300022222;155641160;B01;0;7;0;0;0;0;0;
202300022222;155641163;A01;3;2;0;2;1;0;1;
202300022223;155641158;A01;3;50;0;0;7;9;3;
202300022224;155641157;A01;2;7;13;0;2;1;1;
202300022225;155641154;B01;1;50;0;2;2;9;3;
202300022225;155641156;A01;1;7;0;2;3;9;1;
202300022226;155641155;A01;2;7;0;2;3;9;1;
202300022226;155641159;B01;2;2;0;2;5;1;1;
202300022227;155641153;A01;3;7;0;1;0;15;0;
202300022228;155641151;A01;2;40;0;1;1;1;3;
202300022229;155641150;A01;2;7;0;2;1;1;1;
202300022229;155641152;B01;2;7;0;2;8;17;1;
202300022230;155641148;A01;1;50;0;0;0;25;3;
202300022231;155641146;A01;1;7;0;2;2;16;1;
202300022231;155641149;B01;1;50;0;2;1;1;3;
202300022232;155641145;A01;1;7;0;2;1;1;1;
202300022232;155641147;B01;1;10;0;2;4;23;1;
202300022233;155641144;A01;1;7;1;0;1;0;1;
202300022234;155641140;B01;3;32;0;2;1;1;1;
202300022234;155641142;A01;3;3;0;2;6;13;0;
202300022235;155641139;A01;2;7;0;2;1;2;1;
202300022235;155641141;B01;2;10;0;2;4;2;1;
202300022236;155641138;A01;2;7;0;2;8;1;1;
202300022236;155641143;B01;1;33;0;2;3;1;1;
202300022237;155641135;A01;3;33;12;0;1;2;0;
202300022237;155641136;B01;3;33;0;0;0;0;0;
202300022238;155641130;A01;1;32;0;2;3;3;1;
202300022238;155641133;B01;1;7;0;2;7;12;1;
202300022239;155641131;B01;1;33;0;0;6;1;1;
202300022239;155641134;A01;1;33;0;1;8;17;1;
202300022239;155641137;C01;2;10;0;0;8;1;1;
202300022240;155641128;A01;1;7;1;2;1;2;1;
202300022240;155641132;B01;3;7;1;0;4;2;1;
202300022241;155641127;A01;3;7;0;2;4;1;0;
202300022241;155641129;B01;2;30;0;2;4;18;1;
202300022242;155641125;A01;0;7;0;1;2;14;0;
202300022243;155641123;A01;2;33;0;2;8;3;1;
202300022243;155641124;B01;2;7;0;2;7;12;1;
202300022243;155641126;C01;2;10;0;2;8;1;1;
202300022244;155641121;A01;2;43;0;2;1;17;1;
202300022244;155641122;B01;2;7;0;2;8;15;1;
202300022245;155641120;A01;2;7;0;1;3;16;1;
202300022246;155641117;A01;3;7;0;2;1;1;1;
202300022246;155641119;B01;3;7;0;2;1;1;1;
202300022247;155641116;A01;1;33;0;2;2;3;1;
202300022247;155641118;B01;1;7;0;2;6;1;1;
202300022248;155641114;B01;2;30;0;2;1;1;1;
202300022248;155641115;A01;2;34;0;2;4;20;1;
202300022249;155641113;A01;0;7;8;0;1;19;1;
202300022250;155641112;A01;1;7;4;0;3;13;1;
202300022251;155641110;A01;1;7;0;2;3;9;1;
202300022251;155641111;B01;2;33;0;2;8;2;1;
202300022252;155641106;B01;3;1;0;0;8;25;5;
202300022252;155641108;A01;0;7;0;2;2;26;1;
202300022253;155641104;A01;2;32;0;2;1;2;1;
202300022253;155641107;B01;2;10;0;2;4;2;1;
202300022254;155641105;A01;1;50;0;2;1;1;3;
202300022254;155641109;B01;1;37;0;2;3;15;1;1.0
202300022255;155641101;A01;2;33;0;2;8;13;1;
202300022255;155641103;B01;1;10;4;2;3;14;1;
202300022256;155641100;A01;1;7;0;1;1;1;1;
202300022257;155641099;A01;1;7;0;0;0;13;1;
202300022257;155641102;B01;3;32;0;0;0;1;1;
202300022258;155641094;B01;1;10;0;2;2;1;1;
202300022258;155641097;A01;1;7;0;2;2;15;1;
202300022259;155641092;A01;1;7;0;2;2;17;1;
202300022259;155641096;B01;1;1;0;2;4;0;5;