Num_Acc;id_vehicule;num_veh;senc;catv;obs;obsm;choc;manv;motor;occutc
202300022260;155641090;D01;2;7;0;2;1;1;1;
202300022260;155641091;A01;1;7;0;2;1;17;1;
202300022260;155641093;B01;2;7;0;2;2;1;1;
202300022260;155641095;C01;2;7;3;2;1;1;1;
202300022260;155641098;E01;1;7;8;2;3;1;1;
202300022261;155641089;A01;2;1;0;0;1;1;5;
202300022262;155641086;A01;2;10;17;0;2;1;0;
202300022263;155641087;A01;1;37;2;0;7;26;1;31.0
202300022264;155641083;A01;2;7;2;0;7;1;1;
202300022265;155641084;B01;1;1;0;2;7;1;5;
202300022265;155641085;A01;1;80;0;2;8;18;3;
202300022266;155641081;A01;1;7;4;2;3;17;1;
202300022266;155641082;B01;1;7;0;0;6;1;1;
202300022267;155641079;B01;2;37;0;2;8;1;1;7.0
202300022267;155641088;A01;2;7;0;2;1;1;1;
202300022268;155641078;Z01;1;1;0;1;1;1;5;
202300022269;155641076;A01;3;7;2;0;1;0;1;
202300022270;155641072;A01;3;7;2;0;7;1;1;
202300022271;155641071;B01;1;1;0;2;3;1;5;
202300022271;155641075;A01;2;7;0;2;2;1;1;
202300022272;155641070;C01;1;7;1;0;1;1;1;
202300022272;155641074;A01;1;7;0;2;4;23;1;
202300022272;155641077;B01;1;7;1;0;1;1;1;
202300022273;155641069;B01;2;7;0;2;2;1;2;
202300022273;155641073;A01;1;31;0;2;2;1;1;
202300022274;155641068;A01;2;7;0;0;2;1;1;
202300022275;155641065;A01;2;10;14;0;1;0;1;
202300022276;155641061;A01;2;7;0;2;3;13;1;
202300022276;155641064;B01;1;7;0;2;3;1;1;
202300022277;155641062;A01;1;33;0;2;1;1;1;
202300022277;155641067;B01;3;7;0;2;6;1;1;
202300022278;155641063;A01;1;80;0;2;2;1;3;
202300022278;155641066;Z01;1;7;0;2;2;22;0;
202300022279;155641060;A01;1;33;0;0;8;1;1;
202300022280;155641058;A01;1;1;0;0;1;21;5;
202300022281;155641059;A01;2;7;8;0;1;1;1;
202300022282;155641057;A01;1;1;0;1;1;1;5;
202300022283;155641056;A01;2;7;0;0;0;1;1;
202300022284;155641054;A01;2;7;0;2;1;15;1;
202300022284;155641055;B01;1;1;0;2;1;1;5;
202300022285;155641051;A01;2;7;0;2;0;15;1;
202300022285;155641053;B01;2;32;0;2;1;17;1;
202300022286;155641050;A01;1;7;15;0;1;1;1;
202300022287;155641049;A01;1;7;7;0;3;1;1;
202300022287;155641052;B01;2;7;6;0;1;16;1;
202300022288;155641047;A01;1;7;0;1;6;1;1;
202300022289;155641046;A01;3;7;0;2;1;1;1;
202300022289;155641048;B01;0;7;0;2;8;15;1;
202300022290;155641041;A01;1;7;0;2;3;13;1;
202300022290;155641045;B01;2;7;0;2;3;1;1;
202300022291;155641040;A01;1;7;0;0;0;1;1;
202300022292;155641042;A01;2;7;1;0;1;26;1;
202300022293;155641037;A01;2;10;0;0;1;1;1;
202300022294;155641035;B01;1;7;0;2;3;15;1;
202300022294;155641038;A01;2;33;0;2;8;1;1;
202300022295;155641036;B01;1;50;0;0;1;1;3;
202300022295;155641039;A01;1;10;0;2;2;15;1;
202300022296;155641033;A01;1;7;0;2;1;1;1;
202300022296;155641034;B01;2;7;0;2;2;9;1;
202300022297;155641031;A01;1;7;0;2;5;17;1;
202300022297;155641032;B01;1;14;0;2;3;1;1;
202300022298;155641027;B01;1;7;0;2;1;2;0;
202300022298;155641029;A01;1;7;0;0;4;23;0;
202300022299;155641026;B01;1;50;0;2;1;15;3;
202300022299;155641030;A01;1;7;0;2;2;2;1;
202300022300;155641025;B01;1;7;0;2;8;15;1;
202300022300;155641028;A01;2;30;0;2;1;1;1;
202300022301;155641023;A01;1;31;8;0;1;1;1;
202300022302;155641022;A01;1;7;9;0;7;1;1;
202300022303;155641020;A01;2;7;0;2;2;2;0;
202300022303;155641024;B01;2;80;0;0;4;1;3;
202300022304;155641018;A01;1;10;8;0;9;1;1;
202300022305;155641016;A01;1;7;0;2;1;21;1;
202300022305;155641019;B01;1;7;14;0;4;2;1;
202300022305;155641021;C01;1;7;14;0;4;2;1;
202300022306;155641015;B01;2;2;0;2;3;18;1;
202300022306;155641017;A01;2;7;0;2;5;23;1;
202300022307;155641013;A01;2;30;3;0;0;1;1;
202300022308;155641011;A01;2;7;0;2;3;1;1;
202300022308;155641014;B01;1;7;0;2;3;1;1;
202300022309;155641010;A01;0;7;0;1;0;0;0;
202300022310;155641009;A01;2;7;0;2;4;1;1;
202300022310;155641012;Z01;2;7;0;2;1;1;1;
202300022311;155641007;B01;2;7;0;2;7;9;1;
202300022311;155641008;A01;2;7;0;2;2;5;1;
202300022312;155641006;A01;2;7;0;1;3;1;1;
202300022313;155641003;A01;1;7;0;2;1;1;1;
202300022313;155641004;B01;1;7;0;2;4;1;1;
202300022314;155641001;A01;2;7;0;2;2;1;1;
202300022314;155641005;B01;2;7;0;2;3;1;1;
202300022315;155640998;A01;3;50;0;2;1;1;3;
202300022315;155640999;B01;2;7;0;2;7;1;1;
202300022316;155640995;A01;1;7;0;1;1;1;1;
202300022317;155640993;A01;2;7;2;0;1;0;2;
202300022318;155640992;A01;2;2;16;0;7;1;1;
202300022319;155640990;A01;2;7;4;0;1;14;1;
202300022320;155640988;B01;0;10;0;2;1;0;1;
202300022320;155640991;A01;0;33;0;2;1;15;1;
202300022321;155640987;B01;1;0;0;2;0;17;1;
202300022321;155640989;A01;1;2;0;0;8;2;1;
202300022322;155640986;A01;2;7;2;0;8;21;1;
202300022323;155640985;A01;2;14;0;0;7;1;1;
202300022324;155640982;A01;1;7;8;0;0;1;1;
202300022325;155640980;A01;2;7;2;0;3;1;1;
202300022326;155640981;B01;3;50;0;2;7;1;3;
202300022326;155640984;A01;3;7;0;9;1;26;1;
202300022327;155640977;A01;1;30;0;0;0;1;1;
202300022328;155640975;A01;1;7;0;2;3;9;1;
202300022328;155640978;B01;2;32;0;2;1;1;1;
202300022329;155640976;A01;2;10;16;0;0;13;1;
202300022330;155640973;A01;1;7;0;2;3;1;1;
202300022330;155640974;B01;1;7;0;2;4;15;1;
202300022331;155640969;A01;0;2;0;0;1;1;1;
202300022331;155640971;B01;0;7;0;0;3;1;1;
202300022332;155640968;A01;3;3;0;0;2;0;1;
202300022333;155640967;B01;2;33;0;2;1;1;1;
202300022333;155640970;A01;1;7;0;2;1;13;1;
202300022333;155640972;C01;2;10;0;2;3;1;1;
202300022334;155640966;A01;2;7;3;0;3;13;1;
202300022335;155640963;A01;1;2;0;1;1;1;1;
202300022336;155640965;A01;1;7;0;0;8;1;1;
202300022337;155640964;A01;3;33;6;0;1;1;1;
202300022338;155640960;A01;1;33;0;2;1;17;1;
202300022338;155640961;B01;1;7;0;2;3;2;1;
202300022338;155640962;C01;2;7;0;2;1;0;1;
202300022339;155640956;B01;3;7;0;2;3;1;1;
202300022339;155640959;A01;3;7;0;2;3;13;1;
202300022340;155640952;A01;2;7;0;2;3;1;1;
202300022340;155640955;C01;1;7;0;2;1;1;3;
202300022340;155640958;B01;1;7;0;2;3;1;1;
202300022341;155640951;C01;1;7;0;2;1;1;0;
202300022341;155640954;B01;1;7;14;0;1;1;0;
202300022341;155640957;A01;1;2;0;0;0;1;0;
202300022342;155640949;A01;3;7;0;2;7;1;1;
202300022342;155640953;B01;0;31;0;2;1;1;1;
202300022343;155640948;A01;2;7;0;0;2;15;1;
202300022343;155640950;B01;2;34;0;2;1;1;1;
202300022344;155640946;A01;2;7;3;0;3;1;1;
202300022345;155640944;A01;3;7;0;1;3;1;2;
202300022346;155640945;A01;1;7;0;2;1;9;1;
202300022346;155640947;B01;1;7;0;2;7;1;1;
202300022347;155640941;B01;1;10;0;0;2;17;0;
202300022347;155640943;A01;1;7;0;0;3;15;2;
202300022348;155640940;A01;1;7;6;2;3;13;1;
202300022348;155640942;B01;2;7;0;2;3;1;1;
202300022349;155640938;A01;2;7;2;0;1;1;1;
202300022350;155640937;A01;2;33;0;2;1;3;1;
202300022350;155640939;B01;2;33;0;2;4;3;1;
202300022351;155640936;A01;1;38;0;1;1;1;1;1.0
202300022352;155640935;A01;1;7;3;0;1;1;1;
202300022353;155640933;A01;1;10;0;1;2;1;1;
202300022354;155640932;A01;1;43;0;2;7;13;1;
202300022354;155640934;B01;2;7;0;2;7;13;-1;
202300022355;155640930;A01;1;7;13;0;0;5;1;
202300022356;155640928;A01;3;7;0;2;3;9;1;
202300022356;155640931;B01;3;1;0;2;1;1;5;
202300022357;155640925;A01;2;33;0;2;7;3;1;
202300022357;155640927;B01;2;7;0;2;8;11;1;
202300022358;155640926;A01;3;7;0;0;8;15;0;
202300022358;155640929;B01;1;30;0;2;1;1;1;
202300022359;155640924;A01;1;33;0;0;8;1;1;
202300022360;155640923;A01;3;7;0;1;1;16;1;
202300022361;155640921;A01;3;7;1;0;1;5;1;
202300022362;155640918;A01;1;7;0;2;1;2;1;
202300022362;155640920;B01;1;7;0;2;4;2;1;
202300022362;155640922;C01;1;7;0;2;4;2;2;
202300022363;155640917;A01;1;7;17;0;1;21;1;
202300022364;155640916;A01;1;7;16;0;5;10;1;
202300022364;155640919;B01;1;33;0;2;1;1;1;
202300022365;155640915;A01;2;7;14;0;1;1;1;
202300022366;155640913;A01;1;10;2;0;8;13;1;
202300022367;155640912;Z01;1;10;0;2;5;12;1;
202300022367;155640914;A01;1;33;0;2;3;3;1;
202300022368;155640909;B01;2;7;4;2;3;5;1;
202300022368;155640911;A01;1;7;4;2;3;1;1;
202300022369;155640908;B01;1;7;0;2;3;1;0;
202300022369;155640910;A01;2;2;0;2;0;5;1;
202300022370;155640905;A01;1;2;0;2;2;2;1;
202300022370;155640907;B01;1;7;0;2;5;2;1;
202300022371;155640904;A01;2;7;13;0;9;1;1;
202300022372;155640903;A01;2;7;0;2;1;1;1;
202300022372;155640906;B01;1;10;0;2;3;21;1;
202300022373;155640901;A01;1;31;12;0;1;1;1;
202300022374;155640896;A01;2;7;0;2;3;13;1;
202300022374;155640899;B01;1;7;0;2;8;1;1;
202300022375;155640895;B01;2;7;0;2;9;15;1;
202300022375;155640898;C01;1;7;0;2;3;1;1;
202300022375;155640902;A01;2;7;0;2;1;2;1;
202300022376;155640897;A01;3;7;0;2;3;26;1;
202300022376;155640900;B01;0;30;0;2;2;1;1;
202300022377;155640890;A01;1;7;0;0;9;1;1;
202300022378;155640889;A01;2;7;0;0;1;1;1;
202300022378;155640891;B01;2;7;8;2;3;1;1;
202300022379;155640888;A01;1;7;3;0;8;1;1;
202300022380;155640886;A01;1;33;14;0;1;6;1;
202300022381;155640884;A01;2;7;6;0;3;0;1;
202300022382;155640883;A01;1;7;0;2;5;15;1;
202300022382;155640887;B01;2;7;0;2;2;1;1;
202300022383;155640882;B01;2;30;0;2;1;1;1;
202300022383;155640885;A01;1;7;0;2;1;15;1;
202300022384;155640879;B01;2;7;0;2;1;1;1;
202300022384;155640881;A01;2;7;8;0;2;1;1;
202300022385;155640876;C01;2;7;0;2;4;2;1;
202300022385;155640878;B01;2;7;0;2;4;2;1;
202300022385;155640880;A01;2;7;0;2;1;2;1;
202300022386;155640874;A01;2;1;0;2;2;14;5;
202300022386;155640877;B01;1;7;0;2;1;1;1;
202300022387;155640871;B01;2;33;0;2;3;1;1;
202300022387;155640873;A01;1;7;0;2;8;1;1;
202300022388;155640872;A01;2;7;0;2;8;15;1;
202300022388;155640875;B01;2;33;0;2;1;17;1;
202300022389;155640867;A01;3;1;0;0;0;0;5;
202300022390;155640866;A01;2;7;0;2;2;15;0;
202300022390;155640870;B01;1;2;0;2;3;1;0;
202300022391;155640864;C01;1;7;0;2;1;1;1;
202300022391;155640868;A01;1;13;0;2;1;1;1;
202300022391;155640869;B01;1;7;0;2;4;2;1;
202300022392;155640863;B01;1;7;4;2;4;1;1;
202300022392;155640865;A01;1;7;0;2;1;1;1;
202300022393;155640860;A01;2;7;0;2;6;15;1;
202300022393;155640862;B01;1;33;0;2;1;1;1;
202300022394;155640859;A01;1;50;0;2;8;19;3;
202300022394;155640861;B01;2;33;0;2;1;1;0;
202300022395;155640858;A01;2;7;8;0;1;-1;1;
202300022396;155640856;B01;1;15;0;0;4;2;1;
202300022396;155640857;A01;1;7;0;2;1;2;1;
202300022397;155640854;A01;0;7;0;1;7;19;1;
202300022398;155640853;A01;1;7;0;2;7;13;1;
202300022398;155640855;B01;2;7;0;2;1;1;1;
202300022399;155640850;A01;2;30;0;2;1;1;1;
202300022399;155640852;B01;1;7;0;2;1;16;0;
202300022400;155640848;A01;3;34;0;0;2;0;1;
202300022400;155640851;B01;3;7;0;0;3;9;0;
202300022401;155640847;A01;2;7;12;0;3;13;1;
202300022402;155640846;A01;3;7;0;1;3;1;1;
202300022402;155640849;B01;3;7;0;2;8;23;1;
202300022403;155640845;A01;2;33;16;9;1;21;1;
202300022404;155640842;A01;1;7;9;0;1;0;0;
202300022405;155640840;A01;1;33;0;2;8;1;1;
202300022405;155640843;B01;3;7;0;2;7;16;1;
202300022406;155640838;B01;3;33;1;2;1;2;1;
202300022406;155640841;A01;3;7;0;2;1;2;1;
202300022407;155640837;A01;1;7;2;0;1;1;1;
202300022408;155640831;B01;1;7;0;0;1;1;1;
202300022408;155640834;A01;2;7;0;0;1;13;1;
202300022409;155640830;A01;2;7;12;1;1;15;1;
202300022410;155640832;A01;2;30;0;2;1;17;1;
202300022410;155640835;B01;1;7;0;2;8;0;1;
202300022411;155640829;A01;1;33;3;2;0;3;1;
202300022411;155640833;B01;1;15;0;2;0;9;1;
202300022411;155640836;C01;1;7;0;2;5;1;1;
202300022412;155640828;A01;1;30;0;0;8;1;1;
202300022413;155640825;A01;2;7;0;0;4;23;1;
202300022413;155640827;B01;2;7;1;0;1;1;1;
202300022414;155640824;A01;0;7;0;0;4;2;0;
202300022414;155640826;B01;0;7;0;0;1;2;0;
202300022415;155640823;B01;1;1;0;2;5;1;5;
202300022416;155640821;A01;1;60;0;2;1;5;5;
202300022416;155640822;B01;0;7;0;9;5;1;1;
202300022417;155640818;A01;0;7;0;1;3;0;1;
202300022418;155640817;B01;2;7;0;0;3;23;1;
202300022418;155640820;A01;2;15;1;1;2;1;1;
202300022419;155640815;A01;1;7;0;2;0;0;1;
202300022419;155640816;C01;1;7;0;2;0;0;1;
202300022419;155640819;B01;1;33;0;2;0;0;1;
202300022420;155640812;A01;1;7;1;0;2;1;1;
202300022421;155640806;A01;2;7;1;0;2;1;2;
202300022422;155640807;A01;1;7;0;2;3;1;1;
202300022422;155640810;B01;2;7;0;2;1;1;2;
202300022422;155640814;C01;2;7;0;2;3;1;1;
202300022423;155640805;A01;1;7;4;0;0;0;3;
202300022423;155640809;B01;1;7;0;2;1;1;1;
202300022423;155640811;C01;1;7;0;2;1;1;1;
202300022423;155640813;D01;1;7;0;2;2;1;1;
202300022424;155640804;A01;1;32;0;2;1;26;1;
202300022424;155640808;B01;1;7;0;9;4;0;1;
202300022425;155640802;A01;1;7;0;1;1;1;1;
202300022426;155640799;B01;3;33;15;2;8;1;1;
202300022426;155640803;A01;0;7;0;2;3;15;1;
202300022427;155640798;A01;1;50;0;2;1;1;3;
202300022427;155640801;B01;1;7;0;0;3;16;0;
202300022428;155640796;A01;2;7;0;2;1;2;1;
202300022428;155640800;B01;3;1;0;2;7;19;5;
202300022429;155640794;A01;1;33;0;2;1;1;1;
202300022429;155640797;B01;0;7;0;2;7;15;1;
202300022430;155640795;A01;3;7;8;0;8;1;6;
202300022431;155640791;A01;1;7;0;9;3;1;1;
202300022431;155640793;B01;2;2;0;2;1;13;1;
202300022432;155640789;A01;2;7;8;0;9;1;1;
202300022433;155640788;B01;3;2;0;2;3;18;1;
202300022433;155640792;A01;3;7;0;2;2;2;1;
202300022434;155640787;A01;1;7;9;2;3;15;1;
202300022434;155640790;B01;1;7;0;2;2;1;1;
202300022435;155640786;A01;1;7;0;1;2;1;1;
202300022436;155640785;A01;1;7;0;1;7;1;1;
202300022437;155640783;A01;1;7;0;1;1;1;2;
202300022438;155640782;B01;3;7;0;2;1;1;1;
202300022438;155640784;A01;3;30;0;2;7;1;1;
202300022439;155640781;A01;3;33;0;0;3;1;1;
202300022440;155640778;B01;2;33;9;2;1;17;1;
202300022440;155640780;A01;2;7;0;2;8;15;1;
202300022441;155640779;A01;3;7;0;1;3;16;1;
202300022442;155640775;B01;2;7;0;2;5;2;1;
202300022442;155640777;A01;2;32;0;2;1;21;1;
202300022443;155640772;B01;2;7;0;2;3;1;1;
202300022443;155640776;A01;2;32;0;2;1;1;1;
202300022444;155640771;B01;2;7;0;2;1;1;1;
202300022444;155640774;A01;1;33;0;2;1;13;1;
202300022445;155640769;A01;0;7;0;2;3;5;1;
202300022445;155640770;B01;0;7;0;2;3;1;3;
202300022445;155640773;C01;0;33;0;2;1;1;1;
202300022446;155640768;A01;2;32;0;1;1;17;1;
202300022447;155640765;B01;3;2;0;2;5;10;1;
202300022447;155640767;A01;3;2;10;2;1;5;1;
202300022448;155640764;A01;1;7;0;2;7;17;1;
202300022448;155640766;B01;1;1;0;2;8;2;5;
202300022449;155640762;A01;2;7;0;1;2;1;1;
202300022450;155640759;A01;1;33;0;0;7;0;1;
202300022451;155640758;B01;2;7;0;2;3;1;1;
202300022451;155640761;A01;1;7;0;2;3;13;1;
202300022451;155640763;C01;1;7;1;2;8;1;1;
202300022452;155640760;A01;1;7;0;1;1;1;1;
202300022453;155640754;A01;2;7;11;0;2;1;1;
202300022454;155640756;A01;1;7;0;1;2;15;1;
202300022455;155640752;B01;1;7;0;2;1;1;1;
202300022455;155640755;A01;2;7;0;2;7;15;1;
202300022456;155640751;C01;1;7;0;9;1;23;1;
202300022456;155640753;A01;2;7;0;2;2;19;1;
202300022456;155640757;B01;2;33;0;9;1;1;1;
202300022457;155640748;B01;1;1;0;2;8;18;5;
202300022457;155640750;A01;1;7;0;2;2;16;0;
202300022458;155640746;A01;3;7;16;0;2;21;1;
202300022459;155640747;A01;2;7;16;2;6;13;2;
202300022459;155640749;B01;1;7;16;2;3;17;1;
202300022460;155640744;B01;1;1;0;2;0;2;5;
202300022460;155640745;A01;1;7;0;2;2;1;1;
202300022461;155640741;A01;2;32;0;2;1;3;1;
202300022461;155640743;B01;2;7;0;2;7;12;1;
202300022462;155640738;A01;2;7;6;0;2;1;1;
202300022463;155640736;B01;2;2;0;0;7;1;1;
202300022463;155640739;A01;1;7;0;2;1;15;1;
202300022464;155640735;D01;1;10;0;2;1;1;0;
202300022464;155640737;A01;1;10;0;2;3;9;1;
202300022464;155640740;B01;1;7;0;2;1;1;1;
202300022464;155640742;C01;1;7;0;2;1;1;1;
202300022465;155640732;B01;2;43;0;2;1;17;1;
202300022465;155640734;A01;2;37;0;0;3;15;1;1.0
202300022466;155640731;A01;1;7;0;2;3;11;0;
202300022466;155640733;B01;1;33;0;2;1;1;1;
202300022467;155640727;A01;0;30;0;0;0;15;1;
202300022468;155640728;B01;2;1;0;2;8;1;5;
202300022468;155640729;A01;2;7;0;9;7;2;1;
202300022469;155640724;A01;0;7;0;9;3;26;1;
202300022469;155640725;B01;0;2;0;0;1;0;1;
202300022470;155640722;A01;1;7;8;2;8;19;2;
202300022470;155640726;B01;1;7;0;2;1;1;1;
202300022471;155640721;A01;1;30;0;2;7;16;1;
202300022471;155640723;B01;1;1;0;2;1;1;5;
202300022472;155640717;A01;3;7;6;0;3;0;1;
202300022473;155640718;A01;2;1;0;1;1;1;5;
202300022474;155640719;A01;1;7;0;2;3;16;1;
202300022474;155640720;B01;1;15;0;2;8;1;1;
202300022475;155640715;A01;2;7;10;0;2;14;1;
202300022476;155640714;A01;1;7;1;2;2;1;0;
202300022476;155640716;B01;1;7;0;2;2;1;3;
202300022477;155640712;A01;2;7;3;0;8;0;1;
202300022478;155640711;A01;1;7;0;2;2;1;1;
202300022478;155640713;B01;1;10;0;2;6;10;1;
202300022479;155640709;A01;1;7;0;1;1;1;1;
202300022480;155640708;A01;1;7;0;1;1;15;1;
202300022481;155640707;A01;3;7;0;2;3;15;1;
202300022481;155640710;B01;3;43;0;2;7;17;1;
202300022482;155640704;A01;1;7;0;2;1;17;1;
202300022482;155640706;B01;2;7;0;2;1;1;1;
202300022483;155640703;A01;1;7;0;2;8;15;1;
202300022483;155640705;B01;2;7;0;2;2;1;0;
202300022484;155640700;A01;1;7;2;0;9;0;1;
202300022485;155640701;A01;1;7;0;2;3;15;1;
202300022485;155640702;B01;2;32;0;2;3;1;3;
202300022486;155640697;B01;0;50;0;2;7;1;3;
202300022486;155640699;A01;0;7;0;9;3;1;1;
202300022487;155640695;A01;2;7;0;2;3;15;3;
202300022487;155640698;B01;1;1;0;2;8;1;5;
202300022488;155640693;B01;1;1;0;2;8;1;5;
202300022488;155640696;A01;1;7;0;2;1;15;6;
202300022489;155640692;A01;1;7;0;2;7;1;1;
202300022489;155640694;B01;2;33;0;2;1;13;1;
202300022490;155640690;A01;2;10;6;1;1;20;1;
202300022491;155640689;B01;1;7;0;2;3;15;1;
202300022491;155640691;A01;1;33;9;0;2;2;1;
202300022492;155640688;A01;1;80;0;1;1;1;3;
202300022493;155640687;A01;2;33;0;0;9;1;1;
202300022494;155640685;A01;0;10;0;1;1;1;1;
202300022495;155640683;A01;1;7;2;0;9;14;0;
202300022496;155640682;A01;2;7;0;0;7;16;1;
202300022496;155640686;B01;2;1;0;2;1;1;5;
202300022497;155640681;A01;1;30;0;2;3;1;3;
202300022497;155640684;B01;1;7;0;2;1;15;2;
202300022498;155640676;A01;1;7;0;2;1;1;1;
202300022498;155640679;B01;1;7;0;2;4;1;1;
202300022498;155640680;C01;1;10;0;2;4;1;1;
202300022499;155640675;A01;3;1;0;1;1;1;5;
202300022500;155640674;A01;2;7;0;2;6;11;1;
202300022500;155640677;Z01;2;7;0;2;2;2;1;
202300022501;155640672;B01;1;7;0;0;7;1;1;
202300022501;155640678;A01;2;10;0;2;1;1;1;
202300022502;155640669;A01;0;7;0;2;4;0;1;
202300022502;155640673;B01;0;30;0;2;1;0;1;
202300022503;155640671;Z01;1;7;0;1;0;15;0;
202300022504;155640668;A01;2;7;0;2;1;1;1;
202300022504;155640670;B01;2;7;0;2;4;1;1;
202300022505;155640664;A01;1;30;0;1;1;1;1;
202300022506;155640663;A01;1;7;0;2;3;1;1;
202300022506;155640665;B01;2;33;0;2;3;1;1;
202300022506;155640667;C01;2;33;0;2;3;1;1;
202300022507;155640662;A01;1;7;0;2;1;1;1;
202300022507;155640666;B01;2;2;0;2;1;16;1;
202300022508;155640661;A01;2;7;13;0;1;26;1;
202300022509;155640656;B01;1;7;0;2;1;1;1;
202300022509;155640660;A01;1;7;0;2;7;1;2;
202300022510;155640654;A01;2;7;0;2;1;2;1;
202300022510;155640657;B01;2;7;0;2;4;1;1;
202300022511;155640655;B01;2;7;0;2;8;1;1;
202300022511;155640658;A01;2;33;0;2;9;1;1;
202300022512;155640651;A01;1;7;2;0;1;12;1;
202300022513;155640648;A01;2;33;0;2;0;13;1;
202300022513;155640650;B01;2;7;0;2;0;1;1;
202300022514;155640647;B01;0;50;10;2;8;19;3;
202300022514;155640652;A01;1;7;10;2;1;9;1;
202300022515;155640646;A01;2;31;0;2;1;13;1;
202300022515;155640649;B01;1;7;0;2;3;1;1;
202300022516;155640645;A01;1;7;8;0;1;1;1;
202300022517;155640642;A01;1;33;0;0;0;1;1;
202300022518;155640640;A01;1;37;0;1;1;2;6;1.0
202300022519;155640639;A01;2;7;0;2;8;11;1;
202300022519;155640644;B01;2;17;0;2;2;2;1;
202300022520;155640637;A01;2;7;0;2;1;1;1;
202300022520;155640638;D01;2;7;0;2;1;1;1;
202300022520;155640641;C01;2;10;0;2;4;1;1;
202300022520;155640643;B01;2;7;0;2;4;1;1;
202300022521;155640636;A01;1;7;15;0;1;1;1;
202300022522;155640634;A01;1;31;0;1;3;2;1;
202300022523;155640633;A01;2;31;0;0;2;15;1;
202300022524;155640632;A01;2;7;0;2;3;21;1;
202300022524;155640635;B01;2;7;0;2;2;17;1;
202300022525;155640631;A01;3;37;4;0;2;2;1;2.0
202300022526;155640630;A01;3;30;12;0;2;16;1;
202300022527;155640626;A01;1;7;7;2;1;1;1;
202300022527;155640629;B01;3;7;0;2;2;15;1;
202300022528;155640625;A01;3;7;12;1;6;20;1;
202300022529;155640621;B01;1;80;1;0;1;1;3;
202300022529;155640623;A01;1;7;0;2;8;22;1;
202300022530;155640619;A01;1;7;6;0;8;1;1;
202300022531;155640618;E01;1;7;0;2;4;2;0;
202300022531;155640622;A01;1;14;3;2;9;1;1;
202300022531;155640624;B01;1;7;0;2;4;2;1;
202300022531;155640627;C01;1;7;0;2;4;2;1;
202300022531;155640628;D01;1;7;0;2;4;2;1;
202300022532;155640617;A01;2;7;0;2;6;15;0;
202300022532;155640620;B01;2;33;0;2;2;3;1;
202300022533;155640616;A01;2;7;13;0;1;9;1;
202300022534;155640615;A01;2;33;0;0;3;1;1;
202300022535;155640611;A01;1;10;1;0;1;0;1;
202300022535;155640614;B01;1;7;0;2;4;23;1;
202300022536;155640609;C01;2;10;0;2;1;1;1;
202300022536;155640612;A01;2;7;0;2;4;1;2;
202300022536;155640613;B01;2;7;0;2;4;1;1;
202300022537;155640607;B01;2;1;0;2;8;1;5;
202300022537;155640610;A01;1;7;0;2;1;15;2;
202300022538;155640606;A01;1;7;0;2;3;2;1;
202300022538;155640608;B01;2;1;0;2;2;2;5;
202300022539;155640605;A01;2;34;0;0;7;16;1;
202300022540;155640604;A01;1;10;0;1;5;4;0;
202300022541;155640601;B01;1;33;0;2;1;26;1;
202300022541;155640603;Z01;0;10;0;2;0;15;1;
202300022542;155640599;A01;1;7;0;2;2;15;1;
202300022542;155640602;B01;2;33;0;2;8;1;1;
202300022543;155640597;A01;1;33;0;2;1;2;1;
202300022543;155640600;B01;1;10;0;2;4;2;1;
202300022544;155640596;A01;1;7;0;2;1;11;1;
202300022544;155640598;B01;1;7;0;0;4;1;1;
202300022545;155640595;Z01;2;7;0;1;3;13;1;
202300022546;155640594;A01;0;10;8;0;1;1;1;
202300022547;155640591;A01;1;7;0;2;7;12;1;
202300022547;155640592;B01;1;32;0;2;8;3;1;
202300022548;155640590;A01;2;7;0;2;3;1;1;
202300022548;155640593;B01;3;33;0;2;1;1;1;
202300022549;155640589;A01;3;3;0;1;1;2;3;
202300022550;155640588;A01;2;33;16;0;0;1;1;
202300022551;155640587;A01;1;7;4;0;3;1;3;
202300022552;155640586;A01;1;37;0;1;2;1;0;1.0
202300022553;155640585;A01;1;7;6;0;0;1;1;
202300022554;155640582;B01;3;7;0;2;1;1;1;
202300022554;155640584;A01;3;7;0;2;6;9;1;
202300022555;155640580;A01;1;30;0;1;1;18;1;
202300022556;155640581;A01;1;10;0;2;3;2;1;
202300022556;155640583;B01;1;7;0;2;5;1;1;
202300022557;155640579;A01;2;7;0;0;0;0;1;
202300022558;155640573;B01;2;2;0;2;0;1;0;
202300022558;155640578;A01;2;7;0;2;1;1;0;
202300022559;155640574;A01;1;7;0;2;1;15;1;
202300022559;155640577;B01;2;33;0;2;1;1;1;
202300022560;155640572;B01;2;33;0;2;1;1;1;
202300022560;155640576;Z01;2;7;0;2;5;12;0;
202300022561;155640571;A01;1;10;0;2;1;19;1;
202300022561;155640575;B01;1;33;0;2;8;1;1;
202300022562;155640570;A01;2;7;3;0;1;26;1;
202300022563;155640569;A01;1;7;0;1;3;1;2;
202300022564;155640567;B01;3;7;0;2;7;9;1;
202300022564;155640568;A01;3;43;8;2;1;1;1;
202300022565;155640566;A01;2;7;0;1;1;1;1;
202300022566;155640563;A01;2;33;0;2;4;23;1;
202300022566;155640565;B01;2;15;0;2;0;0;0;
202300022567;155640560;A01;1;31;0;2;7;1;1;