Num_Acc;id_vehicule;num_veh;senc;catv;obs;obsm;choc;manv;motor;occutc
202300022567;155640562;B01;3;10;0;2;1;19;1;
202300022568;155640557;A01;2;7;0;2;3;15;1;
202300022568;155640561;B01;2;2;0;2;2;1;1;
202300022569;155640558;B01;1;7;0;0;2;1;1;
202300022569;155640564;A01;0;7;0;2;1;1;1;
202300022570;155640556;A01;1;30;0;2;0;1;1;
202300022570;155640559;B01;1;7;0;0;0;10;1;
202300022571;155640553;A01;2;7;0;1;2;1;1;
202300022572;155640550;A01;1;7;14;0;1;1;1;
202300022573;155640552;Z01;1;7;0;2;1;1;1;
202300022573;155640554;A01;1;7;0;2;8;10;1;
202300022574;155640551;A01;3;43;9;2;8;1;1;
202300022574;155640555;B01;3;7;0;2;2;19;1;
202300022575;155640549;A01;2;7;17;0;3;17;1;
202300022576;155640547;A01;2;7;0;1;1;2;1;
202300022577;155640546;A01;1;7;12;0;7;1;1;
202300022578;155640545;B01;2;1;0;2;0;0;0;
202300022578;155640548;A01;2;7;1;2;4;0;1;
202300022579;155640544;A01;3;43;0;0;0;0;1;
202300022580;155640541;A01;1;2;0;2;1;17;1;
202300022580;155640543;B01;1;7;0;2;8;15;1;
202300022581;155640540;A01;1;7;0;2;1;15;1;
202300022581;155640542;B01;2;2;0;2;1;1;1;
202300022582;155640538;A01;1;7;0;1;2;1;1;
202300022583;155640536;A01;2;7;16;0;3;0;6;
202300022584;155640534;A01;1;7;0;2;3;15;1;
202300022584;155640537;B01;1;33;0;2;2;17;1;
202300022585;155640535;B01;1;7;0;2;3;1;1;
202300022585;155640539;A01;1;7;1;2;1;1;1;
202300022586;155640531;A01;2;7;0;2;4;1;1;
202300022586;155640533;B01;2;37;0;2;1;1;2;1.0
202300022587;155640528;B01;3;15;0;2;6;23;1;
202300022587;155640530;A01;3;32;1;0;1;1;1;
202300022588;155640525;A01;1;99;0;1;1;5;3;
202300022589;155640524;B01;1;7;0;2;9;2;0;
202300022589;155640526;C01;1;7;0;2;4;2;0;
202300022589;155640529;A01;1;7;0;2;1;2;6;
202300022590;155640521;A01;2;7;0;2;3;1;0;
202300022590;155640523;B01;1;33;0;0;4;1;0;
202300022590;155640527;C01;1;33;12;2;1;1;0;
202300022591;155640519;B01;1;7;0;2;3;15;1;
202300022591;155640522;A01;2;7;2;2;1;1;1;
202300022592;155640517;A01;2;7;0;2;1;5;1;
202300022592;155640520;B01;1;7;0;2;3;1;1;
202300022593;155640518;A01;2;7;14;0;0;0;1;
202300022594;155640516;A01;2;10;1;0;2;1;1;
202300022595;155640515;A01;2;7;0;1;2;16;2;
202300022596;155640514;A01;1;7;3;0;2;1;1;
202300022597;155640511;A01;2;7;0;0;0;1;1;
202300022598;155640508;A01;1;10;2;0;1;1;1;
202300022599;155640509;B01;2;14;0;2;3;1;1;
202300022599;155640512;A01;1;7;4;2;1;13;1;
202300022599;155640513;C01;1;10;0;2;1;1;1;
202300022600;155640507;A01;3;30;0;2;1;9;1;
202300022600;155640510;B01;1;7;0;2;7;1;1;
202300022601;155640506;A01;1;7;0;1;2;1;1;
202300022602;155640503;B01;3;2;0;2;8;1;3;
202300022602;155640504;A01;3;80;0;2;1;1;3;
202300022603;155640502;A01;2;10;0;2;2;12;1;
202300022603;155640505;B01;2;33;0;2;1;1;1;
202300022604;155640498;A01;1;33;0;6;1;1;1;
202300022605;155640499;B01;2;21;0;2;3;15;1;
202300022605;155640500;A01;2;2;0;2;1;17;1;
202300022606;155640497;B01;2;32;0;2;7;17;1;
202300022606;155640501;A01;2;7;0;2;8;15;1;
202300022607;155640495;A01;2;7;13;0;3;1;1;
202300022608;155640493;A01;1;1;0;0;0;1;5;
202300022609;155640491;T01;2;7;0;2;0;0;1;
202300022609;155640494;B01;2;2;0;2;8;1;1;
202300022609;155640496;A01;2;7;0;2;1;15;1;
202300022610;155640489;A01;1;7;13;0;1;1;1;
202300022611;155640488;A01;1;30;0;2;1;18;1;
202300022611;155640490;B01;1;7;0;2;8;22;1;
202300022611;155640492;C01;1;10;0;2;7;23;1;
202300022612;155640486;A01;1;33;0;2;7;1;1;
202300022612;155640487;B01;2;33;0;2;1;1;1;
202300022613;155640484;B01;1;30;0;2;2;15;0;
202300022613;155640485;A01;2;10;0;2;3;9;1;
202300022614;155640482;A01;3;7;0;1;7;26;1;
202300022615;155640483;A01;3;7;0;1;3;1;1;
202300022616;155640479;A01;2;13;0;2;2;1;1;
202300022616;155640481;B01;1;7;0;2;1;26;1;
202300022617;155640478;A01;2;7;0;2;2;15;1;
202300022617;155640480;B01;1;1;0;2;1;1;5;
202300022618;155640476;A01;1;7;0;1;3;1;0;
202300022619;155640475;A01;1;7;6;0;9;17;1;
202300022620;155640474;B01;0;2;0;0;1;0;1;
202300022620;155640477;A01;1;99;0;2;8;0;1;
202300022621;155640472;A01;2;7;2;0;3;18;1;
202300022622;155640471;A01;1;33;0;2;1;13;1;
202300022622;155640473;B01;2;7;0;2;3;1;1;
202300022623;155640470;A01;2;30;0;1;8;1;1;
202300022624;155640469;A01;1;7;15;0;2;1;1;
202300022625;155640464;A01;3;7;1;0;1;1;6;
202300022626;155640465;A01;0;7;0;2;3;11;1;
202300022626;155640467;B01;1;33;0;0;0;1;1;
202300022627;155640463;Z01;3;1;0;1;1;1;5;
202300022628;155640466;A01;3;7;0;2;2;9;1;
202300022628;155640468;B01;3;33;0;2;1;1;1;
202300022629;155640461;A01;2;7;0;2;1;5;1;
202300022629;155640462;B01;1;7;0;2;1;1;1;
202300022630;155640459;A01;0;7;0;1;2;11;1;
202300022631;155640457;B01;2;32;0;2;4;23;1;
202300022631;155640458;A01;2;2;0;2;1;1;3;
202300022632;155640454;B01;1;7;0;0;1;1;1;
202300022632;155640455;A01;1;7;0;1;2;0;1;
202300022633;155640450;B01;1;50;0;2;1;18;3;
202300022633;155640452;A01;1;7;0;2;2;16;1;
202300022634;155640448;A01;2;7;13;0;1;1;1;
202300022635;155640447;A01;2;7;0;2;1;13;1;
202300022635;155640449;B01;1;7;0;0;1;15;1;
202300022636;155640443;B01;1;34;0;2;1;1;1;
202300022636;155640446;A01;2;10;0;2;3;9;1;
202300022637;155640442;A01;3;7;13;0;0;0;1;
202300022638;155640440;A01;2;7;0;2;1;2;1;
202300022638;155640445;B01;2;17;0;2;5;1;1;
202300022639;155640441;A01;1;7;0;2;1;9;2;
202300022639;155640444;B01;1;30;0;2;1;17;1;
202300022640;155640439;A01;2;30;0;1;1;17;3;
202300022641;155640438;A01;2;7;0;1;1;2;1;
202300022642;155640436;A01;2;2;0;2;2;15;1;
202300022642;155640437;B01;1;32;0;0;1;9;1;
202300022643;155640435;A01;1;7;0;1;3;21;1;
202300022644;155640432;A01;2;7;0;2;2;15;1;
202300022644;155640434;B01;2;30;0;2;1;1;1;
202300022645;155640429;A01;1;33;0;2;1;1;1;
202300022645;155640433;B01;2;7;0;2;7;15;1;
202300022646;155640428;A01;1;7;0;2;8;10;1;
202300022646;155640431;B01;1;2;0;2;1;1;1;
202300022647;155640427;A01;1;7;0;2;1;13;1;
202300022647;155640430;B01;2;7;0;2;1;1;1;
202300022648;155640424;B01;2;30;0;2;2;2;1;
202300022648;155640426;A01;2;7;0;2;3;10;2;
202300022649;155640422;A01;1;30;0;2;5;2;1;
202300022649;155640423;B01;1;7;0;2;1;0;0;
202300022650;155640421;A01;1;7;6;0;1;1;1;
202300022651;155640420;A01;2;7;0;0;9;1;1;
202300022652;155640419;A01;2;1;0;1;1;1;5;
202300022653;155640417;A01;1;7;0;1;3;1;1;
202300022654;155640418;A01;3;30;0;0;0;0;1;
202300022655;155640415;A01;1;7;0;1;1;1;1;
202300022656;155640412;A01;1;7;3;0;1;0;1;
202300022657;155640410;C01;1;7;0;1;3;1;1;
202300022657;155640414;A01;2;1;1;0;1;1;5;
202300022657;155640416;B01;1;7;0;2;2;23;1;
202300022658;155640409;A01;3;7;0;2;1;26;2;
202300022658;155640413;B01;3;2;0;2;1;21;1;
202300022659;155640408;B01;1;2;0;2;1;0;1;
202300022659;155640411;A01;1;7;0;2;5;15;1;
202300022660;155640403;A01;2;7;0;1;1;1;1;
202300022661;155640402;A01;1;7;0;0;6;15;1;
202300022661;155640406;B01;1;7;0;0;2;17;1;
202300022662;155640398;A01;0;7;0;0;0;0;1;
202300022663;155640399;B01;1;7;0;2;2;26;1;
202300022663;155640405;A01;2;7;8;2;1;9;1;
202300022664;155640396;A01;2;7;0;2;1;21;1;
202300022664;155640400;B01;2;7;0;2;0;21;1;
202300022664;155640401;C01;2;10;0;2;1;2;1;
202300022664;155640404;D01;2;7;0;2;4;2;2;
202300022664;155640407;E01;2;7;0;2;4;2;1;
202300022665;155640393;A01;1;7;0;2;6;11;1;
202300022665;155640394;B01;1;33;0;2;2;3;1;
202300022666;155640392;A01;1;7;0;2;3;2;1;
202300022666;155640395;B01;2;7;0;2;1;2;1;
202300022666;155640397;C01;1;33;0;2;1;2;1;
202300022667;155640391;A01;0;7;0;1;3;1;1;
202300022668;155640387;A01;2;7;0;1;1;1;1;
202300022669;155640388;A01;2;7;17;0;1;1;1;
202300022670;155640385;A01;2;7;0;1;1;1;1;
202300022671;155640384;B01;2;7;0;2;4;1;1;
202300022671;155640386;C01;2;7;0;2;4;1;1;
202300022671;155640389;D01;2;7;0;2;1;9;1;
202300022671;155640390;A01;2;7;0;2;4;1;1;
202300022672;155640383;A01;1;7;0;1;2;1;1;
202300022673;155640382;A01;1;7;6;0;1;1;1;
202300022674;155640379;A01;3;7;0;1;7;16;1;
202300022675;155640376;A01;2;37;0;2;3;26;0;2.0
202300022675;155640380;B01;1;7;0;2;5;17;1;
202300022676;155640375;A01;1;7;0;2;7;15;1;
202300022676;155640377;B01;2;2;0;2;1;1;1;
202300022677;155640370;A01;1;7;0;2;2;15;1;
202300022677;155640373;B01;2;7;0;2;1;1;1;
202300022678;155640369;A01;2;7;0;2;3;15;0;
202300022678;155640372;B01;1;33;0;2;6;1;1;
202300022679;155640367;A01;1;7;0;2;2;19;3;
202300022679;155640374;B01;1;33;0;2;3;1;1;
202300022680;155640368;A01;3;7;0;2;1;15;1;
202300022680;155640371;B01;3;2;0;2;1;1;1;
202300022681;155640366;A01;2;10;0;1;1;1;0;
202300022682;155640365;A01;3;7;0;0;7;21;1;
202300022683;155640362;A01;1;7;0;1;2;1;1;
202300022684;155640360;B01;1;7;0;2;1;1;1;
202300022684;155640363;A01;2;7;0;2;1;1;1;
202300022685;155640359;B01;2;7;0;2;4;1;1;
202300022685;155640361;C01;2;7;0;2;4;1;1;
202300022685;155640364;A01;2;7;0;2;1;1;1;
202300022686;155640357;A01;1;1;0;1;1;2;5;
202300022687;155640356;B01;3;10;0;2;6;1;1;
202300022687;155640358;A01;1;30;0;2;1;9;1;
202300022688;155640354;A01;0;1;0;1;1;0;5;
202300022689;155640353;A01;1;37;0;1;3;1;6;1.0
202300022690;155640352;A01;2;7;0;2;2;1;1;
202300022690;155640355;B01;3;1;0;2;8;19;5;
202300022691;155640350;A01;1;7;0;1;1;1;1;
202300022692;155640348;C01;1;7;0;2;7;1;1;
202300022692;155640349;A01;1;43;1;2;7;3;1;
202300022692;155640351;B01;1;7;0;2;3;24;3;
202300022693;155640347;A01;2;31;0;0;7;1;0;
202300022694;155640346;A01;1;7;1;1;1;14;1;
202300022695;155640345;A01;3;2;0;1;1;2;3;
202300022696;155640341;B01;1;99;0;2;4;2;1;
202300022696;155640344;A01;1;99;0;2;1;1;1;
202300022697;155640342;A01;1;7;13;0;3;19;1;
202300022698;155640343;A01;1;7;0;1;3;15;1;
202300022699;155640339;A01;2;7;0;2;3;12;1;
202300022699;155640340;B01;2;33;0;2;8;3;1;
202300022700;155640337;B01;2;7;0;2;1;17;1;
202300022700;155640338;A01;2;7;0;2;1;13;1;
202300022701;155640335;A01;1;7;0;1;1;1;1;
202300022702;155640333;A01;3;36;0;0;7;0;1;
202300022703;155640332;B01;3;7;0;2;2;1;1;
202300022703;155640336;A01;3;2;0;2;2;1;1;
202300022704;155640330;A01;1;7;0;1;1;17;1;
202300022704;155640334;B01;1;7;12;0;6;16;1;
202300022705;155640331;A01;1;7;16;0;1;14;1;
202300022706;155640328;B01;2;7;0;0;1;1;1;
202300022706;155640329;A01;2;7;0;0;3;1;1;
202300022707;155640324;A01;1;7;0;2;4;1;1;
202300022707;155640327;B01;1;7;0;2;1;1;1;
202300022708;155640325;A01;1;3;0;1;2;17;1;
202300022709;155640322;A01;1;7;0;2;8;15;1;
202300022709;155640326;B01;1;2;0;2;1;2;1;
202300022710;155640316;A01;2;7;0;2;7;9;1;
202300022710;155640319;B01;2;33;0;2;1;1;1;
202300022711;155640318;A01;2;50;0;2;1;0;3;
202300022711;155640320;B01;2;7;0;2;5;16;1;
202300022712;155640315;B01;1;7;0;2;1;1;0;
202300022712;155640317;A01;1;7;0;2;4;1;1;
202300022713;155640314;A01;2;7;0;1;1;17;1;
202300022714;155640310;A01;1;7;0;2;3;13;1;
202300022714;155640312;B01;2;7;0;2;3;1;1;
202300022715;155640308;A01;2;31;0;2;0;26;1;
202300022715;155640311;B01;2;7;0;2;1;1;1;
202300022716;155640306;A01;2;33;0;0;9;1;1;
202300022717;155640305;B01;2;43;0;2;1;1;1;
202300022717;155640307;A01;1;0;0;2;7;15;0;
202300022718;155640304;A01;2;7;4;0;2;15;1;
202300022719;155640301;B01;3;2;0;2;1;11;0;
202300022719;155640303;A01;1;7;0;0;2;1;1;
202300022720;155640300;A01;1;43;3;0;1;1;1;
202300022721;155640297;B01;1;33;0;2;4;16;0;
202300022721;155640299;A01;1;7;0;2;4;16;1;
202300022722;155640298;B01;2;10;0;2;1;1;1;
202300022722;155640302;A01;1;7;0;2;3;2;1;
202300022723;155640293;Z01;2;15;0;2;7;17;0;
202300022723;155640296;B01;1;1;0;2;3;1;5;
202300022724;155640294;A01;2;7;13;0;9;14;1;
202300022725;155640292;A01;2;7;0;2;1;1;1;
202300022725;155640295;B01;2;7;0;0;4;1;1;
202300022726;155640287;B01;1;33;0;2;1;1;1;
202300022726;155640291;A01;0;7;0;2;1;15;1;
202300022727;155640286;A01;2;7;3;0;1;2;1;
202300022728;155640285;A01;3;7;1;0;2;1;0;
202300022728;155640289;B01;2;7;0;2;6;23;1;
202300022729;155640288;A01;1;7;0;2;1;1;1;
202300022729;155640290;B01;1;7;0;2;4;23;1;
202300022730;155640282;A01;1;7;0;2;1;2;1;
202300022730;155640284;B01;1;7;0;2;4;23;1;
202300022731;155640281;B01;2;7;4;2;1;2;1;
202300022731;155640283;A01;2;7;4;2;4;1;1;
202300022732;155640279;A01;2;7;0;1;1;1;1;
202300022733;155640278;B01;1;7;0;2;4;2;1;
202300022733;155640280;A01;1;33;0;2;1;2;1;
202300022734;155640276;A01;1;7;4;0;3;11;1;
202300022735;155640277;A01;3;7;0;1;2;1;1;
202300022736;155640274;A01;2;7;4;0;2;1;1;
202300022737;155640275;A01;1;14;0;1;2;1;1;
202300022738;155640273;A01;0;7;0;1;2;2;1;
202300022739;155640271;A01;0;7;2;0;3;13;1;
202300022740;155640268;A01;0;7;0;1;4;20;1;
202300022741;155640269;A01;0;10;0;2;3;15;0;
202300022741;155640270;B01;0;7;0;2;2;1;0;
202300022742;155640267;A01;0;7;0;1;1;16;1;
202300022743;155640266;Z01;1;7;0;1;0;0;0;
202300022744;155640265;A01;3;7;6;0;1;1;1;
202300022745;155640260;A01;2;7;0;2;1;1;1;
202300022745;155640264;B01;2;7;0;2;4;1;1;
202300022746;155640261;A01;1;7;0;2;1;13;1;
202300022746;155640263;B01;2;7;0;2;1;21;1;
202300022747;155640259;B01;2;7;0;2;2;1;1;
202300022747;155640262;A01;2;10;0;2;1;1;0;
202300022748;155640256;A01;2;10;0;2;2;5;1;
202300022748;155640257;B01;1;10;0;2;2;1;1;
202300022749;155640254;A01;1;7;0;2;2;1;1;
202300022749;155640258;B01;1;7;0;2;3;16;1;
202300022750;155640253;B01;1;1;0;2;2;0;5;
202300022750;155640255;A01;1;7;0;9;2;26;1;
202300022751;155640250;A01;1;7;0;1;2;1;1;
202300022752;155640248;A01;3;7;0;2;1;26;1;
202300022752;155640251;B01;1;50;0;2;7;1;3;
202300022753;155640247;C01;1;10;0;2;8;1;1;
202300022753;155640249;B01;1;7;0;2;3;2;1;
202300022753;155640252;A01;1;7;2;2;5;12;1;
202300022754;155640246;A01;1;10;0;1;2;1;1;
202300022755;155640243;A01;0;7;0;2;3;13;1;
202300022755;155640245;B01;0;32;0;2;1;1;1;
202300022756;155640242;A01;1;7;0;2;1;2;4;
202300022756;155640244;B01;2;7;1;2;8;1;2;
202300022757;155640240;B01;3;10;0;2;6;23;1;
202300022757;155640241;A01;3;7;0;2;2;1;1;
202300022758;155640238;A01;1;7;0;1;1;1;1;
202300022759;155640235;A01;1;7;0;1;1;1;1;
202300022760;155640237;A01;3;10;0;2;2;1;1;
202300022760;155640239;B01;3;7;0;2;3;1;1;
202300022761;155640234;A01;2;7;0;2;1;2;1;
202300022761;155640236;B01;2;7;0;2;4;2;3;
202300022762;155640232;A01;1;7;5;0;2;0;1;
202300022763;155640233;A01;1;7;0;1;8;1;1;
202300022764;155640229;A01;3;30;0;2;7;1;3;
202300022764;155640231;B01;3;37;0;2;1;1;1;1.0
202300022765;155640227;B01;2;7;0;2;3;2;1;
202300022765;155640230;A01;2;1;0;2;2;19;5;
202300022766;155640226;A01;1;50;0;2;0;21;3;
202300022766;155640228;Z01;1;7;0;2;0;15;1;
202300022767;155640223;B01;2;7;0;2;1;1;1;
202300022767;155640225;A01;1;50;0;2;3;19;3;
202300022768;155640222;A01;3;7;0;2;1;2;1;
202300022768;155640224;B01;3;7;0;2;4;23;1;
202300022769;155640219;B01;2;33;0;2;1;1;1;
202300022769;155640221;A01;1;7;0;2;8;15;1;
202300022770;155640217;A01;1;7;0;2;2;15;1;
202300022770;155640220;B01;2;7;0;2;1;1;2;
202300022771;155640215;B01;2;7;0;2;4;2;1;
202300022771;155640216;C01;2;7;0;2;4;2;1;
202300022771;155640218;A01;2;7;0;2;1;2;1;
202300022772;155640212;Z01;1;7;0;2;1;1;0;
202300022772;155640213;B01;1;7;0;2;4;2;1;
202300022773;155640211;B01;1;33;0;2;1;1;1;
202300022773;155640214;A01;1;7;0;2;7;1;1;
202300022774;155640209;A01;3;15;0;2;1;9;1;
202300022774;155640210;B01;3;10;0;2;4;9;1;
202300022775;155640208;A01;2;7;0;1;8;1;1;
202300022776;155640207;A01;1;7;0;1;3;1;1;
202300022777;155640205;A01;1;7;0;9;1;1;1;
202300022777;155640206;B01;1;1;0;2;1;19;5;
202300022778;155640202;A01;0;7;0;2;7;1;1;
202300022778;155640204;B01;0;7;0;2;1;0;1;
202300022779;155640201;A01;1;7;0;2;3;10;1;
202300022779;155640203;B01;1;33;0;2;2;1;1;
202300022780;155640199;B01;1;30;0;2;8;1;1;
202300022780;155640200;A01;2;7;0;2;0;15;1;
202300022781;155640197;A01;1;7;0;1;2;1;1;
202300022782;155640196;B01;0;7;0;2;4;1;1;
202300022782;155640198;A01;0;10;0;2;1;1;1;
202300022783;155640192;B01;0;7;0;9;0;1;1;
202300022783;155640194;A01;0;50;0;2;1;1;3;
202300022784;155640191;C01;1;7;0;2;4;1;1;
202300022784;155640193;A01;1;7;0;2;1;2;1;
202300022784;155640195;B01;1;7;0;2;4;2;1;
202300022785;155640188;A01;0;33;0;2;1;1;1;
202300022785;155640190;B01;0;7;0;2;5;1;1;
202300022786;155640185;A01;2;7;0;2;7;15;1;
202300022786;155640187;B01;1;7;0;2;1;1;1;
202300022787;155640186;B01;3;1;0;2;7;1;5;
202300022787;155640189;A01;3;7;0;2;7;15;0;
202300022788;155640184;A01;1;30;8;0;5;14;5;
202300022789;155640182;A01;1;7;0;2;4;26;1;
202300022790;155640180;B01;3;7;0;2;2;1;1;
202300022790;155640183;A01;3;7;0;2;1;15;0;
202300022791;155640179;B01;1;7;0;2;3;1;1;
202300022791;155640181;A01;1;7;0;2;7;9;1;
202300022792;155640178;A01;2;7;0;1;3;1;1;
202300022793;155640174;B01;1;32;0;2;8;1;1;
202300022793;155640177;A01;1;7;0;2;1;15;1;
202300022794;155640173;A01;3;7;0;2;6;24;1;
202300022794;155640176;B01;3;1;1;0;1;1;5;
202300022795;155640172;A01;0;7;0;2;7;15;1;
202300022795;155640175;B01;1;7;0;2;2;1;1;
202300022796;155640168;A01;1;10;0;1;3;1;1;
202300022797;155640169;A01;3;7;0;2;3;13;1;
202300022797;155640171;B01;3;7;0;2;8;1;1;
202300022798;155640167;A01;1;10;0;2;3;15;1;
202300022798;155640170;B01;1;7;0;2;7;1;1;
202300022799;155640164;A01;1;7;0;2;1;16;1;
202300022799;155640166;B01;1;7;0;2;2;15;1;
202300022800;155640162;A01;2;7;0;2;8;10;1;
202300022800;155640165;B01;2;17;0;2;1;1;1;
202300022801;155640163;A01;3;7;9;0;2;1;1;
202300022802;155640161;A01;1;7;0;1;1;1;1;
202300022803;155640158;A01;1;7;0;2;3;9;2;
202300022803;155640160;B01;1;50;0;2;1;15;3;
202300022804;155640157;A01;3;7;0;2;0;2;3;
202300022804;155640159;B01;3;50;0;2;1;1;3;
202300022805;155640155;A01;2;50;0;2;7;1;3;
202300022805;155640156;B01;1;7;0;2;1;1;1;
202300022806;155640154;A01;2;7;0;1;2;1;1;
202300022807;155640153;A01;0;7;2;0;7;1;1;
202300022808;155640152;A01;2;7;0;1;1;15;1;
202300022809;155640150;B01;1;7;0;2;3;0;0;
202300022809;155640151;A01;2;30;0;2;1;13;0;
202300022810;155640148;A01;1;10;0;1;7;16;1;
202300022811;155640147;A01;3;7;0;2;2;15;1;
202300022811;155640149;B01;3;1;0;2;1;26;5;
202300022812;155640142;A01;1;43;14;0;1;13;1;
202300022813;155640141;B01;1;10;13;2;1;1;1;
202300022813;155640143;A01;2;10;13;2;1;1;1;
202300022814;155640139;B01;1;7;0;2;1;1;0;
202300022814;155640140;A01;2;7;0;2;7;15;0;
202300022815;155640137;A01;1;7;9;0;1;14;1;
202300022816;155640136;A01;1;7;9;0;1;13;1;
202300022817;155640135;A01;3;10;0;2;2;15;0;
202300022817;155640138;B01;3;1;0;2;0;1;5;
202300022818;155640132;A01;3;7;0;1;2;1;0;
202300022819;155640130;A01;1;30;0;2;3;2;1;
202300022819;155640131;B01;1;7;0;2;7;20;1;
202300022820;155640133;Y01;3;1;0;2;4;5;5;
202300022820;155640134;A01;3;10;0;2;4;4;1;
202300022821;155640128;A01;1;7;0;2;2;20;1;
202300022821;155640129;B01;1;1;0;2;0;1;5;
202300022822;155640126;Z01;3;2;0;1;2;1;0;
202300022823;155640123;B01;3;7;0;2;8;1;1;
202300022823;155640127;A01;3;7;0;2;1;26;1;
202300022824;155640124;A01;3;1;0;2;8;17;5;
202300022824;155640125;B01;3;7;0;2;1;1;1;
202300022825;155640122;A01;3;7;0;1;8;20;1;
202300022826;155640121;A01;1;7;0;1;1;1;1;
202300022827;155640120;A01;3;7;0;1;8;1;6;
202300022828;155640118;A01;0;7;0;1;3;1;1;
202300022829;155640119;A01;3;7;0;1;3;1;1;
202300022830;155640115;A01;3;2;0;2;1;1;1;
202300022830;155640117;B01;3;7;0;2;3;1;1;
202300022831;155640114;B01;0;37;0;0;0;0;1;2.0
202300022831;155640116;A01;0;7;0;0;0;0;1;
202300022832;155640112;B01;3;33;0;2;7;1;0;
202300022832;155640113;A01;3;7;0;2;1;1;1;
202300022833;155640110;A01;0;7;0;2;1;26;1;
202300022833;155640111;B01;0;7;0;2;1;0;1;
202300022834;155640108;A01;2;7;0;2;2;1;1;
202300022834;155640109;B01;1;1;0;2;8;5;5;
202300022835;155640106;A01;1;7;1;0;1;14;1;
202300022836;155640105;B01;2;7;0;2;1;1;1;
202300022836;155640107;A01;2;30;0;2;1;9;1;
202300022837;155640104;A01;1;33;16;0;8;1;1;
202300022838;155640101;A01;2;7;4;2;9;13;1;
202300022838;155640102;B01;2;7;0;2;1;1;1;
202300022839;155640100;A01;2;7;0;1;1;15;1;
202300022840;155640097;A01;2;10;0;2;1;5;1;
202300022840;155640099;B01;2;7;0;2;1;16;1;
202300022841;155640096;B01;1;1;0;2;1;9;5;
202300022841;155640098;A01;2;7;0;2;3;9;1;
202300022842;155640094;A01;1;7;0;2;5;16;1;
202300022842;155640095;B01;1;50;0;2;3;1;3;
202300022843;155640091;A01;2;7;0;1;1;26;0;
202300022844;155640090;A01;1;50;0;2;2;26;3;
202300022844;155640092;B01;1;1;0;2;8;26;5;
202300022845;155640089;A01;1;33;0;1;2;1;1;
202300022846;155640088;A01;1;7;2;0;1;1;1;
202300022847;155640087;A01;1;7;0;1;3;1;1;
202300022848;155640082;B01;2;15;0;2;4;2;1;
202300022848;155640084;A01;2;17;0;2;1;2;0;
202300022848;155640086;C01;2;15;0;2;1;2;1;
202300022849;155640083;A01;0;50;0;2;7;10;3;
202300022849;155640085;B01;1;32;0;9;1;1;1;
202300022850;155640079;A01;3;30;0;2;1;5;1;
202300022850;155640080;B01;3;7;0;2;3;0;1;
202300022851;155640078;B01;3;7;0;2;4;1;1;
202300022851;155640081;A01;3;7;0;2;1;1;1;
202300022852;155640077;A01;1;14;0;9;2;16;1;
202300022853;155640075;A01;0;10;0;2;2;16;1;
202300022853;155640076;B01;0;80;0;0;1;19;3;
202300022854;155640072;B01;0;32;0;2;1;1;1;
202300022854;155640074;A01;0;7;0;2;3;19;1;
202300022855;155640071;A01;0;10;0;0;0;0;0;
202300022855;155640073;B01;2;50;0;2;7;0;3;
202300022856;155640069;A01;1;7;9;0;1;2;1;
202300022857;155640068;A01;1;7;0;9;3;2;1;
202300022857;155640070;B01;1;1;0;2;1;1;5;
202300022858;155640064;A01;1;7;0;2;3;13;1;
202300022858;155640065;B01;2;14;0;2;3;1;1;
202300022859;155640063;A01;0;33;13;0;8;1;1;
202300022860;155640062;A01;1;7;0;1;7;1;1;
202300022861;155640061;Z01;2;7;0;1;3;1;0;
202300022862;155640059;A01;1;50;12;0;7;1;3;
202300022863;155640058;A01;1;7;1;0;1;1;1;
202300022863;155640060;B01;1;7;1;2;6;24;1;
202300022864;155640056;A01;1;30;0;2;1;1;1;
202300022864;155640057;B01;2;7;0;2;2;15;1;
202300022865;155640055;A01;1;7;16;0;1;1;1;
202300022866;155640052;A01;2;30;0;2;1;1;1;
202300022866;155640053;B01;1;7;0;2;6;10;1;
202300022867;155640054;A01;1;7;0;1;2;15;1;
202300022868;155640048;C01;1;7;0;2;2;16;1;
202300022868;155640050;A01;1;2;1;0;1;21;1;
202300022868;155640051;B01;1;7;0;2;4;24;1;
202300022869;155640047;A01;1;7;1;2;7;2;1;
202300022869;155640049;C01;1;7;0;2;4;2;1;
202300022870;155640044;A01;2;7;0;2;1;1;1;
202300022870;155640046;B01;0;31;0;2;7;1;1;
202300022871;155640043;A01;3;7;0;2;7;15;0;
202300022871;155640045;B01;3;33;0;2;1;1;0;
202300022872;155640041;A01;1;7;0;2;2;15;1;
202300022872;155640042;B01;2;1;0;2;1;2;5;
202300022873;155640039;A01;3;10;0;1;2;26;1;
202300022874;155640040;A01;2;33;0;1;1;1;1;
202300022875;155640038;Z01;3;50;0;1;1;0;3;
202300022876;155640036;B01;3;7;0;2;0;0;0;
202300022876;155640037;A01;2;50;0;2;1;26;3;
202300022877;155640033;B01;1;2;0;2;0;0;1;
202300022877;155640035;A01;1;10;0;2;0;0;1;
202300022878;155640032;A01;1;30;0;2;4;9;1;
202300022878;155640034;Z01;1;33;0;2;4;1;1;
202300022879;155640031;A01;3;33;1;0;0;1;1;
202300022880;155640030;A01;2;7;13;0;1;1;1;
202300022881;155640027;B01;3;7;0;2;1;1;1;
202300022881;155640029;A01;3;50;0;2;7;1;3;