Num_Acc;id_vehicule;num_veh;senc;catv;obs;obsm;choc;manv;motor;occutc
202300022882;155640026;B01;2;31;0;2;3;1;1;
202300022882;155640028;A01;2;7;0;2;3;15;2;
202300022883;155640022;B01;1;7;0;2;4;1;1;
202300022883;155640024;C01;1;7;0;2;4;1;1;
202300022883;155640025;A01;1;7;0;2;1;1;1;
202300022884;155640019;A01;2;31;0;2;1;5;1;
202300022884;155640020;B01;1;7;0;2;3;19;1;
202300022885;155640021;A01;3;1;0;2;2;15;5;
202300022885;155640023;Z01;3;2;0;2;3;1;0;
202300022886;155640017;A01;3;99;0;9;0;0;0;
202300022886;155640018;B01;3;1;0;2;8;1;5;
202300022887;155640014;A01;1;7;0;2;1;2;1;
202300022887;155640015;B01;1;7;0;2;4;23;1;
202300022887;155640016;C01;1;7;0;2;4;23;1;
202300022888;155640013;A01;1;40;0;1;3;1;3;
202300022889;155640012;A01;2;50;16;0;9;1;3;
202300022890;155640008;A01;1;33;0;2;8;1;1;
202300022890;155640009;B01;1;7;0;2;6;11;1;
202300022890;155640010;C01;1;7;0;2;7;1;1;
202300022891;155640011;A01;3;80;0;1;1;1;3;
202300022892;155640007;A01;3;30;0;0;0;1;1;
202300022893;155640006;A01;1;1;0;1;1;1;5;
202300022894;155640002;A01;0;33;15;0;7;0;1;
202300022894;155640003;B01;3;37;0;2;1;0;1;2.0
202300022895;155639999;A01;0;7;0;2;1;1;1;
202300022895;155640000;B01;0;1;0;2;1;1;5;
202300022896;155639997;A01;1;7;13;0;1;1;1;
202300022897;155639998;A01;1;10;0;2;4;4;1;
202300022897;155640001;B01;1;1;0;2;1;1;5;
202300022898;155639996;A01;2;7;0;1;2;17;1;
202300022899;155639995;A01;1;7;0;1;1;1;1;
202300022900;155639992;A01;1;1;0;2;1;0;5;
202300022900;155639993;B01;1;7;0;2;5;1;1;
202300022901;155639989;B01;1;7;0;2;5;1;1;
202300022901;155639991;A01;2;7;0;2;1;9;2;
202300022902;155639990;Z01;2;10;0;2;2;16;0;
202300022902;155639994;A01;2;30;0;2;3;1;3;
202300022903;155639987;B01;3;7;0;2;8;2;1;
202300022903;155639988;A01;3;7;0;2;7;19;1;
202300022904;155639986;A01;2;7;0;1;3;1;1;
202300022905;155639985;A01;1;7;0;1;5;9;1;
202300022906;155639984;A01;2;7;0;1;8;1;1;
202300022907;155639982;A01;2;7;0;2;1;15;1;
202300022907;155639983;B01;1;1;0;2;1;1;5;
202300022908;155639981;A01;2;7;0;1;1;16;1;
202300022909;155639980;A01;1;10;0;1;2;15;1;
202300022910;155639979;A01;2;7;0;1;2;1;1;
202300022911;155639978;A01;1;99;3;0;1;14;1;
202300022912;155639974;B01;0;33;0;2;8;1;1;
202300022912;155639975;A01;1;7;0;2;3;17;1;
202300022913;155639976;B01;2;80;0;2;1;13;3;
202300022913;155639977;A01;1;80;0;2;1;1;3;
202300022914;155639970;A01;2;10;0;2;1;15;1;
202300022914;155639972;B01;1;33;0;2;1;1;1;
202300022914;155639973;C01;1;31;0;2;1;1;1;
202300022915;155639969;A01;2;7;0;1;3;21;1;
202300022916;155639971;A01;1;43;0;1;1;17;1;
202300022917;155639967;B01;3;33;0;2;4;2;0;
202300022917;155639968;A01;3;33;0;2;1;2;1;
202300022918;155639964;A01;2;7;0;2;8;15;1;
202300022918;155639966;B01;2;32;0;2;7;17;1;
202300022919;155639963;B01;0;7;0;2;3;10;1;
202300022919;155639965;A01;0;33;0;2;2;2;1;
202300022920;155639962;Z01;1;10;0;1;6;20;3;
202300022921;155639961;A01;1;34;13;0;1;1;1;
202300022922;155639960;A01;2;60;1;0;2;25;5;
202300022923;155639959;A01;2;1;0;1;1;1;5;
202300022924;155639958;A01;3;33;0;0;7;26;0;
202300022925;155639954;B01;2;7;0;0;1;0;3;
202300022925;155639956;A01;2;50;0;2;1;13;3;
202300022926;155639955;A01;1;7;0;2;2;9;1;
202300022926;155639957;B01;1;33;0;2;1;1;1;
202300022927;155639951;Z01;1;7;0;2;2;15;1;
202300022927;155639953;A01;1;7;0;2;3;1;1;
202300022928;155639950;A01;0;30;0;2;0;23;1;
202300022928;155639952;B01;0;7;0;2;1;2;1;
202300022929;155639949;A01;0;10;0;1;4;20;1;
202300022930;155639948;Z01;3;10;0;1;0;0;0;
202300022931;155639945;A01;3;7;0;2;1;1;1;
202300022931;155639947;B01;3;33;0;2;8;1;1;
202300022932;155639944;A01;3;7;0;2;2;15;2;
202300022932;155639946;B01;1;7;9;2;8;1;0;
202300022933;155639943;A01;3;7;0;1;1;15;1;
202300022934;155639941;A01;2;7;0;2;2;10;1;
202300022934;155639942;B01;1;32;0;2;1;1;1;
202300022935;155639940;A01;3;3;2;1;1;1;1;
202300022936;155639938;A01;1;10;0;1;3;9;0;
202300022937;155639937;A01;1;7;9;2;4;4;1;
202300022937;155639939;B01;1;7;0;2;1;1;1;
202300022938;155639935;B01;2;38;0;2;3;2;1;1.0
202300022938;155639936;A01;1;7;0;2;5;16;0;
202300022939;155639932;B01;2;7;0;2;4;2;1;
202300022939;155639933;A01;2;7;0;2;1;1;1;
202300022940;155639930;B01;1;7;0;2;2;1;1;
202300022940;155639931;A01;1;32;0;2;0;0;1;
202300022941;155639925;D01;3;17;0;2;8;1;1;
202300022941;155639926;A01;1;7;0;2;2;2;1;
202300022941;155639928;B01;3;7;0;2;6;11;1;
202300022941;155639929;C01;3;7;0;2;6;1;1;
202300022942;155639924;A01;1;7;0;9;1;1;1;
202300022942;155639927;B01;2;99;0;2;2;1;0;
202300022943;155639922;A01;1;3;0;1;1;0;0;
202300022944;155639921;A01;1;10;0;0;0;16;1;
202300022944;155639923;B01;1;80;0;0;8;2;3;
202300022945;155639918;A01;3;7;0;2;2;2;4;
202300022945;155639920;B01;0;1;0;2;1;2;5;
202300022946;155639917;B01;3;7;0;2;8;13;1;
202300022946;155639919;A01;3;31;0;2;7;2;1;
202300022947;155639914;A01;3;10;0;2;1;1;1;
202300022947;155639915;B01;3;7;0;2;4;23;1;
202300022948;155639913;B01;3;43;0;2;1;1;1;
202300022948;155639916;A01;3;50;1;2;7;26;3;
202300022949;155639910;A01;1;31;0;2;2;17;2;
202300022949;155639912;B01;1;7;0;2;3;15;2;
202300022950;155639909;B01;3;50;0;2;1;1;3;
202300022950;155639911;Z01;3;7;0;2;8;15;1;
202300022951;155639908;A01;1;1;0;1;1;2;5;
202300022952;155639906;A01;3;14;0;2;1;12;1;
202300022952;155639907;B01;3;7;0;2;8;1;2;
202300022953;155639904;A01;1;2;0;2;8;7;3;
202300022953;155639905;B01;1;10;0;2;2;16;3;
202300022954;155639902;A01;1;33;0;4;1;1;1;
202300022954;155639903;B01;2;39;0;2;1;1;1;
202300022955;155639898;C01;2;7;0;2;8;23;1;
202300022955;155639900;A01;3;14;0;2;1;5;1;
202300022955;155639901;B01;3;31;0;2;2;1;1;
202300022956;155639897;B01;0;2;0;2;2;19;1;
202300022956;155639899;A01;0;7;0;2;1;1;1;
202300022957;155639895;A01;1;7;0;0;8;9;2;
202300022957;155639896;B01;1;1;0;0;0;1;5;
202300022958;155639893;A01;1;7;0;2;3;13;1;
202300022958;155639894;B01;2;7;0;2;3;1;1;
202300022959;155639891;B01;2;7;0;2;6;23;1;
202300022959;155639892;A01;2;7;0;2;2;1;0;
202300022960;155639887;B01;3;1;0;2;8;6;5;
202300022960;155639888;A01;2;7;0;2;1;15;2;
202300022961;155639885;A01;3;7;0;2;8;5;1;
202300022961;155639886;B01;3;7;0;2;3;1;1;
202300022962;155639883;A01;3;1;0;2;1;5;5;
202300022962;155639884;B01;3;1;0;2;1;1;5;
202300022963;155639880;B01;1;7;0;1;0;1;1;
202300022963;155639882;A01;1;7;0;1;2;1;1;
202300022964;155639879;A01;1;31;0;2;2;2;1;
202300022964;155639881;B01;1;7;0;2;6;2;1;
202300022965;155639876;A01;1;7;0;2;6;22;3;
202300022965;155639878;B01;1;31;0;2;1;2;1;
202300022966;155639875;B01;1;7;0;2;1;1;1;
202300022966;155639877;A01;2;7;0;2;2;15;1;
202300022967;155639871;A01;3;10;0;2;3;9;1;
202300022967;155639874;B01;3;10;0;2;8;2;1;
202300022968;155639872;A01;1;7;0;2;2;5;1;
202300022968;155639873;B01;1;7;0;2;1;1;1;
202300022969;155639869;A01;2;43;0;1;1;1;1;
202300022970;155639868;A01;1;7;0;2;2;13;1;
202300022970;155639870;B01;2;7;0;2;1;1;1;
202300022971;155639867;A01;1;7;0;1;3;1;3;
202300022972;155639863;A01;2;50;0;2;4;1;3;
202300022972;155639864;B01;2;80;0;2;1;1;3;
202300022973;155639858;B01;0;7;0;2;3;1;0;
202300022973;155639860;A01;0;30;0;2;1;1;0;
202300022974;155639859;B01;1;7;0;2;3;0;1;
202300022974;155639861;A01;2;7;0;2;2;1;1;
202300022975;155639857;A01;1;10;0;1;2;5;1;
202300022976;155639855;B01;1;7;0;0;3;1;1;
202300022976;155639856;A01;3;7;0;0;2;15;1;
202300022977;155639853;A01;0;50;0;2;1;0;3;
202300022977;155639854;B01;0;7;0;2;2;15;1;
202300022978;155639852;A01;2;7;2;0;1;0;1;
202300022979;155639851;B01;3;10;0;1;1;15;1;
202300022980;155639849;A01;2;7;0;2;3;1;3;
202300022980;155639850;B01;1;7;0;2;3;1;0;
202300022981;155639847;B01;1;50;12;2;1;1;3;
202300022981;155639848;A01;1;7;1;2;2;14;1;
202300022982;155639842;A01;3;7;0;2;3;10;1;
202300022982;155639844;B01;3;33;0;2;1;3;1;
202300022983;155639843;A01;2;7;0;2;3;13;1;
202300022983;155639845;B01;1;7;0;2;3;1;1;
202300022983;155639846;C01;1;7;0;2;1;1;1;
202300022984;155639841;A01;2;10;0;6;3;2;1;
202300022985;155639839;A01;2;32;0;0;0;1;1;
202300022985;155639840;B01;1;7;0;0;2;1;0;
202300022986;155639837;A01;1;7;0;2;1;13;1;
202300022986;155639838;B01;2;7;0;2;1;1;1;
202300022987;155639835;B01;2;1;0;2;7;18;5;
202300022987;155639836;A01;2;7;0;0;7;22;2;
202300022988;155639832;A01;1;7;0;2;0;0;0;
202300022988;155639834;B01;2;31;0;2;0;0;1;
202300022989;155639831;A01;2;7;0;2;3;1;1;
202300022989;155639833;B01;1;7;0;2;1;1;1;
202300022990;155639829;A01;0;7;0;2;2;0;0;
202300022990;155639830;B01;0;30;0;2;0;1;0;
202300022991;155639828;A01;0;80;12;0;1;13;3;
202300022992;155639826;B01;1;33;8;2;1;1;0;
202300022992;155639827;A01;1;33;8;2;4;2;0;
202300022993;155639825;A01;3;10;0;1;1;0;1;
202300022994;155639822;B01;1;10;0;2;1;1;1;
202300022994;155639824;A01;2;7;0;2;1;1;1;
202300022995;155639821;A01;3;7;0;2;2;1;1;
202300022995;155639823;B01;3;7;0;2;3;1;0;
202300022996;155639820;A01;1;33;2;0;7;1;1;
202300022997;155639819;A01;1;7;0;1;1;1;1;
202300022998;155639818;A01;2;7;15;0;9;14;1;
202300022999;155639816;A01;1;31;0;9;7;17;3;
202300022999;155639817;B01;1;99;0;2;8;13;0;
202300023000;155639814;A01;2;7;0;5;2;2;1;
202300023001;155639812;A01;1;2;0;2;6;21;1;
202300023001;155639813;B01;1;7;0;2;2;1;1;
202300023001;155639815;C01;1;7;0;0;0;9;2;
202300023002;155639808;A01;1;32;0;1;1;1;1;
202300023003;155639809;A01;1;7;6;2;3;5;1;
202300023003;155639810;B01;2;7;6;2;3;2;1;
202300023003;155639811;C01;2;7;6;2;3;2;1;
202300023004;155639807;A01;1;7;15;0;9;1;0;
202300023005;155639806;A01;3;7;0;1;1;26;1;
202300023006;155639805;A01;1;1;0;5;8;1;5;
202300023007;155639802;A01;1;10;0;2;1;2;1;
202300023007;155639803;B01;1;7;0;2;4;23;1;
202300023007;155639804;C01;1;7;0;2;4;23;1;
202300023008;155639801;A01;2;33;6;0;1;1;1;
202300023009;155639798;A01;1;33;0;2;1;1;1;
202300023009;155639800;B01;3;10;0;2;1;1;2;
202300023010;155639797;A01;2;7;0;2;3;15;1;
202300023010;155639799;B01;1;33;0;2;1;17;1;
202300023011;155639794;A01;1;2;12;0;2;1;3;
202300023012;155639793;B01;3;42;0;2;1;0;0;
202300023012;155639795;C01;3;7;0;2;8;0;0;
202300023012;155639796;A01;3;7;0;2;2;10;0;
202300023013;155639792;A01;2;7;0;1;3;1;1;
202300023014;155639790;A01;1;33;0;2;1;3;1;
202300023014;155639791;B01;1;7;0;2;5;12;1;
202300023015;155639787;A01;3;7;2;0;1;1;1;
202300023016;155639788;A01;2;7;0;2;5;0;1;
202300023016;155639789;B01;2;7;4;2;3;1;1;
202300023017;155639784;A01;0;7;0;2;3;1;1;
202300023017;155639786;B01;0;7;1;2;1;5;1;
202300023018;155639783;A01;2;7;0;2;2;2;0;
202300023018;155639785;B01;2;7;0;0;6;1;0;
202300023019;155639782;A01;3;15;13;0;7;14;1;
202300023020;155639779;A01;1;7;0;9;1;2;1;
202300023020;155639781;B01;1;10;0;0;4;2;1;
202300023021;155639778;A01;3;7;0;9;7;1;1;
202300023021;155639780;B01;3;80;0;2;1;19;3;
202300023022;155639775;A01;3;7;0;2;3;13;1;
202300023022;155639776;B01;3;33;0;2;7;1;1;
202300023023;155639773;A01;1;7;0;0;4;9;1;
202300023023;155639774;B01;1;7;0;2;1;9;1;
202300023023;155639777;C01;1;7;14;2;1;9;1;
202300023024;155639771;B01;1;7;0;2;6;1;1;
202300023024;155639772;A01;1;7;0;2;2;14;1;
202300023025;155639769;A01;2;33;0;2;1;1;1;
202300023025;155639770;B01;2;7;0;2;4;1;1;
202300023026;155639768;A01;3;17;15;0;7;15;1;
202300023027;155639764;B01;2;7;0;2;3;1;1;
202300023027;155639767;A01;3;1;0;2;5;15;5;
202300023028;155639761;A01;1;7;0;2;3;9;0;
202300023028;155639762;B01;1;33;0;0;5;1;0;
202300023029;155639760;A01;2;33;14;0;1;0;1;
202300023030;155639757;A01;2;7;0;0;2;1;1;
202300023031;155639758;A01;3;7;6;1;2;2;1;
202300023032;155639752;A01;2;7;0;0;9;1;1;
202300023033;155639751;B01;1;7;0;2;1;12;1;
202300023033;155639755;A01;2;13;0;0;4;1;1;
202300023034;155639749;A01;2;10;0;0;1;1;1;
202300023035;155639748;A01;2;37;0;9;2;1;1;1.0
202300023035;155639750;B01;1;1;0;2;3;26;5;
202300023036;155639747;A01;2;7;8;0;1;1;1;
202300023037;155639743;B01;1;7;13;2;3;1;1;
202300023037;155639744;C01;1;7;0;2;1;1;1;
202300023037;155639745;D01;1;7;0;2;2;1;3;
202300023037;155639746;A01;1;15;3;2;3;1;1;
202300023038;155639742;A01;1;7;6;0;1;1;1;
202300023039;155639741;A01;1;7;0;1;1;1;1;
202300023040;155639738;C01;1;7;3;2;1;1;1;
202300023040;155639739;A01;1;7;0;2;4;23;1;
202300023040;155639740;B01;1;7;0;2;4;23;1;
202300023041;155639734;B01;1;14;0;2;5;15;1;
202300023041;155639736;A01;1;33;0;2;1;2;1;
202300023042;155639735;A01;1;15;12;2;6;1;1;
202300023042;155639737;B01;2;7;0;2;3;1;1;
202300023043;155639732;A01;1;7;0;2;3;1;1;
202300023043;155639733;B01;2;7;0;2;1;13;1;
202300023044;155639729;A01;2;31;0;2;1;1;1;
202300023044;155639731;B01;2;10;0;2;4;1;1;
202300023045;155639728;A01;1;7;0;0;1;23;1;
202300023045;155639730;B01;2;7;0;0;2;1;1;
202300023046;155639727;A01;2;1;0;0;0;1;5;
202300023047;155639724;A01;3;10;-1;1;3;23;1;
202300023048;155639725;A01;1;7;0;2;3;15;1;
202300023048;155639726;B01;2;43;0;2;3;1;1;
202300023049;155639723;A01;1;7;13;0;1;1;1;
202300023050;155639722;A01;1;7;2;0;1;21;1;
202300023051;155639719;A01;1;7;0;9;1;2;1;
202300023051;155639721;B01;1;1;0;0;4;2;5;
202300023052;155639718;B01;1;1;0;2;1;1;5;
202300023052;155639720;A01;1;7;0;2;2;16;1;
202300023053;155639716;A01;1;7;0;2;2;1;1;
202300023053;155639717;B01;1;3;0;0;6;2;1;
202300023054;155639715;A01;1;7;0;1;3;1;1;
202300023055;155639714;A01;2;33;0;0;0;1;1;
202300023056;155639713;A01;3;33;0;6;1;0;1;
202300023057;155639709;B01;1;7;0;2;4;1;1;
202300023057;155639711;A01;1;7;0;0;0;1;1;
202300023057;155639712;C01;1;10;0;2;1;1;1;
202300023058;155639708;A01;1;33;0;2;2;1;1;
202300023058;155639710;B01;0;7;0;2;2;15;1;
202300023059;155639706;A01;2;1;0;0;0;1;5;
202300023060;155639705;A01;2;1;0;2;1;2;5;
202300023061;155639704;A01;1;7;1;0;3;1;1;
202300023062;155639702;A01;2;10;0;2;3;1;1;
202300023062;155639703;B01;1;7;10;2;3;1;1;
202300023063;155639698;A01;3;1;0;2;1;5;5;
202300023063;155639700;B01;3;7;0;2;3;1;1;
202300023064;155639699;A01;1;7;0;2;6;1;1;
202300023064;155639701;B01;1;33;0;2;1;1;1;
202300023065;155639697;A01;2;33;0;1;2;1;1;
202300023066;155639695;A01;1;7;0;2;2;1;1;
202300023066;155639696;B01;1;7;4;2;6;1;1;
202300023067;155639694;A01;3;7;13;0;1;1;1;
202300023068;155639692;B01;-1;-1;-1;-1;-1;-1;-1;
202300023068;155639693;A01;2;33;0;0;7;16;1;
202300023069;155639689;A01;1;7;15;0;1;0;0;
202300023070;155639685;A01;2;7;0;2;3;1;0;
202300023070;155639686;B01;1;7;0;2;3;1;0;
202300023071;155639687;B01;2;13;0;2;1;1;1;
202300023071;155639688;D01;1;7;0;2;1;1;1;
202300023071;155639690;C01;2;13;0;2;1;1;1;
202300023071;155639691;A01;2;15;0;2;1;1;1;
202300023072;155639681;A01;2;7;0;2;8;13;1;
202300023072;155639683;B01;1;33;0;2;8;1;1;
202300023073;155639682;B01;1;7;0;2;4;2;1;
202300023073;155639684;A01;1;43;0;2;1;3;1;
202300023074;155639678;A01;1;7;0;2;1;13;1;
202300023074;155639679;B01;2;2;0;2;1;0;1;
202300023074;155639680;C01;2;2;0;2;1;0;1;
202300023075;155639677;A01;2;7;4;0;1;2;1;
202300023076;155639676;A01;1;3;8;0;2;1;1;
202300023077;155639675;A01;2;7;13;0;3;13;1;
202300023078;155639673;A01;1;7;4;2;2;12;1;
202300023078;155639674;B01;1;33;4;2;8;1;1;
202300023079;155639671;A01;1;7;0;0;3;0;1;
202300023079;155639672;B01;2;16;0;2;3;1;1;
202300023080;155639668;A01;2;7;0;2;1;1;1;
202300023080;155639669;B01;3;1;0;0;8;19;5;
202300023081;155639666;A01;2;10;0;2;5;1;1;
202300023081;155639667;B01;2;7;0;2;0;11;1;
202300023081;155639670;C01;2;33;0;2;8;3;1;
202300023082;155639665;A01;2;50;0;0;0;1;3;
202300023083;155639664;A01;2;7;0;0;0;14;1;
202300023084;155639662;A01;2;7;0;2;8;11;2;
202300023084;155639663;B01;2;7;3;2;2;17;1;
202300023085;155639661;A01;1;7;2;0;0;2;1;
202300023086;155639659;B01;1;7;0;0;8;0;1;
202300023086;155639660;A01;1;43;0;2;2;2;1;
202300023087;155639656;A01;1;33;0;2;1;1;1;
202300023087;155639657;B01;1;14;0;0;5;1;1;
202300023088;155639658;A01;2;33;0;0;1;2;0;
202300023089;155639654;A01;1;7;0;2;3;13;1;
202300023089;155639655;B01;2;15;0;2;3;1;1;
202300023090;155639652;B01;2;7;0;2;4;2;1;
202300023090;155639653;A01;2;7;0;2;1;2;2;
202300023091;155639647;C01;2;10;0;2;4;2;1;
202300023091;155639648;D01;2;7;0;2;5;15;1;
202300023091;155639649;E01;1;14;0;2;1;1;1;
202300023091;155639650;A01;2;10;0;2;3;2;1;
202300023091;155639651;B01;2;7;3;2;5;2;1;
202300023092;155639644;A01;1;7;4;0;1;1;1;
202300023093;155639643;B01;1;10;0;2;1;0;1;
202300023093;155639645;C01;1;14;0;2;4;0;1;
202300023093;155639646;A01;1;17;0;2;1;0;1;
202300023094;155639641;A01;1;7;1;0;1;1;1;
202300023094;155639642;B01;1;7;0;0;5;23;1;
202300023095;155639640;A01;1;7;13;0;2;1;1;
202300023096;155639637;A01;1;7;0;2;1;5;1;
202300023096;155639638;B01;2;33;0;2;1;1;1;
202300023097;155639636;B01;3;7;0;2;0;0;0;
202300023097;155639639;A01;3;30;0;2;3;0;1;
202300023098;155639635;A01;1;99;8;0;1;0;3;
202300023099;155639634;A01;1;7;0;1;1;17;2;
202300023100;155639632;A01;3;7;0;2;1;1;1;
202300023100;155639633;B01;3;30;0;2;7;1;1;
202300023101;155639631;A01;1;34;0;2;0;17;1;
202300023102;155639629;A01;1;33;0;2;1;0;1;
202300023102;155639630;B01;1;7;0;2;4;26;1;
202300023103;155639627;A01;2;7;0;2;3;15;1;
202300023103;155639628;B01;2;34;0;2;7;0;1;
202300023104;155639626;A01;1;7;0;1;4;26;1;
202300023105;155639624;A01;3;7;0;2;1;1;1;
202300023105;155639625;B01;3;7;0;2;1;1;1;
202300023106;155639623;A01;0;37;0;1;5;26;0;1.0
202300023107;155639622;A01;1;7;0;1;1;15;1;
202300023108;155639620;A01;1;7;0;2;2;14;1;
202300023108;155639621;B01;1;37;0;2;3;1;1;2.0
202300023109;155639618;A01;3;7;0;2;1;5;1;
202300023109;155639619;B01;3;7;0;2;1;1;1;
202300023110;155639617;A01;3;10;0;1;1;1;0;
202300023111;155639616;A01;1;7;0;1;3;26;1;
202300023112;155639615;A01;2;35;1;0;1;21;-1;
202300023113;155639613;A01;1;7;0;2;7;17;1;
202300023113;155639614;B01;1;7;0;2;3;2;1;
202300023114;155639612;A01;1;10;0;1;2;1;1;
202300023115;155639611;A01;1;33;1;1;0;1;0;
202300023116;155639609;A01;3;7;0;2;5;1;1;
202300023116;155639610;B01;3;10;0;0;1;1;1;
202300023117;155639607;A01;2;7;0;2;1;19;3;
202300023117;155639608;B01;1;7;0;2;3;1;1;
202300023118;155639606;A01;0;7;0;1;2;1;1;
202300023119;155639605;A01;2;7;0;1;1;1;0;
202300023120;155639597;A01;3;7;4;0;7;1;3;
202300023120;155639598;B01;3;7;4;2;1;1;1;
202300023121;155639595;B01;1;99;0;2;4;1;3;
202300023121;155639596;Z01;1;7;0;2;0;0;0;
202300023122;155639594;A01;2;37;0;1;1;1;0;1.0
202300023123;155639593;A01;1;7;0;1;1;1;3;
202300023124;155639591;A01;2;2;0;2;1;1;1;
202300023124;155639592;B01;2;7;0;2;8;15;1;
202300023125;155639590;A01;1;7;4;0;2;14;1;
202300023126;155639588;B01;3;7;0;0;0;0;1;
202300023126;155639589;A01;3;7;0;2;2;15;1;
202300023127;155639587;A01;0;50;0;0;0;1;3;
202300023128;155639585;B01;2;7;0;2;8;1;1;
202300023128;155639586;A01;2;14;0;2;2;11;1;
202300023129;155639583;A01;3;7;0;2;3;1;1;
202300023129;155639584;B01;3;7;0;2;3;15;1;
202300023130;155639582;A01;1;33;13;0;0;1;1;
202300023131;155639581;A01;3;7;15;0;1;13;1;
202300023132;155639580;A01;3;7;0;0;0;1;1;
202300023133;155639578;A01;1;31;0;0;8;0;1;
202300023134;155639577;A01;3;7;0;2;1;1;1;
202300023134;155639579;B01;-1;7;-1;-1;-1;-1;-1;
202300023135;155639576;A01;2;7;0;0;9;26;1;
202300023136;155639573;A01;1;33;0;1;1;1;1;
202300023137;155639574;A01;3;7;0;2;2;15;1;
202300023137;155639575;B01;3;2;0;2;1;1;1;
202300023138;155639570;B01;1;10;0;2;3;15;0;
202300023138;155639572;A01;1;33;0;2;0;17;1;
202300023139;155639568;A01;1;33;6;0;1;1;1;
202300023140;155639569;A01;1;7;1;2;1;17;1;
202300023140;155639571;B01;1;7;1;2;3;15;1;
202300023141;155639566;A01;3;7;0;1;1;1;1;
202300023142;155639563;B01;0;7;0;0;4;23;1;
202300023142;155639565;A01;0;50;0;2;1;1;3;
202300023143;155639564;B01;3;7;1;0;4;2;1;
202300023143;155639567;A01;3;7;8;2;1;2;1;
202300023144;155639559;B01;3;3;0;2;3;15;1;
202300023144;155639562;A01;2;33;0;2;1;17;1;
202300023145;155639560;A01;2;7;0;2;2;2;1;
202300023145;155639561;B01;2;7;0;2;6;2;1;
202300023146;155639556;B01;2;30;0;2;1;1;0;
202300023146;155639558;A01;1;7;0;2;7;15;0;
202300023147;155639555;A01;1;7;0;2;1;26;1;
202300023147;155639557;B01;2;7;0;2;5;0;1;
202300023148;155639554;A01;1;7;13;0;9;14;1;
202300023149;155639552;B01;3;32;0;2;3;15;1;
202300023149;155639553;A01;3;7;0;2;3;16;1;
202300023150;155639548;B01;2;7;0;2;6;2;1;
202300023150;155639550;A01;2;31;0;2;1;3;1;
202300023151;155639549;B01;2;33;0;2;3;16;1;
202300023151;155639551;A01;2;7;0;2;2;1;1;
202300023152;155639544;A01;1;10;0;2;1;1;1;
202300023152;155639546;B01;1;7;0;2;4;1;1;
202300023153;155639545;A01;2;7;0;2;1;2;1;
202300023153;155639547;B01;2;7;0;2;4;2;1;
202300023154;155639541;B01;1;2;0;2;7;1;1;
202300023154;155639543;A01;1;7;0;2;1;15;1;
202300023155;155639540;A01;2;7;0;2;3;2;1;
202300023155;155639542;B01;2;33;0;2;2;3;1;
202300023156;155639536;B01;1;7;0;2;4;1;1;
202300023156;155639538;A01;1;31;0;2;1;1;1;
202300023157;155639535;A01;1;7;0;2;1;1;1;
202300023157;155639537;B01;1;7;0;2;4;2;1;
202300023157;155639539;C01;1;7;0;0;0;0;1;
202300023158;155639533;B01;2;7;0;2;3;1;2;
202300023158;155639534;A01;1;50;0;2;1;13;3;
202300023159;155639531;A01;1;34;0;2;3;3;1;
202300023159;155639532;B01;1;7;0;2;5;15;1;
202300023160;155639528;B01;3;1;0;0;0;1;5;
202300023160;155639530;A01;3;7;8;0;0;15;1;
202300023161;155639526;A01;2;7;4;2;9;11;1;
202300023161;155639527;C01;2;7;0;2;1;1;1;
202300023161;155639529;B01;2;14;0;2;2;1;0;
202300023162;155639525;A01;3;1;0;1;1;1;5;
202300023163;155639519;A01;1;7;3;2;2;3;1;
202300023163;155639521;B01;1;7;0;2;8;1;1;
202300023163;155639523;C01;1;7;3;2;7;1;1;
202300023163;155639524;D01;2;7;5;0;1;1;1;
202300023164;155639520;A01;3;7;0;2;2;16;2;
202300023164;155639522;B01;3;50;0;2;1;1;3;
202300023165;155639518;A01;2;10;3;0;1;1;1;
202300023166;155639517;A01;3;34;0;1;1;15;1;
202300023167;155639515;A01;2;33;0;2;1;3;1;
202300023167;155639516;B01;2;33;0;2;4;1;1;
202300023168;155639514;A01;2;80;0;0;1;1;3;
202300023169;155639513;A01;2;33;0;0;1;1;1;
202300023170;155639511;A01;0;50;0;2;2;5;3;
202300023170;155639512;B01;0;7;0;9;1;1;1;
202300023171;155639509;A01;1;30;0;2;1;13;1;
202300023171;155639510;B01;0;33;1;2;1;1;1;
202300023172;155639507;A01;2;7;0;9;2;2;1;
202300023172;155639508;B01;2;1;0;2;4;15;5;
202300023173;155639504;A01;1;10;1;0;4;4;1;
202300023173;155639506;B01;1;43;1;0;7;24;1;
202300023174;155639503;A01;1;7;13;2;3;13;1;
202300023174;155639505;B01;2;7;0;2;3;1;1;
202300023175;155639501;A01;2;30;0;2;1;2;1;
202300023175;155639502;B01;2;30;0;2;6;15;1;
202300023176;155639499;A01;1;7;0;2;3;15;1;
202300023176;155639500;B01;2;34;0;2;1;21;1;
202300023177;155639496;A01;1;7;0;2;1;10;1;
202300023177;155639497;B01;1;33;0;2;8;2;1;
202300023178;155639494;B01;2;33;0;2;1;2;1;
202300023178;155639495;A01;1;2;14;2;1;19;1;
202300023178;155639498;C01;2;7;0;0;6;23;1;
202300023179;155639490;A01;0;30;0;2;3;9;1;
202300023179;155639492;B01;0;7;0;2;2;23;1;