Num_Acc;id_vehicule;num_veh;senc;catv;obs;obsm;choc;manv;motor;occutc
202300023180;155639491;A01;1;13;0;2;2;12;1;
202300023180;155639493;B01;1;7;0;2;3;16;1;
202300023181;155639489;A01;2;7;4;0;2;14;1;
202300023182;155639486;B01;1;7;0;2;6;10;1;
202300023182;155639487;A01;1;33;0;2;1;1;1;
202300023183;155639485;B01;1;7;0;2;3;2;2;
202300023183;155639488;A01;1;2;0;2;3;7;3;
202300023184;155639484;A01;1;7;1;0;2;14;1;
202300023185;155639481;A01;2;30;0;2;1;1;1;
202300023185;155639483;B01;1;7;0;2;1;15;1;
202300023186;155639480;A01;3;7;0;2;0;0;0;
202300023186;155639482;B01;3;7;0;2;0;0;1;
202300023187;155639476;A01;1;7;1;2;2;1;1;
202300023187;155639478;B01;1;10;1;2;3;0;1;
202300023188;155639477;A01;0;50;0;2;1;5;3;
202300023188;155639479;B01;0;7;0;2;7;2;1;
202300023189;155639474;A01;1;7;13;0;1;14;0;
202300023190;155639472;A01;1;7;0;2;1;1;1;
202300023190;155639475;B01;2;7;6;2;6;1;1;
202300023191;155639471;B01;2;7;0;1;4;16;1;
202300023191;155639473;A01;2;7;0;2;1;16;1;
202300023192;155639470;A01;0;7;15;0;1;1;1;
202300023193;155639469;A01;3;7;1;1;4;20;1;
202300023194;155639467;A01;3;30;0;2;1;2;1;
202300023194;155639468;B01;3;7;0;2;4;26;1;
202300023195;155639465;A01;1;31;14;0;1;17;1;
202300023195;155639466;B01;1;7;16;0;6;15;1;
202300023196;155639462;Z01;3;7;0;2;0;1;0;
202300023196;155639464;B01;3;7;0;2;1;0;1;
202300023197;155639461;B01;0;7;0;2;6;0;1;
202300023197;155639463;A01;0;7;0;2;4;4;1;
202300023198;155639458;A01;3;7;0;2;5;12;0;
202300023198;155639460;B01;3;33;0;2;6;1;0;
202300023199;155639457;A01;0;3;0;2;1;1;1;
202300023199;155639459;B01;2;10;0;2;2;1;1;
202300023200;155639454;A01;2;7;0;2;3;5;1;
202300023200;155639456;B01;1;7;0;2;3;1;1;
202300023201;155639451;A01;3;50;0;2;1;9;3;
202300023201;155639452;B01;3;7;0;2;2;0;1;
202300023202;155639449;A01;2;7;0;2;3;15;1;
202300023202;155639450;B01;2;7;1;2;1;1;1;
202300023203;155639447;A01;3;1;0;1;1;21;5;
202300023204;155639446;A01;0;10;0;2;1;1;1;
202300023204;155639448;B01;1;7;0;2;5;15;1;
202300023205;155639444;A01;3;7;0;1;1;1;1;
202300023206;155639443;A01;3;7;0;2;1;15;0;
202300023206;155639445;B01;1;31;0;2;7;1;0;
202300023207;155639439;A01;1;10;0;2;6;1;1;
202300023207;155639440;B01;1;7;14;2;1;9;1;
202300023208;155639438;A01;1;7;0;2;3;17;2;
202300023208;155639441;B01;2;7;0;2;8;1;1;
202300023208;155639442;C01;1;33;0;2;1;1;1;
202300023209;155639434;A01;2;10;0;2;3;9;0;
202300023209;155639437;B01;0;50;0;2;7;1;3;
202300023210;155639431;A01;0;50;0;2;2;19;3;
202300023210;155639433;B01;0;10;0;2;1;1;0;
202300023211;155639430;A01;1;30;0;2;7;9;1;
202300023211;155639432;B01;1;7;0;2;3;1;1;
202300023212;155639427;B01;2;30;0;2;2;0;1;
202300023212;155639429;A01;2;7;0;2;3;1;1;
202300023213;155639426;A01;0;7;0;2;3;15;2;
202300023213;155639428;B01;3;31;0;2;1;1;1;
202300023214;155639425;A01;1;31;0;1;1;1;1;
202300023215;155639424;A01;1;30;16;0;7;1;1;
202300023216;155639420;A01;3;30;0;2;1;1;1;
202300023216;155639422;B01;3;7;0;2;6;9;3;
202300023217;155639419;A01;3;34;0;2;1;11;0;
202300023217;155639421;B01;3;7;0;2;7;15;0;
202300023217;155639423;C01;3;7;0;2;3;1;0;
202300023218;155639417;A01;1;31;0;2;1;25;0;
202300023218;155639418;B01;2;50;0;2;1;25;3;
202300023219;155639416;A01;3;7;0;1;1;16;0;
202300023220;155639414;A01;3;1;0;2;1;15;5;
202300023220;155639415;B01;1;7;0;9;6;26;1;
202300023221;155639412;A01;1;50;0;2;1;25;3;
202300023221;155639413;Z01;0;1;0;2;1;1;5;
202300023222;155639411;A01;1;7;2;0;1;1;1;
202300023223;155639409;A01;1;50;14;0;1;1;3;
202300023224;155639407;B01;3;50;0;2;1;1;3;
202300023224;155639410;A01;3;7;0;2;3;1;0;
202300023225;155639406;B01;1;7;0;2;2;1;3;
202300023225;155639408;A01;1;1;0;2;3;15;5;
202300023226;155639404;A01;1;7;0;1;1;1;2;
202300023227;155639403;A01;2;7;0;2;1;0;1;
202300023227;155639405;B01;2;33;0;2;4;2;1;
202300023228;155639401;A01;0;30;0;2;7;17;1;
202300023228;155639402;B01;0;7;0;2;3;15;1;
202300023229;155639400;A01;1;7;0;2;1;1;1;
202300023230;155639398;B01;2;7;0;2;1;1;1;
202300023230;155639399;A01;2;7;0;2;5;1;1;
202300023231;155639397;A01;2;7;0;1;2;1;1;
202300023232;155639396;A01;3;32;0;0;8;1;1;
202300023233;155639392;A01;3;7;0;2;6;15;1;
202300023233;155639394;B01;3;1;0;2;1;1;5;
202300023234;155639393;B01;1;1;0;2;8;1;5;
202300023234;155639395;A01;1;7;0;2;8;17;1;
202300023235;155639390;A01;1;7;0;0;4;11;2;
202300023235;155639391;B01;1;7;14;0;1;1;1;
202300023236;155639388;A01;0;3;0;2;3;10;1;
202300023236;155639389;B01;0;34;0;2;1;5;1;
202300023237;155639385;B01;2;80;1;0;7;25;3;
202300023237;155639387;A01;1;7;0;9;7;24;1;
202300023238;155639384;A01;2;7;0;2;1;1;1;
202300023238;155639386;B01;2;7;0;2;0;0;1;
202300023239;155639383;A01;1;33;0;0;2;21;1;
202300023240;155639381;A01;3;7;0;2;1;1;1;
202300023240;155639382;B01;3;7;0;2;1;1;1;
202300023241;155639378;A01;3;7;0;2;7;1;2;
202300023241;155639380;B01;3;7;0;2;1;1;1;
202300023242;155639377;B01;2;33;0;2;9;1;1;
202300023242;155639379;A01;1;7;0;2;1;9;1;
202300023243;155639375;A01;1;7;0;0;2;0;1;
202300023244;155639374;B01;3;33;0;2;1;1;1;
202300023244;155639376;A01;2;10;0;2;1;15;1;
202300023245;155639373;A01;2;7;6;0;1;26;1;
202300023246;155639372;A01;0;7;1;1;2;1;1;
202300023247;155639371;A01;1;7;13;0;1;1;1;
202300023248;155639369;A01;2;32;0;2;7;1;1;
202300023248;155639370;X01;1;7;0;2;0;0;0;
202300023249;155639367;A01;1;34;0;2;2;1;1;
202300023249;155639368;B01;1;7;0;2;1;16;1;
202300023250;155639366;A01;1;7;13;0;2;1;1;
202300023251;155639364;A01;2;1;0;2;1;5;5;
202300023251;155639365;B01;1;7;0;2;2;1;2;
202300023252;155639363;A01;0;33;0;0;0;16;1;
202300023253;155639361;A01;3;1;0;2;4;1;5;
202300023253;155639362;C01;3;7;0;2;1;0;0;
202300023254;155639358;B01;1;0;0;2;0;0;0;
202300023254;155639360;A01;2;7;0;2;3;1;1;
202300023255;155639357;A01;3;7;0;2;2;1;1;
202300023255;155639359;B01;3;1;9;0;4;15;5;
202300023256;155639353;B01;1;33;0;2;3;1;1;
202300023256;155639355;A01;2;7;0;2;3;13;1;
202300023257;155639351;C01;2;31;0;2;4;3;1;
202300023257;155639352;D01;2;7;0;2;4;1;1;
202300023257;155639354;A01;2;31;0;2;2;3;1;
202300023257;155639356;B01;2;7;0;2;6;1;1;
202300023258;155639348;B01;2;7;0;2;2;2;1;
202300023258;155639349;A01;2;33;0;2;1;11;1;
202300023259;155639346;A01;2;13;0;2;2;1;1;
202300023259;155639347;B01;2;7;0;2;6;9;1;
202300023260;155639345;A01;2;7;0;2;8;1;1;
202300023260;155639350;B01;1;7;8;2;1;1;1;
202300023261;155639344;A01;1;7;1;0;7;14;1;
202300023262;155639341;A01;2;30;0;2;1;1;1;
202300023262;155639342;B01;2;32;0;2;4;1;1;
202300023263;155639340;A01;3;10;0;2;3;15;1;
202300023263;155639343;B01;1;33;0;2;1;1;1;
202300023264;155639338;A01;1;7;0;2;1;15;1;
202300023264;155639339;B01;1;32;0;2;8;1;3;
202300023265;155639335;A01;2;7;0;2;8;15;1;
202300023265;155639337;B01;1;31;0;2;1;1;1;
202300023266;155639334;A01;1;7;0;2;2;15;1;
202300023266;155639336;B01;2;33;0;2;3;1;1;
202300023267;155639332;A01;3;7;0;2;7;15;1;
202300023267;155639333;B01;3;31;0;2;0;1;1;
202300023268;155639331;A01;2;7;6;0;1;0;1;
202300023269;155639328;A01;3;7;0;2;1;2;3;
202300023269;155639330;B01;3;7;0;2;4;2;1;
202300023270;155639327;A01;2;7;0;2;8;13;1;
202300023270;155639329;B01;2;33;0;2;7;17;1;
202300023271;155639326;A01;1;50;12;0;3;13;3;
202300023272;155639324;A01;1;2;0;2;2;1;3;
202300023272;155639325;B01;1;14;0;2;6;1;6;
202300023273;155639320;A01;1;7;0;2;3;11;1;
202300023273;155639321;B01;1;1;0;2;7;1;5;
202300023274;155639319;A01;2;7;0;2;1;2;1;
202300023274;155639322;B01;2;7;0;2;4;23;1;
202300023274;155639323;C01;2;7;0;0;4;23;1;
202300023275;155639317;Z01;1;10;0;2;1;2;1;
202300023275;155639318;B01;1;1;0;2;4;13;5;
202300023276;155639315;A01;1;7;1;0;2;26;1;
202300023277;155639316;A01;2;7;2;0;1;1;1;
202300023278;155639312;A01;2;7;0;2;7;23;0;
202300023278;155639314;B01;2;50;1;2;1;18;3;
202300023279;155639311;A01;2;33;0;2;1;2;1;
202300023279;155639313;B01;2;7;0;0;8;15;1;
202300023280;155639309;A01;1;7;0;2;2;10;1;
202300023280;155639310;B01;2;2;0;2;8;0;1;
202300023281;155639308;A01;1;7;8;0;7;0;1;
202300023282;155639307;A01;2;10;2;0;1;1;1;
202300023283;155639306;A01;2;7;0;1;1;1;1;
202300023284;155639303;A01;2;7;0;0;4;1;1;
202300023284;155639305;B01;2;7;0;2;1;1;1;
202300023285;155639304;A01;1;33;0;6;2;1;1;
202300023286;155639302;A01;0;7;0;1;3;1;0;
202300023287;155639299;B01;0;7;0;2;4;2;1;
202300023287;155639300;A01;0;7;0;2;1;2;1;
202300023288;155639301;A01;2;2;7;0;0;1;1;
202300023289;155639297;A01;1;7;0;2;1;2;1;
202300023289;155639298;B01;1;7;0;0;4;2;1;
202300023290;155639296;A01;0;7;16;0;9;0;6;
202300023291;155639293;A01;1;32;0;2;1;1;1;
202300023291;155639295;B01;2;7;0;2;2;15;1;
202300023292;155639294;A01;1;7;3;0;2;14;1;
202300023293;155639291;B01;1;7;0;0;1;1;1;
202300023293;155639292;A01;2;7;0;2;1;13;2;
202300023294;155639288;A01;2;7;16;2;8;1;6;
202300023294;155639289;B01;1;33;0;2;1;1;6;
202300023295;155639290;A01;3;7;0;1;1;15;1;
202300023296;155639285;B01;2;15;0;2;2;21;1;
202300023296;155639287;A01;1;7;0;2;3;15;1;
202300023297;155639284;A01;1;7;0;2;5;26;1;
202300023297;155639286;B01;1;2;0;2;2;1;1;
202300023298;155639282;A01;3;34;0;2;9;0;1;
202300023298;155639283;B01;3;33;0;2;0;0;1;
202300023299;155639281;A01;1;2;12;0;1;1;1;
202300023300;155639280;A01;2;7;6;0;1;1;1;
202300023301;155639276;B01;1;7;3;2;1;2;1;
202300023301;155639278;A01;1;7;3;0;4;1;1;
202300023301;155639279;C01;1;7;0;9;0;2;1;
202300023302;155639275;A01;3;1;0;2;7;17;5;
202300023302;155639277;B01;3;1;0;2;8;1;5;
202300023303;155639271;A01;2;7;8;0;0;0;1;
202300023304;155639270;A01;1;31;0;2;7;17;0;
202300023304;155639272;B01;1;7;0;0;8;15;0;
202300023305;155639269;A01;1;7;13;0;2;1;0;
202300023306;155639265;A01;1;33;0;2;1;1;1;
202300023306;155639267;B01;1;1;0;2;0;10;5;
202300023307;155639266;B01;1;2;0;2;1;1;1;
202300023307;155639268;A01;2;7;0;2;7;19;1;
202300023308;155639264;A01;1;7;2;0;2;14;1;
202300023309;155639261;A01;1;33;0;0;0;0;1;
202300023310;155639262;A01;1;7;0;2;5;2;1;
202300023310;155639263;B01;1;31;0;2;8;2;1;
202300023311;155639260;A01;1;43;15;0;1;0;1;
202300023312;155639259;A01;0;7;0;0;0;1;1;
202300023313;155639258;A01;1;7;13;0;1;0;1;
202300023314;155639257;A01;1;7;0;1;2;1;1;
202300023315;155639256;A01;2;33;13;0;1;1;1;
202300023316;155639254;A01;1;2;0;2;7;1;1;
202300023316;155639255;B01;2;7;0;2;6;15;1;
202300023317;155639252;A01;1;7;2;0;7;1;1;
202300023318;155639251;B01;3;7;0;2;3;1;1;
202300023318;155639253;A01;3;7;0;2;3;15;1;
202300023319;155639250;A01;2;7;13;0;1;1;1;
202300023320;155639248;A01;1;36;13;0;2;2;1;
202300023321;155639249;A01;0;7;13;0;0;0;1;
202300023322;155639247;A01;1;7;13;0;1;1;1;
202300023323;155639244;A01;1;7;0;0;9;1;1;
202300023324;155639245;A01;1;7;0;2;8;1;1;
202300023324;155639246;B01;1;2;0;2;1;1;1;
202300023325;155639242;A01;1;7;0;2;2;17;1;
202300023325;155639243;B01;1;7;0;2;6;1;3;
202300023326;155639239;A01;1;7;0;2;3;13;1;
202300023326;155639240;B01;2;7;0;2;3;1;1;
202300023327;155639238;A01;2;33;0;6;1;1;1;
202300023328;155639235;B01;1;33;0;2;4;23;1;
202300023328;155639236;A01;1;33;0;2;1;1;1;
202300023329;155639234;B01;2;7;0;2;4;23;1;
202300023329;155639237;A01;2;7;0;2;1;2;1;
202300023329;155639241;C01;2;10;0;2;6;23;1;
202300023330;155639233;A01;0;7;2;0;1;0;1;
202300023331;155639231;A01;2;7;7;0;2;2;0;
202300023332;155639232;A01;1;7;16;0;0;23;1;
202300023333;155639230;A01;2;10;13;0;2;1;1;
202300023334;155639226;A01;2;7;0;2;1;13;1;
202300023334;155639227;B01;1;7;0;2;1;1;1;
202300023334;155639229;C01;1;7;0;2;1;1;1;
202300023335;155639228;A01;1;31;12;0;1;13;1;
202300023336;155639225;A01;1;2;12;0;7;1;1;
202300023337;155639223;A01;2;2;0;2;2;15;1;
202300023337;155639224;B01;1;2;0;2;3;1;1;
202300023338;155639222;A01;2;7;13;0;1;1;0;
202300023339;155639220;A01;1;7;0;2;1;13;1;
202300023339;155639221;B01;2;38;0;0;1;1;1;1.0
202300023340;155639219;A01;2;7;2;6;1;0;1;
202300023341;155639213;D01;2;7;0;2;1;21;1;
202300023341;155639216;A01;2;7;14;0;3;1;1;
202300023341;155639217;B01;2;7;0;2;1;21;1;
202300023341;155639218;C01;2;7;3;0;3;0;2;
202300023342;155639214;A01;3;10;0;2;4;4;1;
202300023342;155639215;B01;3;30;0;2;1;23;1;
202300023343;155639211;A01;3;31;0;2;8;26;1;
202300023343;155639212;B01;2;7;0;2;3;1;1;
202300023344;155639209;A01;0;7;0;0;0;0;1;
202300023345;155639210;A01;1;10;17;0;3;1;1;
202300023346;155639208;A01;1;7;8;0;7;1;1;
202300023347;155639207;A01;2;7;17;0;9;1;1;
202300023348;155639206;A01;3;32;0;1;4;1;1;
202300023349;155639205;A01;2;33;13;0;1;1;1;
202300023350;155639202;A01;2;10;0;2;1;2;1;
202300023350;155639204;B01;2;10;0;0;4;2;1;
202300023351;155639200;A01;2;7;0;0;6;23;0;
202300023351;155639201;C01;2;7;1;0;9;1;0;
202300023351;155639203;B01;2;7;3;0;1;1;0;
202300023352;155639197;A01;3;7;0;9;1;1;0;
202300023352;155639198;B01;3;1;0;2;1;5;5;
202300023353;155639196;B01;0;1;0;0;0;25;5;
202300023353;155639199;A01;2;7;0;0;1;0;0;
202300023354;155639195;A01;3;1;0;0;1;1;5;
202300023355;155639192;A01;1;33;0;2;8;13;1;
202300023355;155639194;B01;2;33;0;2;8;1;1;
202300023356;155639188;A01;1;7;0;2;3;13;1;
202300023356;155639190;B01;2;33;0;2;1;1;1;
202300023357;155639184;A01;2;7;0;2;1;1;1;
202300023357;155639185;B01;1;7;0;0;3;1;1;
202300023358;155639181;A01;1;7;13;0;8;16;0;
202300023359;155639182;C01;2;7;0;9;1;2;1;
202300023359;155639183;D01;2;7;14;0;0;2;1;
202300023359;155639186;G01;2;7;14;0;0;2;1;
202300023359;155639187;F01;2;7;14;0;0;2;1;
202300023359;155639189;A01;2;7;0;2;1;2;1;
202300023359;155639191;B01;2;7;0;2;4;2;1;
202300023359;155639193;E01;2;7;14;0;0;2;1;
202300023360;155639180;A01;3;7;6;0;8;1;1;
202300023361;155639179;A01;3;10;16;0;3;13;1;
202300023362;155639175;A01;2;7;0;2;1;0;2;
202300023362;155639177;B01;1;7;0;0;1;0;1;
202300023363;155639174;A01;0;7;0;0;2;15;1;
202300023363;155639176;B01;0;7;0;2;3;1;1;
202300023364;155639172;A01;1;7;0;2;1;1;1;
202300023364;155639173;B01;1;7;0;2;8;10;1;
202300023365;155639171;A01;2;7;1;2;1;20;1;
202300023366;155639169;A01;1;7;0;0;5;9;1;
202300023366;155639170;B01;1;80;0;0;2;26;3;
202300023367;155639166;A01;3;7;0;0;4;2;1;
202300023367;155639168;B01;3;33;0;2;1;2;1;
202300023368;155639165;A01;2;10;0;2;1;13;1;
202300023368;155639167;B01;1;7;0;2;1;1;1;
202300023369;155639162;B01;2;2;0;2;2;1;1;
202300023369;155639164;A01;1;7;0;2;2;1;1;
202300023370;155639160;A01;1;7;3;0;1;1;1;
202300023371;155639161;A01;2;7;0;2;2;19;1;
202300023371;155639163;B01;1;33;0;2;1;1;1;
202300023372;155639159;A01;1;32;0;0;1;1;1;
202300023373;155639158;A01;2;7;5;0;1;0;1;
202300023374;155639157;A01;2;31;0;2;6;1;1;
202300023375;155639155;A01;2;7;4;0;1;1;1;
202300023376;155639151;A01;1;7;0;2;1;1;1;
202300023376;155639153;B01;1;7;0;2;3;1;1;
202300023376;155639154;C01;1;7;0;2;4;1;1;
202300023377;155639150;A01;2;10;0;2;3;5;1;
202300023377;155639152;B01;1;7;0;2;3;1;1;
202300023378;155639149;A01;1;7;3;0;2;1;1;
202300023379;155639148;A01;1;7;0;1;3;0;1;
202300023380;155639145;C01;2;7;0;2;4;2;1;
202300023380;155639146;A01;2;10;0;2;1;2;1;
202300023380;155639147;B01;2;7;0;2;4;2;1;
202300023381;155639142;A01;1;10;4;0;3;0;1;
202300023382;155639143;A01;1;7;0;2;3;11;1;
202300023382;155639144;B01;2;33;0;2;1;1;1;
202300023383;155639141;A01;2;7;3;0;1;0;1;
202300023384;155639140;A01;2;7;6;0;1;15;1;
202300023385;155639136;A01;2;7;0;2;8;1;1;
202300023385;155639138;B01;2;10;0;2;7;1;1;
202300023385;155639139;C01;2;7;0;2;4;1;1;
202300023386;155639135;A01;1;7;0;2;2;16;1;
202300023386;155639137;B01;1;2;0;2;1;18;1;
202300023387;155639133;B01;2;10;0;2;1;2;1;
202300023387;155639134;A01;2;10;0;2;4;2;1;
202300023388;155639129;A01;2;7;0;2;3;17;1;
202300023388;155639132;B01;2;33;0;2;7;17;1;
202300023389;155639128;A01;2;33;4;2;1;3;1;
202300023389;155639130;B01;2;33;4;0;4;11;1;
202300023389;155639131;C01;2;7;4;0;4;1;1;
202300023390;155639127;A01;3;99;14;1;3;19;6;
202300023391;155639123;B01;3;0;0;0;0;0;0;
202300023391;155639125;A01;3;31;0;2;1;0;0;
202300023392;155639124;A01;1;7;0;2;2;17;1;
202300023392;155639126;B01;1;10;0;2;8;15;1;
202300023393;155639122;A01;3;30;0;1;1;1;1;
202300023394;155639121;A01;2;7;13;0;1;1;1;
202300023395;155639120;A01;3;7;0;1;4;4;1;
202300023396;155639117;A01;2;7;1;0;3;13;1;
202300023397;155639118;A01;1;33;0;2;1;17;1;
202300023397;155639119;B01;2;10;0;2;2;19;1;
202300023398;155639116;A01;0;7;0;1;1;0;0;
202300023399;155639115;A01;3;2;0;0;0;2;6;
202300023400;155639114;A01;2;2;0;0;7;1;1;
202300023401;155639110;A01;1;30;0;2;1;1;1;
202300023401;155639112;B01;1;7;0;2;1;1;0;
202300023402;155639111;A01;1;7;0;2;1;5;1;
202300023402;155639113;B01;2;7;0;2;1;1;1;
202300023403;155639109;A01;1;7;0;1;2;1;1;
202300023404;155639107;A01;1;7;0;2;8;2;1;
202300023404;155639108;B01;1;34;0;2;7;2;1;
202300023405;155639106;A01;3;7;1;0;2;0;1;
202300023406;155639100;B01;2;7;0;2;1;2;-1;
202300023406;155639102;A01;2;7;0;0;4;2;0;
202300023407;155639095;A01;1;10;0;2;3;5;1;
202300023407;155639097;B01;2;7;0;2;3;1;1;
202300023408;155639094;A01;1;7;0;2;1;2;1;
202300023408;155639096;B01;1;7;0;2;4;2;1;
202300023408;155639098;C01;1;7;0;2;4;2;1;
202300023409;155639092;A01;1;7;0;2;8;9;1;
202300023409;155639093;B01;1;1;0;2;1;15;5;
202300023410;155639090;A01;1;7;8;0;1;13;1;
202300023411;155639089;A01;3;10;14;2;3;0;1;
202300023411;155639091;B01;3;7;0;2;4;23;1;
202300023412;155639086;B01;1;33;0;2;1;1;1;
202300023412;155639088;A01;2;7;0;2;2;19;1;
202300023413;155639084;A01;3;7;0;1;1;20;1;
202300023414;155639083;C01;2;7;0;2;5;2;1;
202300023414;155639085;A01;2;7;0;2;1;2;1;
202300023414;155639087;B01;2;7;0;2;4;2;2;
202300023415;155639081;A01;2;10;0;2;4;26;1;
202300023415;155639082;B01;2;33;0;2;1;23;1;
202300023416;155639079;A01;2;7;0;2;1;2;0;
202300023416;155639080;B01;2;7;0;2;4;1;0;
202300023417;155639076;A01;1;33;0;0;7;0;1;
202300023418;155639073;B01;1;7;0;2;0;0;1;
202300023418;155639074;C01;1;7;0;2;0;0;1;
202300023418;155639075;A01;1;7;0;2;1;2;1;
202300023419;155639071;A01;2;10;3;2;3;1;1;
202300023419;155639072;B01;2;13;0;2;5;9;1;
202300023420;155639069;B01;3;33;0;2;8;18;1;
202300023420;155639070;A01;3;7;0;2;7;16;1;
202300023421;155639065;B01;1;7;0;2;5;0;1;
202300023421;155639067;A01;1;7;14;2;1;1;1;
202300023422;155639066;A01;2;10;0;2;1;1;1;
202300023422;155639068;B01;2;7;0;2;4;1;1;
202300023423;155639064;A01;1;7;0;1;2;1;1;
202300023424;155639062;A01;2;7;1;0;1;2;2;
202300023424;155639063;B01;2;7;0;2;4;23;1;
202300023425;155639060;A01;3;1;0;2;1;19;5;
202300023425;155639061;B01;3;7;0;2;8;19;1;
202300023426;155639055;B01;3;1;0;2;1;1;5;
202300023426;155639057;A01;3;30;0;2;7;16;1;
202300023427;155639054;A01;2;7;0;2;1;1;1;
202300023427;155639056;B01;2;7;0;2;4;23;1;
202300023427;155639058;C01;2;7;0;2;4;23;1;
202300023427;155639059;D01;2;7;0;2;4;23;1;
202300023428;155639052;B01;3;14;0;2;0;1;1;
202300023428;155639053;A01;1;80;0;2;1;19;3;
202300023429;155639049;A01;3;7;0;2;1;1;0;
202300023429;155639050;C01;1;2;0;2;1;1;0;
202300023430;155639048;A01;1;7;0;2;4;1;1;
202300023430;155639051;Z01;1;7;0;2;0;0;0;
202300023431;155639047;A01;3;7;6;0;3;1;1;
202300023432;155639045;B01;1;7;0;2;2;1;1;
202300023432;155639046;A01;1;33;0;2;6;11;1;
202300023433;155639043;A01;3;7;0;2;3;13;1;
202300023433;155639044;B01;3;50;0;2;1;15;3;
202300023434;155639039;A01;1;7;0;2;3;26;1;
202300023434;155639041;B01;1;7;0;2;7;15;1;
202300023435;155639038;A01;1;10;0;2;2;1;1;
202300023435;155639040;B01;1;7;0;2;1;1;1;
202300023435;155639042;C01;1;7;4;2;0;1;1;
202300023436;155639036;A01;1;7;0;2;1;2;1;
202300023436;155639037;B01;1;7;0;2;4;1;1;
202300023437;155639035;A01;1;33;0;0;0;1;1;
202300023438;155639031;A01;3;7;0;2;8;9;1;
202300023438;155639033;B01;3;50;0;2;1;0;3;
202300023439;155639030;B01;1;7;0;2;2;26;1;
202300023439;155639032;A01;1;7;0;2;7;5;1;
202300023440;155639028;A01;2;33;0;2;2;17;1;
202300023440;155639029;B01;1;7;0;2;3;1;1;
202300023441;155639025;B01;2;7;0;2;1;1;1;
202300023441;155639026;A01;2;7;0;2;2;15;1;
202300023442;155639027;A01;2;7;13;0;9;1;1;
202300023443;155639023;A01;2;7;0;1;2;1;1;
202300023444;155639022;A01;1;50;0;2;8;1;3;
202300023444;155639024;B01;1;7;0;2;1;1;1;
202300023445;155639021;A01;3;7;0;0;1;10;1;
202300023446;155639019;B01;3;7;0;2;1;15;1;
202300023446;155639020;A01;3;1;0;2;1;5;5;
202300023447;155639017;A01;1;7;0;2;1;1;1;
202300023447;155639018;B01;2;50;0;2;1;5;3;
202300023448;155639015;A01;1;7;0;2;5;16;1;
202300023448;155639016;B01;1;2;0;2;1;1;1;
202300023449;155639013;A01;1;33;9;2;7;17;1;
202300023449;155639014;B01;1;7;0;2;8;15;1;
202300023450;155639011;A01;1;1;0;2;4;1;5;
202300023450;155639012;B01;1;7;0;9;1;1;1;
202300023451;155639010;A01;2;7;0;1;3;1;1;
202300023452;155639008;A01;1;31;0;2;1;2;1;
202300023452;155639009;B01;1;7;0;2;6;2;1;
202300023453;155639006;A01;1;7;0;2;7;10;1;
202300023453;155639007;B01;1;31;0;2;1;18;1;
202300023454;155639004;A01;1;33;0;2;1;7;1;
202300023454;155639005;B01;1;7;0;2;2;16;1;
202300023455;155639002;A01;1;33;0;2;1;13;1;
202300023455;155639003;B01;2;7;0;2;3;1;1;
202300023456;155639000;A01;2;7;0;2;1;9;1;
202300023456;155639001;B01;2;33;0;2;5;15;1;
202300023457;155638998;A01;1;7;0;2;8;9;1;
202300023457;155638999;B01;1;7;0;2;1;1;1;
202300023458;155638996;A01;1;7;12;0;1;16;1;
202300023458;155638997;B01;1;60;12;0;1;25;5;
202300023459;155638994;A01;1;33;0;2;1;7;1;
202300023459;155638995;B01;1;7;0;2;5;16;1;
202300023460;155638992;A01;3;10;0;2;1;15;1;
202300023460;155638993;B01;3;2;0;2;2;1;1;
202300023461;155638991;A01;0;7;0;1;3;1;1;
202300023462;155638990;A01;3;0;0;1;1;1;0;
202300023463;155638988;A01;2;10;0;2;6;17;1;
202300023463;155638989;B01;2;34;0;2;2;17;1;
202300023464;155638987;A01;1;2;0;0;0;0;1;
202300023465;155638985;B01;3;7;0;2;1;1;1;
202300023465;155638986;A01;3;1;0;2;6;19;5;
202300023466;155638984;A01;0;7;0;1;0;1;1;
202300023467;155638982;A01;3;7;0;2;2;15;2;
202300023467;155638983;B01;3;33;0;2;1;1;1;
202300023468;155638980;B01;1;2;0;2;1;1;1;
202300023468;155638981;A01;2;7;0;2;3;15;2;
202300023469;155638977;A01;2;7;0;2;7;12;1;
202300023469;155638978;B01;2;31;0;2;1;3;1;
202300023470;155638975;A01;1;1;0;2;1;1;5;
202300023470;155638976;B01;1;7;0;2;3;0;1;
202300023471;155638974;A01;1;37;0;1;2;16;6;1.0
202300023472;155638972;B01;3;7;0;2;8;0;0;
202300023472;155638973;A01;3;7;8;2;8;26;0;
202300023473;155638970;A01;1;1;0;2;1;19;5;
202300023473;155638971;B01;1;10;0;2;5;16;1;
202300023474;155638968;A01;3;7;0;2;5;15;1;
202300023474;155638969;B01;3;33;0;2;1;1;1;
202300023475;155638966;A01;3;7;0;2;8;22;1;
202300023475;155638967;B01;3;50;0;2;1;1;3;
202300023476;155638962;D01;1;10;0;2;8;1;3;
202300023476;155638963;C01;2;10;0;2;2;1;3;
202300023476;155638964;A01;2;7;0;2;1;5;1;
202300023476;155638965;B01;1;7;0;2;1;1;1;
202300023477;155638960;B01;1;7;0;2;3;1;1;