Num_Acc;id_vehicule;num_veh;senc;catv;obs;obsm;choc;manv;motor;occutc
202300023477;155638961;A01;1;50;0;2;1;26;3;
202300023478;155638958;A01;2;7;1;0;3;13;1;
202300023478;155638959;B01;2;7;1;2;5;24;1;
202300023479;155638956;B01;1;33;0;2;8;1;1;
202300023479;155638957;A01;2;7;0;2;8;15;1;
202300023480;155638954;A01;1;7;0;2;4;4;1;
202300023480;155638955;B01;1;7;0;2;1;23;0;
202300023481;155638952;A01;2;80;16;0;0;1;3;
202300023482;155638951;A01;3;7;0;2;2;26;1;
202300023482;155638953;B01;1;1;0;2;1;1;5;
202300023483;155638949;A01;2;33;0;2;7;17;1;
202300023483;155638950;B01;2;7;0;2;8;15;1;
202300023484;155638947;A01;2;7;0;2;2;10;1;
202300023484;155638948;B01;2;33;1;2;1;1;1;
202300023485;155638945;A01;2;30;0;2;8;13;1;
202300023485;155638946;B01;2;33;0;2;7;17;1;
202300023486;155638943;B01;2;10;0;2;8;15;1;
202300023486;155638944;A01;2;32;0;2;7;13;1;
202300023487;155638942;A01;3;7;1;0;0;9;1;
202300023488;155638941;A01;2;10;0;1;1;5;1;
202300023489;155638940;A01;1;3;0;1;2;9;1;
202300023490;155638936;A01;3;7;0;2;1;0;1;
202300023490;155638939;B01;3;2;0;2;3;16;1;
202300023491;155638935;A01;3;33;0;2;3;17;1;
202300023491;155638937;C01;1;7;0;2;6;23;1;
202300023491;155638938;B01;1;7;0;2;3;15;1;
202300023492;155638932;B01;2;32;0;2;1;17;0;
202300023492;155638934;A01;2;7;0;2;3;15;0;
202300023493;155638931;A01;2;7;0;2;2;2;1;
202300023493;155638933;B01;2;7;13;0;6;2;0;
202300023494;155638929;A01;1;7;0;2;4;2;1;
202300023494;155638930;B01;1;10;0;2;1;1;1;
202300023495;155638927;A01;1;7;0;1;0;19;0;
202300023496;155638926;A01;3;7;0;1;1;1;1;
202300023497;155638925;A01;2;7;0;1;1;1;1;
202300023498;155638923;A01;1;33;0;1;3;3;1;
202300023499;155638922;A01;2;0;0;2;5;17;0;
202300023499;155638924;B01;2;1;0;2;1;1;5;
202300023500;155638921;A01;1;7;13;0;1;1;1;
202300023501;155638919;A01;3;7;0;2;8;10;1;
202300023501;155638920;B01;3;2;0;2;1;1;1;
202300023502;155638916;A01;1;7;0;2;3;15;3;
202300023502;155638918;B01;2;10;0;2;2;21;1;
202300023503;155638915;B01;1;33;0;2;8;1;1;
202300023503;155638917;A01;2;7;0;2;2;15;1;
202300023504;155638912;B01;2;7;0;2;3;13;1;
202300023504;155638914;A01;1;15;0;2;3;1;1;
202300023505;155638911;A01;3;1;0;2;1;25;5;
202300023505;155638913;B01;3;15;0;1;6;1;1;
202300023506;155638910;A01;3;7;15;0;1;10;1;
202300023507;155638908;B01;3;7;0;2;8;1;0;
202300023507;155638909;A01;3;99;0;2;2;1;1;
202300023508;155638906;A01;1;7;0;2;5;15;1;
202300023508;155638907;B01;2;33;0;2;1;1;1;
202300023509;155638904;A01;1;7;0;2;8;24;2;
202300023509;155638905;B01;1;1;1;0;2;1;5;
202300023510;155638901;A01;1;10;4;2;8;13;1;
202300023510;155638903;B01;1;7;4;2;7;17;1;
202300023511;155638900;A01;1;7;0;9;3;1;1;
202300023511;155638902;B01;1;50;0;2;2;19;3;
202300023512;155638897;A01;1;7;0;0;1;15;1;
202300023513;155638896;A01;2;10;0;2;2;12;1;
202300023513;155638898;B01;2;21;0;2;6;1;1;
202300023513;155638899;C01;2;7;0;2;1;1;1;
202300023514;155638895;A01;3;7;0;1;4;20;1;
202300023515;155638894;A01;1;7;0;1;1;1;1;
202300023516;155638891;A01;3;7;0;2;8;1;1;
202300023516;155638893;B01;3;80;0;0;1;1;3;
202300023517;155638890;B01;2;31;0;2;1;17;1;
202300023517;155638892;A01;2;7;0;2;3;15;1;
202300023518;155638889;A01;0;33;0;0;9;1;1;
202300023519;155638888;Z01;3;33;0;1;1;1;1;
202300023520;155638885;B01;2;7;0;2;3;1;1;
202300023520;155638887;A01;1;10;0;2;1;13;1;
202300023521;155638886;A01;1;7;0;1;3;1;1;
202300023522;155638883;Z01;2;10;0;2;8;22;1;
202300023522;155638884;B01;2;1;1;0;1;1;5;
202300023523;155638881;A01;1;7;0;2;1;13;1;
202300023523;155638882;B01;2;7;0;2;1;1;2;
202300023524;155638878;Z01;3;7;0;2;1;0;1;
202300023524;155638880;B01;3;50;0;2;4;1;3;
202300023525;155638877;B01;2;7;0;2;3;1;1;
202300023525;155638879;A01;2;10;0;2;1;9;1;
202300023526;155638874;A01;2;2;13;0;1;1;1;
202300023527;155638875;A01;1;7;0;2;1;1;1;
202300023527;155638876;B01;0;7;0;2;4;15;1;
202300023528;155638873;A01;2;2;0;0;0;2;1;
202300023529;155638871;A01;1;2;12;0;2;0;1;
202300023530;155638870;A01;2;7;0;2;7;15;1;
202300023530;155638872;B01;1;7;0;2;2;1;1;
202300023531;155638869;A01;1;15;0;1;1;1;0;
202300023532;155638867;A01;2;7;0;2;4;23;1;
202300023532;155638868;B01;2;10;0;2;1;2;1;
202300023533;155638864;C01;2;7;0;2;1;1;2;
202300023533;155638865;A01;2;7;0;2;1;13;1;
202300023533;155638866;B01;1;7;0;2;1;1;1;
202300023534;155638863;A01;2;7;0;0;9;0;1;
202300023535;155638861;B01;2;2;0;2;3;2;0;
202300023535;155638862;A01;2;7;0;2;5;2;0;
202300023536;155638860;A01;2;30;0;1;1;17;1;
202300023537;155638859;A01;0;7;0;1;7;2;1;
202300023538;155638856;A01;0;7;1;2;8;24;0;
202300023538;155638858;B01;0;50;1;2;1;2;3;
202300023539;155638855;A01;2;7;0;2;1;2;1;
202300023539;155638857;B01;2;7;0;2;4;15;1;
202300023540;155638853;A01;1;33;7;0;2;14;1;
202300023541;155638852;A01;3;7;0;2;2;15;1;
202300023541;155638854;B01;3;1;0;2;1;13;5;
202300023542;155638851;A01;2;7;16;0;9;26;0;
202300023543;155638849;A01;2;1;8;0;9;1;5;
202300023544;155638848;B01;0;99;0;2;1;1;1;
202300023544;155638850;A01;0;7;0;2;8;19;1;
202300023545;155638845;A01;1;3;0;2;1;1;1;
202300023545;155638846;B01;1;7;0;9;4;21;1;
202300023546;155638843;A01;2;33;1;0;3;1;1;
202300023546;155638844;B01;1;7;0;2;3;15;1;
202300023547;155638842;A01;1;7;0;1;0;0;1;
202300023548;155638841;A01;2;15;4;0;3;13;1;
202300023549;155638837;A01;2;7;0;0;6;13;1;
202300023549;155638839;B01;2;33;0;2;1;17;1;
202300023550;155638838;B01;1;99;0;2;1;1;3;
202300023550;155638840;A01;2;7;0;2;7;1;1;
202300023551;155638836;A01;1;7;0;0;2;1;1;
202300023552;155638834;A01;2;31;11;0;0;0;1;
202300023553;155638833;A01;1;10;0;2;6;9;1;
202300023553;155638835;B01;3;7;0;2;1;1;1;
202300023554;155638829;A01;2;7;0;0;1;15;1;
202300023554;155638832;B01;1;33;0;0;1;1;1;
202300023555;155638830;B01;3;40;0;2;3;1;3;
202300023555;155638831;A01;3;1;0;4;2;0;5;
202300023556;155638827;A01;2;7;0;2;3;0;1;
202300023556;155638828;B01;1;7;0;0;3;1;1;
202300023557;155638823;A01;1;7;4;0;3;1;1;
202300023558;155638822;A01;3;10;0;1;6;20;1;
202300023559;155638820;B01;1;2;0;2;1;2;0;
202300023559;155638821;A01;1;10;0;0;6;9;1;
202300023560;155638818;B01;1;7;0;2;1;2;1;
202300023560;155638819;A01;1;7;0;0;4;23;1;
202300023561;155638817;A01;2;33;12;0;8;17;1;
202300023562;155638814;B01;2;14;0;0;6;2;1;
202300023562;155638815;A01;2;7;0;2;7;17;1;
202300023563;155638812;A01;1;33;1;0;1;2;0;
202300023563;155638813;B01;1;7;0;2;4;23;0;
202300023564;155638810;A01;3;7;0;2;3;26;1;
202300023564;155638811;B01;3;31;0;2;1;1;1;
202300023565;155638807;B01;2;7;0;0;3;1;1;
202300023565;155638808;A01;1;7;0;0;3;13;1;
202300023565;155638809;C01;2;10;0;2;3;1;1;
202300023566;155638805;A01;1;7;0;2;1;13;1;
202300023566;155638806;B01;1;15;0;2;1;1;1;
202300023567;155638803;A01;1;7;0;2;1;2;1;
202300023567;155638804;B01;1;1;0;2;8;15;5;
202300023568;155638802;A01;2;33;6;0;1;1;1;
202300023569;155638801;A01;2;7;0;0;1;1;1;
202300023570;155638799;A01;2;7;0;2;3;9;1;
202300023570;155638800;B01;0;1;0;2;7;1;5;
202300023571;155638797;B01;2;7;0;0;3;13;0;
202300023571;155638798;A01;1;7;0;0;3;1;0;
202300023572;155638795;A01;0;7;12;0;1;1;1;
202300023573;155638793;A01;1;7;0;0;4;9;1;
202300023573;155638794;B01;1;37;0;2;1;2;1;1.0
202300023574;155638792;A01;2;7;10;0;3;1;1;
202300023575;155638790;X01;1;10;0;2;5;12;0;
202300023575;155638791;A01;1;7;0;2;3;1;1;
202300023576;155638789;A01;1;33;0;0;0;2;1;
202300023577;155638784;D01;2;7;0;2;4;2;0;
202300023577;155638785;E01;2;7;0;2;4;2;1;
202300023577;155638786;C01;2;7;0;2;4;2;1;
202300023577;155638787;B01;2;7;0;2;4;2;1;
202300023577;155638788;A01;2;7;0;2;1;2;1;
202300023578;155638782;A01;2;14;0;2;7;12;1;
202300023578;155638783;B01;2;7;0;2;6;1;1;
202300023579;155638780;B01;1;7;0;2;4;1;1;
202300023579;155638781;A01;1;7;0;2;1;2;3;
202300023580;155638778;A01;2;7;0;2;3;1;0;
202300023580;155638779;B01;1;7;0;2;3;13;0;
202300023581;155638776;B01;2;7;0;2;6;2;1;
202300023581;155638777;A01;2;17;0;2;2;12;1;
202300023582;155638774;A01;2;14;0;2;1;2;1;
202300023582;155638775;B01;2;7;0;2;4;2;1;
202300023583;155638773;A01;1;33;0;0;0;21;1;
202300023584;155638771;A01;2;7;0;2;1;1;1;
202300023584;155638772;B01;2;14;0;2;4;1;1;
202300023585;155638769;B01;2;33;0;2;7;1;1;
202300023585;155638770;A01;2;7;0;2;8;11;1;
202300023586;155638767;B01;1;15;0;2;6;23;1;
202300023586;155638768;A01;1;32;0;2;7;18;1;
202300023587;155638765;A01;2;33;3;2;1;3;1;
202300023587;155638766;B01;2;7;3;2;7;12;1;
202300023588;155638762;A01;2;7;0;2;1;2;1;
202300023588;155638763;B01;2;7;0;2;4;2;2;
202300023588;155638764;C01;2;7;0;2;4;2;1;
202300023589;155638761;A01;2;31;0;0;7;1;1;
202300023590;155638759;A01;2;33;0;2;2;3;1;
202300023590;155638760;B01;2;10;0;2;1;2;3;
202300023591;155638757;A01;2;33;0;2;2;26;1;
202300023591;155638758;B01;2;7;0;2;6;1;0;
202300023592;155638754;A01;2;7;0;2;2;14;1;
202300023592;155638755;B01;2;15;0;2;8;1;1;
202300023592;155638756;C01;2;7;0;2;4;1;1;
202300023593;155638752;B01;2;7;0;2;4;11;1;
202300023593;155638753;A01;2;33;0;2;1;3;1;
202300023594;155638749;A01;1;10;0;2;4;2;1;
202300023594;155638750;B01;1;10;0;2;1;2;1;
202300023594;155638751;C01;1;7;0;2;1;2;1;
202300023595;155638747;A01;1;7;0;0;9;1;1;
202300023595;155638748;B01;1;7;0;2;1;1;1;
202300023596;155638744;A01;1;31;0;2;1;3;1;
202300023596;155638745;B01;1;33;0;2;4;3;1;
202300023596;155638746;C01;1;10;0;2;5;1;1;
202300023597;155638741;B01;1;15;0;2;8;1;1;
202300023597;155638742;C01;1;10;0;2;8;1;1;
202300023597;155638743;A01;1;7;0;2;9;13;1;
202300023598;155638734;A01;1;33;0;1;1;17;1;
202300023599;155638732;A01;1;10;0;2;3;15;0;
202300023599;155638733;B01;2;31;0;2;8;16;1;
202300023600;155638730;A01;1;50;0;2;1;19;3;
202300023600;155638731;B01;1;7;0;2;2;1;2;
202300023601;155638728;B01;3;50;0;2;5;19;3;
202300023601;155638729;A01;1;7;0;2;1;1;1;
202300023602;155638726;A01;1;31;0;2;1;17;1;
202300023602;155638727;B01;1;7;0;2;4;15;1;
202300023603;155638725;A01;1;7;8;0;1;5;1;
202300023604;155638723;A01;2;7;0;2;3;1;1;
202300023604;155638724;B01;1;3;0;2;3;5;1;
202300023605;155638722;A01;3;10;0;1;4;4;1;
202300023606;155638719;B01;1;7;0;2;3;5;1;
202300023606;155638720;C01;1;7;0;2;8;21;1;
202300023606;155638721;A01;1;7;0;2;3;21;1;
202300023607;155638716;A01;1;7;0;2;3;13;1;
202300023607;155638717;B01;2;7;0;2;6;0;1;
202300023608;155638714;A01;2;50;0;2;7;1;3;
202300023608;155638715;B01;1;7;0;2;1;1;1;
202300023609;155638713;A01;3;7;0;1;3;1;1;
202300023610;155638711;A01;3;7;0;2;1;5;1;
202300023610;155638712;B01;3;7;0;2;1;1;1;
202300023611;155638709;B01;1;31;0;2;6;1;1;
202300023611;155638710;A01;1;7;0;2;1;9;1;
202300023612;155638706;A01;1;10;6;1;2;0;1;
202300023613;155638704;A01;2;33;0;2;1;1;1;
202300023613;155638705;B01;1;7;0;2;8;5;1;
202300023614;155638703;A01;2;7;0;1;1;1;1;
202300023615;155638702;A01;2;7;0;1;2;11;1;
202300023616;155638700;B01;0;31;0;2;3;0;0;
202300023616;155638701;A01;0;7;0;2;2;13;0;
202300023617;155638698;A01;2;7;0;2;1;1;0;
202300023617;155638699;B01;2;7;0;2;3;0;0;
202300023618;155638696;B01;2;7;13;2;1;1;1;
202300023618;155638697;A01;1;7;0;2;1;13;1;
202300023619;155638694;A01;2;37;0;2;5;17;1;1.0
202300023619;155638695;B01;2;99;0;2;8;15;3;
202300023620;155638692;B01;2;30;0;2;1;1;1;
202300023620;155638693;A01;1;7;0;2;1;15;1;
202300023621;155638690;B01;1;32;0;2;1;26;1;
202300023621;155638691;A01;1;7;0;2;4;23;1;
202300023622;155638688;A01;1;7;0;2;1;2;1;
202300023622;155638689;B01;1;7;0;1;4;23;1;
202300023623;155638687;A01;1;7;0;0;1;1;1;
202300023624;155638685;A01;3;33;0;2;1;1;1;
202300023624;155638686;B01;3;7;0;2;8;1;1;
202300023625;155638683;B01;2;7;0;2;4;1;1;
202300023625;155638684;A01;2;7;0;2;1;1;1;
202300023626;155638682;A01;1;7;8;0;1;26;1;
202300023627;155638680;B01;1;2;0;2;8;1;1;
202300023627;155638681;A01;1;7;0;2;2;16;1;
202300023628;155638677;A01;2;1;0;2;4;15;5;
202300023628;155638678;Z01;2;7;0;2;1;13;0;
202300023629;155638676;A01;0;7;0;2;1;1;1;
202300023629;155638679;B01;0;10;0;2;4;23;1;
202300023630;155638674;A01;1;7;0;0;0;0;1;
202300023631;155638673;A01;1;7;0;2;1;1;1;
202300023631;155638675;B01;1;7;0;0;5;12;1;
202300023632;155638671;A01;2;7;0;2;7;17;1;
202300023632;155638672;B01;2;50;0;2;8;1;3;
202300023633;155638670;A01;3;7;0;1;2;1;1;
202300023634;155638668;A01;3;7;0;2;4;4;1;
202300023634;155638669;B01;3;30;1;2;1;1;1;
202300023635;155638665;A01;1;7;0;2;7;15;1;
202300023635;155638667;B01;1;33;0;2;1;1;1;
202300023636;155638663;A01;3;30;0;0;0;26;1;
202300023637;155638664;A01;3;33;12;2;2;17;1;
202300023637;155638666;B01;3;7;0;2;3;15;1;
202300023638;155638660;A01;2;7;0;2;3;12;1;
202300023638;155638662;B01;2;1;0;2;7;1;5;
202300023639;155638659;B01;2;7;0;2;8;0;1;
202300023639;155638661;A01;1;7;0;2;8;1;1;
202300023640;155638658;A01;2;7;0;1;1;26;0;
202300023641;155638657;A01;2;7;8;0;1;14;1;
202300023642;155638656;A01;3;7;0;1;8;1;1;
202300023643;155638653;A01;1;7;0;2;2;1;1;
202300023643;155638655;B01;1;7;0;2;8;1;1;
202300023644;155638649;A01;3;7;0;2;2;1;1;
202300023644;155638651;B01;3;7;0;2;3;1;1;
202300023645;155638647;A01;0;7;0;1;2;1;0;
202300023646;155638648;A01;2;10;0;2;1;15;1;
202300023646;155638650;B01;2;1;0;2;3;1;5;
202300023647;155638646;A01;2;7;1;0;4;1;2;
202300023648;155638644;A01;3;50;0;2;1;15;3;
202300023648;155638645;B01;3;7;0;2;2;1;1;
202300023649;155638642;B01;1;7;0;2;5;23;1;
202300023649;155638643;A01;1;7;0;2;3;3;1;
202300023650;155638640;B01;1;2;0;2;1;1;1;
202300023650;155638641;A01;2;7;0;2;3;15;1;
202300023651;155638638;A01;1;30;0;2;1;26;1;
202300023651;155638639;B01;1;7;0;2;2;15;1;
202300023652;155638636;B01;2;30;0;2;1;1;1;
202300023652;155638637;A01;2;7;0;2;3;16;1;
202300023653;155638633;A01;0;7;0;0;2;16;1;
202300023653;155638634;B01;1;99;0;0;1;13;3;
202300023654;155638631;A01;2;7;0;1;1;10;1;
202300023655;155638632;A01;1;7;0;2;2;9;1;
202300023655;155638635;B01;1;33;0;2;3;2;1;
202300023656;155638629;B01;2;34;0;2;0;2;1;
202300023656;155638630;A01;1;7;0;2;3;15;1;
202300023657;155638627;A01;1;33;0;2;3;1;1;
202300023657;155638628;B01;1;14;0;2;2;4;1;
202300023658;155638625;A01;2;7;0;2;1;1;1;
202300023658;155638626;B01;1;50;0;2;7;1;3;
202300023659;155638623;A01;0;10;0;1;0;0;1;
202300023660;155638622;A01;1;7;0;1;3;1;1;
202300023661;155638621;A01;3;10;0;0;8;1;1;
202300023662;155638619;A01;2;33;0;2;1;21;1;
202300023662;155638620;B01;1;99;0;0;0;0;1;
202300023663;155638616;A01;1;7;0;2;2;2;1;
202300023663;155638618;B01;1;7;0;2;6;1;1;
202300023664;155638614;A01;1;7;0;2;1;13;1;
202300023664;155638615;B01;2;7;0;2;1;1;6;
202300023665;155638611;A01;2;33;0;2;5;26;1;
202300023665;155638613;Z01;2;10;0;2;5;2;0;
202300023666;155638612;B01;1;7;0;2;3;1;1;
202300023666;155638617;A01;1;7;0;2;2;9;1;
202300023667;155638610;A01;2;30;0;0;3;26;1;
202300023668;155638607;A01;1;99;0;2;1;1;3;
202300023668;155638609;B01;2;7;0;2;7;15;1;
202300023669;155638606;A01;3;30;0;2;4;15;1;
202300023669;155638608;B01;3;7;0;2;1;1;3;
202300023670;155638604;B01;3;7;0;0;1;1;1;
202300023670;155638605;A01;3;7;0;0;2;15;1;
202300023671;155638602;A01;2;99;16;0;4;15;3;
202300023672;155638601;B01;1;7;0;2;3;1;1;
202300023672;155638603;A01;2;30;0;2;1;13;1;
202300023673;155638599;A01;3;7;0;2;1;26;1;
202300023673;155638600;B01;2;33;0;2;1;26;1;
202300023674;155638598;A01;1;7;0;1;1;1;1;
202300023675;155638595;A01;2;7;0;2;6;15;1;
202300023675;155638597;B01;1;30;0;2;5;17;1;
202300023676;155638594;A01;1;34;0;2;8;1;1;
202300023676;155638596;B01;2;7;0;2;1;1;1;
202300023677;155638592;A01;1;33;0;2;1;17;1;
202300023677;155638593;B01;2;7;0;2;1;15;1;
202300023678;155638591;A01;1;10;1;0;3;0;1;
202300023679;155638590;A01;0;14;6;0;4;20;1;
202300023680;155638589;A01;2;7;0;1;1;1;1;
202300023681;155638587;A01;3;7;0;2;1;13;0;
202300023681;155638588;B01;3;33;0;2;1;1;0;
202300023682;155638584;B01;1;7;0;2;3;1;1;
202300023682;155638586;A01;3;10;0;2;2;1;1;
202300023683;155638583;A01;1;7;0;2;3;1;1;
202300023683;155638585;B01;2;7;0;2;3;1;1;
202300023684;155638581;A01;1;33;0;0;7;3;1;
202300023685;155638580;B01;1;1;0;2;1;1;5;
202300023685;155638582;A01;1;7;0;2;2;16;1;
202300023686;155638577;B01;2;34;0;2;8;9;1;
202300023686;155638579;A01;2;7;0;2;7;12;1;
202300023687;155638576;A01;1;7;0;2;8;15;1;
202300023687;155638578;B01;1;2;0;2;1;1;1;
202300023688;155638574;A01;1;33;0;2;3;2;1;
202300023688;155638575;B01;1;7;0;2;5;1;1;
202300023689;155638572;A01;1;7;0;2;3;15;1;
202300023689;155638573;B01;2;32;0;2;8;1;1;
202300023690;155638570;B01;1;31;0;2;8;3;1;
202300023690;155638571;A01;1;7;0;2;7;12;1;
202300023691;155638566;A01;2;31;0;2;2;14;1;
202300023691;155638568;B01;2;33;0;2;8;3;1;
202300023692;155638567;A01;1;15;0;0;3;16;1;
202300023692;155638569;B01;1;1;0;0;2;1;5;
202300023693;155638564;Z01;1;7;0;1;2;1;1;
202300023694;155638563;A01;3;30;0;2;2;1;3;
202300023694;155638565;B01;3;10;0;2;2;1;3;
202300023695;155638561;A01;2;7;6;1;1;14;1;
202300023696;155638560;A01;1;7;0;2;4;4;1;
202300023696;155638562;B01;1;30;0;2;7;9;3;
202300023697;155638556;A01;1;7;0;1;2;15;1;
202300023698;155638555;A01;3;2;0;2;2;17;1;
202300023698;155638557;C01;3;43;0;2;1;1;1;
202300023698;155638558;B01;3;7;0;2;8;1;1;
202300023699;155638553;A01;1;1;0;2;3;15;5;
202300023699;155638554;B01;1;10;0;2;2;1;1;
202300023700;155638551;B01;3;13;0;2;4;23;1;
202300023700;155638552;A01;3;43;0;2;1;1;1;
202300023701;155638548;B01;1;7;0;2;8;2;2;
202300023701;155638550;A01;1;7;0;2;1;2;1;
202300023702;155638546;B01;1;1;1;2;2;1;5;
202300023702;155638547;C01;1;7;0;0;5;2;1;
202300023702;155638549;A01;1;10;0;0;8;22;1;
202300023703;155638545;A01;3;7;0;1;5;4;1;
202300023704;155638541;A01;2;7;0;2;1;1;1;
202300023704;155638543;Y01;1;1;0;2;1;5;5;
202300023705;155638542;B01;2;1;0;2;1;1;5;
202300023705;155638544;A01;2;10;0;2;2;9;1;
202300023706;155638540;A01;1;30;11;0;2;14;1;
202300023707;155638537;B01;1;7;0;2;3;15;1;
202300023707;155638539;A01;1;30;0;2;2;17;3;
202300023708;155638536;B01;3;7;16;0;4;1;0;
202300023708;155638538;A01;3;7;16;0;1;1;0;
202300023709;155638532;B01;2;1;0;2;7;1;5;
202300023709;155638534;A01;2;1;0;2;8;18;5;
202300023710;155638533;A01;2;7;0;0;3;10;2;
202300023710;155638535;B01;2;33;0;2;2;2;1;
202300023711;155638529;A01;1;1;0;2;1;13;5;
202300023711;155638530;B01;1;7;0;2;1;1;1;
202300023712;155638528;A01;1;2;0;2;1;5;3;
202300023712;155638531;B01;1;7;0;2;8;10;2;
202300023713;155638525;A01;2;7;0;1;3;15;1;
202300023714;155638526;A01;1;1;0;0;6;17;5;
202300023714;155638527;B01;1;1;0;0;2;17;5;
202300023715;155638523;A01;3;7;0;2;7;15;1;
202300023715;155638524;B01;1;2;0;2;1;2;1;
202300023716;155638522;A01;1;7;0;1;2;16;1;
202300023717;155638519;A01;3;7;0;1;2;26;1;
202300023718;155638514;A01;3;10;0;2;3;1;1;
202300023718;155638515;B01;3;7;0;2;8;1;1;
202300023719;155638513;A01;2;13;0;2;2;26;1;
202300023719;155638516;B01;2;34;0;2;1;0;1;
202300023720;155638509;B01;2;7;0;2;0;1;3;
202300023720;155638512;A01;1;1;0;2;5;1;5;
202300023721;155638510;B01;1;7;0;2;3;1;0;
202300023721;155638511;A01;2;7;0;2;1;9;0;
202300023722;155638505;B01;2;33;0;2;1;1;1;
202300023722;155638508;A01;2;7;0;2;3;10;1;
202300023723;155638506;A01;1;7;0;2;2;15;1;
202300023723;155638507;B01;2;2;0;2;1;1;1;
202300023724;155638502;B01;1;13;0;2;2;12;1;
202300023724;155638504;A01;1;7;0;2;8;1;0;
202300023725;155638501;B01;1;7;0;2;6;1;2;
202300023725;155638503;A01;2;7;0;2;1;15;1;
202300023726;155638498;A01;1;7;0;2;0;1;1;
202300023726;155638500;B01;2;10;0;2;3;9;1;
202300023727;155638497;A01;1;7;0;2;3;1;2;
202300023727;155638499;B01;2;7;0;2;6;1;2;
202300023728;155638494;A01;1;7;0;2;2;17;0;
202300023728;155638495;B01;1;7;0;2;6;17;1;
202300023728;155638496;C01;1;7;0;2;4;1;1;
202300023729;155638492;A01;1;32;0;2;8;1;1;
202300023729;155638493;Z01;1;7;0;2;0;17;0;
202300023730;155638491;A01;2;7;0;1;1;1;1;
202300023731;155638488;A01;2;10;0;2;3;1;0;
202300023731;155638490;B01;0;60;0;2;8;19;5;
202300023732;155638489;A01;2;7;0;1;2;1;1;
202300023733;155638486;A01;2;10;0;2;2;14;1;
202300023733;155638487;B01;2;50;0;2;1;1;3;
202300023734;155638483;A01;0;30;0;0;0;0;-1;
202300023735;155638482;A01;2;7;8;0;2;2;1;
202300023736;155638481;A01;1;1;0;1;1;3;5;
202300023737;155638484;A01;1;80;16;1;1;19;3;
202300023738;155638479;A01;3;14;0;2;4;26;1;
202300023738;155638480;B01;3;33;0;2;1;2;1;
202300023739;155638477;B01;1;37;0;1;1;1;0;1.0
202300023740;155638478;A01;1;1;0;1;1;1;5;
202300023741;155638475;A01;2;30;0;2;1;2;1;
202300023741;155638476;B01;1;7;0;2;2;2;2;
202300023742;155638474;A01;2;7;0;1;3;16;1;
202300023743;155638472;A01;0;3;0;2;1;1;0;
202300023743;155638473;B01;3;3;0;2;1;11;1;
202300023744;155638470;A01;2;2;0;2;1;18;3;
202300023744;155638471;B01;2;7;0;2;2;16;1;
202300023745;155638467;B01;2;7;0;2;3;1;1;
202300023745;155638469;A01;2;2;0;2;3;16;1;
202300023746;155638468;A01;1;30;0;0;1;11;1;
202300023747;155638464;B01;0;31;0;0;8;1;1;
202300023747;155638466;A01;3;10;0;0;0;0;1;
202300023748;155638463;A01;1;10;0;2;7;12;1;
202300023748;155638465;B01;1;34;0;2;6;16;1;
202300023749;155638462;A01;3;7;0;1;1;1;2;
202300023750;155638460;B01;2;50;0;2;7;1;3;
202300023750;155638461;A01;2;7;0;2;8;10;1;
202300023751;155638458;A01;2;1;0;1;1;1;5;
202300023752;155638457;A01;1;7;0;2;5;1;1;
202300023752;155638459;B01;1;7;0;2;1;15;1;
202300023753;155638456;A01;2;50;0;0;0;1;3;
202300023754;155638455;A01;1;7;0;1;1;1;1;
202300023755;155638454;A01;2;7;2;0;3;13;1;
202300023756;155638453;A01;2;10;0;1;2;16;3;
202300023757;155638450;A01;2;2;0;2;1;6;1;
202300023757;155638452;B01;1;50;0;2;1;1;3;
202300023758;155638449;A01;2;1;0;2;1;1;5;
202300023758;155638451;B01;1;7;0;2;1;15;1;
202300023759;155638447;A01;2;7;0;2;8;15;2;
202300023759;155638448;B01;2;50;0;2;2;1;3;
202300023760;155638444;A01;2;10;0;2;1;2;1;
202300023760;155638445;B01;2;7;0;2;4;1;1;
202300023761;155638443;A01;1;7;0;2;1;19;1;
202300023761;155638446;B01;1;7;0;2;2;1;1;
202300023762;155638442;A01;3;7;0;1;3;9;2;
202300023763;155638440;B01;1;7;1;0;0;0;1;
202300023764;155638439;A01;2;7;0;0;4;2;1;
202300023764;155638441;B01;2;7;0;2;1;2;1;
202300023765;155638436;A01;0;80;0;2;1;19;3;
202300023765;155638438;B01;1;7;0;2;2;23;0;
202300023766;155638435;A01;1;7;4;2;1;2;1;
202300023766;155638437;B01;1;10;3;0;4;2;1;
202300023767;155638432;A01;2;7;0;0;4;16;1;
202300023767;155638433;B01;2;7;0;2;1;2;1;
202300023768;155638431;A01;0;7;0;2;1;2;1;
202300023768;155638434;B01;0;7;0;2;4;2;1;
202300023769;155638429;A01;1;7;0;9;5;23;1;
202300023769;155638430;B01;1;10;14;0;3;2;1;
202300023770;155638427;B01;3;99;0;2;8;26;1;
202300023770;155638428;A01;3;7;0;2;1;1;1;
202300023771;155638426;A01;1;7;2;0;3;1;1;
202300023772;155638424;A01;2;7;0;1;1;1;1;
202300023773;155638423;A01;3;10;0;2;2;1;1;
202300023773;155638425;B01;3;7;0;2;3;1;1;