Num_Acc;id_vehicule;num_veh;senc;catv;obs;obsm;choc;manv;motor;occutc
202300023774;155638420;B01;2;10;3;2;2;2;1;
202300023774;155638422;A01;2;15;0;2;6;1;1;
202300023775;155638421;A01;3;7;2;0;1;0;1;
202300023776;155638417;B01;1;7;0;2;3;26;1;
202300023776;155638419;A01;1;7;0;2;2;1;1;
202300023777;155638416;B01;1;2;16;0;1;17;0;
202300023777;155638418;A01;2;7;16;2;2;15;1;
202300023778;155638414;B01;2;1;0;2;1;1;5;
202300023778;155638415;A01;1;7;0;2;1;13;1;
202300023779;155638412;A01;3;15;0;1;6;1;1;
202300023780;155638411;A01;2;2;4;2;1;11;1;
202300023780;155638413;B01;1;7;0;2;8;1;1;
202300023781;155638410;A01;1;7;3;0;9;2;1;
202300023782;155638409;A01;2;7;17;0;1;17;1;
202300023783;155638408;A01;1;7;9;0;2;2;1;
202300023784;155638406;A01;3;7;0;9;2;15;1;
202300023784;155638407;B01;3;80;0;2;3;1;3;
202300023785;155638405;A01;3;7;0;1;2;1;1;
202300023786;155638402;A01;2;7;0;2;1;13;1;
202300023786;155638404;B01;1;7;0;2;1;1;1;
202300023787;155638399;A01;3;7;0;2;3;9;1;
202300023787;155638400;B01;1;34;0;2;1;17;1;
202300023788;155638397;A01;3;10;0;2;1;1;1;
202300023788;155638398;B01;3;7;0;9;4;1;1;
202300023789;155638395;A01;1;7;13;0;9;21;1;
202300023789;155638396;B01;1;7;0;0;0;1;1;
202300023790;155638394;A01;1;7;1;0;1;21;1;
202300023791;155638392;A01;1;2;0;1;3;1;1;
202300023792;155638391;A01;2;10;0;2;7;2;1;
202300023792;155638393;B01;2;1;0;0;8;2;5;
202300023793;155638389;A01;2;7;0;2;3;22;1;
202300023793;155638390;B01;2;50;1;0;1;17;3;
202300023794;155638388;A01;1;7;3;0;3;1;1;
202300023795;155638385;A01;1;1;0;0;0;0;5;
202300023795;155638387;B01;1;7;0;0;0;0;1;
202300023796;155638383;A01;2;7;0;2;1;2;1;
202300023796;155638384;B01;2;7;0;2;9;21;1;
202300023796;155638386;C01;2;7;0;2;3;23;1;
202300023797;155638381;A01;2;30;0;2;1;1;3;
202300023797;155638382;B01;2;7;0;0;4;23;1;
202300023798;155638380;A01;1;7;13;0;1;0;1;
202300023799;155638378;A01;2;33;0;5;1;21;1;
202300023800;155638376;A01;1;7;0;0;0;21;1;
202300023801;155638373;B01;1;31;0;2;7;3;1;
202300023801;155638374;A01;1;10;0;2;8;11;1;
202300023801;155638375;C01;1;7;0;0;8;2;1;
202300023802;155638370;A01;1;2;0;2;8;1;0;
202300023802;155638371;B01;1;7;0;2;8;15;0;
202300023803;155638369;A01;3;7;0;1;1;1;1;
202300023804;155638368;B01;3;7;0;2;7;1;1;
202300023804;155638372;A01;3;1;0;2;1;0;5;
202300023805;155638367;A01;1;32;17;0;1;1;1;
202300023806;155638363;A01;1;10;0;2;6;1;1;
202300023806;155638364;B01;1;7;0;2;4;1;1;
202300023806;155638366;Z01;1;7;0;2;1;1;2;
202300023807;155638362;A01;1;2;0;0;0;0;1;
202300023808;155638361;A01;1;7;0;2;1;16;1;
202300023808;155638365;B01;1;7;8;2;1;26;1;
202300023809;155638359;A01;2;7;0;2;8;15;1;
202300023809;155638360;B01;1;33;0;2;1;17;1;
202300023810;155638356;A01;2;7;0;2;1;1;1;
202300023810;155638357;B01;2;7;0;2;4;1;1;
202300023811;155638355;A01;3;0;0;1;4;0;0;
202300023812;155638353;A01;1;30;0;2;1;14;1;
202300023812;155638354;B01;0;7;0;2;0;26;0;
202300023813;155638351;A01;1;33;0;0;2;0;1;
202300023814;155638350;A01;1;50;0;1;1;1;3;
202300023815;155638352;A01;0;7;0;2;1;1;1;
202300023815;155638358;B01;0;7;0;2;4;1;1;
202300023816;155638348;A01;1;7;0;1;1;1;1;
202300023817;155638347;A01;3;7;0;2;1;26;1;
202300023817;155638349;B01;3;7;0;2;2;15;1;
202300023818;155638346;A01;1;7;0;1;2;1;1;
202300023819;155638344;A01;2;2;0;2;1;15;1;
202300023819;155638345;B01;1;7;0;9;3;1;1;
202300023820;155638341;A01;1;7;0;2;1;2;1;
202300023820;155638343;B01;1;7;0;1;4;23;1;
202300023821;155638339;A01;1;7;0;2;4;1;1;
202300023821;155638340;B01;1;7;0;2;5;1;1;
202300023822;155638335;A01;2;10;0;2;7;22;0;
202300023822;155638337;C01;2;7;0;2;3;23;1;
202300023822;155638338;B01;2;30;0;2;7;3;1;
202300023823;155638333;A01;1;7;0;9;2;1;1;
202300023823;155638334;B01;2;1;0;2;8;19;5;
202300023824;155638330;A01;2;7;0;2;8;15;2;
202300023824;155638332;B01;2;7;0;2;1;1;1;
202300023825;155638336;A01;3;7;0;2;1;0;1;
202300023825;155638342;TC01;0;37;0;2;3;15;1;1.0
202300023826;155638329;A01;1;30;0;2;1;1;1;
202300023826;155638331;B01;1;7;0;2;2;0;1;
202300023827;155638327;B01;3;7;0;0;0;0;1;
202300023827;155638328;A01;3;30;0;0;0;0;0;
202300023828;155638323;A01;3;7;0;1;2;19;1;
202300023829;155638322;A01;2;7;0;2;1;26;1;
202300023829;155638325;B01;2;7;0;2;1;26;1;
202300023829;155638326;C01;2;7;0;2;1;26;1;
202300023830;155638319;A01;3;7;0;2;5;4;0;
202300023830;155638321;B01;3;31;0;2;1;1;1;
202300023831;155638320;A01;1;7;0;0;1;0;1;
202300023832;155638318;A01;1;2;0;2;1;2;1;
202300023832;155638324;B01;1;10;0;2;5;1;1;
202300023833;155638317;A01;1;7;1;0;2;1;1;
202300023834;155638315;A01;2;7;0;2;1;1;1;
202300023834;155638316;B01;2;7;0;0;4;1;1;
202300023835;155638313;A01;1;33;0;0;2;1;1;
202300023836;155638312;A01;2;7;1;2;6;1;2;
202300023836;155638314;Z01;1;7;1;2;1;5;1;
202300023837;155638308;A01;3;7;0;2;3;16;1;
202300023837;155638311;B01;3;1;0;2;4;2;5;
202300023838;155638305;B01;1;7;0;2;5;2;1;
202300023838;155638307;A01;1;10;0;2;3;2;1;
202300023838;155638309;C01;1;7;0;2;6;2;1;
202300023839;155638304;A01;2;7;9;0;1;1;1;
202300023840;155638306;B01;1;1;0;2;1;1;5;
202300023840;155638310;A01;1;3;0;9;3;1;1;
202300023841;155638303;A01;2;7;0;1;3;1;2;
202300023842;155638301;A01;2;7;0;1;2;1;2;
202300023843;155638298;A01;3;7;0;2;7;1;1;
202300023843;155638302;B01;3;7;0;2;2;1;1;
202300023844;155638297;A01;2;37;0;2;3;1;1;1.0
202300023844;155638299;B01;2;7;0;2;5;12;1;
202300023845;155638296;A01;2;7;0;2;3;15;1;
202300023845;155638300;B01;2;1;0;2;8;1;5;
202300023846;155638294;A01;2;7;12;0;1;26;1;
202300023847;155638293;A01;2;43;0;1;3;1;1;
202300023848;155638292;A01;1;33;0;2;2;9;1;
202300023848;155638295;B01;1;7;0;2;3;1;1;
202300023849;155638291;A01;1;7;9;0;0;0;0;
202300023850;155638288;A01;2;7;0;2;3;9;1;
202300023850;155638290;B01;2;2;0;2;4;2;1;
202300023851;155638287;A01;0;7;0;2;2;15;2;
202300023851;155638289;B01;0;34;0;2;1;1;1;
202300023852;155638286;A01;1;7;0;1;4;20;1;
202300023853;155638284;A01;1;7;0;0;1;0;1;
202300023854;155638282;B01;3;1;0;2;1;1;5;
202300023854;155638285;A01;3;7;0;2;2;15;1;
202300023855;155638283;A01;1;7;0;1;1;1;1;
202300023856;155638281;A01;1;33;0;1;1;19;1;
202300023857;155638278;A01;0;10;0;2;6;9;1;
202300023857;155638280;B01;0;80;0;2;1;1;3;
202300023858;155638277;B01;3;50;0;2;2;9;3;
202300023858;155638279;A01;3;7;0;2;2;9;0;
202300023859;155638275;A01;2;10;0;1;2;19;1;
202300023860;155638274;A01;1;33;0;2;1;2;1;
202300023860;155638276;B01;1;7;0;2;4;2;1;
202300023861;155638272;A01;1;7;2;0;1;0;1;
202300023862;155638271;A01;2;33;0;2;4;9;1;
202300023862;155638273;B01;1;7;0;2;1;1;1;
202300023863;155638268;A01;2;7;0;2;1;2;1;
202300023863;155638270;B01;2;21;0;2;4;15;1;
202300023864;155638269;A01;1;7;0;2;3;1;1;
202300023865;155638264;A01;0;7;1;0;1;0;1;
202300023865;155638267;B01;0;7;0;2;1;24;1;
202300023866;155638263;B01;1;7;0;2;1;1;1;
202300023866;155638266;A01;2;7;0;2;1;13;1;
202300023867;155638262;B01;0;7;0;2;3;9;1;
202300023867;155638265;A01;1;30;0;2;2;17;1;
202300023868;155638259;A01;3;7;0;9;1;9;0;
202300023868;155638261;B01;3;50;0;2;8;1;3;
202300023869;155638257;A01;2;7;0;2;1;1;1;
202300023869;155638260;B01;2;15;0;0;6;1;1;
202300023870;155638258;A01;1;7;0;1;2;2;1;
202300023871;155638251;A01;2;7;0;0;1;1;0;
202300023871;155638254;B01;2;1;0;0;1;19;5;
202300023872;155638253;A01;1;7;0;1;3;9;1;
202300023873;155638252;B01;3;1;0;2;7;19;5;
202300023873;155638256;A01;2;7;0;2;1;1;1;
202300023874;155638250;B01;1;7;0;0;6;15;1;
202300023874;155638255;A01;2;31;0;2;1;1;1;
202300023875;155638249;A01;1;7;0;1;1;15;1;
202300023876;155638247;A01;2;33;5;0;1;13;1;
202300023877;155638246;A01;2;7;0;1;2;1;1;
202300023878;155638245;A01;1;7;0;2;8;13;1;
202300023878;155638248;B01;2;7;0;2;8;1;1;
202300023879;155638243;A01;2;7;6;0;1;0;1;
202300023880;155638241;A01;2;7;0;2;1;11;1;
202300023880;155638244;B01;1;7;0;2;1;1;1;
202300023881;155638238;A01;1;7;0;2;4;23;1;
202300023881;155638240;B01;1;33;0;2;1;2;1;
202300023881;155638242;C01;2;7;0;2;8;0;1;
202300023882;155638237;A01;1;7;13;0;7;1;1;
202300023883;155638236;A01;1;7;0;2;7;1;1;
202300023883;155638239;B01;1;7;0;2;1;1;1;
202300023884;155638235;A01;1;7;6;0;7;14;1;
202300023885;155638232;A01;1;7;15;0;2;1;1;
202300023886;155638230;A01;1;7;1;0;3;13;1;
202300023886;155638234;B01;1;17;0;0;4;24;1;
202300023887;155638231;A01;2;7;0;1;2;1;6;
202300023888;155638229;B01;2;7;0;2;1;1;1;
202300023888;155638233;A01;1;1;0;2;7;19;5;
202300023889;155638228;A01;3;7;16;0;1;0;1;
202300023890;155638227;A01;1;7;2;0;1;1;1;
202300023891;155638224;A01;1;2;1;0;1;1;1;
202300023892;155638222;B01;1;33;0;2;1;1;1;
202300023892;155638226;A01;2;7;0;2;6;15;1;
202300023893;155638220;B01;2;7;8;0;6;1;1;
202300023893;155638223;A01;1;3;0;2;3;15;1;
202300023894;155638221;A01;2;10;0;2;3;16;1;
202300023894;155638225;B01;2;1;0;2;7;0;5;
202300023895;155638218;B01;2;7;0;2;2;1;1;
202300023895;155638219;A01;1;10;0;2;2;5;1;
202300023896;155638215;A01;1;7;0;2;6;11;1;
202300023896;155638217;B01;1;33;0;2;1;1;1;
202300023897;155638216;A01;3;7;0;1;3;1;1;
202300023898;155638214;A01;1;7;10;0;9;0;1;
202300023899;155638213;A01;3;7;13;0;1;19;0;
202300023900;155638212;A01;2;7;17;0;1;13;6;
202300023901;155638209;Z01;1;10;0;2;4;2;1;
202300023901;155638211;A01;1;33;0;2;1;2;1;
202300023902;155638205;A01;0;10;3;0;1;11;0;
202300023902;155638208;B01;0;60;0;2;1;5;5;
202300023903;155638207;B01;3;50;0;2;1;1;3;
202300023903;155638210;A01;1;7;6;9;2;1;1;
202300023904;155638203;A01;2;7;6;0;1;1;1;
202300023905;155638199;A01;2;7;17;0;2;1;1;
202300023906;155638198;A01;3;7;8;2;1;1;1;
202300023906;155638202;B01;3;7;0;2;8;1;1;
202300023907;155638201;B01;1;7;0;2;2;1;1;
202300023907;155638204;A01;1;7;0;2;3;9;1;
202300023908;155638197;B01;2;7;0;2;4;2;1;
202300023908;155638200;A01;2;7;0;2;1;2;1;
202300023909;155638196;A01;3;7;2;0;1;0;0;
202300023910;155638194;A01;1;7;0;1;1;2;1;
202300023911;155638193;A01;1;7;0;2;8;15;1;
202300023911;155638195;B01;1;2;0;2;1;17;1;
202300023912;155638191;A01;2;33;0;0;9;1;1;
202300023913;155638189;A01;2;33;0;2;1;13;1;
202300023913;155638192;B01;1;7;0;2;3;1;2;
202300023914;155638185;B01;0;30;0;2;1;1;1;
202300023914;155638187;A01;3;7;0;2;3;19;1;
202300023915;155638183;A01;2;2;13;0;1;2;1;
202300023916;155638184;A01;2;7;0;2;3;9;1;
202300023916;155638188;B01;1;1;0;2;1;1;5;
202300023917;155638182;A01;1;7;3;0;1;0;1;
202300023918;155638180;A01;2;7;6;1;3;13;1;
202300023919;155638181;A01;3;99;0;0;0;1;3;
202300023920;155638178;A01;2;30;0;2;1;1;6;
202300023920;155638179;B01;2;10;0;2;8;26;1;
202300023921;155638175;B01;2;7;0;2;1;17;1;
202300023921;155638177;A01;2;50;0;2;3;19;3;
202300023922;155638174;A01;2;1;0;2;7;14;5;
202300023922;155638176;B01;2;7;0;2;6;1;1;
202300023923;155638169;A01;2;33;0;0;9;13;1;
202300023924;155638168;A01;2;7;0;2;3;2;1;
202300023924;155638172;B01;2;7;0;2;5;2;1;
202300023925;155638170;A01;3;7;0;2;1;5;1;
202300023925;155638173;B01;3;7;0;2;1;1;1;
202300023926;155638163;A01;2;7;0;2;1;2;1;
202300023926;155638166;B01;2;7;0;0;4;1;1;
202300023927;155638167;A01;3;7;0;2;1;1;1;
202300023927;155638171;B01;3;2;0;2;8;0;0;
202300023928;155638162;A01;3;50;0;2;1;1;3;
202300023928;155638164;B01;3;7;0;2;5;15;1;
202300023929;155638161;A01;2;15;0;0;4;2;1;
202300023929;155638165;B01;2;7;3;2;1;1;1;
202300023930;155638159;A01;1;31;0;2;1;13;1;
202300023930;155638160;B01;2;7;0;2;3;1;1;
202300023931;155638158;Z01;1;17;0;1;5;1;1;
202300023932;155638155;A01;1;31;0;0;7;1;1;
202300023932;155638157;B01;2;7;0;0;1;16;0;
202300023933;155638153;A01;2;7;0;2;7;15;1;
202300023933;155638156;B01;1;7;0;2;3;1;1;
202300023934;155638152;A01;3;7;12;0;9;11;1;
202300023935;155638151;A01;2;7;13;0;9;1;1;
202300023936;155638149;A01;2;7;0;9;7;26;1;
202300023936;155638150;B01;2;33;0;2;8;23;1;
202300023937;155638148;A01;3;7;0;1;7;1;1;
202300023938;155638146;B01;2;7;0;2;3;1;1;
202300023938;155638154;A01;3;7;0;2;8;15;1;
202300023939;155638147;A01;3;2;13;0;0;0;1;
202300023940;155638142;A01;1;7;1;2;2;1;1;
202300023940;155638145;B01;3;7;0;2;3;20;1;
202300023941;155638144;A01;1;33;0;6;0;0;1;
202300023942;155638141;A01;0;7;2;0;1;13;1;
202300023943;155638140;A01;2;10;0;2;8;15;1;
202300023943;155638143;B01;2;7;0;2;7;1;1;
202300023944;155638138;A01;2;33;0;0;9;1;1;
202300023945;155638137;A01;2;7;0;2;1;5;1;
202300023945;155638139;B01;1;7;0;2;1;1;1;
202300023946;155638135;A01;1;7;0;2;8;10;1;
202300023946;155638136;B01;1;2;0;2;7;9;1;
202300023947;155638131;A01;2;7;0;2;8;10;1;
202300023947;155638134;B01;2;33;0;2;1;17;1;
202300023948;155638130;A01;3;7;0;2;3;13;1;
202300023948;155638133;B01;3;10;0;2;3;1;1;
202300023949;155638129;A01;1;7;0;2;1;1;1;
202300023949;155638132;B01;2;7;0;2;1;1;1;
202300023950;155638124;B01;1;7;0;2;1;15;1;
202300023950;155638125;A01;2;33;0;2;1;1;1;
202300023951;155638123;A01;3;7;0;2;2;21;1;
202300023951;155638126;B01;3;30;0;2;6;23;1;
202300023952;155638122;A01;1;7;2;2;1;1;1;
202300023952;155638128;B01;1;7;0;2;3;26;1;
202300023953;155638121;A01;0;7;0;2;2;1;1;
202300023953;155638127;B01;0;7;0;2;7;4;1;
202300023954;155638120;A01;1;30;0;0;0;1;1;
202300023955;155638118;A01;1;7;2;0;2;1;2;
202300023956;155638116;A01;3;7;0;1;3;15;1;
202300023957;155638117;A01;3;7;0;2;2;1;1;
202300023957;155638119;B01;3;1;0;2;4;11;5;
202300023958;155638114;A01;1;7;0;2;2;12;1;
202300023958;155638115;B01;1;7;0;2;6;1;2;
202300023959;155638110;A01;1;2;0;2;1;5;1;
202300023959;155638113;B01;2;2;0;2;1;5;1;
202300023960;155638109;A01;2;14;0;2;2;16;1;
202300023960;155638112;B01;2;1;0;2;1;1;5;
202300023961;155638108;A01;3;7;0;0;6;20;1;
202300023961;155638111;B01;3;7;1;0;2;2;1;
202300023962;155638106;A01;1;7;2;0;1;21;6;
202300023963;155638105;A01;1;7;0;1;1;1;1;
202300023964;155638103;A01;1;7;0;0;0;10;0;
202300023964;155638107;B01;2;50;12;0;2;21;3;
202300023965;155638101;A01;1;7;0;2;1;2;1;
202300023965;155638104;B01;1;7;0;2;4;2;1;
202300023966;155638099;A01;1;7;0;0;1;1;1;
202300023967;155638098;A01;1;7;0;2;1;13;1;
202300023967;155638102;B01;2;7;0;2;2;1;1;
202300023968;155638097;A01;1;37;1;0;7;17;1;1.0
202300023968;155638100;B01;1;50;0;0;3;1;3;
202300023969;155638094;A01;1;7;0;0;2;0;1;
202300023970;155638092;B01;1;1;13;0;4;2;5;
202300023970;155638095;A01;1;7;0;2;2;2;1;
202300023971;155638093;B01;1;7;1;0;1;0;1;
202300023971;155638096;A01;1;7;0;2;1;17;1;
202300023972;155638091;A01;1;7;14;0;1;0;1;
202300023973;155638090;A01;1;31;0;0;2;1;1;
202300023974;155638089;A01;1;7;2;0;1;6;1;
202300023975;155638085;A01;1;2;0;0;0;1;1;
202300023976;155638087;A01;1;7;0;2;2;15;1;
202300023976;155638088;B01;2;33;0;2;1;1;1;
202300023977;155638086;A01;2;31;0;1;1;17;3;
202300023978;155638084;A01;1;7;3;0;2;2;1;
202300023979;155638082;A01;2;7;0;1;2;1;1;
202300023980;155638079;A01;2;2;12;0;1;1;1;
202300023981;155638080;B01;3;7;0;2;5;2;1;
202300023981;155638083;A01;3;33;0;2;1;2;1;
202300023982;155638078;A01;3;7;0;1;2;1;3;
202300023983;155638076;A01;3;7;0;2;3;1;1;
202300023983;155638081;B01;3;7;0;2;2;1;1;
202300023984;155638073;A01;1;10;4;2;1;2;1;
202300023984;155638075;B01;1;7;4;2;4;2;3;
202300023984;155638077;C01;1;7;4;2;4;2;1;
202300023985;155638074;A01;1;31;0;0;0;1;0;
202300023986;155638069;B01;1;33;0;2;2;1;1;
202300023986;155638072;A01;0;7;0;2;3;19;1;
202300023987;155638067;A01;1;7;0;2;2;12;1;
202300023987;155638070;B01;2;7;0;2;4;2;1;
202300023988;155638066;A01;1;1;0;2;0;9;5;
202300023988;155638071;B01;3;7;0;2;2;9;1;
202300023989;155638065;A01;2;33;0;2;3;11;1;
202300023989;155638068;B01;2;7;0;2;5;1;1;
202300023990;155638061;A01;0;7;8;0;2;1;1;
202300023991;155638059;C01;1;10;0;2;4;2;0;
202300023991;155638062;B01;1;7;0;2;4;2;0;
202300023991;155638064;A01;1;10;0;2;1;2;0;
202300023992;155638058;B01;2;7;0;0;3;13;1;
202300023992;155638063;A01;2;32;0;2;1;1;6;
202300023993;155638055;B01;3;7;0;2;3;1;1;
202300023993;155638057;A01;3;2;0;2;3;1;1;
202300023994;155638056;A01;1;7;0;2;5;19;1;
202300023994;155638060;B01;1;10;0;2;2;1;1;
202300023995;155638051;A01;2;7;2;0;5;0;1;
202300023996;155638050;A01;1;7;0;2;7;21;1;
202300023996;155638053;B01;3;50;0;2;7;16;3;
202300023997;155638049;A01;1;7;0;1;2;1;1;
202300023998;155638047;A01;1;7;0;2;1;1;1;
202300023998;155638048;D01;1;10;0;2;4;2;1;
202300023998;155638052;C01;1;7;0;2;4;1;1;
202300023998;155638054;B01;1;10;0;2;4;2;1;
202300023999;155638045;A01;2;7;0;2;3;15;1;
202300023999;155638046;B01;1;7;0;2;1;1;1;
202300024000;155638042;B01;2;7;0;2;4;2;1;
202300024000;155638044;A01;2;7;0;2;1;2;1;
202300024001;155638039;A01;2;7;0;2;1;2;1;
202300024001;155638041;B01;2;7;0;2;4;2;1;
202300024002;155638038;A01;1;7;0;2;3;1;1;
202300024002;155638040;B01;2;7;0;2;3;13;1;
202300024003;155638037;A01;2;7;0;1;2;1;1;
202300024004;155638035;A01;3;7;0;1;1;26;1;
202300024005;155638032;A01;1;33;0;2;1;13;1;
202300024005;155638034;B01;2;7;0;2;1;1;1;
202300024006;155638033;B01;0;7;0;2;4;2;1;
202300024006;155638036;A01;3;7;0;2;1;2;1;
202300024007;155638026;A01;1;33;0;2;1;2;1;
202300024007;155638030;B01;1;7;0;2;7;16;1;
202300024008;155638025;A01;2;7;0;2;2;15;1;
202300024008;155638029;B01;1;33;0;2;1;1;1;
202300024009;155638024;B01;1;33;0;2;1;1;1;
202300024009;155638028;A01;1;10;0;2;8;10;1;
202300024010;155638022;A01;2;0;0;1;0;1;0;
202300024011;155638021;A01;2;7;0;1;3;9;2;
202300024012;155638020;A01;3;7;0;2;1;15;1;
202300024012;155638023;B01;3;34;0;2;3;1;1;
202300024013;155638018;A01;1;10;0;0;0;0;1;
202300024014;155638017;A01;1;37;0;2;1;9;1;3.0
202300024015;155638016;B01;1;7;0;2;3;1;1;
202300024015;155638019;A01;2;1;0;2;1;15;5;
202300024016;155638012;B01;2;7;0;2;8;0;1;
202300024016;155638015;A01;1;10;0;2;8;1;1;
202300024017;155638010;B01;1;7;0;2;2;1;1;
202300024017;155638014;A01;1;7;0;2;2;19;1;
202300024018;155638009;A01;1;7;0;1;2;1;1;
202300024019;155638008;A01;1;7;1;2;2;20;1;
202300024019;155638011;B01;3;7;0;2;3;23;1;
202300024019;155638013;C01;1;7;0;2;2;24;1;
202300024020;155638007;A01;2;7;15;0;2;14;1;
202300024021;155638003;Z01;0;0;0;0;0;1;0;
202300024021;155638006;B01;0;34;0;0;8;15;1;
202300024022;155638002;A01;2;10;0;2;2;15;1;
202300024022;155638005;B01;2;7;0;2;8;1;1;
202300024023;155638001;A01;3;7;0;2;2;1;0;
202300024023;155638004;B01;3;7;0;2;1;1;1;
202300024024;155637999;A01;2;7;0;2;1;5;1;
202300024024;155638000;B01;1;7;0;2;1;1;1;
202300024025;155637996;A01;2;7;1;0;3;1;1;
202300024025;155637998;B01;2;7;0;2;3;23;1;
202300024026;155637993;A01;2;7;0;2;0;0;1;
202300024026;155637997;B01;1;13;0;1;8;2;1;
202300024027;155637994;A01;2;7;0;1;3;1;1;
202300024028;155637992;B01;2;33;0;2;1;1;1;
202300024028;155637995;A01;2;10;0;0;6;15;1;
202300024029;155637988;A01;2;2;0;0;0;1;1;
202300024030;155637989;A01;1;14;0;2;7;16;1;
202300024030;155637991;B01;1;1;0;2;3;1;5;
202300024031;155637987;B01;3;80;0;2;4;1;3;
202300024031;155637990;A01;3;7;0;2;1;9;1;
202300024032;155637985;A01;2;33;13;0;1;1;1;
202300024033;155637986;A01;3;7;0;1;2;15;1;
202300024034;155637983;A01;1;10;0;2;3;13;1;
202300024034;155637984;B01;2;7;0;2;3;5;1;
202300024035;155637982;A01;0;7;0;9;1;26;1;
202300024036;155637980;A01;3;7;0;1;1;26;0;
202300024037;155637976;B01;3;7;0;2;6;15;1;
202300024037;155637979;A01;3;7;0;2;1;26;1;
202300024038;155637978;A01;1;7;0;2;8;1;1;
202300024038;155637981;B01;1;7;0;2;3;1;1;
202300024039;155637973;B01;2;1;0;2;1;0;5;
202300024039;155637977;A01;1;50;0;2;0;0;3;
202300024040;155637972;A01;1;7;0;1;2;0;1;
202300024041;155637970;B01;1;33;0;2;1;1;1;
202300024041;155637974;A01;3;7;0;2;8;15;1;
202300024042;155637971;A01;2;7;0;2;2;1;1;
202300024042;155637975;B01;2;2;0;2;0;0;1;
202300024043;155637967;A01;0;0;0;1;0;0;0;
202300024044;155637965;A01;1;7;0;2;4;15;1;
202300024044;155637968;B01;1;7;0;2;1;1;1;
202300024045;155637964;A01;3;30;0;1;1;1;1;
202300024046;155637962;A01;1;7;0;2;7;17;1;
202300024046;155637966;B01;1;33;0;2;8;17;1;
202300024046;155637969;C01;1;7;0;2;8;1;1;
202300024047;155637957;A01;0;7;2;0;7;26;1;
202300024048;155637956;A01;3;7;0;2;1;9;1;
202300024048;155637959;B01;3;7;0;2;1;1;1;
202300024049;155637955;A01;3;7;0;2;3;1;1;
202300024049;155637958;B01;3;2;0;2;3;1;1;
202300024050;155637953;A01;1;7;0;2;3;9;1;
202300024050;155637954;B01;1;32;0;2;6;1;1;
202300024051;155637949;B01;2;7;0;2;6;23;1;
202300024051;155637952;A01;1;10;0;2;2;2;1;
202300024052;155637948;A01;2;7;0;1;3;1;1;
202300024053;155637946;B01;1;7;0;2;3;1;1;
202300024053;155637950;A01;1;7;0;2;2;1;1;
202300024054;155637947;B01;2;7;0;2;4;2;1;
202300024054;155637951;A01;2;10;0;2;1;2;1;
202300024055;155637945;A01;3;10;12;0;1;1;1;
202300024056;155637941;A01;2;7;0;2;3;9;1;
202300024056;155637943;B01;2;33;0;2;1;1;1;
202300024057;155637942;B01;2;33;0;2;8;16;1;
202300024057;155637944;A01;1;7;0;2;1;19;0;
202300024058;155637937;A01;1;33;0;2;1;3;1;
202300024058;155637939;B01;1;7;0;2;5;1;1;
202300024059;155637933;B01;1;14;0;2;4;12;-1;
202300024059;155637936;A01;1;33;0;2;3;1;1;
202300024060;155637932;A01;2;7;0;2;3;9;1;
202300024060;155637935;B01;2;31;0;2;1;1;1;
202300024061;155637930;A01;1;7;0;2;2;9;1;
202300024061;155637934;B01;1;7;0;2;1;1;1;
202300024062;155637928;A01;3;7;12;0;3;13;1;
202300024063;155637929;B01;2;32;0;2;1;1;1;
202300024063;155637931;A01;1;7;0;2;1;15;1;
202300024064;155637926;B01;2;7;0;2;1;1;1;
202300024064;155637927;A01;3;7;0;2;1;13;1;
202300024065;155637922;A01;1;10;0;2;0;1;1;
202300024065;155637924;B01;1;33;0;9;1;1;1;
202300024066;155637921;A01;1;7;0;1;2;1;1;
202300024067;155637919;B01;1;1;0;2;2;1;5;
202300024067;155637923;A01;2;30;0;2;1;1;1;
202300024068;155637917;B01;2;7;0;2;1;1;1;
202300024068;155637920;A01;1;7;0;2;3;13;1;
202300024069;155637911;A01;1;7;0;2;3;9;1;
202300024069;155637914;B01;1;32;0;2;1;1;1;
202300024070;155637909;A01;2;1;0;2;1;16;5;
202300024070;155637913;B01;1;7;0;2;1;1;1;
202300024071;155637908;A01;2;7;0;2;1;12;1;
202300024071;155637910;B01;2;7;0;2;4;23;1;
202300024072;155637905;A01;1;7;0;2;3;15;2;
202300024072;155637907;B01;2;32;0;2;3;1;1;
202300024073;155637900;A01;1;7;0;1;2;21;3;
202300024074;155637902;A01;2;7;0;2;1;13;1;
202300024074;155637903;B01;2;7;0;2;1;1;1;
202300024075;155637899;A01;1;10;0;1;1;15;3;
202300024076;155637898;A01;3;7;0;2;1;1;1;
202300024076;155637901;B01;3;7;0;2;8;1;1;
202300024077;155637897;A01;2;34;1;1;7;1;1;
202300024078;155637895;A01;2;7;15;0;9;14;1;
202300024079;155637892;A01;1;7;2;0;1;1;1;
202300024080;155637893;A01;1;10;0;2;2;1;1;
202300024080;155637896;B01;1;80;0;2;3;5;3;
202300024081;155637888;B01;1;15;0;2;8;1;1;
202300024081;155637889;A01;1;7;0;2;7;1;1;
202300024082;155637890;A01;1;33;0;2;2;17;1;
202300024082;155637894;B01;1;50;0;0;0;13;3;
202300024083;155637883;B01;1;7;0;2;4;23;1;
202300024083;155637884;A01;1;7;0;2;1;2;1;
202300024083;155637885;C01;1;7;0;2;4;23;1;