Num_Acc;id_vehicule;num_veh;senc;catv;obs;obsm;choc;manv;motor;occutc
202300024084;155637887;A01;1;33;0;2;2;1;1;
202300024084;155637891;B01;2;7;0;2;3;1;1;
202300024085;155637880;A01;2;33;0;2;1;17;1;
202300024085;155637881;B01;2;13;0;2;8;15;1;
202300024086;155637873;A01;1;7;0;2;3;13;1;
202300024086;155637875;B01;2;15;0;2;3;1;1;
202300024086;155637876;C01;1;7;0;2;8;1;1;
202300024087;155637878;A01;1;33;0;2;8;16;1;
202300024087;155637886;B01;1;1;0;2;7;1;5;
202300024088;155637877;B01;1;31;0;2;4;23;1;
202300024088;155637882;A01;1;7;0;2;1;1;1;
202300024089;155637872;Z01;0;7;0;1;1;15;1;
202300024090;155637874;A01;1;33;0;2;7;17;1;
202300024090;155637879;B01;1;7;0;2;8;15;1;
202300024091;155637870;B01;1;10;0;2;5;16;1;
202300024091;155637871;A01;1;50;0;2;1;1;3;
202300024092;155637868;A01;1;50;1;0;1;1;3;
202300024093;155637863;B01;2;1;0;2;8;13;5;
202300024093;155637865;Z01;2;7;0;2;0;0;0;
202300024094;155637869;A01;1;7;0;1;3;15;1;
202300024095;155637859;Z01;1;7;0;0;0;9;0;
202300024095;155637860;C01;1;7;0;2;0;23;1;
202300024095;155637861;B01;3;33;0;2;1;15;1;
202300024096;155637862;A01;3;1;2;0;1;0;5;
202300024096;155637866;B01;3;1;2;0;1;0;5;
202300024097;155637858;A01;1;30;6;0;1;1;1;
202300024098;155637854;A01;2;7;0;2;5;15;1;
202300024098;155637855;B01;1;2;0;2;1;26;1;
202300024099;155637857;A01;1;30;6;0;1;13;1;
202300024100;155637853;A01;2;7;0;1;3;6;0;
202300024101;155637851;B01;1;2;0;2;3;1;6;
202300024101;155637852;A01;0;7;0;2;3;1;6;
202300024102;155637848;A01;2;7;1;1;2;1;1;
202300024103;155637845;A01;3;33;0;0;8;26;1;
202300024104;155637850;A01;1;50;0;2;3;9;3;
202300024104;155637856;Z01;2;10;0;2;2;1;0;
202300024105;155637847;A01;3;31;16;0;1;1;1;
202300024106;155637844;A01;2;7;3;0;2;14;1;
202300024107;155637846;A01;1;1;0;2;8;18;5;
202300024107;155637849;B01;1;50;1;2;1;1;3;
202300024108;155637841;A01;1;7;0;2;1;1;1;
202300024108;155637842;B01;1;7;0;2;4;1;1;
202300024109;155637840;B01;2;7;0;2;7;12;0;
202300024109;155637843;A01;2;33;0;2;8;1;1;
202300024110;155637837;A01;2;7;0;2;5;15;1;
202300024110;155637838;B01;1;33;0;2;1;1;1;
202300024111;155637831;B01;1;50;0;2;2;9;3;
202300024111;155637833;A01;2;7;0;2;3;9;1;
202300024112;155637830;A01;1;7;0;2;8;19;1;
202300024112;155637834;B01;1;32;0;2;7;17;1;
202300024113;155637835;A01;0;7;3;2;8;19;1;
202300024113;155637839;B01;1;7;3;2;1;1;1;
202300024114;155637829;A01;1;7;0;1;3;15;1;
202300024115;155637832;A01;2;7;0;2;1;1;1;
202300024115;155637836;B01;1;7;0;2;3;1;2;
202300024116;155637828;A01;3;7;6;0;1;19;1;
202300024117;155637825;A01;2;7;0;1;1;15;0;
202300024118;155637826;A01;0;7;0;0;0;1;1;
202300024119;155637823;B01;1;80;0;2;8;1;3;
202300024119;155637824;A01;2;7;0;2;2;19;1;
202300024120;155637821;A01;2;7;0;1;1;1;1;
202300024121;155637817;A01;1;7;0;2;3;15;1;
202300024121;155637819;B01;1;7;0;2;1;1;1;
202300024122;155637822;A01;1;7;0;2;2;1;3;
202300024122;155637827;B01;1;7;0;2;3;1;1;
202300024123;155637818;A01;2;33;13;0;7;1;1;
202300024124;155637814;A01;1;7;0;2;1;12;0;
202300024124;155637815;B01;1;2;0;2;4;1;0;
202300024125;155637816;B01;1;7;0;2;2;2;1;
202300024125;155637820;A01;1;7;0;2;8;2;1;
202300024126;155637811;B01;1;7;0;0;4;2;1;
202300024126;155637813;A01;1;7;0;2;1;2;1;
202300024127;155637810;A01;1;34;4;0;1;17;3;
202300024128;155637807;A01;3;7;0;9;1;1;6;
202300024128;155637809;B01;3;1;0;2;1;1;5;
202300024129;155637805;A01;1;7;1;0;2;1;1;
202300024130;155637802;A01;3;1;0;2;7;1;5;
202300024130;155637806;B01;1;10;0;0;3;1;1;
202300024131;155637799;A01;2;7;0;0;1;26;1;
202300024131;155637804;D01;1;7;0;0;3;20;1;
202300024132;155637800;B01;2;7;0;0;5;15;1;
202300024132;155637803;A01;2;33;0;2;1;1;1;
202300024133;155637797;A01;2;1;0;2;1;1;5;
202300024133;155637801;B01;1;10;0;2;3;1;1;
202300024134;155637796;A01;3;80;0;0;0;21;3;
202300024135;155637795;A01;1;7;0;1;1;1;1;
202300024136;155637793;A01;1;7;0;2;1;1;1;
202300024136;155637798;B01;1;7;0;0;4;0;1;
202300024137;155637792;A01;2;10;0;2;1;1;1;
202300024137;155637794;B01;1;7;7;2;3;1;1;
202300024138;155637788;A01;1;7;0;2;1;9;1;
202300024138;155637791;B01;1;30;0;2;1;1;1;
202300024139;155637790;A01;3;7;9;0;1;1;1;
202300024140;155637789;A01;3;50;0;1;1;1;3;
202300024141;155637785;A01;1;7;2;0;2;14;1;
202300024141;155637787;B01;1;10;0;2;1;23;1;
202300024142;155637783;A01;1;7;0;2;7;9;1;
202300024142;155637786;B01;2;7;0;2;3;1;1;
202300024143;155637778;B01;1;7;0;2;1;0;0;
202300024143;155637782;C01;1;7;0;1;1;26;1;
202300024143;155637784;A01;1;7;0;2;1;26;1;
202300024144;155637780;A01;2;30;0;1;1;1;4;
202300024145;155637779;A01;1;7;0;2;2;1;1;
202300024145;155637781;B01;1;7;0;2;3;1;1;
202300024146;155637776;A01;1;7;0;2;6;23;1;
202300024146;155637777;B01;1;1;0;2;1;1;5;
202300024147;155637773;A01;3;7;16;0;1;6;3;
202300024148;155637772;A01;1;50;0;2;1;1;3;
202300024148;155637774;B01;3;7;0;2;3;9;1;
202300024149;155637771;A01;2;7;3;2;7;9;1;
202300024149;155637775;B01;1;7;0;2;1;1;1;
202300024150;155637770;A01;3;34;0;0;2;1;1;
202300024151;155637768;A01;2;7;0;1;1;16;2;
202300024152;155637767;A01;2;14;0;1;7;1;1;
202300024153;155637765;A01;1;30;0;2;1;1;0;
202300024153;155637769;B01;2;0;0;2;8;18;0;
202300024154;155637763;A01;2;7;0;1;2;1;1;
202300024155;155637761;Z01;2;7;0;2;1;5;1;
202300024155;155637762;A01;1;30;0;2;1;21;1;
202300024156;155637759;B01;1;7;8;2;7;0;0;
202300024156;155637760;A01;2;10;8;2;3;26;1;
202300024157;155637756;A01;1;7;0;2;2;26;0;
202300024157;155637758;B01;2;7;0;2;1;21;0;
202300024158;155637755;A01;1;7;0;1;1;1;1;
202300024159;155637753;A01;0;7;0;2;1;1;1;
202300024159;155637757;B01;0;7;0;2;4;23;0;
202300024160;155637752;A01;2;7;0;2;8;10;1;
202300024160;155637754;B01;2;43;0;2;2;1;1;
202300024161;155637751;A01;3;10;0;0;4;24;1;
202300024162;155637748;A01;3;33;0;0;1;0;1;
202300024163;155637750;A01;1;50;0;0;8;1;3;
202300024164;155637746;B01;2;7;0;1;4;24;1;
202300024164;155637749;A01;2;10;1;0;2;1;1;
202300024165;155637747;A01;1;7;14;0;1;13;1;
202300024166;155637744;A01;1;7;2;0;7;1;1;
202300024167;155637745;A01;1;7;0;1;1;15;1;
202300024168;155637742;A01;1;7;8;0;1;1;1;
202300024169;155637741;A01;1;33;0;2;1;2;1;
202300024169;155637743;B01;1;7;0;0;6;21;1;
202300024170;155637739;A01;3;7;0;2;2;16;1;
202300024170;155637740;B01;3;1;0;2;1;1;5;
202300024171;155637734;A01;2;7;0;2;1;1;1;
202300024171;155637738;B01;1;7;0;0;5;1;1;
202300024172;155637732;B01;1;1;0;2;0;1;5;
202300024172;155637736;Z01;2;7;0;9;0;1;0;
202300024173;155637733;B01;0;30;0;2;1;1;1;
202300024173;155637737;A01;0;7;0;2;5;9;1;
202300024174;155637731;A01;1;7;0;2;3;1;1;
202300024174;155637735;B01;1;7;0;2;1;1;1;
202300024175;155637728;A01;2;30;0;1;0;17;1;
202300024176;155637729;A01;1;10;0;1;4;20;1;
202300024177;155637727;A01;1;7;0;1;2;1;1;
202300024178;155637726;B01;2;7;13;2;1;1;1;
202300024178;155637730;A01;1;7;13;2;8;1;1;
202300024179;155637724;A01;2;30;0;1;1;1;1;
202300024180;155637725;A01;3;35;15;0;8;1;1;
202300024181;155637721;A01;2;7;2;0;1;1;1;
202300024182;155637722;A01;0;32;0;1;1;2;1;
202300024183;155637718;B01;1;17;0;2;7;1;1;
202300024183;155637720;A01;1;7;0;2;3;9;1;
202300024184;155637719;B01;1;10;0;2;3;1;1;
202300024184;155637723;A01;1;7;0;2;2;1;1;
202300024185;155637715;A01;1;2;0;2;1;1;1;
202300024185;155637717;B01;2;7;0;2;2;1;1;
202300024186;155637714;A01;1;7;2;0;1;2;1;
202300024187;155637712;B01;2;1;0;2;8;1;5;
202300024187;155637716;A01;3;7;0;9;1;16;1;
202300024188;155637710;B01;1;31;0;2;7;12;1;
202300024188;155637713;A01;1;7;0;2;8;1;1;
202300024189;155637709;A01;0;7;0;2;3;26;0;
202300024189;155637711;B01;3;1;0;2;1;21;5;
202300024190;155637702;A01;2;33;0;2;4;17;1;
202300024190;155637705;B01;2;34;0;2;1;13;1;
202300024191;155637704;A01;1;7;0;2;4;1;1;
202300024191;155637708;B01;1;2;0;2;1;1;1;
202300024192;155637701;A01;1;7;0;2;3;2;1;
202300024192;155637706;B01;1;15;0;2;6;2;1;
202300024193;155637703;A01;2;33;0;2;1;2;1;
202300024193;155637707;B01;2;7;0;2;4;2;1;
202300024194;155637696;A01;1;7;0;1;1;1;1;
202300024195;155637697;A01;1;33;0;0;8;1;1;
202300024196;155637699;A01;2;7;0;2;1;2;1;
202300024196;155637700;B01;2;7;0;2;4;23;1;
202300024197;155637695;A01;2;7;0;1;1;1;1;
202300024198;155637694;A01;1;33;0;2;1;1;1;
202300024198;155637698;B01;1;33;0;0;4;1;1;
202300024199;155637692;A01;1;10;0;0;0;1;1;
202300024200;155637690;A01;1;33;0;1;1;1;1;
202300024201;155637689;A01;1;3;15;0;2;26;1;
202300024202;155637688;A01;2;10;0;2;2;1;1;
202300024202;155637691;B01;1;15;0;2;5;23;1;
202300024203;155637687;A01;1;7;0;0;3;16;0;
202300024203;155637693;B01;1;31;0;2;1;2;0;
202300024204;155637686;A01;2;7;2;0;1;14;1;
202300024205;155637685;Z01;1;10;0;1;2;1;1;
202300024206;155637682;B01;1;7;0;2;0;0;0;
202300024206;155637683;A01;3;7;6;2;0;21;1;
202300024207;155637681;A01;1;7;0;1;2;1;1;
202300024208;155637680;A01;2;10;0;2;7;10;1;
202300024208;155637684;B01;2;33;0;2;9;1;1;
202300024209;155637679;A01;1;7;0;1;3;1;1;
202300024210;155637678;A01;1;7;14;0;2;2;0;
202300024211;155637675;A01;2;30;0;1;3;1;1;
202300024212;155637674;B01;2;2;0;2;1;1;1;
202300024212;155637677;A01;1;7;0;2;3;15;1;
202300024213;155637672;B01;2;7;0;2;8;19;1;
202300024213;155637676;A01;1;7;0;2;1;1;1;
202300024214;155637670;B01;2;10;0;2;6;16;1;
202300024214;155637673;A01;2;33;0;2;1;1;1;
202300024215;155637667;A01;1;7;0;2;2;1;1;
202300024215;155637669;B01;1;7;0;2;6;15;1;
202300024216;155637668;A01;1;7;0;9;2;0;1;
202300024217;155637666;A01;0;7;0;2;1;1;0;
202300024217;155637671;B01;2;7;0;2;3;1;1;
202300024218;155637664;B01;1;7;0;2;8;9;1;
202300024218;155637665;A01;2;7;0;2;1;1;2;
202300024219;155637662;A01;2;10;13;0;1;21;1;
202300024220;155637658;A01;0;7;0;1;1;1;1;
202300024221;155637660;A01;3;7;0;1;3;1;2;
202300024222;155637656;A01;2;14;0;9;1;1;1;
202300024222;155637657;B01;1;1;0;2;1;19;5;
202300024223;155637653;A01;2;7;0;1;1;15;1;
202300024224;155637655;A01;1;33;8;0;1;1;1;
202300024225;155637651;A01;3;7;0;1;3;1;2;
202300024226;155637652;EA01;1;31;0;2;7;12;1;
202300024226;155637654;B01;1;10;0;2;0;0;0;
202300024227;155637650;A01;3;7;0;1;0;0;1;
202300024228;155637647;A01;2;7;0;2;2;17;1;
202300024228;155637649;B01;2;7;0;2;3;1;1;
202300024229;155637645;A01;2;31;0;2;3;13;1;
202300024229;155637648;B01;1;7;0;2;3;1;1;
202300024230;155637644;A01;3;7;0;1;7;0;1;
202300024231;155637643;A01;1;7;0;2;8;1;1;
202300024231;155637646;B01;1;33;0;2;1;1;1;
202300024232;155637642;A01;1;7;8;0;3;1;1;
202300024233;155637640;A01;2;7;13;0;9;13;1;
202300024234;155637635;B01;1;1;0;2;7;1;5;
202300024234;155637637;A01;1;7;0;2;1;1;1;
202300024235;155637636;A01;2;7;0;2;1;19;0;
202300024235;155637638;B01;1;32;0;2;5;1;0;
202300024236;155637634;A01;1;10;6;0;1;14;1;
202300024237;155637629;B01;3;7;0;2;8;1;1;
202300024237;155637632;A01;3;7;0;2;2;9;1;
202300024238;155637628;A01;3;32;0;2;3;1;1;
202300024238;155637631;B01;3;7;0;2;2;15;1;
202300024239;155637626;A01;1;7;0;2;3;19;1;
202300024239;155637633;B01;2;7;0;2;1;1;1;
202300024240;155637621;A01;2;7;0;2;1;2;1;
202300024240;155637624;B01;0;7;0;2;2;15;1;
202300024241;155637622;B01;2;33;0;2;1;1;1;
202300024241;155637623;A01;1;7;0;2;3;15;1;
202300024242;155637620;A01;1;7;0;0;0;1;1;
202300024243;155637618;A01;1;7;0;1;1;17;1;
202300024244;155637617;A01;2;7;0;0;6;1;1;
202300024244;155637619;B01;1;33;0;2;7;15;1;
202300024245;155637616;A01;1;33;13;0;1;9;4;
202300024246;155637615;A01;0;7;12;1;4;23;1;
202300024247;155637613;A01;1;30;0;2;1;1;1;
202300024247;155637614;B01;1;7;0;2;3;15;1;
202300024248;155637610;A01;1;7;0;2;0;15;0;
202300024248;155637611;B01;2;7;0;2;3;0;1;
202300024249;155637609;A01;1;33;0;0;4;23;1;
202300024249;155637612;B01;1;7;0;2;1;2;1;
202300024250;155637606;B01;2;1;0;2;7;2;5;
202300024250;155637607;A01;2;7;0;2;1;16;1;
202300024251;155637605;A01;0;7;2;0;1;0;1;
202300024252;155637603;A01;1;7;0;2;3;13;1;
202300024252;155637608;B01;2;7;0;2;3;1;1;
202300024253;155637600;A01;2;3;13;0;3;14;1;
202300024254;155637601;B01;1;7;0;2;1;26;1;
202300024254;155637604;A01;2;7;3;2;1;26;1;
202300024255;155637599;A01;3;7;0;2;1;1;1;
202300024255;155637602;B01;3;7;0;2;7;1;1;
202300024256;155637598;A01;1;7;2;0;3;1;1;
202300024257;155637595;A01;2;7;0;1;1;1;1;
202300024258;155637594;A01;2;7;0;2;3;13;1;
202300024258;155637597;B01;1;3;0;2;1;1;1;
202300024259;155637593;A01;1;7;0;2;4;1;1;
202300024259;155637596;B01;2;13;0;2;1;1;1;
202300024260;155637591;A01;2;7;8;0;3;13;1;
202300024261;155637587;A01;2;10;0;2;7;15;1;
202300024261;155637590;B01;2;2;0;2;1;1;1;
202300024262;155637586;B01;1;33;0;2;1;1;1;
202300024262;155637592;A01;3;7;0;2;3;19;1;
202300024263;155637588;B01;2;7;0;2;3;2;1;
202300024263;155637589;A01;2;7;0;0;4;15;1;
202300024264;155637584;A01;2;10;0;2;1;13;0;
202300024264;155637585;B01;1;7;0;2;1;1;1;
202300024265;155637582;B01;2;15;0;2;2;12;1;
202300024265;155637583;A01;2;7;0;2;6;1;1;
202300024266;155637580;A01;3;7;0;1;1;1;1;
202300024267;155637577;A01;2;7;3;0;1;1;1;
202300024268;155637576;A01;2;17;0;2;1;1;0;
202300024268;155637579;B01;1;7;0;2;8;19;1;
202300024269;155637575;A01;1;7;0;2;1;2;1;
202300024269;155637578;C01;2;7;0;2;1;1;1;
202300024269;155637581;B01;1;10;0;2;4;1;1;
202300024270;155637573;A01;2;7;2;0;3;1;1;
202300024271;155637572;B01;1;7;0;0;5;2;1;
202300024271;155637574;A01;1;7;0;2;3;2;1;
202300024272;155637569;A01;1;7;0;2;3;1;1;
202300024272;155637571;B01;2;7;0;2;1;1;1;
202300024273;155637566;B01;2;1;0;2;1;1;5;
202300024273;155637568;A01;1;7;0;9;3;17;3;
202300024274;155637565;A01;2;7;13;0;9;1;1;
202300024275;155637567;A01;1;7;0;2;3;9;0;
202300024275;155637570;B01;1;1;0;2;7;2;5;
202300024276;155637564;A01;1;14;13;0;8;1;1;
202300024277;155637563;A01;2;7;0;1;7;0;1;
202300024278;155637560;A01;2;2;0;0;9;1;1;
202300024279;155637561;A01;1;33;12;0;0;1;1;
202300024280;155637559;B01;2;1;0;2;1;1;5;
202300024280;155637562;A01;1;7;0;2;2;15;1;
202300024281;155637557;A01;1;31;0;2;2;5;1;
202300024281;155637558;B01;2;7;0;2;2;1;1;
202300024282;155637555;A01;1;7;2;-1;1;1;1;
202300024283;155637554;A01;1;7;0;1;2;9;0;
202300024284;155637551;A01;0;7;0;0;0;1;1;
202300024285;155637550;B01;2;7;0;2;1;1;1;
202300024285;155637552;A01;1;7;0;2;2;13;1;
202300024286;155637549;A01;2;7;7;0;1;14;1;
202300024287;155637548;A01;2;7;13;0;9;1;1;
202300024288;155637547;A01;3;7;0;1;1;1;1;
202300024289;155637546;A01;1;7;0;1;7;1;1;
202300024290;155637543;A01;3;7;6;0;9;1;0;
202300024291;155637541;A01;2;3;5;0;8;1;1;
202300024292;155637539;A01;2;7;0;1;1;1;0;
202300024293;155637540;A01;2;7;0;2;1;1;1;
202300024293;155637544;C01;2;7;0;2;5;15;1;
202300024293;155637545;B01;2;7;0;2;3;1;1;
202300024294;155637538;B01;3;7;0;2;7;23;1;
202300024294;155637542;A01;3;7;13;2;2;1;1;
202300024295;155637535;A01;3;33;16;0;0;1;1;
202300024296;155637532;A01;0;7;2;0;7;1;1;
202300024297;155637533;A01;0;33;0;2;1;1;1;
202300024297;155637536;B01;0;14;0;2;4;4;1;
202300024298;155637530;A01;2;1;13;0;0;1;5;
202300024299;155637531;A01;1;7;0;2;1;13;2;
202300024299;155637534;B01;2;7;0;2;6;1;1;
202300024299;155637537;C01;2;7;0;2;1;1;1;
202300024300;155637528;A01;0;10;2;0;3;13;1;
202300024301;155637526;A01;2;7;0;2;2;15;1;
202300024301;155637527;B01;1;30;0;2;1;1;1;
202300024302;155637524;A01;3;2;0;2;8;1;1;
202300024302;155637529;B01;3;7;0;2;8;1;1;
202300024303;155637523;B01;1;14;0;2;3;1;1;
202300024303;155637525;A01;2;7;0;2;3;13;1;
202300024304;155637521;A01;3;10;0;0;8;15;1;
202300024304;155637522;B01;3;32;0;2;2;17;1;
202300024305;155637519;A01;3;31;0;0;0;1;1;
202300024306;155637517;A01;2;33;0;2;3;15;1;
202300024306;155637520;B01;1;7;0;2;1;13;1;
202300024307;155637516;A01;2;2;0;2;8;1;1;
202300024307;155637518;B01;1;7;7;2;8;17;1;
202300024308;155637514;B01;1;7;0;2;3;1;1;
202300024308;155637515;A01;2;7;0;2;3;1;1;
202300024309;155637512;A01;1;7;13;0;3;1;0;
202300024310;155637511;A01;1;7;14;0;9;14;1;
202300024311;155637510;B01;1;7;0;2;1;1;1;
202300024311;155637513;A01;3;7;0;2;8;15;2;
202300024312;155637507;A01;2;7;6;0;1;1;1;
202300024313;155637508;A01;2;7;1;0;1;5;1;
202300024313;155637509;B01;2;14;0;2;4;24;1;
202300024314;155637506;A01;1;7;12;0;1;17;1;
202300024315;155637503;A01;1;7;0;2;2;0;0;
202300024315;155637505;B01;2;15;0;2;3;13;0;
202300024316;155637502;A01;1;7;17;0;2;1;1;
202300024317;155637501;A01;1;33;15;0;1;14;1;
202300024318;155637500;B01;1;33;0;2;1;1;1;
202300024318;155637504;A01;2;7;0;2;3;15;0;
202300024319;155637498;A01;3;7;0;2;1;9;0;
202300024319;155637499;B01;2;2;0;2;7;1;-1;
202300024320;155637496;A01;2;7;15;0;9;13;1;
202300024321;155637495;A01;1;7;4;0;2;1;1;
202300024322;155637494;A01;1;33;13;2;1;17;1;
202300024322;155637497;B01;2;17;0;2;2;13;1;
202300024323;155637493;A01;1;7;0;1;1;2;1;
202300024324;155637490;A01;1;7;2;0;3;0;0;
202300024325;155637492;A01;2;7;2;0;0;2;1;
202300024326;155637485;A01;2;7;0;2;3;1;1;
202300024326;155637486;B01;1;7;0;2;3;1;1;
202300024327;155637487;B01;1;7;0;2;1;1;1;
202300024327;155637491;A01;2;7;0;2;5;19;1;
202300024328;155637483;A01;1;7;0;1;1;1;1;
202300024329;155637482;A01;1;7;0;1;1;1;1;
202300024330;155637481;A01;2;7;0;2;8;2;3;
202300024330;155637484;B01;1;7;0;2;1;15;1;
202300024331;155637480;A01;1;7;13;9;0;1;1;
202300024332;155637478;A01;2;15;13;0;0;13;1;
202300024333;155637477;A01;2;7;0;2;1;5;1;
202300024333;155637479;B01;1;15;0;2;1;1;1;
202300024334;155637472;B01;1;7;0;2;1;1;1;
202300024334;155637473;C01;1;15;0;0;6;1;1;
202300024334;155637476;A01;1;33;0;0;1;1;1;
202300024335;155637471;A01;1;7;0;9;2;17;1;
202300024335;155637474;B01;1;1;0;2;3;1;5;
202300024336;155637470;A01;2;7;0;2;8;1;1;
202300024336;155637475;B01;1;7;0;2;1;1;1;
202300024337;155637468;A01;2;10;4;1;3;1;1;
202300024338;155637467;A01;1;7;13;0;1;1;1;
202300024339;155637466;A01;2;7;0;0;2;17;1;
202300024339;155637469;B01;2;10;0;0;2;15;0;
202300024340;155637463;A01;1;7;0;2;3;19;2;
202300024340;155637465;B01;2;2;0;2;1;13;1;
202300024341;155637460;A01;1;7;2;0;8;1;1;
202300024342;155637457;A01;2;7;4;0;1;1;1;
202300024342;155637458;D01;2;7;1;2;3;1;1;
202300024342;155637461;B01;2;7;4;0;5;1;1;
202300024342;155637462;E01;2;10;0;2;4;1;1;
202300024342;155637464;C01;2;17;0;0;6;24;1;
202300024343;155637456;B01;2;7;0;2;1;1;1;
202300024343;155637459;A01;1;7;0;2;1;1;1;
202300024344;155637453;A01;1;7;0;2;2;2;1;
202300024344;155637454;B01;1;17;0;2;4;2;1;
202300024345;155637452;A01;1;7;0;2;3;1;1;
202300024345;155637455;B01;3;7;0;2;6;9;1;
202300024346;155637449;A01;2;33;0;2;8;13;1;
202300024346;155637450;B01;1;32;0;2;3;15;1;
202300024347;155637447;A01;3;80;0;0;0;0;3;
202300024348;155637448;A01;2;7;0;2;1;1;1;
202300024348;155637451;B01;1;7;0;2;1;1;1;
202300024349;155637441;A01;1;7;0;2;3;5;1;
202300024349;155637444;B01;2;7;0;2;2;1;1;
202300024350;155637442;A01;2;2;0;0;8;26;1;
202300024351;155637440;A01;2;7;0;2;3;0;1;
202300024351;155637445;B01;1;7;0;2;8;1;1;
202300024352;155637439;A01;3;7;0;2;8;19;1;
202300024352;155637443;B01;1;38;7;2;2;1;1;1.0
202300024352;155637446;C01;2;7;0;0;0;1;1;
202300024353;155637437;A01;3;34;0;2;1;1;1;
202300024353;155637438;B01;3;32;0;2;1;17;1;
202300024354;155637435;A01;2;7;13;0;3;11;1;
202300024355;155637434;A01;1;10;0;2;2;21;1;
202300024355;155637436;B01;1;1;0;2;4;0;5;
202300024356;155637433;A01;2;7;0;1;1;1;1;
202300024357;155637432;A01;3;7;0;1;1;21;1;
202300024358;155637431;A01;2;13;0;0;0;17;1;
202300024359;155637429;A01;3;7;0;1;1;1;1;
202300024360;155637428;A01;1;7;2;0;8;1;1;
202300024361;155637427;A01;1;10;0;2;1;17;1;
202300024361;155637430;B01;2;38;0;2;1;1;1;1.0
202300024362;155637426;A01;2;7;15;0;2;1;1;
202300024363;155637424;A01;2;7;2;2;1;5;1;
202300024363;155637425;B01;1;7;0;2;1;1;1;
202300024364;155637420;A01;2;2;0;0;7;1;1;
202300024365;155637419;A01;1;7;0;2;2;18;1;
202300024365;155637423;B01;1;7;0;2;3;15;1;
202300024366;155637418;A01;1;33;0;0;1;1;1;
202300024366;155637422;B01;2;15;0;0;6;19;1;
202300024367;155637417;B01;1;10;0;2;1;1;1;
202300024367;155637421;A01;1;17;3;0;9;6;1;
202300024368;155637416;A01;3;7;0;1;3;16;1;
202300024369;155637412;A01;1;7;0;2;1;1;1;
202300024369;155637414;B01;1;14;0;0;4;1;1;
202300024370;155637410;A01;2;10;0;2;3;19;1;
202300024370;155637413;B01;1;7;1;2;2;1;1;
202300024371;155637411;B01;0;2;0;2;1;1;1;
202300024371;155637415;A01;1;7;0;2;2;19;1;
202300024372;155637408;A01;2;7;0;2;3;13;1;
202300024372;155637409;B01;1;7;0;2;3;1;1;
202300024373;155637406;A01;1;7;2;0;1;14;1;
202300024374;155637405;A01;2;7;0;1;3;1;1;
202300024375;155637404;C01;1;10;3;2;1;11;1;
202300024375;155637407;A01;1;13;0;0;0;1;1;
202300024376;155637403;A01;1;33;0;0;0;1;1;
202300024377;155637399;A01;1;7;0;0;4;26;1;
202300024377;155637402;B01;1;20;0;2;1;2;1;
202300024378;155637398;B01;2;7;0;2;1;1;1;
202300024378;155637401;A01;2;7;0;2;4;1;1;
202300024379;155637397;A01;1;7;0;6;7;21;1;
202300024380;155637394;A01;1;7;6;0;1;0;1;
202300024381;155637392;A01;2;7;0;2;3;1;1;
202300024381;155637395;B01;2;7;0;0;0;1;1;
202300024381;155637396;C01;2;7;14;0;1;1;1;
202300024381;155637400;D01;2;7;0;0;1;2;1;
202300024382;155637390;B01;3;7;0;2;1;1;1;
202300024382;155637391;A01;3;31;0;2;1;1;1;
202300024383;155637386;B01;1;17;0;2;3;1;6;
202300024383;155637389;A01;2;17;0;2;2;13;1;
202300024384;155637384;A01;0;7;0;2;1;13;1;
202300024384;155637387;B01;0;31;0;2;1;13;0;
202300024385;155637385;B01;2;1;0;2;6;1;5;
202300024385;155637388;A01;2;0;0;2;0;1;0;
202300024386;155637380;C01;1;14;0;2;1;2;1;
202300024386;155637381;B01;1;7;0;2;9;2;1;
202300024386;155637383;A01;1;17;0;2;4;2;1;
202300024387;155637378;A01;1;7;6;0;1;14;2;
202300024388;155637377;A01;1;7;0;2;2;19;1;
202300024388;155637382;B01;2;7;0;2;3;1;1;
202300024389;155637376;A01;2;7;0;2;2;0;1;
202300024389;155637379;B01;2;1;0;0;4;0;5;
202300024390;155637374;A01;1;7;0;2;4;9;1;
202300024390;155637375;B01;1;7;0;2;1;9;1;
202300024391;155637371;A01;1;7;0;9;2;15;1;
202300024391;155637373;B01;1;1;0;2;1;1;5;
202300024392;155637372;A01;1;7;11;0;1;1;1;
202300024393;155637368;B01;2;7;0;2;4;2;1;
202300024393;155637369;A01;2;7;0;2;1;2;1;
202300024394;155637366;A01;1;33;0;0;1;0;1;
202300024395;155637363;A01;3;7;0;1;3;0;1;
202300024396;155637365;B01;3;7;0;2;7;1;1;
202300024396;155637367;A01;1;33;0;2;1;1;1;
202300024397;155637359;E01;1;7;0;2;5;1;1;
202300024397;155637360;C01;1;7;0;2;4;2;1;
202300024397;155637361;B01;1;7;0;2;6;2;1;
202300024397;155637362;A01;1;14;0;2;2;2;1;
202300024397;155637364;D01;1;7;0;2;2;21;1;
202300024398;155637358;A01;1;7;13;0;2;1;3;
202300024399;155637357;A01;2;17;0;1;2;1;1;
202300024400;155637354;B01;2;7;0;2;6;9;0;
202300024400;155637356;A01;2;15;0;2;2;1;0;
202300024401;155637352;A01;3;31;3;0;1;1;1;
202300024402;155637353;A01;1;7;0;2;6;19;1;
202300024402;155637355;B01;1;7;0;2;1;19;1;
202300024403;155637348;A01;2;33;0;2;8;13;1;