Num_Acc;id_vehicule;num_veh;senc;catv;obs;obsm;choc;manv;motor;occutc
202300024403;155637350;B01;2;7;1;2;7;1;1;
202300024404;155637349;A01;1;7;0;2;2;2;0;
202300024404;155637351;B01;1;7;0;0;6;1;0;
202300024405;155637346;A01;2;10;2;0;2;14;1;
202300024406;155637344;A01;1;2;0;2;2;1;3;
202300024406;155637347;B01;2;7;0;2;3;1;1;
202300024407;155637342;B01;2;15;0;2;4;1;1;
202300024407;155637345;A01;2;7;0;2;1;1;1;
202300024408;155637338;A01;1;7;4;0;1;1;4;
202300024409;155637337;A01;2;7;2;0;1;1;1;
202300024410;155637334;A01;1;7;0;2;2;12;1;
202300024410;155637336;B01;1;7;0;2;6;1;1;
202300024411;155637335;A01;2;1;0;0;0;23;5;
202300024412;155637330;A01;1;7;3;0;1;9;1;
202300024413;155637332;A01;1;10;2;0;1;0;1;
202300024414;155637331;A01;1;7;0;2;7;19;1;
202300024414;155637333;B01;2;7;0;2;1;1;1;
202300024415;155637328;A01;1;7;4;0;1;1;1;
202300024416;155637329;A01;3;10;0;1;1;1;1;
202300024417;155637325;A01;1;7;4;0;1;14;1;
202300024418;155637327;A01;3;7;2;0;1;1;1;
202300024419;155637324;A01;2;10;0;1;5;4;1;
202300024420;155637323;A01;2;7;0;2;3;13;1;
202300024420;155637326;B01;1;7;0;2;3;1;1;
202300024421;155637322;A01;1;7;4;0;2;1;1;
202300024422;155637320;A01;2;33;0;1;3;1;1;
202300024423;155637318;A01;1;7;4;0;8;17;1;
202300024424;155637319;A01;2;7;0;2;3;11;1;
202300024424;155637321;B01;2;34;0;2;7;17;1;
202300024425;155637315;A01;0;32;0;1;1;11;1;
202300024426;155637316;A01;1;7;0;2;1;1;1;
202300024426;155637317;B01;1;30;0;2;4;1;1;
202300024427;155637312;A01;1;7;0;2;1;1;1;
202300024427;155637313;B01;1;7;0;2;4;1;1;
202300024427;155637314;C01;1;7;0;2;1;1;1;
202300024428;155637311;A01;2;33;0;0;0;0;1;
202300024429;155637310;A01;3;10;0;1;4;20;1;
202300024430;155637307;A01;1;31;0;2;8;1;1;
202300024430;155637308;B01;1;7;0;2;7;0;0;
202300024431;155637306;A01;2;15;0;2;6;23;1;
202300024431;155637309;B01;2;7;0;2;1;2;1;
202300024432;155637304;A01;3;2;0;0;1;1;0;
202300024433;155637303;A01;2;33;0;2;1;3;1;
202300024433;155637305;B01;2;7;0;2;6;15;1;
202300024434;155637302;A01;2;10;2;0;8;0;1;
202300024435;155637299;A01;2;7;0;2;5;16;1;
202300024435;155637301;B01;1;60;0;0;0;1;5;
202300024436;155637297;A01;2;7;0;1;1;1;1;
202300024437;155637295;B01;1;7;0;2;1;23;1;
202300024437;155637298;A01;2;7;1;0;1;13;1;
202300024438;155637292;A01;1;7;0;1;1;1;1;
202300024439;155637291;B01;1;33;0;2;0;0;1;
202300024439;155637294;A01;1;7;0;2;3;1;1;
202300024440;155637288;A01;2;7;8;0;1;13;1;
202300024441;155637286;A01;-1;30;8;0;1;1;1;
202300024442;155637285;B01;1;7;0;2;7;19;1;
202300024442;155637287;A01;2;7;0;2;1;19;1;
202300024443;155637281;A01;3;7;0;2;1;19;1;
202300024443;155637283;B01;1;7;0;2;7;1;1;
202300024444;155637282;A01;1;10;0;2;3;21;1;
202300024444;155637284;B01;1;10;0;2;1;2;1;
202300024444;155637289;C01;1;7;0;2;5;2;1;
202300024444;155637290;D01;1;10;0;2;7;2;1;
202300024444;155637293;E01;1;7;0;2;6;2;1;
202300024444;155637296;F01;1;10;0;2;4;0;1;
202300024444;155637300;G01;1;7;0;2;7;21;1;
202300024445;155637280;A01;1;1;0;0;0;21;5;
202300024446;155637279;A01;2;7;0;1;1;15;3;
202300024447;155637277;A01;3;7;0;2;3;11;1;
202300024447;155637278;B01;3;31;0;2;2;1;1;
202300024448;155637276;A01;2;33;0;9;1;16;1;
202300024449;155637272;A01;3;7;0;1;3;15;1;
202300024450;155637273;A01;1;7;0;2;2;16;1;
202300024450;155637274;B01;1;30;0;2;3;18;1;
202300024451;155637271;A01;0;33;13;0;0;1;0;
202300024452;155637270;B01;2;7;0;2;4;2;1;
202300024452;155637275;A01;2;7;0;2;1;1;1;
202300024453;155637269;A01;1;50;0;0;1;14;3;
202300024454;155637267;A01;3;10;0;2;3;14;1;
202300024454;155637268;B01;3;50;0;2;8;23;3;
202300024455;155637265;A01;3;7;0;1;1;1;1;
202300024456;155637262;C01;2;31;0;2;1;8;1;
202300024456;155637264;A01;1;7;0;2;7;15;1;
202300024456;155637266;B01;1;7;0;2;2;26;0;
202300024457;155637259;A01;3;7;0;1;5;20;0;
202300024458;155637256;A01;2;17;0;2;1;1;1;
202300024458;155637258;C01;2;17;0;2;4;1;1;
202300024458;155637260;B01;2;7;0;2;4;1;1;
202300024459;155637252;A01;1;7;0;2;3;15;1;
202300024459;155637257;B01;1;32;0;2;2;1;1;
202300024460;155637253;A01;0;7;0;2;3;1;1;
202300024460;155637255;B01;3;1;0;2;2;1;5;
202300024461;155637251;A01;3;7;0;2;1;1;1;
202300024461;155637254;B01;3;7;0;2;3;1;2;
202300024462;155637250;A01;2;7;14;0;1;26;1;
202300024463;155637248;A01;3;7;0;1;1;1;1;
202300024464;155637246;B01;2;31;0;2;1;1;1;
202300024464;155637247;A01;1;7;0;2;2;15;1;
202300024465;155637245;A01;1;7;0;2;8;1;1;
202300024465;155637249;B01;2;7;0;2;1;1;1;
202300024466;155637244;A01;2;17;0;1;1;1;1;
202300024467;155637236;B01;2;1;0;2;6;2;5;
202300024467;155637238;C01;2;1;0;2;5;2;5;
202300024467;155637241;A01;2;10;0;2;2;2;1;
202300024468;155637235;A01;2;34;0;2;1;2;1;
202300024468;155637239;B01;2;10;0;2;6;2;1;
202300024469;155637232;A01;3;7;8;2;1;15;1;
202300024469;155637233;B01;3;7;0;2;8;1;1;
202300024469;155637237;C01;3;37;0;2;8;0;0;1.0
202300024470;155637228;A01;1;7;0;2;1;1;1;
202300024470;155637229;B01;1;14;0;2;4;1;1;
202300024471;155637227;A01;3;21;1;0;1;1;1;
202300024471;155637231;B01;3;35;0;0;4;24;1;
202300024472;155637226;A01;1;10;0;1;1;12;1;
202300024473;155637221;A01;1;7;0;1;1;1;1;
202300024474;155637222;A01;1;7;0;2;8;11;1;
202300024474;155637223;B01;1;34;0;2;7;3;1;
202300024475;155637219;A01;1;7;12;0;3;13;1;
202300024476;155637218;B01;2;7;0;2;0;0;0;
202300024476;155637220;A01;1;7;0;2;0;0;1;
202300024477;155637216;A01;2;7;0;1;1;15;1;
202300024478;155637214;A01;3;7;8;0;1;1;1;
202300024479;155637213;B01;0;2;0;2;7;1;1;
202300024479;155637217;A01;0;7;0;2;1;1;1;
202300024480;155637212;B01;1;7;0;2;4;2;1;
202300024480;155637215;A01;1;7;0;2;1;2;1;
202300024481;155637210;A01;1;7;0;2;3;1;1;
202300024481;155637211;B01;2;7;0;2;3;1;1;
202300024482;155637208;A01;3;7;0;1;2;0;1;
202300024483;155637207;A01;1;17;4;0;1;1;1;
202300024484;155637206;A01;2;7;0;2;4;2;1;
202300024484;155637209;B01;2;7;0;2;1;2;1;
202300024485;155637204;A01;1;7;0;0;3;1;0;
202300024485;155637205;B01;2;10;0;0;3;1;1;
202300024486;155637200;A01;2;7;0;2;1;2;1;
202300024486;155637203;B01;2;7;0;2;4;23;1;
202300024487;155637199;A01;1;7;0;2;4;2;1;
202300024487;155637202;B01;1;7;0;2;1;2;1;
202300024488;155637198;A01;1;7;0;2;8;26;1;
202300024488;155637201;B01;1;7;0;2;2;1;1;
202300024489;155637197;A01;2;7;0;1;2;0;1;
202300024490;155637194;A01;1;37;0;0;4;1;1;1.0
202300024490;155637196;B01;1;7;0;0;1;0;0;
202300024491;155637193;A01;1;10;0;2;1;2;1;
202300024491;155637195;B01;1;10;0;0;4;1;1;
202300024492;155637190;B01;3;7;0;2;4;1;0;
202300024492;155637192;A01;3;7;0;2;1;1;0;
202300024493;155637189;A01;1;1;0;2;7;1;5;
202300024493;155637191;B01;1;10;0;9;1;2;1;
202300024494;155637186;A01;1;7;0;2;1;2;1;
202300024494;155637188;B01;2;13;0;2;4;1;1;
202300024495;155637185;A01;1;2;0;2;4;1;0;
202300024495;155637187;B01;1;7;0;0;4;1;-1;
202300024496;155637181;A01;1;7;0;2;1;1;1;
202300024496;155637183;B01;1;7;0;2;8;1;1;
202300024497;155637182;A01;1;33;0;2;1;1;1;
202300024497;155637184;B01;2;7;0;2;5;15;1;
202300024498;155637179;A01;1;33;0;2;1;3;1;
202300024498;155637180;B01;1;7;0;2;5;1;0;
202300024499;155637178;A01;1;17;3;0;3;0;1;
202300024500;155637175;A01;1;7;0;2;7;1;1;
202300024500;155637177;B01;1;1;0;2;1;11;5;
202300024501;155637174;B01;3;31;0;2;1;1;1;
202300024501;155637176;A01;3;7;0;2;3;1;1;
202300024502;155637168;B01;2;7;0;2;4;2;1;
202300024502;155637171;C01;2;7;0;2;4;2;3;
202300024502;155637173;A01;2;10;0;2;1;2;1;
202300024503;155637166;B01;3;7;0;2;3;23;1;
202300024503;155637170;A01;3;33;0;2;7;23;1;
202300024504;155637164;A01;1;7;13;0;1;1;0;
202300024505;155637160;A01;1;7;0;2;2;12;0;
202300024505;155637163;B01;1;33;0;2;8;3;0;
202300024506;155637159;A01;1;7;0;2;2;14;0;
202300024506;155637161;B01;1;32;0;2;6;1;0;
202300024507;155637155;Z01;1;10;0;1;1;15;1;
202300024508;155637153;A01;2;33;0;2;2;21;1;
202300024508;155637156;B01;2;7;0;2;6;1;1;
202300024509;155637152;A01;1;2;0;2;1;19;1;
202300024509;155637157;B01;3;7;0;2;3;19;1;
202300024510;155637154;A01;3;7;0;2;3;9;1;
202300024510;155637158;B01;1;33;0;2;1;17;3;
202300024511;155637150;A01;1;7;4;0;2;2;1;
202300024512;155637151;A01;3;7;0;1;0;15;1;
202300024513;155637149;A01;2;7;0;1;1;17;1;
202300024514;155637146;A01;2;33;0;0;8;1;1;
202300024515;155637145;A01;1;7;13;0;1;1;1;
202300024516;155637144;A01;3;37;0;1;1;1;1;1.0
202300024517;155637138;B01;1;16;4;2;4;2;1;
202300024517;155637141;A01;1;17;4;2;1;2;1;
202300024518;155637137;B01;2;7;0;2;1;1;1;
202300024518;155637142;A01;1;10;0;2;8;19;1;
202300024519;155637135;A01;1;32;13;0;9;1;6;
202300024520;155637131;A01;2;7;0;1;3;15;1;
202300024521;155637129;A01;2;7;2;0;3;1;1;
202300024522;155637128;A01;1;14;0;2;1;1;1;
202300024522;155637132;B01;2;7;0;2;1;1;0;
202300024522;155637134;C01;1;10;0;2;4;1;1;
202300024522;155637136;D01;1;7;0;2;4;2;-1;
202300024522;155637140;E01;1;7;0;2;4;2;0;
202300024522;155637143;F01;1;7;0;2;4;2;0;
202300024522;155637147;G01;1;7;0;2;4;0;0;
202300024522;155637148;H01;1;10;0;2;4;2;0;
202300024523;155637126;A01;3;7;1;1;1;1;1;
202300024524;155637125;D01;1;7;0;2;4;2;1;
202300024524;155637127;C01;1;7;0;2;4;2;1;
202300024524;155637130;B01;1;7;0;2;4;2;1;
202300024524;155637133;A01;1;7;0;2;1;2;1;
202300024525;155637123;B01;2;7;0;0;6;2;1;
202300024525;155637124;A01;2;7;1;2;1;2;1;
202300024526;155637122;A01;3;10;0;1;1;1;1;
202300024527;155637116;A01;3;1;0;1;1;1;5;
202300024528;155637117;A01;2;7;0;2;2;1;1;
202300024528;155637120;B01;1;32;16;0;4;1;1;
202300024529;155637115;A01;1;7;0;9;3;9;1;
202300024529;155637119;B01;1;33;0;2;1;17;1;
202300024530;155637113;A01;2;10;0;2;1;1;1;
202300024530;155637114;B01;2;10;0;2;4;1;1;
202300024530;155637118;C01;2;7;0;2;4;1;1;
202300024530;155637121;D01;2;7;0;2;4;1;1;
202300024531;155637109;B01;1;7;0;2;3;15;1;
202300024531;155637112;A01;1;7;0;2;1;1;1;
202300024532;155637107;A01;1;7;0;1;1;1;1;
202300024533;155637108;A01;2;7;1;0;1;1;1;
202300024534;155637106;A01;2;7;0;2;4;1;1;
202300024534;155637110;B01;2;7;0;2;4;2;1;
202300024534;155637111;C01;2;7;0;2;3;2;1;
202300024535;155637102;A01;0;7;0;2;1;15;1;
202300024535;155637105;B01;0;7;0;2;1;1;1;
202300024536;155637099;B01;2;7;0;2;5;2;1;
202300024536;155637101;C01;2;10;0;2;3;2;1;
202300024536;155637103;A01;2;7;0;2;3;1;1;
202300024537;155637097;B01;2;1;0;2;7;1;5;
202300024537;155637104;A01;2;7;0;2;1;1;1;
202300024538;155637096;A01;2;7;0;2;1;2;1;
202300024538;155637098;B01;2;7;0;2;4;23;1;
202300024539;155637095;A01;1;7;0;9;1;15;1;
202300024539;155637100;B01;2;1;0;2;1;1;5;
202300024540;155637093;A01;2;7;0;2;2;12;1;
202300024540;155637094;B01;2;33;0;2;8;3;1;
202300024541;155637090;A01;2;7;0;9;3;15;1;
202300024541;155637092;B01;1;2;0;2;7;1;0;
202300024542;155637089;A01;1;7;0;2;2;15;1;
202300024542;155637091;B01;2;7;0;2;1;1;1;
202300024543;155637086;A01;2;7;0;2;2;15;0;
202300024543;155637088;B01;1;32;0;2;1;1;1;
202300024544;155637085;A01;2;7;0;2;4;2;1;
202300024544;155637087;B01;2;7;0;2;1;2;1;
202300024545;155637082;A01;2;7;0;2;3;15;1;
202300024545;155637084;B01;1;1;0;2;3;23;0;
202300024546;155637081;B01;2;7;0;2;3;1;0;
202300024546;155637083;A01;2;7;0;2;6;4;0;
202300024547;155637080;A01;3;7;0;0;3;20;1;
202300024548;155637079;A01;2;7;4;0;1;21;1;
202300024549;155637074;A01;3;7;0;2;7;19;1;
202300024549;155637077;B01;3;1;0;2;1;1;5;
202300024550;155637071;A01;2;33;0;2;0;1;1;
202300024550;155637075;B01;1;7;0;2;6;1;1;
202300024551;155637069;A01;2;10;0;9;1;2;1;
202300024551;155637072;B01;2;33;0;2;4;2;1;
202300024552;155637068;E01;2;7;0;2;8;0;1;
202300024552;155637070;A01;2;31;0;2;1;21;1;
202300024552;155637073;B01;2;7;0;2;1;1;2;
202300024552;155637076;C01;1;7;0;2;1;1;1;
202300024552;155637078;D01;1;7;0;2;1;1;1;
202300024553;155637066;B01;3;7;0;2;3;1;1;
202300024553;155637067;A01;3;7;0;2;3;15;1;
202300024554;155637065;A01;0;1;0;0;0;0;5;
202300024555;155637064;A01;1;10;3;0;3;13;1;
202300024556;155637062;B01;2;7;0;2;7;1;1;
202300024556;155637063;A01;2;7;0;2;8;20;1;
202300024557;155637061;A01;3;7;0;1;2;26;1;
202300024558;155637058;A01;2;7;0;2;1;2;0;
202300024558;155637060;Z01;2;17;0;2;4;2;0;
202300024559;155637057;A01;2;7;0;2;3;16;1;
202300024559;155637059;B01;2;10;0;2;2;1;1;
202300024560;155637055;A01;1;7;0;1;3;1;1;
202300024561;155637054;B01;3;7;0;2;1;16;1;
202300024561;155637056;A01;3;7;0;2;1;1;1;
202300024562;155637053;A01;2;37;0;1;7;23;0;1.0
202300024563;155637051;A01;2;7;0;1;2;1;1;
202300024564;155637050;B01;1;7;0;2;8;1;1;
202300024564;155637052;A01;2;7;0;2;3;15;1;
202300024565;155637047;A01;2;7;0;2;3;5;1;
202300024565;155637049;B01;1;33;0;2;3;1;1;
202300024566;155637046;A01;1;10;0;2;1;1;1;
202300024566;155637048;B01;1;34;0;2;4;1;1;
202300024567;155637045;A01;3;3;15;0;9;9;1;
202300024568;155637041;A01;1;7;0;2;1;2;1;
202300024568;155637044;B01;1;7;0;2;4;2;1;
202300024569;155637040;B01;1;7;0;0;3;0;0;
202300024569;155637043;A01;2;2;0;2;3;17;0;
202300024570;155637038;A01;3;33;0;1;1;1;1;
202300024571;155637037;A01;1;33;0;0;2;1;1;
202300024572;155637035;A01;1;7;0;1;2;1;1;
202300024573;155637030;A01;1;10;0;2;2;2;0;
202300024573;155637032;B01;1;17;0;0;6;1;0;
202300024574;155637029;B01;2;7;0;2;3;1;1;
202300024574;155637031;A01;1;7;0;2;3;1;1;
202300024575;155637025;A01;1;7;0;1;1;1;1;
202300024576;155637024;B01;2;10;0;2;3;11;1;
202300024576;155637027;A01;2;32;0;2;2;1;1;
202300024577;155637023;A01;1;7;0;2;3;9;1;
202300024577;155637034;B01;2;1;0;2;2;1;5;
202300024578;155637022;A01;1;7;0;0;6;1;0;
202300024578;155637026;B01;1;31;0;2;1;1;0;
202300024579;155637018;A01;2;32;0;2;6;1;1;
202300024579;155637020;B01;2;7;0;2;2;12;1;
202300024580;155637017;A01;2;7;2;0;5;0;1;
202300024581;155637015;B01;1;7;0;2;4;2;1;
202300024581;155637016;D01;1;7;0;2;4;2;1;
202300024581;155637019;C01;1;7;0;2;4;2;1;
202300024581;155637021;A01;1;7;0;2;1;2;1;
202300024582;155637013;A01;2;7;0;0;4;1;1;
202300024583;155637009;A01;1;7;0;2;8;23;1;
202300024583;155637011;B01;1;31;0;2;5;1;1;
202300024584;155637007;A01;1;33;0;2;7;3;1;
202300024584;155637010;C01;1;7;0;2;8;1;1;
202300024584;155637012;D01;1;7;0;2;0;1;1;
202300024584;155637014;B01;1;10;0;2;3;12;1;
202300024585;155637006;A01;1;50;0;2;1;2;3;
202300024585;155637008;Z01;1;7;0;2;4;23;0;
202300024586;155637005;A01;1;7;3;0;1;1;1;
202300024587;155637003;A01;1;7;0;1;2;1;1;
202300024588;155637001;B01;2;37;0;0;6;0;1;1.0
202300024588;155637002;C01;2;1;0;2;1;1;5;
202300024588;155637004;A01;2;7;0;0;2;1;1;
202300024589;155636998;Z01;1;7;0;1;1;1;0;
202300024590;155636997;C01;1;10;0;2;3;1;1;
202300024590;155636999;B01;1;33;3;2;2;1;1;
202300024590;155637000;A01;1;7;0;2;8;11;1;
202300024591;155636995;B01;1;1;0;2;8;13;5;
202300024591;155636996;A01;1;17;0;9;7;1;1;
202300024592;155636994;A01;3;7;1;0;1;14;3;
202300024593;155636993;A01;2;7;4;0;3;26;1;
202300024594;155636991;A01;0;7;4;0;1;0;1;
202300024595;155636989;A01;2;7;0;2;1;19;2;
202300024595;155636992;B01;1;2;0;2;7;1;1;
202300024596;155636986;B01;1;10;0;2;4;1;1;
202300024596;155636988;A01;1;34;0;2;1;3;1;
202300024596;155636990;C01;1;7;0;2;8;11;0;
202300024597;155636984;B01;1;7;0;2;4;2;1;
202300024597;155636985;A01;1;7;0;2;1;2;1;
202300024598;155636980;B01;1;7;0;2;2;0;1;
202300024598;155636982;A01;1;7;0;0;6;11;1;
202300024599;155636981;A01;3;7;0;1;1;26;2;
202300024600;155636978;A01;1;10;0;2;2;23;1;
202300024600;155636979;B01;1;2;0;0;0;26;1;
202300024601;155636977;A01;0;50;0;0;0;19;3;
202300024602;155636983;A01;1;7;0;2;3;15;1;
202300024602;155636987;B01;2;2;0;2;1;2;1;
202300024603;155636976;A01;1;33;12;0;0;1;1;
202300024604;155636972;A01;1;7;0;0;5;2;1;
202300024604;155636973;B01;1;7;0;2;3;2;1;
202300024605;155636970;A01;1;33;0;0;0;1;0;
202300024606;155636971;B01;1;30;0;2;1;0;1;
202300024606;155636974;A01;1;7;0;2;7;2;1;
202300024607;155636968;A01;2;7;0;2;2;1;1;
202300024607;155636969;B01;0;2;0;0;1;1;1;
202300024608;155636965;A01;1;7;0;2;3;15;1;
202300024608;155636967;B01;1;1;0;2;1;1;5;
202300024609;155636964;A01;1;7;0;2;2;15;1;
202300024609;155636966;B01;2;1;0;2;1;1;5;
202300024610;155636962;A01;3;7;0;2;5;4;6;
202300024610;155636963;B01;2;7;0;2;2;1;6;
202300024611;155636961;A01;1;7;0;1;1;2;0;
202300024612;155636958;B01;2;1;0;2;8;1;5;
202300024612;155636959;A01;1;7;0;9;2;15;1;
202300024613;155636956;A01;2;7;2;0;1;1;1;
202300024614;155636957;A01;1;33;0;2;1;17;1;
202300024614;155636960;B01;1;7;0;2;6;15;1;
202300024615;155636954;A01;1;7;0;2;2;13;1;
202300024615;155636955;B01;2;33;0;2;3;1;1;
202300024616;155636952;A01;2;3;0;2;3;9;1;
202300024616;155636953;B01;1;33;0;2;1;1;1;
202300024617;155636951;A01;2;7;0;1;1;2;1;
202300024618;155636950;A01;2;7;8;0;1;0;6;
202300024619;155636947;A01;1;10;0;2;1;1;1;
202300024619;155636948;B01;1;7;0;2;8;1;1;
202300024620;155636949;A01;2;7;0;1;2;16;1;
202300024621;155636942;A01;2;10;0;2;2;2;1;
202300024621;155636943;B01;2;7;0;2;6;2;1;
202300024622;155636940;A01;1;7;4;0;1;21;0;
202300024623;155636938;B01;1;7;0;2;5;2;6;
202300024623;155636939;A01;1;33;0;2;1;3;1;
202300024624;155636941;A01;2;7;0;2;4;1;1;
202300024624;155636944;B01;2;7;1;2;1;2;1;
202300024625;155636936;A01;1;7;0;2;6;11;1;
202300024625;155636937;B01;1;33;0;2;1;3;1;
202300024626;155636934;A01;2;7;0;1;2;1;1;
202300024627;155636933;Z01;2;1;0;1;1;1;5;
202300024628;155636931;A01;1;14;0;2;1;1;1;
202300024628;155636932;B01;1;7;0;2;4;23;1;
202300024628;155636935;C01;1;10;0;2;4;1;1;
202300024629;155636930;A01;2;30;0;0;0;1;1;
202300024630;155636928;B01;2;7;0;0;3;1;1;
202300024630;155636929;A01;1;7;0;0;3;13;1;
202300024631;155636925;B01;3;7;0;2;0;1;1;
202300024631;155636926;A01;3;10;0;0;1;1;1;
202300024632;155636923;A01;1;7;0;1;3;2;1;
202300024633;155636922;A01;3;7;0;2;4;1;1;
202300024633;155636924;B01;3;7;0;2;1;2;1;
202300024633;155636927;C01;3;7;0;2;1;2;1;
202300024634;155636920;Z01;1;1;0;2;4;1;5;
202300024634;155636921;A01;1;10;0;2;1;1;1;
202300024635;155636919;A01;2;10;0;1;1;1;1;
202300024636;155636916;A01;2;32;1;0;1;2;1;
202300024636;155636917;B01;2;7;0;2;8;24;1;
202300024637;155636915;A01;1;7;0;2;3;13;1;
202300024637;155636918;B01;2;7;0;2;3;1;1;
202300024638;155636913;A01;1;7;0;2;3;1;1;
202300024638;155636914;B01;2;7;0;2;3;0;1;
202300024639;155636912;A01;1;10;0;1;1;1;3;
202300024640;155636910;A01;1;1;0;2;4;9;5;
202300024640;155636911;B01;1;7;0;2;1;1;1;
202300024641;155636909;A01;1;7;0;1;2;1;1;
202300024642;155636907;A01;2;30;0;4;3;19;1;
202300024642;155636908;B01;1;40;0;2;2;1;3;
202300024643;155636906;A01;3;10;2;0;1;13;1;
202300024644;155636905;A01;1;7;0;1;1;1;1;
202300024645;155636904;A01;3;7;5;0;1;1;1;
202300024646;155636902;A01;2;7;0;1;2;1;1;
202300024647;155636900;A01;1;7;0;1;2;1;1;
202300024648;155636901;A01;1;7;0;2;1;1;2;
202300024648;155636903;B01;1;7;0;2;4;1;1;
202300024649;155636894;A01;2;7;0;0;0;14;0;
202300024649;155636896;B01;2;1;0;0;0;18;5;
202300024650;155636893;A01;1;7;1;2;1;2;1;
202300024650;155636897;B01;1;7;0;2;4;1;1;
202300024651;155636891;A01;1;1;12;0;1;25;5;
202300024652;155636890;A01;2;14;8;2;1;1;1;
202300024652;155636892;B01;2;7;0;2;1;0;1;
202300024652;155636895;D01;2;14;0;2;4;1;1;
202300024652;155636898;E01;2;7;0;2;4;1;1;
202300024652;155636899;C01;2;14;0;2;8;1;1;
202300024653;155636888;A01;2;32;0;0;8;18;1;
202300024653;155636889;B01;2;7;0;0;0;7;1;
202300024654;155636887;A01;2;30;0;0;8;15;3;
202300024655;155636885;B01;0;1;1;0;7;2;5;
202300024655;155636886;A01;0;7;0;2;8;20;1;
202300024656;155636884;A01;1;7;0;1;1;1;1;
202300024657;155636883;A01;1;7;3;0;3;1;1;
202300024658;155636881;A01;1;7;0;2;8;22;2;
202300024658;155636882;B01;1;1;0;2;1;17;5;
202300024659;155636879;A01;1;7;0;1;1;1;1;
202300024660;155636880;A01;2;7;1;0;2;2;1;
202300024661;155636877;B01;2;33;0;2;4;23;1;
202300024661;155636878;A01;2;7;0;2;1;2;2;
202300024662;155636876;A01;1;80;12;0;0;20;3;
202300024663;155636874;A01;1;7;0;2;2;15;1;
202300024663;155636875;B01;2;33;0;2;1;7;1;
202300024664;155636873;A01;2;10;0;1;1;16;1;
202300024665;155636871;A01;1;7;0;2;7;15;1;
202300024665;155636872;B01;2;7;0;2;3;1;1;
202300024666;155636868;A01;1;7;0;2;0;0;1;
202300024666;155636870;B01;2;13;0;2;1;1;0;
202300024667;155636867;A01;1;33;0;2;1;1;1;
202300024667;155636869;B01;3;7;0;2;7;19;2;
202300024668;155636864;B01;2;7;0;2;4;1;1;
202300024668;155636865;C01;2;7;0;2;4;1;1;
202300024668;155636866;A01;2;10;0;2;1;2;1;
202300024669;155636862;A01;1;7;0;1;1;16;1;
202300024670;155636861;A01;3;7;0;2;1;5;1;
202300024670;155636863;B01;3;34;0;2;1;1;1;
202300024671;155636860;A01;1;7;1;1;1;1;1;
202300024672;155636857;A01;0;34;0;2;1;1;1;
202300024672;155636859;B01;0;7;0;2;7;19;1;
202300024673;155636855;A01;1;7;0;2;7;16;1;
202300024673;155636858;B01;1;37;0;2;3;7;1;4.0
202300024674;155636854;B01;3;7;0;2;7;1;1;
202300024674;155636856;A01;3;1;0;2;1;19;5;
202300024675;155636852;A01;2;7;0;2;1;1;1;
202300024675;155636853;B01;2;1;0;2;4;1;5;
202300024676;155636849;A01;1;7;0;1;0;16;0;
202300024677;155636848;A01;3;7;0;2;1;2;1;
202300024677;155636851;B01;3;7;0;2;4;1;1;
202300024678;155636847;A01;3;2;0;2;7;10;1;
202300024678;155636850;B01;2;31;0;2;1;1;1;
202300024679;155636844;A01;1;7;0;1;1;1;1;
202300024680;155636843;B01;3;1;0;2;2;1;5;
202300024680;155636846;A01;3;7;0;2;1;19;1;
202300024681;155636842;B01;2;7;0;2;2;1;1;
202300024681;155636845;A01;1;7;0;2;1;15;1;
202300024682;155636840;A01;3;7;15;2;1;1;1;
202300024682;155636841;B01;3;7;0;2;2;1;1;
202300024683;155636838;A01;3;7;8;0;1;1;1;
202300024684;155636839;A01;1;7;4;0;9;9;1;
202300024685;155636836;Z01;0;30;0;0;0;0;0;
202300024685;155636837;A01;1;50;0;2;1;1;3;
202300024686;155636834;A01;0;7;0;1;1;16;1;
202300024687;155636835;A01;2;7;13;0;1;16;1;
202300024688;155636832;B01;1;7;0;2;1;1;1;
202300024688;155636833;A01;1;7;0;1;1;1;1;
202300024689;155636830;B01;1;1;0;2;0;0;5;
202300024689;155636831;A01;1;7;0;2;0;1;1;
202300024690;155636827;A01;1;7;0;2;2;16;1;
202300024690;155636828;B01;1;34;0;2;3;1;1;
202300024691;155636825;A01;3;50;0;2;0;19;3;
202300024691;155636826;B01;1;7;0;2;0;1;1;
202300024692;155636824;A01;2;7;0;1;1;17;1;
202300024693;155636823;A01;2;99;0;0;1;0;3;
202300024694;155636819;A01;3;7;0;1;1;1;0;
202300024695;155636820;A01;3;7;0;2;7;15;1;
202300024695;155636821;B01;3;7;0;2;1;1;1;
202300024696;155636818;A01;1;2;0;2;2;12;1;
202300024696;155636822;B01;2;7;0;2;3;1;1;
202300024697;155636815;A01;1;7;0;2;1;1;1;
202300024697;155636817;B01;1;7;0;2;2;15;1;
202300024698;155636814;A01;1;7;0;2;3;15;1;
202300024698;155636816;B01;2;33;0;2;1;13;1;
202300024699;155636812;A01;0;7;0;2;0;15;1;
202300024699;155636813;B01;0;7;0;2;3;1;1;
202300024700;155636810;A01;1;7;0;2;1;1;1;
202300024700;155636811;B01;1;7;0;2;8;1;1;
202300024701;155636809;A01;3;7;0;1;1;1;1;
202300024702;155636805;Z01;3;0;0;1;0;0;0;