Num_Acc;id_vehicule;num_veh;senc;catv;obs;obsm;choc;manv;motor;occutc
202300024703;155636804;A01;2;7;0;2;1;19;1;
202300024703;155636807;B01;2;7;0;2;1;1;1;
202300024704;155636806;A01;2;7;0;1;3;1;0;
202300024705;155636802;A01;1;7;0;1;1;1;1;
202300024706;155636801;A01;2;33;0;2;2;1;1;
202300024706;155636803;B01;2;7;0;2;6;9;1;
202300024707;155636800;A01;3;7;0;1;2;1;1;
202300024708;155636799;A01;1;7;3;0;3;14;1;
202300024709;155636797;A01;1;33;0;2;7;17;1;
202300024709;155636798;B01;1;7;0;2;3;15;1;
202300024710;155636795;B01;0;2;0;2;3;16;1;
202300024710;155636796;A01;0;33;0;2;3;13;1;
202300024711;155636794;A01;0;7;9;0;1;13;1;
202300024712;155636792;A01;1;7;0;0;3;0;6;
202300024712;155636793;B01;2;7;0;0;3;0;6;
202300024713;155636790;B01;1;2;0;2;1;17;1;
202300024713;155636791;A01;1;7;0;2;8;15;1;
202300024714;155636787;B01;3;7;8;0;1;1;1;
202300024714;155636789;A01;3;10;0;2;0;15;1;
202300024715;155636786;A01;1;33;0;2;1;1;1;
202300024715;155636788;B01;0;10;0;2;8;15;1;
202300024716;155636781;C01;0;10;0;2;3;21;1;
202300024716;155636783;A01;0;7;0;2;3;15;1;
202300024716;155636785;B01;0;32;0;2;1;17;1;
202300024717;155636780;A01;0;7;0;2;1;1;1;
202300024717;155636784;B01;0;7;6;2;7;1;1;
202300024718;155636777;A01;1;7;0;0;4;23;2;
202300024718;155636778;B01;1;7;0;2;1;1;1;
202300024718;155636779;C01;1;7;0;2;1;2;1;
202300024718;155636782;D01;1;7;0;2;1;2;1;
202300024719;155636775;A01;3;7;0;1;4;20;1;
202300024720;155636772;B01;2;7;0;2;1;1;1;
202300024720;155636774;C01;2;7;0;2;1;1;1;
202300024720;155636776;A01;2;7;0;2;4;1;3;
202300024721;155636770;B01;1;7;0;2;1;1;1;
202300024721;155636773;A01;2;7;0;2;1;13;1;
202300024722;155636767;A01;2;7;9;0;3;21;1;
202300024723;155636765;A01;3;7;0;2;1;26;1;
202300024723;155636768;B01;3;7;0;2;1;26;1;
202300024724;155636763;A01;2;7;0;2;1;1;1;
202300024724;155636764;B01;2;7;0;2;4;1;1;
202300024725;155636762;A01;3;32;0;1;1;1;1;
202300024726;155636760;A01;1;32;0;6;1;1;1;
202300024727;155636759;A01;3;7;0;2;1;15;1;
202300024727;155636761;B01;3;7;0;2;1;1;1;
202300024728;155636755;A01;2;33;0;2;1;2;1;
202300024728;155636757;B01;2;7;0;0;6;15;1;
202300024729;155636756;A01;3;7;0;2;1;2;1;
202300024729;155636758;B01;3;1;0;2;8;11;5;
202300024730;155636754;A01;3;21;0;1;3;1;1;
202300024731;155636753;A01;1;7;13;0;1;1;1;
202300024732;155636752;A01;1;10;0;1;0;13;1;
202300024733;155636749;B01;1;31;13;0;7;2;1;
202300024733;155636750;A01;1;7;0;0;8;2;1;
202300024734;155636748;A01;2;7;6;0;1;13;1;
202300024735;155636745;A01;3;7;0;2;2;1;1;
202300024735;155636746;B01;3;7;0;2;3;1;1;
202300024736;155636747;B01;3;7;0;2;8;15;1;
202300024736;155636751;A01;3;7;0;2;1;17;1;
202300024737;155636743;A01;3;30;0;2;1;1;1;
202300024737;155636744;B01;3;7;0;2;7;16;1;
202300024738;155636742;A01;1;7;3;0;3;1;1;
202300024739;155636739;A01;0;7;8;0;1;1;1;
202300024739;155636741;B01;0;7;0;2;0;18;0;
202300024740;155636737;A01;1;7;0;1;7;1;1;
202300024741;155636738;B01;2;7;0;2;3;1;1;
202300024741;155636740;A01;1;7;0;2;3;13;1;
202300024742;155636734;B01;0;37;0;9;1;2;1;1.0
202300024742;155636736;A01;0;50;0;2;3;19;3;
202300024743;155636733;A01;1;7;9;0;1;1;1;
202300024744;155636732;B01;0;7;0;2;6;15;1;
202300024744;155636735;A01;1;7;0;2;1;1;1;
202300024745;155636731;A01;2;7;0;1;2;1;1;
202300024746;155636729;Z01;1;7;0;1;1;26;0;
202300024747;155636728;A01;1;33;0;2;1;0;1;
202300024747;155636730;B01;2;7;0;0;6;0;1;
202300024748;155636725;A01;1;7;0;2;8;26;1;
202300024748;155636726;B01;1;30;0;2;1;1;1;
202300024749;155636723;A01;1;7;0;9;2;1;1;
202300024749;155636727;B01;1;1;0;2;2;1;5;
202300024750;155636722;A01;2;2;0;2;2;15;1;
202300024750;155636724;B01;1;7;0;2;1;1;1;
202300024751;155636721;A01;2;1;15;0;1;25;5;
202300024752;155636719;A01;1;7;0;1;1;1;1;
202300024753;155636718;A01;2;50;0;2;1;5;3;
202300024753;155636720;B01;1;7;0;2;1;1;1;
202300024754;155636716;A01;3;20;13;0;1;1;1;
202300024755;155636714;A01;2;30;0;0;0;26;1;
202300024756;155636715;A01;1;7;0;2;1;1;1;
202300024756;155636717;B01;1;10;0;2;4;1;1;
202300024757;155636713;A01;1;7;0;1;1;14;1;
202300024758;155636712;A01;3;7;0;1;3;1;1;
202300024759;155636711;A01;1;7;0;1;1;1;1;
202300024760;155636709;A01;2;7;13;0;8;1;1;
202300024760;155636710;B01;1;7;0;2;3;1;1;
202300024761;155636708;A01;3;7;1;0;1;9;1;
202300024762;155636707;A01;1;7;14;0;1;19;1;
202300024763;155636704;A01;0;7;0;2;3;1;1;
202300024763;155636705;B01;2;7;0;2;3;16;1;
202300024764;155636706;Z01;2;7;0;1;0;1;-1;
202300024765;155636702;A01;1;7;0;0;0;19;1;
202300024766;155636703;A01;1;38;0;1;1;1;1;2.0
202300024767;155636700;A01;1;7;8;6;2;1;1;
202300024768;155636697;B01;2;1;0;2;8;1;5;
202300024768;155636699;A01;2;7;0;2;1;9;1;
202300024769;155636698;B01;1;7;1;0;4;24;1;
202300024769;155636701;A01;1;13;1;0;4;1;1;
202300024770;155636694;A01;2;7;0;2;1;15;1;
202300024770;155636696;B01;1;31;0;2;1;1;1;
202300024771;155636693;B01;3;1;0;2;0;0;5;
202300024771;155636695;A01;3;1;0;2;0;0;5;
202300024772;155636692;A01;2;7;2;0;1;1;1;
202300024773;155636690;A01;3;7;0;2;1;1;1;
202300024774;155636689;B01;2;7;0;2;2;1;1;
202300024774;155636691;A01;1;7;0;2;8;1;1;
202300024775;155636688;A01;1;14;0;1;2;1;1;
202300024776;155636683;A01;2;7;0;2;1;16;1;
202300024776;155636686;B01;2;1;0;2;8;1;5;
202300024777;155636685;B01;3;7;0;2;3;1;1;
202300024777;155636687;A01;3;7;0;2;2;15;1;
202300024778;155636682;A01;1;7;0;2;3;15;1;
202300024778;155636684;B01;2;33;0;2;1;1;1;
202300024779;155636678;A01;1;7;0;2;8;13;1;
202300024779;155636681;B01;2;7;0;2;1;21;2;
202300024780;155636679;A01;2;37;0;1;2;1;3;1.0
202300024781;155636677;Z01;3;7;0;2;1;0;1;
202300024781;155636680;B01;3;3;0;2;1;1;1;
202300024782;155636673;B01;1;10;0;2;3;19;1;
202300024782;155636676;A01;2;17;0;2;2;1;1;
202300024783;155636674;A01;1;37;0;0;8;0;1;1.0
202300024784;155636672;AB01;1;60;0;2;4;1;5;
202300024784;155636675;Z01;1;7;0;2;1;1;0;
202300024785;155636669;A01;1;7;0;2;1;13;1;
202300024785;155636671;B01;2;7;0;2;1;1;1;
202300024786;155636668;B01;3;1;0;2;1;1;5;
202300024786;155636670;A01;3;7;0;2;1;9;1;
202300024787;155636667;Z01;1;7;0;1;0;16;0;
202300024788;155636665;A01;2;7;0;0;5;23;1;
202300024788;155636666;B01;2;2;0;2;1;1;1;
202300024789;155636662;A01;1;7;7;0;9;14;1;
202300024790;155636661;A01;3;7;0;2;0;0;1;
202300024790;155636664;B01;0;50;0;2;3;1;3;
202300024791;155636660;A01;1;7;0;2;3;15;1;
202300024791;155636663;B01;2;43;0;2;1;1;1;
202300024792;155636656;A01;3;7;0;2;3;1;1;
202300024792;155636657;B01;3;7;0;2;1;13;1;
202300024793;155636653;A01;2;7;0;0;4;2;1;
202300024793;155636655;C01;2;7;0;0;1;11;1;
202300024793;155636658;D01;2;10;0;0;0;21;1;
202300024793;155636659;B01;2;7;0;0;1;2;1;
202300024794;155636650;C01;1;1;0;2;1;1;5;
202300024794;155636652;A01;1;7;0;2;2;9;3;
202300024794;155636654;B01;2;33;0;2;1;1;1;
202300024795;155636648;B01;1;7;0;2;3;1;1;
202300024795;155636651;A01;2;7;0;2;2;15;1;
202300024796;155636647;A01;2;7;4;2;0;0;1;
202300024796;155636649;B01;2;7;0;2;8;2;1;
202300024797;155636645;A01;3;7;8;0;6;13;1;
202300024798;155636643;A01;1;33;16;0;9;1;1;
202300024799;155636644;B01;2;1;0;2;1;1;5;
202300024799;155636646;A01;2;7;0;2;5;16;1;
202300024800;155636642;A01;1;10;0;1;1;1;1;
202300024801;155636641;A01;1;33;0;0;0;0;1;
202300024802;155636640;A01;1;7;0;1;3;1;1;
202300024803;155636638;A01;2;10;0;1;1;15;3;
202300024804;155636636;A01;3;7;0;2;3;15;1;
202300024804;155636637;B01;3;33;0;2;1;1;1;
202300024804;155636639;C01;3;33;13;2;1;1;1;
202300024805;155636634;A01;1;7;9;0;1;5;1;
202300024806;155636633;B01;2;7;0;2;7;2;1;
202300024806;155636635;A01;2;30;0;2;3;3;1;
202300024807;155636631;B01;1;7;0;2;3;13;1;
202300024807;155636632;A01;1;33;0;2;2;1;1;
202300024808;155636630;A01;3;34;0;1;1;1;1;
202300024809;155636628;B01;0;7;0;2;4;23;1;
202300024809;155636629;A01;0;7;0;2;1;2;1;
202300024810;155636623;C01;1;7;0;2;1;2;1;
202300024810;155636626;A01;1;7;0;2;1;2;1;
202300024810;155636627;B01;1;7;4;2;6;2;1;
202300024811;155636621;A01;3;7;0;2;3;13;1;
202300024811;155636624;B01;3;37;0;2;3;1;3;2.0
202300024812;155636622;B01;1;7;1;2;1;0;1;
202300024812;155636625;A01;1;7;1;2;4;19;1;
202300024813;155636620;A01;1;7;13;0;1;1;0;
202300024814;155636618;A01;1;33;2;0;1;1;1;
202300024815;155636617;B01;0;7;0;2;3;1;1;
202300024815;155636619;A01;0;7;0;2;1;1;1;
202300024816;155636616;A01;2;33;9;9;9;1;1;
202300024817;155636611;A01;3;7;0;2;3;10;1;
202300024817;155636613;B01;3;31;0;2;1;1;1;
202300024818;155636612;A01;0;7;0;2;1;13;1;
202300024818;155636614;B01;0;7;0;2;3;1;0;
202300024819;155636609;A01;2;7;0;1;1;1;0;
202300024820;155636608;A01;2;7;0;2;7;19;1;
202300024820;155636610;B01;2;1;0;2;8;1;5;
202300024821;155636606;A01;2;7;4;0;1;14;1;
202300024822;155636605;B01;3;37;0;2;2;1;1;13.0
202300024822;155636615;A01;3;7;0;2;3;0;1;
202300024823;155636604;A01;1;7;0;2;3;13;1;
202300024823;155636607;B01;2;7;0;2;1;1;2;
202300024824;155636603;A01;2;33;12;0;0;11;1;
202300024825;155636601;A01;1;32;0;1;1;1;1;
202300024826;155636602;A01;2;7;0;1;1;1;1;
202300024827;155636600;A01;3;1;0;0;8;2;5;
202300024828;155636599;A01;1;7;0;1;3;1;2;
202300024829;155636598;A01;3;7;9;0;3;16;1;
202300024830;155636596;A01;1;10;0;0;6;16;0;
202300024830;155636597;B01;1;33;0;2;1;1;0;
202300024831;155636595;A01;1;34;11;2;1;5;1;
202300024832;155636592;A01;1;10;0;2;3;9;0;
202300024832;155636593;B01;2;7;0;2;2;1;0;
202300024833;155636591;B01;0;7;0;2;0;23;1;
202300024833;155636594;A01;1;7;0;2;8;1;1;
202300024834;155636589;A01;1;7;0;2;3;1;0;
202300024834;155636590;B01;1;7;0;2;3;13;0;
202300024835;155636588;A01;1;7;10;0;1;12;0;
202300024836;155636587;A01;1;7;8;0;0;1;1;
202300024837;155636585;A01;2;7;0;9;3;1;1;
202300024837;155636586;B01;2;1;0;2;6;1;5;
202300024838;155636582;B01;0;50;0;0;0;0;3;
202300024838;155636584;A01;0;7;0;2;0;26;6;
202300024839;155636580;B01;1;7;0;2;4;15;1;
202300024839;155636583;A01;1;2;0;2;8;2;1;
202300024840;155636578;A01;2;7;0;2;4;1;1;
202300024840;155636581;B01;2;13;0;2;1;1;1;
202300024841;155636576;B01;3;1;0;2;7;1;5;
202300024841;155636579;A01;1;10;0;9;1;15;1;
202300024842;155636575;A01;2;7;0;2;3;15;1;
202300024842;155636577;B01;1;7;0;2;8;1;1;
202300024843;155636573;B01;2;7;4;2;9;1;1;
202300024843;155636574;A01;2;17;0;2;3;11;1;
202300024844;155636572;A01;1;2;14;0;0;5;1;
202300024845;155636569;A01;2;7;0;2;7;12;1;
202300024845;155636570;B01;2;31;0;2;0;0;1;
202300024846;155636566;A01;0;7;0;2;1;16;1;
202300024846;155636567;B01;3;50;0;0;8;1;3;
202300024847;155636565;B01;3;33;0;2;9;1;1;
202300024847;155636568;A01;3;7;0;2;1;15;1;
202300024848;155636563;A01;2;10;0;2;1;1;0;
202300024848;155636564;B01;2;7;0;2;5;1;0;
202300024849;155636561;A01;1;7;0;1;1;1;1;
202300024850;155636559;A01;1;7;5;0;1;21;1;
202300024851;155636560;B01;2;1;0;2;0;1;5;
202300024851;155636562;A01;1;7;0;2;8;9;2;
202300024852;155636558;A01;1;32;12;0;8;2;1;
202300024853;155636557;A01;1;7;11;0;1;3;1;
202300024854;155636554;B01;1;2;0;2;1;2;1;
202300024854;155636556;A01;1;34;0;2;4;1;3;
202300024855;155636553;A01;2;7;0;2;1;15;1;
202300024855;155636555;B01;1;33;0;2;8;1;1;
202300024856;155636552;A01;2;33;0;0;2;2;1;
202300024857;155636551;A01;3;33;0;0;1;26;1;
202300024858;155636548;A01;1;1;0;2;3;13;5;
202300024858;155636549;B01;2;2;0;2;1;1;1;
202300024859;155636547;A01;2;43;0;2;3;17;1;
202300024859;155636550;B01;1;7;0;2;3;15;1;
202300024860;155636544;A01;1;7;0;2;1;13;1;
202300024860;155636546;B01;1;33;0;2;7;17;1;
202300024861;155636542;A01;1;31;0;2;1;2;1;
202300024861;155636543;B01;1;7;0;2;4;2;1;
202300024862;155636541;A01;2;7;0;2;3;26;1;
202300024862;155636545;B01;2;1;0;2;1;26;5;
202300024863;155636539;A01;1;15;0;2;2;12;1;
202300024863;155636540;B01;1;7;0;2;8;1;0;
202300024864;155636537;A01;1;7;0;1;1;1;1;
202300024865;155636536;A01;2;7;0;2;2;19;1;
202300024865;155636538;B01;2;1;0;2;1;1;5;
202300024866;155636534;B01;2;10;0;2;5;1;1;
202300024866;155636535;A01;2;32;0;2;3;9;1;
202300024867;155636530;A01;2;10;0;1;3;1;0;
202300024868;155636529;A01;2;7;0;2;3;11;2;
202300024868;155636532;B01;2;7;0;2;2;0;1;
202300024869;155636524;B01;2;3;0;2;1;1;1;
202300024869;155636527;A01;1;34;0;2;1;11;1;
202300024870;155636522;B01;0;2;0;2;8;1;1;
202300024870;155636526;A01;1;7;0;2;1;19;2;
202300024871;155636520;A01;2;7;2;0;3;1;1;
202300024872;155636517;A01;2;7;0;2;1;13;1;
202300024872;155636519;B01;1;7;0;2;1;1;1;
202300024873;155636516;A01;2;7;0;2;3;1;1;
202300024873;155636518;B01;1;32;0;2;3;15;1;
202300024874;155636515;A01;3;1;0;0;0;0;5;
202300024875;155636512;A01;2;7;0;2;1;13;1;
202300024875;155636514;B01;1;7;0;2;1;1;1;
202300024876;155636513;A01;0;32;0;0;0;0;1;
202300024877;155636510;B01;2;33;0;2;1;2;1;
202300024877;155636511;A01;1;10;0;0;8;15;1;
202300024878;155636506;A01;1;7;0;2;1;0;1;
202300024878;155636508;B01;2;7;0;2;1;13;1;
202300024879;155636507;A01;1;2;6;0;3;17;0;
202300024880;155636505;B01;1;7;0;2;3;1;1;
202300024880;155636509;A01;1;30;0;2;2;1;1;
202300024881;155636501;B01;2;7;0;2;1;1;1;
202300024881;155636504;A01;2;7;0;2;3;9;1;
202300024882;155636500;B01;1;7;0;2;3;11;1;
202300024882;155636503;A01;2;33;0;2;2;17;1;
202300024883;155636499;A01;2;99;0;2;2;2;1;
202300024883;155636502;B01;3;60;0;2;0;0;5;
202300024884;155636496;A01;2;7;0;1;3;19;1;
202300024885;155636495;A01;2;2;0;2;1;2;1;
202300024885;155636498;B01;2;7;0;2;2;16;1;
202300024886;155636494;A01;3;7;0;2;1;1;3;
202300024886;155636497;B01;3;7;0;2;8;15;1;
202300024887;155636490;A01;1;7;0;2;7;1;0;
202300024887;155636492;B01;0;60;0;2;1;19;5;
202300024888;155636488;A01;3;1;0;2;7;1;5;
202300024888;155636491;B01;3;7;0;9;7;12;1;
202300024889;155636489;A01;2;7;0;2;2;1;1;
202300024889;155636493;B01;1;7;0;2;1;1;1;
202300024890;155636484;A01;1;33;0;2;1;1;1;
202300024890;155636487;B01;1;7;0;2;3;16;1;
202300024891;155636482;A01;1;50;0;2;7;1;3;
202300024891;155636486;Z01;2;7;0;2;1;9;0;
202300024892;155636481;A01;2;7;0;2;4;2;1;
202300024892;155636483;B01;2;7;0;2;4;2;1;
202300024892;155636485;C01;2;7;0;2;1;2;1;
202300024893;155636480;A01;3;35;15;0;2;0;0;
202300024894;155636479;A01;1;33;4;0;2;2;1;
202300024895;155636478;A01;-1;7;0;1;2;1;1;
202300024896;155636477;A01;1;7;0;1;2;1;1;
202300024897;155636476;A01;1;33;16;0;7;1;1;
202300024898;155636473;A01;1;33;0;9;2;17;0;
202300024898;155636474;B01;2;1;0;2;3;1;5;
202300024899;155636472;A01;2;34;0;0;1;1;1;
202300024899;155636475;B01;2;7;0;0;4;15;1;
202300024900;155636470;A01;3;7;2;0;1;0;2;
202300024901;155636471;A01;1;32;0;1;2;1;3;
202300024902;155636466;A01;2;7;0;9;1;1;1;
202300024902;155636468;B01;2;1;0;2;8;9;5;
202300024903;155636467;A01;1;33;0;2;1;5;0;
202300024903;155636469;B01;2;7;0;2;7;1;0;
202300024904;155636464;A01;1;31;0;2;3;1;1;
202300024904;155636465;B01;1;7;0;2;7;17;0;
202300024905;155636460;A01;1;7;8;0;4;15;1;
202300024905;155636461;B01;1;7;0;2;1;26;1;
202300024906;155636462;B01;1;33;0;2;7;17;1;
202300024906;155636463;A01;1;7;0;2;3;1;1;
202300024907;155636458;A01;1;7;0;0;4;1;1;
202300024907;155636459;B01;1;33;0;2;1;2;1;
202300024908;155636457;A01;2;7;0;1;3;1;1;
202300024909;155636456;A01;2;33;0;0;0;16;1;
202300024910;155636455;A01;1;7;4;0;2;1;1;
202300024911;155636454;A01;1;2;6;0;1;13;1;
202300024912;155636453;A01;2;7;4;2;1;1;1;
202300024913;155636447;C01;2;7;1;0;4;23;1;
202300024913;155636449;D01;2;7;0;2;4;23;0;
202300024913;155636450;E01;2;7;0;0;4;1;1;
202300024913;155636451;A01;2;7;0;2;1;1;1;
202300024913;155636452;B01;2;7;0;2;8;2;1;
202300024914;155636448;A01;3;7;0;1;2;1;1;
202300024915;155636446;A01;2;7;9;0;3;13;1;
202300024916;155636443;A01;3;33;0;2;1;17;1;
202300024916;155636444;B01;3;7;0;2;3;15;1;
202300024917;155636441;B01;1;7;0;2;4;23;0;
202300024917;155636442;A01;1;7;0;2;1;26;0;
202300024918;155636440;A01;1;7;0;1;8;15;1;
202300024919;155636439;B01;1;1;13;0;6;13;5;
202300024919;155636445;A01;1;10;0;2;2;1;1;
202300024920;155636438;A01;1;33;0;0;8;1;1;
202300024921;155636436;A01;2;33;3;0;7;1;1;
202300024922;155636435;A01;2;10;0;2;1;1;1;
202300024922;155636437;B01;1;7;0;2;7;13;1;
202300024923;155636433;A01;2;33;0;9;1;0;1;
202300024923;155636434;B01;2;21;0;9;8;15;1;
202300024924;155636428;A01;2;7;13;0;3;1;1;
202300024925;155636426;A01;1;7;13;0;1;0;1;
202300024926;155636421;B01;2;7;15;0;0;1;1;
202300024926;155636423;A01;2;7;0;2;1;1;1;
202300024927;155636419;A01;3;7;0;2;3;16;1;
202300024927;155636420;B01;3;30;0;2;6;1;1;
202300024928;155636418;B01;2;7;0;0;3;1;1;
202300024928;155636422;A01;1;7;0;2;6;15;1;
202300024929;155636415;A01;2;10;0;2;2;26;1;
202300024929;155636416;B01;3;1;0;2;1;0;0;
202300024929;155636417;C01;3;10;0;2;4;0;1;
202300024930;155636413;A01;1;7;0;2;2;15;0;
202300024930;155636414;B01;2;30;1;2;1;1;1;
202300024931;155636411;A01;1;50;0;2;8;15;3;
202300024931;155636412;B01;2;10;0;9;7;1;1;
202300024932;155636409;A01;2;7;0;2;7;15;1;
202300024932;155636410;B01;1;31;0;2;8;15;1;
202300024933;155636408;A01;2;30;15;0;0;1;1;
202300024934;155636406;B01;2;7;0;2;4;15;1;
202300024934;155636407;A01;2;10;0;2;1;2;1;
202300024935;155636404;A01;2;7;0;2;1;13;1;
202300024935;155636405;B01;1;10;0;2;3;1;1;
202300024936;155636403;A01;3;7;7;0;1;16;1;
202300024937;155636401;A01;1;7;0;1;3;1;1;
202300024938;155636400;A01;1;10;0;2;8;1;1;
202300024938;155636402;B01;1;7;0;0;0;0;1;
202300024939;155636396;A01;1;7;0;2;7;1;1;
202300024939;155636398;B01;0;7;0;2;1;1;1;
202300024940;155636397;A01;2;10;0;2;8;1;1;
202300024940;155636399;B01;1;7;0;2;3;11;1;
202300024941;155636393;A01;1;7;0;2;1;1;3;
202300024941;155636395;B01;1;33;0;2;4;1;1;
202300024942;155636391;A01;1;7;4;0;2;14;1;
202300024943;155636390;C01;1;7;0;0;1;1;1;
202300024943;155636392;A01;2;7;0;2;3;13;1;
202300024943;155636394;B01;1;7;0;2;3;1;1;
202300024944;155636388;B01;2;7;0;2;6;15;1;
202300024944;155636389;A01;2;7;0;2;1;1;1;
202300024945;155636380;A01;2;7;0;2;3;18;1;
202300024945;155636382;B01;1;37;0;2;1;1;0;1.0
202300024945;155636384;C01;2;7;0;2;5;15;0;
202300024945;155636387;D01;1;7;0;2;1;1;1;
202300024946;155636378;A01;2;1;0;2;8;13;5;
202300024946;155636379;B01;2;99;0;2;7;1;1;
202300024947;155636377;A01;2;33;0;0;7;0;1;
202300024948;155636375;A01;1;7;0;2;2;15;2;
202300024948;155636376;B01;2;50;0;2;1;1;3;
202300024949;155636373;B01;1;7;0;2;3;1;1;
202300024949;155636374;A01;1;7;0;2;3;15;1;
202300024950;155636372;A01;1;33;12;0;1;1;1;
202300024951;155636371;A01;2;10;13;0;1;1;1;
202300024952;155636367;C01;3;7;0;2;4;2;1;
202300024952;155636369;A01;3;7;0;2;1;1;1;
202300024952;155636370;B01;3;7;0;2;4;2;1;
202300024953;155636368;A01;3;7;0;1;4;4;1;
202300024954;155636364;B01;2;38;0;2;1;1;1;9.0
202300024954;155636365;A01;2;7;0;2;3;15;1;
202300024955;155636362;A01;1;7;0;2;1;0;1;
202300024955;155636363;B01;1;17;0;0;6;1;1;
202300024956;155636360;B01;1;7;0;2;5;2;1;
202300024956;155636361;A01;1;1;0;2;4;2;5;
202300024957;155636359;A01;2;7;0;1;1;1;1;
202300024958;155636358;A01;3;7;0;1;1;1;1;
202300024959;155636357;A01;1;7;0;1;3;1;1;
202300024960;155636354;A01;2;7;0;2;3;13;1;
202300024960;155636355;B01;1;7;0;2;3;1;1;
202300024960;155636356;C01;1;10;0;2;1;1;1;
202300024961;155636352;B01;2;7;0;2;3;1;3;
202300024961;155636353;A01;1;10;0;2;3;13;1;
202300024962;155636351;A01;3;7;0;1;2;2;1;
202300024963;155636350;A01;1;7;13;0;2;1;1;
202300024964;155636348;A01;1;15;2;2;3;1;1;
202300024964;155636349;B01;1;7;0;2;3;13;1;
202300024965;155636345;B01;2;7;0;2;1;2;1;
202300024965;155636346;A01;2;7;0;2;4;2;1;
202300024965;155636347;C01;2;7;0;0;0;0;1;
202300024966;155636343;A01;1;14;0;2;6;1;1;
202300024966;155636344;B01;1;7;0;2;1;1;1;
202300024967;155636342;A01;2;7;4;0;1;16;1;
202300024968;155636339;B01;2;7;0;2;4;2;3;
202300024968;155636340;C01;2;10;0;2;4;2;1;
202300024968;155636341;A01;2;7;0;2;1;2;1;
202300024969;155636336;A01;2;15;3;2;1;1;1;
202300024969;155636337;B01;2;10;0;2;4;1;1;
202300024969;155636338;C01;2;14;0;2;4;1;1;
202300024970;155636333;A01;2;7;0;0;4;26;1;
202300024970;155636334;B01;2;7;0;2;1;2;1;
202300024970;155636335;C01;2;7;0;2;3;2;1;
202300024971;155636330;C01;1;7;0;2;3;1;1;
202300024971;155636331;A01;1;7;0;2;2;12;1;
202300024971;155636332;B01;1;14;0;2;3;1;1;
202300024972;155636329;A01;2;7;4;0;1;1;1;
202300024973;155636328;A01;2;33;0;0;7;3;1;
202300024974;155636326;A01;2;7;0;2;3;11;1;
202300024974;155636327;B01;2;33;0;2;2;3;1;
202300024975;155636324;A01;2;10;0;2;6;16;0;
202300024975;155636325;B01;2;33;0;2;2;3;1;
202300024976;155636321;B01;2;7;0;2;4;2;1;
202300024976;155636322;C01;2;14;0;2;4;2;1;
202300024976;155636323;A01;2;7;0;2;1;2;1;
202300024977;155636318;C01;2;17;0;2;4;9;1;
202300024977;155636319;A01;2;14;0;2;1;1;1;
202300024977;155636320;B01;2;17;0;2;4;24;1;
202300024978;155636316;A01;1;10;0;2;1;1;1;
202300024978;155636317;B01;1;7;4;0;4;1;1;
202300024979;155636315;A01;2;33;0;0;3;3;1;
202300024980;155636313;A01;1;15;0;2;4;23;1;
202300024980;155636314;B01;1;7;0;0;1;2;1;
202300024981;155636311;A01;2;7;0;2;1;1;1;
202300024981;155636312;B01;2;15;0;2;4;1;1;
202300024982;155636310;A01;3;7;0;1;3;20;1;
202300024983;155636308;A01;2;33;6;2;3;18;1;
202300024983;155636309;B01;2;7;0;2;2;1;1;
202300024984;155636306;A01;1;2;6;2;8;13;1;
202300024984;155636307;B01;2;10;0;0;6;1;1;
202300024985;155636304;A01;2;7;0;0;1;15;1;
202300024985;155636305;B01;3;7;0;0;1;23;1;
202300024986;155636302;A01;2;7;0;2;2;15;0;
202300024986;155636303;B01;1;7;0;2;3;1;0;
202300024987;155636300;A01;1;7;0;2;1;2;1;
202300024987;155636301;B01;1;10;0;2;0;0;1;
202300024988;155636298;B01;2;33;0;2;2;1;1;
202300024988;155636299;A01;2;7;0;2;1;19;1;
202300024989;155636296;A01;3;7;0;2;1;0;1;
202300024989;155636297;B01;3;7;0;2;1;0;1;
202300024990;155636295;A01;1;7;13;0;0;2;1;
202300024991;155636291;A01;3;7;0;2;3;13;1;
202300024991;155636292;B01;3;7;0;2;3;1;1;
202300024992;155636289;A01;2;7;0;2;0;15;3;
202300024992;155636290;B01;1;1;12;2;1;21;5;
202300024993;155636288;A01;3;7;12;0;1;16;1;
202300024994;155636286;A01;1;7;0;2;3;22;2;
202300024994;155636287;B01;1;1;0;2;1;17;5;
202300024995;155636284;B01;1;30;0;2;1;2;1;
202300024995;155636285;A01;1;7;0;2;6;26;1;
202300024996;155636282;A01;0;7;0;9;3;26;1;
202300024996;155636283;B01;3;1;0;2;4;1;5;
202300024997;155636280;A01;2;7;0;2;3;13;1;
202300024997;155636281;B01;1;7;0;2;3;1;1;
202300024998;155636278;A01;1;7;0;2;7;14;1;
202300024998;155636279;B01;1;2;0;2;8;0;2;
202300024999;155636277;A01;2;7;0;1;1;0;1;
202300025000;155636275;A01;1;7;0;2;3;9;1;
202300025000;155636276;B01;1;32;0;2;2;1;1;
202300025001;155636274;A01;1;7;0;1;1;1;1;
202300025002;155636273;A01;1;7;0;1;3;19;6;
202300025003;155636272;A01;2;7;0;1;2;1;1;
202300025004;155636271;A01;2;16;0;1;8;15;1;
202300025005;155636269;A01;1;7;0;2;2;26;1;
202300025005;155636270;B01;1;34;0;2;1;1;1;