Num_Acc;id_vehicule;num_veh;senc;catv;obs;obsm;choc;manv;motor;occutc
202300025006;155636267;A01;3;7;0;2;1;1;1;
202300025006;155636268;B01;3;7;0;2;4;1;1;
202300025007;155636266;A01;3;33;0;0;9;1;1;
202300025008;155636265;A01;1;7;0;1;3;2;1;
202300025009;155636264;A01;2;7;8;0;1;1;1;
202300025010;155636263;A01;0;37;8;0;2;1;1;2.0
202300025011;155636261;A01;2;7;0;1;1;15;0;
202300025012;155636259;B01;2;7;0;2;1;1;0;
202300025012;155636260;A01;1;7;0;2;1;15;0;
202300025013;155636257;B01;3;7;0;2;3;2;1;
202300025013;155636258;A01;3;7;0;2;2;2;1;
202300025014;155636256;A01;2;7;3;0;2;14;1;
202300025015;155636255;A01;0;10;0;1;1;15;1;
202300025016;155636254;A01;1;7;4;0;1;26;1;
202300025017;155636253;A01;2;7;0;1;8;1;1;
202300025018;155636251;A01;1;30;0;2;3;5;1;
202300025018;155636252;B01;2;7;0;2;3;23;1;
202300025019;155636249;A01;1;7;0;2;3;1;1;
202300025019;155636250;B01;2;30;0;2;1;12;1;
202300025020;155636247;A01;1;7;0;9;2;15;0;
202300025020;155636248;B01;3;1;0;2;1;1;5;
202300025021;155636245;A01;1;30;0;2;1;1;1;
202300025021;155636246;B01;1;7;0;2;6;1;1;
202300025022;155636242;C01;2;7;16;0;1;1;1;
202300025022;155636243;B01;2;7;0;2;1;1;1;
202300025022;155636244;A01;1;7;0;2;1;13;1;
202300025023;155636241;A01;1;7;1;0;9;1;1;
202300025024;155636239;B01;3;7;0;2;5;1;1;
202300025024;155636240;A01;3;7;0;2;1;1;1;
202300025025;155636238;A01;1;33;9;0;9;1;1;
202300025026;155636236;B01;1;30;0;2;0;1;1;
202300025026;155636237;A01;1;10;0;9;0;1;0;
202300025027;155636234;A01;3;7;1;0;2;2;1;
202300025027;155636235;B01;3;7;1;0;6;24;1;
202300025028;155636233;A01;3;7;13;0;0;1;1;
202300025029;155636232;A01;1;50;0;1;0;1;3;
202300025030;155636231;A01;1;30;1;0;0;1;1;
202300025031;155636230;A01;2;10;0;1;3;1;1;
202300025032;155636228;A01;3;14;0;2;0;2;1;
202300025032;155636229;B01;3;1;0;2;0;1;5;
202300025033;155636226;A01;3;7;0;2;3;9;1;
202300025033;155636227;B01;3;1;0;2;7;9;5;
202300025034;155636225;A01;2;7;3;0;2;1;1;
202300025035;155636223;A01;0;7;0;2;1;1;1;
202300025035;155636224;B01;3;33;0;2;7;1;1;
202300025036;155636221;A01;3;7;0;2;1;15;2;
202300025036;155636222;B01;3;7;0;2;3;1;1;
202300025037;155636219;B01;1;50;0;2;1;1;3;
202300025037;155636220;A01;2;7;0;2;2;15;1;
202300025038;155636217;B01;1;32;0;2;4;1;1;
202300025038;155636218;A01;1;14;0;2;3;1;1;
202300025039;155636215;B01;2;7;0;9;3;1;1;
202300025039;155636216;A01;2;50;0;2;2;1;3;
202300025040;155636213;B01;-1;7;0;0;7;24;1;
202300025040;155636214;A01;1;7;1;1;2;14;1;
202300025041;155636207;B01;3;7;0;2;4;2;1;
202300025041;155636208;A01;3;7;0;2;1;2;1;
202300025042;155636205;A01;0;7;0;9;8;26;1;
202300025042;155636206;B01;0;1;0;2;1;1;5;
202300025043;155636204;A01;2;7;0;1;1;2;1;
202300025044;155636203;A01;2;7;3;0;1;6;1;
202300025045;155636199;A01;2;7;0;2;3;15;0;
202300025045;155636200;B01;2;43;9;2;1;17;1;
202300025046;155636198;A01;0;7;6;0;1;1;0;
202300025047;155636196;B01;1;1;0;2;8;1;5;
202300025047;155636197;A01;1;7;0;2;2;1;3;
202300025048;155636194;A01;1;7;0;2;3;13;1;
202300025048;155636195;B01;2;7;0;2;3;1;1;
202300025049;155636192;A01;1;50;0;2;3;15;3;
202300025049;155636193;B01;1;7;0;2;1;2;1;
202300025050;155636190;A01;1;7;0;2;6;1;1;
202300025050;155636191;B01;3;33;0;2;1;1;1;
202300025051;155636188;A01;1;7;0;0;0;11;1;
202300025051;155636189;B01;1;31;0;0;0;21;1;
202300025052;155636186;A01;1;32;0;2;1;1;1;
202300025052;155636187;B01;3;10;0;2;6;15;1;
202300025053;155636183;B01;3;7;0;2;9;23;1;
202300025053;155636184;C01;3;13;0;2;4;23;1;
202300025053;155636185;A01;3;10;0;2;1;1;1;
202300025054;155636181;B01;1;7;0;2;7;0;2;
202300025054;155636182;A01;2;30;0;2;1;9;3;
202300025055;155636180;A01;1;50;0;1;1;1;3;
202300025056;155636178;B01;0;7;0;2;1;1;1;
202300025056;155636179;A01;0;7;0;2;1;15;1;
202300025057;155636176;A01;1;10;0;2;1;13;1;
202300025057;155636177;B01;2;7;0;2;1;1;1;
202300025058;155636175;A01;3;7;0;1;4;15;3;
202300025059;155636173;A01;3;7;0;2;1;16;0;
202300025059;155636174;B01;0;1;0;2;0;0;5;
202300025060;155636171;B01;1;7;0;2;6;11;1;
202300025060;155636172;A01;1;33;0;2;1;3;1;
202300025061;155636170;A01;1;34;0;0;7;21;3;
202300025062;155636169;A01;2;7;0;1;3;1;1;
202300025063;155636168;A01;3;7;0;0;1;1;1;
202300025064;155636166;A01;2;7;0;0;3;22;1;
202300025064;155636167;B01;2;50;1;0;1;1;3;
202300025065;155636164;A01;3;7;0;2;8;1;1;
202300025065;155636165;B01;1;1;0;2;1;19;5;
202300025066;155636163;A01;3;33;12;0;1;14;1;
202300025067;155636162;Z01;3;50;0;1;1;1;3;
202300025068;155636160;A01;2;7;0;2;2;1;1;
202300025068;155636161;B01;2;80;0;2;8;11;3;
202300025069;155636158;A01;2;33;0;2;1;17;1;
202300025069;155636159;B01;2;7;0;2;8;15;1;
202300025070;155636156;A01;1;7;0;9;1;1;1;
202300025070;155636157;B01;1;32;0;2;7;0;1;
202300025071;155636154;B01;1;1;0;2;1;1;5;
202300025071;155636155;A01;2;7;0;2;1;15;1;
202300025072;155636152;A01;3;7;0;2;5;12;1;
202300025072;155636153;B01;3;80;0;2;1;1;3;
202300025073;155636151;A01;3;7;15;0;3;1;1;
202300025074;155636149;A01;2;7;0;2;1;1;1;
202300025074;155636150;B01;1;33;0;2;0;1;1;
202300025075;155636147;A01;0;7;0;2;1;1;1;
202300025075;155636148;B01;3;1;0;2;3;19;5;
202300025076;155636145;A01;2;7;0;2;1;13;1;
202300025076;155636146;B01;1;7;0;2;0;1;1;
202300025077;155636144;A01;1;10;0;1;8;16;1;
202300025078;155636142;B01;0;7;0;2;0;0;0;
202300025078;155636143;A01;0;10;1;0;2;1;0;
202300025079;155636139;A01;3;7;0;2;1;10;1;
202300025079;155636140;B01;3;34;0;2;9;1;1;
202300025079;155636141;C01;3;7;0;2;3;23;1;
202300025080;155636138;A01;1;33;13;0;7;1;1;
202300025081;155636137;A01;0;7;13;0;2;1;0;
202300025082;155636136;A01;1;10;13;0;2;1;1;
202300025083;155636134;A01;0;7;0;9;3;2;0;
202300025083;155636135;B01;0;1;0;2;1;2;5;
202300025084;155636133;A01;2;2;12;0;7;1;1;
202300025085;155636132;A01;1;7;2;0;1;1;1;
202300025086;155636130;A01;1;7;0;2;1;15;2;
202300025086;155636131;B01;2;33;0;2;1;1;1;
202300025087;155636126;A01;2;7;0;2;1;13;1;
202300025087;155636127;B01;1;17;0;2;1;0;1;
202300025088;155636125;A01;1;33;13;0;1;1;1;
202300025089;155636124;A01;1;7;0;0;3;26;1;
202300025090;155636121;A01;2;10;0;2;1;2;1;
202300025090;155636122;B01;2;7;0;2;4;1;1;
202300025090;155636123;C01;1;7;0;2;9;1;1;
202300025091;155636120;A01;2;30;15;0;1;14;1;
202300025092;155636118;A01;2;7;0;2;1;15;1;
202300025092;155636119;B01;1;10;0;2;2;1;1;
202300025093;155636117;A01;3;7;0;1;1;1;1;
202300025094;155636115;A01;3;2;0;2;5;19;1;
202300025094;155636116;B01;1;7;0;0;1;1;1;
202300025095;155636114;A01;2;15;13;0;1;2;0;
202300025096;155636113;A01;2;7;13;0;1;1;1;
202300025097;155636112;A01;2;33;8;0;1;0;1;
202300025098;155636111;A01;2;33;3;0;8;1;1;
202300025099;155636109;A01;1;7;0;2;2;1;1;
202300025099;155636110;B01;2;7;0;2;1;13;1;
202300025100;155636107;A01;1;7;0;2;1;15;1;
202300025100;155636108;C01;1;31;0;2;7;1;1;
202300025101;155636106;A01;1;7;8;0;3;14;1;
202300025102;155636103;A01;2;7;15;0;2;14;1;
202300025103;155636100;A01;1;7;4;9;2;1;1;
202300025104;155636098;A01;1;7;0;2;2;3;1;
202300025104;155636099;B01;2;7;0;2;2;21;1;
202300025105;155636097;A01;2;7;6;0;8;1;1;
202300025106;155636095;A01;1;7;0;2;1;1;1;
202300025106;155636096;B01;2;7;0;2;8;9;1;
202300025107;155636093;A01;2;7;0;9;1;1;0;
202300025107;155636094;B01;1;1;0;2;1;19;5;
202300025108;155636092;A01;2;10;0;0;0;21;1;
202300025109;155636091;A01;1;7;4;0;1;1;1;
202300025110;155636090;A01;1;14;13;0;7;1;1;
202300025111;155636088;A01;2;7;3;0;4;1;1;
202300025111;155636089;B01;2;10;0;2;1;2;1;
202300025112;155636086;A01;1;7;4;0;2;17;1;
202300025112;155636087;B01;1;10;0;2;2;18;1;
202300025113;155636085;A01;1;14;0;0;8;0;1;
202300025114;155636083;A01;2;7;2;2;2;14;1;
202300025114;155636084;B01;2;30;0;2;6;1;1;
202300025115;155636082;A01;1;7;6;0;7;0;1;
202300025116;155636081;A01;2;33;13;0;7;14;1;
202300025117;155636079;B01;2;1;0;2;1;26;5;
202300025117;155636080;A01;1;10;0;9;2;15;1;
202300025118;155636078;A01;1;1;0;0;1;0;5;
202300025119;155636077;A01;1;7;2;0;2;1;1;
202300025120;155636076;A01;2;33;0;0;9;1;1;
202300025121;155636074;A01;1;7;0;2;1;2;1;
202300025121;155636075;B01;2;7;0;2;1;2;1;
202300025122;155636071;A01;2;7;0;2;3;13;1;
202300025122;155636072;B01;1;7;0;2;8;1;1;
202300025122;155636073;C01;1;1;0;2;8;1;5;
202300025123;155636069;B01;2;21;0;2;0;1;1;
202300025123;155636070;A01;1;2;7;2;0;13;1;
202300025124;155636067;B01;2;16;0;2;3;1;0;
202300025124;155636068;A01;1;7;0;2;3;13;0;
202300025125;155636065;A01;1;7;2;2;1;1;1;
202300025125;155636066;B01;2;7;0;2;1;1;1;
202300025126;155636064;A01;2;33;0;0;8;1;1;
202300025127;155636062;A01;2;7;0;2;2;21;1;
202300025127;155636063;B01;1;7;0;2;2;13;1;
202300025128;155636060;B01;1;7;0;2;3;1;1;
202300025128;155636061;A01;2;7;0;2;3;1;1;
202300025129;155636059;A01;1;7;8;0;7;13;1;
202300025130;155636057;B01;2;7;0;2;1;2;1;
202300025130;155636058;A01;2;7;0;2;4;1;1;
202300025131;155636055;A01;2;7;0;2;0;21;1;
202300025131;155636056;B01;2;7;0;2;6;1;1;
202300025132;155636053;A01;1;17;0;2;5;12;1;
202300025132;155636054;B01;1;7;0;2;8;2;1;
202300025133;155636052;A01;1;7;4;5;2;14;0;
202300025134;155636051;A01;2;32;4;0;2;14;1;
202300025135;155636049;B01;1;31;0;2;7;3;1;
202300025135;155636050;A01;1;7;0;2;8;1;1;
202300025136;155636047;A01;2;7;0;2;6;11;0;
202300025136;155636048;B01;2;34;0;2;2;3;0;
202300025137;155636046;A01;1;33;0;0;0;1;1;
202300025138;155636044;B01;1;7;0;2;4;2;1;
202300025138;155636045;A01;1;7;0;2;1;2;1;
202300025139;155636042;B01;1;33;0;2;7;3;1;
202300025139;155636043;A01;1;7;0;2;6;11;1;
202300025140;155636040;B01;1;7;0;2;4;1;1;
202300025140;155636041;A01;1;7;0;2;1;1;1;
202300025141;155636038;A01;1;7;3;0;1;26;1;
202300025141;155636039;B01;1;7;0;9;1;1;1;
202300025142;155636036;B01;1;43;0;2;7;1;1;
202300025142;155636037;A01;1;31;0;2;8;13;3;
202300025143;155636034;B01;2;10;0;2;1;2;1;
202300025143;155636035;A01;2;7;0;2;4;1;1;
202300025144;155636032;A01;2;7;0;2;8;11;1;
202300025144;155636033;B01;2;15;0;2;2;1;1;
202300025145;155636030;A01;3;7;0;2;1;1;1;
202300025145;155636031;B01;3;7;14;0;4;1;1;
202300025146;155636028;A01;1;10;0;2;1;15;1;
202300025146;155636029;B01;2;33;0;2;1;1;1;
202300025147;155636027;A01;1;30;14;1;2;13;6;
202300025148;155636022;D01;1;7;0;2;9;26;1;
202300025148;155636023;E01;1;7;0;2;1;26;1;
202300025148;155636024;A01;1;7;0;2;4;26;1;
202300025148;155636025;B01;1;7;0;2;9;26;1;
202300025148;155636026;C01;1;10;0;2;9;26;1;
202300025149;155636020;A01;2;7;0;2;1;1;1;
202300025149;155636021;B01;2;7;0;2;4;1;1;
202300025150;155636018;A01;2;1;0;2;1;1;5;
202300025150;155636019;B01;1;7;0;2;2;15;1;
202300025151;155636016;A01;3;2;0;2;1;5;1;
202300025151;155636017;B01;1;10;0;2;2;1;1;
202300025152;155636014;A01;2;7;0;9;3;15;1;
202300025152;155636015;B01;1;2;0;2;1;2;1;
202300025153;155636012;A01;2;7;0;2;3;15;1;
202300025153;155636013;B01;2;7;0;2;2;1;1;
202300025154;155636010;A01;2;7;0;2;2;14;1;
202300025154;155636011;B01;2;33;0;2;3;1;1;
202300025155;155636008;B01;1;7;0;2;7;1;1;
202300025155;155636009;A01;2;2;0;2;1;1;1;
202300025156;155636007;A01;3;30;0;0;0;25;3;
202300025157;155636005;B01;2;1;0;2;0;1;5;
202300025157;155636006;A01;2;7;0;2;0;26;1;
202300025158;155636003;A01;2;30;0;2;1;2;1;
202300025158;155636004;B01;2;7;0;2;5;15;1;
202300025159;155636002;A01;3;7;0;0;9;1;1;
202300025160;155636001;A01;2;7;16;0;3;26;1;
202300025161;155635999;B01;2;15;0;2;3;1;1;
202300025161;155636000;A01;1;7;0;2;1;13;1;
202300025162;155635997;A01;2;33;0;2;1;2;1;
202300025162;155635998;B01;2;7;0;9;4;2;1;
202300025163;155635996;A01;2;7;6;0;3;13;1;
202300025164;155635994;A01;2;7;0;9;3;15;1;
202300025164;155635995;B01;1;50;0;2;1;1;3;
202300025165;155635992;A01;3;7;0;2;4;0;1;
202300025165;155635993;B01;0;2;0;0;0;0;0;
202300025166;155635990;B01;1;7;0;2;4;2;1;
202300025166;155635991;A01;1;7;14;2;1;2;1;
202300025167;155635988;A01;1;7;0;2;7;17;1;
202300025167;155635989;B01;2;32;0;2;1;1;1;
202300025168;155635986;B01;0;7;0;2;2;1;1;
202300025168;155635987;A01;0;7;0;2;8;19;1;
202300025169;155635984;A01;2;10;0;2;8;0;1;
202300025169;155635985;B01;1;2;0;2;1;1;3;
202300025170;155635981;B01;1;7;0;2;4;2;0;
202300025170;155635982;A01;1;7;0;2;1;1;1;
202300025170;155635983;C01;1;7;0;2;4;2;1;
202300025171;155635979;B01;3;7;0;2;4;2;1;
202300025171;155635980;A01;3;33;0;2;1;2;1;
202300025172;155635977;B01;2;7;0;2;0;1;-1;
202300025172;155635978;A01;1;2;0;2;2;19;-1;
202300025173;155635975;A01;3;7;0;2;1;9;1;
202300025173;155635976;B01;1;1;0;2;1;1;5;
202300025174;155635973;B01;3;7;0;2;2;15;1;
202300025174;155635974;A01;3;7;0;2;1;1;1;
202300025175;155635972;A01;3;31;0;1;1;1;1;
202300025176;155635969;A01;2;7;0;2;1;1;1;
202300025176;155635970;C01;2;7;0;2;4;1;1;
202300025176;155635971;B01;2;7;0;2;4;1;1;
202300025177;155635967;A01;1;10;0;2;3;15;1;
202300025177;155635968;Y01;2;1;0;2;1;1;5;
202300025178;155635965;A01;1;7;0;2;7;15;1;
202300025178;155635966;B01;2;7;0;2;2;1;1;
202300025179;155635963;A01;1;7;0;2;1;2;0;
202300025179;155635964;B01;1;10;0;2;4;23;1;
202300025180;155635961;B01;2;7;0;0;0;26;5;
202300025180;155635962;A01;2;1;0;0;0;26;5;
202300025181;155635958;C01;2;7;0;2;3;1;1;
202300025181;155635959;A01;1;7;0;2;1;2;1;
202300025181;155635960;B01;1;7;0;2;4;2;1;
202300025182;155635957;A01;2;10;2;0;1;17;1;
202300025183;155635955;B01;1;7;0;2;6;16;1;
202300025183;155635956;A01;1;7;0;2;2;17;1;
202300025184;155635954;A01;0;33;0;0;0;1;1;
202300025185;155635953;A01;0;7;0;1;1;1;0;
202300025186;155635951;B01;2;7;0;2;4;1;1;
202300025186;155635952;A01;2;33;0;2;1;1;1;
202300025187;155635950;A01;3;7;0;1;1;1;1;
202300025188;155635949;A01;3;7;0;1;2;15;1;
202300025189;155635947;B01;3;40;0;2;3;23;3;
202300025189;155635948;A01;3;7;0;4;3;13;1;
202300025190;155635943;A01;2;33;0;0;1;14;1;
202300025191;155635941;B01;1;1;0;0;8;16;5;
202300025191;155635942;A01;1;7;0;0;1;15;1;
202300025192;155635940;A01;2;7;1;0;4;1;1;
202300025193;155635938;A01;1;7;0;2;1;1;1;
202300025193;155635939;B01;1;10;0;2;4;1;1;
202300025194;155635937;A01;1;7;1;0;0;1;1;
202300025195;155635936;A01;2;15;0;1;0;1;1;
202300025196;155635935;A01;1;7;0;1;1;1;3;
202300025197;155635933;A01;2;7;6;2;1;1;1;
202300025197;155635934;B01;2;37;0;2;5;1;1;1.0
202300025198;155635931;A01;3;32;0;2;2;17;0;
202300025198;155635932;B01;3;7;0;2;3;15;0;
202300025199;155635929;A01;3;10;0;2;8;15;1;
202300025199;155635930;B01;3;33;0;2;1;17;1;
202300025200;155635927;A01;2;7;0;2;1;1;1;
202300025200;155635928;B01;2;7;0;0;4;1;1;
202300025201;155635926;A01;2;7;13;0;9;1;1;
202300025202;155635924;A01;3;7;0;1;2;1;1;
202300025203;155635923;A01;1;30;0;2;1;1;1;
202300025203;155635925;B01;2;7;0;2;6;19;1;
202300025204;155635921;A01;3;7;0;1;0;0;1;
202300025205;155635919;B01;1;7;0;2;1;2;0;
202300025205;155635920;A01;1;7;0;2;1;5;0;
202300025205;155635922;C01;1;7;0;2;5;1;0;
202300025206;155635918;A01;2;7;13;0;9;19;1;
202300025207;155635916;B01;1;33;0;2;8;1;1;
202300025207;155635917;A01;1;10;0;2;2;14;1;
202300025208;155635914;B01;2;32;0;9;1;1;1;
202300025208;155635915;A01;2;50;0;2;1;17;3;
202300025209;155635913;A01;2;7;1;0;1;19;1;
202300025210;155635911;A01;2;7;0;2;1;1;1;
202300025210;155635912;B01;2;30;0;2;4;1;1;
202300025211;155635909;A01;2;7;0;2;1;1;1;
202300025211;155635910;B01;2;10;0;2;4;1;1;
202300025212;155635907;B01;2;43;0;2;1;3;1;
202300025212;155635908;A01;2;7;0;2;5;12;2;
202300025213;155635906;A01;2;7;0;1;1;1;1;
202300025214;155635904;A01;1;33;0;2;4;2;1;
202300025214;155635905;Z01;0;7;0;2;4;1;0;
202300025215;155635901;A01;0;7;0;2;2;15;1;
202300025215;155635903;B01;1;1;0;2;1;1;5;
202300025216;155635900;A01;1;1;0;2;1;13;5;
202300025216;155635902;B01;1;1;0;2;1;1;5;
202300025217;155635897;A01;1;7;0;2;7;22;1;
202300025217;155635899;B01;1;50;0;2;8;1;3;
202300025218;155635898;A01;2;50;0;1;1;5;3;
202300025219;155635895;A01;3;7;0;2;3;9;1;
202300025219;155635896;B01;1;2;0;2;1;1;1;
202300025220;155635894;A01;1;7;0;1;3;1;1;
202300025221;155635893;A01;2;10;0;0;2;21;1;
202300025222;155635892;A01;3;7;1;0;2;1;1;
202300025223;155635891;A01;2;7;0;1;1;1;1;
202300025224;155635889;A01;2;33;0;0;1;1;1;
202300025225;155635888;A01;3;10;0;2;3;15;0;
202300025225;155635890;B01;3;7;0;2;1;1;0;
202300025226;155635887;A01;1;7;0;1;8;4;1;
202300025227;155635886;A01;3;50;0;0;0;25;3;
202300025228;155635883;B01;1;80;1;0;1;1;3;
202300025228;155635885;A01;1;7;0;2;7;22;1;
202300025229;155635881;A01;1;7;0;1;2;16;3;
202300025230;155635882;B01;1;34;0;2;1;1;0;
202300025230;155635884;A01;2;7;0;2;2;19;1;
202300025231;155635880;A01;1;1;0;1;1;1;5;
202300025232;155635879;A01;2;7;0;1;3;15;1;
202300025233;155635877;B01;1;80;0;2;1;1;3;
202300025233;155635878;A01;1;7;0;2;7;22;1;
202300025234;155635874;A01;1;7;0;2;1;1;2;
202300025234;155635876;B01;3;43;0;2;8;1;1;
202300025235;155635875;A01;3;7;0;1;1;25;1;
202300025236;155635873;A01;2;80;0;1;1;1;3;
202300025237;155635870;A01;2;10;0;2;2;15;1;
202300025237;155635872;B01;2;33;0;2;1;1;1;
202300025238;155635868;A01;3;7;14;0;1;5;1;
202300025239;155635869;A01;1;10;0;2;1;2;1;
202300025239;155635871;B01;1;7;0;2;4;2;1;
202300025240;155635867;A01;1;32;0;1;2;5;0;
202300025241;155635863;A01;2;30;0;2;4;2;4;
202300025241;155635864;B01;2;7;0;2;1;2;4;
202300025242;155635861;B01;1;1;0;2;8;0;5;
202300025242;155635862;OA01;2;10;0;2;8;16;0;
202300025243;155635860;A01;3;7;0;1;3;14;1;
202300025244;155635859;A01;2;7;0;1;1;13;1;
202300025245;155635857;B01;0;7;0;0;0;0;0;
202300025245;155635858;A01;2;1;0;0;0;0;5;
202300025246;155635854;B01;3;32;0;2;1;2;1;
202300025246;155635855;A01;3;10;0;2;0;0;0;
202300025247;155635853;B01;1;7;0;2;1;0;0;
202300025247;155635856;A01;3;7;0;2;3;9;0;
202300025248;155635851;A01;2;7;0;2;2;16;2;
202300025248;155635852;B01;2;32;0;2;8;1;1;
202300025249;155635850;A01;3;7;0;1;1;1;1;
202300025250;155635847;C01;2;10;0;2;1;2;3;
202300025250;155635848;A01;2;7;0;2;4;2;2;
202300025250;155635849;B01;2;7;0;2;4;2;1;
202300025251;155635844;B01;2;33;0;2;2;17;1;
202300025251;155635845;A01;2;7;0;2;3;1;1;
202300025252;155635843;A01;1;2;0;1;1;1;1;
202300025253;155635842;A01;1;32;1;0;1;1;1;
202300025253;155635846;B01;0;7;0;2;2;24;1;
202300025254;155635840;B01;2;7;0;0;7;16;1;
202300025254;155635841;A01;2;7;2;0;1;21;1;
202300025255;155635839;A01;3;7;8;0;1;19;1;
202300025256;155635838;A01;1;2;0;0;0;2;1;
202300025257;155635834;A01;2;10;0;2;2;0;1;
202300025257;155635835;B01;1;7;0;2;1;1;1;
202300025258;155635836;A01;1;7;8;2;8;1;2;
202300025258;155635837;Z01;2;7;0;2;0;0;0;
202300025259;155635832;A01;3;7;0;1;1;4;1;
202300025260;155635833;A01;3;7;0;1;2;14;1;
202300025261;155635830;A01;3;7;0;2;3;13;1;
202300025261;155635831;B01;3;7;9;2;8;1;1;
202300025262;155635829;A01;1;7;13;0;1;21;1;
202300025263;155635827;B01;1;33;0;2;1;1;1;
202300025263;155635828;A01;2;7;0;2;1;1;1;
202300025264;155635826;A01;3;35;0;1;1;15;1;
202300025265;155635824;A01;3;7;16;0;5;19;1;
202300025265;155635825;B01;3;7;0;2;1;19;1;
202300025266;155635822;A01;1;7;0;2;1;1;1;
202300025266;155635823;B01;2;7;0;2;8;0;1;
202300025267;155635821;A01;3;7;0;1;3;1;1;
202300025268;155635819;B01;3;33;0;2;1;5;1;
202300025268;155635820;A01;3;7;0;2;6;0;1;
202300025269;155635816;B01;1;32;0;2;4;2;0;
202300025269;155635817;C01;1;7;0;0;4;2;1;
202300025269;155635818;A01;1;7;0;2;1;0;1;
202300025270;155635814;A01;3;7;0;2;1;1;1;
202300025270;155635815;B01;3;7;0;2;4;1;1;
202300025271;155635812;A01;2;33;0;2;1;2;1;
202300025271;155635813;B01;2;7;0;2;6;2;2;
202300025272;155635811;A01;1;50;0;1;8;5;3;
202300025273;155635810;A01;3;7;0;1;1;1;1;
202300025274;155635809;A01;1;7;0;1;1;1;3;
202300025275;155635808;A01;2;33;0;0;0;2;1;
202300025276;155635806;A01;2;33;0;2;1;12;1;
202300025276;155635807;B01;2;7;0;2;6;1;1;
202300025277;155635804;B01;1;7;0;2;5;2;1;
202300025277;155635805;A01;1;33;0;2;1;3;1;
202300025278;155635802;Z01;1;7;0;1;0;15;1;
202300025279;155635801;A01;3;10;0;1;2;15;1;
202300025280;155635799;B01;1;2;0;2;8;1;3;
202300025280;155635800;Z01;1;7;0;2;7;17;3;
202300025281;155635797;B01;2;33;0;2;3;1;1;
202300025281;155635798;A01;2;10;0;2;3;15;1;
202300025282;155635796;A01;2;50;0;1;1;1;3;
202300025283;155635794;B01;2;7;0;2;7;15;1;
202300025283;155635795;A01;1;32;0;2;1;2;3;
202300025284;155635793;A01;1;80;1;0;2;1;3;
202300025285;155635792;A01;2;30;0;1;1;5;1;
202300025286;155635791;A01;3;7;0;1;7;1;1;
202300025287;155635789;A01;1;7;0;2;2;1;1;
202300025287;155635790;B01;1;50;0;2;3;13;3;
202300025288;155635787;A01;3;1;0;2;1;13;5;
202300025288;155635788;B01;3;7;0;2;0;0;1;
202300025289;155635785;B01;2;7;0;2;2;15;1;
202300025289;155635786;A01;1;31;0;2;2;17;1;
202300025290;155635784;A01;2;7;0;1;1;1;1;
202300025291;155635783;A01;3;7;9;0;1;1;1;
202300025292;155635781;A01;3;7;0;2;4;15;0;
202300025292;155635782;B01;3;30;0;2;0;0;0;
202300025293;155635780;A01;3;7;0;1;3;1;1;
202300025294;155635779;A01;3;7;0;1;5;1;1;
202300025295;155635777;A01;2;7;0;2;3;13;0;
202300025295;155635778;B01;2;32;0;2;2;1;1;
202300025296;155635775;B01;3;7;0;2;1;1;1;
202300025296;155635776;A01;3;7;9;2;8;2;1;
202300025297;155635773;A01;2;7;0;2;2;20;1;
202300025297;155635774;B01;2;30;0;2;1;1;1;
202300025298;155635771;A01;2;7;0;2;5;15;1;
202300025298;155635772;B01;1;30;0;2;3;1;1;
202300025299;155635769;A01;3;33;0;2;8;11;1;
202300025299;155635770;MA01;3;33;0;2;8;11;1;
202300025300;155635768;A01;3;7;6;0;0;0;1;
202300025301;155635766;B01;1;7;0;2;1;1;1;
202300025301;155635767;A01;2;7;1;2;7;19;1;
202300025302;155635765;A01;1;7;1;1;2;2;0;
202300025303;155635763;B01;1;33;0;2;0;0;1;
202300025303;155635764;A01;1;7;0;2;3;15;1;
202300025304;155635760;B01;2;7;0;2;4;1;1;
202300025304;155635761;A01;2;3;0;2;1;0;0;
202300025304;155635762;C01;2;7;0;2;4;1;1;
202300025305;155635758;B01;3;7;0;2;5;16;1;
202300025305;155635759;A01;3;2;0;2;1;18;1;
202300025306;155635756;B01;3;20;0;0;3;0;1;
202300025306;155635757;A01;3;30;1;0;0;2;1;
202300025307;155635754;B01;1;2;0;2;1;1;3;
202300025307;155635755;A01;2;7;0;2;3;1;1;
202300025308;155635752;A01;0;7;0;2;6;0;1;
202300025308;155635753;B01;0;7;1;0;3;5;1;
202300025309;155635750;B01;3;7;0;2;4;23;1;
202300025309;155635751;A01;3;7;0;2;1;1;1;
202300025310;155635748;A01;0;7;0;2;5;15;1;
202300025310;155635749;B01;0;30;0;2;1;1;0;
202300025311;155635746;A01;0;33;0;2;1;3;1;
202300025311;155635747;B01;0;7;0;0;6;23;1;
202300025312;155635744;A01;1;7;0;2;2;16;1;
202300025312;155635745;B01;1;1;0;2;1;1;5;
202300025313;155635742;A01;3;7;0;2;3;15;1;
202300025313;155635743;B01;3;1;0;2;1;2;5;
202300025314;155635740;B01;3;1;1;0;0;0;5;
202300025314;155635741;A01;3;7;16;0;0;0;0;
202300025315;155635738;B01;2;31;0;2;3;1;1;
202300025315;155635739;A01;2;10;0;2;2;15;1;
202300025316;155635736;A01;1;50;0;2;8;19;3;
202300025316;155635737;B01;1;33;0;2;2;1;0;