Num_Acc;id_vehicule;num_veh;senc;catv;obs;obsm;choc;manv;motor;occutc
202300025317;155635734;A01;2;7;0;2;2;2;1;
202300025317;155635735;B01;2;30;0;2;4;2;1;
202300025318;155635733;A01;3;7;0;1;1;1;1;
202300025319;155635730;C01;2;7;8;2;1;21;1;
202300025319;155635731;A01;1;7;0;0;6;15;1;
202300025319;155635732;B01;1;7;0;2;9;2;1;
202300025320;155635728;A01;2;10;0;2;2;1;1;
202300025320;155635729;B01;2;21;0;2;6;1;1;
202300025321;155635726;A01;1;7;0;2;1;1;1;
202300025321;155635727;B01;2;2;0;2;1;5;1;
202300025322;155635724;A01;2;7;0;2;1;14;1;
202300025322;155635725;B01;2;17;0;0;4;1;1;
202300025323;155635722;B01;1;7;0;2;1;1;1;
202300025323;155635723;A01;1;7;0;2;5;16;1;
202300025324;155635721;A01;2;2;0;0;0;1;1;
202300025325;155635719;A01;1;7;0;2;1;1;0;
202300025325;155635720;B01;2;7;0;2;1;13;0;
202300025326;155635718;A01;2;7;13;0;1;1;1;
202300025327;155635717;A01;1;14;0;1;6;16;1;
202300025328;155635716;A01;1;2;0;0;0;1;1;
202300025329;155635714;A01;1;7;13;0;4;15;1;
202300025329;155635715;B01;1;7;0;2;1;1;1;
202300025330;155635712;B01;0;7;0;0;1;9;1;
202300025330;155635713;A01;0;7;0;0;1;21;1;
202300025331;155635711;A01;-1;3;13;0;1;16;0;
202300025332;155635710;A01;2;1;0;0;9;1;5;
202300025333;155635709;A01;1;33;13;0;2;1;1;
202300025334;155635707;A01;1;7;0;2;3;9;0;
202300025334;155635708;B01;2;7;0;2;2;1;0;
202300025335;155635705;A01;1;7;0;2;1;9;1;
202300025335;155635706;B01;3;1;0;2;5;1;5;
202300025336;155635703;B01;2;7;0;2;1;23;0;
202300025336;155635704;A01;2;7;12;0;3;1;0;
202300025337;155635702;A01;0;7;0;1;0;1;0;
202300025338;155635700;B01;1;7;0;0;1;0;1;
202300025338;155635701;A01;2;7;0;0;1;17;1;
202300025339;155635698;A01;2;7;0;2;1;13;1;
202300025339;155635699;B01;1;7;0;2;1;1;1;
202300025340;155635696;A01;2;7;0;2;2;15;1;
202300025340;155635697;B01;1;1;0;2;1;1;5;
202300025341;155635694;A01;1;21;0;2;3;15;1;
202300025341;155635695;B01;1;33;0;0;3;17;1;
202300025342;155635693;A01;3;7;0;1;1;1;1;
202300025343;155635691;B01;2;33;0;2;3;2;1;
202300025343;155635692;A01;2;7;0;2;6;2;1;
202300025344;155635689;A01;1;7;0;2;3;1;1;
202300025344;155635690;B01;2;2;0;2;1;13;1;
202300025345;155635688;A01;1;31;0;6;1;0;1;
202300025346;155635686;A01;2;33;0;2;1;1;1;
202300025346;155635687;B01;1;7;0;2;5;15;1;
202300025347;155635683;C01;1;15;0;2;2;1;1;
202300025347;155635684;A01;2;7;0;2;8;3;1;
202300025347;155635685;B01;2;7;0;2;6;1;1;
202300025348;155635682;A01;1;7;0;0;8;24;1;
202300025349;155635681;A01;1;33;7;0;0;1;1;
202300025350;155635680;A01;1;10;13;0;1;0;1;
202300025351;155635679;A01;0;2;0;0;3;1;1;
202300025352;155635677;A01;2;15;0;2;2;1;1;
202300025352;155635678;B01;2;1;0;2;4;1;5;
202300025353;155635675;B01;2;7;0;2;6;1;1;
202300025353;155635676;A01;1;7;6;2;3;1;1;
202300025354;155635673;A01;2;7;6;0;1;0;0;
202300025354;155635674;B01;1;7;7;0;1;0;0;
202300025355;155635671;A01;1;7;0;2;2;17;1;
202300025355;155635672;B01;1;1;0;2;3;1;5;
202300025356;155635670;A01;0;33;0;0;0;0;1;
202300025357;155635668;B01;1;7;13;2;8;1;1;
202300025357;155635669;A01;2;7;13;2;1;1;1;
202300025358;155635667;A01;3;7;6;0;3;1;0;
202300025359;155635666;A01;3;7;0;1;3;1;1;
202300025360;155635665;A01;1;7;2;0;1;1;1;
202300025361;155635664;A01;2;7;0;0;0;0;1;
202300025362;155635662;A01;2;33;0;2;2;17;1;
202300025362;155635663;B01;2;7;0;0;3;15;1;
202300025363;155635661;A01;1;7;4;0;8;1;1;
202300025364;155635659;A01;1;17;0;9;3;15;1;
202300025364;155635660;B01;3;1;0;2;7;15;5;
202300025365;155635657;A01;1;10;0;2;6;1;1;
202300025365;155635658;B01;2;2;0;2;3;1;1;
202300025366;155635655;A01;1;7;0;2;1;13;1;
202300025366;155635656;B01;2;33;0;2;1;1;1;
202300025367;155635653;A01;2;7;0;2;1;0;1;
202300025367;155635654;B01;2;14;0;0;5;1;1;
202300025368;155635652;A01;2;7;4;0;3;1;1;
202300025369;155635650;B01;1;17;0;0;6;2;1;
202300025369;155635651;A01;1;10;0;2;1;2;1;
202300025370;155635648;A01;0;10;0;0;4;24;1;
202300025370;155635649;B01;0;33;1;0;1;18;1;
202300025371;155635646;A01;1;7;0;2;6;9;1;
202300025371;155635647;B01;2;32;0;2;1;1;1;
202300025372;155635645;A01;1;2;0;1;1;1;1;
202300025373;155635643;A01;2;7;0;2;1;10;3;
202300025373;155635644;B01;1;33;0;2;3;21;1;
202300025374;155635640;C01;1;7;0;2;1;1;1;
202300025374;155635641;A01;1;7;0;0;4;0;1;
202300025374;155635642;B01;1;7;0;2;4;1;1;
202300025375;155635639;A01;1;7;0;1;2;15;1;
202300025376;155635637;B01;1;80;0;2;8;0;3;
202300025376;155635638;A01;1;7;0;2;7;12;1;
202300025377;155635635;A01;2;3;0;2;2;13;6;
202300025377;155635636;B01;1;7;0;2;3;1;6;
202300025378;155635633;A01;2;7;0;2;1;13;1;
202300025378;155635634;B01;1;7;0;2;3;21;2;
202300025379;155635631;A01;1;7;6;2;3;21;1;
202300025379;155635632;B01;2;7;0;2;1;26;1;
202300025380;155635628;A01;3;7;0;2;4;23;1;
202300025380;155635629;B01;3;14;0;2;1;21;1;
202300025380;155635630;C01;3;7;0;2;1;21;1;
202300025381;155635626;A01;1;7;0;2;1;2;0;
202300025381;155635627;B01;1;32;0;2;4;2;1;
202300025382;155635624;A01;1;7;0;2;5;1;1;
202300025382;155635625;B01;1;2;0;2;3;1;1;
202300025383;155635622;A01;1;1;0;0;4;2;5;
202300025383;155635623;B01;1;10;0;2;2;2;1;
202300025384;155635620;B01;1;2;0;2;1;1;1;
202300025384;155635621;A01;2;7;0;2;2;15;1;
202300025385;155635619;A01;2;33;12;0;1;17;1;
202300025386;155635617;A01;1;2;0;2;1;1;1;
202300025386;155635618;B01;1;10;0;2;5;10;1;
202300025387;155635616;A01;1;7;2;0;8;0;1;
202300025388;155635614;A01;1;7;0;2;5;1;1;
202300025388;155635615;B01;1;33;0;2;1;1;1;
202300025389;155635611;A01;1;34;0;2;1;3;1;
202300025389;155635612;C01;1;33;0;2;7;1;1;
202300025389;155635613;B01;1;7;0;2;6;1;1;
202300025390;155635609;B01;2;31;0;2;7;3;1;
202300025390;155635610;A01;2;7;0;2;8;11;1;
202300025391;155635607;B01;1;15;0;2;2;12;1;
202300025391;155635608;A01;1;7;0;2;8;1;1;
202300025392;155635606;A01;1;7;4;0;3;13;1;
202300025393;155635603;A01;2;7;0;2;1;2;2;
202300025393;155635604;B01;2;7;0;2;4;2;1;
202300025393;155635605;C01;2;7;0;2;4;2;1;
202300025394;155635601;A01;2;7;0;2;1;2;1;
202300025394;155635602;B01;2;7;0;2;4;2;1;
202300025395;155635599;A01;2;31;0;2;1;26;1;
202300025395;155635600;B01;2;10;4;2;5;1;1;
202300025396;155635597;A01;2;7;0;2;6;11;1;
202300025396;155635598;B01;2;32;0;2;1;3;1;
202300025397;155635595;A01;2;33;0;2;1;1;1;
202300025397;155635596;B01;2;7;0;2;4;12;1;
202300025398;155635592;A01;2;7;0;2;1;1;1;
202300025398;155635593;C01;2;7;0;2;4;2;1;
202300025398;155635594;B01;2;10;0;2;1;1;1;
202300025399;155635590;A01;2;33;0;2;2;1;1;
202300025399;155635591;B01;1;7;0;2;4;13;1;
202300025400;155635589;A01;2;7;0;0;0;2;1;
202300025401;155635587;B01;2;31;0;2;3;3;1;
202300025401;155635588;A01;2;99;0;2;5;1;1;
202300025402;155635585;B01;2;33;0;2;7;2;1;
202300025402;155635586;A01;2;10;0;2;8;11;1;
202300025403;155635583;A01;2;10;0;0;0;0;1;
202300025403;155635584;B01;2;17;0;0;5;23;1;
202300025404;155635578;E01;1;17;0;2;1;1;1;
202300025404;155635579;D01;1;10;0;2;1;1;1;
202300025404;155635580;C01;2;10;3;2;8;1;1;
202300025404;155635581;A01;2;10;0;2;5;23;1;
202300025404;155635582;B01;2;7;1;0;3;2;1;
202300025405;155635577;A01;3;1;0;1;1;26;5;
202300025406;155635575;A01;1;33;0;2;1;2;1;
202300025406;155635576;B01;1;7;0;2;5;2;3;
202300025407;155635573;B01;1;7;0;2;4;2;1;
202300025407;155635574;A01;2;7;0;1;1;1;1;
202300025408;155635571;A01;1;3;0;2;0;15;3;
202300025408;155635572;B01;1;1;0;2;7;1;5;
202300025409;155635569;A01;1;10;0;2;2;11;1;
202300025409;155635570;B01;1;7;0;2;3;1;1;
202300025410;155635567;A01;2;7;0;2;4;1;0;
202300025410;155635568;B01;2;31;0;2;1;2;1;
202300025411;155635565;A01;3;7;0;2;1;1;6;
202300025411;155635566;B01;3;2;14;0;2;14;6;
202300025412;155635564;A01;2;7;14;0;1;1;1;
202300025413;155635562;B01;2;7;0;2;1;1;1;
202300025413;155635563;A01;1;7;0;2;2;15;1;
202300025414;155635561;A01;3;7;0;1;2;25;1;
202300025415;155635559;A01;1;14;0;9;0;1;1;
202300025415;155635560;Y01;1;1;0;0;0;1;5;
202300025416;155635557;A01;2;7;0;2;3;10;1;
202300025416;155635558;B01;1;33;1;2;1;1;1;
202300025417;155635555;B01;2;50;0;0;1;1;3;
202300025417;155635556;A01;2;7;0;0;3;9;1;
202300025418;155635553;A01;2;33;14;2;6;17;1;
202300025418;155635554;B01;2;7;0;2;6;1;1;
202300025419;155635552;A01;1;7;16;0;1;16;1;
202300025420;155635550;A01;1;7;0;0;2;2;1;
202300025420;155635551;B01;1;1;0;2;8;1;5;
202300025421;155635549;A01;1;2;0;0;8;26;1;
202300025422;155635547;A01;2;7;0;2;1;2;1;
202300025422;155635548;B01;2;2;0;2;4;2;1;
202300025423;155635546;A01;1;7;10;0;3;13;1;
202300025424;155635544;A01;1;30;0;2;1;1;1;
202300025424;155635545;B01;1;7;0;2;4;1;1;
202300025425;155635542;B01;2;1;0;2;1;19;5;
202300025425;155635543;A01;2;7;0;2;3;15;1;
202300025426;155635541;A01;1;7;0;1;3;1;1;
202300025427;155635538;B01;3;2;0;2;1;2;1;
202300025427;155635539;C01;3;2;0;2;2;2;2;
202300025427;155635540;A01;3;10;0;2;3;15;1;
202300025428;155635536;B01;0;13;0;0;0;0;1;
202300025428;155635537;A01;3;7;0;2;4;23;1;
202300025429;155635534;B01;3;1;0;2;8;1;5;
202300025429;155635535;A01;3;10;0;2;1;9;1;
202300025430;155635532;A01;3;33;0;2;7;13;1;
202300025430;155635533;B01;3;10;0;2;8;13;1;
202300025431;155635530;A01;1;7;0;2;7;26;1;
202300025431;155635531;B01;1;1;0;0;8;26;5;
202300025432;155635528;A01;1;7;0;2;0;13;1;
202300025432;155635529;B01;2;7;0;2;0;1;1;
202300025433;155635527;A01;1;10;1;1;1;26;1;
202300025434;155635526;A01;3;7;0;1;0;1;0;
202300025435;155635525;A01;1;7;4;0;8;17;1;
202300025436;155635523;B01;1;7;0;2;2;0;1;
202300025436;155635524;A01;1;7;0;2;0;26;1;
202300025437;155635521;A01;2;33;0;2;7;17;1;
202300025437;155635522;B01;2;7;0;2;8;15;0;
202300025438;155635519;A01;1;33;0;2;1;1;1;
202300025438;155635520;B01;2;7;0;2;1;15;1;
202300025439;155635518;A01;1;10;0;1;1;1;1;
202300025440;155635517;A01;1;7;0;1;3;2;1;
202300025441;155635516;A01;3;21;0;0;0;1;1;
202300025442;155635513;A01;2;7;0;2;1;1;1;
202300025442;155635514;C01;1;7;0;2;8;1;1;
202300025442;155635515;B01;1;7;0;2;1;1;1;
202300025443;155635510;A01;1;7;0;2;1;13;1;
202300025443;155635511;B01;2;7;0;2;1;1;1;
202300025443;155635512;C01;2;10;0;2;6;1;1;
202300025444;155635509;A01;1;7;4;0;2;14;1;
202300025445;155635507;A01;3;50;0;2;1;1;3;
202300025445;155635508;B01;1;7;0;0;2;23;1;
202300025446;155635503;A01;2;15;0;2;1;1;1;
202300025446;155635504;B01;1;7;0;0;0;23;1;
202300025446;155635505;C01;1;7;0;2;7;13;1;
202300025446;155635506;D01;1;7;0;2;3;1;1;
202300025447;155635501;A01;2;20;0;0;4;2;1;
202300025447;155635502;B01;2;15;0;2;1;2;1;
202300025448;155635498;A01;2;7;0;2;3;13;1;
202300025448;155635499;B01;1;7;0;2;3;1;1;
202300025448;155635500;C01;1;7;0;2;3;2;1;
202300025449;155635496;A01;1;10;0;2;3;13;1;
202300025449;155635497;B01;2;14;0;2;3;1;1;
202300025450;155635493;C01;2;7;0;2;5;1;0;
202300025450;155635494;B01;2;7;0;2;2;12;0;
202300025450;155635495;A01;2;33;0;2;3;1;0;
202300025451;155635491;B01;1;7;0;2;3;1;1;
202300025451;155635492;A01;2;7;12;2;8;1;1;
202300025452;155635489;A01;1;33;0;2;2;17;1;
202300025452;155635490;B01;1;7;0;2;8;15;0;
202300025453;155635488;A01;2;10;0;0;0;1;1;
202300025454;155635486;B01;1;1;0;2;1;26;5;
202300025454;155635487;A01;1;7;0;2;3;9;1;
202300025455;155635485;A01;1;1;0;0;0;1;5;
202300025456;155635482;A01;2;7;0;2;3;1;1;
202300025456;155635483;B01;1;7;0;2;3;1;1;
202300025457;155635480;A01;1;7;0;0;5;1;1;
202300025457;155635481;B01;1;43;0;2;1;3;1;
202300025458;155635478;B01;2;15;0;2;6;23;1;
202300025458;155635479;A01;2;7;0;2;1;2;1;
202300025459;155635476;B01;1;7;0;2;8;1;1;
202300025459;155635477;A01;3;7;0;2;1;26;1;
202300025460;155635475;A01;3;7;0;1;1;1;1;
202300025461;155635473;A01;2;10;0;2;3;0;1;
202300025461;155635474;B01;2;10;0;2;4;1;1;
202300025462;155635472;A01;2;7;0;1;1;1;1;
202300025463;155635470;B01;1;2;0;2;1;15;3;
202300025463;155635471;A01;1;7;0;2;4;4;1;
202300025464;155635468;A01;3;7;0;2;2;26;1;
202300025464;155635469;B01;1;33;0;2;1;26;1;
202300025465;155635467;A01;1;7;0;1;3;1;1;
202300025466;155635466;A01;1;7;0;1;1;1;1;
202300025467;155635464;A01;1;7;0;2;1;26;1;
202300025467;155635465;B01;1;31;0;2;4;26;1;
202300025468;155635463;A01;1;7;0;1;2;1;1;
202300025469;155635461;A01;1;7;0;2;8;15;1;
202300025469;155635462;B01;1;2;0;2;7;0;3;
202300025470;155635460;A01;3;1;0;1;1;1;5;
202300025471;155635459;A01;2;7;0;1;6;4;3;
202300025472;155635458;A01;1;7;15;0;7;14;1;
202300025473;155635455;C01;1;7;0;2;6;2;1;
202300025473;155635456;B01;1;7;0;2;6;1;1;
202300025473;155635457;A01;1;7;0;2;2;18;1;
202300025474;155635453;A01;1;33;0;2;2;13;1;
202300025474;155635454;B01;1;10;0;2;6;1;1;
202300025475;155635451;A01;1;7;0;2;1;0;1;
202300025475;155635452;B01;2;7;0;2;1;0;1;
202300025476;155635449;A01;3;7;0;2;3;15;1;
202300025476;155635450;B01;3;30;0;2;1;17;1;
202300025477;155635447;B01;2;99;0;2;3;15;1;
202300025477;155635448;A01;2;30;0;2;2;5;1;
202300025478;155635445;A01;2;33;0;2;1;17;1;
202300025478;155635446;B01;2;7;0;2;8;21;1;
202300025479;155635443;B01;2;7;0;2;4;1;1;
202300025479;155635444;A01;2;34;0;2;1;0;1;
202300025480;155635441;A01;3;7;0;2;3;17;1;
202300025480;155635442;B01;1;7;0;2;6;1;1;
202300025481;155635439;B01;1;7;0;2;3;1;1;
202300025481;155635440;A01;1;7;4;0;1;6;1;
202300025482;155635437;A01;1;7;0;2;3;13;1;
202300025482;155635438;B01;2;38;0;2;3;1;1;2.0
202300025483;155635435;B01;1;1;0;2;2;1;5;
202300025483;155635436;A01;1;10;0;2;3;1;1;
202300025484;155635429;A01;1;7;0;2;8;15;1;
202300025484;155635430;B01;1;2;0;2;1;1;1;
202300025485;155635427;A01;1;7;0;2;1;1;1;
202300025485;155635428;B01;1;50;0;2;0;0;3;
202300025486;155635425;A01;1;15;0;2;1;1;1;
202300025486;155635426;B01;1;15;0;2;4;1;1;
202300025487;155635422;A01;1;7;2;0;1;1;1;
202300025488;155635419;A01;1;10;0;2;1;1;1;
202300025488;155635420;B01;2;21;0;0;4;1;1;
202300025489;155635421;A01;2;30;0;2;1;2;1;
202300025489;155635423;B01;0;0;0;2;4;1;0;
202300025489;155635424;C01;1;7;0;2;1;1;1;
202300025490;155635416;A01;1;16;0;2;3;1;1;
202300025490;155635418;B01;2;7;0;2;8;1;1;
202300025491;155635414;B01;3;7;0;2;8;1;1;
202300025491;155635417;A01;2;7;0;2;1;1;1;
202300025492;155635409;A01;1;33;0;2;1;21;1;
202300025492;155635411;C01;1;33;13;0;3;21;1;
202300025492;155635412;B01;1;7;0;2;1;1;1;
202300025493;155635407;A01;0;33;0;2;3;26;1;
202300025493;155635408;B01;0;7;0;2;2;26;2;
202300025494;155635405;A01;1;7;8;0;1;15;1;
202300025495;155635404;A01;1;7;13;0;1;1;1;
202300025496;155635406;A01;1;7;0;2;1;19;1;
202300025496;155635410;B01;2;50;0;2;3;1;3;
202300025497;155635403;A01;2;2;16;0;8;15;1;
202300025498;155635401;A01;1;33;12;0;1;17;1;
202300025499;155635399;A01;2;7;0;1;3;1;1;
202300025500;155635400;A01;2;7;0;2;2;0;1;
202300025500;155635402;B01;2;7;0;2;1;0;1;
202300025501;155635397;A01;2;7;0;2;1;1;1;
202300025501;155635398;B01;1;33;0;2;1;13;1;
202300025502;155635395;A01;2;7;0;0;9;15;1;
202300025503;155635394;A01;1;1;0;0;1;1;5;
202300025504;155635391;A01;2;7;0;2;4;13;1;
202300025504;155635392;B01;1;7;0;2;1;1;1;
202300025505;155635390;A01;1;7;0;1;3;15;1;
202300025506;155635389;A01;1;7;6;0;1;0;1;
202300025507;155635388;A01;1;7;0;2;1;1;1;
202300025507;155635393;B01;1;7;0;2;5;1;1;
202300025508;155635386;A01;1;33;16;2;1;17;1;
202300025508;155635387;B01;1;7;0;0;6;19;1;
202300025509;155635385;A01;2;32;16;0;8;13;1;
202300025510;155635382;A01;1;7;0;9;2;2;0;
202300025510;155635384;B01;1;1;0;2;6;2;5;
202300025511;155635383;A01;2;30;12;0;1;9;0;
202300025512;155635379;B01;2;15;0;2;1;21;1;
202300025512;155635381;A01;1;7;0;2;1;11;1;
202300025513;155635378;A01;1;30;0;2;0;13;1;
202300025513;155635380;B01;1;10;0;2;0;0;1;
202300025514;155635377;A01;1;7;13;0;1;1;1;
202300025515;155635376;A01;3;7;15;0;1;1;1;
202300025516;155635373;A01;2;7;6;0;1;1;1;
202300025517;155635374;B01;1;7;12;2;6;15;1;
202300025517;155635375;A01;1;14;0;2;2;13;1;
202300025518;155635372;A01;2;33;7;0;0;1;1;
202300025519;155635370;B01;2;7;0;2;8;15;1;
202300025519;155635371;A01;2;33;0;2;7;1;1;
202300025520;155635368;A01;2;10;0;2;3;1;1;
202300025520;155635369;B01;1;10;0;2;8;1;1;
202300025521;155635367;A01;1;33;13;0;1;1;1;
202300025522;155635364;A01;1;31;0;0;8;1;1;
202300025523;155635365;B01;1;50;0;2;1;1;3;
202300025523;155635366;A01;1;7;0;9;3;1;1;
202300025524;155635359;C01;2;1;0;2;1;1;5;
202300025524;155635361;A01;1;7;0;2;3;1;1;
202300025524;155635363;B01;2;1;0;2;1;1;5;
202300025525;155635360;A01;-1;7;0;2;4;-1;-1;
202300025525;155635362;B01;-1;7;0;0;4;-1;-1;
202300025526;155635355;B01;3;7;0;2;1;1;1;
202300025526;155635358;A01;3;10;0;1;1;26;1;
202300025527;155635356;B01;1;10;0;2;1;26;1;
202300025527;155635357;A01;1;7;0;2;4;26;1;
202300025528;155635352;B01;2;2;0;2;1;1;1;
202300025528;155635354;A01;1;7;0;2;7;19;1;
202300025529;155635351;A01;0;7;0;9;6;15;1;
202300025529;155635353;B01;3;99;0;2;1;17;3;
202300025530;155635350;A01;0;10;3;0;2;1;1;
202300025531;155635348;B01;3;33;0;2;2;17;1;
202300025531;155635349;A01;3;7;0;2;3;15;1;
202300025532;155635346;A01;1;10;0;1;1;1;1;
202300025533;155635345;A01;3;7;8;2;7;19;1;
202300025533;155635347;B01;0;7;0;2;1;1;1;
202300025534;155635343;A01;1;7;0;2;1;2;1;
202300025534;155635344;B01;1;7;0;0;4;2;1;
202300025535;155635339;A01;2;7;0;2;1;1;1;
202300025535;155635340;B01;1;33;3;2;1;13;1;
202300025536;155635337;C01;2;7;0;2;4;23;1;
202300025536;155635338;B01;2;7;0;2;4;23;1;
202300025536;155635341;A01;2;17;0;2;3;1;1;
202300025536;155635342;D01;2;7;0;2;4;23;1;
202300025537;155635336;A01;3;3;0;0;1;0;1;
202300025538;155635334;A01;2;33;11;0;7;1;1;
202300025539;155635335;A01;1;7;0;1;2;1;1;
202300025540;155635330;A01;2;7;0;2;1;9;1;
202300025540;155635333;B01;2;33;0;2;2;1;1;
202300025541;155635331;A01;1;7;0;2;1;1;1;
202300025541;155635332;B01;1;7;0;2;4;1;1;
202300025542;155635329;A01;2;10;8;0;1;1;1;
202300025543;155635327;A01;2;7;0;2;0;9;1;
202300025543;155635328;B01;2;1;0;2;0;1;5;
202300025544;155635326;A01;1;7;16;0;1;2;1;
202300025545;155635322;B01;2;99;0;2;1;0;1;
202300025545;155635323;A01;1;7;0;2;1;1;1;
202300025546;155635324;B01;-1;31;0;2;8;1;0;
202300025546;155635325;A01;-1;7;0;2;1;15;1;
202300025547;155635321;A01;2;7;2;0;1;1;1;
202300025548;155635319;A01;1;7;2;0;1;14;1;
202300025549;155635317;A01;1;33;0;0;8;2;1;
202300025550;155635316;A01;2;33;8;0;0;0;1;
202300025551;155635318;B01;0;1;1;2;7;19;5;
202300025551;155635320;A01;0;7;0;2;2;19;1;
202300025552;155635315;A01;1;33;0;0;1;1;1;
202300025553;155635312;A01;1;10;0;0;9;1;1;
202300025554;155635313;A01;3;7;0;0;2;1;1;
202300025554;155635314;B01;3;50;0;0;1;1;3;
202300025555;155635310;A01;2;7;2;0;1;0;1;
202300025556;155635308;A01;1;7;0;1;2;14;0;
202300025557;155635307;A01;1;7;0;2;1;1;1;
202300025557;155635309;B01;1;7;0;2;2;1;1;
202300025558;155635304;A01;1;7;0;2;3;9;1;
202300025558;155635306;B01;1;1;0;2;7;2;5;
202300025559;155635303;B01;1;2;0;2;7;1;1;
202300025559;155635305;A01;1;7;0;2;8;26;1;
202300025560;155635300;A01;1;7;0;2;3;5;1;
202300025560;155635302;B01;2;7;0;2;3;5;1;
202300025561;155635299;B01;2;7;0;2;5;2;1;
202300025561;155635301;A01;1;7;0;2;1;1;1;
202300025562;155635296;B01;2;33;0;2;8;1;1;
202300025562;155635297;A01;2;7;0;2;2;1;1;
202300025563;155635294;B01;1;10;0;2;3;1;1;
202300025563;155635295;C01;2;33;0;0;4;1;1;
202300025563;155635298;A01;2;33;0;2;3;13;1;
202300025564;155635292;B01;1;7;0;2;1;1;1;
202300025564;155635293;A01;2;7;0;2;5;15;1;
202300025565;155635291;A01;1;7;13;0;0;13;1;
202300025566;155635289;A01;1;7;0;2;8;9;3;
202300025566;155635290;B01;2;1;0;2;1;1;5;
202300025567;155635287;A01;1;7;0;2;1;1;1;
202300025567;155635288;B01;2;7;0;2;1;1;1;
202300025568;155635285;A01;1;34;0;2;2;1;1;
202300025568;155635286;B01;1;7;0;2;1;16;2;
202300025569;155635283;A01;1;7;1;0;2;14;1;
202300025570;155635282;A01;0;7;0;2;1;1;1;
202300025570;155635284;B01;0;7;0;2;1;9;1;
202300025571;155635280;A01;0;33;0;2;4;12;1;
202300025571;155635281;B01;0;7;0;2;1;1;1;
202300025572;155635279;A01;2;7;6;0;2;1;1;
202300025573;155635277;A01;3;7;0;2;0;13;1;
202300025573;155635278;B01;3;30;0;2;2;17;3;
202300025574;155635275;A01;1;7;0;1;4;26;1;
202300025575;155635274;A01;1;2;0;2;1;19;1;
202300025575;155635276;B01;2;7;0;2;3;1;1;
202300025576;155635272;B01;3;2;0;2;1;1;1;
202300025576;155635273;A01;3;7;0;2;3;9;1;
202300025577;155635270;A01;3;2;0;0;8;2;1;
202300025577;155635271;B01;3;21;0;2;5;26;0;
202300025578;155635268;A01;3;30;0;2;1;1;1;
202300025578;155635269;B01;3;7;0;2;3;1;3;
202300025579;155635267;A01;1;32;14;0;0;0;0;
202300025580;155635266;A01;3;7;15;0;1;1;1;
202300025581;155635265;A01;3;7;0;1;4;4;-1;
202300025582;155635264;A01;3;33;17;0;1;1;1;
202300025583;155635261;B01;1;50;0;2;4;2;3;
202300025583;155635262;A01;1;30;0;2;1;2;0;
202300025584;155635259;A01;3;7;0;2;2;15;1;
202300025584;155635260;B01;3;2;0;2;8;1;1;
202300025585;155635256;A01;2;7;0;2;1;1;1;
202300025585;155635257;C01;2;7;0;2;4;1;1;
202300025585;155635258;B01;2;7;0;2;9;1;1;
202300025586;155635253;A01;1;7;13;0;9;1;1;
202300025587;155635254;A01;2;7;0;0;6;10;1;
202300025587;155635255;B01;2;33;0;0;1;1;1;
202300025588;155635249;B01;2;7;0;2;5;1;1;
202300025588;155635252;A01;1;1;0;2;1;1;5;
202300025589;155635250;A01;1;14;0;2;2;15;0;
202300025589;155635251;B01;1;10;0;2;1;1;0;
202300025590;155635246;A01;3;7;0;2;1;1;1;
202300025590;155635248;B01;0;7;0;0;4;1;1;
202300025591;155635247;A01;1;7;13;0;7;26;1;
202300025592;155635244;A01;1;34;0;0;0;0;0;
202300025592;155635245;B01;3;7;0;2;1;15;0;
202300025593;155635241;A01;1;37;0;2;3;13;6;1.0
202300025593;155635242;B01;3;7;0;2;2;0;1;
202300025594;155635240;B01;2;33;0;2;6;15;1;
202300025594;155635243;A01;2;33;0;2;1;1;1;
202300025595;155635238;B01;2;7;0;2;3;1;1;
202300025595;155635239;A01;2;33;0;2;1;15;1;
202300025596;155635237;A01;2;7;14;0;1;1;1;
202300025597;155635236;A01;1;30;0;0;0;1;1;
202300025598;155635234;A01;2;7;9;1;2;1;1;
202300025599;155635231;A01;1;33;0;2;1;1;1;
202300025599;155635233;B01;0;7;0;2;3;16;1;
202300025600;155635232;B01;1;7;0;2;8;1;1;
202300025600;155635235;A01;1;7;0;2;7;17;1;
202300025601;155635229;A01;1;7;0;2;3;11;1;
202300025601;155635230;B01;1;33;0;2;1;3;1;
202300025602;155635225;A01;2;43;0;2;1;3;1;
202300025602;155635226;B01;2;7;0;2;5;1;1;
202300025603;155635227;A01;3;7;0;2;6;1;1;
202300025603;155635228;B01;3;2;0;2;1;1;1;
202300025604;155635223;A01;2;43;0;2;1;3;1;
202300025604;155635224;B01;2;33;0;2;4;11;1;
202300025605;155635221;B01;2;7;0;2;6;1;1;
202300025605;155635222;A01;2;14;0;2;2;12;1;
202300025606;155635217;A01;2;1;0;2;7;15;5;
202300025606;155635218;B01;1;50;0;2;1;1;3;
202300025607;155635219;A01;0;7;0;0;4;23;1;
202300025607;155635220;B01;0;7;0;2;1;0;1;
202300025608;155635215;B01;1;7;0;2;3;1;1;
202300025608;155635216;A01;2;30;0;2;7;17;3;
202300025609;155635214;A01;2;7;0;0;-1;1;1;
202300025610;155635213;Z01;1;7;0;1;0;1;1;