Num_Acc;id_vehicule;num_veh;senc;catv;obs;obsm;choc;manv;motor;occutc
202300025611;155635212;A01;2;7;13;0;1;0;0;
202300025612;155635210;A01;2;43;0;2;2;5;1;
202300025612;155635211;B01;2;7;0;2;3;15;1;
202300025613;155635206;A01;1;7;0;2;2;16;1;
202300025613;155635208;B01;1;7;0;2;1;1;1;
202300025614;155635205;C01;2;7;0;2;1;1;1;
202300025614;155635207;A01;2;7;0;2;4;23;2;
202300025614;155635209;B01;2;7;0;2;4;23;1;
202300025615;155635202;A01;2;1;0;2;8;15;5;
202300025615;155635204;Z01;2;1;0;2;7;14;5;
202300025616;155635200;C01;1;7;0;0;1;1;1;
202300025616;155635201;A01;2;7;0;0;1;2;1;
202300025616;155635203;B01;2;7;0;0;4;15;1;
202300025617;155635198;A01;1;7;0;2;3;15;1;
202300025617;155635199;B01;2;1;0;2;1;1;5;
202300025618;155635195;C01;1;1;0;0;4;23;5;
202300025618;155635196;A01;1;7;0;2;1;1;2;
202300025618;155635197;B01;1;30;0;2;4;1;3;
202300025619;155635193;B01;1;10;0;2;2;2;1;
202300025619;155635194;A01;1;7;4;0;6;1;1;
202300025620;155635191;A01;2;30;0;2;0;21;1;
202300025620;155635192;B01;1;7;0;2;0;10;1;
202300025621;155635190;A01;2;33;3;0;8;0;1;
202300025622;155635189;A01;1;10;0;1;2;16;1;
202300025623;155635187;A01;1;7;0;2;1;1;1;
202300025623;155635188;B01;1;7;3;2;4;1;1;
202300025624;155635185;A01;1;7;0;2;3;15;2;
202300025624;155635186;B01;1;50;0;2;2;1;3;
202300025625;155635183;A01;2;7;0;1;1;1;1;
202300025626;155635184;B01;1;10;0;1;5;13;1;
202300025627;155635181;B01;1;7;0;2;8;9;0;
202300025627;155635182;A01;2;1;0;2;1;5;5;
202300025628;155635177;A01;2;7;0;2;7;16;1;
202300025628;155635179;B01;2;43;0;2;8;1;1;
202300025629;155635178;A01;1;7;0;2;2;16;1;
202300025629;155635180;B01;1;2;0;2;3;18;1;
202300025630;155635174;B01;2;32;0;0;0;0;1;
202300025630;155635176;A01;2;7;0;2;0;0;1;
202300025631;155635175;A01;2;7;3;0;2;1;1;
202300025632;155635173;A01;3;7;15;0;1;26;1;
202300025633;155635172;A01;2;7;4;0;3;2;1;
202300025634;155635170;A01;1;30;0;2;1;1;1;
202300025634;155635171;B01;1;7;0;2;4;15;1;
202300025635;155635167;B01;0;7;0;2;1;1;1;
202300025635;155635168;A01;0;7;0;2;7;15;1;
202300025636;155635164;A01;3;7;0;0;0;0;1;
202300025636;155635165;B01;3;50;0;2;8;1;3;
202300025637;155635163;A01;3;7;0;2;6;10;1;
202300025637;155635166;B01;3;33;0;2;1;9;1;
202300025638;155635161;B01;0;7;0;2;3;1;1;
202300025638;155635162;A01;0;7;0;2;1;13;1;
202300025639;155635159;A01;2;34;0;2;1;5;1;
202300025639;155635160;B01;1;34;0;2;1;1;1;
202300025640;155635157;A01;2;7;0;2;1;2;1;
202300025640;155635158;B01;2;7;0;0;4;2;1;
202300025641;155635155;A01;2;7;0;2;1;19;1;
202300025641;155635156;B01;2;7;1;2;6;1;1;
202300025642;155635154;A01;1;33;0;1;1;1;1;
202300025643;155635151;B01;1;7;0;2;1;1;1;
202300025643;155635152;A01;2;30;0;2;2;15;1;
202300025644;155635149;A01;3;1;0;1;1;1;5;
202300025645;155635147;B01;2;33;0;0;4;23;1;
202300025645;155635148;A01;2;14;0;2;1;16;1;
202300025646;155635150;A01;1;7;0;2;1;2;1;
202300025646;155635153;B01;1;33;0;2;4;2;1;
202300025647;155635146;Z01;3;1;0;1;0;0;0;
202300025648;155635145;A01;2;33;0;0;8;1;1;
202300025649;155635142;A01;1;34;0;2;3;13;1;
202300025649;155635144;B01;1;80;0;2;3;1;3;
202300025650;155635141;Z01;2;7;0;0;0;0;0;
202300025651;155635140;A01;2;7;0;2;8;15;1;
202300025651;155635143;B01;2;31;0;2;1;17;1;
202300025652;155635139;A01;2;7;0;1;1;1;1;
202300025653;155635138;A01;3;7;6;0;1;1;1;
202300025654;155635135;A01;1;32;0;2;1;1;0;
202300025654;155635137;B01;0;7;0;2;3;15;1;
202300025655;155635134;A01;1;7;0;2;3;10;1;
202300025655;155635136;B01;1;2;0;2;9;2;1;
202300025656;155635133;A01;1;10;0;1;2;1;1;
202300025657;155635130;A01;2;33;0;0;0;0;1;
202300025658;155635128;A01;2;7;0;2;3;9;1;
202300025658;155635132;B01;3;1;0;2;7;1;5;
202300025659;155635127;A01;2;7;0;2;1;13;1;
202300025659;155635129;C01;1;7;0;2;1;1;1;
202300025659;155635131;B01;1;7;0;2;9;0;1;
202300025660;155635124;A01;2;7;0;1;2;1;1;
202300025661;155635123;B01;1;7;0;2;0;1;1;
202300025661;155635126;A01;2;30;0;2;0;21;3;
202300025662;155635121;A01;2;7;0;2;1;1;1;
202300025662;155635122;B01;1;7;0;2;1;17;1;
202300025662;155635125;C01;2;7;0;2;5;1;1;
202300025663;155635120;A01;2;7;2;0;1;14;0;
202300025664;155635119;A01;2;7;0;1;1;1;1;
202300025665;155635115;A01;2;33;0;2;7;17;1;
202300025665;155635118;B01;2;10;0;2;8;15;1;
202300025666;155635114;B01;2;7;0;2;3;21;1;
202300025666;155635117;A01;1;7;0;2;3;16;1;
202300025667;155635113;A01;2;7;0;0;8;1;1;
202300025667;155635116;B01;1;7;0;0;1;1;1;
202300025668;155635111;A01;3;7;2;0;1;17;1;
202300025669;155635110;A01;2;33;12;0;1;1;1;
202300025670;155635109;A01;1;33;0;2;1;17;1;
202300025670;155635112;B01;1;7;0;0;6;15;1;
202300025671;155635106;A01;2;7;0;2;1;1;1;
202300025671;155635108;B01;3;7;0;2;3;16;1;
202300025672;155635104;A01;2;7;0;2;5;15;1;
202300025672;155635107;B01;1;2;0;2;1;1;1;
202300025673;155635101;B01;0;7;0;9;1;1;1;
202300025673;155635103;A01;0;50;0;2;1;16;3;
202300025674;155635099;A01;1;7;0;2;5;17;1;
202300025674;155635102;B01;1;7;12;2;3;2;1;
202300025675;155635098;A01;1;7;0;2;1;13;1;
202300025675;155635100;B01;2;7;0;2;1;1;1;
202300025676;155635096;A01;3;33;0;1;7;1;1;
202300025677;155635094;B01;2;7;0;2;0;1;1;
202300025677;155635097;A01;0;7;0;2;2;1;1;
202300025678;155635092;A01;1;1;0;2;3;19;5;
202300025678;155635095;B01;2;15;0;2;1;1;1;
202300025679;155635091;A01;2;7;0;2;3;13;1;
202300025679;155635093;B01;1;7;8;2;3;0;1;
202300025680;155635088;A01;1;7;0;2;1;1;1;
202300025680;155635090;B01;2;7;0;2;6;1;3;
202300025681;155635086;A01;1;7;0;2;3;1;1;
202300025681;155635089;B01;2;7;0;2;3;1;1;
202300025682;155635087;A01;2;7;2;0;1;1;1;
202300025683;155635083;A01;2;7;12;2;8;1;0;
202300025683;155635085;B01;1;7;0;2;8;5;0;
202300025684;155635084;A01;1;37;0;1;2;9;6;1.0
202300025685;155635080;A01;2;17;13;0;0;1;1;
202300025686;155635081;A01;3;33;0;2;1;1;1;
202300025686;155635082;B01;3;7;0;2;3;15;1;
202300025687;155635074;C01;1;7;0;2;4;2;1;
202300025687;155635078;B01;1;7;0;2;4;2;1;
202300025687;155635079;A01;1;7;0;2;1;2;1;
202300025688;155635073;B01;1;7;0;2;4;23;1;
202300025688;155635075;A01;1;10;0;2;8;15;1;
202300025688;155635077;C01;1;7;0;2;1;1;1;
202300025689;155635072;A01;1;7;0;2;1;15;1;
202300025689;155635076;B01;2;2;0;2;1;1;1;
202300025690;155635071;A01;3;33;14;0;1;0;1;
202300025691;155635070;A01;1;7;2;0;1;13;1;
202300025692;155635069;A01;1;7;8;0;8;13;1;
202300025693;155635067;A01;2;7;13;0;2;14;1;
202300025694;155635065;A01;1;7;0;2;1;15;1;
202300025694;155635068;B01;1;50;0;2;8;19;3;
202300025695;155635064;A01;1;7;14;0;6;0;1;
202300025695;155635066;B01;1;7;1;0;2;1;1;
202300025696;155635061;B01;1;7;0;2;3;15;1;
202300025696;155635063;A01;1;33;0;2;8;17;1;
202300025697;155635058;D01;1;7;0;2;1;1;0;
202300025697;155635059;A01;1;7;0;0;4;23;0;
202300025697;155635060;B01;1;7;0;2;4;23;0;
202300025697;155635062;C01;1;7;0;2;4;1;0;
202300025698;155635055;A01;1;7;0;2;1;5;1;
202300025698;155635057;B01;1;7;0;2;1;1;1;
202300025699;155635056;A01;2;7;0;1;3;26;1;
202300025700;155635052;A01;0;7;2;0;1;0;0;
202300025701;155635051;B01;2;33;0;2;8;1;1;
202300025701;155635053;A01;1;7;0;2;2;15;1;
202300025702;155635050;A01;1;7;15;2;2;5;1;
202300025702;155635054;B01;2;7;0;2;1;1;1;
202300025703;155635046;B01;0;1;0;2;1;1;5;
202300025703;155635049;A01;0;10;0;2;8;15;1;
202300025704;155635048;A01;1;33;13;0;1;1;1;
202300025705;155635044;A01;3;10;8;0;1;1;1;
202300025706;155635043;A01;1;7;0;2;1;13;1;
202300025706;155635045;B01;2;10;0;2;6;1;1;
202300025706;155635047;C01;2;7;0;2;1;1;1;
202300025707;155635041;A01;0;30;0;2;2;17;1;
202300025707;155635042;B01;1;7;0;2;8;15;1;
202300025708;155635038;B01;2;7;0;2;5;23;1;
202300025708;155635040;A01;2;31;0;2;1;1;1;
202300025709;155635035;A01;3;7;0;2;1;1;1;
202300025709;155635037;B01;3;7;0;2;4;1;1;
202300025710;155635036;A01;1;33;0;2;2;2;1;
202300025710;155635039;B01;1;7;0;0;4;2;2;
202300025711;155635032;A01;2;7;0;2;1;1;1;
202300025711;155635034;B01;2;7;0;2;4;1;1;
202300025712;155635031;A01;3;36;0;0;7;1;1;
202300025713;155635030;A01;1;7;0;2;8;10;1;
202300025713;155635033;B01;1;33;0;2;1;13;1;
202300025714;155635029;A01;1;33;0;2;2;17;1;
202300025715;155635028;A01;1;7;13;0;9;1;1;
202300025716;155635027;A01;1;7;6;0;3;13;1;
202300025717;155635018;A01;1;7;0;2;1;1;1;
202300025717;155635020;E01;1;7;0;2;4;1;2;
202300025717;155635023;C01;1;7;0;2;4;1;1;
202300025717;155635025;B01;1;7;0;2;4;1;1;
202300025717;155635026;D01;1;7;0;2;4;1;1;
202300025718;155635021;A01;2;7;0;2;2;9;1;
202300025718;155635024;B01;2;33;0;2;1;1;1;
202300025719;155635019;A01;1;2;0;2;1;1;1;
202300025719;155635022;B01;1;7;0;2;6;1;1;
202300025720;155635014;B01;1;50;0;2;8;1;3;
202300025720;155635017;A01;1;7;0;9;1;9;1;
202300025721;155635015;A01;1;7;0;2;1;5;1;
202300025721;155635016;B01;2;7;0;2;1;5;1;
202300025722;155635010;A01;2;7;2;0;1;13;1;
202300025723;155635011;A01;2;7;0;2;3;9;1;
202300025723;155635013;B01;2;33;0;2;7;1;1;
202300025724;155635009;A01;2;7;0;9;2;0;1;
202300025724;155635012;B01;2;80;0;2;8;0;5;
202300025725;155635006;A01;1;33;0;2;1;18;1;
202300025725;155635008;B01;2;7;0;2;6;15;1;
202300025726;155635005;A01;2;7;0;2;1;1;1;
202300025726;155635007;B01;2;14;0;2;3;1;1;
202300025727;155635004;A01;1;7;15;0;9;17;1;
202300025728;155635002;B01;2;7;0;2;1;1;1;
202300025728;155635003;A01;1;7;0;2;1;9;1;
202300025729;155634999;A01;2;32;0;0;0;1;1;
202300025730;155635000;B01;1;7;0;2;3;1;1;
202300025730;155635001;A01;2;7;0;2;3;13;1;
202300025731;155634998;A01;2;50;0;0;7;1;3;
202300025732;155634995;A01;2;7;0;0;3;13;1;
202300025732;155634997;B01;1;10;0;0;3;1;1;
202300025733;155634993;A01;1;13;0;2;1;1;1;
202300025733;155634994;B01;1;7;0;2;4;15;1;
202300025734;155634990;A01;1;7;0;2;3;13;1;
202300025734;155634996;B01;2;7;0;2;3;1;1;
202300025735;155634991;A01;2;7;0;2;1;19;0;
202300025735;155634992;B01;1;7;0;2;3;1;0;
202300025736;155634988;A01;3;30;0;2;4;23;0;
202300025736;155634989;B01;3;7;0;2;4;2;0;
202300025737;155634984;A01;2;7;0;2;3;10;1;
202300025737;155634987;B01;2;33;0;2;1;17;1;
202300025738;155634983;A01;1;10;0;2;2;1;1;
202300025738;155634985;B01;1;7;0;2;3;9;1;
202300025739;155634980;A01;2;7;0;2;8;13;1;
202300025739;155634982;B01;2;43;0;2;7;17;0;
202300025740;155634979;A01;2;7;0;0;4;1;1;
202300025740;155634981;B01;2;2;0;2;1;2;1;
202300025741;155634977;A01;0;7;12;0;1;1;1;
202300025741;155634978;B01;0;7;0;2;1;1;1;
202300025742;155634973;A01;1;33;0;2;1;17;1;
202300025742;155634975;B01;1;7;0;2;8;15;1;
202300025743;155634971;B01;2;7;0;2;4;2;1;
202300025743;155634972;A01;2;10;0;2;1;1;1;
202300025744;155634974;B01;1;7;3;2;1;1;1;
202300025744;155634976;A01;3;7;3;2;8;1;1;
202300025745;155634969;A01;2;7;0;2;4;26;1;
202300025746;155634967;A01;2;7;4;2;3;26;1;
202300025746;155634970;B01;1;7;0;2;1;1;1;
202300025747;155634965;B01;1;10;0;2;2;2;1;
202300025747;155634968;A01;1;14;0;0;6;9;1;
202300025748;155634963;A01;1;7;0;2;1;2;1;
202300025748;155634966;B01;1;15;0;2;4;23;1;
202300025749;155634962;A01;3;7;0;0;3;1;0;
202300025749;155634964;B01;3;7;0;0;1;1;0;
202300025750;155634960;A01;1;7;0;2;1;1;1;
202300025750;155634961;B01;1;2;0;2;1;11;1;
202300025751;155634958;A01;1;33;13;0;7;0;1;
202300025752;155634957;B01;1;50;0;2;1;1;3;
202300025752;155634959;A01;1;7;0;2;3;15;1;
202300025753;155634953;A01;2;7;0;2;2;2;1;
202300025753;155634956;B01;2;14;0;0;6;2;1;
202300025754;155634952;B01;1;2;0;2;7;1;1;
202300025754;155634954;A01;3;7;0;2;1;19;1;
202300025755;155634950;A01;0;7;13;0;3;1;1;
202300025756;155634951;A01;1;7;0;2;2;13;1;
202300025756;155634955;B01;2;7;0;2;2;1;1;
202300025757;155634947;A01;1;33;0;2;1;2;1;
202300025757;155634948;B01;1;7;0;2;4;2;1;
202300025758;155634944;A01;2;7;0;2;1;5;1;
202300025758;155634946;B01;1;10;0;2;1;14;1;
202300025759;155634945;B01;0;7;0;2;2;11;1;
202300025759;155634949;A01;0;7;0;2;3;12;1;
202300025760;155634941;B01;3;50;0;2;1;1;3;
202300025760;155634943;A01;3;7;0;2;5;16;1;
202300025761;155634942;A01;3;10;0;0;0;1;1;
202300025762;155634939;A01;0;7;0;1;1;2;1;
202300025763;155634936;A01;1;34;0;1;1;1;1;
202300025764;155634938;B01;0;7;0;2;3;0;0;
202300025764;155634940;A01;0;7;0;2;2;1;1;
202300025765;155634935;A01;3;50;0;2;7;2;3;
202300025765;155634937;B01;3;7;0;9;3;9;1;
202300025766;155634931;A01;2;7;4;0;1;17;1;
202300025767;155634928;B01;1;7;0;2;3;0;1;
202300025767;155634933;A01;1;7;0;2;1;1;1;
202300025768;155634929;B01;2;2;0;2;1;1;1;
202300025768;155634930;A01;1;7;0;2;3;19;1;
202300025769;155634925;B01;2;7;0;2;6;23;1;
202300025769;155634927;A01;2;1;1;0;1;21;5;
202300025770;155634923;A01;2;7;0;4;1;21;1;
202300025770;155634926;B01;2;39;0;2;3;1;3;
202300025771;155634919;A01;2;7;0;1;3;10;1;
202300025772;155634920;A01;2;33;0;2;1;3;1;
202300025772;155634921;B01;2;10;0;2;6;2;1;
202300025773;155634918;A01;1;7;4;0;3;13;0;
202300025774;155634914;A01;2;7;0;2;1;15;1;
202300025774;155634916;B01;1;50;0;2;1;13;3;
202300025775;155634913;A01;1;7;8;0;9;0;0;
202300025776;155634915;A01;1;7;0;9;1;1;1;
202300025776;155634917;B01;3;1;0;2;1;1;5;
202300025777;155634912;A01;2;7;0;1;1;1;1;
202300025778;155634910;A01;1;7;1;1;3;1;1;
202300025779;155634908;A01;1;2;0;0;9;1;1;
202300025780;155634906;A01;2;33;0;2;1;0;1;
202300025780;155634909;B01;2;7;0;2;3;10;1;
202300025781;155634904;A01;3;7;0;1;1;1;1;
202300025782;155634905;B01;3;7;0;2;3;9;1;
202300025782;155634911;A01;3;30;0;2;7;0;1;
202300025783;155634903;A01;0;7;0;2;2;15;1;
202300025783;155634907;B01;0;7;11;2;2;1;1;
202300025784;155634901;A01;2;7;2;0;2;1;1;
202300025785;155634900;B01;3;7;0;2;1;9;1;
202300025785;155634902;A01;3;7;0;2;6;1;3;
202300025786;155634898;A01;1;10;0;1;1;1;1;
202300025787;155634897;A01;1;7;0;2;8;2;1;
202300025787;155634899;B01;2;7;0;2;1;2;1;
202300025788;155634895;A01;1;7;0;0;9;14;0;
202300025789;155634892;A01;2;7;13;0;2;1;1;
202300025790;155634891;A01;1;2;0;2;1;9;1;
202300025790;155634893;B01;2;10;0;2;3;15;1;
202300025791;155634889;A01;1;30;0;2;7;1;1;
202300025792;155634888;A01;2;10;1;0;2;1;1;
202300025792;155634890;B01;0;10;0;2;0;24;1;
202300025793;155634881;A01;3;7;3;2;1;9;1;
202300025793;155634887;B01;3;7;0;2;7;2;1;
202300025794;155634879;A01;1;7;0;2;1;1;1;
202300025794;155634882;B01;2;7;0;2;5;2;1;
202300025794;155634885;C01;2;33;0;2;0;2;1;
202300025795;155634878;A01;1;31;0;2;3;3;1;
202300025795;155634884;C01;1;10;0;2;4;1;1;
202300025795;155634886;B01;1;7;0;2;5;12;1;
202300025796;155634877;A01;1;7;0;2;6;11;2;
202300025796;155634883;B01;1;7;0;2;2;1;1;
202300025797;155634875;A01;2;7;0;2;3;17;1;
202300025797;155634876;B01;1;7;0;2;3;20;2;
202300025797;155634880;C01;2;7;0;2;1;1;1;
202300025798;155634868;B01;3;2;0;2;1;1;1;
202300025798;155634874;A01;3;7;0;2;3;13;1;
202300025799;155634869;A01;3;33;0;2;1;21;1;
202300025799;155634872;B01;3;7;0;2;5;2;1;
202300025800;155634867;A01;2;7;0;2;3;13;1;
202300025800;155634871;B01;1;33;0;2;3;26;1;
202300025801;155634864;A01;2;99;0;2;1;2;1;
202300025801;155634866;C01;2;7;1;0;4;23;1;
202300025801;155634870;D01;1;7;0;0;1;1;1;
202300025801;155634873;B01;2;7;0;0;5;23;1;
202300025802;155634859;A01;2;7;0;2;2;16;1;
202300025802;155634863;B01;2;99;0;2;1;0;3;
202300025803;155634861;A01;1;7;2;0;1;1;0;
202300025804;155634857;B01;2;7;0;2;4;2;3;
202300025804;155634860;A01;2;7;0;2;1;2;1;
202300025805;155634858;C01;1;10;0;2;3;23;1;
202300025805;155634862;B01;1;7;0;2;3;1;1;
202300025805;155634865;A01;1;10;0;2;1;15;1;
202300025806;155634856;A01;1;31;0;1;1;2;1;
202300025807;155634854;A01;2;7;0;2;3;1;1;
202300025807;155634855;B01;1;7;5;2;3;1;1;
202300025808;155634850;A01;1;7;0;2;1;2;1;
202300025808;155634851;B01;1;7;0;2;4;2;1;
202300025809;155634848;B01;1;33;0;2;1;2;1;
202300025809;155634853;A01;1;10;0;0;5;13;1;
202300025810;155634847;A01;3;43;0;2;0;0;0;
202300025810;155634852;B01;3;7;0;2;3;0;1;
202300025811;155634846;A01;1;36;0;0;0;1;1;
202300025812;155634843;B01;3;7;0;2;6;15;1;
202300025812;155634845;A01;3;7;0;2;0;15;1;
202300025813;155634841;A01;2;7;0;2;8;6;1;
202300025813;155634844;B01;3;1;0;2;0;0;5;
202300025814;155634842;A01;2;7;0;1;7;1;1;
202300025815;155634840;A01;2;33;13;0;0;1;1;
202300025816;155634837;A01;1;7;0;2;3;9;1;
202300025816;155634839;B01;2;7;0;2;1;1;1;
202300025817;155634833;A01;2;7;2;0;3;14;1;
202300025818;155634835;A01;3;7;6;2;1;1;1;
202300025819;155634831;B01;1;1;0;2;7;19;5;
202300025819;155634832;A01;1;7;0;2;1;1;1;
202300025820;155634830;A01;0;33;0;0;0;15;1;
202300025821;155634829;A01;2;7;0;1;3;1;1;
202300025822;155634827;A01;1;32;0;0;2;1;1;
202300025823;155634825;B01;3;7;0;2;8;0;1;
202300025823;155634828;A01;1;2;0;2;1;26;1;
202300025824;155634823;A01;2;15;0;0;7;15;1;
202300025825;155634822;A01;3;32;4;0;2;14;1;
202300025826;155634820;A01;1;7;0;1;1;2;0;
202300025827;155634819;B01;1;7;0;2;6;2;1;
202300025827;155634821;A01;1;7;0;2;2;2;1;
202300025828;155634817;A01;1;7;4;0;1;1;1;
202300025829;155634814;B01;2;7;0;2;4;2;0;
202300025829;155634816;C01;2;7;0;2;4;2;0;
202300025829;155634818;A01;2;7;0;2;1;2;0;
202300025830;155634811;A01;0;1;2;0;1;1;5;
202300025831;155634810;A01;1;7;6;1;1;26;1;
202300025832;155634808;A01;3;7;0;2;1;13;1;
202300025832;155634812;B01;3;7;0;2;1;1;1;
202300025832;155634815;C01;3;7;0;2;3;24;1;
202300025833;155634809;A01;2;7;0;2;3;13;1;
202300025833;155634813;B01;2;30;0;2;2;1;1;
202300025834;155634802;B01;1;7;0;2;4;1;2;
202300025834;155634805;A01;1;7;0;2;1;1;1;
202300025834;155634807;C01;1;10;0;2;4;1;1;
202300025835;155634804;A01;2;7;0;2;5;15;1;
202300025835;155634806;B01;1;2;0;2;1;1;1;
202300025836;155634798;B01;0;1;0;2;1;1;5;
202300025836;155634801;A01;0;7;0;2;7;15;1;
202300025837;155634800;A01;3;7;0;2;1;1;1;
202300025837;155634803;B01;3;7;0;2;8;15;1;
202300025838;155634799;A01;3;7;9;1;1;15;1;
202300025839;155634795;A01;0;7;1;1;1;0;1;
202300025840;155634791;B01;2;1;0;2;1;5;5;
202300025840;155634796;A01;1;7;0;0;3;1;1;
202300025841;155634790;A01;2;10;0;2;1;2;1;
202300025841;155634794;C01;2;7;0;2;4;2;1;
202300025841;155634797;B01;2;10;0;2;1;2;1;
202300025842;155634789;A01;2;7;0;2;2;10;1;
202300025842;155634792;B01;1;32;0;2;3;1;1;
202300025843;155634788;B01;1;7;0;2;4;15;1;
202300025843;155634793;A01;1;20;0;2;1;15;1;
202300025844;155634786;A01;2;7;0;2;1;1;1;
202300025844;155634787;B01;2;7;0;2;4;1;1;
202300025845;155634784;A01;1;34;0;9;1;2;1;
202300025846;155634778;A01;2;7;0;1;2;1;1;
202300025847;155634776;A01;1;7;8;2;5;15;1;
202300025847;155634780;B01;2;7;0;0;2;1;1;
202300025847;155634783;D01;1;80;0;0;3;23;3;
202300025847;155634785;C01;1;80;0;0;6;26;3;
202300025848;155634775;B01;1;42;0;2;1;1;1;
202300025848;155634777;C01;1;7;0;2;4;1;1;
202300025848;155634781;A01;1;33;0;2;1;1;1;
202300025849;155634774;A01;3;7;0;1;1;19;1;
202300025850;155634773;A01;3;7;4;0;3;1;1;
202300025851;155634772;A01;1;7;6;0;1;1;1;
202300025852;155634771;A01;2;7;2;0;7;1;1;
202300025853;155634779;B01;1;7;0;2;2;17;2;
202300025853;155634782;A01;1;7;0;2;8;15;1;
202300025854;155634769;A01;1;10;2;0;3;1;1;
202300025855;155634768;B01;0;7;0;2;5;1;1;
202300025855;155634770;A01;0;7;0;2;3;9;1;
202300025856;155634765;B01;2;7;0;2;4;2;1;
202300025856;155634767;A01;2;10;0;2;1;2;1;
202300025857;155634760;B01;0;17;0;2;8;15;1;
202300025857;155634766;A01;3;7;0;2;1;1;1;
202300025858;155634758;A01;2;30;0;2;2;5;1;
202300025858;155634764;B01;1;7;0;2;2;15;1;
202300025859;155634756;A01;2;7;9;0;2;14;1;
202300025860;155634755;B01;2;7;0;2;3;1;1;
202300025860;155634762;A01;2;37;0;2;2;1;1;1.0
202300025861;155634752;A01;1;7;0;2;1;2;1;
202300025861;155634753;B01;1;7;0;2;4;2;1;
202300025861;155634757;C01;1;7;0;2;4;2;1;
202300025861;155634759;D01;1;7;0;2;4;2;1;
202300025862;155634751;A01;1;7;0;2;3;19;1;
202300025862;155634754;B01;3;7;0;2;1;1;1;
202300025863;155634750;A01;2;7;14;0;2;14;1;
202300025864;155634747;A01;2;7;0;2;1;1;1;
202300025864;155634749;B01;2;7;0;2;4;1;1;
202300025865;155634745;A01;1;7;0;2;2;1;1;
202300025865;155634748;B01;2;30;0;2;3;1;1;
202300025866;155634743;A01;1;7;0;1;8;1;1;
202300025867;155634741;A01;2;7;0;1;2;1;1;
202300025868;155634742;C01;1;7;0;2;2;0;1;
202300025868;155634744;B01;1;33;1;0;1;0;1;
202300025868;155634746;A01;1;7;0;2;6;23;1;
202300025869;155634739;B01;3;7;0;0;8;15;1;
202300025869;155634740;A01;3;7;0;2;1;1;1;
202300025870;155634735;A01;3;7;0;1;4;20;0;
202300025871;155634734;A01;1;31;0;2;1;1;1;
202300025871;155634736;B01;1;10;0;2;4;1;1;
202300025872;155634738;Z01;1;7;0;1;1;1;0;
202300025873;155634732;B01;2;7;0;2;5;15;1;
202300025873;155634737;A01;1;33;0;2;1;1;1;
202300025874;155634731;B01;1;33;0;2;1;2;0;
202300025874;155634733;A01;1;7;0;2;5;2;0;
202300025875;155634724;C01;3;7;0;2;4;2;1;
202300025875;155634728;A01;3;7;0;2;5;2;1;
202300025875;155634730;B01;3;7;0;2;3;2;1;
202300025876;155634720;A01;1;7;0;2;1;15;1;
202300025876;155634726;B01;2;33;0;2;8;1;1;
202300025877;155634719;B01;1;50;0;2;7;1;3;
202300025877;155634723;A01;0;7;0;2;1;16;1;
202300025878;155634722;A01;2;32;0;2;1;1;1;
202300025878;155634727;B01;3;7;0;2;7;15;1;
202300025879;155634717;E01;1;7;0;2;1;0;1;
202300025879;155634718;A01;1;7;0;2;1;1;1;
202300025879;155634721;B01;1;7;0;2;4;2;1;
202300025879;155634725;C01;1;33;0;2;1;3;1;
202300025879;155634729;D01;1;7;0;2;4;2;1;
202300025880;155634715;A01;1;7;0;1;1;1;1;
202300025881;155634713;A01;0;7;0;2;1;1;1;
202300025881;155634716;B01;2;30;0;2;3;1;1;
202300025882;155634714;A01;3;7;0;1;3;1;1;
202300025883;155634710;B01;2;2;0;2;2;1;3;
202300025883;155634712;A01;1;7;0;2;7;15;1;
202300025884;155634708;A01;1;7;0;2;1;2;1;
202300025884;155634711;B01;1;10;0;2;4;2;1;
202300025885;155634707;A01;0;30;1;0;2;2;1;
202300025886;155634706;A01;2;7;0;9;7;17;1;
202300025886;155634709;B01;2;80;0;2;8;26;3;
202300025887;155634705;A01;1;7;0;1;3;16;1;
202300025888;155634702;A01;2;31;0;2;1;17;1;
202300025888;155634704;B01;2;7;0;2;8;10;1;
202300025889;155634700;A01;1;7;6;0;1;14;1;
202300025890;155634698;B01;1;7;0;2;6;1;1;
202300025890;155634703;A01;1;31;0;2;1;2;1;
202300025891;155634697;B01;3;3;0;2;3;1;1;
202300025891;155634699;A01;3;7;0;2;3;13;1;
202300025892;155634691;A01;1;7;1;0;2;1;1;
202300025893;155634690;A01;1;7;0;2;1;1;1;
202300025893;155634694;B01;1;7;13;0;3;11;1;
202300025894;155634689;A01;1;10;0;2;1;1;1;
202300025894;155634695;B01;-1;1;0;2;4;1;5;
202300025895;155634688;A01;1;10;0;2;3;13;1;
202300025895;155634692;B01;2;7;0;2;3;1;1;
202300025896;155634687;A01;2;7;0;2;4;2;1;
202300025896;155634693;B01;2;7;0;2;4;2;1;
202300025896;155634696;C01;2;10;0;2;4;2;1;
202300025896;155634701;D01;2;7;0;2;1;2;1;
202300025897;155634686;A01;3;7;0;1;1;1;1;
202300025898;155634685;A01;1;10;2;0;1;1;1;
202300025899;155634682;A01;0;31;0;0;2;0;1;
202300025900;155634683;A01;2;10;0;1;3;1;1;
202300025901;155634681;A01;2;1;0;2;1;1;5;
202300025901;155634684;B01;2;7;0;2;4;1;1;