Num_Acc;id_vehicule;num_veh;senc;catv;obs;obsm;choc;manv;motor;occutc
202300025902;155634679;A01;1;2;0;0;0;1;1;
202300025903;155634678;B01;2;40;0;2;2;1;3;
202300025903;155634680;A01;1;50;0;4;3;19;3;
202300025904;155634672;A01;1;7;0;2;3;15;1;
202300025904;155634676;B01;1;2;0;2;1;17;1;
202300025905;155634671;Z01;1;7;0;2;1;1;1;
202300025905;155634677;A01;1;31;0;2;8;1;1;
202300025906;155634669;A01;1;7;0;2;1;1;1;
202300025906;155634675;B01;1;7;0;2;6;15;0;
202300025907;155634670;A01;2;21;0;2;5;15;1;
202300025907;155634673;B01;1;7;0;2;1;1;1;
202300025908;155634668;A01;2;7;0;2;3;15;1;
202300025908;155634674;B01;1;2;0;2;1;13;0;
202300025909;155634662;A01;3;7;0;2;3;13;1;
202300025909;155634667;B01;3;33;0;2;8;1;1;
202300025910;155634665;A01;3;34;0;1;1;1;1;
202300025911;155634660;B01;1;33;0;2;2;1;1;
202300025911;155634664;A01;1;1;0;2;3;15;5;
202300025912;155634661;B01;3;7;0;2;3;1;1;
202300025912;155634666;A01;3;1;0;2;1;0;5;
202300025913;155634658;B01;2;7;0;2;4;23;1;
202300025913;155634659;C01;2;7;0;2;4;23;1;
202300025913;155634663;A01;2;10;0;2;1;2;1;
202300025914;155634657;A01;3;33;12;0;3;1;1;
202300025915;155634652;A01;1;7;0;2;8;1;1;
202300025915;155634656;B01;2;7;0;2;2;1;1;
202300025916;155634653;A01;2;1;0;2;3;1;5;
202300025916;155634655;B01;1;7;0;2;1;15;1;
202300025917;155634651;B01;3;2;0;2;7;1;1;
202300025917;155634654;A01;3;7;0;2;1;9;1;
202300025918;155634649;A01;0;7;0;1;7;0;0;
202300025919;155634645;A01;1;2;0;2;1;1;1;
202300025919;155634647;B01;1;7;0;2;1;1;1;
202300025920;155634648;B01;3;7;0;2;2;1;1;
202300025920;155634650;A01;3;7;0;2;3;13;1;
202300025921;155634644;A01;2;1;0;2;1;5;5;
202300025921;155634646;B01;1;7;0;2;2;1;1;
202300025922;155634642;A01;2;3;0;2;2;17;1;
202300025922;155634643;B01;2;1;0;2;8;1;5;
202300025923;155634641;A01;1;7;2;0;8;14;1;
202300025924;155634640;A01;2;1;0;0;1;1;5;
202300025925;155634638;A01;1;7;1;0;7;14;1;
202300025926;155634635;A01;2;7;0;2;3;1;1;
202300025926;155634637;B01;1;7;0;2;3;1;1;
202300025927;155634632;A01;2;30;12;0;2;1;1;
202300025928;155634634;A01;1;1;0;1;8;1;5;
202300025929;155634630;A01;2;33;5;0;1;1;1;
202300025930;155634627;C01;2;7;0;2;4;2;1;
202300025930;155634631;B01;2;7;12;2;4;2;1;
202300025930;155634633;A01;2;7;0;2;1;2;1;
202300025930;155634636;E01;1;7;0;2;4;1;1;
202300025930;155634639;D01;2;7;0;2;4;2;1;
202300025931;155634624;A01;3;32;0;2;3;1;1;
202300025931;155634628;B01;3;1;0;2;7;19;5;
202300025932;155634622;A01;1;7;0;0;2;16;1;
202300025932;155634625;B01;1;33;0;2;1;1;1;
202300025933;155634621;B01;1;7;0;2;4;2;1;
202300025933;155634623;A01;1;7;0;2;1;2;1;
202300025933;155634626;C01;1;7;0;2;4;2;1;
202300025933;155634629;D01;1;7;0;2;4;1;1;
202300025934;155634620;A01;3;7;8;0;1;13;1;
202300025935;155634617;B01;3;1;0;2;1;15;5;
202300025935;155634618;A01;3;33;0;2;2;2;1;
202300025936;155634615;A01;1;7;0;1;2;1;1;
202300025937;155634616;A01;2;7;0;2;1;10;1;
202300025937;155634619;B01;2;80;0;2;2;1;3;
202300025938;155634614;A01;2;10;0;1;2;1;6;
202300025939;155634611;A01;0;37;0;1;4;0;1;1.0
202300025940;155634607;A01;3;2;0;0;9;2;1;
202300025941;155634605;A01;3;31;0;5;1;1;1;
202300025942;155634604;A01;2;30;0;0;1;1;6;
202300025943;155634606;B01;1;10;0;2;9;2;1;
202300025943;155634608;A01;2;10;0;2;1;2;1;
202300025943;155634610;C01;1;10;0;2;1;2;1;
202300025944;155634600;A01;1;33;0;0;0;1;1;
202300025945;155634601;B01;1;1;0;2;8;0;5;
202300025945;155634603;A01;1;7;0;9;8;15;1;
202300025946;155634599;A01;1;7;0;2;1;1;1;
202300025946;155634602;B01;3;1;0;2;8;9;5;
202300025947;155634598;A01;1;33;12;0;1;1;1;
202300025948;155634597;A01;2;1;0;1;4;25;5;
202300025949;155634593;B01;1;7;0;2;4;2;1;
202300025949;155634595;A01;1;7;0;2;1;2;1;
202300025950;155634591;B01;2;15;0;2;8;1;1;
202300025950;155634594;A01;1;10;0;2;1;13;1;
202300025950;155634596;C01;2;15;0;2;2;1;1;
202300025951;155634590;A01;1;7;0;1;2;1;1;
202300025952;155634589;A01;1;10;0;1;0;1;0;
202300025952;155634592;B01;3;10;0;1;1;1;1;
202300025953;155634587;A01;2;2;13;0;0;14;0;
202300025954;155634586;A01;1;10;0;2;3;15;1;
202300025954;155634588;B01;3;31;0;2;3;16;1;
202300025955;155634582;A01;0;1;0;2;1;16;5;
202300025955;155634585;B01;0;10;0;0;4;16;1;
202300025956;155634581;B01;1;1;0;2;1;16;5;
202300025956;155634584;A01;1;15;0;2;7;16;1;
202300025957;155634577;A01;1;7;0;2;4;2;2;
202300025957;155634580;B01;1;33;0;2;1;2;1;
202300025958;155634579;A01;3;7;0;2;3;15;1;
202300025958;155634583;B01;3;2;0;2;8;1;1;
202300025959;155634576;A01;1;30;0;0;8;1;1;
202300025960;155634574;B01;1;7;0;2;3;15;0;
202300025960;155634578;A01;1;7;0;2;0;1;0;
202300025961;155634572;A01;2;7;0;2;3;12;1;
202300025961;155634573;B01;2;7;0;2;5;1;1;
202300025962;155634571;B01;1;30;0;2;7;1;1;
202300025962;155634575;A01;2;10;0;2;1;15;1;
202300025963;155634570;A01;2;7;0;1;2;2;1;
202300025964;155634569;A01;2;33;0;0;8;15;1;
202300025965;155634567;A01;3;10;0;2;1;26;1;
202300025965;155634568;B01;3;7;0;2;8;1;1;
202300025966;155634566;A01;1;33;3;0;2;26;1;
202300025967;155634564;B01;3;7;0;2;1;1;1;
202300025967;155634565;A01;3;7;0;2;1;13;1;
202300025968;155634562;A01;2;7;8;2;1;13;1;
202300025968;155634563;B01;1;34;0;2;1;1;1;
202300025969;155634559;A01;1;7;2;0;1;2;1;
202300025970;155634558;A01;2;7;0;2;1;13;1;
202300025970;155634561;B01;2;33;0;2;4;1;1;
202300025971;155634556;B01;2;99;0;2;1;0;1;
202300025971;155634560;A01;1;7;0;2;1;0;1;
202300025972;155634555;B01;1;32;0;2;7;3;1;
202300025972;155634557;A01;1;15;0;2;8;1;0;
202300025973;155634551;A01;2;33;0;2;1;2;1;
202300025973;155634553;B01;2;10;0;2;4;2;1;
202300025974;155634549;A01;3;7;0;2;4;23;0;
202300025974;155634552;B01;3;10;0;2;1;2;1;
202300025975;155634550;A01;1;10;0;2;3;1;1;
202300025975;155634554;B01;3;7;0;2;2;9;1;
202300025976;155634546;A01;2;7;0;2;2;2;1;
202300025976;155634548;B01;2;7;0;2;6;2;1;
202300025977;155634545;A01;1;7;4;0;8;0;1;
202300025978;155634542;A01;0;10;0;2;3;9;1;
202300025978;155634547;B01;0;37;0;2;2;1;1;5.0
202300025979;155634541;A01;3;33;0;2;1;18;1;
202300025979;155634544;B01;3;7;0;2;6;15;1;
202300025980;155634539;A01;1;33;0;2;5;3;1;
202300025980;155634543;Z01;1;7;0;2;3;11;0;
202300025981;155634538;A01;1;10;4;0;3;13;1;
202300025982;155634537;B01;2;7;0;2;4;2;1;
202300025982;155634540;A01;2;7;0;2;1;2;1;
202300025983;155634533;A01;3;7;8;0;3;17;1;
202300025983;155634535;Z01;3;7;0;2;1;23;1;
202300025984;155634528;A01;2;7;0;2;2;12;1;
202300025984;155634532;B01;2;7;0;2;8;1;1;
202300025985;155634529;A01;3;7;14;2;1;19;1;
202300025985;155634536;B01;3;33;0;2;8;1;1;
202300025986;155634525;A01;2;7;0;2;4;2;1;
202300025986;155634531;B01;2;10;0;2;1;2;1;
202300025987;155634523;Z01;1;7;0;2;0;11;0;
202300025987;155634527;C01;1;10;0;2;4;1;1;
202300025987;155634530;A01;1;31;0;2;3;3;1;
202300025987;155634534;B01;1;7;0;2;7;1;2;
202300025988;155634521;A01;3;32;0;1;1;1;1;
202300025989;155634519;A01;1;7;0;2;6;12;1;
202300025989;155634522;B01;1;7;0;2;2;2;1;
202300025990;155634524;A01;3;7;0;2;1;2;1;
202300025990;155634526;B01;3;2;0;2;4;2;1;
202300025991;155634518;B01;1;7;0;2;4;23;1;
202300025991;155634520;A01;1;7;0;2;1;1;1;
202300025992;155634517;A01;2;32;0;0;7;3;1;
202300025993;155634513;A01;1;7;0;2;4;2;1;
202300025993;155634516;B01;1;7;0;2;1;2;1;
202300025994;155634511;B01;3;1;14;0;8;2;5;
202300025994;155634515;A01;3;10;14;0;2;1;0;
202300025995;155634510;A01;2;7;0;2;1;2;1;
202300025995;155634514;B01;2;7;0;0;4;2;1;
202300025996;155634507;A01;1;7;0;2;1;1;1;
202300025996;155634509;B01;1;7;0;2;4;1;6;
202300025996;155634512;C01;1;10;0;2;4;1;1;
202300025997;155634506;B01;2;7;0;2;4;2;1;
202300025997;155634508;A01;2;7;0;2;1;2;1;
202300025998;155634502;A01;1;33;0;2;7;12;1;
202300025998;155634504;B01;1;7;0;2;3;1;1;
202300025999;155634501;A01;3;50;0;2;8;25;3;
202300025999;155634505;B01;1;7;0;9;1;16;1;
202300026000;155634498;A01;1;7;0;2;2;1;1;
202300026000;155634500;B01;2;32;0;2;1;1;1;
202300026001;155634496;B01;2;2;0;2;8;1;1;
202300026001;155634503;A01;1;7;0;2;3;15;1;
202300026002;155634497;A01;1;7;0;0;2;16;3;
202300026002;155634499;B01;1;33;0;0;3;1;1;
202300026003;155634491;B01;3;32;0;2;4;1;1;
202300026003;155634494;A01;3;7;0;2;1;1;1;
202300026004;155634489;A01;1;7;0;2;7;24;1;
202300026004;155634492;B01;3;1;1;0;1;0;5;
202300026005;155634488;A01;2;7;0;1;3;1;2;
202300026006;155634487;A01;1;1;0;2;2;15;5;
202300026006;155634490;B01;1;33;0;2;1;0;1;
202300026007;155634485;A01;2;60;0;9;1;0;5;
202300026008;155634482;C01;1;99;0;2;4;2;1;
202300026008;155634486;D01;1;7;0;2;4;2;1;
202300026008;155634493;A01;1;10;0;2;1;2;1;
202300026008;155634495;B01;1;7;0;2;1;2;1;
202300026009;155634480;B01;0;10;0;2;2;15;1;
202300026009;155634484;A01;1;7;0;2;3;1;1;
202300026010;155634479;A01;1;7;0;2;1;1;1;
202300026010;155634483;B01;1;7;0;0;4;15;2;
202300026011;155634477;A01;3;7;0;9;1;15;1;
202300026011;155634481;B01;3;1;0;2;1;0;5;
202300026012;155634475;B01;1;7;0;2;4;2;3;
202300026012;155634478;A01;1;7;0;2;1;2;1;
202300026013;155634474;A01;1;7;0;2;1;2;0;
202300026013;155634476;B01;1;17;0;2;4;2;0;
202300026014;155634471;A01;2;7;0;2;3;15;1;
202300026014;155634473;B01;2;33;0;2;1;1;1;
202300026015;155634467;B01;2;80;0;2;6;17;3;
202300026015;155634470;A01;2;7;0;2;3;15;1;
202300026016;155634465;A01;1;7;0;2;2;2;1;
202300026016;155634468;B01;1;33;0;2;4;2;1;
202300026016;155634472;C01;1;33;0;2;4;2;1;
202300026017;155634464;B01;3;7;0;0;2;15;1;
202300026017;155634469;A01;2;33;0;0;1;1;1;
202300026018;155634461;A01;2;7;4;2;1;2;1;
202300026018;155634463;B01;2;7;4;2;4;2;1;
202300026018;155634466;C01;2;7;4;2;4;2;1;
202300026019;155634462;A01;1;7;0;1;2;1;1;
202300026020;155634459;A01;2;7;0;1;1;1;2;
202300026021;155634456;A01;1;7;0;1;1;1;1;
202300026022;155634457;A01;2;43;0;2;7;17;1;
202300026022;155634460;B01;2;10;0;2;3;1;1;
202300026023;155634453;A01;3;7;0;2;1;9;2;
202300026023;155634455;B01;3;1;0;2;5;1;5;
202300026024;155634452;A01;1;7;0;2;1;1;0;
202300026024;155634454;B01;1;7;0;2;1;1;0;
202300026024;155634458;C01;1;7;0;2;4;1;0;
202300026025;155634451;A01;2;50;1;0;1;13;3;
202300026026;155634450;A01;2;7;0;0;1;0;1;
202300026027;155634449;A01;1;43;0;1;7;1;1;
202300026028;155634446;A01;2;32;0;2;3;1;1;
202300026028;155634448;B01;2;10;0;2;5;17;1;
202300026029;155634442;A01;1;7;0;1;1;1;1;
202300026030;155634438;A01;2;43;4;2;3;13;1;
202300026030;155634441;Z01;2;15;0;2;3;1;1;
202300026031;155634443;A01;1;7;0;1;5;1;1;
202300026032;155634437;A01;1;7;0;2;2;1;1;
202300026032;155634439;B01;1;1;0;2;0;1;5;
202300026032;155634445;C01;1;1;0;2;0;1;5;
202300026033;155634435;A01;1;7;3;2;1;1;1;
202300026033;155634436;B01;1;7;3;2;8;23;1;
202300026033;155634440;C01;1;7;3;2;5;23;1;
202300026033;155634444;D01;1;7;3;2;6;23;1;
202300026033;155634447;E01;1;7;3;2;4;23;1;
202300026034;155634430;A01;2;7;4;0;1;9;1;
202300026035;155634431;A01;3;33;0;2;6;17;1;
202300026035;155634433;B01;3;80;0;2;3;1;3;
202300026036;155634427;A01;2;7;0;2;1;15;1;
202300026036;155634434;B01;1;1;0;2;3;15;5;
202300026037;155634426;A01;1;32;0;2;1;17;1;
202300026037;155634429;B01;1;7;0;2;3;15;1;
202300026038;155634421;A01;2;7;0;2;1;19;1;
202300026038;155634423;B01;2;7;0;2;6;1;1;
202300026038;155634425;C01;2;7;0;2;4;1;3;
202300026039;155634420;A01;2;7;13;0;2;1;1;
202300026040;155634419;B01;1;33;0;2;2;1;1;
202300026040;155634424;A01;1;10;0;2;6;1;1;
202300026041;155634417;B01;2;38;0;2;8;15;1;1.0
202300026041;155634422;A01;2;1;0;2;8;1;5;
202300026042;155634416;A01;2;13;0;2;7;22;1;
202300026042;155634418;B01;0;1;1;0;0;1;5;
202300026043;155634412;A01;2;2;14;0;1;13;3;
202300026044;155634413;B01;2;7;0;5;1;1;1;
202300026044;155634415;A01;2;7;0;2;1;1;1;
202300026045;155634410;A01;1;10;0;1;2;1;1;
202300026046;155634409;C01;2;7;0;2;5;1;1;
202300026046;155634411;B01;1;7;0;2;4;1;1;
202300026046;155634414;A01;2;33;0;2;9;3;1;
202300026047;155634408;A01;1;7;0;1;3;1;2;
202300026048;155634407;A01;1;7;0;1;3;1;1;
202300026049;155634403;A01;2;1;0;1;1;1;5;
202300026050;155634402;A01;1;7;0;2;3;1;0;
202300026050;155634405;B01;2;7;0;2;3;5;0;
202300026051;155634401;A01;2;7;0;2;1;1;0;
202300026051;155634404;B01;2;7;0;0;4;2;1;
202300026051;155634406;C01;2;7;0;2;4;2;1;
202300026052;155634397;A01;0;7;0;2;1;1;1;
202300026052;155634400;B01;0;7;0;2;4;23;1;
202300026053;155634395;A01;1;7;0;0;0;0;1;
202300026054;155634393;A01;1;1;0;2;5;17;5;
202300026054;155634398;B01;1;1;0;2;3;1;5;
202300026055;155634392;A01;1;15;0;2;1;12;0;
202300026055;155634396;B01;1;7;0;2;5;1;0;
202300026056;155634394;A01;3;7;0;2;2;15;1;
202300026056;155634399;B01;3;33;0;2;1;1;1;
202300026057;155634389;A01;1;10;3;0;1;21;1;
202300026058;155634387;A01;3;1;0;2;1;1;5;
202300026058;155634391;B01;3;80;0;0;4;1;3;
202300026059;155634385;B01;2;50;0;2;0;1;3;
202300026059;155634390;A01;2;7;0;2;0;16;1;
202300026060;155634384;A01;3;2;0;2;1;13;1;
202300026060;155634388;B01;3;7;0;9;1;1;1;
202300026061;155634381;A01;1;10;0;2;8;11;1;
202300026061;155634382;B01;1;31;0;2;7;1;1;
202300026062;155634379;A01;2;7;4;0;2;1;1;
202300026063;155634383;A01;2;7;0;2;3;22;1;
202300026063;155634386;B01;2;1;0;2;1;1;5;
202300026064;155634378;A01;3;7;0;2;3;15;1;
202300026064;155634380;B01;3;2;0;2;5;17;1;
202300026065;155634375;A01;2;7;0;2;1;2;1;
202300026065;155634376;B01;2;7;0;2;4;11;1;
202300026066;155634374;A01;1;7;0;0;4;1;1;
202300026066;155634377;B01;1;7;0;2;1;1;1;
202300026067;155634370;B01;1;15;0;0;6;1;1;
202300026067;155634373;A01;1;10;3;2;2;12;1;
202300026068;155634368;Z01;3;30;0;2;1;1;1;
202300026068;155634369;B01;3;10;0;2;4;16;1;
202300026068;155634372;A01;3;33;0;2;1;16;3;
202300026069;155634367;A01;2;7;0;2;3;1;2;
202300026069;155634371;B01;2;80;0;2;1;1;3;
202300026070;155634362;A01;3;60;0;1;1;25;5;
202300026071;155634360;A01;2;1;0;2;1;1;5;
202300026071;155634366;B01;2;7;0;2;3;15;2;
202300026072;155634361;B01;1;7;0;9;3;1;1;
202300026072;155634365;A01;2;31;0;2;1;1;1;
202300026073;155634357;C01;2;7;0;2;7;1;1;
202300026073;155634359;A01;2;10;0;2;1;2;1;
202300026073;155634364;B01;2;7;0;2;4;2;1;
202300026074;155634355;A01;1;34;0;1;2;1;1;
202300026075;155634353;A01;1;31;0;2;4;1;1;
202300026076;155634352;A01;1;31;0;2;1;2;1;
202300026076;155634356;B01;1;7;0;0;4;2;1;
202300026077;155634350;A01;1;7;0;2;1;1;1;
202300026077;155634354;B01;1;7;0;2;5;2;1;
202300026078;155634348;A01;2;50;0;2;8;1;3;
202300026078;155634351;B01;2;33;0;2;1;1;1;
202300026079;155634346;A01;1;13;0;1;3;5;1;
202300026080;155634344;A01;1;7;0;2;1;1;1;
202300026080;155634347;B01;2;7;0;0;1;15;2;
202300026081;155634343;A01;3;7;0;2;1;1;1;
202300026081;155634345;B01;3;7;0;2;4;1;1;
202300026082;155634342;A01;3;7;0;1;1;16;0;
202300026083;155634349;A01;1;7;4;0;3;1;1;
202300026084;155634339;A01;2;7;0;2;8;22;2;
202300026084;155634341;B01;3;1;0;2;2;1;5;
202300026085;155634336;A01;0;7;0;2;2;15;0;
202300026085;155634340;B01;0;32;0;2;1;1;0;
202300026086;155634338;A01;1;7;13;0;2;14;1;
202300026087;155634335;A01;2;7;5;0;3;1;1;
202300026088;155634334;A01;3;33;1;0;0;1;0;
202300026088;155634337;B01;2;50;0;0;0;13;3;
202300026089;155634333;A01;1;7;0;1;2;15;1;
202300026090;155634328;Z01;1;99;0;2;7;12;0;
202300026090;155634331;B01;1;33;0;2;8;1;1;
202300026091;155634329;A01;2;7;0;2;1;1;1;
202300026091;155634332;B01;2;7;0;2;4;1;1;
202300026092;155634327;A01;2;7;0;2;1;2;1;
202300026092;155634330;B01;0;7;0;2;4;0;1;
202300026093;155634325;A01;1;1;0;1;8;1;5;
202300026094;155634321;A01;2;10;0;2;1;2;2;
202300026094;155634324;B01;2;10;0;2;4;2;1;
202300026095;155634322;A01;1;2;0;5;1;1;1;
202300026096;155634320;B01;1;7;0;2;3;1;1;
202300026096;155634323;C01;1;37;0;2;8;1;1;2.0
202300026096;155634326;A01;2;7;0;2;2;1;1;
202300026097;155634318;A01;2;32;0;0;8;15;1;
202300026098;155634319;A01;1;7;0;1;3;1;1;
202300026099;155634315;A01;1;10;0;2;7;12;1;
202300026099;155634317;B01;1;33;0;2;8;1;1;
202300026100;155634314;A01;3;50;0;1;1;1;3;
202300026101;155634313;A01;2;7;0;2;1;5;0;
202300026101;155634316;B01;1;7;0;2;1;21;0;
202300026102;155634310;B01;2;32;0;2;1;1;1;
202300026102;155634312;A01;1;1;0;2;1;21;5;
202300026103;155634306;A01;3;99;3;0;0;1;1;
202300026104;155634308;B01;3;7;0;2;2;13;0;
202300026104;155634311;A01;3;7;0;2;3;14;0;
202300026105;155634304;A01;1;7;0;2;1;2;1;
202300026105;155634309;B01;1;7;0;2;4;2;1;
202300026106;155634303;A01;3;10;0;1;3;1;0;
202300026107;155634305;B01;0;7;0;2;4;0;1;
202300026107;155634307;A01;0;7;0;2;1;0;1;
202300026108;155634298;B01;1;99;0;2;3;11;2;
202300026108;155634301;A01;1;7;0;2;2;11;1;
202300026109;155634297;B01;0;7;0;2;3;19;1;
202300026109;155634300;A01;3;1;0;2;3;19;5;
202300026110;155634295;A01;1;10;0;2;1;1;1;
202300026110;155634299;B01;0;7;0;2;1;1;1;
202300026111;155634296;A01;2;10;0;1;2;21;1;
202300026112;155634291;A01;2;37;0;2;3;7;1;1.0
202300026112;155634293;B01;2;14;0;2;4;15;1;
202300026113;155634289;A01;2;1;0;0;9;1;5;
202300026114;155634290;B01;1;2;0;2;1;0;1;
202300026114;155634294;A01;2;7;0;2;3;15;1;
202300026115;155634288;A01;1;7;0;2;3;16;0;
202300026115;155634292;B01;1;7;0;2;2;11;1;
202300026116;155634285;A01;1;7;2;0;1;25;1;
202300026117;155634284;A01;3;10;0;2;3;15;1;
202300026117;155634287;B01;3;32;0;2;1;1;1;
202300026118;155634282;A01;3;7;1;0;1;1;3;
202300026118;155634286;B01;1;7;0;2;4;24;1;
202300026119;155634281;B01;1;15;0;2;1;23;1;
202300026119;155634283;A01;2;7;0;2;3;26;1;
202300026120;155634279;A01;2;7;0;1;1;1;1;
202300026121;155634277;A01;1;32;0;2;1;1;1;
202300026121;155634280;B01;1;10;0;2;8;1;1;
202300026122;155634276;A01;3;7;0;1;7;2;1;
202300026123;155634275;B01;2;50;0;2;7;19;3;
202300026123;155634278;A01;2;7;0;2;3;1;1;
202300026124;155634273;A01;2;7;0;1;2;1;2;
202300026125;155634272;A01;1;7;0;0;0;0;0;
202300026125;155634274;B01;1;33;0;2;4;1;0;
202300026126;155634269;B01;2;7;0;2;8;1;3;
202300026126;155634271;A01;1;7;0;2;1;19;1;
202300026127;155634266;A01;2;10;0;2;7;14;1;
202300026127;155634270;B01;2;50;0;0;0;0;3;
202300026128;155634268;A01;2;33;0;1;1;13;1;
202300026129;155634265;A01;2;7;0;2;3;14;0;
202300026129;155634267;B01;2;2;0;2;3;1;0;
202300026130;155634261;A01;1;33;0;2;1;2;1;
202300026130;155634263;B01;1;7;0;0;4;2;1;
202300026131;155634259;B01;3;32;0;2;3;1;1;
202300026131;155634262;A01;3;7;0;2;3;0;1;
202300026132;155634260;A01;3;10;0;0;0;20;1;
202300026133;155634258;A01;2;7;0;2;5;16;1;
202300026133;155634264;B01;2;34;0;2;3;1;6;
202300026134;155634255;B01;1;30;0;2;1;1;1;
202300026134;155634257;A01;2;7;0;2;3;1;1;
202300026135;155634253;A01;3;80;14;0;1;1;3;
202300026136;155634252;B01;3;7;0;2;8;1;1;
202300026136;155634256;A01;3;33;0;2;1;1;1;
202300026137;155634251;A01;0;10;0;2;3;15;1;
202300026137;155634254;B01;1;32;0;2;1;1;1;
202300026138;155634250;A01;1;10;13;0;1;1;1;
202300026139;155634248;A01;3;2;4;0;3;2;1;
202300026140;155634247;A01;3;7;0;1;4;20;1;
202300026141;155634246;A01;1;7;0;0;9;0;1;
202300026141;155634249;B01;2;1;0;0;0;0;5;
202300026142;155634243;A01;1;33;-1;0;1;1;1;
202300026143;155634240;A01;2;34;0;2;2;1;1;
202300026143;155634244;B01;2;7;0;2;6;1;1;
202300026144;155634242;A01;0;10;0;2;7;9;1;
202300026144;155634245;B01;0;2;0;2;7;21;1;
202300026145;155634239;B01;1;30;0;2;1;1;1;
202300026145;155634241;A01;2;7;0;2;5;15;1;
202300026146;155634236;A01;2;7;0;1;6;1;3;
202300026147;155634235;A01;1;1;0;2;8;19;5;
202300026147;155634238;B01;1;7;0;2;1;1;1;
202300026148;155634233;B01;1;30;0;2;1;1;1;
202300026148;155634237;A01;1;30;0;2;3;1;1;
202300026149;155634234;A01;1;10;0;0;7;1;1;
202300026150;155634232;A01;2;7;0;1;1;1;2;
202300026151;155634230;A01;1;80;12;0;7;12;3;
202300026152;155634227;A01;2;10;0;2;3;9;1;
202300026152;155634229;B01;2;15;0;2;2;1;1;
202300026153;155634228;A01;2;7;1;2;2;2;1;
202300026153;155634231;B01;1;10;0;2;2;0;1;
202300026154;155634225;A01;3;7;0;1;8;1;1;
202300026155;155634224;A01;1;7;0;2;3;21;0;
202300026155;155634226;B01;1;7;0;2;4;2;0;
202300026156;155634221;A01;2;7;0;2;2;10;1;
202300026156;155634223;B01;1;33;0;2;1;1;1;
202300026157;155634219;B01;2;2;0;2;1;1;1;
202300026157;155634222;A01;1;7;0;2;3;15;1;
202300026158;155634218;B01;2;7;1;1;2;0;1;
202300026158;155634220;A01;1;7;3;0;2;24;1;
202300026159;155634216;A01;1;50;0;2;1;9;3;
202300026159;155634217;B01;1;13;0;0;2;0;0;
202300026160;155634215;A01;2;14;0;1;1;1;1;
202300026161;155634212;B01;3;7;0;2;2;26;1;
202300026161;155634214;A01;3;2;0;2;1;5;1;
202300026162;155634211;B01;0;7;0;2;8;15;0;
202300026162;155634213;A01;0;10;0;2;1;1;0;
202300026163;155634210;A01;1;3;0;1;1;1;1;
202300026164;155634208;A01;1;34;0;2;1;1;1;
202300026164;155634209;B01;2;7;0;2;3;15;1;
202300026165;155634204;B01;2;7;0;2;3;1;1;
202300026165;155634207;A01;1;7;0;2;3;13;1;
202300026166;155634203;B01;3;43;0;2;4;23;1;
202300026166;155634206;A01;3;7;0;2;1;2;1;
202300026167;155634200;A01;2;30;1;0;1;1;1;
202300026168;155634201;A01;1;7;0;2;3;1;0;
202300026168;155634205;B01;3;1;0;2;7;19;5;
202300026169;155634198;B01;1;1;0;2;8;1;5;
202300026169;155634202;A01;1;7;0;2;2;19;1;
202300026170;155634197;A01;1;7;7;0;2;14;1;
202300026171;155634196;B01;1;7;0;0;3;1;1;
202300026171;155634199;A01;2;7;0;0;3;1;1;
202300026172;155634195;A01;3;7;3;0;1;1;1;
202300026173;155634191;A01;3;7;15;1;2;1;1;
202300026174;155634192;B01;2;7;0;2;1;1;1;
202300026174;155634194;A01;1;13;0;2;8;1;1;
202300026175;155634189;B01;2;7;2;2;3;1;1;
202300026175;155634193;A01;1;7;0;2;3;1;0;
202300026176;155634185;A01;2;7;0;2;1;5;1;
202300026176;155634187;D01;1;7;0;2;1;2;1;
202300026176;155634188;E01;2;10;0;2;6;2;1;
202300026176;155634190;C01;2;7;0;2;1;1;1;
202300026177;155634184;B01;2;7;0;2;3;9;1;
202300026177;155634186;A01;2;2;0;2;1;0;1;
202300026178;155634183;A01;1;33;0;0;7;1;1;
202300026179;155634182;A01;3;7;8;0;1;1;1;
202300026180;155634178;A01;3;7;0;1;1;0;1;
202300026181;155634179;A01;1;7;0;2;1;13;1;
202300026181;155634181;B01;2;7;0;2;1;1;1;
202300026182;155634177;B01;2;14;0;2;2;13;1;
202300026182;155634180;A01;1;7;0;2;2;0;1;
202300026183;155634176;A01;2;7;0;1;3;1;0;
202300026184;155634175;A01;1;17;4;0;8;1;1;
202300026185;155634173;A01;1;7;3;0;7;1;1;
202300026186;155634171;A01;3;14;0;1;2;26;1;
202300026187;155634170;B01;2;7;0;2;1;1;1;
202300026187;155634174;A01;1;17;0;2;6;1;1;
202300026188;155634169;C01;3;50;0;2;1;1;3;
202300026188;155634172;A01;2;7;0;9;3;9;1;
202300026189;155634168;A01;1;17;13;0;2;1;1;
202300026190;155634165;A01;1;7;0;2;1;5;1;
202300026190;155634166;B01;2;7;0;2;7;1;1;
202300026190;155634167;C01;2;7;0;2;1;1;1;
202300026191;155634163;A01;1;7;13;0;3;13;1;
202300026192;155634161;A01;1;7;0;2;1;11;1;
202300026192;155634164;B01;2;7;0;2;3;1;1;
202300026193;155634159;A01;1;7;0;2;2;1;1;
202300026193;155634162;B01;2;7;0;2;1;1;1;
202300026194;155634157;A01;1;7;0;2;3;1;1;
202300026194;155634160;B01;2;7;0;2;1;1;1;