Num_Acc;id_vehicule;num_veh;senc;catv;obs;obsm;choc;manv;motor;occutc
202300026195;155634152;B01;2;7;0;2;3;0;1;
202300026195;155634155;C01;1;7;0;2;3;2;1;
202300026195;155634158;A01;1;7;0;0;3;13;1;
202300026196;155634154;A01;1;7;0;2;2;2;1;
202300026196;155634156;B01;1;33;0;2;6;16;1;
202300026197;155634153;A01;2;7;4;0;1;1;1;
202300026198;155634150;A01;2;7;0;2;3;13;1;
202300026198;155634151;B01;1;7;0;2;1;1;1;
202300026199;155634145;A01;2;7;0;2;3;1;1;
202300026199;155634148;B01;1;7;0;2;3;1;1;
202300026200;155634144;A01;1;2;0;2;8;19;1;
202300026200;155634149;B01;1;7;0;2;2;1;1;
202300026201;155634143;A01;3;7;0;2;2;1;1;
202300026201;155634147;B01;3;7;0;2;5;1;1;
202300026202;155634140;A01;1;7;0;2;1;5;1;
202300026202;155634142;B01;1;7;0;2;1;1;1;
202300026202;155634146;C01;1;7;0;2;2;1;1;
202300026203;155634139;A01;1;7;16;2;3;13;1;
202300026203;155634141;B01;2;7;16;2;3;1;1;
202300026204;155634138;A01;1;7;13;0;0;1;1;
202300026205;155634134;A01;1;7;0;2;1;19;1;
202300026205;155634137;B01;1;33;0;2;7;3;1;
202300026206;155634132;B01;3;30;0;2;1;1;1;
202300026206;155634135;A01;3;7;0;2;3;20;1;
202300026206;155634136;C01;3;10;0;2;1;1;1;
202300026207;155634130;A01;2;33;0;2;1;14;0;
202300026207;155634133;B01;2;7;0;2;3;12;0;
202300026208;155634129;B01;1;31;0;2;1;1;1;
202300026208;155634131;A01;1;7;0;2;1;19;1;
202300026209;155634126;A01;2;7;0;0;1;13;1;
202300026209;155634128;B01;1;10;0;2;1;1;1;
202300026210;155634127;A01;2;7;2;0;8;1;1;
202300026211;155634125;A01;2;7;9;0;3;13;1;
202300026212;155634123;A01;1;7;0;5;1;1;1;
202300026213;155634120;B01;3;14;0;2;3;15;1;
202300026213;155634122;A01;3;33;12;2;7;17;1;
202300026214;155634116;A01;2;7;0;2;1;15;1;
202300026214;155634118;B01;1;7;0;2;1;1;1;
202300026215;155634114;A01;1;7;0;2;1;13;1;
202300026215;155634119;B01;2;7;0;2;3;1;1;
202300026216;155634115;A01;2;7;0;2;1;2;1;
202300026216;155634117;B01;2;7;0;0;4;1;1;
202300026216;155634121;C01;1;10;0;0;3;1;1;
202300026217;155634111;A01;3;7;0;1;4;4;3;
202300026218;155634108;A01;3;7;0;2;3;16;0;
202300026218;155634113;B01;1;33;0;2;1;1;0;
202300026219;155634103;B01;2;7;0;2;3;1;1;
202300026219;155634107;A01;1;7;0;2;3;13;1;
202300026220;155634102;A01;1;7;0;2;3;1;1;
202300026220;155634105;B01;2;7;0;2;8;19;1;
202300026221;155634101;A01;1;7;15;0;2;16;1;
202300026222;155634100;A01;1;33;0;1;5;1;1;
202300026223;155634098;A01;1;14;13;0;1;1;1;
202300026224;155634097;A01;1;7;0;2;1;9;1;
202300026224;155634099;B01;1;1;0;2;4;1;5;
202300026225;155634095;B01;2;33;0;2;1;13;1;
202300026225;155634096;A01;1;10;0;2;3;1;1;
202300026226;155634092;A01;1;7;0;2;2;11;1;
202300026226;155634094;B01;2;7;0;2;1;1;1;
202300026227;155634091;B01;2;32;0;2;1;17;1;
202300026227;155634093;A01;1;33;0;2;1;17;1;
202300026228;155634090;A01;0;2;13;0;0;0;0;
202300026229;155634089;A01;1;7;13;0;1;1;1;
202300026230;155634088;A01;2;7;0;1;1;1;1;
202300026231;155634087;A01;2;7;0;0;5;23;1;
202300026232;155634081;A01;1;10;0;2;7;15;1;
202300026232;155634084;B01;2;32;0;2;1;1;1;
202300026233;155634083;A01;2;1;12;0;0;21;5;
202300026234;155634082;A01;1;7;0;2;3;5;1;
202300026234;155634086;B01;2;7;0;2;3;13;1;
202300026235;155634080;A01;3;50;0;0;1;2;3;
202300026236;155634078;A01;2;50;0;1;1;1;3;
202300026237;155634077;A01;2;33;0;2;1;1;1;
202300026237;155634079;B01;1;7;0;2;2;10;1;
202300026238;155634076;A01;2;7;0;0;5;14;0;
202300026239;155634074;A01;1;7;0;0;0;13;1;
202300026240;155634072;C01;2;7;0;2;3;0;1;
202300026240;155634073;B01;2;7;0;2;3;0;1;
202300026240;155634075;A01;1;7;0;2;3;13;1;
202300026241;155634070;A01;3;10;0;1;5;4;0;
202300026242;155634067;A01;2;7;0;9;3;1;1;
202300026242;155634069;B01;2;1;0;2;4;11;5;
202300026243;155634064;B01;1;7;6;2;8;1;1;
202300026243;155634066;A01;2;38;6;2;6;13;1;1.0
202300026244;155634063;B01;1;33;0;2;1;1;1;
202300026244;155634065;A01;2;7;0;2;2;15;1;
202300026245;155634060;A01;3;7;0;2;3;9;1;
202300026245;155634062;B01;3;30;0;2;2;1;1;
202300026246;155634058;A01;1;7;0;2;2;15;1;
202300026246;155634061;B01;2;7;0;2;3;1;1;
202300026247;155634056;A01;2;31;2;2;1;1;1;
202300026247;155634059;B01;2;7;0;2;1;17;0;
202300026248;155634055;B01;1;7;0;2;8;15;1;
202300026248;155634057;A01;1;33;0;2;1;17;1;
202300026249;155634054;A01;1;50;0;0;7;0;3;
202300026250;155634051;A01;3;33;0;2;1;1;1;
202300026250;155634053;B01;3;33;0;2;1;1;1;
202300026251;155634049;A01;1;7;0;0;6;0;1;
202300026251;155634052;B01;1;7;0;2;2;0;1;
202300026252;155634048;A01;1;2;15;0;1;5;1;
202300026253;155634047;A01;0;7;0;2;3;1;1;
202300026253;155634050;B01;0;7;0;2;0;1;1;
202300026254;155634044;A01;2;33;0;0;8;0;1;
202300026255;155634042;B01;2;1;0;2;1;1;5;
202300026255;155634046;A01;2;1;0;0;0;1;5;
202300026256;155634040;B01;3;7;15;2;3;9;1;
202300026256;155634043;A01;2;7;0;2;2;1;1;
202300026257;155634038;A01;1;7;8;0;1;1;1;
202300026258;155634035;A01;1;7;0;1;2;1;1;
202300026259;155634037;A01;3;7;0;0;3;1;1;
202300026259;155634039;B01;3;7;0;2;1;15;1;
202300026260;155634034;A01;1;7;0;2;1;5;1;
202300026260;155634036;B01;2;10;0;2;1;1;1;
202300026261;155634033;A01;1;7;9;0;0;1;1;
202300026262;155634032;A01;3;1;0;5;0;1;5;
202300026263;155634030;A01;2;7;16;0;0;15;0;
202300026264;155634029;A01;1;33;13;0;1;1;1;
202300026265;155634027;B01;2;1;0;2;8;2;5;
202300026265;155634031;A01;2;10;0;9;2;2;0;
202300026266;155634028;A01;1;7;0;0;0;14;1;
202300026267;155634024;A01;2;7;16;0;0;1;0;
202300026268;155634021;A01;1;7;0;9;3;17;1;
202300026268;155634025;B01;2;80;0;0;2;5;3;
202300026269;155634020;B01;2;10;0;2;1;21;1;
202300026269;155634023;C01;1;7;0;2;1;1;1;
202300026269;155634026;A01;2;7;0;0;5;26;1;
202300026270;155634017;A01;1;7;0;1;4;20;1;
202300026271;155634014;B01;1;15;0;2;1;1;1;
202300026271;155634018;A01;2;7;0;2;8;9;1;
202300026272;155634016;A01;2;15;0;1;2;1;1;
202300026273;155634015;A01;2;7;12;0;5;1;1;
202300026274;155634012;A01;1;13;16;0;9;1;1;
202300026275;155634011;A01;2;7;13;0;1;1;1;
202300026276;155634009;A01;1;7;0;0;3;1;1;
202300026277;155634010;B01;2;3;0;2;2;1;1;
202300026277;155634013;A01;2;7;0;0;5;23;1;
202300026278;155634008;A01;3;7;0;1;3;1;1;
202300026279;155634006;A01;2;2;14;0;1;1;1;
202300026280;155634005;A01;1;7;0;2;8;1;1;
202300026280;155634007;B01;2;33;0;2;0;1;1;
202300026281;155634004;A01;3;7;0;1;3;1;1;
202300026282;155634002;A01;2;15;2;0;2;1;0;
202300026283;155634001;B01;2;33;4;2;8;3;1;
202300026283;155634003;A01;2;7;4;2;7;12;1;
202300026284;155633999;A01;0;33;7;0;3;0;1;
202300026285;155633997;A01;2;2;16;0;1;14;0;
202300026286;155633996;B01;1;15;0;2;9;21;1;
202300026286;155633998;A01;2;7;0;2;8;13;0;
202300026286;155634000;C01;2;7;0;2;9;1;0;
202300026287;155633992;B01;0;10;0;2;9;1;1;
202300026287;155633994;A01;2;10;0;2;4;14;1;
202300026288;155633988;B01;2;7;4;2;5;0;1;
202300026288;155633991;C01;2;33;4;2;8;2;1;
202300026288;155633993;D01;2;7;4;2;2;2;1;
202300026288;155633995;A01;2;7;4;2;3;2;1;
202300026289;155633987;B01;2;7;0;2;1;1;0;
202300026289;155633990;A01;1;7;0;2;1;13;0;
202300026290;155633986;A01;2;7;13;2;8;17;1;
202300026290;155633989;B01;1;7;0;2;2;1;1;
202300026291;155633984;A01;1;7;0;2;4;1;1;
202300026291;155633985;B01;1;7;4;2;1;1;3;
202300026292;155633982;A01;2;7;9;0;9;0;1;
202300026293;155633981;A01;2;33;0;0;0;10;1;
202300026294;155633983;A01;1;33;0;0;7;1;1;
202300026295;155633980;A01;1;7;2;0;0;14;1;
202300026296;155633978;A01;3;7;0;1;2;21;1;
202300026297;155633977;B01;2;15;0;2;4;0;1;
202300026297;155633979;A01;2;7;3;2;1;0;1;
202300026298;155633976;A01;1;10;0;1;1;1;1;
202300026299;155633973;A01;3;32;12;0;0;1;1;
202300026300;155633974;A01;1;7;0;2;4;2;1;
202300026300;155633975;B01;1;7;0;2;1;2;1;
202300026301;155633969;A01;1;33;0;0;-1;2;1;
202300026302;155633968;A01;2;42;0;2;0;3;1;
202300026302;155633970;B01;2;7;0;2;0;12;1;
202300026302;155633972;C01;2;7;0;2;4;1;1;
202300026303;155633965;B01;2;7;0;2;4;2;1;
202300026303;155633967;C01;2;7;0;0;4;2;1;
202300026303;155633971;A01;2;15;0;2;1;2;1;
202300026304;155633962;A01;2;10;0;2;1;1;1;
202300026304;155633964;B01;2;10;0;2;4;2;1;
202300026305;155633961;A01;2;33;0;2;0;0;1;
202300026305;155633963;B01;2;7;0;2;0;0;1;
202300026306;155633960;A01;1;33;14;9;0;1;1;
202300026307;155633958;B01;1;33;0;2;2;1;1;
202300026307;155633959;A01;1;7;0;2;1;15;1;
202300026308;155633955;A01;2;7;0;2;1;2;3;
202300026308;155633956;B01;2;15;0;2;4;2;1;
202300026309;155633951;A01;1;7;0;2;1;14;1;
202300026309;155633953;B01;1;7;0;2;4;9;1;
202300026310;155633949;A01;1;7;0;0;2;21;1;
202300026311;155633948;C01;2;7;0;2;4;1;1;
202300026311;155633952;B01;2;7;0;2;3;2;1;
202300026311;155633954;A01;2;7;0;2;1;1;1;
202300026311;155633957;D01;2;7;0;2;4;2;1;
202300026312;155633947;A01;1;7;0;0;1;1;1;
202300026312;155633950;B01;1;7;0;0;8;1;1;
202300026313;155633944;A01;1;30;0;2;0;1;1;
202300026313;155633946;B01;1;7;0;2;2;2;3;
202300026314;155633943;A01;2;10;4;0;1;1;1;
202300026315;155633941;A01;2;7;6;0;2;1;1;
202300026316;155633940;A01;1;7;0;2;1;11;1;
202300026316;155633942;B01;2;7;0;2;1;1;1;
202300026317;155633938;A01;1;7;5;0;1;14;1;
202300026318;155633937;A01;2;7;0;2;3;1;1;
202300026318;155633939;B01;1;7;0;2;2;1;1;
202300026319;155633935;A01;2;17;0;2;4;1;1;
202300026319;155633936;B01;2;7;0;2;1;1;1;
202300026320;155633933;A01;3;1;0;0;0;26;5;
202300026321;155633934;A01;1;7;0;1;3;1;3;
202300026322;155633930;A01;1;7;0;2;1;2;1;
202300026322;155633932;B01;1;2;0;0;4;2;1;
202300026323;155633928;A01;1;7;13;0;1;11;0;
202300026324;155633929;A01;0;7;0;2;3;1;1;
202300026324;155633931;B01;0;7;0;2;1;26;0;
202300026325;155633926;A01;1;32;0;2;1;18;3;
202300026325;155633927;B01;1;7;0;2;5;22;2;
202300026326;155633924;A01;1;7;5;0;1;0;1;
202300026327;155633923;A01;2;7;13;0;3;1;1;
202300026328;155633922;B01;1;7;0;2;8;9;1;
202300026328;155633925;A01;2;30;0;2;1;3;1;
202300026329;155633918;Z01;2;7;0;2;5;22;0;
202300026329;155633921;A01;2;1;0;2;1;1;5;
202300026330;155633919;A01;3;7;13;0;1;0;1;
202300026331;155633916;A01;1;33;0;2;3;0;1;
202300026331;155633920;B01;1;7;0;2;3;0;1;
202300026332;155633914;C01;1;10;0;0;0;0;1;
202300026332;155633915;B01;1;33;0;2;0;0;1;
202300026332;155633917;A01;1;7;0;2;0;0;1;
202300026333;155633913;A01;1;7;0;1;1;15;1;
202300026334;155633910;A01;1;7;0;2;1;13;1;
202300026334;155633911;B01;2;7;0;2;3;1;2;
202300026335;155633909;B01;2;7;1;0;3;11;1;
202300026335;155633912;A01;1;10;0;2;3;23;1;
202300026336;155633906;A01;3;7;0;2;1;13;1;
202300026336;155633908;B01;3;7;0;2;3;1;1;
202300026337;155633907;Z01;2;7;0;1;1;1;2;
202300026338;155633904;A01;3;7;0;1;2;1;1;
202300026339;155633903;A01;2;7;3;2;2;17;1;
202300026339;155633905;B01;2;7;0;0;6;1;1;
202300026340;155633900;A01;2;7;0;2;0;15;1;
202300026340;155633902;B01;2;2;0;2;1;3;1;
202300026341;155633899;A01;1;7;0;2;2;16;1;
202300026341;155633901;B01;1;80;0;2;8;1;3;
202300026342;155633897;B01;3;99;0;2;1;1;0;
202300026342;155633898;A01;3;7;0;2;3;1;1;
202300026343;155633894;A01;2;7;2;0;2;1;1;
202300026344;155633895;A01;1;33;0;1;1;1;1;
202300026345;155633893;A01;2;7;0;2;1;2;1;
202300026345;155633896;B01;2;31;0;2;4;2;3;
202300026346;155633890;A01;1;7;1;0;1;2;1;
202300026346;155633892;B01;1;33;0;0;4;1;1;
202300026347;155633889;B01;1;33;0;2;1;13;1;
202300026347;155633891;A01;2;14;0;2;1;1;1;
202300026348;155633888;A01;2;7;0;1;1;15;1;
202300026349;155633887;A01;2;14;0;1;1;16;1;
202300026350;155633886;A01;1;33;0;0;8;1;1;
202300026351;155633884;A01;3;7;15;0;2;0;0;
202300026352;155633881;B01;1;1;0;2;7;1;5;
202300026352;155633883;Z01;1;1;0;2;7;17;5;
202300026353;155633882;B01;1;10;14;0;4;0;1;
202300026353;155633885;A01;1;7;0;2;1;2;1;
202300026354;155633877;B01;1;50;0;2;1;17;3;
202300026354;155633879;A01;1;7;0;2;8;15;1;
202300026355;155633876;A01;1;7;0;1;2;0;1;
202300026356;155633874;B01;2;7;0;2;6;2;1;
202300026356;155633878;A01;2;7;0;2;3;14;1;
202300026357;155633873;B01;2;7;0;2;3;13;1;
202300026357;155633875;A01;1;33;0;2;1;17;1;
202300026358;155633872;A01;1;10;0;1;1;1;1;
202300026359;155633870;A01;2;7;0;1;1;1;1;
202300026360;155633869;A01;1;33;0;0;7;1;1;
202300026361;155633868;A01;2;1;0;0;4;1;5;
202300026361;155633871;B01;2;7;0;9;2;2;1;
202300026362;155633866;A01;2;80;0;0;0;1;3;
202300026363;155633865;A01;2;10;0;2;3;0;0;
202300026363;155633867;B01;1;7;0;2;1;0;0;
202300026364;155633863;A01;1;7;0;1;3;17;1;
202300026365;155633862;A01;1;1;0;1;1;1;5;
202300026366;155633861;A01;1;31;0;2;2;13;1;
202300026366;155633864;B01;3;7;0;2;3;19;1;
202300026367;155633857;A01;1;32;12;0;1;26;1;
202300026368;155633858;B01;1;7;0;2;1;1;1;
202300026368;155633859;A01;2;7;0;2;1;1;1;
202300026369;155633856;A01;2;7;2;0;1;1;1;
202300026370;155633853;A01;1;33;0;2;1;2;1;
202300026370;155633854;B01;1;7;0;0;6;2;1;
202300026371;155633851;A01;1;7;0;1;2;1;1;
202300026372;155633852;B01;3;7;0;2;4;2;1;
202300026372;155633855;A01;3;7;0;2;1;2;1;
202300026373;155633849;A01;2;7;0;1;2;1;2;
202300026374;155633847;A01;2;7;0;2;3;13;1;
202300026374;155633850;B01;1;7;13;2;8;1;1;
202300026375;155633845;A01;1;7;0;1;1;1;1;
202300026376;155633839;C01;0;10;0;2;1;0;1;
202300026376;155633842;B01;3;7;0;2;4;15;1;
202300026377;155633837;E01;1;7;0;2;4;1;1;
202300026377;155633840;C01;1;10;0;2;4;1;1;
202300026377;155633841;B01;1;7;0;2;5;1;1;
202300026377;155633843;D01;1;7;0;2;4;1;1;
202300026377;155633844;A01;1;10;0;2;3;11;1;
202300026378;155633836;B01;2;2;0;2;1;1;1;
202300026378;155633838;A01;1;7;0;2;3;20;1;
202300026379;155633833;B01;2;7;0;2;3;1;1;
202300026379;155633835;A01;2;10;0;2;2;18;1;
202300026380;155633832;A01;0;3;0;2;5;1;1;
202300026380;155633834;B01;2;80;0;2;1;9;3;
202300026381;155633827;B01;2;7;0;2;1;1;1;
202300026381;155633830;C01;2;7;0;0;0;1;1;
202300026381;155633831;A01;1;7;0;2;1;13;1;
202300026382;155633826;A01;2;7;0;2;6;19;1;
202300026382;155633828;B01;2;34;0;2;1;1;1;
202300026383;155633825;A01;1;10;0;2;1;2;1;
202300026383;155633829;B01;1;7;0;2;4;1;2;
202300026384;155633822;A01;2;33;0;2;8;1;1;
202300026384;155633824;Z01;2;7;0;2;0;0;0;
202300026385;155633823;A01;2;50;0;1;1;5;3;
202300026386;155633820;A01;1;50;0;0;0;1;3;
202300026387;155633818;A01;2;7;0;2;7;1;1;
202300026387;155633821;B01;1;7;0;2;1;1;1;
202300026388;155633817;B01;3;7;0;2;1;9;0;
202300026388;155633819;A01;3;7;0;2;9;1;0;
202300026389;155633815;A01;1;10;0;2;1;0;1;
202300026389;155633816;B01;1;7;0;2;4;1;1;
202300026390;155633812;B01;2;33;0;2;8;3;1;
202300026390;155633814;A01;2;7;0;2;7;14;1;
202300026391;155633809;B01;1;43;0;2;3;1;1;
202300026391;155633811;A01;1;33;0;2;3;3;1;
202300026392;155633810;B01;2;1;0;2;3;0;5;
202300026392;155633813;A01;2;37;0;2;2;1;1;1.0
202300026393;155633806;B01;2;7;0;2;4;1;1;
202300026393;155633808;A01;2;7;0;2;4;1;1;
202300026394;155633805;A01;1;7;0;1;2;16;1;
202300026395;155633804;B01;2;33;0;2;7;0;1;
202300026395;155633807;A01;2;7;0;2;8;11;1;
202300026396;155633803;A01;1;7;4;0;1;1;1;
202300026397;155633799;A01;1;7;0;2;0;17;1;
202300026397;155633802;B01;1;1;0;2;7;1;5;
202300026398;155633798;A01;1;7;0;2;3;1;1;
202300026398;155633800;B01;1;34;0;2;1;3;1;
202300026398;155633801;C01;1;10;0;2;4;1;1;
202300026399;155633793;B01;2;33;0;2;4;3;1;
202300026399;155633796;C01;2;7;0;2;4;1;1;
202300026399;155633797;A01;2;7;0;2;7;12;1;
202300026400;155633788;A01;1;7;0;2;8;11;2;
202300026400;155633790;B01;1;33;0;2;7;3;1;
202300026400;155633792;C01;1;7;0;2;7;0;1;
202300026400;155633795;D01;1;34;0;2;1;1;1;
202300026401;155633789;B01;1;7;0;2;4;1;1;
202300026401;155633791;C01;1;7;0;2;4;1;1;
202300026401;155633794;A01;1;10;0;2;1;2;1;
202300026402;155633786;A01;1;31;0;2;1;3;1;
202300026402;155633787;B01;1;7;0;2;2;12;1;
202300026403;155633783;A01;1;33;0;2;1;3;1;
202300026403;155633784;C01;1;10;0;2;6;1;1;
202300026403;155633785;B01;1;7;0;2;5;1;1;
202300026404;155633780;A01;1;7;0;2;1;13;1;
202300026404;155633782;B01;1;7;0;2;1;1;1;
202300026405;155633776;A01;2;33;0;2;5;3;1;
202300026405;155633778;B01;2;7;0;2;8;11;1;
202300026406;155633777;A01;2;7;0;2;1;1;1;
202300026406;155633779;B01;2;7;0;2;4;2;1;
202300026406;155633781;C01;2;7;0;2;4;2;2;
202300026407;155633774;B01;2;80;1;0;1;2;3;
202300026407;155633775;A01;2;7;0;9;3;22;1;
202300026408;155633770;A01;2;7;0;2;4;11;1;
202300026408;155633772;B01;2;33;0;2;1;1;1;
202300026409;155633768;A01;1;10;0;2;1;2;1;
202300026409;155633771;B01;1;10;0;2;4;2;1;
202300026409;155633773;C01;1;7;0;2;4;2;1;
202300026410;155633767;B01;2;1;0;2;1;1;5;
202300026410;155633769;A01;2;15;1;0;5;24;1;
202300026411;155633764;B01;2;31;0;2;8;3;1;
202300026411;155633766;A01;1;7;0;2;7;12;1;
202300026412;155633763;Z01;1;7;0;1;1;26;0;
202300026413;155633762;A01;2;7;0;2;5;26;1;
202300026413;155633765;B01;2;34;0;2;8;26;1;
202300026414;155633757;A01;2;7;0;2;6;12;1;
202300026414;155633761;B01;2;33;0;2;1;3;1;
202300026415;155633758;A01;1;7;0;2;1;2;1;
202300026415;155633760;B01;1;7;0;2;4;2;1;
202300026416;155633756;B01;2;10;0;2;2;1;1;
202300026416;155633759;A01;2;43;0;2;6;3;1;
202300026417;155633754;A01;2;7;4;0;9;2;1;
202300026418;155633752;A01;1;15;0;2;7;21;1;
202300026418;155633755;B01;1;15;0;2;6;1;1;
202300026419;155633751;B01;3;7;0;2;4;1;1;
202300026419;155633753;A01;3;33;0;2;1;2;1;
202300026420;155633749;A01;2;7;0;1;3;1;1;
202300026421;155633750;A01;2;10;0;2;4;2;1;
202300026422;155633748;A01;2;7;13;0;9;14;1;
202300026423;155633747;A01;2;10;4;0;7;1;1;
202300026424;155633744;B01;2;7;0;2;1;1;1;
202300026424;155633746;A01;2;34;0;2;1;1;1;
202300026425;155633743;A01;2;80;0;2;1;1;3;
202300026425;155633745;B01;1;7;0;2;3;1;1;
202300026426;155633742;A01;1;7;3;0;0;1;1;
202300026427;155633738;A01;2;32;4;0;3;2;1;
202300026428;155633737;C01;0;7;0;2;3;1;1;
202300026428;155633739;B01;0;7;0;2;4;1;1;
202300026428;155633740;A01;0;7;0;2;1;1;1;
202300026429;155633735;A01;1;7;4;0;9;11;1;
202300026430;155633731;A01;2;7;0;2;2;1;3;
202300026430;155633734;B01;1;7;0;2;8;15;1;
202300026431;155633729;B01;1;7;4;2;1;1;1;
202300026431;155633730;A01;1;10;4;2;4;1;1;
202300026432;155633724;A01;1;7;0;2;2;13;1;
202300026432;155633725;B01;2;99;0;2;1;1;1;
202300026433;155633726;A01;1;7;0;1;3;15;1;
202300026434;155633721;B01;2;10;0;2;4;23;3;
202300026434;155633722;C01;2;10;0;2;4;23;1;
202300026434;155633723;A01;2;7;0;2;1;23;1;
202300026435;155633717;B01;2;7;0;0;3;26;1;
202300026435;155633719;A01;2;7;0;2;1;15;1;
202300026436;155633715;A01;2;37;0;0;1;0;1;3.0
202300026436;155633718;C01;2;7;0;2;4;0;1;
202300026436;155633720;B01;2;7;0;2;4;0;1;
202300026437;155633714;B01;2;7;0;2;4;11;1;
202300026437;155633716;A01;2;31;0;2;1;3;1;
202300026438;155633709;Z01;1;7;0;2;2;24;1;
202300026438;155633711;B01;1;30;1;0;1;1;1;
202300026439;155633708;A01;2;7;0;0;8;2;1;
202300026439;155633710;B01;2;7;3;2;7;17;1;
202300026440;155633705;A01;3;7;4;0;2;2;1;
202300026441;155633706;B01;1;1;0;2;1;1;5;
202300026441;155633707;A01;1;7;0;2;3;15;1;
202300026442;155633704;A01;2;30;1;0;3;1;1;
202300026443;155633702;A01;1;33;12;0;8;11;1;
202300026444;155633701;B01;1;1;0;2;1;1;5;
202300026444;155633703;A01;1;7;0;2;2;14;1;
202300026445;155633699;A01;3;32;0;0;0;1;1;
202300026446;155633697;A01;0;7;0;1;2;1;0;
202300026447;155633696;B01;2;7;0;2;1;11;1;
202300026447;155633698;A01;1;7;16;2;7;15;1;
202300026448;155633695;A01;2;50;0;1;1;1;3;
202300026449;155633688;A01;1;10;0;2;1;1;1;
202300026449;155633690;C01;1;7;0;2;6;1;1;
202300026449;155633692;B01;2;32;0;2;1;23;1;
202300026450;155633689;B01;2;7;12;0;2;21;1;
202300026450;155633694;A01;1;7;0;0;0;0;2;
202300026451;155633691;A01;2;7;0;2;8;16;1;
202300026451;155633693;B01;2;1;0;2;7;16;5;
202300026452;155633685;A01;1;99;0;0;0;15;6;
202300026453;155633684;B01;2;7;0;2;8;1;1;
202300026453;155633686;A01;2;2;0;2;1;9;1;
202300026454;155633683;B01;3;7;0;2;3;1;1;
202300026454;155633687;A01;3;7;0;2;2;19;1;
202300026455;155633680;A01;2;7;1;0;6;1;1;
202300026455;155633682;B01;2;7;0;1;1;25;1;
202300026456;155633678;A01;2;50;0;2;1;26;3;
202300026456;155633681;B01;1;7;0;9;2;9;1;
202300026457;155633677;B01;2;7;0;2;5;1;1;
202300026457;155633679;A01;2;2;0;2;3;1;1;
202300026458;155633675;B01;2;32;0;2;3;11;1;
202300026458;155633676;A01;2;7;0;2;2;1;1;
202300026459;155633673;A01;2;7;0;2;1;1;1;
202300026459;155633674;B01;2;7;0;2;4;1;1;
202300026460;155633669;A01;1;33;0;2;3;3;1;
202300026460;155633670;B01;1;7;0;2;5;1;1;
202300026460;155633672;C01;1;15;0;2;8;2;1;
202300026461;155633668;A01;1;7;1;2;1;1;1;
202300026461;155633671;B01;1;7;1;2;8;1;1;
202300026462;155633666;A01;1;7;0;2;3;19;0;
202300026462;155633667;B01;2;15;0;2;2;19;1;
202300026463;155633663;B01;3;32;0;2;1;1;1;
202300026463;155633665;A01;3;7;0;2;1;16;0;
202300026464;155633660;A01;0;7;1;0;9;1;1;
202300026465;155633661;A01;2;7;0;2;7;16;1;
202300026465;155633664;B01;2;50;0;2;2;21;3;
202300026466;155633656;A01;3;7;9;0;1;1;1;
202300026467;155633654;A01;1;37;0;1;2;5;1;1.0
202300026468;155633653;A01;1;7;0;2;3;10;0;
202300026468;155633655;B01;2;7;0;2;2;13;0;
202300026469;155633651;A01;2;7;7;0;1;14;1;
202300026470;155633648;A01;3;7;0;2;1;19;1;
202300026470;155633650;B01;3;7;7;2;9;1;0;
202300026471;155633644;A01;1;7;0;2;3;1;1;
202300026471;155633647;B01;1;2;0;2;1;1;1;
202300026472;155633642;A01;2;7;0;2;1;15;1;
202300026472;155633645;B01;1;7;0;2;6;1;0;
202300026472;155633646;C01;1;7;0;2;0;0;0;
202300026473;155633641;A01;0;33;0;0;0;1;1;
202300026474;155633640;A01;1;7;0;2;4;2;1;
202300026474;155633643;B01;1;10;0;1;4;2;1;
202300026475;155633634;Z01;1;10;0;2;0;0;0;
202300026475;155633638;A01;1;1;0;2;8;17;5;
202300026476;155633636;A01;1;1;12;0;1;25;5;
202300026477;155633635;A01;0;33;0;2;1;18;0;
202300026477;155633639;B01;0;30;0;0;4;14;1;
202300026478;155633633;B01;1;10;0;2;2;2;6;
202300026478;155633637;A01;1;50;0;2;1;2;3;
202300026479;155633630;B01;1;30;0;2;1;1;1;
202300026479;155633632;A01;2;7;0;2;1;1;1;
202300026480;155633628;A01;2;7;0;2;3;15;0;
202300026480;155633631;B01;1;31;0;2;3;1;0;
202300026481;155633629;A01;2;7;0;1;1;1;0;
202300026482;155633625;A01;1;50;0;2;1;1;3;
202300026482;155633626;B01;1;50;0;2;1;1;3;
202300026483;155633624;B01;1;7;0;2;2;1;1;
202300026483;155633627;A01;1;1;0;2;1;9;5;
202300026484;155633621;A01;1;17;4;0;2;14;1;
202300026484;155633623;B01;1;7;0;9;1;2;1;
202300026485;155633620;A01;2;7;0;2;6;4;1;
202300026485;155633622;B01;1;7;0;2;1;1;1;
202300026486;155633617;A01;1;7;0;2;7;1;1;
202300026486;155633619;B01;2;7;0;2;1;1;1;
202300026487;155633615;B01;1;33;0;2;1;1;1;
202300026487;155633618;A01;2;7;0;2;1;15;1;
202300026488;155633616;A01;2;7;0;1;1;1;1;
202300026489;155633613;A01;2;1;0;0;7;0;5;
202300026490;155633612;A01;1;7;15;0;1;0;1;
202300026491;155633611;A01;1;41;0;0;7;26;1;
202300026492;155633607;B01;3;7;0;2;3;15;1;
202300026492;155633610;A01;1;33;0;2;1;1;1;