Num_Acc;id_vehicule;num_veh;senc;catv;obs;obsm;choc;manv;motor;occutc
202300026493;155633606;A01;3;7;0;1;2;0;1;
202300026494;155633605;A01;1;2;0;2;1;2;1;
202300026494;155633608;B01;1;7;0;2;4;1;1;
202300026495;155633600;C01;2;1;0;2;1;0;5;
202300026495;155633603;A01;1;31;0;2;1;26;1;
202300026495;155633604;B01;2;1;0;2;1;5;5;
202300026496;155633601;A01;1;33;0;0;9;1;1;
202300026497;155633595;A01;1;7;0;2;2;1;1;
202300026497;155633598;B01;1;7;0;2;8;15;1;
202300026498;155633596;A01;3;7;0;1;2;1;1;
202300026499;155633597;C01;1;7;0;2;4;2;1;
202300026499;155633599;B01;1;7;0;2;1;2;1;
202300026499;155633602;A01;1;7;0;2;1;2;1;
202300026500;155633593;A01;1;7;0;1;1;1;1;
202300026501;155633592;B01;3;10;0;2;2;1;1;
202300026501;155633594;A01;3;7;0;2;1;15;1;
202300026502;155633589;A01;1;7;6;0;0;26;1;
202300026503;155633587;A01;2;33;13;0;1;14;1;
202300026504;155633586;A01;2;31;0;2;1;11;1;
202300026504;155633590;B01;2;7;0;0;5;1;1;
202300026505;155633588;A01;3;7;0;2;1;19;1;
202300026505;155633591;B01;3;1;0;2;7;1;5;
202300026506;155633585;A01;2;7;15;0;1;21;1;
202300026507;155633583;A01;0;2;0;2;1;13;1;
202300026507;155633584;B01;3;7;0;2;2;16;1;
202300026508;155633578;A01;1;7;0;2;1;1;1;
202300026508;155633580;B01;1;7;0;2;1;1;1;
202300026508;155633582;C01;2;7;0;2;4;1;1;
202300026509;155633572;C01;1;7;0;0;0;1;1;
202300026509;155633576;B01;1;7;0;2;4;1;1;
202300026509;155633579;A01;1;7;0;2;1;2;1;
202300026510;155633574;A01;1;7;0;2;1;15;1;
202300026510;155633577;B01;2;50;0;2;1;1;3;
202300026511;155633573;A01;1;7;0;2;2;13;1;
202300026511;155633575;B01;1;7;0;2;6;1;1;
202300026511;155633581;C01;1;7;0;2;5;1;3;
202300026512;155633569;A01;2;7;3;0;2;14;1;
202300026513;155633567;A01;3;10;0;2;3;1;1;
202300026513;155633570;B01;3;7;0;2;3;1;1;
202300026514;155633566;B01;3;7;0;2;6;1;1;
202300026514;155633571;A01;3;15;0;2;7;9;1;
202300026515;155633565;A01;3;33;0;2;5;18;1;
202300026515;155633568;B01;3;14;0;2;2;1;1;
202300026516;155633561;B01;3;50;0;2;7;1;3;
202300026516;155633564;A01;1;7;0;2;1;1;1;
202300026517;155633562;A01;1;7;0;1;2;1;1;
202300026518;155633563;A01;3;30;8;0;1;13;1;
202300026519;155633558;A01;3;7;1;0;1;1;1;
202300026520;155633559;A01;1;1;0;2;4;9;5;
202300026520;155633560;B01;1;7;0;2;1;1;3;
202300026521;155633556;A01;2;7;2;0;1;1;1;
202300026522;155633554;A01;1;7;12;2;3;16;1;
202300026523;155633555;A01;1;1;0;1;1;1;5;
202300026524;155633553;A01;1;7;0;2;5;0;1;
202300026524;155633557;B01;1;10;0;2;3;0;1;
202300026525;155633551;B01;1;50;0;2;8;2;3;
202300026525;155633552;A01;1;7;0;2;5;16;2;
202300026526;155633547;A01;1;7;0;1;5;0;1;
202300026527;155633548;A01;1;1;0;2;4;15;5;
202300026527;155633550;Z01;1;7;0;2;0;2;0;
202300026528;155633545;Z01;1;7;12;1;1;15;1;
202300026529;155633540;A01;2;1;1;0;1;1;5;
202300026529;155633543;B01;2;7;1;0;3;16;2;
202300026530;155633538;B01;2;7;0;2;3;1;1;
202300026530;155633542;A01;1;7;0;2;3;15;1;
202300026531;155633537;B01;1;7;0;2;1;5;1;
202300026531;155633539;A01;2;7;0;2;1;5;1;
202300026532;155633532;A01;3;7;0;1;4;20;1;
202300026533;155633530;A01;3;30;0;2;1;15;1;
202300026533;155633533;B01;3;33;0;2;3;1;1;
202300026534;155633534;A01;1;80;0;0;7;1;3;
202300026535;155633529;B01;2;1;14;0;0;0;5;
202300026535;155633531;A01;2;7;14;0;2;2;0;
202300026536;155633527;A01;1;7;0;1;8;2;2;
202300026537;155633524;B01;3;7;0;2;6;2;1;
202300026537;155633528;A01;3;7;0;2;2;2;1;
202300026538;155633522;A01;2;7;0;2;3;15;1;
202300026538;155633525;B01;2;33;0;2;1;1;1;
202300026539;155633520;Z01;1;7;0;2;1;1;1;
202300026539;155633521;A01;1;7;0;2;4;23;1;
202300026540;155633518;B01;2;7;0;2;4;2;0;
202300026540;155633519;A01;2;7;0;2;1;2;0;
202300026541;155633523;A01;3;7;0;2;3;15;1;
202300026541;155633526;B01;3;7;0;2;3;1;1;
202300026542;155633517;A01;2;7;14;0;7;1;1;
202300026543;155633515;A01;1;7;0;2;7;17;1;
202300026543;155633516;B01;1;32;0;2;8;1;1;
202300026544;155633514;A01;0;31;16;0;8;15;1;
202300026545;155633507;B01;1;7;0;2;8;1;1;
202300026545;155633511;A01;2;7;0;2;2;15;1;
202300026546;155633508;A01;1;10;0;2;8;22;1;
202300026546;155633513;B01;1;1;1;0;3;2;5;
202300026547;155633509;B01;0;1;0;2;4;1;5;
202300026547;155633510;A01;0;43;0;2;1;18;1;
202300026548;155633506;A01;1;7;0;2;1;1;1;
202300026548;155633512;B01;2;7;0;2;1;1;1;
202300026549;155633502;A01;1;7;3;0;1;13;0;
202300026549;155633504;B01;2;7;0;2;1;0;3;
202300026550;155633499;A01;3;7;0;2;2;26;0;
202300026550;155633505;B01;1;7;0;0;3;1;1;
202300026551;155633500;A01;1;1;0;2;1;2;5;
202300026551;155633503;B01;2;1;0;2;1;1;5;
202300026552;155633498;A01;3;2;0;2;4;1;1;
202300026552;155633501;B01;3;7;0;2;2;0;1;
202300026553;155633495;B01;2;33;0;0;0;0;0;
202300026553;155633497;A01;1;7;0;2;8;10;0;
202300026554;155633493;A01;2;30;0;2;1;2;1;
202300026554;155633496;B01;2;7;0;2;4;2;1;
202300026555;155633490;A01;3;7;0;2;3;1;1;
202300026555;155633492;B01;3;50;0;2;1;26;3;
202300026556;155633487;A01;2;7;15;1;1;16;1;
202300026557;155633489;B01;3;7;0;2;7;1;1;
202300026557;155633494;A01;3;7;0;2;1;1;1;
202300026558;155633486;A01;2;7;0;1;1;19;1;
202300026559;155633484;A01;3;7;0;2;1;15;1;
202300026559;155633485;B01;0;7;0;2;3;1;1;
202300026560;155633483;A01;1;7;0;1;7;9;1;
202300026561;155633482;A01;3;7;0;1;1;1;1;
202300026562;155633480;A01;3;7;6;0;1;1;1;
202300026563;155633479;A01;0;7;0;2;1;1;1;
202300026563;155633481;B01;3;7;0;2;3;16;1;
202300026564;155633476;B01;1;10;0;2;1;15;1;
202300026564;155633478;A01;2;2;0;2;1;1;1;
202300026565;155633475;A01;2;7;0;2;3;15;1;
202300026565;155633477;B01;1;1;0;2;1;1;5;
202300026566;155633474;A01;0;7;0;1;2;1;2;
202300026567;155633472;A01;1;7;8;0;3;1;1;
202300026568;155633471;A01;0;7;0;2;1;1;1;
202300026568;155633473;B01;0;7;0;2;2;1;2;
202300026569;155633470;A01;3;7;8;0;1;2;1;
202300026570;155633468;A01;0;2;0;0;0;0;0;
202300026571;155633469;A01;1;7;0;1;1;1;1;
202300026572;155633466;B01;1;50;0;0;4;1;3;
202300026572;155633467;A01;3;7;0;2;1;1;1;
202300026573;155633463;A01;3;7;0;2;8;10;1;
202300026573;155633465;B01;3;31;0;2;1;21;1;
202300026574;155633462;A01;3;37;1;0;1;2;1;2.0
202300026574;155633464;B01;3;37;0;2;4;24;1;1.0
202300026575;155633459;B01;1;7;0;2;6;1;1;
202300026575;155633461;A01;1;10;0;2;2;2;1;
202300026576;155633458;A01;2;7;0;2;2;1;1;
202300026576;155633460;B01;1;7;0;2;1;1;1;
202300026577;155633457;A01;1;1;0;0;0;1;5;
202300026578;155633455;A01;0;7;13;0;3;1;1;
202300026579;155633454;A01;2;7;13;0;8;1;1;
202300026580;155633453;A01;1;7;0;2;1;2;1;
202300026580;155633456;B01;1;30;0;2;4;1;1;
202300026581;155633451;A01;1;7;0;9;2;2;0;
202300026581;155633452;B01;1;1;0;2;0;1;5;
202300026582;155633449;A01;1;7;6;0;2;14;1;
202300026583;155633447;A01;2;33;0;0;9;1;1;
202300026584;155633448;B01;2;33;0;2;2;0;1;
202300026584;155633450;A01;1;2;0;2;1;9;1;
202300026585;155633446;A01;1;31;0;9;1;1;1;
202300026586;155633443;A01;1;7;0;0;3;15;1;
202300026586;155633445;B01;2;31;0;0;0;1;1;
202300026587;155633442;B01;1;7;13;2;6;1;1;
202300026587;155633444;A01;1;7;0;2;2;1;1;
202300026588;155633440;B01;1;33;0;0;1;1;1;
202300026588;155633441;A01;2;10;0;0;7;19;1;
202300026589;155633439;A01;1;7;0;1;1;16;1;
202300026590;155633436;A01;1;7;0;2;4;2;1;
202300026590;155633437;B01;1;7;0;2;1;2;1;
202300026590;155633438;C01;1;7;0;2;4;2;1;
202300026591;155633434;A01;3;7;0;9;1;26;1;
202300026591;155633435;B01;3;50;0;2;7;1;3;
202300026592;155633432;A01;2;7;0;2;2;15;0;
202300026592;155633433;B01;1;32;0;2;1;1;1;
202300026593;155633430;A01;1;7;0;1;7;1;1;
202300026594;155633427;A01;1;2;0;2;1;2;0;
202300026594;155633428;B01;1;13;0;0;4;2;0;
202300026595;155633426;Z01;2;0;0;1;0;0;0;
202300026596;155633425;A01;1;7;15;0;3;13;1;
202300026597;155633422;B01;2;7;0;2;4;1;1;
202300026597;155633424;A01;2;10;0;2;1;2;1;
202300026598;155633421;A01;2;7;0;2;8;1;1;
202300026598;155633423;B01;1;31;0;2;8;5;1;
202300026599;155633418;A01;2;7;0;9;2;1;0;
202300026599;155633420;B01;1;31;0;2;2;5;1;
202300026600;155633419;A01;2;7;0;1;8;1;1;
202300026601;155633416;A01;1;7;13;2;1;5;1;
202300026601;155633417;B01;2;10;0;2;8;1;1;
202300026602;155633415;A01;3;7;8;0;1;1;1;
202300026603;155633413;A01;1;7;0;2;3;15;0;
202300026603;155633414;B01;1;33;0;2;2;17;0;
202300026604;155633411;A01;2;7;0;0;0;20;1;
202300026604;155633412;B01;2;1;6;0;1;1;5;
202300026605;155633407;A01;3;7;0;2;1;13;1;
202300026605;155633409;B01;3;7;0;2;1;1;1;
202300026605;155633410;C01;3;7;0;2;1;2;1;
202300026606;155633404;A01;1;33;0;2;1;1;1;
202300026606;155633405;B01;1;7;0;2;4;1;0;
202300026607;155633406;A01;2;7;0;2;8;13;2;
202300026607;155633408;B01;2;7;0;2;7;17;1;
202300026608;155633402;A01;2;7;0;2;1;1;1;
202300026608;155633403;B01;1;7;0;2;3;1;1;
202300026609;155633401;A01;3;33;0;0;0;1;1;
202300026610;155633399;A01;1;7;2;0;3;1;1;
202300026611;155633397;A01;0;7;0;2;1;2;1;
202300026611;155633398;B01;3;7;0;2;4;23;1;
202300026611;155633400;C01;0;7;0;2;4;23;1;
202300026612;155633395;A01;1;10;13;0;2;1;1;
202300026613;155633393;A01;1;7;0;1;1;1;1;
202300026614;155633392;A01;2;7;0;2;1;1;1;
202300026614;155633394;B01;2;3;0;2;4;15;1;
202300026615;155633391;A01;3;33;0;0;5;0;1;
202300026616;155633390;A01;2;80;0;0;1;16;3;
202300026617;155633389;A01;0;1;9;0;1;1;5;
202300026618;155633387;A01;2;7;0;1;1;2;1;
202300026619;155633386;A01;1;33;3;0;8;1;1;
202300026620;155633383;A01;1;50;0;0;0;1;3;
202300026621;155633381;B01;1;7;0;2;2;15;1;
202300026621;155633382;A01;3;1;0;2;1;19;5;
202300026622;155633380;Z01;3;13;0;2;0;0;0;
202300026622;155633384;A01;3;7;0;2;6;0;1;
202300026623;155633379;A01;1;33;13;0;1;1;1;
202300026624;155633378;A01;3;33;14;0;1;1;1;
202300026625;155633375;C01;1;7;0;2;1;2;1;
202300026625;155633376;A01;1;7;0;2;1;2;1;
202300026625;155633377;B01;1;10;0;2;4;2;0;
202300026626;155633373;A01;2;7;0;2;1;5;1;
202300026626;155633374;B01;1;7;0;2;6;1;1;
202300026627;155633372;A01;1;7;0;6;1;1;1;
202300026628;155633369;A01;3;33;6;0;1;0;0;
202300026629;155633368;A01;3;7;0;2;1;15;1;
202300026629;155633371;B01;2;1;0;2;7;1;5;
202300026630;155633367;A01;3;7;0;2;1;2;1;
202300026630;155633370;B01;3;7;0;2;4;2;1;
202300026631;155633364;B01;3;60;0;2;2;1;5;
202300026631;155633366;A01;3;7;0;2;2;1;0;
202300026632;155633362;A01;2;7;0;2;8;19;1;
202300026632;155633365;B01;1;33;0;2;3;1;1;
202300026633;155633363;A01;1;7;1;1;1;1;1;
202300026634;155633360;A01;3;7;0;1;1;1;0;
202300026635;155633358;A01;0;7;0;9;1;15;1;
202300026635;155633361;B01;0;33;0;0;3;1;1;
202300026636;155633357;A01;1;7;0;2;8;11;1;
202300026636;155633359;B01;1;30;0;2;7;3;3;
202300026637;155633355;A01;2;7;13;0;1;0;1;
202300026638;155633354;B01;1;50;0;2;7;1;3;
202300026638;155633356;A01;3;7;0;2;3;9;1;
202300026639;155633353;Z01;3;7;0;1;2;1;1;
202300026640;155633351;A01;1;7;1;0;2;14;1;
202300026641;155633350;B01;2;7;0;2;3;1;1;
202300026641;155633352;A01;2;7;0;2;1;1;1;
202300026642;155633348;A01;2;40;0;1;1;1;3;
202300026643;155633346;B01;3;2;0;2;6;1;1;
202300026643;155633349;A01;3;33;0;2;3;1;1;
202300026644;155633345;A01;3;7;0;2;1;19;1;
202300026644;155633347;B01;2;7;0;2;7;1;1;
202300026645;155633344;A01;2;7;0;1;3;1;1;
202300026646;155633342;A01;1;7;16;0;0;15;1;
202300026647;155633343;A01;2;37;0;1;2;1;4;1.0
202300026648;155633339;B01;3;7;0;2;1;1;1;
202300026648;155633341;A01;3;7;0;2;1;11;1;
202300026649;155633338;A01;2;32;0;1;1;21;1;
202300026650;155633337;A01;0;7;0;2;3;1;1;
202300026650;155633340;B01;3;7;0;2;3;13;1;
202300026651;155633334;A01;2;32;0;0;1;0;1;
202300026652;155633335;B01;1;1;0;2;7;2;5;
202300026652;155633336;A01;1;7;0;2;3;2;1;
202300026653;155633331;A01;1;1;0;2;6;13;5;
202300026653;155633333;B01;2;80;0;2;3;1;3;
202300026654;155633330;A01;0;7;0;1;2;2;1;
202300026655;155633329;B01;1;15;0;2;1;1;1;
202300026655;155633332;A01;0;7;0;2;8;9;1;
202300026656;155633327;A01;1;33;0;1;1;17;1;
202300026657;155633326;A01;1;30;0;2;1;1;3;
202300026657;155633328;B01;1;1;0;2;4;1;5;
202300026658;155633323;A01;1;33;6;0;1;1;1;
202300026659;155633322;A01;1;7;0;1;2;1;1;
202300026660;155633321;A01;1;1;12;0;8;13;5;
202300026661;155633319;A01;2;7;0;2;1;13;1;
202300026661;155633320;B01;1;7;0;2;3;1;1;
202300026662;155633312;A01;1;7;0;2;1;2;1;
202300026662;155633316;B01;1;7;0;2;4;1;1;
202300026662;155633318;C01;1;7;0;2;4;2;1;
202300026663;155633314;A01;1;10;0;2;7;15;1;
202300026663;155633317;B01;2;33;0;2;1;1;1;
202300026664;155633310;A01;1;7;0;1;1;1;1;
202300026665;155633307;A01;1;10;0;2;3;24;0;
202300026665;155633309;B01;1;1;0;2;2;26;5;
202300026666;155633306;C01;1;50;0;2;5;1;3;
202300026666;155633308;A01;1;7;0;2;3;1;0;
202300026666;155633311;B01;1;50;0;2;5;1;3;
202300026667;155633305;A01;1;7;4;0;1;15;1;
202300026668;155633303;A01;3;7;0;1;1;15;1;
202300026669;155633301;B01;1;7;0;2;1;1;1;
202300026669;155633304;A01;1;10;0;2;5;1;1;
202300026670;155633300;A01;2;10;0;2;1;15;3;
202300026670;155633302;B01;1;33;0;2;1;1;1;
202300026671;155633297;A01;2;7;0;2;5;12;0;
202300026671;155633299;B01;2;30;0;2;1;1;0;
202300026672;155633296;A01;2;7;0;2;2;15;1;
202300026672;155633298;B01;1;33;0;2;1;1;1;
202300026673;155633294;A01;3;7;0;2;1;5;1;
202300026673;155633295;B01;3;7;0;2;1;1;1;
202300026674;155633291;A01;2;13;0;2;2;2;1;
202300026674;155633293;B01;3;37;0;2;0;0;1;1.0
202300026675;155633290;B01;1;7;0;2;3;1;1;
202300026675;155633292;A01;1;2;0;2;1;19;1;
202300026676;155633288;A01;2;7;0;1;4;20;1;
202300026677;155633285;C01;2;7;0;2;4;2;1;
202300026677;155633286;A01;2;7;0;2;1;2;1;
202300026677;155633289;B01;2;7;0;2;1;2;1;
202300026678;155633282;A01;1;99;1;0;1;26;0;
202300026678;155633284;B01;2;10;0;2;7;24;1;
202300026679;155633283;A01;3;7;0;2;2;17;3;
202300026679;155633287;B01;3;33;0;2;8;13;1;
202300026680;155633281;A01;1;31;9;0;1;1;1;
202300026681;155633279;A01;1;33;0;0;7;21;1;
202300026682;155633278;B01;1;33;0;2;1;1;1;
202300026682;155633280;A01;2;7;0;2;3;13;1;
202300026683;155633277;A01;1;7;0;1;2;1;1;
202300026684;155633274;A01;2;7;0;9;8;1;1;
202300026684;155633276;B01;2;1;0;2;7;2;5;
202300026685;155633272;A01;0;21;0;2;3;16;1;
202300026685;155633275;B01;1;7;0;2;2;1;1;
202300026686;155633271;A01;3;7;0;2;3;1;2;
202300026686;155633273;B01;3;1;0;2;7;1;5;
202300026687;155633269;A01;2;7;0;1;8;15;1;
202300026688;155633268;A01;2;7;0;9;3;19;3;
202300026688;155633270;B01;3;1;0;2;6;19;5;
202300026689;155633264;A01;1;7;13;0;2;14;1;
202300026690;155633265;B01;3;7;0;2;3;15;1;
202300026690;155633267;A01;2;2;0;2;7;1;1;
202300026691;155633263;B01;3;7;0;2;3;1;1;
202300026691;155633266;A01;3;7;0;2;3;1;1;
202300026692;155633262;A01;3;2;0;0;7;16;1;
202300026693;155633261;A01;3;7;9;0;1;15;1;
202300026694;155633260;A01;2;7;0;0;1;0;1;
202300026695;155633257;B01;0;7;0;2;5;1;1;
202300026695;155633259;A01;1;1;0;2;1;2;5;
202300026696;155633255;A01;1;7;0;1;1;1;0;
202300026697;155633253;A01;1;7;9;0;1;14;1;
202300026698;155633252;A01;2;10;0;2;3;13;1;
202300026698;155633254;B01;1;7;0;2;3;1;1;
202300026699;155633250;A01;3;7;0;1;3;15;1;
202300026700;155633249;A01;3;7;2;2;0;5;1;
202300026700;155633251;B01;3;7;0;2;1;2;1;
202300026701;155633246;A01;1;7;8;0;1;1;2;
202300026702;155633245;A01;1;33;0;2;1;1;1;
202300026702;155633247;B01;3;7;0;2;3;15;1;
202300026703;155633248;A01;1;7;0;1;6;16;1;
202300026704;155633241;A01;2;33;0;2;1;1;1;
202300026704;155633243;B01;2;7;0;2;5;1;1;
202300026705;155633240;A01;3;33;0;0;8;1;1;
202300026706;155633238;A01;3;2;12;0;2;1;1;
202300026707;155633236;D01;1;7;0;9;1;0;1;
202300026707;155633239;A01;1;10;0;2;1;1;1;
202300026707;155633242;B01;1;7;0;0;4;23;1;
202300026707;155633244;C01;1;7;0;2;1;2;1;
202300026708;155633235;A01;1;7;0;2;3;1;1;
202300026708;155633237;B01;1;7;0;2;8;15;1;
202300026709;155633234;A01;1;7;17;0;4;1;1;
202300026710;155633233;A01;2;7;13;0;1;17;1;
202300026711;155633231;A01;1;33;0;0;7;0;1;
202300026712;155633232;A01;1;7;2;0;1;9;3;
202300026713;155633230;A01;1;33;13;0;0;17;1;
202300026714;155633229;A01;2;33;1;0;1;1;1;
202300026715;155633227;A01;1;36;13;0;2;1;1;
202300026716;155633225;A01;1;33;6;0;1;1;1;
202300026717;155633223;A01;3;2;0;2;1;13;1;
202300026717;155633224;B01;3;7;0;2;2;1;1;
202300026718;155633226;B01;1;10;0;2;3;1;1;
202300026718;155633228;A01;2;10;0;2;3;11;1;
202300026719;155633221;A01;1;7;0;2;3;15;1;
202300026719;155633222;B01;2;33;0;2;6;1;1;
202300026720;155633219;A01;1;7;2;0;0;21;1;
202300026721;155633220;A01;1;7;1;1;3;1;6;
202300026722;155633218;A01;1;7;13;0;1;14;1;
202300026723;155633217;A01;3;10;2;0;2;0;1;
202300026724;155633216;A01;1;7;0;1;1;1;1;
202300026725;155633214;A01;1;7;0;2;1;17;6;
202300026725;155633215;B01;2;33;0;2;1;1;0;
202300026726;155633213;A01;2;7;2;0;8;1;1;
202300026727;155633210;A01;1;14;0;2;2;1;1;
202300026727;155633212;B01;3;1;0;2;3;16;5;
202300026728;155633211;A01;1;7;2;0;8;17;1;
202300026729;155633207;B01;2;17;0;2;6;0;0;
202300026729;155633208;C01;2;17;0;2;6;0;6;
202300026729;155633209;A01;2;7;0;2;2;0;0;
202300026730;155633205;A01;3;7;0;1;1;1;1;
202300026731;155633201;A01;1;7;2;0;3;19;1;
202300026732;155633198;A01;2;7;4;0;6;1;1;
202300026732;155633199;B01;2;7;4;2;2;2;1;
202300026733;155633197;A01;1;7;2;0;3;1;1;
202300026734;155633192;A01;2;7;0;1;2;16;1;
202300026735;155633189;F01;1;7;0;2;2;2;2;
202300026735;155633190;G01;1;10;0;2;3;2;1;
202300026735;155633191;A01;1;7;0;2;4;2;1;
202300026735;155633193;B01;1;7;0;2;1;2;1;
202300026735;155633194;C01;1;7;0;2;4;2;1;
202300026735;155633195;D01;1;7;0;2;1;12;1;
202300026735;155633196;E01;1;10;0;2;4;2;1;
202300026736;155633188;A01;1;7;0;0;8;1;1;
202300026737;155633187;A01;2;33;13;0;9;1;1;
202300026738;155633186;A01;1;7;10;0;1;14;1;
202300026739;155633185;A01;1;33;0;0;7;1;1;
202300026740;155633184;A01;1;10;16;0;9;13;1;
202300026741;155633183;A01;2;7;8;0;1;1;1;
202300026742;155633180;A01;1;7;2;0;1;1;1;
202300026743;155633181;B01;2;1;16;2;4;1;5;
202300026743;155633182;A01;2;37;0;9;2;1;1;1.0
202300026744;155633179;A01;3;36;6;0;1;0;3;
202300026745;155633175;B01;2;7;0;0;2;2;1;
202300026745;155633177;A01;2;32;0;0;6;23;1;
202300026746;155633176;B01;2;7;0;2;1;1;0;
202300026746;155633178;A01;2;7;0;2;2;19;0;
202300026747;155633173;A01;1;33;0;2;1;17;1;
202300026747;155633174;B01;1;7;0;2;6;15;3;
202300026748;155633169;A01;1;7;0;2;1;1;0;
202300026748;155633172;B01;1;7;0;2;4;1;0;
202300026749;155633170;A01;3;7;0;9;3;1;0;
202300026749;155633171;B01;3;1;0;2;3;15;5;
202300026750;155633166;A01;1;7;0;1;2;17;1;
202300026750;155633167;B01;1;1;0;2;8;11;5;
202300026751;155633168;A01;2;7;13;0;1;1;1;
202300026752;155633165;A01;2;33;0;0;8;1;0;
202300026753;155633162;A01;2;33;0;2;1;1;1;
202300026753;155633163;B01;1;7;0;2;7;19;1;
202300026754;155633159;B01;1;7;0;2;3;1;1;
202300026754;155633160;A01;2;31;0;2;3;5;1;
202300026755;155633161;A01;2;7;0;2;3;1;1;
202300026755;155633164;B01;1;7;0;2;3;1;1;
202300026756;155633157;A01;1;33;0;2;1;1;1;
202300026756;155633158;B01;1;7;0;2;1;1;1;
202300026757;155633156;A01;2;7;0;1;1;1;1;
202300026758;155633155;A01;3;7;6;0;1;14;1;
202300026759;155633152;B01;1;7;0;2;8;1;1;
202300026759;155633154;A01;2;7;0;2;3;1;1;
202300026760;155633151;A01;2;7;0;0;1;13;1;
202300026760;155633153;B01;1;7;0;2;1;1;1;
202300026761;155633150;A01;1;7;0;0;0;1;1;
202300026762;155633149;A01;1;7;0;0;9;0;1;
202300026763;155633146;B01;2;7;0;2;3;11;2;
202300026763;155633148;A01;1;7;0;2;3;9;1;
202300026764;155633145;A01;1;7;0;1;2;1;1;
202300026765;155633147;A01;2;7;6;0;1;1;1;
202300026766;155633142;A01;1;7;0;2;1;1;1;
202300026766;155633144;B01;2;7;0;2;7;17;1;
202300026767;155633141;B01;1;21;0;2;7;15;1;
202300026767;155633143;A01;2;7;0;2;1;1;1;
202300026768;155633139;B01;2;1;0;2;8;1;5;
202300026768;155633140;A01;1;7;0;9;1;19;1;
202300026769;155633137;B01;2;1;0;2;4;2;5;
202300026769;155633138;A01;2;7;0;9;2;2;1;
202300026770;155633134;A01;3;33;13;0;1;2;1;
202300026770;155633135;B01;3;7;0;0;0;2;1;
202300026771;155633133;A01;3;7;0;2;3;15;1;
202300026771;155633136;B01;2;7;7;2;2;1;1;
202300026772;155633132;A01;2;80;0;0;9;0;3;
202300026773;155633129;A01;2;7;0;0;8;23;1;
202300026773;155633130;B01;1;7;8;2;1;6;1;
202300026774;155633128;A01;1;7;4;2;3;1;1;
202300026774;155633131;B01;2;7;4;2;3;1;1;
202300026775;155633126;A01;1;7;0;2;8;1;1;
202300026775;155633127;B01;2;33;0;2;8;1;1;
202300026776;155633124;A01;2;33;13;0;1;0;1;
202300026777;155633125;A01;1;7;2;0;3;0;1;
202300026778;155633122;B01;2;1;0;0;3;1;5;
202300026778;155633123;A01;1;7;0;0;5;15;1;
202300026779;155633121;A01;2;7;4;0;1;9;1;
202300026780;155633119;A01;1;17;8;0;7;1;1;
202300026781;155633118;A01;3;7;0;2;8;1;1;
202300026781;155633120;B01;3;34;0;2;1;15;1;
202300026782;155633117;A01;3;2;8;0;1;15;1;
202300026783;155633116;A01;2;7;13;0;1;1;1;
202300026784;155633114;A01;2;7;0;0;0;1;1;
202300026785;155633115;A01;3;37;0;0;8;4;1;6.0
202300026786;155633113;A01;3;7;0;1;0;1;1;
202300026787;155633110;B01;2;7;0;2;2;1;1;
202300026787;155633111;A01;1;7;3;2;2;1;1;
202300026788;155633108;A01;1;7;0;2;0;17;0;
202300026788;155633109;B01;2;7;0;2;1;1;0;
202300026789;155633106;A01;0;7;12;0;1;14;1;
202300026790;155633107;A01;2;7;0;1;2;1;3;
202300026791;155633104;B01;1;7;0;2;2;1;1;
202300026791;155633105;A01;1;7;0;2;4;2;1;
202300026792;155633101;A01;3;34;11;0;2;1;1;
202300026793;155633100;C01;1;7;0;0;2;24;1;
202300026793;155633102;A01;1;7;0;2;3;13;1;
202300026793;155633103;B01;2;7;1;2;1;1;1;
202300026794;155633096;A01;3;10;0;2;2;2;1;
202300026794;155633098;B01;3;1;0;2;8;0;5;
202300026795;155633094;B01;2;15;0;9;3;0;1;
202300026795;155633095;A01;2;1;0;0;4;13;5;
202300026796;155633091;B01;2;1;0;2;1;26;5;
202300026796;155633093;A01;1;7;0;9;7;15;3;
202300026797;155633090;A01;2;2;0;2;1;13;1;
202300026797;155633092;B01;2;7;0;2;1;1;1;
202300026798;155633089;A01;1;7;8;0;1;0;1;
202300026799;155633088;A01;1;7;13;0;2;1;1;
202300026800;155633084;C01;2;7;0;2;1;1;1;
202300026800;155633086;B01;2;7;0;2;1;1;1;
202300026800;155633087;A01;2;7;0;2;4;1;1;
202300026801;155633083;A01;2;7;4;2;1;2;1;
202300026801;155633085;B01;2;7;4;2;4;2;1;
202300026802;155633081;A01;2;10;0;2;4;2;1;
202300026802;155633082;B01;1;7;0;0;0;0;1;
202300026803;155633077;A01;1;10;0;2;1;13;1;
202300026803;155633078;B01;1;7;0;2;6;1;1;
202300026803;155633079;C01;1;7;0;2;5;1;1;
202300026804;155633076;A01;2;7;0;2;6;1;1;
202300026804;155633080;B01;2;33;0;2;2;3;1;
202300026805;155633073;A01;2;10;0;2;6;11;1;
202300026805;155633075;B01;2;33;0;2;2;3;1;
202300026806;155633072;A01;1;7;0;2;1;2;1;
202300026806;155633074;B01;1;7;0;2;4;2;1;
202300026807;155633069;A01;1;7;0;2;4;2;0;
202300026807;155633071;B01;1;33;0;2;1;1;0;
202300026808;155633067;A01;1;14;0;2;1;2;1;
202300026808;155633068;B01;1;17;0;2;4;2;1;
202300026809;155633066;B01;2;7;0;2;4;2;0;
202300026809;155633070;A01;2;7;0;2;1;2;1;