Num_Acc;id_vehicule;num_veh;senc;catv;obs;obsm;choc;manv;motor;occutc
202300026810;155633063;B01;2;10;0;2;3;1;1;
202300026810;155633065;A01;2;7;0;2;2;1;1;
202300026811;155633062;A01;1;7;0;2;3;1;1;
202300026811;155633064;B01;1;7;0;2;4;1;1;
202300026812;155633060;A01;2;7;0;2;1;1;1;
202300026812;155633061;B01;2;10;0;2;4;1;1;
202300026813;155633057;B01;2;7;0;2;6;1;2;
202300026813;155633059;A01;2;33;0;2;1;11;1;
202300026814;155633055;A01;2;7;0;2;1;11;1;
202300026814;155633056;B01;2;31;0;2;1;3;1;
202300026814;155633058;C01;2;7;0;2;4;2;1;
202300026815;155633052;A01;2;7;4;0;3;0;1;
202300026816;155633051;A01;2;7;0;2;6;11;1;
202300026816;155633053;B01;2;7;0;2;1;1;1;
202300026816;155633054;C01;2;7;0;2;8;1;1;
202300026817;155633049;A01;2;33;0;2;8;3;1;
202300026817;155633050;B01;2;7;0;2;7;12;1;
202300026818;155633047;B01;2;7;0;2;5;1;1;
202300026818;155633048;A01;2;33;0;2;1;11;1;
202300026819;155633043;A01;2;7;0;2;1;1;1;
202300026819;155633045;B01;2;7;0;2;4;1;1;
202300026819;155633046;C01;2;7;0;2;4;1;1;
202300026820;155633042;A01;1;7;0;2;2;16;1;
202300026820;155633044;B01;1;2;0;2;1;2;1;
202300026821;155633040;A01;1;33;0;2;7;21;1;
202300026821;155633041;B01;1;15;0;2;6;23;1;
202300026822;155633039;A01;1;7;5;0;2;14;1;
202300026823;155633034;D01;2;7;0;2;4;2;1;
202300026823;155633036;C01;2;10;0;2;1;2;2;
202300026823;155633037;A01;2;7;0;2;1;2;1;
202300026823;155633038;B01;2;7;0;2;1;2;1;
202300026824;155633035;A01;2;7;8;0;2;14;1;
202300026825;155633033;A01;1;7;13;0;9;1;1;
202300026826;155633030;A01;2;7;9;2;1;21;1;
202300026826;155633032;B01;2;7;4;2;5;15;1;
202300026827;155633029;A01;2;7;0;2;1;1;1;
202300026827;155633031;B01;2;7;0;2;4;11;1;
202300026828;155633026;A01;2;7;12;2;2;5;1;
202300026828;155633028;B01;1;7;0;2;1;23;1;
202300026829;155633024;A01;1;7;0;1;1;1;1;
202300026830;155633021;A01;0;7;0;2;4;4;1;
202300026830;155633022;B01;0;50;0;2;4;1;3;
202300026831;155633019;A01;1;7;-1;-1;-1;0;-1;
202300026832;155633020;A01;1;7;0;2;7;15;1;
202300026832;155633023;B01;2;33;0;2;1;1;1;
202300026833;155633017;A01;1;7;2;0;3;13;1;
202300026834;155633016;B01;2;7;0;2;4;23;1;
202300026834;155633018;A01;2;7;0;2;1;2;1;
202300026835;155633014;A01;1;7;16;2;1;2;0;
202300026835;155633015;B01;1;99;16;0;4;2;0;
202300026836;155633013;A01;1;10;0;1;2;1;0;
202300026837;155633011;A01;2;7;0;2;1;13;1;
202300026837;155633012;B01;2;34;0;2;0;0;1;
202300026838;155633008;A01;1;10;0;1;0;1;-1;
202300026839;155633009;A01;2;7;0;2;1;19;0;
202300026839;155633010;B01;2;1;0;2;7;1;0;
202300026840;155633006;A01;2;7;0;2;3;17;1;
202300026840;155633007;B01;1;7;0;2;3;1;0;
202300026841;155633003;A01;3;7;12;0;2;9;1;
202300026841;155633005;B01;3;2;0;2;4;23;1;
202300026842;155633004;A01;3;7;0;0;0;1;1;
202300026843;155633002;A01;3;7;1;1;3;0;1;
202300026844;155632998;B01;2;33;0;2;1;1;1;
202300026844;155633000;A01;1;7;0;2;2;15;1;
202300026845;155632999;B01;1;7;0;2;6;15;1;
202300026845;155633001;A01;1;7;0;2;7;1;1;
202300026846;155632996;A01;1;7;0;2;2;1;1;
202300026846;155632997;B01;2;50;0;2;1;1;3;
202300026847;155632994;A01;1;10;0;2;3;15;1;
202300026847;155632995;B01;2;1;0;2;8;1;5;
202300026848;155632992;A01;2;7;0;2;1;9;1;
202300026848;155632993;B01;1;7;0;2;7;1;1;
202300026849;155632989;A01;3;33;0;0;0;13;1;
202300026849;155632991;B01;3;7;0;9;8;21;1;
202300026850;155632988;B01;0;33;0;2;8;15;1;
202300026850;155632990;A01;0;7;0;2;2;15;1;
202300026851;155632985;A01;1;7;0;2;1;2;1;
202300026851;155632986;B01;1;10;0;2;4;15;1;
202300026852;155632984;A01;0;7;0;2;1;15;1;
202300026852;155632987;B01;0;7;0;2;1;19;1;
202300026853;155632982;A01;3;33;0;2;7;16;1;
202300026853;155632983;B01;3;7;0;2;8;15;1;
202300026854;155632979;A01;1;7;0;1;3;11;1;
202300026855;155632980;A01;1;10;0;2;1;15;1;
202300026855;155632981;B01;1;7;0;2;1;1;1;
202300026856;155632978;A01;1;7;0;1;2;16;1;
202300026857;155632974;A01;3;7;0;2;0;1;1;
202300026857;155632976;B01;3;7;0;2;0;0;1;
202300026858;155632973;A01;3;7;0;1;2;1;1;
202300026859;155632971;A01;3;7;0;1;2;2;1;
202300026860;155632969;A01;1;1;1;0;1;1;5;
202300026861;155632970;B01;0;33;0;2;7;1;0;
202300026861;155632972;A01;0;10;0;2;1;15;0;
202300026862;155632967;A01;2;7;0;2;1;13;1;
202300026862;155632968;B01;1;37;0;2;7;1;1;1.0
202300026863;155632966;A01;2;7;11;0;3;10;1;
202300026864;155632965;A01;3;7;0;1;1;1;1;
202300026865;155632961;A01;2;7;0;2;1;1;1;
202300026865;155632962;B01;2;7;0;2;4;1;1;
202300026865;155632964;C01;2;7;0;2;4;1;1;
202300026866;155632958;A01;1;7;0;2;2;15;1;
202300026866;155632959;B01;2;2;0;2;1;1;1;
202300026867;155632957;A01;1;7;0;1;2;21;1;
202300026868;155632960;B01;1;7;0;2;2;1;1;
202300026868;155632963;A01;3;7;0;0;8;0;1;
202300026869;155632955;A01;1;7;0;2;3;19;0;
202300026869;155632956;B01;3;7;0;2;2;1;0;
202300026870;155632954;A01;1;33;0;0;0;1;1;
202300026871;155632953;A01;1;31;0;0;8;1;1;
202300026872;155632947;A01;1;7;0;2;1;15;1;
202300026872;155632949;B01;2;33;0;2;0;0;1;
202300026873;155632948;B01;3;7;0;2;1;15;1;
202300026873;155632950;A01;3;1;0;2;7;1;5;
202300026874;155632946;A01;3;7;8;0;1;0;1;
202300026875;155632944;B01;1;60;0;2;1;5;5;
202300026875;155632945;A01;1;7;0;2;2;9;1;
202300026876;155632941;A01;0;7;0;2;1;9;1;
202300026876;155632943;B01;0;34;0;2;7;1;1;
202300026877;155632940;A01;1;30;0;9;2;15;1;
202300026877;155632942;B01;2;50;0;2;1;1;3;
202300026878;155632937;A01;3;43;0;2;1;2;1;
202300026878;155632939;B01;0;7;0;2;0;15;0;
202300026879;155632938;A01;1;7;0;1;1;16;1;
202300026880;155632933;B01;3;10;0;2;1;1;1;
202300026880;155632934;C01;3;10;1;0;0;0;1;
202300026880;155632936;A01;3;34;0;2;1;1;1;
202300026881;155632932;A01;3;31;0;2;8;1;1;
202300026881;155632935;B01;0;7;0;2;3;15;1;
202300026882;155632931;A01;3;7;6;0;1;9;1;
202300026883;155632930;A01;2;7;0;1;2;1;1;
202300026884;155632929;A01;1;7;0;1;1;1;1;
202300026885;155632926;A01;3;7;0;2;1;2;1;
202300026885;155632928;B01;3;7;0;2;4;2;1;
202300026886;155632925;A01;1;7;0;2;1;5;1;
202300026886;155632927;B01;2;7;0;2;1;1;1;
202300026887;155632923;B01;1;33;0;2;3;1;1;
202300026887;155632924;A01;1;7;0;2;2;12;1;
202300026888;155632920;B01;2;7;0;2;6;11;1;
202300026888;155632921;A01;2;31;0;2;1;3;1;
202300026889;155632919;A01;2;30;0;2;8;1;3;
202300026889;155632922;B01;1;7;0;2;1;1;1;
202300026890;155632917;Z01;1;50;0;1;1;1;3;
202300026891;155632916;B01;1;2;0;2;8;1;1;
202300026891;155632918;A01;2;7;0;2;1;15;1;
202300026892;155632914;A01;2;10;0;2;3;10;1;
202300026892;155632915;B01;2;2;0;2;1;17;3;
202300026893;155632912;B01;3;33;0;2;2;1;1;
202300026893;155632913;A01;3;7;0;0;6;10;1;
202300026894;155632911;A01;3;30;4;0;3;13;3;
202300026895;155632909;A01;1;10;0;2;3;13;1;
202300026895;155632910;B01;2;7;0;2;3;1;1;
202300026896;155632908;A01;3;33;11;0;1;12;1;
202300026897;155632906;A01;3;7;0;2;1;1;1;
202300026897;155632907;B01;3;1;0;2;7;19;5;
202300026898;155632905;A01;1;13;0;1;1;15;1;
202300026899;155632904;A01;3;2;12;0;8;14;3;
202300026900;155632903;A01;3;7;0;1;1;1;1;
202300026901;155632902;Z01;2;7;0;1;3;1;1;
202300026902;155632901;A01;1;1;0;0;0;21;5;
202300026903;155632897;A01;1;7;0;2;1;13;1;
202300026903;155632899;B01;2;7;0;2;1;1;1;
202300026904;155632898;A01;1;7;0;2;1;17;1;
202300026904;155632900;B01;1;7;0;2;6;0;1;
202300026905;155632895;A01;1;7;0;2;1;15;1;
202300026905;155632896;B01;1;50;0;2;8;1;3;
202300026906;155632894;A01;1;7;0;1;3;1;1;
202300026907;155632892;B01;3;1;1;2;1;25;5;
202300026907;155632893;A01;3;7;0;2;2;9;1;
202300026908;155632890;B01;3;2;12;0;4;0;1;
202300026908;155632891;A01;3;2;12;0;1;0;1;
202300026909;155632889;A01;2;33;0;1;1;1;1;
202300026910;155632885;A01;3;7;0;2;2;15;0;
202300026910;155632887;B01;2;2;12;2;3;11;0;
202300026911;155632886;A01;1;7;0;2;1;9;1;
202300026911;155632888;B01;1;7;0;2;2;9;1;
202300026912;155632884;A01;0;33;0;0;5;16;1;
202300026913;155632883;A01;1;7;8;0;1;1;1;
202300026914;155632882;A01;0;7;1;0;2;1;1;
202300026915;155632880;A01;1;7;0;2;1;1;1;
202300026915;155632881;B01;1;7;0;2;4;1;1;
202300026916;155632878;A01;2;7;0;2;2;12;1;
202300026916;155632879;B01;2;30;0;2;0;0;1;
202300026917;155632877;A01;1;50;0;0;0;0;3;
202300026918;155632875;A01;2;30;0;2;7;2;1;
202300026918;155632876;B01;2;10;0;2;8;2;1;
202300026919;155632872;A01;2;7;0;2;3;0;1;
202300026919;155632874;B01;2;1;0;2;4;0;5;
202300026920;155632873;A01;1;7;0;1;3;1;2;
202300026921;155632871;A01;1;7;1;0;2;0;1;
202300026922;155632869;A01;3;7;0;2;1;17;1;
202300026922;155632870;B01;3;7;0;2;1;1;1;
202300026923;155632868;A01;3;7;0;1;3;16;1;
202300026924;155632867;A01;2;7;12;1;2;14;1;
202300026925;155632865;A01;1;7;0;2;3;13;1;
202300026925;155632866;B01;2;7;0;2;3;1;1;
202300026926;155632863;A01;2;10;3;2;3;14;1;
202300026926;155632864;B01;2;7;0;2;3;1;1;
202300026927;155632862;A01;2;17;13;0;1;14;1;
202300026928;155632861;A01;1;7;8;0;8;1;1;
202300026929;155632859;B01;1;7;14;0;6;0;1;
202300026929;155632860;A01;1;10;0;2;2;2;1;
202300026930;155632858;A01;2;10;6;0;1;1;1;
202300026931;155632856;A01;1;7;3;2;1;17;1;
202300026931;155632857;B01;1;15;0;2;5;1;1;
202300026932;155632855;A01;2;1;0;0;7;1;5;
202300026933;155632854;A01;2;7;13;0;3;1;1;
202300026934;155632851;C01;1;7;0;2;6;1;1;
202300026934;155632852;A01;2;7;0;2;1;5;1;
202300026934;155632853;B01;1;7;0;2;1;1;2;
202300026935;155632849;A01;1;7;0;2;1;13;1;
202300026935;155632850;B01;2;7;0;2;1;1;1;
202300026936;155632847;B01;2;7;0;2;3;1;0;
202300026936;155632848;A01;1;7;0;2;3;13;0;
202300026937;155632846;A01;2;7;13;0;0;14;1;
202300026938;155632844;A01;2;7;0;2;1;9;1;
202300026938;155632845;B01;1;33;0;2;1;21;1;
202300026939;155632842;A01;1;7;0;2;2;17;1;
202300026939;155632843;B01;1;7;13;0;6;1;1;
202300026940;155632841;A01;1;36;0;0;8;0;1;
202300026941;155632839;A01;2;7;0;2;3;1;1;
202300026941;155632840;B01;0;7;0;2;3;15;1;
202300026942;155632837;A01;2;7;2;0;1;21;1;
202300026943;155632835;A01;2;3;0;2;3;16;1;
202300026943;155632836;B01;1;7;0;2;6;23;1;
202300026944;155632833;A01;1;7;0;2;1;1;1;
202300026944;155632834;B01;3;7;0;2;8;19;1;
202300026945;155632832;A01;1;7;0;5;1;1;1;
202300026946;155632831;A01;2;33;13;0;1;21;1;
202300026947;155632830;A01;1;7;13;9;1;2;0;
202300026948;155632828;C01;1;1;0;2;4;0;5;
202300026948;155632829;A01;1;7;0;0;1;1;1;
202300026949;155632827;A01;3;7;15;0;1;14;1;
202300026950;155632826;A01;3;7;0;1;1;1;0;
202300026951;155632825;A01;2;10;13;0;2;13;1;
202300026952;155632822;B01;1;13;0;2;3;1;1;
202300026952;155632823;C01;1;7;0;2;1;2;1;
202300026952;155632824;A01;2;7;0;2;3;13;1;
202300026953;155632821;A01;1;7;0;0;0;16;0;
202300026954;155632818;A01;2;7;0;2;1;1;1;
202300026954;155632819;B01;2;7;0;2;5;0;1;
202300026954;155632820;C01;2;7;0;2;7;1;1;
202300026955;155632816;A01;2;7;0;2;1;21;1;
202300026955;155632817;B01;1;32;0;2;1;1;1;
202300026956;155632814;A01;1;15;0;0;6;2;1;
202300026956;155632815;B01;1;7;0;2;1;3;1;
202300026957;155632812;A01;0;7;0;2;3;11;1;
202300026957;155632813;B01;0;31;0;2;1;17;1;
202300026958;155632810;B01;1;31;0;2;3;1;0;
202300026958;155632811;A01;2;7;0;2;3;1;0;
202300026959;155632808;A01;2;7;0;2;1;13;1;
202300026959;155632809;B01;1;7;0;2;3;21;1;
202300026960;155632803;A01;1;7;0;2;8;11;1;
202300026960;155632804;B01;1;99;0;2;1;1;1;
202300026961;155632801;B01;1;7;0;2;1;1;1;
202300026961;155632802;A01;2;7;1;2;7;19;1;
202300026962;155632800;A01;2;7;8;0;1;14;1;
202300026963;155632798;B01;2;7;1;2;2;1;1;
202300026963;155632799;A01;3;7;0;2;3;9;1;
202300026964;155632797;A01;2;7;2;0;6;26;1;
202300026965;155632794;A01;1;7;2;0;1;14;1;
202300026966;155632792;A01;1;7;3;0;3;1;1;
202300026967;155632791;A01;2;7;6;0;7;14;1;
202300026968;155632790;A01;2;43;3;0;7;14;1;
202300026969;155632787;A01;1;7;3;2;1;13;1;
202300026969;155632788;B01;2;7;0;2;3;1;1;
202300026969;155632789;C01;2;7;0;2;2;21;1;
202300026970;155632784;A01;1;7;0;2;1;1;1;
202300026970;155632785;B01;1;7;0;2;4;23;1;
202300026970;155632786;C01;1;7;0;2;4;1;1;
202300026971;155632781;C01;1;7;0;0;1;1;1;
202300026971;155632782;A01;1;7;0;1;1;1;1;
202300026971;155632783;B01;1;7;0;0;1;1;1;
202300026972;155632779;A01;2;1;0;2;1;5;5;
202300026972;155632780;B01;1;7;0;9;1;2;4;
202300026973;155632777;A01;1;7;14;2;2;13;1;
202300026973;155632778;B01;2;7;0;2;1;1;1;
202300026974;155632775;A01;1;7;0;2;1;1;1;
202300026974;155632776;B01;1;7;0;2;3;9;1;
202300026975;155632774;A01;2;32;0;0;1;14;1;
202300026976;155632773;A01;1;10;7;0;1;13;1;
202300026977;155632772;A01;1;32;0;0;9;0;1;
202300026978;155632771;A01;1;7;2;0;1;13;1;
202300026979;155632770;A01;3;7;15;0;1;1;1;
202300026980;155632769;A01;1;36;0;0;0;15;1;
202300026981;155632767;A01;1;7;0;9;2;17;1;
202300026981;155632768;B01;1;1;0;2;3;0;5;
202300026982;155632765;A01;2;7;0;2;1;13;1;
202300026982;155632766;B01;1;7;0;2;3;1;1;
202300026983;155632763;A01;1;7;0;2;1;1;1;
202300026983;155632764;B01;2;30;0;2;1;1;1;
202300026984;155632761;A01;3;7;0;2;1;19;1;
202300026984;155632762;B01;1;7;0;2;3;1;1;
202300026985;155632759;A01;2;7;0;2;1;17;1;
202300026985;155632760;B01;2;7;0;2;6;15;1;
202300026986;155632757;B01;3;2;0;2;0;2;1;
202300026986;155632758;A01;3;7;0;2;3;1;1;
202300026987;155632756;A01;3;7;0;1;1;1;0;
202300026988;155632754;A01;1;99;0;2;1;13;1;
202300026988;155632755;B01;2;10;0;2;1;1;1;
202300026989;155632753;A01;1;33;0;0;1;1;1;
202300026990;155632751;B01;1;7;0;0;5;15;1;
202300026990;155632752;A01;1;33;0;2;1;1;1;
202300026991;155632749;A01;1;10;0;0;4;23;1;
202300026991;155632750;B01;1;33;1;2;1;2;1;
202300026992;155632747;A01;2;7;1;2;2;1;1;
202300026992;155632748;B01;2;1;0;0;4;1;5;
202300026993;155632745;B01;2;33;0;2;1;1;1;
202300026993;155632746;A01;1;7;0;2;7;15;1;
202300026994;155632743;A01;2;10;8;2;2;13;1;
202300026994;155632744;B01;1;7;13;2;7;14;1;
202300026995;155632742;A01;1;7;15;0;1;14;1;
202300026996;155632740;A01;3;1;15;0;0;21;5;
202300026996;155632741;B01;3;1;0;0;0;17;5;
202300026997;155632738;A01;1;7;0;2;1;13;1;
202300026997;155632739;B01;2;7;0;2;1;1;0;
202300026998;155632735;A01;2;33;11;0;8;17;1;
202300026999;155632732;B01;1;7;0;2;1;1;0;
202300026999;155632733;A01;2;30;0;0;3;15;1;
202300027000;155632731;A01;2;7;13;0;2;1;1;
202300027001;155632729;A01;1;33;0;2;7;13;1;
202300027001;155632730;B01;2;34;0;2;8;1;1;
202300027002;155632727;A01;1;15;0;0;8;1;0;
202300027002;155632728;B01;2;34;0;2;3;5;1;
202300027003;155632725;A01;1;33;0;2;3;1;1;
202300027003;155632726;B01;2;7;0;2;3;15;1;
202300027004;155632722;A01;2;7;4;0;3;0;1;
202300027004;155632723;B01;2;7;0;2;2;14;1;
202300027004;155632724;C01;2;7;0;2;6;1;1;
202300027005;155632721;A01;1;7;0;1;2;1;1;
202300027006;155632719;B01;1;7;0;2;1;16;1;
202300027006;155632720;A01;1;15;0;2;2;1;1;
202300027007;155632718;A01;3;7;1;1;6;4;1;
202300027008;155632717;A01;3;2;6;0;1;1;1;
202300027009;155632715;A01;1;7;0;2;1;13;1;
202300027009;155632716;B01;2;7;13;2;1;1;1;
202300027010;155632713;B01;2;7;0;2;1;1;1;
202300027010;155632714;A01;2;7;0;0;4;1;1;
202300027011;155632711;Z01;1;7;0;2;8;11;0;
202300027011;155632712;A01;1;33;0;2;7;1;1;
202300027012;155632709;A01;2;17;0;2;7;12;1;
202300027012;155632710;B01;2;7;0;2;8;2;1;
202300027013;155632707;A01;1;7;0;2;4;1;1;
202300027013;155632708;Z01;1;7;0;2;1;13;1;
202300027014;155632705;A01;2;7;0;2;1;2;1;
202300027014;155632706;B01;2;7;0;2;4;2;1;
202300027015;155632704;A01;2;31;16;0;8;3;1;
202300027016;155632701;B01;2;10;0;2;4;2;1;
202300027016;155632702;C01;2;14;0;2;4;2;1;
202300027016;155632703;A01;2;10;0;2;1;2;1;
202300027017;155632698;B01;1;33;0;2;0;3;1;
202300027017;155632699;C01;1;7;0;2;0;1;1;
202300027017;155632700;A01;1;17;0;2;8;1;6;
202300027018;155632696;A01;2;7;0;2;7;12;1;
202300027018;155632697;B01;2;33;0;2;6;3;1;
202300027019;155632694;A01;1;32;0;2;2;0;1;
202300027019;155632695;B01;1;7;0;2;3;11;1;
202300027020;155632692;A01;1;7;0;2;3;3;0;
202300027020;155632693;B01;1;7;0;2;2;1;0;
202300027021;155632691;A01;1;7;3;0;3;13;1;
202300027022;155632689;A01;1;33;0;2;7;3;1;
202300027022;155632690;B01;1;7;0;2;6;11;1;
202300027023;155632685;B01;1;7;0;2;5;1;1;
202300027023;155632686;C01;1;7;0;2;4;1;1;
202300027023;155632687;A01;1;33;0;2;5;3;1;
202300027023;155632688;D01;1;7;0;2;4;1;1;
202300027024;155632683;A01;1;7;0;2;8;11;1;
202300027024;155632684;B01;1;32;0;2;7;3;1;
202300027025;155632682;A01;2;33;4;0;8;1;1;
202300027026;155632680;A01;2;10;0;2;1;1;1;
202300027026;155632681;B01;2;10;0;2;4;1;1;
202300027027;155632677;A01;1;7;0;2;7;12;1;
202300027027;155632678;B01;1;33;0;2;3;3;1;
202300027027;155632679;C01;1;7;0;2;4;1;1;
202300027028;155632675;B01;1;7;0;2;4;2;2;
202300027028;155632676;A01;1;10;0;2;1;2;1;
202300027029;155632673;A01;2;15;0;2;2;12;1;
202300027029;155632674;B01;2;7;0;2;8;1;1;
202300027030;155632670;A01;1;7;0;2;7;12;1;
202300027030;155632671;B01;1;33;0;2;8;3;1;
202300027030;155632672;C01;1;7;0;2;4;1;1;
202300027031;155632668;B01;1;33;0;2;7;3;1;
202300027031;155632669;A01;1;7;0;2;8;11;1;
202300027032;155632666;A01;2;7;0;2;1;5;0;
202300027032;155632667;B01;2;10;0;2;1;1;0;
202300027033;155632664;E01;3;7;1;0;6;0;1;
202300027033;155632665;A01;0;7;1;0;4;16;1;
202300027034;155632663;A01;1;7;0;1;3;1;1;
202300027035;155632661;B01;2;80;0;2;5;16;3;
202300027035;155632662;A01;2;10;0;2;7;16;1;
202300027036;155632659;A01;3;32;0;2;8;1;1;
202300027036;155632660;B01;3;3;0;2;7;12;1;
202300027037;155632658;A01;0;40;0;1;2;1;3;
202300027038;155632656;A01;1;7;8;2;1;1;1;
202300027038;155632657;B01;1;7;0;2;4;1;1;
202300027039;155632654;A01;1;7;0;2;1;1;1;
202300027039;155632655;B01;1;7;0;2;4;23;1;
202300027040;155632652;A01;1;34;0;2;1;1;1;
202300027040;155632653;B01;1;7;0;2;8;1;1;
202300027041;155632650;A01;1;33;0;2;1;1;1;
202300027041;155632651;B01;1;10;0;2;4;1;1;
202300027042;155632648;A01;1;7;0;2;2;1;1;
202300027042;155632649;B01;1;7;0;2;1;1;1;
202300027043;155632647;Z01;3;30;0;1;4;26;0;
202300027044;155632645;A01;3;7;0;2;5;12;1;
202300027044;155632646;B01;3;7;0;2;3;0;1;
202300027045;155632643;B01;1;33;0;2;1;1;1;
202300027045;155632644;A01;1;7;0;2;5;15;1;
202300027046;155632639;A01;1;7;0;2;1;2;1;
202300027046;155632640;B01;1;7;0;2;4;2;1;
202300027046;155632641;C01;1;7;0;2;4;2;1;
202300027046;155632642;D01;1;7;0;2;4;2;1;
202300027047;155632638;A01;1;7;0;1;1;16;0;
202300027048;155632635;A01;2;30;6;0;0;16;1;
202300027049;155632633;A01;1;7;0;2;2;15;1;
202300027049;155632634;B01;2;32;0;2;1;1;0;
202300027050;155632631;A01;2;1;0;2;1;25;5;
202300027050;155632632;B01;1;7;0;2;3;9;1;
202300027051;155632629;Z01;1;13;0;2;0;12;0;
202300027051;155632630;B01;2;1;12;2;7;2;5;
202300027052;155632628;Z01;2;10;0;1;1;1;1;
202300027053;155632624;A01;2;30;0;2;7;17;1;
202300027053;155632625;B01;2;7;0;2;8;15;1;
202300027054;155632623;A01;2;7;0;1;1;1;1;
202300027055;155632621;A01;2;14;0;2;1;1;1;
202300027055;155632622;B01;2;7;0;0;4;1;4;
202300027056;155632619;B01;2;33;0;2;8;1;1;
202300027056;155632620;A01;2;7;0;2;1;15;1;
202300027057;155632617;A01;1;7;0;2;8;1;1;
202300027057;155632618;B01;2;1;0;0;0;0;5;
202300027058;155632615;A01;1;50;0;2;1;19;3;
202300027058;155632616;B01;2;7;0;2;2;1;1;
202300027059;155632614;A01;2;7;0;1;2;1;1;
202300027060;155632612;A01;1;1;0;2;8;1;5;
202300027060;155632613;B01;1;7;0;2;5;16;1;
202300027061;155632610;B01;2;7;0;2;3;0;1;
202300027061;155632611;A01;1;37;0;2;2;1;1;1.0
202300027062;155632608;A01;3;7;0;2;3;1;1;
202300027062;155632609;B01;3;7;0;2;2;16;1;
202300027063;155632606;B01;2;7;0;2;4;23;1;
202300027063;155632607;A01;2;2;0;2;1;1;1;
202300027064;155632604;A01;1;7;0;2;8;15;1;
202300027064;155632605;B01;1;31;0;2;1;1;3;
202300027065;155632602;A01;1;7;0;2;3;2;2;
202300027065;155632603;B01;1;2;0;2;4;2;1;
202300027066;155632600;B01;1;1;0;2;8;2;5;
202300027066;155632601;A01;1;37;0;2;7;2;1;1.0
202300027067;155632598;B01;1;7;0;2;3;1;3;
202300027067;155632599;Z01;2;7;0;2;1;5;1;
202300027068;155632597;A01;1;40;0;1;3;1;3;
202300027069;155632595;B01;1;7;0;2;0;15;0;
202300027069;155632596;A01;2;30;0;2;1;17;1;
202300027070;155632593;A01;1;7;16;2;8;13;1;
202300027070;155632594;B01;1;15;0;2;2;17;1;
202300027071;155632592;A01;0;7;4;0;1;17;1;
202300027072;155632591;A01;0;7;0;1;1;1;1;
202300027073;155632589;A01;1;33;0;2;1;1;1;
202300027073;155632590;Z01;1;7;0;2;1;15;0;
202300027074;155632586;A01;1;30;13;0;3;13;1;
202300027075;155632584;A01;3;33;0;2;1;17;1;
202300027075;155632585;B01;3;7;0;2;4;15;1;
202300027076;155632582;A01;0;10;0;2;2;15;1;
202300027076;155632583;B01;0;7;0;2;1;1;1;
202300027077;155632580;A01;3;43;0;2;3;0;1;
202300027077;155632581;Z01;3;0;0;2;0;0;0;
202300027078;155632577;A01;2;7;1;1;1;1;1;
202300027078;155632578;B01;2;7;0;2;1;2;1;
202300027078;155632579;D01;2;7;0;2;8;24;1;
202300027079;155632575;B01;0;7;0;2;1;1;1;
202300027079;155632576;A01;3;7;6;2;7;1;2;
202300027080;155632574;A01;1;3;0;0;1;21;3;
202300027081;155632573;A01;1;7;8;0;1;13;1;
202300027082;155632572;A01;2;7;8;0;1;13;1;
202300027083;155632570;A01;1;7;0;2;3;15;1;
202300027083;155632571;B01;1;7;0;2;2;17;1;
202300027084;155632567;A01;1;10;0;2;3;22;1;
202300027084;155632568;B01;1;43;0;2;1;3;1;
202300027084;155632569;C01;1;7;0;2;4;1;1;
202300027085;155632565;A01;3;50;0;2;8;2;3;
202300027085;155632566;B01;3;7;0;2;2;2;1;
202300027086;155632563;B01;1;33;0;2;1;1;1;
202300027086;155632564;A01;1;99;0;2;6;15;3;
202300027087;155632562;A01;1;30;0;1;1;11;1;
202300027088;155632558;A01;1;30;0;2;3;9;0;
202300027088;155632559;B01;1;1;0;2;0;1;5;
202300027089;155632556;A01;2;7;0;2;8;20;2;
202300027089;155632557;B01;2;60;1;2;2;1;5;
202300027090;155632554;A01;1;30;0;2;1;2;1;
202300027090;155632555;B01;3;1;0;2;8;19;5;
202300027091;155632552;A01;3;30;0;2;8;19;1;
202300027091;155632553;B01;2;32;0;2;1;0;1;
202300027092;155632550;B01;3;37;0;2;3;1;1;3.0
202300027092;155632551;A01;3;7;0;2;1;1;1;
202300027093;155632548;B01;2;1;0;2;8;1;5;
202300027093;155632549;A01;2;10;0;2;2;17;1;
202300027094;155632547;A01;1;7;0;1;1;2;6;
202300027095;155632544;B01;1;30;0;2;8;1;1;
202300027095;155632545;C01;1;31;0;2;8;1;1;
202300027095;155632546;A01;1;7;0;2;1;15;1;
202300027096;155632543;A01;1;30;0;1;1;1;0;
202300027097;155632541;A01;2;7;0;2;1;15;1;
202300027097;155632542;B01;1;34;0;2;1;1;1;
202300027098;155632539;A01;0;7;0;0;2;12;0;
202300027098;155632540;B01;0;33;0;0;0;0;0;
202300027099;155632538;A01;2;10;0;1;4;4;1;
202300027100;155632537;A01;3;7;12;0;1;1;1;
202300027101;155632535;B01;2;32;0;2;8;1;1;
202300027101;155632536;A01;2;10;0;2;7;14;1;
202300027102;155632534;A01;1;1;1;2;0;3;5;
202300027103;155632533;A01;1;7;1;0;3;0;1;
202300027104;155632531;A01;2;43;0;2;1;15;1;
202300027104;155632532;B01;2;30;0;2;3;18;1;
202300027105;155632529;A01;2;7;0;2;1;2;1;
202300027105;155632530;B01;2;32;0;2;4;23;1;