Num_Acc;id_vehicule;num_veh;senc;catv;obs;obsm;choc;manv;motor;occutc
202300027106;155632527;A01;0;7;0;2;1;1;1;
202300027106;155632528;B01;0;1;0;2;7;1;5;
202300027107;155632525;B01;0;1;0;2;1;1;5;
202300027107;155632526;A01;0;7;0;9;3;1;0;
202300027108;155632524;A01;1;40;0;1;1;1;0;
202300027109;155632523;A01;1;7;0;1;2;15;1;
202300027110;155632521;B01;1;50;0;2;7;25;3;
202300027110;155632522;A01;1;7;0;9;1;26;1;
202300027111;155632519;A01;3;50;0;2;0;0;3;
202300027111;155632520;B01;3;7;0;2;3;16;0;
202300027112;155632518;A01;1;7;1;1;4;4;2;
202300027113;155632516;A01;2;30;0;2;1;2;1;
202300027113;155632517;B01;2;10;0;2;4;1;1;
202300027114;155632515;A01;2;33;0;1;1;1;3;
202300027115;155632513;A01;1;7;0;2;1;1;2;
202300027115;155632514;B01;1;7;0;2;3;1;1;
202300027116;155632511;B01;1;1;0;2;1;1;5;
202300027116;155632512;A01;1;7;0;2;8;15;1;
202300027117;155632510;A01;2;7;6;0;1;17;1;
202300027118;155632509;A01;1;7;3;0;7;1;1;
202300027119;155632507;B01;3;80;0;2;1;5;3;
202300027119;155632508;A01;0;7;0;0;3;0;1;
202300027120;155632506;A01;2;50;0;0;9;1;3;
202300027121;155632504;A01;2;7;0;2;3;13;1;
202300027121;155632505;B01;1;15;15;2;3;1;1;
202300027122;155632500;A01;1;7;0;2;0;11;1;
202300027122;155632501;B01;1;33;0;2;0;3;1;
202300027123;155632499;A01;2;7;3;0;2;26;1;
202300027124;155632497;A01;1;7;0;2;6;15;1;
202300027124;155632498;B01;1;33;0;2;1;17;1;
202300027125;155632495;B01;1;14;0;2;1;1;1;
202300027125;155632496;A01;2;7;13;2;8;19;1;
202300027126;155632492;A01;1;7;0;2;1;13;1;
202300027126;155632493;B01;2;10;0;2;1;1;1;
202300027126;155632494;C01;2;7;0;2;8;1;1;
202300027127;155632490;A01;2;1;0;2;4;1;5;
202300027127;155632491;B01;2;7;0;2;1;17;0;
202300027128;155632489;A01;1;31;12;0;2;17;1;
202300027129;155632488;A01;3;7;1;0;3;0;1;
202300027130;155632487;A01;2;7;13;0;2;14;1;
202300027131;155632485;A01;2;7;0;0;5;15;1;
202300027131;155632486;B01;1;1;0;2;1;1;5;
202300027132;155632484;A01;0;7;8;0;0;0;1;
202300027133;155632482;A01;1;7;0;2;2;9;1;
202300027133;155632483;B01;1;7;0;2;1;1;1;
202300027134;155632480;A01;2;7;0;2;2;26;1;
202300027134;155632481;B01;1;33;0;2;1;13;1;
202300027135;155632478;A01;1;7;0;2;3;15;1;
202300027135;155632479;B01;2;32;0;2;1;1;1;
202300027136;155632476;A01;3;37;0;9;2;5;1;1.0
202300027136;155632477;B01;3;1;0;2;1;1;5;
202300027137;155632474;A01;1;7;6;0;2;14;1;
202300027138;155632472;A01;2;10;0;2;1;19;1;
202300027138;155632473;B01;1;10;0;2;3;1;1;
202300027139;155632470;A01;1;13;0;2;6;19;1;
202300027139;155632471;B01;2;33;0;2;1;1;1;
202300027140;155632467;A01;1;7;0;2;1;1;1;
202300027140;155632468;B01;2;7;0;2;1;13;1;
202300027140;155632469;C01;1;7;0;2;6;1;1;
202300027141;155632465;A01;3;31;0;2;1;1;1;
202300027141;155632466;B01;3;1;0;2;1;19;5;
202300027142;155632464;A01;2;33;7;0;2;1;1;
202300027143;155632463;A01;3;7;0;1;1;1;1;
202300027144;155632461;A01;2;7;0;2;3;5;0;
202300027144;155632462;B01;1;14;0;2;2;21;1;
202300027145;155632459;A01;2;17;3;2;1;13;1;
202300027145;155632460;B01;2;7;0;2;2;17;6;
202300027146;155632456;A01;1;7;3;0;7;1;1;
202300027146;155632457;C01;1;7;4;0;6;1;1;
202300027146;155632458;B01;1;15;0;2;3;11;1;
202300027147;155632455;A01;1;10;14;0;0;2;1;
202300027148;155632453;A01;2;17;0;0;6;24;1;
202300027148;155632454;B01;2;7;0;2;2;14;1;
202300027149;155632451;A01;1;10;0;2;1;13;1;
202300027149;155632452;B01;2;14;0;2;3;1;1;
202300027150;155632448;A01;2;7;0;0;6;11;1;
202300027150;155632449;B01;2;7;0;0;2;1;1;
202300027150;155632450;C01;2;7;0;0;4;1;1;
202300027151;155632447;A01;1;33;0;0;0;1;1;
202300027152;155632445;A01;1;7;0;0;4;2;0;
202300027152;155632446;B01;1;7;0;0;1;2;0;
202300027153;155632443;B01;2;7;0;2;3;1;1;
202300027153;155632444;A01;1;2;0;2;3;1;1;
202300027154;155632441;A01;2;7;0;2;1;1;1;
202300027154;155632442;B01;1;7;0;2;1;13;1;
202300027155;155632439;A01;2;7;0;2;3;9;1;
202300027155;155632440;B01;1;2;0;2;1;1;1;
202300027156;155632438;A01;0;7;0;1;3;1;1;
202300027157;155632436;A01;0;10;0;0;3;19;1;
202300027157;155632437;B01;0;33;0;2;1;1;1;
202300027158;155632432;B01;1;7;3;0;4;2;1;
202300027158;155632433;A01;1;7;4;2;1;2;1;
202300027158;155632434;C01;1;7;15;2;3;2;1;
202300027159;155632430;B01;1;1;0;2;8;1;5;
202300027159;155632431;A01;2;2;0;2;8;13;1;
202300027160;155632428;A01;0;7;0;0;4;2;1;
202300027160;155632429;B01;0;7;0;2;1;2;1;
202300027161;155632427;A01;1;1;0;0;0;0;5;
202300027162;155632425;A01;2;7;0;2;3;26;1;
202300027162;155632426;B01;1;7;0;2;3;26;1;
202300027163;155632423;A01;1;7;0;2;6;1;1;
202300027163;155632424;B01;1;50;0;2;1;1;3;
202300027164;155632420;A01;2;7;0;2;1;2;1;
202300027164;155632421;B01;2;7;0;2;4;2;1;
202300027164;155632422;C01;2;7;0;2;6;23;1;
202300027165;155632418;B01;2;32;0;2;5;1;1;
202300027165;155632419;A01;2;7;0;2;1;9;1;
202300027166;155632415;A01;2;30;14;0;0;1;1;
202300027167;155632414;A01;1;34;8;0;1;1;1;
202300027168;155632411;B01;1;7;0;2;1;2;1;
202300027168;155632412;A01;2;7;0;2;1;13;1;
202300027168;155632413;C01;1;7;0;2;1;2;1;
202300027169;155632406;D01;2;7;0;2;4;1;1;
202300027169;155632407;C01;2;7;0;2;4;1;1;
202300027169;155632408;E01;2;7;0;2;4;1;1;
202300027169;155632409;A01;2;15;0;2;1;1;1;
202300027169;155632410;B01;2;7;0;2;4;1;1;
202300027170;155632404;A01;1;32;0;2;7;3;1;
202300027170;155632405;B01;1;7;0;2;3;11;2;
202300027171;155632402;B01;3;1;0;2;1;1;5;
202300027171;155632403;A01;3;7;0;2;3;1;1;
202300027172;155632400;A01;2;7;0;2;1;15;1;
202300027172;155632401;B01;1;33;0;2;1;1;1;
202300027173;155632398;A01;1;7;0;2;5;12;1;
202300027173;155632399;B01;1;37;0;2;3;7;1;5.0
202300027174;155632396;A01;1;80;0;2;7;1;3;
202300027174;155632397;B01;2;10;0;2;1;1;3;
202300027175;155632394;A01;1;80;0;2;1;25;3;
202300027175;155632395;B01;1;33;0;2;1;9;1;
202300027176;155632393;A01;0;34;0;1;1;1;1;
202300027177;155632391;A01;1;1;0;2;1;1;5;
202300027177;155632392;B01;1;7;0;2;7;1;2;
202300027178;155632390;A01;3;10;0;1;2;16;1;
202300027179;155632387;C01;2;1;0;2;4;1;5;
202300027179;155632388;A01;2;7;0;2;3;22;3;
202300027179;155632389;B01;1;1;1;2;1;1;5;
202300027180;155632385;A01;3;1;0;2;4;1;5;
202300027180;155632386;B01;3;1;0;2;1;1;5;
202300027181;155632384;Z01;3;7;0;1;1;2;0;
202300027182;155632383;A01;1;2;0;1;3;1;1;
202300027183;155632382;A01;2;50;0;1;1;1;3;
202300027184;155632380;B01;1;1;1;2;1;1;5;
202300027184;155632381;A01;3;10;0;2;3;24;1;
202300027185;155632378;B01;1;33;0;2;8;15;1;
202300027185;155632379;A01;1;7;0;2;2;2;1;
202300027186;155632377;A01;1;60;0;1;8;25;5;
202300027187;155632376;Z01;2;1;0;1;1;1;5;
202300027188;155632374;A01;3;80;12;0;0;14;3;
202300027189;155632373;A01;1;30;0;0;0;21;1;
202300027190;155632372;A01;1;1;14;0;1;1;5;
202300027191;155632370;B01;1;1;0;2;4;23;5;
202300027191;155632371;A01;1;10;0;2;2;15;1;
202300027192;155632368;A01;1;50;0;2;7;1;3;
202300027192;155632369;Z01;1;10;0;2;1;15;2;
202300027193;155632367;A01;1;7;0;1;1;2;1;
202300027194;155632365;B01;1;1;0;2;8;1;5;
202300027194;155632366;A01;2;7;0;2;3;15;1;
202300027195;155632363;A01;0;10;0;2;1;2;1;
202300027195;155632364;B01;0;7;0;2;0;9;1;
202300027196;155632362;A01;3;14;0;1;2;1;1;
202300027197;155632361;A01;3;7;0;1;2;1;1;
202300027198;155632359;A01;0;10;0;2;2;16;1;
202300027198;155632360;B01;0;2;0;2;1;1;1;
202300027199;155632357;B01;3;33;0;2;1;17;1;
202300027199;155632358;A01;1;7;1;0;2;15;1;
202300027200;155632355;A01;0;7;0;2;3;22;1;
202300027200;155632356;B01;0;1;1;0;1;17;5;
202300027201;155632354;A01;1;33;0;1;0;26;0;
202300027202;155632353;B01;2;7;0;1;4;9;1;
202300027203;155632352;A01;1;0;0;1;1;1;0;
202300027204;155632350;A01;2;2;0;2;2;17;3;
202300027204;155632351;B01;2;10;0;2;3;2;1;
202300027205;155632348;A01;2;7;0;2;2;15;1;
202300027205;155632349;B01;2;7;0;2;3;1;1;
202300027206;155632346;B01;3;1;0;2;8;19;5;
202300027206;155632347;A01;1;33;0;2;1;1;1;
202300027207;155632344;B01;1;7;0;2;3;1;2;
202300027207;155632345;A01;3;1;0;2;1;6;5;
202300027208;155632341;A01;1;2;0;2;1;16;1;
202300027208;155632342;B01;2;20;0;2;6;1;1;
202300027209;155632340;A01;0;10;0;1;4;4;1;
202300027210;155632337;A01;1;7;0;2;0;17;1;
202300027210;155632338;B01;2;7;0;2;1;1;1;
202300027210;155632339;C01;1;0;0;2;3;1;1;
202300027211;155632335;A01;1;7;0;2;2;15;1;
202300027211;155632336;B01;2;7;0;2;1;1;1;
202300027212;155632332;A01;2;7;0;2;3;11;1;
202300027212;155632333;B01;1;7;0;2;6;1;1;
202300027212;155632334;C01;1;7;0;2;3;1;1;
202300027213;155632330;B01;2;7;0;0;3;0;1;
202300027213;155632331;A01;2;33;0;0;3;0;1;
202300027214;155632327;A01;1;37;0;2;1;2;0;1.0
202300027214;155632328;B01;1;14;0;2;4;2;1;
202300027214;155632329;C01;1;14;0;2;4;2;1;
202300027215;155632325;A01;2;7;0;2;3;2;1;
202300027215;155632326;B01;1;80;0;2;7;16;3;
202300027216;155632323;B01;1;7;0;2;2;1;1;
202300027216;155632324;A01;1;2;0;2;1;1;1;
202300027217;155632321;B01;1;7;0;2;1;1;0;
202300027217;155632322;A01;2;33;0;2;1;17;1;
202300027218;155632319;A01;1;2;0;2;8;9;1;
202300027218;155632320;B01;2;99;0;2;2;21;1;
202300027219;155632317;A01;1;7;0;2;3;13;1;
202300027219;155632318;B01;1;7;0;2;3;1;1;
202300027220;155632316;A01;1;2;0;0;7;16;1;
202300027221;155632314;B01;2;31;0;2;1;17;1;
202300027221;155632315;A01;1;33;0;2;1;17;1;
202300027222;155632313;A01;1;7;8;0;3;1;1;
202300027223;155632312;A01;2;7;7;0;8;1;1;
202300027224;155632311;A01;2;7;2;0;3;1;1;
202300027225;155632309;A01;1;7;0;2;2;2;1;
202300027225;155632310;B01;1;50;0;2;4;1;3;
202300027226;155632307;A01;2;7;0;2;2;2;1;
202300027226;155632308;B01;2;1;0;2;0;2;5;
202300027227;155632305;B01;3;2;0;2;1;1;1;
202300027227;155632306;A01;3;7;0;2;3;10;1;
202300027228;155632303;B01;3;1;0;2;1;1;5;
202300027228;155632304;A01;3;7;0;2;5;15;1;
202300027229;155632301;A01;2;21;0;2;1;5;0;
202300027229;155632302;B01;2;7;0;2;1;1;0;
202300027230;155632299;A01;1;10;0;9;2;2;1;
202300027230;155632300;B01;1;1;0;2;4;2;5;
202300027231;155632298;A01;1;7;8;0;1;1;1;
202300027232;155632295;A01;1;99;0;1;7;17;1;
202300027233;155632294;A01;1;33;13;0;1;0;1;
202300027234;155632292;A01;1;2;0;2;7;19;1;
202300027234;155632293;B01;0;7;0;2;1;1;2;
202300027235;155632291;A01;2;1;0;0;0;9;5;
202300027236;155632289;A01;0;7;0;2;1;17;1;
202300027236;155632290;B01;0;7;0;2;1;1;1;
202300027237;155632286;B01;1;3;0;2;4;1;3;
202300027237;155632287;A01;1;7;0;2;1;2;1;
202300027238;155632284;A01;1;7;0;0;0;1;1;
202300027238;155632285;B01;2;7;0;2;1;1;1;
202300027239;155632282;A01;1;7;0;2;3;13;1;
202300027239;155632283;B01;2;7;0;2;3;13;1;
202300027240;155632280;A01;2;7;9;2;7;1;1;
202300027240;155632281;B01;1;7;6;2;1;1;1;
202300027241;155632278;A01;0;7;0;0;3;21;1;
202300027241;155632279;B01;0;7;0;0;3;1;1;
202300027242;155632277;A01;2;32;0;1;2;18;1;
202300027243;155632275;A01;1;7;0;2;3;26;1;
202300027243;155632276;B01;1;80;0;2;1;19;3;
202300027244;155632274;A01;2;33;5;0;1;1;1;
202300027245;155632272;A01;2;33;0;2;1;3;1;
202300027245;155632273;B01;1;7;0;2;1;15;1;
202300027246;155632270;B01;1;7;0;2;1;0;1;
202300027246;155632271;A01;1;7;0;2;1;5;1;
202300027247;155632269;A01;2;33;0;0;2;0;1;
202300027248;155632267;A01;3;7;0;2;3;16;1;
202300027248;155632268;B01;3;1;0;2;1;1;5;
202300027249;155632265;A01;1;7;0;2;2;17;1;
202300027249;155632266;B01;1;1;0;2;8;13;5;
202300027250;155632264;A01;0;31;0;0;0;1;1;
202300027251;155632262;B01;1;10;0;2;1;13;1;
202300027251;155632263;A01;2;7;0;2;1;1;1;
202300027252;155632260;A01;2;7;0;2;1;1;1;
202300027252;155632261;B01;1;31;0;2;1;1;1;
202300027253;155632258;A01;1;7;0;2;8;9;1;
202300027253;155632259;B01;1;1;0;2;2;1;5;
202300027254;155632255;B01;1;7;0;2;6;23;0;
202300027254;155632256;A01;1;7;0;2;2;2;2;
202300027254;155632257;C01;2;10;0;2;3;1;1;
202300027255;155632253;A01;0;10;0;0;7;1;1;
202300027255;155632254;B01;3;30;0;2;1;1;1;
202300027256;155632251;A01;2;33;0;2;1;17;1;
202300027256;155632252;B01;1;7;0;2;1;1;1;
202300027257;155632250;A01;1;7;0;1;8;1;1;
202300027258;155632249;A01;2;7;13;0;1;1;1;
202300027259;155632247;B01;1;1;0;2;2;0;5;
202300027259;155632248;A01;1;10;0;2;2;16;1;
202300027260;155632245;A01;2;33;0;2;8;1;1;
202300027260;155632246;B01;2;7;0;2;7;17;1;
202300027261;155632243;B01;1;7;0;2;6;1;1;
202300027261;155632244;Z01;1;15;0;2;2;12;1;
202300027262;155632242;A01;1;33;4;0;1;2;0;
202300027263;155632240;A01;2;33;0;2;1;1;1;
202300027263;155632241;B01;2;7;0;2;4;1;1;
202300027264;155632237;B01;1;7;0;2;4;2;1;
202300027264;155632238;C01;1;7;0;2;4;2;1;
202300027264;155632239;A01;1;7;0;2;1;2;1;
202300027265;155632235;B01;2;33;0;2;8;2;1;
202300027265;155632236;A01;2;7;0;2;5;0;1;
202300027266;155632233;A01;2;7;0;2;5;12;1;
202300027266;155632234;B01;2;33;0;2;8;1;1;
202300027267;155632231;A01;2;10;0;2;8;11;1;
202300027267;155632232;B01;2;33;0;2;7;3;1;
202300027268;155632228;A01;1;10;0;2;2;1;1;
202300027268;155632229;B01;1;7;0;2;3;1;1;
202300027268;155632230;C01;1;33;0;2;1;1;1;
202300027269;155632226;A01;2;33;0;2;2;3;1;
202300027269;155632227;B01;2;7;0;2;6;11;1;
202300027270;155632224;A01;2;7;0;2;1;1;1;
202300027270;155632225;B01;2;7;0;2;4;1;1;
202300027271;155632222;B01;2;33;0;2;7;1;1;
202300027271;155632223;A01;2;33;0;2;8;13;1;
202300027272;155632220;B01;1;33;0;2;7;1;1;
202300027272;155632221;A01;1;7;0;2;8;11;1;
202300027273;155632218;B01;1;2;0;2;1;1;1;
202300027273;155632219;A01;1;7;0;2;6;13;1;
202300027274;155632214;A01;2;7;3;2;7;5;1;
202300027274;155632215;C01;1;7;0;2;1;1;1;
202300027274;155632216;D01;1;7;0;9;1;1;1;
202300027274;155632217;B01;1;7;0;2;3;1;1;
202300027275;155632213;A01;2;7;2;0;1;1;1;
202300027276;155632211;A01;2;7;0;2;2;16;1;
202300027276;155632212;B01;2;33;8;2;3;18;1;
202300027277;155632209;A01;3;7;0;2;7;2;1;
202300027277;155632210;B01;3;37;0;2;6;23;1;1.0
202300027278;155632207;A01;2;33;0;2;4;2;1;
202300027278;155632208;B01;2;2;0;2;4;2;1;
202300027279;155632205;B01;2;7;0;2;3;1;1;
202300027279;155632206;A01;1;30;0;2;1;13;1;
202300027280;155632201;B01;1;7;0;2;4;2;1;
202300027280;155632202;C01;1;7;0;2;4;2;1;
202300027280;155632203;D01;1;7;0;2;4;2;1;
202300027280;155632204;A01;2;7;0;2;1;2;1;
202300027281;155632200;A01;3;50;1;0;1;21;3;
202300027282;155632198;B01;1;2;0;2;4;15;1;
202300027282;155632199;A01;1;7;0;2;1;2;2;
202300027283;155632197;A01;1;2;0;0;8;1;1;
202300027284;155632195;A01;1;2;0;2;7;1;1;
202300027284;155632196;B01;0;7;0;9;3;19;0;
202300027285;155632193;A01;1;7;0;2;5;15;1;
202300027285;155632194;B01;1;33;0;2;1;1;1;
202300027286;155632192;A01;1;7;9;0;1;26;0;
202300027287;155632190;A01;1;7;0;2;3;11;3;
202300027287;155632191;B01;1;34;0;2;7;12;1;
202300027288;155632189;A01;1;7;0;1;1;1;1;
202300027289;155632187;A01;2;7;0;2;1;1;1;
202300027289;155632188;B01;1;43;0;2;8;1;1;
202300027290;155632186;A01;3;7;2;0;8;26;1;
202300027291;155632185;A01;3;99;0;1;1;2;0;
202300027292;155632183;B01;3;7;0;0;3;15;1;
202300027292;155632184;A01;3;33;0;2;6;1;1;
202300027293;155632178;A01;2;7;0;1;1;26;1;
202300027294;155632176;B01;3;31;0;2;7;2;1;
202300027294;155632177;A01;3;7;0;2;3;15;1;
202300027295;155632174;B01;1;7;0;2;6;1;0;
202300027295;155632175;A01;2;7;0;2;1;2;0;
202300027296;155632172;B01;1;7;0;2;3;1;1;
202300027296;155632173;A01;2;99;15;2;2;1;1;
202300027297;155632171;A01;1;80;0;0;8;1;3;
202300027298;155632169;A01;2;21;0;2;2;9;1;
202300027298;155632170;B01;1;7;0;2;1;9;2;
202300027299;155632167;B01;1;31;0;2;1;1;1;
202300027299;155632168;A01;2;7;0;2;1;15;1;
202300027300;155632166;A01;1;7;2;0;1;1;1;
202300027301;155632164;A01;3;7;0;2;2;17;1;
202300027301;155632165;B01;3;1;0;2;4;1;5;
202300027302;155632162;A01;1;7;0;2;2;16;1;
202300027302;155632163;Y01;1;1;0;2;8;2;5;
202300027303;155632160;A01;2;7;0;2;3;15;1;
202300027303;155632161;B01;2;2;0;2;1;1;1;
202300027304;155632159;A01;1;7;0;1;1;1;0;
202300027305;155632157;A01;1;7;1;0;3;22;1;
202300027305;155632158;B01;1;1;0;2;1;0;5;
202300027306;155632155;A01;1;7;11;0;3;1;1;
202300027307;155632153;A01;0;50;0;2;0;0;3;
202300027307;155632154;Z01;0;7;0;9;0;0;0;
202300027308;155632151;B01;3;1;0;2;3;1;5;
202300027308;155632152;Z01;0;7;0;2;0;17;0;
202300027309;155632149;B01;2;7;0;9;7;1;1;
202300027309;155632150;A01;1;50;0;2;2;5;3;
202300027310;155632146;A01;1;7;4;0;1;5;1;
202300027311;155632144;B01;1;7;0;2;6;6;1;
202300027311;155632145;A01;2;33;0;2;1;17;1;
202300027312;155632142;B01;3;10;0;2;1;1;1;
202300027312;155632143;A01;1;34;8;2;8;1;1;
202300027313;155632139;B01;3;60;0;0;7;1;5;
202300027313;155632140;A01;3;7;0;2;1;1;1;
202300027314;155632137;B01;3;1;0;2;1;1;5;
202300027314;155632138;A01;1;7;0;2;3;16;1;
202300027315;155632135;A01;2;7;0;2;1;5;1;
202300027315;155632136;B01;1;7;0;2;1;1;1;
202300027316;155632133;B01;1;33;0;2;1;1;1;
202300027316;155632134;A01;1;7;0;2;3;9;1;
202300027317;155632132;A01;2;33;0;0;0;17;1;
202300027318;155632131;A01;3;10;3;0;1;0;0;
202300027319;155632129;A01;3;50;0;2;1;26;3;
202300027319;155632130;B01;3;7;0;2;5;1;1;
202300027320;155632127;A01;3;33;0;2;8;16;1;
202300027320;155632128;B01;3;33;0;2;8;15;1;
202300027321;155632126;A01;1;7;0;1;7;15;1;
202300027322;155632124;A01;2;7;0;2;3;24;1;
202300027322;155632125;B01;2;50;0;2;0;0;3;
202300027323;155632121;A01;2;7;0;2;1;1;1;
202300027323;155632122;B01;2;7;0;2;4;1;1;
202300027323;155632123;C01;2;7;0;2;4;1;1;
202300027324;155632120;A01;3;33;0;0;0;0;1;
202300027325;155632117;C01;2;10;0;2;4;2;1;
202300027325;155632118;A01;2;10;0;2;1;2;1;
202300027325;155632119;B01;2;10;0;2;4;2;1;
202300027326;155632115;B01;3;7;0;2;3;1;1;
202300027326;155632116;A01;3;7;0;2;3;5;1;
202300027327;155632113;A01;1;1;0;2;8;19;5;
202300027327;155632114;B01;1;7;0;0;0;0;1;
202300027328;155632111;A01;1;50;0;2;1;13;3;
202300027328;155632112;B01;2;1;0;2;1;1;5;
202300027329;155632110;A01;1;7;0;1;1;16;1;
202300027330;155632107;C01;1;7;0;2;4;1;1;
202300027330;155632108;A01;1;33;0;2;1;1;1;
202300027330;155632109;B01;1;7;0;2;4;1;1;
202300027331;155632106;A01;1;7;0;1;3;15;1;
202300027332;155632104;B01;1;33;0;2;0;9;1;
202300027332;155632105;A01;1;7;0;2;8;16;1;
202300027333;155632102;A01;2;7;0;2;8;22;1;
202300027333;155632103;B01;2;80;1;0;2;1;3;
202300027334;155632100;A01;2;7;0;2;5;15;1;
202300027334;155632101;B01;2;33;0;2;1;1;1;
202300027335;155632099;A01;2;7;15;0;1;1;1;
202300027336;155632097;A01;2;7;0;2;1;1;1;
202300027336;155632098;B01;1;30;0;2;1;15;0;
202300027337;155632096;A01;3;7;0;1;5;4;1;
202300027338;155632094;A01;1;7;0;2;6;10;1;
202300027338;155632095;B01;1;31;0;2;1;7;1;
202300027339;155632093;A01;1;33;1;0;1;13;1;
202300027340;155632092;A01;2;2;0;2;1;21;1;
202300027341;155632088;B01;1;7;0;2;1;1;1;
202300027341;155632089;A01;1;1;0;2;7;19;5;
202300027342;155632087;A01;2;7;0;1;3;1;1;
202300027343;155632085;A01;3;7;0;0;0;15;1;
202300027343;155632086;B01;3;33;0;0;0;1;1;
202300027344;155632083;B01;2;7;0;2;8;11;1;
202300027344;155632084;A01;2;32;0;2;1;17;1;
202300027345;155632082;A01;1;7;0;1;3;1;1;
202300027346;155632081;A01;2;7;0;1;2;1;1;
202300027347;155632080;A01;3;7;0;1;3;1;1;
202300027348;155632076;B01;2;7;0;2;1;1;1;
202300027348;155632077;A01;1;7;0;2;2;15;1;
202300027349;155632074;A01;3;7;0;2;8;15;1;
202300027349;155632075;B01;2;50;0;2;1;0;3;
202300027350;155632072;B01;1;7;0;2;4;2;1;
202300027350;155632073;A01;1;7;0;2;1;2;1;
202300027351;155632071;A01;1;7;4;0;0;1;1;
202300027352;155632069;A01;2;7;0;2;1;1;1;
202300027352;155632070;B01;2;7;0;2;4;1;1;
202300027353;155632067;A01;1;7;1;2;1;26;1;
202300027353;155632068;B01;1;7;0;2;4;24;1;
202300027354;155632064;A01;1;7;0;2;4;2;1;
202300027354;155632065;B01;1;7;0;2;4;2;1;
202300027354;155632066;C01;1;10;1;2;1;2;1;
202300027355;155632062;A01;2;33;0;2;1;3;1;
202300027355;155632063;B01;2;10;0;2;6;11;1;
202300027356;155632060;A01;1;7;0;2;2;0;1;
202300027356;155632061;B01;1;7;0;2;6;0;1;
202300027357;155632059;A01;1;7;0;9;1;1;1;
202300027358;155632058;A01;1;7;4;0;2;1;1;
202300027359;155632057;A01;1;7;4;0;2;14;1;
202300027360;155632056;A01;3;7;0;1;7;16;1;
202300027361;155632053;A01;1;2;0;0;0;2;1;
202300027362;155632052;A01;2;7;0;0;9;21;1;
202300027363;155632051;A01;1;7;0;1;2;21;1;
202300027364;155632049;A01;3;1;0;2;1;13;5;
202300027364;155632050;B01;3;7;0;9;1;1;1;
202300027365;155632047;A01;2;7;0;2;1;2;1;
202300027365;155632048;B01;2;7;0;2;4;2;1;
202300027366;155632045;A01;1;7;0;2;2;2;0;
202300027366;155632046;B01;1;7;0;2;6;1;0;
202300027367;155632043;A01;2;7;0;2;3;13;1;
202300027367;155632044;B01;1;7;0;2;3;1;1;
202300027368;155632040;A01;1;33;14;0;1;2;1;
202300027368;155632041;B01;1;7;14;0;4;23;1;
202300027368;155632042;C01;1;7;0;0;4;23;1;
202300027369;155632038;B01;2;50;0;2;3;1;3;
202300027369;155632039;A01;2;10;0;0;5;16;1;
202300027370;155632036;A01;1;30;0;2;7;1;1;
202300027370;155632037;B01;1;7;0;2;8;16;2;
202300027371;155632034;B01;1;13;0;2;1;1;1;
202300027371;155632035;A01;2;7;0;2;1;6;1;
202300027372;155632033;A01;2;10;0;1;2;15;1;
202300027373;155632032;B01;2;1;1;0;7;21;5;
202300027374;155632030;B01;1;7;0;0;1;1;1;
202300027374;155632031;A01;3;7;0;2;5;5;1;
202300027375;155632029;A01;1;7;4;0;1;1;1;
202300027376;155632028;A01;0;50;1;0;1;14;3;
202300027377;155632027;A01;3;7;14;0;2;1;1;
202300027378;155632026;A01;2;7;15;0;1;9;1;
202300027379;155632024;B01;2;1;0;2;5;1;5;
202300027379;155632025;A01;2;7;0;2;1;9;2;
202300027380;155632022;A01;2;32;0;0;7;1;1;
202300027380;155632023;B01;1;7;0;0;0;15;1;
202300027381;155632019;C01;1;7;0;0;4;15;1;
202300027381;155632020;A01;1;7;0;2;1;1;2;
202300027381;155632021;B01;1;7;0;2;4;0;1;
202300027382;155632017;A01;1;10;0;2;1;0;1;
202300027382;155632018;B01;1;10;0;0;4;1;1;
202300027383;155632016;A01;1;50;0;0;0;1;3;
202300027384;155632014;B01;1;33;0;2;4;1;1;
202300027384;155632015;A01;1;7;0;2;2;2;1;
202300027385;155632008;B01;2;7;0;2;7;15;1;
202300027385;155632009;A01;1;7;0;2;1;11;1;
202300027386;155632006;A01;2;7;0;9;3;19;1;
202300027386;155632007;B01;2;2;0;2;8;1;1;
202300027387;155632005;A01;2;7;0;1;1;20;1;
202300027388;155632001;A01;2;7;0;2;2;15;1;
202300027388;155632003;B01;1;50;0;2;0;0;3;
202300027389;155631999;A01;2;7;0;2;3;20;1;
202300027389;155632000;B01;2;30;0;2;3;2;1;
202300027390;155631997;A01;1;7;0;2;1;1;1;
202300027390;155631998;B01;1;10;0;2;4;1;1;
202300027391;155631995;A01;3;7;0;2;2;15;0;
202300027391;155631996;B01;3;7;0;2;1;1;1;
202300027392;155631993;A01;1;10;0;2;1;13;1;
202300027392;155631994;B01;3;10;0;2;1;1;1;
202300027393;155631989;B01;1;33;0;2;7;3;1;
202300027393;155631992;A01;1;7;0;2;2;15;1;
202300027394;155631990;A01;3;7;0;2;2;15;1;
202300027394;155631991;B01;3;2;0;2;1;1;1;
202300027395;155631986;A01;2;7;0;2;0;0;6;
202300027395;155631988;B01;2;7;0;2;6;0;0;
202300027396;155631983;B01;2;7;0;2;4;2;1;
202300027396;155631985;C01;2;7;0;2;4;2;1;
202300027396;155631987;A01;2;7;0;2;1;1;1;