Num_Acc;id_vehicule;num_veh;senc;catv;obs;obsm;choc;manv;motor;occutc
202300027397;155631982;A01;2;7;0;2;1;2;1;
202300027397;155631984;B01;2;7;0;2;4;2;1;
202300027398;155631979;B01;1;7;0;2;8;1;1;
202300027398;155631981;A01;2;30;0;2;8;16;1;
202300027399;155631978;A01;0;7;0;2;1;2;1;
202300027399;155631980;B01;0;7;0;0;4;23;1;
202300027400;155631976;A01;1;7;0;2;6;26;1;
202300027400;155631977;B01;1;34;0;2;2;21;0;
202300027401;155631974;B01;1;31;0;2;1;1;-1;
202300027401;155631975;A01;1;7;0;2;2;15;-1;
202300027402;155631971;B01;2;7;0;2;4;2;1;
202300027402;155631972;A01;1;7;0;2;1;2;1;
202300027403;155631970;B01;3;31;0;2;3;1;1;
202300027403;155631973;A01;3;7;0;2;6;15;1;
202300027404;155631969;A01;1;2;0;0;8;16;1;
202300027405;155631966;A01;2;7;0;2;1;9;1;
202300027405;155631968;B01;1;7;0;2;3;9;1;
202300027406;155631967;A01;2;7;0;1;1;1;3;
202300027407;155631964;B01;1;7;0;2;5;1;0;
202300027407;155631965;A01;1;43;0;2;3;3;1;
202300027408;155631963;A01;2;7;6;0;1;19;1;
202300027409;155631961;B01;0;50;0;2;0;26;3;
202300027409;155631962;A01;0;7;0;2;1;1;1;
202300027410;155631959;A01;0;7;9;0;1;26;1;
202300027411;155631957;A01;1;7;0;2;1;9;1;
202300027411;155631958;B01;1;1;0;2;4;1;5;
202300027412;155631955;A01;0;7;0;2;7;15;1;
202300027412;155631956;B01;0;34;0;2;1;1;1;
202300027413;155631953;A01;0;30;0;2;1;1;1;
202300027413;155631954;B01;0;10;0;2;4;2;1;
202300027414;155631951;A01;1;7;0;2;2;15;1;
202300027414;155631952;B01;1;33;0;2;1;1;1;
202300027415;155631950;A01;1;7;4;0;1;13;1;
202300027416;155631948;B01;2;7;0;2;3;16;1;
202300027416;155631949;A01;2;7;0;2;3;13;1;
202300027417;155631946;B01;3;1;0;2;2;16;5;
202300027417;155631947;A01;3;7;0;2;3;15;1;
202300027418;155631944;A01;3;7;1;2;1;3;1;
202300027418;155631945;B01;3;7;14;2;1;21;1;
202300027419;155631942;A01;2;1;0;2;3;9;5;
202300027419;155631943;B01;1;7;0;2;3;1;1;
202300027420;155631940;B01;2;7;0;2;8;1;1;
202300027420;155631941;A01;2;7;0;2;1;5;1;
202300027421;155631939;A01;1;3;0;1;0;1;0;
202300027422;155631937;A01;3;33;0;2;8;26;1;
202300027422;155631938;B01;3;30;0;2;8;26;1;
202300027423;155631936;A01;3;7;0;1;1;16;1;
202300027424;155631934;A01;1;21;0;2;6;1;1;
202300027424;155631935;B01;1;33;0;2;2;17;1;
202300027425;155631932;B01;2;7;0;2;4;2;1;
202300027425;155631933;A01;2;7;0;2;1;2;1;
202300027426;155631930;B01;1;7;0;2;7;1;1;
202300027426;155631931;A01;2;1;0;2;1;25;5;
202300027427;155631929;A01;3;33;0;0;0;16;1;
202300027428;155631927;A01;3;7;0;2;1;2;1;
202300027428;155631928;B01;1;1;0;2;4;2;5;
202300027429;155631925;B01;1;7;0;2;4;2;1;
202300027429;155631926;A01;0;7;0;2;3;2;1;
202300027430;155631923;B01;2;33;0;2;1;1;1;
202300027430;155631924;A01;1;7;0;2;5;15;1;
202300027431;155631960;A01;1;7;0;1;1;1;1;
202300027432;155631920;A01;2;30;0;2;1;13;1;
202300027432;155631922;B01;1;7;0;0;3;0;0;
202300027433;155631919;A01;2;7;0;2;2;18;1;
202300027433;155631921;B01;2;2;0;2;8;1;1;
202300027434;155631917;A01;1;7;0;1;1;2;1;
202300027435;155631916;B01;1;30;0;2;1;1;1;
202300027435;155631918;Z01;2;7;0;2;1;1;0;
202300027436;155631914;A01;2;32;4;0;8;13;1;
202300027437;155631912;A01;2;17;0;2;2;12;1;
202300027437;155631913;B01;2;7;0;2;8;1;1;
202300027438;155631911;A01;1;7;0;2;3;15;1;
202300027438;155631915;B01;1;30;0;2;2;17;1;
202300027439;155631908;A01;2;7;0;2;2;10;2;
202300027439;155631910;B01;1;33;0;2;3;1;1;
202300027440;155631907;B01;3;7;0;2;6;2;1;
202300027440;155631909;A01;3;7;0;2;2;2;1;
202300027441;155631906;A01;2;1;12;0;1;19;5;
202300027442;155631904;A01;1;33;0;2;1;1;1;
202300027442;155631905;B01;1;7;0;2;6;15;1;
202300027443;155631903;A01;1;7;0;1;1;1;1;
202300027444;155631901;B01;1;50;0;2;1;1;3;
202300027444;155631902;A01;2;7;0;2;2;16;1;
202300027445;155631899;A01;3;7;0;2;2;1;1;
202300027445;155631900;B01;3;50;0;2;6;1;3;
202300027446;155631898;A01;3;7;0;1;1;1;1;
202300027447;155631897;A01;2;1;0;1;1;16;5;
202300027448;155631896;A01;1;30;12;-1;-1;1;1;
202300027449;155631892;B01;1;7;0;2;4;12;1;
202300027449;155631894;A01;1;7;0;2;1;2;1;
202300027450;155631893;A01;1;2;0;2;1;1;3;
202300027450;155631895;B01;3;1;0;2;4;1;5;
202300027451;155631890;B01;1;7;0;2;6;1;1;
202300027451;155631891;A01;2;7;0;2;1;9;1;
202300027452;155631888;A01;1;7;0;2;3;13;2;
202300027452;155631889;B01;1;50;0;2;2;17;3;
202300027453;155631886;A01;3;7;0;2;0;0;0;
202300027453;155631887;B01;3;33;0;2;7;26;1;
202300027454;155631885;A01;1;33;0;0;7;16;1;
202300027455;155631884;A01;1;33;8;0;1;9;1;
202300027456;155631882;A01;2;1;0;2;7;15;5;
202300027456;155631883;B01;1;7;0;2;3;1;2;
202300027457;155631880;A01;1;32;0;2;1;1;1;
202300027457;155631881;B01;1;10;0;2;4;1;1;
202300027458;155631878;A01;3;50;0;2;3;1;3;
202300027458;155631879;B01;3;10;0;2;1;1;5;
202300027459;155631877;A01;2;7;0;1;2;15;1;
202300027460;155631874;B01;1;31;0;2;1;1;1;
202300027460;155631876;A01;1;7;0;2;5;15;1;
202300027461;155631873;B01;3;7;0;9;5;19;1;
202300027461;155631875;A01;3;80;0;2;1;1;3;
202300027462;155631871;A01;3;50;0;2;1;5;3;
202300027462;155631872;B01;3;10;0;2;3;1;1;
202300027463;155631869;A01;3;7;8;9;3;1;1;
202300027463;155631870;B01;3;50;0;2;1;11;3;
202300027464;155631868;A01;0;33;1;0;8;1;1;
202300027465;155631864;A01;2;1;0;0;0;1;5;
202300027466;155631863;A01;2;7;0;2;1;2;1;
202300027466;155631866;B01;2;10;0;2;4;2;1;
202300027467;155631865;A01;2;1;0;9;3;5;5;
202300027467;155631867;B01;1;37;0;9;3;1;0;2.0
202300027468;155631862;A01;3;43;4;0;1;14;1;
202300027469;155631861;A01;3;33;8;0;0;9;1;
202300027470;155631860;A01;1;10;0;1;6;4;1;
202300027471;155631859;A01;3;7;0;1;4;20;1;
202300027472;155631858;A01;2;7;8;0;2;2;1;
202300027473;155631857;A01;1;10;1;1;1;5;1;
202300027474;155631855;A01;1;10;4;0;1;1;0;
202300027475;155631853;A01;1;1;0;2;8;19;5;
202300027475;155631854;B01;2;32;0;2;1;1;1;
202300027476;155631852;B01;2;7;0;2;4;2;0;
202300027476;155631856;A01;2;7;0;2;1;1;0;
202300027477;155631850;A01;0;7;0;1;1;1;1;
202300027478;155631847;Z01;2;2;0;1;7;1;0;
202300027479;155631846;C01;1;7;0;2;2;1;1;
202300027479;155631848;A01;1;7;0;2;1;1;1;
202300027479;155631849;B01;1;7;0;2;4;1;1;
202300027480;155631843;A01;1;10;0;1;2;1;1;
202300027481;155631844;B01;2;7;0;2;0;11;0;
202300027481;155631845;A01;2;31;0;2;8;3;1;
202300027482;155631842;A01;1;36;0;0;0;13;1;
202300027483;155631839;B01;1;1;0;2;3;2;5;
202300027483;155631841;A01;0;7;0;2;3;2;1;
202300027484;155631838;A01;1;7;4;0;1;0;1;
202300027485;155631837;B01;1;7;0;2;5;12;1;
202300027485;155631840;A01;1;33;0;2;1;3;1;
202300027486;155631836;A01;2;7;0;1;2;17;2;
202300027487;155631835;A01;3;10;0;1;1;15;1;
202300027488;155631834;A01;2;7;0;1;6;20;1;
202300027489;155631832;B01;1;7;0;2;1;2;1;
202300027489;155631833;A01;1;37;1;0;4;23;1;1.0
202300027490;155631829;B01;2;7;0;2;7;15;1;
202300027490;155631831;A01;1;33;0;2;0;1;1;
202300027491;155631826;A01;1;10;0;2;3;10;0;
202300027491;155631828;B01;1;33;0;2;0;0;0;
202300027492;155631827;B01;1;30;0;2;8;17;1;
202300027492;155631830;A01;2;30;0;2;8;1;1;
202300027493;155631824;A01;0;7;0;1;3;1;1;
202300027494;155631822;B01;3;7;0;2;4;1;1;
202300027494;155631823;A01;3;31;0;2;1;2;1;
202300027495;155631819;B01;3;33;0;0;0;1;1;
202300027495;155631821;A01;1;7;0;2;0;20;1;
202300027496;155631818;B01;3;31;0;2;1;2;1;
202300027496;155631820;A01;3;7;0;0;4;2;1;
202300027497;155631817;A01;2;7;0;1;2;1;1;
202300027498;155631816;A01;2;7;0;1;2;26;1;
202300027499;155631815;A01;1;7;13;0;0;1;1;
202300027500;155631814;A01;0;1;0;0;0;14;5;
202300027501;155631812;B01;2;33;0;2;3;13;1;
202300027501;155631813;A01;1;10;0;2;8;1;1;
202300027502;155631810;A01;3;7;0;1;1;1;1;
202300027503;155631811;A01;1;7;0;1;1;1;2;
202300027504;155631808;A01;1;2;0;0;0;1;0;
202300027505;155631807;A01;1;7;0;2;1;0;1;
202300027505;155631809;B01;2;7;0;2;1;0;1;
202300027506;155631806;A01;2;7;7;0;1;15;1;
202300027507;155631804;A01;1;7;0;2;1;2;1;
202300027507;155631805;B01;1;2;0;2;4;2;1;
202300027508;155631803;A01;3;14;2;0;0;1;0;
202300027509;155631800;A01;2;1;1;0;2;15;5;
202300027510;155631799;B01;1;31;0;2;0;3;1;
202300027510;155631801;C01;1;7;0;2;6;1;1;
202300027510;155631802;A01;1;10;0;2;8;9;1;
202300027511;155631798;A01;3;7;1;1;1;1;6;
202300027512;155631794;B01;1;7;0;2;1;1;1;
202300027512;155631796;A01;1;7;0;2;3;20;1;
202300027513;155631795;A01;1;33;0;2;7;17;1;
202300027513;155631797;B01;1;7;0;2;8;15;1;
202300027514;155631791;A01;1;7;2;0;1;1;1;
202300027515;155631793;A01;1;30;12;0;7;18;3;
202300027516;155631790;A01;2;7;1;2;1;2;1;
202300027516;155631792;B01;2;7;0;0;4;1;1;
202300027517;155631785;B01;1;1;0;2;8;15;5;
202300027517;155631788;A01;1;7;0;2;1;17;1;
202300027518;155631786;A01;1;2;0;2;8;15;1;
202300027518;155631789;B01;1;10;0;2;1;1;1;
202300027519;155631784;A01;3;33;0;2;2;3;1;
202300027519;155631787;B01;3;7;0;2;3;1;1;
202300027520;155631782;A01;1;7;0;1;3;1;1;
202300027521;155631783;A01;3;10;0;1;1;1;0;
202300027522;155631780;A01;1;7;13;0;3;13;1;
202300027523;155631779;A01;2;7;0;2;2;15;0;
202300027523;155631781;B01;1;2;0;2;1;26;1;
202300027524;155631776;A01;2;7;0;2;1;2;1;
202300027524;155631777;C01;1;7;7;0;3;1;1;
202300027524;155631778;B01;2;7;5;0;6;15;1;
202300027525;155631773;A01;2;7;0;2;1;17;1;
202300027525;155631775;B01;1;10;0;2;1;1;1;
202300027526;155631772;A01;1;7;0;2;3;10;0;
202300027526;155631774;B01;1;31;0;2;7;1;1;
202300027527;155631770;B01;3;33;0;2;1;1;1;
202300027527;155631771;A01;3;7;0;2;6;19;1;
202300027528;155631767;B01;1;7;0;2;2;1;1;
202300027528;155631769;A01;2;7;0;2;3;1;1;
202300027529;155631766;A01;1;10;0;1;2;20;0;
202300027530;155631768;A01;1;10;3;0;3;1;1;
202300027531;155631765;A01;1;37;0;1;2;1;1;1.0
202300027532;155631764;A01;2;7;2;0;1;1;1;
202300027533;155631762;A01;1;1;0;2;8;19;5;
202300027533;155631763;B01;1;7;0;2;1;2;1;
202300027534;155631760;A01;1;10;0;2;2;2;1;
202300027534;155631761;B01;1;7;0;2;8;2;1;
202300027535;155631758;A01;1;7;1;0;2;1;3;
202300027535;155631759;B01;1;10;0;0;4;23;1;
202300027536;155631757;A01;2;7;0;1;2;1;1;
202300027537;155631755;A01;2;7;8;0;7;17;1;
202300027538;155631753;A01;1;7;0;2;1;1;1;
202300027538;155631756;B01;1;1;0;2;7;1;5;
202300027539;155631752;A01;1;10;0;2;1;19;1;
202300027539;155631754;B01;2;14;0;2;2;1;1;
202300027540;155631750;A01;2;10;0;2;1;1;1;
202300027540;155631751;B01;2;10;0;2;4;16;1;
202300027541;155631749;A01;1;7;2;0;1;1;1;
202300027542;155631747;A01;0;7;0;2;0;0;1;
202300027542;155631748;B01;0;7;0;2;0;0;1;
202300027543;155631746;A01;1;7;0;1;3;1;1;
202300027544;155631745;A01;0;7;0;1;2;1;1;
202300027545;155631741;A01;2;10;0;2;3;2;1;
202300027545;155631744;B01;1;2;0;2;0;2;1;
202300027546;155631740;B01;1;7;0;2;1;1;1;
202300027546;155631742;A01;2;7;0;2;3;17;1;
202300027547;155631739;A01;1;7;13;0;0;0;0;
202300027548;155631738;A01;2;7;15;0;1;1;1;
202300027549;155631736;A01;1;10;12;0;9;21;1;
202300027550;155631735;B01;0;2;0;2;3;1;0;
202300027550;155631737;A01;3;7;0;2;8;1;0;
202300027551;155631733;A01;1;7;0;2;1;9;1;
202300027551;155631734;B01;1;1;0;0;4;1;5;
202300027552;155631730;B01;2;1;0;0;4;2;5;
202300027552;155631731;A01;2;7;0;0;1;17;1;
202300027553;155631725;B01;2;33;0;2;1;1;1;
202300027553;155631726;A01;1;10;0;2;2;15;1;
202300027554;155631724;C01;3;7;0;2;7;1;1;
202300027554;155631727;B01;3;33;0;2;8;13;1;
202300027554;155631732;A01;3;7;0;9;0;1;1;
202300027555;155631722;B01;2;7;0;2;1;1;1;
202300027555;155631723;A01;1;3;0;2;1;13;1;
202300027556;155631719;B01;2;7;0;2;2;2;0;
202300027556;155631721;A01;2;1;0;2;4;2;5;
202300027557;155631717;B01;1;2;0;0;4;1;1;
202300027557;155631720;A01;1;7;0;2;2;1;1;
202300027558;155631718;A01;3;1;0;0;7;0;5;
202300027559;155631716;A01;3;1;16;0;0;0;5;
202300027560;155631714;A01;2;14;14;0;1;13;1;
202300027561;155631713;A01;1;10;0;2;3;15;1;
202300027561;155631715;B01;1;50;0;2;2;6;3;
202300027562;155631710;A01;1;7;0;1;1;1;1;
202300027563;155631711;B01;1;7;4;2;4;1;1;
202300027563;155631712;A01;1;7;0;2;1;1;2;
202300027564;155631706;B01;2;7;0;0;4;2;1;
202300027564;155631709;A01;2;31;0;2;1;2;1;
202300027565;155631703;C01;2;7;0;2;1;1;1;
202300027565;155631705;B01;2;7;0;2;4;1;1;
202300027565;155631708;A01;2;7;0;0;4;1;1;
202300027566;155631704;A01;1;30;0;1;1;1;1;
202300027566;155631707;B01;1;7;0;2;3;1;0;
202300027567;155631700;A01;3;2;0;9;0;0;1;
202300027567;155631702;B01;3;2;0;2;3;1;1;
202300027568;155631698;A01;1;7;0;2;1;13;1;
202300027568;155631701;B01;2;7;0;2;1;1;1;
202300027569;155631699;A01;1;7;1;0;1;1;1;
202300027570;155631695;A01;2;7;0;2;3;1;1;
202300027570;155631696;B01;1;10;0;2;3;1;1;
202300027571;155631692;A01;1;1;0;4;7;26;5;
202300027571;155631694;B01;0;39;0;9;1;0;3;
202300027572;155631690;B01;1;7;0;2;1;1;1;
202300027572;155631691;A01;1;1;0;0;8;19;5;
202300027573;155631693;A01;2;34;0;1;1;1;1;
202300027574;155631689;A01;2;7;2;0;1;1;1;
202300027575;155631687;A01;2;7;0;2;1;2;3;
202300027575;155631688;B01;2;2;0;2;4;2;1;
202300027576;155631683;A01;1;33;0;2;1;1;1;
202300027576;155631685;B01;1;7;0;2;3;9;1;
202300027577;155631681;B01;1;7;0;2;1;1;1;
202300027577;155631684;A01;2;7;0;2;1;13;1;
202300027578;155631680;A01;1;31;0;2;3;3;1;
202300027578;155631682;B01;1;15;0;2;2;1;1;
202300027578;155631686;C01;1;10;0;2;0;23;1;
202300027579;155631677;A01;1;15;3;2;1;1;1;
202300027579;155631679;B01;1;7;3;2;7;15;1;
202300027580;155631676;A01;2;7;0;2;1;13;1;
202300027580;155631678;B01;1;7;0;2;1;1;1;
202300027581;155631675;A01;1;7;0;1;2;16;1;
202300027582;155631674;A01;3;2;0;0;7;1;1;
202300027583;155631671;A01;1;2;0;2;1;2;1;
202300027583;155631673;B01;1;7;0;0;4;1;1;
202300027584;155631669;A01;1;7;0;9;2;2;1;
202300027584;155631672;B01;1;1;0;2;4;2;5;
202300027585;155631668;B01;1;2;0;2;1;1;1;
202300027585;155631670;A01;3;7;0;0;6;19;1;
202300027586;155631667;A01;0;10;0;0;9;0;1;
202300027587;155631665;B01;2;7;0;2;3;26;0;
202300027587;155631666;A01;1;7;0;2;2;1;0;
202300027588;155631663;A01;1;31;0;0;8;1;1;
202300027589;155631662;B01;2;7;0;2;1;1;1;
202300027589;155631664;A01;1;7;0;2;1;0;1;
202300027590;155631661;A01;0;7;13;0;7;21;1;
202300027591;155631660;A01;0;36;2;0;0;1;1;
202300027592;155631658;A01;3;7;0;2;2;15;0;
202300027592;155631659;B01;3;2;0;2;1;1;0;
202300027593;155631657;A01;0;7;0;0;3;26;0;
202300027594;155631655;B01;1;7;0;2;2;2;1;
202300027594;155631656;A01;2;7;0;2;1;5;1;
202300027595;155631653;A01;2;7;0;2;3;15;1;
202300027595;155631654;B01;1;7;0;2;2;1;1;
202300027596;155631650;B01;2;32;0;2;8;1;1;
202300027596;155631652;A01;1;7;0;2;3;15;1;
202300027597;155631651;A01;1;7;0;1;1;1;2;
202300027598;155631646;A01;0;7;0;2;1;0;1;
202300027598;155631649;B01;3;31;0;2;8;0;1;
202300027599;155631647;A01;3;33;0;0;1;5;1;
202300027600;155631644;A01;1;33;0;0;0;0;1;
202300027601;155631642;B01;1;7;13;2;3;1;1;
202300027601;155631645;A01;2;7;0;2;3;13;1;
202300027601;155631648;C01;2;10;0;2;8;26;1;
202300027602;155631641;A01;0;7;0;2;3;22;1;
202300027602;155631643;B01;2;1;1;0;7;1;5;
202300027603;155631637;A01;1;7;0;0;4;1;1;
202300027603;155631639;B01;1;7;0;0;1;2;1;
202300027604;155631631;A01;1;33;0;2;1;17;1;
202300027604;155631633;B01;1;35;0;2;8;15;1;
202300027605;155631628;B01;0;2;0;2;0;0;1;
202300027605;155631635;A01;0;34;0;2;0;0;1;
202300027606;155631629;A01;2;10;4;2;1;2;1;
202300027606;155631630;B01;2;10;4;2;4;2;1;
202300027606;155631632;C01;2;7;4;2;1;2;1;
202300027606;155631634;D01;2;7;4;2;4;2;1;
202300027606;155631636;E01;2;7;4;2;4;2;1;
202300027606;155631638;F01;2;7;4;2;1;2;1;
202300027606;155631640;G01;2;7;4;2;4;2;1;
202300027607;155631626;B01;1;7;0;0;0;2;1;
202300027607;155631627;A01;1;2;0;2;0;2;1;
202300027608;155631625;A01;1;15;4;0;1;1;1;
202300027609;155631622;B01;3;33;0;2;1;1;1;
202300027609;155631624;A01;3;7;0;2;8;26;1;
202300027610;155631621;B01;1;17;0;2;1;1;1;
202300027610;155631623;A01;1;7;4;0;3;1;1;
202300027611;155631620;A01;2;33;0;2;7;3;1;
202300027612;155631618;A01;1;33;0;0;7;0;1;
202300027613;155631616;B01;1;7;0;2;1;1;1;
202300027613;155631619;A01;2;7;0;2;1;17;1;
202300027614;155631615;A01;2;7;3;0;1;1;1;
202300027615;155631614;B01;1;1;0;2;6;15;5;
202300027615;155631617;A01;1;7;0;2;3;1;1;
202300027616;155631612;B01;3;10;0;2;2;1;1;
202300027616;155631613;A01;3;7;4;2;2;13;1;
202300027617;155631610;A01;1;7;0;2;8;1;1;
202300027617;155631611;B01;1;13;0;2;7;12;1;
202300027618;155631608;A01;2;7;3;0;3;1;1;
202300027619;155631609;A01;1;7;8;0;3;13;1;
202300027620;155631607;A01;1;7;5;0;1;1;1;
202300027621;155631605;A01;1;7;13;0;2;14;1;
202300027622;155631604;B01;2;7;0;2;3;9;1;
202300027622;155631606;A01;2;2;0;2;1;1;1;
202300027623;155631603;A01;2;7;4;0;2;1;2;
202300027624;155631599;B01;1;15;0;0;1;23;1;
202300027624;155631601;A01;2;7;0;2;1;5;1;
202300027625;155631598;A01;1;80;0;2;8;15;3;
202300027625;155631600;B01;1;7;0;2;2;2;1;
202300027626;155631597;A01;1;7;0;2;1;13;1;
202300027626;155631602;B01;2;14;0;2;3;14;1;
202300027627;155631596;A01;1;30;13;0;0;1;1;
202300027628;155631595;A01;1;7;0;1;2;13;1;
202300027629;155631592;B01;1;2;0;2;1;1;1;
202300027629;155631594;A01;2;7;0;2;3;15;1;
202300027630;155631593;A01;3;7;6;0;2;0;1;
202300027631;155631590;A01;1;30;5;2;3;17;6;
202300027631;155631591;B01;2;7;0;0;0;0;0;
202300027632;155631588;A01;2;7;2;0;1;13;1;
202300027633;155631586;A01;2;7;0;2;1;2;1;
202300027633;155631587;B01;2;7;0;2;4;2;1;
202300027634;155631589;A01;3;7;2;0;1;25;1;
202300027635;155631583;A01;1;80;0;0;0;0;3;
202300027636;155631582;B01;2;7;0;2;3;17;0;
202300027636;155631585;A01;2;2;0;2;2;17;1;
202300027637;155631581;A01;2;7;0;2;2;17;1;
202300027637;155631584;B01;2;7;0;2;6;1;1;
202300027638;155631579;A01;3;7;17;0;1;13;1;
202300027639;155631580;A01;3;7;0;1;4;4;1;
202300027640;155631575;B01;2;7;0;2;1;1;1;
202300027640;155631577;A01;1;7;0;0;8;19;1;
202300027641;155631576;A01;2;7;0;2;4;23;1;
202300027641;155631578;B01;2;7;0;2;1;1;0;
202300027642;155631573;A01;2;10;0;2;1;2;1;
202300027642;155631574;B01;2;7;0;2;4;1;1;
202300027643;155631567;A01;2;33;0;2;1;13;1;
202300027643;155631569;B01;1;7;0;2;3;1;1;
202300027644;155631568;A01;1;7;0;9;1;16;1;
202300027644;155631571;B01;1;50;0;2;7;1;3;
202300027645;155631566;A01;2;7;0;2;1;13;1;
202300027645;155631570;B01;1;7;0;2;1;1;1;
202300027646;155631564;A01;1;1;0;0;5;10;5;
202300027646;155631565;B01;1;7;0;2;2;1;3;
202300027647;155631563;A01;2;7;10;0;7;1;1;
202300027648;155631560;A01;1;7;0;2;1;2;1;
202300027648;155631561;B01;1;7;4;2;4;1;1;
202300027648;155631562;C01;1;14;0;2;1;2;1;
202300027649;155631558;B01;2;7;0;2;5;12;1;
202300027649;155631559;A01;2;33;0;2;1;2;1;
202300027650;155631557;A01;3;7;0;1;3;1;1;
202300027651;155631556;A01;0;7;0;1;4;4;1;
202300027652;155631553;A01;2;7;0;1;1;23;1;
202300027653;155631554;A01;3;2;1;0;1;1;1;
202300027654;155631552;B01;2;7;0;2;8;1;1;
202300027654;155631555;A01;2;7;0;2;5;12;1;
202300027655;155631549;A01;2;43;0;2;1;13;1;
202300027655;155631551;B01;1;7;0;2;3;1;1;
202300027656;155631547;B01;2;7;0;2;2;11;1;
202300027656;155631550;A01;2;7;0;2;1;26;1;
202300027657;155631545;B01;2;33;0;2;3;3;1;
202300027657;155631548;A01;2;7;0;2;5;14;1;
202300027658;155631541;A01;1;7;13;5;1;1;1;
202300027658;155631543;B01;1;13;0;5;2;1;1;
202300027658;155631544;C01;1;7;0;5;7;1;2;
202300027658;155631546;D01;1;7;14;0;1;1;1;
202300027659;155631535;A01;0;31;0;0;0;1;1;
202300027660;155631532;A01;1;7;0;2;1;1;1;
202300027660;155631534;E01;1;7;0;2;6;2;1;
202300027660;155631536;D01;1;10;0;2;1;2;1;
202300027660;155631538;C01;1;7;0;2;1;2;1;
202300027660;155631539;B01;1;7;0;2;4;2;1;
202300027661;155631533;B01;2;10;0;2;3;19;1;
202300027661;155631537;A01;2;7;0;2;2;1;1;
202300027662;155631528;B01;2;7;0;2;3;1;1;
202300027662;155631530;A01;2;7;0;2;2;12;1;
202300027663;155631529;B01;3;37;0;2;5;1;0;1.0
202300027663;155631531;A01;3;7;0;2;1;11;1;
202300027664;155631527;A01;3;7;17;0;2;0;1;
202300027665;155631524;B01;2;33;0;2;1;3;1;
202300027665;155631526;A01;2;7;0;2;6;11;1;
202300027666;155631522;A01;3;7;0;2;1;5;1;
202300027666;155631525;B01;3;10;0;2;1;1;1;
202300027667;155631523;A01;1;7;4;0;2;1;0;
202300027668;155631521;A01;2;33;0;0;8;21;1;
202300027669;155631520;A01;1;7;2;0;7;1;1;
202300027670;155631517;A01;2;7;0;2;2;1;1;
202300027670;155631518;B01;2;1;0;2;8;13;5;
202300027671;155631516;A01;1;50;0;2;2;1;3;
202300027671;155631519;B01;1;10;0;2;3;1;1;
202300027672;155631513;B01;1;15;0;2;3;2;1;
202300027672;155631514;A01;1;7;11;2;4;17;1;
202300027673;155631511;A01;2;10;0;2;3;5;1;
202300027673;155631515;B01;1;7;0;2;1;15;1;
202300027674;155631510;A01;1;7;0;2;8;13;1;
202300027674;155631512;B01;2;10;0;2;8;1;1;
202300027675;155631508;A01;1;7;0;1;2;1;2;
202300027676;155631509;A01;2;17;3;0;3;13;1;
202300027677;155631505;A01;2;7;1;0;2;14;1;
202300027677;155631506;B01;2;10;0;2;6;24;1;
202300027678;155631503;A01;3;30;0;2;1;1;1;
202300027678;155631507;B01;3;10;0;2;3;1;1;
202300027679;155631502;A01;1;14;0;0;6;2;1;
202300027679;155631504;B01;1;10;0;2;1;2;1;
202300027680;155631500;A01;1;2;0;2;1;1;1;
202300027680;155631501;B01;1;7;0;2;4;1;1;
202300027681;155631497;A01;1;30;0;2;4;2;1;
202300027681;155631499;B01;1;7;0;2;4;2;1;
202300027682;155631495;B01;1;7;3;2;0;0;1;
202300027682;155631498;A01;1;7;3;2;0;0;1;
202300027683;155631494;A01;1;7;0;2;1;1;1;
202300027683;155631496;B01;2;60;0;2;7;1;5;
202300027684;155631492;A01;1;33;13;0;8;2;1;
202300027685;155631491;A01;1;33;0;0;0;0;1;
202300027686;155631490;B01;3;10;0;2;6;2;1;
202300027686;155631493;A01;3;7;0;2;3;2;1;
202300027687;155631485;A01;2;2;0;2;1;1;1;
202300027687;155631489;B01;3;7;0;2;2;15;1;
202300027688;155631486;A01;3;7;1;0;7;0;0;
202300027688;155631488;Z01;0;0;1;0;0;0;0;
202300027689;155631483;A01;2;31;13;0;1;14;1;
202300027690;155631482;A01;1;2;0;1;1;17;1;
202300027691;155631481;C01;1;7;0;2;1;0;0;
202300027691;155631484;B01;1;7;0;2;1;0;1;
202300027691;155631487;A01;1;7;0;2;1;0;1;
202300027692;155631479;A01;3;14;0;1;8;16;1;
202300027693;155631478;A01;2;7;0;2;1;17;1;
202300027693;155631480;B01;1;15;0;2;2;1;1;
202300027694;155631476;A01;1;1;0;0;0;1;5;
202300027695;155631475;A01;3;7;0;2;1;26;0;
202300027695;155631477;B01;3;7;0;2;6;23;0;
202300027696;155631473;A01;1;7;0;1;3;1;1;
202300027697;155631471;B01;0;50;0;2;7;9;3;
202300027697;155631474;A01;0;7;0;2;1;9;1;
202300027698;155631470;B01;1;7;0;2;1;15;1;
202300027698;155631472;A01;1;10;0;2;1;1;1;
202300027699;155631469;A01;0;7;0;1;2;16;0;
202300027700;155631468;A01;0;7;0;1;1;16;1;
202300027701;155631466;B01;2;80;1;0;0;21;3;
202300027701;155631467;A01;2;10;0;2;8;22;1;
202300027702;155631462;B01;3;7;0;2;3;0;0;
202300027702;155631464;A01;3;10;0;2;7;1;0;
202300027703;155631463;A01;3;50;0;1;1;1;3;
202300027704;155631461;A01;2;21;0;0;0;1;1;
202300027705;155631459;A01;1;7;0;2;0;15;1;
202300027705;155631460;B01;1;2;0;2;0;1;1;