Num_Acc;id_vehicule;num_veh;senc;catv;obs;obsm;choc;manv;motor;occutc
202300028292;155630384;A01;1;7;0;2;4;1;1;
202300028292;155630387;B01;1;7;0;2;4;1;1;
202300028292;155630389;C01;1;10;0;2;5;1;1;
202300028292;155630391;D01;1;43;0;2;1;3;1;
202300028293;155630382;A01;1;7;1;2;2;17;0;
202300028293;155630385;B01;1;7;0;2;1;20;0;
202300028294;155630383;A01;1;7;4;2;1;0;1;
202300028294;155630386;B01;1;10;0;0;0;0;1;
202300028295;155630379;A01;3;15;0;2;2;12;1;
202300028295;155630381;B01;1;7;0;2;8;1;1;
202300028296;155630376;A01;1;7;0;2;1;2;1;
202300028296;155630380;B01;1;7;0;2;4;2;1;
202300028297;155630375;A01;1;34;0;2;3;9;1;
202300028297;155630378;B01;1;7;0;2;2;1;1;
202300028298;155630370;D01;1;7;3;0;1;1;1;
202300028298;155630373;A01;1;7;0;2;8;3;1;
202300028298;155630374;B01;1;7;0;2;7;1;1;
202300028298;155630377;C01;1;7;3;2;3;1;2;
202300028299;155630369;A01;1;7;1;2;3;2;1;
202300028300;155630372;A01;1;33;0;1;1;1;1;
202300028301;155630368;B01;1;7;0;2;4;2;1;
202300028301;155630371;A01;1;33;0;2;1;2;1;
202300028302;155630362;B01;2;7;0;2;3;0;1;
202300028302;155630367;A01;1;7;0;2;0;13;1;
202300028303;155630361;A01;2;43;0;2;2;3;1;
202300028303;155630366;B01;2;7;0;2;6;11;1;
202300028304;155630360;C01;1;7;0;2;4;1;1;
202300028304;155630363;B01;1;7;0;2;2;14;1;
202300028304;155630365;A01;1;33;0;2;3;3;1;
202300028305;155630364;A01;2;80;0;1;8;2;3;
202300028306;155630358;A01;2;7;4;0;1;1;1;
202300028307;155630355;B01;1;7;0;2;8;11;1;
202300028307;155630357;A01;1;15;0;2;1;1;1;
202300028308;155630354;A01;2;7;0;1;7;1;1;
202300028309;155630353;A01;3;0;0;2;4;26;-1;
202300028309;155630356;C01;3;7;1;2;1;26;2;
202300028309;155630359;B01;3;7;0;2;1;1;2;
202300028310;155630352;A01;1;7;3;0;1;2;1;
202300028311;155630348;B01;1;32;0;2;4;11;1;
202300028311;155630351;A01;1;32;0;2;2;1;1;
202300028312;155630343;B01;1;7;0;2;2;1;1;
202300028312;155630345;A01;1;7;0;2;5;19;1;
202300028313;155630346;A01;2;7;0;2;2;15;6;
202300028313;155630350;B01;2;2;0;2;1;1;3;
202300028314;155630341;A01;1;7;0;2;1;3;1;
202300028314;155630344;B01;1;7;0;2;4;2;1;
202300028314;155630347;C01;1;7;0;2;5;2;1;
202300028314;155630349;D01;1;7;0;2;6;2;1;
202300028315;155630340;B01;2;33;0;2;3;0;1;
202300028315;155630342;A01;2;7;0;2;2;12;1;
202300028316;155630335;A01;1;43;0;2;2;1;1;
202300028316;155630339;B01;1;7;0;2;8;1;1;
202300028317;155630334;A01;2;43;0;2;7;3;1;
202300028317;155630338;Z01;2;7;0;2;8;11;1;
202300028318;155630337;A01;1;50;0;1;1;17;3;
202300028319;155630333;A01;2;7;0;2;1;12;1;
202300028319;155630336;B01;2;33;0;2;4;1;1;
202300028320;155630331;A01;1;7;4;0;1;1;1;
202300028321;155630326;B01;2;7;0;2;4;2;1;
202300028321;155630328;C01;2;7;0;2;4;2;3;
202300028321;155630332;A01;2;7;0;2;1;2;1;
202300028322;155630324;B01;2;7;0;2;2;2;2;
202300028322;155630327;C01;2;7;0;2;3;2;1;
202300028322;155630330;A01;2;7;0;2;6;1;1;
202300028323;155630325;A01;1;10;0;2;0;1;1;
202300028323;155630329;B01;1;7;0;2;0;16;1;
202300028324;155630320;B01;1;7;0;2;4;23;1;
202300028324;155630322;A01;1;7;0;2;1;1;1;
202300028325;155630319;A01;2;7;0;2;2;1;1;
202300028325;155630323;B01;2;7;0;2;0;0;1;
202300028326;155630317;A01;2;50;0;0;0;1;3;
202300028327;155630311;A01;3;7;0;2;3;13;1;
202300028327;155630313;B01;3;31;0;2;1;1;1;
202300028328;155630310;F01;1;15;0;2;1;1;0;
202300028328;155630312;E01;1;7;0;2;6;1;1;
202300028328;155630315;D01;1;13;0;2;4;1;4;
202300028328;155630316;A01;1;15;0;2;4;1;1;
202300028328;155630318;C01;1;15;0;2;4;1;1;
202300028328;155630321;B01;1;7;0;2;4;1;1;
202300028329;155630309;A01;2;7;0;2;7;15;1;
202300028329;155630314;B01;1;33;0;2;1;1;1;
202300028330;155630307;A01;1;1;0;2;4;2;5;
202300028330;155630308;Z01;1;7;0;2;1;1;0;
202300028331;155630305;A01;1;7;0;1;1;2;2;
202300028332;155630304;A01;2;33;0;2;1;26;1;
202300028332;155630306;B01;2;7;0;2;2;12;1;
202300028333;155630303;A01;3;7;7;0;1;13;1;
202300028334;155630299;A01;2;7;4;0;8;13;1;
202300028335;155630300;A01;2;1;0;2;1;1;5;
202300028335;155630302;B01;1;1;0;2;1;1;5;
202300028336;155630298;A01;3;7;0;2;1;1;1;
202300028336;155630301;B01;3;7;0;2;5;9;1;
202300028337;155630290;A01;1;7;6;2;1;2;1;
202300028337;155630293;B01;1;7;14;2;1;2;1;
202300028337;155630296;C01;1;7;14;2;1;2;1;
202300028338;155630291;Z01;1;1;0;1;3;16;5;
202300028339;155630289;B01;1;7;0;2;4;23;1;
202300028339;155630292;C01;1;7;0;2;4;23;1;
202300028339;155630295;A01;1;7;0;2;1;1;1;
202300028340;155630286;Z01;3;1;0;1;1;0;5;
202300028341;155630284;A01;1;7;8;0;1;6;1;
202300028342;155630285;B01;1;43;0;2;1;1;1;
202300028342;155630288;A01;1;7;0;2;1;15;1;
202300028343;155630283;B01;1;7;0;2;1;1;1;
202300028343;155630287;A01;1;1;0;2;7;19;5;
202300028344;155630282;A01;3;33;0;1;1;1;1;
202300028345;155630279;A01;1;7;0;2;7;19;1;
202300028345;155630281;B01;1;7;0;2;8;0;1;
202300028346;155630280;A01;1;7;1;0;3;13;1;
202300028347;155630278;A01;1;7;0;1;1;15;1;
202300028348;155630275;A01;3;10;0;2;1;26;0;
202300028348;155630277;B01;3;7;0;2;4;1;0;
202300028349;155630273;A01;1;7;0;2;3;9;1;
202300028349;155630276;B01;2;33;0;2;7;1;1;
202300028350;155630270;B01;1;1;0;2;1;1;5;
202300028350;155630274;A01;2;32;0;2;1;1;1;
202300028351;155630268;A01;3;7;0;2;1;1;1;
202300028351;155630271;B01;3;7;0;2;4;1;1;
202300028352;155630267;A01;1;7;0;2;1;1;2;
202300028352;155630269;B01;1;7;0;2;4;1;1;
202300028352;155630272;C01;1;7;0;2;4;1;1;
202300028353;155630264;A01;1;30;0;0;4;3;1;
202300028353;155630265;B01;1;7;0;2;2;21;1;
202300028354;155630263;A01;2;30;0;2;1;1;1;
202300028354;155630266;B01;3;13;0;2;8;16;1;
202300028355;155630262;A01;0;7;0;0;0;0;6;
202300028356;155630257;A01;2;31;0;2;1;12;3;
202300028356;155630260;B01;0;7;0;2;0;10;1;
202300028357;155630259;A01;2;7;0;2;2;17;1;
202300028357;155630261;B01;2;7;0;2;6;0;2;
202300028358;155630254;A01;1;50;0;2;1;5;3;
202300028358;155630258;B01;2;7;0;2;3;16;1;
202300028359;155630255;A01;2;7;0;2;2;9;0;
202300028359;155630256;B01;2;2;0;0;0;0;0;
202300028360;155630250;A01;1;7;0;2;3;1;2;
202300028360;155630253;B01;2;32;0;2;1;15;1;
202300028361;155630249;B01;2;50;0;1;1;5;3;
202300028362;155630248;A01;2;33;0;2;1;1;1;
202300028362;155630251;Z01;2;7;0;0;0;0;0;
202300028363;155630247;A01;2;7;0;9;3;15;1;
202300028363;155630252;B01;1;80;0;2;3;1;3;
202300028364;155630246;A01;0;7;0;1;4;20;1;
202300028365;155630243;A01;2;7;0;2;1;1;0;
202300028365;155630245;B01;2;7;0;2;0;0;2;
202300028366;155630242;A01;1;7;0;2;1;1;1;
202300028366;155630244;B01;1;7;0;2;4;1;1;
202300028367;155630241;A01;3;1;0;1;1;25;5;
202300028368;155630238;A01;2;33;0;2;4;1;1;
202300028368;155630240;B01;2;0;0;2;1;2;0;
202300028369;155630237;A01;1;10;0;1;2;1;6;
202300028370;155630236;A01;3;2;12;0;9;19;1;
202300028370;155630239;B01;3;7;0;2;1;1;1;
202300028371;155630232;A01;1;2;0;2;1;13;1;
202300028371;155630235;B01;1;2;0;2;1;1;1;
202300028372;155630231;A01;1;7;0;2;2;1;1;
202300028372;155630233;B01;2;99;0;2;8;19;3;
202300028373;155630229;A01;1;30;0;2;1;2;1;
202300028373;155630234;B01;2;30;0;2;1;15;1;
202300028374;155630228;A01;2;2;0;2;1;13;1;
202300028374;155630230;B01;1;7;0;2;3;1;1;
202300028375;155630226;A01;2;7;0;2;2;14;3;
202300028376;155630223;Z01;2;7;0;2;2;2;0;
202300028376;155630227;A01;2;50;0;2;8;2;3;
202300028377;155630221;A01;2;7;0;2;1;1;1;
202300028377;155630224;B01;1;10;0;2;7;15;1;
202300028378;155630220;C01;1;7;0;0;4;1;1;
202300028378;155630222;A01;1;10;0;0;1;1;1;
202300028378;155630225;B01;1;7;0;0;4;1;1;
202300028379;155630219;A01;3;30;5;0;1;1;1;
202300028380;155630217;A01;2;7;13;0;3;19;2;
202300028381;155630215;B01;1;7;0;2;1;1;1;
202300028381;155630218;A01;1;33;0;2;4;23;1;
202300028382;155630213;A01;3;7;0;1;1;26;1;
202300028383;155630214;A01;1;7;0;2;5;15;0;
202300028383;155630216;B01;2;7;0;2;1;1;1;
202300028384;155630211;A01;1;2;0;2;7;5;1;
202300028384;155630212;B01;1;7;0;2;6;2;1;
202300028385;155630210;A01;2;7;2;0;9;13;0;
202300028386;155630208;A01;1;7;0;2;7;15;0;
202300028386;155630209;B01;1;33;0;2;1;1;0;
202300028387;155630206;A01;-1;7;0;1;1;0;1;
202300028388;155630207;A01;1;33;0;1;7;1;1;
202300028389;155630204;A01;1;31;0;2;1;17;0;
202300028389;155630205;B01;1;7;0;2;3;15;0;
202300028390;155630199;A01;2;7;16;0;0;1;0;
202300028391;155630201;B01;1;1;1;0;1;0;5;
202300028391;155630203;A01;3;7;0;2;3;23;1;
202300028392;155630198;B01;1;33;0;2;7;1;1;
202300028392;155630202;A01;2;7;0;2;6;15;1;
202300028393;155630192;A01;2;7;0;2;1;5;1;
202300028393;155630194;B01;2;7;0;2;1;1;1;
202300028393;155630195;C01;2;7;0;2;3;1;1;
202300028394;155630191;A01;1;0;0;1;1;26;0;
202300028395;155630190;B01;2;7;0;2;5;23;1;
202300028395;155630197;A01;2;7;3;2;5;17;1;
202300028395;155630200;C01;2;7;0;2;6;23;1;
202300028396;155630187;A01;3;7;0;2;1;2;1;
202300028396;155630188;B01;3;32;0;0;4;23;1;
202300028397;155630185;A01;1;7;0;2;3;17;1;
202300028397;155630189;B01;1;7;0;2;6;15;1;
202300028398;155630184;A01;1;2;0;2;1;17;1;
202300028398;155630186;B01;1;7;0;0;8;10;1;
202300028399;155630182;B01;0;7;0;2;3;1;1;
202300028399;155630183;A01;0;7;0;2;3;5;1;
202300028400;155630180;A01;3;7;0;0;1;1;1;
202300028401;155630181;A01;3;7;3;0;1;1;1;
202300028402;155630176;A01;1;7;0;2;1;2;0;
202300028402;155630178;B01;1;2;0;2;4;2;0;
202300028402;155630179;C01;1;7;0;0;4;2;0;
202300028403;155630173;A01;1;7;0;1;2;0;1;
202300028404;155630172;A01;1;7;3;2;2;14;1;
202300028404;155630175;B01;1;33;0;2;6;3;1;
202300028405;155630168;A01;2;33;14;0;8;1;1;
202300028406;155630167;B01;2;7;4;2;3;1;1;
202300028406;155630170;C01;2;33;0;2;8;1;1;
202300028406;155630171;A01;1;7;0;2;1;13;1;
202300028407;155630165;A01;3;31;1;2;1;18;1;
202300028407;155630169;B01;3;10;0;2;2;20;1;
202300028408;155630163;A01;2;7;13;0;1;0;1;
202300028409;155630161;B01;3;7;0;2;4;2;0;
202300028409;155630164;C01;3;7;0;2;4;2;0;
202300028409;155630166;A01;3;7;0;2;1;2;0;
202300028410;155630160;A01;1;7;0;2;1;0;1;
202300028410;155630162;B01;2;7;0;2;1;0;1;
202300028411;155630159;A01;1;10;0;0;9;1;1;
202300028412;155630158;A01;1;7;13;0;1;16;1;
202300028413;155630155;B01;0;2;0;2;7;1;1;
202300028413;155630157;A01;3;7;0;2;3;26;1;
202300028414;155630153;A01;1;7;16;0;2;1;1;
202300028415;155630149;A01;3;7;0;1;3;9;1;
202300028416;155630146;A01;3;31;6;0;0;13;1;
202300028417;155630148;A01;1;33;0;2;1;11;1;
202300028417;155630150;B01;1;21;0;0;4;2;1;
202300028418;155630144;A01;3;50;14;0;1;1;3;
202300028419;155630141;A01;2;7;0;2;3;13;1;
202300028419;155630145;B01;2;7;0;2;3;15;1;
202300028420;155630140;A01;3;7;0;2;2;1;1;
202300028420;155630142;B01;3;2;0;2;1;1;1;
202300028421;155630137;A01;1;7;0;2;2;15;1;
202300028421;155630139;B01;1;7;0;2;1;1;1;
202300028422;155630135;A01;3;7;0;1;2;1;1;
202300028423;155630136;B01;1;33;0;2;4;23;1;
202300028423;155630138;A01;1;99;0;2;1;1;1;
202300028424;155630133;B01;1;33;0;2;1;2;1;
202300028424;155630134;A01;1;7;0;0;4;23;1;
202300028425;155630130;A01;1;7;0;2;3;13;1;
202300028425;155630132;B01;2;7;0;2;3;1;1;
202300028426;155630131;A01;1;7;15;0;6;26;1;
202300028427;155630128;A01;3;10;0;1;1;1;1;
202300028428;155630126;B01;2;7;0;2;1;1;1;
202300028428;155630129;A01;1;7;0;2;1;1;1;
202300028429;155630123;A01;1;33;0;2;1;11;1;
202300028429;155630127;B01;2;7;0;2;1;1;1;
202300028430;155630121;A01;3;7;2;0;1;1;1;
202300028431;155630120;A01;2;7;0;2;3;10;1;
202300028431;155630122;B01;1;31;0;2;1;1;1;
202300028432;155630118;A01;3;7;0;2;3;15;0;
202300028432;155630119;B01;3;1;0;2;1;16;5;
202300028433;155630117;A01;0;10;0;1;0;15;0;
202300028434;155630114;A01;1;7;2;0;1;14;1;
202300028435;155630115;A01;0;7;6;0;7;1;1;
202300028436;155630113;A01;1;7;0;2;8;13;1;
202300028436;155630116;B01;2;2;0;2;8;1;1;
202300028437;155630112;A01;1;7;0;1;3;1;1;
202300028438;155630109;A01;1;7;13;0;1;1;1;
202300028439;155630108;B01;2;7;0;2;8;9;1;
202300028439;155630111;A01;2;33;0;2;2;1;1;
202300028440;155630107;A01;1;7;0;1;1;1;1;
202300028441;155630106;A01;1;33;0;2;7;19;1;
202300028441;155630110;B01;1;7;0;2;3;16;1;
202300028442;155630105;A01;2;38;3;0;1;1;1;3.0
202300028443;155630104;A01;1;50;12;0;0;1;3;
202300028444;155630102;A01;1;7;0;1;2;1;1;
202300028445;155630101;A01;1;38;0;0;0;1;1;2.0
202300028446;155630099;B01;0;7;0;2;1;1;1;
202300028446;155630103;A01;0;1;0;2;1;1;5;
202300028447;155630098;A01;2;1;0;2;1;1;5;
202300028447;155630100;B01;1;7;0;2;2;11;1;
202300028448;155630095;A01;1;33;0;0;8;12;1;
202300028449;155630096;A01;1;7;0;2;1;20;1;
202300028449;155630097;B01;2;33;0;2;1;1;1;
202300028450;155630093;A01;0;7;2;0;7;0;1;
202300028451;155630091;A01;1;7;13;0;1;0;1;
202300028452;155630089;B01;1;10;0;2;4;23;1;
202300028452;155630090;A01;1;2;0;2;1;2;1;
202300028453;155630088;A01;1;32;0;1;3;1;0;
202300028454;155630087;A01;1;7;0;1;2;16;0;
202300028455;155630085;A01;2;33;0;2;1;1;1;
202300028455;155630086;B01;1;7;0;2;2;19;1;
202300028456;155630083;B01;0;7;0;2;4;1;1;
202300028456;155630084;A01;0;7;0;2;1;9;1;
202300028457;155630082;A01;2;7;0;1;3;1;2;
202300028458;155630080;A01;2;7;11;0;1;1;1;
202300028459;155630079;A01;1;7;0;2;4;1;0;
202300028459;155630081;B01;1;7;0;2;3;1;1;
202300028460;155630077;A01;0;7;0;2;1;1;1;
202300028460;155630078;B01;0;7;0;2;4;23;1;
202300028461;155630074;B01;2;7;0;2;1;2;1;
202300028461;155630076;A01;2;15;0;0;6;1;1;
202300028462;155630075;A01;2;2;0;1;1;1;1;
202300028463;155630070;A01;1;7;13;0;1;1;1;
202300028464;155630067;B01;1;33;0;2;1;1;1;
202300028464;155630071;A01;2;1;0;2;1;5;5;
202300028465;155630066;B01;0;7;0;2;4;2;1;
202300028465;155630069;A01;0;7;0;2;1;2;1;
202300028466;155630065;A01;3;7;0;0;0;1;0;
202300028467;155630061;B01;2;10;9;2;1;5;0;
202300028467;155630064;C01;2;10;0;2;1;2;0;
202300028467;155630068;D01;2;10;0;2;6;5;0;
202300028467;155630072;A01;2;10;0;2;1;5;0;
202300028468;155630059;A01;1;7;0;2;7;12;1;
202300028468;155630062;B01;1;32;0;2;4;1;1;
202300028469;155630060;A01;2;10;0;2;8;15;1;
202300028469;155630063;B01;1;2;0;2;1;1;1;
202300028470;155630058;A01;3;7;0;1;2;1;0;
202300028471;155630057;A01;3;7;8;0;3;20;1;
202300028472;155630053;A01;1;2;0;2;1;1;1;
202300028472;155630055;B01;3;7;0;2;2;1;0;
202300028473;155630052;B01;1;7;0;2;4;1;1;
202300028473;155630054;C01;1;7;0;2;4;1;1;
202300028473;155630056;A01;1;7;0;2;1;26;1;
202300028474;155630049;A01;2;7;0;2;1;1;1;
202300028474;155630051;B01;2;80;0;0;8;15;3;
202300028475;155630048;B01;2;10;0;2;1;2;1;
202300028475;155630050;A01;2;7;0;2;4;2;1;
202300028476;155630046;A01;2;33;0;0;1;1;1;
202300028477;155630044;A01;2;7;0;1;1;1;1;
202300028478;155630045;A01;3;14;0;2;7;16;1;
202300028478;155630047;B01;3;1;0;2;1;1;5;
202300028479;155630042;A01;0;7;0;2;3;9;1;
202300028479;155630043;B01;2;2;0;2;1;1;1;
202300028480;155630039;B01;1;7;0;2;4;1;1;
202300028480;155630041;A01;1;10;0;2;1;1;1;
202300028481;155630038;B01;1;7;0;2;1;1;1;
202300028481;155630040;A01;2;7;7;2;2;19;1;
202300028482;155630037;A01;0;7;0;1;3;16;1;
202300028483;155630035;A01;1;7;0;2;2;1;1;
202300028483;155630036;B01;2;7;0;2;7;15;1;
202300028484;155630033;A01;1;7;0;2;2;12;1;
202300028484;155630034;B01;1;7;0;2;8;1;1;
202300028485;155630032;A01;1;7;0;1;1;1;0;
202300028486;155630031;A01;2;7;2;0;1;1;1;
202300028487;155630029;B01;3;1;0;2;0;1;5;
202300028487;155630030;A01;3;7;0;2;2;19;1;
202300028488;155630028;A01;1;7;6;0;1;13;1;
202300028489;155630026;A01;3;7;0;0;9;0;1;
202300028490;155630025;A01;1;7;0;2;1;2;1;
202300028490;155630027;B01;1;7;0;2;4;2;1;
202300028491;155630022;A01;2;50;0;2;8;15;3;
202300028491;155630024;B01;2;7;0;2;7;16;1;
202300028492;155630021;A01;1;50;0;9;4;1;3;
202300028492;155630023;B01;1;7;15;2;3;2;1;
202300028493;155630019;A01;1;33;0;0;1;1;1;
202300028494;155630017;A01;2;31;0;6;2;21;1;
202300028495;155630018;B01;1;2;0;2;3;1;1;
202300028495;155630020;Z01;2;7;0;2;1;15;0;
202300028496;155630016;A01;2;7;6;0;3;1;1;
202300028497;155630014;A01;1;7;1;0;3;0;1;
202300028498;155630013;B01;2;7;0;2;2;1;1;
202300028498;155630015;A01;1;31;0;2;1;13;1;
202300028499;155630010;A01;2;7;0;2;5;14;1;
202300028499;155630012;B01;2;33;0;2;1;3;1;
202300028500;155630008;A01;1;33;2;0;1;21;1;
202300028501;155630006;B01;2;7;0;2;4;1;1;
202300028501;155630007;A01;2;10;0;2;1;1;1;
202300028502;155630004;A01;1;7;0;1;1;2;1;
202300028503;155630001;A01;2;7;0;2;8;11;1;
202300028503;155630002;B01;2;7;0;2;7;12;0;
202300028504;155630000;A01;1;7;0;2;1;1;1;
202300028504;155630003;B01;2;33;0;2;1;13;1;
202300028504;155630005;C01;2;33;0;2;1;13;1;
202300028505;155629998;A01;2;7;0;2;1;5;1;
202300028505;155629999;B01;1;7;0;2;3;1;1;
202300028506;155629997;A01;1;13;13;0;2;1;1;
202300028507;155629996;A01;3;7;1;0;1;1;1;
202300028508;155629993;A01;3;2;12;0;1;21;1;
202300028509;155629992;A01;3;34;0;2;7;1;1;
202300028509;155629995;B01;3;32;0;2;3;1;1;
202300028510;155629991;B01;2;7;0;2;4;1;1;
202300028510;155629994;A01;2;33;0;2;1;1;1;
202300028511;155629988;A01;2;7;3;0;1;1;1;
202300028512;155629986;B01;1;33;0;2;1;19;1;
202300028512;155629990;A01;1;7;0;2;1;15;1;
202300028513;155629985;A01;0;7;0;2;1;16;0;
202300028513;155629987;B01;1;42;0;2;7;1;1;
202300028513;155629989;C01;2;37;0;2;1;1;1;1.0
202300028514;155629983;B01;1;7;0;2;6;1;1;
202300028514;155629984;A01;1;7;0;2;1;11;1;
202300028515;155629980;A01;1;7;6;0;2;11;1;
202300028515;155629982;B01;1;7;6;0;2;1;1;
202300028516;155629978;B01;1;33;0;2;4;23;1;
202300028516;155629981;Z01;1;7;14;0;1;2;1;
202300028517;155629979;A01;2;33;3;0;0;26;1;
202300028518;155629974;A01;1;7;0;2;2;13;1;
202300028518;155629977;B01;2;33;0;2;1;2;1;
202300028519;155629973;A01;1;7;0;2;0;26;0;
202300028519;155629976;B01;1;31;0;2;7;26;0;
202300028520;155629971;A01;1;10;0;0;4;2;1;
202300028520;155629972;B01;1;7;0;2;1;2;1;
202300028520;155629975;C01;1;7;0;2;1;2;2;
202300028521;155629968;B01;2;7;0;2;1;21;1;
202300028521;155629970;A01;1;34;0;2;1;26;1;
202300028522;155629967;B01;3;7;0;0;0;24;0;
202300028522;155629969;A01;3;7;1;0;2;1;1;
202300028523;155629965;A01;2;33;0;2;7;3;1;
202300028523;155629966;B01;2;7;0;2;8;13;1;
202300028524;155629964;A01;1;7;6;0;2;1;1;
202300028525;155629963;A01;2;7;1;0;1;1;1;
202300028526;155629961;A01;0;21;16;0;0;1;0;
202300028527;155629960;A01;1;15;0;2;2;26;1;
202300028527;155629962;B01;1;7;4;2;4;11;1;
202300028528;155629955;A01;1;30;0;2;1;1;1;
202300028528;155629958;B01;1;7;0;2;4;23;1;
202300028529;155629954;B01;1;7;0;2;3;15;1;
202300028529;155629957;A01;1;34;0;2;1;17;1;
202300028530;155629956;B01;3;1;0;2;8;0;5;
202300028530;155629959;A01;2;7;0;9;3;0;1;
202300028531;155629950;A01;1;7;0;2;6;10;1;
202300028531;155629953;B01;1;34;0;2;1;0;1;
202300028532;155629948;B01;1;7;0;2;1;1;1;
202300028532;155629951;A01;2;2;0;2;1;13;1;
202300028533;155629949;A01;3;7;0;2;3;1;1;
202300028533;155629952;B01;3;7;0;2;2;9;1;
202300028534;155629946;A01;2;10;0;2;3;15;1;
202300028534;155629947;B01;2;33;0;2;7;17;1;
202300028535;155629945;A01;3;7;0;1;2;13;0;
202300028536;155629944;A01;2;33;0;0;7;9;1;
202300028537;155629943;A01;3;7;10;0;2;0;1;
202300028538;155629941;A01;3;7;0;0;3;7;1;
202300028538;155629942;Y01;3;1;0;2;1;19;5;
202300028539;155629940;A01;1;7;13;0;9;1;1;
202300028540;155629939;A01;2;7;0;1;3;1;1;
202300028541;155629936;A01;0;7;0;2;3;1;0;
202300028541;155629938;B01;0;34;0;2;8;0;0;
202300028542;155629935;A01;2;7;13;0;9;2;1;
202300028543;155629934;B01;2;2;0;2;1;1;2;
202300028543;155629937;A01;1;7;0;2;3;1;2;
202300028544;155629933;A01;1;7;0;0;2;0;6;
202300028545;155629932;A01;2;3;14;0;9;26;1;
202300028546;155629930;B01;2;2;0;2;7;1;3;
202300028546;155629931;A01;2;7;0;2;3;9;1;
202300028547;155629929;A01;1;10;6;0;1;1;1;
202300028548;155629927;B01;0;2;0;2;2;1;1;
202300028548;155629928;A01;0;7;0;2;3;15;1;
202300028549;155629924;A01;1;7;0;0;9;2;1;
202300028550;155629926;A01;2;7;11;0;1;21;1;
202300028551;155629923;A01;1;33;0;2;1;1;1;
202300028551;155629925;B01;1;7;0;2;6;15;1;
202300028552;155629919;A01;1;7;0;2;2;22;2;
202300028552;155629921;B01;1;80;1;0;3;1;3;
202300028553;155629920;A01;2;32;0;2;1;26;1;
202300028553;155629922;B01;1;33;0;2;3;1;1;
202300028554;155629917;A01;1;33;0;6;0;0;1;
202300028555;155629916;A01;1;7;13;0;1;19;1;
202300028556;155629915;B01;2;2;0;2;7;1;3;
202300028556;155629918;A01;2;1;0;2;1;1;5;
202300028557;155629912;B01;1;33;0;2;1;1;0;
202300028557;155629914;A01;1;7;0;2;6;15;0;
202300028558;155629909;B01;1;7;0;2;3;1;1;
202300028558;155629911;A01;1;33;0;2;5;15;0;
202300028559;155629906;A01;2;7;0;2;1;17;0;
202300028559;155629908;B01;1;7;0;2;1;0;0;
202300028560;155629903;A01;3;7;0;1;1;15;0;
202300028561;155629904;E01;2;7;0;2;1;1;0;
202300028561;155629905;A01;2;7;0;2;1;13;0;
202300028561;155629907;B01;2;7;0;2;6;1;0;
202300028561;155629910;C01;1;7;0;2;1;1;0;
202300028561;155629913;D01;2;7;0;2;1;1;0;
202300028562;155629901;A01;0;7;12;0;9;1;1;
202300028563;155629900;A01;3;7;0;2;1;9;1;
202300028563;155629902;B01;3;50;0;2;1;1;3;
202300028564;155629898;B01;1;7;0;2;2;1;0;
202300028564;155629899;A01;2;2;0;2;3;15;1;
202300028565;155629895;A01;3;30;0;2;1;13;1;
202300028565;155629897;B01;3;7;0;2;1;1;1;
202300028566;155629894;A01;2;7;0;2;3;1;1;
202300028566;155629896;B01;1;31;0;2;1;17;1;
202300028567;155629893;A01;1;33;3;0;3;1;1;
202300028568;155629892;A01;1;7;0;1;2;1;1;
202300028569;155629891;A01;2;10;0;1;1;1;1;
202300028570;155629889;A01;2;50;0;1;1;1;3;
202300028571;155629887;A01;2;7;0;1;3;14;1;
202300028572;155629888;A01;2;33;0;2;2;17;1;
202300028572;155629890;B01;2;7;0;2;3;15;1;
202300028573;155629885;A01;1;1;0;0;0;0;5;
202300028574;155629881;A01;1;7;0;2;5;17;1;
202300028574;155629883;B01;1;33;0;2;3;1;1;
202300028575;155629880;C01;1;7;0;2;4;1;1;
202300028575;155629884;B01;1;7;0;2;4;1;1;
202300028575;155629886;A01;1;7;0;2;1;1;1;
202300028576;155629876;B01;2;7;0;2;3;1;1;
202300028576;155629878;A01;1;34;0;2;1;13;1;
202300028577;155629873;B01;2;7;0;2;3;1;1;
202300028577;155629877;A01;1;7;0;2;1;2;1;
202300028578;155629874;A01;1;7;1;2;1;2;1;
202300028578;155629875;B01;1;7;1;0;4;2;1;
202300028578;155629879;C01;1;7;0;0;4;2;1;
202300028579;155629872;A01;3;7;0;1;3;1;1;
202300028580;155629871;A01;3;7;1;0;2;1;1;
202300028581;155629869;A01;1;13;0;2;3;13;1;
202300028581;155629870;B01;1;50;0;2;1;2;3;
202300028582;155629865;A01;2;33;0;2;2;1;1;
202300028582;155629868;B01;2;7;0;0;0;11;1;
202300028583;155629864;A01;2;7;0;2;3;15;1;
202300028583;155629866;B01;1;2;0;2;1;1;1;
202300028584;155629863;A01;2;7;0;2;3;13;1;
202300028584;155629867;B01;1;7;0;2;2;1;1;
202300028585;155629861;A01;1;7;0;2;7;15;1;
202300028585;155629862;B01;2;33;0;2;1;1;1;
202300028586;155629859;A01;1;7;17;0;1;13;1;
202300028587;155629858;A01;2;7;0;2;1;2;0;
202300028587;155629860;B01;2;7;0;2;4;2;0;
202300028588;155629857;A01;1;43;0;6;2;1;1;
202300028589;155629854;A01;2;7;0;1;1;1;2;