Num_Acc;id_vehicule;num_veh;senc;catv;obs;obsm;choc;manv;motor;occutc
202300028590;155629852;A01;2;33;0;2;8;2;1;
202300028590;155629855;B01;1;7;0;2;8;15;1;
202300028591;155629853;A01;2;7;0;2;3;15;1;
202300028591;155629856;B01;2;50;0;2;-1;19;3;
202300028592;155629848;A01;1;7;1;0;1;1;1;
202300028592;155629851;B01;1;7;13;2;0;23;1;
202300028593;155629847;A01;2;7;0;2;8;15;1;
202300028593;155629850;B01;1;33;0;2;1;1;1;
202300028594;155629846;A01;1;7;0;2;3;1;1;
202300028594;155629849;B01;2;50;0;2;1;19;3;
202300028595;155629845;A01;2;33;0;0;0;1;1;
202300028596;155629842;A01;1;33;0;2;1;17;1;
202300028596;155629843;B01;2;7;0;2;1;26;1;
202300028597;155629841;A01;1;1;0;2;0;1;5;
202300028597;155629844;B01;1;15;0;9;0;17;1;
202300028598;155629839;B01;1;7;0;0;1;2;0;
202300028598;155629840;A01;2;7;0;0;2;2;0;
202300028599;155629837;A01;2;2;3;0;7;26;1;
202300028600;155629836;A01;1;7;0;2;1;1;1;
202300028600;155629838;B01;1;7;0;2;4;0;1;
202300028601;155629835;A01;1;7;0;0;9;1;1;
202300028602;155629832;A01;1;1;0;0;7;1;5;
202300028603;155629831;A01;3;10;0;2;3;15;1;
202300028603;155629834;B01;3;33;0;2;2;1;1;
202300028604;155629830;A01;1;7;0;2;2;19;1;
202300028604;155629833;B01;1;2;0;2;1;1;1;
202300028605;155629829;A01;2;7;2;0;1;1;1;
202300028606;155629827;A01;1;50;0;1;1;0;3;
202300028607;155629826;A01;1;7;0;2;3;13;1;
202300028607;155629828;B01;2;10;0;2;3;21;1;
202300028608;155629825;A01;1;7;15;0;1;14;1;
202300028609;155629824;A01;3;7;1;0;1;26;0;
202300028610;155629823;A01;1;7;6;0;1;1;1;
202300028611;155629820;A01;2;50;0;2;0;0;3;
202300028611;155629821;B01;1;7;0;9;2;15;1;
202300028612;155629819;B01;2;7;0;2;1;1;3;
202300028612;155629822;A01;1;7;0;2;2;1;1;
202300028613;155629817;A01;2;7;0;0;3;2;1;
202300028613;155629818;B01;2;7;4;0;5;2;1;
202300028614;155629816;A01;2;7;0;1;1;1;3;
202300028615;155629812;A01;2;33;4;0;3;13;1;
202300028616;155629813;A01;1;7;0;2;2;1;1;
202300028616;155629815;B01;1;50;0;2;1;15;3;
202300028617;155629814;A01;1;10;0;1;1;1;0;
202300028618;155629808;B01;2;7;0;2;7;16;1;
202300028618;155629811;A01;1;2;0;2;1;2;1;
202300028619;155629807;B01;1;7;3;0;4;2;1;
202300028619;155629810;A01;1;7;0;2;1;2;1;
202300028620;155629806;A01;3;7;0;2;1;1;1;
202300028620;155629809;B01;3;7;0;2;8;0;1;
202300028621;155629805;A01;3;31;0;0;0;1;1;
202300028622;155629803;A01;2;10;0;2;2;11;1;
202300028622;155629804;B01;2;15;0;2;6;11;1;
202300028623;155629801;A01;2;1;8;0;1;26;5;
202300028624;155629800;A01;3;7;0;2;1;1;1;
202300028624;155629802;B01;0;7;0;2;3;17;1;
202300028625;155629798;A01;2;2;6;9;7;1;1;
202300028626;155629797;A01;1;10;13;2;2;17;1;
202300028626;155629799;B01;1;7;7;2;3;9;1;
202300028627;155629796;A01;1;10;13;0;1;9;1;
202300028628;155629794;A01;1;7;6;0;7;1;1;
202300028629;155629793;B01;2;33;0;2;1;2;1;
202300028629;155629795;A01;2;7;0;2;5;1;1;
202300028630;155629788;B01;1;7;0;2;7;1;1;
202300028630;155629792;A01;3;7;0;2;1;1;1;
202300028631;155629787;A01;2;7;0;2;8;15;2;
202300028631;155629790;B01;2;33;0;2;2;17;1;
202300028632;155629782;A01;1;7;0;2;4;1;1;
202300028632;155629784;Z01;1;32;0;2;1;1;1;
202300028633;155629781;B01;1;7;0;2;3;1;1;
202300028633;155629786;A01;3;10;0;2;7;19;1;
202300028634;155629780;B01;0;50;0;2;1;1;3;
202300028634;155629783;C01;0;50;0;2;1;2;3;
202300028634;155629785;A01;0;7;0;2;3;10;1;
202300028635;155629778;A01;3;7;0;2;4;1;1;
202300028635;155629779;B01;3;7;0;2;1;2;1;
202300028636;155629777;A01;3;7;0;1;2;1;1;
202300028637;155629776;A01;0;7;0;1;3;16;1;
202300028638;155629775;A01;1;7;4;0;1;13;1;
202300028639;155629774;A01;1;7;6;0;1;1;1;
202300028640;155629772;A01;1;7;4;2;1;5;1;
202300028640;155629773;B01;2;7;0;2;1;1;1;
202300028641;155629771;A01;1;7;9;0;1;1;1;
202300028642;155629769;B01;2;7;0;2;6;1;1;
202300028642;155629770;A01;2;15;0;2;1;13;1;
202300028643;155629768;A01;2;7;0;1;3;1;1;
202300028644;155629767;A01;3;7;0;1;3;1;1;
202300028645;155629765;A01;1;7;6;0;4;0;1;
202300028646;155629763;A01;3;7;0;1;1;1;1;
202300028647;155629764;A01;2;7;4;2;2;14;1;
202300028647;155629766;B01;2;10;0;2;3;1;1;
202300028648;155629760;A01;3;7;0;2;3;15;1;
202300028648;155629762;B01;3;1;0;2;0;1;5;
202300028649;155629758;A01;1;7;0;2;1;1;1;
202300028649;155629759;B01;1;7;0;2;4;1;1;
202300028650;155629757;A01;2;7;8;0;0;5;1;
202300028651;155629756;B01;3;37;0;2;3;1;3;7.0
202300028651;155629761;A01;3;7;0;2;2;1;2;
202300028652;155629754;A01;2;7;0;1;3;15;1;
202300028653;155629753;A01;2;10;0;2;1;0;1;
202300028653;155629755;B01;2;7;0;2;4;23;1;
202300028654;155629752;A01;3;7;0;1;1;1;1;
202300028655;155629750;A01;3;7;0;1;2;1;1;
202300028656;155629748;A01;2;10;0;2;1;2;1;
202300028656;155629749;B01;2;7;0;2;4;2;1;
202300028656;155629751;C01;2;7;0;2;4;2;1;
202300028657;155629746;A01;1;7;6;0;2;25;1;
202300028658;155629745;A01;3;33;0;2;6;18;1;
202300028658;155629747;B01;3;7;0;2;3;2;1;
202300028659;155629744;A01;1;7;13;0;1;0;1;
202300028660;155629743;A01;1;33;0;0;0;1;1;
202300028661;155629741;A01;1;7;2;0;1;1;1;
202300028662;155629739;B01;2;7;0;2;1;1;1;
202300028662;155629742;A01;1;7;0;2;7;1;1;
202300028663;155629737;A01;1;33;2;0;2;13;1;
202300028664;155629735;B01;2;7;0;2;6;2;1;
202300028664;155629738;A01;2;7;0;2;2;12;1;
202300028664;155629740;C01;2;7;0;2;6;2;1;
202300028665;155629733;B01;2;50;0;2;1;1;3;
202300028665;155629736;A01;1;7;0;2;2;15;6;
202300028666;155629732;A01;3;7;0;2;1;19;1;
202300028666;155629734;B01;1;7;0;0;8;1;1;
202300028667;155629730;B01;1;7;0;2;7;12;1;
202300028667;155629731;A01;1;33;0;2;1;3;1;
202300028668;155629728;B01;1;33;0;2;8;13;1;
202300028668;155629729;A01;2;10;0;2;8;0;1;
202300028669;155629726;A01;3;7;0;2;1;1;6;
202300028669;155629727;B01;3;7;0;2;4;23;0;
202300028670;155629724;A01;1;31;0;2;1;2;1;
202300028670;155629725;B01;1;7;0;2;6;2;1;
202300028671;155629720;B01;2;7;0;2;1;9;1;
202300028671;155629723;A01;2;7;0;2;2;1;1;
202300028672;155629721;B01;1;7;0;0;4;19;1;
202300028672;155629722;A01;1;7;6;2;1;19;1;
202300028673;155629717;A01;3;31;0;2;1;2;1;
202300028673;155629719;B01;3;7;0;2;2;16;1;
202300028674;155629716;A01;1;7;0;2;7;13;1;
202300028674;155629718;B01;2;7;0;2;7;13;1;
202300028675;155629714;A01;1;7;0;2;1;1;1;
202300028675;155629715;B01;1;7;0;2;4;15;1;
202300028676;155629712;A01;3;50;0;1;2;1;3;
202300028677;155629711;A01;2;7;0;2;1;26;1;
202300028677;155629713;B01;1;7;0;2;1;1;1;
202300028678;155629709;A01;1;7;0;2;1;1;1;
202300028678;155629710;B01;1;1;0;2;7;1;5;
202300028679;155629708;A01;3;7;0;1;0;9;1;
202300028680;155629703;B01;1;1;0;2;1;1;5;
202300028680;155629705;A01;2;7;0;2;3;9;1;
202300028681;155629702;Z01;1;2;0;2;0;0;0;
202300028681;155629704;A01;1;10;0;2;1;15;1;
202300028682;155629701;B01;2;7;0;1;8;16;1;
202300028683;155629697;A01;2;33;0;2;1;16;1;
202300028683;155629700;B01;2;15;0;2;3;1;1;
202300028684;155629696;A01;1;7;0;2;3;5;6;
202300028684;155629699;B01;2;7;0;2;3;1;0;
202300028685;155629695;B01;2;50;0;2;1;1;3;
202300028685;155629698;A01;1;30;0;2;7;15;1;
202300028686;155629692;A01;1;7;0;2;1;0;0;
202300028686;155629693;B01;1;7;0;2;8;0;0;
202300028687;155629691;B01;1;33;0;2;2;1;1;
202300028687;155629694;A01;2;7;0;2;3;15;1;
202300028688;155629689;A01;1;7;0;2;8;15;2;
202300028688;155629690;B01;1;2;0;2;1;21;1;
202300028689;155629688;A01;3;15;0;1;2;1;0;
202300028690;155629686;B01;-1;0;-1;-1;-1;-1;-1;
202300028690;155629687;A01;3;33;0;2;1;1;1;
202300028691;155629683;A01;3;10;0;2;2;1;1;
202300028691;155629685;B01;3;0;0;2;2;19;6;
202300028692;155629684;A01;2;7;0;1;3;1;1;
202300028693;155629680;A01;3;33;0;2;1;3;1;
202300028693;155629681;B01;3;7;0;2;1;9;1;
202300028694;155629678;B01;1;7;0;2;1;1;1;
202300028694;155629679;A01;1;7;0;2;8;19;1;
202300028695;155629677;A01;3;7;13;0;8;3;1;
202300028696;155629674;A01;2;32;0;2;9;9;1;
202300028697;155629673;A01;2;7;6;0;1;1;1;
202300028698;155629670;A01;2;33;0;2;1;13;1;
202300028698;155629671;B01;2;7;0;2;5;1;3;
202300028699;155629669;B01;2;1;0;2;2;1;5;
202300028699;155629672;A01;1;7;0;2;1;1;1;
202300028700;155629668;A01;3;10;0;1;5;26;3;
202300028701;155629666;A01;2;7;0;2;7;16;1;
202300028701;155629667;B01;2;1;0;2;6;1;5;
202300028702;155629664;B01;1;2;0;0;2;16;0;
202300028702;155629665;A01;2;7;0;2;3;16;1;
202300028703;155629661;A01;2;7;0;2;1;15;1;
202300028703;155629662;B01;0;33;0;2;1;1;1;
202300028704;155629659;A01;3;7;0;1;3;0;0;
202300028705;155629660;B01;1;50;0;2;4;0;3;
202300028705;155629663;A01;2;7;0;2;3;1;1;
202300028706;155629658;A01;1;7;0;1;1;15;1;
202300028707;155629657;A01;2;37;0;1;2;1;1;1.0
202300028708;155629655;A01;3;7;0;9;1;1;0;
202300028708;155629656;B01;3;1;0;2;1;5;5;
202300028709;155629654;A01;2;7;0;1;1;19;1;
202300028710;155629651;A01;3;1;0;2;2;26;5;
202300028710;155629653;B01;3;7;0;2;2;16;1;
202300028711;155629647;A01;1;7;15;2;9;13;1;
202300028711;155629648;B01;2;7;0;2;8;1;3;
202300028711;155629649;C01;2;7;0;2;8;1;0;
202300028712;155629645;A01;3;7;0;2;2;15;1;
202300028712;155629646;B01;3;7;0;2;1;1;1;
202300028713;155629643;A01;2;7;14;0;2;1;1;
202300028713;155629644;B01;2;80;0;2;4;23;3;
202300028714;155629640;A01;1;7;0;2;2;9;2;
202300028714;155629641;B01;2;1;0;2;0;0;5;
202300028715;155629639;A01;0;7;0;2;7;1;1;
202300028715;155629642;B01;1;7;0;2;1;1;1;
202300028716;155629637;A01;2;80;0;0;7;1;3;
202300028717;155629635;A01;1;7;0;2;1;5;1;
202300028717;155629636;B01;1;7;0;2;1;1;1;
202300028718;155629632;A01;1;7;0;2;2;15;1;
202300028718;155629633;B01;2;2;0;2;1;1;1;
202300028719;155629628;B01;0;13;0;2;7;26;1;
202300028719;155629629;A01;0;7;0;2;1;26;1;
202300028720;155629626;A01;1;30;0;0;0;1;1;
202300028721;155629625;B01;1;33;0;2;1;1;1;
202300028721;155629627;A01;1;10;0;2;3;16;1;
202300028722;155629620;B01;1;7;0;2;1;1;1;
202300028722;155629621;A01;1;7;0;2;8;1;1;
202300028723;155629617;A01;3;7;0;2;2;15;1;
202300028723;155629618;B01;3;30;0;2;1;1;1;
202300028724;155629614;A01;2;7;0;1;1;1;2;
202300028725;155629611;B01;1;7;0;2;1;19;1;
202300028725;155629613;A01;1;7;0;2;1;19;1;
202300028726;155629610;B01;2;7;0;9;6;24;1;
202300028726;155629612;A01;2;7;1;0;1;1;1;
202300028727;155629606;A01;2;7;0;2;2;15;1;
202300028727;155629608;B01;1;7;0;2;3;1;1;
202300028728;155629607;B01;3;1;0;9;1;26;5;
202300028728;155629609;A01;3;7;0;9;3;22;1;
202300028729;155629604;A01;1;7;0;2;3;22;2;
202300028729;155629605;B01;1;1;1;0;1;22;5;
202300028730;155629602;A01;0;7;0;2;7;15;1;
202300028730;155629603;B01;0;7;9;2;1;1;1;
202300028731;155629600;B01;2;50;0;2;2;1;3;
202300028731;155629601;A01;2;7;0;2;8;22;1;
202300028732;155629597;B01;0;1;0;2;4;2;5;
202300028732;155629599;A01;3;7;0;9;1;1;1;
202300028733;155629596;A01;1;7;0;1;1;1;1;
202300028734;155629592;A01;3;7;0;2;2;1;1;
202300028734;155629594;B01;3;33;0;2;3;16;1;
202300028735;155629593;A01;0;7;0;2;7;15;1;
202300028735;155629595;B01;0;7;0;2;1;1;0;
202300028736;155629591;A01;1;7;0;1;1;15;1;
202300028737;155629588;A01;1;7;0;1;2;1;1;
202300028738;155629589;A01;3;10;0;2;1;19;1;
202300028738;155629590;B01;3;7;0;2;2;1;1;
202300028739;155629586;A01;1;7;0;2;2;15;1;
202300028739;155629587;B01;0;32;0;2;3;1;1;
202300028740;155629584;A01;3;50;0;2;7;26;3;
202300028740;155629585;B01;3;7;0;2;1;26;1;
202300028741;155629582;B01;0;7;0;2;2;1;0;
202300028741;155629583;A01;0;7;0;2;3;1;0;
202300028742;155629579;A01;1;7;1;2;2;1;1;
202300028743;155629580;A01;3;1;0;2;7;26;5;
202300028743;155629581;B01;0;7;0;2;1;26;1;
202300028744;155629578;A01;1;7;0;1;3;1;1;
202300028745;155629577;A01;1;7;3;0;1;1;1;
202300028746;155629575;A01;2;7;0;1;1;15;1;
202300028747;155629574;A01;0;7;0;2;1;1;1;
202300028747;155629576;B01;0;7;0;2;1;1;1;
202300028748;155629572;A01;0;1;14;0;1;1;5;
202300028748;155629573;B01;3;1;0;9;1;1;5;
202300028749;155629570;A01;3;7;0;2;6;15;1;
202300028749;155629571;B01;3;50;0;2;1;1;3;
202300028750;155629569;A01;2;7;0;1;1;17;1;
202300028751;155629566;A01;1;7;0;2;0;0;1;
202300028751;155629568;B01;1;10;0;2;3;2;1;
202300028752;155629563;A01;2;33;0;2;0;13;1;
202300028752;155629564;B01;1;7;0;2;3;1;1;
202300028753;155629565;B01;3;50;0;2;8;19;3;
202300028753;155629567;A01;3;7;0;2;1;1;1;
202300028754;155629561;A01;1;33;1;0;1;0;1;
202300028755;155629560;A01;2;7;8;0;3;0;1;
202300028755;155629562;B01;2;7;8;0;3;0;1;
202300028756;155629558;A01;1;7;0;0;4;20;1;
202300028757;155629557;A01;1;7;0;2;1;15;1;
202300028757;155629559;B01;1;50;0;2;7;1;3;
202300028758;155629555;A01;2;7;0;2;2;2;0;
202300028758;155629556;B01;2;7;0;2;2;2;0;
202300028759;155629554;A01;3;7;0;1;2;16;1;
202300028760;155629553;A01;2;10;0;1;3;1;1;
202300028761;155629550;A01;3;33;12;0;1;1;1;
202300028762;155629551;A01;1;32;0;2;1;2;1;
202300028762;155629552;B01;1;7;0;2;6;1;0;
202300028763;155629549;A01;1;7;17;0;1;0;1;
202300028764;155629547;A01;2;7;2;0;3;1;1;
202300028765;155629546;A01;3;50;0;2;7;1;3;
202300028765;155629548;B01;3;7;0;2;1;1;1;
202300028766;155629543;A01;2;30;1;0;1;14;1;
202300028767;155629542;A01;1;33;0;1;1;1;1;
202300028767;155629544;B01;1;10;0;0;3;2;1;
202300028767;155629545;C01;1;7;0;0;6;2;1;
202300028768;155629540;A01;1;7;15;0;2;14;1;
202300028769;155629539;A01;2;7;0;2;3;1;1;
202300028769;155629541;B01;2;7;0;2;5;0;1;
202300028770;155629536;A01;2;80;0;2;7;26;3;
202300028770;155629538;B01;1;7;0;2;1;9;1;
202300028771;155629535;B01;2;7;0;2;2;1;2;
202300028771;155629537;A01;1;7;0;2;8;15;1;
202300028772;155629533;A01;1;7;0;9;2;15;1;
202300028772;155629534;B01;2;1;0;2;1;1;5;
202300028773;155629532;A01;1;7;0;1;1;1;1;
202300028774;155629530;A01;2;7;0;0;0;0;0;
202300028775;155629529;A01;3;2;0;2;1;1;1;
202300028775;155629531;B01;3;7;0;2;3;1;1;
202300028776;155629526;B01;3;33;0;2;1;1;0;
202300028776;155629528;A01;3;7;0;2;2;19;0;
202300028777;155629525;A01;2;7;0;2;0;16;1;
202300028777;155629527;B01;1;1;0;2;0;1;5;
202300028778;155629524;A01;1;33;4;0;0;1;1;
202300028779;155629520;B01;1;33;0;2;6;2;1;
202300028779;155629522;A01;1;33;0;2;2;2;1;
202300028780;155629521;A01;2;7;12;0;3;1;1;
202300028780;155629523;B01;0;1;12;0;1;0;5;
202300028781;155629519;A01;1;7;0;1;1;20;0;
202300028782;155629518;A01;3;33;0;0;0;0;1;
202300028783;155629515;B01;1;7;0;0;4;15;1;
202300028783;155629517;A01;1;33;0;2;2;2;1;
202300028784;155629514;B01;1;2;0;2;5;1;1;
202300028784;155629516;A01;2;7;0;2;3;9;1;
202300028785;155629512;A01;1;7;0;0;3;15;1;
202300028785;155629513;B01;1;2;0;2;1;17;1;
202300028786;155629511;A01;1;7;0;1;1;16;1;
202300028787;155629510;A01;2;7;7;0;1;0;1;
202300028788;155629508;A01;2;7;2;0;6;0;1;
202300028789;155629509;A01;1;38;0;1;0;16;1;1.0
202300028790;155629505;A01;1;7;0;2;2;16;1;
202300028790;155629507;B01;2;1;0;2;1;1;5;
202300028791;155629504;A01;2;7;0;2;3;20;1;
202300028791;155629506;B01;2;1;0;2;1;1;5;
202300028792;155629501;A01;2;7;0;2;2;1;1;
202300028792;155629503;B01;1;2;0;2;2;15;1;
202300028793;155629500;A01;0;7;0;2;2;26;1;
202300028793;155629502;B01;1;50;0;2;3;25;3;
202300028794;155629496;B01;3;50;0;2;1;1;3;
202300028794;155629497;A01;1;7;0;2;3;9;1;
202300028795;155629493;A01;2;30;0;2;1;13;1;
202300028795;155629494;B01;1;33;0;2;3;1;1;
202300028796;155629495;A01;3;7;2;0;7;14;1;
202300028797;155629490;A01;2;7;0;2;8;15;1;
202300028797;155629492;B01;2;33;0;2;1;1;1;
202300028798;155629491;A01;1;7;2;0;1;13;1;
202300028799;155629489;A01;2;33;0;1;1;17;1;
202300028800;155629488;A01;1;7;0;1;3;1;1;
202300028801;155629487;A01;1;1;0;0;0;0;5;
202300028802;155629485;A01;3;7;0;2;7;1;1;
202300028802;155629486;B01;3;30;0;2;3;1;1;
202300028803;155629484;A01;3;33;0;1;3;1;1;
202300028804;155629482;B01;0;1;0;2;7;1;5;
202300028804;155629483;A01;3;7;0;2;2;9;1;
202300028805;155629480;B01;1;30;0;2;4;2;1;
202300028805;155629481;A01;1;7;0;2;1;2;1;
202300028806;155629479;A01;2;7;13;0;1;1;1;
202300028807;155629478;A01;3;7;0;1;1;19;1;
202300028808;155629475;A01;3;7;0;1;4;4;1;
202300028809;155629476;A01;2;7;0;2;3;15;1;
202300028809;155629477;B01;1;7;0;2;2;1;1;
202300028810;155629472;A01;2;1;0;2;6;0;5;
202300028810;155629473;B01;2;10;0;2;5;17;1;
202300028811;155629468;B01;3;7;0;2;4;23;1;
202300028811;155629470;C01;3;7;0;2;4;23;1;
202300028811;155629474;A01;3;37;0;2;2;16;1;2.0
202300028812;155629467;A01;1;31;6;0;0;0;0;
202300028813;155629465;A01;2;7;0;2;6;23;1;
202300028813;155629466;B01;3;36;0;2;2;1;1;
202300028814;155629464;A01;3;33;12;0;7;13;1;
202300028815;155629459;B01;2;2;0;2;8;1;1;
202300028815;155629461;C01;2;7;0;2;3;1;1;
202300028815;155629463;A01;1;10;0;2;3;13;1;
202300028816;155629458;A01;1;7;13;0;1;1;1;
202300028817;155629460;A01;3;7;0;9;2;15;2;
202300028817;155629462;B01;3;50;0;2;1;2;3;
202300028818;155629455;B01;2;31;0;0;0;0;3;
202300028818;155629456;A01;1;7;0;2;3;11;1;
202300028819;155629453;A01;2;7;0;2;1;2;1;
202300028819;155629454;B01;2;7;0;2;1;2;0;
202300028819;155629457;C01;2;7;0;0;4;2;1;
202300028820;155629452;A01;2;10;0;1;1;1;1;
202300028821;155629451;A01;2;33;3;0;1;19;1;
202300028822;155629450;A01;2;7;15;0;9;0;1;
202300028823;155629448;A01;1;7;0;2;2;1;1;
202300028823;155629449;B01;2;80;0;2;1;15;3;
202300028824;155629447;A01;1;7;3;0;1;1;2;
202300028825;155629446;A01;2;7;0;1;1;11;1;
202300028826;155629445;A01;1;7;6;0;2;26;1;
202300028827;155629443;A01;2;10;0;2;3;15;1;
202300028827;155629444;B01;1;10;0;2;2;17;1;
202300028828;155629441;A01;2;33;0;2;1;17;1;
202300028828;155629442;B01;1;7;0;2;1;1;1;
202300028829;155629439;A01;2;33;0;2;1;2;1;
202300028829;155629440;B01;2;1;0;2;4;2;5;
202300028830;155629438;A01;1;7;2;0;1;1;1;
202300028831;155629436;B01;3;10;0;2;8;1;1;
202300028831;155629437;A01;3;7;0;2;8;1;1;
202300028832;155629435;A01;2;7;17;0;3;13;1;
202300028833;155629433;A01;3;7;0;9;5;1;0;
202300028833;155629434;B01;3;1;0;2;1;1;5;
202300028834;155629431;A01;1;7;2;0;1;1;1;
202300028835;155629430;B01;2;7;0;2;4;1;1;
202300028835;155629432;A01;1;31;1;0;1;1;1;
202300028836;155629429;A01;3;7;0;1;2;26;1;
202300028837;155629428;A01;1;7;0;1;1;1;2;
202300028838;155629427;A01;3;7;0;9;2;2;1;
202300028839;155629424;A01;3;7;0;2;7;15;0;
202300028839;155629425;B01;3;1;0;2;1;19;5;
202300028840;155629423;B01;2;80;0;2;1;1;3;
202300028840;155629426;A01;1;7;0;2;2;16;2;
202300028841;155629422;A01;1;7;1;0;2;1;1;
202300028842;155629418;A01;2;30;0;2;1;1;1;
202300028842;155629421;B01;1;7;0;2;5;15;1;
202300028843;155629419;A01;2;10;0;2;2;21;1;
202300028843;155629420;B01;2;7;0;2;6;23;1;
202300028844;155629416;A01;1;31;11;0;1;0;1;
202300028845;155629415;A01;2;7;0;2;7;16;1;
202300028845;155629417;B01;1;1;0;2;1;15;5;
202300028846;155629412;A01;2;80;0;6;0;1;3;
202300028847;155629411;A01;1;7;0;1;2;1;1;
202300028848;155629409;A01;1;7;0;2;3;10;1;
202300028848;155629410;B01;1;2;0;2;1;1;1;
202300028849;155629405;A01;1;7;0;2;1;1;1;
202300028849;155629406;B01;1;7;0;2;1;5;1;
202300028850;155629403;A01;1;33;0;0;1;1;1;
202300028851;155629404;A01;1;33;0;0;6;2;1;
202300028851;155629407;B01;1;33;0;2;1;21;1;
202300028851;155629408;C01;1;33;0;9;0;21;1;
202300028852;155629400;B01;1;7;0;2;5;2;1;
202300028852;155629401;C01;1;33;0;2;1;3;1;
202300028852;155629402;A01;1;7;0;2;6;2;1;
202300028853;155629398;B01;2;7;0;2;3;1;1;
202300028853;155629399;A01;2;7;0;2;5;1;1;
202300028854;155629395;C01;2;7;0;2;1;1;1;
202300028854;155629396;A01;2;7;0;2;4;11;1;
202300028854;155629397;B01;2;15;0;2;2;1;1;
202300028855;155629393;A01;2;7;4;2;1;14;1;
202300028855;155629394;B01;2;7;0;2;4;1;1;
202300028856;155629391;A01;2;7;0;2;1;1;1;
202300028856;155629392;B01;2;7;0;2;4;1;1;
202300028857;155629389;B01;1;99;0;2;4;12;1;
202300028857;155629390;A01;1;33;0;2;1;3;1;
202300028858;155629386;A01;2;7;0;2;1;1;1;
202300028858;155629387;B01;2;7;0;2;4;2;1;
202300028858;155629388;C01;2;10;0;2;4;12;1;
202300028859;155629384;A01;2;33;0;2;1;3;1;
202300028859;155629385;B01;2;7;0;2;6;2;1;
202300028860;155629380;A01;2;10;1;0;1;2;1;
202300028860;155629381;B01;2;7;0;2;6;24;1;
202300028860;155629382;C01;2;33;0;2;4;26;1;
202300028860;155629383;D01;2;7;0;2;4;26;1;
202300028861;155629378;A01;2;7;0;2;2;2;3;
202300028861;155629379;B01;2;33;0;2;3;3;1;
202300028862;155629375;B01;1;10;0;2;4;2;1;
202300028862;155629376;A01;1;10;0;2;1;2;1;
202300028862;155629377;C01;1;7;0;2;4;0;1;
202300028863;155629373;B01;1;7;0;2;6;1;1;
202300028863;155629374;A01;1;7;0;2;2;1;1;
202300028864;155629371;A01;0;7;0;2;0;2;1;
202300028864;155629372;B01;0;7;0;2;4;2;1;
202300028865;155629370;A01;3;7;1;0;2;16;1;
202300028866;155629368;A01;1;7;6;2;8;15;1;
202300028866;155629369;B01;1;33;6;2;7;15;1;
202300028867;155629366;A01;2;7;0;2;1;2;1;
202300028867;155629367;B01;2;14;0;2;4;2;1;
202300028868;155629365;A01;1;2;11;0;3;13;1;
202300028869;155629363;A01;2;7;0;2;1;15;1;
202300028869;155629364;B01;2;2;0;2;8;1;1;
202300028870;155629362;A01;2;7;11;0;2;0;1;
202300028871;155629361;A01;0;7;8;0;1;1;1;
202300028872;155629360;A01;2;7;0;1;1;1;1;
202300028873;155629358;A01;2;31;0;2;4;1;1;
202300028873;155629359;B01;2;7;0;2;1;2;1;
202300028874;155629355;B01;3;7;0;2;3;26;0;
202300028874;155629357;A01;3;37;0;2;3;11;0;2.0
202300028875;155629354;A01;1;10;0;2;4;2;1;
202300028875;155629356;Z01;1;7;0;2;1;2;0;
202300028876;155629352;B01;2;7;0;1;1;1;2;
202300028877;155629351;B01;3;10;0;2;3;1;1;
202300028877;155629353;A01;3;30;0;2;1;26;1;
202300028878;155629349;A01;2;33;0;2;1;26;1;
202300028878;155629350;B01;2;7;0;2;6;11;1;
202300028879;155629348;A01;1;7;0;1;2;1;2;
202300028880;155629345;A01;2;33;0;2;1;3;1;
202300028880;155629347;B01;2;7;0;2;6;1;1;
202300028881;155629344;B01;3;1;0;2;1;1;5;
202300028881;155629346;A01;3;50;0;2;1;1;3;
202300028882;155629342;B01;2;31;0;2;3;3;1;
202300028882;155629343;Z01;2;7;0;2;2;12;1;
202300028883;155629340;A01;0;7;0;2;2;16;1;
202300028883;155629341;B01;3;1;0;2;0;0;5;
202300028884;155629338;B01;1;7;0;2;5;11;1;
202300028884;155629339;A01;1;34;0;2;1;11;1;
202300028885;155629336;A01;2;7;0;9;2;1;1;
202300028885;155629337;B01;3;1;0;2;5;19;5;
202300028886;155629334;A01;2;43;0;2;1;3;1;
202300028886;155629335;B01;2;7;0;2;4;0;1;
202300028887;155629333;A01;3;7;0;1;7;16;1;
202300028888;155629331;A01;1;7;0;2;1;2;1;
202300028888;155629332;B01;1;7;13;2;4;2;1;
202300028889;155629329;A01;3;50;0;2;1;9;3;
202300028889;155629330;B01;2;50;0;2;3;1;3;
202300028890;155629328;A01;2;7;15;1;2;16;1;
202300028891;155629325;A01;2;10;0;1;8;2;1;
202300028892;155629323;A01;1;7;0;1;2;1;1;
202300028893;155629322;A01;1;10;0;1;2;19;1;
202300028894;155629320;A01;1;7;0;1;8;1;1;
202300028895;155629318;A01;0;7;0;1;2;16;0;
202300028896;155629316;A01;1;7;0;2;3;19;1;
202300028896;155629317;B01;1;37;0;2;2;1;1;4.0
202300028897;155629314;A01;1;32;0;0;4;0;1;
202300028898;155629313;A01;1;7;8;2;1;2;1;
202300028898;155629315;B01;1;7;0;2;4;23;1;
202300028899;155629311;A01;1;7;0;2;1;1;1;
202300028899;155629312;B01;2;1;0;2;1;11;5;