Num_Acc;id_vehicule;num_veh;senc;catv;obs;obsm;choc;manv;motor;occutc
202300028900;155629310;A01;3;7;0;1;2;17;1;
202300028901;155629307;A01;1;0;0;2;7;7;0;
202300028902;155629305;A01;1;2;0;2;0;26;3;
202300028902;155629306;B01;1;7;0;2;2;13;1;
202300028903;155629308;A01;1;7;0;2;1;10;0;
202300028903;155629309;B01;1;2;0;2;1;1;1;
202300028904;155629302;A01;1;7;0;2;1;2;1;
202300028904;155629303;B01;1;10;0;2;4;23;3;
202300028904;155629304;C01;1;10;0;2;4;23;1;
202300028905;155629300;A01;2;10;0;2;7;14;1;
202300028905;155629301;B01;2;7;4;2;8;1;1;
202300028906;155629298;B01;2;2;0;2;1;1;1;
202300028906;155629299;A01;1;7;0;2;5;9;1;
202300028907;155629297;A01;1;7;0;1;1;1;1;
202300028908;155629296;A01;1;7;0;1;1;1;1;
202300028909;155629294;A01;2;50;0;2;1;1;3;
202300028909;155629295;B01;2;7;0;2;6;1;1;
202300028910;155629292;A01;3;7;0;2;3;15;1;
202300028910;155629293;B01;2;33;0;2;3;1;1;
202300028911;155629291;A01;3;7;1;1;2;1;1;
202300028912;155629289;A01;1;50;0;2;1;19;3;
202300028912;155629290;B01;2;7;0;2;3;1;1;
202300028913;155629286;B01;1;7;0;2;3;1;1;
202300028913;155629287;A01;2;50;0;2;1;17;3;
202300028914;155629284;A01;0;7;0;0;0;0;1;
202300028914;155629285;B01;0;7;0;2;4;26;1;
202300028915;155629282;B01;3;33;0;2;7;1;1;
202300028915;155629283;A01;3;7;0;2;8;15;1;
202300028916;155629280;B01;3;7;0;2;2;1;1;
202300028916;155629281;A01;3;1;0;2;1;5;5;
202300028917;155629278;A01;1;33;0;2;1;5;1;
202300028917;155629279;B01;1;7;0;2;2;9;1;
202300028918;155629276;A01;1;1;0;2;1;21;5;
202300028918;155629277;B01;2;1;0;2;1;1;5;
202300028919;155629274;A01;2;7;0;2;1;2;1;
202300028919;155629275;B01;2;7;0;2;4;2;1;
202300028920;155629272;A01;3;7;0;2;2;15;1;
202300028920;155629273;B01;3;33;0;2;1;1;1;
202300028921;155629270;A01;2;7;0;2;3;9;1;
202300028921;155629271;B01;2;33;0;2;2;0;1;
202300028922;155629269;A01;1;7;1;0;9;1;1;
202300028923;155629267;A01;0;7;0;2;2;15;1;
202300028923;155629268;B01;1;32;0;2;1;1;1;
202300028924;155629266;A01;1;7;0;1;2;1;1;
202300028925;155629264;A01;3;7;0;2;2;19;1;
202300028925;155629265;B01;3;33;0;2;2;3;1;
202300028926;155629263;A01;3;50;0;0;0;1;3;
202300028927;155629261;A01;1;7;0;2;2;16;1;
202300028927;155629262;B01;1;1;0;2;1;1;5;
202300028928;155629259;B01;1;80;0;2;0;1;3;
202300028928;155629260;A01;1;7;0;2;2;20;1;
202300028929;155629258;A01;1;30;13;0;1;1;1;
202300028930;155629256;B01;0;80;9;2;7;2;0;
202300028930;155629257;A01;0;1;0;2;1;9;5;
202300028931;155629255;A01;0;10;6;0;2;14;1;
202300028932;155629254;A01;2;7;0;1;5;4;1;
202300028933;155629253;A01;3;50;0;1;1;25;3;
202300028934;155629251;A01;3;7;0;2;3;9;3;
202300028934;155629252;B01;3;80;0;2;7;1;3;
202300028935;155629249;B01;1;7;0;2;4;9;1;
202300028935;155629250;A01;1;10;0;2;1;2;1;
202300028936;155629247;A01;3;50;0;2;1;2;3;
202300028936;155629248;B01;1;7;0;2;2;20;1;
202300028937;155629245;A01;2;7;0;2;3;1;1;
202300028937;155629246;B01;1;1;0;2;8;23;5;
202300028938;155629243;A01;2;7;0;2;4;2;1;
202300028938;155629244;B01;2;7;0;2;4;2;1;
202300028939;155629242;A01;3;30;13;0;0;26;1;
202300028940;155629240;B01;3;1;0;9;7;1;5;
202300028940;155629241;A01;3;7;0;2;8;22;1;
202300028941;155629238;A01;0;30;0;2;5;26;1;
202300028941;155629239;Z01;0;7;0;2;0;0;0;
202300028942;155629237;A01;2;7;0;1;7;15;1;
202300028943;155629236;B01;1;43;0;0;0;0;1;
202300028944;155629231;A01;1;7;4;0;8;0;1;
202300028945;155629229;A01;1;33;0;2;8;1;1;
202300028945;155629230;B01;1;7;0;2;7;16;1;
202300028946;155629227;B01;1;1;0;0;0;0;5;
202300028946;155629228;A01;1;7;0;2;1;2;0;
202300028947;155629226;A01;2;1;2;0;2;1;5;
202300028948;155629224;A01;1;10;0;2;5;17;1;
202300028948;155629225;B01;0;1;0;0;0;0;5;
202300028949;155629223;A01;1;7;0;1;3;26;1;
202300028950;155629220;A01;3;7;0;2;8;1;2;
202300028950;155629221;B01;3;7;0;2;0;1;1;
202300028950;155629222;C01;3;7;0;2;0;0;1;
202300028951;155629218;A01;1;32;0;2;1;2;1;
202300028951;155629219;B01;1;7;0;0;4;2;1;
202300028952;155629217;A01;1;14;0;1;1;1;1;
202300028953;155629215;A01;1;7;0;2;5;1;1;
202300028953;155629216;B01;1;2;0;2;3;1;1;
202300028954;155629213;A01;3;7;0;2;1;1;1;
202300028954;155629214;B01;3;99;0;2;1;9;2;
202300028955;155629212;A01;3;10;0;9;2;26;1;
202300028956;155629210;A01;3;30;0;2;1;17;1;
202300028956;155629211;B01;3;7;0;2;5;15;1;
202300028957;155629207;C01;2;7;0;2;8;1;1;
202300028957;155629208;A01;2;7;0;2;7;22;2;
202300028957;155629209;B01;2;31;0;2;1;3;1;
202300028958;155629205;B01;1;7;0;2;6;1;3;
202300028958;155629206;A01;1;34;0;2;2;9;1;
202300028959;155629202;A01;1;30;0;2;1;2;1;
202300028959;155629203;B01;1;10;0;2;2;2;1;
202300028959;155629204;C01;1;7;0;2;3;2;1;
202300028960;155629200;B01;1;10;0;2;5;23;1;
202300028960;155629201;A01;1;31;0;2;1;2;1;
202300028961;155629198;A01;1;34;0;2;1;3;1;
202300028961;155629199;B01;1;10;0;2;3;11;3;
202300028962;155629197;A01;3;31;0;1;1;1;1;
202300028963;155629195;A01;1;7;0;2;2;16;1;
202300028963;155629196;B01;1;1;0;2;1;1;5;
202300028964;155629193;A01;1;2;0;2;1;2;1;
202300028964;155629194;B01;1;33;0;2;4;23;4;
202300028965;155629192;A01;2;7;0;1;1;1;1;
202300028966;155629190;B01;2;7;0;2;2;1;1;
202300028966;155629191;A01;3;30;0;2;3;16;1;
202300028967;155629188;A01;1;7;0;2;3;16;2;
202300028967;155629189;B01;1;80;0;2;1;1;3;
202300028968;155629187;A01;1;50;0;0;3;14;3;
202300028969;155629185;A01;2;33;0;2;1;16;1;
202300028969;155629186;B01;2;7;0;2;7;16;1;
202300028970;155629183;A01;3;1;0;2;1;1;5;
202300028970;155629184;B01;3;14;0;2;6;23;0;
202300028971;155629181;Z01;3;7;0;2;1;9;0;
202300028971;155629182;Y01;3;1;0;2;4;25;5;
202300028972;155629179;B01;2;80;1;0;2;1;3;
202300028972;155629180;A01;2;7;0;2;3;22;1;
202300028973;155629177;B01;2;1;0;2;8;1;5;
202300028973;155629178;A01;1;7;8;2;3;15;1;
202300028974;155629176;A01;2;50;0;1;1;1;3;
202300028975;155629174;A01;2;7;0;2;1;1;0;
202300028975;155629175;B01;2;1;0;2;8;1;5;
202300028976;155629172;A01;1;7;0;2;1;1;1;
202300028976;155629173;B01;1;7;0;0;4;23;2;
202300028977;155629171;A01;0;33;1;0;1;1;1;
202300028978;155629169;A01;1;10;0;2;4;4;1;
202300028978;155629170;B01;1;32;0;2;8;1;1;
202300028979;155629167;A01;3;10;0;2;8;22;1;
202300028979;155629168;B01;1;1;0;2;1;1;5;
202300028980;155629165;A01;1;7;0;2;3;23;1;
202300028980;155629166;B01;1;10;0;2;2;1;3;
202300028981;155629163;A01;2;30;0;2;1;15;1;
202300028981;155629164;B01;1;7;0;2;1;1;1;
202300028982;155629162;Z01;3;7;0;1;1;1;1;
202300028983;155629160;A01;2;14;0;2;2;16;1;
202300028983;155629161;B01;2;7;0;2;6;16;2;
202300028984;155629158;B01;0;10;0;2;2;15;0;
202300028984;155629159;A01;1;33;0;2;1;1;0;
202300028985;155629155;B01;2;10;0;2;3;1;1;
202300028985;155629156;A01;1;34;0;2;2;26;1;
202300028986;155629153;A01;2;30;0;2;1;1;1;
202300028986;155629154;B01;3;1;0;2;0;19;5;
202300028987;155629151;B01;3;7;0;2;1;2;1;
202300028987;155629152;A01;3;7;0;2;7;15;1;
202300028988;155629149;A01;3;10;8;2;1;9;1;
202300028988;155629150;B01;0;7;8;2;4;1;1;
202300028989;155629148;A01;2;7;1;1;5;2;2;
202300028990;155629146;A01;1;7;0;2;7;15;1;
202300028990;155629147;B01;2;31;0;2;1;1;1;
202300028991;155629144;A01;2;7;0;2;8;15;1;
202300028991;155629145;B01;2;43;0;2;1;1;1;
202300028992;155629142;A01;2;30;0;2;1;18;1;
202300028992;155629143;B01;2;10;0;2;7;22;1;
202300028993;155629140;A01;1;7;0;0;8;15;1;
202300028993;155629141;B01;1;43;0;0;7;1;1;
202300028994;155629138;A01;2;3;0;0;0;24;1;
202300028994;155629139;B01;2;1;1;0;1;1;5;
202300028995;155629136;A01;2;7;0;2;2;10;0;
202300028995;155629137;B01;1;50;0;2;1;0;3;
202300028996;155629135;A01;1;7;0;1;0;1;1;
202300028997;155629133;B01;0;33;0;2;3;15;1;
202300028997;155629134;A01;0;37;0;2;8;13;1;1.0
202300028998;155629132;A01;1;50;0;0;8;1;3;
202300028999;155629131;A01;1;10;0;1;4;20;1;
202300029000;155629129;B01;1;2;0;2;1;1;3;
202300029000;155629130;A01;1;7;0;2;3;1;1;
202300029001;155629128;A01;2;50;0;1;1;1;3;
202300029002;155629126;A01;1;14;0;2;5;1;1;
202300029002;155629127;B01;1;1;0;2;3;1;5;
202300029003;155629123;A01;2;7;0;2;1;5;1;
202300029003;155629124;B01;1;7;0;2;1;1;1;
202300029003;155629125;C01;2;7;0;2;1;1;1;
202300029004;155629121;A01;-1;7;0;2;1;15;1;
202300029004;155629122;B01;-1;7;0;2;7;1;1;
202300029005;155629119;A01;2;15;0;0;6;1;1;
202300029005;155629120;B01;2;7;0;2;2;1;1;
202300029006;155629118;A01;2;33;13;0;9;1;1;
202300029007;155629117;A01;2;7;2;0;1;1;0;
202300029008;155629115;A01;1;7;0;2;1;16;1;
202300029008;155629116;B01;2;7;0;2;3;1;1;
202300029009;155629114;A01;1;33;7;0;0;1;1;
202300029010;155629112;A01;3;1;0;2;1;5;5;
202300029010;155629113;B01;3;14;0;9;3;1;1;
202300029011;155629109;A01;1;10;0;2;1;1;1;
202300029011;155629110;B01;2;7;0;2;1;1;1;
202300029011;155629111;C01;2;7;0;2;3;1;1;
202300029012;155629107;B01;2;7;0;2;2;17;0;
202300029012;155629108;A01;2;7;0;2;3;15;0;
202300029013;155629105;A01;2;33;0;2;1;13;1;
202300029013;155629106;B01;1;10;0;2;3;1;1;
202300029014;155629103;A01;1;33;0;2;1;17;1;
202300029014;155629104;B01;2;7;0;2;3;1;0;
202300029015;155629101;A01;1;7;0;2;3;13;1;
202300029015;155629102;B01;2;7;0;2;3;1;1;
202300029016;155629099;B01;1;7;0;2;3;1;1;
202300029016;155629100;A01;3;7;0;2;2;9;1;
202300029017;155629097;A01;2;7;0;2;8;26;1;
202300029017;155629098;B01;2;7;7;2;1;1;0;
202300029018;155629095;B01;1;33;0;2;2;1;1;
202300029018;155629096;A01;2;7;0;2;7;15;1;
202300029019;155629092;A01;3;10;0;2;3;15;1;
202300029019;155629093;B01;3;2;0;0;8;1;1;
202300029019;155629094;C01;3;7;0;0;8;23;1;
202300029020;155629090;A01;1;7;0;0;2;1;1;
202300029020;155629091;B01;2;7;0;0;1;1;1;
202300029021;155629089;A01;-1;99;0;1;0;0;0;
202300029022;155629087;A01;2;7;0;2;2;9;1;
202300029022;155629088;B01;2;33;0;2;1;1;1;
202300029023;155629084;A01;2;7;8;0;1;1;1;
202300029024;155629081;B01;1;7;0;2;3;0;1;
202300029024;155629082;C01;2;31;0;9;0;1;1;
202300029024;155629083;A01;2;31;0;2;1;13;1;
202300029025;155629080;A01;2;33;2;0;1;1;1;
202300029026;155629079;A01;2;33;5;0;2;1;1;
202300029027;155629077;B01;3;32;0;2;2;5;1;
202300029027;155629078;A01;3;7;0;2;3;1;1;
202300029028;155629076;A01;3;2;0;0;0;1;1;
202300029029;155629074;B01;2;33;0;2;0;1;1;
202300029029;155629075;A01;1;33;0;2;0;13;1;
202300029030;155629070;B01;1;7;0;2;4;0;0;
202300029030;155629071;C01;1;7;0;2;4;0;0;
202300029030;155629072;D01;1;7;0;0;4;0;0;
202300029030;155629073;A01;1;10;0;2;1;0;0;
202300029031;155629067;A01;3;1;0;2;1;19;5;
202300029031;155629068;B01;3;2;0;2;1;1;1;
202300029032;155629065;B01;2;1;0;0;4;2;5;
202300029032;155629066;A01;2;10;0;0;2;17;1;
202300029033;155629064;A01;1;21;0;6;8;21;1;
202300029034;155629062;B01;1;37;0;2;3;26;1;1.0
202300029034;155629063;A01;1;7;0;2;7;1;1;
202300029035;155629060;A01;1;33;0;2;1;17;0;
202300029035;155629061;B01;2;7;0;2;1;9;1;
202300029036;155629058;B01;1;33;0;0;1;1;1;
202300029036;155629059;A01;2;7;0;2;1;15;1;
202300029037;155629057;A01;1;33;0;0;0;1;1;
202300029038;155629055;A01;2;7;0;2;1;13;1;
202300029038;155629056;B01;1;13;0;2;1;1;1;
202300029039;155629053;A01;2;10;0;2;2;20;1;
202300029039;155629054;B01;2;30;0;2;3;1;0;
202300029040;155629051;A01;1;7;0;2;8;1;1;
202300029040;155629052;B01;2;7;0;2;3;13;0;
202300029041;155629049;A01;0;7;0;2;2;19;1;
202300029041;155629050;B01;0;33;0;2;1;1;1;
202300029042;155629047;A01;1;7;0;2;3;16;1;
202300029042;155629048;B01;2;10;0;2;3;1;1;
202300029043;155629045;B01;2;32;0;2;7;1;1;
202300029043;155629046;A01;0;10;0;2;6;19;1;
202300029044;155629042;A01;3;1;0;2;1;15;5;
202300029044;155629043;B01;3;7;0;9;1;23;1;
202300029045;155629040;A01;2;7;0;2;2;14;1;
202300029045;155629041;B01;2;33;0;0;4;1;1;
202300029046;155629038;B01;1;17;0;0;5;2;1;
202300029046;155629039;A01;1;10;3;2;1;2;1;
202300029047;155629036;A01;1;7;0;2;3;13;1;
202300029047;155629037;B01;2;7;0;2;3;1;1;
202300029048;155629033;A01;1;7;0;2;1;1;1;
202300029048;155629034;B01;2;7;0;2;1;1;1;
202300029048;155629035;C01;2;7;0;2;1;1;1;
202300029049;155629032;A01;0;7;15;9;0;0;1;
202300029050;155629029;A01;2;33;0;2;1;1;1;
202300029050;155629030;B01;2;33;0;2;1;1;1;
202300029050;155629031;C01;1;10;0;2;3;13;1;
202300029051;155629027;A01;1;10;0;2;7;15;1;
202300029051;155629028;B01;2;31;0;2;1;1;1;
202300029052;155629026;A01;0;7;0;1;2;1;0;
202300029053;155629025;A01;1;33;0;1;0;13;1;
202300029054;155629023;A01;1;7;0;2;3;13;1;
202300029054;155629024;B01;2;7;2;2;3;1;1;
202300029055;155629019;A01;1;7;0;2;2;17;1;
202300029055;155629020;B01;1;15;0;0;6;0;1;
202300029056;155629018;A01;2;21;7;0;7;14;1;
202300029057;155629017;A01;1;7;0;0;1;0;1;
202300029058;155629015;A01;1;33;0;2;1;1;0;
202300029058;155629016;B01;2;7;0;2;3;15;0;
202300029059;155629013;A01;2;7;0;2;3;1;1;
202300029059;155629014;B01;2;7;6;2;3;10;1;
202300029060;155629012;A01;1;7;6;0;1;15;1;
202300029061;155629011;A01;3;7;0;0;0;0;0;
202300029062;155629009;A01;1;7;0;2;1;14;0;
202300029062;155629010;B01;2;7;0;2;1;1;1;
202300029063;155629007;A01;1;7;0;2;2;15;1;
202300029063;155629008;B01;2;1;0;2;8;1;5;
202300029064;155629005;A01;3;7;0;0;8;9;1;
202300029064;155629006;B01;3;33;0;2;1;1;1;
202300029065;155629004;A01;0;7;13;0;2;0;1;
202300029066;155629002;A01;1;7;0;0;0;17;1;
202300029066;155629003;B01;1;33;0;0;8;17;1;
202300029067;155629001;A01;1;7;0;0;1;0;1;
202300029068;155628999;A01;3;10;0;2;7;1;0;
202300029068;155629000;B01;3;10;0;0;1;1;0;
202300029069;155628996;A01;1;7;0;2;1;1;1;
202300029069;155628997;B01;1;7;0;2;4;23;1;
202300029069;155628998;C01;1;7;0;2;4;23;1;
202300029070;155628993;A01;2;14;0;2;4;1;1;
202300029070;155628994;B01;2;7;0;2;6;2;1;
202300029070;155628995;C01;2;7;0;2;2;14;1;
202300029071;155628991;A01;1;32;0;2;1;14;1;
202300029071;155628992;B01;1;7;0;2;6;1;2;
202300029072;155628989;A01;1;7;4;2;2;14;1;
202300029072;155628990;B01;1;10;4;2;3;1;1;
202300029073;155628986;C01;2;7;0;2;5;23;1;
202300029073;155628987;A01;2;7;0;2;3;18;1;
202300029073;155628988;B01;2;7;0;2;7;23;1;
202300029074;155628984;A01;2;33;0;2;1;2;1;
202300029074;155628985;B01;2;7;0;2;4;1;1;
202300029075;155628982;A01;0;7;0;2;1;15;1;
202300029075;155628983;B01;2;1;0;2;8;1;5;
202300029076;155628979;A01;2;7;0;2;1;1;1;
202300029076;155628980;B01;2;7;0;2;4;1;1;
202300029076;155628981;C01;2;7;0;2;4;1;1;
202300029077;155628978;A01;1;30;0;0;0;1;1;
202300029078;155628975;A01;3;7;0;0;3;15;1;
202300029078;155628976;B01;3;2;0;2;0;0;1;
202300029078;155628977;C01;3;7;0;0;0;0;2;
202300029079;155628973;B01;1;7;0;2;2;15;1;
202300029079;155628974;A01;2;33;0;2;1;1;1;
202300029080;155628971;B01;3;7;0;2;1;1;1;
202300029080;155628972;A01;1;30;0;2;7;16;1;
202300029081;155628969;A01;2;80;0;2;8;1;3;
202300029081;155628970;B01;2;7;0;2;7;16;1;
202300029082;155628967;A01;1;7;0;2;1;12;1;
202300029082;155628968;B01;1;7;0;0;4;0;2;
202300029083;155628965;A01;1;10;0;2;3;2;1;
202300029083;155628966;B01;1;1;0;2;0;0;5;
202300029084;155628963;A01;1;7;0;2;0;0;1;
202300029084;155628964;B01;3;50;0;2;0;0;3;
202300029085;155628961;B01;1;7;0;2;7;1;1;
202300029085;155628962;A01;1;50;0;2;1;5;3;
202300029086;155628959;A01;2;7;0;2;1;9;1;
202300029086;155628960;B01;2;7;0;2;7;15;1;
202300029087;155628957;A01;3;10;4;2;3;21;1;
202300029087;155628958;B01;2;7;10;0;4;23;1;
202300029088;155628956;A01;3;7;0;1;8;15;1;
202300029089;155628954;B01;2;7;0;9;3;16;1;
202300029089;155628955;A01;1;1;0;2;1;19;5;
202300029090;155628952;A01;3;10;0;2;1;2;1;
202300029090;155628953;B01;3;7;0;2;7;2;1;
202300029091;155628950;Z01;1;0;0;9;2;26;0;
202300029091;155628951;A01;2;50;0;2;1;15;3;
202300029092;155628948;B01;1;1;0;2;4;1;5;
202300029092;155628949;A01;1;7;0;2;2;9;1;
202300029093;155628944;A01;1;7;8;0;1;0;2;
202300029094;155628942;B01;2;7;0;2;2;21;1;
202300029094;155628943;A01;2;7;0;2;6;1;0;
202300029095;155628941;A01;3;7;9;1;1;14;1;
202300029096;155628940;A01;1;7;9;0;1;0;1;
202300029097;155628938;B01;1;7;0;2;4;2;1;
202300029097;155628939;A01;1;30;0;2;1;2;1;
202300029098;155628937;A01;1;10;0;1;1;1;1;
202300029099;155628936;A01;0;7;0;1;1;1;3;
202300029100;155628935;A01;1;7;0;1;2;9;1;
202300029101;155628933;B01;1;2;0;2;1;1;1;
202300029101;155628934;A01;1;10;0;2;3;15;3;
202300029102;155628930;A01;1;7;0;2;1;2;1;
202300029102;155628931;B01;1;7;0;2;4;2;1;
202300029102;155628932;C01;1;7;0;2;4;2;0;
202300029103;155628928;A01;2;7;0;2;2;15;1;
202300029103;155628929;B01;2;30;0;2;1;1;1;
202300029104;155628926;A01;0;1;0;2;4;0;5;
202300029104;155628927;B01;0;7;0;9;5;16;1;
202300029105;155628925;A01;1;7;12;1;2;1;1;
202300029106;155628923;A01;2;13;0;2;6;4;1;
202300029106;155628924;B01;2;37;0;2;3;26;1;4.0
202300029107;155628922;A01;1;7;1;1;1;21;1;
202300029108;155628921;A01;2;1;0;0;1;26;5;
202300029109;155628919;A01;1;7;0;2;3;16;1;
202300029109;155628920;B01;1;2;0;2;2;2;0;
202300029110;155628917;A01;1;7;0;2;2;0;1;
202300029110;155628918;B01;2;7;0;2;3;0;1;
202300029111;155628914;A01;2;7;0;2;2;12;1;
202300029111;155628915;B01;2;43;0;2;1;3;1;
202300029111;155628916;C01;2;7;0;2;4;1;1;
202300029112;155628912;B01;1;7;0;2;4;2;1;
202300029112;155628913;A01;1;7;0;2;1;2;1;
202300029113;155628911;A01;2;10;0;1;3;16;1;
202300029114;155628910;A01;2;33;0;1;1;16;1;
202300029115;155628908;A01;3;10;0;2;6;14;1;
202300029115;155628909;B01;3;1;0;2;1;1;5;
202300029116;155628907;A01;2;50;0;0;1;1;3;
202300029117;155628906;A01;1;34;0;0;8;1;1;
202300029118;155628904;A01;1;7;0;2;1;9;1;
202300029118;155628905;B01;2;1;0;2;7;5;5;
202300029119;155628902;A01;2;7;0;2;3;16;1;
202300029119;155628903;B01;1;80;0;2;1;1;3;
202300029120;155628900;A01;2;7;0;2;3;9;1;
202300029120;155628901;B01;2;30;0;2;1;1;3;
202300029121;155628898;A01;1;7;0;2;7;20;1;
202300029121;155628899;B01;1;30;0;2;3;18;1;
202300029122;155628896;A01;1;10;0;2;1;1;1;
202300029122;155628897;B01;2;50;0;2;2;1;3;
202300029123;155628895;A01;3;33;1;0;2;20;1;
202300029124;155628892;A01;1;50;0;2;1;13;3;
202300029124;155628893;B01;2;80;0;2;1;1;3;
202300029125;155628890;B01;2;37;0;2;5;17;1;1.0
202300029125;155628891;A01;1;1;0;2;3;21;5;
202300029126;155628887;B01;1;7;0;2;6;2;1;
202300029126;155628888;C01;1;7;0;2;4;2;1;
202300029126;155628889;A01;1;10;0;2;1;2;1;
202300029127;155628886;A01;2;1;0;1;1;1;5;
202300029128;155628884;Z01;1;10;0;2;3;15;0;
202300029128;155628885;B01;2;80;0;2;1;1;3;
202300029129;155628883;A01;1;1;0;1;1;1;5;
202300029130;155628881;B01;0;10;0;2;6;9;1;
202300029130;155628882;A01;2;7;0;2;1;1;1;
202300029131;155628879;A01;0;7;0;2;6;1;6;
202300029131;155628880;B01;0;33;0;2;2;15;0;
202300029132;155628877;B01;0;33;0;2;4;23;0;
202300029132;155628878;A01;0;10;0;2;1;1;0;
202300029133;155628876;A01;1;7;0;1;1;16;0;
202300029134;155628874;A01;2;7;0;2;3;15;1;
202300029134;155628875;B01;1;43;0;2;1;1;1;
202300029135;155628873;A01;2;34;0;1;1;1;1;
202300029136;155628872;A01;3;7;0;1;1;15;1;
202300029137;155628871;A01;3;7;0;1;2;1;1;
202300029138;155628868;A01;0;7;0;2;1;2;1;
202300029138;155628869;B01;0;10;0;2;4;2;1;
202300029138;155628870;C01;0;7;0;2;4;2;1;
202300029139;155628867;A01;0;7;2;0;1;0;1;
202300029140;155628865;B01;3;1;0;2;0;15;5;
202300029140;155628866;A01;1;10;0;2;3;16;1;
202300029141;155628863;A01;3;7;0;2;1;15;1;
202300029141;155628864;B01;0;7;0;2;3;1;1;
202300029142;155628861;A01;0;7;0;2;2;16;3;
202300029142;155628862;B01;0;30;0;2;1;1;1;
202300029143;155628859;B01;1;60;0;2;1;19;5;
202300029143;155628860;A01;1;10;0;9;1;15;1;
202300029144;155628858;A01;3;60;0;0;1;25;5;
202300029145;155628857;A01;2;7;6;0;1;26;1;
202300029146;155628856;A01;1;7;0;1;1;1;1;
202300029147;155628854;C01;3;31;0;2;7;1;0;
202300029147;155628855;A01;0;1;0;2;7;1;5;
202300029148;155628853;A01;1;50;0;1;1;1;3;
202300029149;155628850;A01;3;7;0;2;3;1;1;
202300029149;155628851;C01;1;7;0;2;3;23;2;
202300029149;155628852;B01;0;7;0;2;2;9;1;
202300029150;155628848;A01;2;50;0;2;1;26;3;
202300029150;155628849;B01;2;7;0;2;4;23;0;
202300029151;155628846;A01;1;32;0;2;8;0;1;
202300029151;155628847;B01;0;7;0;0;0;0;0;
202300029152;155628844;A01;0;7;0;2;1;0;0;
202300029152;155628845;B01;0;34;0;2;4;1;1;
202300029153;155628842;B01;1;1;0;2;7;26;5;
202300029153;155628843;A01;1;10;0;2;3;26;1;
202300029154;155628840;A01;1;3;1;0;2;14;1;
202300029154;155628841;B01;0;7;0;2;6;23;1;
202300029155;155628839;A01;2;7;14;1;3;21;0;
202300029156;155628838;A01;1;17;3;0;3;13;1;
202300029157;155628836;A01;3;16;0;9;5;1;1;
202300029157;155628837;B01;3;1;0;2;0;1;5;
202300029158;155628835;A01;3;7;13;0;3;26;1;
202300029159;155628833;A01;2;7;0;2;1;13;1;
202300029159;155628834;B01;1;7;6;2;3;1;1;
202300029160;155628832;A01;3;2;8;0;0;21;3;
202300029161;155628831;A01;1;7;2;0;1;1;1;
202300029162;155628829;B01;1;33;0;2;1;1;1;
202300029162;155628830;A01;2;7;0;2;1;15;1;
202300029163;155628827;A01;2;7;0;2;3;9;1;
202300029163;155628828;B01;1;33;0;2;1;17;1;
202300029164;155628826;A01;1;33;0;0;7;16;1;
202300029165;155628824;B01;2;7;0;0;1;1;1;
202300029165;155628825;A01;1;10;0;2;8;1;1;
202300029166;155628823;A01;2;7;0;1;6;4;1;
202300029167;155628822;A01;2;33;0;0;8;1;1;
202300029168;155628821;A01;1;7;13;0;3;0;1;
202300029169;155628819;A01;3;36;0;2;1;13;1;
202300029169;155628820;B01;3;1;0;2;1;1;5;
202300029170;155628818;A01;1;36;15;0;8;1;1;
202300029171;155628816;A01;1;33;0;2;1;13;1;
202300029171;155628817;B01;2;7;0;2;8;1;1;
202300029172;155628814;A01;2;7;8;0;9;1;1;
202300029173;155628813;A01;1;33;13;0;1;16;1;
202300029174;155628812;A01;2;20;0;0;7;1;1;
202300029175;155628811;A01;0;31;13;0;7;1;1;
202300029176;155628809;A01;2;7;0;2;1;13;1;
202300029176;155628810;B01;1;7;0;2;1;1;1;
202300029177;155628808;A01;1;33;0;0;0;1;1;
202300029178;155628807;A01;2;33;13;0;1;0;1;
202300029179;155628806;A01;2;7;0;1;1;1;1;
202300029180;155628805;A01;3;33;0;0;0;16;1;
202300029181;155628803;A01;3;7;0;2;1;19;1;
202300029181;155628804;B01;2;1;0;2;6;1;5;
202300029182;155628801;A01;1;7;0;2;7;19;1;
202300029182;155628802;C01;1;7;0;2;3;1;1;
202300029183;155628799;A01;2;38;0;2;3;1;1;1.0
202300029183;155628800;B01;1;7;0;2;3;13;1;
202300029184;155628797;A01;2;31;0;2;9;21;1;
202300029184;155628798;B01;1;7;0;2;8;1;1;
202300029185;155628795;A01;2;30;0;2;1;2;1;
202300029185;155628796;B01;2;7;0;0;5;23;1;
202300029186;155628791;A01;1;7;0;2;3;13;1;
202300029186;155628792;B01;2;15;0;2;3;1;1;
202300029186;155628793;C01;1;7;0;2;6;1;1;
202300029186;155628794;D01;1;7;0;9;1;1;1;
202300029187;155628789;A01;2;7;0;2;1;1;1;
202300029187;155628790;B01;1;7;0;2;8;9;3;
202300029188;155628788;A01;1;7;16;0;9;1;1;
202300029189;155628786;A01;2;7;0;0;1;13;1;
202300029189;155628787;B01;1;7;14;2;1;1;1;
202300029190;155628785;A01;2;1;0;0;0;0;5;
202300029191;155628783;A01;2;33;0;2;0;0;1;
202300029191;155628784;B01;2;30;0;2;0;0;1;
202300029192;155628782;A01;1;7;0;1;2;1;0;
202300029193;155628780;A01;2;7;0;0;-1;10;1;