Num_Acc;id_vehicule;num_veh;senc;catv;obs;obsm;choc;manv;motor;occutc
202300029193;155628781;B01;1;33;10;0;9;21;1;
202300029194;155628779;A01;1;33;13;0;9;17;1;
202300029195;155628777;B01;1;7;0;0;6;1;0;
202300029195;155628778;A01;2;33;0;2;1;19;0;
202300029196;155628775;A01;2;10;0;2;6;9;1;
202300029196;155628776;B01;1;33;0;2;1;1;1;
202300029197;155628773;A01;2;33;0;2;2;17;1;
202300029197;155628774;B01;2;38;0;9;8;15;1;1.0
202300029198;155628772;A01;2;3;0;1;2;0;1;
202300029199;155628770;A01;1;7;0;2;6;19;1;
202300029199;155628771;B01;1;7;0;2;1;1;1;
202300029200;155628768;B01;1;7;0;2;1;1;1;
202300029200;155628769;A01;2;7;0;2;7;13;1;
202300029201;155628766;A01;2;1;0;2;8;13;5;
202300029201;155628767;B01;1;21;0;9;6;1;1;
202300029202;155628764;A01;2;10;0;2;2;12;1;
202300029202;155628765;B01;2;33;3;2;6;1;1;
202300029203;155628762;A01;1;7;0;2;2;15;1;
202300029203;155628763;B01;2;33;0;2;2;1;1;
202300029204;155628761;A01;1;7;2;0;1;0;1;
202300029205;155628760;A01;2;33;0;6;2;19;6;
202300029206;155628756;B01;1;7;0;2;8;13;1;
202300029206;155628757;A01;1;43;0;2;3;7;1;
202300029207;155628754;A01;1;7;0;2;4;2;1;
202300029207;155628755;B01;1;7;0;2;1;2;1;
202300029208;155628752;A01;1;15;4;2;1;1;1;
202300029208;155628753;B01;2;10;0;2;6;1;1;
202300029209;155628751;A01;1;7;3;0;8;13;1;
202300029210;155628748;A01;1;15;0;2;2;12;1;
202300029210;155628749;B01;1;7;0;2;8;18;1;
202300029210;155628750;C01;1;10;0;2;7;1;1;
202300029211;155628746;A01;1;7;0;2;4;1;1;
202300029211;155628747;B01;1;33;0;2;1;2;1;
202300029212;155628744;A01;2;7;0;2;1;1;0;
202300029212;155628745;B01;2;10;0;2;4;1;0;
202300029213;155628742;A01;2;10;0;2;1;1;1;
202300029213;155628743;B01;2;15;0;2;6;2;1;
202300029214;155628740;B01;2;7;0;2;4;1;1;
202300029214;155628741;A01;2;15;0;2;1;1;1;
202300029215;155628738;B01;1;7;0;2;2;12;1;
202300029215;155628739;A01;1;33;0;2;0;1;1;
202300029216;155628735;A01;2;7;4;2;3;11;1;
202300029216;155628736;B01;2;10;4;2;5;1;1;
202300029216;155628737;C01;2;10;4;2;6;1;1;
202300029217;155628733;A01;2;7;0;2;8;13;1;
202300029217;155628734;B01;2;31;0;2;1;3;1;
202300029218;155628731;A01;2;7;0;0;0;17;1;
202300029218;155628732;B01;2;32;14;0;1;1;0;
202300029219;155628729;B01;2;7;0;2;4;1;1;
202300029219;155628730;A01;2;7;0;2;1;1;1;
202300029220;155628727;B01;2;7;0;2;1;1;1;
202300029220;155628728;A01;2;33;0;2;1;1;1;
202300029221;155628725;A01;1;7;0;2;1;11;1;
202300029221;155628726;B01;1;7;0;2;4;1;1;
202300029222;155628723;B01;1;10;0;2;1;1;4;
202300029222;155628724;A01;1;17;0;2;4;24;1;
202300029223;155628721;A01;1;33;0;2;3;12;1;
202300029223;155628722;B01;1;7;0;2;2;0;1;
202300029224;155628719;A01;1;13;0;2;5;12;1;
202300029224;155628720;B01;1;7;4;2;3;1;1;
202300029225;155628716;A01;2;7;1;2;1;1;1;
202300029225;155628717;B01;2;7;0;0;4;23;1;
202300029225;155628718;C01;2;99;0;2;4;1;1;
202300029226;155628713;A01;1;7;0;2;5;26;1;
202300029226;155628714;B01;1;7;0;2;0;26;1;
202300029226;155628715;C01;1;33;0;2;8;2;1;
202300029227;155628712;A01;1;7;0;1;1;1;1;
202300029228;155628710;A01;2;7;0;2;1;2;1;
202300029228;155628711;B01;2;7;0;2;4;2;1;
202300029229;155628708;A01;2;20;3;2;1;1;1;
202300029229;155628709;B01;2;7;4;2;8;11;1;
202300029230;155628707;A01;2;33;0;0;0;0;1;
202300029231;155628703;A01;1;7;0;1;1;1;1;
202300029232;155628702;A01;1;7;2;0;1;0;1;
202300029233;155628700;A01;1;7;0;2;5;0;3;
202300029233;155628701;Z01;1;7;0;2;1;21;1;
202300029234;155628699;A01;3;33;1;0;1;1;1;
202300029235;155628698;A01;1;1;0;0;8;1;5;
202300029236;155628697;A01;2;50;15;0;1;13;3;
202300029237;155628696;A01;1;7;0;1;2;14;0;
202300029238;155628694;A01;2;7;0;0;4;23;1;
202300029238;155628695;B01;2;1;0;2;1;1;5;
202300029239;155628692;B01;1;7;0;2;7;1;1;
202300029239;155628693;A01;1;80;0;2;8;13;3;
202300029240;155628690;A01;2;7;0;2;2;16;1;
202300029240;155628691;B01;2;1;14;2;2;2;5;
202300029241;155628688;A01;3;1;0;2;8;5;5;
202300029241;155628689;B01;3;7;0;2;6;2;3;
202300029242;155628687;A01;1;31;0;0;0;1;0;
202300029243;155628686;A01;3;99;0;0;1;26;0;
202300029244;155628685;A01;2;7;0;1;3;26;1;
202300029245;155628683;B01;2;30;0;2;1;1;1;
202300029245;155628684;A01;1;7;0;2;5;19;1;
202300029246;155628681;A01;3;37;1;2;1;1;1;1.0
202300029246;155628682;B01;3;7;0;2;4;2;1;
202300029247;155628679;A01;3;7;0;2;1;1;0;
202300029247;155628680;B01;3;7;0;2;8;1;0;
202300029248;155628678;A01;2;7;0;1;2;1;1;
202300029249;155628677;A01;3;7;0;1;3;15;0;
202300029250;155628675;A01;2;7;0;2;3;15;1;
202300029250;155628676;B01;1;7;0;2;1;1;1;
202300029251;155628673;B01;1;30;0;2;7;9;1;
202300029251;155628674;A01;1;10;0;2;1;1;0;
202300029252;155628672;Z01;1;33;0;1;1;0;1;
202300029253;155628670;A01;1;13;0;2;2;15;1;
202300029253;155628671;B01;1;3;0;2;8;15;1;
202300029254;155628668;A01;0;7;0;2;2;15;1;
202300029254;155628669;B01;0;33;0;2;6;1;1;
202300029255;155628666;B01;0;1;0;2;1;1;5;
202300029255;155628667;A01;0;7;0;2;3;9;1;
202300029256;155628664;A01;2;32;0;2;3;13;1;
202300029256;155628665;B01;1;7;0;2;3;1;1;
202300029257;155628662;A01;2;7;0;2;4;26;0;
202300029257;155628663;B01;2;7;0;2;1;1;0;
202300029258;155628661;A01;1;30;0;0;8;2;1;
202300029259;155628659;A01;1;7;0;2;1;2;1;
202300029259;155628660;B01;1;7;0;0;4;2;1;
202300029260;155628658;A01;1;7;0;1;1;1;1;
202300029261;155628656;A01;1;7;0;2;2;1;1;
202300029261;155628657;B01;1;33;0;2;1;1;1;
202300029262;155628654;A01;1;7;0;2;3;1;1;
202300029262;155628655;B01;2;30;0;2;6;1;3;
202300029263;155628653;A01;3;14;0;1;2;2;1;
202300029264;155628651;B01;0;2;0;2;8;1;1;
202300029264;155628652;A01;0;7;0;2;1;19;1;
202300029265;155628650;A01;3;7;2;0;3;1;1;
202300029266;155628649;A01;1;7;0;1;2;1;1;
202300029267;155628648;A01;3;7;0;1;1;1;1;
202300029268;155628647;A01;1;17;0;1;3;1;1;
202300029269;155628645;A01;2;33;0;0;2;17;1;
202300029269;155628646;B01;2;7;0;0;3;15;1;
202300029270;155628643;B01;2;7;0;2;3;13;1;
202300029270;155628644;A01;1;10;0;2;1;1;1;
202300029271;155628641;A01;2;7;0;2;1;1;1;
202300029271;155628642;B01;1;7;8;2;8;15;1;
202300029272;155628639;B01;2;7;8;0;6;2;1;
202300029272;155628640;A01;2;7;0;2;2;2;1;
202300029273;155628637;B01;2;33;0;2;1;2;1;
202300029273;155628638;A01;2;10;0;2;5;1;1;
202300029274;155628635;B01;1;7;0;2;1;13;2;
202300029274;155628636;A01;2;10;0;2;1;21;1;
202300029275;155628634;A01;0;99;0;0;0;0;1;
202300029276;155628633;A01;2;7;0;1;2;11;0;
202300029277;155628632;A01;3;20;0;1;0;26;1;
202300029278;155628630;A01;2;7;0;2;3;13;1;
202300029278;155628631;B01;1;15;0;2;3;1;1;
202300029279;155628628;A01;1;7;0;2;1;2;1;
202300029279;155628629;B01;1;7;0;2;4;1;1;
202300029280;155628626;A01;1;7;0;2;2;5;1;
202300029280;155628627;B01;2;7;0;2;2;21;1;
202300029281;155628624;A01;2;7;0;2;8;9;1;
202300029281;155628625;B01;1;7;0;2;7;0;1;
202300029282;155628622;A01;3;7;12;2;1;1;1;
202300029282;155628623;B01;3;7;0;2;1;1;1;
202300029283;155628620;A01;1;7;0;2;8;15;1;
202300029283;155628621;B01;1;2;0;2;1;17;1;
202300029284;155628618;B01;1;10;13;2;8;1;1;
202300029284;155628619;A01;1;7;0;2;2;1;1;
202300029285;155628617;A01;1;2;0;2;1;2;1;
202300029286;155628615;A01;2;7;13;0;7;14;1;
202300029287;155628614;A01;1;2;0;2;1;2;1;
202300029287;155628616;B01;1;2;0;2;9;2;1;
202300029288;155628613;A01;3;7;2;0;3;1;1;
202300029289;155628611;A01;0;33;0;0;7;1;1;
202300029290;155628610;A01;1;2;0;2;1;19;3;
202300029290;155628612;B01;2;31;0;2;8;1;1;
202300029291;155628607;A01;1;80;0;0;0;1;3;
202300029292;155628608;A01;2;7;0;2;3;15;1;
202300029292;155628609;B01;1;33;0;2;1;0;1;
202300029293;155628606;A01;1;33;0;0;0;17;1;
202300029294;155628604;B01;1;2;0;2;8;1;1;
202300029294;155628605;A01;2;7;0;2;1;1;1;
202300029295;155628602;A01;1;20;3;2;3;13;1;
202300029295;155628603;B01;2;7;0;2;3;1;1;
202300029296;155628601;A01;1;10;0;1;2;15;1;
202300029297;155628599;A01;1;7;3;2;3;13;1;
202300029297;155628600;B01;2;15;0;2;3;1;1;
202300029298;155628598;A01;1;1;12;0;1;20;5;
202300029299;155628596;A01;3;0;0;1;0;0;0;
202300029300;155628597;A01;2;33;0;1;1;1;1;
202300029301;155628594;A01;1;7;4;0;9;1;1;
202300029302;155628593;A01;1;7;0;2;2;14;1;
202300029302;155628595;B01;1;7;3;2;6;1;2;
202300029303;155628591;A01;1;7;0;2;1;2;1;
202300029303;155628592;Z01;1;7;0;2;4;0;0;
202300029304;155628590;A01;1;33;10;0;1;17;1;
202300029305;155628588;A01;1;7;0;2;1;1;1;
202300029305;155628589;B01;1;7;0;2;4;1;1;
202300029306;155628587;A01;2;33;4;0;8;13;0;
202300029307;155628585;A01;2;7;11;0;1;1;1;
202300029308;155628584;A01;3;1;0;2;4;0;5;
202300029308;155628586;Z01;3;7;0;2;0;0;0;
202300029309;155628582;A01;1;7;13;0;3;1;1;
202300029310;155628578;A01;1;7;3;2;1;13;1;
202300029310;155628579;B01;2;17;3;2;1;1;1;
202300029311;155628575;A01;3;2;0;2;2;5;1;
202300029311;155628576;B01;3;21;0;2;1;1;1;
202300029312;155628573;A01;1;7;0;1;7;1;1;
202300029313;155628572;A01;1;7;0;2;1;1;1;
202300029313;155628574;B01;1;14;0;0;4;1;1;
202300029314;155628568;A01;2;38;0;2;5;16;1;1.0
202300029314;155628569;B01;2;43;0;2;1;18;1;
202300029315;155628566;B01;3;36;0;2;1;1;0;
202300029315;155628567;A01;3;7;0;2;1;1;1;
202300029316;155628563;A01;1;10;0;2;3;13;1;
202300029316;155628565;B01;2;10;0;2;3;1;1;
202300029317;155628562;A01;3;7;0;2;1;15;1;
202300029317;155628564;B01;3;2;0;2;1;17;1;
202300029318;155628560;B01;1;7;0;0;4;1;1;
202300029318;155628561;A01;1;32;1;0;1;2;1;
202300029319;155628558;B01;3;80;0;2;0;0;3;
202300029319;155628559;A01;3;7;0;2;3;9;1;
202300029320;155628555;A01;3;7;0;2;2;9;1;
202300029320;155628557;B01;1;2;0;2;1;1;1;
202300029321;155628552;A01;3;10;2;0;1;1;1;
202300029322;155628551;D01;2;33;0;2;9;1;1;
202300029322;155628553;C01;2;7;0;2;1;1;1;
202300029322;155628554;B01;2;7;0;2;1;1;1;
202300029322;155628556;A01;2;7;0;2;4;1;1;
202300029323;155628547;B01;2;7;0;2;8;1;1;
202300029323;155628550;A01;1;7;0;2;1;1;1;
202300029324;155628548;A01;3;2;0;2;1;1;1;
202300029324;155628549;B01;3;7;0;2;3;15;1;
202300029325;155628546;A01;1;7;17;0;2;13;1;
202300029326;155628544;B01;1;7;0;2;1;1;0;
202300029326;155628545;A01;2;7;0;2;3;9;1;
202300029327;155628541;A01;2;7;0;1;2;1;1;
202300029328;155628542;A01;2;7;0;0;3;11;1;
202300029328;155628543;B01;1;38;0;0;0;23;1;1.0
202300029329;155628538;A01;2;34;0;2;1;1;1;
202300029329;155628540;B01;1;7;0;2;5;19;2;
202300029330;155628537;A01;2;7;0;2;3;13;1;
202300029330;155628539;B01;1;7;0;2;2;1;1;
202300029331;155628535;B01;1;37;0;2;2;1;1;1.0
202300029331;155628536;A01;1;1;0;2;3;9;5;
202300029332;155628534;A01;1;7;16;0;0;21;1;
202300029333;155628532;A01;2;7;0;1;3;1;1;
202300029334;155628531;A01;1;7;0;2;6;13;0;
202300029334;155628533;B01;1;33;0;2;1;17;0;
202300029335;155628530;A01;1;7;0;1;3;16;1;
202300029336;155628529;A01;1;33;0;0;1;1;1;
202300029337;155628528;A01;0;7;0;1;1;9;1;
202300029338;155628527;A01;0;99;12;0;1;1;1;
202300029339;155628526;A01;1;7;2;0;1;1;1;
202300029340;155628525;A01;1;7;6;0;2;0;1;
202300029341;155628521;A01;1;7;0;2;3;1;3;
202300029341;155628523;B01;2;33;0;2;1;17;1;
202300029342;155628522;B01;3;7;0;2;5;1;0;
202300029342;155628524;A01;3;33;0;2;3;1;1;
202300029343;155628519;A01;2;7;0;1;2;1;1;
202300029344;155628518;B01;1;7;0;2;2;1;0;
202300029344;155628520;A01;2;7;0;0;5;9;1;
202300029345;155628517;A01;2;7;0;1;1;1;1;
202300029346;155628516;A01;1;7;6;0;1;0;1;
202300029347;155628514;B01;1;7;0;2;5;15;1;
202300029347;155628515;A01;1;7;0;2;3;2;1;
202300029348;155628513;A01;3;7;0;1;2;1;1;
202300029349;155628512;A01;2;7;0;1;2;1;1;
202300029350;155628511;A01;0;7;0;1;7;20;3;
202300029351;155628509;B01;3;99;0;2;2;9;1;
202300029351;155628510;A01;1;7;0;2;1;1;1;
202300029352;155628508;A01;1;32;1;0;1;1;1;
202300029353;155628507;A01;3;7;0;2;1;26;1;
202300029354;155628503;A01;2;43;4;0;8;9;1;
202300029355;155628502;A01;2;1;0;2;4;1;5;
202300029355;155628504;Z01;2;7;0;2;1;1;1;
202300029356;155628500;A01;3;3;0;0;0;1;1;
202300029357;155628499;A01;2;31;0;2;2;1;1;
202300029357;155628501;B01;2;10;0;2;8;1;1;
202300029358;155628497;A01;3;50;0;2;1;5;3;
202300029358;155628498;B01;3;7;0;2;3;1;1;
202300029359;155628494;B01;3;7;0;2;4;23;1;
202300029359;155628496;A01;3;7;0;2;2;1;1;
202300029360;155628493;B01;1;7;0;2;2;1;3;
202300029360;155628495;A01;1;34;0;2;8;1;1;
202300029361;155628491;A01;2;7;0;2;1;1;1;
202300029361;155628492;B01;2;7;0;2;3;1;3;
202300029362;155628488;A01;1;7;0;2;1;2;1;
202300029362;155628490;B01;1;7;0;2;4;23;1;
202300029363;155628485;A01;1;7;4;0;3;21;1;
202300029364;155628483;A01;1;7;0;2;3;9;1;
202300029364;155628484;B01;1;1;0;2;9;1;5;
202300029365;155628482;A01;2;7;4;0;0;1;1;
202300029366;155628480;B01;1;31;0;2;1;1;1;
202300029366;155628481;A01;1;7;12;2;3;15;1;
202300029367;155628479;A01;2;7;4;2;1;1;1;
202300029368;155628477;A01;1;33;0;9;1;1;1;
202300029369;155628476;B01;1;7;0;2;5;19;2;
202300029369;155628478;A01;2;30;0;2;1;19;1;
202300029370;155628474;A01;0;33;0;0;0;2;1;
202300029371;155628473;A01;2;7;0;2;4;1;1;
202300029371;155628475;Z01;2;10;0;2;1;0;0;
202300029372;155628471;A01;1;7;0;2;3;15;0;
202300029372;155628472;B01;1;32;8;2;9;1;0;
202300029373;155628468;A01;1;33;0;1;1;2;1;
202300029374;155628467;A01;1;7;0;2;1;0;1;
202300029374;155628469;B01;1;7;0;2;4;21;1;
202300029374;155628470;C01;1;10;0;2;1;21;1;
202300029375;155628464;A01;2;7;0;2;1;2;1;
202300029375;155628466;B01;2;32;0;2;4;23;1;
202300029376;155628465;A01;1;7;4;2;1;1;1;
202300029377;155628462;A01;1;7;3;0;1;1;1;
202300029378;155628463;A01;3;7;0;5;0;21;1;
202300029379;155628460;A01;1;7;1;0;2;1;1;
202300029380;155628458;A01;2;7;0;2;1;2;1;
202300029380;155628459;B01;2;7;0;2;4;2;1;
202300029380;155628461;C01;2;7;0;2;4;2;1;
202300029381;155628456;A01;2;32;0;2;1;17;1;
202300029381;155628457;B01;3;7;0;2;6;15;1;
202300029382;155628455;A01;2;13;4;0;9;2;1;
202300029383;155628453;A01;3;34;0;2;7;14;1;
202300029383;155628454;B01;3;50;0;2;7;1;3;
202300029384;155628451;A01;1;15;0;2;2;12;1;
202300029384;155628452;B01;1;7;0;2;3;0;1;
202300029385;155628450;A01;1;33;12;0;0;14;1;
202300029386;155628448;A01;1;7;0;2;4;2;0;
202300029386;155628449;B01;1;7;0;2;1;2;1;
202300029387;155628447;A01;1;7;0;1;1;1;1;
202300029388;155628446;A01;2;7;0;1;1;1;1;
202300029389;155628445;Z01;2;7;0;1;4;4;1;
202300029390;155628443;A01;1;10;0;2;1;13;1;
202300029390;155628444;B01;2;7;0;2;3;1;1;
202300029391;155628441;B01;2;7;0;2;2;1;2;
202300029391;155628442;A01;1;50;0;2;5;19;3;
202300029392;155628439;B01;2;60;0;2;6;1;5;
202300029392;155628440;A01;1;7;0;2;1;1;1;
202300029393;155628437;A01;0;7;0;2;1;15;1;
202300029393;155628438;B01;0;2;0;2;1;15;1;
202300029394;155628433;B01;3;7;4;2;1;1;1;
202300029394;155628435;A01;3;7;4;2;1;1;1;
202300029395;155628432;C01;1;7;0;2;1;2;1;
202300029395;155628434;A01;1;7;0;2;4;2;1;
202300029395;155628436;B01;1;7;0;2;4;2;1;
202300029396;155628429;B01;2;3;0;2;1;26;1;
202300029396;155628431;A01;2;30;0;2;4;23;1;
202300029397;155628428;B01;1;1;0;2;1;26;5;
202300029397;155628430;A01;2;7;1;2;2;9;1;
202300029398;155628426;A01;3;7;0;9;1;19;0;
202300029398;155628427;B01;2;80;0;2;1;1;3;
202300029399;155628423;A01;1;2;0;2;1;9;1;
202300029399;155628424;B01;1;7;0;2;3;9;1;
202300029400;155628419;A01;1;7;0;2;1;15;0;
202300029400;155628420;B01;2;33;0;2;1;5;0;
202300029401;155628417;A01;3;7;0;1;4;4;1;
202300029402;155628416;A01;1;7;0;2;8;15;1;
202300029402;155628418;B01;1;31;0;2;0;0;1;
202300029403;155628412;A01;2;7;0;2;1;2;1;
202300029403;155628414;B01;2;7;0;2;4;2;1;
202300029404;155628410;B01;2;1;0;2;1;1;5;
202300029404;155628411;D01;2;1;0;2;1;1;5;
202300029404;155628413;A01;1;7;0;2;3;13;1;
202300029404;155628415;C01;2;1;0;2;1;1;5;
202300029405;155628406;A01;2;7;0;2;2;17;1;
202300029405;155628408;B01;2;7;0;2;2;2;1;
202300029405;155628409;C01;2;7;0;2;9;0;1;
202300029406;155628405;A01;1;7;0;2;1;1;1;
202300029406;155628407;B01;2;10;0;2;1;1;1;
202300029407;155628404;A01;2;7;12;0;1;1;1;
202300029408;155628403;A01;1;7;2;0;8;1;1;
202300029409;155628402;A01;2;2;0;1;1;2;3;
202300029410;155628401;A01;1;7;0;1;0;1;0;
202300029411;155628399;A01;1;10;0;1;2;2;0;
202300029412;155628398;B01;1;30;0;2;1;3;1;
202300029412;155628400;A01;1;7;0;2;8;15;1;
202300029413;155628397;A01;0;2;6;1;1;0;1;
202300029414;155628395;A01;1;7;6;0;1;0;1;
202300029415;155628394;A01;1;33;0;2;1;13;1;
202300029415;155628396;B01;2;7;0;2;1;2;1;
202300029416;155628393;A01;2;33;3;0;9;14;1;
202300029417;155628391;A01;1;7;0;1;1;2;1;
202300029418;155628390;A01;1;7;0;9;3;1;1;
202300029418;155628392;B01;1;50;0;2;2;1;3;
202300029419;155628388;B01;1;7;0;2;2;0;1;
202300029419;155628389;A01;2;10;0;2;3;0;1;
202300029420;155628387;A01;3;7;0;1;2;1;1;
202300029421;155628384;A01;2;7;0;2;1;1;1;
202300029421;155628385;B01;2;7;0;2;1;1;1;
202300029422;155628382;B01;3;7;14;0;4;0;1;
202300029422;155628383;A01;3;7;0;2;1;2;1;
202300029422;155628386;C01;1;7;1;0;6;0;1;
202300029423;155628380;B01;2;1;0;2;7;1;5;
202300029423;155628381;A01;1;7;0;2;1;15;1;
202300029424;155628379;A01;2;7;0;1;1;1;1;
202300029425;155628377;A01;1;7;13;0;0;0;1;
202300029426;155628375;A01;3;7;0;9;3;1;2;
202300029426;155628376;B01;3;1;0;2;8;1;5;
202300029427;155628378;A01;1;33;13;0;7;1;1;
202300029428;155628373;A01;2;7;0;2;3;15;2;
202300029428;155628374;B01;1;33;0;2;1;1;1;
202300029429;155628371;B01;2;10;0;2;3;1;1;
202300029429;155628372;A01;2;7;3;2;1;1;1;
202300029430;155628368;A01;2;7;6;0;1;1;0;
202300029431;155628366;A01;0;7;2;0;1;13;2;
202300029432;155628364;A01;2;7;4;0;1;1;1;
202300029433;155628363;A01;1;7;8;0;1;15;1;
202300029434;155628360;B01;2;7;0;2;6;2;1;
202300029434;155628361;C01;2;7;0;2;4;2;1;
202300029434;155628362;A01;2;7;0;2;2;17;1;
202300029435;155628358;A01;1;2;0;2;1;15;3;
202300029435;155628359;B01;1;50;0;2;1;1;3;
202300029436;155628357;A01;1;7;4;0;1;14;1;
202300029437;155628354;A01;1;7;0;2;3;13;1;
202300029437;155628355;B01;2;7;0;2;3;1;1;
202300029438;155628353;B01;1;50;0;2;2;1;3;
202300029438;155628356;A01;1;7;0;2;3;9;1;
202300029439;155628351;B01;1;1;0;2;8;1;5;
202300029439;155628352;A01;0;7;0;2;1;9;1;
202300029440;155628349;A01;3;7;0;2;2;14;1;
202300029440;155628350;B01;3;33;0;2;8;0;1;
202300029441;155628348;A01;2;7;5;0;3;1;1;
202300029442;155628345;A01;1;7;0;2;2;1;1;
202300029442;155628347;B01;1;50;0;2;0;0;3;
202300029443;155628344;B01;2;7;0;2;3;1;1;
202300029443;155628346;A01;1;10;0;2;3;13;1;
202300029444;155628341;A01;2;7;2;0;1;13;1;
202300029445;155628342;A01;1;7;0;2;3;5;1;
202300029445;155628343;B01;1;10;0;2;3;1;0;
202300029446;155628339;A01;2;7;0;0;0;1;1;
202300029447;155628338;A01;0;7;0;2;8;16;1;
202300029447;155628340;B01;1;31;0;2;2;1;1;
202300029448;155628336;A01;2;7;0;2;1;9;1;
202300029448;155628337;B01;2;33;0;0;7;1;1;
202300029449;155628334;A01;1;7;0;1;1;9;1;
202300029450;155628333;A01;1;50;0;2;1;1;3;
202300029450;155628335;B01;2;7;0;2;3;1;1;
202300029451;155628331;A01;2;7;13;0;8;14;1;
202300029452;155628329;B01;3;7;0;2;5;1;1;
202300029452;155628330;A01;3;33;0;2;3;1;1;
202300029453;155628328;B01;1;38;0;2;1;1;1;17.0
202300029453;155628332;A01;1;7;0;2;8;19;1;
202300029454;155628327;A01;0;7;6;0;1;1;1;
202300029455;155628325;A01;-1;7;8;2;3;1;0;
202300029455;155628326;B01;-1;7;13;0;3;5;0;
202300029456;155628322;C01;3;1;0;2;1;1;5;
202300029456;155628323;B01;3;1;0;2;8;1;5;
202300029456;155628324;A01;3;7;0;2;1;16;1;
202300029457;155628319;B01;-1;7;0;2;3;1;0;
202300029457;155628321;A01;-1;7;0;2;3;1;0;
202300029458;155628316;B01;1;7;0;2;3;1;1;
202300029458;155628317;A01;1;7;15;2;6;19;1;
202300029459;155628318;A01;1;7;0;2;2;15;1;
202300029459;155628320;B01;2;1;0;2;1;1;5;
202300029460;155628315;A01;1;7;2;0;7;1;1;
202300029461;155628314;A01;1;7;6;0;1;16;1;
202300029462;155628313;A01;2;33;0;0;7;1;1;
202300029463;155628311;A01;2;7;0;5;1;1;1;
202300029464;155628309;B01;3;7;0;2;7;1;1;
202300029464;155628312;A01;3;7;0;2;3;9;1;
202300029465;155628307;A01;2;10;0;2;1;17;1;
202300029465;155628310;B01;1;7;0;2;1;1;1;
202300029466;155628305;A01;1;7;4;0;2;15;1;
202300029467;155628304;A01;2;10;14;0;9;1;1;
202300029468;155628302;A01;1;30;0;0;0;26;1;
202300029469;155628303;B01;1;15;0;2;3;1;1;
202300029469;155628306;A01;2;7;0;2;3;13;1;
202300029469;155628308;C01;2;10;0;2;3;1;1;
202300029470;155628301;A01;1;7;13;0;1;1;1;
202300029471;155628300;A01;2;7;9;0;1;1;1;
202300029472;155628299;A01;2;33;0;9;1;0;1;
202300029473;155628297;A01;1;50;0;0;1;1;3;
202300029474;155628295;A01;2;7;0;2;2;17;1;
202300029474;155628296;B01;2;21;0;2;6;1;1;
202300029475;155628298;A01;1;2;7;0;1;1;1;
202300029476;155628294;A01;3;7;0;5;1;0;1;
202300029477;155628292;B01;3;7;0;2;3;21;6;
202300029477;155628293;A01;3;7;0;2;3;21;0;
202300029478;155628290;A01;2;7;0;2;3;1;1;
202300029479;155628291;A01;2;7;8;0;9;1;1;
202300029480;155628289;A01;1;7;0;1;2;1;1;
202300029481;155628288;A01;3;30;2;0;1;13;1;
202300029482;155628282;B01;1;50;0;2;8;1;3;
202300029482;155628284;Z01;1;7;0;2;0;0;0;
202300029483;155628281;A01;2;7;0;2;2;15;1;
202300029483;155628283;B01;1;33;0;2;1;1;1;
202300029484;155628280;A01;2;7;0;2;2;9;1;
202300029484;155628285;B01;2;7;0;2;8;1;1;
202300029485;155628278;A01;2;7;0;0;2;15;1;
202300029485;155628279;B01;1;2;0;0;7;1;1;
202300029486;155628277;A01;2;7;2;0;2;1;1;
202300029487;155628276;A01;0;32;0;1;2;1;1;
202300029488;155628273;A01;2;2;0;0;0;17;1;
202300029488;155628275;B01;0;7;0;0;0;15;1;
202300029489;155628271;A01;1;7;0;2;1;1;1;
202300029489;155628272;B01;1;7;0;2;1;1;1;
202300029490;155628268;B01;2;7;0;2;7;19;1;
202300029490;155628270;A01;2;10;0;2;1;1;1;
202300029491;155628266;A01;1;30;1;2;1;0;1;
202300029491;155628267;B01;1;7;0;2;2;1;1;
202300029492;155628269;B01;2;7;0;2;1;21;1;
202300029492;155628274;A01;1;33;0;2;0;0;1;
202300029493;155628265;A01;3;7;2;0;1;0;0;
202300029494;155628263;B01;2;7;0;2;3;15;1;
202300029494;155628264;A01;2;34;0;2;7;17;1;
202300029495;155628260;C01;1;7;0;2;3;2;1;
202300029495;155628261;B01;2;7;0;2;3;1;1;
202300029495;155628262;A01;1;7;0;2;3;1;1;
202300029496;155628259;A01;3;7;0;1;1;1;1;
202300029497;155628254;A01;1;15;3;0;6;10;1;
202300029497;155628256;B01;1;7;0;2;9;2;1;
202300029497;155628258;C01;1;7;0;2;1;2;1;
202300029498;155628253;A01;3;7;0;2;3;1;2;
202300029498;155628255;B01;3;80;0;2;1;13;3;
202300029499;155628257;A01;1;7;13;0;3;21;1;
202300029500;155628251;A01;1;7;0;2;3;13;1;
202300029500;155628252;B01;2;7;0;2;3;1;1;
202300029501;155628248;B01;2;7;0;2;6;2;3;
202300029501;155628249;C01;2;7;0;2;4;2;1;
202300029501;155628250;A01;2;7;0;2;2;11;1;
202300029502;155628246;A01;2;7;2;0;1;1;1;
202300029503;155628241;B01;2;7;0;2;1;1;1;
202300029503;155628244;A01;1;7;0;2;1;1;1;
202300029504;155628242;C01;2;7;0;2;2;21;1;
202300029504;155628245;B01;2;7;0;2;2;1;1;
202300029504;155628247;A01;1;7;0;2;2;14;1;