Num_Acc;id_vehicule;num_veh;senc;catv;obs;obsm;choc;manv;motor;occutc
202300029505;155628243;A01;2;1;0;1;1;7;5;
202300029506;155628239;A01;1;7;0;2;2;1;1;
202300029506;155628240;B01;1;1;0;0;4;1;5;
202300029507;155628236;A01;1;7;7;0;9;1;1;
202300029508;155628235;B01;2;7;0;2;4;23;0;
202300029508;155628238;A01;2;7;0;2;1;1;1;
202300029509;155628232;A01;1;10;0;2;3;13;1;
202300029509;155628233;B01;1;7;0;2;1;1;1;
202300029510;155628234;A01;1;7;0;2;2;26;1;
202300029510;155628237;B01;2;43;0;2;1;26;1;
202300029511;155628230;A01;1;1;0;2;1;1;5;
202300029511;155628231;B01;1;7;0;2;2;22;1;
202300029512;155628229;A01;3;10;0;0;0;4;1;
202300029513;155628227;A01;1;37;0;1;2;9;3;1.0
202300029514;155628226;A01;2;7;3;2;1;17;1;
202300029514;155628228;B01;2;38;0;2;1;1;1;1.0
202300029515;155628223;A01;0;7;0;2;3;15;2;
202300029515;155628224;B01;3;43;0;2;1;1;1;
202300029516;155628221;B01;1;33;0;2;2;17;1;
202300029516;155628222;A01;1;7;0;2;3;15;1;
202300029517;155628217;A01;3;1;0;2;1;5;5;
202300029517;155628220;B01;3;1;0;2;1;1;5;
202300029518;155628216;B01;2;14;0;2;2;1;1;
202300029518;155628218;A01;3;7;0;2;8;19;1;
202300029519;155628219;A01;2;7;2;0;3;13;1;
202300029520;155628213;A01;1;7;0;9;2;1;1;
202300029520;155628215;B01;1;1;0;9;0;0;5;
202300029521;155628211;B01;1;7;0;2;3;1;1;
202300029521;155628214;A01;2;7;0;2;3;13;1;
202300029522;155628212;A01;2;7;0;0;0;1;1;
202300029523;155628208;A01;1;7;0;1;2;1;1;
202300029524;155628209;A01;1;7;0;1;2;1;1;
202300029525;155628207;A01;2;7;0;2;3;15;0;
202300029525;155628210;B01;1;7;0;2;1;1;0;
202300029526;155628205;A01;2;7;0;1;1;21;1;
202300029527;155628204;A01;2;7;4;0;3;1;1;
202300029528;155628201;A01;1;7;2;0;3;13;1;
202300029529;155628200;A01;1;7;0;2;2;11;1;
202300029529;155628203;B01;1;7;0;2;3;1;1;
202300029530;155628199;B01;2;7;0;0;6;23;1;
202300029530;155628202;A01;2;10;0;2;2;2;1;
202300029531;155628198;A01;1;7;0;1;3;1;1;
202300029532;155628196;A01;2;1;0;0;0;1;5;
202300029533;155628195;A01;1;10;0;2;2;1;1;
202300029533;155628197;B01;1;10;0;2;1;16;1;
202300029534;155628191;A01;2;7;4;0;1;12;6;
202300029535;155628192;A01;3;7;0;2;1;13;1;
202300029535;155628193;B01;3;10;0;2;3;1;1;
202300029536;155628190;B01;1;2;0;2;1;1;1;
202300029536;155628194;A01;1;10;0;2;3;19;1;
202300029537;155628189;A01;3;7;1;0;2;1;1;
202300029538;155628188;A01;2;14;15;0;2;2;1;
202300029539;155628184;A01;2;7;4;0;3;13;1;
202300029540;155628185;B01;2;10;0;2;3;1;1;
202300029540;155628187;A01;2;33;0;2;3;13;1;
202300029541;155628183;B01;2;7;0;2;8;1;1;
202300029541;155628186;A01;2;14;0;2;3;9;1;
202300029542;155628180;A01;1;10;0;2;6;26;1;
202300029542;155628182;B01;1;2;0;2;1;0;1;
202300029543;155628178;C01;2;2;0;2;1;1;1;
202300029543;155628179;A01;2;7;0;2;1;10;1;
202300029543;155628181;B01;2;7;0;2;2;1;1;
202300029544;155628176;A01;1;7;13;0;2;14;1;
202300029545;155628175;A01;1;7;1;2;8;13;4;
202300029546;155628174;A01;2;33;0;2;1;5;1;
202300029546;155628177;B01;1;7;0;2;3;1;1;
202300029547;155628172;A01;3;1;0;1;1;1;5;
202300029548;155628171;A01;2;7;0;2;3;15;1;
202300029548;155628173;B01;1;2;0;2;1;0;1;
202300029549;155628167;A01;2;30;0;2;4;1;1;
202300029549;155628170;Z01;1;7;0;2;1;1;1;
202300029550;155628166;A01;1;7;0;2;3;1;0;
202300029550;155628168;B01;1;7;0;2;3;1;0;
202300029551;155628162;A01;0;7;0;2;1;5;0;
202300029551;155628163;B01;0;7;0;2;1;1;0;
202300029551;155628165;C01;0;7;0;2;8;1;0;
202300029552;155628161;B01;1;50;0;2;1;1;3;
202300029552;155628164;A01;2;7;0;2;3;15;1;
202300029553;155628158;A01;2;7;0;2;7;21;0;
202300029553;155628160;B01;2;2;0;2;8;1;1;
202300029554;155628157;A01;2;10;0;2;8;15;1;
202300029554;155628159;B01;2;2;0;2;3;1;1;
202300029555;155628156;A01;1;7;2;0;3;13;1;
202300029556;155628152;A01;2;7;0;2;1;17;1;
202300029556;155628154;B01;1;7;0;2;3;1;1;
202300029557;155628153;A01;1;7;0;2;2;17;1;
202300029557;155628155;B01;1;2;0;0;6;15;1;
202300029558;155628148;A01;1;7;0;2;3;15;1;
202300029558;155628151;B01;2;33;0;2;1;17;1;
202300029559;155628149;A01;3;33;0;0;0;23;1;
202300029560;155628147;A01;1;7;0;2;1;2;1;
202300029560;155628150;B01;1;7;4;0;4;2;1;
202300029561;155628146;A01;3;2;16;0;7;1;3;
202300029562;155628140;A01;2;7;4;2;2;2;1;
202300029562;155628144;B01;2;15;0;0;6;2;1;
202300029563;155628141;B01;1;7;0;0;5;1;1;
202300029563;155628143;A01;1;33;9;0;1;1;1;
202300029564;155628139;B01;1;33;0;2;1;1;1;
202300029564;155628142;C01;1;33;0;2;1;1;1;
202300029564;155628145;A01;1;7;0;2;4;15;0;
202300029565;155628137;A01;1;2;8;0;2;14;1;
202300029566;155628136;A01;0;7;0;2;7;1;1;
202300029566;155628138;B01;0;10;15;2;1;1;1;
202300029567;155628133;A01;2;7;0;0;8;9;1;
202300029567;155628135;B01;2;30;0;2;1;1;1;
202300029568;155628134;A01;1;7;13;0;3;13;1;
202300029569;155628131;B01;3;7;0;2;2;1;1;
202300029569;155628132;A01;3;2;0;2;1;5;1;
202300029570;155628130;A01;0;7;0;1;1;1;1;
202300029571;155628129;A01;0;34;6;0;1;1;1;
202300029572;155628127;A01;3;7;2;2;3;1;3;
202300029572;155628128;B01;3;7;2;2;3;17;1;
202300029573;155628126;A01;3;7;0;1;1;1;1;
202300029574;155628122;A01;1;33;0;0;3;1;1;
202300029575;155628120;A01;1;7;0;2;4;15;1;
202300029575;155628123;B01;1;7;0;2;1;1;1;
202300029576;155628121;A01;2;31;0;2;2;21;1;
202300029576;155628124;B01;2;7;0;2;6;23;1;
202300029576;155628125;C01;1;7;0;2;1;1;1;
202300029577;155628118;A01;1;7;0;2;3;20;1;
202300029577;155628119;B01;2;7;0;2;3;1;1;
202300029578;155628117;A01;1;7;2;0;1;1;1;
202300029579;155628114;A01;3;7;0;1;1;1;1;
202300029580;155628113;A01;3;7;0;2;3;15;1;
202300029580;155628116;B01;3;2;0;2;1;1;1;
202300029581;155628112;A01;3;10;0;2;3;9;1;
202300029581;155628115;B01;1;7;0;0;2;1;1;
202300029582;155628111;A01;1;7;13;0;3;13;1;
202300029583;155628109;A01;1;3;0;2;3;13;1;
202300029583;155628110;B01;2;7;0;2;3;1;1;
202300029584;155628105;A01;1;33;0;2;1;17;1;
202300029584;155628107;B01;1;33;0;0;4;15;1;
202300029585;155628104;B01;3;7;0;2;1;1;1;
202300029585;155628108;A01;3;7;0;2;1;13;1;
202300029586;155628100;A01;2;7;0;2;7;9;1;
202300029586;155628103;B01;2;31;0;2;3;2;1;
202300029587;155628102;A01;3;33;0;2;1;19;1;
202300029587;155628106;B01;2;7;0;0;6;1;1;
202300029588;155628098;A01;2;7;0;2;3;3;1;
202300029588;155628099;B01;1;7;0;2;2;2;1;
202300029588;155628101;C01;1;7;0;2;1;1;1;
202300029589;155628096;A01;1;2;0;2;1;1;1;
202300029589;155628097;B01;1;2;0;0;4;1;1;
202300029590;155628093;A01;0;7;0;2;1;1;1;
202300029590;155628095;B01;0;50;0;2;8;19;3;
202300029591;155628092;A01;3;1;0;0;9;26;5;
202300029592;155628091;B01;2;1;0;2;1;26;5;
202300029592;155628094;A01;1;7;0;9;2;21;1;
202300029593;155628089;A01;2;2;0;2;4;1;1;
202300029593;155628090;B01;2;7;0;2;1;2;1;
202300029594;155628087;A01;2;33;0;2;1;1;1;
202300029594;155628088;B01;1;7;0;0;8;15;1;
202300029595;155628086;A01;1;7;7;0;9;1;4;
202300029596;155628083;A01;2;7;0;2;7;19;1;
202300029596;155628085;B01;2;2;0;2;1;1;1;
202300029597;155628079;A01;1;7;13;0;0;11;1;
202300029598;155628078;A01;2;16;0;2;6;14;1;
202300029598;155628080;C01;1;3;0;2;3;14;1;
202300029599;155628076;A01;3;7;0;1;4;4;1;
202300029600;155628073;A01;1;2;0;2;7;1;1;
202300029600;155628075;B01;1;10;0;2;1;1;1;
202300029601;155628074;B01;1;7;0;2;1;17;1;
202300029601;155628077;A01;2;7;0;2;1;1;1;
202300029601;155628084;C01;1;7;5;2;6;1;1;
202300029602;155628071;B01;1;7;0;2;1;1;1;
202300029602;155628072;A01;2;7;0;2;1;5;1;
202300029603;155628068;A01;1;7;6;0;7;14;1;
202300029604;155628067;B01;1;7;0;2;1;1;1;
202300029604;155628069;A01;1;7;0;2;2;1;1;
202300029605;155628064;A01;1;7;0;2;2;11;1;
202300029605;155628065;B01;1;7;0;2;6;1;1;
202300029606;155628063;A01;0;7;0;1;3;1;0;
202300029607;155628066;A01;2;33;0;2;1;1;1;
202300029607;155628070;B01;2;10;0;0;4;1;1;
202300029608;155628061;A01;2;50;0;2;1;5;3;
202300029608;155628062;B01;2;1;0;2;1;1;5;
202300029609;155628059;A01;1;10;2;0;3;1;1;
202300029610;155628057;A01;1;7;13;2;3;1;1;
202300029610;155628058;B01;2;0;0;2;0;1;0;
202300029611;155628055;B01;1;7;0;2;2;16;1;
202300029611;155628056;A01;1;1;0;2;6;2;5;
202300029612;155628053;A01;1;1;0;0;1;1;5;
202300029613;155628048;A01;1;7;15;2;8;19;1;
202300029613;155628052;B01;2;7;0;2;2;1;1;
202300029614;155628049;A01;1;7;0;2;2;17;1;
202300029614;155628050;B01;2;33;0;2;8;1;1;
202300029615;155628051;A01;2;7;0;2;2;1;1;
202300029615;155628054;B01;1;7;0;2;3;1;1;
202300029616;155628046;A01;2;7;13;0;1;1;1;
202300029617;155628045;B01;1;2;0;0;4;0;1;
202300029617;155628047;A01;2;7;0;2;1;0;1;
202300029618;155628044;A01;1;7;0;1;2;1;1;
202300029619;155628043;A01;0;3;2;0;1;1;1;
202300029620;155628039;A01;2;7;2;2;8;11;0;
202300029620;155628040;B01;1;7;0;2;1;1;0;
202300029621;155628042;A01;2;33;0;0;8;2;1;
202300029622;155628038;A01;1;7;0;2;5;15;1;
202300029622;155628041;B01;2;7;0;2;2;1;2;
202300029623;155628036;Z01;1;7;0;0;0;0;0;
202300029623;155628037;A01;1;7;0;2;1;1;1;
202300029624;155628033;A01;0;2;0;2;1;1;1;
202300029624;155628035;B01;0;21;0;2;6;1;1;
202300029625;155628032;A01;2;7;6;0;1;1;1;
202300029626;155628034;A01;3;7;4;0;2;1;1;
202300029627;155628031;A01;2;33;3;0;7;3;1;
202300029628;155628030;A01;3;7;2;0;1;13;0;
202300029629;155628027;B01;1;7;0;2;6;1;1;
202300029629;155628029;A01;1;7;0;2;2;2;1;
202300029630;155628026;A01;3;7;0;2;3;15;1;
202300029630;155628028;B01;2;33;0;2;1;1;1;
202300029631;155628023;A01;1;7;13;0;1;14;1;
202300029632;155628022;A01;1;7;11;2;1;6;1;
202300029632;155628025;B01;2;7;0;2;3;1;1;
202300029633;155628024;A01;2;7;3;0;1;14;1;
202300029634;155628020;A01;2;7;0;2;1;14;1;
202300029634;155628021;B01;2;7;0;2;8;1;1;
202300029635;155628019;A01;3;7;0;1;3;1;1;
202300029636;155628018;A01;1;7;6;0;1;0;2;
202300029637;155628017;A01;1;7;0;1;0;1;1;
202300029638;155628015;B01;2;1;0;2;2;1;5;
202300029638;155628016;A01;2;7;0;9;6;9;1;
202300029639;155628014;A01;3;7;0;1;3;16;1;
202300029640;155628008;B01;2;1;0;2;3;1;5;
202300029640;155628011;A01;2;17;0;2;5;16;1;
202300029641;155628010;A01;0;7;16;0;0;1;1;
202300029642;155628005;Z01;1;7;0;1;1;1;0;
202300029643;155628004;A01;2;7;3;2;1;26;1;
202300029643;155628006;C01;2;7;0;2;4;0;1;
202300029643;155628007;D01;2;7;3;2;0;0;1;
202300029643;155628009;E01;2;7;3;2;0;21;1;
202300029643;155628012;F01;2;14;0;2;2;21;1;
202300029643;155628013;B01;2;10;0;2;0;21;1;
202300029644;155628003;A01;0;1;0;1;1;1;5;
202300029645;155628000;A01;1;30;0;2;1;13;1;
202300029645;155628002;B01;2;32;0;2;1;1;1;
202300029646;155627999;A01;1;7;0;1;4;20;1;
202300029647;155627998;A01;2;7;0;2;3;15;0;
202300029647;155628001;B01;2;2;0;2;1;17;0;
202300029648;155627996;A01;2;7;0;2;3;13;1;
202300029648;155627997;B01;1;14;0;2;3;1;6;
202300029649;155627995;Z01;2;7;0;1;0;1;0;
202300029650;155627992;A01;3;3;0;2;8;19;1;
202300029650;155627994;B01;1;17;0;2;1;1;1;
202300029651;155627991;A01;3;1;0;1;3;1;5;
202300029652;155627990;A01;2;21;0;2;8;15;1;
202300029652;155627993;B01;2;33;0;2;1;17;1;
202300029653;155627988;A01;2;7;0;2;2;5;1;
202300029653;155627989;B01;1;7;0;2;2;1;1;
202300029654;155627987;A01;2;50;0;1;1;1;3;
202300029655;155627986;A01;1;7;8;0;1;13;1;
202300029656;155627984;A01;2;7;0;2;3;2;0;
202300029656;155627985;B01;1;2;0;2;1;1;0;
202300029657;155627983;A01;1;7;0;1;2;16;1;
202300029658;155627981;A01;1;33;0;0;7;3;1;
202300029659;155627980;A01;1;33;0;2;1;1;1;
202300029659;155627982;B01;1;7;0;2;3;10;1;
202300029660;155627979;Z01;2;7;0;1;2;16;1;
202300029661;155627977;A01;2;7;0;1;2;0;1;
202300029662;155627976;B01;1;33;0;2;3;1;1;
202300029662;155627978;A01;1;10;0;2;1;19;1;
202300029663;155627974;A01;3;7;0;2;2;16;2;
202300029663;155627975;B01;3;1;0;2;3;1;5;
202300029664;155627973;A01;2;7;17;0;2;1;1;
202300029665;155627971;B01;3;7;0;2;3;1;1;
202300029665;155627972;A01;3;7;0;2;3;17;1;
202300029666;155627970;A01;1;50;0;0;0;1;3;
202300029667;155627968;A01;1;1;0;0;4;2;5;
202300029667;155627969;B01;1;7;0;9;1;1;1;
202300029668;155627966;B01;2;34;0;2;8;1;1;
202300029668;155627967;A01;1;7;8;2;2;15;1;
202300029669;155627964;A01;2;33;0;0;0;17;1;
202300029670;155627965;Z01;1;32;0;1;1;1;0;
202300029671;155627963;A01;1;33;0;0;7;1;1;
202300029672;155627959;A01;3;7;0;1;0;15;0;
202300029673;155627960;A01;2;7;11;0;3;15;1;
202300029673;155627962;B01;2;7;11;0;1;19;1;
202300029674;155627958;A01;1;10;0;2;1;19;1;
202300029674;155627961;B01;2;33;0;2;1;1;1;
202300029675;155627957;A01;0;7;0;1;1;0;1;
202300029676;155627956;A01;2;30;9;0;1;0;1;
202300029677;155627955;A01;1;7;2;0;2;1;1;
202300029678;155627952;A01;3;7;0;2;3;1;1;
202300029678;155627954;B01;3;7;0;2;3;1;1;
202300029679;155627948;B01;1;33;0;2;1;0;1;
202300029679;155627951;A01;2;33;0;2;1;0;1;
202300029680;155627950;B01;3;2;0;2;1;1;1;
202300029680;155627953;A01;3;7;0;2;2;15;1;
202300029681;155627947;A01;1;7;0;2;1;1;1;
202300029681;155627949;B01;2;7;0;2;1;5;1;
202300029682;155627945;A01;3;7;0;1;1;26;1;
202300029683;155627944;B01;1;1;1;0;1;1;5;
202300029683;155627946;A01;1;14;0;2;6;24;1;
202300029684;155627942;A01;1;7;0;2;2;12;1;
202300029684;155627943;B01;1;7;8;2;8;0;1;
202300029685;155627939;A01;1;7;0;0;4;2;0;
202300029685;155627941;B01;1;7;0;2;1;2;0;
202300029686;155627940;A01;2;31;11;0;1;17;1;
202300029687;155627938;A01;2;7;2;0;0;13;1;
202300029688;155627936;A01;1;7;0;1;1;1;1;
202300029689;155627935;B01;1;7;0;2;7;17;1;
202300029689;155627937;A01;1;2;0;2;8;15;1;
202300029690;155627932;B01;0;7;0;2;4;2;1;
202300029690;155627933;A01;0;7;0;2;1;2;1;
202300029691;155627931;A01;1;7;0;2;1;15;1;
202300029691;155627934;B01;2;31;0;2;1;1;3;
202300029692;155627930;A01;2;33;0;0;2;1;1;
202300029693;155627927;B01;0;60;0;2;0;0;5;
202300029693;155627929;A01;1;42;0;2;1;19;1;
202300029694;155627926;A01;2;7;0;0;8;0;0;
202300029694;155627928;B01;2;1;0;0;1;1;5;
202300029695;155627924;B01;1;7;0;2;3;1;1;
202300029695;155627925;A01;1;7;0;2;3;17;1;
202300029696;155627923;A01;1;2;0;0;0;2;1;
202300029697;155627921;A01;1;7;0;2;1;13;1;
202300029697;155627922;B01;2;7;0;2;1;26;3;
202300029698;155627920;A01;3;2;9;0;1;13;1;
202300029699;155627918;A01;3;10;0;2;2;2;1;
202300029699;155627919;B01;3;2;0;0;4;26;1;
202300029700;155627916;B01;2;10;0;2;1;1;1;
202300029700;155627917;A01;2;7;0;0;4;1;1;
202300029701;155627914;A01;1;7;0;2;4;1;1;
202300029701;155627915;B01;1;7;0;2;1;1;1;
202300029702;155627912;A01;2;7;14;0;0;26;1;
202300029702;155627913;B01;1;7;0;2;4;17;1;
202300029703;155627907;A01;2;7;0;2;1;2;0;
202300029703;155627909;C01;2;7;0;2;4;2;0;
202300029703;155627910;B01;2;7;0;2;4;2;0;
202300029704;155627908;A01;1;7;0;2;4;1;1;
202300029704;155627911;B01;1;7;0;2;1;1;1;
202300029705;155627904;B01;1;7;0;2;8;1;2;
202300029705;155627906;A01;1;7;0;2;2;14;1;
202300029706;155627899;D01;2;7;0;2;4;1;1;
202300029706;155627900;A01;2;10;0;2;1;14;1;
202300029706;155627901;B01;2;7;0;2;4;1;1;
202300029706;155627903;C01;2;7;0;2;4;1;1;
202300029707;155627902;B01;2;7;0;2;1;2;1;
202300029707;155627905;A01;2;7;0;2;4;23;1;
202300029708;155627898;A01;2;7;0;0;-1;26;2;
202300029709;155627896;A01;2;7;0;2;6;1;1;
202300029709;155627897;B01;2;33;0;2;1;3;1;
202300029710;155627894;A01;2;7;0;2;3;1;1;
202300029710;155627895;B01;1;7;0;2;3;1;1;
202300029711;155627890;B01;1;7;0;2;1;0;0;
202300029711;155627891;C01;1;7;0;2;1;0;0;
202300029711;155627892;D01;1;7;0;2;1;0;0;
202300029711;155627893;A01;1;10;0;2;1;1;1;
202300029712;155627886;A01;2;7;0;2;1;2;1;
202300029712;155627887;B01;2;7;0;2;1;2;1;
202300029712;155627888;C01;2;7;0;2;2;0;1;
202300029712;155627889;D01;2;7;0;2;4;2;1;
202300029713;155627884;A01;1;7;0;2;1;2;1;
202300029713;155627885;B01;1;7;0;2;4;1;1;
202300029714;155627882;B01;2;7;3;2;2;12;1;
202300029714;155627883;A01;2;33;3;2;3;18;1;
202300029715;155627878;A01;2;7;0;2;5;14;1;
202300029715;155627879;B01;2;33;0;2;1;3;1;
202300029716;155627876;B01;2;7;0;2;6;1;1;
202300029716;155627877;A01;2;7;3;2;3;1;1;
202300029717;155627873;C01;2;7;0;2;6;1;1;
202300029717;155627874;B01;2;7;0;2;7;1;1;
202300029717;155627875;A01;2;33;0;2;3;1;1;
202300029718;155627871;A01;2;33;0;2;1;3;1;
202300029718;155627872;B01;2;33;0;2;4;3;1;
202300029719;155627870;A01;2;10;0;1;2;1;1;
202300029720;155627868;A01;2;7;3;0;4;26;1;
202300029720;155627869;B01;2;10;0;2;1;2;1;
202300029721;155627866;B01;1;7;0;2;4;23;1;
202300029721;155627867;A01;1;10;14;0;1;2;1;
202300029722;155627863;A01;2;7;1;0;2;1;1;
202300029723;155627861;C01;2;15;0;0;3;23;1;
202300029723;155627862;A01;2;7;0;2;4;11;1;
202300029723;155627864;D01;2;33;1;0;1;17;1;
202300029723;155627865;B01;2;30;0;0;4;0;1;
202300029724;155627859;A01;2;7;0;2;4;23;1;
202300029724;155627860;B01;2;7;0;2;1;2;1;
202300029725;155627855;A01;0;7;1;2;1;13;1;
202300029725;155627857;B01;3;10;0;2;1;1;1;
202300029726;155627856;B01;1;14;0;2;0;2;1;
202300029726;155627858;A01;1;7;0;2;1;2;1;
202300029727;155627851;B01;1;7;0;2;1;2;1;
202300029727;155627853;C01;1;7;0;1;1;2;2;
202300029727;155627854;A01;1;7;0;1;1;26;1;
202300029728;155627850;B01;1;33;0;2;7;1;1;
202300029728;155627852;A01;1;7;0;2;3;17;1;
202300029729;155627848;B01;2;7;0;2;8;1;1;
202300029729;155627849;A01;2;2;0;2;1;1;1;
202300029730;155627847;A01;3;7;2;0;9;1;1;
202300029731;155627843;A01;1;33;0;2;1;17;0;
202300029731;155627845;B01;1;7;0;0;8;1;1;
202300029731;155627846;C01;2;7;0;2;1;1;0;
202300029732;155627841;A01;2;7;0;1;5;4;1;
202300029733;155627842;B01;1;7;0;2;2;1;1;
202300029733;155627844;A01;1;7;0;2;1;15;1;
202300029734;155627838;B01;3;50;0;0;7;2;3;
202300029734;155627840;A01;2;7;0;0;3;2;1;
202300029735;155627837;B01;3;50;0;2;1;0;3;
202300029735;155627839;A01;2;30;0;2;1;26;1;
202300029736;155627836;A01;1;37;0;1;1;1;0;1.0
202300029737;155627832;A01;1;7;0;2;1;15;1;
202300029737;155627835;B01;0;33;0;2;1;1;1;
202300029738;155627829;B01;2;7;0;2;1;2;1;
202300029738;155627830;C01;2;7;0;2;4;2;1;
202300029738;155627831;A01;2;7;0;2;1;2;1;
202300029739;155627824;A01;1;7;0;2;1;2;1;
202300029739;155627826;C01;1;7;0;2;4;0;1;
202300029739;155627827;B01;1;7;0;2;4;1;1;
202300029740;155627825;A01;2;7;0;2;8;9;1;
202300029740;155627828;B01;0;7;0;2;2;1;1;
202300029741;155627822;A01;2;10;0;9;1;9;0;
202300029741;155627823;B01;2;50;0;2;7;15;3;
202300029742;155627821;A01;3;7;1;1;1;1;1;
202300029743;155627819;B01;2;7;0;2;2;0;1;
202300029743;155627820;A01;2;33;0;2;1;1;1;
202300029744;155627817;A01;2;7;0;0;2;14;1;
202300029745;155627816;A01;1;2;0;2;2;1;1;
202300029745;155627818;B01;1;14;0;2;1;1;1;
202300029746;155627815;A01;1;7;2;0;1;1;1;
202300029747;155627812;A01;0;7;0;2;3;9;1;
202300029747;155627814;B01;0;33;0;2;1;1;1;
202300029748;155627810;A01;3;50;0;1;1;5;3;
202300029749;155627806;A01;2;10;0;0;8;15;1;
202300029749;155627808;B01;2;33;0;2;1;17;1;
202300029749;155627809;C01;2;7;0;0;6;15;1;
202300029749;155627811;D01;2;31;0;2;1;2;1;
202300029750;155627805;A01;1;33;0;2;1;3;1;
202300029750;155627807;B01;1;7;0;2;5;12;1;
202300029751;155627804;A01;2;7;8;0;9;1;1;
202300029752;155627803;A01;3;36;0;0;6;13;1;
202300029753;155627801;A01;2;7;1;2;5;12;1;
202300029753;155627802;B01;2;33;0;2;3;3;1;
202300029754;155627797;A01;1;7;0;2;1;13;1;
202300029754;155627798;B01;2;7;0;2;1;1;1;
202300029755;155627794;B01;2;33;0;2;1;1;1;
202300029755;155627796;A01;1;7;0;2;1;13;1;
202300029756;155627795;A01;1;33;0;0;0;1;1;
202300029757;155627790;A01;1;33;0;0;0;3;1;
202300029758;155627791;A01;1;7;0;2;2;2;1;
202300029758;155627793;B01;1;50;0;2;1;15;3;
202300029759;155627787;B01;2;7;0;2;3;0;1;
202300029759;155627789;A01;2;7;0;2;5;0;1;
202300029760;155627785;B01;2;7;0;2;4;2;1;
202300029760;155627788;A01;2;32;0;2;1;2;1;
202300029761;155627784;A01;3;7;0;2;3;1;1;
202300029761;155627786;B01;3;7;0;2;5;19;1;
202300029762;155627782;B01;2;10;0;2;1;2;1;
202300029762;155627783;A01;2;7;0;2;4;2;1;
202300029763;155627781;A01;1;32;0;1;2;1;1;
202300029764;155627778;B01;3;7;0;2;4;2;1;
202300029764;155627780;A01;3;7;0;2;1;2;1;
202300029765;155627777;A01;1;7;0;2;4;2;1;
202300029765;155627779;B01;1;7;0;2;1;2;1;
202300029766;155627776;A01;1;50;0;1;1;1;3;
202300029767;155627771;B01;2;32;0;2;4;1;1;
202300029767;155627773;A01;2;7;0;2;1;12;1;
202300029768;155627769;A01;3;7;0;0;0;0;1;
202300029768;155627772;C01;3;7;0;2;1;2;1;
202300029768;155627774;B01;3;7;0;2;1;2;1;
202300029768;155627775;D01;3;10;0;2;1;2;1;
202300029769;155627768;A01;1;7;0;2;2;16;1;
202300029769;155627770;B01;1;1;0;2;1;1;5;
202300029770;155627764;A01;2;50;0;1;1;25;3;
202300029771;155627762;B01;1;7;16;2;6;1;1;
202300029771;155627766;U01;1;7;4;2;1;12;1;
202300029771;155627767;A01;1;7;0;2;2;12;1;
202300029772;155627763;A01;1;7;0;2;2;1;1;
202300029772;155627765;B01;3;60;0;2;1;19;5;
202300029773;155627757;A01;1;7;0;2;1;12;1;
202300029773;155627759;B01;1;7;0;2;6;1;1;
202300029774;155627760;B01;1;43;0;2;1;1;1;
202300029774;155627761;A01;2;80;0;2;8;19;3;
202300029775;155627756;B01;1;7;8;0;8;0;1;
202300029775;155627758;A01;3;7;0;2;3;16;1;
202300029776;155627754;A01;2;50;0;0;0;1;3;
202300029777;155627751;A01;1;34;0;2;3;2;1;
202300029777;155627755;B01;1;1;0;2;3;2;5;
202300029778;155627750;A01;2;7;0;2;1;2;1;
202300029778;155627753;B01;2;7;0;2;4;2;1;
202300029779;155627749;B01;1;7;0;2;8;23;3;
202300029779;155627752;A01;2;50;0;2;7;5;3;
202300029780;155627748;A01;1;7;6;0;1;13;1;
202300029781;155627746;A01;2;33;4;0;2;1;0;
202300029782;155627747;A01;2;1;0;0;0;1;5;
202300029783;155627743;A01;2;7;2;0;1;1;1;
202300029784;155627742;B01;3;7;0;2;4;23;1;
202300029784;155627744;A01;3;10;0;2;1;2;1;
202300029785;155627741;A01;1;7;0;2;4;1;1;
202300029785;155627745;B01;1;14;0;2;2;1;1;
202300029786;155627740;A01;2;1;0;1;1;1;5;
202300029787;155627735;B01;1;7;0;2;1;2;1;
202300029787;155627738;C01;1;7;0;2;1;1;1;
202300029787;155627739;A01;1;7;0;2;1;2;0;
202300029788;155627737;A01;1;7;0;1;3;0;1;
202300029789;155627734;A01;3;2;0;2;8;9;1;
202300029789;155627736;B01;1;7;0;2;1;1;1;
202300029790;155627731;A01;2;33;0;2;1;1;1;
202300029790;155627733;C01;1;7;0;2;1;1;2;
202300029791;155627729;A01;2;7;0;1;2;1;1;
202300029792;155627727;A01;2;7;15;2;1;1;1;
202300029792;155627732;B01;1;10;0;2;2;1;1;
202300029793;155627726;A01;3;7;0;1;1;9;0;
202300029794;155627724;A01;2;7;7;0;1;1;1;
202300029795;155627722;A01;2;7;0;2;2;17;1;
202300029795;155627723;B01;2;80;0;2;3;13;3;
202300029796;155627721;B01;1;7;0;2;2;0;1;
202300029796;155627725;A01;2;7;0;2;1;1;1;
202300029797;155627720;A01;2;7;2;0;1;0;1;
202300029798;155627716;A01;0;7;0;2;3;10;1;
202300029798;155627719;B01;3;37;0;2;2;1;0;3.0
202300029799;155627717;A01;3;7;0;1;0;1;0;
202300029800;155627715;B01;1;50;0;2;1;1;3;
202300029800;155627718;A01;2;7;0;2;2;15;1;
202300029801;155627714;A01;1;7;0;1;1;15;1;
202300029802;155627711;B01;1;32;0;2;7;1;1;
202300029802;155627713;A01;1;7;0;2;8;1;1;
202300029803;155627712;A01;2;33;12;0;0;21;1;