Num_Acc;id_vehicule;num_veh;senc;catv;obs;obsm;choc;manv;motor;occutc
202300029804;155627708;B01;3;7;0;2;1;15;1;
202300029804;155627710;A01;3;31;0;2;1;17;1;
202300029805;155627707;A01;2;7;0;2;1;17;3;
202300029805;155627709;B01;1;31;0;2;1;1;0;
202300029806;155627706;A01;1;7;0;2;0;1;1;
202300029807;155627702;A01;1;7;0;2;8;15;1;
202300029807;155627705;B01;1;33;0;2;1;17;1;
202300029808;155627699;A01;2;7;0;2;2;9;1;
202300029808;155627701;B01;1;2;0;2;1;1;1;
202300029809;155627697;C01;1;7;0;2;1;23;1;
202300029809;155627700;A01;1;7;0;2;3;19;1;
202300029809;155627704;B01;1;7;0;2;7;1;1;
202300029810;155627694;B01;3;7;0;2;4;2;1;
202300029810;155627695;A01;3;15;0;2;1;2;1;
202300029811;155627692;B01;1;33;0;2;1;1;1;
202300029811;155627693;A01;2;10;0;2;3;10;1;
202300029812;155627690;A01;3;7;1;0;2;2;1;
202300029813;155627689;A01;1;7;0;2;1;2;1;
202300029813;155627691;B01;1;7;0;0;4;0;1;
202300029814;155627687;A01;1;7;0;1;3;7;1;
202300029815;155627685;B01;3;7;0;2;2;1;1;
202300029815;155627688;A01;3;7;0;2;1;9;1;
202300029816;155627683;A01;1;7;0;2;1;2;1;
202300029816;155627686;B01;1;15;0;0;4;2;1;
202300029817;155627682;A01;2;7;13;0;5;14;1;
202300029818;155627681;A01;1;7;0;2;4;2;1;
202300029818;155627684;B01;1;10;0;2;1;2;1;
202300029819;155627677;A01;2;7;7;0;3;26;1;
202300029820;155627675;A01;2;7;0;2;4;2;1;
202300029820;155627679;B01;2;7;0;2;1;0;1;
202300029821;155627676;A01;1;7;0;2;3;16;1;
202300029821;155627680;B01;1;7;0;2;3;1;1;
202300029822;155627674;B01;2;7;0;2;2;5;0;
202300029822;155627678;A01;2;33;0;2;8;15;1;
202300029823;155627668;A01;2;7;2;0;1;13;1;
202300029824;155627667;B01;0;1;0;0;0;0;5;
202300029824;155627670;A01;0;10;1;0;4;24;1;
202300029825;155627669;C01;1;10;0;2;6;1;1;
202300029825;155627672;A01;1;33;0;2;3;1;1;
202300029825;155627673;B01;1;7;0;2;5;1;1;
202300029826;155627666;B01;0;37;0;2;8;0;1;1.0
202300029826;155627671;A01;0;7;1;0;1;19;1;
202300029827;155627664;A01;3;7;1;0;2;1;1;
202300029828;155627662;B01;0;33;0;2;1;1;1;
202300029828;155627665;A01;0;7;0;2;3;9;1;
202300029829;155627660;A01;1;7;0;2;2;2;0;
202300029829;155627663;B01;1;17;0;0;6;2;0;
202300029830;155627656;A01;3;7;0;2;2;15;1;
202300029830;155627658;B01;3;2;0;2;1;1;1;
202300029831;155627659;B01;1;1;0;2;6;2;5;
202300029831;155627661;A01;1;7;0;2;2;15;1;
202300029832;155627655;A01;1;34;0;2;1;1;1;
202300029832;155627657;B01;1;7;0;0;5;4;1;
202300029833;155627654;A01;2;7;4;0;9;1;1;
202300029834;155627651;B01;1;33;0;2;1;0;1;
202300029834;155627653;A01;1;7;0;2;3;19;1;
202300029835;155627648;B01;3;7;0;2;4;2;0;
202300029835;155627650;A01;3;7;0;2;1;0;1;
202300029836;155627649;B01;1;3;0;0;0;0;0;
202300029836;155627652;A01;1;32;0;0;0;0;0;
202300029837;155627646;A01;1;7;16;0;3;1;1;
202300029838;155627643;C01;2;7;3;9;8;0;1;
202300029838;155627644;A01;2;10;0;2;1;11;1;
202300029838;155627647;B01;1;7;0;2;1;26;1;
202300029839;155627641;B01;1;31;0;2;0;1;1;
202300029839;155627645;A01;3;7;0;2;2;15;1;
202300029840;155627639;A01;2;7;0;1;1;1;1;
202300029841;155627640;A01;2;7;0;2;2;1;1;
202300029841;155627642;B01;1;7;0;2;1;15;1;
202300029842;155627638;A01;0;7;0;1;1;26;0;
202300029843;155627637;A01;3;7;0;1;1;1;1;
202300029844;155627636;A01;1;7;0;1;0;1;1;
202300029845;155627633;A01;3;10;0;2;6;9;1;
202300029845;155627634;B01;3;32;0;2;1;1;1;
202300029846;155627630;B01;1;7;0;2;0;0;1;
202300029846;155627635;A01;2;7;0;2;0;0;0;
202300029847;155627631;B01;1;7;0;2;1;1;1;
202300029847;155627632;A01;1;7;0;2;2;1;1;
202300029848;155627627;A01;1;33;0;2;1;1;1;
202300029848;155627629;B01;1;10;0;2;4;1;1;
202300029849;155627626;A01;2;7;0;2;1;15;1;
202300029849;155627628;B01;1;33;0;2;1;1;1;
202300029850;155627624;A01;1;2;0;1;1;26;1;
202300029851;155627621;A01;0;7;0;2;1;1;0;
202300029851;155627623;B01;0;30;0;2;9;1;0;
202300029851;155627625;C01;0;7;0;2;4;1;0;
202300029852;155627620;A01;1;31;13;0;1;1;1;
202300029853;155627617;A01;2;7;0;2;7;12;1;
202300029853;155627619;B01;2;33;0;2;3;1;1;
202300029853;155627622;C01;2;7;0;2;1;1;1;
202300029854;155627616;A01;3;7;0;2;3;26;1;
202300029854;155627618;B01;2;1;0;2;1;1;5;
202300029855;155627615;A01;1;7;8;0;2;14;1;
202300029856;155627614;A01;1;7;0;0;2;1;1;
202300029857;155627611;A01;0;7;0;0;2;2;0;
202300029858;155627608;B01;1;7;0;2;4;2;2;
202300029858;155627613;A01;1;33;0;2;1;2;1;
202300029859;155627607;A01;1;7;0;2;1;1;0;
202300029859;155627610;C01;1;10;0;2;4;1;2;
202300029859;155627612;B01;1;10;0;2;1;1;1;
202300029860;155627606;A01;1;7;0;2;1;19;1;
202300029860;155627609;B01;2;7;9;2;6;1;1;
202300029861;155627605;A01;2;7;0;1;2;1;1;
202300029862;155627604;A01;1;7;0;1;2;15;1;
202300029863;155627601;A01;3;7;3;0;2;1;1;
202300029864;155627599;A01;2;7;0;2;1;15;1;
202300029864;155627602;B01;1;30;0;2;7;1;3;
202300029865;155627600;A01;1;33;0;2;2;1;1;
202300029865;155627603;B01;1;10;0;2;1;9;0;
202300029866;155627595;Z01;2;7;14;2;1;1;1;
202300029866;155627598;A01;1;7;14;2;8;1;1;
202300029867;155627594;A01;1;10;0;2;1;15;1;
202300029867;155627597;B01;2;7;10;2;1;1;1;
202300029868;155627592;A01;1;7;15;2;1;1;1;
202300029868;155627596;B01;1;1;0;0;4;1;5;
202300029869;155627593;A01;0;1;14;0;1;1;5;
202300029870;155627588;B01;2;33;0;2;1;17;1;
202300029870;155627590;A01;2;7;0;2;8;15;1;
202300029871;155627587;A01;1;7;2;0;0;26;1;
202300029872;155627589;A01;3;7;0;2;3;15;1;
202300029872;155627591;B01;3;43;0;2;1;1;1;
202300029873;155627586;A01;1;7;1;0;3;1;0;
202300029874;155627585;A01;1;7;3;0;2;1;1;
202300029875;155627580;A01;3;33;0;2;3;11;1;
202300029875;155627584;B01;3;7;0;2;7;11;1;
202300029876;155627579;B01;2;7;0;0;4;23;0;
202300029876;155627581;A01;2;80;0;2;1;1;3;
202300029877;155627575;C01;2;7;0;2;0;0;3;
202300029877;155627577;B01;0;30;0;2;8;2;1;
202300029877;155627582;A01;0;7;0;2;1;2;2;
202300029878;155627573;A01;1;10;6;2;8;1;1;
202300029878;155627578;B01;2;7;0;2;1;19;1;
202300029879;155627572;A01;2;33;0;2;6;1;1;
202300029879;155627576;B01;1;1;0;2;1;1;5;
202300029880;155627570;A01;1;50;0;0;0;1;3;
202300029881;155627568;A01;1;34;0;1;1;1;1;
202300029882;155627567;A01;2;7;0;2;7;0;1;
202300029882;155627571;B01;2;2;0;2;1;1;1;
202300029883;155627566;A01;2;7;0;2;8;13;1;
202300029883;155627569;B01;1;10;0;2;1;1;1;
202300029884;155627565;Z01;2;14;12;1;0;13;0;
202300029885;155627563;A01;3;7;0;1;2;1;1;
202300029886;155627561;B01;3;7;0;2;4;2;1;
202300029886;155627564;A01;3;7;0;2;1;2;1;
202300029887;155627560;A01;3;10;0;0;3;1;1;
202300029887;155627562;B01;3;80;0;2;1;13;3;
202300029888;155627559;A01;3;37;0;1;5;26;6;1.0
202300029889;155627557;A01;0;7;0;1;4;4;1;
202300029890;155627558;A01;1;7;0;1;3;1;1;
202300029891;155627555;A01;1;7;0;1;3;16;0;
202300029892;155627553;A01;1;7;14;2;1;17;1;
202300029892;155627556;B01;1;7;14;2;3;2;1;
202300029893;155627552;A01;1;10;0;1;5;4;0;
202300029894;155627551;A01;1;7;0;2;1;1;0;
202300029894;155627554;B01;1;7;0;2;6;15;0;
202300029895;155627546;A01;1;7;0;2;3;1;0;
202300029895;155627550;B01;2;7;0;2;3;1;0;
202300029896;155627545;B01;2;1;0;2;8;16;5;
202300029896;155627548;A01;1;7;0;9;2;15;1;
202300029897;155627544;A01;3;50;0;2;1;5;3;
202300029897;155627549;B01;1;7;0;2;1;16;1;
202300029898;155627543;B01;1;34;0;2;1;2;1;
202300029898;155627547;A01;2;7;0;2;2;15;1;
202300029899;155627541;A01;1;30;0;2;4;1;1;
202300029899;155627542;B01;1;7;0;2;1;2;1;
202300029900;155627535;B01;3;7;0;2;1;1;1;
202300029900;155627538;A01;1;7;0;2;1;5;1;
202300029901;155627537;A01;2;7;0;2;1;5;1;
202300029901;155627540;B01;1;34;0;2;1;1;1;
202300029902;155627536;A01;1;7;0;9;2;16;1;
202300029902;155627539;B01;2;50;0;2;1;1;3;
202300029903;155627529;C01;1;7;0;2;1;2;1;
202300029903;155627532;A01;1;7;0;2;5;1;2;
202300029903;155627534;B01;1;7;0;2;4;2;1;
202300029904;155627527;A01;1;50;0;2;3;19;3;
202300029904;155627533;B01;1;7;0;2;1;1;1;
202300029905;155627528;B01;1;1;0;2;8;16;5;
202300029905;155627531;A01;1;10;0;2;7;1;1;
202300029906;155627526;A01;1;7;0;2;3;15;1;
202300029906;155627530;B01;2;2;0;2;8;1;1;
202300029907;155627524;A01;2;7;0;1;2;15;1;
202300029908;155627522;A01;2;7;0;2;7;12;1;
202300029908;155627525;B01;2;7;0;2;6;1;1;
202300029909;155627519;A01;3;7;0;2;1;16;1;
202300029910;155627520;B01;2;31;0;2;1;21;1;
202300029910;155627521;A01;1;7;0;2;1;5;1;
202300029911;155627517;C01;2;7;0;2;8;1;4;
202300029911;155627518;A01;1;7;0;2;3;13;1;
202300029911;155627523;B01;2;15;16;2;3;1;1;
202300029912;155627515;A01;2;7;0;1;1;2;1;
202300029913;155627514;A01;0;7;0;1;1;1;0;
202300029914;155627511;A01;1;7;0;1;7;1;1;
202300029915;155627513;B01;2;7;0;2;4;23;1;
202300029915;155627516;A01;1;7;0;2;1;1;1;
202300029916;155627508;A01;1;7;0;1;8;9;3;
202300029917;155627507;B01;3;50;0;2;2;1;3;
202300029917;155627510;A01;2;7;0;9;3;9;1;
202300029918;155627506;B01;2;7;0;2;8;1;1;
202300029918;155627509;A01;2;7;0;2;1;17;1;
202300029919;155627505;A01;3;10;0;1;4;4;1;
202300029920;155627503;A01;3;7;0;1;2;1;1;
202300029921;155627504;A01;1;7;4;0;1;11;1;
202300029922;155627500;A01;1;7;0;2;2;15;1;
202300029922;155627502;B01;2;2;0;2;1;1;0;
202300029923;155627499;A01;1;33;0;2;2;1;0;
202300029923;155627501;B01;2;7;0;2;1;10;0;
202300029924;155627496;A01;1;7;0;2;2;1;1;
202300029924;155627497;B01;1;7;0;2;8;1;1;
202300029925;155627495;A01;1;32;4;0;2;1;1;
202300029926;155627492;B01;2;7;0;2;1;1;1;
202300029926;155627494;A01;2;36;0;2;6;15;1;
202300029927;155627486;B01;3;60;0;0;0;0;5;
202300029927;155627489;A01;3;14;0;2;4;21;0;
202300029928;155627488;B01;2;10;0;2;1;1;2;
202300029928;155627491;C01;2;10;0;2;1;1;1;
202300029928;155627493;A01;2;7;0;2;1;5;1;
202300029929;155627487;B01;1;15;0;2;6;2;1;
202300029929;155627490;A01;1;7;4;2;2;14;1;
202300029930;155627482;A01;2;7;0;1;3;1;1;
202300029931;155627481;B01;2;7;0;2;2;1;1;
202300029931;155627484;A01;2;7;0;2;6;11;1;
202300029932;155627480;B01;3;7;0;2;3;21;1;
202300029932;155627483;A01;3;1;0;2;0;13;5;
202300029933;155627479;B01;2;7;0;2;1;1;0;
202300029933;155627485;A01;1;7;0;2;8;15;0;
202300029934;155627478;A01;2;31;0;1;8;17;3;
202300029935;155627477;A01;2;7;4;0;1;1;1;
202300029936;155627474;A01;2;7;3;0;1;1;1;
202300029937;155627471;A01;1;7;3;0;7;21;1;
202300029938;155627470;A01;1;10;0;2;1;1;1;
202300029938;155627472;C01;1;7;0;2;4;23;1;
202300029938;155627473;B01;1;10;0;2;4;23;1;
202300029939;155627467;A01;0;7;14;0;2;17;1;
202300029940;155627465;B01;2;7;14;0;1;1;1;
202300029940;155627468;A01;2;7;3;0;2;1;1;
202300029940;155627469;C01;2;7;14;0;1;1;1;
202300029941;155627462;B01;2;7;0;2;0;9;1;
202300029941;155627464;A01;2;30;0;2;7;1;1;
202300029942;155627463;B01;2;10;0;2;4;2;1;
202300029942;155627466;A01;2;33;0;2;1;2;1;
202300029943;155627459;A01;2;7;0;0;7;14;1;
202300029944;155627457;A01;1;7;6;0;9;1;1;
202300029945;155627458;A01;2;7;4;0;1;1;1;
202300029946;155627456;C01;1;15;0;2;8;1;1;
202300029946;155627460;A01;1;7;13;2;1;17;1;
202300029946;155627461;B01;1;7;0;2;1;16;1;
202300029947;155627453;A01;2;7;4;0;1;1;1;
202300029948;155627452;A01;1;2;0;0;4;1;1;
202300029948;155627455;B01;1;10;0;2;1;2;1;
202300029949;155627451;A01;1;7;1;0;3;1;1;
202300029949;155627454;B01;1;7;0;0;5;24;1;
202300029950;155627447;A01;3;7;0;2;3;15;0;
202300029950;155627450;B01;3;7;0;2;3;1;0;
202300029951;155627448;A01;1;7;4;0;1;1;1;
202300029952;155627445;A01;3;1;0;2;1;26;5;
202300029952;155627446;B01;3;1;0;2;1;0;5;
202300029953;155627444;B01;3;7;0;2;3;1;1;
202300029953;155627449;A01;3;7;0;2;2;9;1;
202300029954;155627443;A01;1;7;0;1;1;1;1;
202300029955;155627442;A01;1;7;4;0;1;16;1;
202300029956;155627440;A01;1;7;0;2;7;22;1;
202300029956;155627441;B01;1;0;0;2;0;0;0;
202300029957;155627439;A01;1;7;10;0;9;17;1;
202300029958;155627434;A01;3;7;13;0;1;1;1;
202300029959;155627433;A01;2;7;0;1;3;1;1;
202300029960;155627432;A01;2;7;0;2;2;12;1;
202300029960;155627437;B01;2;37;0;2;8;1;1;1.0
202300029961;155627431;A01;2;7;3;0;3;2;2;
202300029962;155627429;A01;2;7;0;1;2;1;1;
202300029963;155627427;A01;1;10;0;2;2;2;1;
202300029963;155627428;B01;1;7;0;2;4;2;1;
202300029964;155627424;B01;2;7;3;0;5;1;1;
202300029964;155627426;A01;2;33;0;2;1;2;1;
202300029965;155627425;A01;3;36;2;0;2;1;1;
202300029966;155627423;A01;2;7;0;1;2;1;1;
202300029967;155627420;A01;1;1;0;1;1;0;5;
202300029968;155627419;B01;1;7;3;2;2;1;1;
202300029968;155627422;A01;1;7;3;2;3;9;1;
202300029969;155627418;A01;1;7;0;2;1;14;2;
202300029970;155627417;A01;2;99;0;2;1;15;1;
202300029970;155627421;B01;2;33;0;2;7;17;1;
202300029971;155627413;A01;2;7;0;2;1;1;1;
202300029971;155627415;B01;2;7;0;2;8;26;1;
202300029972;155627412;A01;3;7;0;2;3;16;1;
202300029972;155627416;B01;3;2;0;2;3;15;0;
202300029973;155627411;A01;1;7;0;0;6;15;2;
202300029973;155627414;B01;1;33;0;2;1;17;1;
202300029974;155627410;A01;2;7;2;0;1;1;1;
202300029975;155627408;A01;1;2;13;0;0;1;1;
202300029976;155627406;A01;1;7;0;2;1;1;1;
202300029976;155627407;B01;1;7;0;2;4;23;1;
202300029976;155627409;C01;1;7;0;2;4;23;1;
202300029977;155627405;A01;1;10;0;1;1;1;1;
202300029978;155627404;A01;2;7;0;0;0;1;1;
202300029979;155627401;A01;1;7;6;0;1;13;1;
202300029980;155627399;A01;3;30;0;0;7;1;6;
202300029981;155627398;A01;2;7;13;0;8;1;1;
202300029981;155627403;B01;1;7;0;2;1;1;1;
202300029982;155627397;A01;3;33;12;0;3;16;1;
202300029983;155627395;A01;3;10;0;1;2;15;1;
202300029984;155627394;A01;1;7;14;9;1;1;1;
202300029984;155627396;B01;1;80;0;2;8;16;3;
202300029985;155627391;B01;1;50;0;2;8;19;3;
202300029985;155627392;A01;1;7;0;2;1;1;1;
202300029986;155627388;A01;1;33;0;2;2;12;0;
202300029986;155627389;B01;1;10;0;2;3;2;1;
202300029987;155627387;A01;3;3;0;2;2;1;1;
202300029987;155627390;B01;3;7;0;2;1;26;1;
202300029988;155627385;A01;1;7;0;2;7;19;1;
202300029988;155627393;B01;2;7;0;2;1;1;1;
202300029989;155627384;B01;0;37;0;0;1;1;1;1.0
202300029989;155627386;A01;0;7;0;2;1;13;1;
202300029990;155627382;A01;0;1;0;2;1;15;5;
202300029990;155627383;B01;0;7;0;2;1;1;1;
202300029991;155627378;A01;3;7;0;1;1;1;1;
202300029991;155627380;B01;3;43;0;2;1;2;1;
202300029992;155627377;A01;1;7;0;2;3;19;0;
202300029992;155627381;B01;1;33;0;2;1;1;1;
202300029993;155627374;B01;1;7;0;2;3;1;1;
202300029993;155627376;A01;2;10;0;2;1;13;1;
202300029994;155627372;A01;1;7;0;2;1;16;1;
202300029994;155627375;B01;3;7;0;2;7;1;1;
202300029994;155627379;C01;3;7;0;2;6;1;1;
202300029995;155627373;A01;1;31;13;0;1;1;1;
202300029996;155627369;A01;1;7;6;0;1;13;1;
202300029997;155627370;A01;1;80;0;0;9;14;3;
202300029997;155627371;B01;2;15;0;0;0;1;1;
202300029998;155627367;Z01;1;7;0;1;1;15;1;
202300029999;155627366;A01;2;33;0;0;0;1;1;
202300030000;155627365;B01;2;37;0;2;6;0;1;2.0
202300030000;155627368;A01;2;2;0;2;7;17;1;
202300030001;155627362;B01;1;10;0;2;3;19;1;
202300030001;155627364;A01;2;7;0;2;1;1;1;
202300030002;155627361;A01;1;33;16;0;1;1;1;
202300030003;155627358;A01;1;7;0;2;1;3;1;
202300030003;155627360;B01;1;7;0;2;4;1;1;
202300030003;155627363;C01;1;7;0;2;0;0;1;
202300030004;155627356;A01;2;10;6;0;1;14;1;
202300030005;155627355;A01;1;7;15;0;2;14;1;
202300030006;155627351;A01;1;33;0;0;2;1;1;
202300030007;155627352;B01;2;7;0;2;0;0;1;
202300030007;155627354;A01;2;7;0;1;1;13;1;
202300030008;155627350;B01;3;7;0;2;7;26;1;
202300030008;155627353;C01;3;7;0;2;1;26;1;
202300030008;155627357;D01;3;7;0;2;1;26;1;
202300030008;155627359;A01;3;7;0;2;9;1;1;
202300030009;155627348;B01;1;1;0;2;7;16;5;
202300030009;155627349;A01;1;37;0;2;0;11;1;1.0
202300030010;155627344;B01;1;7;0;2;4;23;1;
202300030010;155627347;A01;1;7;0;2;1;1;1;
202300030011;155627342;B01;2;7;0;2;8;1;1;
202300030011;155627345;A01;1;7;0;2;3;13;1;
202300030012;155627341;A01;1;7;0;2;1;1;1;
202300030012;155627343;B01;1;7;0;2;1;1;1;
202300030012;155627346;C01;1;7;0;2;0;1;1;
202300030013;155627337;B01;1;50;0;2;8;15;3;
202300030013;155627339;A01;1;7;0;2;3;1;1;
202300030014;155627338;A01;1;7;0;2;1;1;1;
202300030014;155627340;B01;1;7;0;0;8;16;1;
202300030015;155627334;A01;1;0;0;0;0;0;0;
202300030015;155627335;B01;1;2;0;0;0;0;0;
202300030016;155627333;A01;1;7;13;0;9;0;1;
202300030017;155627330;A01;3;2;0;2;1;1;1;
202300030017;155627332;B01;3;21;0;2;1;1;1;
202300030018;155627328;A01;1;7;0;4;1;1;1;
202300030018;155627331;B01;1;40;0;2;1;1;3;
202300030019;155627327;B01;2;30;0;2;3;1;1;
202300030019;155627329;Z01;1;7;0;2;2;15;1;
202300030020;155627326;A01;1;7;2;0;3;14;1;
202300030021;155627325;A01;2;33;7;0;8;1;1;
202300030022;155627322;A01;2;7;0;2;1;1;1;
202300030022;155627324;B01;3;50;0;2;7;1;3;
202300030023;155627320;B01;3;7;0;2;2;1;1;
202300030023;155627323;A01;3;13;0;2;4;19;1;
202300030024;155627319;A01;1;7;13;0;1;13;1;
202300030025;155627318;A01;1;7;0;2;1;1;1;
202300030025;155627321;B01;2;7;0;2;1;1;1;
202300030026;155627316;A01;2;37;0;1;7;1;1;1.0
202300030027;155627313;A01;1;30;0;2;1;13;1;
202300030027;155627317;B01;2;7;0;2;0;1;1;
202300030028;155627312;B01;3;10;0;0;3;1;1;
202300030028;155627314;A01;3;33;0;2;1;17;1;
202300030029;155627309;A01;1;2;0;2;2;0;0;
202300030029;155627310;Z01;2;7;0;2;3;1;0;
202300030030;155627307;A01;3;10;17;0;3;13;1;
202300030031;155627306;A01;2;33;0;2;8;17;1;
202300030031;155627311;B01;1;7;0;2;3;1;1;
202300030032;155627305;A01;3;50;0;2;2;13;3;
202300030032;155627308;B01;2;50;0;2;2;15;3;
202300030033;155627303;A01;2;31;0;2;1;19;1;
202300030033;155627304;B01;2;7;0;2;2;11;1;
202300030034;155627302;A01;1;7;8;0;3;13;1;
202300030035;155627299;A01;2;7;0;1;7;1;1;
202300030036;155627298;A01;2;30;0;2;8;1;1;
202300030036;155627300;Z01;1;0;0;9;7;16;1;
202300030037;155627297;B01;2;33;0;2;3;1;1;
202300030037;155627301;A01;1;7;0;2;1;1;1;
202300030038;155627295;A01;1;7;0;1;2;16;1;
202300030039;155627291;C01;1;17;13;0;0;1;6;
202300030039;155627294;A01;2;7;0;0;1;15;1;
202300030039;155627296;D01;1;7;0;0;1;23;1;
202300030040;155627292;A01;1;7;0;0;9;1;1;
202300030041;155627290;A01;1;7;0;1;3;1;1;
202300030042;155627289;B01;2;2;0;9;1;1;1;
202300030042;155627293;A01;2;7;0;2;7;9;1;
202300030043;155627287;A01;1;2;0;2;1;5;1;
202300030043;155627288;B01;2;7;0;2;3;1;1;
202300030044;155627283;A01;0;7;0;2;2;15;1;
202300030044;155627286;B01;0;33;0;2;1;21;1;
202300030045;155627282;A01;2;7;0;2;1;2;1;
202300030045;155627285;B01;2;7;0;2;4;1;1;
202300030046;155627281;B01;2;10;0;2;7;1;1;
202300030046;155627284;A01;1;2;0;2;1;1;1;
202300030047;155627277;A01;2;33;0;2;1;13;1;
202300030047;155627279;B01;1;37;0;2;2;1;1;1.0
202300030048;155627275;B01;3;2;0;2;7;1;1;
202300030048;155627278;A01;1;7;0;2;3;9;1;
202300030049;155627273;A01;1;7;0;2;1;2;1;
202300030049;155627276;B01;1;7;0;2;4;2;1;
202300030050;155627272;B01;2;10;0;2;0;15;0;
202300030050;155627274;A01;2;33;0;0;7;1;1;
202300030051;155627269;A01;1;7;0;2;1;15;1;
202300030051;155627270;B01;1;33;0;2;7;1;1;
202300030052;155627268;A01;3;50;0;2;2;1;3;
202300030052;155627271;B01;3;10;0;9;3;1;1;
202300030053;155627266;A01;1;0;0;1;2;1;1;
202300030054;155627264;B01;2;10;0;2;1;9;1;
202300030054;155627267;A01;2;7;0;2;2;9;1;
202300030055;155627262;A01;1;7;0;1;2;1;1;
202300030056;155627261;A01;2;36;0;2;0;1;1;
202300030056;155627263;B01;1;7;0;2;1;1;1;
202300030056;155627265;C01;2;7;0;2;8;1;1;
202300030057;155627258;B01;1;7;0;1;1;1;1;
202300030058;155627257;B01;2;7;0;2;0;14;0;
202300030058;155627260;A01;1;33;0;2;3;1;1;
202300030059;155627256;A01;2;7;0;2;2;17;1;
202300030059;155627259;B01;1;7;0;2;2;1;3;
202300030060;155627255;A01;3;7;0;1;2;1;1;
202300030061;155627253;A01;2;7;0;0;1;13;1;
202300030061;155627254;B01;2;30;0;2;1;1;1;
202300030062;155627250;A01;2;7;2;0;0;1;1;
202300030063;155627248;B01;1;7;0;2;4;2;1;
202300030063;155627252;A01;1;14;0;2;2;26;1;
202300030064;155627249;B01;2;33;0;2;1;1;1;
202300030064;155627251;A01;2;7;0;2;3;9;1;
202300030065;155627246;B01;3;50;0;2;1;17;3;
202300030065;155627247;A01;3;7;0;2;1;15;1;
202300030066;155627243;A01;2;7;0;2;1;2;1;
202300030066;155627245;B01;2;21;0;2;4;2;1;
202300030067;155627242;A01;1;7;8;0;2;1;1;
202300030068;155627241;B01;3;7;0;2;3;1;1;
202300030068;155627244;A01;3;7;0;2;1;13;1;
202300030069;155627240;A01;0;7;1;2;1;1;1;
202300030070;155627234;A01;1;7;6;2;3;1;1;
202300030070;155627238;B01;1;7;0;2;1;19;1;
202300030071;155627233;A01;3;30;0;2;1;26;1;
202300030071;155627236;B01;3;7;0;2;2;26;1;
202300030072;155627230;B01;1;7;0;2;2;1;1;
202300030072;155627232;C01;1;10;0;2;3;1;1;
202300030072;155627235;A01;1;7;0;2;1;19;1;
202300030073;155627229;A01;1;7;5;0;1;1;1;
202300030074;155627227;B01;1;7;0;2;1;2;1;
202300030074;155627231;C01;1;7;0;2;4;2;1;
202300030074;155627237;D01;1;7;0;2;4;23;1;
202300030074;155627239;A01;1;10;0;2;1;1;1;
202300030075;155627224;B01;1;1;0;2;0;13;5;
202300030075;155627225;A01;2;7;0;9;3;14;2;
202300030076;155627223;A01;1;7;0;1;1;1;1;
202300030077;155627221;B01;2;10;0;2;8;1;1;
202300030077;155627226;C01;2;7;0;2;8;1;1;
202300030077;155627228;A01;2;7;0;2;1;1;1;
202300030078;155627217;A01;1;1;0;0;0;1;5;
202300030079;155627219;A01;3;7;2;0;2;1;0;
202300030080;155627216;A01;1;7;0;2;2;14;1;
202300030080;155627220;B01;1;33;0;2;8;1;1;
202300030080;155627222;C01;1;7;0;2;4;1;1;
202300030081;155627215;A01;1;30;0;2;2;3;1;
202300030081;155627218;B01;1;7;0;2;3;11;1;
202300030082;155627210;B01;2;2;0;2;3;15;1;
202300030082;155627214;A01;2;7;0;2;2;15;0;
202300030083;155627207;A01;2;7;0;2;1;1;1;
202300030083;155627211;B01;2;32;0;2;3;15;1;
202300030084;155627206;A01;1;33;4;2;8;3;1;
202300030084;155627209;B01;1;7;4;2;6;13;1;
202300030085;155627205;B01;1;7;0;2;4;23;1;
202300030085;155627208;D01;1;7;0;2;4;23;1;
202300030085;155627212;C01;1;7;0;2;4;23;1;
202300030085;155627213;A01;1;7;0;2;1;2;1;
202300030086;155627204;A01;3;2;0;0;7;2;1;
202300030087;155627201;A01;1;7;0;1;0;2;1;
202300030088;155627200;A01;1;7;2;0;7;17;1;
202300030089;155627198;A01;2;7;0;2;4;2;1;
202300030089;155627203;B01;2;7;0;2;1;2;1;
202300030090;155627197;C01;0;10;0;2;0;0;1;
202300030090;155627199;B01;0;7;0;2;3;13;1;
202300030090;155627202;A01;0;33;0;2;4;17;1;
202300030091;155627196;A01;2;31;0;0;1;13;1;
202300030092;155627193;B01;2;7;0;2;1;15;1;
202300030092;155627195;A01;1;7;0;2;1;1;1;
202300030093;155627190;A01;1;7;0;2;1;1;2;
202300030093;155627194;B01;1;10;0;2;6;0;1;
202300030094;155627191;Z01;1;7;0;1;0;0;0;
202300030095;155627189;A01;0;7;0;2;3;15;1;
202300030095;155627192;B01;0;2;0;2;1;1;1;
202300030096;155627188;A01;2;1;0;0;0;1;5;
202300030097;155627186;A01;2;41;0;1;1;1;3;
202300030098;155627185;A01;1;32;0;2;1;1;1;
202300030098;155627187;B01;1;7;0;2;5;1;1;
202300030099;155627180;B01;1;7;0;2;8;0;0;
202300030099;155627184;A01;1;7;0;2;1;19;0;
202300030100;155627181;A01;1;7;0;2;3;11;0;
202300030100;155627183;B01;1;33;0;2;7;3;1;
202300030101;155627178;B01;0;80;0;2;0;0;3;
202300030101;155627182;A01;0;7;0;9;2;16;1;