Num_Acc;id_vehicule;num_veh;senc;catv;obs;obsm;choc;manv;motor;occutc
202300030102;155627177;B01;1;7;0;2;8;0;1;
202300030102;155627179;A01;1;15;0;2;2;12;1;
202300030103;155627176;A01;2;15;3;0;1;1;1;
202300030104;155627172;A01;1;7;0;2;2;15;1;
202300030104;155627174;B01;2;33;0;2;1;2;1;
202300030105;155627170;B01;1;7;0;2;7;1;1;
202300030105;155627173;Z01;1;7;0;2;3;11;0;
202300030106;155627168;B01;2;14;0;2;1;1;1;
202300030106;155627175;A01;2;7;0;2;7;1;1;
202300030107;155627169;A01;1;7;4;2;1;11;1;
202300030107;155627171;B01;1;7;3;2;5;1;1;
202300030108;155627165;A01;3;7;0;1;1;15;1;
202300030109;155627162;A01;2;7;4;1;3;23;1;
202300030109;155627166;C01;2;7;0;2;1;2;1;
202300030110;155627163;A01;2;14;0;2;4;2;1;
202300030110;155627167;B01;2;14;0;2;7;2;1;
202300030111;155627164;A01;3;7;0;1;4;20;1;
202300030112;155627160;A01;1;7;4;0;3;1;1;
202300030113;155627158;B01;1;50;0;2;0;0;3;
202300030113;155627161;A01;2;7;0;2;0;0;1;
202300030114;155627156;A01;2;7;0;2;3;2;1;
202300030114;155627159;B01;2;33;0;2;2;21;1;
202300030115;155627155;B01;2;7;0;2;2;15;1;
202300030115;155627157;A01;2;37;0;2;3;1;1;3.0
202300030116;155627154;A01;1;7;4;0;1;0;1;
202300030117;155627140;D01;1;7;0;2;1;1;1;
202300030117;155627143;E01;1;7;0;2;1;1;1;
202300030117;155627145;B01;1;10;0;2;6;23;1;
202300030117;155627149;C01;1;7;0;2;7;1;1;
202300030117;155627153;A01;1;10;0;2;2;14;1;
202300030118;155627137;B01;0;10;0;0;4;24;2;
202300030118;155627142;A01;0;10;1;0;1;2;1;
202300030119;155627138;B01;2;7;0;2;4;2;1;
202300030119;155627139;A01;2;10;0;2;1;2;3;
202300030120;155627131;B01;2;14;0;2;6;23;1;
202300030120;155627134;A01;2;7;14;0;2;17;1;
202300030121;155627133;B01;3;10;0;2;6;2;1;
202300030121;155627135;F01;3;10;0;2;4;2;1;
202300030121;155627136;G01;3;10;0;2;4;2;1;
202300030121;155627141;C01;3;7;0;2;6;2;1;
202300030121;155627144;D01;3;7;0;2;4;2;3;
202300030121;155627148;A01;3;14;0;2;1;2;1;
202300030121;155627152;E01;3;10;0;2;6;2;1;
202300030122;155627130;A01;1;7;0;2;3;1;1;
202300030123;155627129;A01;1;7;0;2;0;0;1;
202300030123;155627132;B01;1;33;0;0;0;0;1;
202300030124;155627126;A01;1;7;0;1;1;2;1;
202300030125;155627124;B01;2;33;0;2;2;17;1;
202300030125;155627127;A01;2;7;0;2;8;15;1;
202300030126;155627123;T01;3;50;0;9;1;0;3;
202300030126;155627128;U01;3;50;0;9;1;5;3;
202300030127;155627122;A01;1;7;0;2;3;1;1;
202300030127;155627125;B01;1;7;0;2;2;0;1;
202300030128;155627116;A01;1;7;0;2;1;13;1;
202300030128;155627120;B01;1;7;0;2;1;1;1;
202300030129;155627117;B01;2;1;0;2;0;0;5;
202300030129;155627121;A01;2;7;0;2;1;15;1;
202300030130;155627118;A01;3;7;0;1;2;2;1;
202300030131;155627119;A01;3;7;0;2;2;26;1;
202300030132;155627113;A01;0;34;5;2;9;14;6;
202300030133;155627109;A01;1;7;0;2;1;1;1;
202300030133;155627111;B01;1;10;0;2;9;11;1;
202300030133;155627115;C01;1;7;0;2;8;0;1;
202300030134;155627110;B01;1;7;0;2;0;0;1;
202300030134;155627114;A01;1;7;0;2;3;16;2;
202300030135;155627108;A01;1;7;0;2;3;17;1;
202300030135;155627112;B01;1;7;0;2;7;2;1;
202300030136;155627107;A01;1;33;0;9;1;26;1;
202300030137;155627105;A01;1;32;0;2;7;2;1;
202300030137;155627106;B01;1;7;0;2;3;15;3;
202300030138;155627103;A01;2;7;0;1;1;9;1;
202300030139;155627104;A01;1;33;0;9;8;15;0;
202300030140;155627102;A01;1;3;0;1;3;15;3;
202300030141;155627101;Z01;3;7;0;1;2;1;1;
202300030142;155627098;A01;3;7;0;2;3;9;1;
202300030142;155627100;B01;3;33;0;2;1;1;1;
202300030143;155627097;A01;2;10;0;1;1;9;1;
202300030144;155627096;B01;2;7;0;2;1;1;1;
202300030144;155627099;A01;2;50;0;2;2;1;3;
202300030145;155627095;A01;3;7;0;1;3;26;1;
202300030146;155627094;A01;3;10;0;1;6;4;1;
202300030147;155627089;A01;1;7;0;2;1;2;1;
202300030147;155627093;B01;1;7;0;2;4;23;1;
202300030148;155627088;A01;3;7;0;2;7;10;2;
202300030148;155627091;B01;3;14;0;2;1;1;1;
202300030149;155627086;B01;1;7;0;2;4;2;1;
202300030149;155627090;C01;1;7;0;2;0;0;1;
202300030149;155627092;A01;1;7;0;2;3;2;1;
202300030150;155627083;A01;1;10;0;2;1;1;1;
202300030150;155627085;B01;1;10;0;2;4;1;1;
202300030150;155627087;C01;1;10;0;2;4;1;1;
202300030151;155627082;A01;1;7;0;1;1;1;1;
202300030152;155627081;A01;1;7;0;2;3;1;1;
202300030152;155627084;B01;1;1;0;2;1;1;5;
202300030153;155627077;A01;3;10;0;1;1;2;1;
202300030154;155627079;A01;2;7;1;0;3;13;1;
202300030155;155627078;B01;3;3;0;2;1;19;1;
202300030155;155627080;A01;1;7;0;2;8;1;1;
202300030156;155627075;A01;3;7;0;2;3;1;1;
202300030156;155627076;B01;3;7;0;2;1;15;1;
202300030157;155627072;A01;1;7;0;2;3;11;1;
202300030157;155627074;B01;1;33;0;2;7;3;1;
202300030158;155627071;A01;2;7;0;1;2;1;1;
202300030159;155627070;A01;2;7;0;2;1;1;1;
202300030159;155627073;B01;2;7;0;2;4;1;1;
202300030160;155627067;A01;3;31;0;2;1;1;1;
202300030160;155627069;B01;3;7;0;2;3;15;1;
202300030161;155627064;A01;1;7;0;2;1;15;2;
202300030161;155627065;B01;2;2;0;2;8;1;1;
202300030162;155627062;B01;3;7;0;2;1;1;1;
202300030162;155627068;A01;1;7;0;2;2;1;1;
202300030163;155627061;B01;1;7;0;0;0;0;1;
202300030163;155627063;C01;1;7;0;0;8;2;1;
202300030163;155627066;A01;1;7;0;2;1;21;1;
202300030164;155627059;Z01;2;7;0;1;1;1;1;
202300030165;155627055;A01;1;10;0;9;7;16;1;
202300030165;155627058;B01;1;50;0;2;8;19;3;
202300030166;155627054;A01;3;7;0;2;5;19;1;
202300030166;155627057;B01;1;38;0;2;1;1;1;1.0
202300030166;155627060;C01;1;7;0;2;8;1;1;
202300030167;155627056;A01;2;7;0;1;2;16;1;
202300030168;155627052;B01;1;30;0;2;7;21;1;
202300030168;155627053;A01;2;1;0;2;0;5;5;
202300030169;155627049;A01;3;10;0;2;1;2;1;
202300030169;155627051;B01;0;10;0;0;6;10;1;
202300030170;155627048;A01;1;7;0;1;2;15;1;
202300030171;155627044;B01;1;50;0;2;4;1;3;
202300030171;155627046;A01;1;43;0;2;1;1;1;
202300030172;155627041;A01;1;7;2;0;0;0;1;
202300030173;155627039;A01;1;7;7;0;1;13;1;
202300030174;155627036;A01;1;7;0;1;2;1;1;
202300030175;155627034;B01;1;1;0;2;1;1;5;
202300030175;155627035;A01;2;7;0;2;3;1;1;
202300030176;155627032;B01;3;1;0;2;4;19;5;
202300030176;155627033;A01;3;7;0;2;1;0;1;
202300030177;155627029;A01;1;1;0;0;2;1;5;
202300030178;155627030;A01;1;7;0;2;5;24;1;
202300030178;155627031;B01;1;7;1;0;3;13;1;
202300030179;155627026;B01;1;7;1;0;8;1;1;
202300030179;155627028;A01;1;10;0;2;1;16;1;
202300030180;155627025;Z01;3;7;0;2;0;13;1;
202300030180;155627027;A01;3;31;0;2;5;1;1;
202300030181;155627023;B01;1;31;0;5;1;1;1;
202300030182;155627020;B01;1;37;0;2;2;2;1;1.0
202300030182;155627021;A01;1;30;0;2;3;2;1;
202300030183;155627017;A01;1;7;0;2;8;10;1;
202300030183;155627019;B01;1;33;0;2;7;1;1;
202300030184;155627016;A01;1;10;0;2;1;13;1;
202300030184;155627018;B01;1;7;0;2;1;1;1;
202300030185;155627014;B01;1;7;1;2;4;24;1;
202300030185;155627015;A01;1;7;0;2;1;1;1;
202300030186;155627012;A01;1;7;0;2;3;2;1;
202300030186;155627013;B01;1;10;0;2;4;2;1;
202300030187;155627011;A01;0;7;0;1;1;1;1;
202300030188;155627010;A01;2;7;12;1;1;14;1;
202300030189;155627008;A01;3;33;0;2;1;1;1;
202300030189;155627009;B01;3;7;0;2;2;15;1;
202300030190;155627005;B01;1;31;0;2;3;1;1;
202300030190;155627006;A01;1;7;0;2;3;10;1;
202300030191;155627004;B01;3;1;0;2;4;12;5;
202300030191;155627007;A01;3;7;0;2;3;26;1;
202300030192;155627003;A01;2;7;0;1;1;15;1;
202300030193;155627000;B01;3;2;0;2;1;1;1;
202300030193;155627002;A01;3;7;0;2;2;15;1;
202300030194;155626999;A01;1;10;0;2;8;15;1;
202300030194;155627001;B01;1;30;0;2;2;17;3;
202300030195;155626997;A01;2;1;0;2;8;2;5;
202300030195;155626998;B01;2;7;0;2;7;17;-1;
202300030196;155626995;A01;2;60;12;0;0;1;3;
202300030197;155626994;B01;1;7;0;2;5;1;1;
202300030197;155626996;A01;1;1;0;2;1;1;5;
202300030198;155626989;B01;2;7;0;2;0;1;2;
202300030198;155626991;A01;2;30;0;2;0;1;1;
202300030199;155626988;A01;3;7;0;2;1;26;1;
202300030199;155626992;B01;1;2;0;2;4;1;1;
202300030200;155626987;A01;3;7;0;1;1;15;0;
202300030201;155626986;A01;1;7;0;1;1;1;1;
202300030202;155626984;B01;3;7;0;9;8;1;1;
202300030202;155626985;A01;3;1;0;2;8;19;5;
202300030203;155626981;A01;2;7;0;2;2;15;1;
202300030203;155626983;B01;1;33;0;2;3;1;1;
202300030204;155626980;B01;1;7;0;0;2;16;1;
202300030204;155626982;A01;2;50;0;2;1;1;3;
202300030205;155626977;B01;3;1;0;2;8;1;5;
202300030205;155626979;A01;3;10;0;9;3;15;1;
202300030206;155626976;A01;2;33;0;2;1;1;1;
202300030206;155626978;B01;1;7;0;2;7;15;1;
202300030207;155626975;A01;3;7;0;1;1;0;1;
202300030208;155626973;A01;1;7;0;2;2;9;1;
202300030208;155626974;B01;1;50;0;2;2;1;3;
202300030209;155626970;A01;1;50;0;2;7;15;3;
202300030209;155626972;B01;2;7;0;2;2;1;1;
202300030210;155626969;B01;2;7;0;2;2;1;1;
202300030210;155626971;A01;3;7;0;2;3;15;1;
202300030211;155626966;A01;2;7;0;2;9;21;1;
202300030211;155626967;B01;2;37;0;2;3;1;1;1.0
202300030211;155626968;C01;2;7;0;2;5;23;1;
202300030212;155626963;A01;0;7;12;0;3;1;1;
202300030213;155626964;A01;3;7;0;1;1;15;1;
202300030214;155626962;B01;1;7;0;2;2;15;1;
202300030214;155626965;A01;1;50;0;2;6;1;3;
202300030215;155626960;B01;0;7;0;2;1;1;0;
202300030215;155626961;A01;0;7;0;2;4;1;1;
202300030216;155626958;A01;3;10;0;1;4;20;6;
202300030217;155626959;A01;1;7;0;1;3;0;1;
202300030218;155626957;A01;1;10;1;0;6;21;0;
202300030219;155626951;A01;1;7;0;2;0;0;0;
202300030219;155626954;B01;1;30;0;2;5;2;0;
202300030220;155626953;A01;2;7;0;9;2;1;1;
202300030220;155626955;B01;2;1;0;2;8;1;5;
202300030221;155626952;A01;3;30;0;2;1;15;1;
202300030221;155626956;B01;1;30;0;2;1;1;1;
202300030222;155626947;B01;3;50;0;2;1;1;3;
202300030222;155626950;A01;1;7;0;2;3;2;2;
202300030223;155626946;A01;1;50;0;4;3;15;3;
202300030223;155626949;B01;1;40;0;2;3;15;3;
202300030224;155626944;B01;2;7;0;2;1;2;2;
202300030224;155626945;C01;2;7;0;2;4;2;1;
202300030224;155626948;A01;2;7;0;2;1;2;1;
202300030225;155626942;B01;1;7;0;2;3;15;1;
202300030225;155626943;A01;1;2;0;2;1;17;1;
202300030226;155626938;A01;1;7;8;0;1;1;1;
202300030227;155626939;A01;1;30;0;2;8;9;1;
202300030227;155626941;B01;1;7;0;2;1;1;1;
202300030228;155626937;A01;2;7;0;2;3;10;1;
202300030228;155626940;B01;2;34;0;2;3;2;1;
202300030229;155626936;A01;2;43;0;0;0;1;1;
202300030230;155626931;B01;1;33;0;2;1;15;0;
202300030230;155626932;A01;2;7;0;2;3;9;0;
202300030231;155626930;C01;2;7;0;2;1;23;1;
202300030231;155626934;B01;1;7;0;2;6;1;1;
202300030231;155626935;A01;1;7;0;2;1;12;1;
202300030232;155626927;B01;2;10;0;2;0;15;1;
202300030232;155626929;A01;1;32;0;2;1;1;1;
202300030233;155626924;A01;3;3;0;2;1;1;1;
202300030233;155626928;B01;3;7;0;2;8;15;1;
202300030234;155626925;A01;1;7;0;2;1;15;1;
202300030234;155626926;B01;2;33;0;2;1;1;1;
202300030235;155626917;A01;2;2;0;2;3;26;1;
202300030235;155626919;B01;1;7;0;2;2;1;1;
202300030236;155626914;D01;1;7;0;2;3;2;1;
202300030236;155626916;C01;1;7;0;2;4;23;1;
202300030236;155626920;A01;1;7;0;2;1;2;1;
202300030236;155626921;B01;1;7;0;0;6;23;1;
202300030236;155626922;E01;1;7;0;2;7;21;1;
202300030236;155626923;F01;1;15;0;2;8;1;1;
202300030237;155626915;B01;1;7;0;2;1;1;1;
202300030237;155626918;A01;2;7;0;2;7;19;1;
202300030238;155626909;A01;1;7;0;2;1;13;1;
202300030238;155626912;B01;2;7;0;2;1;1;1;
202300030239;155626911;A01;2;7;13;0;0;2;1;
202300030240;155626908;A01;1;10;0;2;1;2;1;
202300030240;155626910;B01;1;7;0;2;4;2;1;
202300030240;155626913;C01;1;7;0;2;4;2;1;
202300030241;155626906;A01;2;7;0;2;3;1;0;
202300030241;155626907;B01;1;7;0;2;8;1;0;
202300030242;155626904;A01;1;7;0;1;7;15;0;
202300030243;155626903;A01;2;7;0;2;1;0;1;
202300030243;155626905;B01;2;7;0;2;4;0;1;
202300030244;155626902;A01;2;7;2;0;2;1;1;
202300030245;155626897;A01;2;33;0;0;1;17;1;
202300030245;155626900;B01;1;7;0;0;1;16;1;
202300030246;155626899;A01;3;7;2;0;4;1;1;
202300030247;155626898;B01;1;1;0;2;1;1;5;
202300030247;155626901;A01;1;7;0;2;5;20;1;
202300030248;155626892;A01;3;7;0;2;3;1;1;
202300030248;155626895;B01;3;10;0;2;3;1;1;
202300030249;155626890;C01;1;7;0;2;1;1;1;
202300030249;155626893;B01;1;7;0;2;1;1;1;
202300030249;155626896;A01;2;7;8;0;2;1;1;
202300030250;155626891;B01;1;7;0;2;7;26;1;
202300030250;155626894;A01;1;33;0;2;1;1;1;
202300030251;155626889;A01;2;2;0;0;2;21;1;
202300030252;155626886;B01;1;7;0;2;8;15;-1;
202300030252;155626888;A01;1;33;0;2;2;17;1;
202300030253;155626887;A01;2;7;0;1;1;1;1;
202300030254;155626883;A01;2;50;14;0;8;1;3;
202300030255;155626881;B01;1;7;0;2;2;1;1;
202300030255;155626885;A01;2;7;8;2;8;1;1;
202300030256;155626880;B01;1;7;0;0;0;26;0;
202300030256;155626882;A01;1;7;0;0;8;23;3;
202300030256;155626884;C01;1;7;1;0;0;1;0;
202300030257;155626878;A01;1;7;0;1;1;1;0;
202300030258;155626877;A01;0;7;0;1;1;15;1;
202300030259;155626876;A01;2;7;0;2;8;15;1;
202300030259;155626879;B01;2;30;0;2;1;1;1;
202300030260;155626873;A01;2;7;0;2;3;13;1;
202300030260;155626875;B01;1;7;0;2;8;1;1;
202300030261;155626872;A01;2;7;0;1;1;23;1;
202300030261;155626874;B01;2;7;0;2;1;2;1;
202300030262;155626869;A01;1;7;13;0;2;1;1;
202300030263;155626870;B01;1;7;0;2;1;1;1;
202300030263;155626871;A01;1;7;0;2;6;9;1;
202300030264;155626868;A01;1;7;0;1;1;1;1;
202300030265;155626865;A01;2;1;0;2;4;2;5;
202300030265;155626867;B01;2;7;0;2;0;2;0;
202300030266;155626864;A01;2;7;0;9;3;9;1;
202300030266;155626866;B01;2;1;0;2;1;1;5;
202300030267;155626863;A01;1;7;2;9;1;12;1;
202300030268;155626858;C01;1;7;0;0;3;23;1;
202300030268;155626860;A01;2;10;0;2;2;2;1;
202300030268;155626862;B01;1;10;0;2;1;1;1;
202300030269;155626857;A01;2;7;0;1;2;26;1;
202300030270;155626859;A01;1;7;11;2;1;6;1;
202300030270;155626861;B01;2;7;0;2;1;1;1;
202300030271;155626854;A01;3;7;0;1;1;15;3;
202300030272;155626856;A01;2;7;9;1;3;25;1;
202300030273;155626852;A01;3;7;0;2;4;1;1;
202300030273;155626853;C01;3;7;0;2;1;1;1;
202300030273;155626855;B01;3;7;0;2;4;1;1;
202300030274;155626849;A01;0;7;0;0;4;2;1;
202300030274;155626851;B01;0;7;0;2;0;0;1;
202300030275;155626846;A01;1;7;0;2;4;1;1;
202300030275;155626848;B01;1;7;0;2;1;1;1;
202300030276;155626844;A01;3;2;8;0;1;1;1;
202300030277;155626843;A01;2;7;6;0;1;1;1;
202300030278;155626842;A01;1;33;0;0;9;1;1;
202300030279;155626845;A01;1;7;0;1;1;1;1;
202300030280;155626840;A01;1;50;0;2;3;15;3;
202300030280;155626841;B01;1;7;0;9;2;1;2;
202300030281;155626836;A01;1;7;0;2;3;13;1;
202300030281;155626838;B01;2;7;0;2;3;1;1;
202300030282;155626837;A01;1;50;0;2;1;1;3;
202300030282;155626839;B01;1;7;0;2;0;16;0;
202300030283;155626835;A01;1;7;0;1;2;1;1;
202300030284;155626832;A01;1;7;0;9;3;1;1;
202300030284;155626834;B01;2;1;0;2;7;0;5;
202300030285;155626830;A01;2;7;6;0;1;14;1;
202300030286;155626831;B01;1;1;0;2;0;0;0;
202300030286;155626833;A01;1;7;0;2;7;1;1;
202300030287;155626829;A01;1;7;6;0;1;1;1;
202300030288;155626828;A01;2;7;15;0;1;0;0;
202300030289;155626826;B01;1;2;0;2;1;2;1;
202300030289;155626827;A01;1;7;1;2;3;10;0;
202300030290;155626824;B01;2;7;0;0;6;2;1;
202300030290;155626825;A01;2;7;0;2;2;2;3;
202300030291;155626820;B01;2;7;0;2;1;1;1;
202300030291;155626822;A01;1;33;0;2;1;13;1;
202300030292;155626817;A01;3;7;0;9;3;15;1;
202300030292;155626819;B01;3;1;0;2;1;5;5;
202300030293;155626816;A01;2;7;0;9;2;0;0;
202300030293;155626818;B01;2;1;0;2;3;1;5;
202300030294;155626814;A01;1;7;0;2;1;1;1;
202300030294;155626815;B01;1;7;0;2;4;1;1;
202300030295;155626813;A01;3;7;0;1;3;12;1;
202300030296;155626810;A01;2;7;2;0;1;14;1;
202300030297;155626808;A01;2;7;0;1;2;1;1;
202300030298;155626806;A01;2;7;0;0;7;1;0;
202300030299;155626807;A01;1;7;0;2;3;10;1;
202300030299;155626809;B01;1;7;0;2;2;1;1;
202300030300;155626803;B01;1;30;0;0;8;15;1;
202300030300;155626805;A01;1;7;0;2;2;17;0;
202300030301;155626804;A01;1;7;0;1;2;1;1;
202300030302;155626801;B01;2;7;0;2;1;1;1;
202300030302;155626802;A01;1;7;0;2;1;13;1;
202300030303;155626800;A01;2;7;2;0;2;0;1;
202300030304;155626797;A01;3;7;1;0;2;14;1;
202300030305;155626798;A01;1;7;0;2;3;9;1;
202300030305;155626799;B01;2;31;0;2;7;15;1;
202300030306;155626795;A01;1;7;0;2;2;15;1;
202300030306;155626796;B01;2;32;0;2;1;1;1;
202300030307;155626793;A01;3;7;15;0;1;1;1;
202300030308;155626791;A01;2;2;12;0;8;1;1;
202300030309;155626790;C01;1;7;0;2;3;1;0;
202300030309;155626792;B01;1;7;9;2;3;1;0;
202300030309;155626794;A01;2;10;0;2;3;1;1;
202300030310;155626788;A01;1;7;3;0;8;13;1;
202300030311;155626785;A01;1;7;0;2;1;1;0;
202300030311;155626787;B01;1;7;0;2;4;23;0;
202300030311;155626789;C01;1;7;0;0;4;23;0;
202300030312;155626784;A01;0;7;0;0;9;1;1;
202300030313;155626783;A01;2;7;0;9;3;1;1;
202300030313;155626786;B01;3;1;0;2;1;1;5;
202300030314;155626782;A01;3;7;1;0;2;14;1;
202300030315;155626780;A01;1;7;0;1;2;26;0;
202300030316;155626779;A01;1;7;0;2;2;0;1;
202300030316;155626781;B01;1;7;3;0;4;0;1;
202300030317;155626776;A01;1;7;0;2;1;17;1;
202300030317;155626778;B01;2;7;0;2;1;1;1;
202300030318;155626775;A01;1;50;0;1;1;19;3;
202300030319;155626774;A01;2;7;0;2;4;2;0;
202300030319;155626777;B01;2;7;0;2;1;2;0;
202300030320;155626772;A01;1;17;2;0;8;14;1;
202300030321;155626770;B01;1;7;0;2;1;9;1;
202300030321;155626773;A01;2;7;0;2;4;1;1;
202300030322;155626769;B01;2;10;0;0;8;23;1;
202300030322;155626771;A01;2;17;1;0;8;2;1;
202300030323;155626767;B01;2;7;0;2;8;15;1;
202300030323;155626768;A01;2;2;0;2;1;17;1;
202300030324;155626764;A01;1;33;0;2;1;1;1;
202300030324;155626765;B01;1;7;0;2;1;1;1;
202300030325;155626763;A01;0;7;0;2;7;16;1;
202300030325;155626766;B01;0;33;0;2;8;18;1;
202300030326;155626760;A01;2;37;0;0;6;1;1;1.0
202300030326;155626762;B01;2;2;0;0;2;1;1;
202300030327;155626757;B01;1;7;0;2;3;15;1;
202300030327;155626761;A01;1;43;0;2;2;17;1;
202300030328;155626758;A01;2;2;0;2;1;1;1;
202300030328;155626759;B01;2;7;0;2;4;23;-1;
202300030329;155626755;A01;1;7;0;2;5;15;1;
202300030329;155626756;B01;1;34;0;2;1;1;1;
202300030330;155626752;B01;1;1;0;2;7;16;5;
202300030330;155626754;A01;1;2;0;2;4;14;3;
202300030331;155626750;B01;2;50;0;2;8;19;3;
202300030331;155626753;A01;2;7;0;2;1;15;0;
202300030332;155626749;B01;1;2;0;2;8;1;1;
202300030332;155626751;A01;1;10;0;2;1;1;1;
202300030333;155626747;A01;3;7;2;0;8;13;1;
202300030334;155626746;B01;2;43;0;2;1;1;1;
202300030334;155626748;A01;2;7;0;2;4;9;1;
202300030335;155626744;B01;2;2;0;2;1;1;1;
202300030335;155626745;A01;1;7;0;2;2;15;1;
202300030336;155626742;A01;0;7;0;2;3;20;1;
202300030336;155626743;B01;0;2;0;2;2;1;1;
202300030337;155626741;A01;1;33;0;1;2;1;1;
202300030338;155626739;B01;3;60;0;2;1;19;5;
202300030338;155626740;A01;3;7;0;2;6;1;1;
202300030339;155626737;A01;1;7;0;2;2;2;1;
202300030339;155626738;B01;1;50;0;2;8;2;3;
202300030340;155626734;A01;2;7;0;2;3;22;1;
202300030340;155626736;B01;2;50;0;0;1;2;3;
202300030341;155626733;A01;1;7;0;2;1;5;1;
202300030341;155626735;B01;2;7;0;2;1;1;1;
202300030342;155626730;A01;1;7;0;2;1;1;1;
202300030342;155626732;B01;1;10;0;2;4;23;1;
202300030343;155626729;A01;2;7;12;0;1;1;1;
202300030344;155626728;A01;1;33;0;2;1;19;1;
202300030344;155626731;B01;2;34;0;2;8;1;3;
202300030345;155626727;A01;2;7;2;0;1;14;1;
202300030346;155626725;A01;1;10;0;1;1;15;1;
202300030347;155626724;A01;1;7;0;2;3;15;1;
202300030347;155626726;B01;2;2;0;2;1;1;1;
202300030348;155626723;A01;1;33;13;0;1;1;1;
202300030349;155626722;A01;1;7;1;0;1;1;1;
202300030350;155626721;A01;2;1;15;1;2;1;5;
202300030351;155626720;A01;3;21;2;0;3;1;1;
202300030352;155626717;A01;1;7;0;2;8;10;1;
202300030352;155626719;B01;1;30;0;2;2;17;1;
202300030353;155626716;B01;1;7;0;2;4;23;1;
202300030353;155626718;A01;1;7;0;2;1;2;1;
202300030354;155626715;A01;1;1;0;0;0;0;5;
202300030355;155626711;B01;2;7;0;2;1;19;0;
202300030355;155626713;A01;1;7;0;2;1;0;0;
202300030356;155626709;C01;3;7;0;2;4;1;1;
202300030356;155626712;A01;-1;7;0;2;1;1;1;
202300030356;155626714;B01;0;7;0;2;4;1;1;
202300030357;155626710;A01;3;7;0;1;7;23;1;
202300030358;155626708;A01;2;7;0;1;1;1;1;
202300030359;155626706;A01;1;7;3;0;2;0;1;
202300030360;155626705;A01;3;7;0;1;1;2;1;
202300030361;155626704;B01;1;7;0;-1;8;1;3;
202300030361;155626707;A01;1;1;0;2;1;1;5;
202300030362;155626703;A01;2;1;0;1;7;1;5;
202300030363;155626699;A01;2;7;0;2;1;1;0;
202300030363;155626702;B01;2;10;0;2;4;1;1;
202300030364;155626698;A01;2;7;0;2;1;1;1;
202300030364;155626701;B01;2;7;1;2;2;9;1;
202300030365;155626700;A01;2;7;3;0;1;1;1;
202300030366;155626697;A01;1;33;0;1;1;17;1;
202300030367;155626696;A01;1;2;0;0;0;1;1;
202300030368;155626695;A01;2;7;0;1;2;1;1;
202300030369;155626692;A01;2;7;0;1;1;9;1;
202300030370;155626693;A01;2;7;0;2;3;15;1;
202300030370;155626694;B01;1;33;0;2;3;1;1;
202300030371;155626691;A01;2;33;0;0;0;1;1;
202300030372;155626686;B01;1;1;0;2;7;9;5;
202300030372;155626688;A01;1;7;0;2;1;1;1;
202300030373;155626685;A01;3;7;0;2;4;2;1;
202300030373;155626689;B01;3;7;0;2;4;2;0;
202300030373;155626690;C01;3;7;0;2;4;0;1;
202300030374;155626684;B01;1;32;0;2;7;1;3;
202300030374;155626687;A01;2;7;0;2;3;10;0;
202300030375;155626683;A01;1;7;0;1;3;1;1;
202300030376;155626680;A01;0;7;0;2;3;1;1;
202300030376;155626682;B01;0;7;0;2;2;1;1;
202300030377;155626678;A01;2;10;0;0;4;0;1;
202300030377;155626681;B01;2;1;0;0;0;0;5;
202300030378;155626675;A01;3;7;3;2;1;1;1;
202300030378;155626677;B01;3;10;0;2;6;21;1;
202300030378;155626679;C01;3;7;3;2;6;21;1;
202300030379;155626674;B01;2;80;0;2;1;1;3;
202300030379;155626676;A01;1;7;0;2;3;1;3;
202300030380;155626672;VB01;1;33;0;2;1;2;1;
202300030380;155626673;A01;1;7;0;2;6;15;1;
202300030381;155626669;B01;2;7;2;2;6;1;1;
202300030381;155626670;A01;2;7;1;2;1;1;1;
202300030382;155626667;A01;1;7;0;2;3;1;1;
202300030382;155626671;B01;2;1;0;2;1;19;5;
202300030383;155626666;A01;0;33;1;2;8;12;1;
202300030383;155626668;B01;0;10;0;2;2;12;1;
202300030384;155626664;A01;1;7;0;2;5;15;1;
202300030384;155626665;B01;2;33;0;2;2;1;1;
202300030385;155626661;A01;2;7;0;2;1;1;1;
202300030385;155626663;B01;2;7;0;1;1;26;1;
202300030386;155626660;A01;0;7;0;2;1;13;1;
202300030386;155626662;B01;0;7;0;2;1;2;1;
202300030387;155626658;A01;1;7;0;2;8;15;1;
202300030387;155626659;B01;1;37;0;2;2;1;1;2.0
202300030388;155626655;A01;1;13;1;0;5;1;1;
202300030388;155626657;B01;1;13;0;2;5;24;1;
202300030389;155626654;A01;3;2;0;2;1;1;1;
202300030389;155626656;B01;3;7;0;2;4;23;1;
202300030390;155626652;A01;1;32;12;0;1;1;1;
202300030391;155626651;A01;3;7;0;2;1;2;1;
202300030391;155626653;B01;3;7;0;0;4;2;1;
202300030392;155626648;B01;3;7;0;2;8;1;1;
202300030392;155626650;A01;3;32;0;2;1;15;1;
202300030393;155626647;B01;1;7;0;2;1;1;1;
202300030393;155626649;A01;2;7;0;2;6;1;1;
202300030394;155626644;A01;2;32;0;2;1;18;1;
202300030394;155626646;B01;1;10;0;2;7;19;1;
202300030395;155626643;A01;1;7;0;2;1;9;1;
202300030395;155626645;B01;2;32;0;2;1;3;1;
202300030396;155626638;B01;3;50;0;2;7;1;3;
202300030396;155626640;A01;2;7;0;9;1;9;1;