Num_Acc;id_vehicule;num_veh;senc;catv;obs;obsm;choc;manv;motor;occutc
202300030397;155626634;E01;1;7;0;2;4;2;1;
202300030397;155626635;C01;2;7;0;2;4;2;1;
202300030397;155626637;D01;2;7;0;2;4;2;1;
202300030397;155626639;F01;2;7;0;2;4;2;1;
202300030397;155626641;A01;2;7;0;2;1;2;1;
202300030397;155626642;B01;1;7;0;2;4;0;1;
202300030398;155626632;B01;1;33;0;2;2;2;1;
202300030398;155626636;A01;1;1;0;2;1;15;5;
202300030399;155626631;A01;3;10;0;2;1;1;1;
202300030399;155626633;B01;3;1;0;2;4;19;5;
202300030400;155626630;A01;3;7;0;1;1;2;1;
202300030401;155626629;A01;1;7;0;1;1;2;1;
202300030402;155626627;A01;1;7;2;0;1;1;1;
202300030403;155626626;A01;2;7;0;1;2;1;1;
202300030404;155626623;A01;2;7;14;0;1;1;1;
202300030404;155626624;B01;2;1;0;2;4;23;5;
202300030405;155626625;A01;2;33;0;2;5;1;0;
202300030405;155626628;B01;2;7;0;2;5;1;0;
202300030406;155626619;C01;1;7;0;2;4;1;1;
202300030406;155626621;A01;1;7;0;2;1;1;1;
202300030406;155626622;B01;1;7;0;2;1;1;1;
202300030407;155626618;A01;2;7;0;2;2;15;1;
202300030407;155626620;B01;1;7;0;2;1;1;1;
202300030408;155626615;A01;1;7;0;1;5;21;1;
202300030409;155626617;A01;0;33;0;0;7;25;0;
202300030410;155626614;A01;3;7;0;2;2;15;1;
202300030410;155626616;B01;3;7;0;2;1;1;1;
202300030411;155626613;A01;2;99;0;1;0;26;0;
202300030412;155626610;A01;0;7;0;9;1;10;1;
202300030412;155626612;B01;0;50;0;2;1;1;3;
202300030413;155626608;B01;3;7;0;2;4;0;1;
202300030413;155626611;Z01;3;7;0;2;1;0;1;
202300030414;155626607;B01;3;7;0;2;0;0;1;
202300030414;155626609;A01;3;7;0;2;0;0;1;
202300030415;155626604;A01;1;50;0;2;4;2;3;
202300030415;155626606;Z01;1;7;0;9;1;1;0;
202300030416;155626605;A01;1;2;1;0;7;1;1;
202300030417;155626600;A01;1;7;0;2;1;5;1;
202300030417;155626602;B01;2;7;0;2;1;1;3;
202300030418;155626599;B01;1;7;0;2;1;1;1;
202300030418;155626601;A01;1;7;0;2;4;1;1;
202300030419;155626597;A01;1;7;0;2;2;16;1;
202300030419;155626598;B01;1;33;0;2;1;3;1;
202300030420;155626593;A01;2;7;2;0;1;14;1;
202300030421;155626594;A01;2;33;0;2;7;9;1;
202300030421;155626596;B01;2;7;0;2;1;13;1;
202300030422;155626595;B01;2;7;0;0;0;26;1;
202300030422;155626603;A01;1;32;0;2;2;21;1;
202300030423;155626590;B01;1;7;0;2;4;2;1;
202300030423;155626592;A01;1;2;14;0;1;1;1;
202300030424;155626588;B01;2;7;0;2;7;23;1;
202300030424;155626591;A01;1;60;0;2;1;19;5;
202300030425;155626589;B01;1;7;0;1;1;1;1;
202300030426;155626587;A01;1;7;0;2;1;21;1;
202300030427;155626586;A01;3;30;0;1;1;1;1;
202300030428;155626585;A01;0;7;0;0;0;1;1;
202300030429;155626584;A01;1;14;0;1;0;26;1;
202300030430;155626581;B01;1;33;0;2;4;2;1;
202300030430;155626583;A01;1;7;0;2;3;2;1;
202300030431;155626580;B01;3;1;0;2;7;1;5;
202300030431;155626582;A01;3;10;0;2;1;9;1;
202300030432;155626577;A01;0;7;0;2;1;16;1;
202300030432;155626578;B01;1;1;0;2;8;1;5;
202300030433;155626579;A01;1;7;0;0;9;0;1;
202300030434;155626574;B01;0;7;0;2;2;1;1;
202300030434;155626576;A01;1;7;0;2;1;1;1;
202300030435;155626572;A01;2;7;3;2;7;1;1;
202300030435;155626575;B01;2;7;2;0;3;14;1;
202300030436;155626571;A01;1;37;0;1;3;1;0;1.0
202300030437;155626570;A01;3;7;0;2;1;1;1;
202300030437;155626573;B01;3;7;0;2;1;1;2;
202300030438;155626568;A01;2;7;0;2;8;9;1;
202300030438;155626569;B01;2;50;0;2;1;1;3;
202300030439;155626562;A01;1;32;0;2;7;17;1;
202300030439;155626565;B01;1;7;0;2;8;11;1;
202300030439;155626567;C01;2;7;0;2;3;1;1;
202300030440;155626563;B01;2;7;0;2;2;1;1;
202300030440;155626566;A01;1;1;0;2;0;5;5;
202300030441;155626561;B01;0;50;0;2;8;0;3;
202300030441;155626564;A01;0;7;0;2;1;2;0;
202300030442;155626560;A01;1;7;3;0;3;14;1;
202300030443;155626559;A01;3;7;0;1;1;1;1;
202300030444;155626558;A01;1;7;4;0;3;1;1;
202300030445;155626553;A01;1;7;0;2;1;26;1;
202300030445;155626556;C01;1;1;0;2;4;26;5;
202300030446;155626552;A01;3;7;0;2;4;15;1;
202300030446;155626555;B01;3;7;0;2;1;2;1;
202300030447;155626554;A01;1;7;1;2;9;9;1;
202300030447;155626557;B01;1;17;0;0;6;24;1;
202300030448;155626548;A01;1;7;0;2;1;1;1;
202300030448;155626550;B01;1;7;0;2;4;1;0;
202300030449;155626549;A01;1;10;0;2;1;1;1;
202300030449;155626551;B01;2;7;0;2;1;1;1;
202300030450;155626543;B01;3;7;0;2;1;23;1;
202300030450;155626546;A01;3;50;0;2;1;0;3;
202300030451;155626542;A01;1;7;0;2;1;1;1;
202300030451;155626544;B01;1;1;0;2;4;1;5;
202300030452;155626545;A01;0;7;0;0;0;0;1;
202300030452;155626547;B01;0;1;0;0;0;0;5;
202300030453;155626539;A01;1;7;0;2;1;2;1;
202300030453;155626541;B01;1;7;0;2;4;2;1;
202300030454;155626538;A01;2;7;0;2;1;15;1;
202300030454;155626540;B01;2;1;0;2;1;1;5;
202300030455;155626532;A01;3;31;0;2;1;1;1;
202300030455;155626533;B01;3;7;0;2;4;1;1;
202300030456;155626530;B01;3;7;0;2;6;0;1;
202300030456;155626531;A01;3;7;0;2;1;1;1;
202300030457;155626529;A01;1;7;13;0;1;13;1;
202300030458;155626527;A01;2;7;0;1;1;1;1;
202300030459;155626526;A01;1;7;0;2;2;15;1;
202300030459;155626528;B01;1;7;0;2;1;1;1;
202300030460;155626524;A01;1;7;0;2;7;26;1;
202300030460;155626525;B01;2;7;0;2;1;1;1;
202300030461;155626521;A01;1;7;0;1;1;1;1;
202300030462;155626522;A01;3;7;14;2;1;1;1;
202300030462;155626523;B01;3;7;0;2;1;1;1;
202300030463;155626519;A01;1;7;0;2;1;15;1;
202300030463;155626520;B01;1;1;0;2;1;1;5;
202300030464;155626518;A01;1;3;0;1;1;19;1;
202300030465;155626516;B01;1;13;0;2;0;0;1;
202300030465;155626517;A01;1;7;0;2;2;9;1;
202300030466;155626515;A01;2;7;0;1;3;1;1;
202300030467;155626512;A01;2;33;0;2;1;1;1;
202300030467;155626513;B01;2;15;0;2;4;23;1;
202300030468;155626511;A01;2;32;0;2;1;1;3;
202300030468;155626514;B01;2;7;0;2;4;13;1;
202300030469;155626508;B01;1;33;0;2;7;3;1;
202300030469;155626510;A01;1;7;0;2;3;11;1;
202300030470;155626507;B01;1;50;0;2;7;1;3;
202300030470;155626509;A01;2;43;0;2;1;1;1;
202300030471;155626505;A01;2;7;0;2;0;12;1;
202300030471;155626506;B01;2;33;0;2;1;3;1;
202300030472;155626503;A01;1;7;3;0;1;14;1;
202300030473;155626502;A01;1;7;0;2;2;1;1;
202300030473;155626504;B01;1;7;0;2;6;24;1;
202300030474;155626500;A01;2;33;0;2;7;3;1;
202300030474;155626501;B01;2;7;0;2;5;1;3;
202300030475;155626499;A01;1;7;8;0;1;1;1;
202300030476;155626496;A01;1;7;0;2;7;12;0;
202300030476;155626498;B01;2;33;0;2;3;18;0;
202300030477;155626495;A01;3;7;2;0;1;11;1;
202300030478;155626494;A01;2;7;0;2;1;1;1;
202300030478;155626497;B01;2;30;0;2;4;2;1;
202300030479;155626490;A01;1;33;0;2;3;21;0;
202300030479;155626492;B01;1;10;0;2;4;1;1;
202300030479;155626493;C01;1;7;0;2;4;1;1;
202300030480;155626488;B01;1;1;0;2;7;19;5;
202300030480;155626491;A01;0;7;0;2;1;1;1;
202300030481;155626485;A01;1;7;0;2;3;15;1;
202300030481;155626486;B01;1;33;0;2;7;3;1;
202300030482;155626487;A01;2;33;0;2;1;3;1;
202300030482;155626489;B01;2;31;0;2;4;3;1;
202300030483;155626483;B01;1;1;0;2;1;1;5;
202300030483;155626484;A01;1;3;0;2;3;15;1;
202300030484;155626481;A01;2;7;0;2;7;12;1;
202300030484;155626482;B01;2;33;0;2;8;1;1;
202300030485;155626479;A01;2;7;0;1;4;4;1;
202300030486;155626478;A01;1;7;4;0;1;26;1;
202300030487;155626476;A01;3;30;1;0;2;14;1;
202300030488;155626474;A01;2;33;0;2;1;3;1;
202300030488;155626477;B01;2;7;0;2;5;1;1;
202300030489;155626475;Z01;2;7;0;2;2;1;2;
202300030489;155626480;A01;2;7;0;2;3;16;2;
202300030490;155626473;A01;2;7;3;0;1;14;1;
202300030491;155626470;A01;1;7;15;0;1;1;1;
202300030492;155626469;A01;1;7;0;2;7;22;1;
202300030492;155626472;B01;1;1;0;2;8;1;5;
202300030493;155626468;A01;2;33;0;2;1;3;1;
202300030493;155626471;B01;2;7;0;2;4;13;1;
202300030494;155626467;A01;1;7;1;0;1;0;1;
202300030495;155626465;A01;1;10;0;2;3;13;1;
202300030495;155626466;B01;1;7;0;2;5;1;1;
202300030496;155626464;A01;1;1;0;1;1;1;5;
202300030497;155626461;A01;2;7;9;0;1;1;1;
202300030498;155626462;A01;0;7;0;0;2;1;1;
202300030498;155626463;B01;0;7;0;0;2;15;1;
202300030499;155626459;A01;3;7;0;1;1;1;1;
202300030500;155626458;A01;1;7;0;1;2;1;1;
202300030501;155626457;B01;3;7;0;2;3;1;1;
202300030501;155626460;A01;-1;32;0;2;2;1;3;
202300030502;155626454;B01;0;2;0;2;1;1;0;
202300030502;155626455;A01;3;7;0;2;2;15;0;
202300030503;155626453;A01;3;7;0;2;3;20;0;
202300030503;155626456;B01;3;3;0;2;0;0;0;
202300030504;155626451;A01;1;10;13;0;2;14;1;
202300030505;155626450;B01;1;33;0;2;4;16;1;
202300030505;155626452;A01;1;7;0;2;2;16;2;
202300030506;155626446;A01;2;7;0;2;1;2;1;
202300030506;155626448;B01;1;7;0;2;3;2;1;
202300030506;155626449;C01;2;7;0;2;4;0;1;
202300030507;155626445;A01;3;7;2;0;1;0;0;
202300030508;155626443;A01;3;1;0;0;0;0;5;
202300030509;155626442;A01;2;33;16;0;1;1;1;
202300030510;155626440;A01;1;10;0;1;4;26;1;
202300030511;155626444;B01;2;80;0;2;1;1;3;
202300030511;155626447;A01;2;7;0;2;4;1;1;
202300030512;155626437;C01;2;7;0;2;1;1;1;
202300030512;155626439;B01;1;7;1;2;4;1;1;
202300030512;155626441;A01;1;7;14;2;1;1;3;
202300030513;155626438;A01;1;31;13;0;7;13;1;
202300030514;155626434;A01;1;43;0;2;1;17;1;
202300030514;155626436;B01;2;7;0;2;3;15;2;
202300030515;155626432;B01;2;10;0;2;4;1;1;
202300030515;155626435;A01;2;7;0;2;1;26;1;
202300030516;155626431;A01;2;7;0;2;6;20;1;
202300030516;155626433;B01;1;7;0;2;0;0;0;
202300030517;155626428;B01;2;1;1;0;2;13;5;
202300030517;155626430;Z01;2;10;0;2;0;24;0;
202300030518;155626426;A01;1;7;0;2;2;18;1;
202300030518;155626427;B01;1;2;0;2;1;1;1;
202300030519;155626425;A01;3;7;0;2;3;11;0;
202300030519;155626429;B01;3;32;0;2;2;1;1;
202300030520;155626424;A01;3;80;14;0;9;1;3;
202300030521;155626422;A01;1;10;0;2;2;13;1;
202300030521;155626423;B01;1;30;0;2;3;1;1;
202300030522;155626417;A01;2;7;0;2;2;15;1;
202300030522;155626420;B01;1;7;0;2;3;1;1;
202300030523;155626418;A01;3;33;0;2;1;1;1;
202300030523;155626421;B01;3;10;0;2;8;15;1;
202300030524;155626416;A01;2;7;0;2;2;15;1;
202300030524;155626419;B01;1;50;0;2;1;1;3;
202300030525;155626412;A01;1;7;0;2;2;16;1;
202300030525;155626415;B01;2;1;0;2;2;1;5;
202300030526;155626411;A01;2;14;0;2;2;12;1;
202300030526;155626414;B01;2;7;0;2;6;2;1;
202300030527;155626410;B01;2;2;0;2;1;1;1;
202300030527;155626413;A01;1;7;0;2;1;15;1;
202300030528;155626409;A01;1;33;0;0;7;12;1;
202300030529;155626407;A01;2;32;0;2;3;1;1;
202300030529;155626408;B01;1;7;0;2;7;15;1;
202300030530;155626404;A01;2;7;0;2;3;2;1;
202300030530;155626406;B01;2;7;0;2;5;23;2;
202300030531;155626405;A01;3;7;0;1;2;1;1;
202300030532;155626402;A01;2;7;0;2;5;16;1;
202300030532;155626403;B01;2;50;0;2;1;18;3;
202300030533;155626401;A01;3;7;0;1;2;1;2;
202300030534;155626399;A01;1;7;0;2;3;13;1;
202300030534;155626400;B01;2;32;0;2;7;3;1;
202300030535;155626396;B01;1;33;0;2;3;1;1;
202300030535;155626398;A01;1;7;0;2;2;10;1;
202300030536;155626397;A01;1;34;1;1;1;1;1;
202300030537;155626393;A01;1;30;0;2;5;1;1;
202300030537;155626395;B01;1;30;0;2;3;15;0;
202300030538;155626392;B01;1;32;0;2;1;1;1;
202300030538;155626394;A01;1;7;0;2;1;9;1;
202300030539;155626390;A01;1;14;0;2;1;2;1;
202300030539;155626391;B01;1;7;0;2;4;2;1;
202300030540;155626389;A01;1;37;0;1;2;1;2;1.0
202300030541;155626387;A01;3;7;0;2;8;15;0;
202300030541;155626388;B01;3;32;0;2;1;1;1;
202300030542;155626385;A01;3;7;0;0;0;1;1;
202300030542;155626386;B01;3;33;8;0;4;16;1;
202300030543;155626384;A01;2;1;0;0;0;1;5;
202300030544;155626383;A01;3;7;0;1;1;15;1;
202300030545;155626379;B01;2;7;0;2;0;0;1;
202300030545;155626381;A01;2;33;0;2;1;2;1;
202300030545;155626382;C01;2;7;0;2;0;0;3;
202300030546;155626377;B01;0;7;0;2;3;1;1;
202300030546;155626380;A01;2;7;0;2;1;9;1;
202300030547;155626378;Z01;3;7;0;1;0;1;0;
202300030548;155626374;A01;1;7;0;1;1;1;0;
202300030549;155626373;A01;1;7;0;1;1;1;1;
202300030550;155626371;A01;1;7;0;2;3;10;1;
202300030550;155626372;B01;1;33;14;2;1;17;1;
202300030551;155626368;A01;3;33;0;2;1;1;0;
202300030551;155626370;B01;3;7;0;2;7;9;0;
202300030552;155626365;A01;1;7;0;2;4;2;1;
202300030552;155626366;B01;1;7;0;2;1;2;1;
202300030553;155626367;B01;1;80;0;2;1;1;3;
202300030553;155626369;A01;2;80;0;2;1;1;3;
202300030554;155626363;B01;2;33;0;2;1;1;1;
202300030554;155626364;A01;2;10;8;2;8;9;1;
202300030555;155626362;A01;2;7;0;1;1;1;1;
202300030556;155626361;A01;1;7;1;0;2;14;1;
202300030557;155626360;A01;1;7;6;0;1;26;1;
202300030558;155626356;A01;1;50;0;2;1;0;3;
202300030559;155626357;A01;2;7;0;2;1;9;1;
202300030559;155626359;B01;2;7;0;2;3;1;1;
202300030560;155626355;A01;2;7;0;2;3;22;1;
202300030560;155626358;B01;2;1;0;2;1;1;5;
202300030561;155626353;A01;1;7;0;2;8;22;2;
202300030561;155626354;B01;1;32;0;2;1;18;1;
202300030562;155626351;A01;1;7;0;1;1;16;1;
202300030563;155626348;A01;3;7;0;2;1;9;1;
202300030563;155626349;B01;3;33;0;2;1;1;0;
202300030564;155626347;A01;2;31;8;0;1;14;1;
202300030565;155626350;B01;2;33;0;2;7;17;1;
202300030565;155626352;A01;2;7;0;2;3;15;1;
202300030566;155626345;A01;3;7;0;2;2;25;1;
202300030566;155626346;B01;3;80;0;2;1;1;3;
202300030567;155626344;A01;3;2;6;0;7;1;1;
202300030568;155626341;A01;2;30;0;0;8;15;1;
202300030569;155626342;A01;1;33;0;2;2;17;1;
202300030569;155626343;B01;1;10;0;2;3;15;1;
202300030570;155626338;A01;3;1;0;2;1;15;5;
202300030570;155626340;B01;3;7;0;2;2;17;1;
202300030571;155626336;A01;1;33;0;2;1;2;1;
202300030571;155626337;B01;1;7;0;2;6;2;1;
202300030571;155626339;C01;1;7;0;0;6;24;1;
202300030572;155626335;A01;2;34;14;0;0;16;1;
202300030573;155626334;A01;0;1;0;1;1;1;5;
202300030574;155626333;A01;1;7;0;1;2;1;1;
202300030575;155626331;A01;1;7;0;2;3;13;1;
202300030575;155626332;B01;2;2;0;2;1;1;1;
202300030576;155626330;A01;2;7;3;0;8;0;1;
202300030577;155626328;B01;2;7;0;2;3;15;1;
202300030577;155626329;A01;2;30;0;2;7;17;1;
202300030578;155626327;A01;3;2;2;0;1;13;1;
202300030579;155626326;A01;1;7;0;1;3;1;1;
202300030580;155626322;A01;2;7;0;2;2;12;0;
202300030580;155626325;B01;2;31;0;2;3;1;1;
202300030581;155626324;A01;1;33;0;1;1;1;1;
202300030582;155626321;A01;2;31;0;2;7;17;1;
202300030582;155626323;B01;2;10;0;2;2;15;1;
202300030583;155626319;A01;2;7;0;1;2;1;0;
202300030584;155626318;A01;3;7;0;1;1;15;3;
202300030585;155626315;A01;3;10;0;0;9;1;1;
202300030586;155626311;A01;1;7;0;1;2;1;1;
202300030587;155626312;A01;1;43;0;2;1;1;1;
202300030587;155626314;B01;1;7;0;0;5;1;3;
202300030588;155626308;A01;1;31;0;0;0;13;0;
202300030589;155626307;B01;1;7;0;2;3;1;1;
202300030589;155626309;A01;2;7;0;2;3;13;1;
202300030590;155626306;A01;3;7;0;1;2;1;1;
202300030591;155626302;A01;1;7;0;2;1;26;1;
202300030591;155626304;B01;1;7;0;2;4;23;1;
202300030592;155626301;A01;0;7;0;2;1;1;1;
202300030592;155626303;B01;0;33;0;2;1;1;1;
202300030593;155626300;A01;1;7;0;2;3;1;1;
202300030593;155626305;B01;2;1;0;2;1;5;5;
202300030594;155626297;A01;1;33;12;0;1;1;1;
202300030595;155626298;A01;3;7;0;1;1;1;1;
202300030596;155626296;B01;2;7;0;2;5;1;1;
202300030596;155626299;A01;2;33;0;2;3;3;1;
202300030597;155626292;A01;2;7;0;2;8;24;1;
202300030597;155626295;B01;2;80;1;0;0;0;3;
202300030598;155626289;A01;1;7;1;0;2;14;1;
202300030599;155626288;A01;1;7;0;2;3;5;1;
202300030599;155626291;B01;2;7;0;2;1;1;1;
202300030600;155626287;A01;3;7;0;2;2;26;1;
202300030600;155626290;B01;3;30;0;2;1;1;1;
202300030601;155626286;A01;1;7;2;0;1;1;1;
202300030602;155626285;A01;1;33;0;0;7;1;1;
202300030603;155626284;A01;2;33;0;0;1;1;1;
202300030604;155626282;B01;3;7;0;2;8;15;0;
202300030604;155626283;A01;0;43;0;2;2;3;1;
202300030605;155626278;A01;1;2;0;2;1;9;1;
202300030605;155626280;B01;2;7;0;2;3;13;1;
202300030606;155626279;A01;1;30;0;2;1;26;1;
202300030606;155626281;B01;1;7;0;2;3;0;1;
202300030607;155626276;A01;1;7;2;0;1;13;1;
202300030608;155626275;A01;3;32;0;2;1;17;1;
202300030608;155626277;B01;3;7;0;2;3;15;2;
202300030609;155626273;A01;2;33;0;2;1;1;1;
202300030609;155626274;B01;1;7;0;2;1;15;1;
202300030610;155626270;B01;1;33;0;2;7;17;1;
202300030610;155626272;A01;1;7;0;2;8;15;2;
202300030611;155626268;A01;2;7;2;0;1;1;1;
202300030612;155626267;A01;1;7;0;2;1;1;2;
202300030612;155626269;B01;1;7;0;2;5;2;1;
202300030613;155626266;A01;1;10;0;2;2;1;0;
202300030613;155626271;B01;1;10;0;2;1;1;1;
202300030614;155626265;A01;2;50;0;0;9;1;3;
202300030615;155626262;A01;1;2;0;2;1;18;1;
202300030615;155626264;B01;1;7;0;2;7;16;1;
202300030616;155626261;A01;2;7;1;0;3;13;1;
202300030616;155626263;B01;1;1;0;0;7;17;5;
202300030617;155626258;A01;1;7;0;2;1;2;1;
202300030617;155626260;B01;1;7;0;2;5;2;1;
202300030618;155626257;B01;2;1;0;2;4;1;5;
202300030618;155626259;A01;2;7;0;2;4;9;1;
202300030619;155626256;A01;1;3;0;1;1;1;0;
202300030620;155626255;A01;2;7;8;0;8;1;1;
202300030621;155626253;A01;1;7;0;2;3;13;1;
202300030621;155626254;B01;2;32;0;2;8;1;1;
202300030622;155626250;A01;2;7;0;0;3;15;1;
202300030622;155626252;B01;2;2;0;2;1;17;1;
202300030623;155626251;A01;3;7;0;1;2;1;6;
202300030624;155626249;A01;1;10;0;0;0;1;1;
202300030625;155626248;A01;2;7;13;0;8;1;1;
202300030626;155626247;A01;1;33;0;0;1;13;1;
202300030627;155626246;A01;1;7;0;1;1;16;1;
202300030628;155626244;A01;2;7;0;2;3;1;1;
202300030628;155626245;B01;3;1;0;2;9;10;5;
202300030629;155626241;A01;2;7;2;0;1;13;1;
202300030630;155626239;A01;3;7;0;2;1;1;1;
202300030630;155626243;B01;3;99;0;2;4;23;1;
202300030631;155626240;A01;0;7;0;2;3;15;0;
202300030631;155626242;B01;0;31;1;2;2;12;1;
202300030632;155626235;A01;1;7;0;0;1;13;0;
202300030632;155626238;B01;2;7;0;2;1;1;0;
202300030633;155626233;A01;1;7;1;0;7;1;1;
202300030633;155626237;B01;1;7;15;0;8;24;2;
202300030634;155626234;A01;2;38;0;2;7;1;1;1.0
202300030634;155626236;B01;2;1;0;2;8;1;5;
202300030635;155626230;A01;2;99;0;1;1;0;3;
202300030636;155626229;B01;1;33;0;2;1;1;1;
202300030636;155626231;A01;2;7;0;2;2;5;1;
202300030637;155626226;A01;1;7;0;2;1;26;1;
202300030637;155626228;B01;2;50;0;2;0;26;3;
202300030638;155626225;A01;2;7;0;2;1;9;1;
202300030638;155626227;B01;2;1;0;2;7;1;5;
202300030639;155626222;A01;1;50;0;2;1;1;3;
202300030639;155626224;B01;1;10;0;2;2;1;1;
202300030640;155626220;A01;2;7;0;2;3;13;1;
202300030640;155626221;B01;1;7;0;2;3;1;1;
202300030641;155626218;A01;2;33;0;2;1;2;1;
202300030641;155626219;B01;2;7;0;2;4;2;0;
202300030642;155626216;A01;3;2;0;2;1;1;1;
202300030642;155626217;B01;3;10;0;2;5;15;1;
202300030643;155626215;A01;1;30;1;1;1;17;1;
202300030644;155626213;A01;3;7;0;0;3;15;0;
202300030644;155626214;B01;3;34;0;2;1;17;0;
202300030645;155626211;A01;2;7;1;0;2;14;1;
202300030646;155626210;A01;1;33;0;2;1;1;1;
202300030646;155626212;B01;2;7;0;2;3;1;1;
202300030647;155626207;A01;0;2;0;2;1;3;0;
202300030647;155626209;B01;0;7;0;2;1;1;0;
202300030648;155626208;A01;3;7;9;0;1;1;0;
202300030649;155626206;Z01;3;7;0;1;1;1;1;
202300030650;155626202;A01;2;7;0;0;4;1;1;
202300030650;155626205;B01;2;33;0;2;1;1;1;
202300030651;155626201;A01;1;7;8;2;3;26;1;
202300030651;155626204;B01;1;7;0;2;5;23;1;
202300030652;155626200;B01;1;7;0;2;2;1;1;
202300030652;155626203;A01;2;1;0;2;1;9;5;
202300030653;155626197;A01;1;3;0;2;7;9;0;
202300030653;155626199;B01;1;7;0;2;1;1;1;
202300030654;155626196;Z01;0;7;0;2;0;0;0;
202300030654;155626198;A01;1;32;0;2;0;1;3;
202300030655;155626194;A01;3;7;0;2;3;15;1;
202300030655;155626195;B01;2;33;0;2;1;17;1;
202300030656;155626193;A01;1;36;16;0;0;1;1;
202300030657;155626190;A01;3;7;0;2;4;2;1;
202300030657;155626192;B01;3;7;0;2;1;2;1;
202300030658;155626188;B01;3;3;0;2;4;9;1;
202300030658;155626191;A01;3;7;0;2;1;1;1;
202300030659;155626187;C01;1;38;0;2;3;1;1;3.0
202300030659;155626189;A01;2;7;0;2;3;1;1;
202300030660;155626186;A01;1;40;0;1;3;1;3;
202300030661;155626185;A01;0;7;0;1;2;1;0;
202300030662;155626183;A01;2;14;0;1;5;16;1;
202300030663;155626182;A01;2;33;0;2;8;1;1;
202300030663;155626184;B01;2;7;0;2;1;1;1;
202300030664;155626181;A01;3;30;6;0;7;15;1;
202300030665;155626179;A01;1;7;0;2;1;19;1;
202300030665;155626180;B01;2;2;0;2;8;1;1;
202300030666;155626178;A01;3;10;0;2;1;15;1;
202300030667;155626176;A01;0;7;0;2;1;2;1;
202300030667;155626177;B01;0;7;0;2;4;1;1;
202300030668;155626173;A01;2;7;0;2;1;15;0;
202300030668;155626174;B01;1;15;0;2;3;1;0;
202300030669;155626172;A01;2;30;0;0;1;17;3;
202300030670;155626171;A01;2;7;0;2;1;13;3;
202300030670;155626175;B01;1;7;0;2;1;1;1;
202300030671;155626169;A01;0;7;2;0;1;0;1;
202300030672;155626170;A01;3;50;0;0;0;1;3;
202300030673;155626165;A01;3;7;0;2;1;15;1;
202300030673;155626167;B01;3;7;0;2;1;1;1;
202300030674;155626163;A01;2;7;0;2;8;11;1;
202300030674;155626166;B01;2;33;0;2;7;17;1;
202300030675;155626160;B01;1;1;0;2;7;0;5;
202300030675;155626162;A01;1;7;0;2;1;0;1;
202300030676;155626159;A01;1;2;0;2;1;1;1;
202300030676;155626161;B01;2;7;0;2;3;1;1;
202300030677;155626164;A01;1;7;0;2;2;13;1;
202300030677;155626168;B01;2;7;0;0;3;1;1;
202300030678;155626158;A01;2;10;0;1;3;1;1;
202300030679;155626157;A01;1;7;0;1;2;1;1;
202300030680;155626155;A01;1;7;13;0;1;1;1;
202300030681;155626154;A01;1;1;0;0;0;1;5;
202300030682;155626156;A01;3;7;15;0;1;14;1;
202300030683;155626153;A01;2;7;0;1;3;1;1;
202300030684;155626150;A01;1;1;0;2;3;1;5;
202300030684;155626152;B01;1;10;0;9;2;1;1;
202300030685;155626147;B01;1;1;0;2;8;0;5;
202300030685;155626149;A01;2;7;0;2;3;15;1;
202300030686;155626148;A01;2;7;0;0;4;15;1;
202300030686;155626151;B01;2;7;0;0;1;1;1;
202300030687;155626146;A01;1;10;0;1;2;1;1;
202300030688;155626144;B01;3;7;0;2;3;15;1;
202300030688;155626145;A01;3;33;0;2;7;17;1;
202300030689;155626140;B01;1;7;0;2;3;1;1;
202300030689;155626142;A01;2;33;0;2;1;13;1;
202300030690;155626138;A01;2;10;0;2;3;15;1;
202300030690;155626139;B01;2;33;0;2;1;1;1;
202300030691;155626133;B01;1;7;0;1;2;7;1;
202300030692;155626134;A01;2;3;0;2;3;13;1;
202300030692;155626136;B01;1;7;0;2;3;1;1;
202300030693;155626132;A01;1;7;0;0;1;2;1;
202300030694;155626130;A01;3;7;0;2;3;15;1;
202300030694;155626131;B01;3;33;0;2;2;3;1;
202300030695;155626135;A01;1;7;0;9;1;2;1;
202300030695;155626137;B01;1;21;0;0;4;15;1;
202300030696;155626128;A01;1;7;9;0;3;0;1;
202300030697;155626127;A01;1;7;0;2;2;14;1;
202300030697;155626129;B01;1;33;0;2;7;0;1;
202300030698;155626123;A01;2;10;0;2;3;1;1;
202300030698;155626125;B01;2;1;0;2;7;1;5;
202300030699;155626122;B01;0;7;0;2;2;1;1;
202300030699;155626124;A01;0;7;0;2;3;1;1;
202300030700;155626120;A01;1;7;0;2;1;6;1;
202300030700;155626121;B01;2;17;0;2;0;5;1;
202300030701;155626126;A01;1;7;13;0;1;1;1;
202300030702;155626117;A01;1;7;0;2;1;5;1;
202300030702;155626119;B01;2;7;0;2;1;1;1;
202300030703;155626115;A01;1;7;0;2;1;13;1;
202300030703;155626116;B01;1;7;0;2;1;1;1;
202300030704;155626112;A01;1;7;0;2;8;2;1;
202300030704;155626113;B01;1;1;0;2;7;2;5;
202300030705;155626109;A01;1;7;0;2;1;2;1;
202300030705;155626110;B01;1;7;0;2;4;2;1;
202300030706;155626111;A01;1;7;0;2;6;1;1;
202300030706;155626114;B01;2;7;0;2;3;5;1;