Num_Acc;id_vehicule;num_veh;senc;catv;obs;obsm;choc;manv;motor;occutc
202300030707;155626106;A01;2;7;0;2;1;1;0;
202300030707;155626108;B01;1;21;0;2;6;15;0;
202300030708;155626103;A01;2;7;13;0;2;1;1;
202300030709;155626101;A01;2;7;0;1;3;15;1;
202300030710;155626102;A01;1;2;0;2;1;1;1;
202300030710;155626104;B01;1;7;0;2;3;9;1;
202300030711;155626100;A01;1;15;3;0;1;1;1;
202300030712;155626099;A01;3;7;0;1;1;1;1;
202300030713;155626097;A01;1;7;0;9;2;26;1;
202300030713;155626098;B01;2;80;0;2;1;1;3;
202300030714;155626094;A01;1;7;13;0;2;14;1;
202300030715;155626095;B01;1;7;0;2;2;1;1;
202300030715;155626096;A01;1;7;16;0;3;9;1;
202300030716;155626093;A01;0;7;0;1;7;1;1;
202300030717;155626091;A01;1;33;0;2;4;1;1;
202300030717;155626092;B01;1;10;0;2;4;2;0;
202300030718;155626090;A01;2;31;0;0;2;1;1;
202300030719;155626086;A01;1;7;0;2;1;15;1;
202300030719;155626088;B01;2;32;0;2;1;1;1;
202300030720;155626084;C01;1;7;0;2;0;2;1;
202300030720;155626085;A01;1;33;0;2;1;2;1;
202300030720;155626087;B01;1;7;0;2;4;2;1;
202300030721;155626083;A01;3;7;0;2;3;9;1;
202300030721;155626089;B01;2;41;0;2;7;1;3;
202300030722;155626082;A01;1;10;0;1;2;1;1;
202300030723;155626080;A01;1;7;2;0;2;1;1;
202300030724;155626078;C01;2;7;0;2;4;2;1;
202300030724;155626079;A01;2;7;0;2;2;2;1;
202300030724;155626081;B01;2;7;0;2;4;1;1;
202300030725;155626077;A01;1;34;13;0;8;13;1;
202300030726;155626074;A01;1;7;13;0;1;13;1;
202300030727;155626073;A01;2;7;0;2;8;15;1;
202300030727;155626076;B01;2;32;0;2;2;5;1;
202300030728;155626072;A01;1;33;0;2;7;17;1;
202300030728;155626075;B01;1;7;0;0;8;15;1;
202300030729;155626068;A01;1;33;0;2;1;2;1;
202300030729;155626070;B01;1;32;0;0;0;2;1;
202300030730;155626065;A01;2;7;0;2;7;10;1;
202300030730;155626066;B01;2;31;0;2;1;1;1;
202300030731;155626067;A01;2;7;0;1;2;1;1;
202300030732;155626063;A01;3;7;12;0;2;14;1;
202300030733;155626062;A01;1;7;0;2;3;13;0;
202300030733;155626064;B01;1;7;0;2;3;1;0;
202300030734;155626058;Z01;1;7;0;2;0;0;1;
202300030734;155626061;A01;1;33;0;2;1;1;1;
202300030735;155626057;A01;2;1;0;2;1;1;5;
202300030735;155626060;B01;2;7;0;2;5;1;1;
202300030736;155626056;A01;1;7;0;2;6;1;2;
202300030736;155626059;Z01;1;7;0;2;0;0;1;
202300030737;155626054;A01;2;7;0;2;3;15;1;
202300030737;155626055;B01;2;50;0;2;0;1;3;
202300030738;155626053;A01;1;33;6;0;3;14;1;
202300030739;155626048;B01;0;1;0;2;8;15;5;
202300030739;155626051;A01;2;30;0;2;1;1;1;
202300030740;155626046;A01;2;7;0;2;4;12;1;
202300030740;155626047;B01;2;10;0;2;5;1;1;
202300030740;155626049;Z01;2;0;0;2;1;1;0;
202300030741;155626041;Z01;2;50;0;2;1;1;3;
202300030741;155626044;A01;2;1;0;2;7;2;5;
202300030742;155626038;B01;1;10;0;2;5;1;1;
202300030742;155626040;A01;1;7;0;2;1;18;1;
202300030742;155626042;C01;1;15;0;2;9;0;1;
202300030743;155626037;A01;1;80;0;2;1;17;3;
202300030743;155626039;B01;2;50;0;2;1;18;3;
202300030744;155626036;B01;2;7;0;2;5;1;1;
202300030744;155626043;D01;2;7;0;2;1;1;1;
202300030744;155626045;E01;2;7;0;2;1;1;1;
202300030744;155626050;A01;2;7;0;2;4;1;1;
202300030744;155626052;C01;2;7;0;2;1;1;1;
202300030745;155626033;B01;3;30;0;2;8;1;1;
202300030745;155626034;A01;3;10;0;2;7;1;1;
202300030746;155626027;C01;1;7;0;2;4;2;1;
202300030746;155626030;B01;1;7;0;2;4;2;1;
202300030746;155626031;E01;1;7;0;2;4;2;1;
202300030746;155626032;A01;1;7;0;2;1;2;1;
202300030746;155626035;D01;1;7;0;2;4;2;1;
202300030747;155626026;A01;2;10;0;2;1;15;1;
202300030747;155626028;B01;0;50;0;2;3;1;3;
202300030748;155626024;A01;2;80;0;0;1;21;3;
202300030749;155626021;A01;2;10;0;2;2;21;1;
202300030749;155626025;C01;2;7;0;2;4;2;1;
202300030749;155626029;B01;2;7;0;2;4;2;1;
202300030750;155626017;A01;1;1;0;2;0;1;5;
202300030750;155626019;Z01;1;50;0;2;1;13;3;
202300030751;155626018;C01;2;10;0;2;8;2;0;
202300030751;155626020;A01;2;33;0;2;1;3;0;
202300030751;155626022;B01;2;7;0;2;4;2;0;
202300030751;155626023;D01;1;7;0;0;0;0;1;
202300030752;155626015;A01;1;1;0;1;1;21;5;
202300030753;155626013;A01;2;7;0;2;6;12;1;
202300030753;155626016;B01;2;33;0;2;1;3;1;
202300030754;155626011;A01;1;50;0;1;1;21;3;
202300030755;155626007;A01;1;10;0;1;3;1;1;
202300030756;155626006;D01;1;7;0;2;4;1;1;
202300030756;155626008;B01;1;7;0;2;4;1;1;
202300030756;155626009;C01;1;10;0;2;4;1;1;
202300030756;155626010;A01;1;14;0;2;1;1;1;
202300030757;155626005;B01;2;7;0;2;4;2;1;
202300030757;155626012;A01;2;10;0;2;1;2;1;
202300030757;155626014;C01;1;10;0;2;4;2;1;
202300030758;155626003;A01;1;7;0;2;2;9;3;
202300030758;155626004;B01;1;30;0;2;2;2;0;
202300030759;155626000;A01;1;33;0;2;2;0;0;
202300030759;155626002;B01;1;7;0;2;0;2;1;
202300030760;155625998;A01;0;34;0;1;1;7;1;
202300030761;155625999;A01;1;7;0;2;4;1;1;
202300030761;155626001;B01;1;7;0;2;1;1;1;
202300030762;155625996;A01;2;7;0;2;4;14;1;
202300030762;155625997;B01;2;33;0;2;1;1;1;
202300030763;155625993;A01;1;7;0;2;2;0;1;
202300030763;155625995;B01;2;7;0;2;3;0;1;
202300030764;155625989;A01;2;7;0;2;3;14;1;
202300030764;155625992;B01;2;7;0;2;5;1;2;
202300030765;155625988;A01;2;7;0;2;3;16;0;
202300030765;155625991;B01;3;33;0;2;2;1;0;
202300030766;155625986;A01;2;7;0;2;8;11;1;
202300030766;155625987;B01;2;33;0;2;7;2;1;
202300030767;155625983;A01;1;50;0;2;7;19;3;
202300030767;155625985;B01;3;7;0;2;1;2;0;
202300030768;155625978;A01;0;31;0;0;0;1;1;
202300030769;155625976;C01;2;10;0;2;6;0;1;
202300030769;155625979;A01;2;33;0;2;0;3;1;
202300030769;155625980;B01;2;7;0;2;2;2;1;
202300030770;155625975;E01;2;33;0;2;7;0;1;
202300030770;155625977;A01;2;7;0;2;1;13;1;
202300030770;155625981;B01;2;10;0;2;0;0;1;
202300030770;155625982;C01;2;7;0;2;4;0;1;
202300030770;155625984;D01;2;7;0;2;4;0;1;
202300030771;155625972;B01;2;7;0;2;3;1;1;
202300030771;155625974;A01;1;7;0;2;2;1;0;
202300030772;155625971;A01;2;7;0;2;1;2;1;
202300030772;155625973;B01;2;7;0;2;4;0;1;
202300030773;155625968;A01;1;7;0;2;4;26;1;
202300030773;155625970;B01;1;7;0;2;1;2;1;
202300030774;155625965;A01;2;7;0;2;4;1;1;
202300030774;155625967;B01;2;7;0;2;1;2;1;
202300030775;155625963;A01;1;7;0;2;1;2;1;
202300030775;155625964;B01;1;7;15;0;4;1;1;
202300030776;155625961;A01;1;7;4;2;0;23;0;
202300030776;155625966;C01;1;10;0;2;1;2;1;
202300030776;155625969;B01;1;10;4;2;1;2;1;
202300030777;155625958;A01;2;10;0;2;4;1;1;
202300030777;155625960;B01;2;7;0;2;4;1;1;
202300030777;155625962;C01;2;17;0;2;1;11;1;
202300030778;155625957;B01;2;7;0;2;2;16;1;
202300030778;155625959;A01;2;43;0;2;3;16;1;
202300030779;155625953;A01;1;7;0;2;1;1;1;
202300030779;155625955;B01;1;32;0;2;4;11;1;
202300030780;155625954;A01;2;7;0;2;1;2;1;
202300030780;155625956;B01;2;7;0;2;4;2;1;
202300030781;155625951;A01;2;7;0;2;1;2;1;
202300030781;155625952;B01;2;33;0;2;4;2;1;
202300030782;155625949;A01;3;50;0;9;0;0;3;
202300030783;155625947;B01;2;7;0;2;1;1;1;
202300030783;155625950;A01;1;7;13;2;5;26;1;
202300030784;155625946;B01;2;10;0;2;4;23;1;
202300030784;155625948;A01;2;7;0;2;1;26;1;
202300030785;155625944;A01;1;33;0;2;8;9;1;
202300030785;155625945;B01;1;13;0;2;2;1;1;
202300030786;155625943;A01;2;7;6;0;1;0;0;
202300030787;155625941;A01;2;60;15;0;1;1;5;
202300030788;155625940;B01;1;7;0;2;3;1;1;
202300030788;155625942;A01;1;33;0;2;8;12;1;
202300030789;155625936;A01;2;7;0;2;3;15;1;
202300030789;155625938;B01;2;32;0;2;2;17;1;
202300030790;155625930;A01;3;7;14;2;1;5;6;
202300030790;155625933;B01;3;7;0;2;1;23;6;
202300030791;155625931;A01;2;7;0;2;3;2;0;
202300030791;155625935;B01;2;7;0;2;5;2;0;
202300030792;155625927;A01;1;33;15;0;0;21;1;
202300030792;155625928;B01;1;10;0;2;0;1;1;
202300030793;155625925;A01;2;34;0;2;4;0;1;
202300030793;155625926;B01;2;7;0;2;5;1;1;
202300030794;155625929;A01;2;7;0;2;1;2;1;
202300030794;155625932;B01;2;7;0;2;4;2;1;
202300030794;155625934;C01;2;10;0;2;4;2;1;
202300030795;155625922;A01;0;10;0;1;2;1;1;
202300030796;155625921;B01;3;10;0;2;3;1;1;
202300030796;155625923;A01;3;2;0;2;1;1;0;
202300030797;155625924;A01;1;7;4;2;1;1;1;
202300030798;155625919;B01;2;50;0;2;1;5;3;
202300030798;155625920;A01;1;7;0;9;3;1;1;
202300030799;155625916;A01;3;33;0;2;7;18;1;
202300030799;155625918;B01;3;7;0;2;7;16;1;
202300030800;155625913;B01;1;7;0;2;6;1;1;
202300030800;155625915;A01;1;7;0;2;3;1;1;
202300030801;155625914;A01;1;7;0;2;1;2;1;
202300030801;155625917;B01;1;7;0;2;4;2;1;
202300030802;155625911;A01;1;33;13;0;0;13;1;
202300030803;155625910;A01;1;7;0;2;1;2;1;
202300030803;155625912;B01;1;7;0;2;4;23;1;
202300030804;155625908;A01;1;7;13;0;3;1;1;
202300030805;155625906;A01;0;1;0;1;1;19;0;
202300030806;155625905;A01;1;13;0;1;7;1;1;
202300030807;155625907;A01;1;33;0;2;1;3;1;
202300030807;155625909;B01;1;7;0;2;4;12;1;
202300030808;155625903;A01;1;33;0;0;8;1;1;
202300030809;155625902;A01;1;1;0;2;1;1;5;
202300030809;155625904;B01;2;1;0;2;3;1;5;
202300030810;155625898;A01;2;7;0;2;1;1;1;
202300030810;155625900;B01;2;17;0;2;4;1;1;
202300030811;155625899;Z01;1;7;0;2;4;2;0;
202300030811;155625901;A01;1;34;0;2;1;26;1;
202300030812;155625896;A01;2;7;0;2;1;1;1;
202300030812;155625897;B01;2;7;0;0;4;1;1;
202300030813;155625894;A01;1;7;2;0;2;1;1;
202300030814;155625893;A01;3;7;0;0;1;19;0;
202300030814;155625895;B01;3;7;0;0;8;1;1;
202300030815;155625891;A01;1;13;0;2;2;12;1;
202300030815;155625892;B01;1;7;0;2;8;1;1;
202300030816;155625890;A01;3;7;0;1;2;1;0;
202300030817;155625889;A01;2;7;0;1;2;1;1;
202300030818;155625887;A01;2;7;0;2;3;17;1;
202300030819;155625886;A01;2;7;0;2;1;2;1;
202300030819;155625888;B01;2;7;3;0;4;2;1;
202300030820;155625885;A01;2;7;12;0;8;9;1;
202300030821;155625883;A01;1;7;14;0;2;1;1;
202300030822;155625882;A01;3;7;0;2;6;1;0;
202300030822;155625884;B01;3;7;0;2;2;15;0;
202300030823;155625879;A01;1;7;0;2;1;2;1;
202300030823;155625881;B01;1;7;0;2;1;2;0;
202300030824;155625876;A01;1;15;0;0;0;1;0;
202300030824;155625878;B01;2;7;0;9;1;1;0;
202300030824;155625880;C01;2;7;0;9;1;1;0;
202300030825;155625875;A01;1;7;0;9;1;2;1;
202300030825;155625877;B01;1;2;0;2;4;1;1;
202300030826;155625872;B01;1;7;0;2;8;15;1;
202300030826;155625873;A01;1;1;0;2;1;1;5;
202300030827;155625871;B01;1;7;0;2;1;19;1;
202300030827;155625874;A01;3;7;0;2;5;19;1;
202300030828;155625869;A01;1;7;14;0;1;1;1;
202300030828;155625870;B01;1;7;0;1;4;23;1;
202300030829;155625866;B01;2;33;0;2;3;1;1;
202300030829;155625868;A01;1;10;0;2;1;15;1;
202300030830;155625865;A01;2;32;0;2;1;2;1;
202300030830;155625867;B01;2;7;0;2;5;2;1;
202300030831;155625862;A01;1;7;16;0;9;13;1;
202300030832;155625861;A01;2;7;0;0;1;0;1;
202300030833;155625863;A01;1;7;0;2;0;0;0;
202300030833;155625864;B01;1;0;0;2;0;0;0;
202300030834;155625860;A01;2;43;11;0;1;21;1;
202300030835;155625859;A01;1;7;13;0;1;0;1;
202300030836;155625858;A01;1;32;13;0;9;1;1;
202300030837;155625857;A01;2;10;0;1;1;15;1;
202300030838;155625856;A01;1;7;0;1;2;16;1;
202300030839;155625853;A01;1;2;0;2;2;16;1;
202300030839;155625855;B01;1;2;0;2;3;18;0;
202300030840;155625852;B01;1;33;0;2;1;1;1;
202300030840;155625854;A01;2;10;0;2;2;15;1;
202300030841;155625850;A01;3;15;0;0;4;2;1;
202300030841;155625851;B01;3;32;0;0;2;2;1;
202300030842;155625849;A01;0;7;0;2;1;1;6;
202300030843;155625847;A01;1;33;13;0;0;21;1;
202300030844;155625845;B01;1;7;0;2;4;2;1;
202300030844;155625846;A01;1;10;0;2;1;2;1;
202300030845;155625843;A01;0;7;0;2;1;2;1;
202300030845;155625848;B01;3;7;0;2;4;0;1;
202300030846;155625842;B01;2;7;0;2;8;1;1;
202300030846;155625844;A01;1;7;13;2;1;13;1;
202300030847;155625841;A01;1;10;0;1;2;1;1;
202300030848;155625840;A01;2;33;6;0;1;26;1;
202300030849;155625835;A01;1;7;0;2;1;1;1;
202300030849;155625837;B01;2;7;0;2;7;9;1;
202300030850;155625836;B01;1;2;0;2;9;18;1;
202300030850;155625839;A01;1;7;0;2;7;1;1;
202300030851;155625833;A01;1;2;15;0;0;14;1;
202300030852;155625829;A01;2;7;6;0;1;1;1;
202300030853;155625830;A01;2;7;0;2;1;1;1;
202300030853;155625834;B01;1;7;0;2;1;1;1;
202300030853;155625838;C01;2;7;0;2;1;2;1;
202300030854;155625826;A01;2;10;0;2;3;1;1;
202300030854;155625828;B01;2;33;0;0;5;16;1;
202300030855;155625825;A01;2;7;0;2;8;15;2;
202300030855;155625827;B01;2;1;0;2;1;17;5;
202300030856;155625824;A01;2;7;0;1;3;1;0;
202300030857;155625822;A01;3;7;16;0;9;24;1;
202300030858;155625821;B01;1;7;0;2;3;1;1;
202300030858;155625823;A01;1;34;0;2;1;1;1;
202300030859;155625820;A01;1;33;0;6;1;1;1;
202300030860;155625819;A01;1;7;0;1;2;2;1;
202300030861;155625817;A01;1;7;13;0;1;1;1;
202300030862;155625813;A01;3;1;0;0;9;1;5;
202300030863;155625815;A01;2;30;0;2;1;2;1;
202300030863;155625818;B01;1;7;0;2;4;2;1;
202300030864;155625812;A01;1;33;0;6;3;6;1;
202300030865;155625810;B01;2;3;0;2;5;2;1;
202300030865;155625811;A01;2;33;0;2;1;2;1;
202300030866;155625808;A01;1;7;0;2;1;2;0;
202300030866;155625809;B01;1;50;0;0;4;1;3;
202300030867;155625807;A01;2;10;0;1;1;1;1;
202300030868;155625804;B01;1;31;0;2;1;2;3;
202300030868;155625806;A01;2;7;0;2;1;15;1;
202300030869;155625803;B01;3;1;0;2;8;11;5;
202300030869;155625805;A01;3;7;0;2;1;1;0;
202300030870;155625799;A01;2;7;0;2;2;1;1;
202300030870;155625801;B01;3;1;0;2;8;19;5;
202300030871;155625797;A01;2;2;0;2;1;17;0;
202300030871;155625800;B01;2;14;0;0;6;15;1;
202300030872;155625798;B01;1;2;0;2;3;1;1;
202300030872;155625802;A01;1;7;0;2;3;15;2;
202300030873;155625794;A01;1;7;0;2;2;15;1;
202300030873;155625795;B01;2;1;0;2;1;1;5;
202300030874;155625793;B01;3;10;0;2;7;21;1;
202300030874;155625796;A01;3;3;15;2;7;13;1;
202300030875;155625792;A01;1;34;12;0;7;14;1;
202300030876;155625790;A01;2;7;0;2;8;15;1;
202300030876;155625791;B01;2;14;0;2;2;1;0;
202300030877;155625788;A01;1;7;0;2;1;15;1;
202300030877;155625789;B01;2;34;0;2;1;0;1;
202300030878;155625785;A01;2;7;0;1;2;26;1;
202300030879;155625786;A01;2;7;5;2;1;1;1;
202300030879;155625787;B01;2;7;0;2;4;15;1;
202300030880;155625783;A01;3;7;0;2;2;17;1;
202300030880;155625784;B01;3;30;0;2;4;1;1;
202300030881;155625780;A01;1;10;0;2;1;1;1;
202300030881;155625782;B01;2;1;0;2;1;5;5;
202300030882;155625779;A01;3;7;0;1;2;1;1;
202300030883;155625777;B01;2;7;0;2;5;1;1;
202300030883;155625781;A01;1;7;0;2;7;15;1;
202300030884;155625776;B01;2;33;0;2;3;1;1;
202300030884;155625778;A01;1;7;0;2;3;13;1;
202300030885;155625773;A01;3;36;2;0;3;0;1;
202300030886;155625771;B01;3;1;0;2;2;19;5;
202300030886;155625774;A01;3;7;0;9;3;16;1;
202300030887;155625769;B01;1;7;0;2;8;1;1;
202300030887;155625772;C01;3;7;0;9;6;1;1;
202300030887;155625775;A01;3;7;9;2;1;1;1;
202300030888;155625768;A01;2;10;0;0;2;1;1;
202300030888;155625770;B01;2;17;0;0;6;1;1;
202300030889;155625764;A01;2;10;0;1;2;21;1;
202300030890;155625766;A01;2;7;0;2;1;15;1;
202300030890;155625767;B01;1;30;0;2;8;1;1;
202300030891;155625765;A01;3;3;0;0;3;26;1;
202300030892;155625761;A01;2;7;0;2;1;2;1;
202300030892;155625763;B01;2;10;0;0;4;2;1;
202300030893;155625762;A01;1;0;0;0;0;0;0;
202300030894;155625759;A01;3;33;3;0;1;2;1;
202300030895;155625758;B01;1;30;0;2;7;0;1;
202300030895;155625760;A01;1;7;0;2;1;9;1;
202300030896;155625757;A01;3;32;0;1;0;21;0;
202300030897;155625755;A01;1;7;0;0;3;2;1;
202300030897;155625756;B01;1;33;14;0;1;2;1;
202300030898;155625754;A01;3;7;12;0;1;1;1;
202300030899;155625753;A01;3;10;0;1;1;17;1;
202300030900;155625751;A01;1;7;0;2;9;12;1;
202300030900;155625752;B01;1;7;0;2;9;1;1;
202300030901;155625749;A01;2;7;0;2;1;1;2;
202300030901;155625750;B01;2;50;0;2;8;15;3;
202300030902;155625748;A01;2;17;6;0;1;13;1;
202300030903;155625745;A01;3;14;0;1;0;0;1;
202300030904;155625746;B01;3;7;0;2;6;15;0;
202300030904;155625747;A01;1;33;0;2;1;12;1;
202300030905;155625744;Z01;1;50;0;1;1;1;3;
202300030906;155625741;B01;2;7;0;2;8;15;1;
202300030906;155625743;A01;1;14;0;2;1;1;1;
202300030907;155625739;A01;1;7;0;9;8;16;1;
202300030907;155625742;B01;1;80;0;2;7;1;3;
202300030908;155625735;A01;1;7;0;2;1;15;1;
202300030908;155625737;B01;2;7;0;2;2;1;1;
202300030909;155625734;A01;1;33;0;0;9;1;1;
202300030910;155625729;A01;2;33;0;2;1;1;1;
202300030910;155625732;B01;2;7;0;2;3;15;1;
202300030911;155625728;A01;1;7;0;2;3;17;1;
202300030911;155625730;B01;2;10;0;2;3;1;1;
202300030911;155625731;C01;1;7;0;2;6;26;2;
202300030912;155625727;B01;1;7;0;2;2;1;1;
202300030912;155625733;A01;1;10;0;2;1;2;1;
202300030913;155625725;A01;1;7;0;1;8;15;1;
202300030914;155625724;B01;2;50;12;0;1;14;3;
202300030914;155625726;A01;1;7;0;0;0;15;1;
202300030915;155625718;B01;1;7;0;2;3;9;1;
202300030915;155625720;A01;2;33;0;2;7;1;1;
202300030916;155625719;A01;3;7;0;2;1;1;1;
202300030916;155625721;B01;1;1;0;2;8;16;5;
202300030917;155625722;B01;3;7;7;0;3;1;1;
202300030917;155625723;A01;3;30;0;2;8;1;1;
202300030918;155625717;A01;2;7;2;0;1;2;1;
202300030919;155625716;A01;1;7;0;1;1;1;1;
202300030920;155625715;A01;2;7;0;1;1;1;1;
202300030921;155625713;A01;1;34;0;2;1;2;1;
202300030921;155625714;B01;1;7;0;2;4;2;2;
202300030922;155625712;A01;3;7;0;1;1;1;1;
202300030923;155625709;A01;3;7;0;2;6;13;3;
202300030923;155625710;B01;3;1;0;2;2;14;5;
202300030924;155625711;A01;1;7;0;1;0;9;1;
202300030925;155625708;A01;2;33;6;0;7;2;1;
202300030926;155625706;A01;1;7;0;2;2;9;1;
202300030926;155625707;B01;1;99;0;2;3;0;1;
202300030927;155625703;A01;1;2;8;0;1;19;0;
202300030928;155625702;A01;1;7;0;1;1;1;1;
202300030929;155625701;A01;1;7;0;1;3;1;1;
202300030930;155625697;A01;2;7;0;2;4;26;1;
202300030930;155625699;B01;2;7;0;2;1;2;1;
202300030931;155625696;A01;1;33;0;2;9;1;1;
202300030931;155625700;B01;2;1;0;2;1;1;5;
202300030932;155625695;A01;1;7;0;9;1;1;1;
202300030932;155625698;B01;1;1;0;2;4;15;5;
202300030933;155625693;A01;3;33;0;0;8;2;1;
202300030934;155625692;A01;1;99;0;2;1;13;1;
202300030934;155625694;B01;2;10;0;2;1;1;1;
202300030935;155625690;A01;3;14;0;2;1;1;1;
202300030935;155625691;B01;3;7;0;2;4;1;1;
202300030936;155625687;B01;1;7;0;2;3;1;3;
202300030936;155625688;A01;2;7;0;2;1;3;1;
202300030937;155625686;B01;3;1;0;2;8;19;5;
202300030937;155625689;A01;2;10;0;2;1;1;1;
202300030938;155625683;A01;2;7;0;2;7;17;1;
202300030938;155625685;B01;2;1;0;0;8;1;5;
202300030939;155625682;B01;1;7;0;2;1;1;1;
202300030939;155625684;A01;1;1;0;2;1;1;5;
202300030940;155625680;A01;0;7;0;1;1;1;1;
202300030941;155625679;A01;1;3;0;1;1;1;1;
202300030942;155625678;A01;2;7;0;1;2;25;0;
202300030943;155625681;A01;3;7;0;1;2;1;1;
202300030944;155625675;A01;1;7;6;0;4;16;1;
202300030944;155625677;B01;1;13;0;2;1;2;1;
202300030945;155625671;D01;1;7;4;0;2;1;1;
202300030945;155625672;C01;1;7;0;2;4;2;1;
202300030945;155625674;A01;1;7;0;2;4;1;1;
202300030945;155625676;B01;1;7;0;2;1;1;1;
202300030946;155625670;A01;3;7;0;1;1;1;0;
202300030947;155625673;A01;1;10;0;1;-1;16;-1;
202300030948;155625667;A01;1;7;0;2;2;1;1;
202300030948;155625669;B01;1;50;0;2;1;1;3;
202300030949;155625664;A01;2;30;0;0;4;0;1;
202300030949;155625665;B01;1;7;0;2;1;2;1;
202300030950;155625666;B01;3;7;0;2;1;1;1;
202300030950;155625668;A01;3;7;0;2;1;13;1;
202300030951;155625661;B01;3;33;0;2;2;1;1;
202300030951;155625663;A01;3;7;0;2;3;9;1;
202300030952;155625660;A01;0;31;12;0;2;1;1;
202300030953;155625659;A01;3;7;0;2;3;10;1;
202300030953;155625662;B01;3;2;0;2;2;2;1;
202300030954;155625657;A01;1;7;0;2;1;15;1;
202300030954;155625658;B01;2;33;0;2;1;1;1;
202300030955;155625655;A01;3;7;15;0;1;26;1;
202300030956;155625653;A01;2;50;0;2;1;1;3;
202300030956;155625654;B01;1;7;0;2;3;1;1;
202300030957;155625652;A01;3;7;0;2;8;16;1;
202300030957;155625656;B01;2;7;0;2;2;2;1;
202300030958;155625650;A01;3;30;0;2;0;1;1;
202300030958;155625651;B01;3;37;0;2;0;1;1;1.0
202300030959;155625646;A01;2;7;0;2;0;1;1;
202300030959;155625648;B01;2;1;0;2;0;1;5;
202300030960;155625645;A01;1;7;0;1;1;1;1;
202300030961;155625647;B01;3;7;0;2;8;1;1;
202300030961;155625649;A01;3;10;0;2;1;15;1;
202300030962;155625643;B01;1;2;0;2;1;3;1;
202300030962;155625644;A01;1;7;0;2;3;10;1;
202300030963;155625639;B01;2;7;0;2;6;23;1;
202300030963;155625641;A01;2;7;0;2;1;2;1;
202300030964;155625640;B01;0;1;0;2;8;16;5;
202300030964;155625642;A01;3;14;0;2;7;16;1;
202300030965;155625637;B01;1;2;0;2;8;15;1;
202300030965;155625638;A01;1;43;0;2;1;17;1;
202300030966;155625635;A01;0;10;0;2;3;15;1;
202300030966;155625636;B01;0;42;0;2;1;1;1;
202300030967;155625634;A01;1;7;0;1;1;26;1;
202300030968;155625632;B01;2;2;0;2;7;1;1;
202300030968;155625633;A01;3;7;0;2;3;9;1;
202300030969;155625631;A01;2;7;0;1;2;1;1;
202300030970;155625630;A01;3;40;0;1;2;17;6;
202300030971;155625629;A01;2;30;0;0;1;1;1;
202300030972;155625627;A01;2;50;0;2;1;1;3;
202300030972;155625628;B01;2;7;0;2;3;1;0;
202300030973;155625625;A01;1;7;0;2;3;15;1;
202300030973;155625626;B01;1;2;0;2;1;1;1;
202300030974;155625623;A01;3;10;0;2;2;9;1;
202300030974;155625624;B01;3;50;0;2;1;25;3;
202300030975;155625620;A01;3;7;0;2;3;9;1;
202300030975;155625622;B01;3;50;0;2;1;1;3;
202300030976;155625619;B01;3;7;0;2;7;15;1;
202300030976;155625621;A01;3;30;0;2;1;8;1;
202300030977;155625617;A01;3;7;0;2;3;16;1;
202300030977;155625618;B01;3;50;0;2;2;19;3;
202300030978;155625615;A01;1;7;9;0;1;1;1;
202300030979;155625616;A01;3;7;0;1;1;15;2;
202300030980;155625614;A01;3;10;0;1;8;1;1;
202300030981;155625613;A01;3;10;0;0;0;26;1;
202300030982;155625612;A01;2;32;0;1;1;1;1;
202300030983;155625611;A01;1;7;0;1;1;1;1;
202300030984;155625609;A01;3;30;0;2;2;13;1;
202300030984;155625610;B01;3;7;0;2;6;1;1;
202300030985;155625605;A01;0;7;0;2;1;26;1;
202300030985;155625608;B01;0;43;0;1;1;0;1;
202300030986;155625606;A01;1;32;0;2;1;13;1;
202300030986;155625607;B01;2;7;0;2;1;1;1;
202300030987;155625602;B01;0;10;0;0;4;2;0;
202300030987;155625603;A01;0;10;0;0;1;2;0;
202300030988;155625601;B01;2;31;0;2;1;1;0;
202300030988;155625604;A01;2;7;0;2;8;15;1;
202300030989;155625600;A01;1;7;0;1;1;1;1;
202300030990;155625597;A01;1;10;0;2;1;1;3;
202300030990;155625598;B01;1;7;0;2;5;23;1;
202300030991;155625593;A01;1;7;0;2;7;15;1;
202300030991;155625594;B01;2;34;0;2;1;1;1;
202300030992;155625595;A01;2;7;0;2;8;22;1;
202300030992;155625596;B01;2;1;1;0;7;1;5;
202300030993;155625592;A01;3;50;12;0;1;0;3;
202300030994;155625590;A01;2;2;0;2;2;13;1;
202300030994;155625591;B01;1;7;0;2;2;1;1;
202300030995;155625588;B01;1;1;0;2;8;2;5;
202300030995;155625589;A01;1;7;0;9;7;17;1;
202300030996;155625586;B01;1;33;0;2;1;1;1;
202300030996;155625587;A01;1;7;0;2;6;10;1;
202300030997;155625584;A01;1;50;0;2;3;9;3;
202300030997;155625585;Z01;1;7;0;2;1;0;1;
202300030998;155625582;A01;2;7;0;2;2;15;1;
202300030998;155625583;B01;1;2;0;2;1;1;1;
202300030999;155625581;A01;1;7;0;1;3;1;0;
202300031000;155625580;A01;3;0;0;1;0;26;0;
202300031001;155625579;A01;3;1;0;0;0;0;5;
202300031002;155625578;A01;1;43;0;6;1;1;1;
202300031003;155625576;A01;1;7;0;2;1;1;1;