Num_Acc;id_vehicule;num_veh;senc;catv;obs;obsm;choc;manv;motor;occutc
202300031003;155625577;B01;1;2;0;0;6;1;1;
202300031004;155625574;A01;1;10;0;2;0;10;1;
202300031004;155625575;B01;1;7;0;2;1;1;1;
202300031005;155625573;A01;1;33;6;0;0;1;1;
202300031006;155625572;A01;2;2;0;1;2;17;1;
202300031007;155625570;A01;2;2;0;2;1;2;1;
202300031007;155625571;B01;2;7;0;0;4;2;1;
202300031008;155625569;A01;1;7;0;1;0;1;0;
202300031009;155625567;A01;2;7;0;2;7;0;0;
202300031009;155625568;B01;1;7;0;2;1;1;0;
202300031010;155625565;A01;3;7;0;2;3;15;1;
202300031010;155625566;B01;3;33;0;2;1;1;1;
202300031011;155625563;B01;3;7;0;2;4;16;1;
202300031011;155625564;A01;2;7;0;2;1;16;1;
202300031012;155625562;A01;1;7;0;1;2;1;1;
202300031013;155625560;A01;1;31;0;2;2;2;1;
202300031013;155625561;B01;1;7;0;0;5;16;1;
202300031014;155625558;A01;3;7;0;2;8;9;1;
202300031014;155625559;B01;3;1;0;2;2;1;5;
202300031015;155625557;A01;2;31;3;0;1;0;1;
202300031016;155625555;A01;2;7;0;2;3;15;1;
202300031016;155625556;B01;1;33;0;2;1;1;1;
202300031017;155625554;A01;2;7;0;0;0;1;1;
202300031018;155625552;B01;2;21;0;2;3;13;1;
202300031018;155625553;A01;1;7;0;2;3;1;1;
202300031019;155625550;B01;1;7;0;2;3;1;1;
202300031019;155625551;A01;0;10;0;2;1;19;1;
202300031020;155625548;B01;1;1;0;2;7;19;5;
202300031020;155625549;A01;1;10;0;2;2;1;1;
202300031021;155625547;A01;3;38;0;1;2;20;1;1.0
202300031022;155625546;A01;2;7;6;0;2;1;1;
202300031023;155625544;B01;1;7;0;2;7;21;1;
202300031023;155625545;A01;2;7;0;2;1;17;1;
202300031024;155625542;B01;2;7;0;2;1;15;1;
202300031024;155625543;A01;2;30;0;2;2;1;3;
202300031025;155625541;A01;1;7;8;0;3;13;1;
202300031026;155625540;A01;1;7;0;0;9;1;1;
202300031027;155625538;A01;1;10;1;0;2;15;1;
202300031027;155625539;B01;2;7;0;1;3;23;1;
202300031028;155625535;C01;1;7;0;2;1;11;3;
202300031028;155625536;B01;2;7;0;2;2;13;1;
202300031028;155625537;A01;2;7;0;2;1;16;1;
202300031029;155625534;A01;3;33;0;0;0;1;1;
202300031030;155625533;A01;1;7;6;9;1;15;0;
202300031031;155625531;A01;1;32;0;2;1;1;1;
202300031031;155625532;B01;1;10;0;0;4;1;1;
202300031032;155625530;A01;1;33;12;0;1;17;1;
202300031033;155625529;A01;1;1;0;1;1;2;5;
202300031034;155625527;A01;1;10;0;9;1;14;1;
202300031034;155625528;B01;1;1;0;2;8;11;5;
202300031035;155625525;A01;1;10;1;0;1;1;1;
202300031035;155625526;B01;1;7;0;1;4;1;1;
202300031036;155625524;A01;2;7;6;0;8;0;1;
202300031037;155625522;A01;1;7;0;9;1;1;1;
202300031037;155625523;B01;3;50;0;2;7;19;3;
202300031038;155625520;B01;2;10;0;1;1;1;1;
202300031039;155625518;B01;1;7;0;2;1;1;1;
202300031039;155625519;A01;1;7;0;2;4;1;1;
202300031040;155625517;A01;1;33;0;2;7;2;1;
202300031041;155625514;C01;2;7;0;9;1;2;1;
202300031041;155625515;A01;1;7;3;2;3;11;1;
202300031041;155625516;B01;1;7;3;2;2;2;1;
202300031042;155625512;A01;2;7;0;2;3;11;1;
202300031042;155625513;B01;2;43;0;2;2;3;1;
202300031043;155625508;A01;1;7;0;2;1;2;1;
202300031043;155625509;B01;1;7;0;2;4;2;1;
202300031043;155625510;C01;1;7;0;2;4;2;1;
202300031043;155625511;D01;1;10;0;2;4;2;1;
202300031044;155625507;A01;1;33;0;0;0;1;0;
202300031045;155625504;B01;2;10;0;2;6;1;1;
202300031045;155625505;C01;2;10;1;2;5;1;1;
202300031045;155625506;A01;2;31;0;2;7;3;1;
202300031046;155625502;A01;2;7;0;2;1;1;1;
202300031046;155625503;B01;2;7;0;2;4;1;1;
202300031047;155625500;A01;1;7;0;2;2;12;1;
202300031047;155625501;B01;1;33;0;2;8;3;1;
202300031048;155625498;A01;1;33;0;2;3;3;1;
202300031048;155625499;B01;1;7;0;2;7;12;2;
202300031049;155625495;C01;2;7;0;2;4;2;3;
202300031049;155625496;A01;2;10;0;2;1;2;1;
202300031049;155625497;B01;2;7;0;2;4;2;1;
202300031050;155625494;A01;1;7;3;0;3;2;1;
202300031051;155625492;A01;2;7;0;2;1;2;1;
202300031051;155625493;B01;2;7;0;2;4;2;1;
202300031052;155625490;A01;1;32;0;2;1;1;1;
202300031052;155625491;B01;1;7;0;2;4;2;1;
202300031053;155625488;A01;1;10;0;2;1;1;1;
202300031053;155625489;B01;1;7;0;2;4;2;1;
202300031054;155625486;A01;1;7;0;2;7;12;1;
202300031054;155625487;B01;1;7;0;2;3;1;1;
202300031055;155625484;A01;2;7;0;2;8;11;1;
202300031055;155625485;B01;2;34;0;2;1;3;1;
202300031056;155625482;A01;2;33;0;2;1;13;1;
202300031056;155625483;B01;2;7;0;2;1;0;1;
202300031057;155625479;B01;2;7;0;2;4;2;1;
202300031057;155625480;A01;2;7;0;2;1;2;1;
202300031057;155625481;C01;2;7;0;2;4;2;1;
202300031058;155625476;A01;2;17;0;2;4;2;1;
202300031058;155625477;B01;2;17;0;2;1;2;1;
202300031058;155625478;C01;2;17;0;2;1;2;1;
202300031059;155625471;A01;3;33;0;0;1;17;1;
202300031060;155625469;A01;3;7;0;2;1;13;1;
202300031060;155625470;B01;3;7;0;2;3;1;1;
202300031061;155625467;B01;1;10;0;2;4;23;1;
202300031061;155625468;A01;1;7;0;2;1;1;1;
202300031062;155625465;B01;1;7;0;2;8;1;1;
202300031062;155625466;A01;1;7;0;2;1;1;1;
202300031063;155625464;A01;1;7;0;1;1;23;1;
202300031064;155625462;B01;1;1;0;2;8;19;0;
202300031064;155625463;A01;1;7;0;2;1;1;1;
202300031065;155625460;A01;2;7;0;2;4;1;1;
202300031065;155625461;B01;2;33;0;2;1;1;1;
202300031066;155625458;B01;2;7;0;0;1;1;1;
202300031066;155625459;A01;1;60;0;0;8;19;5;
202300031067;155625453;A01;1;43;0;2;1;1;1;
202300031067;155625454;B01;1;7;1;2;4;20;1;
202300031068;155625451;A01;3;7;0;2;2;1;1;
202300031068;155625452;B01;3;1;0;2;1;1;5;
202300031069;155625449;B01;1;7;0;2;3;1;1;
202300031069;155625450;A01;2;30;0;2;1;13;1;
202300031070;155625448;A01;0;7;0;1;1;1;1;
202300031071;155625446;A01;1;7;0;9;1;1;1;
202300031071;155625447;B01;3;99;0;2;7;19;3;
202300031072;155625444;B01;3;14;0;2;7;1;1;
202300031072;155625445;A01;3;33;0;1;9;12;1;
202300031073;155625442;A01;3;7;15;2;0;13;1;
202300031073;155625443;B01;3;1;0;0;0;0;5;
202300031074;155625440;B01;1;50;9;0;1;5;3;
202300031074;155625441;A01;1;10;0;2;2;1;1;
202300031075;155625434;B01;2;7;0;2;2;1;2;
202300031075;155625435;A01;3;99;0;2;5;1;3;
202300031076;155625432;B01;3;7;0;2;1;1;1;
202300031076;155625433;A01;3;7;0;2;7;15;1;
202300031077;155625430;A01;1;7;0;2;2;15;1;
202300031077;155625431;B01;2;7;0;2;1;1;1;
202300031078;155625428;B01;3;33;0;2;3;1;1;
202300031078;155625429;A01;3;7;0;2;1;15;1;
202300031079;155625427;A01;3;50;12;0;0;1;3;
202300031080;155625425;B01;2;7;0;2;4;2;1;
202300031080;155625426;A01;1;7;0;2;1;1;1;
202300031081;155625423;A01;1;7;0;9;1;15;1;
202300031081;155625424;B01;1;80;0;2;1;1;3;
202300031082;155625422;A01;1;7;2;0;9;1;1;
202300031083;155625421;A01;3;33;6;0;3;26;1;
202300031084;155625420;A01;2;7;0;1;2;1;1;
202300031085;155625419;A01;3;50;1;0;1;1;3;
202300031086;155625417;B01;3;7;0;2;4;2;1;
202300031086;155625418;A01;3;7;0;2;1;2;1;
202300031087;155625416;A01;2;7;12;0;1;1;1;
202300031088;155625414;B01;3;7;6;2;7;1;1;
202300031088;155625415;A01;1;7;0;2;1;19;1;
202300031089;155625412;A01;3;7;0;2;3;26;1;
202300031089;155625413;B01;3;7;0;2;2;1;1;
202300031090;155625410;A01;1;7;0;9;2;5;1;
202300031090;155625411;B01;1;1;0;2;8;15;5;
202300031091;155625409;Z01;2;7;0;1;0;26;0;
202300031092;155625405;A01;1;7;4;0;1;1;1;
202300031093;155625404;A01;2;7;4;0;3;9;1;
202300031094;155625403;A01;1;7;0;1;2;9;2;
202300031095;155625399;A01;1;7;0;0;0;0;1;
202300031095;155625400;B01;1;7;0;2;3;1;1;
202300031096;155625398;A01;1;7;14;1;2;10;1;
202300031097;155625396;A01;2;7;0;2;3;13;1;
202300031097;155625397;B01;1;7;0;2;3;1;1;
202300031098;155625395;A01;2;7;1;2;2;5;1;
202300031099;155625394;A01;2;7;0;1;7;14;1;
202300031100;155625392;A01;1;7;1;2;8;11;1;
202300031100;155625393;B01;0;7;0;2;7;1;1;
202300031101;155625391;A01;1;32;12;0;9;0;1;
202300031102;155625390;A01;2;7;6;0;1;14;1;
202300031103;155625388;A01;1;7;0;2;2;15;1;
202300031103;155625389;B01;2;33;0;2;1;1;1;
202300031104;155625387;A01;2;10;0;1;3;1;6;
202300031105;155625386;A01;1;7;0;1;3;26;1;
202300031106;155625383;C01;1;7;0;2;7;2;1;
202300031106;155625384;A01;1;7;0;2;3;12;1;
202300031106;155625385;B01;1;7;0;2;5;2;1;
202300031107;155625381;A01;2;33;0;2;1;3;1;
202300031107;155625382;B01;2;31;0;2;4;3;1;
202300031108;155625379;A01;1;7;0;2;1;1;1;
202300031108;155625380;B01;1;7;0;2;4;1;1;
202300031109;155625377;A01;2;2;0;2;2;21;3;
202300031109;155625378;B01;2;7;0;2;3;21;1;
202300031110;155625375;A01;2;37;1;2;5;1;6;1.0
202300031110;155625376;B01;2;80;1;2;8;13;3;
202300031111;155625373;B01;1;7;0;2;6;1;2;
202300031111;155625374;A01;2;7;0;2;1;1;1;
202300031112;155625371;A01;2;1;0;2;1;2;5;
202300031112;155625372;B01;2;7;0;2;4;16;1;
202300031113;155625369;Z01;1;7;0;2;7;12;1;
202300031113;155625370;B01;1;33;0;2;3;1;1;
202300031114;155625368;A01;1;50;0;1;8;1;3;
202300031115;155625365;C01;1;7;0;2;7;23;1;
202300031115;155625366;A01;1;7;0;2;2;1;1;
202300031115;155625367;B01;1;7;0;2;6;23;1;
202300031116;155625363;B01;1;33;0;2;3;9;1;
202300031116;155625364;A01;1;33;0;2;2;17;1;
202300031117;155625362;A01;1;7;0;1;7;12;1;
202300031118;155625361;A01;2;7;0;1;2;16;2;
202300031119;155625359;A01;1;7;0;2;2;1;1;
202300031119;155625360;B01;1;33;0;2;6;1;1;
202300031120;155625357;B01;1;7;0;0;4;2;2;
202300031120;155625358;A01;1;7;0;0;1;2;1;
202300031121;155625356;A01;1;7;12;0;1;5;1;
202300031122;155625354;A01;1;7;0;2;1;2;1;
202300031122;155625355;B01;1;34;0;2;4;23;1;
202300031123;155625353;A01;2;7;0;1;3;1;1;
202300031124;155625351;A01;2;7;0;2;5;10;6;
202300031124;155625352;B01;1;2;0;2;1;1;0;
202300031125;155625349;A01;1;10;0;2;1;2;1;
202300031125;155625350;B01;1;10;0;2;4;23;1;
202300031126;155625346;C01;1;7;0;2;1;0;0;
202300031126;155625347;A01;1;7;0;2;1;0;0;
202300031126;155625348;B01;1;7;0;2;1;0;0;
202300031127;155625344;A01;2;33;0;2;1;1;0;
202300031127;155625345;B01;1;7;0;2;7;15;0;
202300031128;155625342;A01;1;7;0;2;7;0;1;
202300031128;155625343;B01;3;7;0;2;0;0;0;
202300031129;155625340;A01;1;2;0;2;1;1;1;
202300031129;155625341;B01;1;7;0;2;3;1;0;
202300031130;155625339;A01;2;7;0;1;3;1;1;
202300031131;155625338;A01;1;2;12;0;2;19;1;
202300031132;155625337;A01;3;7;13;0;2;0;1;
202300031133;155625336;A01;1;7;2;0;1;1;0;
202300031134;155625334;A01;1;7;0;2;3;15;1;
202300031134;155625335;B01;2;33;0;2;1;1;1;
202300031135;155625332;A01;1;14;0;2;2;15;1;
202300031135;155625333;B01;2;33;0;2;1;1;1;
202300031136;155625330;A01;1;7;3;2;2;19;1;
202300031136;155625331;B01;2;14;0;2;1;1;1;
202300031137;155625328;B01;2;7;0;2;2;1;1;
202300031137;155625329;A01;2;7;0;2;1;19;1;
202300031138;155625327;A01;3;21;0;1;6;4;1;
202300031139;155625326;A01;2;7;2;0;9;1;1;
202300031140;155625323;A01;2;7;8;0;6;1;1;
202300031141;155625322;A01;2;50;12;0;2;1;3;
202300031142;155625320;A01;1;7;0;2;5;15;1;
202300031142;155625321;B01;1;2;0;2;1;2;1;
202300031143;155625318;B01;1;7;0;2;4;2;1;
202300031143;155625319;A01;1;2;0;2;1;1;1;
202300031144;155625316;A01;1;7;0;0;6;2;1;
202300031144;155625317;B01;1;33;0;0;1;2;1;
202300031145;155625315;A01;2;32;0;9;1;17;0;
202300031146;155625313;B01;1;21;0;0;0;15;1;
202300031146;155625314;A01;1;33;0;0;0;17;1;
202300031147;155625312;A01;1;7;0;1;2;1;1;
202300031148;155625311;A01;3;33;0;0;9;2;1;
202300031149;155625310;A01;1;7;8;0;1;13;0;
202300031150;155625309;A01;1;7;13;0;2;0;1;
202300031151;155625308;A01;3;1;0;0;0;1;5;
202300031152;155625306;A01;3;10;0;0;2;1;1;
202300031152;155625307;B01;3;60;0;0;8;1;5;
202300031153;155625304;A01;2;7;0;2;1;2;1;
202300031153;155625305;B01;2;7;0;2;4;2;1;
202300031154;155625302;A01;1;30;0;2;4;1;1;
202300031154;155625303;B01;1;7;0;2;1;2;0;
202300031155;155625301;A01;2;7;13;0;0;14;1;
202300031156;155625300;A01;2;2;12;0;0;1;1;
202300031157;155625298;A01;1;7;0;0;3;9;1;
202300031157;155625299;B01;2;50;0;2;1;1;3;
202300031158;155625296;A01;2;7;0;2;2;15;1;
202300031158;155625297;B01;1;7;0;2;3;1;1;
202300031159;155625295;A01;2;7;15;0;1;1;1;
202300031160;155625293;A01;2;33;0;2;1;1;1;
202300031160;155625294;B01;1;7;0;2;2;15;1;
202300031161;155625291;B01;1;33;0;2;1;1;1;
202300031161;155625292;A01;2;7;0;2;2;15;1;
202300031162;155625289;A01;1;7;0;2;1;1;0;
202300031162;155625290;B01;2;1;0;2;8;1;5;
202300031163;155625288;A01;2;33;0;0;7;1;1;
202300031164;155625287;A01;1;33;13;0;1;17;1;
202300031165;155625285;A01;2;7;0;2;1;15;1;
202300031165;155625286;B01;1;2;0;2;1;1;1;
202300031166;155625283;A01;1;7;0;2;2;19;1;
202300031166;155625284;B01;1;33;0;2;1;1;1;
202300031167;155625282;A01;2;33;13;0;1;1;1;
202300031168;155625281;A01;1;31;0;0;0;1;1;
202300031169;155625280;A01;0;43;3;0;2;1;1;
202300031170;155625279;A01;3;2;12;0;7;1;1;
202300031171;155625278;A01;2;33;0;0;0;1;1;
202300031172;155625277;A01;1;7;2;0;1;1;1;
202300031173;155625276;A01;2;1;0;0;0;1;5;
202300031174;155625275;A01;2;7;0;1;2;1;0;
202300031175;155625273;A01;1;33;0;2;1;17;0;
202300031175;155625274;B01;1;7;0;0;6;1;0;
202300031176;155625272;A01;1;21;0;0;1;1;1;
202300031177;155625270;A01;1;7;0;0;2;1;1;
202300031177;155625271;B01;1;1;0;2;6;1;5;
202300031178;155625269;A01;1;7;7;0;3;15;1;
202300031179;155625268;A01;2;7;2;0;0;1;1;
202300031180;155625267;A01;2;7;3;0;7;9;0;
202300031181;155625266;A01;1;33;8;0;1;1;1;
202300031182;155625264;A01;3;2;0;2;7;1;1;
202300031182;155625265;B01;3;7;0;2;3;15;1;
202300031183;155625263;A01;1;7;0;1;3;1;1;
202300031184;155625261;A01;1;7;0;2;3;17;1;
202300031184;155625262;B01;2;2;0;2;1;1;1;
202300031185;155625260;A01;1;7;6;0;0;26;1;
202300031186;155625259;A01;1;7;13;0;3;0;1;
202300031187;155625257;A01;1;7;0;2;3;19;1;
202300031187;155625258;B01;1;33;0;2;8;1;1;
202300031188;155625255;A01;1;10;16;0;1;1;1;
202300031189;155625253;A01;2;34;0;2;2;3;1;
202300031189;155625254;B01;2;7;0;2;6;15;1;
202300031190;155625251;A01;3;7;0;2;1;26;0;
202300031190;155625252;B01;3;31;0;2;4;2;1;
202300031191;155625249;B01;2;33;0;2;8;1;1;
202300031191;155625250;A01;2;7;0;2;3;15;1;
202300031192;155625247;A01;3;30;0;2;1;2;1;
202300031192;155625248;B01;3;7;0;2;1;9;1;
202300031193;155625246;A01;1;50;12;0;2;1;3;
202300031194;155625244;B01;1;1;0;2;1;1;5;
202300031194;155625245;A01;1;33;0;2;2;10;1;
202300031195;155625243;A01;3;7;9;0;1;15;1;
202300031196;155625242;A01;1;7;4;0;3;26;1;
202300031197;155625241;A01;2;7;14;0;1;19;1;
202300031198;155625240;A01;2;7;4;0;3;21;1;
202300031199;155625239;A01;1;33;0;0;0;1;1;
202300031200;155625236;A01;2;7;4;2;1;2;1;
202300031200;155625237;B01;2;7;4;2;4;2;1;
202300031200;155625238;C01;2;7;4;2;6;2;1;
202300031201;155625235;A01;2;7;3;0;2;14;1;
202300031202;155625233;A01;2;7;0;2;2;14;2;
202300031202;155625234;B01;2;34;0;2;4;1;3;
202300031203;155625231;B01;1;7;0;2;6;1;1;
202300031203;155625232;A01;1;31;0;2;1;17;1;
202300031204;155625230;A01;1;7;0;1;1;16;1;
202300031205;155625227;A01;1;7;0;2;2;2;1;
202300031205;155625228;B01;1;1;0;2;8;9;5;
202300031206;155625226;A01;3;2;12;0;1;0;3;
202300031207;155625225;A01;3;7;0;1;1;9;1;
202300031208;155625224;A01;2;33;0;0;1;1;1;
202300031209;155625222;A01;0;7;0;0;1;17;1;
202300031209;155625223;B01;0;7;0;0;1;1;1;
202300031210;155625221;A01;1;2;0;0;0;1;1;
202300031211;155625220;A01;1;7;0;1;2;16;1;
202300031212;155625218;B01;1;50;0;2;1;1;3;
202300031212;155625219;A01;2;7;0;2;1;15;0;
202300031213;155625217;A01;2;1;0;1;1;1;5;
202300031214;155625215;A01;2;10;0;2;3;15;1;
202300031214;155625216;B01;2;31;0;2;7;3;1;
202300031215;155625214;A01;2;10;0;1;6;26;1;
202300031216;155625209;A01;3;10;0;2;1;1;1;
202300031216;155625210;B01;2;60;0;2;1;5;5;
202300031217;155625208;A01;3;7;0;1;1;1;1;
202300031218;155625207;A01;1;10;0;1;1;15;1;
202300031219;155625206;A01;1;10;0;1;1;1;1;
202300031220;155625205;A01;2;7;0;1;2;1;1;
202300031221;155625203;B01;2;7;0;2;2;15;1;
202300031221;155625204;A01;1;7;0;2;3;1;3;
202300031222;155625201;A01;2;30;0;2;1;1;1;
202300031222;155625202;B01;1;7;0;2;0;16;1;
202300031223;155625200;A01;1;7;12;0;1;1;1;
202300031224;155625197;C01;2;7;8;0;1;23;1;
202300031224;155625198;B01;2;7;1;2;1;2;1;
202300031224;155625199;A01;2;7;1;2;4;2;1;
202300031225;155625196;A01;3;7;0;1;2;1;3;
202300031226;155625195;A01;2;37;0;1;6;1;1;1.0
202300031227;155625194;A01;1;50;0;2;2;1;1;
202300031228;155625192;A01;2;7;0;2;1;1;1;
202300031228;155625193;B01;1;7;0;2;4;2;1;
202300031229;155625191;A01;1;7;0;1;1;1;1;
202300031230;155625189;A01;3;7;0;2;3;15;1;
202300031230;155625190;B01;3;7;0;2;3;16;1;
202300031231;155625187;B01;3;7;0;2;1;15;1;
202300031231;155625188;A01;3;7;0;2;1;1;1;
202300031232;155625186;A01;3;7;0;1;1;15;1;
202300031233;155625184;B01;2;7;0;2;1;1;1;
202300031233;155625185;A01;1;7;0;2;6;1;1;
202300031234;155625183;A01;1;10;0;1;1;15;1;
202300031235;155625182;A01;1;7;0;1;1;1;1;
202300031236;155625180;A01;1;7;0;2;3;16;1;
202300031236;155625181;B01;1;7;0;2;2;1;1;
202300031237;155625179;A01;1;7;0;0;9;1;1;
202300031238;155625177;A01;1;7;0;2;2;15;1;
202300031238;155625178;B01;1;50;0;2;1;5;3;
202300031239;155625174;A01;1;7;0;2;1;2;1;
202300031239;155625175;B01;1;7;0;2;1;0;1;
202300031239;155625176;C01;1;7;0;2;4;2;1;
202300031240;155625172;B01;1;7;0;0;0;0;1;
202300031240;155625173;A01;1;7;0;2;1;19;1;
202300031241;155625170;A01;3;7;0;2;4;1;0;
202300031241;155625171;B01;3;7;0;2;1;1;0;
202300031242;155625168;A01;1;7;0;2;1;1;1;
202300031242;155625169;B01;1;7;0;2;3;15;1;
202300031243;155625167;A01;1;7;14;0;1;1;1;
202300031244;155625165;A01;2;7;0;2;3;16;1;
202300031244;155625166;B01;2;50;0;2;5;1;3;
202300031245;155625164;A01;1;7;0;1;1;1;1;
202300031246;155625163;A01;1;7;0;1;2;1;1;
202300031247;155625161;A01;0;7;0;2;8;23;1;
202300031247;155625162;B01;0;50;0;2;2;1;3;
202300031248;155625159;A01;1;7;0;2;2;1;1;
202300031248;155625160;B01;1;3;0;2;1;1;1;
202300031249;155625158;A01;1;37;0;1;0;26;1;1.0
202300031250;155625156;B01;2;7;0;2;8;1;1;
202300031250;155625157;A01;2;7;0;2;7;1;1;
202300031251;155625152;D01;1;7;0;2;1;0;1;
202300031251;155625153;A01;1;7;0;2;1;2;1;
202300031251;155625154;B01;1;7;0;2;4;2;1;
202300031251;155625155;C01;1;7;0;2;1;2;1;
202300031252;155625150;B01;1;10;0;2;4;20;1;
202300031252;155625151;A01;1;2;0;2;0;1;1;
202300031253;155625149;A01;2;10;0;1;3;0;1;
202300031254;155625147;A01;1;2;0;2;7;1;1;
202300031254;155625148;B01;2;7;0;2;1;13;1;
202300031255;155625146;A01;1;10;0;1;2;1;1;
202300031256;155625144;B01;3;14;0;2;1;1;1;
202300031256;155625145;A01;3;7;0;2;7;1;1;
202300031257;155625142;A01;1;7;0;2;3;15;1;
202300031257;155625143;B01;2;33;8;2;1;1;1;
202300031258;155625140;A01;2;7;0;2;1;1;1;
202300031258;155625141;B01;3;1;0;2;4;1;5;
202300031259;155625138;B01;1;13;0;2;8;1;1;
202300031259;155625139;A01;1;7;3;2;7;14;1;
202300031260;155625137;A01;2;7;0;0;9;26;1;
202300031261;155625134;C01;1;7;0;2;4;1;0;
202300031261;155625135;A01;1;7;0;2;1;1;1;
202300031261;155625136;B01;1;7;0;2;4;1;1;
202300031262;155625133;A01;0;7;0;1;3;15;0;
202300031263;155625131;B01;1;1;0;2;4;1;5;
202300031263;155625132;A01;2;7;0;2;1;1;1;
202300031264;155625129;B01;3;7;0;2;4;23;2;
202300031264;155625130;A01;3;7;0;2;1;1;1;
202300031265;155625127;A01;0;7;0;2;3;1;1;
202300031265;155625128;B01;3;1;0;2;1;15;5;
202300031266;155625126;A01;0;7;0;1;3;1;1;
202300031267;155625125;A01;1;7;4;0;3;13;1;
202300031268;155625123;A01;0;7;0;2;1;1;1;
202300031268;155625124;B01;0;7;0;2;2;1;1;
202300031269;155625121;A01;2;7;1;2;2;14;1;
202300031269;155625122;B01;2;30;0;2;1;1;1;
202300031270;155625119;B01;1;10;0;2;1;1;1;
202300031270;155625120;A01;1;50;0;2;8;15;3;
202300031271;155625117;A01;1;7;0;2;2;10;0;
202300031271;155625118;B01;1;33;0;2;1;1;0;
202300031272;155625115;A01;0;7;12;0;1;13;1;
202300031272;155625116;B01;0;10;12;0;1;1;1;
202300031273;155625113;A01;3;7;0;2;1;5;1;
202300031273;155625114;B01;3;7;0;2;1;2;1;
202300031274;155625112;A01;1;7;0;1;1;16;0;
202300031275;155625111;A01;1;80;0;1;1;0;3;
202300031276;155625110;A01;3;7;0;1;3;15;1;
202300031277;155625109;A01;3;7;0;1;1;1;1;
202300031278;155625107;A01;2;7;0;2;2;2;1;
202300031278;155625108;B01;2;7;0;2;6;1;1;
202300031279;155625104;C01;2;7;0;2;4;1;1;
202300031279;155625105;B01;2;14;0;2;8;1;1;
202300031279;155625106;A01;2;32;0;2;2;18;1;
202300031280;155625101;C01;2;7;0;2;5;1;3;
202300031280;155625102;B01;2;10;0;2;8;1;1;
202300031280;155625103;A01;2;32;0;2;7;13;1;
202300031281;155625099;A01;2;10;0;2;2;1;1;
202300031281;155625100;B01;3;50;0;2;8;19;3;
202300031282;155625098;A01;2;7;0;1;3;1;1;
202300031283;155625097;A01;2;33;0;0;8;1;1;
202300031284;155625096;A01;1;37;0;1;2;1;1;1.0
202300031285;155625094;A01;3;7;0;2;7;15;3;
202300031285;155625095;B01;3;34;0;2;7;15;1;
202300031286;155625092;B01;1;7;0;2;3;15;2;
202300031286;155625093;A01;1;7;0;1;2;17;1;
202300031287;155625090;A01;1;7;0;2;1;17;1;
202300031287;155625091;B01;1;43;0;2;1;1;1;
202300031288;155625088;A01;1;1;0;2;1;1;5;
202300031288;155625089;B01;1;80;0;2;4;1;3;
202300031289;155625087;A01;2;50;0;1;1;1;3;
202300031290;155625085;A01;1;33;0;2;3;17;1;
202300031290;155625086;B01;2;33;0;2;3;17;1;
202300031291;155625084;A01;1;7;1;0;1;1;1;
202300031292;155625082;A01;1;2;0;2;4;26;3;
202300031292;155625083;B01;1;10;0;2;3;26;0;
202300031293;155625080;B01;1;34;0;2;1;2;1;
202300031293;155625081;A01;1;7;0;2;3;15;1;
202300031294;155625079;A01;2;7;0;1;3;15;1;
202300031295;155625078;A01;3;7;0;1;3;15;1;
202300031296;155625076;A01;3;7;0;2;1;26;1;
202300031296;155625077;B01;3;10;1;0;4;24;1;
202300031297;155625075;A01;2;3;0;0;0;1;0;
202300031298;155625073;B01;1;1;0;2;1;0;5;
202300031298;155625074;A01;3;3;0;9;4;2;0;
202300031299;155625071;A01;2;7;0;2;3;15;1;
202300031299;155625072;B01;2;43;0;2;2;17;1;
202300031300;155625070;A01;1;0;0;1;0;7;0;
202300031301;155625068;A01;2;10;0;9;8;22;1;
202300031301;155625069;B01;2;1;1;0;1;1;5;
202300031302;155625067;A01;1;7;0;1;0;2;0;
202300031303;155625065;B01;2;33;0;2;3;1;1;
202300031303;155625066;A01;3;7;0;2;1;15;1;
202300031304;155625064;A01;2;7;0;1;7;2;0;
202300031305;155625062;A01;2;2;0;2;1;1;1;
202300031305;155625063;B01;1;7;0;2;2;15;1;
202300031306;155625059;C01;2;7;0;2;4;23;1;
202300031306;155625060;B01;2;7;0;2;2;17;1;
202300031306;155625061;A01;2;7;0;2;1;1;1;
202300031307;155625057;Z01;1;0;0;2;0;0;0;
202300031307;155625058;B01;1;33;0;2;6;1;1;
202300031308;155625053;C01;2;7;0;2;1;1;1;
202300031308;155625054;B01;2;7;0;2;8;1;1;
202300031308;155625055;A01;2;15;0;2;6;12;1;
202300031308;155625056;D01;2;15;0;2;2;1;1;
202300031309;155625051;A01;2;17;0;2;1;1;1;
202300031309;155625052;B01;2;7;0;2;4;23;1;
202300031310;155625050;A01;1;33;16;0;7;26;1;
202300031311;155625046;A01;2;7;0;2;3;13;0;
202300031311;155625048;B01;2;33;0;2;2;3;1;
202300031312;155625045;A01;1;10;0;2;3;20;1;
202300031312;155625047;B01;1;2;0;2;2;2;3;
202300031313;155625042;B01;2;7;0;2;6;1;1;
202300031313;155625043;A01;2;7;0;2;1;15;1;
202300031314;155625041;A01;1;7;0;1;2;1;1;
202300031315;155625039;A01;1;30;0;2;1;1;1;
202300031315;155625040;B01;3;7;0;2;0;5;1;
202300031316;155625037;B01;3;7;0;2;2;2;1;
202300031316;155625038;A01;3;7;0;2;1;13;1;