Num_Acc;id_vehicule;num_veh;senc;catv;obs;obsm;choc;manv;motor;occutc
202300031317;155625036;A01;2;7;0;0;0;1;1;
202300031318;155625034;A01;1;7;0;1;1;15;1;
202300031319;155625032;A01;1;34;0;2;3;17;1;
202300031319;155625033;B01;1;7;0;2;3;1;1;
202300031319;155625035;C01;2;7;0;2;6;21;1;
202300031320;155625030;A01;1;33;3;0;1;0;1;
202300031321;155625029;A01;1;30;0;2;1;1;1;
202300031321;155625031;B01;2;32;0;2;1;15;1;
202300031322;155625028;A01;1;7;1;0;3;16;1;
202300031323;155625025;A01;2;10;0;2;1;9;1;
202300031323;155625027;B01;2;1;0;2;7;26;5;
202300031324;155625024;A01;3;7;0;2;1;1;1;
202300031324;155625026;B01;3;7;0;2;6;15;2;
202300031325;155625022;A01;1;7;0;2;1;12;1;
202300031325;155625023;B01;1;1;0;2;4;1;5;
202300031326;155625019;A01;0;33;0;0;0;26;1;
202300031327;155625016;A01;2;7;0;2;3;1;1;
202300031327;155625018;B01;3;1;0;2;2;0;5;
202300031328;155625015;A01;2;7;0;2;2;1;1;
202300031328;155625017;B01;2;31;0;2;3;9;1;
202300031329;155625014;A01;2;30;14;0;1;25;1;
202300031330;155625012;A01;1;7;0;2;7;11;1;
202300031330;155625013;B01;1;33;4;2;7;0;1;
202300031331;155625009;B01;1;32;0;2;1;1;1;
202300031331;155625010;A01;2;7;0;2;5;15;1;
202300031332;155625008;A01;3;50;0;9;1;1;3;
202300031333;155625007;A01;3;7;0;9;3;26;1;
202300031334;155625005;A01;0;7;1;0;1;0;1;
202300031334;155625006;B01;0;15;1;2;1;24;0;
202300031335;155625004;A01;2;10;0;1;1;16;1;
202300031336;155625003;A01;0;7;0;9;9;1;0;
202300031337;155625002;A01;3;2;1;0;1;13;1;
202300031338;155624999;A01;1;7;0;2;8;15;1;
202300031338;155625001;B01;1;32;0;2;2;17;1;
202300031339;155625000;A01;3;7;0;1;2;13;1;
202300031340;155624997;A01;2;30;0;0;8;16;1;
202300031341;155624996;B01;0;7;0;2;8;19;1;
202300031341;155624998;A01;1;7;0;2;2;1;1;
202300031342;155624994;A01;0;7;0;2;8;11;1;
202300031342;155624995;B01;0;43;0;2;7;1;1;
202300031343;155624992;A01;1;7;0;2;3;15;1;
202300031343;155624993;B01;1;7;6;2;2;17;1;
202300031344;155624991;A01;2;7;0;1;8;1;1;
202300031345;155624989;A01;1;7;0;9;7;19;1;
202300031345;155624990;B01;1;2;0;2;1;1;1;
202300031346;155624988;A01;0;7;0;1;0;1;0;
202300031347;155624986;A01;1;10;0;1;2;26;1;
202300031348;155624978;A01;1;10;0;1;3;1;1;
202300031349;155624974;A01;2;7;1;0;2;14;1;
202300031349;155624976;B01;2;17;0;2;6;24;1;
202300031350;155624975;B01;3;7;0;2;1;1;1;
202300031350;155624977;A01;3;7;0;2;8;1;1;
202300031351;155624972;A01;1;7;2;0;3;13;1;
202300031352;155624969;A01;1;7;0;2;8;11;2;
202300031352;155624971;B01;1;7;1;2;7;1;1;
202300031352;155624973;C01;1;7;0;2;5;0;2;
202300031353;155624968;A01;3;7;0;2;2;19;1;
202300031353;155624970;B01;3;7;0;2;1;2;1;
202300031354;155624964;A01;1;33;0;1;8;2;1;
202300031355;155624963;B01;1;7;0;2;4;23;1;
202300031355;155624965;A01;1;7;1;0;1;1;1;
202300031356;155624961;B01;1;80;1;0;1;21;3;
202300031356;155624962;A01;1;10;0;2;8;24;1;
202300031357;155624959;B01;1;7;0;2;0;1;1;
202300031357;155624960;A01;0;7;0;2;0;0;1;
202300031358;155624957;A01;1;7;0;2;3;13;1;
202300031358;155624958;B01;2;7;0;2;3;0;1;
202300031359;155624955;B01;1;7;0;2;1;1;1;
202300031359;155624956;A01;2;7;0;2;1;17;1;
202300031360;155624954;A01;1;7;8;0;2;16;1;
202300031361;155624952;A01;0;7;0;2;7;2;1;
202300031361;155624953;B01;0;7;0;2;6;2;1;
202300031362;155624949;A01;1;7;0;2;2;22;1;
202300031362;155624951;B01;1;1;0;2;1;1;5;
202300031363;155624948;A01;1;2;0;2;1;1;1;
202300031363;155624950;B01;3;7;0;2;1;1;1;
202300031364;155624945;A01;2;7;9;0;1;1;1;
202300031365;155624946;A01;3;10;0;2;4;20;1;
202300031365;155624947;B01;3;1;0;2;1;1;5;
202300031366;155624944;A01;2;7;0;1;1;1;1;
202300031367;155624940;A01;1;7;0;2;1;2;3;
202300031367;155624942;B01;1;7;0;2;4;23;1;
202300031367;155624943;C01;1;7;0;2;4;23;1;
202300031368;155624939;B01;1;50;0;2;1;15;3;
202300031368;155624941;A01;2;7;0;9;1;1;1;
202300031369;155624936;A01;2;1;1;2;0;1;5;
202300031369;155624938;B01;2;7;0;2;0;22;1;
202300031370;155624935;A01;1;7;0;2;1;1;1;
202300031370;155624937;B01;2;7;0;2;1;1;1;
202300031371;155624932;A01;1;7;0;2;1;1;1;
202300031371;155624934;B01;1;1;0;2;7;1;5;
202300031372;155624931;B01;1;7;0;2;2;1;1;
202300031372;155624933;A01;1;7;0;2;3;1;1;
202300031373;155624930;A01;0;7;0;1;1;15;0;
202300031374;155624929;A01;2;7;6;0;1;15;1;
202300031375;155624927;B01;1;33;0;2;7;1;1;
202300031375;155624928;A01;1;7;0;2;1;1;1;
202300031376;155624925;B01;2;7;0;2;8;1;1;
202300031376;155624926;A01;1;50;0;2;1;15;3;
202300031377;155624923;B01;1;32;0;2;4;1;1;
202300031377;155624924;A01;1;7;0;2;0;0;0;
202300031378;155624921;A01;1;7;0;2;2;1;1;
202300031378;155624922;B01;1;31;0;2;3;2;1;
202300031379;155624920;A01;2;7;4;0;9;13;1;
202300031380;155624918;A01;1;7;0;1;6;15;1;
202300031381;155624917;A01;1;7;0;2;3;13;1;
202300031381;155624919;B01;2;7;0;2;2;1;1;
202300031382;155624914;B01;3;7;0;2;4;11;1;
202300031382;155624916;A01;3;7;0;2;1;1;1;
202300031383;155624913;A01;2;14;0;2;1;1;1;
202300031383;155624915;B01;1;7;0;2;1;13;1;
202300031384;155624912;A01;2;7;9;2;9;2;0;
202300031385;155624911;A01;1;7;13;0;2;2;1;
202300031386;155624909;A01;1;15;3;0;8;1;1;
202300031387;155624908;A01;2;7;0;2;3;16;1;
202300031387;155624910;B01;1;7;0;2;3;1;1;
202300031388;155624906;A01;1;7;0;2;3;1;1;
202300031388;155624907;B01;2;7;0;2;3;21;1;
202300031389;155624904;A01;2;7;0;2;1;2;1;
202300031389;155624905;B01;2;7;0;2;4;1;1;
202300031390;155624902;A01;1;1;0;2;1;2;5;
202300031390;155624903;B01;1;1;0;2;4;2;5;
202300031391;155624901;A01;1;10;0;1;3;1;1;
202300031392;155624900;A01;1;7;13;0;2;21;0;
202300031393;155624899;A01;2;7;0;1;1;1;0;
202300031394;155624897;A01;2;7;13;2;3;0;1;
202300031394;155624898;B01;1;7;0;2;3;0;1;
202300031395;155624896;A01;1;7;16;0;7;14;1;
202300031396;155624895;A01;1;2;0;0;0;0;1;
202300031397;155624893;A01;1;7;0;2;7;15;1;
202300031397;155624894;B01;1;32;0;2;7;1;1;
202300031398;155624892;A01;2;7;6;0;1;0;1;
202300031399;155624889;A01;2;7;0;2;1;15;1;
202300031399;155624891;B01;2;7;0;2;1;1;1;
202300031400;155624888;A01;2;7;0;2;1;0;1;
202300031400;155624890;B01;2;7;2;0;4;2;1;
202300031401;155624886;A01;1;33;0;0;9;1;1;
202300031402;155624885;A01;1;7;0;2;1;26;1;
202300031402;155624887;B01;1;2;0;2;4;23;1;
202300031403;155624883;A01;1;7;0;1;1;1;1;
202300031404;155624884;A01;2;7;2;0;3;1;1;
202300031405;155624879;A01;1;7;0;2;1;1;1;
202300031405;155624881;B01;0;7;0;2;1;1;1;
202300031406;155624880;B01;1;1;0;2;4;16;5;
202300031406;155624882;A01;1;7;0;2;2;16;1;
202300031407;155624878;A01;1;1;0;0;0;1;5;
202300031408;155624877;A01;2;7;4;0;3;1;1;
202300031409;155624876;A01;1;7;13;0;1;0;1;
202300031410;155624874;A01;3;17;0;2;1;16;1;
202300031410;155624875;B01;1;7;0;2;1;1;1;
202300031411;155624873;A01;2;7;0;1;4;4;1;
202300031412;155624869;A01;1;7;0;0;3;26;1;
202300031412;155624871;B01;2;30;0;0;1;0;1;
202300031413;155624870;B01;3;2;0;2;1;1;1;
202300031413;155624872;A01;0;7;0;2;3;15;1;
202300031414;155624868;A01;2;7;1;0;2;0;0;
202300031415;155624866;A01;0;7;0;0;5;1;1;
202300031416;155624863;A01;1;7;14;0;9;1;1;
202300031417;155624862;B01;3;7;0;2;1;1;1;
202300031417;155624864;A01;3;7;0;2;1;13;1;
202300031418;155624861;A01;2;33;0;0;9;1;1;
202300031419;155624860;A01;3;7;0;1;3;1;1;
202300031420;155624858;A01;2;33;6;2;3;1;1;
202300031420;155624859;B01;1;7;0;2;6;9;1;
202300031421;155624857;A01;1;7;0;1;2;16;1;
202300031422;155624856;A01;2;7;0;1;2;1;1;
202300031423;155624853;A01;1;7;2;0;7;13;1;
202300031424;155624854;A01;3;7;0;2;1;9;1;
202300031424;155624855;B01;3;7;0;2;4;9;1;
202300031425;155624852;A01;0;33;1;0;1;1;1;
202300031426;155624851;A01;2;7;0;1;1;1;1;
202300031427;155624850;A01;2;7;9;0;1;1;1;
202300031428;155624848;B01;2;7;8;2;1;15;2;
202300031428;155624849;A01;2;7;0;2;1;18;1;
202300031429;155624846;A01;3;7;0;2;3;15;1;
202300031429;155624847;B01;0;33;0;1;7;17;1;
202300031430;155624845;A01;1;7;0;1;1;1;1;
202300031431;155624843;A01;1;7;0;2;7;17;0;
202300031431;155624844;B01;1;1;0;0;8;1;5;
202300031432;155624841;A01;1;7;14;0;1;14;1;
202300031433;155624840;A01;2;1;0;2;1;5;5;
202300031433;155624842;B01;1;7;0;2;1;1;1;
202300031434;155624836;A01;1;10;0;2;1;1;1;
202300031434;155624837;C01;1;7;0;2;4;1;1;
202300031434;155624839;B01;1;7;0;2;4;1;1;
202300031435;155624835;A01;1;31;0;2;1;13;1;
202300031435;155624838;B01;2;7;0;2;3;1;1;
202300031436;155624834;A01;1;7;0;0;0;1;1;
202300031437;155624833;A01;1;7;0;1;3;15;1;
202300031438;155624831;B01;1;7;13;2;4;1;1;
202300031438;155624832;A01;1;43;0;2;1;1;1;
202300031439;155624828;B01;1;2;0;2;1;1;1;
202300031439;155624830;A01;1;10;0;2;4;26;1;
202300031440;155624826;C01;1;7;0;2;3;21;1;
202300031440;155624827;B01;1;7;0;2;5;1;1;
202300031440;155624829;A01;2;7;0;0;0;13;0;
202300031441;155624823;B01;2;7;0;2;1;1;0;
202300031441;155624825;A01;2;7;8;2;1;19;1;
202300031442;155624822;A01;1;7;0;2;3;1;1;
202300031442;155624824;B01;2;33;0;2;3;13;1;
202300031443;155624821;A01;1;30;0;1;0;17;1;
202300031444;155624818;A01;1;7;0;2;8;5;1;
202300031444;155624820;B01;2;7;0;2;3;1;1;
202300031445;155624817;B01;2;32;0;2;1;17;1;
202300031445;155624819;A01;2;7;0;2;4;1;1;
202300031446;155624814;A01;2;7;0;0;0;0;1;
202300031446;155624816;B01;2;36;0;0;9;0;1;
202300031447;155624813;B01;2;33;0;2;1;1;1;
202300031447;155624815;A01;2;7;0;2;8;15;1;
202300031448;155624811;A01;1;7;13;0;9;1;1;
202300031449;155624808;A01;2;10;0;2;2;17;1;
202300031449;155624809;B01;2;1;0;0;4;2;5;
202300031450;155624807;B01;1;7;0;2;7;1;1;
202300031450;155624810;C01;2;7;14;0;1;0;1;
202300031450;155624812;A01;3;7;0;2;1;15;1;
202300031451;155624806;A01;2;33;0;0;9;15;1;
202300031452;155624803;A01;2;2;7;0;0;0;1;
202300031453;155624805;A01;1;34;0;1;1;2;1;
202300031454;155624801;B01;1;30;0;2;7;3;1;
202300031454;155624802;A01;1;7;0;2;3;19;1;
202300031455;155624798;A01;3;7;0;2;1;16;1;
202300031455;155624800;B01;3;7;0;2;7;1;1;
202300031456;155624797;B01;1;1;0;2;3;15;5;
202300031456;155624799;A01;1;7;0;2;2;17;0;
202300031457;155624796;A01;1;33;0;0;0;1;1;
202300031458;155624794;A01;3;7;0;2;3;1;1;
202300031458;155624795;B01;3;7;0;2;3;13;1;
202300031459;155624792;B01;1;7;0;2;1;1;0;
202300031459;155624793;A01;2;7;0;2;1;13;0;
202300031460;155624790;A01;3;7;0;0;6;15;1;
202300031460;155624791;B01;2;33;0;2;1;1;1;
202300031461;155624789;A01;2;10;13;0;3;13;1;
202300031462;155624788;A01;2;1;3;0;9;21;5;
202300031463;155624786;A01;3;7;1;1;1;5;1;
202300031463;155624787;B01;3;7;1;0;6;20;1;
202300031464;155624785;A01;2;1;0;6;1;1;5;
202300031465;155624784;A01;1;7;2;0;7;1;1;
202300031466;155624781;C01;2;1;0;0;1;1;5;
202300031466;155624782;A01;2;1;0;5;1;1;5;
202300031466;155624783;B01;2;1;16;0;1;1;5;
202300031467;155624779;A01;2;7;0;2;2;15;1;
202300031467;155624780;B01;1;1;0;2;1;1;5;
202300031468;155624777;A01;2;7;0;2;3;1;1;
202300031468;155624778;B01;2;2;0;2;1;1;1;
202300031469;155624776;A01;0;7;0;0;0;0;0;
202300031470;155624772;A01;1;7;0;9;3;17;1;
202300031470;155624773;B01;1;1;0;2;8;1;5;
202300031470;155624774;C01;1;1;0;2;8;1;5;
202300031470;155624775;D01;1;1;0;2;8;1;5;
202300031471;155624771;A01;2;3;0;0;8;13;1;
202300031472;155624770;A01;2;33;0;0;8;15;1;
202300031473;155624768;A01;1;7;16;2;1;2;1;
202300031473;155624769;B01;1;7;0;0;4;1;1;
202300031474;155624766;A01;2;7;0;2;3;0;1;
202300031474;155624767;B01;1;7;0;2;3;0;1;
202300031475;155624765;A01;1;33;0;0;9;1;1;
202300031476;155624763;A01;1;2;0;2;1;13;1;
202300031476;155624764;B01;2;7;0;2;2;1;1;
202300031477;155624761;A01;1;2;0;1;1;0;3;
202300031478;155624760;A01;1;14;0;1;3;1;1;
202300031479;155624757;C01;2;7;0;0;4;1;1;
202300031479;155624758;A01;2;7;15;2;7;14;1;
202300031479;155624759;B01;2;7;0;2;8;1;1;
202300031480;155624756;A01;2;7;3;0;1;21;1;
202300031481;155624754;A01;1;7;0;2;5;2;1;
202300031481;155624755;B01;1;33;0;2;1;2;1;
202300031482;155624751;A01;2;7;0;2;1;2;1;
202300031482;155624752;B01;2;7;0;0;4;2;2;
202300031482;155624753;C01;2;7;0;0;8;2;1;
202300031483;155624750;A01;3;33;14;0;1;1;1;
202300031484;155624749;A01;1;33;5;0;0;1;1;
202300031485;155624746;B01;2;7;0;2;4;1;1;
202300031485;155624747;C01;2;7;0;2;4;1;1;
202300031485;155624748;A01;2;7;0;2;1;1;1;
202300031486;155624745;A01;3;10;13;0;2;14;1;
202300031487;155624744;A01;1;7;0;1;3;21;1;
202300031488;155624742;B01;1;7;0;2;1;1;1;
202300031488;155624743;A01;2;10;0;2;3;13;1;
202300031489;155624739;B01;1;13;16;2;5;1;1;
202300031489;155624740;C01;2;7;0;2;1;1;1;
202300031489;155624741;A01;1;10;0;2;1;1;1;
202300031490;155624738;A01;1;7;2;0;1;1;1;
202300031491;155624736;A01;1;32;0;2;1;2;1;
202300031491;155624737;B01;1;32;0;2;6;2;1;
202300031492;155624734;A01;2;33;0;2;1;17;1;
202300031492;155624735;B01;2;7;0;2;3;15;0;
202300031493;155624732;A01;1;7;0;2;8;11;1;
202300031493;155624733;B01;1;50;0;2;1;1;3;
202300031494;155624730;A01;2;7;0;2;3;13;0;
202300031494;155624731;B01;1;33;13;2;3;1;1;
202300031495;155624728;A01;3;7;0;2;1;13;1;
202300031495;155624729;B01;3;10;0;2;6;0;1;
202300031496;155624727;A01;3;7;0;0;0;0;1;
202300031497;155624726;A01;2;2;0;0;9;1;1;
202300031498;155624724;A01;1;33;12;2;5;1;1;
202300031498;155624725;B01;3;7;0;2;5;26;1;
202300031499;155624723;A01;0;7;6;0;1;2;0;
202300031500;155624721;A01;2;7;0;2;3;13;1;
202300031500;155624722;B01;1;7;0;2;3;1;1;
202300031501;155624720;A01;3;7;0;1;5;4;1;
202300031502;155624719;A01;3;50;0;0;1;1;3;
202300031503;155624718;A01;1;7;6;0;3;2;0;
202300031504;155624716;B01;1;31;0;2;1;1;1;
202300031504;155624717;A01;3;7;0;2;3;19;1;
202300031505;155624714;A01;1;7;0;2;0;0;1;
202300031505;155624715;B01;1;1;0;2;0;13;5;
202300031506;155624712;A01;3;7;0;2;3;15;1;
202300031506;155624713;B01;3;1;0;2;8;1;5;
202300031507;155624710;A01;1;7;0;0;4;2;2;
202300031507;155624711;B01;1;2;0;2;1;2;1;
202300031508;155624707;A01;1;7;0;2;8;1;1;
202300031508;155624708;B01;1;7;0;2;3;1;1;
202300031508;155624709;C01;1;7;0;2;1;9;1;
202300031509;155624705;A01;2;7;0;2;1;2;1;
202300031509;155624706;B01;2;7;0;2;4;2;1;
202300031510;155624704;A01;1;43;14;0;1;1;1;
202300031511;155624701;A01;1;99;0;2;3;1;1;
202300031511;155624702;B01;1;7;0;2;4;1;1;
202300031511;155624703;C01;1;7;0;2;4;1;1;
202300031512;155624700;A01;1;33;16;0;8;1;1;
202300031513;155624697;A01;2;34;0;2;7;1;1;
202300031513;155624699;Z01;2;7;0;0;0;0;0;
202300031514;155624696;A01;1;7;1;2;3;2;1;
202300031514;155624698;Z01;2;17;0;2;3;0;0;
202300031515;155624691;C01;2;7;0;2;4;1;1;
202300031515;155624693;D01;2;7;0;2;4;1;1;
202300031515;155624694;B01;2;7;0;2;1;1;1;
202300031515;155624695;A01;2;7;0;2;1;1;1;
202300031516;155624689;D01;1;7;0;2;8;1;1;
202300031516;155624690;A01;1;7;0;2;1;13;1;
202300031516;155624692;B01;2;7;0;2;8;1;1;
202300031517;155624687;B01;2;7;0;0;5;0;1;
202300031517;155624688;A01;2;7;0;2;1;1;1;
202300031518;155624684;A01;2;7;4;0;9;26;1;
202300031519;155624685;A01;2;7;0;2;1;2;0;
202300031519;155624686;B01;2;7;0;2;4;1;1;
202300031520;155624682;A01;3;7;6;0;1;1;0;
202300031521;155624681;A01;1;7;0;2;7;0;1;
202300031521;155624683;B01;1;7;0;2;0;1;1;
202300031522;155624679;A01;1;7;0;1;2;0;0;
202300031523;155624677;C01;2;33;0;2;3;21;1;
202300031523;155624678;A01;2;7;0;2;3;1;1;
202300031523;155624680;B01;2;7;0;2;2;12;1;
202300031524;155624676;A01;2;7;0;1;1;16;1;
202300031525;155624674;A01;1;36;0;2;3;13;1;
202300031525;155624675;B01;2;7;0;2;3;1;1;
202300031526;155624673;A01;1;7;15;0;2;14;1;
202300031527;155624672;A01;3;7;0;1;4;4;1;
202300031528;155624670;A01;3;10;0;1;1;1;1;
202300031529;155624671;A01;1;32;0;1;1;1;1;
202300031530;155624668;A01;1;7;0;2;3;9;1;
202300031530;155624669;B01;1;7;0;2;0;0;1;
202300031531;155624666;B01;2;7;0;2;2;1;1;
202300031531;155624667;A01;1;7;5;0;8;15;2;
202300031532;155624663;Z01;2;7;0;2;0;2;0;
202300031532;155624664;B01;2;7;0;2;8;23;1;
202300031532;155624665;C01;2;7;0;2;4;2;1;
202300031533;155624659;A01;1;7;0;2;2;16;1;
202300031533;155624661;B01;1;7;0;2;3;1;1;
202300031534;155624660;A01;1;7;0;9;1;9;1;
202300031534;155624662;B01;2;1;0;2;8;5;5;
202300031535;155624658;A01;3;30;0;1;0;0;1;
202300031536;155624657;A01;3;7;0;1;1;21;1;
202300031537;155624655;A01;1;7;0;2;2;14;1;
202300031537;155624656;B01;1;2;0;2;1;1;1;
202300031538;155624651;A01;2;7;0;2;1;5;1;
202300031538;155624653;B01;1;7;0;2;1;1;1;
202300031539;155624652;B01;1;50;0;2;3;1;3;
202300031539;155624654;A01;1;7;0;9;5;17;1;
202300031540;155624649;B01;1;7;0;2;8;1;1;
202300031540;155624650;A01;1;7;0;2;2;1;1;
202300031541;155624647;A01;1;7;0;2;1;1;1;
202300031541;155624648;B01;1;60;0;9;8;19;5;
202300031542;155624646;A01;2;7;9;0;2;1;0;
202300031543;155624640;A01;1;7;0;2;1;2;1;
202300031543;155624644;B01;1;7;0;2;4;1;1;
202300031544;155624634;A01;1;7;0;2;2;1;1;
202300031544;155624635;B01;1;32;0;2;3;16;1;
202300031545;155624633;A01;1;7;0;2;1;1;1;
202300031545;155624636;B01;1;7;0;2;3;1;1;
202300031546;155624631;A01;2;33;0;2;7;21;1;
202300031546;155624632;B01;2;33;0;2;8;16;1;
202300031547;155624629;B01;0;7;0;2;3;1;1;
202300031547;155624630;A01;0;7;7;2;1;9;1;
202300031548;155624628;A01;1;7;0;1;2;1;1;
202300031549;155624627;A01;2;33;12;0;1;14;1;
202300031550;155624625;B01;1;37;1;0;0;0;1;1.0
202300031550;155624626;A01;1;7;0;1;2;17;1;
202300031551;155624623;A01;2;33;0;0;1;26;1;
202300031552;155624622;A01;2;7;0;2;1;15;1;
202300031552;155624624;B01;2;50;0;2;3;1;3;
202300031553;155624621;A01;3;7;9;0;0;13;1;
202300031554;155624618;A01;3;7;0;2;2;15;1;
202300031554;155624619;B01;0;7;0;2;2;16;1;
202300031555;155624617;B01;2;7;0;2;3;1;1;
202300031555;155624620;A01;1;50;0;2;1;1;3;
202300031556;155624614;A01;2;7;0;1;2;2;1;
202300031557;155624613;A01;2;7;0;2;2;15;1;
202300031557;155624615;B01;1;1;0;2;1;1;5;
202300031558;155624612;A01;2;32;8;0;0;1;1;
202300031559;155624609;A01;1;7;0;0;3;16;1;
202300031559;155624610;B01;2;1;0;2;1;1;5;
202300031560;155624608;A01;1;7;0;2;3;9;1;
202300031560;155624611;B01;1;7;0;2;2;1;1;
202300031561;155624606;A01;2;7;0;2;2;19;1;
202300031561;155624607;B01;1;32;0;2;1;19;1;
202300031562;155624605;A01;3;32;0;0;8;1;1;
202300031563;155624604;A01;0;30;0;0;7;1;0;
202300031564;155624602;A01;1;7;0;0;1;17;1;
202300031565;155624601;B01;3;7;0;2;1;1;1;
202300031565;155624603;A01;3;7;0;2;1;21;1;
202300031566;155624600;A01;1;10;13;0;9;1;1;
202300031567;155624597;A01;1;7;0;1;7;1;1;
202300031568;155624596;A01;1;7;0;2;1;21;1;
202300031568;155624598;B01;1;7;0;2;1;16;1;
202300031568;155624599;C01;0;7;0;2;1;23;1;
202300031569;155624594;Z01;1;7;0;1;1;26;0;
202300031570;155624595;A01;1;7;6;0;2;13;1;
202300031571;155624592;A01;1;2;0;2;1;1;1;
202300031571;155624593;B01;1;7;0;2;8;16;1;
202300031572;155624591;A01;3;7;1;1;2;26;1;
202300031573;155624589;B01;2;50;0;2;0;0;3;
202300031573;155624590;A01;2;7;0;2;2;16;1;
202300031574;155624588;A01;3;7;0;1;5;1;1;
202300031575;155624587;A01;1;7;1;0;2;1;1;
202300031576;155624586;A01;3;7;0;1;1;26;1;
202300031577;155624583;A01;1;14;0;2;1;2;0;
202300031577;155624585;B01;1;7;0;2;4;1;1;
202300031578;155624584;A01;2;7;0;1;2;1;1;
202300031579;155624582;A01;2;2;0;0;7;1;1;
202300031580;155624580;B01;2;50;0;2;1;1;3;
202300031580;155624581;A01;2;7;0;2;6;10;1;
202300031581;155624579;A01;1;1;0;0;0;26;5;
202300031582;155624578;A01;2;30;1;0;1;1;1;
202300031583;155624577;A01;2;37;0;1;2;1;3;1.0
202300031584;155624575;A01;1;7;0;2;2;15;1;
202300031584;155624576;B01;0;33;0;2;1;1;1;
202300031585;155624574;A01;2;10;0;0;0;0;1;
202300031586;155624572;A01;1;7;0;2;3;15;1;
202300031586;155624573;B01;1;32;0;2;2;1;1;
202300031587;155624571;A01;1;7;0;0;1;0;1;
202300031588;155624570;A01;3;7;0;1;1;16;1;
202300031589;155624568;A01;3;7;0;2;1;1;1;
202300031589;155624569;B01;3;7;0;2;4;23;1;
202300031590;155624566;A01;1;33;16;0;8;1;1;
202300031591;155624565;B01;2;1;12;0;8;13;5;
202300031591;155624567;A01;2;7;0;9;7;17;1;
202300031592;155624563;A01;1;50;0;2;5;26;3;
202300031592;155624564;B01;1;7;0;2;3;2;1;
202300031593;155624561;A01;1;7;0;0;0;1;1;
202300031594;155624560;A01;3;10;0;1;2;1;2;
202300031595;155624558;A01;1;7;0;2;1;13;1;
202300031595;155624559;B01;2;7;0;2;1;0;1;
202300031595;155624562;C01;2;7;1;2;3;0;1;
202300031596;155624557;A01;1;32;0;0;2;0;0;
202300031597;155624553;A01;2;2;0;2;1;5;1;
202300031597;155624556;B01;3;7;0;2;8;23;1;
202300031598;155624554;Z01;2;1;0;1;0;1;5;
202300031599;155624552;A01;3;7;0;2;2;15;1;
202300031599;155624555;B01;3;33;0;2;1;0;1;
202300031600;155624550;A01;1;7;0;2;1;2;1;
202300031600;155624551;B01;1;7;0;0;4;2;1;
202300031601;155624546;A01;3;33;0;2;1;1;1;
202300031601;155624549;Z01;3;7;0;2;4;11;0;
202300031602;155624545;A01;1;31;0;2;1;13;1;
202300031602;155624547;B01;2;1;0;2;1;1;5;
202300031603;155624543;B01;1;30;0;2;1;16;1;
202300031603;155624548;A01;2;7;0;2;2;15;1;
202300031604;155624542;B01;1;7;0;2;7;14;1;
202300031604;155624544;A01;1;33;0;2;8;3;1;
202300031605;155624540;A01;3;7;0;1;7;20;2;
202300031606;155624538;A01;1;1;0;2;1;1;5;
202300031606;155624541;B01;1;1;0;2;3;1;5;
202300031607;155624536;C01;-1;7;-1;2;2;-1;-1;
202300031607;155624539;B01;0;7;0;1;3;1;1;
202300031608;155624534;C01;2;7;0;2;3;1;1;
202300031608;155624535;B01;2;7;0;2;9;1;1;
202300031608;155624537;A01;2;7;0;2;8;11;1;
202300031609;155624533;A01;1;7;8;0;2;1;1;
202300031610;155624532;A01;2;7;0;1;4;4;1;
202300031611;155624531;A01;0;7;2;0;1;0;1;
202300031612;155624529;A01;2;43;0;0;8;18;1;
202300031613;155624527;B01;1;10;0;2;4;23;1;
202300031613;155624530;A01;1;7;0;2;1;26;1;
202300031614;155624528;A01;1;7;8;1;1;16;1;
202300031615;155624524;A01;3;99;9;0;3;6;1;
202300031616;155624523;A01;3;7;0;2;3;9;1;
202300031616;155624526;B01;3;7;0;2;2;1;1;
202300031617;155624520;A01;1;7;0;2;1;17;1;
202300031617;155624522;B01;1;10;0;2;4;1;1;
202300031618;155624519;B01;1;7;0;2;4;2;1;
202300031618;155624521;C01;1;7;0;2;4;2;1;
202300031618;155624525;A01;1;10;0;2;1;2;1;
202300031619;155624518;A01;2;30;0;0;0;1;1;
202300031620;155624516;A01;2;15;3;0;7;1;1;
202300031621;155624515;Z01;2;7;0;2;0;0;0;
202300031621;155624517;A01;1;7;0;2;3;2;3;
202300031622;155624513;A01;1;7;0;2;5;2;2;
202300031622;155624514;B01;1;2;0;2;1;2;1;
202300031623;155624509;A01;1;7;0;2;3;13;1;
202300031623;155624511;B01;2;7;0;2;9;1;0;
202300031624;155624508;B01;1;33;0;2;1;17;1;
202300031624;155624512;A01;1;7;0;2;8;15;1;
202300031625;155624507;B01;3;1;0;0;0;0;5;
202300031625;155624510;A01;3;7;0;2;1;1;1;
202300031626;155624502;A01;1;7;0;1;1;26;1;
202300031627;155624505;B01;2;7;0;2;3;1;3;
202300031627;155624506;A01;1;32;0;2;3;13;3;
202300031628;155624501;A01;1;31;0;2;7;18;1;
202300031628;155624504;B01;2;1;0;2;2;1;5;
202300031629;155624499;A01;1;33;0;6;2;1;1;
202300031630;155624500;A01;2;7;0;2;2;15;1;
202300031630;155624503;B01;1;33;0;2;2;17;1;
202300031631;155624497;A01;1;37;0;1;1;15;1;1.0
202300031632;155624496;A01;1;2;0;1;3;1;1;