Num_Acc;id_vehicule;num_veh;senc;catv;obs;obsm;choc;manv;motor;occutc
202300031633;155624492;A01;1;7;0;2;4;0;0;
202300031633;155624498;B01;1;7;0;2;1;1;1;
202300031634;155624490;A01;1;7;0;2;1;2;1;
202300031634;155624494;B01;1;7;0;2;4;2;1;
202300031635;155624489;A01;2;7;0;2;2;12;1;
202300031635;155624493;B01;2;31;0;2;1;3;1;
202300031636;155624491;B01;0;31;0;2;1;0;1;
202300031636;155624495;A01;0;7;0;2;3;15;1;
202300031637;155624487;A01;1;7;0;2;0;2;1;
202300031638;155624485;A01;0;10;0;1;1;1;3;
202300031639;155624484;A01;2;80;0;2;2;14;3;
202300031639;155624486;B01;1;7;0;2;3;9;0;
202300031640;155624488;B01;1;50;0;0;0;21;3;
202300031641;155624482;B01;1;10;0;2;5;2;1;
202300031641;155624483;A01;1;33;0;2;5;2;1;
202300031642;155624480;A01;2;33;12;0;1;6;1;
202300031643;155624476;A01;2;7;0;2;3;1;1;
202300031643;155624481;B01;0;1;0;2;1;1;5;
202300031644;155624477;A01;1;33;3;0;8;1;1;
202300031645;155624475;B01;1;7;0;2;3;15;1;
202300031645;155624479;A01;1;2;0;2;2;17;1;
202300031646;155624478;A01;1;7;0;1;2;15;1;
202300031647;155624473;A01;3;7;0;2;8;15;1;
202300031647;155624474;B01;3;33;0;2;7;2;1;
202300031648;155624470;Z01;1;10;0;2;0;5;1;
202300031648;155624472;B01;2;43;0;2;0;21;1;
202300031649;155624469;A01;2;7;0;2;2;17;1;
202300031649;155624471;B01;2;7;2;2;0;1;1;
202300031650;155624467;A01;1;10;0;1;2;16;1;
202300031651;155624468;A01;2;7;0;1;2;5;1;
202300031652;155624465;B01;1;10;0;2;3;1;1;
202300031652;155624466;A01;2;7;0;2;1;1;1;
202300031653;155624462;A01;2;1;0;2;0;17;5;
202300031653;155624464;B01;2;1;8;2;0;1;5;
202300031654;155624461;A01;2;31;0;2;8;13;1;
202300031654;155624463;B01;1;7;0;2;8;1;1;
202300031655;155624460;A01;1;7;0;1;0;0;1;
202300031656;155624458;A01;2;7;0;2;2;15;1;
202300031656;155624459;B01;1;50;0;2;1;1;3;
202300031657;155624455;A01;3;33;0;0;0;13;1;
202300031658;155624454;A01;1;7;1;0;6;13;1;
202300031658;155624456;B01;1;80;0;2;1;17;3;
202300031659;155624453;A01;1;7;0;2;1;1;1;
202300031659;155624457;B01;2;2;0;2;7;3;1;
202300031660;155624452;A01;1;3;0;1;1;15;2;
202300031661;155624450;A01;1;7;8;0;2;14;0;
202300031662;155624449;A01;1;7;0;2;3;15;1;
202300031662;155624451;B01;2;33;0;2;3;1;1;
202300031663;155624447;A01;2;30;0;1;1;1;1;
202300031664;155624446;A01;1;7;0;2;1;15;1;
202300031664;155624448;B01;2;1;0;2;1;5;5;
202300031665;155624441;B01;1;10;0;2;2;1;1;
202300031665;155624445;A01;2;7;0;2;3;1;1;
202300031666;155624442;A01;3;33;0;2;5;1;1;
202300031666;155624444;B01;3;7;0;2;1;9;1;
202300031667;155624440;A01;1;32;0;0;0;1;3;
202300031668;155624436;B01;1;7;0;0;8;1;1;
202300031668;155624439;C01;1;7;0;2;1;1;1;
202300031668;155624443;A01;0;7;0;2;1;1;1;
202300031669;155624437;B01;3;7;0;2;2;16;2;
202300031669;155624438;A01;2;2;0;2;1;5;3;
202300031670;155624433;A01;0;7;0;2;1;1;1;
202300031670;155624435;B01;0;2;0;2;4;1;1;
202300031671;155624434;A01;3;7;8;1;1;15;1;
202300031672;155624432;A01;1;7;0;1;1;26;1;
202300031673;155624430;A01;1;10;1;0;1;13;4;
202300031674;155624429;A01;2;33;0;2;1;5;0;
202300031674;155624431;B01;1;7;0;2;1;1;1;
202300031675;155624427;A01;0;2;0;2;1;15;0;
202300031675;155624428;B01;0;32;0;2;1;1;0;
202300031676;155624426;A01;3;7;3;0;1;1;1;
202300031677;155624425;A01;1;30;0;1;9;1;3;
202300031678;155624422;B01;2;2;0;0;1;1;1;
202300031678;155624424;A01;1;7;0;2;2;15;1;
202300031679;155624420;B01;1;2;0;2;1;1;1;
202300031679;155624423;A01;2;10;0;2;5;10;1;
202300031680;155624421;A01;1;7;0;1;3;1;1;
202300031681;155624417;A01;1;32;0;2;3;15;3;
202300031681;155624419;B01;2;10;0;2;3;1;1;
202300031682;155624414;B01;1;7;0;2;2;2;3;
202300031682;155624416;A01;1;80;0;2;2;19;3;
202300031683;155624413;A01;1;37;0;1;3;15;1;1.0
202300031684;155624410;A01;2;33;0;0;8;26;1;
202300031685;155624409;B01;1;31;0;2;1;1;1;
202300031685;155624412;A01;1;7;0;2;1;15;1;
202300031686;155624406;A01;2;37;0;2;1;2;3;1.0
202300031686;155624408;B01;2;15;0;2;4;2;3;
202300031686;155624411;C01;2;7;0;2;4;2;1;
202300031687;155624405;A01;0;32;0;2;6;21;1;
202300031687;155624407;B01;0;7;0;9;6;26;2;
202300031688;155624404;A01;2;2;0;0;9;1;1;
202300031689;155624403;A01;1;80;0;0;1;1;3;
202300031690;155624402;A01;1;80;0;1;8;1;3;
202300031691;155624400;A01;1;31;0;5;0;1;1;
202300031692;155624398;A01;1;7;0;2;1;17;1;
202300031692;155624401;B01;2;14;0;2;1;1;1;
202300031693;155624397;B01;1;7;1;0;8;20;2;
202300031693;155624399;A01;1;7;0;2;2;1;1;
202300031694;155624396;A01;1;33;8;0;0;21;1;
202300031695;155624393;A01;2;7;0;1;1;17;1;
202300031696;155624391;A01;2;7;16;0;4;15;1;
202300031696;155624395;B01;2;15;0;2;1;1;1;
202300031697;155624392;A01;0;10;0;2;0;2;0;
202300031697;155624394;B01;0;1;0;2;0;2;5;
202300031698;155624390;A01;2;7;10;0;1;1;1;
202300031699;155624388;A01;3;7;13;0;1;13;1;
202300031700;155624387;A01;1;7;2;0;1;13;3;
202300031701;155624385;A01;1;7;0;2;3;9;1;
202300031701;155624389;B01;1;33;0;2;1;1;1;
202300031702;155624382;A01;1;7;13;0;0;1;1;
202300031703;155624381;A01;3;7;0;1;8;15;1;
202300031704;155624380;B01;1;32;0;2;1;0;1;
202300031704;155624383;A01;1;7;0;2;8;15;1;
202300031705;155624378;C01;2;7;-1;2;1;1;1;
202300031705;155624379;B01;2;7;0;2;4;23;1;
202300031706;155624376;A01;0;7;0;1;1;26;1;
202300031707;155624374;B01;2;7;0;2;3;13;1;
202300031707;155624377;A01;1;2;0;2;8;1;1;
202300031708;155624375;A01;3;7;0;1;2;16;1;
202300031709;155624371;B01;3;50;0;2;8;2;3;
202300031709;155624373;A01;3;7;0;2;2;16;2;
202300031710;155624369;A01;3;7;0;2;1;2;1;
202300031710;155624372;B01;3;10;0;2;4;1;1;
202300031711;155624364;B01;1;50;0;2;5;14;3;
202300031711;155624368;A01;1;7;0;9;6;13;1;
202300031712;155624361;E01;3;10;0;2;4;1;1;
202300031712;155624365;B01;3;7;0;2;5;1;1;
202300031712;155624366;C01;3;7;0;2;8;0;1;
202300031712;155624367;D01;3;7;0;2;4;1;1;
202300031712;155624370;A01;3;10;0;2;3;26;1;
202300031713;155624360;B01;3;50;0;2;8;19;3;
202300031713;155624362;A01;1;7;0;2;1;16;1;
202300031714;155624359;B01;2;7;0;2;8;15;1;
202300031714;155624363;A01;1;7;0;2;1;1;1;
202300031715;155624357;A01;2;7;7;0;1;14;1;
202300031716;155624355;B01;1;31;0;2;0;0;1;
202300031716;155624358;A01;1;7;0;2;0;0;1;
202300031717;155624356;A01;2;10;8;0;1;26;1;
202300031718;155624351;A01;3;10;8;0;1;1;1;
202300031719;155624348;A01;3;7;0;2;3;1;1;
202300031719;155624352;B01;3;7;0;2;2;1;1;
202300031720;155624350;A01;1;2;0;1;2;17;1;
202300031721;155624349;A01;2;33;0;2;1;1;1;
202300031721;155624353;B01;2;10;0;2;3;1;1;
202300031721;155624354;C01;2;7;0;2;5;23;1;
202300031722;155624347;A01;1;7;0;1;7;1;1;
202300031723;155624345;A01;1;7;2;0;1;13;1;
202300031724;155624342;B01;2;7;9;2;1;5;1;
202300031724;155624344;A01;1;7;8;2;1;15;1;
202300031725;155624341;A01;3;7;0;2;2;1;1;
202300031725;155624343;C01;3;7;0;2;3;23;1;
202300031725;155624346;B01;3;7;0;2;1;1;1;
202300031726;155624339;A01;1;7;8;0;1;1;1;
202300031727;155624337;B01;1;33;0;0;8;0;1;
202300031727;155624340;A01;1;10;0;0;8;0;1;
202300031728;155624335;B01;1;33;0;2;0;0;1;
202300031728;155624338;A01;1;7;0;2;8;10;0;
202300031729;155624334;A01;2;7;0;2;3;15;3;
202300031729;155624336;B01;1;32;0;2;1;2;1;
202300031730;155624333;A01;1;7;0;1;6;1;1;
202300031731;155624328;B01;3;7;0;2;8;19;1;
202300031731;155624331;A01;0;43;0;2;8;9;1;
202300031732;155624329;A01;1;7;15;0;1;0;1;
202300031733;155624326;B01;0;7;0;0;6;1;1;
202300031733;155624330;A01;0;7;0;2;1;0;1;
202300031733;155624332;C01;0;10;0;2;1;1;1;
202300031734;155624325;A01;2;7;0;2;1;1;1;
202300031734;155624327;B01;2;7;0;2;4;1;1;
202300031735;155624324;A01;2;30;0;1;1;1;1;
202300031736;155624322;A01;2;7;4;9;2;1;0;
202300031737;155624323;A01;0;33;0;0;7;24;1;
202300031738;155624321;B01;2;50;0;1;1;1;3;
202300031739;155624320;A01;2;33;0;0;1;1;1;
202300031740;155624318;A01;2;1;13;0;2;14;5;
202300031741;155624315;A01;3;7;0;2;1;0;1;
202300031741;155624319;B01;3;7;0;2;1;0;1;
202300031742;155624314;A01;3;7;0;2;3;9;1;
202300031742;155624316;B01;3;33;0;2;1;1;1;
202300031743;155624313;A01;1;30;0;2;1;1;1;
202300031743;155624317;B01;3;7;0;2;8;1;1;
202300031744;155624312;A01;1;7;3;0;9;0;1;
202300031745;155624311;A01;3;7;13;0;3;1;1;
202300031746;155624306;A01;1;7;3;0;2;1;1;
202300031747;155624305;A01;2;7;0;2;2;1;1;
202300031747;155624307;B01;2;7;0;2;5;1;2;
202300031747;155624309;C01;1;7;0;2;3;1;1;
202300031747;155624310;D01;1;7;0;2;1;1;1;
202300031748;155624304;B01;2;7;0;2;2;1;1;
202300031748;155624308;A01;2;7;1;2;8;20;1;
202300031749;155624303;A01;0;33;12;0;7;1;1;
202300031750;155624298;A01;0;33;0;2;1;1;4;
202300031750;155624299;B01;0;7;0;2;8;15;4;
202300031751;155624297;B01;3;2;0;2;3;1;1;
202300031751;155624300;A01;3;7;0;2;5;16;1;
202300031752;155624296;A01;1;7;0;2;1;14;1;
202300031752;155624301;B01;1;17;0;0;4;1;1;
202300031753;155624295;B01;3;2;0;2;2;1;1;
202300031753;155624302;A01;3;7;0;2;8;7;1;
202300031754;155624291;A01;1;2;15;0;3;0;1;
202300031755;155624289;A01;3;7;0;2;2;5;2;
202300031755;155624293;B01;3;1;0;2;8;5;5;
202300031756;155624290;B01;1;7;0;2;1;12;1;
202300031756;155624294;A01;2;31;0;2;7;11;1;
202300031757;155624288;B01;2;7;0;0;4;2;1;
202300031757;155624292;A01;2;7;0;2;1;2;1;
202300031758;155624286;A01;2;7;0;9;1;0;1;
202300031759;155624285;B01;1;7;0;2;1;1;1;
202300031759;155624287;A01;1;10;0;2;2;9;3;
202300031760;155624278;A01;1;7;0;1;1;1;1;
202300031761;155624279;A01;2;7;0;2;3;9;2;
202300031761;155624282;B01;2;7;0;2;5;1;1;
202300031762;155624281;A01;1;10;0;2;1;15;1;
202300031762;155624284;B01;1;10;14;0;1;1;1;
202300031763;155624277;A01;1;31;0;2;1;1;0;
202300031763;155624280;B01;2;33;0;2;1;1;0;
202300031763;155624283;C01;2;7;0;2;1;1;0;
202300031764;155624274;A01;2;7;0;1;1;1;1;
202300031765;155624273;A01;3;7;0;2;0;2;0;
202300031765;155624275;B01;3;50;0;2;0;2;3;
202300031766;155624271;B01;2;50;0;2;1;1;3;
202300031766;155624276;A01;1;7;0;9;3;9;1;
202300031767;155624270;B01;1;2;0;2;1;1;1;
202300031767;155624272;A01;1;7;0;2;8;15;1;
202300031768;155624268;A01;2;33;13;0;0;1;1;
202300031769;155624267;A01;2;30;0;0;1;26;1;
202300031770;155624266;A01;2;7;0;2;0;22;1;
202300031770;155624269;B01;2;1;0;2;0;2;5;
202300031771;155624261;A01;2;7;0;2;3;13;1;
202300031771;155624264;B01;1;15;0;2;1;1;1;
202300031772;155624258;A01;2;7;0;2;0;0;0;
202300031772;155624262;B01;3;1;0;2;7;1;5;
202300031773;155624256;B01;2;7;0;2;2;23;1;
202300031773;155624259;A01;1;7;6;2;8;1;1;
202300031774;155624254;D01;1;15;0;2;1;2;1;
202300031774;155624257;E01;1;15;0;2;1;2;1;
202300031774;155624260;A01;1;7;0;2;4;2;1;
202300031774;155624263;C01;1;13;0;2;1;2;1;
202300031774;155624265;B01;1;7;0;0;0;9;1;
202300031775;155624252;A01;2;7;13;0;1;14;1;
202300031776;155624253;B01;1;33;0;2;1;0;1;
202300031776;155624255;A01;1;7;0;0;6;10;1;
202300031777;155624251;A01;2;7;15;0;1;14;0;
202300031778;155624247;A01;1;7;0;2;3;9;1;
202300031778;155624250;B01;1;1;0;2;5;2;5;
202300031779;155624245;B01;1;7;0;2;3;1;1;
202300031779;155624249;A01;2;7;0;2;2;15;1;
202300031780;155624244;A01;2;10;0;2;3;13;1;
202300031780;155624246;B01;1;10;0;2;3;1;1;
202300031781;155624242;A01;3;7;0;2;1;5;1;
202300031781;155624248;B01;3;7;0;2;4;1;1;
202300031782;155624239;C01;1;7;0;2;1;1;3;
202300031782;155624241;B01;1;7;0;2;3;1;1;
202300031782;155624243;A01;2;7;0;2;1;0;3;
202300031783;155624238;A01;2;7;13;0;1;21;1;
202300031784;155624233;A01;3;99;0;0;8;19;1;
202300031784;155624236;B01;2;33;0;2;1;1;1;
202300031785;155624234;A01;1;7;0;2;1;1;1;
202300031785;155624237;B01;2;7;0;2;1;1;1;
202300031786;155624232;B01;2;31;0;2;1;1;1;
202300031786;155624235;A01;1;7;0;2;3;9;1;
202300031787;155624230;B01;1;1;8;2;1;2;5;
202300031787;155624231;A01;1;10;0;2;7;14;1;
202300031788;155624228;A01;2;7;4;0;7;1;1;
202300031789;155624229;A01;1;7;2;0;1;13;1;
202300031790;155624225;A01;1;36;13;0;1;14;1;
202300031791;155624224;B01;2;10;0;2;3;19;1;
202300031791;155624227;A01;2;7;0;2;3;1;1;
202300031792;155624222;B01;1;10;0;2;3;1;1;
202300031792;155624226;A01;1;10;0;2;1;13;1;
202300031793;155624219;D01;1;7;0;2;1;2;1;
202300031793;155624220;B01;1;7;0;2;4;2;1;
202300031793;155624221;C01;1;7;0;2;4;2;3;
202300031793;155624223;A01;1;10;0;0;4;2;1;
202300031794;155624218;A01;1;7;2;0;2;1;6;
202300031795;155624216;A01;1;33;0;0;9;17;1;
202300031796;155624217;A01;3;7;2;0;2;1;1;
202300031797;155624215;A01;1;7;0;1;2;1;1;
202300031798;155624213;A01;1;7;3;0;1;1;1;
202300031799;155624212;A01;2;7;0;0;2;0;1;
202300031800;155624211;A01;2;7;0;2;1;1;1;
202300031800;155624214;B01;2;7;0;2;1;13;1;
202300031801;155624210;A01;1;7;6;0;8;13;6;
202300031802;155624209;A01;2;7;0;1;3;2;1;
202300031803;155624208;A01;2;32;13;0;7;1;1;
202300031804;155624205;A01;3;80;0;1;0;21;3;
202300031805;155624206;B01;1;10;3;2;1;1;1;
202300031805;155624207;A01;2;7;3;2;1;13;1;
202300031806;155624204;A01;1;7;0;1;2;2;1;
202300031807;155624200;A01;3;2;0;0;2;1;0;
202300031808;155624202;B01;2;7;0;2;4;23;1;
202300031808;155624203;A01;1;15;0;2;1;2;1;
202300031809;155624198;A01;2;7;15;0;1;5;1;
202300031809;155624201;B01;1;7;0;0;1;1;1;
202300031810;155624197;A01;1;10;2;0;1;0;1;
202300031811;155624195;A01;2;33;13;0;2;1;1;
202300031812;155624194;A01;3;7;13;0;1;1;1;
202300031813;155624196;B01;2;33;0;0;8;1;1;
202300031813;155624199;A01;3;10;0;2;1;1;1;
202300031814;155624192;B01;1;7;0;2;3;1;1;
202300031814;155624193;A01;2;7;0;2;3;13;1;
202300031815;155624190;A01;2;7;2;0;1;17;1;
202300031816;155624188;B01;0;2;0;0;4;0;1;
202300031816;155624191;A01;3;2;0;2;1;0;1;
202300031817;155624189;A01;3;7;2;0;3;16;1;
202300031818;155624187;A01;3;7;0;0;0;0;1;
202300031819;155624186;A01;1;33;13;0;1;13;1;
202300031820;155624185;A01;1;1;0;0;0;1;5;
202300031821;155624181;A01;1;7;13;0;9;0;1;
202300031822;155624179;C01;1;2;0;2;1;1;1;
202300031822;155624182;A01;2;7;0;2;2;17;1;
202300031822;155624184;B01;2;10;0;2;6;23;1;
202300031823;155624177;C01;2;10;0;2;3;1;1;
202300031823;155624180;B01;2;7;3;2;1;1;1;
202300031823;155624183;A01;1;7;0;2;1;13;1;
202300031824;155624175;B01;2;33;0;2;1;1;1;
202300031824;155624178;A01;1;7;0;2;2;19;1;
202300031825;155624174;A01;2;33;13;0;1;0;1;
202300031826;155624173;B01;2;7;0;0;0;2;1;
202300031826;155624176;A01;2;7;0;0;0;2;1;
202300031827;155624169;A01;3;7;0;2;2;1;1;
202300031827;155624171;B01;3;7;0;2;2;15;1;
202300031828;155624168;B01;3;1;0;2;1;1;5;
202300031828;155624170;A01;0;7;0;2;1;1;0;
202300031829;155624167;A01;2;7;15;2;2;1;1;
202300031829;155624172;Z01;1;7;0;2;1;16;1;
202300031830;155624165;B01;2;17;0;2;1;1;1;
202300031830;155624166;A01;1;7;0;2;1;13;1;
202300031831;155624163;A01;1;10;1;1;2;1;1;
202300031832;155624162;A01;3;7;0;1;2;1;1;
202300031833;155624161;A01;3;36;13;0;7;10;1;
202300031834;155624160;A01;2;7;0;2;7;1;2;
202300031834;155624164;B01;1;7;0;2;1;19;1;
202300031835;155624158;A01;2;7;13;0;1;1;1;
202300031836;155624157;A01;1;7;13;0;3;15;1;
202300031837;155624156;A01;1;7;6;2;2;1;0;
202300031837;155624159;B01;2;10;0;2;1;1;1;
202300031838;155624154;B01;2;7;0;2;3;1;1;
202300031838;155624155;A01;1;7;0;2;1;10;1;
202300031839;155624152;A01;2;7;8;0;3;2;1;
202300031840;155624151;A01;2;7;0;1;2;1;0;
202300031841;155624150;A01;3;7;0;1;1;2;1;
202300031842;155624148;A01;0;50;0;0;0;0;3;
202300031843;155624147;A01;1;7;2;0;1;1;0;
202300031844;155624146;B01;1;30;0;2;7;1;1;
202300031844;155624149;A01;2;7;0;2;2;15;1;
202300031845;155624144;B01;3;7;0;2;3;1;0;
202300031845;155624145;A01;3;7;0;2;0;0;0;
202300031846;155624139;B01;2;7;0;2;1;1;1;
202300031846;155624142;A01;1;7;0;2;1;13;1;
202300031847;155624140;A01;3;7;0;9;1;9;0;
202300031847;155624143;B01;0;50;0;0;0;0;3;
202300031848;155624136;A01;3;7;2;0;1;1;1;
202300031849;155624137;B01;2;7;0;2;2;1;1;
202300031849;155624141;A01;1;7;0;2;3;0;1;
202300031850;155624134;A01;1;7;3;0;1;1;1;
202300031851;155624135;B01;0;7;0;2;4;0;1;
202300031851;155624138;A01;0;7;0;2;1;0;1;
202300031852;155624131;A01;2;7;0;2;3;1;0;
202300031852;155624133;B01;1;21;0;2;3;1;0;
202300031853;155624129;A01;2;7;8;2;8;1;0;
202300031853;155624132;B01;1;7;0;2;1;1;0;
202300031854;155624127;A01;2;33;0;2;3;26;1;
202300031854;155624130;B01;2;10;0;2;7;14;1;
202300031855;155624126;A01;1;7;17;0;1;1;1;
202300031856;155624125;A01;2;36;13;0;1;0;1;
202300031857;155624119;A01;2;7;0;2;5;14;1;
202300031857;155624123;B01;2;33;0;2;8;1;1;
202300031858;155624121;A01;2;10;0;2;2;1;1;
202300031858;155624124;B01;2;3;16;0;4;2;1;
202300031859;155624116;A01;1;7;0;2;8;10;1;
202300031859;155624118;B01;2;33;0;2;1;2;1;
202300031859;155624120;C01;1;7;0;2;3;1;1;
202300031860;155624110;C01;2;33;0;2;7;0;1;
202300031860;155624114;B01;2;10;0;0;6;1;1;
202300031860;155624115;A01;2;33;0;2;6;0;1;
202300031861;155624109;A01;1;10;0;2;3;15;1;
202300031861;155624113;B01;2;7;0;2;1;1;1;
202300031862;155624107;E01;1;7;14;0;1;1;1;
202300031862;155624111;B01;2;7;1;1;1;26;1;
202300031862;155624117;C01;1;7;0;0;1;23;1;
202300031862;155624122;D01;1;7;14;0;0;1;1;
202300031863;155624105;A01;2;7;2;0;7;13;1;
202300031864;155624104;A01;1;7;0;0;1;21;1;
202300031865;155624101;D01;3;7;0;2;0;0;1;
202300031865;155624103;C01;3;7;0;2;3;1;1;
202300031865;155624108;B01;3;7;0;2;6;1;0;
202300031865;155624112;A01;3;31;0;2;1;1;1;
202300031866;155624100;A01;2;10;0;0;9;13;1;
202300031867;155624097;A01;3;7;0;2;1;9;1;
202300031867;155624099;B01;1;33;0;0;7;1;1;
202300031868;155624096;B01;2;7;0;2;5;11;1;
202300031868;155624098;A01;2;33;0;2;1;3;1;
202300031869;155624094;A01;3;7;0;2;8;21;1;
202300031870;155624093;A01;3;10;0;2;6;19;1;
202300031870;155624095;B01;1;43;0;2;1;1;1;
202300031871;155624090;A01;1;7;0;2;2;0;1;
202300031871;155624092;B01;1;31;0;0;4;0;1;
202300031872;155624085;A01;1;10;8;0;6;16;1;
202300031872;155624088;B01;1;7;0;2;2;1;1;
202300031873;155624086;A01;3;31;0;2;2;17;0;
202300031873;155624089;B01;3;13;0;2;3;1;0;
202300031874;155624084;B01;2;33;0;2;1;3;1;
202300031874;155624087;C01;2;7;0;2;6;1;1;
202300031874;155624091;A01;2;7;0;2;2;12;0;
202300031875;155624083;A01;1;7;13;0;1;0;1;
202300031876;155624081;A01;3;7;0;2;1;1;1;
202300031876;155624082;B01;3;31;0;2;1;1;1;
202300031877;155624077;A01;1;33;0;2;2;3;1;
202300031877;155624080;B01;1;10;0;2;6;2;1;
202300031878;155624076;A01;2;33;0;2;1;17;1;
202300031878;155624078;B01;1;7;0;2;1;1;1;
202300031879;155624073;A01;1;7;0;2;2;2;1;
202300031879;155624075;B01;1;7;0;0;6;2;1;
202300031880;155624074;B01;1;7;0;2;2;2;1;
202300031880;155624079;A01;2;7;0;2;1;19;1;
202300031881;155624071;A01;1;7;0;1;3;1;0;
202300031882;155624069;B01;1;7;0;2;8;1;1;
202300031882;155624072;A01;1;33;0;2;7;3;1;
202300031883;155624067;A01;2;7;0;2;2;17;1;
202300031883;155624070;B01;2;1;0;2;8;15;5;
202300031884;155624068;A01;1;7;0;1;3;1;1;
202300031885;155624064;A01;3;10;0;1;3;1;1;
202300031886;155624062;A01;2;7;0;2;1;2;1;
202300031886;155624065;B01;2;2;0;0;4;2;1;
202300031887;155624063;A01;2;7;0;2;1;1;1;
202300031887;155624066;B01;2;7;0;2;4;1;1;
202300031888;155624059;A01;1;7;9;0;7;1;1;
202300031889;155624056;A01;2;1;0;2;8;1;5;
202300031889;155624060;B01;1;38;0;2;8;23;1;1.0
202300031890;155624055;A01;2;33;4;2;1;2;1;
202300031890;155624057;B01;2;7;4;2;8;11;1;
202300031891;155624052;A01;1;1;0;2;1;1;5;
202300031891;155624054;B01;2;1;0;2;1;9;5;
202300031892;155624049;B01;2;33;0;2;1;11;1;
202300031892;155624051;A01;2;7;0;2;1;11;1;
202300031893;155624045;B01;1;7;0;2;4;2;1;
202300031893;155624048;C01;1;7;0;2;4;2;1;
202300031893;155624050;D01;1;7;0;0;4;1;1;
202300031893;155624053;A01;1;10;0;2;2;2;1;
202300031894;155624043;A01;3;7;0;2;3;15;1;
202300031894;155624047;B01;3;7;0;2;3;1;1;
202300031895;155624041;A01;2;31;3;0;5;1;1;
202300031896;155624037;A01;3;32;0;2;2;17;1;
202300031896;155624039;B01;3;7;0;2;8;11;1;
202300031896;155624042;C01;3;10;0;2;2;1;1;
202300031897;155624038;A01;2;10;0;2;1;2;1;
202300031897;155624040;C01;2;7;0;2;4;2;1;
202300031897;155624044;D01;2;17;0;2;4;2;1;
202300031897;155624046;B01;2;7;0;2;4;2;1;
202300031898;155624034;A01;1;7;0;2;1;2;1;
202300031898;155624035;B01;1;3;0;0;4;2;1;
202300031899;155624033;A01;2;7;0;0;4;1;1;
202300031899;155624036;B01;2;7;0;2;1;1;1;
202300031900;155624029;A01;2;7;6;9;7;13;1;
202300031901;155624031;A01;1;34;0;1;1;26;1;
202300031902;155624030;A01;2;7;0;2;1;11;1;
202300031902;155624032;B01;2;17;0;2;4;1;1;
202300031903;155624027;A01;2;7;10;0;2;1;1;
202300031904;155624026;A01;1;7;0;2;6;13;1;
202300031904;155624028;B01;2;7;0;2;3;1;1;
202300031905;155624021;A01;2;7;2;0;1;0;1;
202300031906;155624020;A01;1;7;0;2;7;9;1;
202300031906;155624025;B01;3;7;0;2;3;12;1;
202300031907;155624019;C01;2;32;4;2;8;3;1;
202300031907;155624023;B01;2;33;4;2;1;3;1;
202300031907;155624024;A01;2;7;4;2;7;14;1;
202300031908;155624018;B01;1;80;0;2;2;1;3;
202300031908;155624022;A01;1;7;0;2;3;9;1;
202300031909;155624016;A01;3;7;0;2;1;13;1;
202300031909;155624017;B01;3;7;0;2;2;1;1;
202300031910;155624006;A01;0;7;0;0;4;1;1;
202300031910;155624010;B01;0;7;0;2;1;1;1;
202300031911;155624009;B01;3;7;0;0;4;2;1;
202300031911;155624012;A01;3;7;0;2;1;2;1;
202300031912;155624008;C01;2;10;0;2;4;2;1;
202300031912;155624011;B01;2;10;0;2;4;2;1;
202300031912;155624014;A01;2;7;0;2;1;2;1;
202300031913;155624007;A01;1;15;4;2;1;13;1;
202300031913;155624013;B01;1;7;0;2;2;1;2;
202300031913;155624015;C01;1;14;0;2;7;1;1;
202300031914;155624001;B01;1;7;4;2;8;1;1;
202300031914;155624004;A01;1;15;0;2;7;12;1;
202300031915;155624000;A01;2;7;0;2;3;13;1;
202300031915;155624003;B01;1;7;0;2;3;1;1;
202300031916;155623999;A01;2;7;0;2;2;1;0;
202300031916;155624005;B01;2;10;0;2;3;16;1;
202300031917;155623998;A01;1;7;3;0;1;1;1;
202300031917;155624002;B01;1;7;3;0;4;1;1;
202300031918;155623995;B01;1;33;0;2;1;26;1;
202300031918;155623997;A01;2;3;0;2;3;19;1;
202300031919;155623993;A01;0;7;0;1;7;1;1;
202300031920;155623991;A01;2;7;0;2;6;18;1;
202300031920;155623996;B01;2;15;0;2;2;12;1;
202300031921;155623992;B01;1;7;0;2;6;12;1;
202300031921;155623994;A01;1;33;0;2;2;3;1;
202300031922;155623986;A01;1;32;0;1;1;1;1;
202300031923;155623987;A01;1;3;6;0;1;1;1;
202300031924;155623984;A01;2;10;0;2;5;12;1;
202300031924;155623988;B01;2;7;12;2;3;12;1;
202300031925;155623982;B01;1;10;0;2;4;2;1;
202300031925;155623983;A01;1;7;0;2;1;2;1;
202300031925;155623985;C01;1;15;0;2;6;2;1;
202300031926;155623978;A01;1;7;0;1;2;15;1;
202300031927;155623973;B01;2;7;0;2;1;0;1;
202300031927;155623977;C01;2;7;0;2;0;0;1;
202300031927;155623980;D01;2;7;0;2;0;0;4;
202300031927;155623981;Z01;1;7;0;2;0;0;1;
202300031928;155623975;A01;3;7;0;2;5;15;1;
202300031928;155623979;B01;1;2;0;2;1;1;1;
202300031929;155623972;A01;1;17;0;2;1;1;1;
202300031929;155623974;B01;1;7;0;2;4;23;1;
202300031929;155623976;C01;1;7;0;2;4;23;1;
202300031930;155623968;B01;1;32;0;2;1;18;1;
202300031930;155623971;A01;1;7;0;2;5;16;1;