Num_Acc;id_vehicule;num_veh;senc;catv;obs;obsm;choc;manv;motor;occutc
202300031931;155623965;A01;1;7;0;2;7;12;1;
202300031931;155623969;B01;1;34;0;2;8;3;1;
202300031932;155623964;A01;1;7;0;2;4;1;1;
202300031932;155623967;B01;1;7;0;2;4;1;1;
202300031932;155623970;C01;1;7;0;2;8;1;1;
202300031933;155623962;A01;1;7;3;0;0;1;1;
202300031934;155623960;A01;2;7;4;0;3;13;1;
202300031935;155623961;A01;2;7;0;1;5;20;1;
202300031936;155623963;A01;2;10;0;2;2;19;1;
202300031936;155623966;B01;2;10;0;2;3;1;1;
202300031937;155623957;A01;1;7;3;0;1;1;1;
202300031938;155623955;A01;2;33;0;2;0;3;1;
202300031938;155623958;B01;2;7;0;0;2;0;0;
202300031938;155623959;C01;2;7;0;0;4;0;1;
202300031939;155623953;A01;2;7;0;2;1;1;1;
202300031939;155623956;B01;1;7;0;2;1;1;1;
202300031940;155623952;A01;1;32;0;2;7;1;1;
202300031940;155623954;Z01;3;7;0;2;1;15;1;
202300031941;155623951;A01;1;10;4;0;3;26;1;
202300031942;155623949;A01;2;7;6;0;1;15;1;
202300031943;155623945;B01;1;33;0;2;7;3;1;
202300031943;155623948;A01;1;7;0;2;8;11;1;
202300031944;155623943;B01;1;7;0;2;6;2;1;
202300031944;155623947;A01;1;7;0;2;1;2;1;
202300031944;155623950;C01;1;7;0;2;4;1;1;
202300031945;155623941;B01;2;32;0;2;8;3;1;
202300031946;155623937;A01;3;33;0;2;5;2;1;
202300031946;155623939;B01;1;7;0;2;5;2;2;
202300031947;155623936;A01;1;7;0;2;1;0;1;
202300031947;155623940;B01;2;7;0;2;1;0;1;
202300031947;155623942;C01;1;7;0;2;3;0;1;
202300031948;155623934;A01;2;42;0;0;0;0;1;
202300031949;155623933;B01;1;7;0;2;1;1;1;
202300031949;155623935;A01;1;7;0;2;4;23;1;
202300031949;155623938;C01;1;7;0;2;2;21;1;
202300031950;155623931;A01;1;10;9;0;1;1;0;
202300031951;155623930;B01;1;7;0;2;4;1;1;
202300031951;155623932;A01;1;10;0;2;1;1;1;
202300031952;155623928;A01;2;1;0;2;8;15;5;
202300031952;155623929;B01;2;50;0;2;2;17;3;
202300031953;155623926;A01;3;7;6;0;3;13;1;
202300031954;155623923;C01;1;7;3;2;0;21;1;
202300031954;155623925;A01;1;7;3;2;1;2;1;
202300031954;155623927;B01;1;7;3;2;4;2;1;
202300031955;155623922;A01;1;33;0;2;3;17;1;
202300031955;155623924;B01;2;99;0;2;3;15;1;
202300031956;155623919;A01;1;33;0;2;7;1;1;
202300031956;155623921;B01;1;7;0;2;4;4;1;
202300031957;155623918;A01;3;7;0;1;1;1;1;
202300031958;155623916;A01;3;2;0;2;1;1;1;
202300031958;155623920;B01;3;10;0;2;4;1;1;
202300031959;155623914;B01;1;10;4;2;8;1;1;
202300031959;155623915;A01;1;10;4;2;1;2;1;
202300031959;155623917;C01;1;7;4;2;7;14;1;
202300031960;155623910;A01;1;7;1;1;2;17;1;
202300031961;155623908;B01;3;7;0;2;2;1;1;
202300031961;155623912;A01;3;10;0;2;3;9;1;
202300031962;155623911;A01;3;30;0;2;7;1;1;
202300031962;155623913;B01;3;7;0;2;8;22;1;
202300031963;155623903;A01;3;7;1;2;1;2;1;
202300031963;155623905;B01;3;7;0;2;4;2;1;
202300031964;155623902;A01;1;50;0;1;2;25;3;
202300031965;155623901;A01;1;7;4;2;1;2;1;
202300031965;155623906;B01;1;10;4;2;4;2;1;
202300031965;155623907;C01;1;7;4;2;4;2;1;
202300031965;155623909;D01;1;7;4;2;4;2;1;
202300031966;155623904;A01;1;7;0;1;3;15;1;
202300031967;155623900;A01;1;7;0;1;1;1;1;
202300031968;155623897;A01;1;7;0;2;3;1;2;
202300031968;155623898;B01;1;7;0;0;5;1;1;
202300031969;155623895;B01;2;7;0;2;3;1;1;
202300031969;155623899;A01;1;1;0;2;1;1;5;
202300031970;155623896;A01;2;50;0;1;2;21;3;
202300031971;155623893;A01;2;7;0;2;1;15;1;
202300031971;155623894;B01;2;32;0;2;1;1;1;
202300031972;155623891;B01;1;33;0;2;9;21;1;
202300031972;155623892;A01;1;33;0;2;9;26;1;
202300031973;155623889;A01;1;7;0;1;8;1;2;
202300031974;155623887;A01;2;7;0;1;3;1;1;
202300031975;155623885;A01;1;7;0;2;1;13;1;
202300031975;155623888;B01;2;7;0;2;1;1;1;
202300031975;155623890;C01;2;10;0;2;3;1;1;
202300031976;155623884;A01;1;7;0;2;1;1;1;
202300031976;155623886;B01;1;7;0;2;4;1;1;
202300031977;155623881;A01;2;14;0;2;7;1;1;
202300031977;155623883;B01;1;80;0;2;8;19;3;
202300031978;155623880;A01;1;1;0;2;0;0;5;
202300031978;155623882;B01;2;7;0;9;8;1;1;
202300031979;155623878;A01;1;30;0;2;1;1;1;
202300031979;155623879;B01;1;7;0;2;4;23;1;
202300031980;155623876;A01;1;7;0;2;1;2;1;
202300031980;155623877;B01;1;7;0;2;4;2;1;
202300031981;155623872;B01;2;7;0;2;2;15;1;
202300031981;155623875;A01;1;32;0;2;1;1;1;
202300031982;155623870;A01;1;7;0;2;4;1;0;
202300031982;155623874;B01;1;7;0;0;1;0;0;
202300031983;155623871;A01;3;7;0;2;8;26;1;
202300031983;155623873;B01;3;30;0;2;8;1;1;
202300031984;155623869;A01;2;7;0;1;1;26;0;
202300031985;155623865;A01;3;2;14;0;1;26;1;
202300031986;155623864;A01;1;7;0;2;1;13;1;
202300031986;155623867;B01;2;10;0;2;3;1;1;
202300031987;155623862;B01;1;30;0;2;1;1;1;
202300031987;155623868;A01;1;33;0;2;2;1;1;
202300031988;155623861;A01;1;99;0;1;3;1;2;
202300031989;155623859;A01;1;7;0;1;2;1;1;
202300031990;155623858;A01;2;7;15;0;1;14;1;
202300031991;155623855;C01;1;33;0;2;1;1;1;
202300031991;155623857;A01;2;7;0;2;1;5;1;
202300031991;155623860;B01;1;7;0;2;1;1;1;
202300031992;155623851;B01;3;33;0;2;5;1;1;
202300031992;155623854;A01;3;7;0;2;5;15;1;
202300031993;155623847;A01;1;7;1;0;1;1;1;
202300031993;155623850;B01;1;7;1;0;1;23;1;
202300031993;155623852;C01;1;7;0;2;4;23;1;
202300031994;155623846;B01;0;50;0;2;1;1;3;
202300031994;155623848;A01;3;7;0;2;7;16;1;
202300031995;155623845;A01;2;7;1;2;2;1;1;
202300031995;155623849;C01;2;10;0;2;3;15;1;
202300031996;155623844;A01;3;7;0;1;1;1;1;
202300031997;155623839;B01;1;1;0;2;2;1;5;
202300031997;155623843;A01;2;7;0;2;1;20;1;
202300031998;155623838;A01;1;7;0;1;2;1;1;
202300031999;155623837;A01;3;7;0;2;1;1;1;
202300031999;155623841;B01;3;33;0;2;1;1;1;
202300032000;155623836;A01;3;34;14;0;8;15;1;
202300032001;155623831;A01;2;13;0;2;1;2;1;
202300032001;155623833;B01;2;7;0;2;4;2;1;
202300032002;155623832;A01;2;7;0;2;5;23;1;
202300032002;155623835;B01;2;33;0;2;1;1;1;
202300032003;155623830;A01;1;7;0;2;2;16;1;
202300032003;155623834;B01;1;1;0;2;1;1;5;
202300032004;155623827;A01;1;7;0;2;1;1;1;
202300032004;155623829;B01;1;7;1;2;5;1;1;
202300032005;155623825;A01;1;7;0;2;1;1;1;
202300032005;155623828;B01;1;13;0;2;8;0;1;
202300032006;155623824;A01;3;7;0;1;1;1;1;
202300032007;155623823;A01;3;7;5;0;1;2;1;
202300032008;155623822;A01;2;7;4;0;0;0;1;
202300032008;155623826;B01;2;7;0;2;1;0;1;
202300032009;155623819;A01;1;30;0;2;2;12;1;
202300032009;155623821;B01;1;7;0;2;0;0;1;
202300032010;155623820;A01;2;7;1;0;3;2;1;
202300032011;155623817;B01;1;2;0;2;1;1;1;
202300032011;155623818;A01;1;10;0;2;2;16;1;
202300032012;155623813;A01;2;37;0;2;2;2;1;1.0
202300032012;155623816;B01;2;50;0;2;4;11;3;
202300032013;155623811;A01;1;1;0;2;1;19;5;
202300032013;155623814;Z01;2;7;0;2;0;0;1;
202300032014;155623807;A01;2;7;0;1;5;4;1;
202300032015;155623805;A01;1;2;0;0;0;1;5;
202300032016;155623806;C01;2;7;0;2;3;5;1;
202300032016;155623809;A01;1;7;0;2;3;0;1;
202300032016;155623815;B01;1;7;0;2;3;1;1;
202300032017;155623802;A01;2;7;0;2;3;9;0;
202300032017;155623804;B01;2;1;0;2;2;1;5;
202300032018;155623801;A01;1;7;0;1;1;16;1;
202300032019;155623803;A01;3;7;0;1;1;5;1;
202300032020;155623800;A01;1;7;14;0;9;13;1;
202300032021;155623796;A01;1;33;0;2;5;17;1;
202300032021;155623799;B01;1;7;0;2;3;13;1;
202300032022;155623793;B01;3;50;0;2;1;5;3;
202300032022;155623797;A01;3;10;0;2;1;1;1;
202300032023;155623792;A01;2;10;0;1;4;26;1;
202300032024;155623788;B01;2;7;0;2;1;1;1;
202300032024;155623790;C01;1;7;0;2;0;0;1;
202300032024;155623791;A01;1;7;0;2;8;26;1;
202300032025;155623786;A01;2;7;1;0;1;13;1;
202300032026;155623785;A01;1;7;7;2;1;19;1;
202300032026;155623789;B01;1;7;9;2;8;1;1;
202300032027;155623784;A01;2;7;0;1;2;1;1;
202300032028;155623783;A01;0;99;0;2;2;0;1;
202300032028;155623787;B01;0;7;0;0;1;19;1;
202300032029;155623780;B01;2;7;0;2;1;26;1;
202300032029;155623782;A01;2;33;0;2;1;17;1;
202300032030;155623779;A01;1;33;0;2;1;2;1;
202300032030;155623781;B01;1;13;0;2;4;2;1;
202300032031;155623775;A01;3;7;0;2;3;9;1;
202300032031;155623778;B01;3;2;0;2;1;1;1;
202300032032;155623771;A01;1;7;0;2;5;17;0;
202300032032;155623774;C01;1;7;0;2;1;1;1;
202300032032;155623777;B01;1;7;0;2;2;26;1;
202300032033;155623773;A01;1;33;0;2;1;17;1;
202300032033;155623776;B01;1;7;0;2;3;21;1;
202300032034;155623769;A01;2;7;0;2;1;1;1;
202300032034;155623772;B01;1;7;0;2;8;15;1;
202300032035;155623768;B01;1;7;0;2;1;1;0;
202300032035;155623770;A01;3;7;0;2;1;19;0;
202300032036;155623765;A01;1;7;0;2;0;0;0;
202300032036;155623767;B01;1;80;0;9;4;1;3;
202300032037;155623766;A01;0;1;0;0;0;1;5;
202300032038;155623764;A01;3;7;0;1;3;15;1;
202300032039;155623763;A01;1;7;0;1;3;15;1;
202300032040;155623761;A01;1;31;12;0;2;14;1;
202300032041;155623759;B01;2;1;0;2;1;2;5;
202300032041;155623762;A01;1;7;0;9;7;10;1;
202300032042;155623758;A01;3;7;0;2;6;15;1;
202300032042;155623760;B01;3;33;0;2;2;1;1;
202300032043;155623757;A01;2;32;0;1;8;17;0;
202300032044;155623751;B01;1;7;0;2;4;1;1;
202300032044;155623756;A01;1;7;0;2;1;1;1;
202300032045;155623750;B01;2;7;4;0;2;0;1;
202300032045;155623753;A01;2;7;4;0;2;3;1;
202300032046;155623749;A01;3;7;0;2;5;1;1;
202300032046;155623755;B01;3;37;0;2;4;23;1;1.0
202300032047;155623752;B01;2;33;0;2;7;17;1;
202300032047;155623754;A01;2;7;0;2;3;16;1;
202300032048;155623746;A01;3;7;0;1;1;2;1;
202300032049;155623745;A01;1;7;2;0;1;1;1;
202300032050;155623744;B01;3;7;0;2;2;26;1;
202300032050;155623748;A01;3;30;0;2;3;1;1;
202300032051;155623743;A01;1;7;0;2;0;0;0;
202300032051;155623747;B01;1;31;0;2;1;19;0;
202300032052;155623739;A01;2;10;0;2;1;1;1;
202300032052;155623741;B01;2;7;0;0;4;23;1;
202300032053;155623737;A01;2;7;0;2;1;15;1;
202300032053;155623742;B01;1;7;0;2;3;1;1;
202300032054;155623738;A01;2;7;13;0;9;1;1;
202300032055;155623736;B01;1;50;0;2;8;1;3;
202300032055;155623740;A01;1;3;0;2;2;14;1;
202300032056;155623735;A01;1;7;13;0;9;21;1;
202300032057;155623733;A01;1;7;0;1;3;1;1;
202300032058;155623732;A01;1;7;0;2;3;1;1;
202300032058;155623734;B01;2;7;0;2;3;15;1;
202300032059;155623731;A01;2;7;0;1;1;1;1;
202300032060;155623730;A01;2;7;0;1;1;15;1;
202300032061;155623729;A01;0;30;12;0;3;0;1;
202300032062;155623727;B01;1;1;0;2;8;1;5;
202300032062;155623728;A01;1;7;0;2;7;17;1;
202300032063;155623726;A01;1;7;0;1;2;1;1;
202300032064;155623723;A01;1;7;0;1;7;16;1;
202300032065;155623724;A01;1;7;0;2;2;15;1;
202300032065;155623725;B01;2;30;0;2;1;1;1;
202300032066;155623722;A01;1;7;0;1;2;1;1;
202300032067;155623718;B01;1;33;0;2;1;1;1;
202300032067;155623720;A01;2;7;0;2;2;15;1;
202300032068;155623719;A01;1;7;0;2;1;13;1;
202300032068;155623721;B01;2;10;0;2;3;1;1;
202300032069;155623712;A01;2;7;0;2;8;15;1;
202300032069;155623714;B01;2;34;0;2;1;17;1;
202300032070;155623715;A01;0;7;0;2;1;13;1;
202300032070;155623717;B01;0;17;0;2;1;5;1;
202300032071;155623711;B01;3;7;0;2;2;26;0;
202300032071;155623716;A01;3;7;0;2;2;1;1;
202300032072;155623710;B01;2;7;0;1;4;1;1;
202300032072;155623713;A01;2;7;0;0;1;15;1;
202300032073;155623703;A01;1;7;0;2;2;15;1;
202300032073;155623707;B01;1;7;0;2;7;1;1;
202300032074;155623706;A01;3;7;0;1;1;16;3;
202300032075;155623702;A01;2;7;0;9;2;1;1;
202300032075;155623705;B01;1;1;0;2;1;5;5;
202300032076;155623701;A01;1;7;0;2;4;1;2;
202300032076;155623704;B01;1;7;0;2;4;1;1;
202300032076;155623708;C01;1;7;0;2;1;1;1;
202300032077;155623699;A01;3;7;1;0;1;14;1;
202300032078;155623697;B01;3;33;0;2;7;15;1;
202300032078;155623700;A01;3;7;0;2;3;1;1;
202300032079;155623696;A01;2;2;0;2;0;11;1;
202300032079;155623698;B01;1;7;0;2;3;1;1;
202300032080;155623695;A01;1;50;12;0;1;1;3;
202300032081;155623691;B01;3;50;0;2;1;1;3;
202300032081;155623693;A01;3;7;0;2;1;15;1;
202300032082;155623692;A01;1;1;0;0;1;16;5;
202300032082;155623694;B01;0;15;0;2;1;1;1;
202300032083;155623689;A01;1;7;0;2;3;15;1;
202300032083;155623690;B01;2;33;0;2;3;1;1;
202300032084;155623686;A01;1;7;0;2;1;1;1;
202300032084;155623688;B01;1;7;0;2;4;1;1;
202300032085;155623687;A01;2;7;13;0;1;1;1;
202300032086;155623685;A01;3;7;0;1;1;1;1;
202300032087;155623684;A01;1;1;0;1;1;15;5;
202300032088;155623682;A01;3;7;0;2;3;13;1;
202300032088;155623683;B01;3;7;0;2;3;1;1;
202300032089;155623679;B01;3;7;9;2;3;1;1;
202300032089;155623681;A01;3;7;9;2;3;1;1;
202300032090;155623676;B01;1;33;0;2;1;1;1;
202300032090;155623680;A01;2;7;0;2;6;19;6;
202300032091;155623674;A01;1;7;0;0;9;16;1;
202300032092;155623672;B01;2;32;0;2;1;1;1;
202300032092;155623673;A01;2;7;0;2;6;16;1;
202300032093;155623675;B01;3;32;0;2;3;1;1;
202300032093;155623678;A01;3;7;0;2;2;12;1;
202300032094;155623670;A01;1;10;0;2;3;13;1;
202300032094;155623671;B01;2;7;0;2;3;1;1;
202300032095;155623668;A01;2;7;2;0;1;13;0;
202300032096;155623666;B01;2;7;0;2;8;1;1;
202300032096;155623669;A01;1;7;0;2;8;13;1;
202300032097;155623667;A01;3;7;0;1;5;4;1;
202300032098;155623665;A01;1;7;4;0;3;26;1;
202300032099;155623663;B01;2;33;0;2;1;1;1;
202300032099;155623664;A01;1;10;0;9;2;15;1;
202300032100;155623657;B01;1;7;0;2;6;1;1;
202300032100;155623659;A01;1;7;0;2;2;15;1;
202300032101;155623655;A01;2;7;0;1;2;1;1;
202300032102;155623651;A01;2;7;0;2;2;13;1;
202300032102;155623654;B01;1;7;0;2;1;1;1;
202300032103;155623652;A01;2;7;0;2;1;0;1;
202300032103;155623656;B01;1;7;0;2;1;0;1;
202300032104;155623650;B01;1;7;0;2;1;1;1;
202300032104;155623653;A01;2;7;0;2;1;13;1;
202300032105;155623648;A01;2;32;0;2;2;1;1;
202300032105;155623649;B01;2;7;12;0;2;15;1;
202300032106;155623647;A01;2;7;15;0;1;13;1;
202300032107;155623645;A01;3;7;0;1;2;1;1;
202300032108;155623646;A01;1;50;2;0;0;0;3;
202300032109;155623643;A01;2;7;0;2;1;2;1;
202300032109;155623644;B01;2;33;0;2;4;2;1;
202300032110;155623642;A01;2;7;13;0;1;14;1;
202300032111;155623641;A01;3;10;2;0;1;1;1;
202300032112;155623639;A01;2;7;1;0;1;14;1;
202300032112;155623640;B01;3;7;0;2;4;24;1;
202300032113;155623637;A01;1;7;0;1;4;4;0;
202300032114;155623638;A01;3;36;13;0;0;15;1;
202300032115;155623636;A01;3;37;0;1;7;1;0;1.0
202300032116;155623630;B01;3;15;0;2;4;1;0;
202300032116;155623634;C01;3;15;0;2;4;1;0;
202300032116;155623635;A01;3;15;0;2;1;2;0;
202300032117;155623629;A01;1;7;0;2;3;13;1;
202300032117;155623632;B01;2;16;0;2;3;1;1;
202300032118;155623631;A01;1;30;12;0;3;15;1;
202300032119;155623627;A01;2;7;0;2;1;1;1;
202300032119;155623633;B01;1;1;0;2;1;16;5;
202300032120;155623625;A01;1;7;0;2;2;1;1;
202300032120;155623628;B01;2;7;0;2;5;15;1;
202300032121;155623621;A01;1;3;2;0;1;1;1;
202300032122;155623619;B01;2;7;0;2;3;1;1;
202300032122;155623623;C01;1;37;0;2;1;0;1;1.0
202300032122;155623626;A01;1;31;0;2;1;17;1;
202300032123;155623620;B01;1;7;0;2;3;1;1;
202300032123;155623624;A01;2;7;0;2;3;15;1;
202300032124;155623618;A01;2;7;12;0;1;1;1;
202300032124;155623622;B01;2;7;0;9;1;1;1;
202300032125;155623612;B01;3;7;0;2;7;19;1;
202300032125;155623615;A01;3;3;0;2;1;1;1;
202300032126;155623613;B01;1;1;0;2;4;2;5;
202300032126;155623614;A01;1;7;0;2;2;2;1;
202300032127;155623609;B01;1;1;0;2;0;1;5;
202300032127;155623611;A01;1;7;0;9;2;2;1;
202300032128;155623608;A01;3;21;0;2;1;2;1;
202300032128;155623610;B01;3;7;0;2;4;13;1;
202300032129;155623605;A01;2;37;0;1;2;1;1;1.0
202300032130;155623602;B01;1;7;0;2;1;1;1;
202300032130;155623607;A01;3;7;0;2;7;1;1;
202300032131;155623601;B01;1;1;0;2;4;1;5;
202300032131;155623604;A01;1;15;0;2;2;1;1;
202300032132;155623600;A01;1;7;0;2;1;2;1;
202300032132;155623603;B01;1;7;0;2;4;2;1;
202300032132;155623606;C01;1;7;0;2;5;2;1;
202300032133;155623599;A01;2;7;0;1;1;1;1;
202300032134;155623593;A01;2;7;13;0;0;17;0;
202300032134;155623598;B01;2;7;0;0;0;13;0;
202300032135;155623594;A01;1;7;0;2;3;15;1;
202300032135;155623596;B01;1;31;0;2;2;1;1;
202300032136;155623591;B01;1;7;0;0;5;1;1;
202300032136;155623597;A01;3;7;6;0;2;9;1;
202300032137;155623592;B01;2;7;0;2;8;1;1;
202300032137;155623595;A01;1;7;0;2;1;16;1;
202300032138;155623587;A01;3;7;0;1;1;1;1;
202300032139;155623586;A01;2;7;0;2;3;13;1;
202300032139;155623590;B01;1;7;0;2;3;2;1;
202300032140;155623585;A01;1;7;0;2;1;1;1;
202300032140;155623589;B01;2;7;0;2;1;15;1;
202300032141;155623583;A01;1;7;9;2;1;5;1;
202300032141;155623588;B01;2;7;0;2;1;1;1;
202300032142;155623582;B01;2;10;0;2;4;1;1;
202300032142;155623584;A01;2;7;0;2;1;2;1;
202300032143;155623578;A01;1;7;0;2;1;9;1;
202300032143;155623581;B01;1;32;0;2;8;1;1;
202300032144;155623577;B01;3;21;0;2;2;19;1;
202300032144;155623580;A01;1;7;0;2;3;2;1;
202300032145;155623575;B01;3;33;0;2;1;1;1;
202300032145;155623579;A01;0;7;0;2;3;15;1;
202300032146;155623576;A01;3;7;0;1;1;16;1;
202300032147;155623574;A01;3;60;16;0;0;1;5;
202300032148;155623569;A01;0;7;0;2;7;2;6;
202300032148;155623571;B01;3;1;0;2;1;19;5;
202300032149;155623570;B01;1;1;0;2;1;1;5;
202300032149;155623573;A01;1;7;0;2;3;9;1;
202300032150;155623566;Z01;3;0;0;2;0;0;0;
202300032150;155623567;A01;3;60;0;2;1;26;5;
202300032151;155623568;A01;0;7;0;2;6;23;1;
202300032151;155623572;Z01;0;34;0;0;0;0;0;
202300032152;155623563;A01;1;13;0;1;1;1;1;
202300032153;155623561;A01;3;7;13;0;1;1;1;
202300032154;155623562;B01;2;7;0;2;1;2;6;
202300032154;155623564;A01;2;7;0;2;2;19;6;
202300032154;155623565;C01;2;7;0;2;7;23;1;
202300032155;155623558;A01;2;7;0;2;2;14;1;
202300032155;155623560;B01;2;7;0;2;3;1;1;
202300032156;155623557;A01;3;7;0;2;3;10;1;
202300032156;155623559;B01;3;33;0;2;1;1;1;
202300032157;155623554;A01;2;33;0;2;7;11;1;
202300032157;155623556;B01;1;7;0;2;1;1;1;
202300032158;155623550;A01;2;10;0;2;8;1;1;
202300032158;155623553;B01;1;7;0;2;1;1;1;
202300032158;155623555;C01;1;7;0;2;2;1;1;
202300032159;155623546;C01;3;7;0;2;1;0;1;
202300032159;155623548;B01;3;7;0;2;6;1;1;
202300032159;155623552;A01;0;7;0;2;1;13;1;
202300032160;155623545;B01;2;7;0;2;3;1;1;
202300032160;155623549;A01;2;7;3;2;9;3;1;
202300032160;155623551;C01;2;7;0;2;6;1;1;
202300032161;155623540;B01;2;7;0;2;6;10;1;
202300032161;155623542;A01;2;7;0;2;3;1;1;
202300032162;155623539;A01;2;7;0;2;1;2;1;
202300032162;155623541;B01;2;7;0;2;4;2;1;
202300032163;155623538;A01;1;7;13;0;2;5;1;
202300032164;155623537;B01;2;7;0;2;1;1;1;
202300032164;155623543;A01;1;7;0;2;2;15;1;
202300032165;155623535;A01;2;7;17;0;1;1;1;
202300032166;155623534;A01;2;7;0;1;1;15;1;
202300032167;155623533;A01;2;7;0;2;8;11;1;
202300032167;155623536;B01;2;31;0;2;7;1;1;
202300032168;155623531;A01;2;7;0;0;0;26;1;
202300032169;155623529;A01;1;7;2;0;3;1;1;
202300032170;155623526;A01;2;10;0;2;1;1;1;
202300032170;155623528;B01;2;7;0;2;4;23;1;
202300032170;155623532;C01;2;7;0;2;4;23;1;
202300032171;155623525;A01;2;33;0;2;7;12;1;
202300032171;155623527;B01;2;33;0;2;8;3;1;
202300032171;155623530;C01;2;7;0;2;8;1;1;
202300032172;155623521;C01;2;7;0;2;5;1;2;
202300032172;155623523;B01;2;33;0;2;7;3;1;
202300032172;155623524;A01;2;7;0;2;8;13;1;
202300032173;155623518;A01;1;7;4;0;3;13;1;
202300032174;155623519;A01;2;33;0;2;1;2;1;
202300032174;155623522;B01;2;7;0;0;4;2;1;
202300032175;155623517;A01;1;7;0;2;1;1;1;
202300032175;155623520;B01;1;32;0;2;4;1;1;
202300032176;155623514;A01;1;10;2;0;1;2;1;
202300032177;155623513;B01;1;32;0;2;3;3;1;
202300032177;155623516;A01;1;7;0;2;5;2;2;
202300032178;155623511;C01;2;7;0;2;5;1;1;
202300032178;155623512;A01;2;7;0;2;3;1;1;
202300032178;155623515;B01;2;33;0;2;1;3;1;
202300032179;155623510;A01;3;7;0;1;1;1;1;
202300032180;155623509;A01;3;7;17;0;2;14;1;
202300032181;155623507;B01;1;43;0;2;4;2;1;
202300032181;155623508;A01;1;2;0;2;1;2;1;
202300032182;155623504;A01;2;7;0;2;3;13;1;
202300032182;155623506;B01;1;7;0;2;3;1;1;
202300032183;155623503;A01;2;15;0;2;8;1;1;
202300032183;155623505;B01;2;10;0;2;3;1;1;
202300032184;155623498;Z01;2;7;0;2;3;15;0;
202300032184;155623501;B01;1;50;0;2;7;1;3;
202300032185;155623500;A01;1;7;6;2;1;0;1;
202300032185;155623502;B01;2;7;0;2;1;0;1;
202300032186;155623497;A01;3;50;0;0;0;26;3;
202300032187;155623496;A01;2;7;0;2;3;9;1;
202300032187;155623499;B01;2;1;0;2;2;1;5;
202300032188;155623494;A01;2;33;3;0;7;1;1;
202300032189;155623495;A01;2;1;8;0;1;21;5;
202300032190;155623492;B01;2;7;0;2;8;9;1;
202300032190;155623493;A01;1;30;0;2;1;9;1;
202300032191;155623491;A01;2;7;13;0;8;1;1;
202300032192;155623488;A01;2;33;2;0;1;1;1;
202300032193;155623489;A01;2;50;0;2;0;21;3;
202300032194;155623486;A01;2;7;0;2;3;15;1;
202300032194;155623487;B01;1;50;0;2;1;19;3;
202300032195;155623485;Z01;1;7;0;2;7;1;2;
202300032195;155623490;A01;1;31;0;2;8;1;1;
202300032196;155623483;A01;2;7;8;2;1;17;1;
202300032196;155623484;B01;2;7;0;2;3;15;1;
202300032197;155623482;A01;2;34;0;2;0;1;1;
202300032198;155623478;B01;1;7;0;0;4;23;1;
202300032198;155623481;A01;1;10;0;2;1;2;1;
202300032199;155623475;A01;1;7;0;2;8;15;1;
202300032199;155623479;B01;1;7;0;2;1;17;1;
202300032200;155623474;B01;2;31;0;2;1;1;1;
202300032200;155623476;A01;1;7;0;2;3;9;1;
202300032201;155623477;B01;1;1;0;2;0;1;5;
202300032201;155623480;A01;1;7;0;2;7;20;1;
202300032202;155623472;Z01;1;33;0;1;1;1;1;
202300032203;155623468;A01;1;1;12;0;2;14;5;
202300032204;155623469;A01;0;7;0;2;3;13;0;
202300032204;155623471;B01;0;7;0;2;3;1;0;
202300032205;155623466;B01;1;7;0;2;1;1;1;
202300032205;155623467;A01;1;7;0;2;4;2;1;
202300032206;155623463;A01;1;7;0;2;5;22;2;
202300032206;155623465;B01;1;50;1;0;3;1;3;
202300032207;155623462;A01;3;7;15;0;2;1;1;
202300032208;155623460;A01;0;50;0;0;0;1;3;
202300032209;155623457;B01;1;33;0;2;3;1;0;
202300032209;155623459;A01;1;7;0;2;2;11;1;
202300032210;155623455;A01;2;15;0;1;3;20;1;
202300032211;155623458;A01;1;7;0;2;2;1;1;
202300032211;155623464;B01;1;50;0;2;4;1;3;
202300032212;155623456;A01;3;33;0;2;7;5;1;
202300032212;155623461;B01;3;7;0;2;3;15;1;
202300032213;155623453;A01;1;10;8;2;1;7;1;
202300032213;155623454;B01;1;10;0;2;7;16;1;
202300032214;155623452;A01;2;7;0;1;1;1;1;
202300032215;155623451;A01;1;7;0;1;1;1;1;
202300032216;155623449;A01;1;7;0;1;2;1;1;
202300032217;155623450;A01;3;30;0;0;1;26;0;
202300032218;155623446;A01;1;7;0;2;3;1;1;
202300032218;155623448;B01;2;10;0;2;8;1;1;
202300032219;155623445;B01;1;7;0;2;6;1;1;
202300032219;155623447;A01;1;7;0;2;2;17;1;
202300032220;155623442;A01;3;7;0;1;1;1;1;
202300032221;155623443;A01;3;7;0;2;3;9;1;
202300032221;155623444;B01;3;1;0;2;7;1;5;
202300032222;155623441;A01;1;7;0;1;2;16;1;
202300032223;155623437;A01;2;14;0;9;1;21;1;
202300032223;155623440;B01;2;1;0;2;4;1;5;
202300032224;155623436;A01;2;7;0;2;3;1;1;
202300032224;155623438;B01;1;7;0;2;3;21;1;
202300032225;155623434;A01;3;7;0;2;1;0;3;
202300032225;155623439;B01;3;7;0;2;4;26;1;
202300032226;155623432;A01;1;7;0;2;7;15;1;
202300032226;155623435;B01;2;2;0;2;1;1;1;
202300032227;155623431;A01;2;7;0;0;1;1;1;
202300032228;155623429;A01;0;7;0;1;1;1;0;
202300032229;155623428;A01;3;50;0;2;1;1;3;