Num_Acc;id_vehicule;num_veh;senc;catv;obs;obsm;choc;manv;motor;occutc
202300032229;155623430;B01;3;7;0;2;1;1;1;
202300032230;155623423;A01;2;7;0;2;3;17;1;
202300032230;155623426;B01;2;7;0;2;1;1;1;
202300032231;155623422;B01;0;7;0;2;2;0;0;
202300032231;155623425;A01;2;7;0;2;5;1;1;
202300032232;155623424;A01;2;7;0;2;0;13;1;
202300032232;155623427;B01;1;33;0;2;1;1;1;
202300032233;155623417;B01;1;1;1;0;1;26;5;
202300032234;155623419;A01;0;7;0;2;0;0;1;
202300032234;155623421;B01;3;30;0;2;3;16;1;
202300032235;155623416;B01;2;7;0;2;4;1;1;
202300032235;155623418;A01;2;7;0;2;1;1;1;
202300032236;155623415;A01;3;7;0;2;1;1;0;
202300032236;155623420;B01;3;7;0;2;4;23;0;
202300032237;155623414;A01;1;7;0;1;1;25;1;
202300032238;155623412;A01;1;7;8;0;2;1;1;
202300032239;155623408;A01;2;7;1;0;9;1;1;
202300032240;155623407;A01;2;7;6;0;2;1;1;
202300032241;155623410;A01;1;7;0;2;8;15;1;
202300032241;155623411;B01;1;34;0;2;1;1;1;
202300032242;155623404;A01;3;7;0;2;1;26;0;
202300032242;155623405;B01;3;7;0;2;1;23;6;
202300032243;155623402;A01;2;32;12;0;0;16;1;
202300032244;155623399;D01;2;10;0;2;1;1;1;
202300032244;155623403;A01;1;7;0;2;1;5;1;
202300032244;155623406;C01;2;7;0;2;6;1;1;
202300032244;155623409;E01;2;7;0;2;1;2;1;
202300032244;155623413;B01;1;7;1;0;6;1;1;
202300032245;155623398;B01;2;7;0;2;4;2;1;
202300032245;155623401;A01;2;7;0;2;1;2;1;
202300032246;155623397;A01;2;7;0;2;3;13;1;
202300032246;155623400;B01;1;7;0;2;3;1;1;
202300032247;155623395;A01;2;7;0;1;1;1;1;
202300032248;155623394;A01;2;7;6;1;1;0;1;
202300032249;155623393;B01;2;7;0;2;1;1;1;
202300032249;155623396;A01;1;7;0;2;1;13;1;
202300032250;155623391;A01;2;7;11;0;1;1;1;
202300032251;155623390;A01;2;7;0;2;2;15;1;
202300032251;155623392;B01;1;33;0;2;1;1;1;
202300032252;155623389;A01;1;7;0;1;1;9;1;
202300032253;155623386;A01;1;3;0;2;0;0;1;
202300032253;155623388;B01;2;10;0;2;3;1;1;
202300032254;155623387;A01;0;50;0;1;8;1;3;
202300032255;155623383;A01;2;32;0;2;1;17;1;
202300032255;155623384;B01;1;7;0;2;3;1;1;
202300032256;155623382;Z01;1;7;0;2;1;1;1;
202300032256;155623385;A01;1;7;0;2;6;2;1;
202300032257;155623378;A01;3;33;0;2;2;15;1;
202300032257;155623381;B01;3;7;0;2;3;15;0;
202300032258;155623377;A01;0;33;0;2;1;1;1;
202300032258;155623379;B01;0;7;0;2;7;0;1;
202300032259;155623376;Z01;1;7;0;1;1;1;0;
202300032260;155623373;A01;2;7;0;2;2;1;1;
202300032260;155623380;B01;2;7;0;2;3;1;1;
202300032261;155623369;A01;2;32;0;2;1;26;1;
202300032261;155623372;B01;3;7;0;0;0;0;1;
202300032262;155623366;A01;1;33;0;2;2;21;1;
202300032262;155623368;B01;1;7;0;2;3;15;1;
202300032263;155623365;A01;1;7;0;2;4;2;1;
202300032263;155623371;B01;1;7;0;2;4;2;1;
202300032263;155623375;C01;1;10;0;2;1;2;1;
202300032264;155623367;A01;1;7;0;2;8;15;1;
202300032264;155623370;B01;1;7;0;2;1;17;1;
202300032265;155623364;A01;3;7;0;1;1;15;2;
202300032266;155623362;A01;3;50;0;2;8;19;3;
202300032266;155623363;B01;3;7;0;9;1;0;1;
202300032267;155623355;A01;3;7;0;2;3;1;0;
202300032267;155623361;B01;3;7;0;2;6;15;0;
202300032268;155623356;A01;1;7;0;9;1;15;6;
202300032268;155623360;B01;2;50;0;2;7;1;3;
202300032269;155623353;A01;2;7;0;1;2;17;1;
202300032270;155623352;A01;1;30;0;2;1;1;1;
202300032270;155623358;B01;2;7;0;2;3;16;1;
202300032271;155623351;C01;1;7;0;2;4;2;1;
202300032271;155623354;B01;1;7;0;2;4;2;2;
202300032271;155623357;A01;1;10;0;2;3;2;1;
202300032271;155623359;D01;1;7;0;2;4;2;1;
202300032272;155623348;A01;2;7;0;2;3;15;1;
202300032272;155623350;B01;2;33;0;2;2;17;1;
202300032273;155623347;A01;2;7;0;1;3;1;1;
202300032274;155623349;A01;1;33;0;0;0;0;1;
202300032275;155623345;B01;1;7;0;2;1;1;1;
202300032275;155623346;A01;1;50;0;2;1;5;3;
202300032276;155623344;A01;1;7;9;0;2;14;1;
202300032277;155623343;A01;1;7;3;0;3;1;1;
202300032278;155623336;A01;1;7;0;2;2;14;1;
202300032278;155623340;B01;1;32;0;2;3;1;1;
202300032279;155623335;B01;2;7;0;2;2;1;1;
202300032279;155623339;A01;2;1;0;2;8;1;5;
202300032280;155623337;A01;1;10;0;1;1;1;1;
202300032281;155623334;A01;2;7;0;2;1;2;1;
202300032281;155623338;B01;2;10;0;2;4;2;1;
202300032282;155623333;A01;1;7;0;1;1;1;1;
202300032283;155623331;A01;1;32;0;0;0;0;1;
202300032284;155623330;A01;3;7;0;1;3;20;1;
202300032285;155623327;A01;1;7;0;2;1;1;1;
202300032285;155623332;B01;1;7;0;2;4;1;1;
202300032286;155623326;A01;3;7;0;2;6;9;1;
202300032286;155623328;B01;3;33;0;2;1;1;1;
202300032287;155623323;A01;2;7;1;0;2;1;1;
202300032288;155623324;A01;3;7;0;1;1;0;0;
202300032289;155623322;C01;2;10;0;2;4;2;0;
202300032289;155623325;A01;2;7;0;2;1;2;0;
202300032289;155623329;B01;2;7;0;2;4;2;0;
202300032290;155623320;A01;1;10;0;1;1;1;1;
202300032291;155623315;A01;1;7;0;2;4;1;1;
202300032291;155623319;B01;1;7;0;2;4;2;1;
202300032291;155623321;C01;1;7;0;2;1;2;1;
202300032292;155623316;A01;2;33;0;0;1;21;1;
202300032293;155623313;B01;1;10;0;2;4;15;1;
202300032293;155623318;A01;1;7;0;2;1;15;1;
202300032294;155623312;A01;1;34;0;2;7;17;1;
202300032294;155623317;B01;1;7;0;2;8;15;1;
202300032295;155623310;A01;2;43;0;0;0;3;1;
202300032296;155623309;B01;1;7;0;2;5;1;1;
202300032296;155623314;A01;1;50;0;2;1;1;3;
202300032297;155623307;P01;1;1;0;2;5;15;5;
202300032297;155623311;B01;1;7;0;2;2;1;1;
202300032298;155623305;A01;1;2;0;2;1;26;0;
202300032298;155623308;B01;1;7;0;2;3;1;1;
202300032299;155623301;C01;1;7;0;2;4;1;0;
202300032299;155623304;B01;1;10;0;2;4;0;0;
202300032299;155623306;A01;1;7;0;2;1;1;6;
202300032300;155623295;B01;1;7;0;2;4;1;1;
202300032300;155623300;A01;1;7;0;2;1;2;1;
202300032300;155623303;C01;1;7;0;2;1;2;1;
202300032301;155623294;A01;1;7;0;2;1;2;1;
202300032301;155623298;B01;1;7;0;2;4;2;1;
202300032301;155623302;C01;1;7;0;2;4;2;1;
202300032302;155623292;C01;2;7;0;2;4;23;1;
202300032302;155623296;Z01;2;7;0;2;1;2;1;
202300032302;155623299;B01;2;7;0;2;5;23;1;
202300032303;155623291;A01;1;7;0;2;3;19;1;
202300032303;155623297;B01;2;7;0;2;1;1;1;
202300032304;155623290;A01;2;10;0;2;5;15;1;
202300032304;155623293;B01;1;33;0;2;1;1;1;
202300032305;155623288;A01;0;7;0;1;1;2;1;
202300032306;155623287;B01;2;7;0;2;5;2;3;
202300032306;155623289;A01;2;7;0;2;1;2;1;
202300032307;155623284;A01;1;7;1;0;2;14;1;
202300032308;155623282;A01;1;7;0;2;8;15;1;
202300032308;155623285;B01;1;33;0;2;1;1;1;
202300032309;155623283;B01;1;7;0;2;1;1;1;
202300032309;155623286;A01;2;7;0;2;2;1;1;
202300032310;155623279;A01;2;7;0;1;3;1;1;
202300032311;155623277;A01;2;7;0;2;5;15;1;
202300032311;155623280;B01;1;10;0;2;2;1;1;
202300032312;155623275;B01;3;2;0;2;1;2;1;
202300032312;155623278;A01;3;10;0;2;5;15;1;
202300032313;155623276;A01;1;7;2;0;7;17;1;
202300032314;155623272;A01;1;7;0;2;2;15;1;
202300032314;155623274;B01;2;7;0;2;1;1;1;
202300032315;155623271;A01;1;50;0;2;1;1;3;
202300032315;155623273;B01;1;7;0;2;1;1;1;
202300032316;155623267;B01;1;30;0;2;1;3;1;
202300032316;155623270;A01;1;7;0;2;4;15;1;
202300032317;155623265;B01;3;50;0;2;7;19;3;
202300032317;155623268;A01;1;7;0;2;1;1;1;
202300032318;155623266;A01;2;31;0;2;1;2;1;
202300032318;155623269;B01;2;7;0;2;2;15;6;
202300032319;155623262;A01;1;7;0;2;2;15;1;
202300032319;155623263;B01;1;2;0;2;1;1;1;
202300032320;155623260;A01;1;31;0;0;0;0;1;
202300032321;155623261;A01;1;7;0;2;7;17;1;
202300032321;155623264;B01;1;80;0;2;8;15;3;
202300032322;155623259;A01;2;7;0;1;1;19;1;
202300032323;155623258;A01;3;32;1;0;1;1;1;
202300032324;155623255;A01;0;33;0;0;8;1;1;
202300032325;155623256;A01;2;10;0;2;2;2;1;
202300032325;155623257;B01;2;7;0;0;4;23;1;
202300032326;155623249;A01;1;7;0;2;7;15;1;
202300032326;155623250;B01;2;2;0;2;1;1;1;
202300032327;155623248;A01;2;7;0;2;3;11;1;
202300032327;155623251;B01;2;7;0;2;7;1;1;
202300032328;155623253;A01;2;7;0;2;1;2;1;
202300032328;155623254;B01;2;7;0;0;4;2;1;
202300032329;155623245;A01;1;7;0;2;3;13;1;
202300032329;155623247;B01;2;2;0;2;0;1;1;
202300032330;155623243;B01;3;7;0;2;3;1;1;
202300032330;155623244;C01;3;7;0;2;8;1;1;
202300032330;155623252;A01;3;7;0;2;1;17;1;
202300032331;155623239;A01;1;10;0;9;7;15;1;
202300032331;155623242;B01;2;50;0;2;1;1;3;
202300032332;155623238;A01;3;37;0;1;7;1;1;1.0
202300032333;155623237;A01;3;1;0;2;1;5;5;
202300032333;155623240;B01;3;7;0;2;1;1;1;
202300032334;155623236;A01;1;7;9;2;7;1;1;
202300032334;155623241;C01;2;7;9;2;8;0;1;
202300032334;155623246;B01;2;7;9;2;1;1;1;
202300032335;155623233;A01;1;34;0;1;7;3;1;
202300032336;155623234;A01;0;30;0;2;1;7;1;
202300032336;155623235;B01;0;10;0;2;2;0;1;
202300032337;155623229;B01;1;7;0;2;2;1;1;
202300032337;155623231;A01;2;7;0;2;3;13;1;
202300032338;155623228;B01;3;50;0;2;1;7;3;
202300032338;155623232;A01;1;7;16;2;3;15;1;
202300032339;155623227;B01;1;1;0;0;0;0;5;
202300032339;155623230;A01;1;7;0;2;1;26;1;
202300032340;155623224;A01;2;99;0;9;0;0;1;
202300032340;155623226;B01;2;32;0;0;0;0;1;
202300032341;155623223;B01;2;7;0;2;3;1;1;
202300032341;155623225;A01;1;7;0;2;3;13;1;
202300032342;155623220;B01;1;38;0;0;3;1;1;1.0
202300032342;155623222;A01;2;7;0;0;3;13;1;
202300032343;155623219;A01;2;7;0;1;1;1;0;
202300032344;155623218;A01;1;10;1;0;1;1;1;
202300032345;155623217;A01;1;7;0;2;2;1;1;
202300032345;155623221;B01;1;1;0;2;6;1;0;
202300032346;155623215;B01;2;7;0;2;4;1;1;
202300032346;155623216;A01;2;10;0;2;1;1;1;
202300032347;155623213;A01;1;7;0;1;2;14;0;
202300032348;155623212;A01;2;7;0;2;7;19;1;
202300032348;155623214;B01;2;7;0;2;3;0;1;
202300032349;155623208;A01;1;7;0;2;4;11;1;
202300032349;155623211;B01;1;33;0;2;1;3;1;
202300032350;155623204;B01;2;7;0;2;4;2;1;
202300032350;155623207;C01;2;10;0;2;4;2;1;
202300032350;155623209;A01;2;7;0;2;1;2;1;
202300032351;155623203;A01;3;7;0;1;3;20;1;
202300032352;155623200;A01;2;7;0;2;3;1;1;
202300032352;155623205;B01;1;7;0;2;6;15;1;
202300032353;155623198;A01;1;17;13;0;2;13;1;
202300032354;155623199;C01;3;7;0;2;1;1;1;
202300032354;155623201;B01;3;7;0;2;4;1;1;
202300032354;155623206;D01;3;7;0;2;1;1;1;
202300032354;155623210;A01;3;7;0;2;4;1;1;
202300032355;155623197;A01;1;31;0;2;1;26;1;
202300032355;155623202;B01;2;7;0;2;8;15;1;
202300032356;155623195;A01;2;50;0;2;1;5;3;
202300032356;155623196;Y01;1;1;0;2;1;1;5;
202300032357;155623193;A01;1;7;9;1;4;20;1;
202300032358;155623192;A01;3;7;0;1;3;15;1;
202300032359;155623190;A01;3;7;0;2;3;0;1;
202300032359;155623194;B01;0;7;0;2;3;0;1;
202300032360;155623188;B01;2;7;0;2;2;1;1;
202300032360;155623191;A01;1;31;0;2;1;9;1;
202300032361;155623187;B01;2;31;0;2;1;1;1;
202300032361;155623189;A01;1;7;0;2;7;15;1;
202300032362;155623185;A01;3;7;0;1;2;1;1;
202300032363;155623184;A01;1;7;0;1;2;0;1;
202300032364;155623183;A01;3;7;0;2;3;26;1;
202300032364;155623186;B01;2;30;0;2;5;1;0;
202300032365;155623182;A01;2;80;0;0;7;15;3;
202300032366;155623181;A01;2;7;1;0;9;1;1;
202300032367;155623178;B01;2;7;0;2;1;1;1;
202300032367;155623180;A01;1;33;0;2;1;1;1;
202300032368;155623175;A01;2;1;9;0;1;1;5;
202300032369;155623176;B01;3;2;0;2;1;1;1;
202300032369;155623179;A01;3;7;0;2;3;15;1;
202300032370;155623174;A01;3;7;0;1;2;1;1;
202300032371;155623173;A01;0;7;0;2;4;26;1;
202300032371;155623177;B01;0;7;0;1;4;2;1;
202300032372;155623166;B01;2;50;1;0;2;1;3;
202300032372;155623170;A01;2;7;0;2;0;0;1;
202300032373;155623169;A01;1;7;1;0;1;20;3;
202300032374;155623168;B01;1;33;0;2;3;1;1;
202300032374;155623172;A01;1;7;0;2;3;15;1;
202300032375;155623165;A01;1;10;0;2;1;2;1;
202300032375;155623167;B01;1;7;0;2;4;2;1;
202300032375;155623171;C01;2;10;3;2;3;1;1;
202300032376;155623162;A01;1;7;0;9;2;15;2;
202300032376;155623164;B01;2;50;0;2;3;1;3;
202300032377;155623161;A01;3;31;0;0;8;1;1;
202300032378;155623159;A01;1;7;0;1;1;1;1;
202300032379;155623158;A01;1;10;0;2;7;14;1;
202300032379;155623160;B01;1;7;0;2;8;26;1;
202300032379;155623163;C01;1;7;1;2;8;26;1;
202300032380;155623153;B01;1;7;0;0;0;15;1;
202300032380;155623156;C01;2;7;0;2;1;1;1;
202300032380;155623157;A01;1;7;0;2;1;17;1;
202300032381;155623150;B01;3;50;0;2;0;19;3;
202300032381;155623154;A01;1;3;0;2;1;7;1;
202300032382;155623151;A01;2;43;3;2;1;2;1;
202300032382;155623155;B01;2;7;0;0;0;2;1;
202300032383;155623148;B01;1;30;0;2;2;1;1;
202300032383;155623152;A01;1;7;0;2;6;20;1;
202300032384;155623147;B01;2;7;0;2;8;15;1;
202300032384;155623149;A01;2;30;0;2;5;17;1;
202300032385;155623143;A01;1;7;0;1;1;1;1;
202300032386;155623144;A01;1;7;0;1;5;20;1;
202300032387;155623140;B01;1;34;0;2;1;0;1;
202300032387;155623142;A01;2;7;0;2;5;15;1;
202300032388;155623139;A01;2;2;13;0;0;1;1;
202300032389;155623136;B01;0;7;0;2;3;23;1;
202300032389;155623141;A01;2;32;0;2;1;1;1;
202300032390;155623137;A01;2;31;4;0;0;1;1;
202300032391;155623134;B01;3;1;0;2;1;19;5;
202300032391;155623138;A01;2;7;0;2;2;26;1;
202300032392;155623133;A01;1;21;6;0;5;14;1;
202300032393;155623132;A01;1;7;13;0;8;1;1;
202300032394;155623131;A01;2;10;0;2;1;1;1;
202300032394;155623135;B01;3;1;0;2;4;1;5;
202300032395;155623129;A01;2;33;4;0;1;14;1;
202300032396;155623125;A01;3;7;0;1;3;21;1;
202300032397;155623124;A01;3;10;0;2;7;1;1;
202300032397;155623128;B01;3;7;0;2;1;1;1;
202300032398;155623123;A01;1;43;0;2;1;1;1;
202300032398;155623126;B01;1;7;0;2;4;1;1;
202300032399;155623122;A01;2;7;0;2;5;23;1;
202300032399;155623127;B01;2;7;0;2;4;23;2;
202300032399;155623130;C01;2;7;0;2;1;1;1;
202300032400;155623119;A01;1;31;9;0;1;1;1;
202300032401;155623117;B01;2;33;0;2;1;1;1;
202300032401;155623121;A01;1;10;0;2;3;16;1;
202300032402;155623118;A01;1;7;0;1;1;1;1;
202300032403;155623116;A01;1;7;12;0;3;1;1;
202300032404;155623114;A01;1;7;0;1;8;1;1;
202300032405;155623111;A01;1;31;0;0;3;2;1;
202300032406;155623112;A01;3;3;16;0;2;21;1;
202300032407;155623109;A01;2;7;0;2;1;2;1;
202300032407;155623113;B01;2;10;0;2;4;2;1;
202300032407;155623115;C01;2;7;0;2;4;2;1;
202300032408;155623110;A01;3;7;0;1;1;16;1;
202300032409;155623107;A01;1;2;0;0;1;1;3;
202300032410;155623106;A01;1;7;0;2;3;19;1;
202300032410;155623108;B01;1;7;0;2;1;1;1;
202300032411;155623104;A01;1;7;0;1;8;2;2;
202300032412;155623100;A01;1;7;0;2;1;15;1;
202300032412;155623103;B01;2;33;0;2;1;1;1;
202300032413;155623102;B01;3;80;0;2;1;0;3;
202300032413;155623105;A01;3;7;0;2;1;16;1;
202300032414;155623099;A01;1;34;0;2;1;1;1;
202300032414;155623101;B01;1;10;0;2;4;23;1;
202300032415;155623096;A01;2;33;6;0;8;1;1;
202300032416;155623095;A01;3;7;0;2;3;9;1;
202300032416;155623098;B01;3;7;0;2;8;1;1;
202300032417;155623092;A01;3;7;0;1;1;1;1;
202300032418;155623093;B01;2;7;0;2;6;23;2;
202300032418;155623097;A01;2;32;0;2;1;1;1;
202300032419;155623091;A01;1;2;0;2;2;1;1;
202300032419;155623094;B01;3;7;0;2;3;16;2;
202300032420;155623090;A01;2;2;0;0;8;1;1;
202300032421;155623089;A01;3;7;0;0;1;26;1;
202300032422;155623086;A01;2;33;11;0;1;1;1;
202300032423;155623087;A01;1;7;0;1;1;16;1;
202300032424;155623085;A01;3;7;1;1;3;20;0;
202300032425;155623084;B01;1;33;0;2;8;1;1;
202300032425;155623088;A01;2;7;0;2;3;15;1;
202300032426;155623083;Z01;0;30;0;1;0;0;0;
202300032427;155623077;A01;2;33;0;2;1;17;1;
202300032427;155623082;B01;2;33;0;2;4;17;1;
202300032428;155623075;B01;0;7;0;0;4;2;1;
202300032428;155623080;A01;2;7;0;2;1;2;1;
202300032429;155623079;A01;2;7;14;0;1;17;1;
202300032430;155623078;B01;1;7;0;2;1;2;1;
202300032430;155623081;A01;1;10;0;2;4;1;1;
202300032431;155623076;A01;1;3;0;1;8;1;0;
202300032432;155623074;A01;1;33;2;0;1;1;1;
202300032433;155623069;A01;3;99;0;1;2;1;1;
202300032434;155623070;A01;3;7;0;2;1;15;1;
202300032434;155623073;B01;3;1;0;2;1;15;5;
202300032435;155623068;B01;1;7;0;2;3;15;1;
202300032435;155623072;A01;2;30;0;2;1;13;1;
202300032436;155623067;A01;3;7;0;4;1;15;1;
202300032436;155623071;B01;0;40;0;2;8;1;0;
202300032437;155623066;A01;2;7;8;0;1;0;0;
202300032438;155623063;A01;1;7;0;2;2;2;1;
202300032438;155623065;B01;1;33;0;2;0;0;1;
202300032439;155623062;B01;2;10;0;2;3;15;1;
202300032439;155623064;A01;3;33;0;2;5;17;1;
202300032440;155623058;A01;0;7;0;2;1;15;1;
202300032440;155623059;B01;0;31;0;2;0;0;1;
202300032441;155623057;A01;2;7;0;1;2;1;1;
202300032442;155623060;A01;1;7;0;2;1;5;1;
202300032442;155623061;B01;1;33;0;2;1;15;1;
202300032443;155623055;A01;2;7;0;1;3;15;1;
202300032444;155623054;A01;2;15;0;1;2;1;1;
202300032445;155623051;B01;3;7;0;2;2;21;1;
202300032445;155623056;A01;3;2;0;2;1;16;1;
202300032446;155623050;B01;2;1;0;2;8;0;5;
202300032446;155623053;A01;2;7;0;2;3;1;1;
202300032447;155623049;A01;1;7;0;1;1;1;1;
202300032448;155623048;B01;3;33;0;2;1;2;1;
202300032448;155623052;A01;3;10;0;2;3;2;0;
202300032449;155623045;A01;1;7;0;2;2;13;1;
202300032449;155623047;B01;1;50;0;2;1;2;3;
202300032450;155623046;A01;1;2;0;0;0;1;1;
202300032451;155623041;A01;3;7;0;2;1;26;1;
202300032451;155623044;B01;3;7;0;2;1;26;1;
202300032452;155623040;B01;2;15;0;0;6;2;1;
202300032452;155623043;A01;2;38;0;2;2;1;1;25.0
202300032453;155623039;A01;3;7;0;2;2;1;1;
202300032453;155623042;B01;3;1;0;2;7;19;5;
202300032454;155623036;A01;3;7;0;2;1;2;0;
202300032454;155623038;B01;0;32;0;2;7;2;0;
202300032455;155623037;A01;1;7;12;0;1;13;1;
202300032456;155623033;A01;2;7;4;2;4;12;1;
202300032456;155623035;B01;2;13;0;2;3;1;1;
202300032457;155623031;A01;2;34;8;0;1;1;1;
202300032458;155623030;A01;3;10;0;1;4;26;1;
202300032459;155623025;B01;1;7;0;2;5;15;1;
202300032459;155623029;C01;1;7;0;0;4;15;1;
202300032459;155623032;D01;2;10;0;2;3;1;1;
202300032459;155623034;A01;2;7;0;2;1;13;1;
202300032460;155623024;A01;1;33;0;2;8;2;1;
202300032460;155623028;B01;1;7;0;0;8;1;1;
202300032461;155623022;A01;0;32;0;2;8;13;1;
202300032461;155623026;B01;0;1;0;2;2;17;5;
202300032462;155623021;A01;1;7;0;2;2;0;1;
202300032462;155623027;B01;2;7;0;2;1;1;3;
202300032463;155623020;A01;1;7;4;0;2;14;1;
202300032464;155623017;B01;3;7;0;2;0;0;1;
202300032464;155623023;A01;1;30;0;2;0;0;1;
202300032465;155623014;A01;2;7;0;2;1;1;1;
202300032465;155623018;B01;2;17;0;0;4;1;1;
202300032466;155623009;A01;1;7;3;2;3;13;1;
202300032466;155623012;B01;2;17;0;2;6;0;1;
202300032467;155623010;A01;1;7;0;2;2;12;1;
202300032467;155623016;B01;1;7;4;0;5;17;1;
202300032468;155623011;A01;2;7;0;2;3;11;1;
202300032468;155623013;B01;2;33;0;2;7;1;1;
202300032469;155623007;A01;1;10;0;1;1;16;1;
202300032470;155623006;B01;2;2;0;2;1;1;1;
202300032470;155623008;A01;2;7;0;2;5;16;1;
202300032471;155623000;A01;2;33;0;2;1;2;1;
202300032471;155623004;B01;2;7;0;2;4;2;1;
202300032472;155622998;A01;2;7;0;2;1;9;1;
202300032472;155623003;B01;2;7;0;2;3;1;1;
202300032473;155622996;A01;1;2;0;2;7;5;1;
202300032473;155622999;B01;2;10;0;2;7;21;1;
202300032474;155622997;B01;2;33;0;2;3;3;1;
202300032474;155623002;C01;2;34;0;2;0;1;1;
202300032474;155623005;A01;2;7;0;2;7;12;1;
202300032475;155622995;A01;1;7;0;2;3;20;1;
202300032475;155623001;B01;1;30;0;2;0;0;1;
202300032476;155622994;A01;2;7;2;0;1;14;1;
202300032477;155622990;A01;1;7;0;0;5;15;1;
202300032477;155622992;B01;2;34;0;2;1;1;1;
202300032478;155622988;A01;1;33;1;1;1;1;1;
202300032478;155622993;B01;1;10;0;2;8;24;1;
202300032479;155622983;B01;1;7;0;2;4;1;2;
202300032479;155622985;A01;1;7;0;2;1;1;1;
202300032479;155622987;C01;1;33;0;2;5;3;1;
202300032479;155622991;D01;1;7;0;2;2;1;2;
202300032480;155622980;A01;1;15;0;2;1;1;1;
202300032480;155622982;B01;1;10;16;0;3;1;0;
202300032481;155622981;A01;1;30;0;1;7;1;3;
202300032482;155622974;A01;1;10;0;2;3;26;1;
202300032482;155622978;B01;1;10;7;2;2;1;1;
202300032483;155622976;B01;2;2;0;2;3;21;0;
202300032483;155622979;A01;2;7;0;2;7;22;3;
202300032484;155622972;B01;1;7;0;2;3;1;1;
202300032484;155622975;A01;2;7;0;2;3;13;1;
202300032485;155622973;B01;2;1;0;2;1;9;5;
202300032485;155622977;A01;2;7;0;2;1;1;1;
202300032486;155622970;A01;1;7;2;0;3;0;0;
202300032487;155622968;A01;2;7;0;2;3;1;0;
202300032487;155622971;B01;1;50;0;2;1;2;3;
202300032488;155622967;A01;1;2;0;2;8;1;1;
202300032488;155622969;Z01;1;7;0;0;0;16;0;
202300032489;155622965;A01;1;10;0;2;3;13;1;
202300032489;155622966;B01;1;50;0;2;1;17;3;
202300032490;155622963;A01;2;7;13;0;3;1;1;
202300032491;155622964;A01;2;33;15;0;1;0;1;
202300032492;155622962;A01;2;7;0;1;2;1;2;
202300032493;155622959;A01;1;7;7;0;1;1;2;
202300032494;155622957;A01;1;7;0;2;6;0;1;
202300032494;155622961;B01;2;15;0;2;1;13;1;
202300032495;155622958;A01;1;33;0;2;1;1;1;
202300032495;155622960;B01;2;7;0;2;8;15;0;
202300032496;155622952;A01;1;34;0;0;8;1;1;
202300032497;155622953;Z01;0;50;0;1;1;1;3;
202300032498;155622951;A01;2;33;0;2;1;2;1;
202300032498;155622954;B01;2;10;0;0;5;15;1;
202300032499;155622955;A01;2;7;0;2;1;1;2;
202300032499;155622956;B01;2;2;0;2;8;18;3;
202300032500;155622943;A01;2;7;3;0;3;1;1;
202300032501;155622945;A01;3;33;0;1;1;1;1;
202300032502;155622944;A01;1;32;0;2;2;1;1;
202300032502;155622948;B01;1;7;0;2;6;11;1;
202300032502;155622950;C01;1;7;0;2;4;1;1;
202300032503;155622940;A01;1;33;0;0;1;1;1;
202300032504;155622937;B01;1;7;0;2;1;1;2;
202300032504;155622939;A01;1;80;0;2;8;1;3;
202300032505;155622936;E01;1;7;0;2;2;23;1;
202300032505;155622938;F01;1;7;0;2;4;23;1;
202300032505;155622941;C01;1;10;0;2;7;23;1;
202300032505;155622942;G01;1;7;0;2;4;23;1;
202300032505;155622946;D01;1;33;0;2;4;23;1;
202300032505;155622947;A01;1;7;0;2;1;1;2;
202300032505;155622949;B01;1;37;0;2;6;23;6;1.0
202300032506;155622933;A01;2;10;0;2;1;2;1;
202300032506;155622934;B01;2;7;0;2;4;2;1;
202300032506;155622935;C01;2;7;0;0;5;2;1;
202300032507;155622930;B01;2;7;0;2;3;15;3;
202300032507;155622931;A01;1;33;0;2;1;1;1;
202300032508;155622929;A01;3;33;0;2;7;3;1;
202300032508;155622932;B01;3;7;0;2;1;23;1;
202300032509;155622928;A01;1;7;4;0;8;1;1;
202300032510;155622925;A01;1;7;4;0;8;13;1;
202300032511;155622926;B01;1;7;0;2;0;13;1;
202300032511;155622927;A01;3;1;0;2;7;1;5;
202300032512;155622924;A01;1;30;0;1;0;1;0;
202300032513;155622923;A01;2;33;14;0;8;1;1;
202300032514;155622921;A01;3;7;0;2;3;13;1;
202300032514;155622922;B01;3;34;0;2;1;1;1;
202300032515;155622920;A01;1;33;0;1;1;1;1;
202300032516;155622919;A01;1;7;2;0;2;14;1;
202300032517;155622917;A01;2;10;0;1;2;16;1;
202300032518;155622916;A01;3;2;0;2;7;21;3;
202300032518;155622918;B01;3;7;0;2;0;15;1;
202300032519;155622914;A01;3;21;0;2;3;15;1;
202300032519;155622915;B01;2;30;0;0;1;16;1;
202300032520;155622913;A01;3;32;0;1;1;1;1;
202300032521;155622911;A01;2;7;0;2;3;1;3;
202300032521;155622912;B01;1;1;0;2;7;1;5;
202300032522;155622909;A01;2;7;0;2;6;15;1;
202300032522;155622910;B01;2;50;0;2;1;2;3;
202300032523;155622905;A01;2;33;0;2;1;2;1;
202300032523;155622908;B01;2;7;0;2;7;15;1;
202300032524;155622906;B01;1;43;0;2;3;11;1;
202300032524;155622907;A01;1;7;0;2;2;12;2;
202300032525;155622904;A01;2;33;13;0;1;1;1;
202300032526;155622901;A01;3;10;13;0;3;26;1;