Num_Acc;id_vehicule;num_veh;senc;catv;obs;obsm;choc;manv;motor;occutc
202300032527;155622900;Z01;1;7;0;2;7;12;1;
202300032527;155622903;A01;1;32;0;2;3;18;1;
202300032528;155622899;A01;0;7;0;2;1;26;1;
202300032528;155622902;B01;0;33;0;0;1;15;1;
202300032529;155622898;A01;1;2;0;0;9;16;1;
202300032530;155622897;A01;1;30;0;0;0;2;1;
202300032531;155622894;B01;3;34;0;2;1;1;1;
202300032531;155622896;A01;3;7;16;0;4;14;1;
202300032532;155622893;A01;1;7;0;2;3;9;1;
202300032532;155622895;B01;1;1;0;2;0;1;5;
202300032533;155622891;A01;1;7;0;2;1;1;1;
202300032533;155622892;B01;3;50;0;2;7;19;3;
202300032534;155622887;Z01;1;7;0;1;0;0;1;
202300032535;155622888;B01;1;50;0;2;8;14;3;
202300032535;155622890;A01;2;7;0;2;1;1;1;
202300032536;155622886;B01;1;99;0;2;1;1;1;
202300032536;155622889;A01;2;7;0;2;1;13;1;
202300032537;155622882;A01;2;7;0;9;6;15;1;
202300032537;155622884;B01;1;1;0;2;2;1;5;
202300032538;155622880;Z01;2;7;0;2;2;1;0;
202300032538;155622885;B01;1;7;6;2;3;9;1;
202300032539;155622881;B01;3;30;0;2;1;1;1;
202300032539;155622883;A01;1;7;0;2;2;1;1;
202300032540;155622877;A01;0;1;0;2;1;5;5;
202300032540;155622879;B01;0;1;0;2;1;1;5;
202300032541;155622876;B01;2;2;0;2;1;1;1;
202300032541;155622878;A01;1;7;0;2;1;13;1;
202300032542;155622875;A01;3;10;0;1;1;1;4;
202300032543;155622874;A01;0;7;0;1;1;1;0;
202300032544;155622870;B01;2;7;0;2;2;1;1;
202300032544;155622873;A01;1;7;0;2;3;9;1;
202300032545;155622871;A01;1;34;0;2;2;17;1;
202300032545;155622872;B01;1;10;0;2;3;15;1;
202300032546;155622869;A01;3;7;0;1;3;0;2;
202300032547;155622866;A01;2;31;0;2;2;5;1;
202300032547;155622867;B01;1;7;0;2;3;1;1;
202300032548;155622865;A01;1;7;0;2;7;13;1;
202300032548;155622868;B01;2;7;0;2;1;1;1;
202300032549;155622862;C01;1;7;0;2;4;2;2;
202300032549;155622863;A01;2;7;0;2;1;2;1;
202300032549;155622864;B01;1;7;0;2;4;2;1;
202300032550;155622861;A01;1;32;0;1;2;17;1;
202300032551;155622859;A01;1;7;8;2;3;1;1;
202300032551;155622860;B01;2;7;0;2;2;19;1;
202300032552;155622857;A01;2;10;0;2;2;26;1;
202300032552;155622858;B01;2;7;9;2;3;1;1;
202300032553;155622855;A01;1;7;0;2;2;12;1;
202300032553;155622856;B01;1;37;0;2;3;1;1;2.0
202300032554;155622852;A01;3;7;0;2;3;9;1;
202300032554;155622854;B01;3;80;0;2;7;1;3;
202300032555;155622851;A01;2;1;0;2;1;5;5;
202300032555;155622853;B01;2;7;0;2;1;1;1;
202300032556;155622847;A01;1;7;0;0;3;1;1;
202300032556;155622849;B01;2;7;0;2;3;13;1;
202300032557;155622845;C01;1;3;0;9;0;15;0;
202300032557;155622848;A01;1;3;0;2;3;21;0;
202300032557;155622850;B01;2;34;0;2;3;1;0;
202300032558;155622846;A01;3;10;0;1;1;1;0;
202300032559;155622841;A01;0;7;0;2;3;1;1;
202300032559;155622843;B01;0;30;0;2;1;0;3;
202300032560;155622838;A01;1;99;0;2;3;15;1;
202300032560;155622840;B01;2;1;0;2;1;1;5;
202300032561;155622837;A01;1;7;0;2;1;19;1;
202300032561;155622839;B01;2;7;0;2;3;0;1;
202300032561;155622842;D01;2;7;0;2;1;0;3;
202300032561;155622844;C01;2;32;3;2;3;0;1;
202300032562;155622835;B01;1;34;0;2;1;3;1;
202300032562;155622836;A01;2;7;0;2;3;15;0;
202300032563;155622832;A01;2;33;15;0;1;0;1;
202300032563;155622833;B01;1;7;0;0;1;0;1;
202300032563;155622834;C01;1;7;0;0;1;0;1;
202300032564;155622831;A01;1;7;0;1;3;1;1;
202300032565;155622830;A01;2;1;0;0;0;1;5;
202300032566;155622827;A01;3;30;0;2;1;19;1;
202300032566;155622829;B01;1;7;0;2;3;1;1;
202300032567;155622825;A01;3;2;0;2;5;1;1;
202300032567;155622826;B01;3;7;0;2;2;3;1;
202300032568;155622824;B01;1;60;0;2;1;26;5;
202300032568;155622828;A01;2;7;0;2;3;26;1;
202300032569;155622823;A01;1;50;8;0;1;0;3;
202300032570;155622822;A01;1;80;8;0;1;0;3;
202300032571;155622819;B01;1;1;0;2;4;13;5;
202300032571;155622821;A01;1;10;0;2;1;1;1;
202300032572;155622820;A01;1;7;0;1;2;16;0;
202300032573;155622815;A01;1;7;0;2;3;20;1;
202300032573;155622818;B01;1;30;0;2;1;1;3;
202300032574;155622816;A01;0;21;0;0;0;15;6;
202300032575;155622814;B01;1;30;0;2;1;2;0;
202300032575;155622817;A01;2;7;0;2;3;17;1;
202300032576;155622812;A01;1;33;0;0;1;17;1;
202300032577;155622811;B01;2;31;0;2;2;21;1;
202300032577;155622813;A01;3;7;0;2;3;15;1;
202300032578;155622809;A01;0;33;0;0;0;0;1;
202300032579;155622810;A01;1;7;1;1;2;1;1;
202300032580;155622806;A01;1;7;0;2;1;1;1;
202300032580;155622808;B01;2;7;0;2;1;13;1;
202300032581;155622804;A01;1;7;2;2;1;1;1;
202300032581;155622807;B01;1;7;0;2;4;1;1;
202300032582;155622803;A01;2;2;6;0;1;1;1;
202300032583;155622801;A01;2;7;0;2;1;2;0;
202300032583;155622802;B01;2;7;0;0;4;1;0;
202300032584;155622805;A01;3;7;0;1;3;15;1;
202300032585;155622799;B01;2;1;0;0;4;1;5;
202300032585;155622800;A01;2;7;0;2;2;1;1;
202300032586;155622792;A01;2;7;0;2;1;2;1;
202300032586;155622796;B01;2;15;0;0;4;2;1;
202300032587;155622791;B01;2;33;0;2;1;1;0;
202300032587;155622794;A01;2;7;0;0;4;0;0;
202300032587;155622795;C01;2;7;0;0;9;1;0;
202300032587;155622798;D01;2;7;0;2;1;1;0;
202300032588;155622793;B01;3;10;0;9;3;1;1;
202300032588;155622797;A01;0;1;0;0;0;0;5;
202300032589;155622790;A01;2;31;0;0;7;3;1;
202300032590;155622788;A01;2;1;0;2;7;1;5;
202300032590;155622789;B01;0;7;0;2;3;9;0;
202300032591;155622785;A01;2;7;0;1;2;16;1;
202300032592;155622783;A01;3;7;0;2;2;19;1;
202300032592;155622787;B01;1;33;0;2;5;2;1;
202300032593;155622784;A01;2;31;0;9;1;2;0;
202300032593;155622786;B01;2;1;0;0;4;2;5;
202300032594;155622778;A01;2;7;0;2;1;13;2;
202300032594;155622781;B01;1;34;0;2;1;1;1;
202300032595;155622779;A01;1;2;0;2;3;1;1;
202300032595;155622782;B01;1;10;1;2;2;15;0;
202300032596;155622777;A01;1;7;0;2;1;1;1;
202300032596;155622780;B01;1;17;0;0;0;1;1;
202300032597;155622776;A01;1;33;0;0;5;1;1;
202300032598;155622771;A01;1;50;0;2;1;2;3;
202300032598;155622774;B01;1;7;0;2;4;23;1;
202300032599;155622770;A01;1;7;0;0;1;13;0;
202300032599;155622772;B01;2;10;0;0;1;1;0;
202300032600;155622766;A01;2;7;0;2;3;16;1;
202300032600;155622767;B01;3;7;0;2;3;23;1;
202300032601;155622765;A01;2;32;0;1;1;1;0;
202300032602;155622763;A01;1;7;0;2;4;23;1;
202300032602;155622764;B01;1;7;0;2;1;1;1;
202300032603;155622761;A01;2;7;0;2;1;1;0;
202300032603;155622762;B01;1;7;0;2;1;1;1;
202300032604;155622758;B01;2;10;0;9;6;15;1;
202300032604;155622760;A01;2;32;16;0;7;17;1;
202300032605;155622755;A01;2;7;9;2;8;15;1;
202300032605;155622757;B01;2;7;9;2;2;15;1;
202300032606;155622756;A01;1;34;0;2;3;9;1;
202300032606;155622759;B01;2;7;0;2;3;21;1;
202300032607;155622753;A01;1;13;0;1;3;5;1;
202300032608;155622752;A01;1;7;0;9;7;15;1;
202300032608;155622754;B01;2;1;0;2;1;1;5;
202300032609;155622749;A01;1;7;0;2;7;26;1;
202300032609;155622751;B01;2;7;0;2;1;1;1;
202300032610;155622748;A01;1;15;0;2;3;12;1;
202300032610;155622750;B01;1;7;0;0;5;1;1;
202300032611;155622745;A01;1;2;0;2;1;1;1;
202300032611;155622747;B01;2;7;0;2;1;15;1;
202300032612;155622744;B01;2;7;0;2;1;1;0;
202300032612;155622746;A01;1;7;0;2;1;5;1;
202300032613;155622742;A01;1;7;0;2;1;1;1;
202300032613;155622743;B01;1;7;0;2;4;1;1;
202300032614;155622741;A01;0;7;0;1;1;15;1;
202300032615;155622739;A01;1;7;0;0;8;15;1;
202300032615;155622740;B01;2;33;0;0;1;17;1;
202300032616;155622736;A01;2;7;0;0;9;1;1;
202300032617;155622737;B01;2;7;0;2;3;1;1;
202300032617;155622738;A01;1;2;0;2;1;13;1;
202300032618;155622731;A01;1;2;0;2;1;1;1;
202300032618;155622734;B01;2;50;0;2;1;5;3;
202300032619;155622732;A01;2;7;4;0;4;23;1;
202300032619;155622735;B01;2;7;0;2;1;21;1;
202300032620;155622730;B01;1;7;0;2;3;1;1;
202300032620;155622733;A01;2;2;0;2;3;5;1;
202300032621;155622728;A01;1;31;5;0;1;17;1;
202300032622;155622727;B01;3;33;0;0;5;1;1;
202300032622;155622729;A01;0;7;0;2;2;15;1;
202300032623;155622726;A01;2;7;0;1;1;1;0;
202300032624;155622725;A01;1;7;2;0;2;14;1;
202300032625;155622721;B01;2;33;0;2;1;17;0;
202300032625;155622724;A01;2;7;0;2;8;15;0;
202300032626;155622720;A01;1;7;0;2;3;26;1;
202300032626;155622723;B01;2;32;0;2;1;1;1;
202300032627;155622719;A01;2;7;0;1;1;1;1;
202300032627;155622722;B01;2;7;0;2;3;1;1;
202300032628;155622718;A01;2;7;0;1;2;19;1;
202300032629;155622716;A01;0;10;0;2;2;17;1;
202300032629;155622717;B01;0;2;0;2;1;2;1;
202300032630;155622713;A01;1;33;0;0;7;1;1;
202300032631;155622711;A01;2;7;0;2;1;0;1;
202300032631;155622714;B01;1;7;0;2;1;0;1;
202300032632;155622710;B01;2;33;0;2;5;2;1;
202300032632;155622712;A01;2;10;0;2;1;15;1;
202300032633;155622709;A01;2;33;0;1;1;3;1;
202300032634;155622706;A01;0;7;0;2;2;9;1;
202300032634;155622708;B01;1;1;0;2;3;2;5;
202300032635;155622703;B01;1;7;0;2;1;17;1;
202300032635;155622707;A01;1;15;0;2;4;16;1;
202300032636;155622702;A01;2;7;2;0;8;1;1;
202300032637;155622704;A01;1;7;0;2;4;2;1;
202300032637;155622705;B01;1;10;0;2;1;2;1;
202300032638;155622700;A01;1;10;0;1;3;1;1;
202300032639;155622697;B01;1;10;0;2;4;1;1;
202300032639;155622699;A01;1;10;0;2;1;2;1;
202300032640;155622695;A01;2;7;0;2;2;13;1;
202300032640;155622698;B01;1;33;0;2;1;1;1;
202300032641;155622696;A01;2;7;16;0;0;1;1;
202300032642;155622693;A01;1;31;12;0;1;1;6;
202300032643;155622692;A01;1;7;0;2;1;1;2;
202300032643;155622694;B01;2;7;0;2;7;13;1;
202300032644;155622689;A01;2;7;0;2;7;17;1;
202300032644;155622690;B01;2;33;0;0;8;1;1;
202300032645;155622688;B01;2;7;0;2;8;1;1;
202300032645;155622691;A01;3;7;0;2;1;19;1;
202300032646;155622687;A01;3;21;9;0;1;1;1;
202300032647;155622686;A01;1;7;0;1;2;1;1;
202300032648;155622685;A01;2;50;0;0;0;1;3;
202300032649;155622683;A01;1;10;0;1;1;1;1;
202300032650;155622682;A01;0;7;0;2;2;5;1;
202300032650;155622684;B01;0;33;0;2;1;0;1;
202300032651;155622679;A01;1;7;0;1;2;1;1;
202300032652;155622680;A01;2;7;0;2;7;1;1;
202300032652;155622681;B01;1;33;0;2;8;1;1;
202300032653;155622676;B01;1;7;0;0;8;1;0;
202300032653;155622678;A01;1;7;0;2;1;1;0;
202300032654;155622675;A01;1;2;0;0;3;1;1;
202300032655;155622674;A01;2;33;1;0;1;2;1;
202300032655;155622677;B01;2;7;0;0;6;2;1;
202300032656;155622669;A01;2;7;0;2;3;2;1;
202300032656;155622671;B01;2;33;0;0;4;15;1;
202300032657;155622670;A01;1;33;0;2;1;17;1;
202300032657;155622673;B01;1;7;0;2;3;15;1;
202300032658;155622672;A01;3;7;0;1;3;15;1;
202300032659;155622667;A01;1;36;0;1;0;0;0;
202300032660;155622664;A01;1;7;12;0;8;13;0;
202300032661;155622663;B01;1;2;0;2;1;1;1;
202300032661;155622666;A01;2;7;0;2;1;19;1;
202300032662;155622660;A01;1;32;0;2;6;0;0;
202300032662;155622662;B01;1;7;0;2;2;0;1;
202300032663;155622659;A01;1;10;2;0;8;14;1;
202300032664;155622658;A01;2;7;0;9;1;1;1;
202300032664;155622661;B01;2;1;0;2;4;1;5;
202300032665;155622656;A01;1;7;0;2;2;2;1;
202300032665;155622657;B01;1;7;0;2;6;18;1;
202300032666;155622653;A01;2;7;0;2;3;13;1;
202300032666;155622655;B01;1;7;0;2;3;1;1;
202300032667;155622652;B01;1;21;0;2;1;1;1;
202300032667;155622654;A01;2;7;13;2;1;1;2;
202300032668;155622650;A01;2;7;0;2;2;21;1;
202300032668;155622651;B01;2;7;0;2;6;0;1;
202300032669;155622645;B01;1;10;0;9;0;1;1;
202300032669;155622648;A01;1;7;16;0;1;1;1;
202300032670;155622646;B01;1;33;0;0;7;21;1;
202300032670;155622649;A01;1;10;0;2;1;9;1;
202300032671;155622647;A01;1;7;0;1;3;1;1;
202300032672;155622641;A01;1;14;0;2;2;12;0;
202300032672;155622643;B01;1;7;4;2;8;1;0;
202300032673;155622638;A01;2;10;0;2;1;2;1;
202300032673;155622639;B01;2;7;0;2;6;2;1;
202300032673;155622642;C01;2;7;0;2;5;2;3;
202300032674;155622640;B01;2;7;0;2;1;1;1;
202300032674;155622644;A01;1;7;0;2;1;15;1;
202300032675;155622631;A01;1;10;0;2;1;2;1;
202300032675;155622634;B01;1;7;3;2;4;0;1;
202300032675;155622636;C01;1;10;0;2;4;26;1;
202300032675;155622637;D01;2;7;3;2;4;2;1;
202300032676;155622633;A01;1;7;0;2;3;13;1;
202300032676;155622635;B01;2;7;0;2;3;1;1;
202300032677;155622632;A01;1;7;0;1;3;1;1;
202300032678;155622628;B01;2;7;0;2;4;1;1;
202300032678;155622630;A01;2;43;0;2;1;3;1;
202300032679;155622627;B01;1;7;0;2;1;1;1;
202300032679;155622629;A01;1;10;0;2;7;1;1;
202300032680;155622626;A01;2;7;0;0;0;13;1;
202300032681;155622624;A01;1;7;2;0;1;2;1;
202300032682;155622622;A01;1;7;0;2;3;11;1;
202300032682;155622625;B01;1;7;0;2;8;1;1;
202300032683;155622623;A01;1;7;2;0;2;1;1;
202300032684;155622621;A01;1;7;0;1;1;1;1;
202300032685;155622619;A01;2;7;0;2;1;2;1;
202300032685;155622620;B01;2;7;0;2;6;2;3;
202300032686;155622615;A01;1;10;0;2;1;0;1;
202300032686;155622617;B01;1;7;0;2;1;1;1;
202300032687;155622616;A01;1;2;10;2;8;1;1;
202300032687;155622618;B01;2;13;0;2;6;1;1;
202300032688;155622614;A01;2;7;13;0;2;1;3;
202300032689;155622611;A01;2;7;0;2;8;1;1;
202300032689;155622613;B01;2;13;0;2;2;12;1;
202300032690;155622612;A01;3;2;0;0;0;1;1;
202300032691;155622607;B01;1;7;0;2;3;1;1;
202300032691;155622610;A01;2;7;0;2;3;15;1;
202300032692;155622605;A01;1;7;0;1;3;0;1;
202300032693;155622604;C01;1;7;0;0;1;1;0;
202300032693;155622606;A01;2;7;0;2;3;13;0;
202300032693;155622608;B01;2;7;0;0;6;15;0;
202300032694;155622603;A01;0;7;0;1;1;26;1;
202300032695;155622609;A01;3;10;0;1;3;15;1;
202300032696;155622601;A01;1;7;0;2;1;13;1;
202300032696;155622602;B01;2;7;0;2;1;1;1;
202300032697;155622599;A01;1;7;0;2;1;9;1;
202300032697;155622600;B01;2;1;0;2;1;1;6;
202300032698;155622598;A01;0;7;6;0;0;0;1;
202300032699;155622596;A01;1;7;0;2;1;13;1;
202300032699;155622597;B01;2;7;0;2;1;1;1;
202300032700;155622594;A01;1;7;0;2;1;13;0;
202300032700;155622595;B01;1;7;0;2;1;21;0;
202300032701;155622591;A01;1;7;0;0;0;2;0;
202300032701;155622592;B01;1;7;0;0;0;17;0;
202300032702;155622589;A01;2;7;0;2;2;17;1;
202300032702;155622590;B01;2;30;0;2;1;1;1;
202300032703;155622588;A01;2;7;0;2;3;9;1;
202300032703;155622593;B01;1;7;0;2;1;1;1;
202300032704;155622586;A01;1;33;3;0;9;17;1;
202300032705;155622585;B01;2;33;0;2;1;1;1;
202300032705;155622587;A01;1;7;0;0;8;15;1;
202300032706;155622582;B01;3;30;0;2;1;1;1;
202300032706;155622584;A01;3;7;0;2;4;0;1;
202300032707;155622580;A01;1;7;0;2;1;1;0;
202300032707;155622581;B01;2;7;0;2;3;5;0;
202300032708;155622577;A01;1;7;0;2;1;26;1;
202300032708;155622579;B01;2;7;0;2;1;13;1;
202300032709;155622578;A01;1;7;0;2;2;15;1;
202300032709;155622583;B01;2;2;0;2;1;1;1;
202300032710;155622576;A01;3;7;13;0;9;1;0;
202300032711;155622573;A01;2;7;4;2;2;16;1;
202300032711;155622575;B01;2;7;0;2;3;15;1;
202300032712;155622570;A01;2;7;0;2;2;0;1;
202300032712;155622571;B01;1;7;0;2;3;1;1;
202300032712;155622574;C01;2;20;0;2;6;1;1;
202300032713;155622572;A01;1;2;0;0;0;1;1;
202300032714;155622567;A01;2;7;0;2;1;1;1;
202300032714;155622569;B01;2;7;0;2;4;1;1;
202300032715;155622562;E01;2;7;13;2;1;23;1;
202300032715;155622565;A01;1;15;11;2;1;15;1;
202300032715;155622568;C01;1;15;11;2;1;1;1;
202300032716;155622563;B01;2;7;0;2;2;11;1;
202300032716;155622564;A01;1;2;0;2;8;1;1;
202300032717;155622561;B01;2;21;0;2;8;15;1;
202300032717;155622566;A01;2;17;0;2;2;17;1;
202300032718;155622560;A01;2;33;0;0;0;26;1;
202300032719;155622558;A01;3;7;0;2;3;16;1;
202300032719;155622559;B01;3;1;0;2;1;19;5;
202300032720;155622556;A01;2;7;13;0;1;1;2;
202300032721;155622553;A01;1;10;0;2;1;2;1;
202300032721;155622555;B01;1;7;0;2;4;23;1;
202300032722;155622552;B01;1;7;0;2;1;1;1;
202300032722;155622557;A01;2;7;0;2;6;15;2;
202300032723;155622550;C01;2;10;0;0;3;24;1;
202300032723;155622551;A01;2;7;1;0;2;17;1;
202300032723;155622554;B01;2;7;0;0;8;1;2;
202300032724;155622548;A01;1;7;0;2;2;1;1;
202300032724;155622549;B01;1;33;0;2;4;11;1;
202300032725;155622545;A01;2;7;1;0;1;0;1;
202300032726;155622544;A01;1;15;0;2;2;1;1;
202300032726;155622546;B01;2;7;0;0;4;0;1;
202300032727;155622543;A01;1;7;15;0;1;14;1;
202300032728;155622541;B01;1;50;0;2;8;18;3;
202300032728;155622547;A01;1;15;0;2;7;2;1;
202300032729;155622539;A01;2;7;0;2;3;15;1;
202300032729;155622542;B01;1;30;0;2;1;1;1;
202300032730;155622538;B01;3;10;0;2;3;1;1;
202300032730;155622540;A01;1;33;0;2;1;1;1;
202300032731;155622535;A01;1;2;0;2;1;2;1;
202300032731;155622537;B01;1;7;0;2;4;1;1;
202300032732;155622534;A01;0;7;0;0;1;0;1;
202300032733;155622533;B01;2;33;16;0;7;1;1;
202300032733;155622536;A01;0;7;0;0;0;0;1;
202300032734;155622531;A01;1;7;0;2;1;1;1;
202300032734;155622532;B01;3;1;0;2;7;19;5;
202300032735;155622527;A01;1;7;0;2;3;15;1;
202300032735;155622529;B01;2;33;3;2;1;18;1;
202300032736;155622525;A01;1;7;8;0;0;13;1;
202300032737;155622530;A01;1;33;2;0;1;13;1;
202300032738;155622523;A01;2;99;0;0;0;0;3;
202300032739;155622518;A01;0;7;0;2;3;16;1;
202300032739;155622521;B01;3;30;0;0;0;0;1;
202300032740;155622519;A01;2;30;0;2;1;2;1;
202300032740;155622522;B01;2;7;0;0;6;2;1;
202300032741;155622517;B01;1;1;0;0;4;2;5;
202300032741;155622520;A01;1;7;0;2;2;2;1;
202300032742;155622514;B01;1;7;1;2;8;1;1;
202300032742;155622516;A01;1;7;1;2;1;9;1;
202300032743;155622510;A01;1;7;2;0;5;1;1;
202300032744;155622512;B01;1;2;0;2;1;1;1;
202300032744;155622513;A01;1;10;0;2;2;15;1;
202300032745;155622508;A01;2;30;12;0;7;1;6;
202300032746;155622509;A01;2;13;0;2;2;14;1;
202300032746;155622511;B01;2;7;4;0;6;1;1;
202300032746;155622515;C01;2;10;0;2;1;1;1;
202300032747;155622506;A01;3;7;0;9;3;9;0;
202300032747;155622507;B01;0;50;0;0;8;11;3;
202300032748;155622504;B01;1;7;0;2;1;1;1;
202300032748;155622505;A01;1;32;0;2;8;1;1;
202300032749;155622501;A01;3;7;0;2;2;16;1;
202300032749;155622502;B01;3;30;0;2;1;1;1;
202300032750;155622503;A01;3;7;0;1;1;16;1;
202300032751;155622499;B01;3;31;0;2;1;1;1;
202300032751;155622500;A01;3;7;0;2;2;15;1;
202300032752;155622497;A01;1;7;1;0;1;1;1;
202300032753;155622495;A01;1;7;0;0;5;23;3;
202300032753;155622498;B01;1;7;0;2;1;2;1;
202300032754;155622493;B01;0;33;0;2;1;1;1;
202300032754;155622494;A01;0;10;0;2;8;26;3;
202300032755;155622492;A01;2;1;15;9;1;2;5;
202300032756;155622489;B01;2;7;0;2;3;2;1;
202300032756;155622491;A01;1;1;0;2;1;19;5;
202300032757;155622490;B01;1;15;0;2;4;1;1;
202300032757;155622496;A01;1;7;0;2;1;1;1;
202300032758;155622487;A01;2;7;0;0;9;1;1;
202300032759;155622484;A01;1;7;0;2;1;1;1;
202300032759;155622488;B01;2;7;0;2;2;1;1;
202300032760;155622486;A01;2;7;0;0;0;20;1;
202300032761;155622483;A01;1;7;0;2;1;9;0;
202300032761;155622485;B01;2;50;0;2;7;1;3;
202300032762;155622480;A01;1;10;0;2;1;13;1;
202300032762;155622481;B01;2;1;0;2;1;16;5;
202300032763;155622477;A01;1;2;13;0;4;2;1;
202300032763;155622479;B01;1;0;0;2;1;2;0;
202300032764;155622478;A01;2;32;0;2;1;2;1;
202300032764;155622482;B01;2;7;0;2;5;2;1;
202300032765;155622475;A01;2;7;0;9;3;0;1;
202300032765;155622476;B01;1;1;0;2;3;1;5;
202300032766;155622471;A01;0;7;0;2;3;16;1;
202300032766;155622474;B01;2;7;0;2;2;1;1;
202300032767;155622472;A01;1;7;0;0;1;1;1;
202300032767;155622473;B01;2;7;0;0;8;1;1;
202300032768;155622469;B01;1;1;0;2;1;1;5;
202300032768;155622470;A01;2;7;0;9;2;15;1;
202300032769;155622465;A01;2;10;0;2;7;15;1;
202300032769;155622467;B01;1;33;0;2;1;1;1;
202300032770;155622466;A01;0;7;0;2;1;9;0;
202300032770;155622468;B01;0;7;0;2;3;1;0;
202300032771;155622463;B01;1;34;0;2;3;18;0;
202300032771;155622464;A01;1;10;0;2;7;16;0;
202300032772;155622460;A01;1;7;0;2;4;1;1;
202300032772;155622462;B01;1;7;0;2;1;2;1;
202300032773;155622459;A01;2;33;0;0;1;1;1;
202300032773;155622461;B01;1;30;0;0;7;0;1;
202300032774;155622454;A01;3;7;0;2;1;2;1;
202300032774;155622457;B01;0;7;0;0;4;2;1;
202300032775;155622452;A01;1;7;0;2;6;1;1;
202300032775;155622455;B01;1;7;0;2;8;1;1;
202300032775;155622458;Z01;1;13;0;2;2;14;1;
202300032776;155622453;B01;3;7;0;2;4;2;1;
202300032776;155622456;A01;3;30;0;2;1;2;1;
202300032777;155622448;A01;2;7;0;2;4;1;1;
202300032777;155622451;B01;2;7;0;2;1;1;1;
202300032778;155622447;C01;2;7;0;2;1;13;1;
202300032778;155622449;B01;2;7;0;2;7;1;1;
202300032778;155622450;A01;2;7;0;2;4;1;1;
202300032779;155622444;A01;2;7;0;2;1;13;1;
202300032779;155622446;B01;1;7;0;2;1;1;1;
202300032780;155622443;A01;1;7;0;2;7;1;1;
202300032780;155622445;Z01;1;10;0;2;0;0;1;
202300032781;155622438;A01;1;34;0;2;1;3;1;
202300032781;155622440;B01;1;7;0;2;8;1;1;
202300032781;155622441;C01;1;7;0;2;5;1;1;
202300032782;155622439;A01;1;7;0;2;2;17;1;
202300032782;155622442;B01;1;50;0;2;3;19;3;
202300032783;155622435;A01;2;34;0;2;1;3;1;
202300032783;155622437;B01;2;7;4;2;6;13;1;
202300032784;155622434;B01;2;2;0;2;1;0;1;
202300032784;155622436;A01;2;10;0;2;2;1;1;
202300032785;155622432;A01;1;32;0;2;1;1;1;
202300032785;155622433;B01;1;7;0;2;4;1;1;
202300032786;155622431;A01;2;34;4;0;7;14;1;
202300032787;155622428;A01;1;33;0;2;2;1;1;
202300032787;155622430;B01;1;7;0;2;6;11;1;
202300032788;155622426;A01;3;7;0;2;1;17;1;
202300032788;155622427;B01;3;7;0;2;1;1;1;
202300032788;155622429;C01;3;7;0;2;1;1;0;
202300032789;155622421;A01;2;7;0;2;1;2;1;
202300032789;155622423;B01;2;7;0;2;4;2;1;
202300032789;155622425;C01;2;7;0;2;4;2;1;
202300032790;155622422;B01;1;33;0;2;1;1;1;
202300032790;155622424;A01;1;7;0;2;3;9;1;
202300032791;155622419;A01;1;7;2;0;1;0;0;
202300032792;155622418;A01;2;10;0;2;8;1;1;
202300032792;155622420;B01;2;33;0;2;8;0;1;
202300032793;155622417;A01;1;7;0;1;1;1;1;
202300032794;155622416;A01;2;43;15;0;1;26;0;
202300032795;155622412;A01;1;10;0;2;1;2;1;
202300032795;155622414;B01;1;15;0;2;4;2;1;
202300032796;155622413;A01;1;10;0;2;1;5;1;
202300032796;155622415;B01;2;7;0;2;1;1;1;
202300032797;155622410;A01;1;7;2;0;1;0;1;
202300032798;155622408;C01;2;7;0;2;1;1;0;
202300032798;155622409;A01;2;7;0;2;4;1;0;
202300032798;155622411;B01;2;7;0;2;4;1;0;
202300032799;155622407;A01;1;7;3;0;3;1;1;
202300032800;155622403;A01;2;33;0;2;2;3;1;
202300032800;155622406;B01;2;7;0;2;3;12;1;
202300032801;155622404;A01;1;17;0;2;3;1;1;
202300032801;155622405;B01;1;7;0;2;7;12;1;
202300032802;155622399;A01;2;31;0;2;3;12;1;
202300032802;155622401;B01;2;7;0;2;0;0;1;
202300032803;155622400;B01;2;7;0;2;4;2;1;
202300032803;155622402;A01;2;7;0;2;1;2;1;
202300032804;155622396;A01;1;33;0;2;7;3;1;
202300032804;155622398;B01;1;7;0;2;8;11;1;
202300032805;155622394;C01;1;7;0;2;5;2;1;
202300032805;155622395;A01;1;32;0;2;1;2;1;
202300032805;155622397;B01;1;7;0;2;5;2;3;
202300032806;155622390;A01;2;14;0;2;1;1;1;
202300032806;155622392;B01;2;10;0;2;4;1;1;
202300032806;155622393;C01;2;7;0;2;4;1;0;
202300032807;155622389;A01;1;7;0;2;5;1;1;
202300032807;155622391;B01;1;32;0;2;1;2;1;
202300032808;155622384;B01;1;7;1;0;1;9;1;
202300032808;155622386;A01;1;15;0;2;6;24;1;
202300032809;155622385;A01;2;14;0;2;3;1;1;
202300032809;155622387;B01;2;7;0;2;8;9;1;
202300032809;155622388;C01;2;7;0;2;5;1;1;
202300032810;155622379;A01;2;7;0;2;1;1;1;
202300032810;155622381;B01;2;7;0;2;1;1;1;
202300032810;155622383;C01;2;7;0;2;4;1;1;
202300032811;155622378;A01;2;7;0;2;1;2;1;
202300032811;155622380;B01;2;7;0;2;4;2;1;
202300032811;155622382;C01;2;7;0;2;4;2;1;
202300032812;155622373;A01;1;10;0;2;1;2;1;