Num_Acc;id_vehicule;num_veh;senc;catv;obs;obsm;choc;manv;motor;occutc
202300032812;155622376;B01;1;7;0;2;1;2;1;
202300032812;155622377;C01;1;10;0;2;0;0;1;
202300032813;155622374;A01;2;7;0;2;4;2;1;
202300032813;155622375;Z01;2;37;0;2;1;0;1;1.0
202300032814;155622370;A01;1;34;0;2;1;2;1;
202300032814;155622372;B01;1;10;0;2;6;2;1;
202300032815;155622369;A01;2;10;0;2;2;12;1;
202300032815;155622371;B01;2;33;0;2;8;3;1;
202300032816;155622367;A01;2;32;0;0;-1;26;3;
202300032816;155622368;B01;2;7;0;0;-1;0;0;
202300032817;155622363;A01;2;14;0;2;4;13;1;
202300032817;155622364;C01;2;10;0;2;4;1;1;
202300032817;155622365;D01;2;7;0;2;1;1;1;
202300032817;155622366;B01;2;7;0;2;1;1;1;
202300032818;155622362;A01;0;7;9;1;1;23;1;
202300032819;155622358;A01;3;7;0;1;1;1;-1;
202300032820;155622359;B01;2;7;0;2;3;15;1;
202300032820;155622360;C01;3;7;0;2;5;24;1;
202300032820;155622361;A01;1;33;1;2;3;1;1;
202300032821;155622354;A01;1;7;0;2;3;21;1;
202300032821;155622355;B01;2;3;0;2;2;1;1;
202300032822;155622350;A01;1;7;0;2;1;19;1;
202300032822;155622351;B01;1;50;0;2;7;1;3;
202300032823;155622346;A01;0;31;0;2;1;10;0;
202300032823;155622348;B01;0;7;0;9;1;1;0;
202300032824;155622344;A01;3;7;0;2;1;9;1;
202300032824;155622345;B01;3;7;0;2;7;2;1;
202300032825;155622342;A01;0;7;0;2;1;9;0;
202300032825;155622343;B01;3;1;0;0;1;0;5;
202300032826;155622340;A01;1;7;0;0;1;9;0;
202300032826;155622341;B01;2;7;15;0;7;1;0;
202300032827;155622339;A01;0;7;0;1;4;4;1;
202300032828;155622337;A01;1;7;0;2;1;1;1;
202300032828;155622338;B01;1;7;0;2;5;1;1;
202300032829;155622334;A01;3;7;0;2;1;2;1;
202300032829;155622335;C01;3;7;0;2;4;2;3;
202300032829;155622336;B01;3;7;0;2;1;2;1;
202300032830;155622333;A01;1;7;13;0;2;14;1;
202300032831;155622332;A01;1;37;0;1;1;1;1;1.0
202300032832;155622329;B01;0;10;0;2;6;19;1;
202300032832;155622331;A01;3;50;0;2;6;1;3;
202300032833;155622327;A01;0;10;0;2;1;1;1;
202300032833;155622328;B01;0;10;0;2;6;1;1;
202300032833;155622330;C01;0;10;0;0;4;1;1;
202300032834;155622325;A01;2;7;0;9;1;9;1;
202300032834;155622326;B01;1;2;0;2;4;14;3;
202300032835;155622322;B01;2;7;0;2;1;19;1;
202300032835;155622324;A01;1;32;0;2;1;1;1;
202300032836;155622321;A01;3;7;0;2;7;1;1;
202300032836;155622323;B01;3;7;0;2;1;1;1;
202300032837;155622319;A01;1;7;0;1;1;1;1;
202300032838;155622317;A01;2;7;0;2;7;16;1;
202300032838;155622318;B01;3;50;0;2;1;19;3;
202300032839;155622316;A01;1;7;0;0;0;0;0;
202300032839;155622320;B01;1;7;0;2;8;1;0;
202300032840;155622314;A01;2;7;0;2;5;16;1;
202300032840;155622315;B01;2;80;0;2;8;7;3;
202300032841;155622311;A01;3;7;0;2;1;26;1;
202300032841;155622313;B01;3;30;0;2;7;15;1;
202300032842;155622310;B01;0;7;0;2;8;23;0;
202300032842;155622312;A01;1;43;0;2;8;14;1;
202300032843;155622309;A01;2;33;5;0;0;26;1;
202300032844;155622305;A01;1;7;0;2;8;11;1;
202300032844;155622308;B01;1;33;0;2;7;1;1;
202300032845;155622306;A01;3;7;0;2;0;0;1;
202300032845;155622307;B01;0;33;0;2;0;0;1;
202300032846;155622302;B01;1;50;0;2;8;19;3;
202300032846;155622304;A01;1;7;0;2;1;11;1;
202300032847;155622303;A01;1;32;0;0;0;1;1;
202300032848;155622300;A01;1;0;0;2;8;11;0;
202300032848;155622301;B01;1;34;0;2;7;1;1;
202300032849;155622297;A01;3;7;0;2;1;1;1;
202300032849;155622298;B01;3;30;0;2;1;5;3;
202300032850;155622296;A01;3;7;0;2;2;1;1;
202300032850;155622299;B01;3;50;0;2;1;15;3;
202300032851;155622293;B01;2;15;0;2;8;15;1;
202300032851;155622295;A01;1;7;0;2;1;17;4;
202300032852;155622294;A01;1;1;0;0;4;1;5;
202300032853;155622291;B01;1;31;0;2;1;1;1;
202300032853;155622292;A01;1;7;0;9;3;15;1;
202300032854;155622289;B01;2;1;0;1;1;1;5;
202300032855;155622288;A01;1;7;0;2;2;1;0;
202300032855;155622290;B01;1;50;0;2;1;10;3;
202300032856;155622286;A01;3;0;0;1;0;0;0;
202300032857;155622285;A01;3;10;0;1;3;9;0;
202300032858;155622284;B01;2;1;0;2;1;1;5;
202300032858;155622287;A01;1;10;9;2;2;16;1;
202300032859;155622282;A01;2;7;0;2;2;26;1;
202300032859;155622283;B01;2;7;0;2;6;2;1;
202300032860;155622281;A01;3;50;0;0;0;19;3;
202300032861;155622280;A01;2;7;0;1;2;1;1;
202300032862;155622278;B01;3;7;0;2;1;1;1;
202300032862;155622279;A01;3;7;14;2;1;1;1;
202300032863;155622276;A01;1;7;0;2;3;16;1;
202300032863;155622277;B01;2;7;0;2;2;1;1;
202300032864;155622274;A01;3;37;0;2;7;15;1;1.0
202300032864;155622275;B01;3;33;0;2;8;1;1;
202300032865;155622273;A01;1;10;0;1;3;0;1;
202300032866;155622271;A01;1;7;0;2;3;15;1;
202300032866;155622272;B01;1;32;0;2;2;1;1;
202300032867;155622268;A01;1;7;0;2;1;1;1;
202300032867;155622270;B01;1;7;0;2;8;1;1;
202300032868;155622267;A01;1;3;0;2;3;13;1;
202300032868;155622269;B01;2;7;0;2;6;1;1;
202300032869;155622265;B01;1;33;0;2;0;1;1;
202300032869;155622266;A01;3;7;0;2;3;9;1;
202300032870;155622262;A01;2;7;0;2;2;15;1;
202300032870;155622264;B01;1;2;0;2;1;1;1;
202300032871;155622261;A01;1;7;0;2;5;1;1;
202300032871;155622263;B01;1;1;0;2;5;19;5;
202300032872;155622259;B01;1;7;0;2;3;20;1;
202300032872;155622260;A01;1;7;0;2;3;1;1;
202300032873;155622257;A01;1;7;0;2;4;23;0;
202300032873;155622258;B01;1;7;4;2;1;21;0;
202300032874;155622256;A01;1;7;0;1;1;15;1;
202300032875;155622253;A01;1;7;0;2;3;15;1;
202300032875;155622255;B01;2;2;0;2;1;17;1;
202300032876;155622254;A01;1;7;0;1;3;1;2;
202300032877;155622251;A01;3;2;0;2;1;17;1;
202300032877;155622252;B01;3;7;0;2;3;20;1;
202300032878;155622247;A01;0;7;0;0;1;0;0;
202300032878;155622249;B01;0;33;0;0;0;0;0;
202300032879;155622248;A01;2;7;0;2;6;11;1;
202300032879;155622250;B01;2;50;0;2;1;3;3;
202300032880;155622245;A01;1;30;0;2;1;16;1;
202300032880;155622246;B01;2;1;0;2;1;5;5;
202300032881;155622244;A01;2;1;0;1;1;1;5;
202300032882;155622242;A01;2;7;0;2;1;26;1;
202300032882;155622243;B01;2;7;0;2;7;11;1;
202300032883;155622241;A01;1;50;12;0;1;1;3;
202300032884;155622240;A01;3;40;0;1;7;1;3;
202300032885;155622239;A01;1;7;0;1;3;15;6;
202300032886;155622238;A01;2;30;0;0;0;10;1;
202300032887;155622235;A01;1;7;0;9;3;17;1;
202300032887;155622237;B01;1;50;0;2;1;1;3;
202300032888;155622234;A01;1;1;0;2;8;21;5;
202300032888;155622236;B01;2;7;0;2;5;23;1;
202300032889;155622230;A01;1;7;0;2;3;1;1;
202300032889;155622233;B01;2;7;0;2;0;0;1;
202300032890;155622231;B01;1;2;0;0;6;1;1;
202300032890;155622232;A01;1;7;0;2;3;1;1;
202300032891;155622227;B01;2;50;0;2;7;19;3;
202300032891;155622229;A01;1;7;0;2;3;2;1;
202300032892;155622223;B01;1;50;0;0;0;0;3;
202300032892;155622225;A01;1;7;2;0;2;16;1;
202300032893;155622221;A01;1;33;14;0;4;23;1;
202300032894;155622216;A01;2;1;0;2;1;1;5;
202300032894;155622218;B01;1;7;0;2;3;15;1;
202300032895;155622214;A01;2;50;0;2;1;2;3;
202300032895;155622215;B01;2;7;0;2;5;23;1;
202300032896;155622210;A01;1;30;0;2;1;13;1;
202300032896;155622212;B01;3;7;0;2;3;1;1;
202300032897;155622211;B01;1;32;0;2;1;1;1;
202300032897;155622213;A01;3;7;0;2;7;15;1;
202300032898;155622208;A01;3;7;0;2;1;1;1;
202300032899;155622207;A01;0;10;0;2;2;1;1;
202300032899;155622209;B01;0;7;0;2;8;15;1;
202300032900;155622206;A01;1;7;0;1;1;1;1;
202300032901;155622204;A01;1;32;0;2;3;1;1;
202300032901;155622205;B01;2;15;0;2;3;15;1;
202300032902;155622202;A01;1;7;0;2;1;15;1;
202300032902;155622203;B01;2;50;0;2;8;1;3;
202300032903;155622200;A01;1;7;0;2;8;0;1;
202300032903;155622201;B01;0;80;0;2;1;0;3;
202300032904;155622199;A01;0;7;0;1;1;26;1;
202300032905;155622198;B01;1;10;0;1;2;1;1;
202300032906;155622196;B01;3;2;0;2;1;1;1;
202300032906;155622197;A01;3;7;0;2;3;15;1;
202300032907;155622192;A01;1;50;0;2;1;1;3;
202300032907;155622193;B01;2;7;0;2;3;15;3;
202300032908;155622194;A01;1;2;0;2;1;1;1;
202300032908;155622195;B01;1;7;0;2;6;23;1;
202300032909;155622188;A01;3;1;0;2;1;9;5;
202300032909;155622191;B01;1;7;0;2;1;1;1;
202300032910;155622189;A01;3;0;0;2;1;0;0;
202300032910;155622190;B01;3;1;0;2;4;1;5;
202300032911;155622187;A01;1;7;0;1;2;26;0;
202300032912;155622184;A01;2;7;0;2;1;1;1;
202300032912;155622186;B01;1;7;0;2;7;1;1;
202300032913;155622180;A01;0;10;8;0;1;1;0;
202300032914;155622181;D01;2;33;0;2;1;3;1;
202300032914;155622182;A01;2;7;0;2;1;2;1;
202300032914;155622183;B01;2;7;0;2;4;2;1;
202300032914;155622185;C01;2;10;0;2;4;2;3;
202300032915;155622179;A01;2;7;0;1;2;1;1;
202300032916;155622176;A01;2;7;0;1;2;14;1;
202300032917;155622177;A01;1;7;0;2;7;12;1;
202300032917;155622178;B01;1;33;0;2;8;3;1;
202300032918;155622172;A01;2;7;0;2;1;14;1;
202300032918;155622175;B01;1;7;0;2;1;1;1;
202300032919;155622173;A01;1;33;0;2;1;17;1;
202300032919;155622174;B01;1;7;0;2;8;15;1;
202300032920;155622168;A01;1;14;0;1;3;1;1;
202300032921;155622169;C01;1;7;0;2;2;2;1;
202300032921;155622170;A01;1;10;0;2;3;22;1;
202300032921;155622171;B01;1;50;0;2;1;1;3;
202300032922;155622167;A01;1;1;0;1;1;1;5;
202300032923;155622166;A01;1;34;8;1;1;21;1;
202300032924;155622164;B01;3;7;4;2;1;1;1;
202300032924;155622165;A01;3;7;0;2;1;13;1;
202300032925;155622163;A01;2;7;8;0;0;12;0;
202300032926;155622161;B01;2;1;0;2;1;1;5;
202300032926;155622162;A01;1;7;0;2;1;15;1;
202300032927;155622159;A01;2;1;1;1;7;1;5;
202300032928;155622158;B01;3;99;0;2;2;1;1;
202300032928;155622160;A01;3;7;0;2;2;9;1;
202300032929;155622157;A01;2;2;0;0;0;1;1;
202300032930;155622155;B01;1;10;0;2;2;14;1;
202300032930;155622156;A01;1;42;0;2;3;23;1;
202300032931;155622154;A01;2;33;13;0;1;0;1;
202300032932;155622152;A01;3;2;0;2;3;0;0;
202300032932;155622153;B01;3;7;0;2;3;0;0;
202300032933;155622150;B01;1;38;0;2;3;1;1;2.0
202300032933;155622151;A01;2;7;0;2;1;13;1;
202300032934;155622148;A01;1;7;0;2;1;1;1;
202300032934;155622149;B01;1;33;0;2;4;23;1;
202300032935;155622146;A01;1;21;0;0;3;15;1;
202300032935;155622147;B01;2;33;0;2;1;17;1;
202300032936;155622144;A01;2;7;0;2;1;13;1;
202300032936;155622145;B01;1;7;0;2;1;1;1;
202300032937;155622143;A01;2;7;13;0;1;13;1;
202300032938;155622141;B01;2;7;0;2;1;1;1;
202300032938;155622142;A01;1;7;0;2;1;1;1;
202300032939;155622139;A01;3;32;0;2;1;1;1;
202300032939;155622140;B01;3;2;0;2;1;1;1;
202300032940;155622137;A01;2;7;0;2;7;9;1;
202300032940;155622138;B01;2;33;0;2;1;1;1;
202300032941;155622135;A01;2;7;0;2;8;19;3;
202300032941;155622136;B01;2;33;0;2;1;15;1;
202300032942;155622134;A01;2;7;0;1;2;15;1;
202300032943;155622133;A01;1;7;2;0;2;13;0;
202300032944;155622132;A01;2;3;8;0;5;1;0;
202300032945;155622131;A01;2;7;15;0;9;1;1;
202300032946;155622129;A01;1;33;0;0;7;23;1;
202300032947;155622128;A01;2;1;0;0;0;0;5;
202300032948;155622127;A01;1;32;0;0;0;1;1;
202300032949;155622126;A01;2;2;1;0;1;1;1;
202300032950;155622122;C01;2;7;0;2;1;2;1;
202300032950;155622123;A01;2;7;0;2;1;1;0;
202300032950;155622124;B01;2;7;0;2;4;1;0;
202300032951;155622121;A01;2;7;2;0;9;0;1;
202300032952;155622119;B01;1;31;0;2;1;1;1;
202300032952;155622120;A01;2;7;0;2;1;15;0;
202300032953;155622117;A01;2;7;0;9;2;1;1;
202300032953;155622118;B01;1;1;0;2;0;15;5;
202300032954;155622116;A01;1;7;0;0;9;0;1;
202300032955;155622115;A01;1;7;0;1;0;1;0;
202300032956;155622114;A01;2;7;13;0;0;0;1;
202300032957;155622113;A01;2;1;0;0;0;26;5;
202300032958;155622111;A01;1;7;0;2;3;15;1;
202300032958;155622112;B01;1;1;0;2;1;1;5;
202300032959;155622110;A01;2;7;2;0;1;13;0;
202300032960;155622109;A01;0;7;0;1;3;1;6;
202300032961;155622108;A01;2;2;0;0;0;0;1;
202300032962;155622106;A01;2;7;0;2;8;1;0;
202300032962;155622107;B01;1;7;0;2;3;13;1;
202300032963;155622104;A01;2;33;8;0;1;0;1;
202300032963;155622105;B01;1;7;0;0;0;0;0;
202300032964;155622102;A01;2;7;0;2;6;15;1;
202300032964;155622103;B01;2;31;0;2;5;15;1;
202300032965;155622100;A01;1;34;0;2;1;1;1;
202300032965;155622101;B01;2;7;0;2;3;13;2;
202300032966;155622099;A01;1;7;2;0;3;13;1;
202300032967;155622097;A01;2;7;4;2;1;3;1;
202300032967;155622098;B01;2;13;0;2;6;2;1;
202300032968;155622096;A01;1;7;2;0;1;14;1;
202300032969;155622095;A01;2;10;0;0;0;1;0;
202300032970;155622094;A01;2;31;0;0;7;14;1;
202300032971;155622092;A01;2;7;0;2;3;5;1;
202300032971;155622093;B01;1;7;0;2;3;1;1;
202300032972;155622090;A01;-1;2;0;2;3;17;1;
202300032972;155622091;B01;-1;7;0;2;3;1;1;
202300032973;155622089;A01;2;7;2;0;3;13;1;
202300032974;155622087;A01;1;7;0;2;2;15;1;
202300032974;155622088;B01;2;7;0;2;2;1;1;
202300032975;155622086;A01;2;7;13;0;3;1;1;
202300032976;155622084;B01;2;7;0;0;1;17;1;
202300032976;155622085;A01;2;7;0;0;6;15;1;
202300032977;155622083;A01;1;33;13;0;0;2;1;
202300032978;155622082;A01;3;7;0;1;1;1;1;
202300032979;155622080;A01;2;7;6;2;7;15;1;
202300032979;155622081;B01;2;0;0;2;3;1;0;
202300032980;155622079;A01;1;33;0;0;6;1;1;
202300032981;155622077;A01;2;7;0;0;7;15;1;
202300032981;155622078;B01;1;33;0;2;8;1;1;
202300032982;155622075;B01;2;2;0;2;1;15;1;
202300032982;155622076;A01;1;7;0;2;2;15;1;
202300032983;155622072;C01;2;7;0;2;1;1;1;
202300032983;155622073;A01;2;7;0;2;8;13;1;
202300032983;155622074;B01;1;7;0;2;1;21;1;
202300032984;155622070;B01;2;7;0;2;1;1;1;
202300032984;155622071;A01;2;7;0;2;3;16;1;
202300032985;155622068;A01;1;33;0;0;4;26;1;
202300032985;155622069;B01;1;31;0;2;1;0;1;
202300032986;155622067;A01;2;33;0;5;1;1;1;
202300032987;155622065;B01;0;10;0;2;8;1;1;
202300032987;155622066;A01;0;2;0;2;1;1;1;
202300032988;155622063;A01;0;7;0;2;3;0;1;
202300032988;155622064;B01;0;7;0;2;7;0;1;
202300032989;155622061;A01;1;7;0;2;4;1;1;
202300032989;155622062;B01;1;7;0;2;1;1;1;
202300032990;155622060;A01;2;7;4;0;1;12;1;
202300032991;155622058;A01;1;33;0;2;1;12;1;
202300032991;155622059;B01;1;7;0;2;3;1;1;
202300032992;155622056;A01;1;7;0;2;4;2;1;
202300032992;155622057;B01;1;7;0;2;1;1;1;
202300032993;155622054;A01;2;7;0;2;1;2;1;
202300032993;155622055;B01;2;7;0;2;4;2;1;
202300032994;155622052;A01;2;7;0;2;1;2;1;
202300032994;155622053;B01;2;7;0;2;4;2;1;
202300032995;155622049;C01;1;3;0;2;4;1;1;
202300032995;155622050;B01;1;7;0;2;3;11;1;
202300032995;155622051;Z01;1;7;0;2;1;26;1;
202300032996;155622047;A01;2;7;0;2;1;1;1;
202300032996;155622048;B01;2;7;0;2;4;1;1;
202300032997;155622045;B01;2;7;0;2;8;11;1;
202300032997;155622046;A01;2;33;0;2;7;1;1;
202300032998;155622043;A01;2;7;0;2;4;2;0;
202300032998;155622044;B01;2;7;0;2;1;2;0;
202300032999;155622041;A01;1;31;0;2;8;1;1;
202300032999;155622042;B01;1;7;0;2;7;14;1;
202300033000;155622039;B01;1;7;3;2;4;1;1;
202300033000;155622040;A01;1;7;0;2;1;1;1;
202300033001;155622037;A01;2;33;0;2;1;3;1;
202300033001;155622038;B01;2;7;0;2;5;23;1;
202300033002;155622035;A01;2;7;0;2;1;2;1;
202300033002;155622036;B01;2;7;0;2;4;2;1;
202300033003;155622033;B01;1;7;0;2;8;1;1;
202300033003;155622034;A01;1;7;0;2;3;26;1;
202300033004;155622031;A01;2;7;0;2;0;11;1;
202300033004;155622032;B01;2;33;0;2;0;1;1;
202300033005;155622029;A01;2;7;0;2;1;1;1;
202300033005;155622030;B01;1;10;0;2;1;13;1;
202300033006;155622027;B01;1;10;0;2;4;1;1;
202300033006;155622028;A01;1;7;9;2;1;2;1;
202300033007;155622024;A01;2;7;0;0;4;23;1;
202300033007;155622025;B01;2;7;1;0;6;2;1;
202300033007;155622026;C01;2;7;0;2;2;21;1;
202300033008;155622023;A01;1;7;0;1;1;1;1;
202300033009;155622022;A01;3;34;0;2;1;2;1;
202300033010;155622021;A01;2;32;0;1;1;1;1;
202300033011;155622019;A01;1;7;0;2;1;1;1;
202300033011;155622020;B01;1;7;0;2;4;1;1;
202300033012;155622017;A01;1;7;1;2;1;1;1;
202300033012;155622018;B01;1;50;0;2;8;1;3;
202300033013;155622015;A01;1;7;0;2;3;15;2;
202300033013;155622016;B01;1;33;0;2;1;1;1;
202300033014;155622012;C01;2;10;0;2;4;2;2;
202300033014;155622013;A01;2;10;0;2;1;0;1;
202300033014;155622014;B01;2;10;0;2;1;2;1;
202300033015;155622011;A01;1;7;0;1;2;20;1;
202300033016;155622009;A01;1;7;0;2;4;1;1;
202300033016;155622010;B01;1;7;0;2;1;1;1;
202300033017;155622007;A01;3;31;0;2;8;17;1;
202300033017;155622008;B01;3;7;0;2;3;15;2;
202300033018;155622005;B01;3;7;0;2;2;9;1;
202300033018;155622006;A01;3;7;0;2;6;1;1;
202300033019;155622002;A01;1;7;0;1;2;1;1;
202300033020;155622001;A01;0;7;0;9;1;1;1;
202300033021;155621999;A01;3;7;0;2;1;1;1;
202300033021;155622000;B01;3;1;0;2;7;19;5;
202300033022;155621998;A01;3;7;0;1;3;1;1;
202300033023;155621997;A01;1;7;0;1;1;1;1;
202300033024;155621995;A01;3;7;0;2;3;26;1;
202300033024;155621996;B01;3;7;0;2;2;26;1;
202300033025;155621993;A01;1;7;0;2;1;1;1;
202300033025;155621994;B01;2;50;0;2;1;1;3;
202300033026;155621991;B01;2;7;0;2;1;1;1;
202300033026;155621992;A01;1;50;0;2;1;12;3;
202300033027;155621990;A01;1;7;0;1;1;1;1;
202300033028;155621989;A01;1;34;14;0;1;26;1;
202300033029;155621988;A01;1;7;0;0;7;16;0;
202300033030;155621987;A01;1;10;0;1;1;1;1;
202300033031;155621985;A01;1;7;0;2;3;15;1;
202300033031;155621986;B01;2;1;0;2;7;15;5;
202300033032;155621983;A01;2;7;1;2;3;13;1;
202300033032;155621984;B01;1;38;0;2;3;1;1;3.0
202300033033;155621981;A01;2;7;0;2;3;12;1;
202300033033;155621982;B01;2;33;0;2;7;1;1;
202300033034;155621980;A01;1;7;4;0;1;26;1;
202300033035;155621979;A01;3;7;0;2;0;14;1;
202300033036;155621978;A01;2;7;0;1;2;2;1;
202300033037;155621976;B01;3;1;0;2;8;19;5;
202300033037;155621977;A01;2;7;0;2;3;1;1;
202300033038;155621974;A01;3;7;0;2;1;2;1;
202300033038;155621975;B01;3;7;0;2;4;2;1;
202300033039;155621972;A01;1;7;0;2;1;1;1;
202300033039;155621973;B01;1;7;0;2;4;1;1;
202300033040;155621971;A01;1;33;0;0;0;1;1;
202300033041;155621969;A01;0;7;0;2;2;1;1;
202300033041;155621970;B01;1;1;0;2;1;1;5;
202300033042;155621968;A01;1;7;6;0;1;1;1;
202300033043;155621967;A01;1;50;0;1;1;1;3;
202300033044;155621965;A01;1;7;0;2;1;1;1;
202300033044;155621966;B01;1;7;0;2;4;23;1;
202300033045;155621963;A01;2;7;0;2;3;20;1;
202300033045;155621964;B01;2;50;0;2;7;1;3;
202300033046;155621959;B01;2;10;0;2;8;23;1;
202300033046;155621961;A01;1;7;0;2;1;1;1;
202300033047;155621957;B01;3;7;0;2;1;1;1;
202300033047;155621958;A01;3;7;0;2;2;15;1;
202300033048;155621960;B01;1;50;0;2;3;1;3;
202300033048;155621962;A01;1;7;0;2;2;14;1;
202300033049;155621956;A01;3;32;0;0;7;16;1;
202300033050;155621954;B01;2;7;0;2;3;1;1;
202300033050;155621955;A01;1;7;0;2;3;13;1;
202300033051;155621953;A01;1;33;4;0;8;13;1;
202300033052;155621951;A01;2;32;0;1;3;1;3;
202300033053;155621950;B01;2;7;0;9;3;1;1;
202300033053;155621952;A01;1;1;0;2;1;1;5;
202300033054;155621947;A01;2;30;0;2;2;13;1;
202300033054;155621949;B01;1;7;0;2;8;1;1;
202300033055;155621948;A01;3;32;0;0;9;26;1;
202300033056;155621945;B01;2;30;0;2;1;1;1;
202300033056;155621946;A01;2;1;0;2;1;15;5;
202300033057;155621944;A01;2;34;0;1;1;17;1;
202300033058;155621940;A01;1;7;0;2;3;22;1;
202300033058;155621941;B01;1;1;0;2;1;1;5;
202300033059;155621939;A01;2;7;0;1;6;15;1;
202300033060;155621935;A01;0;7;0;0;0;0;0;
202300033060;155621938;B01;0;2;0;2;4;1;1;
202300033061;155621936;B01;1;1;0;2;1;1;5;
202300033061;155621937;A01;2;30;0;2;1;9;3;
202300033062;155621933;A01;0;7;0;1;1;1;1;
202300033063;155621934;A01;3;32;14;0;1;1;1;
202300033064;155621931;A01;1;30;0;2;1;17;1;
202300033064;155621932;B01;1;7;0;2;8;15;1;
202300033065;155621930;A01;3;7;0;1;4;26;1;
202300033066;155621929;A01;2;33;0;0;8;15;1;
202300033067;155621926;C01;1;10;0;2;1;2;1;
202300033067;155621928;A01;1;7;1;2;2;14;1;
202300033068;155621925;B01;1;33;0;2;2;0;1;
202300033068;155621927;A01;2;7;0;2;3;10;1;
202300033069;155621923;A01;1;10;15;0;1;14;1;
202300033070;155621922;A01;1;7;0;2;5;12;1;
202300033070;155621924;B01;1;37;0;2;3;1;1;3.0
202300033071;155621920;B01;1;80;0;2;3;1;3;
202300033071;155621921;A01;1;13;0;2;5;15;3;
202300033072;155621919;A01;3;7;0;1;1;1;1;
202300033073;155621916;A01;1;7;0;2;1;1;1;
202300033073;155621918;B01;1;50;0;2;7;1;3;
202300033074;155621915;A01;1;7;0;2;4;2;1;
202300033074;155621917;B01;1;80;14;0;4;1;3;
202300033075;155621914;A01;1;34;0;1;6;17;1;
202300033076;155621913;A01;2;1;0;0;2;15;5;
202300033077;155621909;A01;1;10;0;2;1;2;1;
202300033077;155621911;B01;1;32;0;2;8;15;1;
202300033078;155621908;A01;1;14;0;2;1;1;1;
202300033078;155621910;C01;1;7;0;2;1;16;1;
202300033078;155621912;B01;2;7;0;2;1;15;1;
202300033079;155621905;B01;2;41;0;2;6;18;3;
202300033079;155621907;A01;2;7;0;2;2;16;1;
202300033080;155621902;A01;0;10;0;1;2;0;0;
202300033081;155621903;A01;2;33;0;2;1;0;1;
202300033081;155621904;B01;1;7;0;2;3;1;1;
202300033081;155621906;C01;2;7;0;2;6;1;1;
202300033082;155621899;B01;2;7;0;2;4;2;1;
202300033082;155621901;A01;2;7;0;2;1;2;1;
202300033083;155621900;A01;2;7;0;1;1;15;1;
202300033084;155621896;A01;1;33;1;2;6;1;1;
202300033084;155621897;B01;1;7;0;2;5;12;1;
202300033085;155621895;A01;3;7;0;2;2;15;1;
202300033085;155621898;B01;3;43;0;2;1;1;1;
202300033086;155621893;A01;0;7;0;2;7;19;1;
202300033086;155621894;B01;1;43;0;2;1;2;1;
202300033087;155621891;Z01;2;0;0;1;0;0;0;
202300033088;155621889;A01;1;7;0;2;3;17;1;
202300033088;155621890;B01;1;7;16;0;3;1;3;
202300033088;155621892;C01;0;7;0;2;1;1;1;
202300033089;155621887;B01;1;7;0;0;3;1;1;
202300033089;155621888;A01;2;7;0;2;2;21;1;
202300033090;155621885;A01;3;7;0;1;3;1;1;
202300033091;155621884;B01;1;1;0;2;4;14;5;
202300033091;155621886;A01;1;7;0;2;4;14;1;
202300033092;155621881;B01;0;7;0;2;0;0;1;
202300033092;155621883;A01;0;32;0;2;1;1;1;
202300033093;155621880;A01;1;7;0;2;5;1;1;
202300033093;155621882;B01;3;1;0;2;1;1;5;
202300033094;155621879;A01;2;1;0;1;1;2;5;
202300033095;155621878;A01;2;7;0;1;5;26;1;
202300033096;155621876;A01;2;7;0;2;7;15;1;
202300033096;155621877;B01;1;33;0;2;1;1;1;
202300033097;155621875;A01;2;30;0;0;7;1;1;
202300033098;155621874;A01;2;30;14;0;3;1;1;
202300033099;155621872;A01;3;7;0;2;2;10;1;
202300033099;155621873;B01;3;33;0;2;1;1;1;
202300033100;155621870;A01;3;33;8;2;9;18;1;
202300033100;155621871;B01;3;7;0;2;2;16;1;
202300033101;155621867;C01;2;7;12;0;8;1;1;
202300033101;155621868;A01;2;7;1;0;2;1;2;
202300033102;155621866;B01;1;7;0;2;4;2;1;
202300033102;155621869;A01;1;33;0;2;1;2;1;
202300033103;155621865;Z01;2;0;0;1;1;1;0;
202300033104;155621862;A01;1;34;0;2;0;0;1;
202300033105;155621863;B01;2;10;0;2;1;11;1;
202300033105;155621864;A01;2;33;0;2;1;3;1;
202300033106;155621861;A01;2;7;4;0;3;1;1;
202300033107;155621857;Z01;1;7;0;2;3;11;0;
202300033107;155621858;A01;1;10;3;2;2;17;1;
202300033108;155621855;D01;1;10;0;2;4;1;1;
202300033108;155621856;A01;1;31;0;2;1;3;1;
202300033108;155621859;B01;1;7;0;2;4;12;1;
202300033108;155621860;C01;1;7;0;2;1;1;2;
202300033109;155621853;A01;1;7;0;2;1;1;1;
202300033109;155621854;B01;1;7;0;2;4;2;1;
202300033110;155621851;A01;2;17;3;0;3;12;1;
202300033111;155621850;A01;2;33;8;2;2;1;1;
202300033111;155621852;B01;1;7;0;2;2;1;1;
202300033112;155621848;B01;2;7;4;2;3;2;1;
202300033112;155621849;A01;2;17;4;2;7;14;1;
202300033113;155621846;A01;1;30;0;0;0;21;3;
202300033114;155621844;A01;3;1;0;1;1;1;5;
202300033115;155621842;A01;2;32;0;1;1;1;1;