Num_Acc;id_vehicule;num_veh;senc;catv;obs;obsm;choc;manv;motor;occutc
202300033116;155621843;A01;1;7;0;2;1;2;1;
202300033116;155621845;B01;1;7;0;2;4;2;1;
202300033116;155621847;C01;1;7;0;2;4;2;2;
202300033117;155621840;A01;2;7;0;2;3;15;1;
202300033117;155621841;B01;2;32;0;2;2;17;1;
202300033118;155621836;A01;3;7;0;2;1;1;1;
202300033118;155621837;Z01;3;2;0;2;1;5;1;
202300033119;155621838;A01;2;10;0;2;5;12;1;
202300033119;155621839;B01;2;31;0;2;1;3;1;
202300033120;155621834;B01;2;43;0;2;8;1;1;
202300033120;155621835;A01;2;7;0;2;2;1;1;
202300033121;155621831;A01;2;32;0;2;7;18;1;
202300033121;155621832;B01;2;10;0;2;8;16;1;
202300033122;155621833;A01;1;33;4;0;1;26;1;
202300033123;155621830;A01;1;7;0;1;5;4;1;
202300033124;155621828;A01;1;7;0;1;8;1;1;
202300033125;155621827;B01;2;7;0;2;3;11;1;
202300033125;155621829;A01;2;33;0;0;4;1;1;
202300033126;155621825;B01;1;10;0;2;2;16;1;
202300033126;155621826;A01;1;33;0;2;8;1;1;
202300033127;155621822;A01;1;32;0;2;1;2;1;
202300033127;155621823;B01;1;7;0;2;6;2;1;
202300033128;155621821;A01;2;7;0;1;1;16;1;
202300033129;155621824;A01;1;7;4;0;5;1;1;
202300033130;155621819;A01;2;7;0;2;4;4;1;
202300033130;155621820;B01;1;1;0;2;1;1;5;
202300033131;155621818;A01;3;50;12;0;1;25;3;
202300033132;155621816;A01;1;50;12;0;1;14;3;
202300033133;155621813;A01;1;7;0;1;2;14;3;
202300033134;155621812;A01;1;7;8;0;1;0;1;
202300033135;155621814;C01;1;7;0;2;8;1;1;
202300033135;155621815;B01;1;7;0;2;6;2;1;
202300033135;155621817;A01;1;7;0;2;2;1;1;
202300033136;155621810;A01;1;7;0;2;1;0;1;
202300033136;155621811;B01;1;7;0;2;4;2;1;
202300033137;155621807;A01;2;30;0;2;1;18;1;
202300033137;155621808;B01;2;10;0;2;7;16;1;
202300033138;155621804;B01;1;7;0;2;3;1;1;
202300033138;155621806;A01;1;7;0;2;2;1;1;
202300033139;155621802;A01;0;43;0;1;1;1;1;
202300033140;155621803;B01;2;7;0;2;4;1;1;
202300033140;155621805;C01;2;7;0;2;1;1;1;
202300033140;155621809;A01;2;7;0;2;4;1;2;
202300033141;155621800;B01;3;1;0;2;0;19;5;
202300033141;155621801;A01;2;7;0;2;7;2;1;
202300033142;155621798;A01;0;7;0;1;3;1;1;
202300033143;155621797;A01;1;10;0;2;1;2;1;
202300033143;155621799;B01;1;10;0;2;4;2;1;
202300033144;155621795;B01;1;7;0;2;4;2;1;
202300033144;155621796;A01;1;7;0;2;1;1;1;
202300033145;155621794;A01;0;7;0;0;3;2;1;
202300033146;155621792;A01;0;10;6;1;1;1;1;
202300033147;155621789;A01;1;7;0;2;5;9;1;
202300033147;155621791;B01;1;31;0;2;1;1;1;
202300033148;155621788;A01;0;30;12;0;2;1;1;
202300033149;155621787;A01;1;7;0;1;1;1;1;
202300033150;155621786;A01;3;7;0;2;2;9;1;
202300033150;155621790;B01;3;7;0;2;3;1;1;
202300033151;155621784;B01;1;50;0;2;1;1;3;
202300033151;155621785;A01;1;32;0;2;2;1;1;
202300033152;155621782;A01;3;7;0;2;1;15;1;
202300033152;155621783;B01;3;32;0;2;8;16;1;
202300033153;155621779;A01;3;7;0;2;1;15;0;
202300033153;155621780;B01;2;30;0;2;8;1;1;
202300033154;155621781;A01;3;7;1;1;2;1;1;
202300033155;155621776;B01;1;10;0;2;3;1;1;
202300033155;155621778;A01;1;50;0;2;2;5;3;
202300033156;155621774;A01;2;10;0;1;2;1;1;
202300033157;155621775;A01;2;2;1;2;1;13;1;
202300033157;155621777;B01;1;7;0;2;7;15;1;
202300033158;155621771;A01;2;7;0;2;2;15;1;
202300033158;155621773;B01;2;7;0;2;3;1;1;
202300033159;155621770;B01;3;7;0;2;3;26;1;
202300033159;155621772;A01;3;7;0;2;1;26;1;
202300033160;155621768;A01;1;7;0;2;1;2;6;
202300033160;155621769;B01;1;7;0;0;4;1;6;
202300033161;155621766;A01;2;2;0;1;1;1;3;
202300033162;155621764;A01;1;2;0;2;8;13;1;
202300033162;155621765;B01;2;21;0;2;8;1;1;
202300033163;155621760;B01;1;1;0;2;7;15;5;
202300033163;155621762;A01;1;7;0;2;1;9;0;
202300033164;155621761;A01;2;10;0;2;1;1;1;
202300033164;155621763;B01;2;10;0;0;4;1;0;
202300033165;155621756;B01;2;1;0;2;8;1;5;
202300033165;155621758;A01;1;7;0;9;1;15;1;
202300033166;155621754;A01;1;31;14;0;7;1;1;
202300033167;155621753;B01;2;7;0;2;4;2;1;
202300033167;155621755;C01;1;7;0;2;4;0;1;
202300033167;155621757;D01;1;7;0;2;4;2;0;
202300033167;155621759;A01;2;7;0;2;1;2;1;
202300033168;155621749;A01;2;7;0;2;1;2;1;
202300033168;155621751;B01;2;7;0;2;4;1;1;
202300033169;155621747;A01;1;7;0;2;1;1;1;
202300033169;155621750;B01;1;7;0;2;2;19;0;
202300033170;155621745;B01;2;7;0;2;5;23;1;
202300033170;155621746;C01;2;7;0;2;2;0;1;
202300033170;155621748;A01;2;7;1;0;3;1;1;
202300033171;155621743;B01;1;1;0;2;7;1;5;
202300033171;155621744;A01;1;7;0;2;2;14;1;
202300033172;155621738;A01;3;15;0;2;0;1;1;
202300033172;155621741;B01;3;7;0;2;8;1;1;
202300033172;155621742;C01;3;7;0;2;3;1;1;
202300033173;155621735;A01;1;7;0;2;5;26;1;
202300033173;155621737;B01;2;7;0;2;2;21;1;
202300033174;155621734;B01;2;7;0;2;6;16;1;
202300033174;155621736;A01;2;7;0;2;1;2;1;
202300033175;155621731;A01;2;7;3;0;1;0;1;
202300033175;155621732;B01;2;7;0;0;6;23;1;
202300033175;155621733;C01;2;7;14;0;2;2;1;
202300033176;155621728;A01;3;7;0;9;5;1;1;
202300033176;155621729;B01;3;1;0;2;1;1;5;
202300033177;155621727;A01;2;37;0;0;0;1;0;3.0
202300033178;155621725;A01;1;7;0;2;3;13;1;
202300033178;155621726;B01;2;7;0;2;3;1;1;
202300033179;155621721;A01;2;7;0;2;3;15;1;
202300033179;155621723;B01;1;7;0;2;3;1;1;
202300033180;155621719;C01;2;7;0;2;9;14;1;
202300033180;155621720;B01;2;7;0;2;1;1;1;
202300033180;155621722;A01;2;7;4;0;3;1;1;
202300033180;155621724;D01;2;10;0;2;9;14;1;
202300033181;155621717;A01;2;7;0;2;3;1;1;
202300033181;155621718;B01;1;2;0;2;7;15;1;
202300033182;155621715;A01;2;1;12;0;0;25;5;
202300033183;155621713;B01;1;50;0;2;7;1;3;
202300033183;155621716;A01;1;7;0;2;1;9;0;
202300033184;155621707;D01;3;21;0;0;0;1;1;
202300033184;155621708;E01;3;20;0;0;0;1;1;
202300033184;155621709;F01;3;21;0;0;0;1;1;
202300033184;155621711;B01;3;7;0;2;3;1;1;
202300033184;155621712;C01;3;7;0;2;1;1;1;
202300033184;155621714;A01;0;33;0;2;3;17;1;
202300033185;155621705;A01;1;7;0;2;2;15;1;
202300033185;155621706;B01;2;7;0;2;1;1;1;
202300033185;155621710;C01;3;7;0;2;1;23;1;
202300033186;155621704;A01;0;7;6;0;1;14;0;
202300033187;155621702;A01;1;7;13;0;1;1;2;
202300033188;155621700;A01;1;7;2;0;3;1;1;
202300033189;155621699;B01;1;7;6;2;4;23;1;
202300033189;155621701;C01;1;7;0;2;1;1;1;
202300033189;155621703;A01;1;7;14;0;1;12;1;
202300033190;155621696;A01;2;7;0;2;1;1;1;
202300033190;155621697;B01;2;7;8;2;4;1;1;
202300033190;155621698;C01;2;1;13;2;4;1;5;
202300033191;155621694;A01;2;7;0;1;2;19;1;
202300033192;155621695;A01;0;7;4;0;1;26;1;
202300033193;155621693;A01;1;7;6;0;1;13;1;
202300033194;155621692;A01;1;34;0;1;1;1;1;
202300033195;155621690;A01;0;7;0;2;3;15;1;
202300033195;155621691;B01;3;7;0;2;1;1;0;
202300033196;155621688;B01;3;7;0;2;8;0;1;
202300033196;155621689;A01;3;7;0;2;7;1;1;
202300033197;155621686;A01;1;10;0;2;8;0;1;
202300033197;155621687;B01;1;7;0;2;3;1;1;
202300033198;155621685;A01;1;7;0;1;1;1;1;
202300033199;155621684;A01;1;7;0;1;3;15;1;
202300033200;155621682;Z01;2;7;0;2;1;1;1;
202300033200;155621683;A01;1;1;0;2;4;19;5;
202300033201;155621680;B01;1;50;1;0;1;1;3;
202300033201;155621681;A01;1;7;0;2;3;22;1;
202300033202;155621678;A01;2;3;0;2;3;1;1;
202300033202;155621679;Z01;0;7;0;0;0;0;0;
202300033203;155621676;A01;2;7;0;2;1;15;3;
202300033203;155621677;B01;1;1;0;2;8;1;5;
202300033204;155621675;A01;1;7;0;1;2;1;1;
202300033205;155621673;A01;1;7;0;2;1;9;1;
202300033205;155621674;B01;3;1;0;2;7;1;5;
202300033206;155621672;A01;1;7;1;0;1;1;1;
202300033207;155621671;A01;1;7;0;1;2;15;1;
202300033208;155621669;B01;1;80;0;2;7;19;3;
202300033208;155621670;A01;1;7;0;2;1;1;1;
202300033209;155621667;A01;1;7;0;2;1;11;1;
202300033209;155621668;B01;1;1;0;2;1;1;5;
202300033210;155621666;A01;2;7;4;0;2;1;1;
202300033211;155621664;B01;2;10;0;2;8;15;1;
202300033211;155621665;A01;2;31;0;2;1;2;1;
202300033212;155621662;B01;3;7;0;2;6;1;1;
202300033212;155621663;A01;3;7;0;2;0;1;1;
202300033213;155621660;A01;1;7;0;2;3;1;2;
202300033213;155621661;B01;2;7;0;2;8;1;1;
202300033214;155621658;B01;1;99;0;2;1;0;3;
202300033214;155621659;A01;2;7;0;2;1;11;1;
202300033215;155621656;B01;1;40;0;2;1;2;3;
202300033215;155621657;A01;2;7;0;4;8;6;1;
202300033216;155621655;A01;2;7;0;1;3;15;1;
202300033217;155621654;A01;1;30;0;0;0;1;1;
202300033218;155621652;A01;2;7;0;2;7;15;1;
202300033218;155621653;B01;1;7;0;2;8;1;1;
202300033219;155621651;A01;1;7;0;1;1;1;1;
202300033220;155621649;A01;3;32;0;2;1;2;1;
202300033220;155621650;B01;3;50;0;2;4;2;3;
202300033221;155621647;A01;1;1;0;2;2;15;5;
202300033221;155621648;B01;2;7;0;2;3;16;1;
202300033222;155621645;A01;0;7;0;2;8;1;1;
202300033222;155621646;B01;0;31;0;2;1;1;0;
202300033223;155621644;A01;2;7;4;0;2;1;1;
202300033224;155621643;A01;1;7;0;1;2;1;1;
202300033225;155621640;B01;2;7;0;2;4;2;1;
202300033225;155621641;A01;2;7;0;2;1;2;1;
202300033226;155621639;A01;1;7;0;1;1;1;1;
202300033227;155621638;A01;1;7;0;1;1;1;1;
202300033228;155621636;A01;1;7;0;0;3;20;1;
202300033228;155621637;B01;1;7;0;2;2;2;1;
202300033229;155621634;B01;1;2;0;2;1;2;3;
202300033229;155621635;A01;0;7;0;2;3;20;1;
202300033230;155621632;B01;2;32;0;2;7;1;1;
202300033230;155621633;A01;1;3;0;2;1;9;1;
202300033231;155621630;B01;2;7;0;0;4;2;1;
202300033231;155621631;A01;2;10;0;2;1;2;1;
202300033232;155621628;B01;2;7;0;2;4;23;1;
202300033232;155621629;A01;2;7;0;2;1;1;1;
202300033233;155621626;A01;3;35;0;2;8;9;3;
202300033233;155621627;B01;3;1;0;2;1;1;5;
202300033234;155621624;B01;3;30;0;2;1;1;1;
202300033234;155621625;A01;3;10;0;2;3;9;1;
202300033235;155621622;A01;3;7;0;2;1;1;1;
202300033235;155621623;B01;3;10;0;2;2;2;1;
202300033236;155621620;A01;3;7;0;2;1;2;1;
202300033236;155621621;B01;3;7;0;2;4;9;1;
202300033237;155621618;B01;2;2;0;2;1;1;1;
202300033237;155621619;A01;1;7;0;2;5;15;1;
202300033238;155621616;B01;1;10;0;2;4;1;1;
202300033238;155621617;A01;1;33;0;2;1;12;1;
202300033239;155621615;A01;1;1;0;0;0;21;5;
202300033240;155621614;A01;2;1;0;1;1;1;5;
202300033241;155621612;B01;2;1;0;2;2;1;5;
202300033241;155621613;A01;2;10;0;2;3;9;1;
202300033242;155621610;A01;2;14;0;2;1;1;1;
202300033242;155621611;B01;2;7;0;2;6;23;1;
202300033243;155621609;A01;2;50;0;0;0;1;3;
202300033244;155621608;A01;2;43;14;0;3;7;1;
202300033245;155621607;A01;2;50;0;1;8;1;3;
202300033246;155621604;B01;1;32;0;2;2;1;1;
202300033246;155621605;A01;1;7;0;2;3;9;1;
202300033247;155621602;A01;2;31;0;1;8;17;3;
202300033247;155621603;B01;2;10;0;2;6;1;1;
202300033248;155621601;A01;1;1;12;0;3;13;5;
202300033249;155621599;A01;1;7;0;2;3;15;2;
202300033249;155621600;B01;2;30;0;2;6;1;3;
202300033250;155621598;A01;1;7;0;1;6;4;0;
202300033251;155621596;A01;0;7;0;2;1;15;0;
202300033251;155621597;B01;2;7;0;2;8;2;0;
202300033252;155621595;A01;2;32;0;1;1;1;1;
202300033253;155621593;A01;3;7;0;2;3;1;1;
202300033253;155621594;B01;3;7;0;2;2;15;1;
202300033254;155621592;A01;1;7;0;1;1;26;1;
202300033255;155621590;A01;1;7;0;2;3;15;3;
202300033255;155621591;B01;2;33;0;2;1;1;1;
202300033256;155621588;B01;1;1;0;2;0;19;5;
202300033256;155621589;A01;2;7;0;9;0;0;1;
202300033257;155621587;A01;0;7;6;0;1;26;0;
202300033258;155621586;A01;1;7;0;1;1;16;1;
202300033259;155621585;A01;1;7;0;1;3;15;0;
202300033260;155621583;B01;0;50;0;2;0;0;3;
202300033260;155621584;NA01;3;10;0;2;3;24;1;
202300033261;155621582;A01;2;7;0;1;1;1;1;
202300033262;155621580;A01;2;7;0;2;1;15;1;
202300033262;155621581;B01;1;33;0;2;1;1;1;
202300033263;155621578;B01;2;34;0;2;1;12;1;
202300033263;155621579;A01;2;7;0;2;8;9;1;
202300033264;155621577;A01;2;33;12;0;8;2;1;
202300033265;155621576;A01;1;30;0;1;2;1;1;
202300033266;155621575;A01;1;2;1;1;1;5;1;
202300033267;155621573;A01;3;1;0;2;2;2;5;
202300033267;155621574;B01;3;7;0;9;6;2;1;
202300033268;155621572;A01;0;7;0;0;0;0;3;
202300033269;155621570;B01;2;31;0;0;0;0;1;
202300033269;155621571;A01;2;7;1;0;1;2;1;
202300033270;155621569;A01;1;10;0;1;2;12;1;
202300033271;155621567;A01;1;7;0;2;1;1;1;
202300033271;155621568;B01;1;7;0;2;4;23;1;
202300033272;155621565;B01;1;7;0;2;4;2;1;
202300033272;155621566;A01;1;10;0;2;1;2;1;
202300033273;155621561;A01;2;15;0;2;1;2;1;
202300033273;155621562;B01;2;15;0;2;4;2;1;
202300033273;155621563;C01;1;15;0;2;4;2;1;
202300033273;155621564;D01;1;15;0;2;4;2;1;
202300033274;155621559;B01;2;10;0;2;4;2;1;
202300033274;155621560;A01;2;7;0;2;1;2;1;
202300033275;155621557;B01;2;33;0;2;8;3;1;
202300033275;155621558;A01;2;7;0;2;7;12;1;
202300033276;155621555;Z01;2;10;0;2;0;18;0;
202300033276;155621556;A01;1;31;0;2;1;1;1;
202300033277;155621553;A01;2;7;0;2;1;2;1;
202300033277;155621554;B01;2;7;0;2;4;23;1;
202300033278;155621552;A01;1;43;4;0;1;14;1;
202300033279;155621550;B01;1;7;0;2;6;2;1;
202300033279;155621551;A01;1;43;0;2;1;2;1;
202300033280;155621549;A01;2;7;0;1;2;1;1;
202300033281;155621547;A01;1;7;0;1;1;15;1;
202300033282;155621545;A01;3;7;0;9;0;15;1;
202300033282;155621546;B01;3;50;0;2;7;17;3;
202300033283;155621539;A01;1;7;0;2;4;2;1;
202300033283;155621540;B01;1;7;0;2;1;2;1;
202300033283;155621541;C01;1;7;0;2;1;2;1;
202300033283;155621542;E01;1;7;0;2;1;2;1;
202300033283;155621543;F01;1;7;0;2;1;2;0;
202300033283;155621544;D01;1;7;0;2;1;2;1;
202300033284;155621537;A01;1;33;0;2;7;14;1;
202300033284;155621538;B01;1;7;0;2;8;1;1;
202300033285;155621535;A01;3;1;0;2;8;5;5;
202300033285;155621536;B01;3;7;6;0;1;9;1;
202300033286;155621533;A01;3;7;0;2;1;1;1;
202300033286;155621534;B01;2;2;0;2;8;1;1;
202300033287;155621531;A01;1;2;0;2;4;16;1;
202300033287;155621532;Z01;2;7;0;0;0;0;1;
202300033288;155621529;B01;3;1;0;2;8;1;5;
202300033288;155621530;A01;3;43;0;2;7;1;1;
202300033289;155621527;B01;1;1;0;2;1;2;5;
202300033289;155621528;A01;2;7;0;2;2;15;1;
202300033290;155621526;A01;1;7;6;0;1;1;1;
202300033291;155621524;A01;1;7;0;2;6;15;1;
202300033291;155621525;Z01;2;10;0;2;2;14;1;
202300033292;155621522;B01;1;1;0;2;1;1;5;
202300033292;155621523;A01;1;7;0;2;3;22;1;
202300033293;155621519;A01;1;7;4;2;3;13;1;
202300033293;155621520;B01;1;7;4;2;3;1;1;
202300033294;155621518;A01;3;7;0;1;1;15;1;
202300033295;155621516;B01;3;1;0;2;1;1;5;
202300033295;155621517;A01;3;7;0;2;3;15;1;
202300033296;155621514;A01;1;7;0;2;1;15;1;
202300033296;155621515;B01;2;50;0;2;3;1;3;
202300033297;155621513;A01;3;7;0;1;1;2;0;
202300033298;155621512;A01;1;7;2;0;1;1;1;
202300033299;155621510;B01;1;7;0;2;3;1;1;
202300033299;155621511;A01;2;31;0;2;1;13;1;
202300033300;155621509;A01;3;7;0;1;2;1;1;
202300033301;155621507;B01;2;1;0;2;2;1;5;
202300033301;155621508;A01;2;7;0;2;2;16;1;
202300033302;155621504;A01;3;7;0;1;5;16;1;
202300033303;155621502;B01;1;2;0;2;1;1;1;
202300033303;155621503;A01;2;37;0;2;2;15;1;1.0
202300033304;155621501;A01;2;7;0;1;0;0;0;
202300033305;155621500;A01;1;7;0;1;1;1;1;
202300033306;155621499;A01;1;7;0;1;0;0;0;
202300033307;155621497;B01;3;80;0;0;0;0;3;
202300033307;155621498;A01;3;7;0;0;1;16;3;
202300033308;155621495;B01;1;1;0;2;0;7;5;
202300033308;155621496;Z01;2;7;0;9;0;0;1;
202300033309;155621494;A01;1;7;0;1;1;1;1;
202300033310;155621492;B01;3;80;0;2;1;1;3;
202300033310;155621493;A01;3;7;0;2;8;9;1;
202300033311;155621491;A01;2;7;0;1;1;15;1;
202300033312;155621490;A01;1;7;13;0;2;12;1;
202300033313;155621489;A01;2;7;0;1;3;1;1;
202300033314;155621487;B01;2;7;16;0;0;1;1;
202300033314;155621488;A01;1;7;0;1;3;1;1;
202300033315;155621486;A01;1;7;0;1;1;9;1;
202300033316;155621484;A01;3;50;0;2;1;1;3;
202300033316;155621485;B01;1;7;0;2;2;0;1;
202300033317;155621482;B01;3;1;0;2;8;0;5;
202300033317;155621483;A01;2;7;0;2;1;0;2;
202300033318;155621479;A01;3;7;0;2;1;1;2;
202300033318;155621480;B01;3;7;0;2;4;1;1;
202300033318;155621481;C01;3;7;0;2;4;26;0;
202300033319;155621477;A01;2;10;0;2;2;15;1;
202300033319;155621478;B01;1;33;0;2;1;1;1;
202300033320;155621476;A01;2;7;0;1;3;1;3;
202300033321;155621472;B01;2;7;0;2;9;0;1;
202300033321;155621473;C01;2;7;0;2;1;0;1;
202300033321;155621474;D01;2;7;0;2;0;0;1;
202300033321;155621475;A01;2;7;0;2;1;0;1;
202300033322;155621470;A01;2;7;0;2;4;1;1;
202300033322;155621471;B01;2;7;0;2;1;0;1;
202300033323;155621468;A01;2;7;0;0;6;24;1;
202300033323;155621469;B01;2;7;1;0;1;2;1;
202300033324;155621467;A01;2;34;4;0;8;1;1;
202300033325;155621464;A01;2;7;0;2;1;1;1;
202300033325;155621465;B01;2;7;0;2;1;1;0;
202300033325;155621466;C01;2;7;0;2;4;1;1;
202300033326;155621461;B01;2;7;0;2;5;1;1;
202300033326;155621462;C01;2;7;0;2;4;1;1;
202300033326;155621463;A01;2;7;0;0;1;12;1;
202300033327;155621459;B01;1;7;0;0;0;0;0;
202300033327;155621460;A01;1;33;0;2;1;1;1;
202300033328;155621458;A01;1;7;14;0;1;1;1;
202300033329;155621457;A01;1;10;3;2;1;1;1;
202300033330;155621456;A01;2;7;4;0;9;17;1;
202300033331;155621454;A01;2;7;0;2;8;2;3;
202300033331;155621455;B01;2;14;0;2;2;12;1;
202300033332;155621452;A01;2;7;0;2;2;12;1;
202300033332;155621453;B01;2;7;0;2;6;1;3;
202300033333;155621449;C01;1;7;0;2;4;23;3;
202300033333;155621450;A01;1;10;0;2;1;2;1;
202300033333;155621451;B01;1;7;0;2;4;23;1;
202300033334;155621448;A01;2;7;0;1;2;1;1;
202300033335;155621446;A01;1;30;0;2;1;15;1;
202300033335;155621447;B01;2;30;0;2;1;1;1;
202300033336;155621443;B01;2;7;-1;2;1;15;-1;
202300033336;155621444;A01;1;33;0;2;7;1;1;
202300033337;155621442;A01;3;7;6;0;2;1;1;
202300033338;155621441;A01;3;2;0;0;2;1;1;
202300033339;155621438;B01;1;7;15;2;4;21;1;
202300033339;155621439;A01;1;7;16;0;0;14;1;
202300033339;155621440;C01;1;7;0;2;1;1;1;
202300033340;155621436;B01;0;7;0;0;3;15;1;
202300033340;155621437;A01;3;34;8;0;2;17;1;
202300033341;155621434;B01;1;10;6;2;1;2;1;
202300033341;155621435;A01;1;7;6;0;3;15;1;
202300033342;155621432;A01;2;7;0;2;0;9;1;
202300033342;155621433;B01;2;2;0;2;1;11;1;
202300033343;155621430;A01;3;2;0;2;8;1;1;
202300033343;155621431;B01;3;7;0;2;2;15;1;
202300033344;155621428;A01;2;50;0;2;1;19;3;
202300033344;155621429;B01;1;7;0;2;6;19;1;
202300033345;155621426;A01;1;7;0;2;3;15;1;
202300033345;155621427;B01;2;30;0;2;1;1;3;
202300033346;155621425;A01;1;7;1;0;1;1;1;
202300033347;155621423;A01;2;7;0;2;3;5;1;
202300033347;155621424;B01;1;32;0;2;3;1;1;
202300033348;155621421;B01;2;7;0;2;2;1;2;
202300033348;155621422;A01;2;7;0;2;1;10;1;
202300033349;155621419;A01;1;7;0;2;1;1;1;
202300033349;155621420;B01;1;50;0;2;8;1;3;
202300033350;155621417;A01;2;32;0;2;1;2;1;
202300033350;155621418;B01;1;7;0;0;6;15;1;
202300033351;155621416;B01;1;32;0;2;0;0;0;
202300033352;155621414;A01;3;7;0;2;1;9;1;
202300033352;155621415;B01;3;1;0;2;1;1;5;
202300033353;155621412;A01;3;7;0;2;8;9;0;
202300033353;155621413;B01;2;7;0;2;1;1;0;
202300033354;155621410;B01;3;7;0;2;1;0;1;
202300033354;155621411;A01;3;7;0;2;1;0;1;
202300033355;155621406;B01;2;7;0;2;3;9;0;
202300033355;155621407;A01;3;3;0;2;1;1;0;
202300033356;155621405;A01;3;7;9;0;1;1;1;
202300033357;155621403;A01;1;7;0;2;1;13;1;
202300033357;155621404;B01;1;7;0;2;2;15;1;
202300033358;155621402;A01;0;7;6;0;2;14;1;
202300033359;155621400;B01;2;7;0;2;3;1;1;
202300033359;155621401;A01;1;7;0;2;3;13;1;
202300033360;155621399;A01;3;33;0;0;4;0;1;
202300033361;155621397;A01;1;7;0;2;4;15;1;
202300033361;155621398;B01;1;7;0;2;1;2;1;
202300033362;155621395;A01;1;7;0;2;2;15;1;
202300033362;155621396;B01;2;33;0;2;3;16;1;
202300033363;155621394;A01;0;2;15;0;2;14;1;
202300033364;155621393;A01;1;7;0;1;2;0;1;
202300033365;155621391;B01;1;30;0;2;4;9;1;
202300033365;155621392;A01;3;7;0;2;1;9;1;
202300033366;155621389;B01;1;50;0;2;1;1;3;
202300033366;155621390;A01;1;7;0;9;3;9;1;
202300033367;155621385;A01;1;7;0;2;1;2;1;
202300033367;155621386;B01;1;7;0;2;4;2;1;
202300033367;155621387;C01;1;7;0;2;4;2;1;
202300033367;155621388;D01;1;7;0;2;4;2;1;
202300033368;155621383;A01;3;7;0;2;3;19;1;
202300033368;155621384;B01;0;33;0;2;1;19;1;
202300033369;155621381;B01;1;7;8;2;3;19;1;
202300033369;155621382;A01;3;7;0;2;1;15;1;
202300033370;155621379;A01;2;1;0;2;1;1;5;
202300033370;155621380;B01;3;80;0;2;1;1;3;
202300033371;155621377;A01;2;30;0;2;1;1;1;
202300033371;155621378;Z01;1;7;0;2;0;10;1;
202300033372;155621375;A01;1;7;0;0;1;1;1;
202300033372;155621376;B01;1;7;0;0;4;1;1;
202300033373;155621373;B01;1;2;0;2;1;1;1;
202300033373;155621374;A01;1;7;0;2;8;1;1;
202300033374;155621371;A01;2;7;0;2;3;1;1;
202300033374;155621372;B01;1;7;0;2;2;15;1;
202300033375;155621370;A01;3;7;0;1;1;15;1;
202300033376;155621368;A01;2;7;0;2;1;16;1;
202300033376;155621369;B01;2;50;0;2;7;1;3;
202300033377;155621366;B01;2;50;0;2;7;1;3;
202300033377;155621367;A01;3;7;0;2;1;16;1;
202300033378;155621364;B01;1;1;0;2;2;1;5;
202300033378;155621365;A01;2;7;0;2;3;15;1;
202300033379;155621362;A01;3;7;0;2;0;26;1;
202300033379;155621363;B01;3;7;0;2;0;1;1;
202300033380;155621361;A01;3;7;0;0;0;1;1;
202300033381;155621359;A01;2;7;0;2;1;15;1;
202300033381;155621360;B01;1;50;0;2;8;1;3;
202300033382;155621358;A01;1;7;0;0;1;9;1;
202300033383;155621357;A01;1;7;0;1;1;15;1;
202300033384;155621355;A01;3;7;0;2;3;9;1;
202300033384;155621356;B01;3;30;0;2;1;1;1;
202300033385;155621354;A01;3;7;8;0;9;1;1;
202300033386;155621352;B01;2;1;0;2;7;1;5;
202300033386;155621353;A01;0;7;0;2;3;9;1;
202300033387;155621350;A01;3;7;0;2;3;15;1;
202300033387;155621351;B01;3;33;0;2;1;1;1;
202300033388;155621348;A01;0;7;0;2;5;19;1;
202300033388;155621349;B01;0;33;0;2;1;1;1;
202300033389;155621347;A01;2;7;6;0;1;1;1;
202300033390;155621345;A01;2;0;0;2;5;17;0;
202300033390;155621346;B01;2;50;0;2;0;1;3;
202300033391;155621343;A01;3;1;0;2;3;1;5;
202300033391;155621344;B01;3;7;0;2;3;15;1;
202300033392;155621342;A01;1;7;12;1;2;1;1;
202300033393;155621340;A01;3;7;0;2;3;19;1;
202300033393;155621341;B01;3;7;0;2;2;16;1;
202300033394;155621339;A01;1;7;8;1;0;14;1;
202300033395;155621338;A01;1;7;0;1;1;1;1;
202300033396;155621336;A01;3;7;0;2;6;15;1;
202300033396;155621337;B01;3;2;0;2;1;2;1;
202300033397;155621334;B01;1;7;0;2;4;23;1;
202300033397;155621335;A01;1;7;0;2;1;1;1;
202300033398;155621332;A01;2;7;11;2;3;13;1;
202300033398;155621333;B01;1;7;0;2;3;1;1;
202300033399;155621329;A01;1;10;0;2;9;1;1;
202300033399;155621330;C01;1;10;0;2;2;2;0;
202300033399;155621331;B01;2;10;0;2;1;15;1;
202300033400;155621328;B01;1;1;14;0;4;1;5;
202300033401;155621326;A01;1;7;0;2;3;1;1;
202300033401;155621327;B01;2;30;0;2;1;13;1;
202300033402;155621325;A01;1;33;0;2;8;1;1;
202300033403;155621323;A01;1;10;0;2;7;9;1;
202300033403;155621324;B01;1;1;0;2;8;2;5;
202300033404;155621321;A01;1;33;0;2;7;17;1;
202300033404;155621322;B01;1;7;0;2;0;0;1;
202300033405;155621319;A01;1;30;0;2;1;5;1;
202300033405;155621320;B01;2;2;0;2;1;23;1;
202300033406;155621318;A01;3;7;0;1;2;1;1;
202300033407;155621317;A01;3;7;12;0;9;26;1;
202300033408;155621315;A01;2;30;0;2;1;1;1;
202300033408;155621316;B01;2;7;0;2;4;2;1;