Num_Acc;id_vehicule;num_veh;senc;catv;obs;obsm;choc;manv;motor;occutc
202300033409;155621313;A01;3;7;0;2;3;1;1;
202300033409;155621314;B01;3;50;0;2;1;19;3;
202300033410;155621312;A01;0;7;0;1;6;4;1;
202300033411;155621308;A01;3;13;0;2;3;2;1;
202300033411;155621309;B01;3;34;0;2;1;17;1;
202300033412;155621307;A01;2;36;6;0;1;14;1;
202300033413;155621305;A01;2;7;0;2;6;1;1;
202300033413;155621306;B01;2;7;0;2;1;1;2;
202300033414;155621303;B01;3;7;0;2;1;1;1;
202300033414;155621304;A01;3;7;0;2;1;13;1;
202300033415;155621302;A01;3;37;0;1;1;1;1;1.0
202300033416;155621300;A01;1;7;0;2;2;15;0;
202300033416;155621301;B01;2;31;0;2;1;1;0;
202300033417;155621299;A01;1;32;0;1;0;26;1;
202300033418;155621296;A01;2;7;0;2;1;2;1;
202300033418;155621297;B01;2;7;0;2;4;2;1;
202300033418;155621298;C01;2;7;0;2;4;2;3;
202300033419;155621295;A01;1;36;6;0;2;5;1;
202300033420;155621293;A01;3;7;0;2;4;0;1;
202300033420;155621294;B01;3;7;0;2;1;1;1;
202300033421;155621291;B01;1;7;0;2;1;1;1;
202300033421;155621292;A01;1;2;0;2;1;13;1;
202300033422;155621289;A01;0;2;0;2;7;0;0;
202300033422;155621290;B01;0;7;0;2;6;1;3;
202300033423;155621287;A01;2;7;0;2;1;2;1;
202300033423;155621288;B01;1;7;0;2;8;15;1;
202300033424;155621286;Z01;1;10;0;1;1;16;0;
202300033425;155621284;B01;2;7;0;2;3;15;1;
202300033425;155621285;A01;1;7;0;2;3;1;1;
202300033426;155621282;A01;3;7;0;2;1;13;1;
202300033426;155621283;B01;3;7;0;2;1;1;2;
202300033427;155621280;A01;1;10;0;2;6;15;1;
202300033427;155621281;B01;1;33;0;2;1;1;1;
202300033428;155621277;B01;1;37;0;2;3;17;6;1.0
202300033428;155621278;C01;1;7;0;2;0;2;1;
202300033428;155621279;A01;1;32;8;2;5;17;1;
202300033429;155621275;A01;2;7;0;2;2;15;1;
202300033429;155621276;B01;1;33;0;2;1;1;1;
202300033430;155621273;B01;1;33;0;2;1;1;1;
202300033430;155621274;A01;1;7;0;2;8;15;1;
202300033431;155621271;A01;1;7;0;2;1;1;1;
202300033431;155621272;B01;1;7;0;2;8;15;1;
202300033432;155621268;A01;2;99;11;2;7;6;1;
202300033432;155621269;B01;2;99;0;2;8;1;1;
202300033432;155621270;C01;2;99;0;2;1;1;1;
202300033433;155621266;A01;1;7;0;2;1;13;1;
202300033433;155621267;B01;2;7;0;0;1;1;1;
202300033434;155621265;A01;2;10;0;1;2;1;1;
202300033435;155621264;A01;0;33;0;0;1;0;0;
202300033436;155621262;B01;3;37;0;2;6;1;1;1.0
202300033436;155621263;A01;3;33;0;2;1;17;1;
202300033437;155621260;A01;2;1;0;2;1;9;5;
202300033437;155621261;B01;1;7;0;2;8;1;1;
202300033438;155621259;A01;1;32;0;0;1;2;1;
202300033439;155621258;A01;2;33;0;0;8;1;1;
202300033440;155621257;A01;1;33;0;0;8;1;1;
202300033441;155621255;A01;1;7;0;2;3;15;3;
202300033441;155621256;B01;1;33;0;2;2;17;1;
202300033442;155621253;A01;0;7;0;2;2;1;2;
202300033442;155621254;B01;0;43;0;2;2;1;1;
202300033443;155621251;B01;1;33;0;2;1;1;1;
202300033443;155621252;A01;1;10;0;2;2;15;1;
202300033444;155621249;A01;1;34;1;2;1;1;1;
202300033444;155621250;B01;1;7;0;2;3;1;1;
202300033445;155621247;B01;1;34;0;2;2;1;1;
202300033445;155621248;A01;1;10;0;2;1;9;1;
202300033446;155621243;C01;1;10;0;2;4;23;1;
202300033446;155621244;D01;1;7;0;2;4;23;2;
202300033446;155621245;A01;1;7;0;2;1;1;1;
202300033446;155621246;B01;2;7;0;2;4;23;1;
202300033447;155621242;A01;2;7;0;1;8;2;1;
202300033448;155621241;A01;1;7;0;1;1;15;2;
202300033449;155621240;A01;1;7;0;1;1;15;0;
202300033450;155621238;A01;1;10;1;2;3;1;1;
202300033450;155621239;B01;1;7;0;2;1;1;1;
202300033451;155621236;A01;1;7;12;2;3;19;1;
202300033451;155621237;B01;1;7;12;2;0;0;1;
202300033452;155621235;A01;2;10;0;1;1;15;1;
202300033453;155621232;A01;2;10;0;2;7;16;1;
202300033453;155621233;B01;2;34;0;2;1;1;1;
202300033453;155621234;C01;2;7;0;2;1;23;1;
202300033454;155621230;B01;1;7;0;2;1;9;1;
202300033454;155621231;A01;1;1;0;2;4;3;5;
202300033455;155621228;B01;1;7;0;2;4;1;1;
202300033455;155621229;A01;1;7;0;2;1;1;1;
202300033456;155621226;B01;1;2;0;2;5;1;1;
202300033456;155621227;A01;2;10;0;2;3;15;1;
202300033457;155621225;A01;0;7;1;0;2;1;1;
202300033458;155621223;A01;1;7;0;2;3;21;1;
202300033458;155621224;B01;1;7;0;0;1;1;1;
202300033459;155621221;B01;0;34;0;2;1;1;1;
202300033459;155621222;A01;0;7;0;2;2;9;1;
202300033460;155621218;A01;3;7;4;0;1;17;1;
202300033461;155621217;A01;1;10;1;0;1;9;1;
202300033462;155621215;A01;2;7;0;2;1;15;1;
202300033462;155621216;B01;1;7;0;2;3;15;1;
202300033463;155621213;B01;1;10;0;2;2;1;1;
202300033463;155621214;A01;2;7;0;2;5;1;1;
202300033464;155621211;A01;1;7;0;2;4;2;1;
202300033464;155621212;B01;1;37;0;2;1;2;2;1.0
202300033465;155621210;A01;1;7;2;0;3;0;0;
202300033466;155621208;A01;2;7;0;2;1;1;1;
202300033466;155621209;B01;1;15;0;2;1;1;1;
202300033467;155621206;A01;1;7;0;2;1;1;3;
202300033467;155621207;B01;1;7;0;2;4;23;1;
202300033468;155621203;A01;1;33;1;2;0;0;1;
202300033468;155621204;B01;1;7;0;2;4;24;1;
202300033468;155621205;C01;2;7;0;2;8;1;0;
202300033469;155621202;A01;3;31;13;0;8;1;1;
202300033470;155621201;A01;3;2;14;0;1;1;1;
202300033471;155621200;A01;1;7;6;0;1;5;1;
202300033472;155621198;A01;2;7;0;2;3;1;1;
202300033472;155621199;B01;1;7;0;2;3;1;1;
202300033473;155621197;A01;2;33;6;0;1;1;1;
202300033474;155621195;B01;2;7;0;2;4;2;1;
202300033474;155621196;A01;2;7;0;2;1;2;1;
202300033475;155621193;A01;2;7;2;0;3;1;1;
202300033476;155621194;A01;2;50;0;1;8;1;3;
202300033477;155621192;A01;1;2;0;0;0;0;1;
202300033478;155621189;A01;1;7;0;2;8;10;6;
202300033478;155621191;B01;1;33;0;2;7;17;1;
202300033479;155621188;A01;1;33;0;2;1;2;1;
202300033479;155621190;B01;1;7;0;2;4;2;1;
202300033480;155621186;A01;2;7;13;0;2;1;1;
202300033481;155621183;B01;2;80;0;2;4;1;3;
202300033481;155621185;A01;2;7;0;2;2;17;1;
202300033482;155621184;B01;2;7;0;2;3;1;2;
202300033482;155621187;A01;2;7;0;2;7;1;1;
202300033483;155621182;A01;1;13;16;0;0;0;1;
202300033484;155621181;A01;3;50;14;0;1;1;3;
202300033485;155621179;A01;1;50;0;2;4;1;3;
202300033485;155621180;B01;2;7;0;2;5;1;1;
202300033486;155621177;A01;1;7;0;2;8;22;1;
202300033486;155621178;B01;1;1;0;2;1;1;5;
202300033487;155621175;A01;1;7;0;2;3;0;0;
202300033487;155621176;B01;2;33;0;2;1;0;1;
202300033488;155621173;A01;1;33;0;0;3;2;1;
202300033489;155621172;B01;3;7;0;2;3;15;1;
202300033489;155621174;A01;3;33;0;2;1;1;1;
202300033490;155621169;A01;3;7;0;9;1;0;1;
202300033490;155621171;B01;3;1;0;2;1;0;5;
202300033491;155621168;B01;3;32;0;2;1;1;1;
202300033491;155621170;A01;1;7;0;2;7;1;2;
202300033492;155621167;A01;1;33;2;0;1;0;1;
202300033493;155621163;A01;1;7;6;0;1;13;1;
202300033493;155621165;B01;1;7;15;0;3;21;1;
202300033494;155621164;A01;3;1;0;2;2;19;5;
202300033494;155621166;B01;3;43;0;2;1;1;1;
202300033495;155621162;A01;0;7;2;0;1;1;1;
202300033496;155621159;A01;1;7;2;0;1;14;1;
202300033497;155621155;A01;1;7;0;2;3;9;0;
202300033497;155621157;B01;2;7;0;2;2;21;0;
202300033498;155621154;A01;1;30;0;2;1;3;1;
202300033498;155621156;B01;1;1;0;0;8;15;5;
202300033499;155621153;A01;2;7;0;1;1;15;0;
202300033500;155621151;A01;2;33;4;0;2;1;1;
202300033501;155621150;A01;2;7;0;2;2;15;0;
202300033501;155621152;B01;1;1;0;2;1;1;5;
202300033502;155621149;A01;1;33;13;0;1;1;1;
202300033503;155621147;B01;1;7;0;2;1;1;1;
202300033503;155621148;A01;2;80;0;2;1;5;3;
202300033504;155621145;A01;2;7;0;2;3;19;1;
202300033504;155621146;B01;2;7;0;2;6;0;1;
202300033505;155621143;A01;3;2;0;0;0;0;1;
202300033506;155621142;A01;3;7;0;2;2;15;2;
202300033506;155621144;B01;3;80;0;2;3;15;3;
202300033507;155621140;B01;2;7;0;2;1;1;1;
202300033507;155621141;A01;1;7;0;2;7;13;1;
202300033508;155621139;A01;3;7;0;1;1;1;2;
202300033509;155621137;A01;1;7;0;9;2;2;1;
202300033509;155621138;B01;1;1;0;0;4;2;5;
202300033510;155621133;A01;2;33;0;2;1;1;1;
202300033510;155621134;B01;1;7;0;2;6;15;1;
202300033511;155621135;B01;1;1;0;0;0;1;5;
202300033511;155621136;A01;1;7;0;0;1;16;6;
202300033512;155621131;B01;1;7;0;2;2;1;1;
202300033512;155621132;A01;1;10;0;2;3;1;1;
202300033513;155621130;A01;2;10;0;1;4;4;1;
202300033514;155621128;A01;2;33;10;0;7;0;1;
202300033515;155621127;A01;1;7;0;2;1;15;1;
202300033515;155621129;B01;2;33;0;2;1;1;0;
202300033516;155621125;B01;2;1;0;2;1;1;5;
202300033516;155621126;A01;2;13;0;9;3;19;1;
202300033517;155621124;A01;2;7;2;0;1;5;1;
202300033518;155621121;A01;1;7;8;0;3;0;1;
202300033519;155621122;A01;1;3;0;2;7;1;1;
202300033519;155621123;B01;2;7;0;2;1;1;1;
202300033520;155621119;A01;1;33;0;2;1;16;1;
202300033520;155621120;B01;2;7;0;2;1;5;1;
202300033521;155621116;A01;2;7;0;2;1;1;1;
202300033521;155621117;B01;2;17;0;0;4;1;1;
202300033522;155621115;B01;3;7;0;2;1;1;1;
202300033522;155621118;A01;3;7;0;2;7;19;1;
202300033523;155621113;A01;2;10;2;0;1;1;0;
202300033524;155621112;A01;1;33;0;2;2;16;1;
202300033524;155621114;B01;1;7;0;0;3;1;1;
202300033525;155621109;B01;0;7;0;2;3;1;0;
202300033525;155621111;A01;0;7;0;2;1;2;0;
202300033526;155621107;A01;2;7;0;1;1;1;1;
202300033527;155621106;C01;2;33;0;0;4;2;1;
202300033527;155621108;A01;2;10;0;2;1;2;1;
202300033527;155621110;B01;2;7;0;0;6;2;1;
202300033528;155621104;B01;2;32;0;1;1;2;0;
202300033529;155621101;A01;1;7;0;2;2;1;1;
202300033529;155621102;B01;1;1;0;2;8;1;5;
202300033530;155621103;B01;1;33;0;2;1;2;1;
202300033530;155621105;A01;1;33;0;0;8;15;1;
202300033531;155621098;A01;2;7;0;0;9;14;1;
202300033532;155621096;B01;1;37;0;2;6;23;0;1.0
202300033532;155621099;C01;1;7;0;2;0;0;1;
202300033532;155621100;A01;1;31;0;2;1;3;1;
202300033533;155621095;A01;1;33;0;2;1;1;1;
202300033533;155621097;B01;2;14;0;2;1;19;1;
202300033534;155621093;A01;1;33;4;0;0;1;1;
202300033535;155621094;A01;1;10;0;1;3;1;0;
202300033536;155621090;A01;2;33;0;2;1;2;1;
202300033536;155621091;B01;2;7;0;2;4;2;1;
202300033537;155621092;A01;3;2;6;0;1;1;1;
202300033538;155621089;A01;3;7;0;1;5;20;1;
202300033539;155621084;D01;1;7;0;2;4;1;1;
202300033539;155621086;A01;1;15;0;2;1;1;1;
202300033539;155621087;B01;1;7;0;2;4;1;1;
202300033539;155621088;C01;1;10;0;2;6;1;1;
202300033540;155621085;A01;2;7;0;1;2;1;1;
202300033541;155621083;A01;1;7;0;0;1;14;1;
202300033542;155621081;A01;1;7;0;2;3;16;3;
202300033542;155621082;B01;1;30;0;2;2;1;1;
202300033543;155621078;A01;2;7;0;2;2;2;1;
202300033543;155621079;B01;2;7;0;2;6;2;1;
202300033544;155621076;A01;1;7;4;0;2;3;1;
202300033545;155621073;A01;1;7;0;2;1;12;1;
202300033545;155621075;B01;1;10;4;2;8;1;1;
202300033546;155621072;C01;1;7;0;2;0;0;0;
202300033546;155621074;A01;1;7;0;2;2;19;0;
202300033546;155621077;B01;2;33;0;2;7;2;0;
202300033547;155621070;A01;1;7;5;2;7;21;1;
202300033547;155621071;B01;1;7;0;2;3;1;1;
202300033548;155621067;A01;1;7;0;2;1;1;1;
202300033548;155621069;B01;3;50;0;2;8;26;3;
202300033549;155621066;A01;0;7;1;1;3;15;1;
202300033550;155621065;A01;1;7;0;2;1;2;1;
202300033550;155621068;B01;1;7;0;2;4;2;1;
202300033551;155621064;A01;3;32;0;1;1;1;1;
202300033552;155621061;C01;1;7;0;2;4;1;1;
202300033552;155621062;B01;1;7;0;2;4;1;1;
202300033552;155621063;A01;1;7;0;2;1;1;1;
202300033553;155621060;A01;1;7;0;1;2;1;1;
202300033554;155621058;A01;0;7;1;0;1;1;1;
202300033555;155621059;A01;1;33;4;0;8;13;1;
202300033556;155621056;A01;1;7;0;1;1;1;0;
202300033557;155621055;A01;1;7;0;2;4;4;1;
202300033557;155621057;B01;1;32;0;2;1;2;1;
202300033558;155621053;A01;0;7;0;2;4;26;0;
202300033558;155621054;B01;0;31;0;2;1;26;0;
202300033559;155621052;A01;1;7;0;1;3;1;1;
202300033560;155621051;A01;1;7;0;1;3;15;1;
202300033561;155621050;A01;1;7;0;1;2;0;1;
202300033562;155621048;A01;1;7;0;0;6;22;1;
202300033562;155621049;B01;1;43;0;2;7;17;1;
202300033563;155621047;A01;1;7;0;1;2;1;0;
202300033564;155621045;A01;1;10;0;2;2;16;1;
202300033564;155621046;B01;1;99;0;2;1;1;0;
202300033565;155621044;A01;1;7;0;1;2;16;1;
202300033566;155621042;A01;1;10;0;2;2;26;1;
202300033567;155621041;B01;3;7;0;2;2;26;1;
202300033567;155621043;A01;2;1;0;2;1;5;5;
202300033568;155621040;A01;1;30;0;2;5;1;1;
202300033569;155621034;A01;3;30;0;2;6;2;1;
202300033569;155621037;B01;3;7;0;2;4;2;1;
202300033570;155621035;A01;3;7;0;2;3;0;1;
202300033570;155621039;B01;0;7;0;2;5;19;1;
202300033571;155621036;A01;1;7;0;2;1;1;1;
202300033571;155621038;B01;1;7;0;2;4;1;1;
202300033572;155621033;A01;2;30;0;0;2;1;1;
202300033573;155621032;A01;1;7;8;0;1;13;1;
202300033574;155621030;A01;2;7;0;1;1;15;1;
202300033575;155621028;A01;1;10;0;2;2;0;1;
202300033575;155621031;B01;1;10;0;2;5;1;1;
202300033576;155621026;C01;2;7;0;2;1;2;1;
202300033576;155621027;A01;2;7;0;2;8;22;1;
202300033576;155621029;B01;2;80;0;2;1;2;3;
202300033577;155621024;A01;1;7;0;2;1;23;1;
202300033577;155621025;B01;1;7;0;2;4;23;1;
202300033578;155621022;B01;2;1;0;2;1;5;5;
202300033578;155621023;A01;2;1;0;2;4;21;5;
202300033579;155621019;B01;1;7;0;2;3;1;1;
202300033579;155621020;A01;3;7;0;2;6;1;0;
202300033580;155621021;A01;1;7;0;1;1;15;2;
202300033581;155621017;A01;1;7;0;0;3;17;2;
202300033581;155621018;B01;1;30;0;0;2;17;1;
202300033582;155621016;A01;1;7;0;1;2;14;1;
202300033583;155621014;A01;1;31;0;1;1;1;1;
202300033584;155621013;B01;1;7;0;2;3;1;0;
202300033584;155621015;A01;2;7;0;2;3;13;0;
202300033585;155621012;A01;3;7;0;1;1;1;1;
202300033586;155621008;A01;2;7;0;0;1;0;1;
202300033586;155621011;B01;2;7;0;0;3;19;1;
202300033587;155621009;B01;1;32;0;0;7;1;1;
202300033587;155621010;A01;1;14;0;0;1;1;6;
202300033588;155621007;A01;1;7;8;0;2;16;0;
202300033589;155621003;A01;0;7;0;2;7;1;2;
202300033589;155621005;B01;3;7;0;2;3;1;2;
202300033590;155621002;A01;3;31;0;0;0;9;1;
202300033590;155621004;B01;1;1;0;2;4;1;5;
202300033590;155621006;C01;1;1;0;2;1;2;5;
202300033591;155621000;A01;1;38;0;1;1;1;1;1.0
202300033592;155620998;A01;1;33;0;2;2;1;1;
202300033592;155621001;B01;1;7;0;2;3;1;3;
202300033593;155620997;A01;1;7;0;2;1;26;1;
202300033593;155620999;B01;1;7;0;2;4;23;1;
202300033594;155620994;A01;1;7;0;2;1;11;1;
202300033594;155620996;B01;2;7;0;2;3;1;1;
202300033595;155620993;B01;2;7;0;2;4;1;1;
202300033595;155620995;A01;2;1;0;2;4;1;5;
202300033596;155620992;A01;1;33;0;0;0;1;1;
202300033597;155620989;B01;1;80;0;2;4;2;3;
202300033597;155620991;A01;1;7;0;2;2;2;2;
202300033598;155620988;B01;3;33;0;2;0;19;1;
202300033598;155620990;A01;3;7;0;2;0;1;1;
202300033599;155620986;A01;1;2;0;2;1;1;1;
202300033599;155620987;B01;1;7;0;2;3;17;1;
202300033600;155620983;A01;1;1;0;2;2;16;5;
202300033600;155620985;B01;1;7;0;2;3;1;3;
202300033601;155620981;A01;2;7;4;0;1;1;1;
202300033602;155620979;Z01;1;30;0;2;0;1;0;
202300033602;155620980;B01;3;1;0;2;0;19;5;
202300033603;155620977;A01;2;14;14;0;1;1;6;
202300033604;155620976;A01;1;7;0;0;1;1;1;
202300033605;155620975;Z01;1;1;0;1;2;1;5;
202300033606;155620974;A01;1;7;0;1;0;16;1;
202300033607;155620972;A01;1;7;0;1;3;1;1;
202300033608;155620971;A01;2;7;0;2;7;19;1;
202300033608;155620973;B01;2;2;0;2;1;1;1;
202300033609;155620970;A01;1;7;8;0;4;4;1;
202300033610;155620966;A01;1;3;0;2;8;22;3;
202300033610;155620968;B01;1;80;0;2;1;1;3;
202300033611;155620967;B01;2;2;0;2;3;1;1;
202300033611;155620969;A01;1;7;0;2;2;15;1;
202300033612;155620965;A01;3;50;0;0;0;1;3;
202300033613;155620963;A01;1;7;13;0;1;2;1;
202300033614;155620962;A01;1;7;0;2;3;15;1;
202300033614;155620964;B01;1;2;0;2;8;1;0;
202300033615;155620961;A01;1;1;0;1;7;1;5;
202300033616;155620960;A01;1;7;6;0;2;1;0;
202300033617;155620959;A01;3;7;0;1;1;0;1;
202300033618;155620956;A01;0;7;0;2;1;15;0;
202300033618;155620958;B01;0;33;0;2;8;1;0;
202300033619;155620954;A01;3;16;0;0;2;2;1;
202300033619;155620957;B01;3;1;0;0;0;1;5;
202300033620;155620952;B01;1;33;0;2;3;1;1;
202300033620;155620955;A01;3;7;0;2;1;15;1;
202300033621;155620950;A01;2;7;13;0;0;14;1;
202300033622;155620951;A01;1;7;1;0;1;1;1;
202300033622;155620953;B01;1;37;0;0;4;23;0;1.0
202300033623;155620949;A01;1;30;0;1;1;26;1;
202300033624;155620947;A01;1;7;6;0;2;1;1;
202300033625;155620946;A01;2;7;0;2;3;10;1;
202300033625;155620948;B01;2;43;0;2;0;13;1;
202300033626;155620944;A01;1;7;0;0;3;0;1;
202300033627;155620945;A01;1;7;0;1;1;1;1;
202300033628;155620942;A01;3;7;0;2;2;10;1;
202300033628;155620943;B01;3;7;0;2;3;1;1;
202300033629;155620941;A01;2;7;1;0;1;1;1;
202300033630;155620939;A01;1;7;0;2;7;13;1;
202300033630;155620940;B01;2;7;0;2;1;1;1;
202300033631;155620937;B01;2;7;0;2;4;1;1;
202300033631;155620938;A01;1;7;0;2;1;1;1;
202300033632;155620935;A01;2;7;6;0;0;1;1;
202300033633;155620934;A01;1;7;0;0;7;15;0;
202300033633;155620936;B01;1;7;0;2;1;1;0;
202300033634;155620931;B01;3;33;0;2;8;15;1;
202300033634;155620933;A01;3;7;0;2;8;5;0;
202300033635;155620930;A01;2;7;13;0;3;13;1;
202300033636;155620929;B01;1;7;0;2;3;1;1;
202300033636;155620932;A01;1;7;0;2;5;19;1;
202300033637;155620928;A01;2;7;0;1;2;1;1;
202300033638;155620927;A01;1;33;15;0;0;13;1;
202300033639;155620925;A01;3;7;0;1;4;20;1;
202300033640;155620924;A01;2;7;0;2;8;15;1;
202300033640;155620926;B01;2;13;0;2;3;1;1;
202300033641;155620920;A01;1;7;0;1;2;19;0;
202300033642;155620919;B01;1;2;0;2;2;13;1;
202300033642;155620922;A01;0;7;0;2;3;9;1;
202300033643;155620917;C01;1;7;0;2;1;2;1;
202300033643;155620918;B01;1;7;0;2;6;15;6;
202300033643;155620921;A01;1;7;13;2;2;21;1;
202300033644;155620913;B01;0;7;0;2;1;1;1;
202300033644;155620915;A01;3;7;0;2;1;15;1;
202300033645;155620912;A01;1;7;0;2;1;13;1;
202300033645;155620914;B01;2;7;0;2;3;1;1;
202300033645;155620916;C01;2;7;2;2;1;1;1;
202300033646;155620910;A01;1;7;8;0;2;1;1;
202300033647;155620908;A01;1;7;0;2;6;1;0;
202300033647;155620909;B01;1;7;0;2;1;0;1;
202300033648;155620907;A01;2;7;0;1;1;1;1;
202300033649;155620906;A01;1;10;0;1;2;2;1;
202300033650;155620903;A01;3;31;0;0;0;1;1;
202300033651;155620904;A01;1;50;0;2;3;0;3;
202300033651;155620905;B01;2;7;0;9;1;23;1;
202300033652;155620902;B01;1;7;0;2;2;1;1;
202300033652;155620911;A01;2;7;0;2;2;5;1;
202300033653;155620900;B01;1;1;0;2;1;5;5;
202300033653;155620901;A01;1;43;0;2;7;16;1;
202300033654;155620898;A01;1;7;4;2;1;2;1;
202300033654;155620899;B01;1;7;0;0;5;2;1;
202300033655;155620897;A01;2;50;1;0;1;5;3;
202300033656;155620895;A01;1;7;0;0;4;2;1;
202300033656;155620896;B01;1;10;0;2;1;2;1;
202300033657;155620893;A01;1;7;0;2;7;3;2;
202300033657;155620894;B01;1;7;0;2;3;2;1;
202300033658;155620891;A01;2;7;1;0;8;2;1;
202300033659;155620889;B01;1;7;0;2;4;23;1;
202300033659;155620890;A01;1;7;0;2;1;2;1;
202300033660;155620888;A01;2;7;2;0;1;2;1;
202300033661;155620884;A01;2;7;0;1;1;1;1;
202300033662;155620883;A01;0;7;0;2;1;1;1;
202300033662;155620886;B01;0;7;0;2;1;1;1;
202300033663;155620885;A01;2;7;0;2;1;2;1;
202300033663;155620887;B01;2;7;0;2;4;23;1;
202300033663;155620892;C01;2;7;0;2;4;23;2;
202300033664;155620880;A01;2;7;8;0;1;1;1;
202300033665;155620878;C01;2;7;0;2;1;1;1;
202300033665;155620879;A01;1;7;13;2;0;13;1;
202300033665;155620882;B01;2;7;0;2;1;1;1;
202300033666;155620875;A01;1;33;0;0;0;1;1;
202300033667;155620874;A01;2;10;16;0;1;1;1;
202300033668;155620877;A01;3;7;0;2;3;1;1;
202300033668;155620881;B01;3;7;0;2;7;1;1;
202300033669;155620872;A01;2;7;4;0;2;14;1;
202300033670;155620871;A01;2;7;0;2;1;5;1;
202300033670;155620873;B01;1;17;0;2;1;13;1;
202300033671;155620870;A01;1;7;8;0;1;14;1;
202300033672;155620868;A01;1;7;6;0;1;14;1;
202300033673;155620866;A01;1;7;0;1;1;1;0;
202300033674;155620865;A01;1;7;2;0;1;1;1;
202300033675;155620867;B01;1;1;0;2;1;1;5;
202300033675;155620869;A01;1;7;0;2;5;22;1;
202300033676;155620863;A01;1;7;0;0;0;0;1;
202300033677;155620862;B01;1;7;0;0;6;2;1;
202300033677;155620864;A01;1;33;0;2;1;2;1;
202300033678;155620857;B01;2;10;0;2;4;23;1;
202300033678;155620860;A01;2;10;1;0;1;1;1;
202300033679;155620855;C01;1;7;1;2;7;21;1;
202300033679;155620856;B01;1;14;0;2;6;23;1;
202300033679;155620859;A01;1;7;3;0;1;13;1;
202300033680;155620852;B01;1;7;0;2;2;15;1;
202300033680;155620854;A01;2;31;0;2;1;1;1;
202300033681;155620858;A01;1;80;0;2;2;14;3;
202300033681;155620861;B01;1;80;0;2;8;2;3;
202300033682;155620850;A01;2;7;13;2;8;11;0;
202300033682;155620851;B01;1;15;0;2;1;1;0;
202300033682;155620853;C01;2;7;0;2;2;17;0;
202300033683;155620848;A01;2;7;0;2;1;0;1;
202300033683;155620849;B01;1;7;0;2;7;0;1;
202300033684;155620847;A01;3;31;14;0;6;17;1;
202300033685;155620842;A01;1;7;0;2;1;17;1;
202300033685;155620844;B01;2;7;0;2;1;1;1;
202300033686;155620845;B01;3;7;0;2;3;15;0;
202300033686;155620846;A01;3;30;0;2;3;17;1;
202300033687;155620841;A01;1;2;0;0;3;1;1;
202300033687;155620843;B01;2;10;0;0;3;1;1;
202300033688;155620837;A01;1;7;0;2;1;1;1;
202300033688;155620840;B01;1;10;0;2;1;9;1;
202300033689;155620838;A01;1;10;13;0;1;14;1;
202300033690;155620836;A01;2;2;0;2;1;2;1;
202300033690;155620839;B01;2;10;0;2;4;2;1;
202300033691;155620835;A01;3;2;9;0;0;1;1;
202300033692;155620833;A01;1;33;12;0;1;1;1;
202300033693;155620831;B01;1;10;0;2;4;1;1;
202300033693;155620832;A01;1;7;0;2;1;1;1;
202300033694;155620829;A01;1;7;0;2;3;1;1;
202300033694;155620834;B01;2;7;0;2;1;1;1;
202300033695;155620828;A01;0;7;0;2;1;0;1;
202300033695;155620830;B01;0;7;0;2;1;1;1;
202300033696;155620826;A01;3;7;8;0;1;0;1;
202300033697;155620823;B01;1;1;0;2;7;2;5;
202300033697;155620827;A01;1;7;0;2;1;2;1;
202300033698;155620822;A01;1;7;0;2;3;15;1;
202300033698;155620825;B01;2;43;0;2;1;1;1;
202300033699;155620821;A01;1;7;0;2;1;1;1;
202300033699;155620824;B01;2;7;0;2;2;15;1;
202300033700;155620818;A01;1;10;9;0;1;13;1;
202300033701;155620819;A01;2;7;12;0;1;19;1;
202300033702;155620817;A01;1;7;0;0;1;1;1;
202300033703;155620816;A01;2;14;0;2;7;16;1;
202300033703;155620820;B01;2;1;0;2;1;1;5;
202300033704;155620813;A01;2;7;0;2;1;13;1;
202300033704;155620815;B01;1;17;0;2;1;1;1;
202300033705;155620812;A01;0;7;0;1;7;1;1;
202300033706;155620809;A01;2;10;0;2;1;2;1;
202300033706;155620810;B01;2;7;0;0;4;2;1;
202300033707;155620808;A01;2;33;13;0;2;1;1;
202300033708;155620807;A01;1;31;2;1;3;25;0;
202300033709;155620806;A01;3;7;1;0;1;13;1;
202300033710;155620804;A01;1;7;0;2;1;11;1;
202300033710;155620811;B01;1;7;0;2;4;1;2;
202300033710;155620814;C01;1;7;0;2;6;2;1;
202300033711;155620802;A01;1;7;9;0;1;14;3;
202300033712;155620801;A01;2;32;0;2;1;17;1;
202300033712;155620803;B01;2;7;0;2;8;15;1;
202300033713;155620800;B01;2;7;0;2;1;9;1;
202300033713;155620805;A01;2;2;0;2;8;1;1;
202300033714;155620798;A01;2;7;0;2;1;2;1;
202300033714;155620799;B01;1;7;0;2;4;2;1;
202300033715;155620795;A01;2;7;6;0;1;1;1;
202300033716;155620794;A01;1;7;0;2;7;14;1;
202300033716;155620797;B01;1;1;0;2;8;1;5;
202300033717;155620796;A01;1;37;0;2;0;21;0;2.0
202300033718;155620792;B01;1;7;0;2;1;1;1;
202300033718;155620793;A01;2;7;0;2;1;5;1;
202300033719;155620791;A01;0;33;0;0;0;1;1;
202300033720;155620788;A01;2;34;0;2;1;14;1;
202300033720;155620790;B01;2;1;0;2;4;1;5;
202300033721;155620786;A01;0;7;0;2;3;2;1;