Num_Acc;id_vehicule;num_veh;senc;catv;obs;obsm;choc;manv;motor;occutc
202300033721;155620789;B01;1;7;0;2;5;11;1;
202300033722;155620785;B01;1;7;0;2;8;1;1;
202300033722;155620787;A01;1;14;0;2;2;14;1;
202300033723;155620781;A01;1;7;0;2;1;1;1;
202300033723;155620783;B01;2;37;0;0;6;1;1;1.0
202300033723;155620784;C01;2;7;0;2;1;1;1;
202300033724;155620780;A01;1;7;3;0;1;12;1;
202300033725;155620778;A01;2;32;0;2;2;1;3;
202300033725;155620782;B01;1;7;0;2;3;1;1;
202300033726;155620777;A01;0;7;0;0;3;15;1;
202300033726;155620779;B01;0;33;0;2;1;1;1;
202300033727;155620775;A01;1;10;0;1;7;16;1;
202300033728;155620773;A01;2;43;0;2;2;3;1;
202300033728;155620776;B01;2;7;0;2;3;0;1;
202300033729;155620769;A01;3;7;1;2;8;1;0;
202300033729;155620772;B01;3;60;0;2;1;1;5;
202300033730;155620766;A01;2;17;0;2;2;12;1;
202300033730;155620768;B01;2;7;0;2;3;1;1;
202300033731;155620764;A01;1;7;0;2;2;1;1;
202300033731;155620771;B01;0;7;0;2;1;19;1;
202300033732;155620765;A01;1;10;0;2;1;2;1;
202300033732;155620767;C01;1;7;0;2;4;2;1;
202300033732;155620770;B01;1;7;0;2;4;2;1;
202300033732;155620774;D01;1;7;0;2;4;2;1;
202300033733;155620760;A01;1;7;1;0;2;1;1;
202300033733;155620763;B01;1;7;0;2;4;23;1;
202300033734;155620756;B01;1;13;0;2;2;12;1;
202300033734;155620757;A01;1;7;0;2;8;18;1;
202300033735;155620753;A01;2;15;0;2;8;1;1;
202300033735;155620755;B01;1;7;0;9;1;1;1;
202300033735;155620758;C01;1;7;0;9;1;1;1;
202300033736;155620759;A01;1;7;0;2;1;26;1;
202300033736;155620762;B01;1;33;0;2;8;0;1;
202300033737;155620752;B01;1;7;4;0;6;1;1;
202300033738;155620750;A01;1;10;0;2;2;15;1;
202300033738;155620754;B01;2;7;0;2;3;1;1;
202300033739;155620747;B01;0;1;0;2;5;1;5;
202300033739;155620751;A01;2;7;0;2;1;9;1;
202300033740;155620748;A01;1;30;0;0;0;1;0;
202300033741;155620745;A01;1;7;0;2;9;2;3;
202300033741;155620746;B01;1;7;0;2;1;2;1;
202300033741;155620749;C01;1;7;0;2;3;2;1;
202300033742;155620741;A01;1;43;4;0;8;21;1;
202300033743;155620742;A01;1;7;3;2;8;5;1;
202300033743;155620744;B01;2;15;0;2;2;1;1;
202300033744;155620740;A01;1;7;0;2;8;24;1;
202300033744;155620743;B01;1;50;1;0;1;2;3;
202300033745;155620737;A01;0;7;13;0;1;1;0;
202300033746;155620736;A01;1;7;0;2;2;16;1;
202300033746;155620739;B01;2;43;0;2;3;1;1;
202300033747;155620735;A01;3;7;0;1;3;2;1;
202300033748;155620733;A01;2;7;0;2;2;12;1;
202300033748;155620734;B01;2;33;0;2;8;3;1;
202300033748;155620738;C01;2;10;0;2;6;1;1;
202300033749;155620729;A01;1;7;0;2;1;1;1;
202300033749;155620731;B01;1;33;0;2;0;0;1;
202300033750;155620726;A01;1;15;0;0;0;1;1;
202300033750;155620728;B01;1;34;0;0;0;18;1;
202300033751;155620725;B01;1;7;13;2;2;1;1;
202300033751;155620730;A01;1;7;15;2;1;9;2;
202300033752;155620722;A01;0;7;2;0;8;1;1;
202300033753;155620721;A01;2;7;4;2;4;1;1;
202300033753;155620723;B01;2;10;4;2;1;2;1;
202300033754;155620727;B01;0;36;0;2;5;16;1;
202300033754;155620732;A01;0;31;0;2;1;2;1;
202300033755;155620724;A01;2;7;4;0;3;1;1;
202300033756;155620716;B01;2;33;4;2;1;3;1;
202300033756;155620719;A01;2;10;4;2;3;1;1;
202300033757;155620717;A01;2;7;0;1;2;9;1;
202300033758;155620715;A01;1;1;0;2;1;0;5;
202300033758;155620720;B01;2;7;0;9;2;0;1;
202300033759;155620718;A01;1;30;13;0;8;13;1;
202300033760;155620713;B01;2;7;0;2;4;11;1;
202300033760;155620714;A01;2;32;0;2;1;3;1;
202300033761;155620711;A01;1;33;0;0;9;1;1;
202300033762;155620710;B01;1;7;0;9;8;15;1;
202300033762;155620712;A01;1;1;0;2;1;1;5;
202300033763;155620709;A01;2;7;0;1;2;16;1;
202300033764;155620708;A01;1;10;0;1;4;4;1;
202300033765;155620704;B01;2;7;0;2;6;23;1;
202300033765;155620707;A01;2;7;0;2;1;2;1;
202300033766;155620702;A01;2;7;0;1;1;1;1;
202300033767;155620703;B01;1;7;0;2;5;23;1;
202300033767;155620706;A01;1;7;9;2;1;1;1;
202300033768;155620701;A01;2;10;1;0;3;13;1;
202300033769;155620699;A01;2;7;0;2;3;19;0;
202300033769;155620705;B01;1;7;0;2;3;1;0;
202300033770;155620697;A01;2;1;0;2;6;19;5;
202300033770;155620700;B01;2;32;0;2;1;1;1;
202300033771;155620698;A01;1;1;0;1;1;1;5;
202300033772;155620693;B01;1;14;0;2;3;1;1;
202300033772;155620695;C01;1;7;0;2;1;1;1;
202300033772;155620696;A01;2;7;0;2;3;11;1;
202300033773;155620694;A01;1;33;0;1;7;18;1;
202300033774;155620688;A01;2;30;0;0;0;2;3;
202300033775;155620689;B01;1;7;0;2;7;16;1;
202300033775;155620692;A01;1;37;0;2;1;7;1;2.0
202300033776;155620687;A01;3;7;0;9;2;1;1;
202300033776;155620691;B01;3;50;0;2;1;19;3;
202300033777;155620686;A01;0;7;0;2;8;19;1;
202300033777;155620690;B01;1;7;0;2;3;1;1;
202300033778;155620680;A01;1;7;0;2;2;16;2;
202300033778;155620683;B01;2;1;0;2;2;1;5;
202300033779;155620679;C01;2;7;0;2;1;2;1;
202300033779;155620681;B01;2;7;0;0;4;2;1;
202300033779;155620684;A01;2;7;0;2;4;2;1;
202300033780;155620678;C01;1;7;0;2;0;2;1;
202300033780;155620682;A01;1;7;0;2;1;2;1;
202300033780;155620685;B01;1;7;0;2;1;2;1;
202300033781;155620673;A01;2;7;4;0;3;13;1;
202300033782;155620672;B01;1;33;0;2;1;1;1;
202300033782;155620675;A01;1;7;0;2;7;10;1;
202300033783;155620671;A01;2;30;1;0;1;14;1;
202300033784;155620670;B01;1;7;0;2;9;9;1;
202300033784;155620674;A01;1;7;4;2;1;6;1;
202300033785;155620668;B01;1;10;0;2;0;23;1;
202300033785;155620669;A01;1;32;0;2;1;1;1;
202300033786;155620664;A01;1;30;0;2;1;13;1;
202300033786;155620665;B01;1;7;0;0;8;15;1;
202300033787;155620662;A01;2;7;0;1;1;2;1;
202300033788;155620660;A01;1;3;0;1;1;9;1;
202300033789;155620661;A01;3;7;0;2;2;15;1;
202300033789;155620666;B01;3;31;0;2;1;1;1;
202300033790;155620659;B01;1;7;0;2;4;23;2;
202300033790;155620663;A01;1;7;0;2;1;1;1;
202300033791;155620657;A01;3;7;0;2;8;10;1;
202300033791;155620658;B01;3;7;0;2;2;0;1;
202300033792;155620654;A01;1;7;2;0;1;1;1;
202300033793;155620653;A01;2;1;0;0;0;1;5;
202300033794;155620652;A01;3;33;12;0;0;0;1;
202300033795;155620651;A01;3;1;0;2;1;1;5;
202300033795;155620655;B01;2;10;0;2;5;22;6;
202300033796;155620650;A01;1;7;0;9;3;9;1;
202300033796;155620656;B01;2;1;0;2;1;1;5;
202300033797;155620648;A01;2;1;0;0;8;21;5;
202300033798;155620645;A01;2;7;0;2;3;9;1;
202300033798;155620649;B01;1;80;0;2;1;1;3;
202300033799;155620644;A01;2;7;0;2;7;19;1;
202300033799;155620646;B01;2;14;0;2;1;1;1;
202300033800;155620641;B01;2;7;0;2;8;1;6;
202300033800;155620647;A01;1;34;0;2;1;1;1;
202300033801;155620640;A01;1;7;0;1;1;16;1;
202300033802;155620638;A01;1;7;2;0;1;1;1;
202300033803;155620637;A01;2;13;13;2;3;1;0;
202300033803;155620643;B01;1;7;0;2;2;19;0;
202300033804;155620632;A01;0;43;6;0;2;14;1;
202300033805;155620629;B01;3;32;0;2;7;17;1;
202300033805;155620634;A01;3;7;0;2;6;15;3;
202300033806;155620631;B01;3;1;0;2;1;1;5;
202300033806;155620635;A01;3;7;0;9;8;13;3;
202300033807;155620630;A01;3;7;0;2;0;0;1;
202300033807;155620636;B01;3;50;0;2;0;0;3;
202300033808;155620628;A01;2;33;0;2;1;1;1;
202300033808;155620633;B01;2;7;0;2;6;15;1;
202300033809;155620626;Z01;1;1;0;2;1;2;5;
202300033809;155620627;A01;1;1;0;2;3;19;5;
202300033810;155620621;A01;1;10;13;0;8;15;1;
202300033810;155620624;B01;1;33;0;2;1;17;1;
202300033811;155620619;A01;3;7;0;2;7;19;1;
202300033811;155620625;B01;3;7;0;2;1;1;1;
202300033812;155620618;A01;1;7;0;2;7;16;1;
202300033812;155620622;B01;1;33;0;2;1;18;1;
202300033813;155620620;A01;0;7;0;2;1;15;1;
202300033813;155620623;B01;0;33;0;2;1;1;0;
202300033814;155620617;A01;2;80;0;1;1;5;3;
202300033815;155620616;A01;1;7;2;0;8;1;1;
202300033816;155620611;B01;0;10;0;2;1;1;0;
202300033816;155620615;A01;3;10;0;2;1;15;0;
202300033817;155620610;A01;0;7;0;2;3;9;1;
202300033817;155620614;B01;0;2;0;2;7;26;1;
202300033818;155620609;B01;1;0;0;2;0;0;0;
202300033818;155620613;A01;1;3;0;2;5;9;0;
202300033819;155620608;A01;3;7;0;2;2;1;2;
202300033819;155620612;B01;1;32;0;2;3;9;1;
202300033820;155620607;A01;1;2;0;0;1;1;1;
202300033821;155620601;A01;1;7;0;2;2;1;1;
202300033821;155620606;B01;1;32;0;2;1;1;1;
202300033822;155620603;A01;0;7;0;2;3;10;1;
202300033822;155620604;B01;0;31;0;2;1;5;1;
202300033823;155620600;A01;1;32;0;2;3;9;1;
202300033823;155620602;B01;1;80;0;2;2;1;3;
202300033824;155620597;A01;1;7;0;2;3;9;1;
202300033824;155620599;B01;1;50;0;2;5;15;3;
202300033825;155620595;A01;1;32;6;0;1;14;1;
202300033826;155620593;A01;1;7;0;1;2;13;1;
202300033827;155620592;A01;1;10;0;2;1;12;3;
202300033827;155620594;B01;1;7;0;2;4;24;1;
202300033828;155620596;A01;1;7;0;2;1;15;0;
202300033828;155620598;B01;2;7;0;2;3;1;1;
202300033829;155620590;A01;1;2;0;0;0;1;1;
202300033830;155620588;B01;1;10;0;2;3;1;1;
202300033830;155620591;A01;2;10;0;2;3;5;1;
202300033831;155620586;A01;1;50;0;1;1;1;3;
202300033832;155620585;A01;1;2;0;2;3;2;0;
202300033832;155620589;B01;2;7;0;2;3;13;1;
202300033833;155620583;A01;1;43;0;1;1;1;1;
202300033834;155620584;A01;1;33;0;2;1;1;1;
202300033834;155620587;B01;1;33;0;0;4;23;1;
202300033835;155620578;B01;1;10;0;2;3;1;1;
202300033835;155620581;A01;2;7;0;9;3;13;1;
202300033836;155620579;A01;1;10;0;2;3;15;1;
202300033836;155620582;B01;1;1;0;2;1;1;5;
202300033837;155620576;A01;1;7;1;1;3;1;1;
202300033838;155620575;Y01;1;1;0;2;8;1;5;
202300033838;155620580;A01;2;7;0;2;2;1;1;
202300033839;155620574;B01;1;33;0;2;4;2;1;
202300033839;155620577;A01;1;7;0;2;1;2;1;
202300033840;155620570;A01;1;7;0;1;1;1;1;
202300033841;155620568;B01;3;1;0;2;4;16;5;
202300033841;155620571;A01;3;7;0;9;1;1;1;
202300033842;155620567;A01;1;30;0;2;1;5;0;
202300033842;155620572;B01;2;7;0;2;3;1;1;
202300033843;155620566;C01;0;7;0;0;4;1;0;
202300033843;155620569;B01;0;7;1;0;1;1;1;
202300033843;155620573;A01;0;7;1;0;4;1;0;
202300033844;155620565;A01;1;7;10;0;5;0;1;
202300033845;155620560;A01;1;50;0;2;1;5;3;
202300033845;155620563;B01;2;37;0;2;1;7;0;1.0
202300033846;155620562;A01;1;7;0;1;1;1;1;
202300033847;155620557;A01;0;33;3;2;0;1;1;
202300033847;155620559;B01;0;7;0;2;6;11;1;
202300033848;155620555;A01;0;2;6;0;0;1;1;
202300033849;155620553;A01;3;10;0;1;1;1;1;
202300033850;155620552;B01;3;43;0;0;4;1;1;
202300033850;155620554;A01;3;7;0;2;3;1;1;
202300033851;155620550;A01;0;1;0;1;1;1;5;
202300033852;155620551;C01;2;10;0;2;3;23;1;
202300033852;155620556;A01;1;7;0;2;1;15;1;
202300033852;155620558;B01;2;7;0;2;3;1;1;
202300033853;155620549;A01;3;7;16;0;1;13;1;
202300033854;155620548;A01;1;7;1;1;2;26;1;
202300033855;155620545;A01;2;33;0;2;8;3;1;
202300033855;155620546;B01;2;7;0;2;7;12;1;
202300033856;155620544;A01;3;7;0;2;1;16;1;
202300033856;155620547;B01;0;1;0;0;0;0;5;
202300033857;155620543;A01;0;7;0;1;4;4;0;
202300033858;155620541;A01;1;7;0;1;2;26;1;
202300033859;155620540;A01;1;7;13;0;2;15;1;
202300033859;155620542;B01;1;7;13;0;1;1;1;
202300033860;155620537;A01;2;34;0;1;8;19;0;
202300033861;155620539;A01;0;7;6;0;1;16;1;
202300033862;155620535;A01;3;7;2;0;3;1;1;
202300033863;155620533;A01;3;33;0;2;1;1;1;
202300033863;155620536;B01;3;7;0;2;8;19;0;
202300033864;155620531;C01;1;99;0;2;4;2;1;
202300033864;155620534;B01;1;7;0;2;4;2;1;
202300033864;155620538;A01;1;7;0;2;1;2;1;
202300033865;155620529;A01;1;3;0;9;2;2;3;
202300033865;155620532;B01;1;1;0;0;8;1;5;
202300033866;155620527;A01;2;7;13;0;2;1;1;
202300033867;155620528;B01;0;2;0;2;1;1;1;
202300033867;155620530;A01;0;10;0;2;3;9;1;
202300033868;155620525;A01;1;7;2;0;2;14;1;
202300033869;155620524;A01;1;7;0;2;4;1;1;
202300033869;155620526;B01;3;33;0;2;1;1;1;
202300033870;155620522;B01;1;50;0;2;1;1;3;
202300033870;155620523;A01;1;7;0;2;5;16;1;
202300033871;155620519;A01;2;7;15;0;2;1;1;
202300033872;155620518;A01;0;7;0;1;3;1;1;
202300033873;155620516;A01;3;7;0;2;1;13;1;
202300033873;155620521;B01;3;7;0;2;2;1;1;
202300033874;155620514;B01;1;7;0;2;4;2;1;
202300033874;155620517;C01;1;7;0;2;4;2;1;
202300033874;155620520;A01;1;7;0;2;1;2;1;
202300033875;155620511;A01;2;7;0;0;9;1;1;
202300033876;155620510;B01;2;7;0;2;2;2;1;
202300033876;155620513;A01;2;7;0;2;3;20;1;
202300033877;155620509;B01;3;7;0;2;4;1;1;
202300033877;155620512;A01;3;37;8;0;1;6;1;1.0
202300033877;155620515;C01;1;7;0;2;3;5;1;
202300033878;155620503;B01;1;7;0;2;4;2;1;
202300033878;155620506;A01;1;7;0;2;1;2;1;
202300033879;155620501;B01;2;33;0;2;8;1;1;
202300033879;155620505;A01;2;7;0;2;2;15;1;
202300033880;155620500;A01;1;50;0;9;2;1;3;
202300033880;155620504;B01;1;7;0;2;2;13;1;
202300033881;155620499;A01;2;17;0;2;1;1;1;
202300033881;155620502;B01;2;7;0;2;4;1;1;
202300033882;155620495;A01;2;33;13;0;1;14;1;
202300033883;155620494;A01;1;33;0;0;2;26;1;
202300033884;155620492;A01;3;7;1;0;5;0;1;
202300033885;155620491;A01;1;7;0;2;1;2;2;
202300033885;155620496;B01;1;7;0;2;4;23;1;
202300033886;155620488;B01;2;7;0;2;2;1;1;
202300033886;155620490;C01;2;7;0;2;4;0;0;
202300033886;155620493;D01;2;7;0;2;4;2;1;
202300033886;155620497;A01;2;10;0;2;1;2;1;
202300033887;155620485;B01;2;7;0;2;2;15;1;
202300033887;155620489;A01;1;7;0;2;1;1;1;
202300033888;155620483;B01;3;7;0;2;1;1;1;
202300033888;155620486;A01;1;50;0;2;2;25;3;
202300033889;155620484;A01;1;37;0;2;7;20;0;1.0
202300033889;155620487;B01;1;30;0;2;3;7;0;
202300033890;155620481;A01;1;30;0;0;0;0;1;
202300033891;155620476;A01;2;7;6;0;1;1;1;
202300033892;155620478;A01;3;14;0;1;6;1;1;
202300033893;155620477;A01;2;7;0;2;3;1;2;
202300033893;155620480;C01;2;7;0;2;4;2;2;
202300033893;155620482;B01;2;7;0;2;1;1;1;
202300033894;155620475;A01;2;31;0;2;3;1;1;
202300033894;155620479;B01;1;7;0;2;2;15;1;
202300033895;155620474;A01;3;7;0;1;2;26;1;
202300033896;155620470;A01;2;7;4;0;3;1;1;
202300033897;155620468;A01;1;14;0;0;6;4;1;
202300033897;155620471;B01;1;7;0;2;2;1;1;
202300033898;155620467;B01;1;7;0;2;8;1;1;
202300033898;155620473;A01;2;33;0;2;8;13;1;
202300033899;155620466;A01;0;7;0;1;1;1;0;
202300033900;155620465;B01;1;7;0;2;2;15;1;
202300033900;155620469;A01;2;33;0;2;1;1;1;
202300033901;155620463;A01;1;31;0;2;1;3;1;
202300033901;155620464;B01;1;7;0;2;1;11;1;
202300033902;155620462;A01;3;1;0;0;0;1;5;
202300033903;155620458;A01;2;7;15;0;1;1;1;
202300033904;155620453;B01;0;15;0;2;3;23;1;
202300033904;155620455;A01;0;33;0;2;1;2;0;
202300033905;155620454;A01;1;7;0;2;1;2;1;
202300033905;155620457;B01;1;7;0;2;4;2;1;
202300033905;155620459;C01;1;7;0;2;4;2;1;
202300033906;155620452;A01;1;7;0;2;3;1;1;
202300033906;155620461;B01;2;7;15;0;2;1;1;
202300033907;155620450;A01;2;7;13;0;1;14;1;
202300033908;155620449;A01;2;7;13;0;1;13;1;
202300033909;155620445;A01;2;7;0;2;4;23;1;
202300033909;155620448;B01;2;10;0;2;1;1;1;
202300033910;155620444;A01;1;7;0;2;3;13;1;
202300033910;155620447;B01;2;7;0;2;8;21;1;
202300033911;155620443;A01;1;7;0;2;0;0;1;
202300033911;155620446;B01;1;17;0;2;7;1;1;
202300033911;155620451;C01;1;33;0;2;8;1;1;
202300033912;155620441;A01;2;7;4;0;2;21;1;
202300033913;155620440;A01;2;10;0;2;1;2;1;
202300033913;155620442;B01;2;15;0;2;4;1;1;
202300033914;155620439;A01;3;7;0;1;1;15;3;
202300033915;155620434;A01;1;10;0;2;6;1;1;
202300033915;155620437;B01;2;33;0;2;1;15;1;
202300033916;155620432;A01;2;7;8;2;1;5;0;
202300033916;155620436;B01;1;7;0;2;1;1;0;
202300033917;155620433;A01;1;7;0;2;1;9;6;
202300033917;155620435;B01;1;31;0;2;7;17;1;
202300033918;155620431;A01;1;7;0;2;1;11;1;
202300033918;155620438;B01;1;7;0;2;4;1;1;
202300033919;155620430;A01;1;7;0;1;2;1;3;
202300033920;155620429;A01;1;7;2;0;8;1;1;
202300033921;155620428;A01;1;7;6;0;1;1;1;
202300033922;155620426;A01;2;33;0;0;8;1;1;
202300033923;155620424;A01;1;80;0;1;1;1;3;
202300033924;155620422;A01;2;33;0;2;1;3;1;
202300033924;155620425;B01;2;7;0;2;3;0;3;
202300033924;155620427;C01;1;14;0;2;0;0;0;
202300033925;155620419;B01;1;7;0;2;5;2;1;
202300033925;155620420;A01;2;7;0;2;1;2;1;
202300033926;155620418;B01;3;7;13;2;2;1;1;
202300033926;155620421;A01;3;7;0;2;3;19;1;
202300033927;155620417;A01;1;7;0;2;3;13;1;
202300033927;155620423;B01;2;7;0;2;3;0;1;
202300033928;155620415;A01;2;7;0;9;1;1;1;
202300033929;155620414;A01;2;7;0;2;8;11;2;
202300033929;155620416;B01;2;32;0;2;7;3;1;
202300033930;155620413;A01;2;7;4;0;1;1;1;
202300033931;155620411;A01;2;7;0;1;1;10;0;
202300033932;155620410;B01;2;7;0;2;3;23;1;
202300033932;155620412;A01;1;10;0;2;3;13;1;
202300033933;155620409;A01;1;7;1;0;1;13;3;
202300033934;155620408;A01;2;7;4;0;1;0;1;
202300033935;155620407;A01;1;7;2;0;1;1;1;
202300033936;155620406;A01;1;7;2;0;1;1;1;
202300033937;155620404;A01;2;7;0;2;1;2;1;
202300033938;155620401;A01;1;2;0;0;8;14;1;
202300033939;155620400;A01;2;2;0;0;3;5;1;
202300033939;155620405;B01;1;7;0;0;3;14;1;
202300033940;155620399;A01;1;31;0;2;7;17;1;
202300033940;155620403;B01;1;7;0;0;6;15;1;
202300033941;155620398;B01;1;2;0;2;8;16;1;
202300033941;155620402;A01;1;10;0;9;2;16;1;
202300033942;155620395;A01;3;2;0;2;2;5;1;
202300033942;155620397;B01;2;7;0;2;3;1;0;
202300033943;155620392;A01;2;7;2;0;1;1;1;
202300033944;155620393;A01;2;7;0;2;1;1;1;
202300033944;155620396;B01;1;7;0;2;7;11;1;
202300033945;155620391;B01;2;2;0;2;1;1;1;
202300033945;155620394;A01;1;7;0;9;2;15;1;
202300033946;155620389;A01;1;7;0;1;2;26;1;
202300033947;155620386;A01;1;7;13;0;9;1;1;
202300033948;155620388;A01;2;2;0;2;2;17;1;
202300033948;155620390;B01;2;7;0;2;3;15;2;
202300033949;155620385;B01;2;7;0;2;3;1;1;
202300033949;155620387;A01;1;7;0;2;3;13;1;
202300033950;155620383;A01;1;30;0;0;0;18;1;
202300033951;155620382;A01;2;7;0;2;1;19;1;
202300033951;155620384;B01;1;33;0;2;8;1;1;
202300033952;155620379;A01;1;7;0;0;3;13;1;
202300033952;155620381;B01;2;10;0;0;3;1;1;
202300033953;155620380;A01;2;1;0;0;0;1;5;
202300033954;155620378;A01;2;7;0;1;2;1;1;
202300033955;155620373;B01;1;7;0;2;8;1;0;
202300033955;155620377;A01;2;7;0;2;8;13;0;
202300033956;155620374;A01;1;7;0;1;2;1;1;
202300033957;155620375;A01;2;2;16;0;7;1;1;
202300033958;155620371;A01;3;30;0;0;0;0;1;
202300033958;155620376;Z01;3;2;0;0;0;0;1;
202300033959;155620368;A01;1;7;0;0;1;1;0;
202300033960;155620367;A01;2;7;0;2;1;14;1;
202300033960;155620370;B01;1;30;0;2;1;1;1;
202300033960;155620372;C01;2;37;0;2;3;1;1;1.0
202300033961;155620363;A01;3;7;0;2;2;1;0;
202300033961;155620369;B01;2;7;0;2;1;1;0;
202300033962;155620364;A01;1;7;0;2;1;1;1;
202300033962;155620365;B01;1;34;0;2;4;1;1;
202300033963;155620361;A01;1;2;0;0;0;1;0;
202300033963;155620366;B01;2;7;0;0;2;2;0;
202300033964;155620358;A01;0;7;2;0;1;1;0;
202300033965;155620359;A01;2;7;0;2;1;2;1;
202300033965;155620362;B01;2;17;0;2;6;2;1;
202300033966;155620360;A01;1;33;0;1;1;1;1;
202300033967;155620355;B01;1;50;0;2;1;1;3;
202300033967;155620357;A01;1;7;0;2;0;16;1;
202300033968;155620354;A01;1;36;8;0;2;1;1;
202300033969;155620349;A01;1;7;0;2;1;1;1;
202300033969;155620352;B01;1;1;0;2;4;1;5;
202300033970;155620348;A01;1;10;0;2;1;23;1;
202300033970;155620351;B01;3;50;0;2;0;19;3;
202300033971;155620347;D01;1;7;14;0;0;2;1;
202300033971;155620350;A01;1;7;0;2;1;2;1;
202300033971;155620353;B01;1;17;0;2;4;1;1;
202300033971;155620356;C01;1;7;14;0;0;2;1;
202300033972;155620345;A01;1;10;2;0;1;0;1;
202300033973;155620344;A01;3;31;0;0;1;1;1;
202300033974;155620341;A01;2;7;0;2;7;0;1;
202300033974;155620346;B01;1;7;0;2;1;7;1;
202300033975;155620339;A01;3;33;0;2;3;17;0;
202300033975;155620342;B01;1;7;0;2;0;0;0;
202300033976;155620340;A01;1;7;0;2;3;2;1;
202300033976;155620343;B01;1;50;0;2;4;2;3;
202300033977;155620336;A01;1;7;0;2;7;15;1;
202300033977;155620338;B01;2;1;0;2;7;5;5;
202300033978;155620332;B01;2;1;0;2;1;2;5;
202300033978;155620335;A01;2;7;0;2;3;2;1;
202300033979;155620333;B01;1;10;0;2;2;1;1;
202300033979;155620337;A01;2;7;6;2;7;1;1;
202300033980;155620330;A01;1;7;0;2;1;2;1;
202300033980;155620334;B01;1;10;0;2;4;2;1;
202300033981;155620329;A01;1;7;13;0;9;26;1;
202300033982;155620326;A01;1;7;0;2;3;15;1;
202300033982;155620331;B01;1;2;0;2;1;1;1;
202300033983;155620328;A01;1;33;3;0;7;21;1;
202300033984;155620325;B01;1;37;0;0;4;23;1;1.0
202300033984;155620327;A01;1;2;0;9;1;2;1;
202300033985;155620323;A01;2;33;0;2;1;26;1;
202300033985;155620324;B01;2;7;0;2;4;24;1;
202300033986;155620320;A01;1;10;13;0;9;1;1;
202300033987;155620316;A01;1;10;13;2;2;19;1;
202300033987;155620322;B01;1;10;13;2;3;2;1;
202300033988;155620317;A01;3;7;0;2;3;20;6;
202300033988;155620319;B01;3;31;0;2;1;21;6;
202300033989;155620314;A01;2;7;4;0;9;13;1;
202300033990;155620313;B01;0;10;0;2;5;4;0;
202300033990;155620315;A01;3;7;0;2;1;1;1;
202300033991;155620308;A01;2;7;0;2;8;9;1;
202300033991;155620311;B01;2;2;0;2;1;1;1;
202300033992;155620309;B01;1;10;0;0;4;2;1;
202300033992;155620312;A01;1;10;0;2;1;2;1;
202300033993;155620306;A01;3;10;0;1;1;1;1;
202300033994;155620304;E01;2;7;1;0;3;2;1;
202300033994;155620305;D01;2;7;1;0;1;2;2;
202300033994;155620310;C01;2;7;1;0;2;2;3;
202300033994;155620318;B01;2;7;0;0;6;2;3;
202300033994;155620321;A01;2;7;0;0;6;2;1;
202300033995;155620303;A01;3;50;0;2;1;2;3;
202300033995;155620307;B01;3;7;0;9;8;16;1;
202300033996;155620302;A01;0;20;0;1;0;1;1;
202300033997;155620299;B01;2;7;0;2;3;13;3;
202300033997;155620301;A01;1;10;0;2;3;13;1;
202300033998;155620298;A01;1;7;0;2;1;1;0;
202300033998;155620300;B01;1;7;0;2;0;0;0;
202300033999;155620294;A01;1;2;0;0;8;1;1;
202300033999;155620297;B01;1;17;0;2;5;17;1;
202300034000;155620293;B01;3;7;0;2;2;1;1;
202300034000;155620296;A01;1;80;0;2;1;1;3;
202300034001;155620292;A01;0;7;0;2;8;9;1;
202300034001;155620295;B01;1;33;0;2;1;1;1;
202300034002;155620291;A01;1;7;0;1;1;15;1;
202300034003;155620290;A01;2;7;0;1;1;1;1;
202300034004;155620288;A01;1;7;0;1;3;1;1;
202300034005;155620287;A01;2;7;0;2;1;1;1;
202300034005;155620289;B01;1;7;0;2;5;15;1;
202300034006;155620286;A01;1;7;2;0;1;13;1;
202300034007;155620284;A01;1;7;0;1;7;1;0;
202300034008;155620281;A01;3;7;0;1;3;1;3;
202300034009;155620283;B01;1;7;0;2;5;15;1;
202300034009;155620285;A01;2;32;0;2;1;1;1;
202300034010;155620280;A01;2;7;0;2;2;14;1;
202300034010;155620282;B01;2;15;0;2;6;1;1;
202300034011;155620278;A01;1;10;0;2;1;2;1;
202300034011;155620279;B01;1;7;0;2;4;2;1;
202300034012;155620276;A01;1;7;0;1;1;1;2;
202300034013;155620274;A01;1;7;0;2;1;1;1;
202300034013;155620277;B01;2;7;0;2;1;13;1;
202300034014;155620272;A01;1;10;0;2;3;1;1;
202300034014;155620275;B01;2;33;0;2;1;1;1;
202300034015;155620271;A01;3;7;7;0;1;19;1;
202300034016;155620269;A01;1;10;0;2;2;1;1;
202300034016;155620273;B01;2;7;9;2;1;1;1;
202300034017;155620266;A01;1;7;0;2;1;1;1;
202300034017;155620270;B01;2;30;0;2;2;0;1;
202300034018;155620265;A01;2;7;8;0;1;13;1;
202300034019;155620262;A01;1;7;13;0;1;1;1;
202300034020;155620258;A01;3;10;0;1;4;4;1;
202300034021;155620257;A01;3;31;0;0;0;1;1;
202300034022;155620256;A01;1;10;0;2;2;13;1;
202300034022;155620259;B01;2;10;0;2;1;0;1;
202300034023;155620255;B01;1;31;0;2;3;1;1;
202300034023;155620260;A01;1;7;0;2;2;1;1;
202300034024;155620253;A01;3;7;0;2;2;0;1;