Num_Acc;id_vehicule;num_veh;senc;catv;obs;obsm;choc;manv;motor;occutc
202300034024;155620254;B01;3;34;9;0;0;0;1;
202300034025;155620247;A01;2;7;0;2;1;1;1;
202300034025;155620251;B01;1;7;0;2;8;9;1;
202300034026;155620248;A01;1;10;0;2;7;13;1;
202300034026;155620252;B01;2;7;0;2;1;1;2;
202300034027;155620245;A01;2;7;0;2;3;1;1;
202300034027;155620249;B01;1;7;0;2;3;1;1;
202300034028;155620246;A01;3;7;0;2;1;5;1;
202300034028;155620250;B01;3;7;0;2;1;1;1;
202300034029;155620243;A01;1;43;8;0;1;14;1;
202300034030;155620242;A01;2;7;13;0;1;13;1;
202300034031;155620241;A01;1;7;0;2;1;19;1;
202300034031;155620244;B01;1;33;0;2;8;1;1;
202300034032;155620238;B01;1;7;0;2;7;2;1;
202300034032;155620240;A01;1;33;0;2;8;2;1;
202300034033;155620237;A01;2;7;13;6;1;1;0;
202300034034;155620235;A01;3;33;16;0;8;16;1;
202300034035;155620233;A01;2;7;0;2;4;2;1;
202300034035;155620236;B01;1;7;0;0;8;2;1;
202300034036;155620228;B01;2;7;0;2;4;1;1;
202300034036;155620231;A01;2;7;0;2;4;15;1;
202300034036;155620234;C01;2;7;0;2;1;1;1;
202300034037;155620226;A01;3;99;0;2;1;5;0;
202300034037;155620229;B01;3;7;0;2;3;15;1;
202300034038;155620227;B01;2;30;0;2;2;17;1;
202300034038;155620230;A01;2;10;0;2;3;15;1;
202300034039;155620225;A01;1;7;0;2;6;17;1;
202300034039;155620232;B01;1;33;1;2;2;17;1;
202300034040;155620224;A01;2;7;17;0;2;1;1;
202300034041;155620223;A01;2;7;0;1;1;15;1;
202300034042;155620220;A01;1;7;0;1;2;9;1;
202300034043;155620222;A01;1;7;0;1;1;26;1;
202300034044;155620221;A01;2;2;12;0;2;1;1;
202300034045;155620216;A01;3;33;13;0;1;2;1;
202300034046;155620214;B01;1;7;0;2;1;1;1;
202300034046;155620219;A01;2;10;0;2;6;19;1;
202300034047;155620212;A01;3;7;0;2;3;1;3;
202300034047;155620215;B01;3;10;0;2;1;11;1;
202300034048;155620211;A01;1;7;0;2;7;15;1;
202300034048;155620213;B01;2;7;0;2;2;1;1;
202300034048;155620218;C01;1;10;0;2;6;1;1;
202300034049;155620208;A01;1;7;0;1;0;1;0;
202300034050;155620207;B01;2;1;0;0;8;26;5;
202300034050;155620210;A01;2;7;0;2;7;17;1;
202300034051;155620203;B01;0;99;1;0;1;3;0;
202300034051;155620206;A01;0;7;0;2;7;1;1;
202300034052;155620201;B01;1;7;0;2;3;1;1;
202300034052;155620205;A01;1;7;0;2;2;15;1;
202300034053;155620199;A01;1;33;0;0;1;17;1;
202300034054;155620198;A01;2;15;0;2;1;1;1;
202300034054;155620202;B01;2;15;0;0;4;1;1;
202300034055;155620200;A01;1;7;0;2;1;2;1;
202300034055;155620204;B01;1;7;0;2;4;23;1;
202300034055;155620209;C01;1;7;0;2;4;23;1;
202300034055;155620217;D01;1;7;0;2;4;23;1;
202300034056;155620196;A01;0;34;0;2;1;2;1;
202300034056;155620197;B01;1;50;0;2;8;2;3;
202300034057;155620193;B01;1;7;0;0;8;1;1;
202300034057;155620195;A01;2;7;0;2;8;17;1;
202300034058;155620191;B01;3;31;0;2;1;1;0;
202300034058;155620194;A01;3;7;0;2;1;1;0;
202300034059;155620189;A01;1;7;0;1;2;1;1;
202300034060;155620187;A01;2;50;0;0;0;26;3;
202300034061;155620185;C01;1;7;0;2;4;1;0;
202300034061;155620188;D01;1;7;0;0;4;1;1;
202300034061;155620190;B01;1;7;0;0;4;1;1;
202300034061;155620192;A01;1;7;0;2;1;1;1;
202300034062;155620182;A01;2;7;0;2;1;1;1;
202300034062;155620184;B01;2;7;0;2;4;2;1;
202300034062;155620186;C01;2;7;0;2;4;2;1;
202300034063;155620181;A01;1;7;0;1;8;10;1;
202300034064;155620180;A01;2;7;0;2;3;13;0;
202300034064;155620183;B01;1;7;0;2;3;1;0;
202300034065;155620179;A01;1;7;4;0;3;1;1;
202300034066;155620178;A01;0;33;0;1;1;0;0;
202300034067;155620176;B01;3;7;0;2;4;2;1;
202300034067;155620177;A01;3;7;0;2;1;2;2;
202300034068;155620175;A01;2;33;16;0;7;1;1;
202300034069;155620172;A01;3;99;16;0;1;26;1;
202300034070;155620171;A01;1;7;0;9;3;20;1;
202300034070;155620173;B01;2;1;0;2;3;0;5;
202300034071;155620170;B01;2;10;0;2;1;1;1;
202300034071;155620174;A01;2;17;0;2;4;1;1;
202300034072;155620168;A01;2;7;0;0;4;16;1;
202300034073;155620167;A01;1;30;0;1;8;15;0;
202300034074;155620166;A01;2;17;0;2;5;1;1;
202300034074;155620169;B01;2;10;3;2;6;1;1;
202300034075;155620165;A01;3;99;0;1;1;15;0;
202300034076;155620163;A01;1;7;0;0;9;0;1;
202300034077;155620160;B01;0;2;0;2;1;1;1;
202300034077;155620162;A01;3;7;0;2;1;15;0;
202300034078;155620158;B01;2;10;0;2;5;0;1;
202300034078;155620161;A01;2;10;0;2;3;26;1;
202300034079;155620159;A01;1;30;0;2;2;1;1;
202300034079;155620164;B01;1;7;0;2;3;1;1;
202300034080;155620157;A01;1;7;0;0;0;26;1;
202300034081;155620156;A01;2;7;0;2;1;1;1;
202300034082;155620152;B01;2;7;0;2;4;2;1;
202300034082;155620155;A01;2;7;0;2;1;2;1;
202300034083;155620149;A01;1;7;0;2;3;10;1;
202300034083;155620154;B01;1;33;0;2;1;5;1;
202300034084;155620148;B01;1;7;0;2;1;1;1;
202300034084;155620153;A01;3;7;0;2;3;16;1;
202300034085;155620147;B01;2;7;0;2;1;1;1;
202300034085;155620151;A01;2;10;0;2;6;1;1;
202300034086;155620145;A01;1;38;0;2;1;1;1;2.0
202300034086;155620150;B01;2;7;0;0;3;2;1;
202300034087;155620144;B01;2;10;0;2;6;2;1;
202300034087;155620146;A01;2;7;0;2;2;2;1;
202300034088;155620139;A01;2;14;3;0;8;0;1;
202300034089;155620137;C01;2;7;0;2;4;1;0;
202300034089;155620140;A01;2;7;0;2;1;1;0;
202300034089;155620143;B01;2;7;0;2;4;1;0;
202300034090;155620138;A01;2;7;2;0;1;21;2;
202300034091;155620136;B01;2;7;4;2;4;1;1;
202300034091;155620141;A01;2;7;0;2;1;18;1;
202300034092;155620135;B01;1;7;0;2;1;2;1;
202300034092;155620142;A01;1;7;0;2;1;9;1;
202300034093;155620133;A01;1;1;0;0;0;1;5;
202300034094;155620130;A01;1;7;0;2;5;10;1;
202300034094;155620132;B01;1;7;0;2;1;1;1;
202300034095;155620129;B01;2;7;0;2;4;1;1;
202300034095;155620131;A01;2;7;0;2;1;2;1;
202300034095;155620134;C01;2;7;0;2;4;1;1;
202300034096;155620126;A01;2;1;6;0;3;1;5;
202300034097;155620127;A01;2;7;0;1;8;15;1;
202300034098;155620123;B01;2;33;0;2;4;26;1;
202300034098;155620125;A01;2;7;0;2;1;26;1;
202300034098;155620128;C01;2;7;0;2;1;26;1;
202300034099;155620120;A01;1;10;0;0;4;4;1;
202300034099;155620124;B01;2;30;0;2;1;1;3;
202300034100;155620119;A01;2;7;0;2;5;14;1;
202300034100;155620121;C01;2;7;0;2;6;1;1;
202300034100;155620122;B01;2;7;0;2;5;1;3;
202300034101;155620115;A01;0;7;11;0;0;1;1;
202300034102;155620114;A01;1;7;0;2;1;9;1;
202300034102;155620118;B01;2;7;0;2;8;1;1;
202300034103;155620113;B01;2;7;0;0;8;1;1;
202300034103;155620117;A01;1;7;0;1;3;1;1;
202300034104;155620111;A01;2;7;0;2;4;1;1;
202300034104;155620116;B01;2;7;0;2;1;2;1;
202300034105;155620110;B01;2;7;0;2;5;0;1;
202300034105;155620112;A01;2;32;0;2;1;0;1;
202300034106;155620107;B01;1;7;0;0;4;24;1;
202300034106;155620109;A01;1;10;1;0;1;2;1;
202300034107;155620105;A01;1;7;4;0;9;14;1;
202300034108;155620104;A01;1;10;0;1;1;1;1;
202300034109;155620102;A01;2;33;0;2;3;1;1;
202300034109;155620106;B01;2;7;0;2;5;21;1;
202300034110;155620101;B01;1;2;0;2;7;1;1;
202300034110;155620103;A01;3;7;0;2;1;20;1;
202300034110;155620108;C01;2;99;0;2;1;1;1;
202300034111;155620099;A01;3;7;10;0;1;1;1;
202300034112;155620096;A01;1;33;0;0;8;13;1;
202300034112;155620098;B01;2;10;9;0;8;0;1;
202300034113;155620094;B01;1;7;0;2;4;1;2;
202300034113;155620097;A01;1;7;0;2;1;2;3;
202300034113;155620100;C01;1;7;0;2;4;1;1;
202300034114;155620092;A01;1;33;0;0;2;1;0;
202300034115;155620091;B01;1;7;0;2;1;1;1;
202300034115;155620093;A01;1;7;0;2;4;1;1;
202300034115;155620095;C01;1;7;0;2;1;1;1;
202300034116;155620090;A01;1;7;0;1;1;1;2;
202300034117;155620089;A01;2;7;4;0;2;13;1;
202300034118;155620085;A01;2;7;0;0;9;26;1;
202300034119;155620084;A01;1;7;0;5;1;1;1;
202300034120;155620083;A01;3;33;0;2;2;17;1;
202300034120;155620086;B01;3;36;0;2;6;1;1;
202300034121;155620081;B01;1;7;0;2;4;2;0;
202300034121;155620082;A01;1;7;0;2;1;2;0;
202300034122;155620079;A01;3;33;0;0;7;1;1;
202300034123;155620073;B01;1;7;0;2;8;15;1;
202300034123;155620078;A01;2;7;15;2;1;1;1;
202300034124;155620074;A01;1;7;0;2;7;14;1;
202300034124;155620077;B01;1;33;0;2;8;14;1;
202300034125;155620071;A01;3;7;8;0;5;1;1;
202300034126;155620072;A01;2;7;0;2;1;2;1;
202300034126;155620076;B01;2;7;0;2;4;2;1;
202300034126;155620080;C01;2;7;0;2;4;1;1;
202300034127;155620070;B01;2;7;0;2;4;2;1;
202300034127;155620075;A01;2;7;0;2;1;2;3;
202300034128;155620069;A01;2;43;7;0;0;6;1;
202300034129;155620068;A01;1;7;3;0;2;1;1;
202300034130;155620066;A01;2;31;0;2;7;1;1;
202300034131;155620064;A01;1;32;1;0;1;1;1;
202300034131;155620065;B01;1;7;0;2;1;1;1;
202300034132;155620063;B01;1;7;0;2;4;2;1;
202300034132;155620067;A01;1;7;0;2;1;0;1;
202300034133;155620061;A01;2;33;0;2;7;3;1;
202300034134;155620060;A01;1;7;0;1;3;15;6;
202300034135;155620056;A01;2;10;0;1;3;1;1;
202300034136;155620055;A01;1;14;0;2;8;1;1;
202300034136;155620057;B01;1;7;0;2;7;1;1;
202300034137;155620054;A01;1;10;0;2;1;2;1;
202300034137;155620058;B01;1;10;0;2;4;2;1;
202300034138;155620052;A01;2;2;0;2;3;16;1;
202300034138;155620053;B01;1;7;0;2;1;15;1;
202300034139;155620047;B01;2;7;0;2;4;1;1;
202300034139;155620050;A01;2;7;0;2;1;2;1;
202300034140;155620048;A01;2;13;0;1;2;16;1;
202300034141;155620046;A01;1;33;0;2;7;1;1;
202300034141;155620049;B01;1;7;0;2;8;11;1;
202300034142;155620045;A01;1;7;0;2;3;15;1;
202300034142;155620051;B01;3;7;0;2;2;1;1;
202300034143;155620042;A01;2;7;0;2;3;17;1;
202300034143;155620044;B01;1;2;0;2;1;1;1;
202300034144;155620040;A01;2;33;8;0;1;1;1;
202300034145;155620039;A01;3;10;0;1;2;16;1;
202300034146;155620035;A01;1;7;4;0;1;26;1;
202300034147;155620037;A01;1;7;0;2;1;2;1;
202300034147;155620038;B01;1;7;0;2;4;23;1;
202300034148;155620033;A01;2;7;12;0;2;13;1;
202300034149;155620032;A01;0;2;0;2;1;16;1;
202300034149;155620036;B01;2;7;0;2;1;1;1;
202300034150;155620031;A01;3;10;0;2;0;15;1;
202300034150;155620034;B01;3;31;14;2;8;1;1;
202300034151;155620028;B01;1;7;0;2;8;1;1;
202300034151;155620030;A01;2;7;0;2;3;1;1;
202300034152;155620025;A01;2;7;8;1;1;13;0;
202300034153;155620024;A01;3;1;0;2;2;1;5;
202300034153;155620029;B01;3;7;0;2;3;9;1;
202300034154;155620023;A01;1;30;0;0;7;1;1;
202300034155;155620022;B01;3;7;0;2;5;1;1;
202300034155;155620026;A01;3;7;0;2;1;9;1;
202300034156;155620021;A01;2;7;0;1;3;1;1;
202300034157;155620018;A01;2;7;0;0;4;23;1;
202300034157;155620020;B01;2;33;0;2;1;1;1;
202300034158;155620017;A01;1;7;4;0;3;13;1;
202300034159;155620016;A01;1;7;0;2;4;26;1;
202300034159;155620019;B01;1;7;0;2;1;2;1;
202300034160;155620015;A01;2;7;0;1;1;1;1;
202300034161;155620012;A01;1;33;13;0;0;1;1;
202300034162;155620011;A01;2;7;0;2;8;15;6;
202300034162;155620013;B01;2;43;0;2;1;1;1;
202300034163;155620009;A01;2;10;0;1;1;1;1;
202300034164;155620010;A01;1;33;0;2;3;1;1;
202300034164;155620014;Z01;1;7;0;2;5;12;0;
202300034165;155620005;B01;1;7;0;2;5;2;1;
202300034165;155620008;A01;1;30;0;2;1;2;1;
202300034166;155620004;A01;1;2;0;2;8;18;1;
202300034166;155620007;B01;1;2;0;2;7;14;1;
202300034167;155620002;Z01;3;7;0;1;0;26;0;
202300034168;155619999;B01;2;7;0;2;1;0;1;
202300034168;155620000;D01;2;7;0;2;1;0;1;
202300034168;155620003;C01;2;7;0;2;6;2;1;
202300034168;155620006;A01;2;7;0;2;1;12;1;
202300034169;155619998;A01;1;30;0;0;1;13;1;
202300034170;155619996;A01;2;7;17;0;2;0;1;
202300034171;155619994;A01;1;7;0;2;4;1;1;
202300034171;155619997;B01;1;7;0;2;4;1;1;
202300034171;155620001;Z01;1;10;0;2;1;0;0;
202300034172;155619993;A01;2;7;0;1;6;26;1;
202300034173;155619990;B01;0;7;0;2;2;1;1;
202300034173;155619995;A01;0;7;0;2;3;15;1;
202300034174;155619992;A01;1;33;0;0;0;26;1;
202300034175;155619987;A01;0;10;0;2;2;19;1;
202300034175;155619991;B01;1;33;0;2;1;1;1;
202300034176;155619989;A01;1;7;4;0;2;15;1;
202300034177;155619983;B01;1;33;0;2;1;2;1;
202300034177;155619986;A01;0;7;0;2;3;15;1;
202300034178;155619982;A01;1;7;0;2;3;5;1;
202300034178;155619985;B01;1;31;0;2;1;1;1;
202300034179;155619981;A01;2;80;0;0;1;0;3;
202300034180;155619979;A01;1;7;0;2;1;15;1;
202300034180;155619980;B01;2;99;0;2;8;18;3;
202300034181;155619976;A01;1;7;8;0;3;0;1;
202300034182;155619973;A01;1;10;0;0;6;10;1;
202300034182;155619977;B01;1;33;0;2;1;2;1;
202300034183;155619971;B01;2;10;0;2;4;0;1;
202300034183;155619974;A01;2;10;0;2;1;2;1;
202300034184;155619968;A01;1;2;0;0;0;0;1;
202300034185;155619969;A01;1;1;9;0;1;16;5;
202300034186;155619970;A01;2;7;0;2;1;2;1;
202300034186;155619972;D01;2;7;0;2;4;23;1;
202300034186;155619975;C01;2;7;0;2;4;23;1;
202300034186;155619978;B01;2;7;0;2;4;23;1;
202300034187;155619966;B01;1;7;0;2;7;1;1;
202300034187;155619967;A01;2;7;0;2;1;16;1;
202300034188;155619964;A01;3;7;0;1;2;1;1;
202300034189;155619963;A01;1;33;1;0;0;1;1;
202300034190;155619962;B01;1;10;0;2;8;15;1;
202300034190;155619965;A01;1;7;0;2;1;1;1;
202300034191;155619961;A01;2;10;0;1;4;20;3;
202300034192;155619959;A01;1;7;0;2;6;15;0;
202300034192;155619960;B01;2;2;0;2;1;2;1;
202300034193;155619958;A01;1;7;11;0;1;6;1;
202300034194;155619957;A01;0;7;0;1;3;1;1;
202300034195;155619951;A01;3;33;0;1;7;1;1;
202300034196;155619953;A01;2;33;0;2;3;1;1;
202300034196;155619955;B01;1;7;0;2;3;1;1;
202300034197;155619950;B01;3;7;0;2;4;2;1;
202300034197;155619954;A01;3;10;0;2;1;2;1;
202300034198;155619944;A01;3;7;0;1;6;26;1;
202300034199;155619945;A01;1;7;0;2;1;2;1;
202300034199;155619947;E01;1;7;0;2;4;2;1;
202300034199;155619949;B01;1;7;0;2;4;2;2;
202300034199;155619952;C01;1;7;0;2;4;2;1;
202300034199;155619956;D01;1;7;0;2;4;2;1;
202300034200;155619943;A01;1;30;0;2;8;10;1;
202300034200;155619948;B01;1;7;0;2;2;2;1;
202300034201;155619942;A01;1;2;0;2;1;13;1;
202300034201;155619946;B01;2;7;0;2;3;1;1;
202300034202;155619937;A01;1;7;0;2;1;9;1;
202300034202;155619940;B01;1;33;0;2;7;1;1;
202300034203;155619934;A01;2;7;2;0;3;13;0;
202300034204;155619935;B01;1;34;0;2;1;1;1;
202300034204;155619938;A01;2;7;0;2;7;15;1;
202300034205;155619927;A01;1;10;0;0;4;26;1;
202300034205;155619930;B01;1;7;0;2;1;1;1;
202300034206;155619926;A01;3;10;0;2;3;20;1;
202300034206;155619929;B01;3;31;1;2;8;1;1;
202300034207;155619925;A01;2;7;0;2;1;1;1;
202300034207;155619932;B01;2;7;0;2;4;1;1;
202300034208;155619923;A01;3;7;0;1;1;1;1;
202300034209;155619924;A01;2;33;7;0;1;0;1;
202300034210;155619919;A01;2;7;0;2;2;15;1;
202300034210;155619921;B01;2;33;0;2;1;1;1;
202300034211;155619920;Z01;1;7;0;2;8;11;0;
202300034211;155619922;A01;1;43;0;2;2;1;1;
202300034212;155619916;B01;3;7;0;2;1;1;1;
202300034212;155619918;A01;3;7;0;2;3;13;1;
202300034213;155619913;B01;1;33;0;2;1;1;1;
202300034213;155619917;A01;2;7;0;2;3;15;1;
202300034214;155619911;A01;0;7;1;0;1;14;1;
202300034215;155619912;A01;1;31;0;2;8;11;1;
202300034215;155619914;B01;1;7;0;2;7;1;1;
202300034216;155619907;A01;2;7;0;1;3;1;1;
202300034217;155619906;A01;2;7;0;2;1;1;2;
202300034217;155619909;B01;2;33;0;2;1;13;1;
202300034218;155619905;A01;3;7;1;1;1;14;1;
202300034219;155619903;A01;2;7;14;0;3;15;1;
202300034220;155619898;C01;1;7;0;2;4;2;1;
202300034220;155619901;A01;1;7;0;2;1;2;1;
202300034220;155619904;D01;1;7;0;2;4;2;1;
202300034220;155619908;B01;1;10;0;2;4;2;1;
202300034221;155619899;A01;2;2;0;2;1;1;1;
202300034221;155619902;B01;1;7;0;2;2;15;1;
202300034222;155619897;A01;2;32;0;2;3;1;1;
202300034222;155619900;B01;1;10;1;2;3;1;1;
202300034223;155619894;C01;3;7;0;2;4;23;1;
202300034223;155619895;B01;3;7;1;2;4;26;1;
202300034223;155619896;A01;3;7;1;2;1;1;1;
202300034224;155619891;A01;2;7;0;9;2;12;1;
202300034224;155619893;B01;2;1;0;2;4;1;5;
202300034225;155619890;A01;2;2;0;1;1;1;3;
202300034226;155619888;A01;2;7;0;2;2;15;1;
202300034226;155619892;B01;1;32;0;2;3;1;1;
202300034227;155619887;A01;1;80;0;2;3;13;3;
202300034227;155619889;B01;1;10;0;2;2;1;1;
202300034228;155619886;A01;2;31;0;0;0;1;1;
202300034229;155619885;B01;2;7;0;1;7;1;1;
202300034230;155619882;B01;2;1;0;2;2;19;5;
202300034230;155619883;A01;1;7;0;2;1;15;1;
202300034231;155619881;A01;3;33;0;0;3;1;1;
202300034232;155619880;B01;1;7;0;2;2;1;1;
202300034232;155619884;A01;2;50;7;2;3;5;3;
202300034233;155619876;A01;1;7;0;2;1;1;1;
202300034233;155619879;B01;1;7;0;2;3;1;1;
202300034234;155619875;A01;3;33;0;2;5;23;1;
202300034234;155619878;B01;3;7;0;2;2;1;2;
202300034235;155619877;A01;2;33;0;0;0;1;1;
202300034236;155619874;A01;2;7;0;1;2;1;1;
202300034237;155619871;A01;2;7;0;2;7;10;1;
202300034237;155619873;B01;1;34;0;2;1;1;1;
202300034238;155619869;A01;1;7;0;2;6;13;1;
202300034238;155619872;B01;1;32;0;2;2;14;1;
202300034239;155619868;A01;2;31;0;2;7;17;1;
202300034239;155619870;B01;2;38;0;2;8;1;1;1.0
202300034240;155619867;A01;1;30;0;1;1;1;3;
202300034241;155619864;A01;3;7;14;0;3;1;1;
202300034242;155619862;A01;3;32;0;2;1;1;1;
202300034242;155619866;B01;3;7;0;2;3;15;1;
202300034243;155619861;A01;2;7;0;2;3;1;0;
202300034243;155619865;B01;1;7;0;2;1;13;0;
202300034244;155619860;A01;2;7;0;2;7;24;1;
202300034244;155619863;B01;2;80;1;0;1;1;3;
202300034245;155619859;A01;0;7;8;9;9;1;1;
202300034246;155619857;A01;1;7;0;1;3;15;1;
202300034247;155619855;B01;1;32;0;2;1;1;1;
202300034247;155619858;A01;2;7;0;2;7;15;0;
202300034248;155619853;A01;0;7;0;0;4;23;1;
202300034248;155619856;B01;0;32;1;0;1;1;3;
202300034249;155619852;A01;2;7;0;2;1;1;1;
202300034249;155619854;B01;1;7;0;2;1;1;1;
202300034250;155619850;A01;1;7;0;1;0;15;1;
202300034251;155619848;A01;1;30;1;0;1;1;1;
202300034252;155619844;A01;1;33;8;2;8;1;1;
202300034252;155619847;B01;2;7;0;2;3;20;1;
202300034253;155619842;A01;1;7;0;2;8;15;1;
202300034253;155619846;B01;1;38;0;2;1;1;1;1.0
202300034254;155619841;A01;3;10;8;0;3;1;1;
202300034255;155619840;A01;1;7;0;1;2;1;2;
202300034256;155619839;A01;3;7;0;1;3;1;1;
202300034257;155619838;Z01;3;7;0;1;1;0;0;
202300034258;155619836;A01;1;7;6;0;2;14;1;
202300034259;155619835;A01;0;1;0;0;0;1;5;
202300034260;155619833;A01;1;10;0;2;2;16;1;
202300034260;155619837;B01;1;32;0;2;3;1;1;
202300034261;155619831;A01;1;7;0;2;6;24;1;
202300034261;155619834;Z01;1;7;1;0;3;2;0;
202300034262;155619830;B01;2;7;0;2;5;1;1;
202300034262;155619832;A01;2;2;0;2;1;19;1;
202300034263;155619827;A01;0;7;0;2;1;1;1;
202300034263;155619829;B01;0;7;0;2;4;23;1;
202300034264;155619824;B01;2;1;0;2;4;1;5;
202300034264;155619826;A01;0;7;0;2;0;0;0;
202300034265;155619825;A01;2;30;0;2;1;1;1;
202300034265;155619828;B01;2;7;0;2;1;1;1;
202300034266;155619818;A01;3;7;0;0;9;26;1;
202300034267;155619820;A01;3;7;0;2;7;19;1;
202300034267;155619823;B01;1;2;0;2;1;1;1;
202300034268;155619816;A01;3;7;0;2;6;1;0;
202300034268;155619821;B01;2;43;0;2;1;19;1;
202300034269;155619815;A01;0;31;0;2;1;1;1;
202300034269;155619817;B01;0;33;0;2;4;1;1;
202300034269;155619819;C01;0;33;0;2;4;1;1;
202300034269;155619822;D01;0;33;0;2;4;1;1;
202300034270;155619813;A01;1;7;6;0;1;1;1;
202300034271;155619812;B01;1;60;0;2;6;2;5;
202300034271;155619814;A01;1;10;0;9;1;2;1;
202300034272;155619810;A01;1;7;0;1;3;2;1;
202300034273;155619808;A01;1;10;0;2;1;9;1;
202300034273;155619811;B01;1;7;0;2;6;23;1;
202300034274;155619809;A01;2;33;16;0;2;14;1;
202300034275;155619807;A01;3;7;0;1;1;1;1;
202300034276;155619805;A01;1;7;2;0;1;1;1;
202300034277;155619804;A01;1;31;8;0;0;16;0;
202300034278;155619803;B01;2;33;0;2;0;1;1;
202300034278;155619806;A01;2;7;0;2;3;10;2;
202300034279;155619801;A01;2;7;13;0;0;1;0;
202300034280;155619799;A01;1;7;0;2;2;1;1;
202300034280;155619800;B01;2;60;0;2;1;12;3;
202300034281;155619798;B01;3;7;0;2;6;1;1;
202300034281;155619802;A01;3;10;0;2;2;15;1;
202300034282;155619797;A01;2;34;0;1;2;1;1;
202300034283;155619793;A01;1;37;0;2;8;9;1;1.0
202300034283;155619795;B01;1;34;0;2;1;9;1;
202300034284;155619792;A01;2;7;0;2;1;10;1;
202300034284;155619794;B01;1;7;0;2;2;1;1;
202300034285;155619790;A01;1;33;0;0;0;1;1;
202300034286;155619789;B01;2;10;0;2;2;19;1;
202300034286;155619791;A01;1;7;0;2;3;9;1;
202300034287;155619788;A01;3;7;1;0;2;14;3;
202300034288;155619787;A01;3;30;0;0;0;0;1;
202300034289;155619786;A01;2;7;0;1;1;1;1;
202300034290;155619785;A01;3;7;0;1;3;15;0;
202300034291;155619781;A01;2;7;1;2;1;2;1;
202300034291;155619782;B01;2;7;1;2;4;2;1;
202300034291;155619784;C01;2;7;1;2;4;2;1;
202300034292;155619780;B01;1;17;0;2;5;1;1;
202300034292;155619783;A01;1;10;7;2;1;1;1;
202300034293;155619779;A01;0;7;0;1;2;1;1;
202300034294;155619777;B01;1;2;0;2;1;1;1;
202300034294;155619778;A01;1;7;0;2;4;2;0;
202300034295;155619774;B01;2;7;0;2;3;1;1;
202300034295;155619776;A01;1;7;0;2;8;13;1;
202300034296;155619773;A01;2;7;13;2;3;1;1;
202300034296;155619775;B01;1;7;0;2;2;1;1;
202300034297;155619771;A01;0;30;0;1;1;1;1;
202300034298;155619769;A01;1;7;0;1;3;1;1;
202300034299;155619770;A01;1;50;0;2;1;1;3;
202300034299;155619772;B01;1;7;0;0;4;23;-1;
202300034300;155619765;A01;1;7;0;2;3;9;1;
202300034300;155619767;B01;2;2;0;2;1;1;1;
202300034301;155619764;A01;1;7;1;0;9;14;1;
202300034302;155619763;C01;2;7;0;2;4;2;1;
202300034302;155619766;A01;2;7;0;2;1;2;1;
202300034302;155619768;B01;2;7;0;2;4;2;1;
202300034303;155619762;A01;1;7;0;1;3;1;0;
202300034304;155619760;A01;2;7;12;0;1;1;1;
202300034305;155619759;A01;1;1;0;2;1;1;5;
202300034305;155619761;Z01;2;1;0;2;1;13;5;
202300034306;155619757;A01;1;7;0;2;3;20;1;
202300034306;155619758;B01;1;2;0;2;2;1;1;
202300034307;155619753;B01;3;32;1;0;3;18;1;
202300034307;155619756;A01;3;7;0;2;5;22;0;
202300034308;155619752;A01;1;7;0;2;3;13;1;
202300034308;155619754;B01;0;7;0;2;3;1;1;
202300034309;155619749;B01;1;7;0;2;5;1;1;
202300034309;155619751;A01;2;7;0;2;3;12;1;
202300034310;155619748;A01;2;7;0;2;1;2;1;
202300034310;155619750;B01;2;7;0;2;4;2;1;
202300034311;155619745;A01;1;7;0;2;3;13;1;
202300034311;155619746;B01;2;31;0;2;1;1;1;
202300034312;155619741;A01;2;7;0;0;8;23;1;
202300034312;155619743;B01;2;15;1;0;7;1;1;
202300034313;155619742;A01;1;7;15;2;8;17;1;
202300034313;155619747;B01;3;7;15;2;1;1;1;
202300034314;155619740;B01;2;1;0;2;1;15;5;
202300034314;155619744;A01;2;7;0;2;1;15;1;
202300034315;155619737;A01;1;32;0;0;7;0;1;
202300034316;155619738;A01;1;34;0;2;1;6;1;
202300034316;155619739;B01;2;7;0;2;8;1;1;
202300034317;155619735;A01;1;7;13;0;2;1;1;
202300034318;155619734;A01;2;30;0;2;5;1;0;
202300034318;155619736;B01;2;7;0;2;3;1;1;
202300034319;155619732;A01;2;7;0;1;1;9;1;
202300034320;155619728;A01;1;7;0;2;1;2;1;
202300034320;155619731;B01;1;7;0;0;0;0;2;
202300034321;155619726;A01;2;1;6;0;1;0;5;
202300034322;155619725;A01;1;7;0;2;1;2;1;
202300034322;155619727;B01;1;7;0;2;4;2;2;
202300034322;155619729;C01;2;10;0;2;1;1;1;
202300034323;155619722;B01;1;7;0;2;0;1;1;
202300034323;155619724;A01;1;7;0;2;1;2;1;
202300034324;155619721;A01;2;10;0;1;1;1;1;
202300034325;155619720;A01;1;7;0;2;1;1;1;
202300034325;155619723;B01;1;7;0;2;7;9;1;
202300034326;155619719;A01;1;7;9;0;3;0;0;
202300034327;155619716;B01;1;1;0;2;0;0;5;
202300034327;155619718;A01;3;7;0;2;3;13;1;
202300034328;155619717;A01;1;7;6;0;1;1;1;
202300034329;155619714;A01;1;7;0;1;2;1;1;
202300034330;155619713;A01;0;7;0;2;3;11;1;
202300034330;155619715;B01;3;33;0;2;0;0;1;