Num_Acc;id_vehicule;num_veh;senc;catv;obs;obsm;choc;manv;motor;occutc
202300034331;155619710;A01;2;7;9;0;8;1;1;
202300034332;155619709;A01;2;7;0;2;7;1;1;
202300034332;155619712;B01;2;1;0;2;8;1;5;
202300034333;155619705;A01;2;1;0;2;0;1;5;
202300034333;155619707;Y01;3;60;0;2;3;19;5;
202300034334;155619704;B01;1;33;0;2;1;1;1;
202300034334;155619708;C01;1;33;0;2;1;1;1;
202300034334;155619711;A01;1;7;0;2;3;9;1;
202300034335;155619703;A01;3;7;8;0;1;13;1;
202300034336;155619702;A01;1;7;0;2;1;19;1;
202300034336;155619706;B01;1;50;0;2;7;1;3;
202300034337;155619699;A01;2;33;8;0;9;26;1;
202300034338;155619701;A01;1;7;0;1;1;2;1;
202300034339;155619697;B01;1;7;0;2;3;18;1;
202300034339;155619700;A01;1;7;0;2;5;1;1;
202300034340;155619696;B01;2;7;0;2;1;1;0;
202300034340;155619698;A01;2;7;0;2;2;10;0;
202300034341;155619694;A01;1;30;0;0;7;1;1;
202300034342;155619693;A01;1;31;12;0;0;0;1;
202300034343;155619692;B01;1;7;0;2;1;2;1;
202300034343;155619695;A01;0;7;0;2;0;0;1;
202300034344;155619691;B01;2;7;0;1;1;1;1;
202300034345;155619687;A01;1;7;0;2;2;15;1;
202300034345;155619690;B01;2;50;0;2;1;1;3;
202300034346;155619684;A01;1;7;0;1;3;15;1;
202300034347;155619686;A01;2;7;0;2;1;5;1;
202300034347;155619689;B01;1;7;0;2;1;1;1;
202300034348;155619685;B01;2;32;0;2;1;1;1;
202300034348;155619688;A01;1;7;0;2;3;15;0;
202300034349;155619680;A01;1;7;0;9;8;13;0;
202300034349;155619683;B01;2;1;0;2;0;1;5;
202300034350;155619676;B01;1;33;0;2;1;1;1;
202300034350;155619681;A01;1;7;0;2;3;15;1;
202300034351;155619677;C01;3;99;0;0;1;0;3;
202300034351;155619679;B01;3;99;0;0;1;19;3;
202300034351;155619682;A01;3;7;0;2;9;1;1;
202300034352;155619675;B01;1;34;0;2;3;1;1;
202300034352;155619678;A01;2;31;0;2;3;1;1;
202300034353;155619673;A01;2;34;0;2;1;2;0;
202300034353;155619674;B01;2;7;0;2;3;13;1;
202300034354;155619670;A01;2;32;0;2;7;17;1;
202300034354;155619672;B01;2;7;0;2;3;15;1;
202300034355;155619669;A01;2;15;10;0;2;1;1;
202300034356;155619667;A01;0;7;0;1;2;1;1;
202300034357;155619666;A01;1;7;13;0;2;1;1;
202300034358;155619668;Z01;2;7;14;2;1;1;0;
202300034358;155619671;B01;2;7;0;2;4;23;1;
202300034359;155619664;B01;3;7;0;9;3;1;1;
202300034359;155619665;A01;3;33;0;2;1;1;1;
202300034360;155619661;A01;1;7;0;2;0;0;0;
202300034360;155619663;B01;2;43;0;2;7;0;0;
202300034361;155619660;A01;2;7;0;2;2;16;1;
202300034361;155619662;B01;2;50;0;2;8;0;3;
202300034362;155619659;A01;2;7;12;0;2;15;1;
202300034363;155619658;A01;1;2;0;1;1;3;1;
202300034364;155619654;A01;1;7;0;1;0;1;1;
202300034365;155619655;B01;1;31;0;2;3;1;1;
202300034365;155619657;A01;1;7;0;2;2;0;1;
202300034366;155619653;A01;2;7;0;2;0;1;1;
202300034366;155619656;B01;3;1;0;2;0;0;5;
202300034367;155619650;A01;2;36;8;0;9;1;1;
202300034368;155619648;A01;1;7;0;2;8;10;1;
202300034368;155619651;B01;1;7;0;2;1;1;1;
202300034369;155619652;A01;1;7;10;0;3;13;0;
202300034370;155619647;A01;1;7;0;2;1;1;1;
202300034370;155619649;B01;1;7;0;2;8;9;1;
202300034371;155619646;A01;3;2;0;0;4;1;1;
202300034372;155619644;A01;2;33;8;0;1;1;1;
202300034373;155619643;B01;1;33;0;2;7;1;1;
202300034373;155619645;A01;1;10;0;2;8;11;1;
202300034374;155619641;A01;2;2;0;0;8;14;1;
202300034375;155619640;A01;1;7;1;0;2;1;1;
202300034375;155619642;B01;1;7;0;2;5;23;1;
202300034376;155619639;A01;3;7;15;0;3;2;1;
202300034377;155619637;B01;1;2;0;2;1;16;1;
202300034377;155619638;A01;1;10;0;2;2;16;1;
202300034378;155619636;A01;2;50;0;1;3;1;3;
202300034379;155619633;A01;1;30;0;2;1;1;1;
202300034379;155619634;B01;1;21;0;2;1;1;1;
202300034380;155619631;A01;0;7;4;0;3;0;1;
202300034381;155619629;A01;1;7;0;2;8;22;1;
202300034381;155619632;B01;1;1;0;2;2;1;5;
202300034382;155619630;B01;2;1;0;2;1;19;5;
202300034382;155619635;A01;1;7;0;9;2;1;1;
202300034383;155619628;A01;2;7;0;1;2;1;1;
202300034384;155619626;A01;1;7;13;0;9;1;1;
202300034385;155619624;A01;1;7;2;0;1;0;3;
202300034386;155619625;A01;3;7;0;2;1;1;1;
202300034386;155619627;B01;3;7;0;2;7;1;1;
202300034387;155619623;A01;1;30;0;0;7;2;3;
202300034388;155619619;A01;1;7;0;2;7;10;1;
202300034388;155619622;B01;2;33;0;2;1;1;1;
202300034389;155619620;A01;1;10;1;1;8;20;1;
202300034390;155619616;B01;1;7;0;2;1;1;0;
202300034390;155619617;A01;1;7;0;2;4;23;1;
202300034391;155619611;A01;1;7;0;2;1;1;1;
202300034392;155619612;B01;3;7;0;2;4;23;1;
202300034392;155619615;D01;3;7;0;2;4;23;1;
202300034392;155619618;C01;3;7;0;2;4;23;1;
202300034392;155619621;A01;3;10;0;2;1;2;1;
202300034393;155619610;A01;0;7;0;2;3;15;1;
202300034393;155619613;B01;2;33;0;2;1;1;0;
202300034394;155619608;A01;1;7;0;2;1;19;2;
202300034394;155619614;B01;1;7;0;0;8;1;0;
202300034395;155619606;A01;2;1;0;1;1;1;5;
202300034396;155619607;A01;3;36;0;0;7;26;0;
202300034397;155619602;A01;2;7;16;0;9;1;1;
202300034398;155619603;A01;2;7;0;1;3;15;1;
202300034399;155619605;A01;3;7;0;2;1;1;1;
202300034399;155619609;B01;1;7;0;2;1;1;1;
202300034400;155619601;A01;1;2;0;2;8;9;1;
202300034400;155619604;B01;2;7;0;2;1;1;1;
202300034401;155619598;B01;1;10;0;2;4;1;1;
202300034401;155619600;A01;1;30;0;2;1;1;3;
202300034402;155619596;A01;3;7;0;0;1;1;1;
202300034403;155619593;A01;1;7;0;2;2;1;1;
202300034403;155619594;B01;1;33;0;2;3;9;1;
202300034404;155619592;A01;2;7;0;2;2;1;3;
202300034404;155619595;B01;2;7;0;2;4;2;1;
202300034404;155619597;C01;2;7;0;2;5;2;1;
202300034404;155619599;D01;2;10;0;2;1;2;1;
202300034405;155619591;A01;3;7;0;1;4;20;1;
202300034406;155619589;A01;3;7;0;1;1;16;1;
202300034407;155619585;A01;1;7;0;2;1;1;1;
202300034407;155619587;B01;1;7;15;0;4;1;1;
202300034408;155619584;A01;1;7;0;2;4;23;1;
202300034408;155619588;B01;1;10;4;2;5;23;1;
202300034408;155619590;C01;1;7;0;2;3;1;1;
202300034409;155619583;A01;2;33;0;2;1;2;1;
202300034409;155619586;B01;2;10;0;2;4;2;1;
202300034410;155619580;A01;2;7;0;2;4;1;1;
202300034410;155619581;B01;2;7;0;2;1;1;1;
202300034411;155619579;A01;1;7;1;2;2;1;1;
202300034411;155619582;B01;0;7;1;2;1;9;0;
202300034412;155619575;B01;3;7;0;2;3;2;1;
202300034412;155619577;A01;3;33;0;2;2;17;1;
202300034413;155619576;B01;2;7;0;2;4;2;1;
202300034413;155619578;A01;2;7;0;2;1;2;1;
202300034414;155619572;B01;2;33;0;0;1;1;0;
202300034414;155619573;A01;2;7;0;2;5;9;1;
202300034415;155619571;A01;1;10;5;2;1;0;1;
202300034415;155619574;B01;1;7;5;0;9;21;2;
202300034416;155619568;A01;2;10;0;2;2;16;1;
202300034416;155619570;B01;2;43;0;2;3;18;1;
202300034417;155619567;B01;2;7;0;2;8;1;1;
202300034417;155619569;A01;2;7;4;2;2;12;1;
202300034418;155619565;A01;1;7;4;0;2;1;1;
202300034419;155619564;B01;1;31;0;2;1;1;1;
202300034419;155619566;A01;1;7;0;2;3;15;2;
202300034420;155619561;A01;2;10;0;2;1;1;1;
202300034420;155619563;B01;2;7;0;2;4;1;1;
202300034421;155619560;A01;2;2;0;0;8;1;1;
202300034421;155619562;B01;2;7;0;2;2;10;1;
202300034422;155619559;A01;1;33;0;0;0;1;1;
202300034423;155619558;A01;1;7;0;0;0;1;1;
202300034424;155619555;A01;1;7;0;2;1;2;1;
202300034424;155619556;B01;1;7;0;2;4;2;1;
202300034424;155619557;C01;1;7;0;2;4;2;1;
202300034425;155619554;A01;1;7;8;0;1;14;0;
202300034426;155619552;B01;1;7;0;2;8;11;1;
202300034426;155619553;A01;1;34;0;2;1;3;1;
202300034427;155619551;A01;0;2;0;0;1;1;1;
202300034428;155619549;A01;2;10;0;2;8;11;1;
202300034428;155619550;B01;2;33;0;2;5;1;1;
202300034429;155619548;A01;2;33;13;0;1;1;1;
202300034430;155619546;A01;1;7;0;2;4;1;1;
202300034430;155619547;B01;1;7;0;2;1;0;1;
202300034431;155619545;A01;2;10;13;0;1;21;1;
202300034432;155619544;A01;2;7;0;9;8;1;1;
202300034433;155619543;A01;2;33;0;0;9;13;1;
202300034434;155619540;B01;1;7;0;2;6;11;1;
202300034434;155619542;A01;1;33;0;2;7;11;1;
202300034435;155619541;A01;2;10;0;1;4;4;1;
202300034436;155619539;A01;1;15;1;0;1;14;1;
202300034437;155619537;B01;3;7;0;2;6;1;1;
202300034437;155619538;A01;3;2;0;2;1;5;1;
202300034438;155619535;A01;2;7;0;2;1;1;1;
202300034438;155619536;B01;2;7;0;2;6;23;1;
202300034439;155619533;B01;1;30;0;2;4;2;1;
202300034439;155619534;A01;2;7;0;2;2;0;1;
202300034440;155619531;A01;2;7;2;0;2;0;1;
202300034441;155619530;A01;1;33;0;1;0;1;1;
202300034442;155619527;A01;2;50;0;1;1;25;3;
202300034443;155619526;B01;1;30;3;2;1;14;1;
202300034443;155619528;A01;1;10;0;0;5;23;1;
202300034443;155619529;C01;1;7;0;0;7;23;1;
202300034444;155619525;A01;2;32;0;1;2;17;1;
202300034445;155619523;B01;3;50;0;2;8;1;3;
202300034445;155619524;A01;3;7;0;2;1;15;1;
202300034446;155619521;A01;1;7;0;0;0;1;1;
202300034447;155619522;A01;1;33;0;0;1;16;1;
202300034448;155619520;A01;3;10;0;0;4;1;1;
202300034449;155619519;A01;3;7;0;1;3;15;1;
202300034450;155619518;A01;0;7;13;0;5;14;1;
202300034451;155619515;A01;1;7;0;2;7;15;1;
202300034451;155619517;B01;1;43;0;2;1;1;1;
202300034452;155619514;A01;2;7;0;2;1;13;1;
202300034452;155619516;B01;1;7;0;2;1;1;1;
202300034453;155619511;A01;2;7;0;2;1;13;1;
202300034453;155619512;B01;1;7;0;2;1;1;1;
202300034454;155619509;B01;1;7;0;2;3;9;1;
202300034454;155619513;A01;1;30;0;2;1;17;1;
202300034455;155619510;A01;2;80;0;1;1;1;3;
202300034456;155619506;A01;1;33;0;2;1;2;1;
202300034456;155619508;B01;1;7;0;2;3;15;1;
202300034457;155619505;A01;2;7;0;2;2;19;2;
202300034457;155619507;B01;2;2;0;2;8;1;1;
202300034458;155619499;C01;1;7;0;2;1;1;1;
202300034458;155619501;B01;2;7;0;2;3;1;1;
202300034458;155619504;A01;1;3;0;2;2;15;1;
202300034459;155619500;A01;2;10;0;0;9;2;1;
202300034459;155619502;B01;2;33;0;2;1;2;1;
202300034459;155619503;C01;2;7;0;2;4;2;1;
202300034460;155619497;A01;2;33;0;2;1;18;1;
202300034460;155619498;B01;2;7;0;2;7;16;1;
202300034461;155619495;B01;0;33;1;2;5;1;1;
202300034461;155619496;A01;2;7;0;2;3;9;1;
202300034462;155619491;B01;3;7;0;2;3;15;1;
202300034462;155619493;T01;3;7;0;0;0;23;1;
202300034462;155619494;Z01;3;33;0;2;1;3;1;
202300034463;155619492;A01;1;7;8;0;1;14;1;
202300034464;155619489;A01;1;7;1;0;3;1;1;
202300034465;155619486;B01;2;1;0;2;7;1;5;
202300034465;155619490;A01;2;7;0;2;1;9;1;
202300034466;155619487;B01;1;7;0;2;4;23;0;
202300034466;155619488;A01;1;7;0;2;1;2;0;
202300034467;155619482;A01;0;10;1;1;4;4;3;
202300034468;155619483;B01;2;7;0;2;1;1;1;
202300034468;155619484;A01;1;7;0;2;7;10;1;
202300034469;155619479;A01;3;7;8;0;1;15;1;
202300034470;155619478;A01;1;7;0;1;2;9;1;
202300034471;155619474;B01;1;7;0;2;1;1;1;
202300034471;155619477;A01;2;7;0;2;1;13;1;
202300034472;155619472;B01;2;43;0;2;2;14;1;
202300034472;155619475;A01;3;7;0;2;2;9;1;
202300034473;155619473;A01;2;7;0;2;2;15;3;
202300034473;155619476;B01;1;1;0;2;1;1;5;
202300034474;155619470;A01;2;7;0;2;1;2;1;
202300034474;155619471;B01;2;10;0;2;4;23;1;
202300034475;155619469;A01;1;7;8;0;1;13;1;
202300034476;155619468;A01;0;7;1;0;3;15;0;
202300034477;155619466;A01;1;17;0;2;1;2;1;
202300034477;155619467;B01;1;7;0;2;4;2;1;
202300034478;155619464;A01;3;7;0;1;3;1;6;
202300034479;155619463;A01;1;32;0;2;2;13;1;
202300034479;155619465;B01;1;7;0;2;3;1;0;
202300034480;155619462;A01;1;7;0;1;1;16;1;
202300034481;155619459;A01;3;7;0;1;1;9;1;
202300034482;155619458;A01;2;7;0;2;3;13;1;
202300034482;155619460;B01;1;7;0;2;8;1;3;
202300034483;155619457;A01;1;3;0;2;6;15;0;
202300034483;155619461;B01;1;33;0;2;1;1;0;
202300034484;155619456;A01;3;7;0;1;1;1;1;
202300034485;155619453;B01;0;7;0;2;3;1;1;
202300034485;155619455;A01;0;50;0;2;3;9;3;
202300034486;155619451;B01;3;1;0;2;8;19;5;
202300034486;155619452;A01;1;10;0;2;1;16;1;
202300034487;155619450;A01;2;7;0;2;1;2;0;
202300034487;155619454;B01;2;7;0;2;4;2;1;
202300034488;155619449;A01;2;31;0;1;1;1;1;
202300034489;155619448;A01;0;7;0;1;1;0;2;
202300034490;155619447;A01;3;7;0;1;5;4;1;
202300034491;155619445;A01;1;7;0;2;3;9;1;
202300034491;155619446;B01;1;7;0;1;5;2;1;
202300034492;155619444;B01;1;31;1;2;1;1;3;
202300034493;155619443;A01;1;7;0;1;1;26;1;
202300034494;155619439;C01;0;33;0;2;1;2;1;
202300034494;155619441;A01;0;33;0;2;0;2;1;
202300034494;155619442;B01;0;33;0;2;7;2;1;
202300034495;155619437;A01;0;7;0;2;3;1;1;
202300034495;155619440;B01;0;7;0;2;7;15;1;
202300034496;155619438;A01;2;7;11;0;1;0;1;
202300034497;155619436;A01;0;7;0;1;2;1;1;
202300034498;155619433;A01;3;7;0;9;3;1;1;
202300034498;155619435;B01;3;50;0;2;8;1;3;
202300034499;155619432;A01;1;20;0;2;1;1;0;
202300034499;155619434;B01;1;7;0;0;4;1;1;
202300034500;155619430;B01;2;31;0;2;1;1;1;
202300034500;155619431;A01;2;7;0;2;1;15;1;
202300034501;155619427;A01;0;50;0;0;0;1;3;
202300034502;155619426;A01;3;7;0;2;1;2;1;
202300034502;155619429;B01;3;10;0;2;4;1;1;
202300034503;155619422;B01;1;7;0;2;2;17;1;
202300034503;155619424;A01;1;7;0;2;3;10;1;
202300034504;155619423;A01;3;10;0;2;1;1;0;
202300034504;155619425;B01;3;7;0;2;1;1;0;
202300034504;155619428;C01;3;3;0;2;4;1;0;
202300034505;155619419;A01;3;7;0;2;2;2;3;
202300034505;155619420;B01;3;7;0;2;4;2;1;
202300034505;155619421;C01;3;7;0;2;4;2;1;
202300034506;155619418;A01;0;30;12;1;0;21;1;
202300034507;155619414;A01;1;7;2;0;7;14;1;
202300034508;155619415;A01;1;10;0;1;2;2;1;
202300034509;155619413;A01;2;34;0;2;1;3;1;
202300034509;155619416;B01;2;7;0;2;3;1;1;
202300034509;155619417;C01;2;7;0;2;3;1;1;
202300034510;155619412;A01;3;7;13;0;2;14;1;
202300034511;155619408;A01;1;7;0;2;3;15;1;
202300034511;155619410;B01;1;7;0;2;2;1;1;
202300034512;155619409;A01;2;7;0;2;1;1;1;
202300034512;155619411;B01;2;7;0;2;4;1;1;
202300034513;155619406;A01;1;33;0;2;7;15;1;
202300034513;155619407;B01;1;7;0;2;1;18;1;
202300034514;155619403;A01;2;50;0;4;8;13;3;
202300034514;155619405;B01;2;40;0;2;2;1;3;
202300034515;155619402;A01;1;10;0;2;2;2;1;
202300034515;155619404;B01;1;7;0;0;4;1;1;
202300034516;155619400;A01;1;7;0;2;2;16;1;
202300034516;155619401;B01;1;50;0;2;1;1;3;
202300034517;155619398;B01;1;50;0;2;3;1;3;
202300034517;155619399;A01;2;7;0;2;2;15;1;
202300034518;155619393;C01;3;10;0;2;1;2;1;
202300034518;155619395;A01;3;7;0;2;0;23;1;
202300034518;155619397;B01;3;7;0;2;4;11;1;
202300034519;155619392;A01;3;50;0;9;1;1;3;
202300034520;155619391;A01;2;7;0;1;8;15;1;
202300034521;155619394;A01;0;7;0;2;1;1;1;
202300034521;155619396;B01;0;7;0;2;4;1;3;
202300034522;155619387;A01;1;30;0;2;1;2;1;
202300034522;155619389;B01;1;30;0;2;8;15;1;
202300034523;155619383;A01;0;33;0;2;1;21;1;
202300034523;155619384;B01;0;7;0;2;3;1;1;
202300034523;155619386;C01;0;7;0;0;0;0;1;
202300034524;155619382;A01;1;7;0;2;7;15;1;
202300034524;155619385;B01;1;30;0;2;7;21;1;
202300034525;155619381;A01;3;10;0;1;3;23;1;
202300034526;155619379;B01;2;1;0;2;8;2;5;
202300034526;155619380;A01;2;7;0;9;2;1;1;
202300034527;155619378;A01;3;10;0;1;3;1;1;
202300034528;155619376;A01;2;7;0;0;7;15;1;
202300034528;155619377;B01;1;33;0;2;1;1;1;
202300034529;155619375;A01;1;7;15;0;1;1;1;
202300034530;155619373;B01;2;31;0;2;1;1;6;
202300034530;155619374;A01;1;10;0;2;5;15;1;
202300034531;155619372;A01;2;7;2;0;1;16;1;
202300034532;155619370;A01;2;1;0;2;1;13;5;
202300034532;155619371;B01;1;7;0;2;1;1;1;
202300034533;155619368;A01;2;31;0;2;8;15;1;
202300034533;155619369;B01;3;31;0;2;1;17;1;
202300034534;155619366;A01;1;7;0;2;7;14;1;
202300034534;155619367;B01;1;2;0;2;8;2;1;
202300034535;155619363;Z01;1;14;0;2;2;1;0;
202300034535;155619364;A01;1;7;0;2;8;1;2;
202300034535;155619365;B01;1;7;0;2;1;1;1;
202300034536;155619362;A01;1;7;0;1;1;1;0;
202300034537;155619361;A01;1;2;11;0;1;13;1;
202300034538;155619358;A01;1;3;0;2;3;13;1;
202300034538;155619360;B01;2;10;3;2;3;1;1;
202300034539;155619357;B01;1;14;0;2;5;1;1;
202300034539;155619359;A01;1;31;0;2;6;3;1;
202300034540;155619354;A01;2;7;0;2;1;9;1;
202300034540;155619356;B01;2;15;0;0;4;9;1;
202300034541;155619353;A01;2;14;0;2;1;19;1;
202300034541;155619355;B01;2;50;0;2;8;1;3;
202300034542;155619351;A01;1;10;0;1;1;1;1;
202300034543;155619350;A01;1;7;0;2;1;2;1;
202300034543;155619352;B01;1;15;0;0;4;1;1;
202300034544;155619349;A01;1;50;0;1;1;1;3;
202300034545;155619348;A01;1;7;2;0;1;11;1;
202300034546;155619345;B01;2;7;0;2;3;1;1;
202300034546;155619347;A01;1;7;0;2;1;1;1;
202300034547;155619341;A01;2;30;0;2;8;1;1;
202300034547;155619343;Z01;1;7;0;2;1;15;1;
202300034548;155619342;A01;1;7;2;0;7;14;1;
202300034549;155619339;A01;1;7;0;1;4;20;1;
202300034550;155619338;A01;1;7;0;2;3;13;1;
202300034550;155619340;B01;2;21;0;2;3;1;1;
202300034551;155619336;A01;1;7;0;2;3;12;1;
202300034551;155619337;B01;1;7;0;2;5;1;1;
202300034552;155619334;A01;2;7;0;2;2;15;1;
202300034552;155619335;B01;1;34;0;2;1;1;1;
202300034553;155619332;A01;3;10;0;2;5;16;1;
202300034553;155619333;B01;3;7;0;2;3;1;2;
202300034554;155619330;A01;1;2;0;2;1;17;1;
202300034554;155619331;B01;2;7;0;2;3;1;1;
202300034555;155619328;A01;1;1;0;2;1;1;5;
202300034555;155619329;B01;3;10;0;2;3;15;1;
202300034556;155619325;A01;2;7;0;2;3;13;1;
202300034556;155619326;B01;1;33;0;2;3;1;1;
202300034556;155619327;C01;1;33;0;2;3;1;1;
202300034557;155619324;A01;2;1;0;1;8;1;5;
202300034558;155619322;B01;1;7;0;2;1;1;2;
202300034558;155619323;A01;2;7;0;2;7;26;1;
202300034559;155619320;B01;1;7;0;2;3;1;1;
202300034559;155619321;A01;1;32;0;2;1;1;1;
202300034560;155619318;A01;1;7;0;9;2;2;1;
202300034560;155619319;B01;1;1;0;2;8;1;5;
202300034561;155619317;A01;3;32;0;0;7;16;1;
202300034562;155619315;B01;0;7;4;0;5;1;0;
202300034563;155619314;B01;2;7;0;2;3;1;1;
202300034563;155619316;A01;1;33;0;2;1;13;1;
202300034564;155619313;A01;0;7;0;1;1;15;1;
202300034565;155619312;A01;1;33;0;0;1;0;1;
202300034566;155619309;B01;1;31;0;2;7;2;3;
202300034566;155619311;A01;1;7;0;2;7;15;0;
202300034567;155619308;A01;3;7;0;2;1;9;1;
202300034567;155619310;B01;3;50;0;2;7;1;3;
202300034568;155619306;A01;2;7;13;0;7;0;0;
202300034569;155619305;A01;1;7;0;2;1;0;0;
202300034569;155619307;B01;1;50;0;2;4;0;3;
202300034570;155619304;A01;1;7;0;1;1;2;1;
202300034571;155619302;A01;3;7;0;2;1;1;1;
202300034571;155619303;B01;3;2;0;2;1;13;1;
202300034572;155619300;A01;3;1;0;5;8;1;5;
202300034573;155619299;A01;3;10;0;2;1;1;1;
202300034573;155619301;B01;3;10;0;2;6;1;1;
202300034574;155619296;B01;3;7;0;2;3;16;1;
202300034574;155619298;A01;3;33;0;2;1;1;1;
202300034575;155619297;A01;2;99;0;1;2;19;0;
202300034576;155619295;A01;2;33;0;0;8;1;1;
202300034577;155619293;A01;1;7;0;2;3;9;1;
202300034577;155619294;B01;1;33;0;2;1;1;1;
202300034578;155619292;A01;1;7;2;0;1;1;0;
202300034579;155619289;A01;2;7;0;2;2;15;0;
202300034579;155619291;B01;1;7;0;2;3;1;1;
202300034580;155619288;A01;1;7;0;2;1;15;1;
202300034580;155619290;B01;2;7;0;2;1;1;1;
202300034581;155619284;A01;1;10;0;2;7;17;1;
202300034581;155619286;B01;1;21;0;2;3;15;1;
202300034582;155619285;A01;1;14;0;2;0;2;1;
202300034582;155619287;B01;1;1;0;2;0;2;5;
202300034583;155619283;A01;1;7;13;0;3;2;1;
202300034584;155619282;A01;1;7;0;1;2;16;0;
202300034585;155619280;A01;2;7;0;2;3;15;1;
202300034585;155619281;B01;1;2;0;2;1;1;1;
202300034586;155619279;A01;2;7;6;0;2;14;1;
202300034587;155619278;A01;1;33;0;0;9;1;1;
202300034588;155619275;A01;1;7;0;2;8;10;1;
202300034588;155619276;B01;1;33;0;2;1;17;1;
202300034589;155619274;A01;3;7;0;2;1;15;1;
202300034589;155619277;B01;3;33;0;2;7;1;1;
202300034590;155619273;A01;2;7;3;0;1;17;1;
202300034591;155619271;A01;1;7;3;0;1;1;1;
202300034592;155619270;A01;1;10;0;2;1;0;0;
202300034592;155619272;B01;1;3;3;0;4;0;0;
202300034593;155619269;A01;1;10;0;1;3;1;1;
202300034594;155619267;A01;1;7;0;2;3;13;0;
202300034594;155619268;B01;1;32;0;2;7;17;1;
202300034595;155619263;A01;1;7;0;2;1;5;1;
202300034595;155619264;B01;1;7;0;2;1;1;1;
202300034596;155619262;B01;2;7;4;0;0;0;1;
202300034596;155619265;C01;2;7;1;0;1;0;1;
202300034596;155619266;A01;2;7;0;0;1;0;1;
202300034597;155619260;A01;2;7;0;2;1;0;1;
202300034597;155619261;B01;2;7;0;2;3;0;1;
202300034598;155619259;A01;1;10;3;0;8;12;1;
202300034599;155619258;A01;1;10;6;0;1;1;1;
202300034600;155619256;A01;3;7;6;0;6;1;1;
202300034601;155619254;A01;0;7;8;0;0;1;1;
202300034602;155619253;A01;2;7;2;0;5;0;1;
202300034603;155619251;A01;1;10;0;2;1;1;1;
202300034603;155619252;B01;1;7;0;0;4;0;1;
202300034604;155619249;A01;1;33;16;0;0;17;1;
202300034605;155619250;A01;2;7;2;0;3;11;1;
202300034606;155619247;A01;1;14;3;1;2;1;1;
202300034607;155619248;A01;2;2;6;0;1;1;1;
202300034608;155619244;A01;1;7;0;2;2;15;1;
202300034608;155619246;B01;1;34;0;2;2;1;1;
202300034609;155619241;A01;2;33;0;0;9;1;1;
202300034609;155619242;B01;1;7;0;0;0;1;1;
202300034610;155619243;A01;1;7;8;0;3;13;0;
202300034610;155619245;B01;2;7;8;0;3;26;1;
202300034611;155619239;A01;1;33;0;2;3;1;1;
202300034611;155619240;B01;2;7;0;2;6;19;1;
202300034612;155619238;A01;1;7;0;9;1;1;0;
202300034613;155619237;A01;1;10;0;1;2;1;1;
202300034614;155619236;A01;2;7;0;1;2;16;1;
202300034615;155619233;B01;1;7;0;2;1;1;1;
202300034615;155619234;C01;1;7;0;2;3;1;1;
202300034615;155619235;A01;2;33;0;2;3;5;1;
202300034616;155619230;A01;1;7;0;1;2;1;1;
202300034617;155619231;A01;2;14;0;4;2;1;1;
202300034617;155619232;B01;1;39;0;4;1;1;1;
202300034618;155619227;A01;1;7;0;2;5;15;1;
202300034618;155619229;B01;2;2;0;2;1;1;1;
202300034619;155619225;A01;1;10;0;2;1;1;1;
202300034619;155619226;B01;1;7;0;2;1;1;1;
202300034620;155619223;A01;1;7;0;2;3;15;1;
202300034620;155619224;B01;1;33;0;2;1;1;0;
202300034621;155619220;A01;1;7;0;2;6;15;1;
202300034621;155619221;B01;1;33;0;2;7;17;1;
202300034621;155619222;C01;1;33;0;2;7;17;1;
202300034622;155619219;A01;1;10;0;1;2;2;1;
202300034623;155619217;B01;2;38;0;2;8;15;1;4.0
202300034623;155619218;A01;2;14;0;2;2;17;1;
202300034624;155619214;A01;1;7;0;2;1;1;1;
202300034624;155619215;B01;1;50;0;2;0;19;3;
202300034625;155619213;B01;2;10;0;2;1;1;1;
202300034625;155619216;A01;1;7;0;2;1;13;1;
202300034626;155619212;A01;3;1;0;1;1;25;5;
202300034627;155619210;A01;1;7;2;0;1;14;1;
202300034628;155619207;A01;1;7;0;2;3;1;1;
202300034628;155619208;B01;2;7;0;0;8;13;1;
202300034629;155619209;A01;1;7;2;0;4;26;1;
202300034629;155619211;B01;1;7;2;2;1;21;1;
202300034630;155619206;B01;3;7;0;9;2;1;1;
202300034631;155619205;A01;3;7;0;1;2;1;1;
202300034632;155619202;A01;1;7;0;0;4;1;1;
202300034632;155619203;B01;1;33;0;0;1;1;1;
202300034632;155619204;C01;1;7;0;0;1;1;1;
202300034633;155619199;A01;1;7;0;0;2;1;1;
202300034633;155619200;B01;1;1;0;0;4;1;5;
202300034634;155619197;A01;1;33;11;0;0;21;1;
202300034635;155619198;A01;2;7;0;2;1;15;1;
202300034635;155619201;B01;1;7;7;2;1;1;1;
202300034636;155619194;A01;1;7;15;0;1;1;2;
202300034637;155619193;A01;2;10;0;2;7;1;1;
202300034637;155619195;B01;2;7;0;2;0;0;1;
202300034637;155619196;C01;2;33;0;2;0;0;1;
202300034638;155619191;A01;2;33;0;2;2;14;1;
202300034638;155619192;B01;2;13;0;2;8;1;1;
202300034639;155619189;A01;2;7;0;2;6;19;0;
202300034639;155619190;B01;1;31;0;2;3;1;0;
202300034640;155619187;A01;1;32;0;2;1;12;1;