Num_Acc;id_vehicule;num_veh;senc;catv;obs;obsm;choc;manv;motor;occutc
202300034640;155619188;B01;1;7;0;2;6;23;1;
202300034641;155619183;A01;1;7;0;2;1;2;1;
202300034641;155619185;B01;1;7;0;2;4;2;1;
202300034642;155619182;A01;1;7;0;2;1;13;1;
202300034642;155619184;C01;2;7;0;2;1;1;2;
202300034642;155619186;B01;2;10;0;2;3;1;1;
202300034643;155619180;A01;2;7;0;2;1;2;0;
202300034643;155619181;B01;2;7;0;0;4;2;0;
202300034644;155619178;A01;2;7;0;1;3;1;1;
202300034645;155619177;A01;1;7;0;2;1;2;1;
202300034645;155619179;B01;1;7;0;2;4;2;1;
202300034646;155619174;A01;2;10;0;2;7;12;1;
202300034646;155619176;B01;2;33;0;2;3;1;1;
202300034647;155619171;B01;2;34;0;2;8;3;1;
202300034647;155619172;A01;2;7;0;2;7;1;1;
202300034648;155619170;B01;2;30;0;2;1;1;1;
202300034648;155619173;A01;1;32;0;2;3;9;1;
202300034649;155619168;A01;1;10;0;2;1;2;1;
202300034649;155619169;B01;1;10;3;2;4;2;1;
202300034650;155619166;A01;1;10;0;0;1;26;1;
202300034651;155619167;A01;1;7;8;0;1;6;1;
202300034652;155619164;A01;2;7;0;2;7;14;1;
202300034652;155619165;B01;2;33;0;2;8;0;1;
202300034653;155619161;A01;1;10;5;0;1;1;1;
202300034653;155619163;B01;2;7;5;0;1;13;1;
202300034654;155619159;A01;2;7;0;2;1;2;2;
202300034654;155619160;B01;2;7;0;2;4;2;1;
202300034654;155619162;C01;2;7;0;2;4;2;1;
202300034655;155619158;A01;0;7;0;0;0;0;0;
202300034656;155619156;B01;2;33;0;2;8;1;1;
202300034656;155619157;A01;2;7;0;2;5;12;1;
202300034657;155619154;B01;2;2;0;0;3;2;1;
202300034657;155619155;A01;2;7;0;2;0;21;1;
202300034658;155619152;A01;2;33;0;2;5;3;1;
202300034658;155619153;Z01;2;7;0;2;6;11;1;
202300034659;155619148;A01;2;10;0;2;3;11;1;
202300034659;155619150;B01;2;32;0;2;1;3;1;
202300034660;155619147;A01;2;33;0;2;1;1;1;
202300034660;155619149;B01;1;33;0;2;1;1;1;
202300034661;155619144;A01;1;7;0;2;0;9;1;
202300034661;155619146;B01;1;1;0;2;0;1;5;
202300034662;155619143;A01;3;7;0;0;2;11;1;
202300034662;155619145;B01;3;33;0;0;1;1;1;
202300034663;155619138;A01;1;7;0;2;1;2;1;
202300034663;155619140;B01;1;7;0;2;4;2;1;
202300034664;155619136;B01;0;7;0;2;4;0;0;
202300034664;155619137;A01;0;7;0;2;1;3;1;
202300034665;155619139;A01;1;34;0;1;2;2;1;
202300034666;155619131;B01;1;7;0;2;3;9;1;
202300034666;155619133;D01;1;38;0;2;3;1;1;1.0
202300034666;155619134;A01;1;7;0;2;3;1;1;
202300034666;155619135;C01;2;7;0;2;3;1;2;
202300034667;155619129;A01;1;7;8;0;9;1;1;
202300034668;155619130;A01;1;7;3;2;0;0;1;
202300034668;155619132;B01;2;7;3;2;0;0;1;
202300034669;155619128;A01;1;7;2;0;0;1;1;
202300034670;155619126;A01;2;33;0;1;1;1;1;
202300034671;155619124;A01;1;33;0;2;1;13;1;
202300034671;155619127;B01;2;7;0;2;1;1;1;
202300034672;155619122;A01;3;7;0;9;1;2;1;
202300034672;155619123;B01;2;80;0;9;0;0;3;
202300034673;155619120;A01;1;7;0;9;5;16;1;
202300034673;155619121;B01;1;31;0;2;8;1;1;
202300034674;155619119;A01;1;7;0;1;1;1;1;
202300034675;155619117;B01;2;7;0;9;8;19;1;
202300034675;155619118;A01;1;2;0;2;1;1;1;
202300034676;155619114;A01;1;7;0;2;6;1;1;
202300034676;155619115;B01;2;1;0;2;1;1;5;
202300034677;155619116;A01;2;7;2;0;2;1;1;
202300034678;155619112;B01;1;34;0;2;8;2;0;
202300034678;155619113;A01;1;7;0;2;7;2;0;
202300034679;155619111;A01;1;7;0;0;1;13;1;
202300034680;155619109;A01;1;10;0;0;8;13;1;
202300034681;155619107;A01;2;7;0;2;1;1;1;
202300034681;155619108;B01;2;7;0;2;4;23;1;
202300034682;155619105;B01;1;7;0;2;1;1;1;
202300034682;155619106;A01;2;21;0;2;2;15;1;
202300034683;155619104;A01;1;7;0;1;3;15;1;
202300034684;155619103;A01;2;7;2;0;1;0;3;
202300034685;155619102;A01;1;7;8;0;1;1;1;
202300034686;155619098;B01;3;33;0;2;1;1;1;
202300034686;155619101;A01;0;2;0;2;1;1;1;
202300034687;155619099;A01;0;7;0;9;1;9;1;
202300034687;155619100;B01;0;1;0;2;7;1;5;
202300034688;155619096;A01;1;7;2;0;1;2;1;
202300034689;155619093;A01;1;7;4;0;6;15;1;
202300034690;155619091;B01;1;7;0;2;5;1;1;
202300034690;155619092;A01;1;14;0;2;2;26;1;
202300034691;155619089;A01;1;33;0;1;2;0;1;
202300034692;155619090;A01;1;7;4;0;3;11;1;
202300034693;155619088;A01;2;80;0;1;1;1;3;
202300034694;155619087;A01;1;7;4;0;3;1;1;
202300034695;155619085;B01;3;80;14;2;1;1;3;
202300034695;155619086;A01;1;1;14;2;1;1;5;
202300034696;155619082;A01;3;3;0;1;2;2;1;
202300034697;155619081;A01;3;7;0;1;1;1;1;
202300034698;155619083;B01;2;7;0;2;4;1;0;
202300034698;155619084;A01;2;7;0;2;1;1;0;
202300034699;155619077;B01;1;50;0;2;8;1;3;
202300034699;155619080;A01;1;7;0;2;1;15;1;
202300034700;155619073;A01;2;7;0;2;3;17;1;
202300034700;155619074;B01;2;30;0;2;7;17;1;
202300034701;155619075;B01;2;10;0;2;1;1;1;
202300034701;155619076;C01;2;10;0;2;5;1;1;
202300034701;155619078;D01;2;15;0;2;8;1;1;
202300034701;155619079;A01;2;7;0;2;8;11;1;
202300034702;155619072;A01;-1;7;0;0;1;13;0;
202300034703;155619071;B01;1;33;4;2;7;26;1;
202300034704;155619069;A01;1;10;0;2;2;15;1;
202300034704;155619070;B01;2;2;0;2;1;18;1;
202300034705;155619065;A01;1;7;1;0;1;1;1;
202300034705;155619066;B01;1;7;0;2;6;24;1;
202300034706;155619064;B01;2;10;0;2;4;2;1;
202300034706;155619067;C01;2;7;0;2;4;2;1;
202300034706;155619068;A01;2;14;0;2;1;2;1;
202300034707;155619061;B01;1;7;0;2;7;1;1;
202300034707;155619063;A01;2;7;0;2;1;5;1;
202300034708;155619062;A01;1;7;0;1;7;2;1;
202300034709;155619059;A01;2;7;3;2;1;2;1;
202300034710;155619057;B01;0;7;0;2;4;2;3;
202300034710;155619058;C01;0;7;0;2;4;2;1;
202300034710;155619060;A01;0;10;0;2;1;2;1;
202300034711;155619054;B01;3;33;0;2;1;0;1;
202300034711;155619056;A01;3;14;0;2;8;11;1;
202300034712;155619051;B01;1;7;0;2;2;1;1;
202300034712;155619053;A01;2;50;0;2;1;15;3;
202300034713;155619050;A01;1;10;0;1;4;4;1;
202300034714;155619052;B01;2;7;0;2;4;1;1;
202300034714;155619055;A01;2;7;0;2;1;1;1;
202300034715;155619048;A01;1;7;6;0;1;13;1;
202300034716;155619049;A01;0;7;0;1;3;15;1;
202300034717;155619046;A01;3;50;0;2;1;26;3;
202300034717;155619047;B01;3;7;0;2;3;26;1;
202300034718;155619043;A01;3;3;0;2;3;10;3;
202300034718;155619045;B01;3;31;0;2;7;1;1;
202300034719;155619042;A01;1;50;0;2;7;1;3;
202300034719;155619044;B01;2;7;0;2;2;1;1;
202300034720;155619039;B01;3;43;0;2;8;23;1;
202300034720;155619041;A01;3;15;0;2;7;14;1;
202300034721;155619040;A01;1;7;0;1;3;1;1;
202300034722;155619036;A01;1;7;0;2;1;1;1;
202300034722;155619037;B01;1;31;0;2;4;1;1;
202300034723;155619035;B01;3;7;0;2;4;23;1;
202300034723;155619038;A01;3;7;0;2;1;2;1;
202300034724;155619033;A01;1;7;0;2;1;1;1;
202300034724;155619034;B01;1;7;0;2;6;1;1;
202300034725;155619029;A01;2;7;0;2;2;15;1;
202300034725;155619030;B01;1;2;0;2;1;1;1;
202300034726;155619025;B01;3;31;0;2;2;1;1;
202300034726;155619026;A01;3;21;0;2;3;15;1;
202300034727;155619022;A01;1;7;0;2;7;16;1;
202300034727;155619024;B01;2;50;0;2;1;1;3;
202300034728;155619018;A01;2;33;0;2;1;2;1;
202300034728;155619019;B01;2;7;0;2;5;23;1;
202300034729;155619015;A01;3;7;0;2;1;9;1;
202300034729;155619017;B01;3;30;0;2;4;9;1;
202300034730;155619014;A01;1;7;0;2;1;15;1;
202300034730;155619016;B01;1;7;0;2;8;1;1;
202300034731;155619013;A01;1;33;0;1;1;1;1;
202300034732;155619012;A01;1;7;0;1;2;1;1;
202300034733;155619010;A01;1;7;0;2;4;23;1;
202300034733;155619011;B01;1;34;0;2;1;26;1;
202300034734;155619008;A01;3;7;4;1;1;25;1;
202300034735;155619005;B01;1;10;0;2;3;15;1;
202300034735;155619006;A01;2;33;0;2;1;1;1;
202300034736;155619007;B01;3;50;0;2;5;1;3;
202300034736;155619009;A01;3;7;14;2;1;1;1;
202300034737;155619002;A01;3;7;0;2;4;21;0;
202300034737;155619003;B01;3;7;0;2;4;2;0;
202300034737;155619004;C01;3;7;0;2;1;2;0;
202300034738;155619001;A01;2;7;0;1;1;16;2;
202300034739;155618999;A01;3;50;0;2;1;19;3;
202300034739;155619000;B01;3;7;0;2;2;1;1;
202300034740;155618998;A01;1;7;0;1;2;2;0;
202300034741;155618997;A01;2;17;0;0;8;1;1;
202300034742;155618994;A01;1;50;8;0;1;1;3;
202300034743;155618995;A01;1;33;0;2;1;1;1;
202300034743;155618996;B01;2;99;0;2;7;15;1;
202300034744;155618993;A01;1;7;0;1;3;1;0;
202300034745;155618990;A01;1;38;0;2;3;1;3;4.0
202300034745;155618992;B01;2;7;0;2;3;13;1;
202300034746;155618989;A01;1;7;0;2;2;5;1;
202300034746;155618991;B01;2;7;0;2;2;1;1;
202300034747;155618986;A01;3;7;0;1;1;1;1;
202300034748;155618987;B01;2;10;8;2;3;1;0;
202300034748;155618988;A01;2;10;0;2;1;1;0;
202300034749;155618983;A01;1;7;0;1;3;1;1;
202300034750;155618982;A01;2;7;15;2;1;13;1;
202300034750;155618984;B01;2;7;0;2;1;2;1;
202300034750;155618985;C01;2;7;0;2;1;2;1;
202300034751;155618981;A01;1;7;2;0;1;14;1;
202300034752;155618979;A01;2;50;0;1;7;1;3;
202300034753;155618977;A01;1;7;0;2;1;5;1;
202300034753;155618978;B01;2;10;0;2;6;1;1;
202300034753;155618980;C01;2;10;0;2;1;1;1;
202300034754;155618974;A01;1;33;0;0;0;1;1;
202300034755;155618973;B01;1;7;0;2;7;1;1;
202300034755;155618975;C01;2;7;0;2;3;1;1;
202300034755;155618976;A01;1;7;0;2;1;1;1;
202300034756;155618972;A01;3;10;0;1;2;1;0;
202300034757;155618970;A01;3;7;0;2;7;12;1;
202300034757;155618971;B01;3;43;0;2;8;1;1;
202300034758;155618968;A01;1;33;0;2;9;26;1;
202300034758;155618969;B01;1;7;0;2;8;1;1;
202300034759;155618964;C01;2;7;0;2;3;24;1;
202300034759;155618966;A01;3;7;0;2;8;15;1;
202300034759;155618967;B01;3;33;0;2;1;17;1;
202300034760;155618963;A01;1;7;0;2;1;15;1;
202300034760;155618965;B01;3;31;0;2;3;5;1;
202300034761;155618962;A01;1;7;0;1;2;1;1;
202300034762;155618961;A01;1;10;0;1;5;4;1;
202300034763;155618959;A01;3;10;0;2;3;1;1;
202300034763;155618960;B01;3;33;0;2;2;16;1;
202300034764;155618955;B01;0;50;0;2;4;19;3;
202300034764;155618957;A01;2;7;0;2;2;1;1;
202300034765;155618950;B01;1;30;0;2;4;2;3;
202300034765;155618952;A01;1;7;0;2;3;2;1;
202300034766;155618949;A01;2;7;0;2;9;9;1;
202300034766;155618951;F01;2;7;0;2;6;1;1;
202300034766;155618953;B01;2;7;0;2;7;1;1;
202300034766;155618954;C01;2;7;4;2;9;0;1;
202300034766;155618956;D01;2;7;0;2;4;1;3;
202300034766;155618958;E01;2;7;0;2;5;1;3;
202300034767;155618947;B01;2;1;1;0;1;1;5;
202300034767;155618948;A01;2;7;0;2;8;24;1;
202300034768;155618945;A01;1;7;0;1;2;1;1;
202300034769;155618944;A01;3;7;0;2;3;15;0;
202300034769;155618946;B01;3;7;16;2;1;1;1;
202300034770;155618942;A01;3;7;0;9;7;1;1;
202300034770;155618943;B01;3;50;0;2;1;19;3;
202300034771;155618940;A01;1;7;0;2;1;5;1;
202300034771;155618941;B01;1;15;0;2;1;1;0;
202300034772;155618938;A01;2;7;0;2;3;9;1;
202300034772;155618939;B01;1;7;0;2;2;2;1;
202300034773;155618936;Z01;3;7;0;2;1;5;1;
202300034773;155618937;B01;3;10;0;2;1;1;1;
202300034774;155618935;A01;1;7;0;1;2;1;1;
202300034775;155618933;A01;1;34;0;2;8;1;1;
202300034775;155618934;Z01;1;7;0;2;7;17;0;
202300034776;155618931;A01;2;7;0;2;1;9;1;
202300034776;155618932;B01;2;7;0;2;7;26;2;
202300034777;155618930;A01;2;7;0;1;1;1;1;
202300034778;155618929;A01;1;10;0;1;1;1;1;
202300034779;155618928;A01;1;7;16;0;2;0;1;
202300034780;155618926;B01;3;1;0;2;8;1;5;
202300034780;155618927;A01;3;7;0;2;1;1;1;
202300034781;155618925;A01;1;7;1;1;2;13;2;
202300034782;155618924;A01;2;10;0;0;1;16;1;
202300034783;155618923;A01;1;33;0;0;0;1;1;
202300034784;155618922;A01;2;7;0;1;3;1;1;
202300034785;155618920;B01;1;60;0;2;3;1;5;
202300034785;155618921;A01;3;7;0;2;1;9;1;
202300034786;155618918;B01;3;1;0;2;1;2;5;
202300034786;155618919;A01;3;7;0;2;5;16;1;
202300034787;155618916;A01;2;7;0;2;3;13;1;
202300034787;155618917;B01;1;10;0;2;3;1;1;
202300034788;155618914;A01;1;7;0;2;1;1;1;
202300034788;155618915;B01;1;7;0;2;5;1;1;
202300034789;155618912;A01;1;7;0;1;2;21;1;
202300034790;155618911;A01;0;7;0;9;2;9;1;
202300034790;155618913;B01;0;1;0;2;3;1;5;
202300034791;155618909;A01;3;7;0;1;6;4;1;
202300034792;155618906;A01;1;2;0;1;2;0;1;
202300034793;155618907;B01;2;7;0;2;1;2;1;
202300034793;155618908;C01;2;7;0;2;4;2;1;
202300034793;155618910;A01;2;7;0;2;1;2;1;
202300034794;155618903;A01;1;33;0;1;1;1;1;
202300034795;155618900;A01;3;50;0;2;8;19;3;
202300034795;155618901;B01;3;37;0;2;1;1;0;1.0
202300034796;155618899;A01;1;7;0;1;2;1;1;
202300034797;155618897;B01;2;7;0;2;3;0;1;
202300034797;155618898;A01;1;33;0;2;1;17;1;
202300034798;155618896;A01;2;7;0;1;3;19;1;
202300034799;155618894;B01;3;7;0;2;8;9;1;
202300034799;155618895;A01;2;7;0;2;2;1;1;
202300034800;155618892;A01;1;7;0;2;1;1;1;
202300034800;155618893;B01;3;50;0;2;4;1;3;
202300034801;155618890;A01;1;7;0;1;1;15;1;
202300034802;155618888;B01;2;7;0;2;4;2;1;
202300034802;155618889;A01;2;7;0;2;4;2;1;
202300034802;155618891;Z01;2;7;0;2;0;2;1;
202300034803;155618887;A01;0;7;0;0;0;0;1;
202300034804;155618886;A01;2;7;8;0;3;1;1;
202300034805;155618883;A01;3;7;0;2;3;26;1;
202300034805;155618885;B01;0;30;0;2;1;1;1;
202300034806;155618882;A01;1;37;0;2;1;1;6;2.0
202300034806;155618884;B01;1;1;0;2;7;14;5;
202300034807;155618881;A01;2;10;0;1;3;15;0;
202300034808;155618880;A01;1;7;0;1;3;1;1;
202300034809;155618879;A01;1;2;0;1;1;1;2;
202300034810;155618876;B01;1;50;12;2;1;19;3;
202300034810;155618877;A01;2;10;12;2;2;16;1;
202300034811;155618875;B01;0;43;0;2;8;1;1;
202300034811;155618878;A01;2;7;0;2;3;15;1;
202300034812;155618873;A01;2;7;0;2;1;0;1;
202300034812;155618874;B01;2;7;0;2;3;15;1;
202300034813;155618871;A01;2;7;8;4;0;10;1;
202300034813;155618872;B01;2;40;0;2;2;1;6;
202300034814;155618870;A01;3;10;8;0;1;14;1;
202300034815;155618869;A01;2;7;9;0;3;1;1;
202300034816;155618868;A01;1;7;0;1;1;1;1;
202300034817;155618866;A01;2;7;0;2;1;15;1;
202300034817;155618867;B01;1;7;0;2;3;1;1;
202300034818;155618864;A01;2;7;0;2;2;9;3;
202300034818;155618865;B01;2;80;0;2;3;1;3;
202300034819;155618862;A01;3;7;0;2;3;15;1;
202300034819;155618863;B01;3;37;0;2;2;7;4;3.0
202300034820;155618861;A01;2;30;16;0;0;1;1;
202300034821;155618860;A01;3;33;0;0;1;2;1;
202300034822;155618859;A01;3;1;16;0;0;1;5;
202300034823;155618857;A01;1;7;0;2;2;20;1;
202300034823;155618858;B01;0;50;0;2;1;1;3;
202300034824;155618856;A01;1;7;0;1;3;15;1;
202300034825;155618855;A01;1;7;0;1;1;15;1;
202300034826;155618853;A01;2;10;0;2;1;2;4;
202300034826;155618854;B01;2;50;0;2;4;2;3;
202300034827;155618852;A01;1;7;0;1;1;1;1;
202300034828;155618850;B01;1;1;0;2;0;1;5;
202300034828;155618851;A01;2;7;0;2;0;15;1;
202300034829;155618849;A01;3;7;0;1;6;4;1;
202300034830;155618848;A01;1;99;0;1;1;26;1;
202300034831;155618847;A01;3;7;0;1;1;1;2;
202300034832;155618845;A01;1;7;1;0;7;17;1;
202300034832;155618846;B01;1;1;1;0;8;18;5;
202300034833;155618843;A01;1;7;0;9;3;15;1;
202300034833;155618844;B01;1;50;0;2;1;1;3;
202300034834;155618841;B01;1;10;0;2;8;1;3;
202300034834;155618842;A01;1;10;0;2;3;15;1;
202300034835;155618839;B01;3;7;0;2;1;1;1;
202300034835;155618840;A01;0;7;0;2;2;1;1;
202300034836;155618837;B01;1;80;0;2;3;1;3;
202300034836;155618838;A01;2;7;0;2;2;5;1;
202300034837;155618835;B01;2;2;0;2;1;1;1;
202300034837;155618836;A01;1;7;0;2;3;15;1;
202300034838;155618833;B01;3;7;0;0;0;0;1;
202300034838;155618834;A01;3;50;0;2;1;2;3;
202300034839;155618832;A01;1;7;0;1;1;1;1;
202300034840;155618831;A01;2;10;5;0;1;1;1;
202300034841;155618828;B01;1;10;0;2;1;1;1;
202300034841;155618829;A01;1;7;0;2;1;14;1;
202300034842;155618826;B01;1;1;0;2;4;2;5;
202300034842;155618827;A01;1;10;0;2;2;2;1;
202300034843;155618824;A01;3;7;0;2;2;15;1;
202300034843;155618825;B01;3;7;0;2;1;0;1;
202300034844;155618822;A01;2;7;0;2;1;0;0;
202300034844;155618823;B01;2;1;0;2;4;1;5;
202300034845;155618820;B01;3;32;0;2;8;1;1;
202300034845;155618821;Z01;0;10;0;2;0;0;0;
202300034846;155618819;A01;2;7;0;1;1;26;1;
202300034847;155618818;A01;1;7;0;1;1;1;1;
202300034848;155618816;A01;2;50;0;2;1;1;3;
202300034848;155618817;B01;2;7;0;9;8;1;1;
202300034849;155618815;A01;2;10;2;0;2;14;1;
202300034850;155618812;A01;1;7;0;2;3;17;1;
202300034850;155618813;B01;1;7;0;2;8;1;1;
202300034850;155618814;C01;2;7;0;2;1;1;3;
202300034851;155618811;A01;2;7;0;1;1;26;1;
202300034852;155618809;A01;1;7;0;2;2;1;1;
202300034852;155618810;B01;2;7;0;2;6;1;1;
202300034853;155618806;C01;2;7;0;2;4;1;1;
202300034853;155618807;B01;2;7;0;2;4;1;1;
202300034853;155618808;A01;2;7;0;2;1;1;1;
202300034854;155618804;A01;2;7;0;2;2;15;1;
202300034854;155618805;B01;1;2;0;2;1;1;1;
202300034855;155618801;A01;2;7;0;1;3;9;1;
202300034856;155618800;A01;3;7;0;1;3;15;1;
202300034857;155618798;B01;3;1;0;2;1;1;5;
202300034857;155618799;A01;3;7;0;9;3;26;1;
202300034858;155618796;A01;1;10;0;2;6;9;0;
202300034858;155618797;B01;1;50;0;2;1;1;3;
202300034859;155618794;B01;3;7;0;2;7;0;1;
202300034859;155618795;A01;3;7;0;2;1;1;1;
202300034860;155618792;A01;1;33;0;2;1;17;1;
202300034860;155618793;B01;1;31;0;2;1;1;1;
202300034861;155618790;A01;1;7;0;2;1;13;1;
202300034861;155618791;B01;2;7;0;2;1;1;1;
202300034862;155618788;A01;1;7;0;2;2;5;1;
202300034862;155618789;B01;2;7;0;2;7;21;1;
202300034863;155618786;B01;1;1;0;0;8;19;5;
202300034863;155618787;A01;1;7;0;2;2;1;1;
202300034864;155618784;A01;1;2;0;2;2;14;1;
202300034864;155618785;B01;2;7;0;2;1;0;1;
202300034865;155618782;B01;1;7;0;2;3;15;1;
202300034865;155618783;A01;1;21;0;2;2;26;1;
202300034866;155618780;A01;2;7;0;2;1;1;1;
202300034866;155618781;B01;0;7;0;2;8;15;1;
202300034867;155618777;A01;2;7;0;2;9;13;1;
202300034867;155618778;B01;1;7;0;2;3;1;1;
202300034867;155618779;C01;1;7;0;2;9;2;1;
202300034868;155618776;A01;0;7;0;0;9;1;1;
202300034869;155618775;A01;3;7;0;1;2;1;1;
202300034870;155618774;A01;2;31;9;0;2;26;1;
202300034871;155618773;A01;2;10;3;0;3;1;1;
202300034872;155618771;A01;2;7;0;2;3;17;1;
202300034872;155618772;B01;1;7;0;2;3;1;1;
202300034873;155618770;A01;2;33;8;0;1;1;1;
202300034874;155618769;A01;3;7;10;0;3;0;1;
202300034875;155618768;A01;2;33;0;0;0;0;1;
202300034876;155618767;A01;2;7;6;0;1;1;0;
202300034877;155618765;A01;1;10;0;2;7;19;1;
202300034877;155618766;B01;1;7;0;2;1;1;1;
202300034878;155618763;B01;2;7;0;2;1;15;1;
202300034878;155618764;A01;1;2;0;2;7;5;1;
202300034879;155618761;A01;1;33;0;2;1;1;1;
202300034879;155618762;B01;0;7;0;2;1;1;0;
202300034880;155618760;A01;2;31;0;6;1;1;1;
202300034881;155618758;A01;1;31;0;2;3;1;1;
202300034881;155618759;B01;2;7;0;2;3;15;1;
202300034882;155618757;A01;1;33;0;0;7;1;1;
202300034883;155618755;A01;2;7;6;0;1;1;0;
202300034884;155618753;B01;2;33;0;2;0;5;0;
202300034884;155618754;A01;1;7;0;2;3;1;1;
202300034885;155618752;A01;2;7;13;0;2;14;1;
202300034886;155618751;A01;1;7;2;0;1;1;1;
202300034887;155618750;A01;1;10;8;0;8;0;6;
202300034888;155618749;A01;2;7;13;0;3;1;1;
202300034889;155618748;A01;0;7;0;1;3;1;1;
202300034890;155618747;A01;2;7;0;0;1;0;1;
202300034891;155618744;A01;1;7;0;2;3;0;1;
202300034891;155618745;B01;2;7;0;2;6;1;1;
202300034891;155618746;C01;2;7;0;2;1;1;1;
202300034892;155618742;A01;1;7;0;2;7;19;1;
202300034892;155618743;B01;2;7;0;2;1;1;2;
202300034893;155618740;A01;2;7;0;2;2;13;1;
202300034893;155618741;B01;1;7;0;2;2;0;1;
202300034894;155618739;A01;1;7;0;0;8;26;1;
202300034895;155618735;A01;1;7;0;2;1;16;1;
202300034895;155618736;B01;2;1;0;2;1;5;5;
202300034896;155618733;A01;1;14;0;0;0;1;1;
202300034896;155618734;B01;1;7;3;0;1;1;1;
202300034897;155618732;A01;1;10;0;1;1;1;0;
202300034898;155618729;A01;2;10;0;0;0;1;1;
202300034898;155618730;B01;2;33;0;9;1;1;1;
202300034898;155618731;C01;2;7;0;9;1;1;2;
202300034899;155618727;A01;1;32;0;2;1;17;1;
202300034899;155618728;B01;1;7;0;0;3;15;1;
202300034900;155618725;A01;3;7;0;2;3;1;1;
202300034900;155618726;B01;0;2;0;2;1;5;1;
202300034901;155618722;C01;1;2;0;0;0;0;1;
202300034901;155618723;A01;1;7;0;0;2;0;1;
202300034901;155618724;B01;2;31;0;2;2;0;1;
202300034902;155618720;A01;1;7;0;2;1;17;1;
202300034902;155618721;B01;2;7;0;2;1;1;2;
202300034903;155618718;A01;2;7;0;2;1;1;1;
202300034903;155618719;B01;2;7;0;2;8;1;1;
202300034904;155618716;A01;1;33;12;2;3;13;1;
202300034904;155618717;B01;2;7;0;2;3;1;1;
202300034905;155618714;A01;1;7;0;2;8;13;1;
202300034905;155618715;B01;2;7;0;2;1;1;2;
202300034906;155618713;A01;0;7;6;0;1;0;1;
202300034907;155618710;A01;2;7;0;2;3;13;1;
202300034907;155618711;B01;1;7;0;2;3;1;1;
202300034907;155618712;C01;1;7;0;2;8;1;1;
202300034908;155618709;A01;0;7;0;1;1;1;0;
202300034909;155618707;A01;2;10;0;2;1;13;1;
202300034909;155618708;B01;1;7;0;2;1;1;1;
202300034910;155618705;A01;1;33;0;2;1;2;1;
202300034910;155618706;B01;1;7;0;0;6;2;1;
202300034911;155618703;A01;3;7;0;2;1;13;1;
202300034911;155618704;B01;3;33;0;2;8;21;1;
202300034912;155618700;A01;1;7;0;2;3;0;1;
202300034912;155618701;B01;2;7;0;2;3;5;1;
202300034912;155618702;C01;1;34;5;2;1;0;1;
202300034913;155618699;A01;2;10;0;1;2;1;0;
202300034914;155618696;A01;1;7;0;2;3;13;1;
202300034914;155618697;B01;2;7;0;2;1;1;1;
202300034914;155618698;C01;2;7;0;9;1;1;1;
202300034915;155618694;B01;3;7;0;2;8;13;1;
202300034915;155618695;A01;3;7;0;2;8;0;1;
202300034916;155618693;A01;2;15;2;0;7;14;1;
202300034917;155618691;A01;2;7;0;2;3;15;1;
202300034917;155618692;B01;2;33;0;2;1;0;1;
202300034918;155618689;B01;2;33;0;2;1;2;1;
202300034918;155618690;A01;2;7;0;2;8;15;1;
202300034919;155618687;A01;1;7;0;2;3;1;1;
202300034919;155618688;B01;1;7;0;2;1;1;1;
202300034920;155618685;A01;3;1;0;0;3;1;5;
202300034920;155618686;B01;3;7;0;9;2;15;1;
202300034921;155618683;A01;1;33;6;0;9;1;1;
202300034921;155618684;B01;2;7;0;0;1;1;1;
202300034922;155618681;A01;1;7;0;0;6;15;1;
202300034922;155618682;B01;1;2;0;2;0;17;1;
202300034923;155618680;A01;0;7;9;0;2;15;1;
202300034924;155618679;A01;3;7;8;2;2;1;1;
202300034925;155618677;A01;1;7;0;2;4;1;1;
202300034925;155618678;B01;1;33;0;2;1;1;1;
202300034926;155618675;A01;2;7;0;2;7;12;1;
202300034926;155618676;B01;2;33;0;2;8;2;1;
202300034927;155618672;C01;2;7;3;2;4;2;1;
202300034927;155618673;B01;2;7;3;2;4;2;1;
202300034927;155618674;A01;2;7;3;2;1;2;1;
202300034928;155618670;B01;2;17;0;2;2;1;1;
202300034928;155618671;A01;2;7;0;2;8;26;1;
202300034929;155618667;A01;1;7;0;2;1;2;1;
202300034929;155618668;B01;1;7;0;2;4;2;1;
202300034929;155618669;C01;1;10;0;2;4;2;1;
202300034930;155618665;A01;1;10;0;2;1;11;0;
202300034930;155618666;B01;1;7;0;2;4;12;0;
202300034931;155618662;C01;2;7;0;2;1;2;1;
202300034931;155618663;A01;2;7;0;2;4;2;1;
202300034931;155618664;B01;2;7;0;2;4;2;1;
202300034932;155618660;B01;2;30;0;2;4;9;1;
202300034932;155618661;A01;2;7;0;2;3;1;1;
202300034933;155618657;A01;1;7;0;2;1;1;1;
202300034933;155618658;B01;1;10;0;2;4;1;1;
202300034933;155618659;C01;1;7;0;2;4;1;1;
202300034934;155618653;A01;1;10;0;2;1;2;1;
202300034934;155618654;B01;1;7;0;2;1;2;1;
202300034934;155618655;C01;1;7;0;2;1;2;1;
202300034934;155618656;D01;1;15;0;2;4;2;1;
202300034935;155618651;A01;1;7;0;2;1;1;1;
202300034935;155618652;B01;1;7;0;2;4;1;1;
202300034936;155618649;A01;2;7;0;2;5;12;1;
202300034936;155618650;B01;2;34;0;2;3;3;1;
202300034937;155618647;A01;2;33;0;2;5;11;1;