Num_Acc;id_vehicule;num_veh;senc;catv;obs;obsm;choc;manv;motor;occutc
202300034937;155618648;Z01;2;7;0;2;3;1;0;
202300034938;155618642;B01;2;10;0;2;4;2;1;
202300034938;155618643;C01;2;7;0;2;4;2;1;
202300034938;155618644;D01;2;7;0;2;4;2;1;
202300034938;155618645;E01;2;7;0;2;4;2;1;
202300034938;155618646;A01;2;10;0;2;1;2;1;
202300034939;155618641;A01;1;38;2;0;1;14;1;3.0
202300034940;155618639;B01;2;33;0;2;2;2;1;
202300034940;155618640;A01;2;7;0;2;6;23;1;
202300034941;155618638;A01;1;31;0;0;8;17;1;
202300034942;155618636;A01;2;10;0;2;2;2;1;
202300034942;155618637;B01;2;7;0;2;6;2;1;
202300034943;155618634;A01;3;7;0;1;4;1;1;
202300034943;155618635;B01;3;7;0;2;1;1;1;
202300034944;155618633;A01;1;50;0;1;1;25;3;
202300034945;155618631;B01;2;32;0;2;1;3;0;
202300034945;155618632;A01;1;7;0;9;1;15;1;
202300034946;155618629;A01;2;7;0;2;7;17;1;
202300034946;155618630;B01;2;1;0;2;8;1;0;
202300034947;155618626;B01;0;1;0;2;7;1;5;
202300034947;155618627;C01;0;7;0;2;5;16;1;
202300034947;155618628;A01;0;7;0;2;1;16;1;
202300034948;155618625;A01;0;7;13;0;1;15;1;
202300034949;155618624;A01;2;7;0;1;3;1;1;
202300034950;155618622;A01;1;31;0;2;1;1;1;
202300034950;155618623;B01;2;7;0;2;5;1;1;
202300034951;155618620;B01;1;7;0;2;8;1;1;
202300034951;155618621;A01;1;7;7;2;1;19;1;
202300034952;155618618;B01;1;43;0;2;1;1;1;
202300034952;155618619;A01;1;7;0;0;0;1;2;
202300034953;155618616;A01;1;7;0;2;4;23;1;
202300034953;155618617;B01;1;10;0;2;1;2;1;
202300034954;155618614;A01;1;7;0;2;1;15;1;
202300034954;155618615;B01;2;33;12;0;2;0;1;
202300034955;155618608;X01;2;7;0;2;0;9;0;
202300034955;155618609;A01;2;50;0;2;0;0;3;
202300034956;155618606;A01;3;7;1;2;3;15;1;
202300034956;155618607;B01;3;33;1;0;1;1;1;
202300034957;155618605;A01;1;36;0;0;1;1;0;
202300034958;155618603;A01;1;99;0;2;7;12;1;
202300034958;155618604;B01;1;31;0;2;8;1;1;
202300034959;155618602;A01;0;7;2;0;1;0;1;
202300034960;155618601;A01;1;7;0;1;1;1;2;
202300034961;155618599;A01;1;13;0;2;1;2;1;
202300034961;155618600;B01;1;13;0;2;4;2;1;
202300034962;155618597;C01;3;1;0;2;1;1;5;
202300034962;155618598;B01;3;10;0;2;6;23;1;
202300034963;155618591;A01;3;7;0;1;4;4;1;
202300034964;155618589;A01;0;10;0;2;4;2;1;
202300034964;155618590;B01;0;33;0;2;1;2;1;
202300034965;155618588;A01;0;50;0;0;0;14;3;
202300034966;155618586;A01;0;33;0;2;2;1;1;
202300034966;155618587;B01;0;7;0;2;4;1;1;
202300034967;155618585;A01;1;7;12;0;1;0;1;
202300034968;155618583;A01;2;99;0;2;3;1;1;
202300034968;155618584;B01;2;99;0;2;8;2;6;
202300034969;155618581;A01;3;7;0;2;3;15;1;
202300034969;155618582;B01;3;1;0;2;7;15;5;
202300034970;155618579;B01;2;7;0;2;2;1;1;
202300034970;155618580;A01;1;2;0;2;1;1;1;
202300034971;155618578;A01;2;10;0;1;1;1;1;
202300034972;155618576;A01;2;7;0;2;7;14;1;
202300034972;155618577;B01;2;50;0;2;1;1;3;
202300034973;155618574;A01;2;7;0;2;2;15;3;
202300034973;155618575;B01;1;7;0;2;3;1;1;
202300034974;155618570;A01;1;33;0;2;1;17;1;
202300034974;155618571;B01;1;7;0;2;3;15;1;
202300034975;155618569;A01;2;7;0;1;2;26;1;
202300034976;155618567;B01;3;1;0;2;7;14;5;
202300034976;155618568;A01;2;7;0;2;8;9;1;
202300034977;155618565;A01;2;10;0;2;6;19;1;
202300034977;155618566;B01;1;2;0;2;1;17;1;
202300034978;155618564;A01;3;30;0;0;1;1;1;
202300034979;155618562;A01;2;31;0;2;1;17;1;
202300034979;155618563;B01;3;7;0;2;3;19;1;
202300034980;155618561;A01;2;30;12;0;3;1;1;
202300034981;155618559;A01;3;7;0;2;3;9;1;
202300034981;155618560;B01;3;32;0;2;8;2;1;
202300034982;155618558;A01;1;7;0;1;1;1;1;
202300034983;155618556;A01;2;7;0;2;1;1;1;
202300034983;155618557;B01;2;7;7;0;4;23;1;
202300034984;155618554;B01;2;30;1;2;1;1;1;
202300034984;155618555;A01;3;7;1;2;4;4;1;
202300034985;155618552;A01;2;33;0;2;7;17;1;
202300034985;155618553;B01;2;7;0;2;8;15;1;
202300034986;155618550;B01;1;7;0;2;8;15;1;
202300034986;155618551;A01;1;33;0;2;1;2;1;
202300034987;155618549;A01;3;7;9;0;1;1;1;
202300034988;155618547;B01;2;7;0;2;3;20;1;
202300034988;155618548;A01;2;50;0;2;3;17;3;
202300034989;155618545;A01;3;7;0;2;5;16;1;
202300034989;155618546;B01;3;37;0;2;1;1;1;2.0
202300034990;155618543;A01;1;7;0;2;1;1;1;
202300034990;155618544;B01;1;7;0;2;3;0;1;
202300034991;155618541;A01;2;7;0;2;7;15;1;
202300034991;155618542;B01;1;33;0;2;1;1;1;
202300034992;155618536;A01;2;7;0;1;8;21;1;
202300034993;155618537;A01;3;7;0;2;5;14;1;
202300034993;155618538;B01;3;31;0;2;3;1;1;
202300034994;155618534;A01;2;31;0;0;0;14;1;
202300034995;155618533;B01;2;30;0;2;8;2;1;
202300034995;155618535;A01;1;7;0;2;1;15;1;
202300034996;155618532;A01;1;30;0;0;7;15;1;
202300034997;155618531;A01;2;43;11;9;1;1;1;
202300034998;155618529;A01;2;38;0;1;1;1;1;1.0
202300034999;155618527;C01;2;7;0;2;4;23;1;
202300034999;155618528;A01;2;7;0;2;1;1;1;
202300034999;155618530;B01;2;7;0;2;4;1;1;
202300035000;155618525;Z01;1;7;0;1;1;1;0;
202300035001;155618524;B01;1;10;0;2;2;0;0;
202300035001;155618526;A01;1;10;0;2;2;15;0;
202300035002;155618523;Z01;1;7;0;1;1;1;0;
202300035003;155618521;B01;1;17;0;2;1;1;1;
202300035003;155618522;A01;2;7;0;2;1;13;1;
202300035004;155618520;A01;3;37;0;1;1;7;1;1.0
202300035005;155618517;A01;2;7;0;1;3;0;1;
202300035006;155618516;B01;3;10;0;2;1;1;1;
202300035006;155618518;A01;3;7;0;2;2;15;1;
202300035007;155618515;A01;3;7;2;0;2;1;1;
202300035008;155618514;A01;1;7;0;1;2;1;1;
202300035009;155618512;A01;3;7;3;0;1;1;1;
202300035010;155618513;A01;1;7;0;1;1;1;1;
202300035011;155618509;A01;1;7;0;2;3;15;1;
202300035011;155618510;B01;1;34;0;2;1;17;1;
202300035012;155618504;A01;1;7;0;2;3;15;1;
202300035012;155618506;B01;2;60;0;2;4;1;5;
202300035013;155618502;A01;1;7;0;2;7;0;1;
202300035014;155618501;B01;3;7;0;2;1;1;1;
202300035014;155618503;A01;3;7;0;2;3;15;1;
202300035015;155618498;B01;3;7;0;2;3;15;1;
202300035015;155618499;A01;3;7;0;2;3;1;1;
202300035016;155618496;A01;2;10;0;2;1;1;1;
202300035016;155618497;B01;2;2;0;2;4;1;1;
202300035016;155618500;C01;2;7;0;2;4;1;1;
202300035017;155618494;A01;2;7;13;0;1;1;2;
202300035018;155618495;A01;1;7;7;1;1;21;1;
202300035019;155618493;A01;1;37;0;1;1;14;1;1.0
202300035020;155618491;A01;2;7;0;2;1;2;1;
202300035020;155618492;B01;2;15;0;2;6;23;1;
202300035021;155618489;A01;1;7;0;2;1;26;1;
202300035021;155618490;B01;1;1;0;0;0;0;5;
202300035022;155618487;B01;2;7;0;2;3;16;1;
202300035022;155618488;A01;1;2;0;2;1;25;1;
202300035023;155618485;B01;1;7;0;2;1;1;1;
202300035023;155618486;A01;1;10;0;2;1;5;1;
202300035024;155618484;A01;1;7;0;1;1;1;1;
202300035025;155618481;A01;1;7;0;2;5;9;1;
202300035025;155618483;B01;1;33;0;2;8;1;1;
202300035026;155618480;B01;1;30;0;2;2;1;1;
202300035026;155618482;A01;1;7;0;2;2;5;1;
202300035027;155618477;A01;2;10;0;1;1;2;1;
202300035028;155618478;A01;0;7;0;2;2;9;1;
202300035028;155618479;B01;0;14;0;2;6;9;1;
202300035029;155618476;A01;3;7;0;6;1;0;1;
202300035030;155618473;A01;3;7;0;2;1;1;1;
202300035030;155618475;B01;3;7;0;2;8;15;1;
202300035031;155618472;A01;3;7;0;2;3;15;1;
202300035031;155618474;B01;3;31;0;2;1;1;1;
202300035032;155618471;A01;2;10;0;1;3;1;1;
202300035033;155618470;A01;1;7;0;1;5;15;1;
202300035034;155618469;A01;2;7;8;0;0;19;1;
202300035035;155618467;A01;1;33;0;2;8;17;1;
202300035035;155618468;B01;1;7;0;2;8;15;1;
202300035036;155618465;A01;2;7;0;2;1;1;1;
202300035036;155618466;B01;1;15;0;2;3;1;1;
202300035037;155618463;A01;1;7;0;2;1;5;1;
202300035037;155618464;B01;2;7;0;2;1;1;1;
202300035038;155618461;B01;2;33;0;2;3;9;1;
202300035038;155618462;A01;2;7;0;2;2;9;1;
202300035039;155618459;Z01;2;7;0;2;1;1;0;
202300035039;155618460;B01;2;31;0;2;2;15;1;
202300035040;155618457;A01;1;7;0;2;3;22;1;
202300035040;155618458;B01;1;50;1;0;1;1;3;
202300035041;155618456;A01;1;40;0;1;2;1;3;
202300035042;155618454;B01;2;7;0;2;1;2;1;
202300035042;155618455;A01;2;1;0;2;7;13;5;
202300035043;155618452;A01;0;7;0;2;1;13;1;
202300035043;155618453;B01;0;50;0;2;1;1;3;
202300035044;155618450;B01;1;7;0;2;8;1;1;
202300035044;155618451;A01;1;7;1;2;1;5;1;
202300035045;155618447;A01;1;33;0;2;1;21;1;
202300035045;155618448;B01;1;7;0;2;4;1;1;
202300035046;155618445;A01;2;7;0;2;2;15;1;
202300035046;155618446;B01;1;1;0;2;1;1;5;
202300035047;155618444;A01;2;7;0;1;2;0;1;
202300035048;155618442;A01;1;31;0;1;1;19;0;
202300035049;155618441;A01;2;7;0;2;1;2;1;
202300035049;155618443;B01;2;7;0;2;4;2;1;
202300035050;155618440;A01;1;37;0;1;3;15;1;1.0
202300035051;155618439;A01;2;7;2;0;1;1;1;
202300035052;155618437;B01;2;7;0;2;3;15;1;
202300035052;155618438;A01;2;32;0;2;5;1;1;
202300035053;155618435;A01;2;2;0;2;2;1;1;
202300035053;155618436;B01;3;7;0;2;1;15;1;
202300035054;155618434;A01;1;10;0;1;2;1;1;
202300035055;155618433;A01;1;7;5;0;3;1;1;
202300035056;155618430;A01;2;7;1;0;2;14;1;
202300035056;155618431;B01;1;7;1;2;2;24;1;
202300035056;155618432;C01;1;7;1;0;6;24;1;
202300035057;155618428;A01;3;30;0;2;1;1;1;
202300035057;155618429;B01;3;7;0;2;3;9;1;
202300035058;155618427;A01;3;15;0;1;8;1;1;
202300035059;155618426;A01;3;1;12;0;1;1;5;
202300035060;155618425;A01;3;3;3;0;3;2;1;
202300035061;155618422;A01;2;1;0;2;8;17;5;
202300035061;155618424;B01;1;7;0;2;8;1;1;
202300035062;155618421;B01;1;7;0;2;6;9;1;
202300035062;155618423;A01;1;7;0;2;3;1;1;
202300035063;155618419;A01;2;7;0;1;1;15;1;
202300035064;155618418;A01;2;7;0;2;7;15;1;
202300035064;155618420;B01;1;30;0;2;8;1;1;
202300035065;155618415;A01;3;10;0;2;1;2;1;
202300035065;155618417;B01;3;13;0;2;4;23;1;
202300035066;155618414;A01;1;33;0;2;1;17;1;
202300035066;155618416;B01;0;7;0;2;8;15;1;
202300035067;155618412;A01;3;7;0;2;1;19;1;
202300035067;155618413;B01;3;1;0;2;7;1;5;
202300035068;155618410;A01;2;37;0;2;3;1;0;1.0
202300035068;155618411;B01;1;7;14;2;1;17;0;
202300035069;155618406;C01;2;1;0;2;8;2;5;
202300035069;155618408;A01;2;10;0;2;7;14;1;
202300035069;155618409;B01;1;1;0;2;8;2;5;
202300035070;155618405;A01;0;7;0;2;3;15;1;
202300035070;155618407;B01;0;34;0;2;5;15;0;
202300035071;155618403;A01;3;2;0;0;4;26;1;
202300035072;155618402;B01;2;14;0;9;4;1;1;
202300035072;155618404;A01;1;33;4;0;0;1;1;
202300035073;155618400;A01;2;7;4;0;3;6;1;
202300035074;155618399;A01;1;60;0;2;1;1;5;
202300035074;155618401;B01;1;7;0;9;2;0;3;
202300035075;155618398;A01;1;7;2;0;2;1;1;
202300035076;155618392;A01;2;7;0;0;1;2;1;
202300035076;155618393;B01;2;7;0;0;4;23;3;
202300035077;155618394;B01;1;33;0;2;2;17;1;
202300035077;155618395;A01;1;7;0;2;3;15;1;
202300035078;155618388;A01;1;7;0;2;3;13;1;
202300035078;155618390;B01;1;33;0;2;2;15;1;
202300035079;155618386;A01;0;7;0;2;1;13;1;
202300035079;155618387;B01;0;7;0;2;1;1;1;
202300035080;155618385;A01;1;40;0;1;1;1;3;
202300035081;155618383;B01;2;50;0;2;1;1;3;
202300035081;155618384;A01;1;7;0;2;3;9;1;
202300035082;155618381;A01;2;7;0;2;2;2;1;
202300035082;155618382;B01;2;33;0;2;2;2;1;
202300035083;155618379;B01;1;50;0;2;3;1;3;
202300035083;155618380;A01;1;7;0;2;5;16;1;
202300035084;155618377;A01;2;7;15;0;9;1;6;
202300035085;155618376;B01;0;7;0;2;5;16;1;
202300035085;155618378;A01;0;30;0;2;3;18;1;
202300035086;155618375;A01;1;7;0;1;1;1;1;
202300035087;155618374;A01;1;17;0;1;2;0;1;
202300035088;155618372;A01;1;2;0;2;1;1;1;
202300035088;155618373;B01;1;7;0;2;4;1;1;
202300035089;155618370;B01;2;37;0;2;4;23;3;1.0
202300035089;155618371;A01;2;1;0;2;1;12;5;
202300035090;155618368;B01;3;7;0;2;4;1;1;
202300035090;155618369;A01;3;7;0;2;1;1;1;
202300035091;155618367;A01;1;10;0;1;6;4;3;
202300035092;155618365;A01;1;7;0;2;7;16;1;
202300035092;155618366;B01;1;7;0;2;1;14;1;
202300035093;155618363;B01;2;34;0;2;7;1;1;
202300035093;155618364;A01;2;7;0;2;8;22;2;
202300035094;155618361;B01;0;33;0;2;4;2;1;
202300035094;155618362;A01;1;7;0;2;1;2;1;
202300035095;155618359;A01;1;1;0;2;8;1;5;
202300035095;155618360;B01;1;30;0;2;1;1;0;
202300035096;155618357;B01;1;7;0;2;1;23;1;
202300035096;155618358;A01;2;7;0;2;1;6;1;
202300035097;155618355;B01;1;7;0;2;2;15;1;
202300035097;155618356;A01;1;30;0;2;1;16;1;
202300035098;155618353;B01;1;10;0;2;7;19;1;
202300035098;155618354;A01;1;7;0;2;1;19;1;
202300035099;155618350;A01;1;10;0;2;7;12;1;
202300035099;155618351;B01;1;2;0;2;9;1;1;
202300035100;155618349;A01;1;30;0;1;2;17;3;
202300035101;155618348;A01;0;7;6;0;1;19;1;
202300035102;155618346;B01;1;80;0;2;8;1;3;
202300035102;155618347;Z01;2;7;0;2;3;14;1;
202300035103;155618345;A01;1;7;0;1;1;1;1;
202300035104;155618342;A01;1;7;0;0;8;1;1;
202300035105;155618343;A01;2;80;0;2;4;1;3;
202300035105;155618344;Z01;2;37;0;2;2;14;0;1.0
202300035106;155618340;A01;1;7;0;1;1;15;1;
202300035107;155618339;Z01;2;30;0;2;1;1;1;
202300035107;155618341;A01;1;1;0;2;8;1;5;
202300035108;155618337;B01;0;7;0;2;1;1;0;
202300035108;155618338;A01;0;10;0;2;1;13;0;
202300035109;155618336;A01;3;32;0;1;1;1;1;
202300035110;155618335;A01;1;7;13;0;1;14;1;
202300035111;155618334;A01;1;30;0;0;8;1;3;
202300035112;155618333;A01;1;30;0;1;1;1;3;
202300035113;155618331;B01;2;7;0;2;1;1;1;
202300035113;155618332;A01;1;7;0;2;1;13;1;
202300035114;155618330;A01;1;7;3;0;2;1;1;
202300035115;155618329;A01;2;50;0;1;1;16;3;
202300035116;155618327;A01;1;33;0;1;1;1;1;
202300035117;155618325;B01;1;1;0;2;1;1;5;
202300035117;155618326;A01;1;1;0;2;1;13;5;
202300035118;155618324;A01;3;7;2;0;1;20;1;
202300035119;155618319;A01;0;7;0;2;1;15;1;
202300035119;155618323;B01;0;34;0;2;1;0;1;
202300035120;155618318;D01;3;7;0;2;4;2;1;
202300035120;155618320;C01;3;7;0;2;4;2;1;
202300035120;155618321;A01;3;10;0;2;1;2;1;
202300035120;155618322;B01;3;7;0;2;4;2;1;
202300035121;155618317;A01;1;7;1;0;3;13;1;
202300035122;155618316;A01;0;7;0;1;1;2;1;
202300035123;155618314;A01;3;10;0;2;4;4;6;
202300035123;155618315;B01;3;1;0;2;1;1;5;
202300035124;155618312;A01;1;7;0;2;3;15;1;
202300035124;155618313;B01;2;7;0;2;1;1;1;
202300035125;155618310;A01;1;33;14;2;1;2;1;
202300035125;155618311;B01;1;7;0;2;4;0;1;
202300035126;155618308;A01;1;7;0;2;8;15;1;
202300035126;155618309;B01;1;33;0;2;2;17;1;
202300035127;155618305;A01;3;7;0;2;1;2;1;
202300035127;155618306;B01;3;7;0;2;4;2;1;
202300035128;155618303;A01;0;32;0;2;7;17;1;
202300035128;155618304;B01;0;7;0;2;8;1;1;
202300035129;155618302;A01;0;7;0;1;7;1;1;
202300035130;155618299;C01;1;7;0;2;1;1;1;
202300035130;155618300;B01;1;7;0;2;3;1;1;
202300035130;155618301;A01;2;7;0;2;3;13;2;
202300035131;155618292;Z01;1;7;0;1;0;2;0;
202300035132;155618291;A01;2;7;0;1;3;15;1;
202300035133;155618289;B01;1;7;0;2;4;1;1;
202300035133;155618290;A01;1;7;0;2;1;1;1;
202300035134;155618288;A01;1;7;3;0;3;13;1;
202300035135;155618286;A01;3;7;0;2;3;19;1;
202300035135;155618287;B01;1;7;0;2;3;1;1;
202300035136;155618285;A01;2;14;0;1;1;1;1;
202300035137;155618284;A01;1;10;0;0;0;1;1;
202300035138;155618282;A01;0;7;0;0;0;0;1;
202300035138;155618283;B01;3;7;0;0;0;0;1;
202300035139;155618280;B01;3;7;0;2;7;19;1;
202300035139;155618281;A01;0;7;0;2;1;19;1;
202300035140;155618278;B01;3;10;0;2;3;1;1;
202300035140;155618279;A01;3;7;0;2;7;6;1;
202300035141;155618277;A01;3;7;0;1;3;15;1;
202300035142;155618275;B01;2;7;0;2;4;2;1;
202300035142;155618276;A01;2;7;0;2;1;2;1;
202300035143;155618273;A01;3;7;0;2;1;1;1;
202300035143;155618274;B01;1;7;0;2;2;9;1;
202300035144;155618270;A01;3;7;0;2;1;1;1;
202300035144;155618271;B01;3;7;0;2;4;1;1;
202300035144;155618272;C01;3;10;0;2;4;1;1;
202300035145;155618268;A01;3;7;0;2;7;1;1;
202300035145;155618269;B01;3;7;0;2;1;1;1;
202300035146;155618264;B01;2;7;0;2;4;2;1;
202300035146;155618265;A01;2;7;0;2;1;2;1;
202300035146;155618266;C01;2;7;0;2;4;2;1;
202300035146;155618267;D01;2;7;0;2;4;2;1;
202300035147;155618260;A01;1;32;0;2;1;3;1;
202300035147;155618261;B01;1;32;0;2;4;3;1;
202300035147;155618262;C01;1;33;0;2;4;3;1;
202300035148;155618259;A01;2;1;0;1;8;1;5;
202300035149;155618257;A01;1;37;0;2;5;13;3;1.0
202300035149;155618258;B01;1;32;0;2;8;15;3;
202300035150;155618255;B01;1;7;0;2;3;1;2;
202300035150;155618256;A01;1;10;0;2;2;12;0;
202300035151;155618254;A01;1;50;0;1;2;1;3;
202300035152;155618253;A01;3;7;0;1;6;1;2;
202300035153;155618252;A01;3;7;0;1;2;16;1;
202300035154;155618251;Z01;2;10;0;1;1;15;1;
202300035155;155618249;A01;1;7;0;2;4;1;1;
202300035155;155618250;B01;1;7;0;2;1;1;1;
202300035156;155618248;A01;1;30;0;0;0;17;1;
202300035157;155618247;A01;2;37;4;0;2;1;3;1.0
202300035158;155618246;A01;1;30;0;0;0;21;1;
202300035159;155618245;A01;2;1;0;1;1;1;5;
202300035160;155618244;A01;2;1;0;0;0;1;5;
202300035161;155618242;A01;2;30;0;2;1;18;1;
202300035161;155618243;B01;2;13;0;2;5;23;1;
202300035162;155618241;A01;2;33;0;1;1;1;1;
202300035163;155618239;B01;1;32;0;2;2;15;1;
202300035163;155618240;A01;2;1;0;2;8;7;5;
202300035164;155618237;A01;1;10;0;2;4;1;1;
202300035164;155618238;B01;1;7;0;2;2;1;1;
202300035165;155618235;B01;1;7;0;2;4;2;1;
202300035165;155618236;A01;1;7;0;2;1;2;1;
202300035166;155618233;B01;3;7;0;2;1;17;1;
202300035166;155618234;A01;3;7;0;2;4;23;1;
202300035167;155618231;B01;1;50;0;2;8;1;3;
202300035167;155618232;A01;2;7;0;9;8;15;1;
202300035168;155618230;A01;1;7;0;1;3;15;1;
202300035169;155618229;A01;1;36;0;1;1;1;1;
202300035170;155618227;C01;1;7;0;2;3;15;0;
202300035170;155618228;A01;1;13;1;2;2;1;1;
202300035171;155618225;B01;1;30;0;2;1;1;1;
202300035171;155618226;A01;1;30;0;2;7;15;1;
202300035172;155618223;B01;3;7;0;2;3;0;0;
202300035172;155618224;A01;3;7;0;2;2;1;0;
202300035173;155618221;B01;1;33;0;2;1;1;1;
202300035173;155618222;A01;1;7;0;2;3;10;1;
202300035174;155618219;A01;1;7;0;2;8;10;0;
202300035174;155618220;B01;2;10;0;2;1;1;0;
202300035175;155618217;A01;1;7;0;2;2;1;1;
202300035175;155618218;B01;1;31;0;2;1;1;1;
202300035176;155618216;A01;1;10;0;1;1;1;1;
202300035177;155618214;B01;1;34;0;2;1;16;1;
202300035177;155618215;A01;1;7;0;2;5;15;1;
202300035178;155618212;A01;1;7;8;2;8;6;1;
202300035178;155618213;B01;2;7;0;2;8;1;1;
202300035179;155618211;A01;1;99;0;1;4;4;1;
202300035180;155618210;A01;2;7;15;0;2;1;1;
202300035181;155618208;A01;2;2;0;2;5;26;1;
202300035181;155618209;B01;1;7;0;2;3;16;1;
202300035182;155618207;A01;1;7;4;0;1;1;1;
202300035183;155618204;A01;1;7;0;1;3;11;1;
202300035184;155618202;A01;2;7;0;2;4;1;1;
202300035184;155618203;B01;2;7;0;2;1;1;1;
202300035185;155618201;A01;2;14;4;0;1;1;1;
202300035186;155618199;A01;2;10;0;2;4;2;1;
202300035186;155618200;B01;2;10;0;2;1;2;1;
202300035187;155618198;A01;2;31;0;0;8;2;1;
202300035188;155618195;A01;2;7;0;2;4;1;1;
202300035188;155618196;B01;2;10;0;2;4;2;1;
202300035188;155618197;C01;2;10;0;2;1;2;1;
202300035189;155618192;C01;1;7;0;2;4;2;1;
202300035189;155618193;B01;1;7;0;2;4;2;1;
202300035189;155618194;A01;1;10;0;2;1;11;1;
202300035190;155618189;C01;1;7;0;2;4;2;1;
202300035190;155618190;A01;1;7;0;2;1;2;1;
202300035190;155618191;B01;1;10;0;2;4;2;1;
202300035191;155618187;B01;1;33;0;2;7;1;1;
202300035191;155618188;A01;1;7;0;2;8;3;1;
202300035192;155618184;B01;1;7;0;2;2;12;1;
202300035192;155618185;A01;1;33;0;2;8;3;1;
202300035192;155618186;C01;1;7;0;2;8;1;1;
202300035193;155618180;D01;2;7;0;2;2;1;1;
202300035193;155618181;C01;2;7;0;2;5;1;2;
202300035193;155618182;B01;2;10;0;2;7;1;1;
202300035193;155618183;A01;2;33;0;2;3;3;1;
202300035194;155618179;A01;1;10;3;0;3;1;1;
202300035195;155618177;B01;1;0;0;0;0;13;-1;
202300035195;155618178;A01;1;7;3;0;1;2;1;
202300035196;155618175;A01;1;7;0;2;1;21;1;
202300035196;155618176;B01;1;7;0;2;4;2;1;
202300035197;155618172;C01;2;7;0;2;2;2;1;
202300035197;155618173;A01;2;17;0;2;3;2;1;
202300035197;155618174;B01;2;7;0;2;4;2;1;
202300035198;155618170;A01;1;10;0;2;3;13;1;
202300035198;155618171;B01;2;33;0;2;1;1;1;
202300035199;155618167;C01;1;7;0;2;1;26;1;
202300035199;155618168;A01;1;33;0;2;3;26;0;
202300035199;155618169;B01;2;7;0;2;3;26;1;
202300035200;155618165;A01;3;7;0;2;1;1;1;
202300035200;155618166;Y01;1;1;0;2;1;13;5;
202300035201;155618164;A01;1;2;0;0;0;1;1;
202300035202;155618162;B01;1;43;0;2;1;19;1;
202300035202;155618163;A01;1;7;0;2;3;19;1;
202300035203;155618160;A01;2;33;0;2;0;26;1;
202300035203;155618161;B01;1;7;0;2;3;15;1;
202300035204;155618159;A01;2;7;1;0;2;15;1;
202300035205;155618158;A01;2;7;0;1;2;1;1;
202300035206;155618156;A01;2;30;0;2;7;1;1;
202300035206;155618157;B01;2;7;0;2;3;20;1;
202300035207;155618154;B01;2;7;0;2;3;15;1;
202300035207;155618155;A01;1;2;0;2;8;1;1;
202300035208;155618150;A01;3;7;0;2;1;15;0;
202300035208;155618151;B01;3;2;0;2;1;1;1;
202300035209;155618149;A01;3;7;2;0;1;19;1;
202300035210;155618146;A01;2;7;16;0;1;13;1;
202300035210;155618147;B01;1;7;0;2;2;1;1;
202300035210;155618148;C01;2;7;0;2;2;21;1;
202300035211;155618144;A01;1;7;0;2;0;17;1;
202300035211;155618145;B01;1;50;0;2;0;0;3;
202300035212;155618143;A01;1;7;5;0;9;16;1;
202300035213;155618141;A01;2;7;0;2;8;1;1;
202300035213;155618142;B01;1;7;0;2;1;1;1;
202300035214;155618139;A01;1;7;0;2;2;15;1;
202300035214;155618140;B01;2;32;0;2;1;1;1;
202300035215;155618138;A01;0;33;0;1;1;9;1;
202300035216;155618136;B01;1;7;0;2;8;1;1;
202300035216;155618137;A01;2;7;0;2;1;19;1;
202300035217;155618135;A01;1;7;0;1;8;26;1;
202300035218;155618134;A01;1;7;6;0;1;19;1;
202300035219;155618133;A01;1;7;3;0;2;1;1;
202300035220;155618132;A01;1;3;16;0;2;16;1;
202300035221;155618131;A01;1;7;0;1;3;1;1;
202300035222;155618130;A01;3;34;0;0;7;1;1;
202300035223;155618128;A01;3;7;0;2;6;1;1;
202300035223;155618129;B01;1;7;0;2;2;1;1;
202300035224;155618126;A01;1;7;0;2;6;9;1;
202300035224;155618127;B01;1;33;0;2;1;1;1;
202300035225;155618125;A01;0;7;12;0;2;15;1;
202300035226;155618124;A01;2;7;0;1;3;1;1;
202300035227;155618123;A01;1;7;8;0;2;0;1;
202300035228;155618121;A01;2;34;0;2;1;17;1;
202300035228;155618122;B01;2;10;0;2;3;15;1;
202300035229;155618120;A01;1;7;8;0;1;13;1;
202300035230;155618119;A01;2;7;14;0;1;1;1;
202300035231;155618117;B01;1;7;0;2;3;15;1;
202300035231;155618118;A01;2;30;0;2;1;19;1;
202300035232;155618116;A01;2;7;9;1;2;1;1;
202300035233;155618114;B01;3;80;0;2;3;19;3;
202300035233;155618115;A01;2;43;0;2;2;1;1;
202300035234;155618113;A01;2;7;0;1;1;1;2;
202300035235;155618112;A01;1;30;0;1;8;21;3;
202300035236;155618111;A01;2;7;1;0;1;1;1;
202300035237;155618110;A01;2;7;0;1;3;1;1;
202300035238;155618109;A01;3;7;0;1;3;15;1;
202300035239;155618108;A01;2;30;0;0;7;1;3;
202300035240;155618106;A01;2;7;0;2;3;13;1;
202300035240;155618107;B01;0;13;0;2;1;1;1;
202300035241;155618105;A01;1;7;0;1;1;2;1;
202300035242;155618104;A01;2;10;2;0;3;13;1;
202300035243;155618102;A01;1;33;0;2;3;17;1;
202300035243;155618103;B01;2;33;0;2;3;1;1;
202300035244;155618101;A01;1;7;8;0;1;1;1;
202300035245;155618099;A01;3;7;0;2;2;17;1;
202300035245;155618100;B01;3;33;3;2;6;1;1;