Num_Acc;id_vehicule;num_veh;senc;catv;obs;obsm;choc;manv;motor;occutc
202300035246;155618097;A01;1;7;0;0;1;0;1;
202300035246;155618098;B01;2;7;0;0;1;0;1;
202300035247;155618094;B01;2;7;0;2;1;15;1;
202300035247;155618095;A01;1;1;0;2;1;1;5;
202300035248;155618093;A01;2;7;0;1;1;1;1;
202300035249;155618092;A01;0;7;16;0;9;1;1;
202300035250;155618091;A01;2;10;0;1;1;1;1;
202300035251;155618090;A01;1;7;0;1;7;1;1;
202300035252;155618088;A01;2;7;0;0;5;20;1;
202300035252;155618089;B01;1;33;0;2;1;1;1;
202300035253;155618086;B01;0;7;0;2;0;2;0;
202300035253;155618087;A01;0;7;0;0;6;1;0;
202300035254;155618084;A01;2;7;0;2;4;1;2;
202300035254;155618085;B01;2;7;0;2;1;2;1;
202300035255;155618082;A01;1;34;0;2;1;2;1;
202300035255;155618083;B01;1;7;0;2;4;2;1;
202300035256;155618081;A01;1;7;3;0;2;0;1;
202300035257;155618080;A01;1;7;3;0;3;13;1;
202300035258;155618077;A01;2;7;0;2;8;1;0;
202300035258;155618078;B01;2;7;0;2;5;1;1;
202300035258;155618079;C01;2;10;0;2;3;11;1;
202300035259;155618075;A01;1;7;0;0;0;0;1;
202300035259;155618076;B01;1;10;0;0;0;0;1;
202300035260;155618072;A01;2;7;0;2;1;2;1;
202300035260;155618073;B01;2;7;0;2;4;2;1;
202300035260;155618074;C01;2;7;0;2;1;2;1;
202300035261;155618071;A01;1;33;0;0;0;2;1;
202300035262;155618069;B01;1;7;0;2;6;0;1;
202300035262;155618070;A01;1;7;0;2;2;0;1;
202300035263;155618065;C01;1;10;0;2;8;26;1;
202300035263;155618066;D01;1;10;0;2;0;0;1;
202300035263;155618067;A01;1;7;0;2;1;3;1;
202300035263;155618068;B01;1;33;0;2;4;3;1;
202300035264;155618063;A01;1;7;0;2;1;26;1;
202300035264;155618064;B01;1;7;0;2;4;26;2;
202300035265;155618060;A01;1;10;0;2;4;2;1;
202300035265;155618061;B01;1;10;0;2;4;2;1;
202300035265;155618062;C01;1;7;0;2;1;2;1;
202300035266;155618059;A01;2;33;0;0;6;1;1;
202300035267;155618058;A01;1;7;4;0;2;1;1;
202300035268;155618057;A01;2;7;4;0;2;1;1;
202300035269;155618056;A01;1;7;4;0;1;1;1;
202300035270;155618055;A01;2;7;4;0;1;1;1;
202300035271;155618053;A01;2;7;0;2;1;2;1;
202300035271;155618054;B01;2;7;0;2;4;2;1;
202300035272;155618052;A01;3;30;9;0;0;26;1;
202300035273;155618049;B01;2;10;0;0;5;2;1;
202300035273;155618050;A01;2;7;9;2;1;2;1;
202300035274;155618047;A01;3;7;1;2;1;1;1;
202300035274;155618048;B01;3;7;0;2;2;16;1;
202300035275;155618045;A01;1;7;0;2;3;16;1;
202300035275;155618046;B01;2;2;0;2;7;1;1;
202300035276;155618043;A01;3;1;1;2;8;17;5;
202300035276;155618044;B01;3;7;0;2;8;24;1;
202300035277;155618041;B01;1;31;0;2;1;1;1;
202300035277;155618042;A01;1;7;0;2;8;15;1;
202300035278;155618040;A01;3;50;0;0;0;0;3;
202300035279;155618039;A01;3;7;0;1;5;24;1;
202300035280;155618038;A01;1;7;0;1;1;1;1;
202300035281;155618036;A01;1;7;0;2;1;1;1;
202300035281;155618037;B01;1;1;0;2;1;1;5;
202300035282;155618035;A01;1;7;0;1;0;21;1;
202300035283;155618033;Z01;1;7;0;2;0;1;1;
202300035283;155618034;B01;1;2;0;2;8;19;1;
202300035284;155618031;Z01;1;7;0;2;3;15;2;
202300035284;155618032;B01;2;2;0;2;1;1;1;
202300035285;155618029;B01;1;2;0;2;0;0;1;
202300035285;155618030;A01;1;7;0;2;0;0;1;
202300035286;155618027;B01;3;7;0;2;2;1;1;
202300035286;155618028;A01;3;80;0;2;1;1;3;
202300035287;155618025;A01;1;7;0;2;2;20;1;
202300035287;155618026;B01;1;32;0;2;3;1;1;
202300035288;155618023;A01;1;7;4;2;1;13;0;
202300035288;155618024;B01;2;7;4;2;1;0;0;
202300035289;155618022;A01;1;1;9;1;1;2;5;
202300035290;155618020;A01;1;50;0;2;8;1;3;
202300035290;155618021;B01;1;1;0;2;1;1;0;
202300035291;155618018;A01;1;30;0;2;1;1;0;
202300035291;155618019;B01;1;34;0;2;1;1;1;
202300035292;155618016;A01;1;7;0;2;1;15;1;
202300035292;155618017;B01;1;7;0;2;3;1;1;
202300035293;155618014;A01;1;33;0;2;1;17;0;
202300035293;155618015;B01;1;7;0;2;6;15;1;
202300035294;155618013;A01;1;33;0;0;0;0;1;
202300035295;155618012;A01;1;7;9;0;2;1;1;
202300035296;155618010;A01;1;0;0;2;0;2;0;
202300035296;155618011;B01;1;34;0;2;4;23;1;
202300035297;155618008;B01;1;7;0;2;7;1;1;
202300035297;155618009;A01;1;7;0;2;8;13;1;
202300035298;155618005;A01;1;7;1;0;3;13;1;
202300035298;155618006;B01;2;7;0;2;3;26;1;
202300035298;155618007;C01;1;7;1;0;2;24;6;
202300035299;155618003;A01;2;33;0;2;4;26;0;
202300035299;155618004;B01;2;7;0;2;1;0;1;
202300035300;155618002;A01;1;7;0;1;2;15;1;
202300035301;155618001;A01;2;10;0;1;1;1;1;
202300035302;155617999;A01;0;7;9;2;1;13;1;
202300035302;155618000;B01;0;7;0;2;6;1;1;
202300035303;155617997;B01;1;1;0;2;4;2;5;
202300035303;155617998;A01;1;7;0;2;1;2;1;
202300035304;155617995;B01;2;7;0;2;1;2;1;
202300035304;155617996;A01;2;7;0;2;4;23;1;
202300035305;155617994;A01;0;7;9;1;0;2;0;
202300035306;155617992;A01;2;7;0;2;2;1;1;
202300035306;155617993;B01;2;60;0;2;8;1;5;
202300035307;155617991;A01;2;7;0;1;0;0;0;
202300035308;155617990;A01;0;7;0;1;1;1;1;
202300035309;155617988;B01;2;7;0;2;4;12;1;
202300035309;155617989;A01;2;33;0;2;1;3;1;
202300035310;155617986;A01;2;2;0;2;1;2;1;
202300035310;155617987;B01;2;7;0;2;4;2;2;
202300035311;155617983;C01;2;7;0;2;4;23;1;
202300035311;155617984;A01;2;7;0;2;1;1;1;
202300035311;155617985;B01;2;7;0;2;4;23;1;
202300035312;155617981;B01;1;1;0;0;0;0;5;
202300035312;155617982;A01;1;1;0;0;0;0;5;
202300035313;155617980;A01;3;7;1;0;7;14;1;
202300035314;155617979;A01;0;7;0;1;4;26;1;
202300035315;155617977;B01;1;1;0;2;0;1;5;
202300035315;155617978;A01;1;3;0;2;1;1;3;
202300035316;155617975;B01;3;30;0;2;1;2;1;
202300035316;155617976;A01;1;7;0;2;2;1;2;
202300035317;155617974;A01;1;7;2;0;3;1;1;
202300035318;155617969;A01;3;7;0;2;2;15;1;
202300035318;155617970;B01;0;7;0;2;2;1;1;
202300035319;155617967;A01;3;7;0;9;1;16;1;
202300035319;155617968;B01;3;50;0;2;7;19;3;
202300035320;155617964;C01;3;7;0;2;2;2;1;
202300035320;155617965;A01;0;32;0;2;1;26;1;
202300035320;155617966;B01;0;7;0;0;6;1;1;
202300035321;155617962;A01;3;7;0;2;1;15;1;
202300035321;155617963;B01;3;34;0;2;1;1;1;
202300035322;155617960;A01;3;7;0;2;0;14;1;
202300035322;155617961;B01;3;1;0;2;0;1;5;
202300035323;155617958;A01;2;7;0;2;5;2;1;
202300035323;155617959;B01;2;1;0;2;5;2;5;
202300035324;155617956;A01;2;7;0;2;4;1;1;
202300035324;155617957;B01;2;33;0;2;1;1;1;
202300035325;155617954;A01;3;7;0;2;6;15;1;
202300035325;155617955;B01;3;7;0;2;1;2;1;
202300035326;155617952;B01;0;7;0;2;4;23;1;
202300035326;155617953;A01;2;30;0;2;1;2;1;
202300035327;155617951;A01;2;7;0;1;1;2;1;
202300035328;155617948;A01;2;7;0;2;1;2;1;
202300035328;155617949;B01;2;7;0;2;4;2;1;
202300035328;155617950;C01;2;7;0;2;4;2;1;
202300035329;155617946;A01;3;7;0;2;7;15;1;
202300035329;155617947;B01;3;33;0;2;1;1;1;
202300035330;155617944;B01;3;1;0;2;7;1;5;
202300035330;155617945;A01;3;7;0;9;8;22;1;
202300035331;155617942;B01;1;7;0;2;4;1;1;
202300035331;155617943;A01;1;7;0;2;1;1;1;
202300035332;155617940;A01;2;1;0;2;3;15;5;
202300035332;155617941;B01;2;7;0;2;7;1;1;
202300035333;155617938;A01;1;7;0;2;8;26;1;
202300035333;155617939;B01;3;33;0;2;1;0;1;
202300035334;155617937;A01;1;7;0;1;2;16;1;
202300035335;155617935;A01;1;7;1;0;8;26;1;
202300035335;155617936;B01;1;1;1;0;7;1;5;
202300035336;155617933;B01;2;10;0;2;5;1;1;
202300035336;155617934;A01;2;7;0;2;1;5;1;
202300035337;155617931;B01;1;7;0;2;8;1;1;
202300035337;155617932;A01;1;7;0;2;3;1;1;
202300035338;155617929;A01;1;7;0;2;4;2;1;
202300035338;155617930;B01;1;7;0;2;1;2;1;
202300035339;155617927;B01;2;7;0;2;0;15;1;
202300035339;155617928;A01;1;30;1;0;6;14;1;
202300035340;155617925;B01;1;50;0;2;1;0;3;
202300035340;155617926;A01;1;7;0;2;3;2;1;
202300035341;155617924;A01;1;7;0;1;1;26;1;
202300035342;155617923;A01;1;7;0;1;1;1;1;
202300035343;155617921;A01;3;7;7;2;1;1;1;
202300035343;155617922;B01;2;10;7;0;1;1;1;
202300035344;155617920;A01;3;10;0;1;1;16;1;
202300035345;155617919;A01;3;7;9;0;1;14;1;
202300035346;155617918;A01;2;7;0;2;1;1;1;
202300035347;155617917;A01;2;30;0;0;0;1;1;
202300035348;155617914;B01;1;7;0;2;4;2;1;
202300035348;155617915;C01;1;7;0;2;4;2;1;
202300035348;155617916;A01;1;7;0;2;1;2;1;
202300035349;155617913;A01;3;7;0;1;1;15;1;
202300035350;155617912;A01;3;7;0;1;3;1;1;
202300035351;155617910;A01;3;7;0;2;8;1;1;
202300035351;155617911;B01;3;1;0;2;1;1;5;
202300035352;155617909;A01;3;50;0;0;0;1;3;
202300035353;155617907;A01;1;7;0;2;1;1;1;
202300035353;155617908;B01;1;7;0;2;4;1;1;
202300035354;155617905;B01;1;1;0;2;8;9;5;
202300035354;155617906;A01;2;7;0;2;1;9;1;
202300035355;155617903;A01;2;7;0;2;1;15;1;
202300035355;155617904;B01;1;50;0;2;1;1;3;
202300035356;155617901;B01;3;7;0;2;5;15;1;
202300035356;155617902;A01;3;33;0;2;2;21;1;
202300035357;155617900;A01;3;7;0;1;3;1;0;
202300035358;155617898;A01;1;7;0;2;3;15;1;
202300035358;155617899;B01;2;33;0;2;3;1;1;
202300035359;155617897;A01;2;7;0;1;1;1;1;
202300035360;155617895;A01;3;7;0;9;2;15;1;
202300035360;155617896;B01;3;1;0;2;1;1;5;
202300035361;155617893;A01;1;7;0;2;1;2;1;
202300035361;155617894;B01;1;10;0;2;4;1;1;
202300035362;155617891;A01;1;7;1;2;2;1;1;
202300035362;155617892;B01;2;7;0;2;3;1;1;
202300035363;155617889;A01;3;7;0;2;3;9;1;
202300035363;155617890;B01;2;38;0;2;2;1;1;1.0
202300035364;155617887;B01;3;1;0;2;1;1;5;
202300035364;155617888;A01;2;7;0;2;3;9;1;
202300035365;155617885;A01;2;7;0;2;6;14;1;
202300035365;155617886;B01;2;7;0;2;4;1;1;
202300035366;155617884;A01;3;7;0;1;1;1;2;
202300035367;155617882;A01;2;7;0;2;2;1;1;
202300035367;155617883;B01;1;33;0;2;8;1;1;
202300035368;155617880;B01;1;35;0;2;1;1;3;
202300035368;155617881;A01;2;50;0;2;1;5;3;
202300035369;155617878;B01;3;7;0;2;3;23;1;
202300035369;155617879;A01;3;31;0;2;1;1;1;
202300035370;155617876;A01;2;10;0;2;2;15;1;
202300035370;155617877;B01;1;33;0;2;1;3;1;
202300035371;155617874;A01;2;10;0;2;3;20;1;
202300035371;155617875;B01;2;31;0;2;2;1;1;
202300035372;155617872;A01;3;7;4;2;1;9;1;
202300035372;155617873;B01;3;7;0;2;1;1;1;
202300035373;155617871;A01;3;50;0;1;1;1;3;
202300035374;155617870;A01;1;41;0;1;4;2;1;
202300035375;155617868;A01;0;7;0;2;0;0;1;
202300035375;155617869;B01;3;7;0;2;0;0;1;
202300035376;155617867;A01;0;37;0;1;0;0;1;1.0
202300035377;155617866;A01;1;7;0;9;1;1;1;
202300035378;155617865;A01;3;7;0;1;1;1;1;
202300035379;155617863;B01;2;7;0;2;4;1;-1;
202300035379;155617864;A01;2;34;0;0;0;-1;-1;
202300035380;155617862;A01;1;30;0;9;1;25;1;
202300035381;155617860;B01;2;7;0;2;1;15;1;
202300035381;155617861;A01;1;7;0;2;2;2;1;
202300035382;155617859;B01;1;1;0;1;1;2;5;
202300035383;155617857;B01;3;2;0;2;1;2;1;
202300035383;155617858;A01;3;7;0;2;0;9;1;
202300035384;155617855;B01;1;1;0;2;4;9;5;
202300035384;155617856;A01;1;7;0;9;1;9;1;
202300035385;155617854;A01;3;10;13;0;1;2;1;
202300035386;155617852;B01;1;31;0;2;1;1;0;
202300035386;155617853;A01;2;30;0;2;3;15;0;
202300035387;155617850;A01;3;10;0;2;1;1;1;
202300035387;155617851;Z01;3;7;0;2;1;5;1;
202300035388;155617848;B01;3;7;0;2;2;15;1;
202300035388;155617849;A01;2;30;0;2;1;26;1;
202300035389;155617846;A01;3;7;1;0;0;0;1;
202300035389;155617847;B01;3;33;0;2;7;1;0;
202300035390;155617845;A01;2;7;0;1;3;2;1;
202300035391;155617843;B01;1;7;0;2;2;1;1;
202300035391;155617844;A01;2;10;0;2;2;15;1;
202300035392;155617842;A01;2;35;11;0;0;2;1;
202300035393;155617840;A01;3;7;0;2;1;13;1;
202300035393;155617841;B01;3;7;0;2;8;1;1;
202300035394;155617837;A01;1;7;0;2;1;1;1;
202300035394;155617838;B01;1;7;0;2;4;1;1;
202300035394;155617839;C01;1;7;0;2;4;1;1;
202300035395;155617835;A01;1;31;0;2;1;17;1;
202300035395;155617836;B01;2;7;0;2;4;15;0;
202300035396;155617833;A01;0;7;0;2;2;16;1;
202300035396;155617834;B01;0;7;0;2;8;18;1;
202300035397;155617831;A01;3;7;0;2;8;1;1;
202300035397;155617832;B01;3;30;0;2;7;17;1;
202300035398;155617830;A01;3;7;0;1;3;1;1;
202300035399;155617828;B01;2;7;0;2;1;1;1;
202300035399;155617829;A01;2;7;0;2;3;1;1;
202300035400;155617827;A01;1;7;0;9;7;1;1;
202300035401;155617825;A01;2;33;0;2;8;3;1;
202300035401;155617826;B01;2;7;0;2;7;1;1;
202300035402;155617823;B01;1;1;0;2;1;1;5;
202300035402;155617824;A01;1;7;0;2;5;16;1;
202300035403;155617821;B01;3;7;0;2;2;9;6;
202300035403;155617822;A01;3;2;0;2;1;25;3;
202300035404;155617819;B01;2;7;0;2;8;22;1;
202300035404;155617820;A01;1;1;0;2;1;1;5;
202300035405;155617817;A01;2;7;0;2;1;15;0;
202300035405;155617818;B01;1;1;0;2;0;1;5;
202300035406;155617815;B01;1;32;9;0;8;1;1;
202300035406;155617816;A01;1;7;9;0;1;1;1;
202300035407;155617813;A01;3;7;0;2;1;2;1;
202300035407;155617814;B01;3;7;0;0;4;23;1;
202300035408;155617811;A01;2;7;0;0;3;1;1;
202300035408;155617812;B01;1;7;0;0;3;1;1;
202300035409;155617809;B01;1;1;1;0;1;1;5;
202300035409;155617810;A01;1;7;1;0;8;24;1;
202300035410;155617807;A01;1;7;0;2;8;26;1;
202300035410;155617808;B01;1;50;0;2;1;1;3;
202300035411;155617805;A01;1;7;0;2;3;15;1;
202300035411;155617806;B01;1;31;0;2;2;2;1;
202300035412;155617803;A01;1;7;0;2;0;0;0;
202300035412;155617804;B01;1;1;0;2;0;0;5;
202300035413;155617801;A01;3;7;0;2;1;2;1;
202300035413;155617802;B01;1;32;0;2;4;2;1;
202300035414;155617799;A01;0;7;0;2;7;1;1;
202300035414;155617800;B01;0;33;0;2;8;1;1;
202300035415;155617797;A01;2;3;0;2;1;1;1;
202300035415;155617798;B01;1;7;0;2;8;1;1;
202300035416;155617796;A01;1;7;1;0;3;1;1;
202300035417;155617794;A01;3;7;0;2;4;23;1;
202300035417;155617795;B01;3;33;1;0;1;2;1;
202300035418;155617792;A01;3;7;0;2;2;1;1;
202300035418;155617793;B01;3;13;0;2;5;2;1;
202300035419;155617789;A01;2;7;0;2;3;15;0;
202300035419;155617790;B01;1;34;0;2;1;1;0;
202300035419;155617791;C01;1;1;0;2;1;5;5;
202300035420;155617788;A01;1;30;0;0;0;1;1;
202300035421;155617786;A01;2;7;0;2;2;12;1;
202300035421;155617787;B01;2;1;14;0;8;2;5;
202300035422;155617784;A01;1;7;0;2;1;1;1;
202300035422;155617785;B01;2;7;0;2;1;1;1;
202300035423;155617782;A01;1;7;0;2;3;15;1;
202300035423;155617783;B01;2;33;0;2;1;1;1;
202300035424;155617781;A01;2;33;0;6;1;1;1;
202300035425;155617778;B01;1;1;0;2;1;1;5;
202300035425;155617779;A01;1;7;0;2;3;9;0;
202300035426;155617777;A01;1;0;8;0;0;0;1;
202300035427;155617776;A01;3;7;0;9;0;1;1;
202300035428;155617774;A01;1;10;0;2;1;19;1;
202300035428;155617775;B01;2;33;0;2;8;1;1;
202300035429;155617772;A01;1;15;0;2;2;26;1;
202300035429;155617773;B01;1;7;14;2;1;1;1;
202300035430;155617771;A01;2;7;4;0;3;1;0;
202300035431;155617769;A01;1;33;0;9;2;5;1;
202300035431;155617770;B01;2;7;0;0;1;1;1;
202300035432;155617767;B01;2;7;0;2;3;0;1;
202300035432;155617768;A01;1;7;0;2;3;13;1;
202300035433;155617765;A01;3;2;0;2;1;13;1;
202300035433;155617766;B01;3;7;0;2;3;1;1;
202300035434;155617763;B01;2;7;0;2;2;1;1;
202300035434;155617764;A01;2;7;0;2;3;9;1;
202300035435;155617760;A01;2;7;0;2;1;2;1;
202300035435;155617761;B01;2;7;0;2;4;23;1;
202300035435;155617762;C01;2;7;0;2;4;23;1;
202300035436;155617758;A01;2;7;0;2;8;15;1;
202300035436;155617759;B01;2;1;0;2;7;17;5;
202300035437;155617756;A01;2;10;0;2;2;17;3;
202300035437;155617757;B01;2;1;0;2;8;1;5;
202300035438;155617755;A01;1;7;0;1;7;1;0;
202300035439;155617753;B01;1;7;0;2;2;15;1;
202300035439;155617754;A01;1;33;0;2;8;1;1;
202300035440;155617752;A01;3;7;1;0;1;1;1;
202300035441;155617750;A01;3;30;0;2;1;1;0;
202300035441;155617751;B01;3;3;0;2;2;15;0;
202300035442;155617748;A01;2;7;0;2;7;14;1;
202300035442;155617749;B01;2;7;0;2;8;2;1;
202300035443;155617746;B01;2;7;0;2;4;1;1;
202300035443;155617747;A01;2;2;0;2;1;1;1;
202300035444;155617744;B01;1;33;0;2;8;3;1;
202300035444;155617745;A01;1;7;0;2;7;12;1;
202300035445;155617741;A01;2;7;0;2;1;2;0;
202300035445;155617742;B01;2;13;0;2;4;2;0;
202300035446;155617740;A01;1;7;0;2;1;15;1;
202300035446;155617743;B01;2;2;0;2;7;1;1;
202300035447;155617737;A01;1;10;0;1;2;1;1;
202300035448;155617736;A01;2;7;0;2;1;2;1;
202300035448;155617738;B01;2;10;0;2;7;14;1;
202300035448;155617739;C01;2;15;0;2;8;1;1;
202300035449;155617734;A01;2;31;0;0;0;21;1;
202300035450;155617733;A01;3;7;0;2;1;1;1;
202300035450;155617735;B01;0;1;0;2;8;1;5;
202300035451;155617732;A01;2;7;4;0;3;2;1;
202300035452;155617731;A01;2;7;0;0;1;13;1;
202300035453;155617730;A01;1;31;0;2;0;1;1;
202300035454;155617729;A01;1;7;8;0;1;14;1;
202300035455;155617727;B01;1;7;0;2;2;1;1;
202300035455;155617728;A01;1;7;0;2;3;11;1;
202300035456;155617724;B01;2;33;0;2;8;3;1;
202300035456;155617726;Z01;2;10;0;2;0;0;0;
202300035457;155617723;B01;3;7;0;2;3;0;1;
202300035457;155617725;A01;3;7;0;2;2;9;1;
202300035458;155617720;A01;2;33;0;2;2;1;1;
202300035458;155617721;B01;2;7;0;2;6;1;1;
202300035458;155617722;C01;2;7;0;2;4;1;1;
202300035459;155617718;A01;2;7;4;0;0;0;1;
202300035460;155617719;A01;2;7;0;1;1;1;1;
202300035461;155617717;A01;2;7;3;0;0;0;1;
202300035462;155617715;A01;0;7;0;2;1;26;0;
202300035462;155617716;B01;0;1;0;2;7;19;5;
202300035463;155617713;A01;1;10;0;2;3;1;1;
202300035463;155617714;B01;1;10;0;2;3;1;1;
202300035464;155617712;A01;1;7;8;0;1;1;1;
202300035465;155617708;A01;1;7;6;0;1;21;1;
202300035466;155617706;B01;1;2;0;2;1;1;1;
202300035466;155617707;A01;1;7;0;2;3;1;1;
202300035467;155617704;B01;2;30;0;2;1;13;1;
202300035467;155617705;A01;2;0;0;2;3;15;0;
202300035468;155617695;A01;1;7;0;2;1;1;1;
202300035468;155617698;B01;1;7;0;2;4;1;1;
202300035468;155617701;C01;1;7;0;2;4;1;1;
202300035469;155617696;C01;0;7;1;0;5;24;1;
202300035469;155617700;D01;0;7;1;1;7;24;1;
202300035469;155617702;A01;2;7;1;1;2;16;1;
202300035469;155617703;B01;3;7;1;0;5;24;1;
202300035470;155617694;C01;3;7;15;2;1;1;1;
202300035470;155617697;B01;3;7;8;2;6;1;1;
202300035470;155617699;A01;3;7;0;2;1;15;1;
202300035471;155617692;A01;1;7;16;0;1;1;1;
202300035472;155617691;B01;3;50;0;2;1;1;3;
202300035472;155617693;A01;1;7;0;9;1;16;1;
202300035473;155617690;A01;2;7;1;0;2;1;1;
202300035474;155617688;A01;0;7;2;0;1;21;1;
202300035475;155617685;A01;1;7;0;2;2;14;1;
202300035475;155617687;B01;1;7;0;2;6;2;1;
202300035475;155617689;C01;1;7;0;2;7;2;1;
202300035476;155617682;A01;1;7;14;0;1;17;1;
202300035476;155617684;B01;1;7;0;2;4;23;1;
202300035476;155617686;C01;1;7;0;2;4;23;1;
202300035477;155617679;A01;1;32;0;2;1;2;1;
202300035477;155617681;B01;1;7;0;2;5;2;2;
202300035478;155617680;A01;1;7;0;2;8;15;1;
202300035478;155617683;B01;1;34;0;2;2;17;1;
202300035479;155617675;A01;2;10;4;0;9;26;1;
202300035480;155617674;A01;1;7;0;2;2;2;0;
202300035480;155617676;B01;1;7;0;2;4;2;1;
202300035481;155617673;A01;1;7;0;2;1;1;1;
202300035481;155617677;C01;1;7;0;2;1;1;1;
202300035481;155617678;B01;1;7;0;2;4;1;1;
202300035482;155617671;A01;0;50;0;0;0;0;3;
202300035483;155617668;A01;1;10;0;2;1;2;3;
202300035483;155617670;C01;2;7;0;2;4;2;1;
202300035483;155617672;B01;1;7;0;2;4;2;1;
202300035484;155617667;A01;0;0;0;9;9;21;0;
202300035485;155617666;A01;1;2;0;2;1;13;1;
202300035485;155617669;B01;1;7;0;2;1;1;1;
202300035486;155617662;A01;1;7;0;2;1;2;1;
202300035486;155617664;B01;1;10;0;2;4;2;1;
202300035487;155617660;A01;1;7;6;1;8;1;1;
202300035487;155617665;B01;2;7;0;2;1;1;1;
202300035488;155617661;A01;2;33;0;0;1;1;1;
202300035488;155617663;B01;2;7;0;0;4;2;1;
202300035489;155617658;A01;3;10;0;1;4;23;1;
202300035490;155617656;B01;2;2;0;2;4;1;3;
202300035490;155617657;A01;2;7;8;2;3;17;1;
202300035491;155617655;A01;2;7;0;2;1;2;1;
202300035491;155617659;B01;2;7;0;2;4;2;1;
202300035492;155617653;A01;1;7;0;1;2;1;2;
202300035493;155617652;A01;2;7;1;0;2;14;1;
202300035493;155617654;B01;1;7;0;2;8;23;1;
202300035494;155617651;A01;3;7;0;1;1;1;1;
202300035495;155617647;A01;3;7;1;0;2;1;1;
202300035496;155617646;A01;2;7;0;2;3;22;1;
202300035496;155617648;B01;2;80;0;2;7;1;3;
202300035497;155617645;A01;2;7;0;2;1;15;1;
202300035497;155617649;B01;1;7;0;2;1;1;1;
202300035497;155617650;C01;2;7;0;2;3;23;1;
202300035498;155617642;A01;3;30;0;2;8;18;1;
202300035498;155617644;B01;3;7;0;2;1;1;1;
202300035499;155617639;C01;1;7;0;2;4;23;2;
202300035499;155617640;A01;1;7;0;2;1;1;1;
202300035499;155617643;B01;1;7;0;2;4;23;1;
202300035500;155617637;A01;2;32;0;1;1;1;1;
202300035501;155617636;A01;1;7;4;0;2;0;3;
202300035502;155617634;A01;1;50;0;1;1;25;3;
202300035503;155617632;A01;2;7;0;2;1;13;1;
202300035503;155617635;B01;1;7;0;2;1;1;1;
202300035504;155617631;Z01;0;7;1;1;0;1;1;
202300035505;155617627;A01;0;7;0;2;4;23;1;
202300035505;155617629;B01;0;7;0;2;1;2;1;
202300035506;155617628;A01;0;7;0;2;2;26;1;
202300035506;155617630;B01;0;80;0;2;1;2;3;
202300035507;155617626;A01;1;7;8;1;2;1;2;
202300035508;155617625;A01;3;43;0;1;1;1;1;
202300035509;155617621;A01;0;33;0;1;2;1;1;
202300035510;155617619;A01;3;1;0;2;2;19;5;
202300035510;155617620;B01;3;37;0;2;2;1;1;1.0
202300035511;155617617;B01;3;30;0;2;1;9;1;
202300035511;155617618;A01;3;30;0;2;3;9;1;
202300035512;155617614;A01;2;10;0;2;2;16;1;
202300035512;155617616;B01;2;1;0;2;3;1;5;
202300035513;155617611;A01;0;7;0;2;1;15;1;
202300035513;155617612;B01;0;7;15;2;1;1;1;
202300035514;155617609;B01;2;7;0;2;6;23;1;
202300035514;155617610;A01;2;1;1;0;1;1;5;
202300035515;155617607;A01;2;37;0;1;3;26;0;1.0
202300035516;155617608;A01;3;30;6;0;1;1;3;
202300035517;155617606;A01;2;80;0;1;1;1;3;
202300035518;155617601;A01;2;10;0;2;1;2;1;
202300035518;155617603;B01;2;43;0;2;4;2;1;
202300035518;155617605;C01;2;7;0;2;4;2;1;
202300035519;155617599;C01;1;2;0;2;3;1;1;
202300035519;155617600;B01;1;2;0;2;8;19;0;
202300035520;155617596;A01;3;7;0;2;1;2;1;
202300035520;155617597;B01;3;7;14;2;1;2;1;
202300035520;155617598;C01;3;7;14;2;4;2;1;
202300035521;155617594;A01;1;7;0;2;3;1;2;
202300035521;155617595;B01;1;43;0;2;1;1;1;
202300035522;155617592;A01;1;7;0;1;1;1;1;
202300035523;155617591;A01;2;30;1;2;1;17;1;
202300035523;155617593;B01;2;7;0;2;3;15;1;
202300035524;155617588;A01;2;50;0;2;1;2;3;
202300035524;155617590;Z01;1;1;0;2;2;1;5;
202300035525;155617586;A01;2;7;0;2;1;2;1;
202300035525;155617587;B01;2;7;0;2;4;2;1;
202300035526;155617584;A01;0;7;0;2;1;1;1;
202300035526;155617585;B01;0;7;0;2;1;1;1;
202300035526;155617589;C01;0;7;0;2;4;1;1;
202300035527;155617580;A01;2;7;0;2;8;22;1;
202300035527;155617583;B01;2;32;0;2;1;18;1;
202300035528;155617581;A01;3;7;0;2;4;15;1;
202300035528;155617582;B01;1;30;0;2;1;1;1;
202300035529;155617578;A01;2;7;0;2;1;2;1;
202300035529;155617579;B01;2;7;0;2;4;2;1;
202300035530;155617577;A01;1;10;0;1;2;1;1;
202300035531;155617576;A01;3;7;0;1;1;20;1;
202300035532;155617575;A01;1;7;13;0;7;1;1;
202300035533;155617573;A01;2;7;0;1;7;14;3;
202300035534;155617570;A01;2;7;0;2;1;1;1;
202300035534;155617572;B01;1;7;1;2;4;15;0;
202300035535;155617571;C01;1;7;0;0;0;15;0;
202300035535;155617574;A01;1;30;1;0;5;21;1;
202300035536;155617568;Z01;1;7;0;2;7;1;0;
202300035536;155617569;A01;1;33;0;2;8;18;1;
202300035537;155617565;A01;1;7;0;2;2;0;1;
202300035537;155617567;B01;1;1;0;2;1;1;5;
202300035538;155617563;T01;3;50;0;2;1;19;3;
202300035538;155617566;A01;3;37;0;2;0;0;1;1.0