Num_Acc;id_vehicule;num_veh;senc;catv;obs;obsm;choc;manv;motor;occutc
202300035539;155617562;B01;1;32;0;2;3;1;1;
202300035539;155617564;A01;1;7;0;2;3;1;1;
202300035540;155617560;A01;1;30;0;2;1;26;6;
202300035540;155617561;B01;3;10;0;2;3;26;1;
202300035541;155617559;A01;1;10;0;1;2;19;1;
202300035542;155617557;A01;2;31;0;2;1;1;1;
202300035542;155617558;B01;1;38;0;2;7;15;0;1.0
202300035543;155617554;A01;2;7;0;2;3;15;1;
202300035543;155617556;B01;2;2;0;2;7;1;1;
202300035544;155617553;A01;1;10;1;0;3;1;1;
202300035545;155617552;B01;3;1;0;2;2;0;5;
202300035545;155617555;A01;3;7;0;9;3;1;0;
202300035546;155617550;A01;1;31;1;0;0;1;1;
202300035547;155617549;B01;1;80;0;2;3;1;3;
202300035547;155617551;A01;1;14;0;2;5;16;1;
202300035548;155617548;A01;3;7;0;1;3;16;1;
202300035549;155617545;B01;1;1;0;2;0;0;5;
202300035549;155617547;A01;1;32;0;2;1;1;1;
202300035550;155617544;B01;1;10;8;2;2;15;1;
202300035550;155617546;A01;2;10;0;2;0;16;1;
202300035551;155617542;B01;3;1;0;2;1;17;5;
202300035551;155617543;A01;2;37;0;2;3;9;1;1.0
202300035552;155617539;A01;1;7;0;2;6;26;1;
202300035552;155617541;B01;1;31;0;2;0;26;1;
202300035553;155617536;B01;1;39;1;0;1;0;0;
202300035553;155617537;A01;3;7;12;4;1;10;0;
202300035554;155617534;B01;3;1;0;2;0;0;5;
202300035554;155617535;A01;3;7;0;2;1;2;1;
202300035555;155617532;A01;1;7;0;2;1;13;1;
202300035555;155617533;B01;2;7;0;2;1;1;1;
202300035556;155617530;A01;3;2;0;2;1;2;3;
202300035556;155617531;B01;3;7;0;2;4;23;1;
202300035557;155617527;A01;1;60;0;2;1;2;5;
202300035557;155617529;B01;1;7;0;0;0;0;1;
202300035558;155617528;A01;3;7;0;1;1;15;1;
202300035559;155617526;A01;3;7;0;1;1;1;1;
202300035560;155617525;A01;1;7;0;1;1;17;1;
202300035561;155617524;A01;1;50;12;0;1;11;3;
202300035562;155617522;B01;0;50;0;2;8;19;3;
202300035562;155617523;A01;0;7;0;2;2;1;1;
202300035563;155617520;A01;1;50;0;1;8;1;3;
202300035564;155617519;B01;1;34;0;2;2;17;0;
202300035564;155617521;A01;1;7;0;2;6;13;1;
202300035565;155617513;B01;2;7;0;2;4;2;3;
202300035565;155617516;C01;2;7;0;2;4;2;1;
202300035565;155617517;A01;2;7;0;2;1;2;1;
202300035565;155617518;D01;2;7;0;2;4;2;1;
202300035566;155617512;A01;1;7;0;2;2;15;1;
202300035566;155617515;B01;1;50;0;2;1;1;3;
202300035567;155617510;B01;2;1;0;2;8;2;5;
202300035567;155617511;A01;2;7;0;2;5;1;0;
202300035568;155617514;A01;3;32;0;1;1;1;0;
202300035569;155617508;B01;3;1;0;2;1;1;5;
202300035569;155617509;A01;3;7;0;2;3;9;1;
202300035570;155617506;B01;1;7;0;2;3;1;0;
202300035570;155617507;A01;2;10;0;2;2;15;0;
202300035571;155617505;A01;0;7;0;1;2;16;1;
202300035572;155617503;B01;3;50;0;2;1;1;3;
202300035572;155617504;A01;3;10;0;9;3;26;1;
202300035573;155617501;A01;3;7;1;0;2;2;1;
202300035574;155617499;B01;1;7;0;2;1;1;1;
202300035574;155617500;A01;2;7;0;2;1;1;1;
202300035575;155617498;A01;1;7;0;2;1;9;1;
202300035575;155617502;B01;1;2;0;2;7;9;1;
202300035576;155617497;A01;0;34;0;0;8;1;1;
202300035577;155617495;A01;2;13;0;2;6;11;6;
202300035577;155617496;B01;2;7;0;2;7;26;1;
202300035578;155617491;B01;1;2;0;2;1;1;1;
202300035578;155617494;A01;2;7;0;2;5;19;1;
202300035579;155617493;A01;2;7;0;1;1;1;1;
202300035580;155617492;A01;3;30;14;0;1;1;1;
202300035581;155617486;A01;1;7;0;2;1;15;1;
202300035581;155617490;B01;1;0;0;2;8;19;6;
202300035582;155617487;A01;3;15;0;1;6;1;1;
202300035583;155617485;B01;3;7;0;2;2;1;1;
202300035583;155617489;A01;3;60;0;2;1;1;5;
202300035584;155617484;B01;3;50;0;2;4;1;3;
202300035584;155617488;A01;0;7;0;2;1;9;1;
202300035585;155617480;A01;0;7;6;1;0;0;2;
202300035586;155617481;A01;3;7;0;2;1;1;1;
202300035586;155617483;B01;3;31;0;2;4;9;1;
202300035587;155617479;B01;1;33;0;2;3;1;1;
202300035587;155617482;A01;2;7;0;2;3;15;1;
202300035588;155617475;Z01;2;7;0;2;2;12;1;
202300035588;155617476;B01;2;30;0;2;4;1;1;
202300035589;155617474;B01;3;7;1;2;1;9;1;
202300035589;155617477;A01;2;2;4;2;4;1;1;
202300035590;155617473;B01;1;10;0;2;0;1;1;
202300035590;155617478;A01;1;7;0;2;0;11;0;
202300035591;155617469;A01;2;32;0;2;6;2;1;
202300035591;155617472;B01;2;7;0;0;6;15;1;
202300035592;155617468;B01;1;43;0;2;1;17;1;
202300035592;155617470;A01;1;7;0;2;8;15;1;
202300035593;155617467;B01;1;15;0;2;3;1;1;
202300035593;155617471;A01;1;7;0;2;3;1;1;
202300035594;155617463;B01;2;7;0;2;7;1;0;
202300035594;155617466;A01;2;1;0;2;1;5;5;
202300035595;155617464;A01;1;7;0;1;3;15;1;
202300035596;155617457;B01;0;33;0;2;1;17;1;
202300035596;155617462;A01;0;7;0;2;2;1;1;
202300035597;155617460;A01;2;10;0;2;1;15;1;
202300035597;155617461;B01;1;50;0;2;1;1;3;
202300035598;155617458;A01;1;7;0;2;3;15;1;
202300035598;155617465;B01;1;33;0;2;7;17;1;
202300035599;155617456;A01;2;7;0;2;1;13;0;
202300035599;155617459;B01;1;7;0;2;0;1;0;
202300035600;155617454;A01;1;7;0;2;1;1;1;
202300035600;155617455;B01;1;7;0;2;4;23;1;
202300035601;155617453;A01;0;7;0;1;1;1;1;
202300035602;155617452;A01;1;7;6;0;3;1;1;
202300035603;155617448;A01;0;7;0;2;3;1;1;
202300035603;155617450;B01;0;50;0;2;1;1;3;
202300035604;155617447;A01;0;7;0;2;1;2;1;
202300035604;155617449;B01;0;50;0;0;4;2;3;
202300035605;155617446;A01;2;80;0;2;1;1;3;
202300035605;155617451;B01;1;7;0;2;8;15;1;
202300035606;155617443;A01;2;7;0;2;1;26;1;
202300035606;155617445;B01;2;7;0;2;7;1;1;
202300035607;155617441;A01;1;7;9;2;1;2;1;
202300035607;155617442;B01;1;7;0;0;4;2;0;
202300035608;155617440;A01;1;7;0;0;2;2;1;
202300035608;155617444;B01;1;7;0;2;3;9;1;
202300035609;155617437;A01;0;7;0;2;1;2;1;
202300035609;155617439;B01;0;7;0;2;4;1;1;
202300035610;155617438;A01;2;7;13;0;9;6;1;
202300035611;155617435;A01;0;7;2;2;3;1;0;
202300035611;155617436;B01;0;1;2;2;2;1;5;
202300035612;155617432;A01;2;2;0;2;1;1;1;
202300035612;155617434;B01;1;7;0;2;3;1;1;
202300035613;155617429;B01;1;50;0;2;4;1;3;
202300035613;155617431;A01;1;7;0;2;1;1;0;
202300035614;155617427;A01;3;7;0;2;1;21;1;
202300035614;155617428;B01;0;7;0;2;2;21;1;
202300035615;155617423;A01;2;32;0;2;3;23;1;
202300035615;155617426;B01;2;7;0;2;3;11;1;
202300035616;155617422;A01;3;31;0;2;1;13;1;
202300035616;155617424;B01;0;7;0;0;0;0;1;
202300035617;155617420;A01;2;7;0;2;6;2;1;
202300035617;155617421;B01;2;1;0;2;1;2;5;
202300035618;155617425;B01;2;1;0;2;1;1;5;
202300035618;155617430;A01;1;32;0;9;1;1;1;
202300035619;155617419;A01;1;7;0;2;1;0;1;
202300035619;155617433;B01;2;7;0;2;1;0;1;
202300035620;155617416;B01;3;7;15;2;3;1;1;
202300035620;155617418;A01;1;7;12;2;1;1;1;
202300035621;155617417;A01;1;0;0;1;1;1;0;
202300035622;155617415;A01;2;33;0;0;8;1;1;
202300035623;155617412;B01;1;40;0;2;1;1;3;
202300035623;155617414;A01;1;7;0;4;7;15;3;
202300035624;155617410;A01;2;7;0;1;8;1;1;
202300035625;155617407;A01;1;30;0;2;2;1;3;
202300035625;155617411;B01;1;7;0;2;2;1;1;
202300035626;155617406;A01;2;7;0;2;1;13;1;
202300035626;155617408;B01;1;7;0;2;1;1;2;
202300035626;155617413;C01;2;7;0;2;1;2;1;
202300035627;155617405;B01;2;7;0;2;2;1;1;
202300035627;155617409;A01;1;2;0;2;1;1;1;
202300035628;155617402;B01;1;50;0;2;0;0;3;
202300035628;155617403;A01;1;33;0;9;2;1;1;
202300035629;155617400;A01;1;7;0;1;1;15;1;
202300035630;155617401;B01;2;50;0;2;8;1;3;
202300035630;155617404;A01;1;7;0;9;1;1;1;
202300035631;155617396;B01;1;30;14;0;1;1;1;
202300035632;155617395;B01;3;33;0;2;1;1;1;
202300035632;155617398;A01;3;7;0;2;5;15;1;
202300035633;155617397;B01;3;50;0;2;1;25;3;
202300035633;155617399;A01;3;7;0;0;6;9;1;
202300035634;155617392;A01;1;7;14;9;6;2;1;
202300035634;155617394;B01;1;32;14;9;2;2;1;
202300035635;155617390;B01;1;7;0;9;8;1;1;
202300035635;155617393;A01;3;60;0;2;1;9;3;
202300035636;155617388;A01;2;7;0;2;3;1;1;
202300035636;155617391;B01;2;7;0;2;2;16;1;
202300035637;155617386;B01;2;7;0;2;8;26;1;
202300035637;155617389;A01;2;7;0;2;2;16;1;
202300035638;155617385;A01;2;7;0;1;1;1;1;
202300035639;155617384;A01;0;7;0;2;2;0;0;
202300035639;155617387;B01;0;7;0;2;1;13;0;
202300035640;155617383;A01;0;7;0;1;2;16;1;
202300035641;155617381;A01;1;15;14;0;1;0;1;
202300035642;155617380;A01;1;7;0;1;1;1;1;
202300035643;155617379;A01;2;7;0;2;3;15;1;
202300035643;155617382;B01;1;30;0;2;5;16;1;
202300035644;155617375;A01;1;7;0;1;2;16;1;
202300035645;155617371;A01;2;1;0;2;2;1;5;
202300035645;155617376;B01;2;7;0;2;1;1;1;
202300035646;155617370;A01;1;7;0;2;2;2;0;
202300035646;155617372;B01;1;7;0;2;5;2;0;
202300035647;155617365;A01;1;7;0;2;4;1;1;
202300035647;155617369;B01;1;10;0;2;1;1;1;
202300035648;155617362;B01;3;13;0;2;7;17;1;
202300035648;155617367;A01;3;2;0;2;8;1;3;
202300035649;155617360;A01;3;7;0;2;1;13;1;
202300035649;155617363;B01;3;1;0;2;1;1;5;
202300035650;155617361;A01;3;7;0;2;8;17;1;
202300035650;155617366;B01;3;33;0;2;7;17;1;
202300035651;155617359;C01;2;7;4;2;3;1;1;
202300035651;155617364;B01;2;7;0;2;3;1;1;
202300035651;155617368;A01;1;7;0;2;1;5;1;
202300035652;155617355;A01;3;7;0;9;4;26;0;
202300035652;155617358;B01;3;1;0;2;1;1;5;
202300035653;155617350;A01;2;7;0;2;7;13;1;
202300035653;155617353;B01;1;7;0;2;1;1;1;
202300035654;155617348;A01;0;7;0;2;1;1;1;
202300035654;155617352;B01;0;7;0;2;7;1;1;
202300035655;155617345;D01;2;10;0;2;1;21;1;
202300035655;155617349;C01;2;7;0;2;4;2;1;
202300035655;155617351;A01;2;7;0;2;1;1;1;
202300035655;155617357;B01;2;7;0;2;6;2;1;
202300035656;155617344;A01;0;7;0;2;3;9;1;
202300035656;155617347;B01;0;30;0;0;0;0;1;
202300035657;155617343;B01;2;7;0;0;3;1;0;
202300035657;155617346;A01;1;80;0;0;0;13;3;
202300035658;155617338;A01;2;32;0;0;0;2;1;
202300035659;155617339;A01;0;33;6;0;7;1;1;
202300035660;155617337;A01;1;7;1;0;1;26;1;
202300035660;155617341;B01;2;7;0;0;1;24;1;
202300035661;155617335;A01;2;99;0;2;1;2;1;
202300035661;155617340;B01;2;17;0;2;3;2;2;
202300035662;155617336;B01;1;1;0;2;1;0;5;
202300035662;155617342;A01;1;7;0;9;3;1;1;
202300035663;155617333;A01;2;2;13;0;7;14;1;
202300035664;155617332;B01;1;7;0;2;7;1;2;
202300035664;155617334;A01;1;33;0;2;8;18;1;
202300035665;155617331;A01;2;7;4;0;3;9;1;
202300035666;155617327;A01;3;7;0;1;1;1;1;
202300035667;155617325;A01;1;7;0;2;6;4;1;
202300035667;155617329;B01;1;1;0;2;1;1;5;
202300035668;155617324;A01;1;7;0;2;2;12;1;
202300035668;155617328;B01;1;31;0;2;3;3;1;
202300035669;155617322;B01;1;7;0;2;4;2;1;
202300035669;155617323;A01;1;42;0;2;1;2;1;
202300035670;155617320;A01;1;7;0;0;0;1;1;
202300035671;155617317;B01;1;50;0;2;8;1;3;
202300035671;155617321;A01;1;7;0;2;7;1;1;
202300035672;155617316;A01;3;7;0;2;1;1;1;
202300035672;155617319;B01;3;31;0;2;5;23;1;
202300035673;155617314;A01;1;33;0;0;0;2;1;
202300035674;155617313;A01;2;33;0;2;8;3;1;
202300035674;155617315;C01;2;7;0;2;4;1;1;
202300035674;155617318;B01;2;7;0;2;2;1;1;
202300035675;155617309;B01;3;7;0;2;1;26;1;
202300035675;155617311;A01;3;7;0;2;4;16;1;
202300035676;155617307;A01;2;7;8;0;0;0;1;
202300035677;155617310;A01;0;7;0;1;2;1;2;
202300035678;155617303;C01;1;7;0;2;4;1;1;
202300035678;155617304;A01;1;7;0;2;1;1;2;
202300035678;155617306;B01;1;10;0;2;4;1;1;
202300035679;155617299;A01;3;33;1;0;4;14;1;
202300035680;155617300;A01;2;7;3;0;9;1;1;
202300035681;155617302;A01;2;7;0;2;2;9;1;
202300035681;155617305;B01;2;7;0;2;4;9;1;
202300035681;155617308;C01;2;17;0;0;0;0;1;
202300035682;155617298;A01;2;7;0;2;1;2;1;
202300035682;155617301;B01;2;14;0;2;4;2;1;
202300035683;155617292;B01;1;33;0;2;1;1;1;
202300035683;155617297;A01;2;7;0;0;8;1;1;
202300035684;155617290;B01;2;7;0;2;8;1;1;
202300035684;155617294;A01;1;3;0;2;1;1;1;
202300035685;155617289;A01;1;10;0;2;1;1;1;
202300035685;155617293;C01;1;7;0;2;4;2;1;
202300035685;155617296;B01;1;7;0;2;1;2;1;
202300035686;155617287;A01;3;40;0;1;2;1;3;
202300035687;155617288;A01;1;33;0;2;3;3;1;
202300035687;155617291;B01;1;33;0;2;5;3;1;
202300035687;155617295;C01;1;7;0;2;5;1;1;
202300035688;155617285;A01;2;7;0;2;8;1;1;
202300035688;155617286;B01;2;7;0;2;1;16;1;
202300035689;155617281;A01;2;7;0;1;1;15;1;
202300035690;155617279;A01;0;7;0;2;7;1;1;
202300035690;155617282;B01;0;7;0;2;1;1;1;
202300035691;155617280;B01;1;31;0;2;3;2;1;
202300035691;155617283;A01;1;7;0;2;7;12;1;
202300035692;155617278;B01;1;32;0;2;7;3;1;
202300035692;155617284;A01;1;7;0;2;8;11;1;
202300035693;155617276;B01;2;7;0;0;6;2;0;
202300035693;155617277;A01;2;33;0;2;1;2;0;
202300035694;155617272;A01;1;33;0;0;7;3;1;
202300035695;155617271;A01;1;43;0;2;1;1;1;
202300035695;155617275;B01;1;7;0;2;4;1;1;
202300035696;155617269;A01;1;33;0;0;9;1;1;
202300035697;155617270;A01;2;10;0;2;2;1;1;
202300035697;155617274;B01;2;7;0;2;8;11;1;
202300035698;155617268;A01;1;30;0;2;1;17;1;
202300035698;155617273;B01;1;7;0;0;6;15;1;
202300035699;155617266;A01;2;31;0;1;1;0;1;
202300035700;155617263;A01;1;10;0;2;8;1;1;
202300035700;155617267;Z01;1;7;0;2;1;1;0;
202300035701;155617261;A01;1;7;0;2;4;0;1;
202300035701;155617265;B01;1;33;0;2;0;0;1;
202300035702;155617260;A01;1;33;4;2;2;18;1;
202300035702;155617264;B01;1;10;0;2;3;1;1;
202300035703;155617258;A01;2;33;0;6;1;1;1;
202300035704;155617259;B01;2;7;0;2;5;15;0;
202300035704;155617262;A01;1;32;0;2;2;1;1;
202300035705;155617253;A01;1;10;0;2;7;16;3;
202300035705;155617257;B01;1;1;0;2;1;1;5;
202300035706;155617249;A01;2;7;0;2;2;15;1;
202300035706;155617254;B01;1;7;7;2;3;1;1;
202300035707;155617250;B01;2;99;0;0;0;26;1;
202300035707;155617256;A01;2;33;14;0;1;1;1;
202300035708;155617247;B01;1;7;0;2;4;2;1;
202300035708;155617251;A01;1;7;0;2;4;2;1;
202300035708;155617255;C01;1;17;0;2;1;2;1;
202300035709;155617248;A01;3;33;0;2;3;1;1;
202300035709;155617252;B01;3;99;0;2;3;13;0;
202300035710;155617245;A01;1;7;2;0;1;1;1;
202300035711;155617244;A01;3;33;0;2;1;1;1;
202300035711;155617246;B01;3;7;0;2;2;1;1;
202300035712;155617241;A01;1;7;0;1;2;1;1;
202300035713;155617240;B01;2;7;0;2;6;11;1;
202300035713;155617242;A01;2;15;0;2;2;12;1;
202300035714;155617239;B01;3;7;0;2;6;20;0;
202300035714;155617243;A01;3;7;0;2;1;2;0;
202300035715;155617238;A01;2;7;0;2;3;1;1;
202300035716;155617236;A01;1;14;0;2;5;2;1;
202300035716;155617237;B01;1;7;0;2;6;2;1;
202300035717;155617233;A01;2;7;5;9;9;19;6;
202300035718;155617234;B01;2;7;0;2;1;2;1;
202300035718;155617235;A01;2;7;0;2;5;19;1;
202300035719;155617230;A01;1;7;0;2;4;14;1;
202300035719;155617232;B01;1;33;0;2;1;3;1;
202300035720;155617227;A01;2;7;0;2;6;1;1;
202300035720;155617231;B01;1;7;0;2;1;1;1;
202300035721;155617226;A01;2;80;0;2;8;15;3;
202300035721;155617229;B01;1;7;0;2;1;1;3;
202300035722;155617224;A01;1;7;0;2;8;11;2;
202300035722;155617225;B01;1;33;0;2;2;1;1;
202300035723;155617222;A01;3;7;13;1;4;26;6;
202300035724;155617223;A01;1;7;0;2;1;1;1;
202300035724;155617228;B01;1;7;0;2;1;0;1;
202300035725;155617221;A01;2;7;9;0;2;13;3;
202300035726;155617220;A01;-1;7;-1;-1;-1;-1;-1;
202300035727;155617214;A01;1;7;0;2;4;14;1;
202300035727;155617218;B01;1;1;0;2;1;1;5;
202300035728;155617213;B01;1;31;0;2;2;17;1;
202300035728;155617217;A01;1;7;0;2;3;11;1;
202300035729;155617212;B01;2;2;0;2;3;1;1;
202300035729;155617216;A01;2;7;0;2;1;10;2;
202300035730;155617211;A01;0;7;0;1;3;1;3;
202300035731;155617209;A01;2;7;8;0;1;1;1;
202300035732;155617210;B01;1;7;0;2;4;2;1;
202300035732;155617215;C01;1;10;0;2;4;1;1;
202300035732;155617219;A01;1;7;0;2;1;2;1;
202300035733;155617206;B01;2;31;0;0;8;1;1;
202300035733;155617208;A01;1;7;0;0;6;4;1;
202300035734;155617202;A01;1;7;13;0;2;14;1;
202300035735;155617205;B01;3;1;0;2;1;1;5;
202300035735;155617207;A01;3;7;0;2;2;15;1;
202300035736;155617203;A01;1;7;0;1;2;1;1;
202300035737;155617201;A01;2;7;0;2;4;8;1;
202300035737;155617204;B01;2;1;0;2;1;2;5;
202300035738;155617198;A01;2;35;0;2;1;9;1;
202300035738;155617200;B01;2;7;0;2;3;1;1;
202300035739;155617196;Z01;3;50;0;1;1;7;3;
202300035740;155617199;A01;2;30;0;0;0;1;1;
202300035741;155617197;A01;1;7;13;0;8;13;1;
202300035742;155617190;A01;2;50;0;1;1;1;3;
202300035743;155617192;A01;1;7;0;2;2;1;3;
202300035743;155617195;B01;1;1;0;2;3;15;5;
202300035744;155617188;A01;2;33;0;6;1;1;1;
202300035745;155617189;B01;2;1;0;2;3;1;5;
202300035745;155617191;A01;1;10;0;9;3;11;1;
202300035746;155617187;A01;3;14;0;4;2;15;1;
202300035746;155617193;B01;3;40;16;2;2;0;3;
202300035747;155617184;A01;3;43;0;1;1;26;1;
202300035748;155617185;A01;1;33;0;2;0;26;1;
202300035749;155617183;A01;2;7;0;2;3;1;1;
202300035749;155617186;B01;1;33;0;2;1;13;1;
202300035750;155617181;A01;3;7;1;1;3;13;1;
202300035751;155617179;A01;2;33;13;0;1;14;1;
202300035752;155617180;B01;3;33;0;2;9;11;1;
202300035752;155617182;A01;3;7;0;2;3;2;1;
202300035753;155617177;A01;3;7;0;1;2;16;1;
202300035754;155617176;A01;1;7;0;2;3;1;1;
202300035754;155617178;B01;2;7;0;2;3;1;1;
202300035755;155617174;A01;1;1;1;2;3;9;5;
202300035755;155617175;B01;2;1;0;2;1;1;5;
202300035756;155617171;A01;1;33;0;0;8;15;1;
202300035756;155617173;B01;1;7;0;2;8;15;1;
202300035757;155617168;A01;2;7;0;2;1;13;1;
202300035757;155617172;B01;1;7;0;2;8;0;1;
202300035758;155617167;A01;1;7;0;2;4;26;1;
202300035758;155617169;B01;1;34;0;2;1;1;1;
202300035759;155617166;B01;1;33;0;2;3;21;1;
202300035759;155617170;A01;1;7;0;2;7;21;1;
202300035760;155617163;B01;2;7;0;2;1;1;0;
202300035760;155617165;A01;1;7;0;2;3;1;0;
202300035761;155617162;A01;3;32;0;2;0;2;1;
202300035761;155617164;B01;3;7;0;2;5;1;0;
202300035762;155617159;A01;1;7;0;2;2;16;0;
202300035762;155617160;B01;1;1;0;0;0;0;5;
202300035763;155617157;A01;3;21;0;0;0;1;1;
202300035764;155617156;A01;2;7;0;2;3;15;1;
202300035764;155617158;B01;1;7;9;2;5;9;1;
202300035765;155617155;A01;2;7;0;2;2;1;1;
202300035765;155617161;B01;3;7;0;2;5;19;2;
202300035766;155617153;A01;1;7;0;1;4;4;1;
202300035767;155617152;A01;1;10;13;0;1;13;1;
202300035768;155617151;A01;1;7;0;2;3;13;2;
202300035768;155617154;B01;1;33;0;2;7;17;1;
202300035769;155617146;A01;2;7;0;2;6;15;3;
202300035769;155617148;B01;2;33;0;2;1;17;1;
202300035770;155617147;A01;1;7;0;2;7;15;1;
202300035770;155617150;B01;1;33;0;2;1;1;1;
202300035771;155617143;B01;2;99;0;2;8;1;1;
202300035771;155617149;A01;1;7;0;2;3;19;1;
202300035772;155617141;B01;1;7;0;9;1;15;1;
202300035772;155617144;A01;2;2;0;2;7;2;1;
202300035773;155617142;B01;3;7;0;2;1;1;1;
202300035773;155617145;A01;3;50;0;2;7;1;3;
202300035774;155617138;A01;0;50;0;2;8;19;3;
202300035774;155617140;B01;0;7;0;2;1;1;1;
202300035775;155617135;A01;2;7;0;2;4;1;1;
202300035775;155617139;B01;2;7;0;2;1;1;1;
202300035776;155617134;A01;2;7;0;0;1;17;1;
202300035776;155617137;B01;1;7;0;0;1;1;1;
202300035777;155617131;A01;2;15;0;1;7;12;1;
202300035778;155617130;A01;1;30;0;2;0;15;3;
202300035778;155617133;B01;1;50;0;2;0;15;3;
202300035779;155617129;A01;3;50;0;0;0;1;3;
202300035780;155617126;B01;1;7;0;2;3;10;1;
202300035780;155617128;A01;1;32;1;2;2;17;1;
202300035781;155617123;A01;2;1;0;1;1;1;5;
202300035782;155617121;A01;1;7;0;2;1;9;0;
202300035782;155617125;B01;2;7;14;2;1;1;0;
202300035783;155617120;A01;2;7;0;1;1;1;1;
202300035784;155617118;B01;3;7;0;2;8;1;1;
202300035784;155617124;A01;3;7;0;2;1;19;1;
202300035785;155617119;A01;3;7;0;2;3;9;1;
202300035785;155617122;B01;3;1;0;2;1;1;5;
202300035786;155617114;B01;1;2;0;0;2;2;0;
202300035786;155617117;A01;1;10;0;0;3;9;1;
202300035787;155617115;A01;2;43;8;0;1;14;1;
202300035788;155617113;A01;1;7;13;0;2;1;1;
202300035789;155617112;B01;1;7;0;0;4;0;1;
202300035789;155617116;A01;1;7;0;2;1;2;1;
202300035790;155617108;A01;1;1;14;0;7;14;5;
202300035791;155617107;A01;1;32;0;0;1;0;1;
202300035792;155617106;C01;3;7;0;2;4;23;0;
202300035792;155617109;A01;3;7;0;2;1;2;0;
202300035792;155617110;B01;3;7;0;2;4;23;0;
202300035793;155617103;A01;1;7;0;1;1;1;1;
202300035794;155617099;B01;0;33;0;0;2;1;1;
202300035794;155617102;A01;0;7;0;2;6;21;1;
202300035795;155617096;B01;1;99;8;2;3;1;1;
202300035795;155617100;A01;2;7;14;2;7;1;1;
202300035796;155617095;B01;2;7;0;2;1;1;3;
202300035796;155617098;A01;1;7;0;2;3;13;1;
202300035796;155617101;C01;2;7;0;2;8;1;1;
202300035797;155617093;A01;2;31;0;1;1;1;0;
202300035798;155617092;A01;1;10;1;0;4;0;1;
202300035798;155617094;B01;1;10;0;2;0;0;1;
202300035799;155617090;B01;2;80;1;0;1;1;5;
202300035800;155617087;A01;1;10;0;1;8;21;1;
202300035801;155617086;A01;1;7;0;2;1;19;1;
202300035801;155617089;B01;2;33;13;0;5;1;1;
202300035802;155617084;A01;1;7;0;2;3;15;2;
202300035802;155617085;B01;2;34;0;2;0;0;6;
202300035803;155617080;A01;1;7;0;2;1;2;1;
202300035803;155617083;B01;1;7;0;2;4;2;1;
202300035804;155617077;A01;1;7;7;0;1;14;1;
202300035805;155617076;B01;0;7;0;2;1;1;1;
202300035805;155617079;A01;0;30;0;2;8;1;1;
202300035806;155617078;A01;2;7;0;2;2;16;1;
202300035806;155617081;B01;2;32;0;2;3;17;1;
202300035807;155617075;A01;3;7;0;0;3;15;1;
202300035807;155617082;B01;0;99;0;2;1;1;0;
202300035808;155617074;A01;1;35;0;0;1;23;1;
202300035809;155617073;A01;1;2;13;0;1;14;1;
202300035810;155617070;A01;2;34;0;2;1;17;1;
202300035810;155617072;B01;2;10;0;2;3;4;1;
202300035811;155617066;A01;3;7;0;1;2;1;1;
202300035812;155617063;B01;1;7;1;2;3;1;0;
202300035812;155617067;A01;2;7;0;2;3;1;0;
202300035813;155617060;A01;1;7;0;2;1;2;1;
202300035813;155617062;B01;1;7;0;2;4;2;1;
202300035813;155617064;C01;1;7;0;2;4;2;1;
202300035814;155617059;B01;3;7;0;2;3;1;1;
202300035814;155617068;A01;3;10;0;2;2;1;1;
202300035815;155617061;D01;1;7;0;2;4;23;1;
202300035815;155617065;A01;0;7;0;2;3;11;1;
202300035815;155617069;B01;1;7;0;2;7;23;1;
202300035815;155617071;C01;1;7;0;2;8;23;1;
202300035816;155617056;B01;2;7;0;2;8;1;1;
202300035816;155617058;A01;2;15;0;2;7;14;1;
202300035817;155617054;A01;1;37;0;1;2;21;1;1.0
202300035818;155617055;A01;3;7;0;2;6;19;1;
202300035818;155617057;B01;1;7;0;2;3;1;1;
202300035819;155617051;A01;1;7;0;1;2;1;1;
202300035820;155617052;B01;3;33;0;2;7;1;1;
202300035820;155617053;A01;3;7;0;2;3;9;1;
202300035821;155617048;A01;0;7;0;1;3;1;1;
202300035822;155617046;A01;3;10;0;2;2;16;1;
202300035822;155617050;B01;3;1;0;2;0;1;5;
202300035823;155617043;A01;2;7;0;2;3;5;1;
202300035823;155617047;B01;1;7;0;2;3;1;1;
202300035823;155617049;C01;1;7;0;2;2;1;1;
202300035824;155617042;A01;1;31;14;2;1;14;1;
202300035824;155617045;B01;1;10;0;2;4;2;3;
202300035825;155617040;B01;3;7;0;2;3;26;1;
202300035825;155617044;A01;3;50;0;2;1;1;3;
202300035826;155617039;A01;3;33;0;2;3;16;0;
202300035826;155617041;B01;1;7;0;2;0;16;0;
202300035827;155617037;A01;3;7;6;0;1;0;0;
202300035828;155617036;A01;2;7;0;2;4;4;1;
202300035828;155617038;B01;2;1;0;2;1;15;5;
202300035829;155617035;A01;3;1;0;1;1;15;5;
202300035830;155617034;A01;3;7;0;1;3;1;1;
202300035831;155617032;A01;1;7;9;0;3;13;1;
202300035832;155617030;A01;3;33;13;0;1;1;1;
202300035833;155617029;A01;3;10;1;0;1;2;0;
202300035834;155617031;B01;3;32;0;2;7;17;1;
202300035834;155617033;A01;3;10;0;2;3;15;1;