Num_Acc;id_vehicule;num_veh;senc;catv;obs;obsm;choc;manv;motor;occutc
202300035835;155617027;B01;1;32;0;2;1;1;0;
202300035835;155617028;A01;1;7;0;2;3;15;1;
202300035836;155617023;A01;2;50;1;0;1;1;3;
202300035837;155617021;A01;1;7;0;2;3;1;1;
202300035837;155617025;B01;1;34;0;2;1;2;1;
202300035838;155617022;A01;1;7;0;2;6;15;1;
202300035838;155617026;B01;1;33;0;2;1;1;1;
202300035839;155617020;A01;1;7;0;2;1;1;1;
202300035839;155617024;B01;0;7;0;2;6;1;1;
202300035840;155617015;A01;3;7;0;2;0;1;1;
202300035840;155617018;B01;3;2;0;2;0;13;1;
202300035841;155617016;B01;3;32;0;2;1;12;1;
202300035841;155617019;A01;3;7;0;0;3;15;1;
202300035842;155617014;A01;3;32;13;0;0;0;1;
202300035843;155617012;A01;2;33;0;2;1;1;1;
202300035843;155617017;B01;2;7;0;2;4;1;1;
202300035844;155617009;B01;2;7;0;2;1;21;1;
202300035844;155617011;C01;1;7;0;2;3;1;1;
202300035844;155617013;Z01;1;7;0;2;0;13;0;
202300035845;155617007;A01;2;7;0;1;1;16;1;
202300035846;155617006;B01;2;30;0;2;1;5;1;
202300035846;155617010;A01;1;31;0;2;1;1;1;
202300035847;155617003;A01;2;7;0;1;1;1;1;
202300035848;155617004;A01;1;7;9;0;1;1;1;
202300035849;155617001;A01;1;1;0;2;3;1;5;
202300035849;155617002;B01;1;7;0;2;1;9;1;
202300035850;155616999;A01;3;33;0;1;1;3;1;
202300035851;155616996;A01;3;7;0;2;2;13;1;
202300035851;155617000;B01;0;7;0;0;0;0;3;
202300035852;155616994;B01;2;30;0;2;1;1;1;
202300035852;155616997;A01;1;7;0;2;3;15;1;
202300035853;155616992;C01;1;7;0;2;1;1;1;
202300035853;155616995;B01;1;7;0;2;1;1;1;
202300035853;155616998;A01;2;7;0;2;1;5;1;
202300035854;155616990;A01;2;7;0;2;7;19;1;
202300035854;155616993;B01;1;33;0;2;1;1;1;
202300035855;155616989;A01;1;7;0;0;0;0;1;
202300035855;155616991;B01;1;10;0;2;1;2;0;
202300035856;155616987;A01;2;33;8;9;1;13;1;
202300035857;155616988;A01;1;7;0;1;1;2;1;
202300035858;155616985;A01;2;7;0;1;2;1;1;
202300035859;155616984;A01;2;7;0;2;2;19;1;
202300035859;155616986;B01;1;7;0;2;3;1;1;
202300035860;155616983;A01;0;36;0;0;0;10;0;
202300035861;155616979;A01;3;7;0;9;3;0;6;
202300035861;155616982;B01;3;1;0;2;7;0;5;
202300035862;155616980;A01;2;7;0;1;2;1;1;
202300035863;155616977;A01;1;7;13;0;2;1;1;
202300035864;155616973;B01;3;7;0;2;6;1;1;
202300035864;155616978;A01;3;7;0;2;1;9;1;
202300035865;155616972;A01;0;7;0;2;8;18;1;
202300035865;155616976;B01;2;7;0;2;7;1;1;
202300035865;155616981;C01;1;7;0;2;8;1;1;
202300035866;155616969;A01;1;7;0;1;1;26;1;
202300035867;155616971;A01;1;33;0;2;1;17;1;
202300035867;155616975;B01;1;7;0;2;8;11;1;
202300035868;155616970;B01;2;7;0;9;8;1;1;
202300035868;155616974;A01;2;30;0;2;1;17;1;
202300035869;155616965;A01;1;7;0;2;1;13;1;
202300035869;155616968;B01;2;7;0;2;1;1;1;
202300035870;155616964;A01;2;7;0;1;2;1;1;
202300035871;155616961;A01;0;1;0;2;0;1;5;
202300035871;155616967;B01;3;1;0;0;0;0;5;
202300035872;155616962;A01;1;7;0;2;2;2;1;
202300035872;155616966;B01;1;1;0;0;4;2;5;
202300035873;155616960;B01;1;50;0;2;7;1;3;
202300035873;155616963;A01;0;7;0;2;1;15;1;
202300035874;155616958;A01;1;7;0;1;1;1;1;
202300035875;155616956;A01;2;7;0;2;1;13;1;
202300035875;155616959;B01;1;14;0;2;2;21;1;
202300035876;155616955;B01;2;7;0;2;1;1;1;
202300035876;155616957;A01;1;50;0;2;8;19;3;
202300035877;155616952;B01;0;10;0;2;3;15;1;
202300035877;155616954;A01;0;43;0;2;2;17;1;
202300035878;155616951;A01;0;7;1;2;0;22;1;
202300035878;155616953;B01;0;1;1;0;0;1;5;
202300035879;155616950;A01;2;7;0;1;1;1;1;
202300035880;155616949;A01;2;7;16;0;2;14;1;
202300035881;155616944;A01;0;10;0;1;1;15;1;
202300035882;155616945;A01;1;2;12;0;1;1;1;
202300035883;155616941;C01;1;7;0;2;1;5;5;
202300035883;155616943;D01;2;7;0;2;1;1;5;
202300035883;155616946;A01;1;1;0;2;1;5;5;
202300035883;155616948;B01;1;1;0;2;1;5;5;
202300035884;155616940;A01;0;7;8;0;1;1;1;
202300035885;155616936;A01;1;2;0;0;0;1;0;
202300035886;155616934;A01;0;7;0;2;1;1;1;
202300035886;155616938;B01;0;33;0;1;4;23;1;
202300035887;155616932;A01;2;7;0;0;4;0;2;
202300035887;155616937;E01;2;7;0;2;2;2;1;
202300035887;155616939;C01;2;7;0;0;5;2;1;
202300035887;155616942;D01;2;7;0;2;9;2;1;
202300035887;155616947;B01;2;7;0;2;1;2;1;
202300035888;155616931;A01;1;7;0;2;1;2;1;
202300035888;155616935;B01;1;33;0;2;4;2;1;
202300035889;155616933;A01;2;7;15;0;1;14;1;
202300035890;155616930;A01;3;1;0;0;2;1;5;
202300035891;155616926;A01;1;7;0;2;2;1;1;
202300035891;155616929;B01;1;2;0;0;4;1;1;
202300035892;155616924;A01;3;1;0;9;0;0;5;
202300035892;155616928;B01;2;50;0;9;0;0;3;
202300035893;155616923;A01;1;3;0;1;1;1;3;
202300035894;155616921;B01;2;2;0;2;2;1;1;
202300035894;155616927;A01;1;7;0;2;3;9;1;
202300035895;155616922;A01;2;7;0;2;3;13;1;
202300035895;155616925;B01;1;7;0;2;3;1;1;
202300035896;155616920;A01;2;7;6;0;7;1;1;
202300035897;155616919;A01;1;37;0;1;2;1;0;1.0
202300035898;155616918;A01;3;7;0;1;3;1;1;
202300035899;155616916;A01;1;7;0;1;1;1;1;
202300035900;155616914;A01;3;1;0;1;1;0;5;
202300035901;155616915;A01;1;2;0;2;1;15;1;
202300035901;155616917;B01;2;7;0;2;8;1;1;
202300035902;155616913;A01;3;1;0;1;1;25;5;
202300035903;155616910;A01;1;7;5;0;1;2;1;
202300035904;155616911;A01;1;7;0;2;1;1;1;
202300035905;155616909;A01;2;10;0;2;8;1;1;
202300035905;155616912;B01;1;3;0;2;1;1;3;
202300035906;155616905;A01;2;7;3;0;1;16;1;
202300035907;155616906;A01;3;7;0;2;5;1;1;
202300035907;155616908;B01;3;31;0;2;1;1;1;
202300035908;155616903;A01;1;7;0;2;1;2;1;
202300035908;155616907;B01;1;7;0;2;4;2;1;
202300035909;155616900;B01;1;60;1;9;8;1;5;
202300035909;155616902;A01;1;10;1;2;8;24;1;
202300035910;155616901;A01;1;30;0;2;3;1;1;
202300035910;155616904;Z01;2;7;0;2;2;15;1;
202300035911;155616899;A01;1;7;8;0;1;1;1;
202300035912;155616890;B01;1;7;0;2;4;1;1;
202300035912;155616895;A01;1;7;0;2;1;1;1;
202300035912;155616897;C01;1;7;0;2;4;1;1;
202300035913;155616893;A01;1;2;0;0;3;1;1;
202300035913;155616896;B01;1;15;0;2;0;1;1;
202300035913;155616898;C01;1;99;0;2;3;1;6;
202300035914;155616887;B01;1;7;0;2;3;1;1;
202300035914;155616894;A01;1;32;0;2;1;1;1;
202300035915;155616889;A01;1;7;0;2;3;13;1;
202300035915;155616891;B01;2;7;0;2;6;1;1;
202300035916;155616888;B01;0;7;0;0;4;2;1;
202300035916;155616892;A01;0;7;0;2;1;1;1;
202300035917;155616885;A01;2;7;0;1;1;2;1;
202300035918;155616880;A01;1;7;0;2;3;1;1;
202300035918;155616883;B01;2;2;0;2;1;13;1;
202300035919;155616881;A01;1;7;0;2;1;1;1;
202300035919;155616886;B01;2;7;0;2;1;1;1;
202300035920;155616879;A01;2;7;0;2;1;19;1;
202300035920;155616884;B01;2;7;13;0;8;1;1;
202300035921;155616878;A01;2;7;0;2;0;0;1;
202300035922;155616877;B01;0;30;0;2;7;1;1;
202300035922;155616882;A01;0;7;0;2;1;15;1;
202300035923;155616875;A01;1;7;2;0;3;13;1;
202300035924;155616874;A01;3;7;0;9;2;2;1;
202300035924;155616876;B01;3;80;0;0;8;13;3;
202300035925;155616873;A01;2;10;0;1;7;1;1;
202300035926;155616865;A01;3;10;0;2;3;19;1;
202300035926;155616871;B01;1;7;0;2;2;1;1;
202300035927;155616864;A01;2;7;0;2;1;1;1;
202300035927;155616867;B01;2;7;0;2;4;1;1;
202300035927;155616870;C01;2;17;0;2;2;21;1;
202300035928;155616863;A01;1;7;4;0;6;14;0;
202300035929;155616860;A01;1;7;3;0;0;13;1;
202300035930;155616858;A01;1;7;0;1;2;1;1;
202300035931;155616857;B01;2;7;0;2;1;1;1;
202300035931;155616861;A01;1;7;0;2;2;0;1;
202300035932;155616856;A01;2;7;0;2;3;16;1;
202300035932;155616859;B01;1;1;0;0;1;1;5;
202300035933;155616853;A01;1;33;0;0;0;1;1;
202300035934;155616852;B01;2;7;15;0;5;1;1;
202300035934;155616855;A01;1;7;14;2;1;19;1;
202300035935;155616848;A01;0;7;10;0;1;14;1;
202300035936;155616849;B01;3;50;0;2;2;0;3;
202300035936;155616854;A01;3;7;0;9;1;19;1;
202300035937;155616847;A01;2;10;0;2;3;19;1;
202300035937;155616851;B01;1;2;0;2;1;1;1;
202300035938;155616846;A01;1;10;0;2;8;2;1;
202300035938;155616850;B01;1;10;0;2;2;2;1;
202300035939;155616845;A01;1;7;9;1;2;9;1;
202300035940;155616840;A01;2;7;0;1;6;1;1;
202300035941;155616841;A01;3;2;0;0;0;0;1;
202300035942;155616839;A01;1;7;0;2;3;15;1;
202300035942;155616843;B01;1;33;0;2;1;0;1;
202300035943;155616838;B01;1;33;0;2;1;1;1;
202300035943;155616842;A01;1;7;0;0;6;15;1;
202300035944;155616837;A01;1;7;0;1;1;1;1;
202300035945;155616833;A01;1;7;0;2;1;1;1;
202300035945;155616835;B01;2;7;0;2;1;1;1;
202300035946;155616832;A01;1;14;0;2;3;1;1;
202300035946;155616836;B01;2;7;0;2;3;0;1;
202300035947;155616831;A01;1;7;16;0;1;14;1;
202300035948;155616830;A01;2;10;9;0;1;16;1;
202300035949;155616829;A01;1;33;14;0;1;1;1;
202300035950;155616825;A01;1;7;0;2;3;9;1;
202300035950;155616827;B01;1;7;0;2;2;1;1;
202300035951;155616826;A01;1;7;0;2;3;0;1;
202300035951;155616828;B01;2;2;0;2;1;5;1;
202300035952;155616822;A01;1;7;0;1;2;1;1;
202300035953;155616820;B01;2;7;0;2;1;1;1;
202300035953;155616824;A01;1;7;0;2;1;13;1;
202300035954;155616817;A01;1;7;13;0;3;13;1;
202300035955;155616821;B01;0;7;0;2;1;26;0;
202300035955;155616823;A01;0;7;0;2;1;19;0;
202300035956;155616816;A01;2;7;0;2;1;13;1;
202300035956;155616818;B01;1;7;0;2;1;1;1;
202300035957;155616815;B01;1;7;0;2;3;1;1;
202300035957;155616819;A01;3;7;0;2;1;1;1;
202300035958;155616814;A01;2;10;0;1;1;21;1;
202300035959;155616812;A01;2;3;13;0;8;14;1;
202300035960;155616810;A01;2;7;0;2;3;19;1;
202300035960;155616813;B01;1;32;0;2;1;3;1;
202300035961;155616809;A01;2;2;0;2;4;1;1;
202300035961;155616811;B01;2;7;0;2;1;1;1;
202300035962;155616806;A01;3;1;0;2;1;13;5;
202300035962;155616807;B01;3;10;0;9;1;1;1;
202300035963;155616805;B01;2;7;0;2;8;1;1;
202300035963;155616808;A01;1;3;0;2;3;13;1;
202300035964;155616803;B01;1;7;0;0;2;1;1;
202300035964;155616804;A01;2;7;0;0;3;15;1;
202300035965;155616802;A01;1;7;0;1;2;1;1;
202300035966;155616801;A01;2;32;0;1;1;26;1;
202300035967;155616799;B01;2;34;0;2;1;1;1;
202300035967;155616800;A01;1;7;0;2;2;15;1;
202300035968;155616797;A01;1;7;0;1;1;1;1;
202300035969;155616796;B01;2;33;0;2;9;1;1;
202300035969;155616798;A01;3;10;0;2;1;1;1;
202300035970;155616795;A01;2;7;0;1;1;1;1;
202300035971;155616794;A01;3;7;1;0;1;1;1;
202300035972;155616792;A01;1;2;1;0;4;0;1;
202300035972;155616793;B01;1;2;0;2;0;0;1;
202300035973;155616787;A01;1;7;0;1;1;1;1;
202300035974;155616786;A01;1;33;5;0;1;0;1;
202300035975;155616788;B01;1;7;0;2;1;9;1;
202300035975;155616790;A01;1;31;0;2;1;5;1;
202300035976;155616784;A01;1;7;0;2;1;13;1;
202300035976;155616789;B01;2;7;0;2;3;1;1;
202300035977;155616785;A01;1;7;0;2;1;1;1;
202300035977;155616791;B01;3;7;0;0;8;19;1;
202300035978;155616783;A01;1;7;6;0;0;0;1;
202300035979;155616782;A01;1;1;0;0;1;1;5;
202300035980;155616779;B01;1;7;0;1;0;0;0;
202300035980;155616781;A01;1;7;0;1;0;0;0;
202300035981;155616777;A01;3;7;0;1;3;15;1;
202300035982;155616775;B01;3;7;0;2;3;1;0;
202300035982;155616778;A01;3;7;0;2;1;17;0;
202300035983;155616773;B01;3;7;0;2;7;16;3;
202300035983;155616774;A01;3;33;0;2;7;18;1;
202300035984;155616771;A01;1;33;0;1;7;1;1;
202300035985;155616776;A01;1;7;0;2;5;16;1;
202300035985;155616780;B01;1;1;0;2;1;1;5;
202300035986;155616770;B01;2;99;0;2;3;15;1;
202300035986;155616772;A01;2;33;0;2;1;17;1;
202300035987;155616766;B01;3;1;0;2;8;9;5;
202300035987;155616769;A01;2;7;0;2;2;1;1;
202300035988;155616767;A01;1;32;1;0;5;14;1;
202300035989;155616765;B01;3;7;0;2;8;1;1;
202300035989;155616768;A01;3;7;0;2;3;13;1;
202300035990;155616763;A01;3;7;0;1;2;1;1;
202300035991;155616761;A01;3;10;0;2;2;15;1;
202300035991;155616764;B01;3;33;0;2;1;1;1;
202300035992;155616760;B01;1;7;0;2;1;1;1;
202300035992;155616762;A01;1;3;8;0;4;1;1;
202300035993;155616757;A01;3;10;0;1;2;9;3;
202300035994;155616756;B01;1;7;0;2;4;2;1;
202300035994;155616759;A01;1;1;0;2;1;2;5;
202300035995;155616754;A01;2;7;8;2;1;13;1;
202300035995;155616758;B01;1;31;0;2;1;1;1;
202300035996;155616752;B01;2;1;0;2;1;15;5;
202300035996;155616755;A01;1;7;0;2;1;1;1;
202300035997;155616750;A01;2;7;0;2;1;11;2;
202300035997;155616753;B01;1;7;0;2;1;1;2;
202300035998;155616747;A01;1;7;2;0;3;13;1;
202300035999;155616748;A01;1;7;0;2;3;10;1;
202300035999;155616751;B01;2;34;0;2;1;17;1;
202300036000;155616745;A01;1;1;0;0;7;1;5;
202300036001;155616743;A01;1;7;0;1;2;1;1;
202300036002;155616741;A01;1;7;0;0;4;2;1;
202300036002;155616746;B01;1;1;0;2;1;2;5;
202300036003;155616742;A01;2;7;1;0;4;4;1;
202300036004;155616740;B01;1;7;0;2;4;1;1;
202300036004;155616744;C01;2;7;0;2;4;1;1;
202300036004;155616749;A01;1;10;0;2;1;1;1;
202300036005;155616739;A01;3;80;6;0;1;1;3;
202300036006;155616737;A01;2;7;0;1;1;1;1;
202300036007;155616734;Z01;1;50;0;1;1;1;3;
202300036008;155616731;B01;1;32;0;2;8;18;1;
202300036008;155616735;A01;2;7;0;2;1;15;1;
202300036009;155616730;C01;2;7;0;0;6;24;1;
202300036009;155616733;A01;1;7;2;2;1;6;1;
202300036009;155616738;B01;2;7;1;0;6;1;1;
202300036010;155616732;A01;2;7;0;2;1;9;1;
202300036010;155616736;B01;1;1;0;2;5;1;5;
202300036011;155616726;B01;1;7;0;0;0;9;1;
202300036011;155616729;A01;1;80;0;0;0;21;3;
202300036012;155616724;A01;0;7;0;2;1;14;2;
202300036012;155616727;B01;0;7;0;2;1;13;1;
202300036013;155616728;A01;3;1;0;1;1;1;5;
202300036014;155616720;A01;2;33;0;2;1;17;1;
202300036014;155616723;B01;1;7;0;2;2;1;1;
202300036015;155616721;A01;1;7;0;2;2;12;1;
202300036015;155616722;B01;1;32;0;2;3;1;1;
202300036015;155616725;C01;1;7;0;2;1;2;1;
202300036016;155616719;A01;1;7;2;0;1;14;1;
202300036017;155616717;A01;3;7;0;1;2;15;1;
202300036018;155616713;B01;2;80;0;2;4;2;3;
202300036018;155616716;A01;2;7;0;2;3;9;1;
202300036019;155616714;B01;1;7;0;0;4;23;1;
202300036019;155616718;A01;1;10;0;2;1;2;1;
202300036020;155616712;A01;3;7;0;0;0;16;1;
202300036021;155616711;B01;2;33;0;2;1;0;1;
202300036021;155616715;A01;2;7;0;2;5;23;2;
202300036022;155616708;B01;1;1;0;2;8;19;5;
202300036022;155616710;A01;1;7;0;2;2;1;1;
202300036023;155616709;A01;3;7;0;1;1;1;0;
202300036024;155616707;A01;2;33;0;6;7;1;1;
202300036025;155616703;B01;2;7;0;2;6;2;1;
202300036025;155616705;A01;2;7;0;2;2;13;1;
202300036026;155616704;A01;1;31;12;2;2;13;1;
202300036026;155616706;B01;2;7;0;2;3;1;1;
202300036027;155616700;A01;3;7;0;1;1;14;1;
202300036028;155616697;A01;2;33;0;2;1;17;1;
202300036028;155616701;B01;1;33;0;2;1;1;1;
202300036029;155616695;A01;1;7;0;2;7;2;1;
202300036029;155616698;B01;1;33;0;2;8;0;1;
202300036030;155616694;A01;1;50;0;0;4;2;3;
202300036031;155616696;A01;1;7;0;1;1;9;1;
202300036032;155616693;A01;3;7;6;0;1;1;0;
202300036033;155616692;A01;0;33;12;0;1;14;1;
202300036034;155616689;A01;2;33;2;0;0;1;1;
202300036035;155616688;A01;1;33;0;2;1;21;1;
202300036035;155616691;B01;1;33;0;2;8;0;1;
202300036036;155616686;A01;1;10;0;2;4;1;1;
202300036036;155616690;B01;2;7;0;2;2;15;1;
202300036037;155616687;A01;3;10;0;1;4;20;1;
202300036038;155616683;A01;0;1;0;2;1;2;5;
202300036038;155616684;B01;0;7;0;9;6;2;0;
202300036039;155616681;A01;2;33;0;6;1;0;1;
202300036040;155616680;A01;0;7;0;2;1;19;1;
202300036040;155616685;B01;3;7;0;2;3;26;1;
202300036041;155616678;A01;2;7;4;0;3;1;1;
202300036042;155616679;B01;2;32;0;2;1;1;1;
202300036042;155616682;A01;2;10;0;2;5;9;1;
202300036043;155616677;A01;1;7;15;0;0;1;1;
202300036044;155616674;A01;2;33;7;0;1;1;1;
202300036045;155616676;A01;1;31;0;0;9;19;1;
202300036046;155616672;A01;2;7;0;2;7;13;1;
202300036046;155616675;B01;1;7;0;2;2;1;1;
202300036047;155616671;A01;2;7;0;1;1;1;1;
202300036048;155616669;A01;1;7;10;0;7;1;1;
202300036049;155616668;B01;1;7;0;2;3;1;1;
202300036049;155616673;A01;1;50;0;2;1;1;3;
202300036050;155616667;A01;1;2;0;2;1;5;1;
202300036050;155616670;B01;2;7;0;2;1;1;1;
202300036051;155616666;A01;1;33;0;0;8;1;1;
202300036052;155616664;B01;1;33;0;2;4;1;1;
202300036052;155616665;A01;1;7;0;2;3;1;1;
202300036053;155616659;A01;1;7;0;1;3;1;1;
202300036054;155616662;A01;1;7;0;2;5;16;1;
202300036054;155616663;B01;1;33;0;2;1;3;1;
202300036055;155616656;A01;2;7;0;0;1;1;1;
202300036055;155616660;B01;1;7;0;0;8;1;1;
202300036056;155616654;A01;2;7;13;0;3;1;0;
202300036057;155616655;A01;1;7;4;0;7;1;6;
202300036057;155616658;B01;1;7;0;2;8;18;1;
202300036058;155616653;A01;1;7;0;2;1;13;1;
202300036058;155616657;C01;2;7;0;2;1;2;1;
202300036058;155616661;B01;2;7;0;2;1;1;1;
202300036059;155616649;B01;2;31;0;2;0;1;1;
202300036059;155616652;A01;1;7;0;2;7;15;1;
202300036060;155616647;B01;3;1;0;2;8;19;5;
202300036060;155616651;A01;2;7;0;9;1;1;1;
202300036061;155616646;A01;1;7;15;0;7;1;1;
202300036061;155616650;B01;2;7;16;0;3;1;1;
202300036062;155616644;A01;2;7;0;0;3;9;1;
202300036062;155616648;B01;1;50;0;0;7;1;3;
202300036063;155616642;A01;3;7;2;0;3;1;1;
202300036064;155616643;A01;1;7;0;9;1;15;0;
202300036065;155616640;A01;2;7;0;2;1;1;1;
202300036065;155616645;B01;3;7;0;2;3;15;1;
202300036066;155616639;A01;1;10;4;0;2;0;1;
202300036067;155616633;A01;2;7;13;0;1;1;1;
202300036068;155616632;A01;3;7;0;2;2;15;1;
202300036068;155616637;B01;3;34;0;2;1;1;1;
202300036069;155616631;A01;2;7;0;1;1;15;1;
202300036070;155616634;A01;2;7;0;2;7;15;1;
202300036070;155616635;B01;1;2;0;2;1;1;1;
202300036071;155616625;A01;1;30;14;0;1;14;1;
202300036072;155616621;D01;1;7;0;0;4;2;0;
202300036072;155616623;A01;1;7;0;2;3;11;1;
202300036072;155616627;B01;1;7;0;2;5;2;0;
202300036072;155616629;C01;1;7;0;2;4;2;0;
202300036073;155616622;A01;1;32;0;2;1;1;1;
202300036073;155616626;Z01;2;7;0;2;4;4;0;
202300036074;155616620;B01;2;7;0;2;8;15;1;
202300036074;155616624;A01;1;33;0;2;1;1;1;
202300036075;155616618;A01;2;10;0;2;2;15;1;
202300036075;155616619;B01;1;1;0;2;1;1;5;
202300036076;155616612;A01;1;10;0;2;1;21;1;
202300036076;155616614;C01;2;7;0;2;3;1;1;
202300036076;155616616;B01;1;7;0;0;6;23;1;
202300036077;155616613;B01;3;15;0;2;1;0;1;
202300036077;155616617;A01;3;7;0;2;1;0;1;
202300036078;155616609;A01;2;33;0;2;1;2;1;
202300036078;155616610;B01;2;7;0;0;4;2;1;
202300036079;155616607;A01;3;7;0;1;1;1;1;
202300036080;155616605;A01;1;7;6;0;8;13;1;
202300036081;155616604;B01;3;3;0;2;1;2;1;
202300036081;155616606;A01;3;7;0;0;4;2;1;
202300036082;155616601;B01;1;7;0;2;5;1;1;
202300036082;155616603;A01;2;7;0;2;3;13;1;
202300036083;155616600;A01;1;7;0;2;2;1;1;
202300036083;155616602;B01;1;7;0;0;4;1;1;
202300036084;155616594;A01;1;50;0;2;1;15;3;
202300036084;155616595;B01;2;1;0;2;1;1;5;
202300036085;155616591;C01;1;7;1;0;8;1;1;
202300036085;155616593;B01;1;7;1;0;5;1;1;
202300036085;155616596;A01;1;7;4;0;2;1;1;
202300036086;155616590;A01;3;7;16;0;6;1;1;
202300036087;155616585;A01;1;2;0;2;8;0;1;
202300036087;155616588;B01;1;10;0;2;7;0;1;
202300036088;155616597;B01;1;7;3;2;3;21;1;
202300036088;155616608;A01;2;7;5;2;3;1;1;
202300036089;155616584;B01;1;1;0;2;1;5;5;
202300036089;155616587;A01;1;7;0;2;2;18;1;
202300036090;155616589;D01;0;7;0;0;7;23;0;
202300036090;155616599;A01;0;7;2;0;9;1;0;
202300036090;155616611;B01;0;7;0;2;1;1;0;
202300036090;155616615;C01;0;7;0;2;1;0;0;
202300036091;155616579;A01;3;7;0;2;1;2;1;
202300036091;155616582;B01;3;1;0;0;4;2;5;
202300036092;155616580;A01;2;15;5;0;5;0;1;
202300036093;155616581;A01;2;7;0;1;8;13;1;
202300036094;155616577;B01;2;33;0;2;7;1;1;
202300036094;155616583;A01;1;7;0;2;8;19;1;
202300036095;155616576;B01;1;7;0;2;1;15;0;
202300036095;155616578;A01;1;7;0;2;2;1;0;
202300036095;155616586;D01;2;7;0;2;1;1;0;
202300036096;155616575;A01;2;2;4;0;1;19;1;
202300036097;155616569;A01;2;7;0;2;5;12;1;
202300036097;155616572;B01;2;38;0;2;3;1;6;1.0
202300036098;155616570;A01;1;7;0;2;5;2;1;
202300036098;155616574;B01;1;7;0;2;3;15;1;
202300036099;155616568;A01;2;3;12;0;2;15;1;
202300036100;155616567;A01;1;33;0;2;1;1;1;
202300036100;155616571;B01;1;7;0;2;8;10;1;
202300036101;155616566;A01;1;7;0;0;7;17;0;
202300036101;155616573;B01;1;7;7;0;9;1;0;
202300036102;155616562;A01;1;10;2;0;1;1;1;
202300036103;155616561;B01;1;7;0;0;6;1;1;
202300036103;155616563;A01;1;33;0;2;2;17;1;
202300036104;155616560;A01;2;7;0;2;4;11;1;
202300036104;155616565;B01;2;33;0;2;1;1;1;
202300036105;155616558;B01;1;33;0;2;1;1;1;
202300036105;155616564;A01;2;7;0;2;3;15;1;
202300036106;155616557;A01;1;7;0;0;0;1;1;
202300036107;155616556;A01;1;7;0;2;1;1;0;
202300036107;155616559;B01;2;7;0;2;1;13;0;
202300036108;155616554;A01;3;33;14;0;1;23;1;
202300036109;155616550;A01;1;7;0;2;1;2;1;
202300036109;155616555;B01;1;7;0;2;4;2;1;
202300036110;155616547;A01;1;7;0;1;1;1;1;
202300036111;155616545;A01;2;7;1;2;3;1;1;
202300036111;155616552;B01;1;7;0;2;1;15;1;
202300036112;155616548;A01;2;7;0;0;6;15;1;
202300036112;155616553;B01;1;7;0;0;1;1;1;
202300036113;155616546;A01;1;10;0;2;3;13;1;
202300036113;155616549;B01;2;7;0;2;8;1;1;
202300036113;155616551;C01;2;7;0;2;3;13;2;
202300036114;155616544;A01;2;31;0;0;0;1;1;
202300036115;155616541;A01;2;7;2;0;1;14;1;
202300036116;155616540;A01;2;7;0;2;3;19;0;
202300036116;155616542;B01;2;34;0;2;1;1;1;
202300036117;155616539;A01;2;7;0;0;0;1;1;
202300036118;155616533;A01;2;31;0;2;1;1;1;
202300036118;155616536;B01;2;33;0;2;4;1;1;
202300036119;155616534;A01;2;7;3;2;1;1;1;
202300036119;155616537;B01;2;17;0;0;4;1;1;
202300036120;155616531;A01;1;33;0;2;3;1;1;
202300036120;155616535;B01;1;7;0;2;1;15;1;
202300036121;155616530;B01;2;10;0;2;3;11;1;
202300036121;155616532;A01;2;33;0;2;7;3;1;
202300036122;155616528;A01;1;10;0;2;4;1;1;
202300036122;155616529;B01;1;10;0;2;1;1;1;
202300036123;155616524;A01;1;7;0;2;8;15;1;
202300036123;155616527;B01;1;32;0;2;7;17;1;
202300036124;155616525;A01;1;7;3;0;1;13;1;
202300036125;155616522;A01;1;7;0;2;5;1;1;
202300036125;155616526;B01;1;33;0;2;1;1;1;
202300036126;155616520;A01;1;7;0;2;2;15;1;
202300036126;155616523;B01;2;2;0;2;3;1;1;
202300036127;155616514;A01;2;7;0;2;1;1;1;
202300036127;155616517;B01;2;7;0;2;4;1;1;
202300036128;155616515;A01;2;32;0;2;0;1;1;
202300036128;155616518;B01;2;7;0;2;2;9;1;
202300036129;155616512;B01;1;7;0;2;6;1;1;
202300036129;155616516;C01;1;7;0;2;5;23;1;
202300036129;155616521;A01;1;7;0;2;3;2;1;
202300036130;155616509;A01;1;32;8;0;0;13;1;
202300036131;155616508;A01;2;7;2;0;1;14;1;
202300036132;155616510;A01;2;2;0;2;1;13;0;
202300036132;155616513;B01;1;7;0;2;3;0;0;
202300036133;155616506;A01;2;7;0;2;1;2;1;
202300036133;155616507;B01;2;10;0;2;4;2;1;
202300036133;155616511;C01;2;7;0;2;4;2;1;
202300036134;155616502;A01;1;7;0;2;1;2;1;
202300036134;155616505;B01;2;7;0;2;4;2;1;
202300036135;155616500;A01;1;7;0;2;3;17;1;
202300036135;155616504;B01;2;10;0;2;3;1;1;
202300036136;155616499;B01;2;2;0;0;4;1;1;
202300036136;155616503;A01;2;7;0;2;2;2;1;
202300036137;155616497;B01;2;7;0;2;4;2;1;
202300036137;155616501;A01;2;33;0;2;1;2;1;
202300036138;155616496;A01;1;33;0;2;1;2;1;
202300036138;155616498;B01;1;7;0;2;4;2;1;
202300036139;155616491;A01;1;7;2;0;1;6;1;
202300036140;155616492;B01;2;7;0;2;4;1;1;
202300036140;155616495;A01;2;43;0;2;1;2;1;