Num_Acc;id_vehicule;num_veh;senc;catv;obs;obsm;choc;manv;motor;occutc
202300036141;155616490;A01;1;7;2;0;1;21;1;
202300036142;155616493;A01;3;32;0;2;2;1;1;
202300036142;155616494;B01;0;7;0;2;7;15;1;
202300036143;155616488;B01;2;7;0;2;4;2;1;
202300036143;155616489;A01;2;10;0;2;1;2;1;
202300036144;155616484;A01;3;21;0;0;7;15;1;
202300036145;155616483;B01;1;1;0;2;7;2;5;
202300036145;155616487;A01;1;14;0;9;7;2;1;
202300036146;155616482;A01;3;7;0;2;1;12;1;
202300036146;155616486;B01;3;15;0;2;5;1;1;
202300036147;155616481;B01;2;7;13;2;3;1;1;
202300036147;155616485;A01;1;7;6;2;6;19;1;
202300036148;155616479;A01;2;7;0;1;1;1;1;
202300036149;155616476;A01;1;43;0;2;7;14;1;
202300036149;155616480;B01;1;7;0;2;3;1;1;
202300036150;155616474;A01;2;7;0;2;7;12;1;
202300036150;155616478;B01;2;33;0;2;3;3;1;
202300036151;155616472;A01;1;7;0;1;6;26;0;
202300036152;155616473;A01;2;7;0;2;3;13;1;
202300036152;155616475;B01;1;7;0;2;3;1;1;
202300036153;155616470;A01;1;33;0;0;6;1;1;
202300036154;155616469;C01;3;7;0;2;6;1;1;
202300036154;155616471;B01;3;7;0;2;8;1;1;
202300036154;155616477;A01;3;7;0;2;3;13;1;
202300036155;155616466;A01;1;7;0;2;1;2;1;
202300036155;155616468;B01;1;7;0;2;4;2;1;
202300036156;155616463;A01;2;7;0;1;7;14;1;
202300036157;155616461;A01;1;32;0;2;3;3;1;
202300036157;155616462;B01;1;7;0;2;2;1;1;
202300036157;155616465;C01;1;14;0;2;1;1;1;
202300036158;155616456;A01;2;7;0;0;9;1;1;
202300036159;155616457;A01;1;7;0;2;1;1;1;
202300036159;155616460;B01;1;7;0;2;4;1;1;
202300036160;155616455;A01;1;7;0;9;2;2;1;
202300036160;155616458;B01;1;1;0;0;4;2;5;
202300036161;155616453;A01;3;3;0;2;3;1;0;
202300036161;155616459;B01;0;3;0;2;8;1;0;
202300036162;155616452;A01;1;10;1;0;1;26;1;
202300036162;155616454;B01;1;10;0;2;4;24;1;
202300036163;155616450;A01;2;7;2;0;3;13;1;
202300036164;155616449;A01;2;7;0;2;1;1;1;
202300036164;155616451;B01;2;10;0;2;4;1;1;
202300036165;155616447;A01;-1;33;13;0;8;1;1;
202300036166;155616448;A01;1;7;2;0;1;1;1;
202300036167;155616444;A01;2;7;0;2;1;1;1;
202300036167;155616445;B01;2;7;0;2;4;1;1;
202300036168;155616440;A01;3;7;0;2;3;15;1;
202300036168;155616443;B01;3;33;0;2;1;1;1;
202300036169;155616442;A01;3;7;5;2;3;1;1;
202300036169;155616446;B01;3;7;11;2;1;16;3;
202300036170;155616441;A01;1;15;0;1;3;1;1;
202300036171;155616434;A01;1;7;0;2;2;1;2;
202300036171;155616438;B01;1;7;0;2;8;1;1;
202300036172;155616433;B01;1;7;0;2;1;15;1;
202300036172;155616436;A01;2;33;0;2;1;1;1;
202300036173;155616430;A01;2;14;0;2;4;2;1;
202300036173;155616432;B01;2;10;0;2;1;0;1;
202300036174;155616426;B01;3;7;0;2;1;5;1;
202300036174;155616428;A01;3;30;0;2;1;1;1;
202300036175;155616422;A01;1;7;0;2;2;2;1;
202300036175;155616425;B01;1;2;0;2;6;0;1;
202300036176;155616423;B01;1;2;0;2;1;1;1;
202300036176;155616427;A01;2;7;0;2;1;15;1;
202300036177;155616421;A01;2;14;0;2;1;2;1;
202300036177;155616424;B01;2;7;0;2;4;2;0;
202300036178;155616416;Z01;2;0;0;1;0;0;0;
202300036179;155616417;A01;3;7;0;2;1;1;0;
202300036179;155616420;Z01;0;7;0;2;7;15;0;
202300036180;155616414;B01;3;7;0;2;3;19;0;
202300036180;155616419;A01;1;7;0;0;6;1;1;
202300036181;155616413;A01;1;10;3;2;1;17;1;
202300036181;155616415;B01;1;7;0;2;8;1;1;
202300036181;155616418;C01;1;7;0;2;3;12;1;
202300036182;155616410;A01;2;7;0;2;2;12;1;
202300036182;155616412;B01;2;33;0;2;8;3;1;
202300036183;155616407;B01;2;2;0;2;1;1;1;
202300036183;155616409;A01;1;7;0;2;2;15;1;
202300036184;155616402;C01;1;7;0;2;3;1;1;
202300036184;155616403;B01;1;15;0;2;6;1;1;
202300036184;155616405;A01;2;7;0;2;1;1;1;
202300036185;155616406;A01;0;7;0;2;3;15;1;
202300036185;155616408;B01;0;33;0;2;1;1;1;
202300036186;155616401;A01;1;31;0;2;3;26;1;
202300036186;155616404;B01;1;7;0;2;7;12;1;
202300036187;155616400;A01;2;10;2;0;2;14;1;
202300036188;155616397;A01;1;7;0;2;1;2;1;
202300036188;155616399;B01;1;7;0;2;4;23;1;
202300036188;155616411;C01;1;7;0;2;3;2;1;
202300036189;155616394;Z01;2;7;0;2;8;1;0;
202300036189;155616396;A01;2;32;0;2;7;12;1;
202300036190;155616392;A01;2;7;0;2;1;17;1;
202300036190;155616395;B01;2;14;0;0;8;17;1;
202300036191;155616393;B01;3;32;0;2;7;26;1;
202300036191;155616398;A01;2;7;0;2;1;26;1;
202300036192;155616390;B01;1;7;3;2;1;17;1;
202300036192;155616391;A01;1;7;3;2;4;17;1;
202300036193;155616387;A01;2;7;13;0;1;13;1;
202300036194;155616386;B01;1;7;0;2;3;11;1;
202300036194;155616389;A01;1;33;0;2;2;1;1;
202300036195;155616382;B01;1;7;0;2;4;2;0;
202300036195;155616383;C01;1;7;0;2;4;0;1;
202300036195;155616385;A01;1;10;0;2;1;2;1;
202300036196;155616381;A01;2;7;17;0;1;1;1;
202300036197;155616375;A01;1;7;0;2;1;2;1;
202300036197;155616377;B01;1;10;0;2;4;2;1;
202300036198;155616374;B01;1;33;0;2;0;0;1;
202300036198;155616378;A01;1;7;0;2;3;1;2;
202300036198;155616380;C01;1;7;0;2;4;1;1;
202300036199;155616373;A01;0;7;0;1;2;1;6;
202300036200;155616372;A01;1;7;0;2;1;12;1;
202300036200;155616376;C01;1;7;0;2;4;1;1;
202300036200;155616379;B01;1;33;0;2;1;3;1;
202300036201;155616366;B01;1;7;0;2;1;1;1;
202300036201;155616370;A01;1;7;0;0;0;0;0;
202300036202;155616367;A01;1;7;0;2;3;1;1;
202300036202;155616369;B01;2;7;0;2;3;13;1;
202300036203;155616365;B01;2;33;0;2;6;2;1;
202300036203;155616368;A01;1;32;0;2;1;2;1;
202300036204;155616360;B01;3;10;0;2;8;1;1;
202300036204;155616364;A01;1;7;0;2;1;1;1;
202300036205;155616361;A01;3;7;0;2;1;9;1;
202300036205;155616363;B01;1;2;0;2;1;26;1;
202300036206;155616358;A01;1;7;0;2;1;2;1;
202300036206;155616371;B01;1;17;0;2;4;2;1;
202300036207;155616359;Z01;2;10;0;2;2;1;0;
202300036207;155616362;A01;2;1;0;2;8;18;5;
202300036208;155616355;A01;1;33;0;0;7;12;0;
202300036209;155616353;B01;2;7;0;2;1;1;1;
202300036209;155616356;A01;1;7;0;2;1;1;1;
202300036210;155616354;A01;1;7;0;2;7;15;1;
202300036210;155616357;B01;2;33;0;2;2;1;1;
202300036211;155616349;B01;2;7;4;2;6;1;1;
202300036211;155616351;A01;2;31;4;2;2;12;1;
202300036212;155616350;A01;1;1;0;2;1;1;5;
202300036212;155616352;B01;1;7;0;0;0;23;1;
202300036213;155616346;B01;1;1;0;2;3;2;5;
202300036213;155616347;A01;1;7;0;9;5;17;1;
202300036214;155616345;A01;1;7;0;2;1;19;1;
202300036214;155616348;B01;1;1;0;2;7;2;5;
202300036215;155616343;B01;1;7;0;2;6;26;1;
202300036215;155616344;A01;1;33;0;2;2;3;1;
202300036216;155616342;A01;3;50;0;1;0;1;3;
202300036217;155616341;A01;0;7;0;1;1;15;0;
202300036218;155616339;A01;1;7;0;1;1;1;3;
202300036219;155616338;A01;2;32;0;2;2;3;1;
202300036219;155616340;B01;2;10;0;2;8;11;0;
202300036220;155616331;B01;1;10;0;2;1;2;1;
202300036220;155616334;A01;1;7;0;2;4;2;1;
202300036221;155616330;C01;0;7;0;2;4;1;1;
202300036221;155616333;A01;0;7;0;2;1;1;1;
202300036221;155616336;B01;0;7;0;2;4;1;1;
202300036222;155616337;A01;1;33;1;0;4;14;1;
202300036223;155616329;A01;2;7;0;2;1;1;1;
202300036224;155616332;Z01;1;7;0;2;1;13;1;
202300036224;155616335;B01;2;7;0;2;1;1;1;
202300036225;155616325;B01;2;30;0;0;8;1;1;
202300036225;155616328;A01;1;7;0;0;1;1;2;
202300036226;155616323;B01;1;37;0;2;2;1;1;2.0
202300036226;155616326;A01;1;7;0;2;1;9;1;
202300036227;155616322;A01;2;7;0;2;1;2;1;
202300036227;155616324;B01;2;14;0;2;4;1;1;
202300036228;155616321;A01;1;1;0;0;7;1;5;
202300036229;155616318;A01;3;7;1;0;1;13;1;
202300036230;155616317;A01;1;2;0;2;0;5;0;
202300036230;155616320;B01;2;7;0;2;2;1;1;
202300036231;155616316;B01;2;14;0;2;0;0;1;
202300036231;155616319;A01;2;7;0;2;0;9;1;
202300036232;155616312;A01;3;1;0;2;1;19;5;
202300036232;155616314;B01;1;31;0;2;8;1;1;
202300036233;155616310;A01;3;10;0;2;1;1;1;
202300036233;155616315;B01;3;33;0;2;3;1;1;
202300036234;155616311;A01;2;7;4;2;5;12;1;
202300036234;155616313;B01;2;33;4;2;1;3;1;
202300036235;155616308;A01;2;30;0;1;1;1;1;
202300036236;155616306;A01;3;33;0;2;7;17;1;
202300036236;155616309;B01;3;80;0;2;8;1;3;
202300036237;155616305;A01;2;10;0;2;2;2;1;
202300036237;155616307;B01;2;7;0;2;6;2;1;
202300036238;155616302;A01;1;7;0;2;3;15;1;
202300036238;155616304;B01;2;2;0;2;1;1;1;
202300036239;155616301;A01;1;10;0;2;1;11;1;
202300036239;155616303;B01;1;7;0;2;7;1;2;
202300036240;155616297;B01;2;7;0;2;4;1;1;
202300036240;155616298;A01;2;10;0;2;1;1;1;
202300036241;155616300;Z01;2;30;0;1;1;1;0;
202300036242;155616296;A01;2;7;0;1;1;1;1;
202300036243;155616293;A01;1;7;2;0;1;13;1;
202300036244;155616294;A01;1;7;0;2;5;11;1;
202300036244;155616295;EB01;1;33;0;2;1;3;1;
202300036245;155616290;A01;1;7;0;2;8;11;1;
202300036245;155616292;B01;2;15;0;2;1;1;1;
202300036246;155616289;A01;2;7;0;2;1;1;1;
202300036246;155616291;B01;2;10;0;2;4;2;1;
202300036247;155616288;Z01;1;30;0;1;2;1;0;
202300036248;155616284;B01;2;33;0;2;8;3;1;
202300036248;155616286;A01;2;10;0;2;7;12;0;
202300036249;155616281;A01;3;7;0;2;3;15;3;
202300036249;155616283;B01;3;31;0;2;2;17;1;
202300036250;155616279;B01;2;7;0;2;4;11;1;
202300036250;155616282;A01;2;33;0;2;1;3;1;
202300036251;155616277;A01;2;33;0;0;1;1;1;
202300036252;155616275;A01;1;10;0;0;7;14;1;
202300036253;155616274;B01;2;7;0;2;4;2;1;
202300036253;155616276;A01;2;7;0;2;1;2;1;
202300036254;155616270;B01;2;31;0;2;1;1;1;
202300036254;155616272;A01;2;7;0;2;8;11;1;
202300036255;155616269;B01;1;33;0;2;2;13;1;
202300036255;155616271;A01;1;7;0;2;6;17;1;
202300036256;155616273;A01;2;32;0;0;0;21;1;
202300036257;155616266;A01;2;33;0;2;1;11;1;
202300036257;155616268;B01;2;10;0;2;6;2;1;
202300036258;155616265;A01;1;10;0;2;1;1;1;
202300036258;155616267;B01;2;20;0;2;5;15;1;
202300036259;155616263;Z01;3;50;0;1;0;25;3;
202300036260;155616261;B01;1;1;0;2;8;1;5;
202300036260;155616262;A01;2;7;0;2;3;15;1;
202300036261;155616258;B01;2;7;0;2;3;1;2;
202300036261;155616260;A01;2;80;0;2;1;1;3;
202300036262;155616256;A01;3;10;0;2;2;1;1;
202300036262;155616264;B01;3;7;0;2;3;1;1;
202300036263;155616257;B01;1;60;0;2;1;1;5;
202300036263;155616259;A01;1;7;0;2;8;9;2;
202300036264;155616254;B01;3;7;1;2;5;15;3;
202300036264;155616255;A01;3;7;1;2;2;21;1;
202300036265;155616253;A01;0;7;0;1;1;5;1;
202300036266;155616249;B01;1;7;0;0;4;23;0;
202300036266;155616251;A01;1;7;0;2;1;0;0;
202300036267;155616250;B01;3;80;0;2;8;1;3;
202300036267;155616252;A01;3;7;0;2;7;16;1;
202300036268;155616247;A01;1;7;0;2;6;11;1;
202300036268;155616248;B01;2;7;0;2;1;2;1;
202300036269;155616245;A01;2;1;0;2;8;1;5;
202300036269;155616246;B01;1;80;0;2;0;11;3;
202300036270;155616244;A01;0;7;0;1;4;26;0;
202300036271;155616243;A01;1;7;1;0;3;1;1;
202300036272;155616241;A01;3;1;0;2;1;1;5;
202300036272;155616242;B01;3;7;0;2;3;11;1;
202300036273;155616239;B01;1;30;0;2;1;1;0;
202300036273;155616240;A01;1;7;0;2;3;9;1;
202300036274;155616238;A01;2;10;0;1;1;16;1;
202300036275;155616237;A01;1;32;0;1;1;17;1;
202300036276;155616233;A01;1;7;0;2;0;0;0;
202300036276;155616235;BB01;1;1;0;2;1;0;5;
202300036277;155616234;A01;1;10;0;2;8;24;1;
202300036277;155616236;B01;1;1;0;2;1;1;5;
202300036278;155616231;A01;0;7;0;1;0;0;1;
202300036279;155616229;A01;2;7;0;1;2;21;1;
202300036280;155616230;A01;2;32;0;2;1;2;1;
202300036280;155616232;B01;2;32;0;2;4;2;1;
202300036281;155616227;A01;3;7;7;0;1;9;2;
202300036282;155616226;A01;1;30;0;2;1;1;1;
202300036282;155616228;B01;1;37;0;2;4;7;1;1.0
202300036283;155616225;A01;1;2;0;1;1;1;1;
202300036284;155616224;A01;3;7;0;1;1;1;1;
202300036285;155616223;A01;2;32;0;1;1;18;1;
202300036286;155616222;A01;2;7;0;1;2;1;1;
202300036287;155616220;B01;2;7;0;2;2;17;0;
202300036287;155616221;A01;2;37;0;2;3;1;6;2.0
202300036288;155616219;A01;2;7;1;0;1;1;1;
202300036289;155616218;A01;1;60;0;0;0;0;5;
202300036290;155616215;A01;1;7;0;2;5;23;1;
202300036290;155616217;B01;2;1;0;2;1;1;5;
202300036291;155616216;B01;3;7;8;1;1;16;0;
202300036292;155616213;A01;1;33;0;9;1;1;1;
202300036292;155616214;B01;2;1;0;2;8;19;5;
202300036293;155616212;A01;1;7;0;1;1;0;1;
202300036294;155616211;A01;2;7;1;0;1;0;1;
202300036295;155616208;B01;1;7;0;2;5;15;1;
202300036295;155616210;A01;2;2;0;2;1;1;1;
202300036296;155616209;A01;1;32;0;1;1;1;1;
202300036297;155616206;A01;3;7;0;2;5;15;0;
202300036297;155616207;B01;0;2;0;2;1;1;1;
202300036298;155616205;A01;1;7;9;0;1;1;1;
202300036299;155616203;A01;3;7;0;2;3;9;1;
202300036299;155616204;B01;3;1;0;0;7;1;5;
202300036300;155616201;A01;1;7;0;0;0;0;1;
202300036300;155616202;B01;1;2;0;2;1;0;1;
202300036301;155616199;B01;2;33;0;2;1;5;1;
202300036301;155616200;A01;1;10;0;2;3;2;1;
202300036302;155616198;A01;2;7;0;1;7;1;1;
202300036303;155616197;A01;2;7;0;1;1;1;1;
202300036304;155616196;A01;3;7;0;1;1;15;0;
202300036305;155616194;A01;2;7;0;2;1;1;0;
202300036305;155616195;B01;1;7;0;2;2;6;0;
202300036306;155616192;B01;1;1;0;2;0;0;5;
202300036306;155616193;A01;1;14;0;2;7;2;1;
202300036307;155616189;A01;1;1;0;0;1;14;5;
202300036308;155616188;B01;3;17;0;2;1;1;1;
202300036308;155616190;A01;3;7;0;2;1;13;1;
202300036309;155616187;B01;2;7;0;2;1;1;1;
202300036309;155616191;A01;1;7;0;0;1;13;1;
202300036310;155616186;A01;2;1;0;0;1;1;5;
202300036311;155616185;A01;1;10;13;0;7;21;1;
202300036312;155616184;A01;1;7;13;0;2;1;1;
202300036313;155616182;A01;0;7;13;0;9;0;1;
202300036314;155616181;B01;2;31;0;2;3;1;3;
202300036314;155616183;A01;2;7;0;2;2;12;1;
202300036315;155616179;B01;1;31;2;2;4;17;1;
202300036315;155616180;A01;1;7;0;2;3;15;1;
202300036316;155616175;B01;2;7;0;2;3;2;1;
202300036316;155616178;A01;2;7;3;0;7;2;1;
202300036317;155616174;A01;1;7;0;2;2;16;2;
202300036317;155616177;B01;1;1;0;2;4;2;5;
202300036318;155616173;A01;1;7;0;2;1;5;0;
202300036318;155616176;B01;2;7;0;2;1;1;0;
202300036319;155616171;B01;2;7;0;2;7;1;1;
202300036319;155616172;A01;3;7;0;2;1;15;1;
202300036320;155616169;A01;2;33;0;0;7;1;1;
202300036321;155616168;B01;1;1;0;2;2;11;5;
202300036321;155616170;A01;1;10;0;2;4;4;1;
202300036322;155616167;A01;1;7;9;0;5;5;1;
202300036323;155616164;A01;2;7;0;2;2;16;2;
202300036323;155616165;B01;1;1;0;2;2;1;5;
202300036324;155616162;A01;2;7;0;2;3;17;1;
202300036324;155616166;B01;1;7;0;2;1;1;1;
202300036325;155616160;B01;2;10;0;2;4;1;1;
202300036325;155616161;C01;2;7;0;2;4;1;1;
202300036325;155616163;A01;2;7;0;2;1;1;1;
202300036326;155616157;A01;2;7;0;2;3;1;1;
202300036326;155616159;B01;1;7;0;2;8;1;1;
202300036327;155616156;A01;1;32;1;2;1;17;1;
202300036327;155616158;B01;1;7;0;2;3;15;3;
202300036328;155616151;B01;1;7;0;2;3;1;1;
202300036328;155616152;A01;2;7;0;2;3;1;1;
202300036329;155616153;A01;1;7;0;2;1;1;1;
202300036329;155616154;C01;1;7;0;2;4;1;1;
202300036329;155616155;B01;1;7;0;2;4;1;1;
202300036330;155616150;A01;2;7;0;1;1;0;0;
202300036331;155616148;A01;2;10;0;1;2;1;1;
202300036332;155616149;A01;1;7;16;0;1;14;1;
202300036333;155616145;B01;2;7;0;2;6;0;1;
202300036333;155616147;A01;2;33;0;2;1;2;1;
202300036334;155616143;A01;2;20;0;2;3;1;1;
202300036334;155616144;B01;2;7;0;2;2;17;1;
202300036334;155616146;C01;2;7;1;0;1;1;1;
202300036335;155616142;A01;1;7;0;1;1;1;2;
202300036336;155616141;A01;3;7;1;0;2;1;1;
202300036337;155616138;A01;2;7;0;2;2;5;1;
202300036337;155616140;B01;1;10;0;2;2;5;1;
202300036338;155616136;A01;1;32;0;2;1;1;1;
202300036339;155616137;A01;3;7;0;2;1;9;1;
202300036339;155616139;B01;1;33;0;2;7;1;1;
202300036340;155616135;A01;1;7;0;1;2;1;3;
202300036341;155616133;A01;0;31;0;0;0;26;1;
202300036342;155616134;A01;0;7;0;1;8;1;0;
202300036343;155616131;B01;1;14;0;2;3;1;1;
202300036343;155616132;A01;2;7;0;2;3;13;1;
202300036344;155616128;B01;2;7;0;2;2;16;1;
202300036344;155616130;A01;2;34;0;2;8;18;1;
202300036345;155616125;B01;1;17;0;2;1;21;1;
202300036345;155616127;A01;2;7;0;2;1;13;1;
202300036346;155616122;C01;2;60;0;0;4;2;5;
202300036346;155616124;D01;2;7;0;2;2;1;1;
202300036346;155616126;B01;2;1;0;0;0;2;5;
202300036346;155616129;A01;2;1;0;0;0;2;5;
202300036347;155616120;A01;3;7;0;2;2;1;1;
202300036347;155616123;B01;3;7;0;2;1;1;1;
202300036348;155616119;A01;1;7;2;0;1;13;1;
202300036349;155616118;A01;1;7;0;2;1;15;1;
202300036349;155616121;B01;2;7;0;2;1;1;1;
202300036350;155616116;B01;2;50;0;2;1;25;3;
202300036350;155616117;A01;1;1;0;2;1;25;5;
202300036351;155616114;A01;1;7;0;1;1;15;1;
202300036352;155616113;A01;1;2;0;2;2;1;1;
202300036352;155616115;B01;1;7;0;0;6;9;1;
202300036353;155616110;A01;1;2;0;0;0;0;1;
202300036354;155616111;B01;1;7;0;2;5;1;1;
202300036354;155616112;A01;1;7;0;2;3;1;1;
202300036355;155616108;A01;2;7;0;0;4;17;1;
202300036355;155616109;B01;2;7;0;2;1;2;1;
202300036356;155616106;A01;2;7;0;0;0;14;0;
202300036357;155616105;A01;1;7;0;2;6;20;1;
202300036357;155616107;B01;1;33;0;2;1;0;1;
202300036358;155616102;A01;1;10;0;1;5;16;0;
202300036359;155616103;A01;1;7;0;2;5;12;1;
202300036359;155616104;B01;1;32;0;2;8;0;1;
202300036360;155616100;B01;3;80;0;2;7;1;3;
202300036360;155616101;A01;3;7;0;2;7;16;0;
202300036361;155616099;A01;1;7;0;0;2;1;1;
202300036362;155616094;B01;1;7;0;2;2;16;1;
202300036362;155616097;A01;1;43;0;2;3;18;1;
202300036363;155616092;A01;2;7;0;2;3;13;1;
202300036363;155616093;C01;1;7;0;2;1;1;1;
202300036363;155616096;B01;1;7;0;2;3;1;1;
202300036364;155616089;B01;1;37;0;2;8;15;0;1.0
202300036364;155616091;A01;1;50;0;2;1;7;3;
202300036365;155616088;B01;1;17;0;0;4;2;1;
202300036365;155616090;A01;1;7;0;2;1;2;0;
202300036366;155616087;A01;1;7;0;1;3;0;1;
202300036367;155616085;A01;2;50;1;0;1;26;3;
202300036367;155616086;B01;2;7;1;0;0;24;1;
202300036368;155616084;A01;0;32;0;0;8;9;1;
202300036369;155616083;A01;1;7;4;0;0;2;1;
202300036370;155616081;A01;1;7;0;1;1;1;1;
202300036371;155616079;A01;2;7;0;2;3;11;1;
202300036371;155616080;B01;2;7;0;2;7;17;1;
202300036371;155616082;C01;2;15;0;2;8;2;1;
202300036372;155616077;A01;2;7;0;1;1;1;1;
202300036373;155616078;A01;1;7;2;0;1;1;1;
202300036374;155616075;A01;3;31;0;2;1;1;1;
202300036374;155616076;B01;3;7;0;2;3;20;1;
202300036375;155616072;B01;1;7;0;2;2;16;0;
202300036375;155616074;A01;1;30;0;2;3;18;1;
202300036376;155616071;B01;2;7;0;2;3;1;1;
202300036376;155616073;A01;2;7;0;2;0;1;1;
202300036377;155616068;A01;2;7;0;2;2;12;1;
202300036377;155616070;B01;2;15;0;0;6;0;1;
202300036378;155616067;A01;1;30;0;2;7;16;1;
202300036378;155616069;B01;1;30;0;2;1;18;1;
202300036379;155616065;A01;2;7;0;1;2;1;1;
202300036380;155616063;A01;2;7;0;2;3;1;1;
202300036380;155616066;B01;3;1;0;2;1;3;5;
202300036381;155616061;A01;1;15;1;0;1;1;1;
202300036381;155616062;B01;1;10;0;0;4;24;1;
202300036381;155616064;C01;1;7;0;0;3;24;1;
202300036382;155616058;B01;3;1;0;2;1;0;5;
202300036382;155616060;A01;3;7;0;2;3;1;3;
202300036383;155616057;A01;2;10;0;0;1;0;1;
202300036384;155616056;A01;2;7;0;2;3;13;1;
202300036384;155616059;B01;1;15;0;2;8;1;1;
202300036385;155616055;A01;3;7;0;0;2;1;1;
202300036386;155616054;Z01;1;7;0;1;0;0;0;
202300036387;155616053;A01;1;33;12;0;1;5;1;
202300036388;155616052;A01;1;7;0;1;0;1;1;
202300036389;155616049;B01;0;7;0;2;1;19;0;
202300036389;155616051;A01;2;7;0;2;2;1;0;
202300036390;155616048;A01;1;43;13;0;1;1;1;
202300036391;155616047;B01;2;7;0;5;1;1;1;
202300036391;155616050;A01;1;7;0;2;3;13;1;
202300036392;155616045;A01;2;7;0;1;2;1;1;
202300036393;155616041;A01;1;7;0;9;1;2;1;
202300036393;155616042;B01;1;50;0;0;8;13;3;
202300036394;155616039;B01;1;60;0;2;8;19;5;
202300036394;155616043;A01;1;10;0;2;1;19;1;
202300036395;155616038;B01;1;33;0;2;1;17;1;
202300036395;155616040;A01;1;7;0;0;6;15;1;
202300036396;155616037;A01;1;37;6;0;1;1;1;1.0
202300036397;155616035;B01;1;10;0;2;6;11;1;
202300036397;155616036;A01;1;32;0;2;7;1;1;
202300036398;155616034;A01;3;7;2;0;1;14;1;
202300036399;155616032;B01;2;1;0;2;8;16;5;
202300036399;155616033;A01;2;14;0;2;7;16;1;
202300036400;155616027;B01;1;7;0;0;8;1;1;
202300036400;155616030;A01;1;7;0;0;1;19;1;
202300036401;155616028;B01;2;33;0;2;3;1;0;
202300036401;155616031;A01;2;7;0;2;5;12;0;
202300036402;155616026;A01;2;7;0;2;5;10;0;
202300036402;155616029;B01;2;33;0;2;1;16;0;
202300036403;155616024;A01;3;7;6;1;4;26;1;
202300036404;155616025;A01;2;33;0;2;1;0;1;
202300036405;155616021;A01;1;15;0;2;4;11;1;
202300036405;155616023;B01;1;13;0;2;1;1;1;
202300036406;155616019;B01;2;80;0;2;1;0;3;
202300036406;155616022;A01;2;7;0;9;3;0;1;
202300036407;155616020;A01;2;33;0;9;0;1;1;
202300036408;155616016;A01;2;7;0;2;1;5;1;
202300036408;155616018;B01;1;7;0;2;1;1;1;
202300036409;155616015;A01;1;7;0;2;8;11;1;
202300036409;155616017;B01;1;33;0;2;7;1;1;
202300036410;155616012;A01;2;80;0;0;0;26;3;
202300036411;155616011;A01;1;7;4;0;1;1;1;
202300036412;155616013;B01;2;7;0;2;6;11;1;
202300036412;155616014;A01;2;43;0;2;2;3;1;
202300036413;155616009;A01;3;7;0;1;6;4;1;
202300036414;155616007;A01;1;7;4;2;6;9;0;
202300036414;155616010;Z01;1;10;0;2;2;14;0;
202300036415;155616006;B01;1;7;0;2;4;1;1;
202300036415;155616008;A01;1;7;0;2;1;1;1;
202300036416;155616004;A01;2;7;0;0;9;5;1;
202300036417;155616003;A01;1;7;0;2;1;13;1;
202300036417;155616005;B01;2;7;0;2;1;1;1;
202300036418;155616000;A01;2;10;0;2;2;12;1;
202300036418;155616002;B01;2;33;0;2;3;3;1;
202300036419;155615999;A01;1;7;4;0;3;1;0;
202300036420;155615997;A01;1;7;0;2;1;1;1;
202300036420;155615998;C01;1;33;0;0;4;1;1;
202300036420;155616001;B01;1;43;0;2;4;1;1;
202300036421;155615995;A01;2;7;4;0;1;2;1;
202300036422;155615994;A01;1;7;2;0;7;0;1;
202300036423;155615991;A01;1;33;0;0;9;13;1;
202300036424;155615990;A01;1;7;0;2;1;1;1;
202300036424;155615992;B01;1;7;0;2;4;2;1;
202300036425;155615993;A01;1;31;14;0;1;1;1;
202300036425;155615996;B01;3;7;0;2;4;23;2;
202300036426;155615985;Z01;2;7;0;0;0;16;0;
202300036426;155615987;A01;1;80;0;0;0;1;3;
202300036427;155615983;A01;2;7;0;0;3;1;1;
202300036427;155615988;B01;1;7;0;2;3;13;1;
202300036428;155615984;C01;1;7;0;2;4;2;1;
202300036428;155615986;A01;1;7;0;2;1;2;1;
202300036428;155615989;B01;1;7;0;2;4;2;1;
202300036429;155615982;A01;1;1;0;0;0;1;5;
202300036430;155615981;A01;2;10;13;0;3;1;1;
202300036431;155615978;B01;2;10;0;2;4;23;1;
202300036431;155615980;A01;2;7;0;2;1;2;1;
202300036432;155615977;A01;1;7;0;2;1;13;1;
202300036432;155615979;B01;2;7;0;2;1;1;1;
202300036433;155615975;A01;3;1;0;2;7;9;5;
202300036433;155615976;B01;3;1;0;2;1;1;5;
202300036434;155615973;B01;2;7;0;2;3;15;1;
202300036434;155615974;A01;2;2;0;2;1;1;1;
202300036435;155615970;A01;3;7;0;0;5;15;0;
202300036435;155615971;B01;3;33;0;2;3;1;1;
202300036436;155615969;A01;1;1;0;2;5;2;5;
202300036436;155615972;B01;1;2;0;2;3;2;3;
202300036437;155615968;A01;1;7;2;0;0;1;1;
202300036438;155615966;A01;2;32;0;2;1;17;1;
202300036438;155615967;B01;1;7;0;2;3;19;1;
202300036439;155615964;A01;2;7;0;2;3;5;1;
202300036439;155615965;B01;1;7;0;2;1;1;1;
202300036440;155615963;A01;3;7;2;0;2;1;1;
202300036441;155615961;A01;1;7;0;2;3;13;1;
202300036441;155615962;B01;2;13;0;2;3;1;1;
202300036442;155615959;A01;2;7;0;2;1;1;1;