Num_Acc;id_vehicule;num_veh;senc;catv;obs;obsm;choc;manv;motor;occutc
202300036442;155615960;B01;1;7;0;0;1;0;1;
202300036443;155615958;A01;2;7;0;1;1;17;1;
202300036444;155615957;A01;1;7;13;0;1;0;1;
202300036445;155615956;A01;1;10;0;1;4;20;1;
202300036446;155615952;B01;1;7;0;0;4;2;1;
202300036446;155615953;A01;1;7;0;2;1;2;1;
202300036447;155615950;A01;1;7;0;2;1;1;1;
202300036447;155615951;B01;3;7;0;2;7;19;1;
202300036448;155615948;A01;3;21;0;0;0;21;1;
202300036448;155615949;B01;3;33;0;2;8;21;1;
202300036449;155615946;A01;3;1;0;2;1;15;5;
202300036449;155615947;B01;1;7;0;2;2;1;1;
202300036450;155615945;A01;2;43;13;0;1;1;1;
202300036451;155615943;B01;1;10;0;0;4;23;1;
202300036451;155615944;A01;1;33;1;0;1;26;1;
202300036452;155615942;A01;3;14;0;1;4;4;1;
202300036453;155615941;A01;1;33;0;0;0;1;1;
202300036454;155615939;A01;1;33;0;2;8;17;1;
202300036454;155615940;B01;1;7;0;2;7;17;1;
202300036455;155615938;A01;3;7;8;0;3;26;1;
202300036456;155615936;A01;1;7;0;2;3;1;1;
202300036456;155615937;B01;2;7;0;2;3;1;1;
202300036457;155615934;B01;2;33;0;2;1;1;1;
202300036457;155615935;A01;1;7;0;2;3;19;1;
202300036458;155615932;B01;1;33;13;2;8;1;1;
202300036458;155615933;A01;1;7;0;2;7;15;1;
202300036459;155615930;B01;0;33;0;2;1;1;1;
202300036459;155615931;A01;3;7;0;2;3;15;1;
202300036460;155615929;A01;1;7;2;0;1;1;1;
202300036461;155615927;A01;1;33;0;2;2;17;1;
202300036461;155615928;B01;1;7;0;2;3;1;0;
202300036462;155615925;A01;2;7;0;2;2;16;1;
202300036462;155615926;B01;2;33;0;2;6;1;1;
202300036463;155615923;A01;1;10;0;2;1;1;1;
202300036463;155615924;B01;1;15;0;0;4;1;1;
202300036464;155615921;A01;1;36;0;2;3;13;1;
202300036464;155615922;B01;2;10;0;2;3;1;1;
202300036465;155615919;B01;1;2;0;2;1;1;1;
202300036465;155615920;A01;1;7;0;2;6;10;1;
202300036466;155615917;B01;1;7;0;2;1;2;1;
202300036466;155615918;A01;1;10;0;0;4;1;1;
202300036467;155615916;A01;1;33;13;0;8;17;1;
202300036468;155615914;A01;2;7;0;2;2;1;0;
202300036468;155615915;B01;3;7;0;2;3;16;0;
202300036469;155615912;A01;1;33;0;2;1;1;1;
202300036469;155615913;B01;2;7;0;2;3;15;1;
202300036470;155615910;A01;0;7;3;2;1;2;1;
202300036470;155615911;B01;0;7;0;2;6;2;1;
202300036471;155615908;A01;1;31;0;2;8;1;1;
202300036471;155615909;B01;1;33;0;0;7;23;1;
202300036472;155615906;A01;1;7;0;2;3;9;1;
202300036472;155615907;B01;1;33;0;2;2;1;1;
202300036473;155615905;A01;1;33;16;0;9;0;1;
202300036474;155615903;A01;1;33;0;2;1;5;1;
202300036474;155615904;B01;2;7;0;2;3;1;0;
202300036475;155615901;B01;2;7;0;2;4;2;1;
202300036475;155615902;A01;2;33;0;2;1;2;1;
202300036476;155615900;A01;1;10;3;0;1;13;1;
202300036477;155615898;A01;1;1;0;2;8;1;5;
202300036477;155615899;B01;3;7;0;2;1;1;3;
202300036478;155615897;A01;1;7;17;0;1;1;1;
202300036479;155615895;A01;1;7;0;2;3;13;1;
202300036479;155615896;B01;2;7;0;2;3;1;1;
202300036480;155615893;A01;1;7;0;2;1;13;1;
202300036480;155615894;B01;2;7;0;0;1;23;1;
202300036481;155615892;A01;2;7;6;0;1;13;1;
202300036482;155615891;A01;1;1;0;0;0;1;5;
202300036483;155615890;A01;1;7;0;0;0;1;1;
202300036484;155615889;A01;3;35;8;0;1;16;1;
202300036485;155615888;A01;1;2;7;0;0;1;0;
202300036486;155615886;B01;1;10;0;2;5;1;1;
202300036486;155615887;A01;1;34;0;2;5;1;1;
202300036487;155615884;B01;2;7;0;2;2;1;1;
202300036487;155615885;A01;2;34;0;2;8;18;1;
202300036488;155615880;A01;2;7;0;2;4;1;1;
202300036488;155615881;B01;2;7;0;2;4;1;0;
202300036488;155615882;C01;2;7;0;2;4;1;1;
202300036488;155615883;D01;2;7;0;2;1;1;0;
202300036489;155615878;B01;2;7;0;2;6;1;1;
202300036489;155615879;A01;2;7;0;2;0;0;1;
202300036490;155615877;A01;1;7;4;0;0;1;1;
202300036491;155615876;A01;1;7;3;0;0;1;1;
202300036492;155615874;A01;1;7;0;2;1;1;1;
202300036492;155615875;B01;1;7;0;2;4;1;0;
202300036493;155615872;A01;1;20;0;2;1;2;1;
202300036493;155615873;B01;1;7;0;2;4;2;1;
202300036494;155615870;A01;2;0;0;2;2;14;0;
202300036494;155615871;B01;2;43;0;2;3;3;1;
202300036495;155615868;B01;2;7;0;2;2;0;1;
202300036495;155615869;A01;2;7;0;2;6;23;1;
202300036496;155615864;D01;1;10;0;2;6;1;1;
202300036496;155615865;A01;1;7;0;2;8;12;2;
202300036496;155615866;C01;1;10;0;2;4;1;1;
202300036496;155615867;B01;1;33;0;2;7;3;1;
202300036497;155615863;A01;1;30;8;0;1;1;1;
202300036498;155615861;A01;1;33;0;2;1;1;1;
202300036498;155615862;B01;1;7;0;2;8;9;2;
202300036499;155615859;B01;2;7;0;2;1;1;1;
202300036499;155615860;A01;1;2;0;2;3;1;1;
202300036500;155615857;B01;1;37;0;2;3;1;1;7.0
202300036500;155615858;A01;1;10;0;2;2;16;1;
202300036501;155615856;A01;2;30;6;0;1;14;1;
202300036502;155615854;A01;2;10;1;2;1;2;1;
202300036502;155615855;B01;2;7;1;2;4;2;1;
202300036503;155615853;A01;1;33;12;2;0;1;1;
202300036504;155615851;A01;1;7;0;2;8;0;1;
202300036504;155615852;B01;2;7;0;2;3;1;1;
202300036505;155615849;B01;2;2;0;2;8;1;1;
202300036505;155615850;A01;1;7;0;9;1;15;1;
202300036506;155615847;A01;2;33;0;2;1;1;1;
202300036506;155615848;B01;1;30;0;2;1;13;1;
202300036507;155615846;A01;1;2;14;9;0;13;1;
202300036508;155615844;A01;1;7;0;2;3;14;1;
202300036508;155615845;Z01;2;99;0;2;3;2;0;
202300036509;155615842;B01;3;7;0;2;8;0;1;
202300036509;155615843;A01;3;2;0;2;8;15;1;
202300036510;155615840;B01;1;1;0;0;0;0;5;
202300036510;155615841;A01;2;7;0;0;0;1;0;
202300036511;155615838;B01;1;7;0;0;5;16;1;
202300036511;155615839;A01;1;31;0;2;1;2;1;
202300036512;155615837;A01;2;7;4;0;1;1;1;
202300036513;155615833;A01;2;7;0;2;4;2;1;
202300036513;155615834;B01;2;7;0;2;4;2;1;
202300036513;155615835;C01;2;7;0;2;4;2;1;
202300036513;155615836;D01;2;7;0;2;1;2;0;
202300036514;155615832;A01;1;7;6;0;1;9;1;
202300036515;155615831;A01;3;7;6;0;1;16;1;
202300036516;155615830;Z01;1;7;0;1;2;1;1;
202300036517;155615828;B01;3;7;0;9;3;26;0;
202300036517;155615829;A01;1;50;0;2;1;19;3;
202300036518;155615826;A01;2;43;0;2;1;21;1;
202300036518;155615827;B01;2;7;0;9;4;23;1;
202300036519;155615824;A01;1;7;0;2;4;1;1;
202300036519;155615825;B01;1;7;0;2;4;16;1;
202300036520;155615822;B01;3;1;0;2;2;26;5;
202300036520;155615823;A01;3;10;0;9;2;26;1;
202300036521;155615820;A01;2;7;0;2;2;1;1;
202300036521;155615821;B01;2;7;0;2;2;1;1;
202300036522;155615819;A01;0;7;0;1;1;2;1;
202300036523;155615818;A01;3;7;0;1;1;15;1;
202300036524;155615816;A01;2;7;0;2;1;1;1;
202300036524;155615817;B01;2;7;0;2;4;1;1;
202300036525;155615815;A01;0;7;0;1;2;16;1;
202300036526;155615813;A01;0;33;0;2;1;26;1;
202300036526;155615814;B01;0;7;0;2;4;26;1;
202300036527;155615812;A01;1;7;8;0;2;14;1;
202300036528;155615811;A01;1;50;0;0;8;0;3;
202300036529;155615809;A01;1;7;0;2;3;14;1;
202300036529;155615810;B01;2;7;0;2;8;23;1;
202300036530;155615808;A01;1;17;0;1;1;1;1;
202300036531;155615806;A01;0;33;0;2;1;17;1;
202300036531;155615807;B01;0;7;0;2;3;15;1;
202300036532;155615804;A01;2;7;0;0;1;1;0;
202300036532;155615805;B01;3;99;0;2;1;15;0;
202300036533;155615803;A01;3;7;0;1;1;1;1;
202300036534;155615801;B01;2;7;0;2;5;1;1;
202300036534;155615802;A01;2;7;0;2;1;15;1;
202300036535;155615799;A01;3;7;0;2;1;1;1;
202300036535;155615800;B01;3;50;0;2;3;19;3;
202300036536;155615798;A01;2;7;0;1;2;1;1;
202300036537;155615796;A01;2;7;0;2;2;15;1;
202300036537;155615797;B01;0;1;0;2;1;1;5;
202300036538;155615795;A01;3;10;1;2;0;0;1;
202300036539;155615794;A01;1;10;0;1;2;2;1;
202300036540;155615792;A01;3;1;0;2;0;0;5;
202300036540;155615793;Z01;3;13;0;2;7;0;0;
202300036541;155615791;A01;1;2;11;0;1;1;1;
202300036542;155615790;A01;1;33;14;0;8;1;1;
202300036543;155615788;B01;2;50;0;2;8;19;3;
202300036543;155615789;A01;1;7;0;2;1;16;1;
202300036544;155615786;A01;2;7;0;2;3;15;1;
202300036544;155615787;B01;2;32;0;2;1;1;1;
202300036545;155615784;A01;2;15;13;2;0;14;1;
202300036545;155615785;B01;1;7;13;2;0;21;1;
202300036546;155615782;A01;3;7;0;2;1;2;1;
202300036546;155615783;B01;3;33;0;2;4;1;1;
202300036547;155615781;Y01;0;50;0;0;0;1;3;
202300036548;155615780;A01;3;7;9;0;1;0;1;
202300036549;155615778;A01;2;30;0;2;1;1;0;
202300036549;155615779;B01;1;7;0;2;3;15;1;
202300036550;155615774;A01;1;7;0;2;2;2;1;
202300036550;155615776;B01;1;43;0;2;1;2;1;
202300036550;155615777;C01;1;7;0;2;4;2;1;
202300036551;155615773;B01;3;32;0;2;1;1;1;
202300036551;155615775;A01;3;10;0;2;1;15;1;
202300036552;155615771;A01;1;7;0;2;1;2;1;
202300036552;155615772;B01;1;7;0;0;4;1;3;
202300036553;155615769;A01;2;7;0;2;3;15;1;
202300036553;155615770;B01;1;33;0;2;3;1;1;
202300036554;155615767;A01;1;7;0;2;2;12;1;
202300036554;155615768;B01;1;31;0;2;3;3;1;
202300036555;155615765;A01;2;30;0;2;0;1;1;
202300036555;155615766;B01;1;0;0;0;0;13;0;
202300036556;155615763;A01;1;33;0;2;1;3;1;
202300036556;155615764;B01;1;7;0;2;6;11;0;
202300036557;155615761;A01;1;38;0;9;1;1;1;1.0
202300036557;155615762;B01;1;50;0;2;4;11;3;
202300036558;155615758;B01;2;7;0;2;5;23;1;
202300036558;155615760;A01;2;10;0;2;3;14;1;
202300036559;155615757;B01;3;2;0;2;1;1;1;
202300036559;155615759;A01;3;7;0;2;3;15;1;
202300036560;155615756;A01;2;50;0;1;1;1;3;
202300036561;155615754;A01;2;31;0;2;4;17;1;
202300036561;155615755;B01;2;7;0;2;1;15;1;
202300036562;155615752;Z01;3;60;0;2;1;19;5;
202300036562;155615753;B01;2;50;0;2;7;9;3;
202300036563;155615750;A01;1;7;0;0;1;5;1;
202300036563;155615751;B01;2;33;0;0;1;1;1;
202300036564;155615749;A01;2;10;0;1;2;21;3;
202300036565;155615745;B01;1;7;0;2;3;1;1;
202300036565;155615748;A01;2;7;0;2;3;13;1;
202300036566;155615746;A01;1;1;0;2;1;5;5;
202300036566;155615747;B01;2;10;0;2;3;1;1;
202300036567;155615742;A01;3;7;0;2;1;2;1;
202300036567;155615744;B01;3;31;0;0;4;1;1;
202300036568;155615739;A01;1;10;0;2;8;15;1;
202300036568;155615740;B01;1;2;0;2;1;17;1;
202300036569;155615741;A01;1;7;0;2;1;13;1;
202300036569;155615743;B01;2;7;0;2;1;1;1;
202300036570;155615737;A01;1;37;1;0;1;1;1;2.0
202300036570;155615738;B01;1;37;0;0;4;23;1;2.0
202300036571;155615735;A01;0;7;0;2;1;15;6;
202300036571;155615736;B01;0;7;0;2;1;1;6;
202300036572;155615733;A01;1;7;0;2;2;1;1;
202300036572;155615734;B01;1;1;0;2;4;1;5;
202300036573;155615732;A01;1;50;0;0;1;2;3;
202300036574;155615730;A01;1;50;0;2;1;1;3;
202300036574;155615731;B01;1;7;0;2;3;1;1;
202300036575;155615728;A01;1;30;0;2;1;1;1;
202300036575;155615729;B01;2;7;0;2;2;1;1;
202300036576;155615727;A01;1;7;0;1;2;16;2;
202300036577;155615725;A01;2;30;0;1;8;18;1;
202300036578;155615724;A01;2;7;0;2;2;14;1;
202300036578;155615726;B01;2;7;0;2;6;1;2;
202300036579;155615721;B01;2;2;0;2;2;1;1;
202300036579;155615723;A01;2;10;0;2;3;1;1;
202300036580;155615720;A01;1;7;0;2;6;11;1;
202300036580;155615722;B01;1;33;0;2;7;2;1;
202300036581;155615718;B01;2;7;0;0;2;15;2;
202300036581;155615719;A01;1;2;0;0;1;1;1;
202300036582;155615717;Z01;1;7;0;1;1;1;1;
202300036583;155615712;B01;2;33;0;2;2;1;1;
202300036583;155615714;C01;1;37;0;2;1;23;3;1.0
202300036583;155615716;A01;2;7;0;2;3;13;0;
202300036584;155615713;B01;3;7;0;2;1;1;1;
202300036584;155615715;A01;3;1;0;2;1;5;5;
202300036585;155615709;A01;2;1;0;2;7;19;5;
202300036585;155615711;Z01;1;7;0;2;1;19;0;
202300036586;155615710;A01;3;32;1;0;1;14;1;
202300036587;155615706;A01;2;7;0;2;1;1;2;
202300036587;155615708;B01;2;10;0;2;5;23;1;
202300036588;155615707;A01;2;32;0;1;2;1;1;
202300036589;155615703;A01;1;7;0;2;3;1;2;
202300036589;155615705;B01;1;1;0;2;2;1;5;
202300036590;155615702;A01;3;2;0;2;7;1;1;
202300036590;155615704;B01;3;7;0;2;1;1;1;
202300036591;155615700;A01;3;7;0;2;2;10;1;
202300036591;155615701;B01;2;7;0;2;1;1;2;
202300036592;155615698;A01;3;7;12;0;1;15;1;
202300036593;155615697;A01;0;7;0;2;4;11;3;
202300036593;155615699;B01;3;32;0;2;2;17;1;
202300036594;155615694;B01;3;7;14;0;4;23;1;
202300036594;155615696;A01;3;7;0;2;1;0;0;
202300036595;155615695;A01;1;7;0;1;4;4;1;
202300036596;155615691;B01;2;80;0;2;4;15;3;
202300036596;155615692;A01;2;7;0;2;1;1;2;
202300036597;155615690;A01;2;50;0;1;1;1;3;
202300036598;155615688;A01;2;43;8;0;2;14;1;
202300036599;155615687;B01;1;33;0;2;3;1;3;
202300036599;155615689;A01;2;7;0;2;2;14;3;
202300036600;155615686;A01;0;10;0;1;8;0;0;
202300036601;155615685;A01;1;7;10;0;3;18;1;
202300036602;155615683;A01;1;30;0;2;8;1;3;
202300036602;155615684;B01;2;7;0;2;1;15;1;
202300036603;155615681;A01;1;7;6;0;2;1;1;
202300036604;155615682;A01;1;7;2;0;1;13;1;
202300036605;155615680;A01;0;7;0;1;3;15;1;
202300036606;155615679;A01;3;7;1;0;2;18;1;
202300036607;155615678;A01;2;32;0;1;1;17;1;
202300036608;155615677;A01;1;43;0;2;2;14;1;
202300036609;155615676;A01;3;7;0;1;3;1;1;
202300036610;155615671;A01;1;7;0;2;1;1;0;
202300036610;155615673;B01;1;7;0;2;4;1;0;
202300036610;155615674;C01;1;7;0;2;4;1;0;
202300036611;155615672;A01;2;7;0;2;8;22;2;
202300036611;155615675;B01;2;1;1;0;1;1;5;
202300036612;155615669;A01;3;14;0;2;1;19;1;
202300036612;155615670;B01;3;7;0;2;8;19;1;
202300036613;155615667;B01;1;7;0;2;2;1;1;
202300036613;155615668;A01;1;32;0;2;6;18;1;
202300036614;155615665;B01;1;7;0;2;3;1;1;
202300036614;155615666;A01;1;50;0;2;1;15;3;
202300036615;155615663;A01;1;1;0;2;4;2;5;
202300036615;155615664;Z01;1;1;0;2;1;2;5;
202300036616;155615661;A01;1;1;0;2;7;1;5;
202300036616;155615662;B01;1;10;0;2;1;1;1;
202300036617;155615659;B01;1;7;0;2;3;15;1;
202300036617;155615660;A01;2;1;0;2;3;19;5;
202300036618;155615657;B01;2;33;0;2;2;17;1;
202300036618;155615658;A01;2;10;0;2;3;15;1;
202300036619;155615655;A01;3;14;-1;0;0;9;1;
202300036620;155615654;A01;3;7;0;2;3;15;1;
202300036620;155615656;B01;3;30;0;2;1;1;1;
202300036621;155615651;B01;2;1;0;2;3;1;5;
202300036621;155615653;A01;1;7;0;2;2;10;4;
202300036622;155615650;A01;1;10;0;0;0;9;1;
202300036622;155615652;B01;1;32;0;2;8;1;1;
202300036623;155615649;A01;3;7;0;1;2;26;1;
202300036624;155615648;A01;2;7;14;0;1;1;1;
202300036625;155615645;A01;1;7;0;1;2;16;2;
202300036626;155615644;B01;2;7;0;2;4;0;1;
202300036626;155615646;A01;2;7;0;2;1;0;1;
202300036626;155615647;C01;2;33;0;2;1;0;1;
202300036627;155615642;A01;0;10;0;1;1;1;1;
202300036628;155615641;A01;1;7;0;2;1;5;1;
202300036628;155615643;B01;2;21;0;2;3;1;1;
202300036629;155615640;A01;1;17;3;0;2;2;1;
202300036630;155615638;A01;1;33;0;2;1;2;1;
202300036630;155615639;B01;1;7;0;2;6;11;1;
202300036631;155615636;A01;2;7;0;2;2;19;1;
202300036631;155615637;B01;1;7;0;2;3;1;1;
202300036632;155615630;A01;2;7;0;2;2;2;1;
202300036632;155615632;B01;2;7;0;2;6;1;1;
202300036632;155615633;C01;2;7;0;0;8;1;1;
202300036633;155615628;A01;1;10;4;0;8;6;1;
202300036634;155615626;A01;2;20;0;2;3;13;0;
202300036634;155615627;B01;1;7;0;2;3;14;0;
202300036635;155615623;A01;1;7;0;2;3;1;0;
202300036635;155615624;B01;2;7;0;2;1;1;0;
202300036636;155615622;A01;2;7;0;2;6;16;1;
202300036636;155615625;B01;2;32;1;0;2;16;1;
202300036637;155615620;A01;2;7;0;2;2;1;0;
202300036637;155615621;B01;2;2;0;0;4;1;1;
202300036638;155615619;A01;1;10;2;0;2;14;1;
202300036639;155615618;A01;1;7;15;0;2;1;1;
202300036640;155615617;A01;2;7;6;0;2;1;1;
202300036641;155615616;A01;1;10;0;1;3;1;3;
202300036642;155615614;A01;1;7;0;2;7;6;1;
202300036642;155615615;B01;1;10;0;2;1;1;1;
202300036643;155615612;A01;2;10;0;2;1;1;1;
202300036643;155615613;B01;1;10;0;2;1;1;1;
202300036644;155615610;A01;1;7;0;2;2;15;1;
202300036644;155615611;B01;1;2;0;2;3;2;1;
202300036645;155615608;B01;1;31;0;2;1;1;1;
202300036645;155615609;A01;2;7;0;2;2;17;1;
202300036646;155615605;B01;1;7;0;2;2;1;1;
202300036646;155615606;C01;2;7;0;2;8;1;1;
202300036646;155615607;A01;2;7;0;2;3;13;1;
202300036647;155615603;A01;1;7;0;2;3;1;1;
202300036647;155615604;B01;2;7;0;2;3;13;1;
202300036648;155615601;A01;1;7;0;2;4;2;1;
202300036648;155615602;B01;1;10;0;2;1;2;1;
202300036649;155615600;A01;2;7;10;0;1;19;1;
202300036650;155615598;A01;1;7;0;2;1;13;0;
202300036650;155615599;B01;2;7;0;2;1;0;0;
202300036651;155615596;A01;1;7;0;2;1;5;1;
202300036651;155615597;B01;2;7;0;2;1;1;1;
202300036652;155615595;A01;3;7;0;1;2;1;1;
202300036653;155615594;A01;1;10;9;1;2;1;1;
202300036654;155615593;A01;1;7;13;0;0;16;1;
202300036655;155615592;A01;1;7;0;0;9;17;1;
202300036656;155615590;B01;2;3;0;2;4;1;1;
202300036656;155615591;A01;2;7;0;2;1;2;1;
202300036657;155615588;A01;1;2;0;0;1;13;1;
202300036657;155615589;B01;2;2;0;0;1;26;1;
202300036658;155615586;A01;1;7;0;2;3;26;0;
202300036658;155615587;B01;1;33;0;0;7;1;1;
202300036659;155615585;A01;1;7;0;1;2;1;1;
202300036660;155615583;A01;1;7;3;2;2;2;1;
202300036660;155615584;B01;1;7;3;0;4;1;1;
202300036661;155615582;A01;3;38;0;1;2;16;1;1.0
202300036662;155615580;A01;1;7;0;1;1;16;1;
202300036663;155615578;B01;0;7;0;2;2;1;0;
202300036663;155615579;A01;0;1;0;2;0;1;5;
202300036664;155615577;A01;2;33;0;0;1;0;1;
202300036665;155615575;A01;3;7;0;2;1;15;1;
202300036665;155615576;B01;3;80;0;2;7;0;3;
202300036666;155615573;A01;2;17;0;2;8;1;1;
202300036666;155615574;B01;1;14;0;2;1;1;1;
202300036667;155615571;A01;2;2;0;0;6;19;3;
202300036667;155615572;B01;2;33;0;2;1;1;1;
202300036668;155615569;A01;1;7;0;0;3;13;1;
202300036668;155615570;B01;2;17;0;2;3;1;1;
202300036669;155615568;A01;1;7;0;1;2;2;1;
202300036670;155615566;A01;1;7;0;0;1;1;1;
202300036670;155615567;B01;2;7;0;0;0;15;0;
202300036671;155615565;A01;0;7;5;0;2;26;1;
202300036672;155615562;A01;2;7;0;1;3;1;2;
202300036673;155615561;A01;1;7;2;0;1;0;0;
202300036674;155615559;B01;3;7;0;2;1;19;0;
202300036674;155615560;A01;3;7;0;2;8;1;0;
202300036675;155615557;A01;2;33;0;2;1;17;1;
202300036675;155615558;B01;2;16;0;0;6;1;1;
202300036676;155615555;A01;1;7;0;2;1;1;1;
202300036676;155615556;B01;2;7;0;0;8;26;1;
202300036677;155615553;A01;1;7;0;2;4;1;1;
202300036677;155615554;B01;1;7;0;2;1;1;1;
202300036678;155615551;A01;2;7;0;2;1;1;1;
202300036678;155615552;B01;2;7;0;2;4;23;1;
202300036679;155615550;A01;2;7;15;0;0;0;1;
202300036680;155615548;A01;1;7;0;2;1;1;3;
202300036680;155615549;B01;2;7;0;2;1;13;1;
202300036681;155615546;B01;1;17;0;2;4;1;1;
202300036681;155615547;A01;1;7;0;2;1;1;1;
202300036682;155615545;A01;2;10;4;0;1;1;1;
202300036683;155615543;A01;2;7;3;2;7;0;1;
202300036683;155615544;Z01;2;14;0;2;0;12;0;
202300036684;155615542;A01;2;32;0;0;1;21;1;
202300036685;155615540;B01;1;10;0;9;2;1;1;
202300036685;155615541;Z01;1;7;0;0;0;2;0;
202300036686;155615538;B01;2;15;0;2;1;2;1;
202300036686;155615539;A01;2;7;0;2;4;2;1;
202300036687;155615534;B01;2;34;0;2;5;0;1;
202300036687;155615535;C01;2;33;0;2;5;0;1;
202300036687;155615536;D01;2;7;0;2;0;0;3;
202300036687;155615537;A01;2;33;0;2;1;0;1;
202300036688;155615532;A01;1;7;0;2;2;1;1;
202300036688;155615533;B01;1;7;4;2;3;1;1;
202300036689;155615531;A01;2;7;0;1;2;1;1;
202300036690;155615530;A01;-1;37;0;1;1;23;1;0.0
202300036691;155615529;A01;1;0;0;1;0;16;0;
202300036692;155615526;A01;2;34;12;0;0;1;1;
202300036693;155615525;A01;2;34;12;0;1;26;1;
202300036694;155615523;A01;1;7;0;2;3;19;1;
202300036694;155615524;B01;2;33;0;2;1;17;1;
202300036695;155615521;A01;3;7;0;2;7;14;1;
202300036695;155615522;B01;3;1;0;2;8;2;5;
202300036696;155615520;A01;1;7;0;1;1;1;1;
202300036697;155615519;A01;2;1;0;1;0;1;5;
202300036698;155615517;B01;3;7;0;2;1;1;1;
202300036698;155615518;A01;3;30;0;2;7;1;1;
202300036699;155615514;A01;2;7;0;2;1;2;1;
202300036699;155615515;B01;2;7;0;2;4;1;1;
202300036699;155615516;C01;2;7;0;2;4;1;3;
202300036700;155615512;A01;1;7;0;2;1;15;1;
202300036700;155615513;B01;2;50;0;2;8;1;3;
202300036701;155615510;B01;1;1;0;2;1;1;5;
202300036701;155615511;A01;2;7;0;2;1;15;1;
202300036702;155615508;A01;3;2;0;2;1;2;1;
202300036702;155615509;B01;3;10;16;0;5;2;1;
202300036703;155615504;A01;0;30;0;2;1;1;1;
202300036703;155615505;B01;0;7;0;9;6;2;1;
202300036704;155615502;A01;2;7;0;2;3;1;0;
202300036704;155615503;B01;1;32;0;2;1;17;0;
202300036705;155615501;A01;1;7;0;0;0;0;1;
202300036706;155615498;A01;1;33;0;2;1;17;1;
202300036706;155615499;B01;1;1;0;2;3;0;5;
202300036706;155615500;C01;1;7;0;2;1;1;1;
202300036707;155615496;A01;1;7;0;2;3;1;1;
202300036707;155615497;B01;1;7;0;2;1;1;1;
202300036708;155615494;A01;0;7;0;2;2;16;1;
202300036708;155615495;B01;0;1;0;2;8;19;5;
202300036709;155615493;A01;2;7;2;0;1;1;1;
202300036710;155615491;A01;2;10;0;2;2;7;1;
202300036710;155615492;B01;2;7;0;2;8;15;1;
202300036711;155615486;A01;1;7;0;2;4;17;1;
202300036711;155615487;B01;1;7;0;2;2;2;1;
202300036711;155615488;C01;1;7;0;2;1;2;1;
202300036711;155615489;D01;1;7;0;2;2;2;1;
202300036711;155615490;E01;1;7;0;2;3;2;1;
202300036712;155615484;A01;0;7;0;2;3;0;6;
202300036712;155615485;B01;0;7;0;2;3;0;6;
202300036713;155615483;A01;3;10;0;1;2;25;1;
202300036714;155615481;A01;3;34;0;2;1;17;1;
202300036714;155615482;B01;2;7;0;2;4;2;1;
202300036715;155615479;A01;3;7;0;2;7;26;1;
202300036715;155615480;B01;3;80;0;2;3;2;3;
202300036716;155615478;A01;2;7;0;1;8;17;6;
202300036717;155615477;A01;2;50;0;0;0;1;3;
202300036718;155615475;A01;1;30;0;2;1;13;1;
202300036718;155615476;B01;2;7;0;2;3;1;1;
202300036719;155615473;A01;3;7;0;2;2;15;1;
202300036719;155615474;B01;2;7;0;2;3;1;0;
202300036720;155615472;A01;3;7;0;1;1;26;1;
202300036721;155615470;B01;1;7;0;2;4;23;1;
202300036721;155615471;A01;1;10;0;2;1;2;1;
202300036722;155615468;A01;1;17;0;2;2;1;1;
202300036722;155615469;B01;1;7;0;2;8;1;1;
202300036723;155615467;A01;3;7;0;1;2;1;1;
202300036724;155615466;A01;3;7;1;0;1;14;1;
202300036725;155615465;A01;1;7;0;1;1;1;1;
202300036726;155615462;C01;2;10;11;2;1;1;1;
202300036726;155615463;A01;1;33;11;2;0;3;1;
202300036726;155615464;B01;1;10;11;2;6;23;1;
202300036727;155615458;A01;2;7;0;1;1;1;1;
202300036728;155615456;B01;1;50;0;2;7;1;3;
202300036728;155615457;A01;2;10;0;2;2;16;1;
202300036729;155615454;B01;0;7;0;2;7;15;1;
202300036729;155615455;A01;0;30;0;2;1;1;1;
202300036730;155615453;A01;0;7;0;1;3;1;1;
202300036731;155615452;A01;1;7;0;1;1;0;1;
202300036732;155615450;A01;1;7;0;2;2;15;1;
202300036732;155615451;B01;2;7;0;2;1;1;1;
202300036733;155615447;A01;2;10;0;2;1;1;0;
202300036733;155615448;B01;2;10;0;2;4;1;0;
202300036733;155615449;C01;2;10;0;2;4;1;0;
202300036734;155615446;A01;3;7;4;1;2;26;1;
202300036735;155615445;A01;1;10;13;0;1;0;1;
202300036736;155615443;A01;2;7;0;2;7;15;1;
202300036736;155615444;B01;1;7;0;2;2;1;1;
202300036737;155615442;A01;1;7;0;2;6;13;1;
202300036738;155615439;A01;2;7;0;1;2;2;1;
202300036739;155615437;A01;3;7;0;2;1;15;1;
202300036739;155615438;B01;3;1;0;2;0;1;5;
202300036740;155615435;A01;3;7;0;2;2;9;2;
202300036740;155615436;B01;3;7;0;2;5;0;1;
202300036741;155615434;A01;1;7;0;1;1;16;1;
202300036742;155615433;A01;1;33;0;0;0;1;1;
202300036743;155615432;A01;1;7;0;1;2;0;6;
202300036744;155615431;A01;1;10;0;1;3;15;1;
202300036745;155615429;A01;2;7;0;2;8;15;1;
202300036745;155615430;B01;1;7;0;2;1;1;1;
202300036746;155615427;B01;1;31;0;2;1;2;1;