Num_Acc;id_vehicule;num_veh;senc;catv;obs;obsm;choc;manv;motor;occutc
202300036746;155615428;A01;1;7;0;2;4;2;1;
202300036747;155615426;A01;1;7;0;1;3;1;1;
202300036748;155615424;A01;0;7;0;2;2;24;1;
202300036748;155615425;B01;0;32;0;0;0;0;1;
202300036749;155615422;B01;2;7;0;2;4;23;1;
202300036749;155615423;A01;2;7;0;2;1;2;1;
202300036750;155615421;Z01;1;32;0;1;1;25;0;
202300036751;155615420;A01;3;7;0;1;1;1;1;
202300036752;155615418;A01;2;7;0;2;2;15;1;
202300036752;155615419;B01;1;30;0;2;1;1;1;
202300036753;155615416;A01;1;7;0;2;8;9;1;
202300036753;155615417;B01;1;1;0;2;1;1;5;
202300036754;155615414;A01;2;1;0;2;1;21;5;
202300036754;155615415;B01;2;7;0;2;4;23;2;
202300036755;155615412;B01;3;1;0;2;7;1;5;
202300036755;155615413;A01;0;7;0;9;1;1;1;
202300036756;155615411;A01;3;37;0;1;2;16;1;1.0
202300036757;155615410;A01;1;7;0;1;3;21;1;
202300036758;155615409;A01;2;7;0;1;1;1;1;
202300036759;155615407;A01;0;7;0;2;0;0;0;
202300036759;155615408;B01;1;30;0;2;2;21;1;
202300036760;155615404;A01;1;7;0;2;1;2;1;
202300036760;155615405;B01;1;7;0;2;4;2;1;
202300036760;155615406;C01;1;7;0;2;8;1;1;
202300036761;155615402;A01;2;7;0;2;1;1;1;
202300036761;155615403;B01;1;1;0;2;8;0;5;
202300036762;155615400;B01;3;7;0;2;3;9;0;
202300036762;155615401;A01;2;7;16;2;1;5;0;
202300036763;155615398;A01;1;7;0;2;1;2;1;
202300036763;155615399;B01;1;7;6;2;4;16;1;
202300036764;155615396;A01;2;10;0;2;6;11;1;
202300036764;155615397;B01;2;33;0;2;1;17;1;
202300036765;155615394;A01;1;7;0;2;3;0;1;
202300036765;155615395;B01;3;2;0;2;1;15;1;
202300036766;155615392;B01;2;7;0;2;3;1;1;
202300036766;155615393;A01;1;7;0;2;1;15;1;
202300036767;155615390;A01;2;7;0;2;1;1;1;
202300036767;155615391;Z01;2;7;0;2;1;1;1;
202300036768;155615388;A01;1;7;0;2;2;15;1;
202300036768;155615389;B01;2;43;0;2;1;1;1;
202300036769;155615386;A01;1;30;0;2;3;11;1;
202300036769;155615387;B01;2;37;0;2;1;7;4;1.0
202300036770;155615385;A01;2;50;0;1;8;5;3;
202300036771;155615384;A01;1;7;0;1;2;1;1;
202300036772;155615383;Z01;2;50;0;1;7;1;3;
202300036773;155615379;C01;1;7;0;2;4;23;2;
202300036773;155615380;D01;1;7;0;2;4;23;2;
202300036773;155615381;A01;1;7;0;2;1;1;1;
202300036773;155615382;B01;1;7;0;2;4;23;1;
202300036774;155615377;A01;2;7;0;2;3;13;1;
202300036774;155615378;B01;1;10;0;2;3;1;1;
202300036775;155615376;A01;1;1;0;1;2;1;5;
202300036776;155615375;A01;2;2;0;1;1;1;3;
202300036777;155615373;A01;1;7;0;2;2;1;1;
202300036777;155615374;B01;2;7;0;2;3;1;1;
202300036778;155615371;B01;0;7;0;2;1;2;1;
202300036778;155615372;A01;0;10;0;2;3;16;0;
202300036779;155615369;C01;1;7;0;2;1;2;0;
202300036779;155615370;B01;1;32;0;2;4;23;1;
202300036780;155615368;A01;1;7;0;1;3;15;1;
202300036781;155615367;A01;1;7;0;1;3;15;1;
202300036782;155615365;B01;3;17;0;2;8;1;1;
202300036782;155615366;A01;3;10;8;2;2;15;1;
202300036783;155615363;B01;3;50;0;2;1;25;3;
202300036783;155615364;A01;3;7;0;2;3;26;1;
202300036784;155615361;A01;3;7;0;2;6;13;1;
202300036784;155615362;B01;3;14;0;2;2;1;1;
202300036785;155615359;B01;3;32;0;2;3;1;1;
202300036785;155615360;A01;1;32;0;2;1;15;1;
202300036786;155615357;A01;3;7;0;2;2;15;1;
202300036786;155615358;B01;1;7;0;2;3;2;1;
202300036787;155615356;A01;2;33;0;1;1;1;1;
202300036788;155615354;A01;3;7;1;0;1;26;1;
202300036788;155615355;B01;3;7;0;2;1;26;1;
202300036789;155615352;B01;1;50;0;2;1;19;3;
202300036789;155615353;A01;1;7;0;2;3;19;3;
202300036790;155615350;A01;3;7;0;2;2;23;6;
202300036790;155615351;B01;0;32;1;2;8;18;6;
202300036791;155615349;A01;1;7;1;0;2;14;1;
202300036792;155615347;B01;0;7;0;0;3;11;0;
202300036792;155615348;A01;0;2;0;0;3;1;1;
202300036793;155615345;B01;1;10;1;0;1;15;1;
202300036793;155615346;A01;2;7;1;0;2;1;0;
202300036794;155615343;A01;0;7;0;2;3;2;1;
202300036794;155615344;B01;0;50;0;2;1;17;3;
202300036795;155615341;A01;1;31;0;0;0;21;1;
202300036795;155615342;B01;3;3;0;0;3;24;1;
202300036796;155615340;A01;1;7;0;1;2;7;1;
202300036797;155615338;B01;3;50;0;2;1;25;3;
202300036797;155615339;A01;3;2;0;2;1;25;0;
202300036798;155615337;A01;0;7;0;1;3;1;0;
202300036799;155615335;A01;3;1;0;0;0;1;5;
202300036799;155615336;B01;3;30;0;2;0;21;1;
202300036800;155615334;A01;2;7;0;1;2;1;1;
202300036801;155615333;A01;1;7;0;1;2;1;2;
202300036802;155615332;A01;1;30;0;0;2;1;1;
202300036803;155615331;A01;3;33;9;0;1;21;1;
202300036804;155615329;A01;0;37;0;9;2;26;1;1.0
202300036804;155615330;B01;0;50;0;2;1;5;3;
202300036805;155615327;A01;3;7;0;2;1;11;1;
202300036805;155615328;B01;3;7;0;2;4;1;1;
202300036806;155615326;A01;1;7;14;0;3;1;1;
202300036807;155615325;A01;1;7;15;0;1;1;1;
202300036808;155615324;A01;2;33;0;2;2;11;1;
202300036809;155615322;A01;1;7;0;2;2;1;0;
202300036809;155615323;B01;1;15;0;2;3;13;0;
202300036810;155615321;A01;1;7;13;0;2;0;1;
202300036811;155615316;A01;2;7;0;2;1;26;1;
202300036811;155615317;B01;1;7;0;2;4;26;1;
202300036811;155615318;C01;1;7;0;2;4;26;1;
202300036811;155615319;D01;1;7;0;2;3;26;1;
202300036811;155615320;E01;1;7;0;2;4;26;1;
202300036812;155615315;A01;1;7;5;0;7;14;1;
202300036813;155615311;D01;1;7;0;2;6;2;1;
202300036813;155615312;A01;1;7;0;2;1;21;1;
202300036813;155615313;B01;1;10;0;2;1;2;1;
202300036813;155615314;C01;1;7;0;2;4;1;1;
202300036814;155615309;B01;1;7;0;2;4;2;1;
202300036814;155615310;A01;1;10;0;2;1;2;1;
202300036815;155615307;B01;1;7;0;2;5;23;1;
202300036815;155615308;A01;1;33;0;2;1;3;1;
202300036816;155615305;B01;2;7;0;2;0;0;1;
202300036816;155615306;A01;2;7;0;2;1;26;1;
202300036817;155615302;C01;2;7;0;2;8;1;1;
202300036817;155615303;A01;2;7;0;2;6;13;1;
202300036817;155615304;B01;2;43;0;2;1;12;1;
202300036818;155615300;B01;1;7;0;2;4;2;1;
202300036818;155615301;Z01;1;7;0;2;1;2;1;
202300036819;155615298;B01;2;7;0;2;7;1;1;
202300036819;155615299;A01;2;33;0;2;3;3;1;
202300036820;155615296;A01;1;33;0;2;1;1;1;
202300036820;155615297;B01;1;7;0;2;0;11;1;
202300036821;155615293;A01;2;7;0;2;1;0;2;
202300036821;155615294;B01;2;7;0;2;1;2;1;
202300036821;155615295;C01;2;7;0;2;4;2;3;
202300036822;155615291;A01;2;34;0;2;7;2;1;
202300036822;155615292;B01;2;7;0;2;2;9;1;
202300036823;155615289;A01;2;14;0;2;1;1;1;
202300036823;155615290;B01;2;7;0;2;4;1;1;
202300036824;155615287;A01;1;10;0;2;1;1;0;
202300036824;155615288;B01;1;7;0;0;4;1;1;
202300036825;155615285;B01;1;7;0;2;4;0;1;
202300036825;155615286;A01;1;7;0;2;1;2;1;
202300036826;155615282;A01;2;33;0;2;1;2;1;
202300036826;155615283;B01;2;7;0;2;5;1;1;
202300036826;155615284;C01;2;7;0;2;1;1;1;
202300036827;155615281;A01;1;7;4;0;3;13;1;
202300036828;155615280;A01;1;7;4;0;1;26;1;
202300036829;155615278;A01;1;7;0;2;4;15;0;
202300036829;155615279;B01;1;10;0;2;1;1;1;
202300036830;155615276;B01;1;37;0;2;2;7;1;1.0
202300036830;155615277;A01;1;7;0;2;3;19;1;
202300036831;155615275;A01;3;7;0;1;1;1;1;
202300036832;155615273;B01;1;7;0;2;3;15;0;
202300036832;155615274;A01;2;30;0;2;1;17;0;
202300036833;155615272;A01;1;7;6;0;1;26;1;
202300036834;155615270;B01;2;10;0;2;0;0;1;
202300036834;155615271;A01;1;50;0;2;0;0;3;
202300036835;155615268;B01;2;33;0;2;8;1;1;
202300036835;155615269;A01;1;7;0;2;3;10;1;
202300036836;155615267;A01;1;7;4;0;9;1;1;
202300036837;155615266;A01;1;7;12;0;1;13;1;
202300036838;155615264;A01;1;80;0;2;8;2;3;
202300036838;155615265;B01;1;34;8;2;3;1;1;
202300036839;155615262;Z01;1;7;0;2;0;1;0;
202300036839;155615263;A01;2;41;0;2;1;21;3;
202300036840;155615260;A01;3;7;0;2;3;1;6;
202300036840;155615261;B01;3;50;0;2;7;1;3;
202300036841;155615256;A01;1;7;0;2;5;23;1;
202300036841;155615257;B01;1;7;0;2;1;18;0;
202300036842;155615255;A01;2;7;0;1;1;0;0;
202300036843;155615253;A01;2;7;0;9;1;19;1;
202300036843;155615254;B01;2;2;0;2;8;1;1;
202300036844;155615251;B01;1;1;0;2;1;0;5;
202300036844;155615252;A01;2;7;0;2;2;15;1;
202300036845;155615249;A01;1;7;0;2;1;13;1;
202300036845;155615250;B01;2;7;0;2;1;1;1;
202300036846;155615248;A01;0;33;0;0;7;1;1;
202300036847;155615246;B01;0;1;0;2;8;0;5;
202300036847;155615247;A01;0;7;0;2;2;1;1;
202300036848;155615244;B01;1;36;0;2;1;1;1;
202300036848;155615245;A01;2;7;0;2;1;13;1;
202300036849;155615243;A01;1;37;0;1;2;1;1;1.0
202300036850;155615242;A01;1;7;0;1;1;1;1;
202300036851;155615240;A01;2;32;0;1;1;1;1;
202300036852;155615238;A01;1;7;0;2;1;15;0;
202300036852;155615241;B01;2;31;0;2;3;1;1;
202300036853;155615239;A01;1;50;0;0;1;1;3;
202300036854;155615235;B01;3;13;0;2;7;16;1;
202300036854;155615237;A01;3;32;0;2;8;18;1;
202300036855;155615236;A01;1;7;9;1;2;1;1;
202300036856;155615234;A01;2;7;1;0;1;1;0;
202300036857;155615231;B01;2;7;8;2;9;1;0;
202300036857;155615232;A01;2;10;0;2;3;10;1;
202300036858;155615229;A01;2;40;0;1;1;1;3;
202300036859;155615228;A01;2;7;0;1;3;1;1;
202300036860;155615225;A01;0;7;0;1;1;1;1;
202300036861;155615224;A01;3;7;0;2;3;17;1;
202300036861;155615226;B01;3;7;0;2;1;2;1;
202300036861;155615227;C01;3;17;0;2;3;1;1;
202300036862;155615223;A01;2;7;0;1;7;1;2;
202300036863;155615220;A01;1;10;0;2;2;15;1;
202300036863;155615221;B01;2;32;0;2;1;1;1;
202300036864;155615222;A01;3;50;0;1;1;13;3;
202300036865;155615219;A01;3;14;0;1;1;1;1;
202300036866;155615218;A01;0;1;0;2;8;19;5;
202300036867;155615217;A01;0;50;0;0;0;14;3;
202300036868;155615216;A01;3;7;0;2;3;1;1;
202300036869;155615213;B01;1;7;0;2;1;1;1;
202300036869;155615215;A01;1;7;0;2;6;2;1;
202300036870;155615214;A01;0;33;0;0;8;1;1;
202300036871;155615211;B01;1;7;0;2;6;23;1;
202300036871;155615212;A01;1;31;0;2;2;1;1;
202300036872;155615208;B01;1;2;0;2;1;0;1;
202300036872;155615209;A01;1;7;0;2;2;1;1;
202300036873;155615207;A01;2;7;0;2;3;15;1;
202300036873;155615210;B01;1;1;0;2;8;1;5;
202300036874;155615206;A01;2;10;0;1;3;15;0;
202300036875;155615205;A01;2;7;9;0;2;1;1;
202300036876;155615203;A01;1;7;0;0;0;11;1;
202300036876;155615204;B01;1;30;0;0;0;1;0;
202300036877;155615200;A01;1;3;0;2;1;1;6;
202300036877;155615202;B01;3;1;0;2;8;9;5;
202300036878;155615199;B01;1;7;0;2;1;1;1;
202300036878;155615201;A01;1;7;0;2;7;19;1;
202300036879;155615196;B01;1;7;0;2;2;1;1;
202300036879;155615198;A01;3;7;0;2;3;15;1;
202300036880;155615195;A01;2;30;0;2;1;17;1;
202300036880;155615197;B01;2;7;0;2;3;9;1;
202300036881;155615193;A01;3;7;0;2;3;9;1;
202300036881;155615194;B01;3;50;0;2;4;0;3;
202300036882;155615191;A01;1;7;0;1;1;1;1;
202300036883;155615188;A01;1;7;0;2;3;15;0;
202300036883;155615189;B01;2;33;0;2;1;1;0;
202300036884;155615185;B01;2;7;0;2;2;16;1;
202300036884;155615187;A01;2;1;0;2;1;1;5;
202300036885;155615184;A01;2;7;0;2;8;10;1;
202300036885;155615186;B01;1;7;0;2;1;1;1;
202300036886;155615181;C01;1;7;14;2;1;23;1;
202300036886;155615182;B01;1;7;0;2;2;2;1;
202300036886;155615183;A01;1;15;0;0;6;1;1;
202300036887;155615179;A01;3;50;0;2;1;1;3;
202300036887;155615180;B01;1;10;0;2;6;1;1;
202300036888;155615177;A01;1;7;0;2;6;9;1;
202300036888;155615178;B01;1;7;0;2;1;1;1;
202300036889;155615175;B01;2;1;0;2;8;0;5;
202300036889;155615176;A01;1;7;0;2;3;0;1;
202300036890;155615174;A01;1;7;2;0;1;21;1;
202300036891;155615172;A01;1;7;0;1;2;15;1;
202300036892;155615171;A01;1;7;0;2;1;2;1;
202300036892;155615173;B01;1;7;0;2;4;2;1;
202300036893;155615169;A01;1;10;0;2;7;19;1;
202300036893;155615170;B01;2;7;0;2;5;1;1;
202300036894;155615167;A01;2;7;2;0;8;14;1;
202300036895;155615165;A01;2;7;3;0;9;1;1;
202300036896;155615166;B01;1;2;0;2;1;1;1;
202300036896;155615168;A01;1;7;0;2;3;19;1;
202300036897;155615164;A01;1;7;6;0;3;0;1;
202300036898;155615160;A01;3;7;0;2;5;26;1;
202300036898;155615162;B01;3;2;12;2;1;1;1;
202300036899;155615161;A01;1;7;0;2;6;9;1;
202300036899;155615163;B01;1;33;0;2;1;1;1;
202300036900;155615159;A01;1;7;0;1;2;1;1;
202300036901;155615158;A01;1;15;1;1;2;1;1;
202300036902;155615154;A01;1;7;0;2;1;26;1;
202300036902;155615156;B01;1;60;0;2;7;25;5;
202300036903;155615155;A01;2;7;0;2;3;15;1;
202300036903;155615157;B01;2;32;0;2;7;3;1;
202300036904;155615152;A01;1;7;0;2;3;19;1;
202300036904;155615153;B01;1;14;0;2;2;1;1;
202300036905;155615151;A01;3;7;6;0;1;13;1;
202300036906;155615150;A01;3;15;0;1;4;26;6;
202300036907;155615148;A01;2;7;6;0;1;0;1;
202300036908;155615147;B01;1;7;0;2;1;1;1;
202300036908;155615149;A01;1;31;0;2;1;14;1;
202300036909;155615146;A01;1;7;15;0;9;1;1;
202300036910;155615145;A01;1;7;0;1;2;1;1;
202300036911;155615143;A01;3;7;0;2;1;1;1;
202300036911;155615144;B01;3;7;0;2;4;23;1;
202300036912;155615142;A01;1;7;16;0;2;17;1;
202300036913;155615139;A01;1;30;10;0;3;1;1;
202300036914;155615136;E01;2;7;3;2;7;2;0;
202300036914;155615137;C01;2;17;0;2;8;2;0;
202300036914;155615138;B01;2;7;0;2;3;1;0;
202300036914;155615140;A01;2;7;3;2;8;11;0;
202300036914;155615141;D01;2;10;3;2;3;2;1;
202300036915;155615135;A01;1;7;0;1;1;15;1;
202300036916;155615130;A01;2;7;4;2;1;0;1;
202300036916;155615131;B01;2;7;0;2;4;0;1;
202300036917;155615129;A01;1;7;0;2;1;9;1;
202300036917;155615132;B01;1;7;0;2;1;17;1;
202300036918;155615127;A01;2;7;0;2;7;15;1;
202300036918;155615128;B01;2;33;0;2;0;1;1;
202300036919;155615126;A01;1;7;0;0;0;0;1;
202300036920;155615125;A01;1;7;0;1;0;0;1;
202300036921;155615122;C01;1;7;15;2;9;1;1;
202300036921;155615123;A01;1;10;0;2;3;17;1;
202300036921;155615124;B01;1;7;0;2;2;17;1;
202300036922;155615120;A01;1;30;0;0;0;1;1;
202300036923;155615119;A01;1;7;0;2;1;16;1;
202300036923;155615121;B01;3;1;0;2;7;19;5;
202300036924;155615117;B01;3;7;0;2;2;2;1;
202300036924;155615118;A01;3;50;0;0;4;2;3;
202300036925;155615115;A01;2;7;8;0;2;1;1;
202300036926;155615113;A01;0;7;2;0;2;15;1;
202300036927;155615112;A01;2;7;1;0;7;21;1;
202300036927;155615114;B01;1;17;0;2;5;24;1;
202300036927;155615116;C01;2;10;16;0;0;9;1;
202300036928;155615111;A01;3;7;0;1;3;15;0;
202300036929;155615109;A01;2;7;6;0;3;1;1;
202300036930;155615108;B01;3;7;0;2;3;1;1;
202300036930;155615110;A01;3;7;0;2;1;11;1;
202300036931;155615106;A01;1;7;0;2;1;5;1;
202300036931;155615107;B01;2;7;0;2;1;1;1;
202300036932;155615103;A01;1;10;0;1;3;1;1;
202300036933;155615102;A01;1;7;0;1;2;1;1;
202300036934;155615104;A01;1;50;0;2;2;0;3;
202300036934;155615105;B01;1;7;0;2;2;16;0;
202300036935;155615100;A01;1;7;0;2;1;1;1;
202300036935;155615101;B01;1;7;0;2;4;15;1;
202300036936;155615096;A01;2;7;0;2;2;1;1;
202300036936;155615097;B01;2;33;0;0;4;23;1;
202300036937;155615098;B01;3;1;0;2;1;1;5;
202300036937;155615099;A01;3;7;0;2;0;0;0;
202300036938;155615095;A01;1;2;0;0;0;1;1;
202300036939;155615093;A01;2;7;3;0;0;1;1;
202300036940;155615092;A01;2;7;0;2;2;15;1;
202300036940;155615094;B01;1;7;0;2;3;1;1;
202300036941;155615091;A01;1;33;16;0;3;17;1;
202300036942;155615090;A01;3;7;0;1;2;1;1;
202300036943;155615087;B01;3;7;0;2;4;24;1;
202300036943;155615089;A01;2;7;1;0;1;1;1;
202300036944;155615083;A01;1;7;0;2;5;12;1;
202300036944;155615084;B01;2;33;0;2;1;1;1;
202300036945;155615081;A01;1;7;16;2;3;20;1;
202300036945;155615082;B01;2;33;0;2;1;1;1;
202300036946;155615079;B01;2;10;0;2;3;1;1;
202300036946;155615080;A01;2;10;0;2;3;13;1;
202300036947;155615076;B01;2;7;0;2;1;1;1;
202300036947;155615078;A01;2;10;0;2;8;1;1;
202300036948;155615075;A01;2;7;0;2;1;2;1;
202300036948;155615077;B01;2;10;0;2;4;23;1;
202300036949;155615072;A01;1;7;0;2;1;1;1;
202300036949;155615073;B01;1;10;0;2;1;2;1;
202300036949;155615074;C01;1;10;0;2;4;2;1;
202300036950;155615070;A01;1;7;0;2;8;15;1;
202300036950;155615071;B01;1;33;0;2;1;1;1;
202300036951;155615069;A01;2;7;4;0;2;1;1;
202300036952;155615067;B01;2;33;0;2;4;2;1;
202300036952;155615068;A01;2;10;0;2;1;2;1;
202300036953;155615064;A01;2;7;0;2;1;1;1;
202300036953;155615066;B01;2;1;0;2;8;19;5;
202300036954;155615063;A01;2;7;0;2;2;13;2;
202300036954;155615065;B01;2;33;0;2;7;1;1;
202300036955;155615062;A01;2;7;0;1;1;1;1;
202300036956;155615060;A01;2;7;0;0;0;0;1;
202300036956;155615061;B01;1;33;0;0;0;0;1;
202300036957;155615056;A01;3;7;4;2;1;5;1;
202300036957;155615058;B01;3;34;4;2;1;1;1;
202300036958;155615055;A01;3;7;0;2;3;9;1;
202300036958;155615057;B01;3;1;0;2;1;1;5;
202300036959;155615054;A01;3;7;4;0;1;1;1;
202300036960;155615052;A01;1;37;0;1;5;20;3;1.0
202300036961;155615053;A01;3;1;0;1;7;1;5;
202300036962;155615050;B01;2;80;0;2;1;1;3;
202300036962;155615051;A01;2;7;0;2;6;22;1;
202300036963;155615048;A01;2;7;0;1;6;4;1;
202300036964;155615047;A01;2;7;0;2;1;2;1;
202300036964;155615049;B01;2;7;0;2;4;2;1;
202300036965;155615045;A01;1;7;0;2;1;1;2;
202300036965;155615046;B01;3;60;0;2;7;19;5;
202300036966;155615042;A01;1;10;0;2;0;1;1;
202300036966;155615044;B01;1;7;0;2;0;1;1;
202300036967;155615041;Z01;1;7;0;2;2;22;1;
202300036967;155615043;A01;1;32;0;2;1;1;1;
202300036968;155615040;A01;2;34;0;1;1;1;3;
202300036969;155615037;B01;2;7;0;2;8;16;1;
202300036969;155615039;A01;2;31;0;2;8;16;1;
202300036970;155615034;Z01;1;7;0;2;6;22;2;
202300036970;155615035;A01;1;1;0;2;7;1;5;
202300036971;155615036;A01;2;7;0;2;1;23;1;
202300036971;155615038;B01;2;10;0;2;4;4;1;
202300036972;155615032;B01;2;7;0;2;3;15;0;
202300036972;155615033;A01;2;33;0;2;1;1;0;
202300036973;155615029;A01;2;1;0;2;4;2;5;
202300036973;155615031;B01;2;7;0;2;1;2;1;
202300036974;155615028;A01;1;33;0;2;1;1;1;
202300036974;155615030;B01;1;50;0;2;4;15;3;
202300036975;155615025;B01;2;33;0;2;7;1;1;
202300036975;155615026;A01;2;7;0;2;1;15;1;
202300036976;155615023;A01;1;10;1;0;8;13;1;
202300036977;155615024;B01;2;7;0;0;4;1;1;
202300036977;155615027;A01;2;7;0;2;1;1;1;
202300036978;155615020;A01;1;50;0;2;3;16;3;
202300036978;155615021;B01;1;7;0;2;7;2;1;
202300036979;155615019;A01;2;30;0;2;1;17;1;
202300036979;155615022;B01;1;7;0;2;1;15;1;
202300036980;155615016;A01;1;7;0;2;3;13;1;
202300036980;155615017;B01;1;30;0;2;7;17;1;
202300036981;155615013;A01;1;10;0;2;1;1;1;
202300036981;155615014;B01;3;7;0;2;0;0;1;
202300036981;155615015;C01;3;7;0;2;0;0;1;
202300036981;155615018;D01;3;7;0;2;0;0;1;
202300036982;155615011;A01;2;7;0;2;2;16;1;
202300036982;155615012;B01;2;32;0;2;1;7;1;
202300036983;155615010;A01;1;7;4;0;1;15;1;
202300036984;155615007;Z01;3;7;0;2;5;15;0;
202300036984;155615008;A01;3;30;0;2;1;2;0;
202300036985;155615005;A01;2;7;2;0;1;1;1;
202300036986;155615003;A01;1;33;0;2;1;3;1;
202300036986;155615004;B01;1;10;0;2;2;12;1;
202300036986;155615006;C01;1;7;0;2;7;1;1;
202300036986;155615009;D01;1;7;0;2;5;1;1;
202300036987;155615001;B01;2;33;0;2;3;13;1;
202300036987;155615002;A01;3;7;0;2;3;15;1;
202300036988;155614998;B01;1;7;0;2;1;1;1;
202300036988;155614999;A01;1;10;0;2;1;15;1;
202300036989;155615000;A01;0;7;0;1;2;1;1;
202300036990;155614997;A01;3;7;16;0;8;1;1;
202300036991;155614995;A01;3;7;0;2;1;2;1;
202300036991;155614996;B01;3;7;0;2;5;2;1;
202300036992;155614994;A01;2;7;3;0;0;0;1;
202300036993;155614992;A01;1;2;0;0;0;1;0;
202300036994;155614989;B01;2;7;0;2;3;5;1;
202300036994;155614990;A01;1;7;0;2;3;1;1;
202300036995;155614991;A01;1;1;0;2;4;1;5;
202300036995;155614993;B01;1;7;0;9;1;1;1;
202300036996;155614987;B01;2;7;0;2;1;1;1;
202300036996;155614988;A01;1;7;0;2;1;5;1;
202300036997;155614986;A01;2;7;13;0;1;1;1;
202300036998;155614982;A01;1;7;0;2;2;13;1;
202300036998;155614983;B01;2;7;0;2;3;1;1;
202300036999;155614984;A01;1;7;0;2;7;9;1;
202300036999;155614985;B01;1;7;0;2;1;1;1;
202300037000;155614980;A01;1;7;0;2;1;9;1;
202300037000;155614981;B01;1;1;0;0;5;1;5;
202300037001;155614979;A01;1;7;4;0;1;0;0;
202300037002;155614978;A01;1;7;0;1;7;2;1;
202300037003;155614975;B01;1;2;0;2;1;1;1;
202300037003;155614977;A01;1;7;0;2;3;6;0;
202300037004;155614974;A01;1;7;0;2;2;14;1;
202300037004;155614976;B01;1;33;0;2;3;3;1;
202300037005;155614973;A01;1;7;7;0;0;2;1;
202300037006;155614969;A01;1;7;0;2;3;13;1;
202300037006;155614971;B01;2;7;0;2;3;1;1;
202300037007;155614970;B01;0;33;0;2;0;0;0;
202300037007;155614972;A01;0;7;0;0;0;20;1;
202300037008;155614967;A01;0;30;0;0;1;1;1;
202300037009;155614966;A01;1;0;0;1;1;1;0;
202300037010;155614964;C01;2;21;0;2;4;1;1;
202300037010;155614965;B01;2;33;0;2;4;1;1;
202300037010;155614968;A01;2;33;0;2;1;1;1;
202300037011;155614963;A01;3;33;0;0;9;10;1;
202300037012;155614962;A01;1;7;0;1;1;26;1;
202300037013;155614959;A01;2;7;0;2;3;5;1;
202300037013;155614961;B01;1;7;0;0;1;1;1;
202300037014;155614958;B01;3;1;0;2;8;1;5;
202300037014;155614960;A01;3;3;0;2;3;1;1;
202300037015;155614957;A01;1;7;13;0;1;0;1;
202300037016;155614953;A01;3;7;0;2;1;2;0;
202300037016;155614956;B01;1;31;0;2;4;23;1;
202300037017;155614954;B01;1;7;6;2;3;1;0;
202300037017;155614955;A01;2;7;0;2;3;13;0;
202300037018;155614949;B01;1;7;0;2;3;15;5;
202300037018;155614951;A01;1;7;0;9;2;17;1;
202300037019;155614950;A01;1;33;0;2;0;1;1;
202300037019;155614952;B01;1;7;0;2;4;26;1;
202300037020;155614948;A01;1;7;0;1;3;1;1;
202300037021;155614946;A01;2;7;0;0;9;1;1;
202300037022;155614947;A01;2;7;0;1;1;1;1;
202300037023;155614942;B01;2;10;0;2;4;2;1;
202300037023;155614943;C01;2;7;0;2;4;2;1;
202300037023;155614944;A01;2;7;0;0;4;1;1;
202300037023;155614945;D01;2;7;0;2;1;2;1;
202300037024;155614940;A01;2;7;0;1;2;1;1;
202300037025;155614939;A01;2;2;14;0;1;5;1;
202300037026;155614941;A01;1;33;0;0;0;1;1;
202300037027;155614936;A01;2;7;0;2;3;21;1;
202300037027;155614937;B01;2;7;0;2;1;19;1;
202300037028;155614935;B01;2;10;0;2;1;15;1;
202300037028;155614938;A01;1;21;0;2;0;0;1;
202300037029;155614934;A01;1;7;8;9;1;1;1;
202300037030;155614933;A01;2;33;0;0;1;1;1;
202300037031;155614929;B01;2;7;0;0;6;1;1;
202300037031;155614930;D01;2;7;0;0;2;1;1;
202300037031;155614931;C01;2;7;0;0;3;1;1;
202300037031;155614932;A01;2;7;0;0;5;1;1;
202300037032;155614927;A01;2;2;0;0;0;1;1;
202300037033;155614926;A01;1;33;0;2;7;1;1;
202300037033;155614928;Z01;1;10;0;2;3;11;0;
202300037034;155614925;A01;1;7;0;1;2;1;1;
202300037035;155614924;A01;1;7;6;0;3;1;1;
202300037036;155614920;B01;2;7;0;2;1;1;2;
202300037036;155614922;A01;2;7;0;2;8;1;0;
202300037037;155614918;A01;2;7;2;0;9;21;1;
202300037038;155614919;A01;2;14;0;2;1;2;1;
202300037038;155614921;B01;2;10;0;2;4;2;1;
202300037038;155614923;C01;2;7;0;2;4;2;1;
202300037039;155614912;C01;2;7;0;2;1;21;1;
202300037039;155614914;B01;2;7;0;2;4;2;1;
202300037039;155614915;A01;2;7;0;2;1;2;1;
202300037039;155614916;D01;2;7;0;2;6;2;1;
202300037040;155614913;A01;2;1;0;1;1;8;5;
202300037041;155614910;A01;2;2;1;0;1;0;1;
202300037041;155614911;B01;2;7;0;2;6;24;1;
202300037042;155614908;A01;1;32;0;1;1;16;0;
202300037043;155614904;B01;1;7;0;2;3;10;3;
202300037043;155614906;A01;1;7;0;2;2;1;1;
202300037044;155614905;Z01;1;2;0;2;0;5;1;
202300037044;155614907;B01;2;1;0;2;1;15;5;
202300037044;155614909;A01;2;1;0;2;0;19;5;
202300037045;155614901;A01;1;2;0;0;8;1;1;
202300037046;155614900;A01;1;7;0;2;1;15;1;
202300037046;155614902;B01;2;2;0;2;1;1;1;