Num_Acc;id_vehicule;num_veh;senc;catv;obs;obsm;choc;manv;motor;occutc
202300037047;155614898;B01;1;7;0;2;2;1;1;
202300037047;155614899;A01;2;7;8;2;1;1;1;
202300037048;155614894;A01;3;7;0;2;3;1;0;
202300037048;155614895;B01;3;7;0;2;3;11;0;
202300037049;155614896;A01;2;3;0;2;3;13;3;
202300037049;155614897;B01;2;50;0;2;2;1;3;
202300037050;155614892;B01;2;7;0;2;1;1;1;
202300037050;155614893;A01;1;7;0;2;1;13;1;
202300037051;155614890;A01;2;7;14;0;2;1;1;
202300037052;155614889;A01;1;7;2;0;3;1;1;
202300037053;155614888;A01;2;10;0;2;8;9;1;
202300037053;155614891;B01;1;33;0;2;1;1;1;
202300037054;155614886;A01;1;7;0;2;1;9;1;
202300037054;155614887;B01;1;80;0;2;7;2;3;
202300037055;155614885;A01;2;33;16;0;7;19;1;
202300037056;155614883;B01;1;7;0;2;3;1;1;
202300037056;155614884;A01;2;7;0;2;2;1;1;
202300037057;155614880;A01;1;7;0;2;1;15;6;
202300037057;155614882;B01;0;31;0;2;8;1;3;
202300037058;155614879;A01;0;50;0;1;0;26;3;
202300037059;155614875;B01;3;7;0;2;7;15;1;
202300037059;155614877;A01;3;7;0;2;2;1;1;
202300037060;155614876;Z01;1;7;0;2;5;24;0;
202300037060;155614878;B01;1;80;1;0;8;1;3;
202300037061;155614872;C01;2;7;0;2;1;1;1;
202300037061;155614873;A01;2;7;0;2;1;13;1;
202300037061;155614874;B01;2;7;0;2;6;1;1;
202300037062;155614868;C01;2;7;0;2;2;23;1;
202300037062;155614869;B01;2;7;0;2;1;23;1;
202300037062;155614870;A01;2;10;0;2;4;26;1;
202300037063;155614866;A01;1;7;13;0;8;21;1;
202300037064;155614867;A01;1;1;0;2;8;17;5;
202300037064;155614871;B01;1;1;0;2;0;1;5;
202300037065;155614865;A01;2;7;4;0;3;13;1;
202300037066;155614863;A01;1;7;0;0;0;1;1;
202300037066;155614864;B01;1;2;0;2;0;1;1;
202300037067;155614861;B01;1;7;0;2;6;1;1;
202300037067;155614862;A01;1;7;0;2;2;17;1;
202300037068;155614860;A01;2;50;0;0;1;1;3;
202300037069;155614858;A01;2;7;4;2;1;2;1;
202300037069;155614859;B01;2;7;0;2;4;2;1;
202300037070;155614856;A01;2;33;0;2;1;2;1;
202300037071;155614855;A01;1;1;0;2;1;1;5;
202300037071;155614857;B01;1;31;0;2;2;15;1;
202300037072;155614851;C01;1;7;0;2;4;2;2;
202300037072;155614853;B01;1;10;0;2;1;2;1;
202300037072;155614854;A01;1;7;0;2;4;2;1;
202300037073;155614852;A01;1;1;12;0;2;14;5;
202300037074;155614849;Z01;1;7;0;2;3;11;1;
202300037074;155614850;A01;1;7;0;2;2;1;1;
202300037075;155614848;A01;1;50;0;1;2;1;3;
202300037076;155614846;B01;1;7;0;2;2;2;1;
202300037076;155614847;A01;1;7;0;2;6;23;2;
202300037077;155614841;D01;1;7;0;2;4;2;1;
202300037077;155614842;A01;1;7;0;2;1;2;1;
202300037077;155614843;B01;1;10;0;2;4;2;1;
202300037077;155614844;C01;1;7;0;2;4;2;1;
202300037078;155614840;A01;2;30;0;1;0;1;1;
202300037079;155614845;A01;1;7;0;1;2;1;2;
202300037080;155614839;A01;0;41;0;1;1;17;0;
202300037081;155614838;A01;1;30;0;1;1;25;1;
202300037082;155614837;A01;2;10;0;1;1;1;1;
202300037083;155614835;A01;1;30;0;2;1;1;1;
202300037083;155614836;B01;1;7;0;2;7;1;1;
202300037084;155614834;A01;1;7;0;1;1;1;1;
202300037085;155614832;A01;1;7;0;1;1;1;1;
202300037086;155614831;A01;1;30;0;2;0;2;1;
202300037086;155614833;B01;1;7;0;2;6;16;1;
202300037087;155614830;A01;1;7;15;0;3;1;1;
202300037088;155614828;A01;2;7;0;1;3;9;1;
202300037089;155614827;A01;1;7;0;2;5;12;0;
202300037089;155614829;B01;1;2;0;2;3;1;0;
202300037090;155614826;A01;1;33;0;0;1;1;1;
202300037091;155614822;B01;1;7;0;2;8;1;1;
202300037091;155614824;A01;1;7;0;2;1;19;1;
202300037092;155614823;A01;3;7;0;2;1;2;1;
202300037092;155614825;B01;3;7;0;2;4;2;1;
202300037093;155614819;A01;1;7;0;2;2;1;2;
202300037093;155614821;B01;1;32;0;2;5;1;1;
202300037094;155614817;A01;1;99;0;0;1;1;3;
202300037095;155614818;B01;1;7;0;2;1;2;0;
202300037095;155614820;A01;1;50;0;2;7;2;3;
202300037096;155614816;A01;1;7;0;1;8;1;1;
202300037097;155614814;A01;2;7;9;0;1;13;1;
202300037098;155614813;B01;2;2;0;2;1;1;1;
202300037098;155614815;A01;1;7;0;2;2;15;1;
202300037099;155614809;C01;1;7;0;2;4;2;1;
202300037099;155614810;D01;1;7;0;2;1;1;1;
202300037099;155614811;A01;1;34;0;2;4;26;1;
202300037099;155614812;B01;1;7;0;2;6;1;1;
202300037100;155614807;B01;1;7;0;2;1;1;1;
202300037100;155614808;A01;1;7;0;2;1;11;1;
202300037101;155614806;A01;2;7;0;1;2;0;1;
202300037102;155614804;A01;1;7;1;0;1;1;1;
202300037102;155614805;B01;1;7;0;2;4;23;1;
202300037103;155614801;B01;0;10;0;2;1;1;1;
202300037103;155614803;A01;0;7;0;2;8;19;1;
202300037104;155614800;A01;1;7;12;0;2;14;1;
202300037105;155614799;A01;3;7;3;0;1;26;1;
202300037106;155614798;A01;2;43;0;1;1;26;1;
202300037107;155614794;A01;1;33;0;2;1;1;0;
202300037107;155614796;B01;1;10;0;0;5;1;0;
202300037108;155614792;A01;2;7;0;1;7;1;1;
202300037109;155614790;B01;2;50;0;9;0;0;3;
202300037109;155614791;A01;2;7;0;2;3;22;1;
202300037110;155614788;B01;3;7;0;2;9;1;1;
202300037110;155614789;A01;3;7;0;2;1;9;1;
202300037111;155614786;A01;3;7;0;2;1;2;0;
202300037111;155614787;B01;3;1;0;2;4;7;5;
202300037112;155614785;A01;3;7;0;1;4;4;1;
202300037113;155614782;A01;1;50;0;2;2;19;3;
202300037113;155614784;B01;2;7;0;2;1;1;1;
202300037114;155614783;A01;3;7;0;1;1;26;1;
202300037115;155614780;A01;3;7;0;2;1;9;2;
202300037115;155614781;B01;2;2;0;2;7;15;1;
202300037116;155614778;A01;1;7;0;1;1;16;1;
202300037117;155614777;B01;3;1;0;2;1;26;5;
202300037117;155614779;Z01;0;7;0;2;1;26;0;
202300037118;155614776;A01;3;7;0;1;2;1;1;
202300037119;155614772;A01;3;7;0;2;1;1;0;
202300037119;155614774;B01;0;7;0;0;0;0;1;
202300037120;155614773;A01;0;7;0;2;3;15;1;
202300037120;155614775;B01;0;32;0;2;0;0;1;
202300037121;155614770;B01;1;7;0;2;1;1;1;
202300037121;155614771;A01;1;7;0;2;4;1;0;
202300037122;155614769;A01;0;10;0;1;3;16;1;
202300037123;155614768;A01;1;7;0;1;1;0;1;
202300037124;155614767;A01;1;60;0;2;0;1;5;
202300037125;155614764;A01;2;7;6;0;1;1;1;
202300037126;155614765;A01;2;7;0;2;1;10;1;
202300037126;155614766;B01;1;2;0;2;1;1;1;
202300037127;155614763;A01;3;7;0;1;1;1;3;
202300037128;155614761;A01;3;7;8;0;1;1;1;
202300037129;155614762;A01;2;50;0;1;1;0;3;
202300037130;155614760;A01;1;7;0;1;3;1;1;
202300037131;155614758;A01;2;7;0;9;2;2;1;
202300037131;155614759;B01;2;1;0;0;4;2;5;
202300037132;155614757;A01;0;7;0;1;1;1;1;
202300037133;155614755;A01;3;7;0;1;8;9;1;
202300037134;155614754;A01;1;7;0;2;3;8;2;
202300037134;155614756;B01;2;33;0;2;2;1;1;
202300037135;155614751;A01;1;7;0;2;1;15;1;
202300037135;155614753;B01;2;7;0;2;2;1;1;
202300037136;155614750;A01;1;1;0;1;8;0;5;
202300037136;155614752;B01;1;10;0;2;7;1;0;
202300037137;155614748;B01;2;1;0;2;4;1;5;
202300037137;155614749;A01;2;7;0;2;2;1;1;
202300037138;155614747;A01;0;7;0;1;3;16;1;
202300037139;155614744;B01;1;7;0;2;0;23;2;
202300037139;155614746;A01;1;32;0;1;1;3;1;
202300037140;155614743;B01;2;7;0;2;1;1;1;
202300037140;155614745;A01;1;7;0;2;8;15;1;
202300037141;155614742;A01;3;2;0;0;0;1;1;
202300037142;155614741;A01;1;7;1;0;2;0;1;
202300037143;155614739;A01;1;7;4;0;3;17;0;
202300037143;155614740;B01;1;7;0;2;2;1;0;
202300037144;155614736;A01;1;7;0;2;2;1;1;
202300037144;155614738;B01;1;1;0;2;4;1;5;
202300037145;155614735;B01;2;33;0;0;1;17;1;
202300037145;155614737;A01;2;7;0;0;6;15;1;
202300037146;155614731;A01;1;7;0;2;6;17;1;
202300037146;155614733;B01;1;7;0;2;2;17;1;
202300037147;155614732;B01;1;7;0;2;1;1;1;
202300037147;155614734;A01;3;7;0;2;2;15;1;
202300037148;155614728;A01;3;7;0;2;1;1;1;
202300037148;155614730;B01;3;1;0;2;7;1;5;
202300037149;155614727;A01;2;7;0;2;2;2;1;
202300037149;155614729;B01;2;2;0;2;4;2;0;
202300037150;155614725;A01;3;7;0;2;3;11;3;
202300037150;155614726;B01;3;43;0;2;2;1;1;
202300037151;155614722;B01;2;2;0;0;1;1;1;
202300037151;155614723;A01;1;10;0;0;8;15;1;
202300037152;155614721;B01;1;7;0;2;1;1;1;
202300037152;155614724;A01;0;7;0;2;1;19;1;
202300037153;155614719;A01;2;7;0;2;6;17;1;
202300037153;155614720;B01;2;33;0;2;1;17;1;
202300037154;155614717;A01;2;33;12;0;7;2;1;
202300037155;155614714;A01;1;7;0;2;3;5;1;
202300037155;155614716;B01;1;7;0;2;2;1;1;
202300037156;155614715;A01;2;7;0;2;3;15;1;
202300037156;155614718;B01;1;7;0;2;3;1;1;
202300037157;155614711;A01;2;7;0;2;3;19;1;
202300037157;155614712;C01;1;15;0;0;3;1;1;
202300037157;155614713;B01;2;15;0;2;2;1;1;
202300037158;155614709;A01;1;7;0;2;3;15;1;
202300037158;155614710;B01;1;31;0;2;1;1;1;
202300037159;155614708;A01;1;7;0;1;1;2;1;
202300037160;155614706;A01;2;7;0;2;2;1;1;
202300037160;155614707;B01;2;10;3;2;6;1;1;
202300037161;155614704;A01;0;7;0;2;0;0;1;
202300037161;155614705;B01;1;32;0;2;0;0;1;
202300037162;155614702;A01;2;1;0;2;1;2;5;
202300037162;155614703;B01;2;1;0;0;4;2;5;
202300037163;155614700;A01;1;7;0;2;3;15;1;
202300037163;155614701;B01;2;31;0;2;3;1;1;
202300037164;155614698;A01;2;7;0;2;2;15;0;
202300037164;155614699;B01;1;7;0;2;3;1;0;
202300037165;155614694;B01;2;33;0;2;1;1;1;
202300037165;155614695;D01;2;33;0;2;7;1;1;
202300037165;155614696;C01;2;33;0;2;7;2;1;
202300037165;155614697;A01;2;7;0;2;4;1;1;
202300037166;155614693;A01;1;7;15;0;1;13;1;
202300037167;155614692;A01;1;7;8;0;1;14;1;
202300037168;155614690;A01;2;7;4;2;1;1;1;
202300037168;155614691;B01;2;7;0;2;1;5;1;
202300037169;155614689;A01;3;7;0;1;2;1;1;
202300037170;155614687;A01;2;7;0;2;7;1;2;
202300037170;155614688;B01;1;10;0;2;2;5;1;
202300037171;155614683;A01;2;15;0;2;2;14;1;
202300037171;155614684;B01;2;50;0;2;4;1;3;
202300037172;155614681;A01;3;1;0;2;3;15;5;
202300037172;155614682;B01;3;7;0;2;2;1;1;
202300037173;155614680;A01;3;7;6;0;1;14;1;
202300037174;155614678;A01;2;7;13;2;7;17;1;
202300037174;155614679;B01;2;7;0;2;8;1;1;
202300037175;155614676;A01;2;7;0;2;1;1;6;
202300037175;155614677;B01;1;7;0;2;1;1;6;
202300037176;155614675;A01;2;2;17;0;1;1;1;
202300037177;155614673;A01;1;2;0;2;1;17;1;
202300037177;155614674;B01;1;21;0;2;6;15;1;
202300037178;155614671;B01;3;3;0;2;2;15;1;
202300037178;155614672;A01;2;33;0;2;1;1;1;
202300037179;155614668;A01;1;7;6;0;1;1;1;
202300037180;155614667;A01;1;2;0;1;1;1;1;
202300037181;155614665;A01;3;7;0;9;2;1;1;
202300037181;155614666;B01;3;1;0;2;7;1;5;
202300037182;155614664;A01;1;7;0;0;9;1;1;
202300037183;155614663;A01;2;7;2;0;0;1;1;
202300037184;155614661;A01;2;7;0;2;3;1;0;
202300037184;155614662;B01;2;32;0;2;1;13;0;
202300037185;155614659;A01;3;7;0;9;3;1;1;
202300037185;155614660;B01;3;1;0;2;1;1;5;
202300037186;155614657;A01;3;7;0;2;3;1;1;
202300037186;155614658;B01;3;17;0;0;1;4;1;
202300037187;155614655;A01;2;7;0;2;1;1;0;
202300037187;155614656;B01;1;2;0;2;1;1;0;
202300037188;155614653;B01;3;7;0;2;6;15;1;
202300037188;155614654;A01;1;31;0;2;1;17;1;
202300037189;155614652;A01;2;10;6;0;1;0;1;
202300037190;155614651;A01;1;2;0;6;8;1;1;
202300037191;155614649;A01;1;80;0;2;3;13;3;
202300037191;155614650;B01;2;10;0;2;3;14;1;
202300037192;155614646;A01;2;7;0;2;1;11;1;
202300037192;155614647;B01;1;7;0;2;1;1;1;
202300037193;155614643;B01;2;7;0;2;1;1;1;
202300037193;155614644;C01;1;2;0;2;1;1;1;
202300037193;155614645;A01;1;10;0;2;3;17;1;
202300037194;155614641;A01;3;2;0;2;3;13;1;
202300037194;155614642;B01;3;20;0;2;3;1;1;
202300037195;155614639;A01;1;10;0;2;3;9;1;
202300037195;155614640;B01;1;7;0;2;2;2;1;
202300037196;155614637;A01;1;7;0;2;2;16;1;
202300037196;155614638;B01;2;33;0;2;1;1;1;
202300037197;155614630;D01;1;10;1;0;1;1;1;
202300037197;155614631;E01;1;7;0;0;4;1;1;
202300037197;155614632;C01;1;7;1;0;1;1;1;
202300037197;155614633;A01;1;10;0;1;1;14;1;
202300037197;155614634;B01;1;7;1;0;1;1;1;
202300037198;155614628;A01;1;7;0;0;3;15;1;
202300037198;155614629;B01;2;1;0;2;1;1;5;
202300037199;155614625;A01;2;33;0;2;4;23;1;
202300037199;155614626;B01;2;17;1;0;2;11;1;
202300037200;155614623;B01;3;1;0;2;1;16;5;
202300037200;155614624;A01;3;7;0;9;3;11;1;
202300037201;155614621;A01;2;7;0;2;1;1;1;
202300037201;155614622;B01;3;7;8;2;8;6;1;
202300037202;155614620;A01;2;10;15;0;0;0;1;
202300037203;155614619;A01;0;7;0;1;5;20;1;
202300037204;155614618;A01;1;7;6;0;1;13;1;
202300037205;155614616;B01;2;7;0;9;3;15;1;
202300037205;155614617;A01;1;1;0;2;1;19;5;
202300037206;155614614;B01;2;1;0;2;2;26;5;
202300037206;155614615;A01;1;7;0;2;8;9;1;
202300037207;155614612;A01;3;33;0;2;2;0;1;
202300037207;155614613;B01;0;7;0;2;3;0;1;
202300037208;155614610;A01;2;7;0;2;8;15;1;
202300037208;155614611;B01;1;33;0;2;1;1;1;
202300037209;155614608;A01;1;7;0;2;1;1;1;
202300037209;155614609;B01;2;10;0;2;1;5;1;
202300037210;155614607;A01;0;7;0;1;1;1;1;
202300037211;155614606;A01;1;33;9;0;2;14;1;
202300037212;155614605;A01;1;7;9;0;1;1;1;
202300037213;155614603;A01;1;33;0;2;1;1;1;
202300037213;155614604;B01;3;14;0;2;6;15;1;
202300037214;155614601;B01;2;10;0;0;3;13;0;
202300037214;155614602;A01;1;7;6;0;3;1;0;
202300037215;155614599;A01;2;7;0;2;2;13;1;
202300037215;155614600;B01;2;1;0;2;3;1;5;
202300037216;155614597;B01;1;7;0;2;1;1;1;
202300037216;155614598;A01;2;7;0;2;1;5;1;
202300037217;155614595;A01;3;31;0;2;1;1;0;
202300037217;155614596;B01;3;7;0;2;1;9;0;
202300037218;155614593;A01;2;10;0;2;6;1;1;
202300037218;155614594;B01;2;7;0;2;1;1;1;
202300037219;155614592;A01;2;7;4;0;1;1;1;
202300037220;155614590;A01;1;7;0;2;1;2;1;
202300037220;155614591;B01;1;7;0;2;4;2;1;
202300037221;155614588;A01;1;7;0;2;1;1;3;
202300037221;155614589;B01;1;7;0;2;4;1;1;
202300037222;155614586;B01;2;7;0;2;3;1;1;
202300037222;155614587;A01;2;17;0;2;2;12;1;
202300037223;155614584;A01;2;7;0;2;1;2;1;
202300037223;155614585;B01;2;7;0;2;4;2;1;
202300037224;155614583;A01;2;31;0;0;0;21;1;
202300037225;155614582;A01;2;33;4;0;8;13;1;
202300037226;155614580;B01;1;7;0;2;7;1;1;
202300037226;155614581;A01;1;7;0;2;8;11;1;
202300037227;155614578;A01;1;33;0;2;1;2;1;
202300037227;155614579;B01;1;7;0;2;4;2;1;
202300037228;155614576;A01;2;7;4;2;2;14;1;
202300037228;155614577;B01;2;14;0;2;6;1;1;
202300037229;155614574;A01;2;10;0;2;7;12;1;
202300037229;155614575;B01;2;43;0;2;8;1;1;
202300037230;155614573;A01;2;7;4;0;3;1;1;
202300037231;155614572;A01;2;7;4;0;9;1;1;
202300037232;155614570;B01;1;7;0;2;2;12;1;
202300037232;155614571;A01;1;7;3;2;6;1;1;
202300037233;155614568;A01;1;10;4;2;5;1;1;
202300037233;155614569;B01;1;33;0;2;0;3;1;
202300037234;155614555;A01;1;7;0;2;3;1;1;
202300037234;155614556;B01;1;7;3;0;8;0;1;
202300037234;155614557;C01;1;7;0;2;1;2;1;
202300037234;155614558;D01;1;7;3;2;5;2;1;
202300037234;155614559;E01;1;7;0;2;0;21;1;
202300037234;155614560;F01;1;7;4;0;4;2;3;
202300037234;155614561;G01;1;7;0;0;6;2;1;
202300037234;155614562;H01;1;7;0;2;4;2;1;
202300037234;155614563;I01;1;17;3;2;1;21;1;
202300037234;155614564;J01;1;7;4;2;6;1;3;
202300037234;155614565;K01;1;7;3;2;2;2;1;
202300037234;155614566;L01;1;7;4;0;2;21;1;
202300037234;155614567;M01;1;7;3;0;4;21;1;
202300037235;155614551;B01;1;7;0;0;3;1;1;
202300037235;155614552;C01;1;7;0;0;4;1;1;
202300037235;155614553;A01;1;7;0;0;2;12;1;
202300037235;155614554;D01;1;7;0;0;4;1;1;
202300037236;155614550;A01;1;7;0;1;1;1;1;
202300037237;155614548;A01;1;7;0;2;2;13;1;
202300037237;155614549;B01;2;7;0;2;1;1;1;
202300037238;155614546;A01;1;7;1;9;4;26;1;
202300037238;155614547;B01;1;1;0;2;1;2;5;
202300037239;155614544;A01;0;7;0;1;2;1;1;
202300037240;155614542;B01;1;7;0;2;3;1;1;
202300037240;155614543;A01;2;10;0;2;3;13;1;
202300037241;155614541;A01;1;7;0;1;0;9;1;
202300037242;155614538;C01;1;33;0;2;1;1;1;
202300037242;155614539;A01;1;7;0;2;8;9;1;
202300037242;155614540;B01;1;33;0;2;1;1;1;
202300037243;155614536;B01;1;50;0;9;4;2;3;
202300037243;155614537;A01;1;50;0;9;4;2;3;
202300037244;155614535;A01;1;2;0;0;0;1;1;
202300037245;155614534;A01;2;7;0;1;1;1;1;
202300037246;155614532;B01;1;31;0;2;8;1;1;
202300037246;155614533;A01;2;7;0;2;1;15;1;
202300037247;155614531;A01;1;7;0;2;1;1;1;
202300037248;155614529;A01;1;2;0;2;7;26;1;
202300037248;155614530;B01;1;33;0;2;8;15;1;
202300037249;155614528;A01;1;7;0;1;2;26;1;
202300037250;155614526;B01;2;7;0;2;8;1;1;
202300037250;155614527;A01;2;32;0;2;8;13;1;
202300037251;155614523;B01;0;10;0;2;8;1;1;
202300037251;155614524;A01;0;10;0;2;1;1;1;
202300037252;155614521;B01;0;10;0;2;3;15;1;
202300037252;155614522;A01;0;30;0;2;2;13;1;
202300037253;155614520;A01;2;7;3;0;9;1;1;
202300037254;155614518;B01;3;7;0;2;2;1;1;
202300037254;155614519;A01;3;50;0;2;2;19;3;
202300037255;155614516;A01;1;7;0;2;7;19;1;
202300037255;155614517;B01;3;7;0;2;1;19;1;
202300037256;155614511;A01;0;7;0;2;1;16;1;
202300037256;155614512;C01;0;7;0;2;3;1;1;
202300037256;155614513;B01;0;7;0;2;7;1;1;
202300037257;155614510;A01;0;33;0;0;7;14;1;
202300037258;155614508;A01;0;7;0;2;2;2;1;
202300037258;155614509;B01;0;7;0;0;6;1;1;
202300037259;155614506;A01;1;7;0;2;2;15;1;
202300037259;155614507;B01;2;31;4;2;1;1;1;
202300037260;155614505;A01;3;7;0;1;1;9;1;
202300037261;155614503;A01;2;7;0;2;2;15;1;
202300037261;155614504;B01;2;33;0;2;1;1;1;
202300037262;155614502;A01;1;7;3;0;3;13;1;
202300037263;155614501;A01;3;7;0;1;3;1;1;
202300037264;155614499;A01;1;1;12;2;1;2;5;
202300037264;155614500;B01;2;1;0;0;4;2;5;
202300037265;155614498;A01;1;7;0;1;1;1;1;
202300037266;155614497;A01;0;7;1;2;1;14;0;
202300037267;155614496;A01;1;7;2;0;1;2;1;
202300037268;155614495;A01;3;7;2;0;0;1;1;
202300037269;155614492;B01;1;17;0;2;2;2;1;
202300037269;155614493;A01;1;7;0;2;8;2;1;
202300037269;155614494;C01;1;10;0;2;1;1;1;
202300037270;155614490;A01;2;7;0;2;2;1;1;
202300037270;155614491;B01;1;1;0;2;1;1;5;
202300037271;155614488;A01;1;7;0;2;8;13;1;
202300037271;155614489;B01;1;43;1;2;7;17;1;
202300037272;155614487;A01;1;2;6;0;1;1;1;
202300037273;155614485;A01;1;7;0;2;1;2;1;
202300037273;155614486;B01;1;7;0;1;4;2;1;
202300037274;155614484;A01;3;37;0;1;2;1;1;2.0
202300037275;155614483;A01;3;35;0;0;9;1;1;
202300037276;155614481;A01;1;7;0;2;1;13;1;
202300037276;155614482;B01;2;7;0;2;1;1;1;
202300037277;155614479;B01;2;7;0;2;3;1;1;
202300037277;155614480;A01;1;7;0;2;3;13;1;
202300037278;155614477;A01;1;7;0;2;3;9;1;
202300037278;155614478;B01;1;7;6;0;5;1;1;
202300037279;155614476;A01;1;10;0;1;1;15;1;
202300037280;155614475;A01;3;7;0;1;2;1;1;
202300037281;155614474;A01;2;7;6;0;1;14;1;
202300037282;155614472;B01;2;40;0;2;1;1;3;
202300037282;155614473;A01;1;50;0;4;8;19;3;
202300037283;155614471;A01;1;7;0;1;1;1;1;
202300037284;155614470;A01;2;32;12;0;1;1;1;
202300037285;155614468;B01;2;7;0;2;3;15;1;
202300037285;155614469;A01;2;32;0;2;3;15;1;
202300037286;155614466;A01;1;32;0;2;3;1;3;
202300037286;155614467;Z01;1;13;0;2;1;9;1;
202300037287;155614465;A01;1;14;0;1;2;1;1;
202300037288;155614463;B01;0;10;0;2;1;1;1;
202300037288;155614464;A01;1;33;0;2;1;1;1;
202300037289;155614461;A01;3;7;0;0;1;1;1;
202300037289;155614462;B01;2;33;0;2;8;1;1;
202300037290;155614460;A01;2;43;0;1;1;1;1;
202300037291;155614458;B01;1;50;0;2;5;1;3;
202300037291;155614459;A01;1;15;0;2;0;16;1;
202300037292;155614457;A01;2;37;0;1;2;1;1;1.0
202300037293;155614455;B01;1;7;0;0;6;23;1;
202300037293;155614456;A01;1;50;0;2;1;2;3;
202300037294;155614454;A01;2;1;14;0;1;1;5;
202300037295;155614451;A01;2;7;14;2;1;2;1;
202300037295;155614452;B01;2;7;14;2;4;0;1;
202300037295;155614453;C01;2;7;0;2;4;0;0;
202300037296;155614449;A01;3;50;0;2;7;26;3;
202300037296;155614450;B01;2;33;0;9;1;1;1;
202300037297;155614447;A01;1;10;0;2;1;1;3;
202300037297;155614448;B01;1;1;0;2;4;1;5;
202300037298;155614445;A01;3;7;0;2;3;0;1;
202300037298;155614446;B01;3;7;0;2;3;0;1;
202300037299;155614443;A01;3;7;0;2;1;15;1;
202300037299;155614444;B01;3;1;0;2;8;1;5;
202300037300;155614441;B01;2;32;0;2;7;1;1;
202300037300;155614442;A01;1;7;0;2;1;9;1;
202300037301;155614439;A01;2;7;0;2;3;15;1;
202300037301;155614440;B01;2;33;0;2;2;1;1;
202300037302;155614437;A01;1;7;0;2;5;16;1;
202300037302;155614438;B01;1;32;0;2;3;18;1;
202300037303;155614436;A01;3;7;0;1;1;1;1;
202300037304;155614434;A01;2;7;0;2;1;1;1;
202300037304;155614435;B01;2;7;0;2;6;1;1;
202300037305;155614431;A01;0;7;0;2;1;13;1;
202300037305;155614432;C01;0;7;0;2;3;0;1;
202300037305;155614433;B01;0;7;0;9;3;23;1;
202300037306;155614428;A01;0;37;0;2;4;23;1;1.0
202300037306;155614429;B01;0;7;0;2;4;23;1;
202300037306;155614430;C01;0;7;0;2;1;1;1;
202300037307;155614427;A01;1;33;8;0;5;14;1;
202300037308;155614425;A01;1;7;0;2;1;20;1;
202300037308;155614426;B01;2;43;0;2;2;1;1;
202300037309;155614424;A01;3;1;0;0;7;1;5;
202300037310;155614422;A01;1;33;0;2;8;1;1;
202300037310;155614423;B01;1;7;0;2;0;12;0;
202300037311;155614420;A01;0;33;0;2;1;1;1;
202300037311;155614421;B01;0;7;0;0;3;0;0;
202300037312;155614419;A01;1;7;8;0;2;0;1;
202300037313;155614418;A01;3;7;1;0;2;13;1;
202300037314;155614416;B01;0;39;0;2;3;1;3;
202300037314;155614417;A01;1;7;0;4;2;1;1;
202300037315;155614413;A01;1;7;0;2;1;15;1;
202300037315;155614414;B01;2;7;0;2;3;0;1;
202300037315;155614415;C01;2;7;0;2;3;2;1;
202300037316;155614412;A01;2;2;0;0;0;1;1;
202300037317;155614410;A01;2;7;4;2;2;1;6;
202300037317;155614411;B01;2;17;0;0;6;13;6;
202300037318;155614408;A01;2;7;0;2;2;14;1;
202300037318;155614409;B01;2;15;0;2;6;1;1;
202300037319;155614407;E01;1;17;0;1;2;21;1;
202300037320;155614406;A01;2;7;0;1;1;1;1;
202300037321;155614405;A01;2;33;2;0;1;0;0;
202300037322;155614404;A01;2;10;0;1;1;2;1;
202300037323;155614402;A01;0;1;0;2;2;13;5;
202300037323;155614403;B01;0;10;0;9;2;1;1;
202300037324;155614401;A01;2;7;0;0;2;1;1;
202300037325;155614398;A01;1;10;0;2;7;17;1;
202300037325;155614399;B01;1;15;0;2;8;15;1;
202300037326;155614397;A01;1;7;0;1;3;9;1;
202300037327;155614395;A01;2;7;0;2;2;1;1;
202300037327;155614396;B01;2;7;7;2;6;23;1;
202300037328;155614394;A01;0;7;0;0;9;1;1;
202300037329;155614392;A01;1;10;0;2;3;1;1;
202300037329;155614393;B01;2;21;0;2;3;1;1;
202300037330;155614390;A01;2;7;0;2;1;15;1;
202300037330;155614391;B01;1;2;0;2;1;1;1;
202300037331;155614387;A01;1;7;0;2;2;1;1;
202300037331;155614388;B01;2;33;0;2;1;1;1;
202300037331;155614389;C01;2;7;0;2;3;19;1;
202300037332;155614386;A01;1;2;5;0;2;1;1;
202300037333;155614385;A01;3;21;0;0;9;1;1;
202300037334;155614384;A01;3;80;0;0;0;1;3;
202300037335;155614382;A01;1;7;0;2;8;9;1;
202300037335;155614383;B01;2;33;0;2;3;2;1;
202300037336;155614381;A01;1;33;15;0;1;13;1;
202300037337;155614380;A01;2;10;7;0;1;1;1;
202300037338;155614378;A01;1;10;0;2;1;13;1;
202300037338;155614379;B01;2;7;0;2;1;1;1;
202300037339;155614376;A01;2;7;0;2;1;2;1;
202300037339;155614377;B01;2;15;0;0;4;2;1;
202300037340;155614374;A01;2;33;0;0;8;1;1;
202300037340;155614375;B01;2;7;0;2;7;12;1;
202300037341;155614373;A01;1;15;0;0;7;14;1;
202300037342;155614372;A01;2;33;8;0;2;1;1;
202300037343;155614371;A01;1;7;0;1;2;1;2;
202300037344;155614369;B01;2;7;3;0;6;1;1;
202300037344;155614370;A01;2;10;0;2;2;17;1;
202300037345;155614367;A01;1;7;0;0;8;1;1;
202300037345;155614368;B01;2;7;0;2;1;17;6;