Num_Acc;id_vehicule;num_veh;senc;catv;obs;obsm;choc;manv;motor;occutc
202300037346;155614366;A01;3;33;0;0;8;1;1;
202300037347;155614365;A01;2;10;0;1;6;4;1;
202300037348;155614363;B01;1;7;0;0;1;1;1;
202300037348;155614364;A01;2;7;0;0;8;15;1;
202300037349;155614362;A01;1;7;0;1;1;1;1;
202300037350;155614360;A01;2;1;0;2;1;1;5;
202300037350;155614361;B01;2;7;0;9;8;15;1;
202300037351;155614358;A01;3;7;0;9;2;2;0;
202300037351;155614359;B01;3;1;0;2;4;0;5;
202300037352;155614357;A01;3;33;1;0;1;2;1;
202300037353;155614355;A01;2;7;0;2;6;15;1;
202300037353;155614356;B01;1;10;0;2;1;1;1;
202300037354;155614354;A01;3;10;0;1;1;15;3;
202300037355;155614353;A01;2;33;0;0;0;1;1;
202300037356;155614352;A01;2;10;0;0;0;1;1;
202300037357;155614349;A01;1;33;0;2;2;21;1;
202300037357;155614350;B01;1;7;0;2;6;26;1;
202300037358;155614346;B01;1;7;0;2;2;1;1;
202300037358;155614347;C01;1;7;0;2;3;1;2;
202300037358;155614348;Z01;1;7;0;2;6;11;1;
202300037359;155614344;A01;2;7;0;2;1;2;1;
202300037359;155614345;B01;2;7;0;2;4;2;1;
202300037360;155614341;B01;3;32;0;2;1;2;1;
202300037360;155614342;A01;3;7;0;2;3;9;1;
202300037361;155614339;A01;2;50;0;2;4;1;3;
202300037361;155614340;Z01;2;50;0;2;1;1;3;
202300037362;155614338;A01;3;37;0;1;5;9;1;1.0
202300037363;155614337;A01;1;7;8;0;1;14;1;
202300037364;155614335;A01;2;7;0;2;3;17;1;
202300037364;155614336;B01;1;7;0;2;3;1;1;
202300037365;155614334;A01;3;30;0;2;7;21;1;
202300037366;155614333;A01;2;32;0;0;0;0;1;
202300037367;155614332;A01;1;10;0;1;2;0;1;
202300037368;155614330;A01;1;10;0;4;2;19;1;
202300037368;155614331;B01;1;40;0;2;1;2;3;
202300037369;155614328;A01;1;33;0;2;1;3;1;
202300037369;155614329;B01;1;7;0;2;1;9;3;
202300037370;155614326;A01;1;7;0;2;1;1;1;
202300037370;155614327;B01;2;7;0;2;1;0;1;
202300037371;155614324;A01;1;7;0;2;1;1;1;
202300037371;155614325;B01;1;13;0;0;6;2;1;
202300037372;155614319;A01;1;7;0;2;2;15;1;
202300037372;155614320;B01;2;33;0;2;2;1;1;
202300037373;155614317;A01;1;7;0;2;1;1;1;
202300037373;155614318;B01;1;7;0;2;8;1;1;
202300037374;155614315;A01;1;30;0;2;8;17;1;
202300037374;155614316;B01;1;7;0;2;8;1;1;
202300037375;155614313;B01;-1;7;0;2;3;1;1;
202300037375;155614314;A01;0;7;0;2;2;16;1;
202300037376;155614311;B01;3;50;0;2;1;1;3;
202300037376;155614312;A01;0;7;0;2;0;0;0;
202300037377;155614310;A01;3;7;0;1;1;21;0;
202300037378;155614308;A01;3;10;0;2;1;1;1;
202300037378;155614309;B01;3;7;0;2;3;15;1;
202300037379;155614306;A01;2;7;0;2;1;9;1;
202300037379;155614307;B01;2;33;0;2;1;1;1;
202300037380;155614303;A01;2;50;0;0;0;1;3;
202300037381;155614301;A01;1;7;0;2;1;20;1;
202300037381;155614302;B01;3;30;0;2;4;23;1;
202300037382;155614299;B01;0;7;0;2;4;0;1;
202300037382;155614300;A01;0;7;0;2;1;0;1;
202300037383;155614297;A01;1;7;0;9;2;16;1;
202300037383;155614298;B01;1;99;0;2;1;1;0;
202300037384;155614295;A01;0;7;0;2;4;26;1;
202300037384;155614296;B01;0;7;0;2;4;0;1;
202300037385;155614293;A01;0;7;0;2;3;1;1;
202300037385;155614294;B01;0;7;0;2;3;1;1;
202300037386;155614292;A01;3;7;0;1;3;1;1;
202300037387;155614290;A01;0;7;0;2;3;9;1;
202300037387;155614291;B01;0;33;0;2;1;1;1;
202300037388;155614288;B01;2;34;0;2;0;1;1;
202300037388;155614289;A01;2;30;0;2;0;19;1;
202300037389;155614286;A01;1;7;0;2;1;1;1;
202300037389;155614287;B01;2;7;0;2;8;1;1;
202300037390;155614285;A01;1;7;0;1;1;1;1;
202300037391;155614284;A01;1;7;0;0;1;9;1;
202300037392;155614282;B01;2;1;0;2;7;1;5;
202300037392;155614283;A01;1;7;0;2;1;15;1;
202300037393;155614281;A01;2;7;0;1;3;1;1;
202300037394;155614278;A01;3;7;0;2;1;1;1;
202300037394;155614279;B01;3;7;1;2;5;15;1;
202300037394;155614280;C01;3;7;0;2;3;23;2;
202300037395;155614276;A01;2;7;0;2;6;9;1;
202300037395;155614277;B01;2;31;0;2;8;21;1;
202300037396;155614274;B01;1;42;0;2;1;2;1;
202300037396;155614275;A01;1;7;0;2;4;2;1;
202300037397;155614273;A01;3;30;12;0;8;13;1;
202300037398;155614272;A01;1;32;8;0;1;1;1;
202300037399;155614270;B01;2;33;0;2;8;1;1;
202300037399;155614271;A01;2;7;0;2;7;9;1;
202300037400;155614268;B01;1;7;0;2;4;23;3;
202300037400;155614269;A01;2;14;0;2;1;1;1;
202300037401;155614265;A01;3;7;0;2;2;15;-1;
202300037401;155614266;B01;3;2;0;2;1;1;-1;
202300037401;155614267;C01;3;7;1;0;0;23;-1;
202300037402;155614264;A01;1;33;0;0;8;15;1;
202300037403;155614262;A01;1;7;8;2;8;15;1;
202300037403;155614263;B01;2;15;0;2;3;1;1;
202300037404;155614261;A01;1;7;0;1;2;1;1;
202300037405;155614259;B01;3;30;0;2;0;0;1;
202300037405;155614260;A01;3;7;0;2;3;15;1;
202300037406;155614258;A01;1;7;0;1;1;15;1;
202300037407;155614256;B01;3;34;0;0;0;0;1;
202300037407;155614257;A01;1;7;0;0;0;12;1;
202300037408;155614255;A01;1;33;0;0;0;1;1;
202300037409;155614254;A01;3;7;0;1;1;1;1;
202300037410;155614252;A01;1;7;0;2;1;2;1;
202300037410;155614253;B01;1;7;0;2;4;0;1;
202300037411;155614250;A01;1;7;0;2;1;1;1;
202300037411;155614251;B01;1;7;0;2;4;2;1;
202300037412;155614249;A01;3;7;8;0;3;15;1;
202300037413;155614247;A01;3;7;0;2;8;9;1;
202300037413;155614248;B01;2;7;0;2;1;2;1;
202300037414;155614246;A01;1;7;9;0;1;1;1;
202300037415;155614244;A01;3;7;0;2;2;9;1;
202300037415;155614245;B01;3;1;0;2;1;9;5;
202300037416;155614242;A01;3;50;0;2;1;1;3;
202300037416;155614243;B01;2;7;0;2;8;1;0;
202300037417;155614241;A01;3;7;8;0;1;14;1;
202300037418;155614239;B01;0;7;0;2;0;15;1;
202300037418;155614240;A01;3;32;0;2;1;26;1;
202300037419;155614238;A01;2;14;0;1;7;1;1;
202300037420;155614236;A01;1;33;0;2;1;1;1;
202300037420;155614237;B01;1;7;0;2;6;15;1;
202300037421;155614234;B01;1;80;0;4;1;1;3;
202300037421;155614235;A01;1;40;0;2;7;1;6;
202300037422;155614232;A01;2;7;0;2;5;5;1;
202300037422;155614233;B01;1;7;0;2;4;1;1;
202300037423;155614228;A01;2;1;0;2;1;1;5;
202300037423;155614229;B01;2;7;0;2;3;15;1;
202300037424;155614227;A01;2;0;0;1;1;18;0;
202300037425;155614225;B01;2;7;0;2;1;1;1;
202300037425;155614226;A01;1;7;0;2;1;13;1;
202300037426;155614223;B01;3;1;0;2;7;0;5;
202300037426;155614224;A01;3;7;0;2;3;1;1;
202300037427;155614221;B01;3;50;0;2;8;15;3;
202300037427;155614222;A01;3;7;0;2;1;2;1;
202300037428;155614219;A01;3;7;0;2;2;14;1;
202300037428;155614220;B01;3;33;0;2;6;1;1;
202300037429;155614217;A01;1;7;0;2;1;1;1;
202300037429;155614218;B01;1;1;0;2;3;15;5;
202300037430;155614215;B01;1;7;0;2;4;2;1;
202300037430;155614216;A01;1;43;0;0;1;2;1;
202300037431;155614214;A01;1;10;1;0;3;2;1;
202300037432;155614212;B01;2;7;0;2;1;2;1;
202300037432;155614213;A01;3;1;0;2;7;6;5;
202300037433;155614210;B01;1;7;0;2;1;0;1;
202300037433;155614211;A01;1;7;0;2;4;23;1;
202300037434;155614208;A01;2;7;0;2;1;1;1;
202300037434;155614209;B01;1;7;0;2;4;1;1;
202300037435;155614205;A01;1;7;0;2;3;17;1;
202300037435;155614206;B01;2;7;0;2;3;1;1;
202300037435;155614207;C01;1;15;0;2;3;1;1;
202300037436;155614204;A01;1;7;2;0;2;16;1;
202300037437;155614203;A01;3;7;9;0;1;0;1;
202300037438;155614202;A01;3;32;9;0;2;15;0;
202300037439;155614201;A01;0;7;9;0;0;6;1;
202300037440;155614199;A01;1;7;0;2;3;1;1;
202300037440;155614200;B01;1;7;0;2;9;16;1;
202300037441;155614197;B01;2;7;0;2;8;0;1;
202300037441;155614198;A01;1;7;0;2;1;15;1;
202300037442;155614195;A01;3;7;0;9;3;9;1;
202300037442;155614196;B01;3;1;0;2;1;1;5;
202300037443;155614193;A01;2;7;0;2;2;15;1;
202300037443;155614194;B01;1;7;0;2;1;1;1;
202300037444;155614191;B01;3;7;0;2;0;0;0;
202300037444;155614192;A01;3;33;0;2;0;1;1;
202300037445;155614189;B01;0;7;0;2;3;15;3;
202300037445;155614190;A01;0;30;0;2;7;21;1;
202300037446;155614187;A01;1;50;0;2;1;25;3;
202300037446;155614188;B01;2;7;0;2;2;1;1;
202300037447;155614185;B01;2;33;0;2;3;1;1;
202300037447;155614186;A01;1;7;0;2;6;26;1;
202300037448;155614183;B01;3;34;0;2;8;1;1;
202300037448;155614184;A01;3;7;0;2;8;15;1;
202300037449;155614182;A01;1;7;0;1;1;1;1;
202300037450;155614180;B01;1;2;0;2;2;1;1;
202300037450;155614181;A01;1;7;0;2;1;9;1;
202300037451;155614178;B01;1;33;0;2;1;3;1;
202300037451;155614179;A01;2;7;0;2;2;12;1;
202300037452;155614177;A01;1;33;0;0;0;3;1;
202300037453;155614175;B01;1;7;0;2;4;2;1;
202300037453;155614176;A01;1;7;0;2;1;2;1;
202300037454;155614173;A01;2;33;0;2;1;3;1;
202300037454;155614174;B01;2;33;0;2;4;3;1;
202300037455;155614170;C01;2;7;0;2;1;2;3;
202300037455;155614171;A01;2;7;0;2;1;2;1;
202300037455;155614172;B01;2;7;0;2;4;9;1;
202300037456;155614168;B01;1;7;0;2;6;11;1;
202300037456;155614169;A01;1;43;0;2;2;3;1;
202300037457;155614166;B01;2;1;1;0;7;1;5;
202300037457;155614167;A01;3;10;0;2;8;22;1;
202300037458;155614164;A01;2;33;0;2;2;17;1;
202300037458;155614165;B01;2;7;0;2;6;1;1;
202300037459;155614163;A01;2;7;0;1;1;1;1;
202300037460;155614161;B01;1;1;0;2;1;1;5;
202300037460;155614162;A01;2;1;0;2;1;14;5;
202300037461;155614159;B01;1;7;0;2;6;15;1;
202300037461;155614160;A01;2;43;0;2;1;1;1;
202300037462;155614158;A01;2;50;0;0;0;1;3;
202300037463;155614156;A01;2;7;0;2;2;1;2;
202300037463;155614157;Y01;2;1;0;2;1;1;5;
202300037464;155614151;A01;2;38;0;2;1;1;1;1.0
202300037464;155614152;B01;1;7;0;2;4;1;1;
202300037464;155614153;C01;1;7;0;2;4;1;1;
202300037464;155614154;E01;1;7;0;2;4;1;1;
202300037464;155614155;D01;1;10;0;2;4;1;1;
202300037465;155614149;A01;3;7;0;2;1;2;1;
202300037465;155614150;B01;3;7;0;2;4;2;1;
202300037466;155614148;A01;1;7;0;1;1;1;1;
202300037467;155614146;B01;3;50;0;2;1;1;3;
202300037467;155614147;A01;3;1;0;2;1;13;5;
202300037468;155614144;B01;2;7;0;2;5;1;2;
202300037468;155614145;A01;2;7;0;2;3;1;2;
202300037469;155614142;B01;2;1;0;2;2;1;5;
202300037469;155614143;A01;2;7;0;2;6;9;1;
202300037470;155614140;B01;2;1;0;2;7;1;5;
202300037470;155614141;A01;2;10;0;2;8;22;1;
202300037471;155614135;A01;2;1;0;2;1;1;5;
202300037471;155614137;Z01;1;1;0;2;1;5;5;
202300037472;155614136;A01;3;7;0;2;3;2;1;
202300037472;155614138;B01;3;7;0;2;4;2;1;
202300037472;155614139;C01;3;7;0;2;0;2;2;
202300037473;155614134;A01;1;30;0;1;1;1;1;
202300037474;155614130;B01;2;32;0;2;2;2;1;
202300037474;155614131;A01;2;50;0;2;0;2;3;
202300037475;155614129;A01;1;34;0;2;1;2;1;
202300037475;155614132;B01;1;7;0;2;4;1;1;
202300037475;155614133;C01;1;10;0;2;4;1;1;
202300037476;155614128;A01;1;7;0;1;1;1;1;
202300037477;155614127;A01;2;33;0;1;7;7;1;
202300037478;155614125;A01;1;7;0;1;3;1;1;
202300037479;155614124;B01;1;7;0;2;7;1;2;
202300037479;155614126;A01;2;1;0;2;7;1;5;
202300037480;155614123;A01;3;1;0;0;0;21;5;
202300037481;155614120;A01;1;14;0;2;0;0;1;
202300037481;155614121;B01;1;10;7;2;2;1;1;
202300037482;155614119;B01;2;7;0;2;1;1;1;
202300037482;155614122;A01;1;7;0;2;7;1;1;
202300037483;155614117;A01;2;7;0;1;1;15;0;
202300037484;155614118;A01;2;7;14;0;3;1;1;
202300037485;155614116;A01;2;10;15;0;1;19;1;
202300037486;155614112;B01;3;7;16;0;3;1;1;
202300037486;155614114;A01;3;7;16;0;2;5;1;
202300037487;155614113;A01;3;7;0;2;2;16;1;
202300037487;155614115;B01;3;60;0;2;8;19;5;
202300037488;155614109;B01;3;7;0;2;5;11;0;
202300037488;155614110;A01;3;31;0;2;8;1;0;
202300037489;155614107;A01;1;7;0;2;3;15;1;
202300037489;155614108;B01;2;80;0;2;2;21;3;
202300037490;155614103;A01;3;10;0;2;8;24;1;
202300037490;155614105;B01;1;32;1;2;7;1;0;
202300037491;155614104;A01;2;7;0;2;1;26;1;
202300037491;155614106;B01;2;7;0;2;4;26;1;
202300037492;155614100;A01;1;50;0;2;1;2;3;
202300037492;155614101;B01;2;7;0;2;5;2;1;
202300037493;155614099;A01;2;7;0;2;8;15;1;
202300037493;155614102;B01;2;37;0;2;2;7;6;1.0
202300037494;155614096;B01;3;7;0;2;4;0;1;
202300037494;155614097;A01;3;7;0;2;1;2;1;
202300037495;155614095;A01;3;1;0;2;8;9;5;
202300037495;155614098;B01;3;7;0;2;2;2;1;
202300037496;155614094;A01;2;7;0;1;3;1;1;
202300037497;155614092;B01;3;7;0;2;3;26;1;
202300037497;155614093;A01;2;2;0;2;2;1;1;
202300037498;155614090;A01;2;10;0;2;3;17;1;
202300037498;155614091;B01;1;80;0;2;1;1;3;
202300037499;155614089;A01;2;33;0;0;0;3;1;
202300037500;155614086;A01;0;30;1;0;6;2;1;
202300037500;155614087;B01;0;10;1;0;1;2;1;
202300037501;155614085;A01;2;7;0;2;1;15;1;
202300037501;155614088;B01;2;33;0;2;8;1;1;
202300037502;155614083;B01;2;7;0;2;6;2;1;
202300037502;155614084;A01;2;31;0;2;1;2;1;
202300037503;155614082;A01;3;99;0;1;1;19;1;
202300037504;155614079;A01;1;10;0;2;7;17;0;
202300037504;155614081;B01;1;1;0;2;8;2;5;
202300037505;155614078;A01;2;1;0;2;1;1;5;
202300037505;155614080;B01;1;1;0;2;8;15;5;
202300037506;155614075;A01;1;7;0;2;1;1;1;
202300037506;155614077;B01;1;7;0;2;4;1;1;
202300037507;155614073;B01;2;7;0;2;2;15;1;
202300037507;155614074;A01;2;32;0;2;5;17;1;
202300037508;155614072;B01;3;1;0;2;0;1;5;
202300037508;155614076;A01;1;7;0;2;2;9;0;
202300037509;155614070;A01;0;31;0;1;1;0;0;
202300037510;155614066;A01;1;7;0;1;0;0;2;
202300037511;155614067;A01;2;7;0;2;1;2;1;
202300037511;155614068;B01;2;7;0;2;4;2;1;
202300037511;155614071;C01;2;7;0;2;4;2;1;
202300037512;155614065;B01;3;7;0;2;1;2;1;
202300037512;155614069;A01;3;7;0;2;3;2;1;
202300037513;155614061;A01;2;38;8;4;8;26;1;1.0
202300037513;155614064;B01;-1;39;0;2;1;1;3;
202300037514;155614060;A01;3;7;0;2;2;2;1;
202300037514;155614062;B01;1;7;0;9;4;1;1;
202300037515;155614059;A01;3;7;0;2;1;26;1;
202300037515;155614063;B01;3;7;0;2;8;26;1;
202300037516;155614056;B01;1;33;0;9;4;2;1;
202300037516;155614058;A01;1;34;0;2;1;2;1;
202300037517;155614057;A01;1;7;0;1;1;19;1;
202300037518;155614055;A01;0;7;0;0;3;0;1;
202300037519;155614050;B01;2;7;0;2;3;2;1;
202300037519;155614054;A01;1;7;0;2;1;1;1;
202300037520;155614051;A01;1;80;0;1;1;1;3;
202300037521;155614049;B01;3;7;12;2;5;2;1;
202300037521;155614052;C01;3;7;12;2;4;2;1;
202300037521;155614053;A01;3;7;12;2;2;2;1;
202300037522;155614048;A01;1;50;0;0;0;0;3;
202300037523;155614047;A01;3;7;0;1;2;0;0;
202300037524;155614044;B01;1;33;0;2;6;1;1;
202300037524;155614045;A01;1;14;0;2;2;12;1;
202300037525;155614046;A01;1;38;0;1;1;1;0;1.0
202300037526;155614041;B01;2;99;14;0;4;2;1;
202300037526;155614043;A01;2;32;14;0;1;2;1;
202300037527;155614040;A01;3;7;0;1;0;1;1;
202300037528;155614039;A01;2;7;0;2;2;16;1;
202300037528;155614042;B01;2;1;0;2;1;1;5;
202300037529;155614037;A01;3;32;0;2;5;2;1;
202300037529;155614038;B01;3;7;0;2;3;2;1;
202300037530;155614036;A01;1;7;0;1;1;9;2;
202300037531;155614033;A01;0;7;1;0;4;24;2;
202300037531;155614034;B01;0;1;0;0;1;0;5;
202300037532;155614029;A01;1;7;1;0;1;1;1;
202300037532;155614032;B01;1;10;1;0;4;26;1;
202300037532;155614035;C01;1;7;0;2;4;26;1;
202300037533;155614027;A01;3;7;0;2;1;2;1;
202300037533;155614030;B01;3;7;0;2;9;2;1;
202300037533;155614031;C01;3;7;0;2;4;2;1;
202300037534;155614026;A01;2;30;8;2;7;1;1;
202300037534;155614028;B01;1;99;0;2;1;1;1;
202300037535;155614023;B01;1;7;0;2;3;1;0;
202300037536;155614022;B01;2;7;0;1;3;2;1;
202300037536;155614024;A01;2;7;0;2;1;2;1;
202300037537;155614021;B01;3;1;0;2;1;21;5;
202300037537;155614025;A01;3;10;0;2;7;1;1;
202300037538;155614020;A01;1;1;1;0;0;0;5;
202300037539;155614016;A01;1;7;0;1;1;1;1;
202300037540;155614018;A01;1;30;14;0;0;26;1;
202300037541;155614017;A01;1;7;0;2;2;15;1;
202300037541;155614019;B01;2;31;0;2;1;1;1;
202300037542;155614014;A01;1;7;4;0;2;1;1;
202300037543;155614012;A01;2;7;0;2;3;15;1;
202300037543;155614015;B01;1;1;0;2;8;1;5;
202300037544;155614013;A01;2;7;14;1;0;1;1;
202300037545;155614008;B01;2;10;0;2;6;2;1;
202300037545;155614010;A01;2;30;0;2;2;17;3;
202300037546;155614009;A01;2;0;0;0;0;0;0;
202300037547;155614006;A01;3;80;0;1;7;1;3;
202300037548;155614007;A01;2;7;0;2;3;9;1;
202300037548;155614011;B01;1;7;8;2;2;2;1;
202300037549;155614004;A01;3;7;8;0;2;2;1;
202300037550;155614003;A01;2;2;0;2;1;5;3;
202300037550;155614005;B01;2;7;0;2;2;1;1;
202300037551;155614000;A01;3;7;0;2;1;1;1;
202300037551;155614002;B01;3;7;0;2;4;23;1;
202300037552;155613999;A01;1;7;8;2;1;17;1;
202300037552;155614001;B01;1;7;0;2;8;15;1;
202300037553;155613995;A01;2;7;0;0;9;1;0;
202300037554;155613994;A01;1;7;0;2;3;15;1;
202300037554;155613997;B01;1;2;0;2;1;1;1;
202300037555;155613992;B01;0;7;0;2;3;16;1;
202300037555;155613996;A01;1;34;0;2;1;1;1;
202300037555;155613998;C01;2;7;0;2;3;1;1;
202300037556;155613989;B01;2;32;0;0;7;9;1;
202300037556;155613991;A01;1;7;0;2;1;9;1;
202300037557;155613990;A01;0;2;0;1;1;1;1;
202300037558;155613986;A01;1;10;0;2;4;26;0;
202300037558;155613988;B01;1;3;0;2;1;0;0;
202300037559;155613985;B01;2;7;0;0;4;2;1;
202300037559;155613987;A01;2;7;0;2;1;2;1;
202300037560;155613982;A01;2;7;0;2;1;1;1;
202300037560;155613983;B01;2;7;0;2;4;23;1;
202300037560;155613984;C01;2;7;0;2;4;23;1;
202300037561;155613978;B01;1;33;0;2;2;1;1;
202300037561;155613980;A01;1;7;0;2;8;19;1;
202300037562;155613977;A01;2;7;0;1;1;1;1;
202300037563;155613975;B01;3;7;0;2;1;1;0;
202300037563;155613976;A01;3;32;0;2;1;13;1;
202300037564;155613973;A01;3;37;0;0;0;1;1;5.0
202300037565;155613974;A01;1;7;0;1;1;1;1;
202300037566;155613971;A01;3;37;0;0;0;1;1;1.0
202300037567;155613969;A01;1;7;0;2;4;17;1;
202300037567;155613970;B01;1;7;0;2;1;1;1;
202300037568;155613964;B01;1;7;0;2;1;17;1;
202300037568;155613966;C01;1;15;0;2;6;1;1;
202300037568;155613967;A01;2;7;0;2;1;5;1;
202300037569;155613963;B01;1;7;0;2;4;23;1;
202300037569;155613965;A01;1;2;0;2;1;1;1;
202300037570;155613960;A01;1;10;0;9;3;13;1;
202300037570;155613962;B01;2;1;0;2;1;13;5;
202300037571;155613956;A01;1;7;13;0;1;1;1;
202300037572;155613957;A01;3;7;0;2;1;2;1;
202300037572;155613959;B01;1;10;0;2;4;2;1;
202300037573;155613955;C01;1;7;0;2;4;1;1;
202300037573;155613958;B01;1;7;0;2;4;1;1;
202300037573;155613961;A01;1;7;0;2;1;1;1;
202300037574;155613953;A01;1;7;0;2;3;15;0;
202300037574;155613954;B01;1;33;0;2;1;17;0;
202300037575;155613950;A01;2;33;0;0;7;17;1;
202300037576;155613949;B01;1;33;0;2;1;1;1;
202300037576;155613951;A01;2;7;0;2;1;15;1;
202300037577;155613952;A01;1;7;6;1;4;20;1;
202300037578;155613947;B01;1;7;0;2;1;1;1;
202300037578;155613948;A01;1;7;8;2;2;1;1;
202300037579;155613946;A01;2;7;6;0;9;1;1;
202300037580;155613943;A01;2;7;8;0;2;1;1;
202300037581;155613944;A01;1;7;0;2;1;1;1;
202300037581;155613945;B01;1;7;0;2;4;23;1;
202300037582;155613940;A01;1;31;0;2;0;0;1;
202300037582;155613942;B01;3;30;0;2;1;5;1;
202300037583;155613938;A01;1;10;0;2;7;2;1;
202300037583;155613941;B01;1;1;0;2;4;1;5;
202300037584;155613937;A01;2;7;0;2;2;1;3;
202300037584;155613939;B01;3;50;0;2;8;19;3;
202300037585;155613933;B01;1;10;0;0;1;1;1;
202300037585;155613935;A01;1;15;0;0;2;9;1;
202300037586;155613932;A01;0;10;0;1;2;1;1;
202300037587;155613930;A01;2;10;0;2;3;11;1;
202300037587;155613934;B01;2;33;0;2;1;1;1;
202300037588;155613931;B01;3;50;0;2;8;26;3;
202300037588;155613936;A01;1;7;0;2;1;1;1;
202300037589;155613927;A01;2;2;0;0;1;1;1;
202300037589;155613929;B01;1;10;0;0;3;15;1;
202300037590;155613926;A01;3;1;0;2;1;19;5;
202300037590;155613928;B01;2;7;0;2;3;1;1;
202300037591;155613923;A01;1;7;0;1;2;1;1;
202300037592;155613924;B01;2;7;0;2;1;15;1;
202300037592;155613925;A01;1;33;0;2;8;1;1;
202300037593;155613921;A01;1;7;13;0;2;14;1;
202300037594;155613920;A01;2;7;0;2;3;19;1;
202300037594;155613922;B01;1;7;0;2;2;1;1;
202300037595;155613918;B01;3;30;0;2;0;0;0;
202300037595;155613919;A01;3;7;0;5;4;0;6;
202300037596;155613916;A01;2;7;2;0;1;1;1;
202300037597;155613915;B01;0;10;0;0;0;0;0;
202300037597;155613917;A01;1;7;0;2;8;1;1;
202300037598;155613913;A01;2;7;13;0;3;1;1;
202300037599;155613912;B01;3;10;0;2;7;1;0;
202300037599;155613914;A01;3;7;0;2;1;1;1;
202300037600;155613911;A01;1;7;0;1;2;1;1;
202300037601;155613909;A01;0;0;0;0;0;0;0;
202300037601;155613910;B01;3;1;0;0;0;0;5;
202300037602;155613908;A01;2;7;2;0;3;14;1;
202300037603;155613905;A01;3;7;0;2;7;19;1;
202300037603;155613906;B01;3;33;0;2;1;1;1;
202300037604;155613907;A01;1;7;0;1;2;1;1;
202300037605;155613903;A01;0;7;0;2;3;10;1;
202300037605;155613904;B01;0;33;0;2;1;1;1;
202300037606;155613900;B01;2;7;0;2;3;19;1;
202300037606;155613902;A01;1;31;0;2;2;21;1;
202300037607;155613896;A01;1;7;0;2;1;15;1;
202300037607;155613898;B01;2;1;0;2;1;1;5;
202300037608;155613897;A01;1;7;0;2;5;17;1;
202300037608;155613899;B01;1;2;0;2;8;13;1;
202300037609;155613895;A01;2;7;0;2;2;19;1;
202300037609;155613901;B01;2;1;0;2;8;1;5;
202300037610;155613894;A01;3;7;0;1;3;1;1;
202300037611;155613893;A01;1;7;0;1;8;1;1;
202300037612;155613889;B01;1;7;0;2;5;2;1;
202300037612;155613890;A01;1;2;0;2;1;1;1;
202300037613;155613888;A01;2;7;0;9;1;15;1;
202300037613;155613892;B01;3;60;0;0;0;0;5;
202300037614;155613887;A01;1;7;0;2;2;15;1;
202300037614;155613891;B01;2;10;0;2;3;1;1;
202300037615;155613884;A01;1;33;13;2;5;17;1;
202300037615;155613886;B01;1;3;0;2;3;15;1;
202300037616;155613881;A01;2;2;0;2;3;9;1;
202300037616;155613883;B01;1;2;0;2;1;3;1;
202300037616;155613885;C01;1;7;0;2;6;23;1;
202300037617;155613880;A01;2;7;0;2;1;2;1;
202300037617;155613882;B01;2;7;0;0;4;1;1;
202300037618;155613879;A01;3;33;8;0;1;17;1;
202300037619;155613877;A01;1;7;0;2;1;15;1;
202300037619;155613878;B01;2;7;0;2;1;1;1;
202300037620;155613874;A01;0;2;0;2;7;5;1;
202300037620;155613876;B01;0;7;0;2;1;1;1;
202300037621;155613873;A01;2;80;0;2;1;5;3;
202300037621;155613875;B01;1;80;0;2;1;17;3;
202300037622;155613872;A01;2;7;6;0;1;0;1;
202300037623;155613869;A01;1;2;0;2;3;17;1;
202300037623;155613871;B01;1;7;0;2;3;15;1;
202300037624;155613868;B01;2;40;0;2;2;1;3;
202300037624;155613870;A01;1;1;0;4;1;15;5;
202300037625;155613866;A01;1;7;0;2;1;9;1;
202300037625;155613867;B01;2;33;0;2;1;1;1;
202300037626;155613862;B01;2;7;0;0;6;15;1;
202300037626;155613863;A01;2;2;0;2;3;17;1;
202300037627;155613860;A01;1;32;0;2;1;5;1;
202300037627;155613864;B01;1;7;0;2;8;1;1;
202300037628;155613858;B01;3;7;0;2;3;1;0;
202300037628;155613861;A01;3;7;0;2;2;0;0;
202300037629;155613857;B01;2;7;0;2;1;1;1;
202300037629;155613859;A01;1;7;0;2;3;15;1;
202300037630;155613856;Z01;2;7;0;1;1;1;0;
202300037631;155613855;B01;2;1;0;1;3;1;5;
202300037632;155613854;A01;3;2;12;0;2;1;1;
202300037633;155613853;A01;2;7;0;1;1;1;1;
202300037634;155613852;A01;2;33;0;0;7;12;1;
202300037635;155613850;A01;1;13;1;0;1;1;1;
202300037635;155613851;B01;1;7;1;0;6;23;1;
202300037636;155613847;A01;0;2;0;2;1;1;1;
202300037636;155613849;B01;0;7;0;2;3;1;1;
202300037637;155613846;A01;1;50;0;2;1;1;3;
202300037637;155613848;Z01;2;7;0;9;2;15;0;
202300037638;155613842;A01;2;10;0;2;1;2;1;
202300037638;155613844;B01;2;50;0;0;8;15;3;
202300037639;155613843;A01;2;7;0;2;3;15;1;
202300037639;155613845;B01;1;7;0;2;3;1;1;
202300037640;155613838;A01;2;7;15;0;1;1;1;
202300037641;155613837;B01;1;7;0;2;2;21;1;
202300037641;155613840;A01;2;2;0;2;8;19;1;
202300037642;155613836;B01;1;7;0;2;1;2;1;
202300037642;155613839;A01;1;7;0;2;4;2;1;