Num_Acc;id_vehicule;num_veh;senc;catv;obs;obsm;choc;manv;motor;occutc
202300037642;155613841;C01;1;7;0;2;1;2;1;
202300037643;155613832;A01;2;7;0;0;0;15;1;
202300037644;155613833;B01;3;7;0;2;4;23;1;
202300037644;155613835;A01;3;7;0;2;1;2;1;
202300037645;155613827;A01;2;7;0;2;1;26;1;
202300037645;155613830;B01;2;1;0;2;2;19;5;
202300037646;155613829;A01;3;7;0;0;4;23;1;
202300037646;155613831;B01;3;7;1;0;4;2;1;
202300037646;155613834;C01;3;10;1;0;1;2;1;
202300037647;155613826;A01;3;7;0;9;3;9;1;
202300037647;155613828;B01;3;1;0;2;7;1;5;
202300037648;155613824;B01;3;7;0;2;8;1;1;
202300037648;155613825;A01;3;30;0;2;7;14;1;
202300037649;155613823;A01;1;7;2;0;2;1;1;
202300037650;155613821;A01;1;7;0;1;3;1;1;
202300037651;155613818;B01;1;1;0;2;0;1;5;
202300037651;155613822;A01;2;13;0;9;1;1;1;
202300037652;155613816;B01;0;7;0;0;6;20;0;
202300037652;155613819;C01;0;7;0;2;8;1;0;
202300037652;155613820;A01;3;7;0;2;3;1;0;
202300037653;155613814;A01;1;7;0;1;4;20;1;
202300037654;155613812;A01;2;7;0;2;7;1;1;
202300037654;155613813;B01;1;7;0;2;1;1;1;
202300037655;155613809;A01;1;7;0;1;1;14;1;
202300037656;155613807;A01;3;33;14;0;1;0;0;
202300037657;155613806;B01;1;7;0;2;4;1;1;
202300037657;155613808;A01;1;10;0;2;1;2;1;
202300037658;155613803;B01;2;2;0;2;1;1;1;
202300037658;155613805;A01;2;10;0;2;4;4;1;
202300037659;155613802;A01;2;7;0;2;1;1;1;
202300037659;155613804;B01;1;7;0;2;1;5;1;
202300037660;155613801;A01;1;7;0;1;1;1;1;
202300037661;155613798;A01;1;7;0;2;4;9;1;
202300037661;155613800;B01;1;1;0;0;4;0;5;
202300037662;155613797;B01;1;10;0;2;3;15;1;
202300037662;155613799;A01;1;7;0;2;1;1;1;
202300037663;155613795;A01;2;7;0;2;1;1;1;
202300037663;155613796;B01;2;7;0;2;8;19;1;
202300037664;155613793;A01;1;7;0;1;1;1;1;
202300037665;155613792;A01;3;10;0;2;1;1;3;
202300037665;155613794;B01;3;33;0;2;2;19;1;
202300037666;155613788;B01;3;33;0;2;1;0;1;
202300037666;155613791;A01;3;7;0;2;1;13;1;
202300037667;155613787;B01;2;7;0;2;6;2;3;
202300037667;155613790;A01;1;7;0;2;1;14;1;
202300037668;155613789;A01;1;7;0;1;1;1;1;
202300037669;155613786;A01;3;7;2;0;1;20;1;
202300037670;155613784;A01;1;31;0;0;6;1;1;
202300037671;155613783;B01;3;33;0;2;3;18;1;
202300037671;155613785;A01;3;7;0;2;2;1;1;
202300037672;155613779;A01;2;7;0;2;1;26;1;
202300037672;155613781;B01;2;10;0;2;1;26;1;
202300037673;155613780;A01;1;7;0;1;1;1;1;
202300037674;155613778;A01;3;7;0;2;5;15;1;
202300037674;155613782;B01;3;7;0;2;1;2;1;
202300037675;155613776;A01;3;7;1;0;2;14;1;
202300037676;155613774;A01;1;7;0;2;1;15;1;
202300037676;155613777;B01;2;50;0;2;1;1;3;
202300037677;155613772;A01;1;7;0;1;1;2;1;
202300037678;155613771;A01;2;1;0;2;0;1;5;
202300037678;155613773;Z01;2;10;0;2;5;22;0;
202300037679;155613770;A01;1;7;0;1;1;9;6;
202300037680;155613769;A01;3;50;0;0;0;1;3;
202300037681;155613768;A01;1;7;0;1;2;15;1;
202300037682;155613767;A01;1;7;2;0;3;1;1;
202300037683;155613765;B01;2;7;0;2;4;1;1;
202300037683;155613766;A01;2;7;0;2;1;1;1;
202300037684;155613763;A01;3;7;0;1;1;1;1;
202300037685;155613762;B01;1;7;0;2;3;15;1;
202300037685;155613764;A01;2;32;0;2;6;1;1;
202300037686;155613759;B01;2;7;0;2;4;1;0;
202300037686;155613761;A01;1;7;0;2;1;1;0;
202300037687;155613757;B01;1;7;0;2;4;2;1;
202300037687;155613760;A01;1;7;0;2;1;2;1;
202300037688;155613756;A01;2;50;0;2;4;1;3;
202300037688;155613758;Z01;2;50;0;2;1;1;3;
202300037689;155613752;B01;3;7;0;2;4;1;1;
202300037689;155613755;A01;3;7;0;2;1;1;1;
202300037690;155613749;A01;1;7;0;2;1;2;2;
202300037690;155613751;B01;1;7;0;2;4;2;0;
202300037691;155613747;A01;3;2;8;0;3;1;1;
202300037692;155613745;A01;1;7;12;0;1;1;3;
202300037693;155613743;B01;2;1;0;2;1;1;5;
202300037693;155613744;C01;2;1;0;2;1;1;5;
202300037693;155613746;A01;1;7;0;2;1;13;1;
202300037694;155613740;B01;1;37;0;2;3;1;1;1.0
202300037694;155613742;A01;2;34;0;2;1;5;1;
202300037695;155613739;B01;1;1;0;2;3;1;5;
202300037695;155613741;A01;1;7;0;2;5;20;1;
202300037696;155613736;A01;1;7;0;2;4;23;1;
202300037696;155613738;B01;1;1;0;2;1;2;5;
202300037697;155613735;A01;1;10;0;1;2;1;1;
202300037698;155613734;A01;3;10;0;2;2;0;0;
202300037698;155613737;B01;3;7;1;0;3;0;0;
202300037699;155613731;A01;3;50;0;2;1;5;3;
202300037699;155613733;B01;1;7;0;2;3;26;1;
202300037700;155613730;B01;3;7;1;2;1;1;1;
202300037700;155613732;A01;3;3;1;2;4;15;3;
202300037701;155613728;B01;3;7;0;0;1;15;1;
202300037701;155613729;A01;3;7;0;0;1;1;1;
202300037702;155613725;B01;0;1;0;2;1;1;5;
202300037702;155613727;A01;0;7;0;2;1;15;1;
202300037703;155613724;A01;1;7;0;2;1;12;1;
202300037703;155613726;B01;1;31;0;2;6;3;1;
202300037704;155613723;A01;3;33;0;1;3;13;1;
202300037705;155613720;A01;2;7;1;0;8;14;1;
202300037706;155613721;A01;2;32;0;2;1;3;1;
202300037706;155613722;B01;2;7;0;2;5;12;1;
202300037707;155613718;A01;1;7;0;2;3;10;1;
202300037707;155613719;B01;2;7;0;2;2;15;1;
202300037708;155613717;A01;3;7;2;2;1;26;1;
202300037709;155613716;A01;2;7;4;0;3;13;1;
202300037710;155613714;B01;1;7;0;2;1;1;1;
202300037710;155613715;A01;2;21;0;2;2;6;1;
202300037711;155613712;A01;2;7;0;1;1;1;1;
202300037712;155613710;B01;1;7;0;2;8;1;1;
202300037712;155613711;C01;1;7;0;2;1;1;3;
202300037712;155613713;A01;1;17;0;2;2;12;1;
202300037713;155613709;A01;2;33;7;0;1;1;3;
202300037714;155613707;A01;3;10;0;2;1;1;1;
202300037714;155613708;B01;3;10;0;2;4;23;1;
202300037715;155613704;A01;1;33;0;2;1;1;1;
202300037715;155613706;B01;1;7;0;2;0;1;1;
202300037716;155613703;A01;2;7;0;0;3;7;2;
202300037716;155613705;B01;2;30;0;0;5;9;1;
202300037717;155613701;B01;1;7;0;0;4;2;1;
202300037717;155613702;A01;1;32;0;2;1;2;1;
202300037718;155613697;A01;1;7;6;0;1;13;1;
202300037719;155613696;A01;1;99;0;2;8;10;1;
202300037719;155613699;B01;1;7;0;2;1;2;1;
202300037720;155613695;A01;1;33;0;2;8;3;1;
202300037720;155613698;B01;1;17;0;2;8;1;1;
202300037720;155613700;Z01;1;7;0;2;7;12;0;
202300037721;155613693;A01;2;50;0;0;0;25;3;
202300037722;155613692;B01;1;7;0;2;4;24;1;
202300037722;155613694;A01;1;7;0;2;1;21;1;
202300037723;155613687;B01;2;7;0;2;2;16;1;
202300037723;155613689;A01;2;43;0;2;3;18;1;
202300037724;155613686;A01;2;7;0;2;6;11;1;
202300037724;155613690;B01;2;31;0;2;2;1;1;
202300037724;155613691;C01;2;10;0;2;4;1;1;
202300037725;155613685;A01;2;34;0;0;0;0;1;
202300037725;155613688;B01;1;7;0;2;3;15;1;
202300037726;155613681;A01;1;7;0;2;1;17;1;
202300037726;155613682;B01;2;1;0;2;0;0;5;
202300037727;155613680;A01;2;33;0;2;3;3;1;
202300037727;155613684;B01;2;10;0;2;8;12;0;
202300037728;155613679;A01;1;33;0;2;1;1;1;
202300037728;155613683;B01;2;7;0;2;8;19;2;
202300037729;155613676;A01;1;7;0;2;3;13;1;
202300037729;155613678;B01;2;7;0;2;3;1;1;
202300037730;155613674;A01;1;7;0;1;2;1;1;
202300037731;155613669;B01;1;43;0;2;7;16;1;
202300037731;155613671;A01;1;30;0;2;1;1;1;
202300037732;155613670;A01;2;7;0;2;3;17;2;
202300037732;155613672;B01;1;7;0;2;6;2;2;
202300037732;155613673;C01;1;7;0;2;8;2;1;
202300037732;155613675;D01;1;2;0;2;1;2;3;
202300037732;155613677;E01;1;7;0;2;1;2;1;
202300037733;155613667;A01;2;33;0;2;0;1;1;
202300037733;155613668;B01;1;7;0;2;3;1;1;
202300037734;155613666;A01;1;2;10;0;1;13;1;
202300037735;155613664;A01;1;2;0;2;3;9;1;
202300037735;155613665;B01;1;34;0;2;2;1;1;
202300037736;155613662;A01;2;7;6;0;1;14;1;
202300037737;155613661;B01;1;33;13;0;2;21;1;
202300037737;155613663;A01;2;7;0;0;0;17;1;
202300037738;155613659;A01;3;1;0;1;1;1;5;
202300037739;155613660;A01;1;32;0;1;1;1;1;
202300037740;155613658;A01;2;7;0;1;2;16;1;
202300037741;155613656;A01;2;7;0;0;2;1;1;
202300037742;155613657;A01;1;7;9;0;1;19;1;
202300037743;155613655;A01;3;7;0;1;1;1;2;
202300037744;155613653;A01;1;7;17;0;3;13;1;
202300037745;155613650;A01;1;10;0;2;1;1;1;
202300037745;155613654;B01;2;33;0;2;1;1;1;
202300037746;155613651;A01;2;14;0;2;7;16;1;
202300037746;155613652;B01;2;1;0;2;1;1;5;
202300037747;155613648;A01;3;30;0;2;3;1;1;
202300037747;155613649;B01;3;21;0;2;6;1;1;
202300037748;155613647;A01;1;2;0;0;0;1;1;
202300037749;155613643;B01;3;33;0;2;1;1;1;
202300037749;155613646;A01;3;7;0;2;2;16;1;
202300037750;155613642;A01;1;7;0;2;1;2;1;
202300037750;155613644;B01;1;7;0;0;0;2;1;
202300037751;155613641;B01;2;7;0;2;1;1;1;
202300037751;155613645;A01;1;7;0;2;1;13;1;
202300037752;155613636;A01;2;10;0;2;3;13;1;
202300037752;155613637;B01;1;7;0;2;3;1;1;
202300037753;155613639;A01;1;7;0;2;5;15;1;
202300037753;155613640;B01;1;33;0;2;1;1;1;
202300037754;155613635;B01;1;10;7;2;1;1;1;
202300037754;155613638;A01;1;10;7;0;4;23;1;
202300037755;155613633;A01;1;33;0;2;1;17;1;
202300037755;155613634;B01;1;37;0;2;1;1;1;1.0
202300037756;155613630;B01;3;10;0;2;1;1;1;
202300037756;155613632;A01;3;10;0;2;7;15;1;
202300037757;155613629;A01;2;7;0;2;1;2;1;
202300037757;155613631;B01;2;7;0;0;4;2;1;
202300037758;155613626;A01;1;7;12;0;1;1;1;
202300037759;155613627;A01;1;43;0;2;1;18;1;
202300037759;155613628;B01;2;1;0;2;3;5;5;
202300037760;155613623;A01;2;7;0;2;3;1;1;
202300037760;155613625;B01;1;1;0;2;8;19;5;
202300037761;155613620;A01;3;7;0;2;6;11;2;
202300037761;155613622;B01;3;33;0;2;2;3;1;
202300037762;155613619;A01;2;7;0;0;9;12;1;
202300037763;155613618;A01;2;7;0;1;2;26;1;
202300037764;155613616;A01;2;7;3;2;1;2;1;
202300037765;155613615;A01;1;10;0;2;3;15;1;
202300037765;155613617;B01;1;32;0;2;2;1;1;
202300037766;155613613;B01;2;7;0;2;1;2;0;
202300037766;155613614;A01;1;7;0;2;1;13;0;
202300037767;155613612;A01;1;10;2;0;1;13;1;
202300037768;155613611;A01;2;7;0;1;1;15;2;
202300037769;155613608;A01;1;7;0;2;1;1;1;
202300037769;155613609;B01;2;7;0;2;1;1;1;
202300037770;155613607;B01;1;7;0;2;1;1;1;
202300037770;155613610;A01;2;7;4;2;1;17;1;
202300037771;155613604;A01;0;2;0;0;0;0;1;
202300037772;155613605;A01;2;7;0;2;5;1;4;
202300037772;155613606;B01;2;30;0;2;3;23;3;
202300037773;155613602;A01;1;10;0;2;2;14;1;
202300037773;155613603;B01;1;34;0;2;6;1;1;
202300037774;155613599;A01;3;7;0;2;8;22;1;
202300037774;155613601;B01;3;1;0;2;7;1;5;
202300037775;155613597;B01;2;7;0;2;6;15;1;
202300037775;155613598;A01;2;10;0;2;3;17;1;
202300037776;155613596;B01;0;33;0;2;1;26;1;
202300037776;155613600;A01;0;7;0;2;2;9;2;
202300037777;155613593;A01;1;7;0;1;3;1;1;
202300037778;155613592;A01;1;7;0;2;3;22;1;
202300037778;155613595;B01;1;1;0;2;1;1;5;
202300037779;155613591;B01;2;1;0;2;8;1;5;
202300037779;155613594;A01;1;7;0;2;2;1;1;
202300037780;155613588;A01;1;7;0;2;2;15;1;
202300037780;155613590;B01;2;33;0;2;1;1;1;
202300037781;155613587;B01;0;7;0;2;3;15;1;
202300037781;155613589;A01;0;31;0;2;2;17;1;
202300037782;155613585;B01;2;7;0;2;4;2;1;
202300037782;155613586;A01;2;33;0;2;1;2;1;
202300037783;155613582;A01;2;7;0;2;1;1;1;
202300037783;155613584;B01;2;7;0;0;4;15;1;
202300037784;155613580;A01;1;80;0;2;2;18;3;
202300037784;155613583;B01;1;10;0;2;2;16;1;
202300037785;155613579;A01;2;7;0;2;1;16;1;
202300037785;155613581;B01;3;33;0;2;7;1;1;
202300037786;155613578;A01;2;33;5;0;3;0;0;
202300037787;155613575;A01;1;30;0;2;1;1;1;
202300037787;155613577;B01;2;7;0;2;1;15;1;
202300037788;155613572;A01;3;33;0;2;1;1;1;
202300037788;155613574;C01;3;7;0;2;0;0;0;
202300037788;155613576;B01;3;7;0;2;0;0;1;
202300037789;155613571;A01;0;7;0;0;8;17;0;
202300037789;155613573;B01;0;33;0;2;8;0;0;
202300037790;155613569;A01;3;7;0;2;3;10;1;
202300037790;155613570;B01;3;33;0;2;2;1;1;
202300037791;155613566;A01;2;7;0;2;2;15;1;
202300037791;155613568;Y01;1;50;0;2;1;1;3;
202300037792;155613567;A01;3;7;0;1;1;2;0;
202300037793;155613563;A01;1;7;0;2;2;1;1;
202300037793;155613565;B01;1;7;0;2;3;2;1;
202300037794;155613561;A01;2;7;0;2;0;0;1;
202300037794;155613564;B01;1;7;0;2;0;0;1;
202300037795;155613560;A01;1;7;0;2;1;1;1;
202300037795;155613562;B01;2;33;0;2;3;1;1;
202300037796;155613557;B01;1;32;0;2;3;1;1;
202300037796;155613559;A01;1;7;0;2;7;12;1;
202300037797;155613555;A01;3;7;0;2;2;9;0;
202300037797;155613558;B01;3;33;0;2;1;0;1;
202300037798;155613554;B01;1;33;0;2;1;1;1;
202300037798;155613556;A01;1;7;0;2;3;9;1;
202300037799;155613551;A01;2;33;13;0;1;1;1;
202300037800;155613552;A01;2;7;0;2;1;13;1;
202300037800;155613553;B01;2;7;0;2;6;15;1;
202300037801;155613550;A01;1;7;0;1;2;1;1;
202300037802;155613549;A01;2;7;6;0;2;14;1;
202300037803;155613547;A01;1;37;0;1;7;20;1;1.0
202300037804;155613546;A01;0;50;0;2;1;1;3;
202300037804;155613548;B01;0;7;0;0;8;1;1;
202300037805;155613545;A01;1;7;6;0;1;1;1;
202300037806;155613544;A01;0;7;0;1;3;15;0;
202300037807;155613540;A01;1;7;0;2;3;9;1;
202300037807;155613543;B01;1;50;0;2;0;0;3;
202300037808;155613539;B01;3;7;0;2;3;1;1;
202300037808;155613542;A01;3;2;0;2;1;0;1;
202300037809;155613538;B01;1;50;0;2;5;1;3;
202300037809;155613541;A01;0;7;0;2;1;15;1;
202300037810;155613537;A01;2;7;6;0;1;1;1;
202300037811;155613536;A01;3;2;12;0;1;0;1;
202300037812;155613534;A01;1;7;0;1;1;15;1;
202300037813;155613532;A01;1;7;0;2;1;1;1;
202300037813;155613533;B01;1;7;0;2;0;0;1;
202300037814;155613531;B01;1;7;0;2;3;1;0;
202300037814;155613535;A01;2;7;0;2;2;15;0;
202300037815;155613529;A01;1;50;0;0;1;5;3;
202300037815;155613530;B01;2;7;0;2;2;1;1;
202300037816;155613527;B01;1;7;0;2;4;1;1;
202300037816;155613528;A01;1;7;0;2;1;1;1;
202300037817;155613526;A01;2;7;0;1;1;1;1;
202300037818;155613522;A01;1;7;0;1;0;26;1;
202300037819;155613524;A01;2;34;0;2;2;17;1;
202300037819;155613525;B01;2;7;0;2;3;15;1;
202300037820;155613519;A01;1;10;0;1;1;1;0;
202300037821;155613516;A01;1;7;13;2;3;5;1;
202300037821;155613521;B01;2;7;13;2;3;1;1;
202300037822;155613515;C01;2;7;0;2;4;1;1;
202300037822;155613517;B01;2;7;0;2;7;0;1;
202300037822;155613518;A01;2;7;3;0;1;9;1;
202300037822;155613520;D01;2;10;0;2;1;2;1;
202300037823;155613513;B01;3;30;0;2;1;19;0;
202300037823;155613514;A01;3;7;0;2;3;1;1;
202300037824;155613511;B01;1;40;0;1;7;1;4;
202300037825;155613510;B01;1;7;3;0;4;1;0;
202300037825;155613512;A01;1;33;0;2;1;14;0;
202300037826;155613508;A01;3;7;2;0;1;15;1;
202300037827;155613505;A01;1;7;0;2;8;16;1;
202300037827;155613507;B01;1;80;0;0;7;1;3;
202300037828;155613506;B01;2;7;0;2;2;0;1;
202300037828;155613509;A01;2;7;0;2;3;1;1;
202300037829;155613504;A01;1;7;13;0;2;14;1;
202300037830;155613502;A01;1;33;15;0;0;0;1;
202300037831;155613501;A01;2;7;0;2;6;23;1;
202300037831;155613503;B01;2;1;0;2;1;1;5;
202300037832;155613500;A01;2;30;0;0;7;1;1;
202300037833;155613497;A01;3;7;0;2;1;1;0;
202300037833;155613499;B01;3;1;0;2;8;16;5;
202300037834;155613496;A01;2;7;0;1;1;1;1;
202300037835;155613495;B01;3;7;0;2;3;2;1;
202300037835;155613498;A01;3;30;0;2;2;1;1;
202300037836;155613494;A01;1;7;13;0;3;13;1;
202300037837;155613492;A01;1;30;0;1;1;1;1;
202300037838;155613491;A01;3;10;0;2;4;4;3;
202300037838;155613493;B01;2;1;0;2;1;23;5;
202300037839;155613490;A01;1;33;0;0;8;2;1;
202300037840;155613488;A01;1;7;3;0;1;0;1;
202300037841;155613487;A01;2;33;0;0;0;17;1;
202300037842;155613486;Z01;0;7;0;2;1;0;0;
202300037842;155613489;A01;3;50;0;2;1;19;3;
202300037843;155613485;A01;1;7;1;0;3;1;1;
202300037844;155613483;A01;1;7;14;0;0;0;1;
202300037845;155613482;A01;2;33;0;2;1;1;1;
202300037845;155613484;B01;0;7;0;2;3;9;1;
202300037846;155613480;A01;1;33;0;2;1;2;1;
202300037846;155613481;B01;1;7;0;2;4;15;1;
202300037847;155613479;A01;3;7;0;1;1;1;1;
202300037848;155613478;A01;0;32;0;0;0;23;1;
202300037849;155613476;B01;2;7;0;2;3;1;1;
202300037849;155613477;A01;1;50;0;2;1;25;3;
202300037850;155613474;B01;0;7;0;1;3;1;0;
202300037851;155613473;A01;2;7;0;2;3;5;1;
202300037851;155613475;B01;1;31;0;2;0;1;1;
202300037852;155613470;A01;1;10;15;0;1;0;1;
202300037853;155613467;A01;3;7;0;2;7;1;1;
202300037853;155613469;B01;3;1;0;2;8;1;5;
202300037854;155613468;A01;1;33;0;0;3;1;1;
202300037855;155613466;B01;1;7;0;2;3;1;1;
202300037855;155613471;A01;1;7;0;2;1;1;1;
202300037856;155613464;B01;2;1;0;2;1;1;5;
202300037856;155613465;Z01;1;2;0;2;1;13;1;
202300037857;155613463;A01;2;43;11;0;0;1;1;
202300037858;155613460;B01;2;2;0;2;1;2;1;
202300037858;155613461;A01;1;7;0;2;2;15;1;
202300037859;155613457;A01;2;7;0;2;1;13;1;
202300037859;155613459;B01;1;7;0;2;3;1;1;
202300037860;155613455;B01;1;33;0;2;1;21;1;
202300037860;155613456;A01;2;7;0;2;8;10;1;
202300037861;155613452;A01;2;7;0;2;2;1;1;
202300037861;155613454;B01;2;80;0;2;4;1;3;
202300037862;155613453;A01;1;33;13;0;6;1;1;
202300037863;155613450;B01;1;7;0;2;0;0;0;
202300037863;155613451;A01;1;33;1;0;1;0;0;
202300037864;155613448;A01;2;33;16;0;2;1;1;
202300037865;155613445;B01;1;7;0;2;3;1;1;
202300037865;155613447;A01;1;7;0;2;1;9;1;
202300037866;155613446;B01;1;7;0;2;1;5;1;
202300037866;155613449;A01;2;10;0;2;1;1;1;
202300037867;155613444;A01;1;7;6;0;3;0;1;
202300037868;155613441;A01;3;36;2;0;1;0;1;
202300037869;155613440;A01;2;7;0;2;0;0;0;
202300037869;155613442;B01;2;7;13;0;0;1;1;
202300037870;155613439;A01;3;32;0;2;1;1;1;
202300037870;155613443;B01;3;30;0;2;2;1;1;
202300037871;155613436;A01;1;34;0;1;1;17;1;
202300037872;155613434;B01;1;17;0;2;2;1;1;
202300037872;155613438;A01;3;10;0;2;3;19;1;
202300037873;155613433;C01;1;17;0;2;1;0;1;
202300037873;155613435;B01;1;10;0;2;1;0;1;
202300037873;155613437;A01;1;17;3;2;1;19;1;
202300037874;155613432;A01;3;7;0;1;1;1;1;
202300037875;155613431;A01;1;33;0;0;7;1;1;
202300037876;155613428;B01;1;7;0;2;4;2;2;
202300037876;155613429;A01;1;10;0;2;1;2;1;
202300037877;155613427;A01;1;7;0;0;5;2;1;
202300037877;155613430;B01;1;7;0;2;3;2;1;
202300037878;155613424;A01;2;7;8;0;1;13;2;
202300037879;155613423;A01;1;7;0;0;2;1;1;
202300037879;155613425;B01;1;1;0;0;1;1;5;
202300037880;155613418;B01;2;33;0;2;3;1;1;
202300037880;155613422;A01;1;7;0;2;3;17;1;
202300037881;155613419;B01;2;7;0;2;4;23;1;
202300037881;155613421;A01;2;30;0;2;1;2;1;
202300037882;155613417;A01;1;2;0;0;1;13;1;
202300037882;155613420;B01;2;10;0;0;1;1;1;
202300037883;155613414;A01;1;13;0;1;2;19;1;
202300037884;155613412;A01;2;7;0;2;8;19;1;
202300037884;155613415;B01;1;7;0;2;1;2;1;
202300037885;155613411;B01;3;34;0;2;7;1;1;
202300037885;155613413;C01;3;43;0;2;7;1;1;
202300037885;155613416;A01;3;10;0;2;1;1;1;
202300037886;155613408;A01;1;7;0;2;3;1;1;
202300037886;155613410;B01;2;7;0;2;3;13;1;
202300037887;155613406;B01;3;7;0;2;8;1;1;
202300037887;155613409;A01;3;7;0;2;1;1;1;
202300037888;155613405;A01;3;7;0;2;1;1;1;
202300037888;155613407;B01;3;7;0;2;8;1;2;
202300037889;155613403;B01;2;15;0;0;0;23;1;
202300037889;155613404;A01;1;32;14;0;1;1;3;
202300037890;155613400;B01;2;7;0;2;3;1;1;
202300037890;155613402;A01;1;7;0;2;3;13;1;
202300037891;155613397;A01;1;7;0;2;3;15;1;
202300037891;155613401;B01;2;43;0;2;8;1;1;
202300037892;155613396;A01;1;7;0;2;1;15;0;
202300037892;155613398;B01;2;7;0;2;3;1;0;
202300037892;155613399;C01;3;10;0;2;8;23;1;
202300037893;155613395;A01;0;10;0;1;3;19;1;
202300037894;155613394;A01;1;7;6;0;1;21;1;
202300037895;155613392;A01;1;7;0;0;3;1;1;
202300037895;155613393;B01;1;7;0;2;3;1;1;
202300037896;155613390;A01;1;7;0;2;2;12;1;
202300037896;155613391;B01;1;7;0;2;3;1;1;
202300037897;155613388;A01;3;0;0;1;1;0;0;
202300037898;155613387;A01;0;2;0;2;1;5;1;
202300037898;155613389;B01;0;7;0;2;3;1;1;
202300037899;155613386;A01;3;7;0;1;4;4;0;
202300037900;155613384;A01;1;32;8;0;2;0;1;
202300037901;155613383;A01;2;32;14;0;1;6;1;
202300037902;155613381;B01;2;7;0;2;5;12;1;
202300037902;155613382;A01;2;32;0;2;5;7;1;
202300037903;155613380;B01;1;7;0;2;7;19;1;
202300037903;155613385;A01;2;7;0;2;1;1;1;
202300037904;155613378;A01;2;38;13;0;7;14;6;3.0
202300037905;155613373;A01;2;33;0;2;1;2;1;
202300037905;155613376;B01;2;33;0;2;4;2;1;
202300037906;155613374;A01;1;7;2;0;3;2;1;
202300037907;155613375;A01;2;13;0;2;2;1;1;
202300037907;155613377;B01;2;7;0;2;8;11;1;
202300037908;155613369;B01;1;7;0;2;6;0;0;
202300037908;155613372;A01;1;7;0;2;3;0;0;
202300037909;155613366;C01;1;7;0;9;2;1;0;
202300037909;155613368;B01;1;7;0;2;1;1;0;
202300037909;155613371;A01;1;7;0;2;1;13;0;
202300037910;155613367;A01;2;33;3;2;1;0;1;
202300037910;155613370;B01;1;7;0;2;3;1;1;
202300037911;155613362;A01;2;33;0;2;1;0;0;
202300037911;155613365;B01;2;10;0;2;6;15;1;
202300037912;155613360;B01;2;7;0;2;1;21;1;
202300037912;155613363;A01;1;7;0;2;1;13;1;
202300037913;155613359;B01;1;7;0;2;4;11;1;
202300037913;155613361;C01;1;7;0;2;6;23;1;
202300037913;155613364;A01;1;34;0;2;1;11;1;
202300037914;155613355;B01;2;7;0;2;3;1;1;
202300037914;155613357;A01;1;7;0;2;3;17;1;
202300037914;155613358;C01;1;15;0;2;7;1;1;
202300037915;155613353;A01;2;7;0;2;5;23;1;
202300037915;155613356;B01;2;7;1;2;3;1;1;
202300037916;155613352;B01;2;7;0;2;3;1;1;
202300037916;155613354;A01;2;7;0;2;2;12;1;
202300037917;155613351;A01;1;7;17;0;1;1;1;
202300037918;155613350;A01;1;7;13;0;1;1;1;
202300037919;155613349;A01;1;7;4;0;3;1;1;
202300037920;155613347;B01;2;7;3;2;1;5;1;
202300037920;155613348;A01;1;10;0;2;1;1;1;
202300037921;155613344;B01;1;1;0;0;7;1;5;
202300037921;155613346;A01;1;7;0;0;1;9;1;
202300037922;155613342;A01;1;7;0;1;2;1;1;
202300037923;155613341;A01;1;7;0;2;1;2;1;
202300037923;155613343;B01;1;7;0;2;4;2;2;
202300037923;155613345;C01;1;7;0;2;4;2;1;
202300037924;155613339;B01;1;1;0;2;4;1;5;
202300037924;155613340;A01;1;7;0;2;1;1;0;
202300037925;155613338;A01;1;7;5;0;1;13;1;
202300037926;155613334;A01;2;7;0;2;1;17;1;
202300037926;155613336;B01;1;15;0;2;1;26;1;
202300037927;155613332;B01;1;7;0;2;4;1;1;
202300037927;155613335;C01;1;7;0;2;4;1;1;
202300037927;155613337;A01;1;10;0;2;1;1;1;
202300037928;155613331;B01;3;7;0;2;4;16;1;
202300037928;155613333;A01;3;10;0;2;1;2;1;
202300037929;155613325;B01;2;7;0;2;7;1;1;
202300037929;155613329;C01;1;7;0;2;2;1;1;
202300037929;155613330;A01;2;10;7;2;1;1;1;
202300037930;155613323;A01;1;7;0;2;3;9;1;
202300037930;155613327;B01;1;31;0;0;5;1;1;
202300037931;155613322;A01;2;50;0;2;1;13;3;
202300037931;155613326;B01;1;1;0;2;1;14;5;
202300037932;155613320;A01;1;7;0;2;4;1;0;
202300037932;155613321;B01;1;7;0;2;1;1;0;
202300037932;155613324;D01;1;7;0;2;1;1;0;
202300037932;155613328;C01;1;7;0;2;1;1;0;
202300037933;155613317;A01;2;7;0;2;2;15;1;
202300037933;155613319;B01;1;7;0;2;2;1;1;
202300037934;155613316;A01;1;7;15;2;1;0;1;
202300037934;155613318;B01;1;7;0;2;4;1;1;
202300037935;155613315;A01;1;1;0;1;1;1;5;
202300037936;155613314;A01;2;30;0;1;8;17;1;
202300037937;155613312;A01;1;10;4;0;2;1;1;
202300037938;155613310;A01;1;7;0;2;1;13;1;
202300037938;155613313;B01;2;7;0;2;1;1;1;
202300037939;155613308;A01;1;7;0;2;1;1;1;
202300037939;155613311;B01;1;7;0;2;3;1;1;
202300037940;155613309;A01;2;31;0;2;1;13;1;
202300037941;155613307;A01;2;17;3;0;0;1;1;
202300037942;155613306;A01;3;33;14;0;1;1;1;
202300037943;155613302;B01;3;1;0;2;0;1;5;