Num_Acc;id_vehicule;num_veh;senc;catv;obs;obsm;choc;manv;motor;occutc
202300037943;155613305;A01;3;1;0;2;0;17;5;
202300037944;155613301;A01;3;7;0;2;1;1;0;
202300037944;155613304;B01;3;7;0;0;4;1;1;
202300037945;155613300;A01;2;33;13;0;7;12;1;
202300037946;155613298;A01;1;50;0;0;0;0;3;
202300037947;155613296;A01;0;7;0;1;4;4;1;
202300037948;155613294;B01;3;7;0;2;3;9;1;
202300037948;155613297;A01;1;7;0;2;2;1;1;
202300037949;155613292;A01;3;10;0;2;3;9;1;
202300037949;155613295;B01;2;10;0;2;2;1;1;
202300037950;155613290;A01;3;38;0;2;3;1;1;1.0
202300037950;155613291;B01;3;38;0;2;8;1;1;4.0
202300037951;155613288;A01;1;30;0;2;1;19;1;
202300037951;155613293;B01;2;10;0;2;7;1;1;
202300037952;155613286;A01;1;2;0;2;1;9;1;
202300037952;155613289;B01;3;1;0;2;1;0;5;
202300037953;155613285;B01;1;1;0;0;6;15;5;
202300037953;155613287;A01;1;7;0;0;2;17;1;
202300037954;155613284;A01;1;7;2;0;0;17;1;
202300037955;155613283;A01;0;1;0;2;0;1;5;
202300037956;155613281;A01;0;7;0;2;1;1;1;
202300037956;155613282;B01;0;7;0;2;4;1;1;
202300037957;155613278;A01;2;2;9;2;0;21;1;
202300037958;155613277;B01;0;33;0;2;1;1;0;
202300037958;155613279;A01;3;7;0;2;3;11;0;
202300037959;155613275;B01;1;10;0;2;3;1;1;
202300037959;155613280;A01;2;7;0;2;2;15;1;
202300037960;155613272;B01;2;7;0;2;3;1;1;
202300037960;155613276;A01;1;30;0;2;1;5;1;
202300037961;155613271;A01;3;50;0;0;0;0;3;
202300037962;155613270;A01;1;7;0;0;2;1;1;
202300037962;155613274;B01;1;1;0;2;4;2;5;
202300037963;155613269;A01;1;33;0;2;8;2;1;
202300037963;155613273;B01;2;7;0;2;1;15;1;
202300037964;155613264;A01;2;7;0;2;2;1;1;
202300037964;155613268;B01;2;1;0;2;1;1;5;
202300037965;155613263;A01;1;7;0;2;7;15;1;
202300037965;155613265;B01;2;7;3;2;2;1;1;
202300037965;155613267;C01;2;7;0;2;3;23;1;
202300037966;155613259;A01;1;7;0;2;3;13;1;
202300037966;155613262;B01;2;7;0;2;3;1;1;
202300037966;155613266;C01;2;7;13;2;8;1;1;
202300037967;155613260;A01;2;7;14;2;1;15;1;
202300037967;155613261;B01;2;7;0;2;4;26;1;
202300037968;155613257;A01;1;7;0;1;3;0;1;
202300037969;155613256;B01;1;7;1;2;2;1;0;
202300037969;155613258;A01;1;7;1;2;6;26;0;
202300037970;155613255;A01;2;7;9;0;1;9;1;
202300037971;155613254;A01;3;34;0;1;3;25;1;
202300037972;155613250;A01;2;7;0;2;3;13;1;
202300037972;155613253;B01;1;7;0;2;3;1;1;
202300037973;155613248;A01;2;7;0;2;1;13;1;
202300037973;155613251;B01;1;7;0;2;1;1;1;
202300037974;155613244;A01;0;3;2;0;3;2;1;
202300037975;155613245;A01;1;7;0;2;4;0;0;
202300037975;155613247;B01;1;7;0;2;1;0;0;
202300037976;155613242;B01;3;7;0;2;7;1;1;
202300037976;155613246;A01;3;30;0;2;1;19;1;
202300037977;155613241;A01;0;10;0;2;1;1;0;
202300037977;155613243;B01;2;7;0;2;4;1;1;
202300037978;155613233;A01;1;10;4;0;2;2;1;
202300037979;155613234;B01;2;7;0;2;1;1;1;
202300037979;155613237;A01;1;7;0;2;1;15;1;
202300037980;155613230;A01;1;10;0;0;4;23;1;
202300037980;155613232;B01;1;7;1;1;5;21;1;
202300037980;155613235;E01;1;10;0;2;4;23;1;
202300037980;155613238;F01;1;7;1;0;1;21;1;
202300037980;155613240;C01;1;7;0;0;0;26;1;
202300037981;155613228;A01;1;7;0;2;1;15;0;
202300037981;155613231;B01;2;33;0;2;8;2;1;
202300037982;155613227;A01;1;7;0;2;1;15;1;
202300037982;155613229;B01;2;32;0;2;7;1;1;
202300037983;155613225;A01;1;7;0;2;1;1;1;
202300037983;155613226;B01;2;7;0;2;1;1;1;
202300037984;155613224;A01;1;33;13;0;1;2;1;
202300037985;155613217;B01;2;10;0;0;1;1;1;
202300037985;155613222;A01;1;10;13;0;1;13;1;
202300037986;155613220;B01;1;33;0;0;0;0;0;
202300037986;155613223;A01;1;10;0;2;1;16;0;
202300037987;155613216;A01;1;13;0;2;3;13;1;
202300037987;155613219;B01;2;10;3;2;3;1;1;
202300037988;155613215;A01;1;33;0;2;1;2;1;
202300037988;155613218;B01;1;33;0;0;4;1;1;
202300037988;155613221;C01;1;10;0;0;4;23;1;
202300037989;155613211;A01;1;7;0;2;1;13;1;
202300037989;155613214;B01;2;14;0;2;1;1;1;
202300037990;155613209;A01;3;7;0;9;3;9;1;
202300037990;155613213;B01;3;80;0;2;1;1;3;
202300037991;155613207;A01;0;7;0;2;6;15;1;
202300037991;155613210;B01;0;33;0;2;2;0;1;
202300037992;155613208;A01;1;7;0;4;3;1;2;
202300037992;155613212;B01;3;39;0;2;2;1;3;
202300037993;155613204;A01;0;7;0;2;1;1;0;
202300037993;155613206;B01;0;2;0;2;1;1;1;
202300037994;155613203;A01;2;2;0;0;0;1;1;
202300037995;155613202;B01;1;7;0;2;8;1;2;
202300037995;155613205;A01;2;7;0;2;1;19;1;
202300037996;155613198;A01;1;15;0;2;4;2;1;
202300037996;155613200;B01;1;7;0;2;1;2;1;
202300037997;155613199;A01;2;7;0;2;3;15;0;
202300037997;155613201;B01;1;33;0;2;8;1;0;
202300037998;155613197;A01;2;7;0;1;7;21;0;
202300037999;155613192;A01;1;7;13;2;2;1;1;
202300037999;155613196;B01;1;7;13;2;3;1;1;
202300038000;155613191;B01;2;7;0;2;1;2;1;
202300038000;155613194;A01;2;7;0;2;4;2;1;
202300038001;155613190;B01;0;7;0;0;0;26;1;
202300038001;155613193;A01;0;60;0;2;0;26;5;
202300038002;155613184;A01;1;7;0;2;1;1;1;
202300038002;155613186;B01;2;7;0;2;2;15;1;
202300038003;155613185;A01;2;14;0;2;4;2;1;
202300038003;155613187;B01;2;31;0;2;1;2;1;
202300038004;155613188;A01;2;7;0;2;3;5;1;
202300038004;155613189;B01;1;7;0;2;3;21;1;
202300038004;155613195;C01;1;7;0;2;8;21;2;
202300038005;155613182;A01;2;33;0;2;1;0;1;
202300038005;155613183;B01;2;7;0;2;0;0;1;
202300038006;155613178;A01;1;7;0;2;2;12;1;
202300038006;155613180;B01;1;33;0;2;3;3;1;
202300038007;155613177;B01;0;7;0;2;1;0;1;
202300038007;155613181;A01;0;7;0;2;1;0;0;
202300038008;155613175;B01;3;7;0;2;1;1;1;
202300038008;155613179;A01;3;7;0;2;6;1;1;
202300038009;155613174;A01;1;14;0;2;6;9;1;
202300038009;155613176;B01;1;33;0;2;1;2;1;
202300038010;155613172;A01;1;7;13;0;1;2;1;
202300038011;155613170;A01;0;2;0;0;8;1;1;
202300038012;155613169;A01;2;7;0;2;1;1;1;
202300038012;155613171;B01;2;7;0;2;4;2;1;
202300038012;155613173;C01;2;7;0;2;4;2;1;
202300038013;155613165;A01;2;43;3;0;3;16;1;
202300038014;155613166;A01;2;7;0;1;1;0;1;
202300038015;155613164;A01;1;31;0;2;3;1;1;
202300038015;155613168;B01;1;7;0;2;3;15;1;
202300038016;155613163;B01;1;7;0;2;7;1;1;
202300038016;155613167;A01;1;7;0;2;1;9;1;
202300038017;155613161;A01;1;7;0;0;0;1;1;
202300038018;155613160;A01;1;7;0;2;1;5;1;
202300038018;155613162;B01;2;7;0;2;2;2;1;
202300038019;155613158;A01;1;7;0;1;1;17;1;
202300038020;155613157;B01;1;7;0;2;1;1;1;
202300038020;155613159;A01;2;7;0;2;7;15;1;
202300038021;155613154;B01;2;7;0;2;4;1;1;
202300038021;155613156;A01;2;7;0;2;1;2;0;
202300038022;155613153;A01;2;7;0;2;1;2;1;
202300038022;155613155;B01;2;7;0;2;4;2;1;
202300038023;155613150;A01;1;10;0;2;0;9;1;
202300038023;155613151;B01;1;33;0;2;0;0;1;
202300038024;155613149;B01;1;7;0;2;5;1;1;
202300038024;155613152;A01;1;7;0;2;3;11;1;
202300038025;155613148;A01;2;7;3;0;2;1;1;
202300038026;155613146;B01;2;7;0;2;4;1;1;
202300038026;155613147;A01;2;7;0;2;1;2;1;
202300038027;155613144;A01;2;7;6;0;1;1;1;
202300038028;155613143;B01;2;7;0;2;0;0;1;
202300038028;155613145;A01;2;10;0;2;1;1;1;
202300038029;155613141;A01;1;7;0;2;1;2;1;
202300038029;155613142;B01;1;7;0;2;4;2;1;
202300038030;155613140;A01;1;2;3;0;8;16;1;
202300038031;155613136;A01;1;43;16;0;7;21;1;
202300038032;155613134;A01;1;7;4;2;7;14;1;
202300038032;155613137;B01;1;7;3;2;8;9;1;
202300038033;155613133;A01;3;37;0;1;2;17;1;1.0
202300038033;155613138;B01;3;20;0;2;1;17;1;
202300038034;155613132;A01;1;7;0;2;1;17;1;
202300038034;155613135;B01;1;7;0;2;6;1;1;
202300038034;155613139;C01;2;7;0;2;1;1;1;
202300038035;155613129;A01;1;7;0;2;1;12;1;
202300038035;155613131;B01;1;33;0;2;3;3;1;
202300038036;155613125;A01;2;7;3;0;1;1;1;
202300038036;155613128;B01;2;7;0;2;4;2;1;
202300038036;155613130;C01;2;7;0;2;1;1;1;
202300038037;155613123;B01;1;7;0;2;1;1;1;
202300038037;155613126;A01;2;7;0;2;1;15;1;
202300038038;155613124;B01;1;7;0;2;1;1;0;
202300038038;155613127;A01;2;7;0;2;2;15;0;
202300038039;155613119;Z01;2;7;0;2;1;0;0;
202300038039;155613121;A01;2;7;0;2;5;1;1;
202300038040;155613116;B01;0;30;12;2;0;10;1;
202300038040;155613118;A01;0;7;0;2;0;26;1;
202300038041;155613115;A01;1;3;5;0;2;1;1;
202300038042;155613113;E01;2;15;0;2;8;21;1;
202300038042;155613114;A01;2;10;0;2;1;21;1;
202300038042;155613117;B01;2;7;0;2;4;1;1;
202300038042;155613120;C01;2;15;0;2;5;1;1;
202300038042;155613122;D01;2;10;0;2;9;1;1;
202300038043;155613110;A01;2;33;0;2;1;2;1;
202300038043;155613112;B01;2;7;0;0;6;23;1;
202300038044;155613108;B01;1;7;0;2;3;1;1;
202300038044;155613111;A01;1;7;0;2;5;12;1;
202300038045;155613109;A01;0;7;0;1;1;15;1;
202300038046;155613106;A01;2;7;0;2;3;1;1;
202300038046;155613107;B01;2;7;0;2;7;1;1;
202300038047;155613101;B01;1;7;0;2;4;2;1;
202300038047;155613103;C01;1;7;0;2;4;1;1;
202300038047;155613104;A01;1;7;0;2;1;2;1;
202300038048;155613099;B01;1;7;0;2;3;1;1;
202300038048;155613105;A01;2;7;0;0;3;13;1;
202300038049;155613097;B01;2;7;0;2;1;1;1;
202300038049;155613098;C01;2;7;0;2;8;1;1;
202300038049;155613100;A01;3;33;0;2;4;9;1;
202300038050;155613094;A01;2;33;7;0;1;13;1;
202300038051;155613096;A01;3;1;0;1;1;1;5;
202300038052;155613091;A01;1;7;0;2;1;1;1;
202300038052;155613093;B01;1;7;0;2;4;1;0;
202300038052;155613095;C01;1;7;0;2;4;1;0;
202300038053;155613087;A01;1;14;3;2;2;14;0;
202300038053;155613090;B01;2;17;0;2;3;1;1;
202300038053;155613092;C01;2;10;0;2;3;9;1;
202300038054;155613086;A01;2;32;0;2;1;1;1;
202300038054;155613089;B01;1;7;0;2;3;1;1;
202300038055;155613085;A01;3;1;0;1;1;1;5;
202300038056;155613084;B01;2;7;0;2;3;1;1;
202300038056;155613088;A01;3;7;0;2;1;13;1;
202300038057;155613083;A01;1;7;8;0;3;0;1;
202300038058;155613081;A01;3;1;0;2;4;2;5;
202300038058;155613082;B01;3;1;0;2;1;2;5;
202300038059;155613080;A01;1;7;9;0;1;1;1;
202300038060;155613079;A01;1;33;16;0;1;2;1;
202300038061;155613076;B01;1;33;16;0;4;2;1;
202300038061;155613078;A01;1;33;6;2;1;2;1;
202300038062;155613074;B01;3;33;0;2;1;17;1;
202300038062;155613077;A01;3;7;0;2;3;10;1;
202300038063;155613071;B01;2;1;0;2;7;1;5;
202300038063;155613075;A01;1;7;0;2;1;16;1;
202300038064;155613069;B01;2;7;0;2;1;2;1;
202300038064;155613072;A01;2;7;0;2;1;2;1;
202300038064;155613073;C01;2;7;0;2;6;0;1;
202300038065;155613070;A01;1;7;6;0;2;15;1;
202300038066;155613068;A01;1;1;0;1;1;1;5;
202300038067;155613066;A01;3;7;15;0;1;1;1;
202300038068;155613067;Z01;3;30;0;1;1;16;0;
202300038069;155613061;A01;2;33;0;2;7;3;1;
202300038069;155613063;B01;2;7;0;2;6;1;1;
202300038069;155613065;Z01;2;99;0;2;8;12;0;
202300038070;155613062;A01;2;1;0;2;1;2;5;
202300038070;155613064;B01;2;7;0;2;5;23;1;
202300038071;155613059;B01;1;31;0;2;1;2;1;
202300038071;155613060;A01;1;1;0;2;8;10;5;
202300038072;155613055;A01;1;30;12;0;2;14;1;
202300038073;155613054;B01;1;7;0;2;7;1;1;
202300038073;155613057;A01;1;33;0;2;3;3;1;
202300038074;155613056;A01;1;7;0;2;3;13;1;
202300038074;155613058;B01;2;43;0;2;3;1;1;
202300038075;155613052;B01;1;7;0;2;7;16;1;
202300038075;155613053;A01;1;31;0;2;1;18;1;
202300038076;155613051;A01;3;7;0;1;4;20;1;
202300038077;155613049;A01;1;10;0;2;2;17;1;
202300038077;155613050;B01;1;7;3;2;8;1;1;
202300038078;155613046;A01;2;30;0;2;4;13;1;
202300038078;155613048;B01;2;10;14;0;3;13;1;
202300038079;155613045;A01;2;7;0;2;1;1;1;
202300038079;155613047;B01;1;7;0;2;1;15;1;
202300038080;155613042;B01;2;2;0;2;3;18;1;
202300038080;155613044;A01;2;7;0;2;7;16;0;
202300038081;155613039;B01;2;10;4;2;8;1;1;
202300038081;155613040;Z01;2;7;4;2;1;1;1;
202300038081;155613043;A01;2;7;4;2;4;1;1;
202300038082;155613038;A01;2;7;0;2;2;14;1;
202300038082;155613041;B01;2;1;0;2;4;2;5;
202300038083;155613037;A01;2;33;0;0;1;1;1;
202300038084;155613036;A01;1;7;1;0;2;1;1;
202300038085;155613035;A01;1;7;13;2;9;1;1;
202300038086;155613033;A01;3;50;0;0;0;0;3;
202300038087;155613032;A01;0;7;0;1;4;20;0;
202300038088;155613028;A01;1;7;0;2;1;1;1;
202300038088;155613030;B01;1;7;0;2;4;1;1;
202300038089;155613027;B01;2;7;1;2;8;2;1;
202300038089;155613029;C01;2;7;0;2;3;24;1;
202300038089;155613031;A01;2;10;0;2;2;12;1;
202300038089;155613034;D01;2;7;0;2;6;24;1;
202300038090;155613024;A01;2;7;0;2;3;1;2;
202300038090;155613026;B01;1;7;1;2;3;13;1;
202300038091;155613021;A01;2;7;0;2;2;15;1;
202300038091;155613025;B01;1;7;0;2;0;0;1;
202300038092;155613019;B01;2;7;14;0;4;23;1;
202300038092;155613023;A01;2;7;0;2;1;23;1;
202300038093;155613015;B01;2;31;0;2;1;2;0;
202300038093;155613017;A01;1;99;0;0;8;26;0;
202300038094;155613010;A01;1;7;0;2;1;21;1;
202300038094;155613011;B01;1;7;0;2;0;1;1;
202300038094;155613014;C01;1;31;0;2;1;21;1;
202300038095;155613009;B01;1;43;0;2;3;1;1;
202300038095;155613013;A01;1;7;0;2;3;15;1;
202300038096;155613008;A01;2;14;0;1;7;16;1;
202300038097;155613004;A01;2;34;0;2;1;1;1;
202300038097;155613007;B01;1;7;0;2;5;15;0;
202300038098;155613001;A01;3;10;0;0;0;0;0;
202300038098;155613006;B01;3;2;0;2;0;0;1;
202300038099;155613003;B01;1;15;0;2;1;1;1;
202300038099;155613005;A01;2;2;0;2;1;17;1;
202300038100;155613000;B01;2;2;0;2;8;1;1;
202300038100;155613002;A01;2;7;0;2;2;9;1;
202300038101;155612997;A01;1;31;1;1;3;13;1;
202300038102;155612996;A01;1;7;0;2;7;9;1;
202300038102;155612998;B01;2;34;4;2;1;1;1;
202300038103;155612995;B01;2;7;0;0;6;1;1;
202300038103;155612999;A01;2;7;0;2;1;1;1;
202300038104;155612992;A01;2;7;6;1;3;13;1;
202300038105;155612991;B01;3;39;0;2;1;1;3;
202300038105;155612994;A01;3;80;0;4;7;19;5;
202300038106;155612989;A01;2;10;1;0;3;13;1;
202300038107;155612990;A01;3;7;0;2;3;13;1;
202300038107;155612993;B01;3;7;0;2;3;1;1;
202300038108;155612985;B01;2;2;0;2;7;1;1;
202300038108;155612988;A01;2;7;0;2;1;9;1;
202300038109;155612983;A01;2;2;1;0;1;1;1;
202300038110;155612982;A01;1;2;0;2;1;2;3;
202300038110;155612986;B01;1;7;0;2;4;2;1;
202300038111;155612981;C01;1;7;0;2;1;1;1;
202300038111;155612984;A01;1;10;0;2;1;1;1;
202300038111;155612987;B01;1;33;0;2;1;1;1;
202300038112;155612979;A01;1;7;0;2;1;13;1;
202300038112;155612980;B01;2;7;0;2;1;1;1;
202300038113;155612978;A01;1;80;0;0;0;1;3;
202300038114;155612973;A01;1;7;0;1;1;1;1;
202300038115;155612974;A01;1;10;0;2;0;20;1;
202300038115;155612976;B01;1;60;0;2;0;1;5;
202300038116;155612975;A01;0;30;0;2;1;2;1;
202300038116;155612977;B01;0;7;0;2;6;2;1;
202300038117;155612972;A01;2;36;0;0;0;1;1;
202300038118;155612966;C01;1;17;0;2;7;1;1;
202300038118;155612968;A01;1;7;0;2;1;2;1;
202300038118;155612970;B01;1;7;3;2;4;1;1;
202300038119;155612969;B01;3;1;0;2;8;19;5;
202300038119;155612971;A01;3;7;0;9;1;16;1;
202300038120;155612965;A01;2;7;0;2;3;1;2;
202300038120;155612967;B01;1;7;0;2;1;1;1;
202300038121;155612964;A01;1;7;6;0;1;16;1;
202300038122;155612960;A01;1;7;0;2;4;1;1;
202300038122;155612962;B01;1;7;0;2;4;1;1;
202300038122;155612963;C01;1;7;0;2;4;1;1;
202300038123;155612957;B01;2;50;0;2;1;1;3;
202300038123;155612958;A01;1;7;0;9;8;9;1;
202300038124;155612955;A01;3;7;0;0;9;14;1;
202300038125;155612954;A01;1;7;0;2;3;2;1;
202300038125;155612956;B01;1;37;0;0;6;2;1;1.0
202300038126;155612952;B01;1;30;0;2;1;1;1;
202300038126;155612953;A01;2;7;0;2;5;15;1;
202300038127;155612948;B01;1;1;0;2;2;17;5;
202300038127;155612950;A01;1;7;0;9;3;1;1;
202300038128;155612946;A01;2;7;0;1;1;1;1;
202300038129;155612945;A01;1;7;0;2;3;13;1;
202300038129;155612947;B01;2;7;0;2;3;1;1;
202300038130;155612944;A01;1;7;2;0;9;1;1;
202300038131;155612943;A01;1;33;0;0;8;1;1;
202300038132;155612938;A01;2;7;0;2;1;19;1;
202300038132;155612942;B01;2;37;0;2;3;1;1;8.0
202300038133;155612937;A01;2;33;14;0;0;1;0;
202300038134;155612936;A01;1;1;0;2;0;16;5;
202300038134;155612939;B01;1;14;0;2;1;1;1;
202300038135;155612931;A01;2;1;0;2;1;1;5;
202300038135;155612934;B01;2;7;0;2;7;16;1;
202300038136;155612930;A01;3;7;0;2;7;14;0;
202300038136;155612933;B01;3;7;0;2;1;1;0;
202300038137;155612929;C01;2;7;4;0;2;1;1;
202300038137;155612932;B01;2;7;0;2;4;26;1;
202300038137;155612935;A01;2;7;0;2;1;1;1;
202300038138;155612928;A01;2;7;7;0;1;1;1;
202300038139;155612927;A01;1;10;8;0;2;1;1;
202300038140;155612924;A01;1;7;13;0;2;2;1;
202300038141;155612925;B01;2;7;0;2;3;15;1;
202300038141;155612926;A01;2;7;2;2;2;17;1;
202300038142;155612922;B01;1;7;0;2;1;0;1;
202300038142;155612923;A01;2;7;0;2;1;0;1;
202300038143;155612921;A01;1;7;13;0;7;14;1;
202300038144;155612920;A01;1;2;13;0;1;1;1;
202300038145;155612919;A01;2;7;16;0;1;13;1;
202300038146;155612918;A01;1;7;6;0;4;1;1;
202300038147;155612915;B01;1;7;2;2;3;9;1;
202300038147;155612916;A01;1;7;0;2;1;1;1;
202300038148;155612917;A01;1;7;2;0;7;14;1;
202300038149;155612913;B01;2;1;0;0;4;2;5;
202300038149;155612914;A01;2;2;0;9;2;2;1;
202300038150;155612911;A01;2;7;2;0;1;19;1;
202300038151;155612912;A01;1;7;4;0;1;1;1;
202300038152;155612910;A01;2;7;2;0;1;13;1;
202300038153;155612908;A01;1;7;0;0;9;1;1;
202300038154;155612907;B01;2;31;0;2;2;1;1;
202300038154;155612909;A01;3;7;0;2;3;1;1;
202300038155;155612906;A01;1;2;12;0;6;1;1;
202300038156;155612904;B01;1;50;0;2;4;0;3;
202300038156;155612905;A01;1;10;0;2;2;1;1;
202300038157;155612903;A01;2;33;0;0;8;15;1;
202300038158;155612901;A01;1;7;0;0;1;1;1;
202300038159;155612900;A01;3;33;0;2;4;23;1;
202300038159;155612902;B01;3;14;0;2;3;1;1;
202300038160;155612899;A01;1;7;13;0;2;14;1;
202300038161;155612898;A01;3;7;0;1;1;1;1;
202300038162;155612895;A01;2;7;0;0;1;1;1;
202300038163;155612896;A01;3;33;0;1;1;17;1;
202300038163;155612897;B01;3;1;0;2;1;1;5;
202300038164;155612892;A01;1;10;0;2;2;16;1;
202300038164;155612894;B01;1;50;8;2;3;1;3;
202300038165;155612891;A01;2;7;0;2;1;13;0;
202300038165;155612893;B01;1;7;0;2;1;1;0;
202300038166;155612890;A01;2;7;0;0;0;1;1;
202300038167;155612889;A01;2;7;16;0;3;2;1;
202300038168;155612888;A01;3;7;0;0;2;15;1;
202300038169;155612887;A01;1;33;2;0;1;17;1;
202300038170;155612886;A01;2;7;0;1;1;1;1;
202300038171;155612883;B01;1;1;1;0;1;1;5;
202300038171;155612885;A01;1;10;0;9;3;23;1;
202300038172;155612882;A01;1;7;0;2;1;10;0;
202300038172;155612884;B01;2;33;0;2;2;1;0;
202300038173;155612881;A01;2;7;15;0;1;14;1;
202300038174;155612878;A01;2;7;2;0;1;21;1;
202300038174;155612879;B01;2;7;2;0;6;1;1;
202300038175;155612877;B01;1;10;0;2;3;1;0;
202300038175;155612880;A01;2;7;0;2;1;13;0;
202300038176;155612876;A01;2;7;2;0;1;13;1;
202300038177;155612874;A01;1;33;0;0;9;1;1;
202300038178;155612875;A01;1;33;0;0;0;15;1;
202300038179;155612873;A01;3;33;12;0;1;15;1;
202300038180;155612871;A01;2;7;0;0;8;19;1;
202300038180;155612872;B01;2;33;0;2;2;26;1;
202300038181;155612868;A01;2;7;8;0;0;1;1;
202300038182;155612869;A01;2;10;0;1;3;15;1;
202300038183;155612867;B01;2;7;0;2;1;1;1;
202300038183;155612870;A01;3;7;0;2;2;19;1;
202300038184;155612865;A01;2;7;9;0;2;1;1;
202300038185;155612864;A01;1;7;0;2;3;23;1;
202300038185;155612866;B01;2;33;0;2;2;1;1;
202300038186;155612862;A01;0;33;2;0;1;10;0;
202300038187;155612861;A01;1;34;0;0;0;0;1;
202300038187;155612863;B01;2;7;9;0;0;0;1;
202300038188;155612856;A01;0;7;0;2;7;1;1;
202300038188;155612859;B01;0;7;0;2;1;26;1;
202300038189;155612857;A01;1;7;0;2;1;17;1;
202300038189;155612860;B01;1;21;0;0;5;15;1;
202300038190;155612855;B01;1;33;0;2;3;1;1;
202300038190;155612858;A01;2;7;0;2;6;15;1;
202300038191;155612853;A01;0;7;0;2;3;6;0;
202300038191;155612854;B01;0;7;0;2;2;21;0;
202300038192;155612849;A01;1;30;0;2;1;10;1;
202300038192;155612852;B01;1;32;0;2;8;1;1;
202300038193;155612847;A01;3;7;0;2;3;26;1;
202300038193;155612851;B01;3;1;0;2;3;16;5;
202300038194;155612846;A01;2;7;0;2;1;13;1;
202300038194;155612848;C01;1;7;0;2;1;0;1;
202300038194;155612850;B01;1;7;0;2;6;0;1;
202300038195;155612844;B01;0;7;0;9;3;1;0;
202300038195;155612845;A01;0;99;0;2;1;0;3;
202300038196;155612842;A01;1;7;6;0;1;1;1;
202300038197;155612839;A01;3;14;0;0;7;1;1;
202300038198;155612841;B01;1;1;0;2;4;2;5;
202300038198;155612843;A01;1;1;0;2;1;2;5;
202300038199;155612838;B01;0;1;0;2;1;14;5;
202300038199;155612840;A01;0;7;0;2;2;15;1;
202300038200;155612836;B01;1;7;0;2;5;14;1;
202300038200;155612837;A01;1;33;0;2;1;1;1;
202300038201;155612835;A01;1;7;2;0;8;1;1;
202300038202;155612834;A01;1;43;0;1;1;1;1;
202300038203;155612830;B01;1;10;0;2;4;2;1;
202300038203;155612832;A01;1;15;0;2;1;2;1;
202300038203;155612833;C01;1;15;0;2;4;2;0;
202300038204;155612828;A01;1;7;0;2;5;1;1;
202300038204;155612831;B01;1;1;0;2;3;1;5;
202300038205;155612829;A01;1;7;0;0;9;19;1;
202300038206;155612826;B01;2;7;0;2;6;2;1;
202300038206;155612827;A01;2;17;6;2;7;12;1;
202300038207;155612823;A01;1;7;0;9;7;2;1;
202300038207;155612825;B01;1;1;0;0;4;2;5;
202300038208;155612824;A01;2;33;3;0;1;17;1;
202300038209;155612821;A01;2;10;0;2;1;2;1;
202300038209;155612822;B01;2;7;0;2;4;2;1;
202300038210;155612820;A01;0;7;0;1;1;1;6;
202300038211;155612817;B01;2;32;0;2;4;2;1;
202300038211;155612819;A01;2;7;0;2;1;2;1;
202300038212;155612816;A01;0;33;0;6;1;1;0;
202300038213;155612814;A01;2;7;4;0;1;1;1;
202300038214;155612813;A01;3;7;0;9;2;0;1;
202300038214;155612815;B01;3;1;0;0;4;0;5;
202300038215;155612812;B01;2;7;0;2;8;1;1;
202300038215;155612818;A01;1;7;0;2;1;1;1;
202300038216;155612810;A01;1;1;0;0;0;1;5;
202300038217;155612809;B01;2;10;0;2;9;11;1;
202300038217;155612811;A01;2;7;0;2;2;1;1;
202300038218;155612807;A01;3;7;13;0;9;1;1;
202300038219;155612804;B01;1;7;3;2;4;1;1;
202300038219;155612806;A01;1;7;0;2;1;17;1;
202300038220;155612805;B01;1;7;0;2;6;1;1;
202300038220;155612808;A01;1;30;0;2;1;13;1;
202300038221;155612803;A01;1;10;0;1;2;2;1;
202300038222;155612800;A01;1;7;0;2;3;1;1;
202300038222;155612801;B01;2;7;0;2;3;1;1;
202300038223;155612802;A01;1;7;4;0;3;9;1;
202300038224;155612799;A01;1;30;0;1;1;25;3;
202300038225;155612798;A01;1;33;0;6;1;0;1;
202300038226;155612796;A01;1;33;15;0;2;1;1;
202300038227;155612795;A01;2;50;0;2;8;15;3;
202300038227;155612797;B01;2;1;0;2;8;1;5;
202300038228;155612793;A01;1;7;6;0;1;1;1;
202300038229;155612792;A01;2;7;3;2;3;26;1;
202300038229;155612794;B01;2;15;0;2;8;1;1;
202300038230;155612791;A01;3;50;12;0;7;14;3;
202300038231;155612789;B01;2;15;0;0;6;2;1;
202300038231;155612790;A01;2;7;4;0;2;11;0;
202300038232;155612786;A01;1;3;0;0;5;0;0;
202300038232;155612788;B01;1;7;0;0;2;0;1;
202300038233;155612785;A01;1;7;0;2;2;1;1;
202300038233;155612787;B01;1;10;0;2;3;13;1;
202300038234;155612784;A01;2;3;0;1;1;1;1;
202300038235;155612780;C01;1;7;0;2;3;1;1;
202300038235;155612782;A01;1;7;0;2;1;15;1;
202300038235;155612783;B01;2;7;0;2;1;1;1;
202300038236;155612779;A01;1;2;0;9;0;0;1;
202300038237;155612778;A01;1;7;0;1;2;1;1;
202300038238;155612777;Z01;1;10;0;1;0;0;0;
202300038239;155612775;B01;2;7;0;2;1;13;1;
202300038239;155612776;A01;1;7;0;2;1;1;0;
202300038240;155612774;A01;3;7;0;1;3;15;1;
202300038241;155612773;A01;1;10;1;0;3;1;1;
202300038242;155612769;B01;1;33;0;2;5;1;1;