Num_Acc;id_vehicule;num_veh;senc;catv;obs;obsm;choc;manv;motor;occutc
202300038242;155612772;A01;3;99;0;2;2;1;1;
202300038243;155612765;A01;1;7;0;1;7;1;1;
202300038244;155612759;H01;1;1;0;2;4;1;5;
202300038244;155612761;D01;1;1;0;2;4;1;5;
202300038244;155612763;F01;1;1;0;2;4;1;5;
202300038244;155612764;I01;1;1;0;2;4;1;5;
202300038244;155612766;G01;1;1;0;2;4;1;5;
202300038244;155612767;A01;1;7;0;2;1;1;1;
202300038244;155612768;B01;1;1;0;2;4;1;5;
202300038244;155612770;C01;1;1;0;2;4;1;5;
202300038244;155612771;E01;1;1;0;2;4;1;5;
202300038245;155612756;A01;2;31;0;2;1;26;1;
202300038245;155612758;B01;0;7;0;9;3;19;1;
202300038246;155612755;B01;1;7;0;2;1;1;1;
202300038246;155612757;A01;0;36;0;2;5;9;1;
202300038247;155612753;B01;2;34;0;2;1;1;1;
202300038247;155612754;A01;1;7;0;2;3;15;1;
202300038248;155612752;A01;1;33;0;0;1;0;1;
202300038249;155612750;A01;1;33;15;0;1;1;0;
202300038250;155612751;A01;3;1;0;9;1;1;5;
202300038251;155612749;A01;1;33;8;0;1;0;0;
202300038252;155612748;A01;1;7;0;1;2;1;0;
202300038253;155612745;A01;2;7;0;2;1;2;1;
202300038253;155612746;B01;1;7;0;2;1;1;1;
202300038254;155612744;A01;1;7;0;2;7;1;1;
202300038254;155612747;B01;1;14;0;2;3;1;1;
202300038255;155612741;A01;1;7;0;0;1;1;1;
202300038256;155612742;B01;0;7;0;2;2;1;1;
202300038256;155612743;A01;0;7;0;2;3;16;1;
202300038257;155612740;A01;1;33;0;0;9;1;1;
202300038258;155612738;A01;1;7;0;2;4;2;1;
202300038258;155612739;B01;1;7;0;2;4;2;1;
202300038259;155612737;A01;1;33;0;0;9;14;1;
202300038260;155612733;A01;3;7;0;2;1;17;1;
202300038260;155612736;B01;0;7;0;2;1;1;1;
202300038261;155612734;B01;0;7;0;9;1;16;1;
202300038261;155612735;A01;1;1;0;2;1;9;5;
202300038262;155612732;A01;1;10;13;0;2;1;6;
202300038263;155612728;A01;1;33;0;2;1;2;1;
202300038263;155612730;B01;1;7;0;2;4;2;1;
202300038264;155612729;A01;2;7;0;2;1;1;1;
202300038264;155612731;B01;2;7;0;2;8;16;1;
202300038265;155612725;A01;2;30;13;0;1;26;1;
202300038266;155612726;A01;1;33;0;2;1;13;1;
202300038266;155612727;B01;2;7;0;2;2;1;1;
202300038267;155612724;A01;2;33;13;0;1;16;1;
202300038268;155612722;B01;3;7;0;2;1;1;1;
202300038268;155612723;A01;3;7;1;2;2;15;1;
202300038269;155612720;A01;2;2;0;2;1;13;1;
202300038269;155612721;B01;1;7;0;2;1;1;1;
202300038270;155612718;B01;0;7;0;2;6;1;1;
202300038270;155612719;A01;0;7;0;2;1;19;1;
202300038271;155612717;A01;1;32;0;0;0;1;1;
202300038272;155612716;A01;1;7;2;0;1;26;6;
202300038273;155612713;A01;0;7;0;2;3;19;1;
202300038273;155612715;B01;1;7;0;2;2;1;1;
202300038274;155612712;A01;2;7;0;2;3;2;1;
202300038274;155612714;B01;1;7;0;2;3;16;1;
202300038275;155612709;A01;0;50;8;0;0;25;3;
202300038276;155612710;A01;3;7;0;0;2;1;1;
202300038276;155612711;B01;3;31;0;0;8;0;1;
202300038277;155612707;Z01;2;7;0;2;1;1;0;
202300038277;155612708;B01;2;7;1;0;4;1;1;
202300038278;155612706;A01;1;33;0;0;7;1;1;
202300038279;155612705;A01;2;7;8;0;3;1;1;
202300038280;155612703;A01;3;33;14;0;1;1;1;
202300038281;155612702;B01;0;7;0;2;6;9;1;
202300038281;155612704;A01;3;7;0;2;2;1;1;
202300038282;155612699;B01;3;7;0;2;1;1;1;
202300038282;155612701;A01;3;1;0;2;8;19;5;
202300038283;155612696;A01;0;7;14;0;8;11;1;
202300038283;155612698;B01;3;7;0;0;7;1;1;
202300038284;155612694;B01;3;7;0;2;3;15;1;
202300038284;155612697;A01;1;7;0;2;1;21;1;
202300038285;155612695;A01;2;7;9;0;1;13;1;
202300038286;155612689;B01;2;30;0;2;1;1;1;
202300038286;155612691;C01;1;7;0;2;2;1;1;
202300038286;155612693;A01;1;10;0;2;6;13;1;
202300038287;155612688;A01;0;7;14;0;3;1;0;
202300038288;155612684;A01;1;7;0;2;3;15;0;
202300038288;155612686;B01;2;33;0;2;1;1;1;
202300038289;155612685;A01;1;7;0;2;6;19;1;
202300038289;155612687;B01;2;33;0;2;3;1;1;
202300038290;155612682;B01;3;7;0;2;2;1;1;
202300038290;155612683;A01;3;7;0;2;8;15;1;
202300038291;155612681;A01;2;33;8;0;1;1;1;
202300038292;155612679;A01;1;7;8;0;5;1;1;
202300038293;155612675;A01;2;33;0;2;1;2;1;
202300038293;155612676;B01;2;7;0;2;3;2;1;
202300038294;155612674;A01;3;7;15;0;0;16;1;
202300038295;155612672;A01;1;7;16;0;9;14;1;
202300038296;155612673;A01;1;7;0;0;1;15;1;
202300038297;155612670;A01;3;7;0;2;2;2;0;
202300038297;155612671;B01;3;7;0;2;8;15;0;
202300038298;155612669;A01;2;7;6;0;2;14;0;
202300038299;155612666;B01;1;7;0;2;4;1;1;
202300038299;155612668;A01;0;7;0;2;1;1;1;
202300038300;155612665;B01;3;7;0;2;4;1;0;
202300038300;155612667;A01;3;14;0;2;2;1;0;
202300038301;155612660;A01;0;33;0;2;1;26;1;
202300038301;155612662;B01;0;7;0;2;0;0;1;
202300038302;155612661;B01;3;7;0;2;1;1;1;
202300038302;155612664;A01;1;36;0;2;7;1;1;
202300038303;155612659;A01;2;7;0;2;1;13;1;
202300038303;155612663;B01;1;7;0;2;1;2;1;
202300038304;155612657;A01;0;34;0;0;0;0;0;
202300038305;155612655;A01;1;7;0;2;1;0;1;
202300038305;155612658;B01;1;2;0;2;5;0;1;
202300038306;155612656;A01;1;33;0;0;0;1;1;
202300038307;155612652;B01;2;3;0;2;5;1;1;
202300038307;155612654;Z01;2;0;0;2;0;0;0;
202300038308;155612650;A01;1;7;0;0;6;26;1;
202300038308;155612651;B01;1;15;0;2;2;21;1;
202300038309;155612649;A01;1;7;0;2;5;1;1;
202300038309;155612653;B01;2;7;0;2;1;1;1;
202300038310;155612647;A01;0;0;0;2;1;1;0;
202300038310;155612648;B01;3;7;0;2;3;1;1;
202300038311;155612644;B01;1;32;0;2;1;1;1;
202300038311;155612646;A01;2;7;0;2;1;15;1;
202300038312;155612642;A01;1;7;0;2;2;17;0;
202300038312;155612645;B01;2;7;0;2;1;1;0;
202300038313;155612641;A01;1;7;0;2;2;1;1;
202300038313;155612643;B01;1;30;0;2;8;1;1;
202300038314;155612640;A01;1;7;0;1;1;26;1;
202300038315;155612638;A01;1;7;10;0;2;13;1;
202300038316;155612633;B01;1;7;0;2;5;1;1;
202300038316;155612635;A01;1;31;0;2;1;3;1;
202300038317;155612634;A01;2;7;0;2;2;1;1;
202300038317;155612636;B01;1;7;0;2;1;1;1;
202300038318;155612631;A01;1;7;0;2;5;26;1;
202300038318;155612632;B01;1;7;0;2;4;2;1;
202300038318;155612637;C01;1;7;0;2;1;2;1;
202300038318;155612639;D01;1;7;0;2;1;2;1;
202300038319;155612628;A01;2;7;1;0;3;20;1;
202300038319;155612629;B01;2;80;0;2;2;1;3;
202300038320;155612625;A01;2;7;0;2;1;2;1;
202300038320;155612627;C01;2;7;0;2;5;2;1;
202300038320;155612630;B01;2;7;0;2;4;2;1;
202300038321;155612622;A01;2;14;0;2;0;2;1;
202300038321;155612624;B01;2;1;0;2;0;0;5;
202300038322;155612621;A01;1;10;0;2;1;13;1;
202300038322;155612623;B01;2;7;0;9;3;1;1;
202300038322;155612626;C01;2;7;0;9;1;1;1;
202300038323;155612617;A01;1;30;0;2;1;1;1;
202300038323;155612619;B01;1;7;0;2;3;19;1;
202300038324;155612618;A01;2;7;0;2;8;11;1;
202300038324;155612620;B01;2;32;0;2;7;1;1;
202300038325;155612616;A01;1;32;0;0;0;1;1;
202300038326;155612612;A01;1;7;0;2;1;1;1;
202300038326;155612614;B01;1;7;0;2;8;15;1;
202300038327;155612613;B01;2;1;0;2;0;1;5;
202300038327;155612615;A01;1;1;0;0;0;13;5;
202300038328;155612608;A01;1;7;0;2;4;4;1;
202300038328;155612610;B01;2;7;0;2;1;2;1;
202300038329;155612611;A01;1;2;1;0;1;1;1;
202300038330;155612607;A01;1;7;0;0;0;22;1;
202300038330;155612609;B01;1;31;0;0;0;1;1;
202300038331;155612606;A01;3;7;2;0;1;21;1;
202300038332;155612605;A01;2;7;0;0;0;0;0;
202300038333;155612603;A01;1;7;0;1;3;1;1;
202300038334;155612602;A01;1;7;0;2;8;22;1;
202300038334;155612604;B01;1;1;1;0;1;1;5;
202300038335;155612599;B01;1;21;0;2;6;1;0;
202300038335;155612601;A01;1;10;0;2;2;2;1;
202300038336;155612596;A01;1;7;2;0;1;1;1;
202300038337;155612597;A01;1;7;0;2;3;15;1;
202300038337;155612598;B01;1;7;0;2;3;1;1;
202300038338;155612595;A01;1;7;0;2;1;19;1;
202300038338;155612600;B01;2;7;0;2;8;1;1;
202300038339;155612594;A01;2;33;6;0;0;0;1;
202300038340;155612592;A01;1;7;1;0;8;22;1;
202300038340;155612593;B01;1;80;1;0;1;21;3;
202300038341;155612590;A01;0;7;0;2;7;15;1;
202300038341;155612591;B01;0;2;0;2;1;1;1;
202300038342;155612587;A01;2;7;0;0;1;1;1;
202300038343;155612585;B01;2;7;0;2;6;15;1;
202300038343;155612588;A01;1;2;0;2;1;5;1;
202300038344;155612584;C01;2;7;13;0;1;21;1;
202300038344;155612586;A01;2;7;13;2;8;19;1;
202300038344;155612589;B01;1;15;0;2;1;1;1;
202300038345;155612582;B01;1;1;13;2;3;1;5;
202300038345;155612583;A01;2;7;0;2;3;13;1;
202300038346;155612581;A01;3;7;9;1;1;26;1;
202300038347;155612580;A01;1;1;0;0;0;1;5;
202300038348;155612577;B01;0;7;0;9;2;16;1;
202300038348;155612579;A01;0;60;0;2;1;1;5;
202300038349;155612575;B01;3;7;0;2;3;1;1;
202300038349;155612578;A01;3;7;0;2;1;1;1;
202300038350;155612573;A01;2;7;2;0;1;1;1;
202300038351;155612574;B01;1;1;0;2;6;16;5;
202300038351;155612576;A01;1;7;0;0;5;9;1;
202300038352;155612571;A01;2;33;16;0;1;1;1;
202300038353;155612570;B01;1;7;0;2;3;1;1;
202300038353;155612572;A01;3;7;0;2;2;1;1;
202300038354;155612569;A01;1;33;3;0;1;13;1;
202300038355;155612567;A01;1;7;0;2;3;15;1;
202300038355;155612568;B01;2;2;0;2;8;1;1;
202300038356;155612566;A01;1;7;0;1;4;1;1;
202300038357;155612564;B01;3;2;0;2;1;1;1;
202300038357;155612565;A01;3;7;0;2;2;13;1;
202300038358;155612563;A01;2;7;4;0;1;9;1;
202300038359;155612560;A01;2;7;0;9;3;21;1;
202300038359;155612562;B01;2;50;0;2;4;15;3;
202300038360;155612558;A01;2;7;0;1;5;1;1;
202300038361;155612559;A01;1;33;0;0;4;2;1;
202300038361;155612561;B01;1;33;0;2;1;2;1;
202300038362;155612554;B01;3;7;0;2;4;23;1;
202300038362;155612557;A01;3;7;0;2;1;2;0;
202300038363;155612551;A01;2;10;0;2;1;0;0;
202300038363;155612553;B01;1;7;0;2;1;1;0;
202300038364;155612552;A01;1;7;0;1;1;1;1;
202300038365;155612550;A01;1;50;0;0;0;25;3;
202300038366;155612548;A01;1;33;3;0;1;13;1;
202300038367;155612547;A01;2;7;0;2;1;13;1;
202300038367;155612549;B01;1;7;0;2;1;1;1;
202300038368;155612546;A01;1;33;0;0;9;1;1;
202300038369;155612543;B01;1;3;0;2;7;1;1;
202300038369;155612544;A01;1;7;0;2;1;1;1;
202300038370;155612541;B01;2;7;0;2;2;1;1;
202300038370;155612545;A01;1;2;0;2;8;9;1;
202300038371;155612542;A01;1;7;1;0;8;0;1;
202300038372;155612540;A01;3;7;0;1;2;5;1;
202300038373;155612537;A01;1;7;2;0;2;0;1;
202300038374;155612536;B01;2;7;0;2;3;21;1;
202300038374;155612539;A01;1;10;0;2;1;5;1;
202300038375;155612531;B01;2;39;0;2;3;19;3;
202300038375;155612533;A01;2;7;0;4;2;23;1;
202300038376;155612534;C01;1;33;0;2;1;1;1;
202300038376;155612535;A01;2;7;0;2;1;15;1;
202300038376;155612538;B01;1;33;0;2;8;1;1;
202300038377;155612527;A01;2;7;0;2;3;13;1;
202300038377;155612530;B01;1;7;0;2;3;1;1;
202300038378;155612526;A01;1;7;3;2;2;5;1;
202300038378;155612528;B01;2;7;0;2;2;1;1;
202300038378;155612529;C01;2;14;0;2;2;1;1;
202300038379;155612525;A01;1;7;0;1;2;2;1;
202300038380;155612523;A01;1;7;4;0;2;0;1;
202300038381;155612521;A01;2;7;0;0;6;15;1;
202300038381;155612524;B01;2;33;0;2;1;1;1;
202300038382;155612519;A01;0;33;0;0;8;10;1;
202300038383;155612518;A01;0;7;0;1;4;4;1;
202300038384;155612520;B01;2;33;0;2;8;2;1;
202300038384;155612522;A01;2;33;1;2;7;1;1;
202300038385;155612515;B01;3;7;0;2;2;15;1;
202300038385;155612517;A01;2;43;0;2;3;1;1;
202300038386;155612514;A01;2;7;13;0;1;26;1;
202300038387;155612516;A01;3;7;2;0;1;1;1;
202300038388;155612509;B01;2;7;0;2;1;1;1;
202300038388;155612512;A01;1;10;0;2;3;13;1;
202300038389;155612510;A01;2;7;0;2;2;13;1;
202300038389;155612513;B01;1;7;0;2;7;1;1;
202300038390;155612506;A01;1;10;8;0;9;1;1;
202300038391;155612504;D01;1;1;0;2;8;19;5;
202300038391;155612507;A01;2;7;0;0;0;0;0;
202300038391;155612508;B01;2;7;0;0;0;2;0;
202300038391;155612511;C01;2;10;0;0;0;2;0;
202300038392;155612502;A01;1;7;0;2;1;13;1;
202300038392;155612505;B01;2;10;0;2;1;1;1;
202300038393;155612501;A01;2;7;0;2;3;1;1;
202300038393;155612503;B01;1;33;0;2;1;0;1;
202300038394;155612500;A01;3;10;2;0;1;1;1;
202300038395;155612498;A01;1;33;0;0;7;1;1;
202300038396;155612496;A01;1;31;1;0;1;1;0;
202300038397;155612495;A01;1;13;0;2;3;15;1;
202300038397;155612497;B01;2;30;0;2;1;1;1;
202300038398;155612494;A01;2;7;8;2;3;9;1;
202300038398;155612499;B01;2;7;0;2;2;1;1;
202300038399;155612492;A01;3;2;1;0;7;1;1;
202300038400;155612491;B01;2;7;6;2;1;1;1;
202300038400;155612493;A01;1;7;3;2;2;13;1;
202300038401;155612486;A01;1;7;0;2;1;19;1;
202300038401;155612489;B01;2;7;0;2;1;1;1;
202300038402;155612488;A01;2;2;0;2;1;9;1;
202300038402;155612490;B01;1;7;0;2;2;1;1;
202300038403;155612485;A01;1;33;0;2;1;1;1;
202300038403;155612487;B01;2;7;0;2;1;1;1;
202300038404;155612481;A01;1;10;13;0;1;1;1;
202300038405;155612480;A01;1;7;13;0;2;1;1;
202300038406;155612479;A01;2;7;0;2;1;13;1;
202300038406;155612483;B01;1;7;0;2;1;1;1;
202300038407;155612476;A01;3;10;0;2;6;15;1;
202300038407;155612478;B01;1;1;0;2;1;1;5;
202300038408;155612474;A01;1;10;0;2;1;13;1;
202300038408;155612477;B01;2;10;0;2;3;1;1;
202300038409;155612473;A01;3;7;0;9;3;9;1;
202300038409;155612475;B01;3;50;0;2;1;9;3;
202300038410;155612471;A01;2;7;2;0;2;1;1;
202300038411;155612469;B01;1;7;0;2;3;1;0;
202300038411;155612472;A01;2;30;0;2;1;1;0;
202300038412;155612468;A01;1;7;0;2;1;13;0;
202300038412;155612470;B01;2;7;0;2;1;1;0;
202300038413;155612466;A01;2;2;10;0;1;0;1;
202300038414;155612465;A01;2;7;16;0;9;1;1;
202300038415;155612461;A01;1;10;0;2;1;1;1;
202300038415;155612463;B01;1;2;0;2;1;1;1;
202300038416;155612464;B01;2;7;0;2;1;1;1;
202300038416;155612467;A01;2;7;0;2;7;1;1;
202300038417;155612462;A01;2;7;0;1;0;1;0;
202300038418;155612460;A01;1;7;2;0;1;1;1;
202300038419;155612457;A01;0;7;0;2;1;1;0;
202300038419;155612458;B01;0;2;0;2;1;1;0;
202300038420;155612456;B01;1;7;3;2;7;1;1;
202300038420;155612459;A01;1;7;3;2;2;19;3;
202300038421;155612453;B01;3;2;0;2;8;15;1;
202300038421;155612455;A01;3;2;0;2;2;17;1;
202300038422;155612452;A01;3;10;2;0;4;23;1;
202300038423;155612448;B01;1;33;0;2;8;1;0;
202300038423;155612450;A01;2;10;0;2;6;19;0;
202300038424;155612447;B01;2;7;0;2;1;1;1;
202300038424;155612449;A01;1;33;0;2;1;1;1;
202300038425;155612451;B01;2;2;0;2;1;1;1;
202300038425;155612454;A01;1;7;0;2;2;19;1;
202300038426;155612444;B01;1;1;0;2;4;1;5;
202300038426;155612445;A01;1;7;0;2;1;1;1;
202300038427;155612441;A01;1;33;15;0;1;17;1;
202300038428;155612438;A01;1;10;0;2;1;1;1;
202300038428;155612440;B01;2;7;0;2;7;15;1;
202300038429;155612437;A01;0;36;14;9;1;1;1;
202300038430;155612439;A01;2;7;0;2;5;1;1;
202300038430;155612442;B01;2;2;0;2;1;15;1;
202300038431;155612436;A01;1;7;13;0;2;13;1;
202300038432;155612435;A01;2;33;0;0;3;1;1;
202300038433;155612432;A01;1;10;0;2;1;1;1;
202300038433;155612434;B01;1;7;7;2;3;1;1;
202300038434;155612431;A01;2;7;0;2;7;13;1;
202300038434;155612433;B01;1;7;0;2;1;1;1;
202300038435;155612426;A01;2;33;0;0;1;2;1;
202300038435;155612430;B01;2;7;0;0;4;2;1;
202300038436;155612424;A01;0;7;0;2;3;15;2;
202300038436;155612428;B01;2;33;0;2;7;17;1;
202300038437;155612423;C01;1;7;0;2;1;2;1;
202300038437;155612425;D01;1;7;0;2;1;2;1;
202300038437;155612427;A01;1;7;4;2;3;13;1;
202300038437;155612429;B01;1;7;4;2;5;17;1;
202300038438;155612420;A01;1;7;2;0;1;1;1;
202300038439;155612421;B01;0;17;0;2;3;1;0;
202300038439;155612422;A01;0;10;0;2;3;13;0;
202300038440;155612418;A01;1;33;0;2;1;1;1;
202300038440;155612419;B01;1;7;0;2;4;1;0;
202300038441;155612417;A01;1;7;4;0;1;0;1;
202300038442;155612415;A01;2;10;2;0;1;1;1;
202300038443;155612416;A01;1;33;1;0;1;1;1;
202300038444;155612413;A01;1;7;1;1;2;1;1;
202300038445;155612411;A01;1;7;0;2;1;2;1;
202300038445;155612412;B01;1;7;0;2;4;2;1;
202300038445;155612414;C01;1;7;0;2;4;2;3;
202300038446;155612410;A01;1;33;0;0;0;0;1;
202300038447;155612408;A01;1;42;0;2;2;2;1;
202300038447;155612409;B01;1;7;0;2;2;2;1;
202300038448;155612407;A01;1;7;13;0;1;1;1;
202300038449;155612403;B01;1;7;0;2;1;1;1;
202300038449;155612406;A01;1;7;0;2;1;5;1;
202300038450;155612402;C01;1;7;0;2;4;2;1;
202300038450;155612404;B01;1;7;0;2;1;2;1;
202300038450;155612405;A01;1;10;0;2;1;2;1;
202300038451;155612400;A01;1;10;0;2;3;15;1;
202300038451;155612401;B01;1;7;15;2;1;17;1;
202300038452;155612397;B01;2;7;0;2;3;0;1;
202300038452;155612398;A01;2;33;0;2;2;0;1;
202300038453;155612395;A01;3;7;16;0;9;1;1;
202300038454;155612394;A01;2;32;0;2;3;3;1;
202300038455;155612393;B01;3;2;0;0;4;2;1;
202300038455;155612396;A01;3;7;0;2;2;2;1;
202300038456;155612392;A01;1;7;4;0;2;1;1;
202300038457;155612391;A01;0;2;0;1;1;21;1;
202300038458;155612388;A01;2;2;0;2;0;17;1;
202300038458;155612390;B01;2;7;0;2;8;15;1;
202300038459;155612389;A01;2;7;4;0;3;2;1;
202300038460;155612386;A01;1;7;0;2;3;13;1;
202300038460;155612387;B01;2;10;0;2;3;1;1;
202300038461;155612385;A01;1;31;3;0;8;1;1;
202300038462;155612382;A01;2;7;13;0;2;1;1;
202300038463;155612379;C01;2;7;0;2;2;2;1;
202300038463;155612381;A01;2;43;0;2;1;3;1;
202300038463;155612383;B01;2;7;0;2;6;2;1;
202300038464;155612380;A01;3;7;0;0;7;1;1;
202300038464;155612384;B01;3;2;0;2;1;1;1;
202300038465;155612375;A01;2;7;0;2;2;11;1;
202300038465;155612378;B01;2;15;0;2;6;1;1;
202300038466;155612374;A01;1;10;0;2;2;1;1;
202300038466;155612377;B01;2;7;0;2;2;13;1;
202300038467;155612376;A01;2;33;13;0;0;14;1;
202300038468;155612371;A01;1;30;0;0;0;26;1;
202300038468;155612372;B01;1;7;0;2;0;26;1;
202300038469;155612368;A01;0;7;0;0;3;16;1;
202300038469;155612370;B01;0;32;0;0;1;1;0;
202300038470;155612369;A01;1;33;0;0;9;0;1;
202300038471;155612366;B01;1;30;0;2;1;17;-1;
202300038471;155612367;A01;2;7;0;2;3;1;-1;
202300038472;155612364;A01;1;31;13;0;9;1;1;
202300038473;155612362;B01;3;60;0;2;1;16;5;
202300038473;155612365;A01;2;7;0;2;7;1;1;
202300038474;155612361;B01;2;7;0;2;8;0;1;
202300038474;155612363;A01;1;7;0;2;1;1;1;
202300038475;155612359;A01;2;33;13;0;0;17;1;
202300038476;155612358;A01;1;7;2;0;1;14;1;
202300038477;155612357;A01;2;33;0;2;0;13;1;
202300038477;155612360;B01;0;7;0;2;1;1;1;
202300038478;155612356;A01;3;7;0;1;2;20;1;
202300038479;155612355;B01;1;7;0;1;0;0;0;
202300038480;155612354;A01;2;2;15;0;0;1;3;
202300038481;155612353;A01;3;2;14;0;0;1;1;
202300038482;155612352;A01;0;50;0;0;0;0;3;
202300038483;155612351;A01;2;33;0;6;1;1;1;
202300038484;155612348;B01;2;33;0;2;1;0;1;
202300038484;155612349;A01;2;7;0;2;4;0;1;
202300038485;155612347;A01;1;36;12;0;0;17;1;
202300038486;155612345;A01;2;50;8;0;1;1;3;
202300038487;155612343;A01;2;7;0;2;1;5;0;
202300038487;155612346;B01;1;33;0;2;1;1;1;
202300038488;155612342;A01;1;31;0;0;1;14;1;
202300038489;155612341;B01;1;7;1;2;8;1;1;
202300038489;155612344;A01;2;7;1;2;8;1;1;
202300038490;155612340;A01;2;7;3;0;1;14;1;
202300038491;155612338;A01;1;7;13;0;1;13;1;
202300038492;155612335;A01;1;7;6;2;9;13;1;
202300038492;155612336;B01;1;7;0;2;2;2;1;
202300038493;155612337;A01;2;1;1;2;1;1;5;
202300038493;155612339;B01;1;7;0;2;5;23;1;
202300038494;155612331;A01;0;99;0;0;0;0;0;
202300038494;155612333;B01;2;3;0;2;5;1;1;
202300038495;155612330;A01;1;7;0;2;1;2;1;
202300038495;155612334;B01;1;7;0;2;4;2;1;
202300038496;155612327;A01;2;7;4;2;3;14;1;
202300038496;155612328;B01;2;43;0;2;8;1;1;
202300038497;155612326;B01;2;7;0;2;8;1;1;
202300038497;155612329;A01;1;7;6;2;1;1;1;
202300038498;155612325;A01;2;33;0;2;3;2;1;
202300038498;155612332;B01;2;33;0;0;5;2;1;
202300038499;155612321;A01;1;7;0;2;3;1;1;
202300038499;155612323;B01;2;33;0;2;0;13;1;
202300038500;155612320;C01;1;7;0;2;8;1;1;
202300038500;155612322;B01;1;7;0;2;6;1;1;
202300038500;155612324;A01;1;7;0;2;2;21;1;
202300038501;155612314;A01;2;14;4;0;1;13;1;
202300038502;155612312;A01;1;7;5;0;3;13;1;
202300038503;155612310;A01;1;7;0;1;8;1;1;
202300038504;155612304;G01;1;7;0;2;4;1;1;
202300038504;155612306;A01;1;7;0;2;8;1;2;
202300038504;155612308;F01;1;7;0;2;4;1;0;
202300038504;155612309;E01;1;7;0;2;4;1;1;
202300038504;155612311;D01;1;7;0;2;4;1;0;
202300038504;155612313;C01;1;7;0;2;1;3;1;
202300038504;155612316;B01;1;7;0;2;4;1;1;
202300038505;155612305;B01;2;15;0;0;4;0;1;
202300038505;155612307;A01;2;7;0;2;1;0;1;
202300038506;155612302;B01;2;7;0;2;1;1;1;
202300038506;155612303;A01;1;10;0;2;3;1;1;
202300038507;155612297;B01;2;1;0;2;1;5;5;
202300038507;155612299;A01;1;7;0;2;1;1;1;
202300038508;155612294;A01;2;17;0;1;2;1;0;
202300038508;155612298;C01;2;7;0;0;3;24;0;
202300038509;155612292;C01;1;7;0;2;4;1;1;
202300038509;155612295;A01;1;7;0;2;2;2;1;
202300038509;155612296;B01;1;7;0;2;6;1;1;
202300038510;155612291;A01;1;7;0;2;3;15;1;
202300038510;155612293;B01;2;1;0;2;2;1;5;
202300038511;155612289;A01;1;7;4;2;1;26;1;
202300038511;155612290;B01;1;7;0;2;4;1;1;
202300038512;155612287;A01;1;7;0;1;2;1;1;
202300038513;155612285;A01;2;7;0;0;1;2;1;
202300038513;155612288;B01;2;7;0;0;4;2;1;
202300038514;155612281;B01;2;7;0;2;7;1;2;
202300038514;155612283;A01;2;50;0;2;8;26;3;
202300038515;155612278;A01;1;7;16;0;7;1;1;
202300038516;155612277;A01;1;7;4;0;0;2;1;
202300038516;155612279;B01;1;7;0;2;1;2;1;
202300038516;155612280;C01;1;7;0;2;2;2;0;
202300038517;155612282;A01;2;7;0;2;1;2;1;
202300038517;155612284;B01;2;7;0;2;4;2;1;
202300038517;155612286;C01;2;7;0;2;4;2;1;
202300038518;155612275;A01;1;10;0;1;2;14;1;
202300038519;155612273;A01;2;7;0;2;1;2;1;
202300038519;155612274;B01;2;7;0;2;4;2;1;
202300038519;155612276;C01;2;7;0;2;4;2;1;
202300038520;155612271;A01;1;7;1;0;1;13;1;
202300038521;155612270;B01;2;7;0;2;3;1;0;
202300038521;155612272;A01;1;7;0;2;3;5;0;
202300038522;155612269;A01;3;7;0;1;2;1;1;
202300038523;155612267;A01;1;7;0;2;1;13;0;
202300038523;155612268;B01;1;2;0;0;4;11;0;
202300038524;155612265;A01;0;31;0;2;1;2;1;
202300038524;155612266;B01;1;7;0;2;6;15;1;
202300038525;155612263;A01;1;33;0;2;1;17;0;
202300038525;155612264;B01;1;7;0;0;8;15;0;
202300038526;155612262;A01;1;7;0;1;2;1;1;
202300038527;155612261;A01;2;7;13;0;9;12;1;
202300038528;155612260;A01;2;7;0;1;3;1;1;
202300038529;155612258;A01;1;7;0;2;8;10;1;
202300038529;155612259;B01;1;99;0;2;1;1;1;
202300038530;155612257;A01;1;10;0;5;2;1;1;
202300038531;155612254;A01;2;7;1;0;3;13;1;
202300038532;155612253;A01;2;7;0;2;3;13;1;
202300038532;155612255;B01;1;7;0;2;1;1;1;
202300038532;155612256;C01;2;7;0;9;0;1;1;
202300038533;155612251;A01;1;7;8;9;3;13;1;
202300038534;155612250;A01;1;7;0;2;3;6;1;
202300038534;155612252;B01;2;7;0;2;2;1;1;
202300038535;155612249;A01;1;7;6;0;1;1;1;
202300038536;155612248;A01;1;33;16;0;1;21;1;
202300038537;155612246;A01;1;7;0;2;8;1;1;
202300038537;155612247;B01;1;7;0;2;1;26;1;
202300038538;155612244;A01;3;7;0;2;1;2;1;
202300038538;155612245;B01;1;7;0;0;4;2;1;
202300038539;155612243;A01;2;33;0;0;1;26;1;
202300038540;155612241;A01;3;7;0;1;3;15;1;
202300038541;155612240;A01;1;7;0;9;7;16;1;
202300038541;155612242;B01;1;1;0;2;8;1;5;
202300038542;155612238;A01;1;7;0;2;2;1;1;
202300038542;155612239;B01;1;50;0;2;1;19;3;
202300038543;155612236;A01;1;7;0;2;3;9;1;
202300038543;155612237;B01;1;33;0;2;2;2;1;
202300038544;155612234;A01;2;7;0;1;1;15;3;
202300038545;155612233;B01;1;30;0;2;8;1;1;
202300038545;155612235;Y01;1;10;0;2;1;9;0;