Num_Acc;id_vehicule;num_veh;senc;catv;obs;obsm;choc;manv;motor;occutc
202300038546;155612230;A01;2;7;8;0;9;1;1;
202300038547;155612229;A01;2;7;0;1;2;2;1;
202300038547;155612231;B01;2;7;1;0;1;2;3;
202300038547;155612232;C01;2;7;1;0;2;2;2;
202300038548;155612228;A01;1;7;15;0;2;14;1;
202300038549;155612221;A01;2;7;0;2;3;18;1;
202300038549;155612223;E01;1;7;0;2;1;1;1;
202300038549;155612225;B01;2;7;0;2;4;23;1;
202300038549;155612226;C01;1;7;0;2;3;1;1;
202300038549;155612227;D01;2;7;0;2;2;1;1;
202300038550;155612219;A01;1;2;0;2;2;17;1;
202300038550;155612220;B01;1;7;0;2;3;13;1;
202300038551;155612218;A01;3;7;2;0;1;13;1;
202300038552;155612217;A01;1;7;0;1;1;1;1;
202300038553;155612216;A01;1;34;13;0;9;1;1;
202300038554;155612215;A01;3;7;8;0;1;15;1;
202300038555;155612213;A01;1;7;0;2;3;9;6;
202300038555;155612214;B01;1;1;0;2;7;9;5;
202300038556;155612212;A01;1;7;0;1;2;1;0;
202300038557;155612208;B01;1;30;0;2;1;2;1;
202300038557;155612209;C01;1;30;0;2;4;2;1;
202300038557;155612211;A01;1;30;0;2;1;2;1;
202300038558;155612207;B01;2;7;0;2;7;15;1;
202300038558;155612210;A01;1;30;0;2;1;2;1;
202300038559;155612206;A01;1;7;4;0;2;14;2;
202300038560;155612204;A01;2;7;0;1;3;1;1;
202300038561;155612203;A01;2;10;0;2;4;4;1;
202300038561;155612205;B01;1;2;0;2;1;9;1;
202300038562;155612202;A01;1;31;0;0;8;3;1;
202300038563;155612200;A01;2;33;0;2;1;13;1;
202300038563;155612201;B01;1;7;0;2;3;1;1;
202300038564;155612199;A01;3;80;14;0;1;9;3;
202300038565;155612195;B01;2;33;0;2;1;1;0;
202300038565;155612197;A01;1;13;0;2;2;15;0;
202300038566;155612196;B01;2;32;0;2;1;1;1;
202300038566;155612198;A01;2;30;0;2;8;10;1;
202300038567;155612193;A01;1;30;0;2;6;1;1;
202300038567;155612194;Z01;1;10;0;0;3;1;4;
202300038568;155612191;A01;3;7;0;2;1;1;1;
202300038568;155612192;B01;3;7;0;2;7;15;1;
202300038569;155612189;B01;2;32;0;2;1;1;1;
202300038569;155612190;A01;1;7;0;2;2;15;1;
202300038570;155612186;A01;2;7;0;2;1;15;1;
202300038570;155612188;B01;1;7;7;2;3;1;1;
202300038571;155612185;A01;1;32;0;2;2;14;1;
202300038571;155612187;B01;1;7;0;2;3;1;1;
202300038572;155612184;A01;1;80;3;0;2;1;3;
202300038573;155612183;A01;3;10;0;1;2;1;3;
202300038574;155612180;B01;3;80;0;2;1;16;3;
202300038574;155612182;A01;3;7;0;2;1;1;1;
202300038575;155612181;A01;3;7;4;0;9;13;1;
202300038576;155612177;B01;2;33;0;2;7;1;1;
202300038576;155612179;A01;1;10;0;2;5;15;1;
202300038577;155612178;Z01;3;7;0;1;2;1;1;
202300038578;155612174;A01;1;7;0;2;3;1;1;
202300038578;155612176;B01;1;7;0;2;1;1;1;
202300038579;155612173;B01;1;7;0;2;2;12;3;
202300038579;155612175;A01;1;32;0;2;1;7;1;
202300038580;155612171;A01;3;1;5;2;3;1;5;
202300038580;155612172;B01;3;1;0;2;1;1;5;
202300038581;155612170;A01;1;37;0;1;2;16;4;1.0
202300038582;155612168;A01;3;50;0;0;0;1;3;
202300038583;155612169;A01;1;7;0;0;0;1;1;
202300038584;155612167;A01;3;80;12;0;1;1;3;
202300038585;155612165;B01;2;33;0;2;1;1;1;
202300038585;155612166;A01;1;10;0;2;1;13;1;
202300038586;155612164;A01;2;7;17;0;3;13;1;
202300038587;155612162;A01;1;34;0;2;1;1;1;
202300038587;155612163;B01;1;1;0;2;2;19;5;
202300038588;155612160;A01;2;7;0;2;3;13;0;
202300038588;155612161;B01;1;10;0;2;3;1;1;
202300038589;155612159;A01;0;7;0;1;1;1;0;
202300038590;155612154;A01;2;7;0;2;1;1;1;
202300038590;155612156;B01;1;7;0;2;1;1;1;
202300038590;155612158;C01;1;7;0;2;3;1;1;
202300038591;155612152;A01;3;7;0;1;2;2;2;
202300038592;155612151;A01;2;31;0;2;1;1;6;
202300038592;155612153;B01;1;10;0;2;7;15;6;
202300038593;155612149;A01;0;10;0;1;4;23;1;
202300038594;155612148;A01;3;7;0;2;7;1;2;
202300038594;155612150;Z01;3;7;0;2;1;9;0;
202300038595;155612147;A01;3;7;0;0;2;0;0;
202300038596;155612144;A01;1;33;0;2;1;1;1;
202300038596;155612145;B01;2;10;0;2;5;15;1;
202300038597;155612146;A01;2;7;0;1;3;1;3;
202300038598;155612142;A01;2;7;0;1;3;1;1;
202300038599;155612141;Z01;3;7;0;2;3;15;1;
202300038599;155612143;A01;3;32;0;2;5;1;1;
202300038600;155612139;A01;2;33;0;0;8;1;1;
202300038600;155612140;B01;1;7;0;2;3;9;1;
202300038601;155612137;A01;2;1;0;2;0;0;5;
202300038601;155612138;B01;3;7;0;2;5;15;1;
202300038602;155612135;B01;1;10;0;2;4;2;1;
202300038602;155612136;A01;1;7;0;2;1;2;1;
202300038603;155612133;A01;2;7;4;0;1;13;1;
202300038604;155612132;B01;2;7;0;2;1;0;3;
202300038604;155612134;A01;1;7;0;2;2;15;1;
202300038605;155612130;A01;2;7;0;2;1;1;1;
202300038605;155612131;B01;2;7;0;2;4;1;1;
202300038606;155612129;A01;1;10;0;1;2;16;1;
202300038607;155612126;B01;1;7;0;2;4;1;1;
202300038607;155612127;C01;1;15;0;2;4;1;1;
202300038607;155612128;A01;1;10;0;2;1;14;1;
202300038608;155612123;B01;1;7;0;2;3;1;1;
202300038608;155612125;A01;2;7;0;2;1;15;1;
202300038609;155612122;A01;2;33;0;2;1;2;1;
202300038609;155612124;B01;2;7;0;2;0;0;1;
202300038610;155612120;Z01;2;7;0;2;7;12;0;
202300038610;155612121;A01;2;33;0;2;8;3;1;
202300038611;155612119;A01;1;7;13;0;1;1;1;
202300038612;155612117;A01;1;7;0;2;5;23;1;
202300038612;155612118;B01;1;10;0;2;1;1;1;
202300038613;155612115;A01;2;10;0;2;3;15;1;
202300038613;155612116;B01;1;7;0;2;3;1;3;
202300038614;155612114;A01;1;33;4;0;8;17;1;
202300038615;155612112;A01;2;7;2;0;7;1;1;
202300038616;155612111;A01;1;34;0;2;1;1;1;
202300038616;155612113;B01;1;7;0;0;4;15;2;
202300038617;155612110;A01;0;7;8;0;1;1;1;
202300038618;155612109;A01;3;7;0;2;5;26;1;
202300038619;155612108;A01;1;7;0;1;3;1;1;
202300038620;155612106;B01;3;7;0;2;3;1;1;
202300038620;155612107;A01;3;15;0;2;8;13;1;
202300038621;155612105;A01;2;7;0;0;9;1;1;
202300038622;155612101;A01;2;1;0;2;4;1;5;
202300038622;155612104;B01;2;7;0;2;2;2;1;
202300038623;155612102;A01;1;7;8;2;3;1;1;
202300038623;155612103;B01;2;7;0;2;3;1;1;
202300038624;155612099;A01;1;32;5;1;0;1;6;
202300038625;155612098;A01;2;7;0;2;1;13;1;
202300038625;155612100;B01;1;10;0;2;1;1;1;
202300038626;155612096;A01;1;7;13;0;1;1;1;
202300038627;155612094;A01;1;7;0;2;8;21;1;
202300038627;155612095;B01;1;7;0;2;7;21;1;
202300038627;155612097;C01;1;7;0;2;1;21;1;
202300038628;155612091;A01;1;7;13;0;0;21;1;
202300038628;155612093;B01;2;7;0;0;0;0;0;
202300038629;155612090;B01;1;7;0;2;6;15;1;
202300038629;155612092;A01;2;31;0;2;1;2;1;
202300038630;155612087;A01;2;3;0;0;6;2;1;
202300038630;155612089;B01;2;7;0;2;2;13;2;
202300038631;155612086;A01;3;30;0;2;1;26;1;
202300038631;155612088;B01;3;2;0;2;1;5;1;
202300038632;155612083;A01;0;7;0;2;1;1;1;
202300038632;155612085;B01;0;7;0;2;8;0;1;
202300038633;155612082;B01;1;7;0;2;3;0;1;
202300038633;155612084;A01;1;50;0;2;3;1;3;
202300038634;155612079;A01;1;2;0;2;1;1;1;
202300038634;155612081;B01;2;7;0;2;3;1;1;
202300038635;155612078;A01;1;10;0;2;1;1;1;
202300038635;155612080;B01;1;7;0;2;4;1;1;
202300038636;155612074;A01;2;7;0;2;8;1;1;
202300038636;155612077;B01;2;7;0;2;1;1;1;
202300038637;155612069;F01;2;7;0;2;4;1;1;
202300038637;155612070;A01;2;7;0;2;1;2;1;
202300038637;155612072;B01;2;7;0;2;4;1;1;
202300038637;155612073;C01;2;7;0;2;4;1;1;
202300038637;155612075;D01;2;7;0;2;4;1;1;
202300038637;155612076;E01;2;7;0;2;4;1;1;
202300038638;155612068;B01;2;7;0;9;1;1;1;
202300038638;155612071;A01;2;50;0;2;7;1;3;
202300038639;155612066;A01;1;7;0;0;9;26;1;
202300038640;155612065;A01;1;7;0;2;3;13;1;
202300038640;155612067;B01;2;7;0;2;2;1;1;
202300038641;155612064;A01;1;10;0;1;1;15;1;
202300038642;155612062;A01;3;7;0;2;1;9;1;
202300038642;155612063;B01;3;7;0;2;8;1;1;
202300038643;155612060;B01;1;33;0;2;1;1;1;
202300038643;155612061;A01;3;7;0;2;7;19;1;
202300038644;155612059;A01;1;31;17;0;1;13;1;
202300038645;155612058;A01;1;7;2;0;3;14;1;
202300038646;155612057;A01;2;7;13;0;1;13;1;
202300038647;155612053;A01;1;7;4;2;1;5;1;
202300038647;155612055;B01;1;7;0;0;0;1;3;
202300038647;155612056;C01;1;7;0;2;1;2;1;
202300038648;155612052;A01;1;7;13;0;1;14;1;
202300038649;155612050;A01;2;7;0;2;1;9;0;
202300038649;155612051;B01;3;7;0;2;2;1;0;
202300038650;155612049;A01;3;7;0;1;3;15;0;
202300038651;155612047;A01;1;7;0;2;2;19;1;
202300038651;155612048;B01;1;7;0;2;2;1;0;
202300038652;155612046;A01;2;7;13;0;1;1;0;
202300038653;155612044;A01;2;7;8;0;0;0;1;
202300038654;155612041;B01;3;32;0;2;1;5;1;
202300038654;155612043;C01;3;7;0;2;1;24;1;
202300038654;155612045;A01;3;7;0;2;1;0;1;
202300038655;155612040;A01;2;7;0;2;1;13;1;
202300038655;155612042;B01;1;7;0;2;1;1;1;
202300038656;155612039;A01;2;7;0;0;0;0;1;
202300038657;155612037;B01;1;7;0;2;1;1;1;
202300038657;155612038;A01;1;1;0;2;1;1;5;
202300038658;155612035;A01;2;7;15;0;3;1;1;
202300038659;155612036;A01;1;7;2;0;1;15;1;
202300038660;155612034;A01;3;7;13;0;0;1;1;
202300038661;155612033;A01;1;7;2;0;1;1;1;
202300038662;155612031;A01;0;30;14;0;1;1;1;
202300038663;155612032;A01;1;7;0;1;3;15;1;
202300038664;155612030;A01;2;33;0;6;1;1;1;
202300038665;155612029;A01;1;3;0;1;7;1;3;
202300038666;155612028;A01;1;7;13;0;1;1;1;
202300038667;155612027;A01;2;30;0;1;4;14;1;
202300038668;155612023;A01;1;34;0;2;3;1;1;
202300038668;155612025;Z01;2;7;0;2;1;1;0;
202300038669;155612022;B01;2;7;0;2;2;1;1;
202300038669;155612024;C01;2;7;0;2;2;1;1;
202300038669;155612026;A01;1;7;3;2;8;13;1;
202300038670;155612020;A01;3;7;0;2;3;9;1;
202300038670;155612021;B01;1;33;0;2;7;1;1;
202300038671;155612018;A01;2;7;0;2;3;1;1;
202300038671;155612019;B01;1;7;0;2;3;13;1;
202300038672;155612016;A01;2;7;0;0;9;1;1;
202300038673;155612015;A01;3;7;0;2;7;1;2;
202300038673;155612017;B01;3;7;0;2;1;9;1;
202300038674;155612012;A01;2;7;0;2;0;1;1;
202300038674;155612013;B01;2;50;0;2;1;19;3;
202300038675;155612011;B01;1;7;7;2;1;1;1;
202300038675;155612014;A01;2;7;8;2;7;19;1;
202300038676;155612009;B01;1;33;0;2;7;1;1;
202300038676;155612010;A01;1;7;0;2;6;15;1;
202300038677;155612008;A01;1;36;0;0;9;0;1;
202300038678;155612007;Z01;1;7;0;1;2;1;0;
202300038679;155612005;A01;1;7;0;2;1;15;1;
202300038679;155612006;B01;1;32;0;0;7;1;1;
202300038680;155612003;B01;1;43;0;2;1;1;1;
202300038680;155612004;A01;2;7;0;2;1;13;1;
202300038681;155612001;A01;1;7;0;2;8;11;1;
202300038681;155612002;B01;1;33;0;2;1;1;1;
202300038682;155612000;A01;1;7;0;1;1;2;1;
202300038683;155611998;A01;1;33;15;0;7;1;1;
202300038684;155611997;A01;3;7;1;0;1;1;1;
202300038684;155611999;B01;3;15;0;0;4;24;1;
202300038685;155611996;A01;1;31;4;0;2;14;1;
202300038686;155611995;A01;3;7;13;0;0;1;1;
202300038687;155611993;A01;3;7;0;1;1;15;1;
202300038688;155611992;B01;1;7;0;2;1;1;1;
202300038688;155611994;A01;2;7;0;2;3;15;1;
202300038689;155611989;A01;3;10;0;2;1;13;1;
202300038689;155611990;B01;3;7;0;2;1;1;1;
202300038690;155611988;B01;1;50;0;2;4;16;3;
202300038690;155611991;A01;2;7;0;9;1;9;1;
202300038691;155611986;B01;2;7;0;2;2;1;1;
202300038691;155611987;A01;1;7;0;2;3;13;1;
202300038692;155611983;A01;2;7;0;1;2;1;1;
202300038693;155611984;A01;1;50;0;0;4;6;3;
202300038693;155611985;B01;1;7;0;0;4;0;1;
202300038694;155611981;B01;3;36;0;2;3;1;1;
202300038694;155611982;A01;3;7;0;2;3;1;1;
202300038695;155611978;A01;1;2;0;2;8;1;1;
202300038695;155611979;B01;2;7;0;0;7;15;1;
202300038696;155611977;A01;1;7;0;2;5;15;3;
202300038696;155611980;B01;2;33;0;2;1;1;1;
202300038697;155611976;A01;1;7;0;0;1;13;1;
202300038698;155611973;A01;1;7;0;2;8;1;1;
202300038698;155611974;B01;1;7;0;2;1;1;1;
202300038698;155611975;C01;2;7;0;2;1;13;1;
202300038699;155611971;A01;0;7;0;2;7;1;0;
202300038699;155611972;B01;3;7;0;2;2;9;0;
202300038700;155611970;Z01;2;7;0;1;1;26;0;
202300038701;155611967;A01;2;7;0;2;3;13;1;
202300038701;155611968;B01;1;7;0;2;3;1;1;
202300038702;155611969;A01;2;7;13;0;1;1;1;
202300038703;155611965;A01;0;7;0;2;4;4;1;
202300038703;155611966;B01;0;7;0;2;1;2;1;
202300038704;155611963;A01;1;33;0;0;1;0;1;
202300038705;155611962;A01;1;7;0;2;2;15;1;
202300038705;155611964;B01;2;33;0;2;1;1;1;
202300038706;155611960;A01;0;3;0;2;1;2;1;
202300038706;155611961;B01;1;7;0;2;4;1;1;
202300038707;155611957;B01;0;7;0;2;2;9;0;
202300038707;155611958;A01;3;7;0;2;1;1;0;
202300038708;155611956;B01;1;7;0;2;7;1;1;
202300038708;155611959;A01;1;10;0;2;1;9;1;
202300038709;155611955;A01;0;14;0;1;4;4;0;
202300038710;155611952;B01;3;7;0;2;5;26;1;
202300038710;155611954;A01;3;7;0;2;1;26;3;
202300038711;155611953;A01;1;7;2;0;1;1;1;
202300038712;155611949;A01;1;7;0;2;1;1;1;
202300038712;155611951;B01;1;7;0;2;4;23;2;
202300038713;155611948;A01;2;7;0;2;6;11;1;
202300038713;155611950;B01;2;33;0;2;2;11;1;
202300038714;155611946;B01;3;7;0;2;1;1;1;
202300038714;155611947;A01;3;7;0;2;1;1;1;
202300038715;155611944;A01;1;7;0;2;8;26;1;
202300038715;155611945;B01;1;7;0;2;1;17;1;
202300038716;155611943;A01;1;7;1;2;1;14;1;
202300038717;155611939;B01;2;7;0;2;8;15;1;
202300038717;155611942;A01;1;30;0;2;1;17;1;
202300038718;155611938;B01;2;7;0;2;1;1;1;
202300038718;155611940;C01;2;32;0;2;1;1;1;
202300038718;155611941;A01;2;7;0;2;4;1;1;
202300038719;155611933;A01;1;31;0;0;1;0;0;
202300038719;155611935;B01;1;7;0;0;3;20;0;
202300038720;155611929;A01;3;7;0;2;1;15;1;
202300038720;155611931;B01;3;2;0;2;1;1;1;
202300038721;155611930;A01;2;7;0;2;4;1;1;
202300038721;155611932;B01;2;7;0;2;4;0;1;
202300038721;155611934;C01;2;7;3;2;3;0;1;
202300038722;155611926;A01;2;7;0;0;8;1;1;
202300038722;155611928;B01;1;33;0;0;1;1;1;
202300038723;155611927;A01;1;7;4;0;1;1;1;
202300038724;155611925;A01;1;7;5;0;1;14;1;
202300038725;155611922;B01;2;7;0;2;5;1;1;
202300038725;155611924;A01;2;33;0;2;3;3;1;
202300038726;155611918;B01;2;32;0;2;2;1;3;
202300038726;155611919;A01;2;7;0;2;3;11;1;
202300038726;155611920;C01;2;32;0;2;1;11;3;
202300038727;155611921;A01;1;10;0;2;1;1;1;
202300038727;155611923;B01;1;7;0;2;4;1;1;
202300038728;155611917;A01;2;7;0;1;2;16;1;
202300038729;155611916;A01;2;7;0;1;3;1;2;
202300038730;155611914;B01;1;7;0;2;8;22;1;
202300038730;155611915;A01;1;80;0;2;2;2;3;
202300038731;155611913;A01;1;7;0;1;1;1;1;
202300038732;155611909;A01;2;7;0;2;2;16;1;
202300038732;155611910;B01;2;1;0;2;1;1;5;
202300038733;155611907;A01;1;7;0;2;7;22;1;
202300038733;155611908;B01;1;1;0;2;1;1;5;
202300038734;155611905;A01;1;7;0;2;2;15;1;
202300038734;155611906;B01;2;43;0;2;1;1;1;
202300038735;155611903;A01;3;7;0;2;5;22;1;
202300038735;155611904;B01;3;1;0;2;1;1;5;
202300038736;155611902;A01;1;1;0;1;1;1;5;
202300038737;155611901;A01;1;7;0;1;1;1;1;
202300038738;155611900;A01;1;7;0;1;1;15;0;
202300038739;155611899;A01;1;7;0;1;2;1;1;
202300038740;155611897;A01;1;7;0;2;1;1;1;
202300038740;155611898;B01;2;7;0;2;3;15;1;
202300038741;155611896;A01;2;31;0;6;1;1;1;
202300038742;155611895;A01;2;7;0;1;1;1;0;
202300038743;155611894;A01;2;7;13;0;3;1;1;
202300038744;155611892;A01;2;7;0;2;3;13;1;
202300038744;155611893;B01;2;43;0;2;0;0;1;
202300038745;155611891;A01;1;33;13;0;1;1;1;
202300038746;155611887;C01;1;7;0;2;4;1;1;
202300038746;155611889;B01;1;7;0;2;4;1;1;
202300038746;155611890;A01;1;10;0;2;1;1;1;
202300038747;155611886;A01;1;13;0;2;3;1;1;
202300038747;155611888;B01;2;7;0;2;1;13;1;
202300038748;155611885;A01;1;32;0;0;0;1;1;
202300038749;155611884;A01;1;7;12;0;9;1;1;
202300038750;155611882;A01;0;0;0;1;1;0;0;
202300038751;155611883;A01;2;7;3;0;0;0;1;
202300038752;155611881;A01;0;0;0;1;1;1;0;
202300038753;155611879;A01;1;7;0;2;3;13;1;
202300038753;155611880;B01;2;7;0;2;3;1;1;
202300038754;155611878;A01;0;7;0;1;4;4;1;
202300038755;155611876;A01;1;7;0;0;6;15;1;
202300038755;155611877;B01;1;33;0;2;1;2;1;
202300038756;155611874;A01;2;7;0;2;8;1;1;
202300038756;155611875;B01;1;10;0;2;1;1;1;
202300038757;155611871;A01;1;7;0;2;1;12;1;
202300038757;155611872;B01;1;7;0;2;4;1;1;
202300038757;155611873;C01;1;10;0;0;5;1;1;
202300038758;155611869;A01;1;7;0;2;8;20;1;
202300038758;155611870;B01;1;30;0;2;7;1;1;
202300038759;155611866;A01;0;7;0;1;1;1;1;
202300038760;155611867;B01;1;33;0;2;1;1;1;
202300038760;155611868;A01;1;7;0;2;3;19;1;
202300038761;155611865;A01;2;43;0;1;1;2;1;
202300038762;155611864;A01;1;2;0;0;8;1;1;
202300038763;155611861;A01;2;7;0;2;7;24;0;
202300038763;155611863;B01;2;99;1;0;1;1;0;
202300038764;155611860;A01;2;10;0;2;8;17;1;
202300038764;155611862;B01;2;33;3;2;7;17;1;
202300038765;155611859;A01;1;7;0;1;2;1;1;
202300038766;155611858;A01;2;33;6;0;2;1;1;
202300038767;155611855;A01;1;7;0;2;1;2;1;
202300038767;155611857;B01;1;7;3;0;4;2;1;
202300038768;155611854;A01;1;7;0;2;1;1;0;
202300038768;155611856;B01;2;7;0;2;1;13;0;
202300038769;155611853;A01;1;2;0;0;9;1;1;
202300038770;155611851;A01;1;7;2;5;1;1;0;
202300038771;155611850;A01;3;10;0;2;1;9;1;
202300038771;155611852;B01;3;1;0;2;7;9;5;
202300038772;155611849;A01;1;7;13;0;1;1;1;
202300038773;155611845;B01;3;7;0;2;1;1;1;
202300038773;155611846;A01;3;7;0;2;1;5;1;
202300038774;155611844;A01;2;7;0;2;3;13;1;
202300038774;155611847;B01;1;10;0;2;3;1;1;
202300038774;155611848;C01;1;14;0;2;1;2;1;
202300038775;155611842;A01;2;15;0;2;1;2;1;
202300038775;155611843;B01;1;7;0;2;7;19;1;
202300038776;155611840;A01;2;7;0;2;7;17;1;
202300038776;155611841;B01;2;1;0;0;6;1;5;
202300038777;155611839;A01;2;10;0;1;3;1;1;
202300038778;155611834;A01;1;7;0;2;1;1;1;
202300038778;155611836;B01;1;7;0;0;4;1;1;
202300038778;155611837;C01;1;7;0;0;4;1;1;
202300038778;155611838;D01;1;7;0;0;4;1;1;
202300038779;155611833;A01;2;7;0;2;2;19;1;
202300038779;155611835;B01;2;10;0;2;1;1;1;
202300038780;155611830;A01;2;7;0;2;3;1;1;
202300038780;155611832;B01;1;7;0;2;3;1;1;
202300038781;155611829;A01;1;7;0;0;0;23;1;
202300038782;155611825;A01;1;7;0;2;2;15;1;
202300038782;155611827;B01;2;7;0;2;1;1;1;
202300038783;155611824;A01;2;7;0;9;2;17;1;
202300038783;155611826;B01;2;1;0;0;4;1;5;
202300038784;155611823;A01;1;2;0;0;8;14;1;
202300038785;155611819;B01;3;7;0;2;1;15;1;
202300038785;155611821;A01;3;2;0;2;8;1;1;
202300038786;155611818;A01;2;7;8;0;3;1;1;
202300038787;155611820;B01;3;7;0;2;6;0;1;
202300038787;155611822;A01;3;33;0;2;1;1;1;
202300038788;155611817;A01;1;43;3;0;3;1;1;
202300038789;155611814;A01;3;7;0;2;8;9;1;
202300038789;155611816;B01;2;10;0;2;1;1;1;
202300038790;155611813;A01;1;2;0;2;7;1;1;
202300038790;155611815;B01;2;7;0;2;3;16;2;
202300038791;155611812;A01;2;7;2;0;1;0;1;
202300038792;155611811;A01;1;7;0;1;2;0;1;
202300038793;155611810;A01;3;1;0;0;0;0;5;
202300038794;155611809;A01;2;7;13;0;9;1;1;
202300038795;155611808;A01;2;7;13;0;2;1;1;
202300038796;155611807;A01;3;7;6;0;7;1;1;
202300038797;155611803;A01;3;7;0;2;1;1;1;
202300038797;155611804;B01;3;10;0;2;8;1;1;
202300038798;155611805;B01;3;7;0;2;8;1;1;
202300038798;155611806;A01;3;33;0;2;3;15;1;
202300038799;155611801;B01;1;1;0;0;7;1;5;
202300038799;155611802;A01;1;7;0;9;3;9;1;
202300038800;155611797;B01;2;1;0;2;4;1;5;
202300038800;155611798;A01;2;7;0;2;0;14;0;
202300038801;155611799;A01;0;2;0;2;2;17;1;
202300038801;155611800;B01;3;7;0;2;3;15;1;
202300038802;155611796;A01;1;7;0;1;1;2;1;
202300038803;155611795;A01;1;33;0;6;1;2;1;
202300038804;155611794;A01;2;10;13;0;3;1;1;
202300038805;155611793;A01;2;33;0;0;8;1;1;
202300038806;155611790;B01;1;7;0;2;3;15;1;
202300038806;155611792;A01;2;33;9;2;3;1;1;
202300038807;155611789;A01;2;7;0;2;2;1;1;
202300038807;155611791;B01;2;1;0;2;0;19;5;
202300038808;155611786;A01;1;7;0;2;3;17;1;
202300038808;155611788;B01;2;7;0;2;1;1;1;
202300038809;155611785;C01;1;7;0;2;3;19;1;
202300038809;155611787;B01;2;33;0;2;8;1;1;
202300038810;155611779;A01;2;31;0;0;1;17;0;
202300038810;155611781;B01;2;7;0;0;8;15;0;
202300038811;155611777;A01;2;7;3;2;3;1;1;
202300038811;155611778;F01;1;7;0;2;1;1;1;
202300038811;155611780;D01;2;7;0;2;1;13;1;
202300038811;155611782;B01;2;7;0;2;1;2;1;
202300038811;155611783;E01;1;7;0;2;1;1;1;
202300038811;155611784;C01;2;7;0;2;1;11;1;
202300038812;155611774;A01;1;31;0;6;8;13;1;
202300038812;155611776;B01;2;7;0;2;6;1;1;
202300038813;155611773;A01;1;10;3;2;1;2;1;
202300038813;155611775;B01;1;17;0;0;4;2;1;
202300038814;155611769;A01;1;7;0;2;2;2;1;
202300038814;155611772;B01;2;17;0;0;5;2;1;
202300038815;155611766;A01;2;10;4;0;3;21;1;
202300038815;155611767;E01;2;7;0;2;5;21;1;
202300038815;155611768;D01;2;7;4;2;4;21;1;
202300038815;155611770;C01;2;7;3;2;1;21;1;
202300038815;155611771;B01;2;7;3;2;6;21;1;
202300038816;155611763;A01;1;7;3;0;0;1;0;
202300038817;155611762;A01;1;7;0;2;4;2;1;
202300038817;155611764;B01;1;7;0;2;1;2;1;
202300038817;155611765;C01;2;15;0;2;3;1;1;
202300038818;155611758;B01;2;7;0;2;4;2;1;
202300038818;155611760;C01;2;7;3;0;3;2;1;
202300038818;155611761;A01;2;7;3;2;1;2;1;
202300038819;155611755;B01;2;7;0;2;1;1;1;
202300038819;155611756;A01;1;7;0;2;1;13;1;
202300038820;155611754;A01;2;10;1;0;1;2;1;
202300038820;155611757;B01;2;10;0;2;4;2;1;
202300038820;155611759;C01;2;15;0;0;6;1;1;
202300038821;155611753;A01;2;7;16;0;0;1;1;
202300038822;155611751;A01;1;7;0;0;0;16;0;
202300038822;155611752;B01;1;31;0;0;9;1;1;
202300038823;155611750;A01;1;31;0;0;9;1;1;
202300038824;155611747;A01;2;7;14;0;9;1;1;
202300038825;155611745;B01;1;7;0;2;4;2;1;
202300038825;155611746;C01;1;7;0;2;4;1;1;
202300038825;155611748;D01;1;7;0;2;6;1;1;
202300038825;155611749;A01;1;7;0;2;2;1;1;
202300038826;155611741;A01;2;1;0;0;0;2;5;
202300038827;155611740;A01;2;7;0;2;2;2;2;
202300038827;155611742;B01;2;7;0;0;6;2;1;
202300038828;155611738;A01;2;7;13;0;7;1;1;
202300038829;155611737;A01;1;15;3;2;8;1;1;
202300038829;155611739;B01;1;10;0;2;2;1;1;
202300038830;155611735;B01;0;10;0;2;1;9;0;
202300038830;155611736;A01;0;10;0;0;4;9;0;
202300038831;155611732;A01;1;7;4;0;1;1;1;
202300038832;155611733;A01;3;7;0;2;3;19;1;
202300038832;155611734;B01;2;7;0;2;3;1;1;
202300038833;155611729;A01;1;7;0;2;8;15;0;
202300038833;155611730;B01;1;31;0;2;0;17;0;
202300038834;155611728;A01;3;80;0;1;8;1;3;
202300038835;155611724;A01;1;7;0;2;3;13;1;
202300038835;155611726;B01;1;31;0;2;3;1;1;
202300038836;155611725;A01;1;7;0;2;1;16;1;
202300038836;155611727;B01;2;33;0;2;7;1;1;
202300038837;155611722;A01;1;33;0;5;1;1;1;
202300038838;155611721;A01;3;7;0;2;3;15;1;
202300038838;155611723;B01;3;34;0;2;1;1;1;
202300038839;155611718;B01;3;13;1;2;8;15;1;
202300038839;155611720;A01;0;33;0;2;1;1;1;
202300038840;155611717;B01;1;2;0;2;1;1;1;
202300038840;155611719;A01;2;7;0;2;3;15;1;
202300038841;155611716;A01;2;33;0;0;0;1;1;
202300038842;155611713;B01;2;33;0;2;0;1;1;
202300038842;155611715;A01;1;7;0;2;3;13;1;
202300038843;155611712;B01;2;50;0;2;4;1;3;
202300038843;155611714;A01;2;7;0;2;1;18;1;
202300038844;155611710;A01;1;33;0;2;1;1;0;
202300038845;155611711;A01;1;33;13;0;1;17;1;
202300038846;155611707;A01;2;7;0;2;1;5;1;
202300038846;155611709;B01;1;7;0;2;2;1;1;
202300038847;155611706;A01;2;7;12;0;3;16;1;
202300038848;155611705;A01;0;10;0;1;8;19;1;
202300038849;155611704;A01;2;31;0;2;1;1;1;