Num_Acc;id_vehicule;num_veh;senc;catv;obs;obsm;choc;manv;motor;occutc
202300038850;155611701;B01;1;7;0;2;3;2;1;
202300038850;155611702;A01;1;7;0;2;2;21;1;
202300038851;155611700;B01;2;1;0;2;6;15;5;
202300038851;155611703;A01;2;7;0;2;2;16;1;
202300038852;155611697;B01;1;7;0;2;2;1;1;
202300038852;155611699;A01;1;7;0;2;3;1;1;
202300038853;155611696;A01;2;7;0;2;3;15;1;
202300038853;155611698;B01;2;33;0;2;7;1;6;
202300038854;155611694;A01;3;7;9;0;1;0;1;
202300038855;155611693;A01;2;7;0;2;3;13;0;
202300038855;155611695;B01;1;10;0;2;1;1;1;
202300038856;155611692;A01;1;7;3;0;1;13;1;
202300038857;155611690;A01;2;7;0;2;3;1;1;
202300038857;155611691;B01;1;32;0;2;0;5;0;
202300038858;155611686;C01;1;7;0;2;4;23;1;
202300038858;155611688;B01;1;7;0;2;4;23;1;
202300038858;155611689;A01;1;10;0;2;1;1;1;
202300038859;155611685;A01;1;7;0;2;3;15;1;
202300038859;155611687;B01;2;32;0;2;1;1;1;
202300038860;155611683;A01;1;7;0;1;1;9;1;
202300038861;155611682;A01;1;7;0;2;3;0;1;
202300038861;155611684;B01;2;7;0;2;7;1;0;
202300038862;155611679;A01;1;7;0;2;3;13;1;
202300038862;155611681;B01;2;7;0;2;3;1;1;
202300038863;155611680;A01;1;7;0;1;1;16;1;
202300038864;155611676;A01;1;31;0;2;7;1;1;
202300038864;155611678;B01;1;0;0;2;8;11;0;
202300038865;155611674;A01;2;33;4;0;3;1;1;
202300038866;155611671;B01;1;7;0;2;7;1;1;
202300038866;155611672;A01;1;7;0;2;7;1;1;
202300038867;155611668;A01;2;33;0;2;1;12;1;
202300038867;155611669;B01;2;33;0;2;4;1;1;
202300038868;155611667;A01;3;7;2;0;2;0;1;
202300038869;155611664;A01;2;7;0;2;1;1;0;
202300038869;155611666;B01;2;7;0;2;4;1;0;
202300038870;155611663;A01;3;10;0;2;7;17;1;
202300038870;155611665;B01;3;50;0;2;1;1;3;
202300038871;155611660;A01;2;33;0;2;4;3;1;
202300038871;155611662;B01;2;10;0;2;3;11;1;
202300038872;155611659;B01;2;2;0;2;1;1;1;
202300038872;155611661;A01;2;7;0;2;3;15;1;
202300038873;155611656;A01;2;15;0;2;3;13;1;
202300038873;155611657;B01;2;7;0;2;7;1;1;
202300038873;155611658;C01;2;7;0;2;7;9;1;
202300038874;155611655;A01;1;7;0;1;1;15;1;
202300038875;155611653;A01;2;32;0;2;3;3;1;
202300038875;155611654;B01;2;7;0;2;2;12;1;
202300038876;155611652;A01;2;7;0;1;1;1;1;
202300038877;155611648;A01;2;7;0;2;8;11;0;
202300038877;155611650;B01;2;33;0;2;1;3;0;
202300038877;155611651;C01;2;7;0;2;5;23;3;
202300038878;155611649;A01;1;7;0;1;0;15;0;
202300038879;155611645;A01;1;33;0;2;3;1;1;
202300038879;155611647;B01;1;7;0;2;7;1;1;
202300038880;155611644;B01;1;7;0;2;1;2;1;
202300038880;155611646;A01;1;7;0;2;4;2;1;
202300038881;155611641;C01;2;7;0;2;3;1;1;
202300038881;155611642;A01;2;10;0;2;5;11;1;
202300038881;155611643;B01;2;33;0;2;3;1;1;
202300038882;155611639;A01;1;7;0;2;3;1;1;
202300038882;155611640;B01;2;7;0;2;8;1;1;
202300038883;155611635;A01;2;7;0;2;3;0;1;
202300038883;155611637;B01;2;33;0;2;1;1;1;
202300038883;155611638;C01;2;10;0;2;5;1;1;
202300038884;155611634;B01;1;50;0;2;0;0;3;
202300038884;155611636;A01;1;7;0;2;1;19;0;
202300038885;155611632;A01;1;32;0;2;1;12;1;
202300038885;155611633;B01;1;10;0;2;6;1;0;
202300038886;155611630;A01;2;99;0;2;7;25;3;
202300038886;155611631;B01;3;99;0;2;1;19;5;
202300038887;155611628;B01;1;10;0;0;4;14;1;
202300038887;155611629;A01;1;7;0;2;2;1;2;
202300038888;155611626;A01;1;10;0;2;1;2;1;
202300038888;155611627;B01;1;14;0;2;4;1;1;
202300038889;155611620;A01;1;7;0;2;1;5;1;
202300038889;155611623;B01;2;7;0;2;1;21;1;
202300038890;155611619;C01;2;10;0;2;4;2;1;
202300038890;155611621;D01;2;33;0;2;2;3;1;
202300038890;155611622;E01;2;7;0;2;7;1;1;
202300038890;155611624;A01;2;10;0;2;1;2;1;
202300038890;155611625;B01;2;7;0;2;4;2;1;
202300038891;155611615;A01;1;31;0;2;8;3;1;
202300038891;155611617;B01;1;7;0;2;5;12;1;
202300038892;155611616;A01;2;7;0;2;1;13;1;
202300038892;155611618;B01;1;37;0;2;3;1;2;1.0
202300038893;155611613;A01;1;43;0;2;2;3;1;
202300038893;155611614;B01;1;7;0;2;6;1;1;
202300038894;155611611;B01;1;7;0;4;1;9;0;
202300038894;155611612;A01;2;40;0;2;3;1;3;
202300038895;155611609;A01;2;7;0;2;4;1;1;
202300038895;155611610;B01;2;10;-1;2;1;1;0;
202300038896;155611605;A01;2;33;0;2;3;3;1;
202300038896;155611607;B01;2;33;0;2;4;1;1;
202300038897;155611606;A01;1;7;0;2;0;15;1;
202300038897;155611608;B01;2;7;0;2;0;1;1;
202300038898;155611602;A01;2;20;0;2;1;3;1;
202300038898;155611604;B01;2;7;0;2;2;12;1;
202300038899;155611601;A01;1;14;0;2;2;12;1;
202300038899;155611603;B01;1;7;0;2;6;1;1;
202300038900;155611598;B01;1;7;0;2;4;2;1;
202300038900;155611600;A01;1;7;0;2;2;26;1;
202300038901;155611597;B01;2;7;0;2;4;1;1;
202300038901;155611599;A01;2;7;0;2;1;1;1;
202300038902;155611595;B01;0;10;0;0;6;11;1;
202300038902;155611596;A01;0;33;0;2;1;1;1;
202300038903;155611593;B01;2;34;0;0;8;21;1;
202300038903;155611594;Z01;1;7;0;0;0;9;0;
202300038904;155611592;A01;1;7;0;0;0;1;1;
202300038905;155611591;A01;3;37;0;1;2;1;1;1.0
202300038906;155611590;A01;1;7;0;9;0;26;1;
202300038907;155611589;A01;2;7;0;1;7;1;1;
202300038908;155611588;A01;2;7;0;1;2;1;1;
202300038909;155611586;A01;1;2;0;2;1;15;1;
202300038909;155611587;B01;1;7;0;2;7;0;1;
202300038910;155611585;A01;3;7;8;0;1;14;1;
202300038911;155611583;A01;1;7;0;2;1;26;1;
202300038911;155611584;B01;2;7;0;2;1;1;1;
202300038912;155611579;B01;1;7;0;2;4;1;1;
202300038912;155611581;C01;1;7;0;2;0;0;1;
202300038912;155611582;A01;1;7;2;0;1;0;1;
202300038913;155611580;A01;2;7;0;1;1;15;1;
202300038914;155611577;A01;3;7;0;1;0;25;2;
202300038915;155611574;A01;1;7;0;2;3;13;1;
202300038915;155611575;B01;1;10;0;2;7;1;1;
202300038915;155611576;C01;1;43;0;2;6;1;1;
202300038915;155611578;D01;1;1;0;2;6;1;0;
202300038916;155611573;A01;1;7;0;1;3;0;1;
202300038917;155611571;A01;2;7;8;2;3;16;1;
202300038917;155611572;B01;2;14;0;2;0;16;1;
202300038918;155611570;A01;1;38;0;1;2;1;1;1.0
202300038919;155611567;A01;1;7;0;2;1;2;1;
202300038919;155611568;B01;1;7;0;2;4;2;1;
202300038919;155611569;C01;1;7;0;2;4;2;1;
202300038920;155611566;A01;1;10;0;1;1;15;1;
202300038921;155611562;A01;2;37;0;1;7;26;6;1.0
202300038922;155611560;A01;2;31;0;2;1;17;1;
202300038922;155611561;B01;2;10;0;2;3;9;1;
202300038923;155611559;A01;1;7;0;1;1;15;1;
202300038924;155611557;B01;1;7;0;2;2;1;1;
202300038924;155611558;A01;1;7;0;2;1;1;1;
202300038925;155611556;A01;1;50;0;1;1;17;3;
202300038926;155611555;A01;0;7;0;1;3;1;1;
202300038927;155611552;A01;3;7;0;1;2;15;1;
202300038928;155611553;A01;2;17;0;2;6;13;1;
202300038928;155611554;B01;1;7;0;2;1;1;1;
202300038929;155611550;A01;1;7;0;2;1;1;1;
202300038929;155611551;B01;1;7;0;2;4;23;1;
202300038930;155611549;A01;1;30;0;1;1;1;3;
202300038931;155611547;B01;2;2;0;2;1;0;1;
202300038931;155611548;A01;2;7;0;2;1;9;1;
202300038932;155611545;A01;1;7;0;2;0;26;1;
202300038932;155611546;B01;1;33;0;2;1;1;1;
202300038933;155611541;A01;1;7;13;0;1;1;1;
202300038934;155611540;B01;2;7;0;2;1;1;1;
202300038934;155611542;A01;2;7;0;2;4;1;1;
202300038935;155611537;B01;3;50;0;2;0;1;3;
202300038935;155611539;A01;3;7;0;9;1;16;1;
202300038936;155611536;B01;1;80;0;2;1;0;3;
202300038936;155611538;A01;1;7;0;2;3;26;1;
202300038937;155611534;A01;1;10;8;2;1;1;1;
202300038937;155611535;B01;1;7;0;2;7;1;1;
202300038938;155611532;A01;1;7;0;2;7;15;1;
202300038938;155611533;B01;2;33;0;2;1;1;1;
202300038939;155611531;A01;0;7;0;1;3;15;0;
202300038940;155611529;A01;1;30;0;2;2;9;1;
202300038940;155611530;B01;1;7;0;2;3;1;1;
202300038941;155611527;A01;1;7;0;2;2;15;0;
202300038941;155611528;B01;2;50;0;2;3;2;3;
202300038942;155611525;A01;2;7;0;2;2;15;1;
202300038942;155611526;B01;1;34;0;2;1;1;1;
202300038943;155611523;B01;3;33;0;2;1;2;1;
202300038943;155611524;A01;3;1;0;2;8;15;5;
202300038944;155611522;A01;3;7;0;1;1;16;3;
202300038945;155611515;Z01;1;7;0;2;1;1;1;
202300038945;155611517;A01;1;1;0;2;4;23;5;
202300038945;155611518;B01;1;1;0;2;4;23;5;
202300038946;155611513;A01;2;7;0;2;1;15;1;
202300038946;155611514;B01;1;30;0;2;3;1;1;
202300038947;155611512;A01;1;7;1;0;1;14;1;
202300038948;155611509;B01;3;1;0;2;1;19;5;
202300038948;155611511;A01;3;10;0;2;2;1;6;
202300038949;155611508;A01;0;7;0;2;2;15;1;
202300038949;155611510;B01;0;32;0;2;1;1;1;
202300038950;155611507;A01;3;32;0;2;0;0;1;
202300038951;155611503;A01;2;31;0;2;7;17;1;
202300038951;155611505;C01;1;7;0;2;1;1;1;
202300038951;155611506;B01;2;7;0;2;8;2;1;
202300038952;155611502;A01;3;7;0;2;1;1;1;
202300038952;155611504;B01;3;10;0;2;1;15;1;
202300038953;155611500;B01;3;1;0;2;8;19;5;
202300038953;155611501;A01;1;7;0;2;2;1;2;
202300038954;155611499;A01;1;50;0;1;1;17;3;
202300038955;155611496;A01;1;7;0;2;2;15;1;
202300038955;155611498;B01;2;7;0;2;1;1;1;
202300038956;155611495;A01;2;2;0;2;1;1;1;
202300038956;155611497;B01;1;7;0;2;2;15;1;
202300038957;155611492;A01;3;7;0;2;3;15;1;
202300038957;155611494;B01;3;7;0;2;1;1;1;
202300038958;155611490;A01;3;7;0;2;2;15;1;
202300038958;155611491;B01;3;7;0;2;1;1;1;
202300038958;155611493;C01;3;7;0;2;1;23;1;
202300038959;155611488;A01;2;7;9;2;2;1;1;
202300038959;155611489;B01;2;7;0;2;6;13;1;
202300038960;155611486;A01;3;7;9;0;2;16;1;
202300038961;155611485;A01;1;50;0;4;1;13;3;
202300038961;155611487;B01;2;40;0;2;3;1;3;
202300038962;155611482;A01;1;7;0;2;1;1;1;
202300038962;155611483;B01;1;7;0;2;4;2;1;
202300038963;155611478;A01;1;33;0;2;1;17;1;
202300038963;155611480;B01;1;50;0;2;1;19;3;
202300038964;155611477;B01;1;1;0;0;1;0;5;
202300038964;155611479;A01;0;7;0;0;0;26;2;
202300038965;155611476;A01;2;10;0;0;1;14;1;
202300038966;155611475;A01;3;17;0;1;2;1;1;
202300038967;155611473;A01;2;3;0;2;2;15;1;
202300038967;155611474;B01;1;10;0;2;3;1;1;
202300038968;155611472;A01;1;7;0;1;1;14;0;
202300038969;155611470;A01;3;7;14;0;9;16;1;
202300038970;155611469;A01;1;7;0;2;2;1;1;
202300038970;155611471;B01;1;7;0;2;5;15;1;
202300038971;155611467;A01;1;32;0;0;6;15;1;
202300038972;155611466;B01;1;33;0;2;1;17;1;
202300038972;155611468;A01;1;7;0;2;1;15;1;
202300038973;155611463;A01;3;7;0;2;1;13;1;
202300038973;155611465;B01;3;7;0;2;1;1;1;
202300038974;155611462;B01;1;7;0;2;0;0;1;
202300038974;155611464;A01;3;31;0;2;1;2;0;
202300038975;155611461;A01;3;7;0;1;1;15;1;
202300038976;155611458;A01;2;10;0;2;2;1;1;
202300038976;155611460;B01;1;33;0;2;2;1;1;
202300038977;155611457;A01;3;7;0;2;1;15;1;
202300038977;155611459;B01;1;2;0;2;8;1;1;
202300038978;155611455;A01;0;7;0;1;1;0;1;
202300038979;155611454;B01;2;7;0;2;3;1;1;
202300038979;155611456;A01;2;7;3;2;2;1;1;
202300038980;155611449;A01;1;33;0;2;1;17;1;
202300038980;155611451;B01;1;7;0;2;8;15;1;
202300038981;155611450;B01;1;7;0;2;4;23;1;
202300038981;155611452;A01;1;7;0;2;1;1;1;
202300038982;155611448;A01;1;33;0;0;0;1;1;
202300038983;155611446;B01;1;10;0;2;1;23;1;
202300038983;155611447;A01;2;33;0;2;1;13;1;
202300038984;155611445;A01;0;7;0;1;3;1;1;
202300038985;155611444;A01;1;10;0;1;2;9;1;
202300038986;155611442;A01;2;7;0;2;1;10;1;
202300038986;155611443;B01;1;31;0;2;8;1;1;
202300038987;155611441;A01;1;34;0;1;1;1;1;
202300038988;155611440;A01;3;7;0;1;2;1;1;
202300038989;155611435;A01;3;7;7;0;1;0;1;
202300038990;155611436;B01;1;32;0;2;7;1;1;
202300038990;155611438;A01;2;7;0;2;3;9;1;
202300038991;155611433;A01;2;10;0;2;1;1;1;
202300038991;155611434;B01;2;7;0;2;4;1;1;
202300038992;155611432;A01;1;80;0;1;1;1;3;
202300038993;155611431;A01;3;37;0;1;2;1;1;1.0
202300038994;155611429;A01;0;7;0;1;3;1;3;
202300038995;155611428;B01;1;80;0;2;4;1;3;
202300038995;155611430;A01;1;7;0;2;1;1;2;
202300038996;155611426;A01;2;7;0;2;1;13;1;
202300038996;155611427;B01;1;7;0;2;3;1;1;
202300038997;155611425;A01;1;80;0;0;0;21;3;
202300038998;155611423;A01;1;7;0;2;1;1;1;
202300038998;155611424;B01;1;7;0;2;1;1;1;
202300038999;155611422;Z01;2;80;0;1;8;1;3;
202300039000;155611420;A01;0;7;0;9;2;16;1;
202300039000;155611421;B01;0;1;0;2;8;1;5;
202300039001;155611418;B01;2;33;0;2;1;1;1;
202300039001;155611419;A01;1;7;0;2;5;15;1;
202300039002;155611417;A01;1;30;14;0;1;26;1;
202300039003;155611413;A01;2;7;0;2;1;1;1;
202300039003;155611415;B01;1;7;0;2;4;2;1;
202300039004;155611414;A01;2;7;0;2;3;26;1;
202300039004;155611416;B01;1;33;0;2;1;21;1;
202300039005;155611409;A01;3;7;0;2;2;1;1;
202300039005;155611411;B01;3;32;0;2;1;1;1;
202300039006;155611407;A01;1;7;0;2;1;26;1;
202300039006;155611408;B01;3;7;4;2;1;1;1;
202300039007;155611404;A01;3;7;0;1;1;2;1;
202300039008;155611405;B01;1;32;0;2;1;7;1;
202300039008;155611406;A01;2;7;0;2;2;15;1;
202300039009;155611402;A01;0;43;0;2;1;18;1;
202300039009;155611403;B01;0;7;0;0;2;0;1;
202300039010;155611401;A01;2;33;8;0;1;16;1;
202300039011;155611399;Z01;1;7;0;2;0;0;0;
202300039011;155611400;B01;1;2;0;2;1;1;1;
202300039012;155611396;A01;2;30;0;2;3;1;1;
202300039012;155611398;C01;2;33;0;2;3;1;1;
202300039013;155611395;B01;0;7;0;2;2;1;1;
202300039013;155611397;A01;0;2;0;2;1;15;1;
202300039014;155611393;A01;2;34;0;0;0;21;1;
202300039015;155611392;A01;1;7;0;2;3;15;1;
202300039015;155611394;B01;1;34;0;2;1;3;1;
202300039016;155611391;A01;1;33;0;1;1;2;1;
202300039017;155611389;B01;2;7;0;0;6;24;1;
202300039017;155611390;A01;2;7;0;2;2;1;1;
202300039018;155611387;A01;3;7;0;2;1;1;1;
202300039018;155611388;B01;0;7;0;2;6;0;1;
202300039019;155611385;B01;2;33;0;2;1;1;0;
202300039019;155611386;A01;2;7;0;2;1;5;0;
202300039020;155611383;B01;2;99;0;2;3;15;1;
202300039020;155611384;A01;2;7;0;2;2;15;1;
202300039021;155611381;Z01;3;7;0;2;0;26;1;
202300039021;155611382;A01;2;50;0;2;0;2;3;
202300039022;155611379;A01;1;33;0;2;1;18;0;
202300039022;155611380;B01;2;7;0;2;2;16;0;
202300039023;155611375;A01;3;30;0;2;3;9;1;
202300039023;155611377;B01;3;30;0;2;1;1;1;
202300039024;155611373;A01;3;7;0;1;1;17;1;
202300039025;155611374;A01;2;7;0;2;1;5;1;
202300039025;155611376;B01;1;7;1;2;1;1;1;
202300039025;155611378;C01;3;7;0;2;6;26;1;
202300039026;155611372;A01;2;1;0;0;0;26;5;
202300039027;155611369;A01;2;10;0;2;2;2;1;
202300039027;155611371;Y01;1;50;0;2;7;25;3;
202300039028;155611368;B01;3;43;0;2;1;1;1;
202300039028;155611370;A01;3;50;0;2;1;1;3;
202300039029;155611367;A01;1;80;0;0;1;1;3;
202300039030;155611365;B01;0;7;0;2;3;1;2;
202300039030;155611366;A01;0;60;0;2;3;19;5;
202300039031;155611363;B01;2;1;0;2;1;1;5;
202300039031;155611364;A01;1;7;0;2;2;15;1;
202300039032;155611361;B01;1;50;0;2;2;17;3;
202300039032;155611362;A01;1;7;0;2;3;15;1;
202300039033;155611359;B01;1;10;0;2;3;9;1;
202300039033;155611360;A01;1;33;0;2;1;17;1;
202300039034;155611355;A01;2;7;0;2;3;9;1;
202300039034;155611357;B01;2;1;0;2;1;1;5;
202300039035;155611356;B01;1;32;0;2;7;17;1;
202300039035;155611358;A01;1;10;0;2;3;15;1;
202300039036;155611353;A01;1;7;0;2;3;22;1;
202300039036;155611354;B01;1;80;0;2;1;1;3;
202300039037;155611352;A01;1;7;0;1;3;2;1;
202300039038;155611349;A01;1;33;0;2;1;2;1;
202300039038;155611351;B01;1;7;0;2;4;2;1;
202300039039;155611348;B01;1;10;0;2;1;1;1;
202300039039;155611350;A01;1;7;0;2;3;10;1;
202300039040;155611346;A01;1;80;0;2;7;1;3;
202300039040;155611347;Z01;1;43;0;2;7;1;1;
202300039041;155611344;A01;1;7;0;1;1;1;1;
202300039042;155611343;A01;2;32;0;2;7;1;1;
202300039042;155611345;B01;1;7;0;2;2;15;1;
202300039043;155611342;A01;1;1;12;0;0;14;5;
202300039044;155611339;A01;1;1;0;2;1;2;5;
202300039044;155611341;B01;1;80;0;2;4;23;3;
202300039045;155611338;B01;1;7;4;0;3;1;1;
202300039045;155611340;A01;1;10;0;2;3;13;1;
202300039046;155611336;A01;3;7;0;2;1;1;1;
202300039046;155611337;B01;3;34;0;2;4;23;1;
202300039047;155611334;A01;1;3;0;2;0;0;0;
202300039047;155611335;B01;3;60;0;2;0;0;5;
202300039048;155611333;A01;3;1;0;1;1;25;5;
202300039049;155611331;A01;2;10;0;2;8;22;1;
202300039049;155611332;B01;2;80;0;2;1;1;3;
202300039050;155611328;B01;2;1;0;2;0;1;5;
202300039050;155611330;A01;1;7;0;9;0;15;3;
202300039051;155611327;B01;2;30;0;2;1;1;3;
202300039051;155611329;A01;2;7;0;2;5;10;1;
202300039052;155611325;A01;2;37;15;0;1;2;1;1.0
202300039052;155611326;B01;2;7;15;0;4;2;1;
202300039053;155611323;Z01;1;7;0;2;2;1;0;
202300039053;155611324;A01;1;50;0;2;8;15;3;
202300039054;155611321;A01;1;10;0;2;1;17;1;
202300039054;155611322;B01;1;1;0;2;6;15;5;
202300039055;155611320;A01;3;7;0;1;2;1;1;
202300039056;155611317;A01;1;7;0;2;8;13;1;
202300039056;155611318;B01;1;33;0;2;7;1;1;
202300039057;155611316;A01;3;7;0;2;5;22;1;
202300039057;155611319;B01;3;50;0;2;1;1;3;
202300039058;155611315;A01;0;50;12;0;1;1;3;
202300039059;155611314;A01;2;15;0;1;0;23;0;
202300039060;155611311;A01;1;7;0;2;8;10;1;
202300039060;155611313;B01;1;33;0;2;7;1;1;
202300039061;155611312;A01;3;7;0;1;2;26;1;
202300039062;155611309;A01;0;30;0;2;1;1;1;
202300039062;155611310;B01;0;7;0;2;4;15;1;
202300039063;155611308;A01;1;10;6;0;1;0;1;
202300039064;155611306;B01;0;34;1;2;9;21;1;
202300039064;155611307;A01;0;7;0;2;3;15;1;
202300039065;155611303;A01;1;7;0;2;2;10;1;
202300039065;155611305;B01;1;33;0;2;1;1;1;
202300039066;155611301;A01;1;7;0;2;2;16;1;
202300039066;155611302;B01;2;1;0;2;1;1;5;
202300039067;155611299;A01;1;7;0;2;1;1;1;
202300039067;155611300;B01;2;30;0;2;1;5;1;
202300039068;155611297;B01;3;7;0;2;2;1;1;
202300039068;155611298;A01;3;7;0;2;1;1;1;
202300039069;155611294;A01;1;7;0;2;0;12;1;
202300039069;155611296;B01;1;33;0;2;2;2;1;
202300039070;155611292;A01;1;7;0;2;2;15;1;
202300039070;155611293;B01;2;32;0;2;1;1;1;
202300039071;155611291;A01;1;7;9;0;2;1;1;
202300039072;155611295;A01;3;7;1;1;1;2;1;
202300039073;155611289;A01;1;7;1;0;1;1;1;
202300039073;155611290;B01;2;7;1;0;3;15;1;
202300039074;155611287;A01;3;7;0;2;1;9;1;
202300039074;155611288;B01;3;7;0;2;2;1;1;
202300039075;155611285;A01;3;1;0;2;4;2;5;
202300039075;155611286;B01;3;34;0;2;1;1;1;
202300039076;155611284;A01;2;1;0;0;0;1;5;
202300039077;155611282;A01;1;7;0;2;2;0;1;
202300039077;155611283;B01;1;1;0;2;6;0;5;
202300039078;155611279;B01;2;30;0;2;1;2;1;
202300039078;155611280;A01;2;10;0;2;4;1;3;
202300039078;155611281;C01;1;1;0;2;0;0;5;
202300039079;155611277;A01;0;7;0;2;3;15;0;
202300039079;155611278;B01;0;32;0;2;2;1;0;
202300039080;155611275;B01;3;33;0;2;3;1;1;
202300039080;155611276;A01;3;7;0;2;3;15;1;
202300039081;155611273;A01;2;7;0;2;1;2;1;
202300039081;155611274;B01;2;10;0;2;4;2;1;
202300039082;155611272;A01;1;7;0;1;3;2;1;
202300039083;155611270;B01;1;7;0;2;6;2;1;
202300039083;155611271;A01;1;10;0;2;1;2;1;
202300039084;155611268;B01;2;7;0;2;5;1;1;
202300039084;155611269;A01;1;31;0;2;1;2;1;
202300039085;155611266;B01;1;7;0;2;1;1;1;
202300039085;155611267;A01;2;7;0;2;5;1;1;
202300039086;155611264;A01;0;7;0;0;0;0;0;
202300039086;155611265;B01;1;34;0;2;1;17;1;
202300039087;155611262;A01;1;7;0;2;3;9;1;
202300039087;155611263;B01;2;34;0;2;1;17;1;
202300039088;155611261;A01;2;33;12;0;1;6;1;
202300039089;155611259;A01;1;7;0;2;8;24;0;
202300039089;155611260;B01;2;7;1;2;2;17;0;
202300039090;155611257;B01;0;1;0;2;1;1;5;
202300039090;155611258;A01;3;7;0;0;4;1;1;
202300039091;155611255;B01;1;15;0;0;2;1;1;
202300039091;155611256;A01;3;7;6;0;8;9;1;
202300039092;155611254;A01;1;7;0;0;9;1;1;
202300039093;155611252;A01;2;10;0;2;5;15;1;
202300039093;155611253;B01;1;33;0;2;1;1;1;
202300039094;155611250;A01;3;7;0;2;1;1;1;
202300039094;155611251;B01;3;10;0;2;2;1;1;
202300039095;155611248;A01;1;13;0;2;4;4;1;
202300039095;155611249;B01;1;80;0;2;1;23;3;
202300039096;155611246;B01;1;33;0;2;1;1;1;
202300039096;155611247;A01;1;7;0;2;6;1;1;
202300039097;155611244;A01;2;7;0;2;5;0;1;
202300039097;155611245;B01;2;7;0;2;1;2;1;
202300039098;155611242;B01;2;7;0;2;4;23;1;
202300039098;155611243;A01;2;17;0;2;3;2;1;
202300039099;155611240;B01;1;7;0;2;4;1;2;
202300039099;155611241;A01;1;7;0;2;1;1;1;
202300039100;155611238;A01;2;7;0;2;7;1;1;
202300039100;155611239;B01;2;31;0;2;1;12;1;
202300039101;155611236;A01;2;7;0;2;0;0;1;
202300039101;155611237;B01;2;7;0;2;0;1;1;
202300039102;155611235;A01;2;7;4;0;1;0;1;
202300039103;155611233;B01;2;33;0;2;6;1;1;
202300039103;155611234;A01;2;10;0;2;7;12;1;
202300039104;155611231;A01;2;7;0;2;1;13;1;
202300039104;155611232;B01;1;7;0;2;1;1;1;
202300039105;155611229;B01;3;1;0;9;0;1;5;
202300039105;155611230;A01;3;7;0;9;0;16;0;
202300039106;155611227;A01;1;37;0;9;2;1;1;1.0
202300039106;155611228;B01;2;1;0;2;7;1;5;
202300039107;155611226;A01;1;7;0;1;1;1;0;
202300039108;155611225;A01;2;7;0;0;0;1;2;
202300039109;155611221;A01;1;7;6;2;1;1;1;
202300039109;155611222;B01;2;33;0;2;3;1;1;
202300039109;155611223;C01;2;33;0;2;3;1;1;
202300039109;155611224;D01;2;33;0;2;3;1;1;
202300039110;155611219;A01;1;10;0;2;1;13;1;
202300039110;155611220;B01;2;7;0;2;3;1;1;
202300039111;155611217;B01;2;10;0;2;1;1;1;
202300039111;155611218;A01;1;7;0;2;1;17;1;
202300039112;155611215;A01;1;7;0;2;3;15;1;
202300039112;155611216;B01;1;33;0;2;5;17;1;
202300039113;155611213;B01;1;33;0;2;1;17;1;
202300039113;155611214;A01;1;7;0;2;4;15;1;
202300039114;155611212;A01;2;10;0;1;8;15;1;
202300039115;155611211;A01;3;7;0;1;3;21;1;
202300039116;155611209;A01;1;7;0;2;1;1;1;
202300039116;155611210;B01;1;7;0;2;7;1;2;
202300039117;155611207;A01;2;7;0;2;1;0;1;
202300039117;155611208;B01;1;33;0;2;1;0;1;
202300039118;155611206;A01;2;13;1;0;1;23;1;
202300039119;155611204;B01;2;7;0;2;4;1;1;
202300039119;155611205;A01;2;31;0;2;1;13;1;
202300039120;155611203;A01;2;7;12;0;1;25;1;
202300039121;155611200;A01;1;7;0;9;1;1;0;
202300039121;155611201;B01;2;7;0;2;0;0;0;
202300039121;155611202;C01;1;7;0;2;0;0;1;
202300039122;155611198;A01;3;7;0;2;1;12;1;
202300039122;155611199;B01;3;7;0;2;6;1;1;
202300039123;155611197;A01;1;37;0;1;2;1;1;1.0
202300039124;155611195;A01;2;10;0;2;2;9;0;
202300039124;155611196;B01;2;33;0;2;1;21;0;
202300039125;155611193;A01;2;7;0;2;4;2;1;
202300039125;155611194;Z01;2;7;0;2;1;2;0;
202300039126;155611192;A01;3;33;12;0;8;1;1;
202300039127;155611191;A01;1;7;4;0;3;14;1;
202300039128;155611189;A01;3;7;0;2;1;9;1;
202300039128;155611190;B01;3;1;0;2;8;9;5;
202300039129;155611188;A01;2;7;0;1;5;9;1;
202300039130;155611186;A01;1;30;0;2;1;13;1;
202300039130;155611187;B01;2;7;0;2;2;1;1;
202300039131;155611185;A01;2;7;0;1;1;9;2;
202300039132;155611183;A01;2;7;4;2;9;1;1;
202300039132;155611184;B01;2;7;0;2;1;1;1;
202300039133;155611181;A01;3;7;0;2;3;15;1;
202300039133;155611182;B01;2;10;0;2;2;1;1;
202300039134;155611178;A01;1;7;0;2;4;2;1;
202300039134;155611179;B01;1;7;0;2;9;2;1;
202300039134;155611180;C01;1;7;0;2;1;2;1;
202300039135;155611176;A01;3;7;0;2;1;1;1;
202300039135;155611177;B01;3;7;0;2;2;1;1;
202300039136;155611174;B01;3;7;1;0;4;24;1;
202300039136;155611175;A01;3;7;0;2;1;2;1;
202300039137;155611172;A01;2;7;9;2;1;1;1;
202300039137;155611173;B01;2;7;0;2;1;1;1;
202300039138;155611169;B01;1;7;0;2;4;1;1;
202300039138;155611170;C01;1;7;0;2;4;1;1;
202300039138;155611171;A01;1;7;0;2;1;1;1;