Num_Acc;id_vehicule;num_veh;senc;catv;obs;obsm;choc;manv;motor;occutc
202300039139;155611168;A01;2;7;0;0;3;1;1;
202300039140;155611164;B01;3;7;0;2;6;23;1;
202300039140;155611165;A01;3;7;0;2;1;2;1;
202300039141;155611163;A01;0;7;8;0;1;15;1;
202300039142;155611161;A01;3;7;0;2;1;2;1;
202300039142;155611162;B01;3;7;0;2;4;2;1;
202300039143;155611159;A01;1;10;0;2;2;13;1;
202300039143;155611160;B01;1;34;14;2;8;21;1;
202300039144;155611157;A01;2;7;0;2;1;16;1;
202300039144;155611158;B01;1;1;0;2;7;1;5;
202300039145;155611156;A01;1;7;0;1;3;1;1;
202300039146;155611154;A01;2;7;0;2;3;15;1;
202300039146;155611155;B01;1;1;0;2;1;1;5;
202300039147;155611152;A01;1;33;0;2;1;1;1;
202300039147;155611153;B01;1;7;0;2;4;1;1;
202300039148;155611150;A01;0;7;0;9;2;15;0;
202300039148;155611151;B01;1;50;0;2;1;1;3;
202300039149;155611149;A01;0;7;0;1;1;1;1;
202300039150;155611147;B01;3;7;0;2;8;26;1;
202300039150;155611148;A01;1;2;0;2;1;1;1;
202300039151;155611146;A01;3;7;6;0;1;14;0;
202300039152;155611144;B01;2;33;0;2;5;1;1;
202300039152;155611145;A01;2;7;0;2;3;9;1;
202300039153;155611142;A01;0;7;0;2;1;15;1;
202300039153;155611143;B01;0;37;0;2;1;1;1;1.0
202300039154;155611140;A01;1;7;0;2;1;1;1;
202300039154;155611141;B01;2;7;0;2;8;1;1;
202300039155;155611139;A01;3;7;6;0;2;14;1;
202300039156;155611137;A01;1;30;0;2;1;1;1;
202300039156;155611138;B01;1;37;0;2;4;23;1;1.0
202300039157;155611134;B01;1;10;0;2;3;1;1;
202300039157;155611135;A01;1;33;0;2;1;1;1;
202300039158;155611132;A01;3;7;0;2;3;1;1;
202300039158;155611133;B01;3;30;0;2;1;13;1;
202300039159;155611131;A01;2;7;0;1;3;26;1;
202300039160;155611130;A01;1;1;1;0;1;1;5;
202300039161;155611128;A01;2;50;0;2;1;1;3;
202300039161;155611129;B01;1;7;0;2;3;1;1;
202300039162;155611126;A01;1;7;0;0;0;0;2;
202300039162;155611127;B01;1;32;8;2;8;1;1;
202300039163;155611124;Z01;3;7;0;2;0;17;0;
202300039163;155611125;B01;3;30;0;2;8;1;1;
202300039164;155611122;B01;2;7;0;2;4;2;1;
202300039164;155611123;A01;2;7;0;2;1;2;1;
202300039165;155611120;A01;1;15;0;2;1;2;1;
202300039165;155611121;B01;1;7;0;2;4;2;1;
202300039166;155611119;A01;1;7;12;0;8;1;1;
202300039167;155611117;B01;2;10;0;2;4;12;1;
202300039167;155611118;A01;2;32;0;2;1;3;1;
202300039168;155611116;A01;2;80;0;1;1;21;3;
202300039169;155611115;A01;1;50;0;1;1;2;3;
202300039170;155611113;B01;1;10;0;0;4;2;1;
202300039170;155611114;A01;1;80;0;2;1;2;3;
202300039171;155611112;A01;1;33;0;0;0;21;1;
202300039172;155611110;B01;2;80;0;2;1;1;3;
202300039172;155611111;A01;2;7;0;2;8;24;1;
202300039173;155611108;B01;1;33;0;2;1;17;1;
202300039173;155611109;A01;1;7;0;2;3;15;0;
202300039174;155611106;A01;1;7;0;2;1;1;1;
202300039174;155611107;B01;1;2;0;2;4;10;1;
202300039175;155611104;A01;3;7;0;2;1;1;1;
202300039175;155611105;B01;3;10;0;2;4;1;1;
202300039176;155611100;A01;1;7;0;2;1;0;1;
202300039176;155611101;B01;1;7;0;2;4;1;1;
202300039176;155611102;C01;1;7;0;2;4;23;1;
202300039176;155611103;D01;1;10;0;2;4;23;1;
202300039177;155611098;B01;1;31;0;2;2;17;0;
202300039177;155611099;A01;1;7;0;2;3;9;0;
202300039178;155611096;B01;2;50;0;2;1;1;3;
202300039178;155611097;A01;1;7;16;2;3;9;0;
202300039179;155611094;B01;1;7;0;2;7;1;1;
202300039179;155611095;A01;2;7;0;2;1;9;0;
202300039180;155611093;A01;1;7;9;0;9;21;1;
202300039181;155611091;B01;1;31;0;2;4;1;1;
202300039181;155611092;A01;1;7;0;2;2;19;1;
202300039182;155611089;A01;2;7;0;2;2;1;2;
202300039182;155611090;B01;2;7;0;0;1;1;1;
202300039183;155611086;A01;1;7;0;2;1;9;1;
202300039183;155611087;B01;1;7;0;2;1;9;1;
202300039183;155611088;C01;1;7;0;2;7;0;1;
202300039184;155611084;A01;0;10;0;2;1;9;1;
202300039184;155611085;B01;0;1;0;2;7;19;5;
202300039185;155611082;A01;2;2;0;2;1;2;1;
202300039185;155611083;B01;2;10;0;0;4;23;1;
202300039186;155611080;A01;1;2;0;2;7;1;1;
202300039186;155611081;B01;1;7;0;2;3;16;2;
202300039187;155611078;A01;2;33;9;9;1;17;1;
202300039187;155611079;B01;2;1;0;0;3;13;5;
202300039188;155611076;A01;0;2;0;0;0;0;1;
202300039188;155611077;B01;0;7;0;0;3;0;1;
202300039189;155611074;A01;1;7;0;2;2;14;1;
202300039189;155611075;B01;3;10;0;0;8;23;1;
202300039190;155611072;B01;1;34;0;0;1;13;0;
202300039190;155611073;A01;1;7;0;0;4;15;0;
202300039191;155611070;A01;1;10;1;0;2;14;1;
202300039191;155611071;B01;1;16;0;2;8;24;1;
202300039192;155611068;A01;2;7;3;2;2;13;1;
202300039192;155611069;B01;1;15;0;2;5;21;6;
202300039193;155611067;A01;2;36;15;0;0;13;1;
202300039194;155611065;A01;1;7;0;0;8;1;1;
202300039194;155611066;B01;3;10;0;2;1;19;1;
202300039195;155611064;A01;1;2;6;0;1;0;1;
202300039196;155611062;A01;2;2;0;2;7;15;1;
202300039196;155611063;B01;2;7;0;2;1;1;3;
202300039197;155611060;A01;2;33;0;2;3;1;1;
202300039197;155611061;B01;1;32;0;2;1;1;1;
202300039198;155611059;A01;2;15;3;0;3;0;1;
202300039199;155611058;A01;1;7;2;0;1;1;0;
202300039200;155611056;A01;2;7;0;2;3;1;1;
202300039200;155611057;B01;1;99;0;2;3;1;1;
202300039201;155611054;A01;2;7;0;2;2;2;1;
202300039201;155611055;B01;2;2;0;0;6;2;1;
202300039202;155611052;A01;2;7;4;2;3;13;1;
202300039202;155611053;B01;1;15;4;2;3;1;1;
202300039203;155611050;A01;1;7;0;2;1;13;1;
202300039203;155611051;B01;2;7;0;2;1;21;1;
202300039204;155611048;A01;1;7;0;2;1;13;0;
202300039204;155611049;B01;2;7;0;2;1;1;0;
202300039205;155611046;A01;3;33;13;0;1;2;1;
202300039205;155611047;B01;3;33;13;0;1;2;1;
202300039206;155611045;A01;1;7;6;0;1;0;1;
202300039207;155611044;A01;1;31;0;6;7;1;1;
202300039208;155611043;A01;2;7;6;0;1;13;1;
202300039209;155611041;A01;2;7;0;2;2;17;1;
202300039209;155611042;B01;2;3;0;2;6;1;1;
202300039210;155611039;A01;1;7;0;0;3;1;1;
202300039210;155611040;B01;2;7;0;0;3;1;1;
202300039211;155611038;A01;1;7;15;0;3;1;1;
202300039212;155611036;A01;2;10;0;2;2;2;0;
202300039212;155611037;B01;2;1;0;2;2;2;5;
202300039213;155611034;A01;2;33;0;2;1;1;1;
202300039213;155611035;B01;1;10;0;2;3;15;1;
202300039214;155611032;A01;1;33;4;0;1;2;1;
202300039214;155611033;B01;1;17;0;2;8;1;1;
202300039215;155611030;A01;1;7;0;2;3;1;2;
202300039215;155611031;B01;2;31;0;2;1;13;1;
202300039216;155611029;A01;2;7;0;2;2;1;1;
202300039217;155611028;A01;1;7;3;0;2;1;1;
202300039218;155611026;B01;1;7;0;2;3;1;1;
202300039218;155611027;A01;2;31;0;2;3;13;1;
202300039219;155611025;A01;1;15;0;2;2;1;1;
202300039220;155611024;A01;3;7;6;0;1;26;1;
202300039221;155611022;A01;1;10;0;2;2;13;1;
202300039221;155611023;B01;2;7;0;2;2;21;1;
202300039222;155611020;A01;1;2;0;2;1;1;1;
202300039222;155611021;B01;3;7;0;0;5;23;1;
202300039223;155611019;A01;2;7;13;0;1;2;1;
202300039224;155611017;B01;0;7;0;0;8;1;3;
202300039224;155611018;A01;0;7;0;2;8;9;1;
202300039225;155611015;A01;1;33;0;1;1;1;1;
202300039226;155611013;A01;2;7;0;2;1;13;1;
202300039226;155611014;B01;1;33;0;2;8;1;1;
202300039227;155611011;A01;1;7;0;2;2;15;1;
202300039227;155611012;B01;2;7;0;2;3;1;1;
202300039228;155611009;A01;3;7;0;2;3;1;1;
202300039228;155611010;B01;3;33;0;2;3;1;1;
202300039229;155611007;A01;2;33;0;2;1;2;1;
202300039229;155611008;B01;2;7;0;0;4;23;1;
202300039230;155611006;A01;1;1;0;2;1;2;5;
202300039231;155611004;A01;1;2;0;2;1;1;1;
202300039231;155611005;B01;1;7;0;2;1;19;1;
202300039232;155611002;A01;1;7;0;2;7;19;1;
202300039232;155611003;B01;1;7;0;2;1;1;1;
202300039233;155611001;A01;1;7;6;0;1;13;2;
202300039234;155610999;A01;1;7;0;9;7;2;1;
202300039234;155611000;B01;1;1;0;2;8;2;5;
202300039235;155610997;A01;3;33;0;0;8;1;1;
202300039236;155610996;A01;0;7;0;0;0;21;1;
202300039237;155610993;A01;2;7;0;2;1;1;1;
202300039237;155610994;B01;2;7;0;2;4;1;1;
202300039237;155610995;C01;2;7;0;2;4;1;1;
202300039238;155610992;A01;1;10;0;1;2;1;1;
202300039239;155610990;A01;1;31;0;2;4;2;1;
202300039239;155610991;B01;1;7;0;0;4;2;1;
202300039240;155610988;B01;1;15;0;2;4;2;1;
202300039240;155610989;A01;1;10;0;2;1;2;1;
202300039241;155610986;A01;1;7;0;2;0;1;1;
202300039241;155610987;B01;1;7;0;2;0;1;1;
202300039242;155610984;A01;2;7;0;2;1;1;1;
202300039242;155610985;B01;2;7;0;2;6;1;1;
202300039243;155610981;C01;1;7;1;0;2;14;1;
202300039243;155610982;B01;1;7;0;2;8;1;1;
202300039243;155610983;A01;1;7;0;2;7;14;1;
202300039244;155610979;A01;1;7;0;2;1;1;1;
202300039244;155610980;B01;1;7;0;2;4;1;1;
202300039245;155610978;A01;1;7;3;0;1;0;1;
202300039246;155610977;A01;1;7;4;0;9;2;1;
202300039247;155610975;A01;1;7;0;2;1;1;1;
202300039247;155610976;B01;1;7;0;2;4;11;1;
202300039248;155610972;A01;2;7;0;2;1;2;1;
202300039248;155610973;B01;2;7;0;2;4;2;1;
202300039248;155610974;C01;2;7;0;2;4;1;1;
202300039249;155610970;A01;1;7;0;2;1;2;1;
202300039249;155610971;B01;1;7;0;2;6;2;1;
202300039250;155610969;A01;1;33;0;-1;-1;1;1;
202300039251;155610967;A01;2;31;0;2;8;3;1;
202300039251;155610968;B01;2;7;0;2;5;1;1;
202300039252;155610964;A01;2;7;1;0;1;1;2;
202300039252;155610965;B01;2;7;0;2;4;26;1;
202300039252;155610966;C01;2;7;1;0;1;1;1;
202300039253;155610962;B01;1;7;3;2;8;1;1;
202300039253;155610963;A01;1;7;0;2;7;1;3;
202300039254;155610960;A01;3;7;0;2;4;20;1;
202300039254;155610961;B01;3;2;0;2;3;21;1;
202300039255;155610958;A01;2;32;0;2;1;0;1;
202300039255;155610959;B01;1;7;0;2;1;1;1;
202300039256;155610956;A01;1;7;14;2;1;1;1;
202300039256;155610957;B01;1;7;14;2;4;1;1;
202300039257;155610955;A01;1;7;4;0;8;0;1;
202300039258;155610953;A01;1;2;0;2;1;2;1;
202300039258;155610954;B01;2;7;0;2;8;2;1;
202300039259;155610950;A01;0;7;0;2;1;2;1;
202300039259;155610951;B01;0;7;0;2;4;2;1;
202300039259;155610952;C01;1;7;0;2;4;2;1;
202300039260;155610948;A01;3;7;0;2;1;9;1;
202300039260;155610949;B01;3;7;0;2;2;1;1;
202300039261;155610946;A01;2;7;0;2;6;0;1;
202300039261;155610947;B01;2;0;0;2;4;2;0;
202300039262;155610944;A01;2;7;0;2;2;9;1;
202300039262;155610945;B01;2;1;0;2;1;1;5;
202300039263;155610943;A01;0;7;2;0;1;0;1;
202300039264;155610942;A01;2;50;0;0;0;2;3;
202300039265;155610940;A01;2;50;0;2;8;1;3;
202300039265;155610941;Z01;1;7;0;2;2;17;1;
202300039266;155610937;A01;1;10;0;0;0;1;1;
202300039266;155610938;B01;2;33;14;0;1;1;1;
202300039267;155610935;A01;2;33;0;2;3;17;1;
202300039267;155610936;B01;2;7;0;2;3;15;1;
202300039268;155610934;A01;0;10;0;9;1;0;3;
202300039269;155610933;A01;3;7;2;0;1;0;1;
202300039270;155610932;A01;3;30;0;0;0;1;1;
202300039271;155610930;B01;3;7;0;2;0;2;1;
202300039271;155610931;A01;3;30;0;2;1;2;1;
202300039272;155610928;Z01;2;7;0;2;0;13;0;
202300039272;155610929;B01;1;7;0;2;8;1;2;
202300039273;155610926;B01;3;7;0;2;0;15;1;
202300039273;155610927;A01;3;33;0;2;1;0;1;
202300039274;155610924;B01;3;7;0;2;2;9;1;
202300039274;155610925;A01;3;30;0;2;1;9;3;
202300039275;155610922;A01;3;7;0;2;1;15;1;
202300039275;155610923;B01;3;33;0;2;1;16;1;
202300039276;155610921;A01;1;7;0;0;1;14;1;
202300039277;155610919;A01;3;7;0;2;1;2;1;
202300039277;155610920;B01;3;7;0;2;4;1;2;
202300039278;155610918;A01;3;80;0;5;9;21;3;
202300039279;155610916;A01;2;1;0;2;1;1;5;
202300039279;155610917;B01;1;7;0;2;7;1;1;
202300039280;155610914;A01;3;50;0;2;1;1;3;
202300039280;155610915;B01;3;7;0;2;3;15;1;
202300039281;155610912;A01;3;15;0;2;2;16;6;
202300039281;155610913;B01;3;1;0;2;0;1;5;
202300039282;155610911;A01;2;10;0;0;1;14;1;
202300039283;155610909;A01;1;3;0;2;3;13;1;
202300039283;155610910;B01;2;7;0;2;3;1;1;
202300039284;155610907;B01;1;31;1;0;1;13;1;
202300039284;155610908;A01;2;7;0;0;0;1;1;
202300039285;155610905;A01;1;7;0;9;3;1;1;
202300039285;155610906;B01;3;50;0;2;1;0;3;
202300039286;155610903;A01;1;1;0;2;1;1;5;
202300039286;155610904;B01;2;7;0;9;2;1;1;
202300039287;155610902;A01;1;7;13;0;0;1;1;
202300039288;155610900;A01;2;33;0;2;1;1;1;
202300039288;155610901;B01;2;10;0;0;5;1;1;
202300039289;155610898;A01;3;7;0;2;2;1;1;
202300039289;155610899;B01;3;1;0;2;1;19;5;
202300039290;155610897;A01;1;7;13;0;1;0;1;
202300039291;155610894;A01;1;15;0;0;6;0;1;
202300039291;155610895;B01;1;15;1;0;5;2;1;
202300039291;155610896;C01;1;15;0;9;1;1;1;
202300039292;155610892;B01;1;33;0;2;1;1;0;
202300039292;155610893;A01;2;10;0;2;3;15;1;
202300039293;155610890;A01;2;2;0;2;3;15;1;
202300039293;155610891;B01;2;10;0;2;7;17;1;
202300039294;155610888;A01;2;7;0;2;3;15;1;
202300039294;155610889;B01;2;31;15;2;2;17;1;
202300039295;155610887;A01;1;7;13;0;1;13;1;
202300039296;155610886;A01;3;2;12;0;1;0;1;
202300039297;155610883;B01;2;7;0;2;8;26;1;
202300039297;155610884;C01;2;32;0;2;8;26;1;
202300039297;155610885;A01;2;7;0;2;1;1;1;
202300039298;155610881;A01;2;33;0;2;3;1;1;
202300039298;155610882;B01;1;7;0;2;1;1;1;
202300039299;155610879;A01;1;7;0;2;1;1;1;
202300039299;155610880;B01;3;7;0;2;7;19;1;
202300039300;155610875;A01;1;10;0;2;1;2;1;
202300039300;155610876;B01;1;17;0;0;4;2;1;
202300039301;155610874;A01;1;7;1;0;1;0;1;
202300039302;155610873;A01;2;33;0;0;8;1;1;
202300039303;155610870;A01;2;7;0;2;4;23;1;
202300039303;155610871;B01;2;7;0;2;4;23;1;
202300039303;155610872;C01;2;10;0;2;1;2;1;
202300039304;155610868;A01;1;7;0;2;8;17;1;
202300039304;155610869;B01;2;1;0;2;3;1;5;
202300039305;155610866;A01;1;10;13;2;3;1;1;
202300039305;155610867;B01;2;7;0;2;3;1;1;
202300039306;155610865;A01;0;31;0;0;0;20;1;
202300039307;155610864;A01;3;2;0;0;0;26;1;
202300039308;155610863;A01;0;33;0;0;8;1;1;
202300039309;155610861;A01;2;2;0;9;1;5;1;
202300039309;155610862;B01;1;17;0;2;1;1;1;
202300039310;155610859;A01;1;7;0;2;2;15;1;
202300039310;155610860;B01;1;33;0;2;8;1;1;
202300039311;155610850;A01;1;7;0;2;8;1;1;
202300039311;155610851;B01;1;7;0;2;7;1;1;
202300039311;155610852;C01;1;7;0;0;4;1;1;
202300039311;155610853;D01;1;7;0;0;4;1;2;
202300039311;155610854;E01;1;7;0;0;4;1;1;
202300039311;155610855;F01;1;10;0;0;4;1;1;
202300039311;155610856;G01;1;7;1;0;4;1;1;
202300039311;155610857;H01;1;10;1;0;4;1;1;
202300039311;155610858;I01;1;7;1;0;1;1;1;
202300039312;155610849;A01;2;33;0;0;7;3;1;
202300039313;155610848;A01;1;33;0;0;0;1;1;
202300039314;155610847;A01;1;7;7;0;7;14;1;
202300039315;155610845;A01;1;7;0;2;2;1;1;
202300039315;155610846;B01;1;15;0;2;4;1;1;
202300039316;155610843;A01;1;14;0;2;7;12;1;
202300039316;155610844;B01;2;7;4;2;8;1;1;
202300039317;155610841;A01;1;7;0;2;7;12;1;
202300039317;155610842;B01;1;33;0;2;8;1;1;
202300039318;155610839;A01;1;7;3;2;1;2;3;
202300039318;155610840;B01;1;7;3;2;4;2;3;
202300039319;155610837;A01;2;7;0;2;4;2;1;
202300039319;155610838;B01;2;33;0;2;1;2;1;
202300039320;155610836;A01;2;32;0;0;0;26;1;
202300039321;155610834;A01;1;10;3;0;1;19;1;
202300039321;155610835;B01;1;7;0;2;8;2;1;
202300039322;155610833;A01;2;7;4;0;1;1;1;
202300039323;155610831;A01;1;7;0;2;4;12;1;
202300039323;155610832;B01;1;33;0;2;1;3;1;
202300039324;155610829;Z01;1;7;0;2;0;0;0;
202300039324;155610830;A01;1;7;0;2;7;1;1;
202300039325;155610827;A01;1;33;0;2;1;3;1;
202300039325;155610828;B01;1;7;0;2;6;1;1;
202300039326;155610825;A01;2;7;0;2;2;1;1;
202300039326;155610826;B01;2;7;0;2;6;1;1;
202300039327;155610823;B01;1;7;0;2;6;2;1;
202300039327;155610824;A01;1;10;0;2;2;2;1;
202300039328;155610820;A01;2;7;0;2;1;2;1;
202300039328;155610821;B01;2;7;0;2;4;2;1;
202300039328;155610822;C01;2;7;0;2;4;2;1;
202300039329;155610819;A01;3;36;0;0;0;1;1;
202300039330;155610818;A01;2;99;0;1;1;2;1;
202300039331;155610816;B01;3;1;0;2;2;1;5;
202300039331;155610817;A01;3;7;0;2;2;15;1;
202300039332;155610815;A01;0;7;0;1;2;26;2;
202300039333;155610814;A01;1;7;0;1;1;1;1;
202300039334;155610811;A01;1;10;0;2;1;1;1;
202300039334;155610812;B01;1;7;0;2;4;1;1;
202300039334;155610813;C01;1;7;0;2;6;1;1;
202300039335;155610809;A01;3;7;0;2;2;0;1;
202300039335;155610810;B01;3;10;0;2;6;0;1;
202300039336;155610807;A01;2;7;0;2;1;2;1;
202300039336;155610808;B01;2;7;0;9;4;2;1;
202300039337;155610805;B01;1;60;0;2;8;1;5;
202300039337;155610806;A01;1;7;0;0;0;0;0;
202300039338;155610804;A01;1;7;0;1;3;1;1;
202300039339;155610803;A01;1;7;0;1;1;1;1;
202300039340;155610801;B01;1;7;0;2;3;1;1;
202300039340;155610802;A01;2;31;0;2;1;13;1;
202300039341;155610800;A01;2;7;1;1;4;1;1;
202300039342;155610794;A01;1;7;0;2;1;1;1;
202300039342;155610795;B01;1;33;0;2;4;1;1;
202300039343;155610792;B01;3;7;0;2;8;2;1;
202300039343;155610793;A01;3;31;0;2;1;2;1;
202300039344;155610787;A01;1;7;1;0;3;1;1;
202300039344;155610788;B01;3;7;0;2;5;24;1;
202300039345;155610784;A01;1;7;16;2;1;10;1;
202300039345;155610785;B01;1;7;1;2;1;1;1;
202300039345;155610786;C01;3;7;0;2;6;0;1;
202300039346;155610783;A01;0;50;0;0;0;14;3;
202300039347;155610781;A01;1;7;0;2;1;2;1;
202300039347;155610782;B01;1;7;0;2;4;23;1;
202300039348;155610779;B01;1;50;0;2;8;1;3;
202300039348;155610780;A01;1;7;0;2;1;1;1;
202300039349;155610777;A01;3;33;0;2;1;17;1;
202300039349;155610778;B01;3;7;0;2;6;15;0;
202300039350;155610775;B01;1;10;0;2;1;2;1;
202300039350;155610776;A01;1;7;0;1;2;23;1;
202300039351;155610773;B01;1;33;0;2;1;1;1;
202300039351;155610774;A01;0;7;0;2;3;15;1;
202300039352;155610770;C01;1;7;0;2;4;1;1;
202300039352;155610771;A01;1;7;0;2;1;1;1;
202300039352;155610772;B01;1;7;0;2;1;1;1;
202300039353;155610768;A01;3;7;0;2;6;19;1;
202300039353;155610769;B01;3;7;0;2;1;1;1;
202300039354;155610766;A01;1;7;0;2;3;17;1;
202300039354;155610767;B01;1;1;0;2;1;0;5;
202300039355;155610765;A01;3;7;0;1;1;1;1;
202300039356;155610760;A01;3;7;0;1;4;4;1;
202300039357;155610758;B01;1;7;0;2;3;0;1;
202300039357;155610759;A01;1;7;0;2;1;0;0;
202300039358;155610756;B01;1;1;0;2;1;1;5;
202300039358;155610757;A01;2;7;0;2;7;15;1;
202300039359;155610753;C01;1;7;0;2;1;23;3;
202300039359;155610754;A01;1;7;0;2;3;15;1;
202300039359;155610755;B01;2;7;0;2;1;1;1;
202300039360;155610751;A01;3;32;0;2;0;0;1;
202300039360;155610752;B01;3;99;0;2;8;23;0;
202300039361;155610749;B01;3;10;0;2;4;1;1;
202300039361;155610750;A01;3;2;0;2;1;21;1;
202300039362;155610747;A01;2;10;0;2;1;2;1;
202300039362;155610748;B01;2;7;0;2;4;1;1;
202300039363;155610745;A01;2;7;0;2;1;2;1;
202300039363;155610746;B01;2;7;0;2;4;1;1;
202300039364;155610744;B01;2;10;0;1;3;16;1;
202300039365;155610742;A01;2;7;0;2;2;16;1;
202300039365;155610743;B01;2;7;0;2;3;0;1;
202300039366;155610741;A01;2;7;0;1;3;1;1;
202300039367;155610739;A01;2;7;0;2;5;9;1;
202300039367;155610740;B01;2;7;0;2;5;23;1;
202300039368;155610736;A01;1;7;0;2;1;13;1;
202300039368;155610737;B01;2;38;0;2;2;1;1;5.0
202300039368;155610738;C01;1;7;0;2;1;1;1;
202300039369;155610734;B01;1;7;0;2;4;2;1;
202300039369;155610735;A01;1;7;0;2;1;0;1;
202300039370;155610733;A01;1;33;15;0;1;19;1;
202300039371;155610731;A01;3;30;0;2;2;21;1;
202300039371;155610732;B01;3;36;0;2;6;13;1;
202300039372;155610729;A01;1;7;0;2;7;16;1;
202300039372;155610730;B01;1;1;0;2;8;1;5;
202300039373;155610727;A01;3;50;0;2;1;13;3;
202300039373;155610728;B01;3;50;0;2;1;1;3;
202300039374;155610726;A01;2;7;6;0;1;14;1;
202300039375;155610725;A01;1;33;6;0;7;26;1;
202300039376;155610723;A01;2;30;11;1;0;1;0;
202300039377;155610721;A01;2;1;0;2;1;15;5;
202300039377;155610722;B01;0;7;0;2;3;1;2;
202300039378;155610720;A01;2;7;0;1;1;1;1;
202300039379;155610719;A01;3;7;0;1;2;17;1;
202300039380;155610717;A01;0;33;0;2;1;17;1;
202300039380;155610718;B01;0;16;0;2;6;15;1;
202300039381;155610715;A01;3;7;0;2;8;13;1;
202300039381;155610716;B01;3;34;0;2;7;1;1;
202300039382;155610713;A01;1;7;0;2;4;23;1;
202300039382;155610714;C01;1;7;0;2;1;1;1;
202300039383;155610711;A01;2;33;0;2;1;2;1;
202300039383;155610712;B01;2;7;0;2;6;2;1;
202300039384;155610710;A01;2;7;0;1;2;1;1;
202300039385;155610705;A01;2;7;0;1;1;15;1;
202300039386;155610704;A01;2;7;1;1;0;13;0;
202300039387;155610702;A01;2;0;0;9;6;26;1;
202300039387;155610703;B01;1;80;0;2;6;1;3;
202300039388;155610700;A01;2;7;0;9;1;1;1;
202300039388;155610701;B01;1;60;0;2;0;19;5;
202300039389;155610699;A01;2;7;0;1;3;1;3;
202300039390;155610697;A01;1;7;0;2;1;13;1;
202300039390;155610698;B01;1;7;0;2;1;0;1;
202300039391;155610695;B01;3;1;0;2;5;1;5;
202300039391;155610696;A01;1;7;0;2;2;1;1;
202300039392;155610693;B01;1;7;0;0;4;15;3;
202300039392;155610694;Z01;1;7;0;2;1;1;1;
202300039393;155610692;A01;3;7;1;1;5;20;1;
202300039394;155610690;B01;1;1;0;2;1;15;5;
202300039394;155610691;A01;3;7;0;2;2;0;1;
202300039395;155610689;A01;1;33;0;0;8;23;1;
202300039396;155610687;B01;2;31;0;2;2;1;1;
202300039396;155610688;A01;2;7;0;2;8;9;2;
202300039397;155610684;B01;1;7;0;2;4;2;1;
202300039397;155610685;A01;1;7;0;2;1;2;1;
202300039397;155610686;C01;1;7;0;2;4;2;1;
202300039398;155610681;A01;2;7;0;2;2;12;1;
202300039398;155610682;B01;2;7;0;2;3;1;1;
202300039398;155610683;C01;2;7;0;2;5;1;1;
202300039399;155610679;A01;2;7;0;2;8;11;1;
202300039399;155610680;B01;2;32;0;2;7;1;1;
202300039400;155610676;B01;1;7;0;2;4;2;1;
202300039400;155610677;A01;1;7;0;2;1;2;1;
202300039400;155610678;C01;1;7;0;2;4;2;1;
202300039401;155610674;A01;2;7;0;0;8;15;1;
202300039401;155610675;B01;2;1;0;2;1;15;5;
202300039402;155610672;B01;3;7;0;2;4;2;1;
202300039402;155610673;A01;3;33;0;2;1;2;1;
202300039403;155610670;B01;2;2;0;2;8;2;3;
202300039403;155610671;A01;1;1;0;2;1;5;5;
202300039404;155610668;A01;1;2;0;2;1;1;1;
202300039404;155610669;B01;1;7;0;2;5;1;1;
202300039405;155610667;Z01;3;1;0;1;1;1;5;
202300039406;155610666;A01;2;1;12;0;1;13;5;
202300039407;155610664;A01;1;1;0;2;1;1;5;
202300039407;155610665;B01;1;7;0;0;3;1;1;
202300039408;155610662;B01;1;1;0;2;1;1;5;
202300039408;155610663;A01;1;7;0;2;3;22;1;
202300039409;155610661;A01;2;1;0;1;1;1;5;
202300039410;155610659;A01;2;1;0;2;8;1;5;
202300039410;155610660;Z01;2;7;0;2;7;12;0;
202300039411;155610657;A01;2;7;0;2;8;19;1;
202300039411;155610658;B01;2;2;0;2;1;2;1;
202300039412;155610655;A01;0;33;0;2;0;1;1;
202300039412;155610656;B01;1;2;0;2;7;1;1;
202300039413;155610654;A01;1;7;0;1;2;1;2;
202300039414;155610652;B01;2;10;0;2;5;1;1;
202300039414;155610653;A01;2;30;0;2;1;21;3;
202300039415;155610650;A01;1;7;0;2;1;1;2;
202300039415;155610651;B01;1;1;0;2;4;23;5;
202300039416;155610648;B01;2;10;0;2;4;2;1;
202300039416;155610649;A01;2;7;0;2;1;2;1;
202300039417;155610646;B01;2;7;0;2;1;1;1;
202300039417;155610647;A01;2;50;0;2;7;1;3;
202300039418;155610645;A01;2;7;0;1;1;15;2;
202300039419;155610643;A01;2;17;0;2;4;2;1;
202300039419;155610644;B01;1;14;0;2;1;2;1;
202300039420;155610641;B01;1;7;0;2;2;15;2;
202300039420;155610642;A01;1;32;0;2;1;1;1;
202300039421;155610640;A01;1;7;0;1;3;1;1;
202300039422;155610637;C01;3;7;0;2;4;23;1;
202300039422;155610638;B01;3;7;0;2;4;23;1;
202300039422;155610639;A01;3;7;0;2;1;1;1;
202300039423;155610635;A01;1;34;0;1;1;2;1;
202300039424;155610636;A01;1;7;8;0;3;1;1;
202300039425;155610632;B01;3;50;0;2;7;19;3;
202300039425;155610634;A01;3;14;0;2;3;1;1;
202300039426;155610631;A01;2;33;0;1;1;3;1;
202300039426;155610633;B01;1;7;0;2;3;1;1;