Num_Acc;id_vehicule;num_veh;senc;catv;obs;obsm;choc;manv;motor;occutc
202300039427;155610630;A01;3;7;0;1;1;1;1;
202300039428;155610628;A01;3;7;0;1;3;1;1;
202300039429;155610627;A01;1;7;0;2;1;5;1;
202300039429;155610629;B01;2;7;0;2;1;1;1;
202300039430;155610626;A01;3;7;0;1;1;1;1;
202300039431;155610623;B01;2;7;0;2;3;16;2;
202300039431;155610625;A01;2;31;0;2;7;1;1;
202300039432;155610622;A01;0;34;0;2;3;21;1;
202300039432;155610624;B01;0;50;0;2;1;21;3;
202300039433;155610620;A01;3;33;0;1;1;1;1;
202300039434;155610619;A01;1;7;0;9;5;23;0;
202300039434;155610621;B01;1;31;0;2;1;9;1;
202300039435;155610618;A01;0;7;0;1;1;20;1;
202300039436;155610616;A01;3;99;0;2;3;19;0;
202300039436;155610617;B01;3;33;0;2;1;0;0;
202300039437;155610614;A01;1;7;0;2;2;15;1;
202300039437;155610615;B01;2;33;0;2;1;1;1;
202300039438;155610612;B01;3;7;0;2;4;2;2;
202300039438;155610613;A01;3;10;0;2;1;2;1;
202300039439;155610610;A01;1;7;0;2;1;1;1;
202300039439;155610611;B01;1;7;0;2;4;1;1;
202300039440;155610608;A01;0;10;0;1;2;17;1;
202300039441;155610607;B01;1;33;0;2;0;0;1;
202300039441;155610609;A01;1;7;0;2;1;1;1;
202300039442;155610606;A01;1;7;0;0;2;15;0;
202300039443;155610604;A01;3;7;0;2;3;0;1;
202300039443;155610605;B01;0;33;0;2;5;0;1;
202300039444;155610602;A01;0;7;12;0;3;16;1;
202300039445;155610601;B01;1;7;0;2;4;23;1;
202300039445;155610603;A01;1;30;0;2;1;2;1;
202300039446;155610600;A01;2;7;0;1;2;1;1;
202300039447;155610598;A01;2;7;0;2;5;16;0;
202300039447;155610599;B01;2;2;0;2;1;1;0;
202300039448;155610595;A01;2;7;0;2;4;1;1;
202300039448;155610597;B01;1;1;0;2;1;1;5;
202300039449;155610594;A01;1;30;0;2;1;5;1;
202300039449;155610596;B01;2;7;0;2;2;1;1;
202300039450;155610593;A01;2;32;0;1;2;17;1;
202300039451;155610592;A01;1;7;9;0;1;14;3;
202300039452;155610590;A01;1;43;0;2;1;2;1;
202300039452;155610591;B01;0;17;1;0;4;2;1;
202300039453;155610589;A01;1;7;6;0;1;14;1;
202300039454;155610587;A01;0;7;0;1;1;1;1;
202300039455;155610586;A01;2;7;0;1;3;1;1;
202300039456;155610584;B01;3;7;0;2;6;24;1;
202300039456;155610585;A01;1;2;1;0;2;0;1;
202300039457;155610583;A01;1;7;0;1;2;1;1;
202300039458;155610581;A01;1;16;0;2;3;20;1;
202300039458;155610582;B01;1;7;0;2;2;1;1;
202300039459;155610579;A01;2;7;0;2;1;1;1;
202300039459;155610580;B01;2;7;0;2;4;1;1;
202300039460;155610577;B01;0;7;0;2;1;1;1;
202300039460;155610578;A01;0;30;0;2;1;13;1;
202300039461;155610576;A01;3;7;13;0;1;1;1;
202300039462;155610575;A01;2;10;0;1;1;1;1;
202300039463;155610574;A01;2;7;3;0;1;1;1;
202300039464;155610572;A01;1;32;0;2;1;1;1;
202300039464;155610573;B01;2;7;0;2;2;15;1;
202300039465;155610570;A01;1;7;0;2;3;16;1;
202300039465;155610571;B01;1;7;8;0;3;21;1;
202300039466;155610568;A01;3;30;0;2;1;1;1;
202300039466;155610569;B01;3;7;0;2;2;15;1;
202300039467;155610566;B01;2;7;0;2;1;0;1;
202300039467;155610567;A01;2;7;0;2;1;1;1;
202300039468;155610564;B01;1;1;0;2;8;15;5;
202300039468;155610565;A01;1;7;0;2;2;1;1;
202300039469;155610563;A01;3;7;0;1;1;16;1;
202300039470;155610562;A01;2;7;0;1;3;16;1;
202300039471;155610560;A01;1;30;0;2;3;18;1;
202300039471;155610588;B01;1;7;0;2;2;16;1;
202300039472;155610559;A01;3;7;0;2;3;15;1;
202300039472;155610561;B01;1;2;0;2;1;1;1;
202300039473;155610558;A01;1;33;0;0;1;0;1;
202300039474;155610555;A01;1;7;0;2;0;15;0;
202300039474;155610556;B01;2;7;0;2;1;1;0;
202300039475;155610554;A01;3;7;0;2;2;1;1;
202300039475;155610557;B01;3;7;0;2;3;1;1;
202300039476;155610552;B01;1;1;0;2;1;1;5;
202300039476;155610553;A01;1;7;0;2;1;9;1;
202300039477;155610550;A01;1;33;13;0;1;1;1;
202300039478;155610549;B01;1;7;0;2;3;1;1;
202300039478;155610551;A01;1;7;0;2;1;9;1;
202300039479;155610547;A01;3;7;0;2;1;15;1;
202300039479;155610548;B01;3;1;0;2;1;5;5;
202300039480;155610546;A01;3;7;0;1;2;1;1;
202300039481;155610545;A01;3;7;3;0;3;1;1;
202300039482;155610544;A01;1;33;0;0;9;1;1;
202300039483;155610542;A01;0;7;0;1;3;0;1;
202300039484;155610541;B01;3;7;0;2;2;0;1;
202300039484;155610543;A01;3;7;0;2;7;19;1;
202300039485;155610540;A01;2;7;0;0;9;1;1;
202300039486;155610538;A01;1;33;0;2;8;13;1;
202300039486;155610539;B01;2;7;0;2;3;1;1;
202300039487;155610537;A01;2;31;0;6;1;1;-1;
202300039488;155610533;A01;2;7;0;2;1;13;1;
202300039488;155610535;B01;1;7;3;2;1;1;3;
202300039488;155610536;C01;2;7;0;9;3;2;2;
202300039489;155610534;A01;2;7;0;1;2;2;6;
202300039490;155610530;A01;1;7;3;0;1;14;1;
202300039490;155610532;B01;1;17;0;0;7;11;1;
202300039491;155610528;A01;3;7;0;4;2;1;1;
202300039491;155610529;B01;0;39;0;2;3;1;2;
202300039492;155610527;B01;2;50;0;2;1;1;3;
202300039492;155610531;A01;3;7;0;2;8;9;1;
202300039493;155610525;A01;0;7;0;2;3;9;1;
202300039493;155610526;B01;0;10;0;2;1;1;1;
202300039494;155610522;B01;1;15;0;2;3;1;1;
202300039494;155610523;A01;2;10;0;2;3;13;1;
202300039495;155610524;A01;2;7;0;1;1;1;1;
202300039496;155610520;A01;1;7;0;2;1;13;1;
202300039496;155610521;B01;2;7;0;0;1;1;1;
202300039497;155610518;A01;1;7;13;2;2;17;1;
202300039497;155610519;B01;1;7;0;2;3;15;1;
202300039498;155610517;A01;3;7;15;0;1;15;0;
202300039499;155610515;A01;3;7;0;2;8;9;0;
202300039499;155610516;B01;3;2;0;2;1;1;0;
202300039500;155610514;A01;2;10;15;0;1;1;1;
202300039501;155610511;B01;2;21;0;2;3;1;1;
202300039501;155610513;A01;1;2;0;2;3;16;1;
202300039502;155610512;A01;3;7;4;0;3;26;1;
202300039503;155610506;A01;2;7;13;0;0;1;1;
202300039504;155610505;A01;1;7;0;2;1;26;1;
202300039504;155610507;B01;1;7;0;2;3;26;1;
202300039504;155610508;C01;1;7;0;2;2;1;1;
202300039505;155610504;A01;3;7;0;1;1;1;1;
202300039506;155610501;A01;2;7;0;2;1;5;1;
202300039506;155610502;B01;3;7;0;2;1;1;1;
202300039507;155610500;A01;3;7;0;2;3;1;1;
202300039507;155610503;B01;3;7;0;2;1;15;1;
202300039508;155610499;A01;1;7;8;0;1;14;0;
202300039509;155610498;A01;2;7;13;0;1;1;1;
202300039510;155610494;A01;2;7;0;2;1;1;1;
202300039510;155610496;B01;3;7;0;2;6;1;0;
202300039511;155610492;A01;3;7;8;0;3;0;1;
202300039512;155610487;A01;3;7;0;2;1;1;1;
202300039512;155610488;B01;3;1;0;2;4;1;5;
202300039513;155610489;A01;2;7;13;2;3;13;1;
202300039513;155610490;B01;1;10;0;2;1;1;1;
202300039514;155610483;A01;1;7;0;2;1;15;0;
202300039514;155610485;B01;2;7;0;2;3;1;1;
202300039515;155610481;A01;2;10;2;0;1;14;1;
202300039516;155610476;A01;1;7;0;2;2;15;1;
202300039516;155610477;B01;2;2;0;2;1;1;1;
202300039516;155610479;C01;2;2;0;2;1;1;1;
202300039517;155610478;A01;3;7;0;2;2;18;1;
202300039517;155610480;B01;3;7;0;2;2;1;1;
202300039518;155610474;A01;2;33;0;2;1;1;1;
202300039518;155610475;B01;1;7;0;0;6;19;3;
202300039519;155610472;A01;3;10;0;2;2;17;1;
202300039519;155610473;B01;3;10;0;2;3;1;1;
202300039520;155610471;A01;2;7;2;0;3;0;1;
202300039521;155610467;A01;1;7;0;2;1;13;1;
202300039521;155610468;B01;2;7;0;2;1;1;1;
202300039521;155610470;C01;1;7;0;2;1;1;1;
202300039522;155610465;A01;1;33;0;0;0;0;1;
202300039523;155610466;B01;3;7;0;2;2;9;1;
202300039523;155610469;A01;3;7;0;2;3;9;1;
202300039524;155610464;A01;1;7;0;1;2;0;1;
202300039525;155610462;Z01;2;10;9;0;2;1;1;
202300039526;155610461;A01;1;1;0;2;1;5;5;
202300039526;155610463;B01;2;10;0;9;2;15;1;
202300039527;155610460;A01;2;50;12;0;1;25;3;
202300039528;155610458;B01;1;10;0;2;4;12;1;
202300039528;155610459;A01;1;33;0;2;1;3;1;
202300039529;155610456;A01;3;32;14;0;7;1;1;
202300039530;155610454;C01;2;7;0;2;4;2;0;
202300039530;155610455;A01;2;7;0;2;1;2;0;
202300039530;155610457;B01;2;7;0;2;4;2;0;
202300039531;155610453;A01;1;30;0;1;1;26;1;
202300039532;155610446;A01;2;10;0;2;4;2;1;
202300039532;155610447;B01;2;10;0;2;4;2;1;
202300039532;155610448;C01;2;7;0;2;4;2;1;
202300039532;155610449;D01;2;7;0;2;4;2;2;
202300039532;155610450;E01;2;7;0;2;1;2;1;
202300039533;155610444;A01;1;7;0;2;5;2;1;
202300039533;155610445;B01;1;10;0;2;3;2;1;
202300039534;155610443;A01;1;7;0;1;2;5;1;
202300039535;155610442;A01;2;7;14;1;0;14;2;
202300039536;155610440;A01;2;7;0;2;3;10;1;
202300039536;155610441;B01;2;2;0;2;1;2;1;
202300039537;155610437;C01;3;7;0;2;1;23;1;
202300039537;155610438;A01;3;7;0;2;2;13;1;
202300039537;155610439;B01;3;7;0;2;3;23;1;
202300039538;155610435;B01;3;80;0;2;2;19;3;
202300039538;155610436;A01;3;33;0;2;1;1;1;
202300039539;155610434;A01;1;7;0;1;1;0;1;
202300039540;155610432;B01;2;7;0;2;3;23;1;
202300039540;155610433;Z01;1;7;1;0;1;13;1;
202300039541;155610431;A01;1;7;12;0;0;1;1;
202300039542;155610429;A01;1;30;0;2;1;1;1;
202300039542;155610430;B01;2;7;0;2;7;15;1;
202300039543;155610428;A01;1;37;0;1;1;1;1;2.0
202300039544;155610426;A01;2;15;0;1;1;1;1;
202300039545;155610427;A01;2;7;0;1;3;16;1;
202300039546;155610423;B01;1;32;0;2;1;21;1;
202300039546;155610425;A01;2;10;0;2;3;21;1;
202300039547;155610419;B01;2;7;0;2;1;15;1;
202300039547;155610421;A01;1;30;0;2;1;8;1;
202300039548;155610418;A01;3;7;0;2;2;15;1;
202300039548;155610420;B01;3;2;0;2;1;1;1;
202300039549;155610416;B01;3;33;0;2;7;17;1;
202300039549;155610417;A01;3;7;0;2;3;15;1;
202300039550;155610413;Z01;0;32;0;2;1;0;1;
202300039550;155610414;B01;3;1;0;2;8;19;5;
202300039551;155610412;A01;1;7;0;2;1;1;1;
202300039551;155610415;B01;2;7;0;2;8;1;2;
202300039552;155610410;A01;0;7;0;1;0;9;0;
202300039553;155610409;B01;1;7;1;0;2;15;1;
202300039553;155610411;A01;1;7;0;2;6;24;1;
202300039554;155610407;A01;1;7;3;0;9;1;1;
202300039555;155610406;A01;3;7;0;2;1;1;1;
202300039555;155610408;B01;3;30;0;2;4;1;1;
202300039556;155610405;A01;2;7;0;1;3;15;0;
202300039557;155610402;C01;2;7;0;2;4;23;1;
202300039557;155610403;A01;2;7;0;2;1;1;1;
202300039557;155610404;B01;2;7;0;2;4;23;1;
202300039558;155610401;A01;2;7;0;1;1;16;1;
202300039559;155610399;A01;2;10;0;2;2;9;1;
202300039559;155610400;B01;1;7;0;2;3;1;1;
202300039560;155610397;A01;1;50;0;2;7;2;3;
202300039560;155610398;B01;2;10;0;2;1;0;1;
202300039561;155610396;A01;0;7;0;1;1;26;1;
202300039562;155610395;A01;0;1;0;1;1;1;5;
202300039563;155610393;B01;1;33;0;2;1;2;1;
202300039563;155610394;A01;2;10;0;2;7;15;1;
202300039564;155610392;A01;2;7;1;0;2;1;3;
202300039565;155610389;A01;3;33;0;2;2;19;1;
202300039565;155610391;B01;3;7;0;2;3;15;1;
202300039566;155610388;A01;1;13;0;2;1;15;0;
202300039566;155610390;B01;1;33;0;2;8;1;1;
202300039567;155610387;A01;3;2;0;2;6;2;0;
202300039568;155610385;A01;1;7;0;2;1;15;1;
202300039568;155610386;B01;2;99;0;0;0;0;0;
202300039569;155610383;A01;1;7;1;2;1;0;1;
202300039569;155610384;B01;1;7;12;2;4;20;1;
202300039570;155610380;A01;1;7;12;0;1;2;1;
202300039570;155610382;B01;1;1;0;2;1;0;5;
202300039571;155610379;B01;1;33;0;2;1;1;1;
202300039571;155610381;A01;1;10;0;2;6;23;1;
202300039572;155610377;A01;1;7;8;0;2;1;1;
202300039573;155610376;B01;3;50;0;2;3;25;3;
202300039573;155610378;A01;1;10;0;9;2;16;1;
202300039574;155610371;A01;2;7;0;9;8;22;0;
202300039574;155610373;B01;2;50;1;2;1;1;3;
202300039575;155610372;A01;3;7;0;2;1;2;1;
202300039575;155610374;B01;3;7;0;2;4;2;1;
202300039575;155610375;C01;3;31;0;2;4;2;1;
202300039576;155610370;A01;0;37;0;1;2;16;1;1.0
202300039577;155610369;A01;3;7;0;1;1;1;1;
202300039578;155610366;A01;1;7;0;2;7;16;1;
202300039578;155610368;B01;1;31;0;2;8;1;1;
202300039579;155610367;A01;2;99;6;0;1;19;1;
202300039580;155610363;B01;3;10;0;2;3;1;1;
202300039580;155610365;A01;3;7;0;2;3;13;1;
202300039581;155610362;B01;1;7;0;2;1;1;1;
202300039581;155610364;A01;2;10;0;2;1;19;1;
202300039582;155610361;A01;1;10;0;1;3;15;1;
202300039583;155610359;A01;1;7;0;2;3;13;1;
202300039583;155610360;B01;2;31;0;2;1;1;1;
202300039584;155610358;Z01;2;32;0;1;1;1;1;
202300039585;155610355;A01;3;7;0;2;1;1;1;
202300039585;155610356;B01;3;7;0;2;8;1;1;
202300039585;155610357;C01;3;7;0;2;1;1;1;
202300039586;155610352;A01;2;7;0;2;1;15;1;
202300039586;155610354;B01;1;10;0;2;8;16;1;
202300039587;155610351;A01;2;7;0;2;3;15;1;
202300039587;155610353;B01;1;33;0;2;6;1;1;
202300039588;155610348;A01;1;7;0;0;9;17;1;
202300039589;155610349;A01;3;34;1;0;8;13;1;
202300039589;155610350;B01;3;7;1;2;8;22;1;
202300039590;155610347;A01;1;7;2;0;7;1;1;
202300039591;155610346;A01;1;32;0;1;1;21;1;
202300039592;155610345;A01;1;2;0;0;0;1;1;
202300039593;155610343;A01;1;7;13;0;1;1;1;
202300039594;155610342;Z01;1;7;0;0;0;1;1;
202300039594;155610344;A01;1;1;0;2;4;1;5;
202300039595;155610340;A01;3;7;0;2;1;1;0;
202300039595;155610341;B01;3;1;8;2;8;19;5;
202300039596;155610337;A01;1;30;0;0;7;7;1;
202300039596;155610339;B01;1;10;0;0;0;16;1;
202300039597;155610336;A01;2;7;0;2;2;0;1;
202300039597;155610338;B01;2;7;0;2;2;1;1;
202300039598;155610334;A01;2;7;13;0;1;17;1;
202300039599;155610333;B01;2;7;0;2;2;16;1;
202300039599;155610335;A01;2;30;0;2;3;1;3;
202300039600;155610332;A01;1;7;1;0;2;0;1;
202300039601;155610331;A01;3;7;0;1;3;1;1;
202300039602;155610329;A01;1;10;0;9;7;2;1;
202300039602;155610330;B01;1;1;0;2;4;2;5;
202300039603;155610327;A01;1;7;2;0;0;0;1;
202300039604;155610328;A01;2;30;12;0;1;13;3;
202300039605;155610326;A01;0;7;0;1;2;16;1;
202300039606;155610325;Z01;1;50;0;1;1;5;3;
202300039607;155610324;A01;1;7;0;1;1;1;1;
202300039608;155610323;A01;0;50;0;1;1;25;3;
202300039609;155610321;B01;2;2;1;0;1;1;1;
202300039609;155610322;A01;2;7;0;0;5;15;1;
202300039610;155610320;A01;1;7;0;1;2;16;2;
202300039611;155610319;A01;2;31;16;0;0;0;0;
202300039612;155610318;A01;1;7;6;0;8;0;1;
202300039613;155610316;A01;1;1;0;2;1;18;5;
202300039613;155610317;B01;1;13;0;2;4;4;1;
202300039614;155610314;A01;2;7;0;2;1;3;0;
202300039614;155610315;B01;2;15;0;0;4;1;0;
202300039615;155610311;A01;1;32;0;2;6;15;1;
202300039615;155610313;B01;1;7;0;2;2;1;1;
202300039616;155610306;A01;1;10;0;2;1;1;1;
202300039616;155610307;B01;1;7;0;2;1;1;1;
202300039616;155610309;C01;1;7;0;0;4;1;1;
202300039617;155610305;B01;1;32;0;2;1;1;1;
202300039617;155610308;A01;2;80;0;2;1;16;3;
202300039618;155610302;B01;1;38;0;2;2;2;1;1.0
202300039618;155610304;A01;1;7;15;2;3;19;1;
202300039619;155610303;A01;1;7;6;0;1;21;0;
202300039620;155610300;A01;3;7;0;2;3;5;0;
202300039620;155610301;B01;1;7;0;2;2;1;0;
202300039621;155610298;B01;2;7;0;2;4;2;1;
202300039621;155610299;A01;2;7;0;2;1;2;1;
202300039622;155610296;A01;0;50;0;0;0;0;3;
202300039623;155610294;A01;1;10;15;0;2;26;1;
202300039624;155610293;A01;1;7;0;2;3;0;1;
202300039624;155610295;B01;2;7;0;2;1;0;1;
202300039625;155610291;A01;1;10;0;2;1;18;3;
202300039625;155610292;B01;1;32;0;2;5;1;1;
202300039626;155610290;A01;2;33;0;0;8;17;1;
202300039627;155610288;A01;0;7;8;0;1;14;0;
202300039628;155610289;A01;3;17;0;0;0;21;1;
202300039629;155610285;B01;1;50;0;2;1;1;3;
202300039629;155610287;A01;1;7;0;9;5;1;1;
202300039630;155610284;A01;1;7;0;2;1;9;1;
202300039630;155610286;B01;3;7;0;2;7;26;1;
202300039631;155610283;A01;1;7;0;1;6;4;1;
202300039632;155610282;A01;1;10;0;0;0;1;1;
202300039633;155610280;Y01;3;60;0;2;0;19;5;
202300039633;155610281;A01;1;7;0;2;2;16;0;
202300039634;155610278;A01;3;2;0;2;7;1;1;
202300039634;155610279;B01;3;3;0;2;7;19;1;
202300039635;155610277;A01;2;30;0;1;2;3;0;
202300039636;155610274;B01;1;2;0;2;1;7;0;
202300039636;155610275;A01;1;7;0;2;7;16;1;
202300039637;155610271;A01;1;7;4;0;2;14;1;
202300039638;155610269;A01;2;7;0;2;3;1;1;
202300039638;155610272;B01;0;7;0;2;2;9;1;
202300039639;155610268;A01;2;7;0;2;1;1;1;
202300039639;155610270;B01;2;7;0;2;3;23;1;
202300039639;155610273;C01;1;10;0;2;2;9;1;
202300039640;155610263;A01;2;7;0;2;9;9;1;
202300039640;155610265;C01;2;7;0;2;2;1;1;
202300039640;155610267;B01;2;7;0;2;2;1;1;
202300039641;155610262;A01;2;7;8;0;2;1;1;
202300039642;155610264;B01;1;34;0;2;2;17;1;
202300039642;155610266;A01;1;7;0;2;3;15;1;
202300039643;155610261;A01;2;32;0;1;1;1;1;
202300039644;155610259;B01;1;7;0;9;1;15;1;
202300039645;155610258;B01;2;7;0;0;4;2;1;
202300039645;155610260;A01;2;7;0;0;3;2;1;
202300039646;155610255;A01;3;7;0;2;3;15;1;
202300039646;155610257;B01;3;1;0;2;1;17;5;
202300039647;155610256;A01;3;7;0;1;1;1;1;
202300039648;155610251;A01;1;7;0;2;3;9;1;
202300039648;155610253;B01;1;7;0;2;2;15;1;
202300039649;155610252;A01;2;30;0;1;1;1;1;
202300039650;155610248;A01;0;1;0;0;0;0;5;
202300039650;155610249;B01;1;7;0;2;5;23;1;
202300039651;155610245;A01;2;7;0;2;3;15;1;
202300039651;155610247;B01;1;1;0;2;8;1;5;
202300039652;155610244;A01;2;7;0;2;2;1;1;
202300039652;155610246;B01;2;7;0;2;4;1;1;
202300039652;155610250;C01;2;7;0;2;4;1;1;
202300039653;155610243;A01;1;33;0;2;1;26;1;
202300039654;155610241;A01;1;7;0;2;1;21;0;
202300039654;155610242;B01;1;33;0;2;4;1;1;
202300039655;155610238;B01;1;7;0;2;3;19;0;
202300039655;155610240;A01;1;43;0;2;1;1;0;
202300039656;155610236;A01;1;7;0;0;9;19;1;
202300039657;155610235;A01;1;7;0;2;4;1;0;
202300039657;155610237;B01;1;7;0;2;0;0;0;
202300039657;155610239;C01;1;7;0;2;0;0;0;
202300039658;155610233;Z01;1;7;0;2;8;22;1;
202300039658;155610234;B01;1;1;1;0;7;1;5;
202300039659;155610232;A01;1;7;16;0;9;1;1;
202300039660;155610231;A01;1;7;0;1;1;9;1;
202300039661;155610230;A01;0;7;1;0;2;2;1;
202300039662;155610228;A01;1;1;15;0;0;1;5;
202300039663;155610226;A01;2;7;0;2;1;26;1;
202300039663;155610229;B01;2;7;0;2;4;1;1;
202300039664;155610225;A01;1;50;0;2;3;13;3;
202300039664;155610227;B01;1;15;0;2;2;1;1;
202300039665;155610224;A01;2;7;4;0;1;0;1;
202300039666;155610222;A01;3;7;0;1;3;1;1;
202300039667;155610221;B01;3;7;0;2;2;9;1;
202300039667;155610223;A01;1;32;0;2;1;17;1;
202300039668;155610218;B01;2;7;3;0;2;0;1;
202300039668;155610220;A01;2;7;1;0;1;2;1;
202300039669;155610217;A01;1;7;0;2;1;13;3;
202300039669;155610219;B01;2;7;0;2;1;1;1;
202300039670;155610214;A01;2;7;6;0;1;1;1;
202300039671;155610213;C01;2;7;9;0;4;23;0;
202300039671;155610215;B01;1;7;0;2;4;23;0;
202300039671;155610216;A01;2;7;0;2;1;1;0;
202300039672;155610210;A01;1;34;1;0;2;1;1;
202300039673;155610207;A01;1;7;9;0;3;1;1;
202300039674;155610205;A01;1;7;8;0;1;1;1;
202300039675;155610204;A01;2;7;0;2;1;1;1;
202300039675;155610206;B01;2;17;0;2;6;12;1;
202300039676;155610203;A01;1;7;2;0;1;14;6;
202300039677;155610198;A01;2;33;0;2;1;3;1;
202300039677;155610200;B01;2;7;0;2;8;11;1;
202300039678;155610197;B01;2;7;0;2;1;1;1;
202300039678;155610199;A01;1;7;0;2;1;1;1;
202300039679;155610195;A01;2;7;4;0;0;1;1;
202300039680;155610194;A01;2;7;0;2;1;13;1;
202300039680;155610196;B01;1;15;0;2;1;1;1;
202300039681;155610191;A01;1;21;0;2;8;1;1;
202300039681;155610192;B01;2;7;0;2;7;1;1;
202300039681;155610193;C01;1;7;0;2;1;1;1;
202300039682;155610188;A01;2;2;0;2;1;1;1;
202300039682;155610190;B01;2;7;0;2;5;23;1;
202300039683;155610187;B01;1;7;0;2;1;15;1;
202300039683;155610189;A01;1;7;0;1;5;1;1;
202300039684;155610185;A01;1;7;0;2;3;13;1;
202300039684;155610186;B01;2;7;0;2;8;1;1;
202300039685;155610180;A01;0;7;0;2;8;13;1;
202300039685;155610183;B01;0;10;0;2;8;1;1;
202300039686;155610182;A01;3;7;0;2;2;9;1;
202300039686;155610184;B01;3;32;0;2;1;1;1;
202300039687;155610178;A01;1;7;0;2;1;1;1;
202300039687;155610181;B01;2;7;0;2;1;1;1;
202300039688;155610176;B01;3;7;0;2;3;15;1;
202300039688;155610179;A01;3;31;0;2;1;17;1;
202300039689;155610174;A01;1;7;0;2;8;15;1;
202300039689;155610177;B01;2;7;0;2;6;26;1;
202300039690;155610172;A01;2;7;0;2;3;13;1;
202300039690;155610173;B01;1;10;0;2;3;1;1;
202300039690;155610175;C01;1;7;0;2;8;1;1;
202300039691;155610170;A01;3;7;0;2;1;2;1;
202300039691;155610171;B01;3;33;0;2;4;1;1;
202300039692;155610167;A01;2;7;8;2;3;9;1;
202300039692;155610168;B01;2;33;0;2;1;2;1;
202300039693;155610165;A01;2;7;0;2;8;24;1;
202300039693;155610166;B01;2;1;1;0;7;1;0;
202300039694;155610164;A01;1;7;0;2;1;1;1;
202300039694;155610169;B01;1;7;0;2;8;1;1;
202300039695;155610162;A01;1;2;0;0;0;0;1;
202300039696;155610161;A01;3;7;0;2;7;1;1;
202300039696;155610163;B01;2;7;7;2;1;1;1;
202300039697;155610160;A01;3;32;0;0;1;1;0;
202300039698;155610157;A01;2;33;0;0;1;21;1;
202300039699;155610156;A01;1;7;0;2;2;13;1;
202300039699;155610158;B01;2;7;0;2;2;21;1;
202300039700;155610154;C01;1;7;0;2;4;2;1;
202300039700;155610155;B01;1;10;0;2;4;1;1;
202300039700;155610159;A01;1;7;0;2;1;2;1;
202300039701;155610151;A01;2;7;0;2;1;1;1;
202300039701;155610153;B01;1;7;0;2;4;1;1;
202300039702;155610148;A01;2;7;0;2;2;10;1;
202300039702;155610149;B01;1;33;8;2;1;1;1;
202300039703;155610146;A01;2;7;3;0;1;9;1;
202300039704;155610145;C01;3;7;0;2;4;2;2;
202300039704;155610147;B01;3;30;0;2;4;2;1;
202300039704;155610150;A01;3;7;0;2;1;2;1;
202300039705;155610144;A01;2;2;9;0;1;0;1;
202300039706;155610140;A01;1;32;0;2;7;18;1;
202300039706;155610143;B01;1;7;0;2;7;16;1;
202300039707;155610138;C01;3;7;0;2;4;1;1;
202300039707;155610139;A01;3;7;0;2;1;2;1;
202300039707;155610141;B01;3;7;0;2;5;1;1;
202300039708;155610137;A01;2;7;0;0;3;13;1;
202300039709;155610135;A01;3;31;0;2;1;2;1;
202300039709;155610136;B01;3;7;0;2;4;11;1;
202300039710;155610133;A01;1;7;13;0;1;2;1;
202300039711;155610131;A01;2;50;0;2;1;17;3;
202300039711;155610134;B01;1;10;0;9;2;1;1;
202300039712;155610126;B01;2;7;0;9;1;1;1;
202300039712;155610128;A01;1;50;0;2;1;15;3;
202300039713;155610124;B01;1;7;0;2;1;1;1;
202300039713;155610129;A01;1;7;0;2;2;19;1;
202300039714;155610125;D01;1;7;0;2;4;2;0;
202300039714;155610127;A01;1;7;0;2;1;2;1;
202300039714;155610130;B01;1;7;0;2;4;2;1;
202300039714;155610132;C01;1;10;0;2;4;2;1;
202300039715;155610121;A01;2;33;13;0;1;1;1;
202300039716;155610120;A01;1;7;0;2;1;2;1;
202300039716;155610122;B01;1;7;0;2;4;16;1;
202300039717;155610119;B01;3;7;0;2;1;16;6;
202300039717;155610123;A01;3;7;0;2;1;15;6;
202300039718;155610118;A01;2;7;0;1;2;1;1;
202300039719;155610115;B01;3;1;9;2;8;26;5;
202300039719;155610117;A01;3;7;9;2;1;15;0;
202300039720;155610114;A01;2;7;13;0;3;13;1;
202300039721;155610113;B01;2;7;0;2;1;1;1;
202300039721;155610116;A01;1;7;0;2;1;5;1;
202300039722;155610110;B01;1;1;0;2;3;14;5;
202300039722;155610112;A01;1;7;0;2;2;3;1;
202300039723;155610109;B01;1;7;0;2;1;1;1;
202300039723;155610111;A01;2;7;0;2;1;17;1;
202300039724;155610107;B01;2;10;0;2;2;2;1;
202300039724;155610108;A01;1;32;0;2;8;10;1;
202300039725;155610104;A01;1;7;0;2;3;1;1;
202300039725;155610105;B01;2;7;0;2;3;1;1;
202300039726;155610103;B01;1;7;0;2;4;1;1;
202300039726;155610106;A01;1;10;14;0;1;1;1;
202300039727;155610098;B01;1;7;8;2;1;1;1;
202300039727;155610100;A01;2;7;0;2;1;15;1;
202300039728;155610099;A01;1;7;0;2;1;1;2;
202300039728;155610102;Y01;3;50;0;2;8;1;3;
202300039729;155610097;B01;2;7;0;2;4;2;1;
202300039729;155610101;A01;2;10;0;2;1;2;0;
202300039730;155610096;A01;2;7;0;1;2;16;1;
202300039731;155610095;A01;1;7;0;1;3;1;2;
202300039732;155610093;A01;2;33;0;2;2;17;0;
202300039732;155610094;B01;1;7;0;2;3;15;0;
202300039733;155610091;A01;2;10;15;0;3;1;6;
202300039734;155610089;A01;2;7;0;2;1;1;1;