Num_Acc;id_vehicule;num_veh;senc;catv;obs;obsm;choc;manv;motor;occutc
202300039734;155610090;B01;2;7;0;2;4;1;1;
202300039735;155610088;A01;2;1;0;2;6;19;5;
202300039735;155610092;Z01;1;7;0;2;6;16;0;
202300039736;155610084;A01;3;33;0;2;1;21;1;
202300039736;155610086;B01;0;33;0;2;1;26;1;
202300039737;155610083;A01;3;30;0;2;4;0;1;
202300039737;155610087;B01;3;10;0;2;1;0;1;
202300039738;155610082;A01;1;1;0;2;1;15;5;
202300039738;155610085;B01;2;7;0;2;3;9;1;
202300039739;155610081;A01;2;17;3;0;1;1;1;
202300039740;155610078;A01;2;7;2;0;3;0;1;
202300039741;155610077;B01;3;7;0;2;3;0;1;
202300039741;155610080;A01;3;1;0;2;2;19;5;
202300039742;155610076;B01;2;2;0;2;2;1;1;
202300039742;155610079;A01;2;10;0;2;3;9;1;
202300039743;155610075;A01;2;33;4;0;0;1;1;
202300039744;155610074;A01;2;7;0;1;1;1;1;
202300039745;155610071;B01;1;10;0;2;3;1;1;
202300039745;155610073;A01;2;1;0;2;1;1;5;
202300039746;155610068;A01;1;7;15;1;1;25;1;
202300039747;155610066;A01;1;7;0;1;1;1;1;
202300039748;155610067;A01;2;7;0;2;5;18;1;
202300039748;155610069;B01;2;1;0;2;0;0;5;
202300039748;155610070;C01;2;1;0;2;2;1;5;
202300039749;155610062;A01;2;7;15;0;1;1;1;
202300039750;155610060;A01;1;7;0;2;1;2;1;
202300039750;155610061;B01;1;7;0;2;4;2;1;
202300039750;155610064;C01;1;7;0;2;1;2;1;
202300039750;155610065;D01;1;10;0;2;1;2;1;
202300039751;155610059;A01;3;2;0;2;1;15;1;
202300039751;155610063;B01;2;7;0;2;2;1;1;
202300039752;155610055;A01;1;7;0;2;4;1;1;
202300039752;155610057;B01;1;33;0;2;1;2;1;
202300039753;155610054;A01;2;7;0;9;3;1;1;
202300039754;155610052;A01;3;7;16;0;3;0;1;
202300039755;155610050;A01;2;7;0;1;2;9;1;
202300039756;155610049;A01;2;43;8;0;1;26;1;
202300039757;155610047;B01;2;7;0;2;1;0;1;
202300039757;155610048;A01;1;7;0;2;7;0;1;
202300039758;155610046;A01;2;7;0;1;2;1;1;
202300039759;155610044;B01;2;7;0;2;4;1;1;
202300039759;155610045;A01;2;7;4;2;1;13;1;
202300039760;155610041;A01;2;7;0;2;1;13;1;
202300039760;155610042;B01;1;10;0;0;3;1;1;
202300039761;155610040;A01;1;7;0;2;1;2;1;
202300039761;155610043;B01;1;1;0;2;4;2;5;
202300039762;155610039;A01;2;30;14;0;0;26;3;
202300039763;155610038;A01;1;33;0;1;1;26;1;
202300039764;155610037;A01;2;32;0;1;1;0;1;
202300039765;155610035;A01;1;7;0;0;8;15;1;
202300039765;155610036;B01;0;33;7;2;1;0;1;
202300039766;155610034;A01;1;7;13;0;1;0;1;
202300039767;155610032;A01;1;10;0;2;1;13;6;
202300039767;155610033;B01;2;7;0;2;1;1;6;
202300039768;155610027;A01;1;50;0;2;7;1;3;
202300039768;155610028;B01;3;7;0;2;3;1;1;
202300039769;155610026;A01;3;7;0;2;2;0;0;
202300039769;155610030;B01;3;7;0;2;0;0;0;
202300039770;155610022;A01;1;7;0;2;1;2;1;
202300039770;155610025;B01;1;7;0;2;4;2;1;
202300039770;155610029;C01;1;7;0;2;4;2;1;
202300039770;155610031;D01;1;7;0;0;4;2;1;
202300039771;155610021;A01;2;30;0;2;1;1;3;
202300039771;155610024;B01;1;7;0;2;8;1;1;
202300039772;155610023;A01;3;1;0;0;1;1;5;
202300039773;155610019;B01;1;7;0;2;5;17;3;
202300039773;155610020;A01;1;7;3;2;3;13;2;
202300039774;155610017;B01;1;7;0;2;3;1;1;
202300039774;155610018;A01;2;30;0;2;1;13;3;
202300039775;155610016;A01;3;7;13;0;1;26;1;
202300039776;155610015;A01;2;7;14;0;2;14;1;
202300039777;155610012;B01;0;7;0;2;1;0;1;
202300039777;155610014;A01;0;7;0;2;1;26;1;
202300039778;155610011;A01;3;7;4;0;1;14;1;
202300039779;155610010;A01;1;7;0;9;3;15;1;
202300039779;155610013;B01;2;1;0;0;8;1;5;
202300039780;155610006;B01;1;1;0;2;1;1;5;
202300039780;155610009;A01;2;7;0;2;3;13;1;
202300039781;155610005;B01;0;33;0;2;1;1;1;
202300039781;155610007;A01;0;7;0;2;4;26;1;
202300039782;155610004;B01;1;2;0;2;1;1;1;
202300039782;155610008;A01;0;7;0;2;8;15;1;
202300039783;155610001;B01;1;7;0;0;4;2;1;
202300039783;155610003;A01;1;7;0;2;1;2;1;
202300039784;155609998;A01;2;7;3;0;8;2;1;
202300039784;155610000;B01;2;7;0;0;0;0;1;
202300039785;155609996;A01;2;2;0;2;1;5;1;
202300039785;155609999;B01;1;7;0;2;3;1;1;
202300039786;155609995;A01;1;7;0;2;3;9;1;
202300039786;155609997;B01;3;2;0;2;7;1;1;
202300039787;155609994;A01;1;7;13;0;1;2;0;
202300039788;155609993;A01;2;7;4;0;8;1;1;
202300039789;155609991;A01;2;7;7;0;1;9;1;
202300039790;155609988;A01;2;7;0;2;1;1;1;
202300039790;155609992;B01;0;3;0;2;6;0;3;
202300039791;155609986;A01;1;33;0;2;0;3;1;
202300039791;155609989;B01;1;7;0;2;4;11;1;
202300039792;155609987;A01;3;7;0;2;1;1;1;
202300039792;155609990;B01;3;7;0;2;7;15;1;
202300039793;155609984;A01;1;7;1;0;3;13;1;
202300039794;155609981;B01;1;10;6;2;3;1;1;
202300039794;155609983;A01;2;7;0;2;2;19;1;
202300039795;155609982;A01;1;33;0;2;2;26;1;
202300039795;155609985;B01;1;7;0;2;3;11;1;
202300039796;155609980;A01;2;7;13;0;1;14;1;
202300039797;155609977;A01;2;7;0;2;1;2;1;
202300039797;155609978;B01;2;7;0;2;4;0;1;
202300039798;155609975;A01;0;7;0;2;3;1;0;
202300039798;155609979;B01;3;7;0;2;6;1;0;
202300039799;155609974;A01;3;7;0;9;0;15;2;
202300039799;155609976;B01;3;1;0;2;0;0;5;
202300039800;155609970;A01;2;7;0;2;1;1;1;
202300039800;155609972;B01;2;7;0;2;4;1;1;
202300039801;155609968;B01;2;7;0;2;4;2;2;
202300039801;155609971;C01;2;10;0;2;1;2;1;
202300039801;155609973;A01;2;38;0;2;1;12;1;1.0
202300039802;155609967;A01;0;7;0;2;3;20;1;
202300039802;155609969;B01;0;30;0;2;0;1;1;
202300039803;155609964;B01;3;32;0;2;2;1;1;
202300039803;155609966;A01;3;7;0;2;8;9;1;
202300039804;155609963;A01;1;7;15;0;2;26;1;
202300039805;155609962;B01;2;34;0;2;7;12;1;
202300039805;155609965;A01;2;15;0;2;2;2;1;
202300039806;155609961;A01;3;7;0;5;0;1;1;
202300039807;155609959;A01;1;7;0;1;7;19;1;
202300039808;155609960;A01;2;7;0;1;1;1;1;
202300039809;155609958;A01;0;7;0;1;2;15;1;
202300039810;155609955;B01;1;7;0;2;8;1;1;
202300039810;155609957;A01;1;7;0;2;1;1;0;
202300039811;155609954;B01;3;7;0;2;2;19;1;
202300039811;155609956;A01;2;7;0;2;8;1;1;
202300039812;155609949;C01;2;7;0;2;1;26;1;
202300039812;155609952;B01;1;7;0;2;8;19;1;
202300039812;155609953;A01;1;7;0;2;1;19;1;
202300039813;155609950;A01;2;80;0;1;1;1;3;
202300039814;155609948;B01;2;7;0;2;2;1;1;
202300039814;155609951;A01;2;7;8;0;2;1;3;
202300039815;155609946;A01;3;7;0;1;2;15;1;
202300039816;155609943;B01;2;1;0;2;1;21;5;
202300039816;155609945;A01;1;7;0;2;0;1;1;
202300039817;155609944;A01;3;33;0;2;2;17;1;
202300039817;155609947;B01;3;10;0;2;6;15;1;
202300039818;155609938;A01;1;17;0;2;8;2;1;
202300039818;155609939;B01;2;7;0;2;2;2;1;
202300039818;155609942;C01;2;7;0;2;4;2;1;
202300039819;155609937;A01;1;1;0;2;8;10;5;
202300039819;155609940;B01;1;30;0;2;1;21;3;
202300039820;155609936;A01;3;7;0;2;4;1;1;
202300039820;155609941;B01;3;7;0;2;1;26;1;
202300039821;155609934;B01;2;2;0;2;7;15;1;
202300039821;155609935;A01;1;7;0;2;3;1;1;
202300039822;155609932;A01;2;7;2;0;1;14;1;
202300039823;155609933;A01;1;7;0;1;3;4;1;
202300039824;155609930;A01;0;38;0;2;3;16;1;1.0
202300039824;155609931;B01;0;33;0;2;1;26;1;
202300039825;155609928;Z01;3;7;0;2;8;10;1;
202300039825;155609929;B01;3;32;0;2;1;1;1;
202300039826;155609926;A01;2;7;0;1;1;1;1;
202300039827;155609924;A01;1;80;0;1;1;1;3;
202300039828;155609925;A01;1;7;0;2;8;11;1;
202300039828;155609927;B01;1;34;0;2;2;3;1;
202300039829;155609922;A01;2;30;0;2;8;1;1;
202300039829;155609923;B01;2;7;1;0;8;1;1;
202300039830;155609921;A01;3;7;0;1;1;1;1;
202300039831;155609917;A01;0;10;0;1;4;4;1;
202300039832;155609918;A01;2;33;0;2;1;3;1;
202300039832;155609919;B01;2;7;0;2;3;1;1;
202300039832;155609920;C01;2;7;0;2;5;1;1;
202300039833;155609916;A01;1;43;0;1;1;1;1;
202300039834;155609912;A01;3;7;0;2;2;2;1;
202300039834;155609915;B01;3;50;0;2;1;19;3;
202300039835;155609911;A01;2;10;0;2;4;4;3;
202300039835;155609913;B01;2;1;0;2;1;1;5;
202300039836;155609910;A01;2;34;0;2;1;2;3;
202300039836;155609914;B01;2;7;0;2;5;2;1;
202300039837;155609908;A01;1;7;0;2;3;1;1;
202300039837;155609909;B01;1;7;0;2;3;1;1;
202300039838;155609905;A01;2;7;0;2;3;15;1;
202300039838;155609907;B01;1;30;0;2;1;1;1;
202300039839;155609903;B01;1;33;0;2;1;1;1;
202300039839;155609906;A01;1;7;0;2;8;10;1;
202300039840;155609904;A01;1;7;9;0;1;26;1;
202300039841;155609899;A01;2;7;0;2;1;15;1;
202300039841;155609902;B01;2;50;0;2;2;1;3;
202300039842;155609897;A01;2;50;0;2;7;5;3;
202300039842;155609901;B01;1;10;0;2;7;1;1;
202300039843;155609898;A01;2;2;0;2;2;1;1;
202300039843;155609900;B01;2;7;0;0;3;15;1;
202300039844;155609895;A01;1;33;12;0;7;1;1;
202300039845;155609893;B01;2;1;0;2;1;5;5;
202300039845;155609896;A01;2;17;0;2;6;1;1;
202300039846;155609892;A01;3;7;0;2;5;16;1;
202300039846;155609894;B01;3;80;0;2;1;1;3;
202300039847;155609888;C01;3;7;0;2;3;1;1;
202300039847;155609890;B01;3;10;0;2;3;1;3;
202300039847;155609891;A01;3;7;0;2;3;13;1;
202300039848;155609887;B01;2;1;0;2;7;15;5;
202300039848;155609889;A01;1;7;0;2;1;1;2;
202300039849;155609886;A01;1;80;9;0;1;1;3;
202300039850;155609885;A01;3;50;0;1;1;1;3;
202300039851;155609884;A01;1;50;0;1;1;15;3;
202300039852;155609883;A01;2;1;12;0;1;25;5;
202300039853;155609880;A01;1;7;0;2;7;10;1;
202300039853;155609882;B01;2;43;0;2;1;1;1;
202300039854;155609879;B01;1;33;0;2;2;17;1;
202300039854;155609881;A01;1;7;0;2;3;15;2;
202300039855;155609876;A01;2;7;0;1;3;1;1;
202300039856;155609875;B01;3;2;0;2;1;1;3;
202300039856;155609877;A01;3;7;0;2;3;15;1;
202300039857;155609878;A01;1;7;0;1;1;1;1;
202300039858;155609873;A01;1;34;0;2;7;17;1;
202300039858;155609874;B01;0;7;0;2;2;15;1;
202300039859;155609869;A01;1;7;0;2;1;9;1;
202300039859;155609870;B01;1;50;0;2;8;1;3;
202300039860;155609867;A01;2;7;0;2;3;10;1;
202300039860;155609872;B01;2;37;0;2;2;1;1;3.0
202300039861;155609868;A01;2;7;0;2;2;1;1;
202300039861;155609871;B01;2;32;0;2;4;15;1;
202300039862;155609863;A01;0;7;0;2;3;1;1;
202300039862;155609865;B01;1;7;0;2;2;1;1;
202300039863;155609860;A01;3;1;0;2;1;26;5;
202300039863;155609862;B01;3;7;0;2;5;1;1;
202300039864;155609861;A01;2;7;6;0;1;15;2;
202300039865;155609859;A01;0;7;0;1;1;1;1;
202300039866;155609856;A01;1;7;0;2;1;15;1;
202300039866;155609857;B01;2;30;0;2;1;1;0;
202300039867;155609855;A01;1;7;0;2;3;1;1;
202300039867;155609858;B01;1;33;0;2;0;23;1;
202300039868;155609852;B01;1;7;0;2;3;1;1;
202300039868;155609853;A01;1;7;0;2;5;12;1;
202300039869;155609851;B01;1;7;0;2;1;1;1;
202300039869;155609854;A01;1;7;0;2;2;26;1;
202300039870;155609849;Z01;1;7;1;0;5;17;1;
202300039870;155609850;A01;1;7;0;2;5;24;2;
202300039871;155609847;A01;1;7;8;0;1;14;1;
202300039872;155609846;A01;3;7;1;0;6;24;1;
202300039872;155609848;B01;3;7;1;0;2;1;1;
202300039873;155609844;A01;2;7;0;2;3;21;1;
202300039873;155609845;B01;1;1;0;2;7;19;5;
202300039874;155609843;A01;2;7;9;0;1;13;1;
202300039875;155609841;A01;2;33;0;2;1;17;1;
202300039875;155609842;B01;0;80;0;2;6;19;3;
202300039876;155609840;A01;3;30;13;0;1;15;0;
202300039877;155609837;A01;1;1;0;2;1;1;5;
202300039877;155609839;Z01;1;7;0;2;2;17;1;
202300039878;155609836;B01;1;2;0;2;3;16;1;
202300039878;155609838;A01;2;7;0;2;3;15;1;
202300039879;155609834;A01;2;10;0;2;3;15;1;
202300039879;155609835;B01;2;32;0;2;8;23;1;
202300039880;155609831;B01;3;34;0;2;1;1;0;
202300039880;155609832;A01;0;3;0;2;1;11;0;
202300039881;155609830;B01;1;7;0;2;3;15;1;
202300039881;155609833;A01;1;30;0;2;1;1;1;
202300039882;155609828;B01;1;7;0;2;3;1;3;
202300039882;155609829;A01;1;7;0;2;3;15;1;
202300039883;155609826;A01;2;10;0;2;8;20;1;
202300039883;155609827;B01;2;33;0;2;1;1;1;
202300039884;155609823;B01;1;7;0;2;4;23;1;
202300039884;155609825;A01;1;32;14;2;1;1;1;
202300039885;155609822;A01;2;7;0;2;1;15;0;
202300039885;155609824;B01;1;50;0;2;1;1;3;
202300039886;155609819;A01;1;33;0;2;1;17;1;
202300039886;155609821;B01;2;7;0;2;7;15;2;
202300039887;155609818;A01;3;7;0;2;3;1;1;
202300039887;155609820;B01;1;99;0;2;1;21;3;
202300039888;155609813;A01;1;7;0;2;2;16;1;
202300039888;155609817;B01;2;1;0;2;1;2;5;
202300039889;155609815;A01;1;7;0;2;1;2;1;
202300039889;155609816;B01;1;7;0;2;4;23;1;
202300039890;155609812;A01;3;7;0;2;2;15;1;
202300039890;155609814;B01;3;7;0;2;1;1;1;
202300039891;155609810;A01;3;7;1;0;3;13;1;
202300039892;155609809;B01;1;32;0;2;1;18;1;
202300039892;155609811;A01;1;7;0;2;7;16;1;
202300039893;155609807;B01;3;7;0;2;1;9;0;
202300039893;155609808;A01;3;7;0;2;1;8;0;
202300039894;155609803;C01;2;7;0;2;3;2;1;
202300039894;155609804;B01;2;7;0;2;5;2;1;
202300039894;155609806;A01;2;7;0;2;4;2;2;
202300039895;155609801;B01;1;7;0;2;8;26;1;
202300039895;155609805;A01;2;7;0;2;1;26;1;
202300039896;155609800;B01;3;7;0;2;7;0;1;
202300039896;155609802;A01;3;31;0;2;7;17;1;
202300039897;155609798;A01;1;7;0;0;8;22;1;
202300039897;155609799;B01;1;1;1;0;1;1;5;
202300039898;155609793;A01;2;10;0;2;1;2;1;
202300039898;155609796;B01;2;7;0;2;4;2;1;
202300039898;155609797;C01;2;10;0;2;4;1;1;
202300039899;155609795;A01;3;2;17;0;0;1;1;
202300039900;155609794;A01;1;7;4;0;2;0;1;
202300039901;155609792;A01;2;7;0;0;9;1;1;
202300039902;155609791;A01;3;7;13;0;1;2;1;
202300039903;155609789;B01;2;7;0;2;3;0;1;
202300039903;155609790;A01;1;2;0;2;1;13;1;
202300039904;155609788;A01;2;33;2;0;1;1;1;
202300039905;155609786;A01;3;7;0;2;8;15;1;
202300039905;155609787;B01;1;7;1;2;2;1;1;
202300039906;155609785;A01;2;7;4;0;9;14;1;
202300039907;155609781;A01;1;7;0;2;3;0;1;
202300039907;155609784;B01;1;7;0;2;2;0;1;
202300039908;155609782;B01;1;7;16;2;1;1;0;
202300039908;155609783;A01;2;7;16;2;1;13;1;
202300039909;155609779;A01;3;2;12;0;9;10;1;
202300039910;155609780;A01;1;7;7;0;3;0;1;
202300039911;155609777;A01;0;7;0;0;1;14;3;
202300039912;155609776;B01;1;7;0;2;6;1;1;
202300039912;155609778;A01;1;30;0;2;1;1;1;
202300039913;155609775;A01;0;10;9;0;1;1;1;
202300039914;155609771;A01;1;7;0;2;4;1;1;
202300039914;155609773;C01;1;7;0;2;4;15;1;
202300039914;155609774;B01;1;7;0;2;1;1;1;
202300039915;155609770;B01;1;1;0;2;1;5;5;
202300039915;155609772;A01;3;7;0;2;2;16;1;
202300039916;155609767;A01;2;7;0;9;2;1;1;
202300039916;155609769;B01;2;1;13;0;6;1;5;
202300039917;155609765;A01;2;7;0;2;1;1;1;
202300039917;155609766;C01;2;10;0;2;6;1;1;
202300039917;155609768;B01;2;7;0;2;4;1;1;
202300039918;155609764;A01;1;7;2;0;1;1;1;
202300039919;155609763;A01;2;7;7;0;1;13;1;
202300039920;155609762;A01;2;2;0;0;7;14;1;
202300039921;155609761;A01;1;7;17;0;2;13;1;
202300039922;155609758;A01;1;7;0;9;2;16;1;
202300039922;155609759;B01;1;50;0;2;1;1;3;
202300039923;155609754;A01;1;7;0;1;1;1;2;
202300039924;155609753;A01;2;31;0;2;1;0;1;
202300039924;155609755;B01;0;7;0;2;2;0;1;
202300039925;155609751;B01;1;7;0;2;2;16;3;
202300039925;155609752;A01;2;80;0;2;7;25;3;
202300039926;155609749;A01;3;7;0;2;2;19;1;
202300039926;155609750;B01;2;33;0;2;8;1;1;
202300039927;155609747;A01;1;7;13;0;2;1;1;
202300039928;155609748;A01;2;34;12;1;1;14;1;
202300039929;155609745;A01;1;7;15;0;1;1;1;
202300039930;155609743;A01;3;1;0;0;0;0;5;
202300039931;155609744;B01;1;7;0;2;4;1;3;
202300039931;155609746;A01;1;10;0;2;1;1;1;
202300039932;155609740;A01;1;7;13;0;1;1;1;
202300039933;155609739;A01;3;7;9;2;3;15;1;
202300039933;155609741;B01;0;80;0;2;8;1;3;
202300039934;155609737;A01;1;7;0;0;7;1;1;
202300039935;155609735;A01;1;7;0;0;1;1;1;
202300039936;155609734;B01;2;33;0;2;7;1;1;
202300039936;155609736;A01;1;7;0;2;3;19;1;
202300039937;155609732;A01;3;7;2;0;8;14;1;
202300039938;155609731;B01;1;2;0;2;1;1;1;
202300039938;155609733;A01;2;7;0;2;1;5;0;
202300039939;155609728;A01;2;2;0;2;1;2;1;
202300039939;155609729;B01;2;7;0;0;6;1;1;
202300039940;155609730;A01;1;32;0;0;7;19;1;
202300039941;155609727;A01;1;7;0;0;0;1;1;
202300039942;155609724;A01;1;32;8;0;1;1;1;
202300039943;155609721;A01;2;7;13;0;1;19;0;
202300039944;155609720;A01;2;7;0;2;1;1;1;
202300039944;155609722;B01;2;7;0;2;4;1;1;
202300039944;155609723;C01;2;7;0;2;4;1;1;
202300039945;155609718;A01;3;7;0;1;7;0;1;
202300039946;155609716;A01;2;7;0;2;3;17;1;
202300039946;155609717;B01;1;7;0;2;3;1;1;
202300039946;155609719;C01;2;7;0;9;1;1;1;
202300039947;155609715;A01;2;7;0;1;3;19;1;
202300039948;155609714;A01;2;7;6;0;1;1;1;
202300039949;155609711;B01;1;2;0;2;1;1;1;
202300039949;155609713;A01;0;7;0;2;3;1;1;
202300039950;155609710;A01;3;38;0;2;3;1;1;1.0
202300039950;155609712;B01;3;33;0;2;1;13;1;
202300039951;155609709;A01;1;7;13;0;1;1;1;
202300039952;155609708;A01;1;30;0;1;1;1;1;
202300039953;155609705;B01;3;2;0;2;3;2;1;
202300039953;155609706;A01;1;7;0;2;1;9;1;
202300039954;155609704;A01;1;7;16;0;9;0;1;
202300039955;155609702;A01;2;33;0;2;1;13;1;
202300039955;155609703;B01;1;7;0;2;3;1;1;
202300039956;155609700;A01;1;43;12;0;2;14;0;
202300039957;155609699;A01;2;7;0;2;7;13;1;
202300039957;155609701;B01;1;7;0;2;7;1;1;
202300039958;155609698;A01;1;30;0;0;0;1;1;
202300039959;155609695;A01;1;2;0;2;0;1;0;
202300039959;155609697;B01;2;7;0;2;0;11;0;
202300039960;155609693;B01;2;99;0;2;4;1;1;
202300039960;155609694;C01;2;7;0;2;0;2;1;
202300039960;155609696;A01;2;7;0;2;4;1;1;
202300039961;155609691;A01;1;7;9;2;6;15;1;
202300039961;155609692;B01;1;33;0;2;1;17;1;
202300039962;155609689;B01;3;32;0;2;1;1;1;
202300039962;155609690;A01;3;7;0;2;3;11;2;
202300039963;155609685;A01;2;7;0;2;1;26;1;
202300039963;155609686;B01;1;7;0;2;3;1;1;
202300039963;155609688;C01;1;7;0;2;1;21;3;
202300039964;155609684;B01;1;7;0;2;3;1;1;
202300039964;155609687;A01;1;7;0;2;8;15;1;
202300039965;155609680;B01;1;7;0;2;1;1;1;
202300039965;155609683;A01;2;7;0;2;1;13;1;
202300039966;155609681;A01;2;32;0;2;1;2;1;
202300039966;155609682;B01;2;7;0;2;6;2;2;
202300039967;155609677;A01;1;34;0;2;1;3;1;
202300039967;155609678;B01;1;7;0;2;5;1;1;
202300039968;155609676;A01;2;7;0;2;3;15;1;
202300039968;155609679;B01;1;1;0;2;8;1;5;
202300039969;155609673;B01;1;7;0;2;8;1;1;
202300039969;155609675;A01;1;15;0;2;2;12;1;
202300039970;155609674;A01;2;10;14;0;1;6;1;
202300039971;155609670;A01;1;33;0;2;1;3;1;
202300039971;155609672;B01;1;10;0;2;5;1;1;
202300039972;155609669;A01;2;7;0;2;1;17;1;
202300039972;155609671;B01;1;33;0;2;1;1;1;
202300039973;155609667;A01;0;33;15;9;1;1;1;
202300039974;155609666;B01;2;7;0;2;8;1;1;
202300039974;155609668;A01;2;33;0;2;7;17;1;
202300039975;155609664;A01;2;7;0;2;1;2;1;
202300039976;155609663;A01;1;10;0;2;5;1;1;
202300039976;155609665;B01;1;7;0;2;2;2;1;
202300039977;155609662;A01;1;1;0;1;1;1;5;
202300039978;155609660;B01;1;7;0;2;8;1;1;
202300039978;155609661;A01;1;15;0;2;2;12;1;
202300039979;155609658;A01;1;31;0;2;1;2;1;
202300039979;155609659;B01;1;7;0;2;5;2;1;
202300039980;155609654;C01;2;7;0;2;4;2;0;
202300039980;155609656;B01;2;7;0;2;4;2;1;
202300039980;155609657;A01;2;10;0;2;1;2;1;
202300039981;155609653;A01;2;50;0;2;1;2;3;
202300039981;155609655;B01;2;7;0;2;5;23;1;
202300039982;155609650;B01;1;33;0;2;7;2;1;
202300039982;155609652;A01;2;7;0;2;8;11;1;
202300039983;155609649;A01;3;32;0;2;1;1;1;
202300039983;155609651;B01;3;1;0;2;7;19;5;
202300039984;155609647;A01;3;10;0;1;2;16;1;
202300039985;155609645;B01;2;33;0;2;3;3;1;
202300039985;155609646;C01;2;10;0;2;5;0;1;
202300039985;155609648;A01;2;7;0;2;3;12;1;
202300039986;155609642;A01;1;7;0;1;3;1;1;
202300039987;155609643;B01;1;80;0;2;7;15;3;
202300039987;155609644;A01;1;7;0;2;3;12;1;
202300039988;155609640;A01;2;7;0;1;2;1;1;
202300039989;155609638;A01;1;7;0;1;2;16;1;
202300039990;155609636;A01;1;7;0;2;3;13;1;
202300039990;155609637;B01;2;7;0;2;3;16;1;
202300039991;155609635;A01;1;1;0;0;0;1;5;
202300039992;155609633;B01;2;7;0;2;4;2;1;
202300039992;155609634;A01;2;33;0;2;1;2;1;
202300039993;155609632;A01;1;2;0;2;7;9;1;
202300039994;155609630;A01;1;32;0;2;2;17;1;
202300039994;155609631;B01;1;2;0;2;8;15;1;
202300039995;155609628;B01;3;1;0;2;1;1;5;
202300039995;155609629;A01;1;7;0;2;2;1;1;
202300039996;155609627;A01;3;7;0;1;1;9;1;
202300039997;155609625;A01;2;7;0;2;3;15;1;
202300039997;155609626;B01;1;50;0;2;8;1;3;
202300039998;155609623;B01;1;7;0;2;2;1;1;
202300039998;155609624;A01;1;1;0;2;2;13;0;
202300039999;155609622;A01;3;31;12;0;1;0;1;
202300040000;155609621;A01;1;7;8;0;3;0;1;
202300040001;155609619;B01;3;99;0;2;3;1;1;
202300040001;155609620;A01;3;33;0;2;7;1;1;
202300040002;155609617;A01;2;7;0;2;2;2;1;
202300040002;155609618;B01;2;7;0;2;6;1;1;
202300040003;155609615;A01;1;7;0;2;4;0;1;
202300040003;155609616;B01;1;7;0;2;1;0;1;
202300040004;155609614;Z01;3;0;0;1;0;0;0;
202300040005;155609613;A01;1;7;0;0;1;11;1;
202300040006;155609610;A01;3;37;0;2;3;9;1;1.0
202300040006;155609611;B01;2;7;0;2;8;17;1;
202300040007;155609609;A01;1;7;0;2;2;14;1;
202300040007;155609612;B01;1;7;0;2;6;0;0;
202300040008;155609608;A01;3;7;0;1;2;1;1;
202300040009;155609606;A01;2;43;0;2;1;2;1;
202300040009;155609607;B01;2;7;0;2;4;2;1;
202300040010;155609604;B01;2;2;0;0;1;1;1;
202300040010;155609605;A01;2;7;0;0;1;15;1;
202300040011;155609603;A01;1;7;13;0;9;1;1;
202300040012;155609600;B01;2;7;1;2;5;1;1;
202300040012;155609602;A01;2;10;0;2;2;26;1;
202300040013;155609598;A01;0;7;1;0;1;5;1;
202300040014;155609597;C01;1;7;0;2;4;1;1;
202300040014;155609599;B01;1;7;0;2;4;2;1;
202300040014;155609601;A01;1;7;0;2;1;2;1;
202300040015;155609595;A01;1;7;3;0;4;26;1;
202300040016;155609594;A01;2;37;0;2;7;1;1;3.0
202300040016;155609596;B01;3;7;0;2;1;19;1;
202300040017;155609591;A01;1;7;0;2;1;2;3;
202300040017;155609593;B01;1;7;0;2;4;2;3;
202300040018;155609592;A01;1;7;0;1;1;1;1;
202300040019;155609588;B01;1;10;0;2;1;1;0;
202300040019;155609590;A01;2;10;0;2;1;10;0;
202300040020;155609587;B01;2;7;0;2;4;1;1;
202300040020;155609589;A01;2;7;0;2;3;11;1;
202300040021;155609585;A01;1;7;0;2;1;13;1;
202300040021;155609586;B01;2;43;0;2;1;1;1;
202300040022;155609582;A01;1;7;0;9;2;2;1;
202300040022;155609583;B01;1;1;0;2;4;2;5;
202300040023;155609581;A01;2;33;0;2;1;1;1;
202300040023;155609584;B01;2;10;0;2;4;1;1;
202300040024;155609579;B01;1;30;0;2;0;0;0;
202300040024;155609580;A01;1;1;0;2;7;21;5;
202300040025;155609577;B01;2;7;0;2;2;1;1;
202300040025;155609578;A01;2;7;0;2;9;14;1;
202300040026;155609575;A01;1;7;0;2;7;20;1;
202300040026;155609576;B01;1;60;0;2;3;1;5;
202300040027;155609573;A01;1;7;0;2;7;14;1;
202300040028;155609572;A01;2;7;0;2;4;23;1;
202300040028;155609574;B01;2;7;0;2;1;2;1;
202300040029;155609570;B01;1;7;0;2;1;2;1;
202300040029;155609571;A01;3;50;0;2;4;1;3;
202300040030;155609568;B01;0;7;0;2;0;0;1;
202300040030;155609569;A01;0;34;0;2;1;0;1;
202300040031;155609567;A01;2;50;0;1;1;1;3;
202300040032;155609564;A01;1;7;0;1;2;1;1;
202300040033;155609565;A01;3;31;0;2;1;17;1;
202300040033;155609566;B01;3;7;0;2;8;15;1;
202300040034;155609562;A01;1;30;0;0;0;1;1;
202300040035;155609561;A01;2;7;0;2;2;15;1;
202300040035;155609563;B01;2;7;0;2;3;1;2;
202300040036;155609555;A01;2;31;0;2;1;3;1;
202300040036;155609557;B01;2;7;0;2;5;2;1;