Num_Acc;id_vehicule;num_veh;senc;catv;obs;obsm;choc;manv;motor;occutc
202300040037;155609559;B01;2;7;0;2;4;2;1;
202300040037;155609560;A01;2;7;0;2;1;2;1;
202300040038;155609556;A01;1;7;0;2;2;15;3;
202300040038;155609558;B01;2;1;0;2;1;1;0;
202300040039;155609553;B01;2;7;0;2;4;2;1;
202300040039;155609554;A01;2;33;0;2;1;2;1;
202300040040;155609551;A01;1;7;3;0;1;1;1;
202300040041;155609549;A01;1;7;0;2;4;1;2;
202300040041;155609550;Z01;1;7;0;2;1;13;0;
202300040042;155609546;B01;1;7;0;2;2;12;0;
202300040042;155609547;A01;1;7;0;2;8;1;0;
202300040043;155609548;B01;1;7;0;2;2;1;1;
202300040043;155609552;A01;1;7;0;2;3;11;0;
202300040044;155609543;B01;3;7;0;2;6;4;1;
202300040044;155609544;A01;3;2;0;2;2;17;1;
202300040045;155609542;A01;3;7;0;2;3;15;1;
202300040045;155609545;B01;2;43;0;2;8;1;1;
202300040046;155609540;A01;1;7;0;2;1;15;1;
202300040046;155609541;B01;2;50;0;2;8;1;3;
202300040047;155609539;B01;3;99;0;1;1;21;0;
202300040048;155609537;A01;1;33;0;2;7;13;1;
202300040048;155609538;B01;2;7;0;2;5;15;1;
202300040049;155609535;B01;1;50;0;2;1;1;3;
202300040049;155609536;A01;1;7;0;2;7;15;1;
202300040050;155609532;A01;2;7;0;0;3;15;1;
202300040050;155609533;B01;2;1;0;0;1;2;5;
202300040051;155609530;A01;1;33;0;2;3;13;1;
202300040051;155609531;B01;2;7;0;2;3;0;1;
202300040052;155609528;B01;2;7;0;2;8;19;1;
202300040052;155609534;A01;2;7;0;2;2;1;1;
202300040053;155609527;A01;3;7;0;2;8;10;1;
202300040053;155609529;B01;3;33;0;2;1;1;1;
202300040054;155609523;A01;2;2;0;2;0;5;3;
202300040054;155609525;B01;1;1;1;2;1;1;5;
202300040055;155609522;A01;2;7;0;2;1;13;1;
202300040055;155609526;B01;1;7;0;2;1;1;1;
202300040056;155609521;B01;2;33;0;2;1;1;1;
202300040056;155609524;A01;1;7;0;2;1;13;1;
202300040057;155609519;Z01;2;7;0;1;1;15;2;
202300040058;155609518;A01;2;10;0;1;5;16;0;
202300040059;155609516;A01;2;7;0;1;3;1;1;
202300040060;155609514;A01;2;7;0;2;7;1;1;
202300040060;155609515;B01;1;7;0;2;1;1;1;
202300040061;155609512;B01;1;7;0;2;0;24;1;
202300040061;155609513;A01;1;31;6;0;1;13;1;
202300040062;155609509;A01;2;7;0;2;1;1;1;
202300040062;155609511;B01;2;7;0;2;4;1;1;
202300040063;155609508;B01;3;7;0;2;3;1;1;
202300040063;155609510;A01;2;7;0;2;3;15;1;
202300040064;155609506;A01;1;30;0;2;8;16;1;
202300040064;155609507;Z01;2;30;0;2;1;15;0;
202300040065;155609503;A01;1;7;0;2;1;26;1;
202300040065;155609505;B01;2;1;0;2;0;0;5;
202300040066;155609501;A01;2;33;0;2;1;18;1;
202300040066;155609504;B01;2;10;0;2;2;16;1;
202300040067;155609499;B01;1;7;0;2;3;1;1;
202300040067;155609502;A01;2;80;0;2;1;1;3;
202300040068;155609498;A01;3;7;0;2;1;21;1;
202300040068;155609500;B01;3;7;0;2;1;5;1;
202300040069;155609496;A01;2;80;0;1;1;1;3;
202300040070;155609495;A01;1;7;0;1;2;15;1;
202300040071;155609494;B01;1;7;0;2;4;23;1;
202300040071;155609497;A01;1;7;0;2;1;1;1;
202300040072;155609490;A01;2;7;0;1;1;1;1;
202300040073;155609492;A01;1;7;0;2;4;0;1;
202300040073;155609493;B01;1;2;0;2;1;0;1;
202300040074;155609491;A01;0;7;0;1;6;26;0;
202300040075;155609489;A01;1;7;6;0;1;1;2;
202300040076;155609486;A01;1;7;9;2;3;1;1;
202300040076;155609488;B01;1;7;0;2;2;9;1;
202300040077;155609485;B01;2;33;0;2;1;1;1;
202300040077;155609487;A01;1;7;0;2;5;15;3;
202300040078;155609484;B01;1;2;0;0;7;21;1;
202300040079;155609481;A01;2;7;0;9;7;2;0;
202300040079;155609483;B01;2;1;1;2;8;2;5;
202300040080;155609480;B01;2;50;0;2;1;1;3;
202300040080;155609482;A01;2;13;0;2;2;16;1;
202300040081;155609479;A01;3;37;0;1;2;1;0;1.0
202300040082;155609475;B01;2;10;0;2;4;1;1;
202300040082;155609477;A01;2;7;0;2;1;1;1;
202300040083;155609474;C01;2;7;0;2;6;0;1;
202300040083;155609476;B01;2;7;0;2;1;24;1;
202300040083;155609478;A01;2;30;0;2;1;3;1;
202300040084;155609471;A01;1;7;2;0;3;1;1;
202300040085;155609472;B01;2;7;0;2;1;2;1;
202300040085;155609473;A01;2;7;0;2;4;26;1;
202300040086;155609469;A01;2;33;0;2;1;12;1;
202300040086;155609470;B01;2;7;0;2;5;1;1;
202300040087;155609465;B01;1;7;0;2;1;1;1;
202300040087;155609468;A01;3;7;0;2;3;15;1;
202300040088;155609464;A01;3;7;0;2;1;1;1;
202300040088;155609467;B01;2;7;0;2;4;23;1;
202300040089;155609462;A01;1;7;0;2;4;2;1;
202300040089;155609463;B01;1;7;0;2;4;2;1;
202300040089;155609466;C01;1;7;0;2;1;2;0;
202300040090;155609459;A01;1;7;0;2;3;9;1;
202300040090;155609461;B01;1;1;0;2;2;1;5;
202300040091;155609457;A01;2;32;0;0;2;0;1;
202300040092;155609458;B01;2;13;0;2;4;2;1;
202300040092;155609460;A01;2;31;0;2;1;2;1;
202300040093;155609454;A01;1;7;0;2;7;19;1;
202300040093;155609456;B01;1;7;0;2;1;1;1;
202300040094;155609453;A01;2;7;13;0;1;0;1;
202300040095;155609452;A01;1;7;10;2;1;13;1;
202300040095;155609455;B01;1;7;4;2;4;2;1;
202300040096;155609451;A01;3;7;0;1;1;26;1;
202300040097;155609448;A01;1;7;4;0;1;1;1;
202300040098;155609445;A01;2;7;0;2;2;12;1;
202300040098;155609447;B01;2;7;0;2;6;11;1;
202300040099;155609446;A01;3;7;0;2;2;21;1;
202300040099;155609450;B01;3;7;0;2;3;0;1;
202300040100;155609443;A01;2;33;0;2;1;21;1;
202300040100;155609444;B01;2;7;0;2;5;1;1;
202300040101;155609441;A01;3;7;0;1;1;1;1;
202300040102;155609437;A01;2;33;0;2;1;21;1;
202300040102;155609439;B01;2;7;0;2;6;9;1;
202300040103;155609436;A01;0;30;0;2;9;17;1;
202300040103;155609438;B01;3;7;0;2;8;1;1;
202300040104;155609435;A01;0;7;0;2;1;1;1;
202300040104;155609440;B01;0;31;3;0;8;1;1;
202300040104;155609442;C01;0;33;16;0;0;1;1;
202300040105;155609432;B01;2;7;0;2;6;2;1;
202300040105;155609433;A01;2;10;0;2;1;2;2;
202300040106;155609431;A01;3;7;0;2;3;1;1;
202300040106;155609434;B01;3;32;0;2;7;1;1;
202300040107;155609429;A01;1;7;0;2;3;1;1;
202300040107;155609430;B01;1;7;0;2;1;1;1;
202300040108;155609426;B01;1;33;0;2;1;0;0;
202300040108;155609428;A01;0;10;0;2;2;0;1;
202300040109;155609423;B01;1;7;0;2;1;1;2;
202300040109;155609425;A01;2;7;0;2;2;15;1;
202300040110;155609424;A01;0;7;0;2;1;1;1;
202300040110;155609427;B01;3;7;0;2;3;15;1;
202300040111;155609421;A01;3;10;1;1;8;18;1;
202300040112;155609420;A01;2;7;0;2;1;15;0;
202300040112;155609422;B01;1;10;0;2;3;1;1;
202300040113;155609419;A01;1;7;2;0;1;1;1;
202300040114;155609418;A01;1;7;0;1;7;1;1;
202300040115;155609416;A01;1;7;0;2;4;15;1;
202300040115;155609417;B01;3;2;0;2;0;0;0;
202300040116;155609414;C01;0;30;0;2;0;0;0;
202300040116;155609415;B01;1;7;0;2;8;15;1;
202300040117;155609412;A01;2;50;0;2;1;19;3;
202300040117;155609413;B01;2;7;0;2;6;1;1;
202300040118;155609411;A01;1;33;14;0;9;1;1;
202300040119;155609408;B01;1;7;0;2;8;1;1;
202300040119;155609410;A01;2;7;0;2;2;1;1;
202300040120;155609409;A01;1;33;0;1;3;0;1;
202300040121;155609407;A01;1;7;4;0;3;1;1;
202300040122;155609406;A01;1;7;0;1;1;2;1;
202300040123;155609405;A01;1;7;3;0;1;1;1;
202300040124;155609403;A01;1;7;0;1;2;1;1;
202300040125;155609401;C01;1;38;0;2;4;1;1;1.0
202300040125;155609402;A01;1;7;0;2;1;1;1;
202300040125;155609404;B01;1;7;0;2;4;1;1;
202300040126;155609397;B01;3;2;0;2;1;1;1;
202300040126;155609399;A01;3;7;0;2;5;15;1;
202300040127;155609395;D01;1;7;0;2;0;1;1;
202300040127;155609396;C01;1;7;0;2;1;2;1;
202300040127;155609398;B01;2;7;0;2;1;2;1;
202300040127;155609400;A01;2;7;0;2;2;13;1;
202300040128;155609391;A01;2;7;0;2;2;1;1;
202300040128;155609394;B01;2;32;0;2;4;2;1;
202300040129;155609392;B01;1;10;0;2;3;15;1;
202300040129;155609393;A01;1;31;0;2;1;17;1;
202300040130;155609389;A01;1;7;6;0;3;1;1;
202300040131;155609387;C01;1;7;0;2;1;2;1;
202300040131;155609388;A01;1;7;0;2;1;2;1;
202300040131;155609390;B01;1;2;0;2;4;1;1;
202300040132;155609383;B01;0;37;0;2;3;1;1;1.0
202300040132;155609385;A01;0;7;0;2;3;0;1;
202300040133;155609384;A01;1;7;0;2;2;16;1;
202300040133;155609386;B01;1;7;0;2;3;1;1;
202300040134;155609378;B01;3;7;0;2;4;1;1;
202300040134;155609380;A01;0;33;0;2;1;1;1;
202300040134;155609381;C01;3;15;0;2;4;24;1;
202300040135;155609379;B01;3;7;0;2;1;0;1;
202300040135;155609382;A01;3;7;0;2;5;11;1;
202300040136;155609377;A01;1;7;3;0;1;0;1;
202300040137;155609375;B01;3;30;0;2;7;15;1;
202300040137;155609376;A01;3;10;0;2;1;1;1;
202300040138;155609373;B01;0;7;0;2;7;26;1;
202300040138;155609374;A01;0;7;0;2;1;9;1;
202300040139;155609371;A01;1;7;0;2;1;2;1;
202300040139;155609372;B01;1;7;0;2;4;2;1;
202300040140;155609368;A01;1;7;0;1;1;19;1;
202300040141;155609369;B01;2;2;0;2;1;1;1;
202300040141;155609370;A01;2;7;0;2;3;5;1;
202300040142;155609364;B01;2;7;0;2;2;14;1;
202300040142;155609366;C01;2;10;0;2;3;0;1;
202300040142;155609367;A01;2;7;4;2;9;21;1;
202300040143;155609362;A01;2;33;0;2;1;3;1;
202300040143;155609363;B01;2;7;0;0;5;1;1;
202300040143;155609365;C01;2;7;0;0;8;1;1;
202300040144;155609361;A01;1;7;1;0;1;26;1;
202300040145;155609359;A01;2;14;0;0;0;0;0;
202300040145;155609360;B01;2;30;0;2;7;0;1;
202300040146;155609358;A01;1;7;12;1;7;1;1;
202300040147;155609357;A01;0;7;0;1;1;9;0;
202300040148;155609355;A01;1;7;0;2;8;15;1;
202300040148;155609356;B01;2;33;0;2;1;1;1;
202300040149;155609353;A01;1;7;0;2;2;15;1;
202300040149;155609354;B01;1;1;0;2;0;1;5;
202300040150;155609352;A01;3;7;0;1;3;26;1;
202300040151;155609349;B01;2;1;0;2;0;0;5;
202300040151;155609351;A01;2;50;0;2;0;5;3;
202300040152;155609348;A01;1;7;0;2;5;15;1;
202300040152;155609350;B01;2;32;0;2;1;1;1;
202300040153;155609347;A01;3;7;1;0;2;14;1;
202300040154;155609345;A01;3;7;0;2;1;1;1;
202300040154;155609346;B01;3;80;0;2;8;19;3;
202300040155;155609344;A01;2;10;0;1;7;21;1;
202300040156;155609342;A01;1;7;0;2;1;1;1;
202300040156;155609343;B01;1;7;0;2;4;1;1;
202300040157;155609341;A01;1;7;0;1;1;0;1;
202300040158;155609338;A01;3;7;0;1;1;26;1;
202300040159;155609337;B01;1;7;0;2;3;1;1;
202300040159;155609339;C01;1;7;0;2;4;1;1;
202300040159;155609340;A01;1;7;0;2;1;13;1;
202300040160;155609335;A01;2;7;0;5;1;19;1;
202300040161;155609334;A01;1;7;0;2;2;1;2;
202300040161;155609336;B01;1;1;0;2;8;9;5;
202300040162;155609332;A01;3;7;0;1;1;1;1;
202300040163;155609331;B01;2;7;0;2;8;0;1;
202300040163;155609333;A01;1;7;0;2;8;0;1;
202300040164;155609329;B01;1;30;0;2;2;15;1;
202300040164;155609330;A01;2;30;0;2;1;1;1;
202300040165;155609327;B01;1;1;0;2;4;1;5;
202300040165;155609328;A01;1;7;0;2;1;1;1;
202300040166;155609325;A01;2;7;0;2;1;1;1;
202300040166;155609326;B01;2;7;0;2;6;15;1;
202300040167;155609322;A01;0;7;0;2;7;15;1;
202300040167;155609324;B01;0;7;0;2;8;1;1;
202300040168;155609320;C01;2;7;14;0;4;2;1;
202300040168;155609321;A01;1;7;0;2;1;2;1;
202300040168;155609323;B01;2;7;14;2;1;2;1;
202300040169;155609319;A01;1;7;0;1;1;1;1;
202300040170;155609316;B01;2;7;0;2;5;1;1;
202300040170;155609317;A01;2;33;0;2;1;1;1;
202300040171;155609315;B01;-1;0;-1;-1;-1;-1;-1;
202300040171;155609318;A01;1;7;0;2;4;1;1;
202300040172;155609314;A01;1;7;1;0;3;16;1;
202300040173;155609311;A01;2;1;6;0;1;0;5;
202300040174;155609312;B01;2;10;0;2;2;16;1;
202300040174;155609313;A01;2;1;0;2;8;19;5;
202300040175;155609308;A01;1;16;0;2;2;17;1;
202300040175;155609310;B01;1;50;0;2;8;13;3;
202300040176;155609307;B01;1;31;0;2;1;17;1;
202300040176;155609309;A01;2;7;0;2;8;10;1;
202300040177;155609305;B01;1;1;0;2;1;1;5;
202300040177;155609306;A01;1;7;0;2;5;20;1;
202300040178;155609304;A01;1;7;12;0;1;6;1;
202300040179;155609302;A01;2;10;0;2;2;1;1;
202300040179;155609303;B01;2;7;0;2;6;1;1;
202300040180;155609301;Z01;3;7;0;1;3;1;1;
202300040181;155609300;A01;1;7;0;1;1;14;1;
202300040182;155609297;A01;1;1;0;2;6;15;5;
202300040182;155609299;B01;1;37;0;9;8;7;1;1.0
202300040183;155609296;A01;2;7;0;2;1;2;0;
202300040183;155609298;B01;2;7;0;2;4;2;0;
202300040184;155609295;A01;3;32;0;1;1;1;1;
202300040185;155609293;A01;1;10;0;2;7;2;1;
202300040185;155609294;B01;1;50;0;2;8;1;3;
202300040186;155609291;A01;1;33;0;0;7;2;1;
202300040187;155609290;B01;2;7;0;2;3;1;1;
202300040187;155609292;A01;2;33;0;2;5;14;0;
202300040188;155609286;B01;1;1;0;2;1;1;5;
202300040188;155609288;A01;1;7;0;9;3;15;1;
202300040189;155609285;A01;2;7;0;2;9;3;1;
202300040189;155609287;B01;2;7;0;2;4;1;2;
202300040189;155609289;C01;2;7;0;2;7;1;1;
202300040190;155609282;B01;1;7;0;2;6;1;1;
202300040190;155609284;A01;2;7;0;2;1;19;1;
202300040191;155609281;Z01;1;1;0;2;0;16;5;
202300040191;155609283;A01;2;1;0;2;2;1;5;
202300040192;155609279;A01;1;7;9;0;1;1;1;
202300040193;155609278;B01;2;10;0;2;4;23;1;
202300040193;155609280;A01;2;7;0;2;1;1;1;
202300040194;155609277;A01;2;43;0;1;8;1;1;
202300040195;155609274;A01;1;7;0;2;3;13;1;
202300040195;155609276;B01;2;7;0;2;7;1;1;
202300040196;155609271;A01;1;7;0;2;3;15;1;
202300040196;155609272;B01;1;31;0;2;2;17;1;
202300040197;155609273;B01;1;7;9;2;7;1;2;
202300040197;155609275;A01;1;7;0;2;3;15;1;
202300040198;155609268;A01;1;38;0;2;1;1;1;1.0
202300040198;155609270;B01;1;1;0;2;7;19;5;
202300040199;155609267;B01;1;7;0;2;2;1;1;
202300040199;155609269;A01;1;7;0;2;3;15;1;
202300040200;155609266;A01;2;80;1;0;1;2;3;
202300040201;155609264;A01;1;7;0;2;1;15;1;
202300040201;155609265;B01;1;1;0;2;8;1;5;
202300040202;155609262;A01;2;7;0;1;1;2;1;
202300040203;155609260;A01;2;7;0;1;2;1;1;
202300040204;155609259;A01;1;7;0;2;1;26;1;
202300040204;155609261;B01;1;7;0;2;4;0;1;
202300040204;155609263;C01;2;7;0;2;7;0;1;
202300040205;155609256;A01;2;7;4;0;3;1;1;
202300040206;155609255;A01;1;1;0;2;7;1;5;
202300040206;155609257;Z01;1;1;0;2;8;15;5;
202300040207;155609253;A01;3;7;0;2;7;1;1;
202300040207;155609254;B01;3;7;6;2;1;21;1;
202300040207;155609258;Y01;2;50;0;2;1;5;3;
202300040208;155609252;A01;2;33;3;0;1;3;1;
202300040209;155609250;B01;2;7;0;2;3;20;1;
202300040209;155609251;A01;1;43;0;2;2;1;1;
202300040210;155609247;B01;3;50;0;2;1;16;3;
202300040210;155609249;A01;3;7;0;9;1;1;1;
202300040211;155609246;A01;1;32;1;0;1;1;1;
202300040212;155609244;C01;1;7;0;2;7;0;1;
202300040212;155609245;A01;1;7;0;2;1;21;1;
202300040212;155609248;B01;1;7;0;2;6;0;1;
202300040213;155609243;A01;2;7;0;1;1;1;2;
202300040214;155609240;A01;1;7;3;0;1;1;1;
202300040215;155609241;A01;1;33;1;2;0;1;1;
202300040215;155609242;B01;1;2;1;0;0;19;1;
202300040216;155609236;B01;2;7;0;2;4;1;1;
202300040216;155609237;A01;2;7;0;2;1;2;1;
202300040217;155609235;A01;1;7;1;0;1;1;1;
202300040218;155609234;A01;1;10;0;1;2;0;1;
202300040219;155609232;A01;1;10;0;2;4;2;1;
202300040219;155609233;B01;1;7;0;2;1;2;1;
202300040220;155609231;A01;1;7;12;0;3;17;1;
202300040221;155609229;A01;1;30;8;0;1;14;3;
202300040222;155609228;B01;2;7;0;2;2;17;1;
202300040222;155609230;A01;1;7;0;2;2;1;1;
202300040223;155609226;A01;1;7;0;2;2;1;1;
202300040223;155609227;B01;1;2;0;2;5;19;1;
202300040224;155609225;A01;2;7;1;0;1;14;1;
202300040225;155609223;A01;2;7;0;0;3;1;1;
202300040225;155609224;B01;1;31;0;2;1;11;1;
202300040226;155609220;B01;2;7;0;2;2;15;1;
202300040226;155609222;A01;3;7;0;2;1;26;1;
202300040227;155609218;A01;2;7;0;2;1;1;1;
202300040227;155609219;B01;2;7;0;2;4;1;1;
202300040227;155609221;C01;2;7;0;2;4;1;1;
202300040228;155609217;A01;1;7;0;1;3;1;1;
202300040229;155609214;A01;3;10;0;1;1;1;1;
202300040230;155609213;A01;3;10;0;2;1;1;1;
202300040230;155609215;C01;3;7;0;2;4;1;1;
202300040230;155609216;B01;3;7;0;2;1;1;1;
202300040231;155609209;A01;3;50;0;2;7;1;5;
202300040231;155609210;B01;3;7;0;0;0;0;3;
202300040232;155609212;A01;1;7;0;1;8;1;1;
202300040233;155609208;B01;2;50;0;2;1;1;3;
202300040233;155609211;A01;1;7;0;2;8;15;0;
202300040234;155609204;A01;1;7;0;2;2;16;1;
202300040234;155609206;B01;1;7;0;2;6;1;2;
202300040235;155609205;B01;0;1;0;0;0;0;5;
202300040235;155609207;A01;3;7;0;2;2;26;1;
202300040236;155609203;A01;1;10;0;1;3;15;1;
202300040237;155609199;A01;2;7;0;1;3;1;1;
202300040238;155609198;B01;1;7;0;2;1;15;1;
202300040238;155609202;A01;2;7;0;2;7;1;1;
202300040239;155609197;C01;1;7;1;0;4;24;1;
202300040239;155609200;A01;3;3;1;2;4;0;1;
202300040239;155609201;B01;1;7;1;0;4;24;1;
202300040240;155609194;A01;1;7;1;0;9;0;0;
202300040241;155609193;B01;1;7;0;2;4;26;1;
202300040241;155609196;Z01;1;7;0;2;0;0;0;
202300040242;155609192;B01;2;7;0;2;3;1;1;
202300040242;155609195;A01;1;7;0;2;1;19;1;
202300040243;155609190;A01;0;7;0;2;0;0;0;
202300040243;155609191;B01;3;30;0;2;2;15;0;
202300040244;155609189;A01;0;7;0;5;1;1;1;
202300040245;155609186;A01;0;7;0;2;6;4;0;
202300040245;155609187;B01;0;7;0;2;6;23;0;
202300040246;155609185;B01;1;7;0;2;1;1;1;
202300040246;155609188;A01;2;7;0;2;3;15;1;
202300040247;155609181;B01;1;7;0;2;2;1;1;
202300040247;155609184;A01;1;7;0;2;7;15;1;
202300040248;155609182;B01;2;7;0;2;3;13;1;
202300040248;155609183;A01;2;32;0;2;2;2;1;
202300040249;155609180;A01;2;36;0;2;1;1;1;
202300040250;155609177;A01;1;7;0;1;1;1;1;
202300040251;155609178;A01;2;7;0;1;3;1;1;
202300040252;155609174;A01;1;7;0;1;3;1;1;
202300040253;155609175;B01;2;33;0;2;1;1;1;
202300040253;155609179;A01;2;7;0;2;8;1;1;
202300040254;155609173;A01;1;10;0;2;1;1;1;
202300040254;155609176;B01;1;7;0;2;4;1;1;
202300040255;155609169;A01;1;7;0;0;4;23;1;
202300040255;155609172;B01;1;7;3;2;2;21;1;
202300040256;155609167;B01;1;7;0;2;8;1;1;
202300040256;155609170;A01;1;7;8;2;1;1;1;
202300040257;155609168;A01;3;7;0;2;3;15;1;
202300040257;155609171;B01;3;30;0;2;8;1;1;
202300040258;155609166;A01;2;1;10;0;0;0;5;
202300040259;155609164;A01;3;7;0;2;1;2;2;
202300040259;155609165;B01;3;7;0;2;4;2;1;
202300040260;155609163;A01;1;7;0;1;3;15;1;
202300040261;155609157;B01;3;7;0;2;8;1;1;
202300040261;155609160;C01;3;7;0;2;1;1;1;
202300040261;155609161;A01;3;7;0;2;1;13;1;
202300040262;155609158;A01;1;33;0;0;9;1;1;
202300040263;155609159;A01;2;7;13;2;3;13;1;
202300040263;155609162;B01;1;7;13;2;3;1;1;
202300040264;155609154;A01;1;33;0;1;1;1;1;
202300040265;155609155;B01;1;7;0;2;9;13;1;
202300040265;155609156;A01;1;10;0;2;1;15;1;
202300040266;155609152;A01;1;7;6;0;1;0;1;
202300040267;155609150;A01;3;7;0;2;1;0;1;
202300040267;155609151;B01;3;2;0;2;8;9;1;
202300040268;155609145;A01;3;15;0;2;2;15;1;
202300040268;155609148;B01;1;33;0;2;1;1;1;
202300040269;155609144;B01;3;7;0;2;4;23;0;
202300040269;155609146;A01;3;32;0;2;9;3;1;
202300040270;155609143;B01;2;7;0;0;9;2;1;
202300040270;155609147;C01;2;7;1;0;1;1;1;
202300040270;155609149;D01;2;7;1;0;2;1;1;
202300040270;155609153;A01;2;7;0;2;9;2;1;
202300040271;155609142;A01;2;7;9;0;1;1;1;
202300040272;155609141;A01;3;7;0;1;0;1;3;
202300040273;155609139;A01;0;33;0;1;1;1;1;
202300040274;155609138;A01;1;33;0;2;1;2;6;
202300040274;155609140;B01;2;7;0;0;5;2;6;
202300040275;155609137;A01;3;3;0;1;2;26;1;
202300040276;155609136;A01;2;7;0;1;1;26;1;
202300040277;155609135;A01;1;7;13;0;2;1;1;
202300040278;155609133;A01;2;7;1;0;2;1;1;
202300040279;155609132;A01;1;7;0;2;7;26;1;
202300040279;155609134;B01;2;7;0;2;1;1;1;
202300040280;155609131;A01;1;7;1;0;7;1;6;
202300040281;155609128;B01;1;2;15;0;1;1;1;
202300040281;155609130;A01;2;7;0;2;3;15;0;
202300040282;155609127;A01;2;7;0;2;1;13;1;
202300040282;155609129;B01;1;7;0;2;1;1;1;
202300040283;155609125;A01;1;10;0;2;1;13;1;
202300040283;155609126;B01;2;7;0;2;1;1;1;
202300040284;155609123;A01;2;7;8;0;7;13;1;
202300040285;155609120;A01;3;7;14;0;1;2;1;
202300040285;155609122;C01;3;7;1;0;0;0;4;
202300040285;155609124;B01;3;7;14;0;2;2;1;
202300040286;155609119;A01;2;33;0;2;1;2;1;
202300040286;155609121;B01;2;7;0;2;4;1;1;
202300040287;155609116;A01;0;7;0;2;1;9;1;
202300040287;155609117;B01;0;1;0;2;7;0;5;
202300040288;155609115;A01;1;7;0;2;1;26;1;
202300040288;155609118;B01;2;7;0;2;1;1;1;
202300040289;155609113;B01;1;7;0;2;3;1;1;
202300040289;155609114;A01;1;7;0;2;3;1;1;
202300040290;155609110;A01;1;7;8;0;3;14;1;
202300040291;155609109;A01;3;7;0;1;1;17;1;
202300040292;155609107;A01;2;7;0;2;3;13;1;
202300040292;155609108;B01;1;7;0;2;8;1;3;
202300040293;155609105;A01;0;7;0;1;1;1;1;
202300040294;155609104;A01;1;7;0;1;3;1;1;
202300040295;155609106;A01;2;7;13;0;2;1;1;
202300040296;155609101;B01;1;37;0;2;8;1;1;1.0
202300040296;155609103;A01;2;1;0;2;1;16;5;
202300040297;155609099;B01;3;7;0;2;1;1;0;
202300040297;155609102;A01;3;7;0;2;1;15;0;
202300040298;155609100;A01;1;33;3;0;8;1;1;
202300040299;155609097;A01;2;7;3;0;1;1;1;
202300040300;155609095;A01;3;2;0;0;0;1;1;
202300040301;155609096;A01;2;7;0;2;1;15;1;
202300040301;155609098;B01;1;2;0;2;8;1;1;
202300040302;155609094;A01;2;7;0;1;1;0;0;
202300040303;155609093;A01;1;33;0;0;8;26;1;
202300040304;155609091;A01;1;2;0;2;1;1;3;
202300040304;155609092;B01;1;7;0;2;4;23;1;
202300040305;155609089;A01;1;7;0;2;4;0;1;
202300040305;155609090;B01;1;7;0;2;1;0;1;
202300040306;155609088;A01;1;7;6;0;2;2;1;
202300040307;155609085;A01;2;7;0;2;1;1;1;
202300040307;155609087;B01;2;7;0;2;4;1;1;
202300040308;155609083;B01;2;32;0;2;1;1;1;
202300040308;155609086;A01;2;7;0;2;3;1;1;
202300040309;155609084;A01;1;7;2;0;1;14;1;
202300040310;155609081;B01;1;7;0;2;4;1;1;
202300040310;155609082;A01;1;7;0;2;1;1;1;
202300040311;155609080;A01;1;33;12;0;9;1;1;
202300040312;155609078;A01;1;7;0;2;7;15;1;
202300040312;155609079;B01;2;31;0;2;1;18;1;
202300040313;155609076;A01;1;7;0;1;2;20;1;
202300040314;155609075;A01;2;7;0;2;2;2;0;
202300040314;155609077;B01;2;1;0;2;8;2;5;
202300040315;155609073;A01;2;7;0;2;8;13;1;
202300040315;155609074;B01;2;7;0;2;7;1;1;
202300040316;155609072;A01;1;37;0;1;2;1;4;1.0
202300040317;155609071;A01;2;7;0;1;1;1;1;
202300040318;155609067;A01;0;7;0;0;0;0;1;
202300040318;155609070;B01;0;7;0;2;4;2;1;
202300040319;155609066;A01;1;7;0;2;4;23;0;
202300040319;155609068;B01;1;7;0;2;4;23;1;
202300040319;155609069;C01;1;7;0;2;1;2;1;
202300040320;155609065;A01;1;7;13;0;1;1;1;
202300040321;155609064;A01;1;7;0;1;0;1;1;
202300040322;155609063;A01;3;99;0;0;0;1;1;
202300040323;155609060;B01;2;7;0;2;7;1;1;
202300040323;155609062;A01;2;31;0;2;8;13;1;
202300040324;155609061;A01;1;31;15;0;1;0;1;
202300040325;155609057;A01;2;7;2;0;1;1;1;
202300040326;155609056;A01;3;7;0;1;1;1;1;
202300040327;155609053;A01;2;31;16;0;9;1;1;
202300040328;155609051;A01;1;7;2;0;1;1;1;
202300040329;155609050;B01;2;33;8;2;3;0;1;
202300040329;155609052;A01;2;7;0;2;2;12;1;
202300040330;155609046;B01;0;99;0;2;8;26;5;
202300040330;155609048;A01;0;7;0;2;7;1;1;
202300040331;155609044;A01;3;7;0;2;4;2;1;
202300040331;155609047;B01;0;7;0;2;1;2;1;
202300040332;155609045;A01;1;7;4;2;1;0;1;
202300040332;155609049;B01;1;7;0;2;3;1;1;
202300040333;155609042;B01;1;7;0;2;1;1;1;
202300040333;155609043;A01;2;7;0;2;1;6;1;
202300040334;155609037;B01;2;7;0;2;1;1;1;
202300040334;155609040;C01;2;10;0;2;1;1;1;
202300040334;155609041;A01;1;7;0;2;3;15;1;
202300040335;155609035;B01;2;30;0;2;7;17;1;
202300040335;155609038;A01;2;7;0;2;8;15;1;
202300040336;155609036;A01;0;7;0;2;1;15;1;
202300040336;155609039;B01;3;30;0;2;8;1;1;
202300040337;155609033;A01;1;7;2;0;1;0;1;
202300040338;155609032;B01;1;31;0;2;1;17;3;