Num_Acc;id_vehicule;num_veh;senc;catv;obs;obsm;choc;manv;motor;occutc
202300040338;155609034;A01;1;7;0;2;8;15;2;
202300040339;155609031;A01;1;2;0;0;2;1;1;
202300040340;155609029;A01;2;7;2;0;2;13;1;
202300040341;155609023;A01;1;7;0;2;0;0;1;
202300040341;155609025;B01;1;7;0;2;0;0;1;
202300040341;155609027;C01;1;10;0;2;0;0;1;
202300040342;155609024;A01;1;7;0;2;1;2;1;
202300040342;155609026;C01;1;10;0;2;4;2;1;
202300040342;155609028;B01;1;7;0;2;4;2;1;
202300040343;155609022;A01;2;7;0;0;9;21;1;
202300040344;155609019;A01;1;7;0;2;3;15;1;
202300040344;155609021;B01;2;32;0;2;1;1;1;
202300040345;155609018;B01;3;7;0;2;2;1;1;
202300040345;155609020;A01;3;7;0;2;7;10;1;
202300040346;155609015;B01;3;50;0;2;2;19;3;
202300040346;155609017;A01;2;10;0;2;0;1;1;
202300040347;155609013;C01;1;7;0;2;4;23;1;
202300040347;155609014;B01;1;7;0;2;4;26;1;
202300040347;155609016;A01;1;7;0;2;1;26;1;
202300040348;155609011;A01;1;7;0;0;0;1;1;
202300040349;155609010;A01;3;7;0;2;2;15;1;
202300040349;155609012;B01;3;7;0;2;3;1;1;
202300040350;155609005;A01;2;7;0;2;1;1;1;
202300040350;155609007;B01;2;7;0;2;4;1;1;
202300040351;155609006;A01;1;10;2;0;1;1;1;
202300040352;155609003;B01;1;7;0;2;3;1;1;
202300040352;155609004;A01;2;7;0;2;3;1;2;
202300040353;155609001;A01;3;7;0;1;3;15;1;
202300040354;155608999;A01;1;1;1;0;7;2;5;
202300040355;155609000;A01;1;7;0;2;1;15;1;
202300040355;155609002;B01;2;7;0;2;1;1;1;
202300040356;155608998;A01;1;10;0;1;3;1;1;
202300040357;155608997;A01;1;7;0;1;1;9;1;
202300040358;155608996;A01;2;7;8;0;3;13;1;
202300040359;155608994;A01;2;7;0;2;3;15;1;
202300040359;155608995;B01;1;33;0;2;8;1;1;
202300040360;155608990;A01;1;7;13;0;2;0;1;
202300040361;155608989;A01;3;7;0;2;6;13;1;
202300040361;155608991;B01;3;10;0;2;3;1;1;
202300040362;155608984;A01;2;33;0;2;1;2;1;
202300040362;155608987;B01;2;7;0;2;4;2;3;
202300040363;155608986;A01;2;31;15;0;1;1;1;
202300040364;155608985;B01;3;7;0;2;1;2;1;
202300040364;155608988;A01;3;7;0;2;1;13;1;
202300040365;155608980;A01;2;2;0;2;1;1;1;
202300040365;155608983;B01;2;7;0;2;3;10;1;
202300040366;155608979;B01;2;10;0;9;4;4;1;
202300040366;155608981;A01;1;1;0;2;0;1;5;
202300040367;155608978;B01;2;7;0;2;7;1;1;
202300040367;155608982;A01;2;2;0;2;1;1;1;
202300040368;155608973;A01;1;7;0;2;3;15;1;
202300040368;155608976;B01;2;1;0;2;1;1;5;
202300040369;155608970;A01;3;7;0;9;4;2;1;
202300040369;155608972;B01;3;33;0;2;1;2;1;
202300040369;155608975;C01;3;33;0;2;1;2;1;
202300040370;155608971;B01;1;7;0;2;4;2;1;
202300040370;155608974;C01;1;7;0;2;1;2;1;
202300040370;155608977;A01;1;7;0;2;4;2;1;
202300040371;155608969;A01;2;2;0;1;1;1;1;
202300040372;155608967;A01;1;7;3;0;1;14;1;
202300040373;155608966;B01;2;7;0;2;1;0;1;
202300040373;155608968;A01;1;1;0;2;0;0;5;
202300040374;155608965;A01;2;80;0;1;1;21;3;
202300040375;155608960;C01;1;7;0;2;4;1;1;
202300040375;155608962;B01;1;7;0;2;4;1;1;
202300040375;155608963;A01;1;7;0;2;1;1;1;
202300040376;155608959;B01;2;7;0;2;4;1;1;
202300040376;155608964;A01;2;7;0;2;1;1;1;
202300040377;155608958;A01;3;7;0;2;7;1;1;
202300040377;155608961;B01;2;7;0;2;1;1;1;
202300040378;155608956;A01;1;10;6;2;2;17;1;
202300040379;155608953;A01;1;7;14;0;1;13;1;
202300040380;155608952;B01;1;1;0;2;1;1;5;
202300040380;155608954;A01;1;7;0;2;3;1;0;
202300040381;155608947;B01;2;34;0;2;1;1;1;
202300040381;155608949;A01;1;34;0;2;7;19;1;
202300040382;155608948;A01;1;1;0;2;1;1;5;
202300040382;155608951;B01;3;7;0;2;8;19;3;
202300040383;155608946;A01;1;7;0;2;2;17;1;
202300040383;155608950;B01;1;7;0;2;3;1;6;
202300040384;155608943;A01;1;7;0;1;8;1;1;
202300040385;155608944;A01;1;50;0;2;0;0;3;
202300040385;155608945;B01;1;7;0;2;0;0;3;
202300040386;155608941;A01;2;7;0;2;1;2;1;
202300040386;155608942;B01;2;7;0;2;4;2;1;
202300040387;155608939;A01;3;7;0;1;1;1;1;
202300040388;155608938;A01;3;7;0;2;6;10;1;
202300040388;155608940;B01;3;2;0;2;1;1;1;
202300040389;155608935;A01;0;7;0;1;1;15;1;
202300040390;155608934;A01;2;7;0;2;1;1;0;
202300040390;155608937;B01;2;7;3;0;4;2;0;
202300040391;155608933;A01;2;7;0;2;1;15;1;
202300040391;155608936;B01;1;31;0;2;1;1;1;
202300040392;155608931;A01;1;7;0;1;1;17;1;
202300040393;155608928;A01;1;33;0;2;1;2;1;
202300040393;155608930;B01;1;10;0;2;4;2;1;
202300040394;155608927;C01;2;7;0;2;5;0;1;
202300040394;155608929;A01;2;7;0;2;1;14;1;
202300040394;155608932;B01;2;7;0;2;4;2;1;
202300040395;155608926;A01;1;33;0;0;1;3;1;
202300040396;155608925;A01;0;7;0;1;2;1;1;
202300040397;155608923;A01;2;7;0;2;1;1;1;
202300040397;155608924;B01;2;7;0;2;4;1;1;
202300040398;155608920;A01;2;7;0;2;6;10;1;
202300040398;155608921;B01;2;32;0;2;1;2;1;
202300040399;155608919;A01;0;32;0;2;3;1;3;
202300040399;155608922;B01;2;7;0;2;6;2;0;
202300040400;155608918;A01;1;33;3;0;3;14;1;
202300040401;155608917;A01;1;3;8;0;0;0;1;
202300040402;155608914;A01;3;1;0;0;1;2;5;
202300040403;155608915;A01;2;10;0;2;1;2;1;
202300040403;155608916;B01;2;7;0;2;4;1;1;
202300040404;155608913;A01;1;7;0;1;2;26;6;
202300040405;155608911;A01;3;7;6;0;2;1;1;
202300040406;155608910;A01;1;10;0;2;2;1;1;
202300040406;155608912;B01;1;33;0;2;8;15;1;
202300040407;155608908;A01;3;7;2;0;8;0;1;
202300040408;155608906;A01;1;30;0;1;2;1;3;
202300040409;155608905;B01;1;7;0;2;1;0;1;
202300040409;155608907;C01;1;7;0;2;4;0;0;
202300040409;155608909;A01;1;7;0;2;4;0;1;
202300040410;155608901;A01;1;32;0;0;7;0;1;
202300040411;155608900;A01;2;1;0;2;1;1;5;
202300040411;155608903;B01;1;7;0;2;6;1;1;
202300040412;155608899;B01;1;7;0;2;1;2;1;
202300040412;155608902;C01;1;15;0;0;3;1;1;
202300040412;155608904;A01;1;7;0;2;4;2;1;
202300040413;155608894;A01;2;15;0;2;2;1;1;
202300040413;155608898;B01;2;50;0;0;4;1;3;
202300040414;155608895;A01;2;30;0;2;6;5;1;
202300040414;155608897;Z01;1;50;0;2;1;1;3;
202300040415;155608892;A01;1;7;0;2;1;2;1;
202300040415;155608893;B01;1;7;0;2;4;23;1;
202300040415;155608896;C01;1;7;0;0;4;23;1;
202300040416;155608890;A01;3;7;0;2;3;1;1;
202300040416;155608891;B01;3;7;0;6;3;13;1;
202300040417;155608888;A01;1;50;0;2;1;1;3;
202300040417;155608889;B01;1;50;0;2;4;1;3;
202300040418;155608886;A01;1;7;0;0;4;23;1;
202300040418;155608887;B01;1;7;0;2;1;1;1;
202300040419;155608884;A01;1;7;6;0;2;2;1;
202300040420;155608883;A01;1;10;0;2;3;20;0;
202300040420;155608885;B01;1;32;0;2;2;26;1;
202300040421;155608881;A01;1;33;13;0;1;13;1;
202300040422;155608880;B01;0;10;0;2;1;0;1;
202300040422;155608882;A01;0;10;0;2;1;26;1;
202300040423;155608877;A01;2;7;0;1;1;1;1;
202300040424;155608875;B01;1;7;0;2;4;2;1;
202300040424;155608878;A01;1;7;0;2;1;2;1;
202300040424;155608879;C01;1;7;0;2;4;2;1;
202300040425;155608874;A01;1;33;0;2;0;11;1;
202300040425;155608876;B01;1;7;0;0;0;0;1;
202300040426;155608873;A01;1;7;0;1;1;1;0;
202300040427;155608871;A01;1;7;0;2;1;10;1;
202300040427;155608872;B01;1;7;0;2;1;1;1;
202300040428;155608869;A01;3;7;0;1;7;16;0;
202300040429;155608868;A01;2;1;0;2;7;9;5;
202300040429;155608870;B01;2;7;0;2;8;9;1;
202300040430;155608865;B01;1;50;0;2;7;1;3;
202300040430;155608866;A01;2;7;0;9;7;1;1;
202300040431;155608862;A01;0;7;0;2;1;2;1;
202300040431;155608864;B01;0;7;0;2;6;2;1;
202300040431;155608867;C01;0;7;0;2;5;2;1;
202300040432;155608861;A01;1;7;0;0;7;15;0;
202300040432;155608863;B01;2;31;0;0;2;1;1;
202300040433;155608859;B01;1;50;0;2;7;1;3;
202300040433;155608860;A01;1;10;0;2;7;9;1;
202300040434;155608856;A01;1;7;0;2;3;10;1;
202300040434;155608858;B01;1;30;0;2;2;17;1;
202300040435;155608855;A01;2;7;3;2;5;17;1;
202300040435;155608857;B01;2;7;13;2;3;1;1;
202300040436;155608854;A01;3;10;0;1;4;4;1;
202300040437;155608852;A01;1;10;12;1;6;1;0;
202300040438;155608850;A01;1;7;0;2;1;17;1;
202300040438;155608853;B01;2;2;0;2;1;1;1;
202300040439;155608851;A01;1;10;10;2;9;26;1;
202300040440;155608848;A01;2;7;9;0;1;1;1;
202300040441;155608847;A01;1;33;0;2;1;2;1;
202300040441;155608849;B01;1;10;0;2;4;2;1;
202300040442;155608845;A01;1;7;0;2;1;17;1;
202300040442;155608846;B01;2;14;0;2;1;0;1;
202300040443;155608841;A01;1;32;0;2;8;18;1;
202300040443;155608842;B01;1;7;0;2;2;2;1;
202300040444;155608839;A01;3;7;0;1;1;1;0;
202300040444;155608844;B01;0;7;0;2;1;1;0;
202300040445;155608840;A01;2;7;0;2;2;15;1;
202300040445;155608843;B01;2;42;0;2;1;1;1;
202300040446;155608836;A01;2;7;13;0;1;0;1;
202300040447;155608834;A01;1;3;0;2;1;1;1;
202300040447;155608835;C01;1;3;0;2;0;0;0;
202300040447;155608838;B01;1;3;0;2;1;1;0;
202300040448;155608833;A01;1;7;0;2;7;1;1;
202300040448;155608837;B01;2;50;0;2;1;1;3;
202300040449;155608832;A01;2;7;2;0;3;1;1;
202300040450;155608830;A01;1;0;0;0;0;0;0;
202300040451;155608829;B01;2;7;0;2;3;1;1;
202300040451;155608831;A01;1;99;0;2;2;1;3;
202300040452;155608827;B01;3;2;0;2;1;9;1;
202300040452;155608828;A01;0;7;0;2;2;1;1;
202300040453;155608823;C01;3;7;0;2;1;2;1;
202300040453;155608825;B01;3;7;0;2;1;2;1;
202300040453;155608826;A01;3;7;0;2;4;2;0;
202300040454;155608822;A01;1;7;0;2;2;26;1;
202300040454;155608824;B01;1;1;0;2;8;1;5;
202300040455;155608821;A01;1;7;3;0;2;26;1;
202300040456;155608819;A01;2;7;4;0;3;1;1;
202300040457;155608818;A01;1;7;0;2;3;6;1;
202300040457;155608820;B01;1;32;0;2;3;1;1;
202300040458;155608816;A01;2;7;6;0;3;1;1;
202300040459;155608813;A01;2;10;0;2;2;2;0;
202300040459;155608815;B01;2;1;0;2;4;2;5;
202300040460;155608814;A01;1;7;13;0;1;11;1;
202300040461;155608807;A01;1;7;0;2;3;13;1;
202300040461;155608810;B01;2;7;0;2;3;1;1;
202300040462;155608808;A01;1;7;0;2;3;13;1;
202300040462;155608811;B01;2;7;0;2;3;1;1;
202300040463;155608805;A01;0;7;16;0;0;1;1;
202300040464;155608803;B01;3;33;0;2;1;17;1;
202300040464;155608806;A01;3;7;0;2;6;15;1;
202300040465;155608804;A01;2;33;12;0;1;1;1;
202300040466;155608802;A01;1;0;0;1;0;0;0;
202300040467;155608801;A01;1;33;0;0;7;1;6;
202300040468;155608799;A01;1;7;5;0;1;21;1;
202300040469;155608800;A01;3;7;0;1;8;17;1;
202300040470;155608798;A01;2;7;2;0;6;1;0;
202300040471;155608797;A01;3;7;2;0;2;2;0;
202300040472;155608796;A01;1;7;15;0;1;1;1;
202300040473;155608794;B01;1;1;0;2;4;1;5;
202300040473;155608795;A01;1;7;0;2;2;17;2;
202300040474;155608792;B01;1;7;9;2;9;2;2;
202300040474;155608793;A01;1;7;0;0;6;1;2;
202300040475;155608790;A01;1;7;2;0;8;13;1;
202300040476;155608791;A01;2;7;0;1;3;1;1;
202300040477;155608788;A01;1;7;0;0;9;14;1;
202300040478;155608787;B01;1;7;0;2;0;0;0;
202300040478;155608789;A01;2;33;0;2;3;1;1;
202300040479;155608785;B01;3;2;0;2;5;1;1;
202300040479;155608786;A01;3;7;0;2;5;10;0;
202300040480;155608784;A01;1;7;0;0;9;2;1;
202300040481;155608782;A01;2;37;0;9;2;1;1;1.0
202300040482;155608781;B01;1;21;0;2;3;11;1;
202300040482;155608783;A01;1;31;0;2;1;17;1;
202300040483;155608778;A01;1;7;0;2;2;19;1;
202300040483;155608780;B01;1;7;0;2;1;1;1;
202300040484;155608777;A01;2;7;2;0;3;1;2;
202300040485;155608776;A01;2;7;0;2;1;15;1;
202300040485;155608779;B01;1;33;0;2;8;14;1;
202300040486;155608775;A01;2;7;13;0;1;13;1;
202300040487;155608774;A01;1;31;12;0;1;0;1;
202300040488;155608773;Z01;3;0;0;1;0;0;0;
202300040489;155608770;A01;3;7;0;9;7;14;1;
202300040489;155608772;B01;3;1;0;2;8;1;5;
202300040490;155608769;B01;2;7;0;2;1;1;1;
202300040490;155608771;A01;1;7;12;2;7;19;1;
202300040491;155608767;A01;3;10;0;0;9;13;1;
202300040492;155608765;A01;2;7;0;2;0;21;0;
202300040492;155608766;B01;1;33;0;2;1;2;1;
202300040493;155608763;B01;2;1;0;2;7;1;5;
202300040493;155608768;A01;1;7;0;2;1;16;1;
202300040494;155608762;B01;2;7;3;0;4;23;1;
202300040494;155608764;A01;2;7;1;0;1;2;1;
202300040495;155608761;A01;1;7;13;0;2;13;1;
202300040496;155608760;A01;3;2;0;0;7;16;1;
202300040497;155608756;A01;1;7;0;2;1;2;1;
202300040497;155608759;B01;1;7;0;2;4;1;0;
202300040498;155608755;B01;1;31;0;2;1;1;1;
202300040498;155608757;A01;2;10;0;2;7;15;1;
202300040499;155608754;A01;1;31;0;2;1;1;1;
202300040499;155608758;B01;1;7;0;0;4;15;1;
202300040500;155608751;A01;1;7;0;2;3;2;1;
202300040500;155608753;B01;1;7;0;2;5;2;1;
202300040501;155608749;A01;0;36;0;0;0;0;1;
202300040502;155608750;A01;1;7;0;2;1;9;1;
202300040502;155608752;B01;1;32;0;2;4;23;1;
202300040503;155608748;A01;2;33;0;0;0;21;1;
202300040504;155608747;A01;1;7;4;0;5;9;1;
202300040505;155608745;A01;1;7;0;2;1;23;1;
202300040505;155608746;B01;2;7;1;0;4;4;1;
202300040506;155608744;A01;1;7;0;1;2;1;1;
202300040507;155608743;A01;1;7;4;0;1;16;1;
202300040508;155608740;A01;1;2;0;0;7;1;1;
202300040509;155608739;A01;1;7;0;2;1;0;1;
202300040509;155608741;B01;1;7;0;9;1;0;1;
202300040510;155608738;A01;1;7;2;0;8;1;1;
202300040511;155608735;A01;0;14;0;2;1;16;1;
202300040511;155608737;B01;1;7;0;2;2;1;1;
202300040512;155608734;A01;3;7;0;1;8;1;1;
202300040513;155608733;A01;2;34;0;2;3;1;1;
202300040513;155608736;B01;2;7;0;0;5;9;1;
202300040514;155608728;B01;2;7;0;2;3;0;1;
202300040514;155608731;A01;1;7;0;2;3;0;1;
202300040515;155608729;A01;3;7;0;9;1;1;1;
202300040515;155608732;B01;3;60;0;2;1;1;5;
202300040516;155608727;B01;1;1;0;2;0;0;5;
202300040516;155608730;A01;1;7;0;9;0;0;0;
202300040517;155608725;A01;3;7;0;1;3;15;1;
202300040518;155608723;A01;1;7;0;2;2;9;1;
202300040518;155608726;B01;1;7;0;2;3;1;1;
202300040519;155608722;A01;2;50;0;1;9;1;3;
202300040519;155608724;B01;2;7;0;2;4;15;1;
202300040520;155608718;A01;1;33;0;2;1;0;1;
202300040520;155608720;B01;2;99;0;2;1;0;1;
202300040521;155608719;A01;2;7;0;2;8;18;0;
202300040521;155608721;B01;0;1;0;2;7;13;5;
202300040522;155608717;A01;1;30;0;2;2;1;1;
202300040523;155608716;A01;1;7;0;1;1;1;1;
202300040524;155608713;A01;2;7;0;2;2;16;1;
202300040524;155608715;B01;2;50;0;2;1;5;3;
202300040525;155608711;A01;3;1;0;0;0;0;5;
202300040526;155608709;A01;1;7;0;1;1;1;1;
202300040527;155608708;A01;1;2;0;0;8;1;1;
202300040528;155608707;A01;2;7;0;2;3;9;1;
202300040528;155608710;B01;2;30;0;2;2;1;1;
202300040529;155608706;A01;2;33;3;0;1;1;1;
202300040530;155608702;A01;1;7;0;2;8;15;1;
202300040530;155608705;B01;1;7;0;2;1;1;1;
202300040531;155608700;A01;1;7;0;2;2;16;1;
202300040531;155608704;B01;1;1;0;2;8;1;5;
202300040532;155608701;A01;1;7;0;2;1;1;1;
202300040532;155608703;B01;2;7;0;2;2;15;1;
202300040533;155608698;A01;1;32;0;2;1;1;1;
202300040533;155608699;B01;1;7;0;2;1;1;1;
202300040534;155608694;B01;3;31;0;2;1;1;0;
202300040534;155608697;A01;3;7;0;2;2;15;1;
202300040535;155608695;A01;1;7;0;2;1;2;1;
202300040535;155608696;B01;1;7;0;2;4;15;1;
202300040536;155608690;B01;1;7;12;2;0;1;1;
202300040536;155608691;A01;1;33;12;2;1;26;1;
202300040537;155608689;B01;0;60;0;2;1;1;5;
202300040537;155608693;A01;0;7;0;9;2;20;1;
202300040538;155608688;B01;2;7;0;2;1;1;1;
202300040538;155608692;A01;1;3;0;2;1;5;1;
202300040539;155608687;A01;2;10;4;0;1;0;0;
202300040540;155608685;A01;1;33;6;0;1;1;1;
202300040541;155608682;A01;3;7;0;2;2;9;1;
202300040541;155608684;B01;3;37;0;2;3;7;1;1.0
202300040542;155608683;A01;3;7;0;2;6;15;1;
202300040542;155608686;B01;3;43;0;2;1;0;1;
202300040543;155608679;A01;2;7;0;2;7;12;1;
202300040543;155608680;B01;2;33;0;2;8;1;1;
202300040544;155608678;B01;1;7;0;2;7;17;0;
202300040544;155608681;A01;1;2;6;0;8;1;1;
202300040545;155608677;A01;1;33;1;0;0;13;1;
202300040546;155608675;A01;1;10;0;2;1;9;1;
202300040546;155608676;B01;0;2;0;2;4;0;1;
202300040547;155608674;A01;1;7;0;1;3;1;1;
202300040548;155608672;A01;0;7;0;2;8;2;0;
202300040548;155608673;B01;0;50;0;2;1;2;3;
202300040549;155608671;A01;1;10;0;1;1;15;1;
202300040550;155608669;A01;3;31;0;0;0;1;1;
202300040551;155608667;B01;2;10;0;2;4;1;1;
202300040551;155608668;A01;2;7;0;2;1;1;1;
202300040552;155608664;A01;1;7;0;2;1;1;3;
202300040552;155608666;B01;1;30;0;2;8;1;1;
202300040553;155608665;A01;2;7;0;2;8;15;1;
202300040553;155608670;B01;2;33;0;2;1;17;1;
202300040554;155608662;A01;1;7;0;2;2;16;1;
202300040554;155608663;B01;1;1;0;2;1;1;5;
202300040555;155608660;B01;1;7;0;2;2;16;1;
202300040555;155608661;A01;1;30;0;2;5;1;1;
202300040556;155608656;B01;3;7;0;0;0;0;1;
202300040556;155608658;A01;3;30;0;0;0;1;1;
202300040557;155608657;B01;1;1;0;2;8;0;5;
202300040557;155608659;A01;1;7;0;2;1;1;0;
202300040558;155608654;A01;1;7;0;1;0;16;0;
202300040559;155608652;B01;3;33;0;2;8;1;1;
202300040559;155608653;A01;3;7;0;2;7;12;1;
202300040560;155608651;A01;1;7;0;2;3;15;6;
202300040560;155608655;B01;1;33;0;2;1;17;0;
202300040561;155608649;B01;1;10;0;2;2;1;1;
202300040561;155608650;A01;3;1;0;2;7;19;5;
202300040562;155608648;A01;1;7;13;0;2;2;1;
202300040563;155608646;B01;2;7;0;2;7;26;0;
202300040563;155608647;A01;1;7;0;2;7;1;0;
202300040564;155608645;A01;2;7;0;1;3;1;1;
202300040565;155608643;A01;0;7;0;9;3;15;1;
202300040565;155608644;B01;0;50;0;2;1;5;3;
202300040566;155608640;A01;1;7;0;2;4;4;1;
202300040566;155608641;B01;2;1;0;2;1;1;5;
202300040567;155608639;A01;3;7;0;2;3;13;1;
202300040567;155608642;B01;3;7;0;2;3;2;1;
202300040568;155608637;A01;0;7;0;2;1;21;1;
202300040568;155608638;B01;3;7;0;2;1;1;1;
202300040569;155608635;A01;1;7;0;2;1;1;1;
202300040569;155608636;B01;2;7;0;2;1;1;1;
202300040570;155608633;A01;1;3;0;2;3;2;1;
202300040570;155608634;B01;2;43;0;2;1;2;1;
202300040571;155608632;A01;3;37;0;1;3;0;1;1.0
202300040572;155608630;A01;3;7;0;2;2;2;1;
202300040572;155608631;B01;3;3;0;2;4;0;1;
202300040573;155608628;B01;3;60;0;2;0;19;5;
202300040573;155608629;A01;1;7;0;1;3;1;3;
202300040574;155608627;A01;2;37;0;1;2;1;1;1.0
202300040575;155608624;A01;1;7;6;0;1;1;1;
202300040576;155608623;B01;1;7;0;2;7;1;1;
202300040576;155608625;C01;1;7;0;2;5;1;1;
202300040576;155608626;A01;1;7;0;2;1;1;1;
202300040577;155608621;A01;1;7;0;1;1;1;1;
202300040578;155608620;A01;1;10;0;2;1;13;0;
202300040578;155608622;B01;2;7;0;2;1;1;2;
202300040579;155608619;A01;2;7;0;1;1;1;1;
202300040580;155608617;B01;1;10;0;2;1;1;1;
202300040580;155608618;A01;2;7;0;2;1;13;1;
202300040581;155608616;A01;3;7;0;1;1;1;1;
202300040582;155608615;A01;1;31;0;0;8;1;1;
202300040583;155608613;A01;2;7;0;0;9;1;1;
202300040584;155608612;A01;1;7;0;2;1;2;0;
202300040584;155608614;B01;1;50;0;2;4;2;3;
202300040585;155608611;A01;2;7;2;0;2;13;2;
202300040586;155608608;A01;3;7;0;2;1;2;1;
202300040586;155608609;B01;3;7;0;2;1;2;1;
202300040586;155608610;C01;3;7;0;2;4;2;1;
202300040587;155608607;A01;1;7;13;0;7;1;1;
202300040588;155608606;A01;3;7;0;1;1;1;1;
202300040589;155608604;B01;2;7;0;2;3;15;1;
202300040589;155608605;A01;2;31;0;2;1;17;1;
202300040590;155608601;A01;1;7;2;9;1;13;1;
202300040591;155608602;A01;3;7;0;2;1;16;1;
202300040591;155608603;B01;3;50;0;2;8;1;3;
202300040592;155608600;A01;0;33;16;0;1;1;1;
202300040593;155608598;A01;2;7;0;2;3;17;1;
202300040593;155608599;B01;1;2;0;2;1;1;1;
202300040594;155608594;A01;2;7;0;2;1;2;1;
202300040594;155608596;B01;2;10;0;2;4;2;1;
202300040595;155608593;A01;1;7;0;2;1;21;1;
202300040595;155608595;B01;2;7;0;2;1;1;1;
202300040595;155608597;C01;1;14;0;0;4;1;1;
202300040596;155608591;A01;1;7;6;0;1;1;0;
202300040597;155608590;A01;1;7;0;2;2;15;1;
202300040597;155608592;B01;2;1;0;2;1;25;5;
202300040598;155608586;B01;2;1;0;2;0;2;5;
202300040598;155608588;A01;2;7;0;9;0;1;1;
202300040599;155608585;B01;3;7;0;2;9;2;1;
202300040599;155608587;C01;3;7;0;2;4;2;2;
202300040599;155608589;A01;3;7;0;2;1;2;1;
202300040600;155608584;A01;0;33;0;0;0;1;1;
202300040601;155608580;A01;1;7;0;2;1;17;1;
202300040601;155608582;B01;2;7;0;2;1;1;1;
202300040602;155608576;A01;1;17;0;2;1;2;1;
202300040602;155608578;B01;1;7;0;2;4;2;1;
202300040602;155608579;C01;1;7;0;2;4;2;1;
202300040602;155608581;D01;1;7;0;2;4;2;1;
202300040603;155608575;A01;2;33;0;2;1;2;1;
202300040603;155608577;B01;2;10;0;2;4;1;1;
202300040604;155608574;A01;2;7;0;1;1;1;1;
202300040605;155608572;B01;2;2;0;2;8;1;1;
202300040605;155608573;A01;1;7;0;2;3;15;1;
202300040606;155608571;A01;0;37;0;1;2;15;1;1.0
202300040607;155608568;A01;0;7;0;2;1;1;1;
202300040607;155608570;B01;0;7;0;2;8;1;1;
202300040608;155608567;A01;1;10;0;2;2;1;1;
202300040608;155608569;B01;2;7;0;2;1;10;1;
202300040609;155608564;C01;1;7;0;2;4;15;1;
202300040609;155608565;B01;1;7;0;2;4;23;3;
202300040609;155608566;A01;1;7;0;2;1;1;1;
202300040610;155608562;A01;3;1;0;2;1;1;5;
202300040610;155608563;B01;3;7;0;0;4;23;1;
202300040611;155608559;A01;2;7;0;2;3;1;1;
202300040611;155608560;B01;1;17;0;2;3;1;1;
202300040611;155608561;T01;2;10;0;2;8;1;1;
202300040612;155608558;A01;2;15;1;0;6;16;1;
202300040613;155608557;A01;3;7;0;1;1;15;1;
202300040614;155608556;A01;1;13;0;0;7;15;1;
202300040615;155608555;A01;3;7;0;1;3;1;1;
202300040616;155608554;A01;1;7;13;0;1;0;1;
202300040617;155608550;C01;3;7;0;2;1;2;1;
202300040617;155608552;B01;3;7;0;2;1;9;1;
202300040617;155608553;A01;3;7;0;2;1;6;1;
202300040618;155608549;A01;1;7;0;2;2;15;1;
202300040618;155608551;B01;2;33;0;2;1;1;1;
202300040619;155608546;A01;1;7;15;0;1;26;1;
202300040620;155608545;A01;1;14;0;2;6;1;1;
202300040620;155608547;B01;2;7;0;2;1;1;1;
202300040620;155608548;C01;2;7;0;2;1;2;1;
202300040621;155608544;A01;1;7;3;0;0;14;1;
202300040622;155608543;A01;1;7;0;1;1;1;1;
202300040623;155608541;A01;1;17;0;0;4;2;1;
202300040623;155608542;B01;1;17;0;2;1;2;1;
202300040624;155608538;A01;0;1;0;2;8;19;5;
202300040624;155608540;B01;2;33;0;2;1;21;1;
202300040625;155608537;A01;1;30;0;2;1;26;0;
202300040625;155608539;B01;2;7;0;2;1;1;0;
202300040626;155608536;A01;3;7;2;0;3;13;1;
202300040627;155608534;A01;3;3;0;2;1;13;1;
202300040627;155608535;B01;3;37;0;2;3;1;1;1.0
202300040628;155608531;A01;1;7;8;0;1;13;1;
202300040629;155608532;A01;1;7;0;0;0;16;1;
202300040629;155608533;B01;1;2;0;0;0;1;1;
202300040630;155608528;A01;1;7;0;2;3;1;1;
202300040630;155608530;B01;2;1;0;2;8;15;5;
202300040631;155608527;A01;1;7;0;2;3;1;1;
202300040631;155608529;B01;2;10;0;2;3;13;1;
202300040632;155608526;A01;1;33;0;0;1;15;1;
202300040633;155608525;A01;3;7;0;1;3;15;1;
202300040634;155608523;B01;2;1;0;2;1;1;5;
202300040634;155608524;A01;1;7;0;2;5;15;0;
202300040635;155608522;A01;2;7;0;1;1;15;1;
202300040636;155608519;A01;1;7;0;0;1;9;2;
202300040636;155608521;B01;1;2;0;0;1;21;1;
202300040637;155608520;A01;1;7;6;0;1;13;1;
202300040638;155608517;B01;2;7;0;2;8;0;0;
202300040638;155608518;A01;2;7;0;2;1;1;1;
202300040639;155608514;A01;1;7;0;1;1;1;1;
202300040640;155608515;A01;1;7;0;2;1;13;1;
202300040640;155608516;B01;2;2;0;2;1;1;1;
202300040641;155608513;A01;1;7;16;0;0;1;1;
202300040642;155608510;B01;1;7;0;2;7;16;1;
202300040642;155608512;A01;2;1;0;0;4;1;5;
202300040643;155608509;B01;1;7;0;2;1;0;1;
202300040643;155608511;A01;1;7;0;2;1;0;1;
202300040644;155608508;A01;1;1;0;1;1;1;5;
202300040645;155608504;A01;2;10;0;2;1;1;1;
202300040645;155608505;B01;2;7;0;2;4;1;1;
202300040646;155608506;B01;2;7;2;0;8;1;1;
202300040646;155608507;A01;1;7;0;2;1;19;1;