Num_Acc;id_vehicule;num_veh;senc;catv;obs;obsm;choc;manv;motor;occutc
202300040647;155608502;A01;2;10;0;2;3;13;1;
202300040647;155608503;B01;2;2;0;2;2;2;1;
202300040648;155608500;A01;1;7;0;2;2;2;0;
202300040648;155608501;B01;1;1;0;2;4;2;5;
202300040649;155608498;B01;3;50;0;2;1;1;3;
202300040649;155608499;A01;3;7;0;2;2;15;1;
202300040650;155608496;A01;1;7;0;2;2;9;0;
202300040650;155608497;B01;1;1;0;2;4;1;5;
202300040651;155608495;A01;3;31;0;0;0;1;1;
202300040652;155608493;A01;1;7;0;1;2;1;1;
202300040653;155608491;A01;2;7;0;2;9;1;1;
202300040653;155608492;B01;1;37;0;2;3;1;1;1.0
202300040653;155608494;C01;0;7;0;2;1;9;1;
202300040654;155608487;A01;2;2;0;2;1;1;1;
202300040654;155608489;B01;1;34;0;2;1;17;1;
202300040654;155608490;C01;1;7;0;2;1;1;1;
202300040655;155608486;A01;1;7;0;2;1;1;1;
202300040655;155608488;B01;2;7;7;2;5;1;1;
202300040656;155608483;A01;1;7;0;0;4;1;1;
202300040656;155608485;B01;1;33;0;0;4;1;1;
202300040657;155608482;A01;3;7;0;2;3;1;2;
202300040657;155608484;B01;3;7;0;2;2;1;1;
202300040658;155608479;A01;1;7;0;2;1;2;1;
202300040658;155608481;B01;1;7;0;0;4;23;1;
202300040659;155608478;A01;3;7;0;2;1;1;1;
202300040659;155608480;B01;0;7;0;2;4;1;1;
202300040660;155608474;B01;3;1;0;2;1;1;5;
202300040660;155608476;A01;3;7;0;2;3;11;1;
202300040661;155608471;B01;1;7;0;2;4;1;1;
202300040661;155608472;C01;1;7;0;2;4;1;1;
202300040661;155608473;D01;1;7;0;2;4;1;1;
202300040661;155608475;E01;1;7;0;2;4;1;1;
202300040661;155608477;A01;1;10;0;2;1;1;1;
202300040662;155608469;A01;1;7;0;2;1;0;1;
202300040662;155608470;B01;1;7;0;0;4;2;1;
202300040663;155608466;A01;1;7;0;2;2;21;1;
202300040663;155608468;B01;1;7;0;2;4;1;1;
202300040664;155608464;A01;2;10;0;2;1;1;1;
202300040664;155608465;B01;2;7;0;2;1;1;1;
202300040664;155608467;C01;2;7;0;2;4;1;1;
202300040665;155608460;B01;2;31;0;2;1;1;1;
202300040665;155608463;A01;1;10;0;2;3;15;1;
202300040666;155608461;B01;2;7;0;2;1;14;1;
202300040666;155608462;A01;2;7;0;2;4;23;1;
202300040667;155608458;A01;1;42;0;0;0;21;1;
202300040668;155608451;C01;0;7;0;2;4;23;1;
202300040668;155608455;D01;1;7;0;2;4;1;0;
202300040668;155608457;A01;1;7;0;2;1;1;1;
202300040668;155608459;B01;1;7;0;2;4;23;1;
202300040669;155608453;A01;2;10;0;2;7;1;1;
202300040669;155608454;B01;2;34;0;2;8;3;0;
202300040670;155608452;A01;2;7;3;2;2;14;1;
202300040670;155608456;B01;2;15;0;2;6;1;1;
202300040671;155608450;A01;1;33;0;2;7;1;1;
202300040672;155608447;B01;1;7;8;2;7;1;1;
202300040672;155608449;A01;1;7;0;2;3;19;1;
202300040673;155608445;A01;1;7;0;0;7;19;1;
202300040673;155608448;B01;2;7;0;2;1;1;1;
202300040674;155608440;A01;1;7;4;2;4;1;1;
202300040674;155608443;B01;1;7;4;2;4;1;1;
202300040674;155608444;C01;1;7;4;2;4;1;1;
202300040674;155608446;Z01;1;7;4;2;1;1;1;
202300040675;155608439;A01;2;7;4;0;2;1;1;
202300040676;155608437;D01;1;7;1;0;4;1;3;
202300040676;155608438;A01;1;7;1;0;2;1;1;
202300040676;155608441;B01;1;7;1;0;4;2;1;
202300040676;155608442;C01;1;7;1;0;4;1;1;
202300040677;155608436;A01;2;7;4;0;1;1;1;
202300040678;155608434;A01;2;10;0;2;3;11;1;
202300040678;155608435;B01;1;2;0;2;0;1;1;
202300040679;155608431;B01;1;7;0;2;4;24;1;
202300040679;155608433;A01;1;7;0;2;1;14;1;
202300040680;155608430;B01;2;7;0;2;2;1;1;
202300040680;155608432;A01;2;7;5;0;1;1;1;
202300040681;155608426;A01;1;7;0;2;3;11;1;
202300040681;155608428;B01;1;33;0;2;7;1;1;
202300040682;155608424;A01;2;7;0;2;6;1;1;
202300040682;155608427;B01;1;7;0;2;3;15;1;
202300040683;155608423;B01;3;1;0;2;7;1;5;
202300040683;155608425;A01;2;7;0;2;1;16;1;
202300040684;155608421;A01;3;7;0;1;1;1;1;
202300040685;155608420;B01;1;7;0;2;1;1;1;
202300040685;155608422;A01;2;7;0;2;3;13;1;
202300040686;155608419;A01;1;7;6;0;1;2;1;
202300040687;155608418;A01;2;10;2;0;2;15;1;
202300040688;155608416;A01;3;30;0;0;0;0;1;
202300040689;155608414;B01;2;7;0;2;1;1;1;
202300040689;155608417;A01;1;7;0;2;1;13;1;
202300040690;155608413;A01;1;7;0;2;1;26;1;
202300040690;155608415;B01;1;14;0;2;5;26;1;
202300040691;155608412;A01;1;7;7;0;0;1;1;
202300040692;155608410;A01;2;7;0;1;1;1;1;
202300040693;155608409;B01;1;7;13;0;3;1;1;
202300040693;155608411;A01;2;7;0;0;3;1;1;
202300040694;155608405;A01;1;7;0;2;3;9;1;
202300040694;155608407;B01;1;2;0;2;4;1;3;
202300040695;155608402;A01;2;7;0;2;1;13;1;
202300040695;155608404;B01;1;7;0;2;1;1;1;
202300040696;155608401;B01;1;33;0;2;1;1;1;
202300040696;155608403;A01;2;7;0;2;6;15;1;
202300040697;155608400;A01;3;30;4;0;1;26;1;
202300040698;155608397;A01;3;10;0;9;1;19;1;
202300040698;155608398;B01;3;2;0;2;4;15;1;
202300040699;155608399;A01;1;7;6;0;1;1;1;
202300040700;155608393;B01;1;7;0;1;1;1;1;
202300040701;155608391;A01;2;2;0;2;7;1;1;
202300040701;155608392;B01;2;7;0;2;1;19;1;
202300040702;155608389;A01;2;50;0;1;0;0;3;
202300040703;155608387;C01;2;7;0;2;3;9;1;
202300040703;155608390;A01;1;7;0;2;6;1;1;
202300040703;155608394;B01;2;37;0;2;3;21;1;1.0
202300040704;155608386;A01;2;7;0;2;3;1;1;
202300040704;155608388;B01;1;7;0;2;6;15;1;
202300040705;155608384;A01;1;30;0;2;1;2;1;
202300040705;155608385;B01;1;7;0;2;4;23;1;
202300040706;155608381;B01;2;1;0;2;1;1;5;
202300040706;155608382;A01;1;7;0;2;3;15;1;
202300040707;155608383;A01;1;7;0;1;1;1;0;
202300040708;155608380;A01;2;7;0;1;3;1;1;
202300040709;155608378;A01;2;7;2;0;1;13;1;
202300040710;155608376;A01;3;30;0;1;1;1;1;
202300040711;155608373;A01;2;7;0;2;2;9;0;
202300040711;155608375;B01;2;1;0;2;4;1;5;
202300040712;155608374;A01;1;7;0;1;0;1;0;
202300040713;155608370;A01;1;7;0;2;3;13;1;
202300040713;155608372;B01;1;1;0;0;5;1;5;
202300040714;155608368;B01;3;60;0;2;-1;19;5;
202300040714;155608369;A01;1;3;0;2;2;0;1;
202300040715;155608371;A01;2;7;2;0;1;1;1;
202300040716;155608365;A01;1;7;0;0;3;13;1;
202300040717;155608362;B01;1;7;0;2;4;2;1;
202300040717;155608363;A01;1;7;0;2;1;2;1;
202300040717;155608364;C01;1;7;0;2;4;2;1;
202300040718;155608358;C01;3;10;0;2;4;2;1;
202300040718;155608359;A01;3;7;0;2;1;2;1;
202300040718;155608360;B01;3;7;0;2;9;2;1;
202300040719;155608361;A01;2;7;2;0;8;14;1;
202300040720;155608354;B01;2;7;0;2;0;1;1;
202300040720;155608355;A01;3;1;0;2;1;15;5;
202300040721;155608352;A01;0;7;0;1;3;1;1;
202300040722;155608353;B01;1;1;0;2;1;1;5;
202300040722;155608356;A01;1;10;0;9;3;15;1;
202300040723;155608348;A01;3;50;0;2;9;1;3;
202300040723;155608349;B01;3;7;0;2;5;16;1;
202300040724;155608347;A01;2;7;0;1;1;1;1;
202300040725;155608346;A01;-1;30;14;0;0;2;3;
202300040726;155608344;Y01;1;7;0;2;0;16;1;
202300040726;155608345;A01;1;1;0;2;6;15;5;
202300040727;155608343;A01;3;7;0;1;1;15;1;
202300040728;155608341;A01;1;2;0;1;8;25;1;
202300040729;155608342;A01;0;3;0;1;3;16;1;
202300040730;155608339;A01;2;30;0;2;1;13;3;
202300040730;155608340;B01;1;1;0;2;1;1;5;
202300040731;155608338;A01;1;7;0;1;2;1;1;
202300040732;155608337;A01;1;7;0;1;4;4;1;
202300040733;155608334;A01;1;7;0;9;2;17;1;
202300040733;155608336;B01;1;1;0;2;6;2;5;
202300040734;155608335;A01;3;10;13;0;2;1;1;
202300040735;155608333;A01;2;7;15;0;1;13;2;
202300040736;155608331;A01;1;7;0;0;0;26;0;
202300040737;155608332;A01;2;7;0;9;3;1;1;
202300040738;155608330;A01;2;21;0;1;1;1;1;
202300040739;155608329;A01;1;7;0;2;1;13;1;
202300040740;155608327;A01;0;7;0;2;1;1;1;
202300040740;155608328;B01;3;33;0;2;2;15;1;
202300040741;155608326;A01;3;7;0;0;0;0;1;
202300040742;155608323;B01;1;7;0;2;1;1;1;
202300040742;155608325;A01;2;7;0;2;2;1;1;
202300040743;155608324;A01;3;7;0;1;5;20;1;
202300040744;155608322;A01;1;7;0;1;0;26;1;
202300040745;155608321;A01;2;7;0;0;0;1;1;
202300040746;155608318;B01;1;3;8;1;6;1;1;
202300040746;155608320;A01;1;7;8;1;3;9;1;
202300040747;155608316;A01;2;7;0;2;3;13;1;
202300040747;155608317;B01;1;15;0;2;3;2;1;
202300040747;155608319;C01;1;13;0;2;1;2;1;
202300040748;155608315;Y01;1;7;0;1;0;1;0;
202300040749;155608314;A01;2;7;0;0;9;1;1;
202300040750;155608313;A01;0;7;2;0;1;26;1;
202300040751;155608310;B01;1;33;0;2;8;3;1;
202300040751;155608312;A01;1;7;0;2;2;12;1;
202300040752;155608309;B01;2;10;0;2;6;21;1;
202300040752;155608311;A01;2;10;0;2;2;2;1;
202300040753;155608307;B01;3;7;0;2;4;15;0;
202300040753;155608308;A01;3;34;0;2;1;19;0;
202300040754;155608305;A01;2;7;0;2;1;9;1;
202300040754;155608306;B01;1;34;0;2;1;1;1;
202300040755;155608303;A01;1;50;0;2;0;0;3;
202300040755;155608304;B01;3;7;0;9;2;9;1;
202300040756;155608302;A01;2;7;0;1;2;1;1;
202300040757;155608300;A01;1;33;1;0;8;13;1;
202300040758;155608297;A01;1;30;0;2;1;2;1;
202300040758;155608298;B01;1;30;0;2;4;1;1;
202300040759;155608299;B01;3;13;0;2;1;1;1;
202300040759;155608301;A01;3;32;0;0;8;5;1;
202300040760;155608295;B01;2;1;0;2;7;1;5;
202300040760;155608296;A01;1;7;0;2;1;9;1;
202300040761;155608294;A01;2;10;0;1;3;1;1;
202300040762;155608291;B01;1;7;0;2;1;1;1;
202300040762;155608292;A01;1;7;0;2;4;1;1;
202300040763;155608293;A01;0;7;1;1;3;13;0;
202300040764;155608289;A01;3;7;0;2;3;15;1;
202300040764;155608290;B01;3;50;0;2;1;1;3;
202300040765;155608287;A01;1;33;0;0;0;1;1;
202300040766;155608286;A01;1;10;0;1;1;1;1;
202300040767;155608288;A01;1;7;13;0;9;1;1;
202300040768;155608284;A01;1;34;0;2;3;1;1;
202300040768;155608285;B01;2;7;0;2;1;15;1;
202300040769;155608282;B01;2;33;0;2;3;19;1;
202300040769;155608283;A01;1;7;0;2;2;19;1;
202300040770;155608280;A01;2;7;0;2;1;15;1;
202300040770;155608281;B01;1;2;0;2;1;1;1;
202300040771;155608279;A01;1;10;0;1;4;4;1;
202300040772;155608275;A01;1;7;0;2;1;11;1;
202300040772;155608277;C01;1;7;0;2;3;1;1;
202300040772;155608278;B01;1;7;0;2;1;1;1;
202300040773;155608274;B01;0;7;0;4;7;1;1;
202300040773;155608276;A01;0;40;0;2;1;1;3;
202300040774;155608273;A01;1;7;0;1;2;2;1;
202300040775;155608272;A01;3;30;11;0;1;1;1;
202300040776;155608268;A01;1;7;0;2;7;14;1;
202300040776;155608270;B01;3;32;0;2;1;14;1;
202300040777;155608269;B01;1;38;0;2;0;0;1;1.0
202300040777;155608271;A01;1;7;0;0;0;0;1;
202300040778;155608265;A01;2;30;0;2;1;1;1;
202300040778;155608267;B01;2;1;0;2;4;1;5;
202300040779;155608264;A01;1;10;0;2;1;2;1;
202300040779;155608266;B01;1;7;0;2;4;2;3;
202300040780;155608262;A01;3;7;0;2;1;1;1;
202300040780;155608263;B01;3;7;0;2;4;1;1;
202300040781;155608259;A01;2;7;1;0;1;14;1;
202300040781;155608260;B01;2;7;0;2;6;24;1;
202300040781;155608261;C01;2;15;0;2;8;24;6;
202300040782;155608256;A01;1;10;0;2;1;2;1;
202300040782;155608257;B01;1;7;0;2;4;2;1;
202300040783;155608255;B01;2;33;0;2;8;3;1;
202300040783;155608258;A01;2;7;0;2;7;12;1;
202300040784;155608254;A01;3;7;0;1;4;4;1;
202300040785;155608253;A01;2;33;0;0;0;1;1;
202300040786;155608248;A01;3;7;0;2;2;1;1;
202300040786;155608252;B01;3;1;0;2;8;1;5;
202300040787;155608249;B01;1;7;0;2;4;2;1;
202300040787;155608250;C01;1;7;0;2;4;2;1;
202300040787;155608251;A01;1;10;0;2;1;12;1;
202300040788;155608246;A01;2;33;0;0;0;3;1;
202300040789;155608245;B01;0;1;0;2;0;1;5;
202300040789;155608247;A01;0;7;0;2;1;1;1;
202300040790;155608244;A01;1;7;4;0;3;26;2;
202300040791;155608242;B01;2;7;0;2;3;15;1;
202300040791;155608243;A01;2;33;0;2;1;17;1;
202300040792;155608241;A01;1;7;3;0;1;26;1;
202300040793;155608238;A01;2;7;0;2;1;0;1;
202300040793;155608240;B01;2;7;0;2;4;1;1;
202300040794;155608236;A01;3;7;0;1;1;1;1;
202300040795;155608235;B01;2;7;0;2;4;2;1;
202300040795;155608237;C01;2;7;0;2;4;2;1;
202300040795;155608239;A01;2;10;0;2;1;2;0;
202300040796;155608233;B01;3;50;0;2;0;0;3;
202300040796;155608234;A01;3;7;0;2;0;0;1;
202300040797;155608229;A01;1;7;0;2;5;12;1;
202300040797;155608232;B01;1;33;0;2;3;1;1;
202300040798;155608222;A01;1;7;0;1;2;1;1;
202300040799;155608223;B01;2;33;0;2;2;3;1;
202300040799;155608224;A01;2;10;0;2;8;13;1;
202300040800;155608220;A01;1;7;12;0;2;1;1;
202300040801;155608217;A01;1;7;0;2;2;12;1;
202300040801;155608218;B01;1;33;0;2;8;1;1;
202300040802;155608216;B01;1;7;0;2;4;1;1;
202300040802;155608219;C01;1;33;0;2;8;1;1;
202300040802;155608221;A01;1;7;0;2;2;12;1;
202300040803;155608214;A01;2;7;0;2;1;13;1;
202300040803;155608215;B01;1;7;0;2;1;1;1;
202300040804;155608211;B01;2;7;0;2;1;3;1;
202300040804;155608212;A01;2;32;0;2;2;1;1;
202300040805;155608210;B01;3;7;0;2;3;1;1;
202300040805;155608213;A01;3;7;0;2;1;1;1;
202300040806;155608206;A01;1;7;0;2;1;14;1;
202300040806;155608209;B01;1;7;0;2;3;0;1;
202300040807;155608204;A01;2;7;1;0;5;20;2;
202300040807;155608205;B01;2;37;0;2;1;1;1;5.0
202300040808;155608203;A01;1;34;0;1;1;3;1;
202300040809;155608199;A01;1;7;0;2;1;9;1;
202300040809;155608200;B01;1;7;0;2;7;1;1;
202300040810;155608197;A01;1;7;0;1;0;0;0;
202300040811;155608196;A01;2;7;0;2;1;1;1;
202300040811;155608198;B01;2;7;0;2;4;1;1;
202300040811;155608201;C01;2;7;0;2;4;1;1;
202300040811;155608202;D01;2;7;0;2;4;1;1;
202300040812;155608194;A01;2;10;0;2;1;2;1;
202300040812;155608195;B01;2;7;0;2;4;1;1;
202300040813;155608191;A01;2;33;0;2;1;2;1;
202300040813;155608192;B01;2;7;0;2;5;2;2;
202300040814;155608193;A01;2;31;0;0;7;1;1;
202300040815;155608187;A01;1;43;0;2;2;3;1;
202300040815;155608189;B01;1;33;0;2;3;3;1;
202300040816;155608188;A01;1;14;0;0;6;1;1;
202300040816;155608190;B01;1;7;0;0;2;2;2;
202300040817;155608183;D01;2;7;0;2;4;2;3;
202300040817;155608184;B01;2;7;0;2;4;2;1;
202300040817;155608185;C01;2;7;0;2;4;2;2;
202300040817;155608186;A01;2;7;0;2;1;2;1;
202300040818;155608180;B01;2;10;0;2;3;1;1;
202300040818;155608182;A01;1;10;0;2;3;13;1;
202300040819;155608179;A01;2;7;0;2;7;2;1;
202300040819;155608181;B01;2;1;0;2;1;1;5;
202300040820;155608178;A01;2;30;0;0;7;2;1;
202300040821;155608175;A01;3;32;0;2;7;1;1;
202300040821;155608176;B01;3;1;0;2;8;19;5;
202300040822;155608173;B01;3;7;0;2;2;1;0;
202300040822;155608174;A01;3;32;0;2;3;18;1;
202300040823;155608170;A01;2;7;0;2;1;0;1;
202300040823;155608177;B01;1;7;0;2;2;1;1;
202300040824;155608171;A01;3;1;0;2;0;10;5;
202300040824;155608172;B01;3;31;0;2;0;1;1;
202300040825;155608169;B01;2;1;12;2;8;1;5;
202300040826;155608168;A01;0;7;0;1;5;24;0;
202300040827;155608165;A01;1;2;0;2;3;16;3;
202300040827;155608167;B01;1;13;0;2;3;1;6;
202300040828;155608163;A01;1;7;0;1;1;1;1;
202300040829;155608162;Z01;2;32;0;2;0;5;0;
202300040829;155608164;A01;1;7;1;2;0;1;1;
202300040830;155608161;A01;2;1;0;1;1;1;5;
202300040831;155608160;A01;2;10;0;1;1;15;1;
202300040832;155608158;A01;3;7;0;2;1;1;1;
202300040832;155608159;B01;3;38;0;2;8;1;1;1.0
202300040833;155608156;A01;1;7;0;2;1;15;1;
202300040833;155608157;B01;1;2;0;2;1;1;1;
202300040834;155608154;A01;1;7;0;2;2;12;2;
202300040834;155608155;B01;1;43;0;2;3;1;1;
202300040835;155608152;A01;1;7;0;2;1;14;1;
202300040835;155608153;B01;1;2;0;2;1;1;3;
202300040836;155608151;A01;1;10;0;1;3;15;1;
202300040837;155608148;A01;2;1;0;2;8;7;5;
202300040837;155608150;B01;1;7;0;2;3;15;1;
202300040838;155608147;B01;3;33;0;2;0;0;0;
202300040838;155608149;A01;3;7;0;2;3;19;1;
202300040839;155608145;A01;3;34;0;2;1;1;1;
202300040839;155608146;B01;3;7;0;2;4;23;1;
202300040840;155608144;A01;1;10;0;1;2;15;1;
202300040841;155608141;B01;2;7;0;2;0;15;1;
202300040841;155608143;A01;2;7;0;2;1;17;1;
202300040842;155608139;A01;3;14;4;0;7;19;0;
202300040843;155608138;A01;2;50;0;1;1;1;3;
202300040844;155608137;A01;2;7;0;1;2;1;1;
202300040845;155608136;A01;1;7;14;1;2;2;1;
202300040846;155608133;A01;1;7;0;2;1;2;1;
202300040846;155608135;B01;1;7;14;0;4;2;1;
202300040847;155608131;A01;3;40;0;1;1;1;3;
202300040848;155608128;A01;1;37;0;2;3;1;1;1.0
202300040848;155608129;B01;1;10;0;2;1;19;0;
202300040849;155608127;A01;2;7;0;1;1;15;1;
202300040850;155608124;B01;1;17;0;2;2;1;1;
202300040850;155608126;A01;2;7;0;2;1;15;1;
202300040851;155608125;A01;3;7;0;1;1;1;1;
202300040852;155608123;A01;3;7;8;0;9;1;1;
202300040853;155608121;A01;1;7;0;2;2;15;1;
202300040853;155608122;B01;2;1;0;2;1;1;5;
202300040854;155608119;A01;1;7;0;2;3;15;1;
202300040854;155608120;B01;1;7;0;2;1;1;1;
202300040855;155608118;A01;3;7;0;1;3;1;1;
202300040856;155608115;A01;2;7;0;2;5;15;1;
202300040856;155608117;B01;1;7;0;2;1;1;1;
202300040857;155608116;A01;1;3;0;1;1;15;0;
202300040858;155608112;A01;2;7;0;2;2;15;1;
202300040858;155608113;B01;1;1;0;2;1;1;5;
202300040859;155608111;A01;1;33;1;2;2;1;1;
202300040859;155608114;B01;1;10;0;2;3;15;1;
202300040860;155608108;B01;2;7;0;2;4;1;1;
202300040860;155608110;A01;2;7;0;2;1;1;1;
202300040861;155608107;A01;3;7;0;2;3;20;0;
202300040861;155608109;B01;0;0;0;0;0;0;0;
202300040862;155608104;B01;1;7;0;2;7;9;1;
202300040862;155608106;A01;1;7;0;2;1;9;1;
202300040863;155608105;A01;2;7;0;1;3;15;1;
202300040864;155608101;A01;1;50;0;2;1;25;3;
202300040864;155608103;B01;2;7;0;9;2;9;1;
202300040865;155608102;A01;1;7;0;1;2;1;1;
202300040866;155608100;A01;1;10;0;1;3;1;3;
202300040867;155608097;B01;1;7;1;2;4;1;1;
202300040867;155608098;A01;1;7;1;2;1;1;1;
202300040868;155608096;A01;1;32;0;2;7;9;1;
202300040868;155608099;B01;1;7;0;2;1;1;1;
202300040869;155608094;A01;0;7;0;1;2;17;1;
202300040870;155608093;A01;2;7;0;0;3;1;1;
202300040870;155608095;B01;2;33;0;2;2;0;1;
202300040871;155608092;A01;1;7;8;0;1;14;1;
202300040872;155608090;A01;1;7;0;1;1;1;1;
202300040873;155608089;A01;0;7;0;2;1;1;0;
202300040873;155608091;B01;0;7;0;2;4;23;0;
202300040874;155608087;B01;2;7;0;2;3;9;1;
202300040874;155608088;A01;2;1;0;2;1;9;5;
202300040875;155608085;A01;1;3;0;2;4;2;1;
202300040875;155608086;B01;3;10;0;2;1;0;3;
202300040876;155608083;Z01;2;7;0;2;8;15;0;
202300040876;155608084;B01;2;30;0;2;2;15;1;
202300040877;155608081;A01;2;7;0;2;2;20;1;
202300040877;155608082;B01;2;1;0;2;1;1;5;
202300040878;155608079;A01;2;7;8;0;2;1;1;
202300040879;155608077;B01;1;7;0;9;8;1;1;
202300040879;155608078;A01;1;50;0;2;1;1;3;
202300040880;155608075;A01;1;30;0;0;8;3;1;
202300040880;155608076;B01;1;7;0;0;2;1;1;
202300040881;155608073;A01;2;32;0;0;8;1;1;
202300040882;155608072;B01;1;7;0;2;4;1;1;
202300040882;155608074;A01;1;10;0;2;1;1;1;
202300040883;155608070;A01;1;7;0;1;1;1;1;
202300040884;155608069;A01;1;7;0;2;3;15;1;
202300040884;155608071;B01;1;33;0;2;7;2;1;
202300040885;155608066;C01;2;7;0;9;7;1;-1;
202300040885;155608068;B01;1;1;0;2;4;1;5;
202300040886;155608065;A01;1;7;0;2;0;0;1;
202300040886;155608067;B01;2;43;0;2;1;0;1;
202300040887;155608064;A01;1;50;9;0;1;17;3;
202300040888;155608062;A01;2;10;0;2;3;15;0;
202300040888;155608063;B01;2;32;0;2;2;3;0;
202300040889;155608061;A01;2;7;0;1;2;1;1;
202300040890;155608059;A01;2;7;0;0;8;22;1;
202300040890;155608060;B01;2;1;1;0;3;22;5;
202300040891;155608058;A01;2;7;0;1;1;16;1;
202300040892;155608057;A01;1;33;0;1;1;1;1;
202300040893;155608054;A01;1;7;0;2;3;9;1;
202300040893;155608056;B01;1;1;0;2;1;1;5;
202300040894;155608053;B01;1;1;5;0;4;26;5;
202300040894;155608055;A01;1;10;9;0;1;0;1;
202300040895;155608052;A01;2;7;0;1;1;1;1;
202300040896;155608051;A01;2;32;0;1;1;21;1;
202300040897;155608049;A01;2;1;0;1;3;1;5;
202300040898;155608047;C01;1;7;0;2;4;1;0;
202300040898;155608048;B01;1;7;0;2;4;1;1;
202300040898;155608050;A01;1;7;0;2;1;1;1;
202300040899;155608046;A01;2;7;0;0;2;14;1;
202300040900;155608044;B01;1;7;0;2;2;1;1;
202300040900;155608045;A01;0;1;0;2;1;19;5;
202300040901;155608042;B01;3;7;0;2;3;1;1;
202300040901;155608043;A01;3;7;0;2;3;5;2;
202300040902;155608040;A01;2;1;0;2;1;12;5;
202300040902;155608041;B01;2;7;0;2;6;1;1;
202300040903;155608038;A01;3;33;6;0;1;19;1;
202300040904;155608037;A01;1;7;0;2;1;15;1;
202300040904;155608039;B01;1;33;0;2;7;1;1;
202300040905;155608035;A01;3;7;0;1;3;20;1;
202300040906;155608033;A01;1;7;0;2;1;13;1;
202300040906;155608034;B01;2;7;3;2;1;1;1;
202300040906;155608036;C01;2;7;0;2;1;1;1;
202300040907;155608031;A01;2;7;0;2;1;9;1;
202300040907;155608032;B01;2;1;0;0;4;0;5;
202300040908;155608029;A01;1;10;0;2;2;2;0;
202300040908;155608030;B01;1;7;2;2;4;2;1;
202300040909;155608025;C01;0;7;0;2;1;0;0;
202300040909;155608027;B01;0;7;0;2;4;2;0;
202300040909;155608028;A01;0;7;0;2;4;0;0;
202300040910;155608024;B01;2;1;0;2;2;1;5;
202300040910;155608026;A01;0;7;0;9;2;15;1;
202300040911;155608022;A01;3;2;0;0;2;1;1;
202300040912;155608021;B01;3;10;0;2;2;1;1;
202300040912;155608023;A01;3;7;0;2;5;1;1;
202300040913;155608018;A01;3;7;0;2;3;1;1;
202300040913;155608020;B01;3;7;0;2;2;15;1;
202300040914;155608019;A01;1;7;0;0;2;1;3;
202300040915;155608016;B01;1;7;0;2;1;1;2;
202300040915;155608017;A01;1;1;0;2;1;1;5;
202300040916;155608013;A01;1;7;0;2;1;15;1;
202300040916;155608015;B01;2;34;0;2;8;1;1;
202300040917;155608012;A01;1;2;0;2;1;1;1;
202300040917;155608014;B01;2;7;0;2;7;15;1;
202300040918;155608011;A01;3;7;0;1;4;4;1;
202300040919;155608008;B01;2;33;0;2;1;1;0;
202300040919;155608010;A01;1;7;0;2;2;5;0;
202300040920;155608007;A01;2;7;0;2;2;9;1;
202300040920;155608009;B01;2;80;0;2;1;5;3;
202300040921;155608006;A01;3;30;0;0;7;1;1;
202300040922;155608002;A01;3;7;0;2;2;15;1;
202300040922;155608004;B01;3;2;0;2;8;1;1;
202300040923;155608000;B01;2;17;0;0;4;1;1;
202300040923;155608001;C01;2;17;0;0;8;1;1;
202300040923;155608003;A01;2;7;0;2;1;1;1;
202300040924;155607999;A01;1;33;0;2;1;1;1;
202300040924;155608005;B01;2;7;0;2;3;15;1;
202300040925;155607994;A01;1;10;0;2;1;1;1;
202300040925;155607997;C01;1;7;0;2;4;2;1;
202300040925;155607998;B01;1;7;0;2;4;2;1;
202300040926;155607993;B01;0;7;0;2;0;0;1;
202300040926;155607996;A01;0;30;0;2;0;0;1;
202300040927;155607992;A01;0;7;0;2;3;1;1;
202300040927;155607995;B01;0;2;0;2;3;1;1;
202300040928;155607988;A01;1;10;0;2;3;15;1;
202300040928;155607990;B01;1;30;0;2;1;1;1;
202300040929;155607986;B01;2;7;0;2;1;15;1;
202300040929;155607991;A01;2;33;0;2;1;17;1;
202300040930;155607987;B01;2;33;0;2;1;21;1;
202300040930;155607989;A01;2;10;0;2;6;9;1;
202300040931;155607982;A01;1;7;0;2;1;2;1;
202300040931;155607985;B01;1;2;0;2;4;1;1;
202300040932;155607981;A01;1;33;12;0;2;1;1;
202300040933;155607980;B01;0;7;0;2;7;1;1;
202300040933;155607984;A01;0;32;0;2;1;19;0;
202300040934;155607983;A01;3;7;2;0;1;1;0;
202300040935;155607979;A01;3;2;12;0;1;0;3;
202300040936;155607977;A01;2;2;0;0;0;21;1;
202300040937;155607976;A01;1;7;1;0;3;1;1;
202300040938;155607975;B01;3;50;0;2;7;9;3;
202300040938;155607978;A01;2;7;0;2;3;1;1;
202300040939;155607969;C01;1;10;0;2;7;1;1;
202300040939;155607970;D01;1;7;0;2;4;1;1;
202300040939;155607972;B01;1;7;0;2;5;1;1;
202300040939;155607974;A01;1;7;0;2;3;14;1;
202300040940;155607967;B01;3;7;0;2;4;23;1;
202300040940;155607968;A01;3;10;0;2;1;2;1;
202300040941;155607965;B01;1;7;0;2;6;2;1;
202300040941;155607966;A01;1;32;0;2;1;2;1;
202300040942;155607963;A01;1;37;0;1;5;1;6;1.0
202300040943;155607962;A01;3;7;0;2;6;19;1;
202300040943;155607964;B01;0;33;0;2;0;0;1;
202300040944;155607959;A01;2;7;0;2;5;12;1;
202300040944;155607961;B01;2;50;0;2;1;1;3;