Num_Acc;id_vehicule;num_veh;senc;catv;obs;obsm;choc;manv;motor;occutc
202300040945;155607958;B01;2;7;0;2;4;1;0;
202300040945;155607960;A01;2;7;0;2;1;1;1;
202300040946;155607957;A01;3;50;0;1;1;25;3;
202300040947;155607955;B01;1;7;0;2;4;1;0;
202300040947;155607956;A01;1;10;0;2;1;26;1;
202300040948;155607953;A01;3;7;0;2;6;10;0;
202300040948;155607954;B01;3;1;0;2;1;1;5;
202300040949;155607951;B01;2;7;0;2;4;23;1;
202300040949;155607952;A01;2;7;1;0;1;2;1;
202300040950;155607949;B01;0;7;0;2;4;1;1;
202300040950;155607950;A01;0;10;0;2;1;1;1;
202300040951;155607947;A01;1;7;0;2;3;9;1;
202300040951;155607948;B01;2;33;0;2;1;1;1;
202300040952;155607946;A01;2;7;0;1;2;16;2;
202300040953;155607944;A01;3;7;6;1;1;4;1;
202300040954;155607941;B01;1;1;0;2;7;21;5;
202300040954;155607943;A01;2;7;0;9;8;9;1;
202300040955;155607940;A01;1;7;0;2;3;1;1;
202300040955;155607942;B01;2;1;0;2;1;15;5;
202300040956;155607938;A01;1;7;0;2;3;16;1;
202300040956;155607939;B01;1;7;0;2;5;1;1;
202300040957;155607936;B01;2;7;0;2;2;1;2;
202300040957;155607937;A01;2;50;0;2;3;15;3;
202300040958;155607934;B01;0;7;0;2;2;9;1;
202300040958;155607935;A01;1;31;0;2;2;17;1;
202300040959;155607933;A01;1;7;15;0;1;1;1;
202300040960;155607931;A01;3;7;0;2;8;9;0;
202300040960;155607932;B01;3;7;0;2;1;1;0;
202300040961;155607929;A01;2;1;0;0;1;1;5;
202300040962;155607928;B01;3;33;0;2;1;2;1;
202300040962;155607930;A01;3;7;0;2;6;2;1;
202300040963;155607927;A01;3;7;0;1;4;4;1;
202300040964;155607926;A01;3;7;0;1;3;1;1;
202300040965;155607924;B01;2;1;0;2;1;1;5;
202300040965;155607925;A01;1;7;0;2;1;15;1;
202300040966;155607922;A01;1;30;0;2;1;11;1;
202300040966;155607923;B01;2;30;0;2;1;1;1;
202300040967;155607921;A01;3;2;2;0;2;0;1;
202300040968;155607919;B01;2;7;0;2;8;1;1;
202300040968;155607920;A01;2;7;0;2;7;17;1;
202300040969;155607917;A01;1;7;0;9;1;1;1;
202300040969;155607918;B01;1;1;0;2;8;19;5;
202300040970;155607915;A01;3;7;0;2;1;15;1;
202300040970;155607916;B01;3;7;0;2;5;23;1;
202300040971;155607914;A01;0;7;0;1;3;26;1;
202300040972;155607913;A01;2;10;8;1;5;19;1;
202300040973;155607911;A01;2;7;0;2;1;1;3;
202300040973;155607912;B01;0;10;0;2;5;15;1;
202300040974;155607910;A01;1;34;0;1;3;7;1;
202300040975;155607908;A01;3;1;0;0;0;0;5;
202300040975;155607909;B01;3;1;0;0;0;0;5;
202300040976;155607906;B01;1;34;0;2;7;0;1;
202300040976;155607907;A01;1;99;0;2;8;10;1;
202300040977;155607904;A01;3;7;0;2;3;1;0;
202300040977;155607905;B01;3;7;4;2;1;5;1;
202300040978;155607901;B01;1;0;0;2;1;0;0;
202300040978;155607903;A01;2;7;0;2;1;1;1;
202300040979;155607900;A01;1;7;0;2;8;23;1;
202300040979;155607902;B01;1;50;0;2;1;1;3;
202300040980;155607899;A01;1;34;0;0;6;1;1;
202300040981;155607898;A01;3;36;6;0;1;1;1;
202300040982;155607896;B01;1;7;0;2;3;15;1;
202300040982;155607897;A01;1;33;0;2;1;1;1;
202300040983;155607895;A01;1;7;4;0;3;1;1;
202300040984;155607893;B01;1;7;0;2;1;1;1;
202300040984;155607894;A01;1;1;12;2;9;1;5;
202300040985;155607892;A01;1;32;3;0;8;2;0;
202300040986;155607891;A01;1;50;0;1;1;1;3;
202300040987;155607890;A01;1;7;0;1;2;26;1;
202300040988;155607888;A01;3;7;17;0;2;1;1;
202300040989;155607887;B01;0;1;0;2;1;1;5;
202300040989;155607889;A01;1;7;0;2;2;1;1;
202300040990;155607886;A01;1;33;0;0;9;1;1;
202300040991;155607885;A01;3;7;0;1;1;9;1;
202300040992;155607884;A01;1;7;0;2;1;1;1;
202300040993;155607882;A01;1;7;0;2;1;15;1;
202300040993;155607883;B01;2;7;0;2;1;1;1;
202300040994;155607880;A01;2;15;0;2;1;1;1;
202300040994;155607881;B01;2;7;0;0;4;23;1;
202300040995;155607879;A01;1;2;0;0;8;9;1;
202300040996;155607876;A01;2;33;0;2;1;2;1;
202300040996;155607877;B01;2;7;0;2;5;23;1;
202300040997;155607874;A01;1;30;0;2;1;26;1;
202300040997;155607875;B01;0;7;0;2;3;26;1;
202300040998;155607872;B01;3;1;0;2;0;0;5;
202300040998;155607873;A01;1;7;0;2;8;9;1;
202300040999;155607870;B01;3;7;0;2;1;1;1;
202300040999;155607871;A01;3;2;0;2;1;13;1;
202300041000;155607869;A01;1;0;0;1;8;1;0;
202300041001;155607866;A01;1;7;0;0;0;0;1;
202300041002;155607865;A01;3;7;0;9;0;1;1;
202300041002;155607867;B01;0;50;0;2;1;1;-1;
202300041003;155607862;A01;2;7;0;2;1;1;1;
202300041003;155607864;B01;2;1;0;2;8;9;5;
202300041004;155607861;B01;1;7;0;2;5;1;1;
202300041004;155607863;A01;1;3;0;2;1;1;1;
202300041005;155607860;A01;1;2;13;0;0;1;1;
202300041006;155607857;A01;3;7;0;2;5;15;1;
202300041006;155607859;B01;3;7;0;2;1;23;1;
202300041007;155607858;A01;1;7;0;1;2;1;1;
202300041008;155607856;A01;0;33;4;0;2;12;1;
202300041009;155607855;A01;2;7;0;1;1;1;2;
202300041010;155607853;A01;2;7;2;0;1;13;1;
202300041011;155607852;A01;1;7;0;2;3;1;1;
202300041011;155607854;B01;1;1;0;2;3;19;5;
202300041012;155607851;A01;1;33;16;0;1;1;1;
202300041013;155607850;A01;2;33;0;0;0;1;1;
202300041014;155607847;A01;1;7;0;2;1;26;1;
202300041014;155607849;B01;1;33;0;2;4;26;1;
202300041015;155607845;A01;2;10;0;2;4;1;1;
202300041015;155607846;B01;2;7;0;2;4;1;1;
202300041015;155607848;C01;2;7;0;2;4;1;1;
202300041016;155607843;A01;1;7;0;1;3;15;1;
202300041017;155607842;A01;2;7;16;0;1;1;1;
202300041018;155607839;A01;2;7;0;2;3;1;3;
202300041018;155607841;B01;1;7;0;2;1;13;1;
202300041019;155607838;A01;1;7;14;2;8;1;1;
202300041019;155607840;B01;1;33;14;2;8;1;1;
202300041020;155607836;A01;1;7;0;2;7;15;1;
202300041020;155607837;B01;1;1;0;2;1;1;5;
202300041021;155607835;A01;1;7;13;0;3;1;1;
202300041022;155607832;B01;1;1;0;2;4;2;5;
202300041022;155607834;A01;1;7;0;2;1;2;1;
202300041023;155607831;B01;1;21;0;0;3;1;1;
202300041023;155607833;A01;1;33;0;2;7;17;0;
202300041024;155607829;A01;1;33;5;0;1;1;0;
202300041025;155607827;A01;1;10;0;2;1;2;1;
202300041025;155607828;B01;1;7;0;2;1;2;1;
202300041025;155607830;C01;1;7;0;2;4;2;1;
202300041026;155607826;A01;3;2;0;0;0;1;1;
202300041027;155607824;Z01;1;7;0;2;1;2;0;
202300041027;155607825;_01;2;1;0;2;5;15;5;
202300041028;155607822;A01;2;7;0;2;1;13;0;
202300041028;155607823;B01;1;7;9;2;1;1;2;
202300041029;155607821;A01;2;7;0;1;2;1;1;
202300041030;155607820;A01;3;31;13;0;1;21;1;
202300041031;155607819;A01;3;7;0;1;2;1;1;
202300041032;155607818;A01;3;2;2;0;2;1;1;
202300041033;155607816;A01;1;7;0;2;2;2;2;
202300041033;155607817;B01;1;7;0;2;6;1;3;
202300041034;155607815;A01;2;7;13;0;9;13;1;
202300041035;155607812;B01;3;1;0;2;8;19;5;
202300041035;155607814;A01;2;7;0;2;1;1;1;
202300041036;155607811;A01;2;7;0;2;5;12;1;
202300041036;155607813;B01;2;33;0;2;3;1;1;
202300041037;155607809;A01;1;15;0;2;2;1;1;
202300041037;155607810;B01;2;7;0;2;3;10;1;
202300041038;155607807;A01;2;33;0;2;1;17;1;
202300041038;155607808;B01;1;7;0;2;8;9;1;
202300041039;155607806;A01;2;7;0;1;1;1;1;
202300041040;155607805;A01;3;7;0;1;2;2;1;
202300041041;155607804;A01;2;7;0;1;1;1;1;
202300041042;155607802;A01;1;7;8;0;1;1;1;
202300041043;155607801;A01;2;13;0;9;0;15;0;
202300041043;155607803;B01;1;50;0;2;0;1;3;
202300041044;155607800;A01;1;1;0;0;0;1;5;
202300041045;155607797;A01;2;7;0;0;6;2;1;
202300041045;155607799;B01;2;7;0;2;2;0;1;
202300041046;155607796;B01;3;7;0;2;1;19;1;
202300041046;155607798;A01;3;7;0;2;6;5;1;
202300041047;155607794;A01;1;7;0;1;3;1;1;
202300041048;155607793;A01;1;7;0;2;1;1;0;
202300041048;155607795;B01;2;7;0;2;1;1;0;
202300041049;155607789;A01;0;7;0;2;8;1;1;
202300041049;155607792;B01;0;7;0;2;1;1;1;
202300041050;155607788;A01;2;10;3;2;1;1;1;
202300041050;155607790;B01;1;7;0;2;1;5;1;
202300041050;155607791;C01;2;7;0;2;3;1;1;
202300041051;155607786;A01;0;31;14;0;3;1;1;
202300041052;155607785;B01;0;99;0;2;7;19;3;
202300041052;155607787;A01;0;7;0;9;1;1;1;
202300041053;155607782;B01;2;7;0;2;4;1;0;
202300041053;155607783;A01;1;30;0;2;1;1;1;
202300041054;155607781;A01;2;7;4;0;2;1;0;
202300041054;155607784;B01;2;7;1;0;1;1;0;
202300041055;155607778;A01;3;7;0;2;8;9;1;
202300041055;155607780;B01;3;10;0;2;1;1;1;
202300041056;155607777;A01;1;7;0;2;1;1;1;
202300041056;155607779;B01;1;7;0;2;5;19;1;
202300041057;155607773;A01;1;7;0;2;1;1;1;
202300041057;155607775;B01;1;7;0;2;4;2;1;
202300041057;155607776;C01;1;7;0;2;4;23;1;
202300041058;155607772;A01;2;7;0;2;1;1;1;
202300041058;155607774;B01;1;33;0;2;7;15;1;
202300041059;155607770;A01;2;7;0;1;3;1;1;
202300041060;155607769;A01;2;10;0;2;7;15;1;
202300041060;155607771;B01;1;33;1;2;7;1;1;
202300041061;155607765;B01;1;1;0;0;4;2;5;
202300041061;155607767;A01;1;7;0;2;1;2;1;
202300041062;155607764;A01;3;7;0;1;6;4;1;
202300041063;155607763;A01;3;7;0;0;1;19;1;
202300041064;155607761;A01;0;33;0;0;0;1;1;
202300041065;155607760;A01;1;7;0;2;3;0;1;
202300041065;155607762;B01;1;2;0;2;1;1;1;
202300041066;155607759;A01;1;7;3;0;2;13;1;
202300041067;155607757;B01;3;37;0;2;1;1;1;1.0
202300041067;155607758;A01;3;50;0;2;1;19;3;
202300041068;155607755;A01;1;31;0;2;1;3;1;
202300041068;155607756;B01;1;7;0;2;4;1;1;
202300041069;155607750;A01;2;31;0;2;1;18;1;
202300041069;155607752;B01;2;10;0;2;2;16;1;
202300041070;155607748;C01;1;7;0;2;4;2;1;
202300041070;155607749;D01;1;7;0;2;4;2;1;
202300041070;155607751;A01;1;10;0;2;3;14;1;
202300041070;155607753;B01;1;7;0;2;5;2;1;
202300041071;155607746;A01;1;2;14;0;1;13;1;
202300041071;155607747;B01;2;7;0;2;8;1;1;
202300041072;155607743;A01;0;7;0;1;3;7;1;
202300041073;155607742;A01;2;14;0;2;1;2;1;
202300041073;155607744;B01;2;7;0;2;4;1;1;
202300041073;155607745;C01;2;7;0;2;4;2;1;
202300041074;155607739;B01;3;30;0;2;1;1;1;
202300041074;155607741;A01;3;7;0;2;3;9;1;
202300041075;155607738;A01;2;10;0;2;1;2;1;
202300041075;155607740;B01;2;7;0;2;4;0;1;
202300041076;155607736;A01;0;37;0;1;2;1;1;1.0
202300041077;155607735;A01;1;33;4;2;3;3;1;
202300041077;155607737;Z01;1;7;0;2;2;12;0;
202300041078;155607733;A01;3;7;1;2;2;1;1;
202300041078;155607734;B01;3;7;0;2;6;24;1;
202300041079;155607731;A01;1;7;0;2;2;5;1;
202300041079;155607732;B01;2;7;0;2;2;1;1;
202300041080;155607729;A01;2;10;0;2;8;11;1;
202300041080;155607730;B01;2;33;0;2;2;3;1;
202300041081;155607727;A01;2;33;0;2;7;3;1;
202300041081;155607728;B01;2;7;0;2;5;11;1;
202300041082;155607725;A01;3;32;0;2;6;9;1;
202300041082;155607726;B01;3;33;0;2;1;1;1;
202300041083;155607724;A01;1;7;3;0;2;9;2;
202300041084;155607722;A01;2;30;0;2;2;16;3;
202300041084;155607723;B01;2;1;0;2;1;1;5;
202300041085;155607721;A01;1;7;4;0;1;13;1;
202300041086;155607719;B01;2;7;0;2;4;23;1;
202300041086;155607720;A01;2;50;0;2;1;1;3;
202300041087;155607718;A01;1;7;4;0;3;1;1;
202300041088;155607716;A01;1;10;0;2;5;16;1;
202300041088;155607717;B01;1;30;0;2;6;1;3;
202300041089;155607714;B01;2;7;0;2;8;1;1;
202300041089;155607715;A01;2;14;0;2;2;12;1;
202300041090;155607711;Z01;0;7;0;2;3;13;2;
202300041090;155607712;B01;3;7;0;2;5;23;1;
202300041090;155607713;A01;3;32;0;2;7;17;3;
202300041091;155607709;B01;2;7;0;2;2;11;1;
202300041091;155607710;A01;2;33;0;2;8;3;1;
202300041092;155607707;A01;2;7;12;9;1;26;1;
202300041093;155607706;A01;1;10;0;2;5;16;1;
202300041093;155607708;B01;1;1;0;2;3;1;5;
202300041094;155607705;A01;1;50;0;1;1;1;3;
202300041095;155607703;A01;2;50;0;2;1;1;3;
202300041095;155607704;B01;2;7;0;2;3;1;2;
202300041096;155607701;A01;2;17;4;2;4;4;1;
202300041096;155607702;B01;1;33;0;0;1;2;1;
202300041097;155607700;A01;2;32;0;1;1;1;1;
202300041098;155607698;A01;1;7;0;2;1;15;1;
202300041098;155607699;B01;1;2;0;2;8;18;1;
202300041099;155607695;A01;0;7;0;1;0;0;1;
202300041100;155607696;A01;1;1;0;2;1;1;5;
202300041100;155607697;B01;1;1;0;2;4;1;5;
202300041101;155607694;A01;1;33;11;0;1;2;1;
202300041102;155607693;A01;2;7;0;1;3;15;1;
202300041103;155607692;A01;2;7;0;1;2;26;1;
202300041104;155607690;B01;3;31;0;2;1;3;1;
202300041104;155607691;A01;1;7;0;2;3;15;1;
202300041105;155607687;A01;3;7;0;2;3;15;0;
202300041105;155607689;B01;3;7;0;2;5;16;1;
202300041106;155607686;A01;2;10;0;2;7;19;1;
202300041106;155607688;B01;2;7;0;2;1;1;1;
202300041107;155607682;B01;2;33;0;2;8;1;1;
202300041107;155607684;A01;1;7;4;2;3;1;1;
202300041108;155607683;A01;1;7;0;1;2;1;1;
202300041109;155607679;A01;0;2;0;2;1;1;1;
202300041109;155607680;B01;0;7;0;2;1;1;1;
202300041110;155607678;A01;3;7;0;2;1;9;1;
202300041110;155607681;B01;3;50;0;2;8;1;3;
202300041111;155607675;A01;1;7;0;2;1;13;1;
202300041111;155607677;B01;2;7;0;2;1;1;1;
202300041112;155607674;A01;3;1;0;2;1;1;5;
202300041112;155607676;B01;1;7;0;2;8;1;1;
202300041113;155607672;A01;1;10;4;0;1;13;1;
202300041114;155607669;A01;1;7;0;2;6;10;1;
202300041114;155607670;B01;1;30;0;2;1;1;3;
202300041115;155607671;B01;3;50;0;0;0;26;3;
202300041115;155607673;A01;0;7;0;2;2;0;1;
202300041116;155607667;A01;2;7;0;2;3;26;1;
202300041116;155607668;B01;2;32;0;2;7;16;1;
202300041117;155607663;A01;1;7;0;2;3;1;1;
202300041117;155607664;B01;1;7;0;2;3;1;1;
202300041118;155607661;A01;1;7;0;2;3;13;1;
202300041118;155607662;B01;2;7;0;2;3;1;1;
202300041119;155607660;A01;1;30;0;0;3;13;1;
202300041120;155607657;A01;2;7;16;0;3;1;1;
202300041120;155607658;B01;1;7;0;2;1;1;1;
202300041120;155607659;C01;2;10;0;2;1;1;1;
202300041121;155607655;A01;2;50;9;0;7;1;3;
202300041122;155607653;A01;3;80;15;0;0;0;3;
202300041123;155607652;A01;1;7;0;1;2;1;1;
202300041124;155607649;C01;1;7;0;2;0;0;1;
202300041124;155607650;A01;2;33;0;2;7;17;1;
202300041124;155607651;B01;2;37;0;2;3;15;1;1.0
202300041125;155607648;A01;1;7;6;2;1;1;1;
202300041126;155607646;B01;0;10;0;2;1;0;0;
202300041126;155607647;A01;1;7;1;2;2;0;0;
202300041127;155607644;A01;2;7;0;2;3;1;1;
202300041127;155607645;B01;1;50;0;2;1;13;3;
202300041128;155607642;A01;3;7;0;2;3;5;1;
202300041128;155607643;B01;3;33;0;2;1;1;1;
202300041129;155607640;A01;0;2;0;2;1;9;1;
202300041129;155607641;B01;3;7;0;2;1;0;1;
202300041130;155607638;A01;1;7;1;0;1;26;1;
202300041130;155607639;B01;1;7;0;0;8;24;1;
202300041131;155607636;A01;3;7;0;2;1;9;0;
202300041131;155607637;B01;3;13;0;2;4;15;1;
202300041132;155607634;A01;3;7;0;2;3;13;1;
202300041132;155607635;B01;3;7;0;2;8;1;1;
202300041133;155607633;A01;2;7;3;0;2;9;1;
202300041134;155607631;A01;3;7;1;0;2;20;1;
202300041134;155607632;B01;3;7;0;2;8;24;1;
202300041135;155607628;A01;1;33;0;2;3;21;1;
202300041135;155607629;B01;2;7;0;2;3;21;2;
202300041136;155607626;B01;2;32;0;2;1;1;1;
202300041136;155607627;A01;3;7;9;0;7;1;1;
202300041137;155607624;B01;0;7;0;2;1;26;1;
202300041137;155607625;A01;0;33;0;2;1;1;1;
202300041138;155607621;C01;1;7;0;2;1;5;1;
202300041138;155607622;A01;2;33;0;2;1;13;1;
202300041138;155607623;B01;2;33;0;2;3;2;1;
202300041139;155607620;A01;3;37;0;1;2;19;3;1.0
202300041140;155607618;B01;2;30;0;0;1;1;3;
202300041140;155607619;A01;1;7;0;0;2;15;1;
202300041141;155607617;A01;2;31;0;0;8;1;1;
202300041142;155607616;A01;2;7;15;0;1;2;1;
202300041143;155607615;A01;1;30;1;0;7;1;3;
202300041144;155607614;A01;2;7;8;0;2;1;1;
202300041145;155607613;A01;3;7;1;0;4;1;1;
202300041146;155607611;A01;0;7;0;2;4;1;1;
202300041146;155607612;B01;0;10;0;2;1;1;1;
202300041147;155607609;A01;2;7;0;2;1;1;1;
202300041147;155607610;B01;2;7;0;2;4;1;1;
202300041148;155607607;A01;1;30;0;2;1;5;1;
202300041148;155607608;B01;1;7;0;2;8;1;1;
202300041149;155607606;A01;1;7;6;0;3;13;1;
202300041150;155607604;A01;1;33;0;2;1;1;1;
202300041150;155607605;B01;2;7;0;9;3;1;1;
202300041151;155607603;A01;1;31;3;0;2;2;1;
202300041152;155607602;A01;1;33;7;0;2;1;1;
202300041153;155607601;A01;3;21;2;0;3;1;1;
202300041154;155607600;A01;1;7;13;0;2;14;1;
202300041155;155607597;A01;2;3;0;2;1;19;1;
202300041155;155607598;C01;1;7;0;2;1;23;1;
202300041155;155607599;B01;1;1;0;2;8;1;5;
202300041156;155607595;B01;1;15;1;1;1;2;1;
202300041156;155607596;A01;1;7;0;0;4;23;1;
202300041157;155607592;B01;1;7;0;2;1;14;0;
202300041157;155607593;C01;2;7;0;0;6;1;0;
202300041157;155607594;A01;2;7;0;2;1;1;0;
202300041158;155607591;A01;1;7;0;1;2;15;1;
202300041159;155607590;A01;2;2;3;0;1;1;1;
202300041160;155607589;A01;0;33;0;0;0;26;0;
202300041161;155607587;B01;1;17;0;2;8;1;1;
202300041161;155607588;A01;2;17;3;2;3;6;1;
202300041162;155607586;A01;3;7;2;0;1;2;0;
202300041163;155607584;A01;1;7;0;0;3;13;1;
202300041163;155607585;B01;2;7;0;0;1;1;0;
202300041164;155607583;A01;1;33;0;0;8;1;1;
202300041165;155607582;A01;1;33;0;0;0;0;1;
202300041166;155607580;A01;1;33;0;2;1;3;1;
202300041166;155607581;B01;2;7;0;2;3;11;1;
202300041167;155607579;A01;3;7;6;0;3;1;1;
202300041168;155607577;A01;1;7;3;2;3;13;1;
202300041168;155607578;B01;2;10;0;2;3;13;1;
202300041169;155607575;B01;1;33;0;2;1;1;1;
202300041169;155607576;A01;2;7;0;2;7;15;1;
202300041170;155607574;A01;2;33;13;0;9;14;1;
202300041171;155607573;A01;2;10;9;0;1;14;1;
202300041172;155607572;A01;2;7;2;0;9;1;0;
202300041173;155607571;A01;1;7;14;0;7;1;1;
202300041174;155607570;A01;3;2;0;0;0;0;1;
202300041175;155607569;A01;2;33;13;0;1;13;1;
202300041176;155607567;B01;2;32;0;2;1;2;1;
202300041176;155607568;A01;1;7;0;2;3;15;1;
202300041177;155607566;A01;1;7;5;0;2;15;1;
202300041178;155607565;A01;1;7;13;0;2;1;1;
202300041179;155607564;A01;1;32;0;0;1;1;1;
202300041180;155607562;B01;1;7;0;2;1;1;1;
202300041180;155607563;A01;2;7;0;2;2;15;1;
202300041181;155607561;A01;3;7;12;0;1;16;1;
202300041182;155607560;A01;2;7;13;0;9;1;1;
202300041183;155607559;A01;3;7;16;0;2;1;1;
202300041184;155607558;A01;3;33;0;0;0;1;1;
202300041185;155607556;A01;2;7;0;0;3;15;0;
202300041185;155607557;B01;2;31;0;2;1;1;0;
202300041186;155607555;A01;2;7;2;0;1;1;1;
202300041187;155607553;A01;1;7;0;2;2;16;1;
202300041187;155607554;B01;2;33;0;2;1;15;1;
202300041188;155607552;A01;1;21;0;0;9;0;1;
202300041189;155607550;A01;2;7;0;2;1;1;1;
202300041189;155607551;B01;1;7;0;2;1;1;1;
202300041190;155607547;A01;1;7;0;0;3;13;1;
202300041190;155607548;B01;2;7;0;0;3;1;1;
202300041190;155607549;C01;1;15;0;0;3;0;1;
202300041191;155607545;A01;1;7;0;2;3;20;1;
202300041191;155607546;B01;1;33;0;2;2;17;1;
202300041192;155607544;A01;0;60;0;0;0;0;5;
202300041193;155607542;A01;2;10;0;2;1;13;1;
202300041193;155607543;B01;1;17;0;2;1;1;1;
202300041194;155607540;A01;2;7;0;9;3;13;0;
202300041194;155607541;B01;1;21;0;2;3;1;1;
202300041195;155607539;A01;1;10;0;0;1;1;1;
202300041196;155607537;B01;2;15;0;2;4;2;1;
202300041196;155607538;A01;2;7;0;2;1;2;1;
202300041197;155607534;B01;0;0;0;0;0;0;0;
202300041197;155607535;A01;0;7;0;0;5;0;1;
202300041198;155607533;A01;3;50;0;0;0;0;3;
202300041199;155607531;A01;1;7;0;2;2;9;1;
202300041199;155607532;B01;2;33;0;2;7;21;1;
202300041200;155607529;A01;3;7;0;2;3;13;1;
202300041200;155607530;B01;3;7;0;2;3;1;1;
202300041201;155607527;A01;2;7;0;2;7;13;1;
202300041201;155607528;B01;1;7;0;2;2;1;1;
202300041202;155607525;A01;1;3;0;0;8;15;1;
202300041202;155607526;B01;1;32;0;2;1;1;1;
202300041203;155607524;A01;2;15;3;0;3;0;1;
202300041204;155607523;A01;0;2;15;0;8;1;1;
202300041205;155607522;A01;1;2;13;0;0;0;1;
202300041206;155607519;A01;2;7;0;2;3;2;1;
202300041206;155607520;B01;2;7;0;2;5;2;1;
202300041206;155607521;C01;2;7;0;0;4;2;1;
202300041207;155607516;A01;2;33;0;2;3;18;1;
202300041207;155607517;C01;2;7;0;2;2;16;1;
202300041207;155607518;B01;2;7;0;2;6;23;1;
202300041208;155607514;A01;1;2;0;0;7;10;1;
202300041208;155607515;B01;2;7;0;2;2;0;0;
202300041209;155607513;A01;3;31;14;0;1;1;1;
202300041210;155607512;A01;2;7;8;0;1;1;1;
202300041211;155607511;A01;3;7;6;0;1;1;1;
202300041212;155607509;A01;0;7;0;2;2;16;0;
202300041212;155607510;B01;0;33;0;2;3;1;0;
202300041213;155607508;A01;3;1;0;0;0;26;5;
202300041214;155607506;B01;1;1;0;2;1;1;5;
202300041214;155607507;A01;2;1;0;2;1;5;5;
202300041215;155607505;A01;0;7;15;0;1;1;1;
202300041216;155607504;A01;1;7;2;0;1;0;1;
202300041217;155607500;A01;2;33;0;2;1;17;1;
202300041217;155607501;B01;2;7;0;2;4;17;1;
202300041217;155607502;C01;2;3;0;2;8;1;1;
202300041217;155607503;D01;2;7;0;2;2;1;1;
202300041218;155607499;A01;2;7;11;0;9;1;1;
202300041219;155607498;A01;2;13;13;0;2;0;1;
202300041220;155607496;B01;3;21;0;2;3;1;-1;
202300041220;155607497;A01;3;2;0;2;3;1;1;
202300041221;155607495;A01;0;32;12;0;2;0;1;
202300041222;155607494;A01;1;10;0;1;2;2;1;
202300041223;155607492;A01;1;7;0;2;3;15;1;
202300041223;155607493;B01;2;32;0;2;1;1;1;
202300041224;155607491;A01;3;2;6;0;1;19;1;
202300041225;155607489;A01;3;7;0;0;8;19;1;
202300041225;155607490;B01;2;1;0;2;1;1;5;
202300041226;155607487;B01;1;7;0;2;8;1;1;
202300041226;155607488;A01;2;31;0;2;1;13;1;
202300041227;155607486;A01;1;7;3;0;9;1;1;
202300041228;155607485;A01;1;33;5;0;1;0;1;
202300041229;155607483;A01;2;7;0;2;1;1;1;
202300041229;155607484;B01;2;21;0;2;8;19;1;
202300041230;155607481;A01;2;7;0;2;1;1;1;
202300041230;155607482;B01;2;7;0;2;4;1;1;
202300041231;155607479;A01;1;7;0;2;4;1;1;
202300041231;155607480;B01;1;31;0;2;1;2;1;
202300041232;155607477;A01;2;33;0;2;1;2;1;
202300041232;155607478;B01;2;33;0;2;4;2;1;
202300041233;155607475;A01;1;7;0;2;1;2;1;
202300041233;155607476;B01;1;7;0;2;4;23;1;
202300041234;155607473;Z01;1;7;0;2;2;12;1;
202300041234;155607474;B01;1;7;0;2;6;12;1;
202300041235;155607471;B01;1;43;4;2;3;3;1;
202300041235;155607472;A01;1;7;3;2;5;14;1;
202300041236;155607469;A01;2;31;0;2;1;2;1;
202300041236;155607470;B01;2;7;0;2;4;1;1;
202300041237;155607463;B01;1;7;0;2;4;0;1;
202300041237;155607464;C01;1;10;0;2;4;2;1;
202300041237;155607465;D01;1;7;0;2;5;2;1;
202300041237;155607466;E01;1;10;0;2;4;2;1;
202300041237;155607467;F01;1;10;0;2;4;2;1;
202300041237;155607468;A01;1;10;0;2;1;2;1;
202300041238;155607461;A01;2;7;0;2;8;11;1;
202300041238;155607462;B01;2;33;0;2;7;0;1;
202300041239;155607460;A01;2;7;0;0;1;2;1;
202300041240;155607457;A01;1;7;0;2;1;2;1;
202300041240;155607458;B01;1;7;0;2;4;2;1;
202300041240;155607459;C01;1;10;0;2;4;2;1;
202300041241;155607454;B01;2;10;0;2;2;1;1;
202300041241;155607455;C01;2;7;0;2;6;1;1;
202300041241;155607456;A01;2;32;0;2;3;3;1;
202300041242;155607452;B01;2;7;0;2;7;12;1;
202300041242;155607453;A01;2;43;0;2;1;3;1;
202300041243;155607451;A01;1;13;0;1;1;1;1;
202300041244;155607449;A01;1;10;0;2;2;26;1;
202300041244;155607450;B01;1;1;0;2;8;15;5;
202300041245;155607448;A01;1;7;0;1;7;15;1;
202300041246;155607447;A01;1;1;0;0;0;3;5;
202300041247;155607446;A01;3;7;0;1;2;26;0;
202300041248;155607445;A01;2;7;16;0;9;2;1;
202300041249;155607444;A01;3;2;14;0;1;1;1;
202300041250;155607443;A01;2;7;2;0;3;1;1;
202300041251;155607441;B01;1;33;12;0;3;1;1;
202300041251;155607442;A01;2;7;12;0;3;15;1;
202300041252;155607439;A01;1;2;0;2;1;1;1;
202300041252;155607440;B01;2;2;0;2;1;0;1;
202300041253;155607437;A01;1;30;0;9;1;2;1;
202300041253;155607438;B01;1;1;0;9;4;23;5;
202300041254;155607435;A01;2;33;0;2;1;17;1;
202300041254;155607436;B01;2;7;0;2;4;17;1;
202300041255;155607434;A01;1;7;0;2;3;15;1;
202300041256;155607432;A01;2;50;0;2;7;1;3;
202300041256;155607433;B01;1;7;0;2;1;1;1;