Num_Acc;id_vehicule;num_veh;senc;catv;obs;obsm;choc;manv;motor;occutc
202300041257;155607431;A01;1;50;12;0;1;0;3;
202300041258;155607429;A01;1;7;0;2;1;13;1;
202300041258;155607430;B01;2;7;0;2;1;1;1;
202300041259;155607427;A01;1;7;0;2;2;1;1;
202300041259;155607428;B01;1;7;0;2;3;1;1;
202300041260;155607425;A01;1;32;0;2;7;1;1;
202300041260;155607426;B01;1;7;0;2;3;11;1;
202300041261;155607424;A01;1;7;8;0;1;26;1;
202300041262;155607422;A01;2;7;0;2;1;1;1;
202300041262;155607423;B01;2;7;0;2;7;16;1;
202300041263;155607419;A01;3;7;14;2;1;1;1;
202300041263;155607420;B01;3;7;0;2;4;23;1;
202300041263;155607421;C01;1;7;0;2;4;23;1;
202300041264;155607417;B01;2;80;0;2;1;17;3;
202300041264;155607418;A01;2;13;0;2;3;9;1;
202300041265;155607415;B01;3;7;0;2;6;1;1;
202300041265;155607416;A01;3;10;0;2;1;1;1;
202300041266;155607413;B01;1;7;1;2;2;1;1;
202300041266;155607414;A01;0;7;0;2;3;24;1;
202300041267;155607411;B01;2;14;0;2;2;1;1;
202300041267;155607412;A01;1;2;0;2;3;15;1;
202300041268;155607407;A01;1;7;0;2;4;0;1;
202300041268;155607408;B01;1;7;0;2;4;23;1;
202300041269;155607406;A01;1;7;0;1;2;17;1;
202300041270;155607404;A01;2;7;0;2;1;1;1;
202300041270;155607405;B01;2;7;0;2;1;1;1;
202300041271;155607402;A01;1;30;0;2;4;16;1;
202300041271;155607403;B01;1;7;0;2;1;12;1;
202300041272;155607400;B01;1;7;0;2;3;1;1;
202300041272;155607401;A01;3;7;0;2;2;19;1;
202300041273;155607399;A01;3;1;0;0;0;1;5;
202300041274;155607397;A01;1;7;0;2;1;19;6;
202300041274;155607398;B01;1;30;0;0;8;1;1;
202300041275;155607396;A01;1;33;0;1;1;1;1;
202300041276;155607394;A01;1;7;0;2;5;12;1;
202300041276;155607395;B01;1;14;0;2;3;1;1;
202300041277;155607393;A01;1;7;14;0;1;2;1;
202300041278;155607391;B01;1;2;0;2;8;1;1;
202300041278;155607392;A01;2;7;0;2;2;15;1;
202300041279;155607388;A01;3;7;0;2;1;1;1;
202300041279;155607389;B01;3;1;0;2;8;19;5;
202300041280;155607386;B01;1;7;0;2;7;1;1;
202300041280;155607387;A01;1;7;0;2;1;1;1;
202300041281;155607384;B01;0;7;0;2;1;2;1;
202300041281;155607385;A01;0;1;0;2;4;1;5;
202300041282;155607382;A01;3;7;0;2;3;1;1;
202300041282;155607383;B01;3;1;0;2;8;1;5;
202300041283;155607381;Z01;3;7;0;1;2;0;0;
202300041284;155607379;A01;3;36;0;2;3;15;1;
202300041284;155607380;B01;1;7;0;2;2;1;1;
202300041285;155607377;B01;2;99;0;2;3;19;1;
202300041285;155607378;A01;2;14;0;9;3;9;1;
202300041286;155607375;B01;2;7;0;2;1;0;1;
202300041286;155607376;A01;1;7;0;2;8;26;1;
202300041287;155607373;A01;1;7;0;2;1;1;1;
202300041287;155607374;B01;3;60;0;2;7;19;5;
202300041288;155607371;A01;1;7;0;2;1;19;1;
202300041288;155607372;B01;2;7;1;2;2;1;0;
202300041289;155607369;A01;1;32;0;2;2;15;1;
202300041289;155607370;B01;2;1;0;2;1;1;5;
202300041290;155607368;A01;1;30;0;0;0;1;0;
202300041291;155607366;A01;1;7;0;2;6;15;1;
202300041291;155607367;B01;1;32;0;2;7;2;1;
202300041292;155607363;A01;1;7;0;2;0;3;1;
202300041292;155607364;B01;1;7;0;2;8;2;1;
202300041292;155607365;C01;1;7;0;2;7;2;1;
202300041293;155607361;A01;1;7;0;2;1;1;1;
202300041293;155607362;B01;2;7;0;2;5;15;1;
202300041294;155607360;A01;2;7;0;1;1;15;1;
202300041295;155607359;A01;1;7;0;1;1;25;1;
202300041296;155607357;A01;3;10;0;2;2;1;1;
202300041296;155607358;B01;3;50;0;2;1;1;3;
202300041297;155607355;B01;2;50;0;2;1;1;3;
202300041297;155607356;A01;2;7;0;2;3;19;1;
202300041298;155607353;B01;1;33;0;2;1;1;1;
202300041298;155607354;A01;2;7;0;2;7;19;1;
202300041299;155607351;A01;1;7;0;2;3;9;1;
202300041299;155607352;B01;2;1;0;2;2;1;5;
202300041300;155607349;A01;3;1;0;2;1;1;5;
202300041300;155607350;B01;3;1;0;2;1;1;5;
202300041301;155607347;B01;3;1;0;2;8;15;5;
202300041301;155607348;A01;3;7;0;9;2;1;1;
202300041302;155607345;A01;3;30;0;2;3;9;1;
202300041302;155607346;B01;3;7;0;2;3;9;1;
202300041303;155607343;B01;1;2;0;2;4;9;1;
202300041303;155607344;A01;1;10;0;2;2;2;1;
202300041304;155607342;A01;1;10;0;1;2;1;1;
202300041305;155607341;A01;2;33;1;0;2;13;1;
202300041306;155607339;B01;2;7;0;2;5;16;3;
202300041306;155607340;A01;2;1;0;2;1;1;5;
202300041307;155607337;A01;1;30;0;2;1;2;1;
202300041307;155607338;B01;1;10;0;2;4;2;1;
202300041308;155607334;PA01;1;7;0;2;1;1;1;
202300041308;155607335;B01;1;7;0;2;4;1;1;
202300041308;155607336;C01;1;7;0;2;4;1;1;
202300041309;155607332;B01;1;1;0;2;7;14;5;
202300041309;155607333;A01;1;7;0;2;8;13;1;
202300041310;155607331;A01;3;10;0;1;2;26;1;
202300041311;155607329;A01;3;7;0;2;3;13;1;
202300041311;155607330;B01;3;7;7;2;5;1;1;
202300041312;155607328;A01;3;80;14;0;7;1;3;
202300041313;155607327;A01;2;7;14;0;1;19;1;
202300041314;155607326;A01;3;2;16;0;1;1;1;
202300041315;155607324;B01;2;7;0;2;2;16;1;
202300041315;155607325;A01;2;50;0;2;1;25;3;
202300041316;155607323;A01;1;30;1;0;2;17;3;
202300041317;155607321;A01;1;7;1;2;3;15;1;
202300041317;155607322;B01;1;2;0;2;1;1;3;
202300041318;155607319;B01;1;32;0;2;8;1;1;
202300041318;155607320;A01;1;7;0;2;7;21;1;
202300041319;155607318;A01;1;7;2;0;1;1;1;
202300041320;155607316;B01;2;33;0;2;9;1;1;
202300041320;155607317;A01;2;7;0;2;7;12;1;
202300041321;155607315;A01;1;7;1;0;1;13;1;
202300041322;155607313;B01;0;7;0;2;1;1;1;
202300041322;155607314;A01;0;1;0;2;1;1;5;
202300041323;155607311;A01;2;7;0;2;1;26;1;
202300041323;155607312;B01;2;7;0;2;1;1;1;
202300041324;155607310;A01;0;7;1;0;1;26;1;
202300041325;155607308;A01;0;7;0;2;7;14;1;
202300041325;155607309;B01;0;7;0;2;3;1;1;
202300041326;155607307;A01;2;7;9;0;1;0;1;
202300041327;155607305;A01;1;30;0;2;1;2;1;
202300041327;155607306;B01;1;7;0;2;6;23;1;
202300041328;155607304;A01;0;1;0;-1;0;0;5;
202300041329;155607302;A01;1;7;0;9;2;16;1;
202300041329;155607303;B01;1;50;0;2;1;1;3;
202300041330;155607300;A01;3;3;0;2;5;26;1;
202300041330;155607301;B01;3;7;0;2;3;0;1;
202300041331;155607298;A01;1;7;0;2;1;1;1;
202300041331;155607299;B01;2;7;0;2;3;1;1;
202300041332;155607297;A01;3;7;1;1;1;26;1;
202300041333;155607296;A01;3;7;0;1;1;1;1;
202300041334;155607294;B01;1;7;0;2;2;0;1;
202300041334;155607295;A01;1;34;0;2;1;1;1;
202300041335;155607293;A01;0;34;0;1;1;7;1;
202300041336;155607290;A01;3;30;0;2;2;11;1;
202300041336;155607292;B01;3;7;0;2;1;1;1;
202300041337;155607289;A01;1;2;0;2;1;1;1;
202300041337;155607291;B01;1;7;0;2;4;1;1;
202300041338;155607288;A01;3;7;8;0;1;5;0;
202300041339;155607287;A01;3;7;0;1;1;1;2;
202300041340;155607286;A01;1;30;0;0;1;1;1;
202300041341;155607283;A01;2;7;0;2;8;9;1;
202300041341;155607285;B01;2;30;0;2;2;1;1;
202300041342;155607280;A01;3;32;0;2;1;1;1;
202300041342;155607282;B01;3;32;0;2;8;10;1;
202300041343;155607277;A01;3;7;0;2;1;1;1;
202300041343;155607278;B01;3;7;0;2;8;1;1;
202300041343;155607279;C01;3;7;0;2;8;1;1;
202300041344;155607281;A01;3;7;0;2;3;15;1;
202300041344;155607284;B01;0;32;0;2;1;1;1;
202300041345;155607274;A01;3;7;0;2;1;15;1;
202300041345;155607275;B01;3;30;0;2;1;17;1;
202300041346;155607271;B01;2;7;0;0;3;1;1;
202300041346;155607273;A01;1;2;0;2;1;5;1;
202300041346;155607276;C01;1;2;0;0;0;1;1;
202300041347;155607270;A01;1;31;0;2;1;2;3;
202300041347;155607272;B01;1;7;0;2;4;2;0;
202300041348;155607268;A01;1;31;0;2;3;3;1;
202300041348;155607269;B01;1;10;0;2;0;12;1;
202300041349;155607267;A01;2;7;3;0;1;1;1;
202300041350;155607266;A01;1;37;0;1;2;1;4;1.0
202300041351;155607265;A01;3;7;2;0;1;15;1;
202300041352;155607263;A01;1;32;0;2;1;1;1;
202300041352;155607264;B01;1;7;0;2;0;23;3;
202300041353;155607262;A01;1;7;2;0;3;13;1;
202300041354;155607260;A01;1;7;0;2;4;1;2;
202300041354;155607261;B01;1;7;0;2;1;1;3;
202300041355;155607258;A01;3;7;0;2;2;12;1;
202300041355;155607259;B01;3;33;0;2;3;1;1;
202300041356;155607255;Z01;0;80;0;2;1;19;3;
202300041356;155607256;B01;2;1;0;2;3;1;5;
202300041357;155607257;A01;0;7;0;1;2;1;1;
202300041358;155607253;B01;2;2;0;2;1;1;3;
202300041358;155607254;A01;3;7;0;2;3;9;1;
202300041359;155607251;A01;3;10;0;2;8;1;1;
202300041359;155607252;B01;1;10;0;2;1;17;1;
202300041360;155607249;A01;1;7;0;2;5;16;3;
202300041360;155607250;B01;1;2;0;2;3;1;1;
202300041361;155607247;A01;2;7;0;1;3;1;1;
202300041362;155607248;A01;2;7;0;1;0;1;0;
202300041363;155607245;A01;3;7;0;2;7;15;1;
202300041363;155607246;B01;3;31;0;2;1;1;3;
202300041364;155607244;A01;1;7;13;0;0;1;1;
202300041365;155607243;A01;1;30;9;0;7;14;1;
202300041366;155607240;C01;1;1;0;2;1;1;5;
202300041366;155607241;A01;2;7;1;2;1;20;2;
202300041367;155607239;B01;1;10;0;2;1;1;1;
202300041367;155607242;A01;2;7;0;2;3;15;1;
202300041368;155607237;B01;2;1;0;2;7;7;5;
202300041368;155607238;A01;1;7;0;2;1;9;1;
202300041369;155607235;A01;1;7;0;2;2;2;1;
202300041369;155607236;B01;1;2;0;2;6;15;1;
202300041370;155607233;B01;2;33;0;2;8;1;1;
202300041370;155607234;A01;1;7;0;2;2;15;1;
202300041371;155607231;B01;2;33;0;2;1;1;1;
202300041371;155607232;A01;2;7;0;2;6;19;1;
202300041372;155607230;A01;2;1;0;1;0;1;5;
202300041373;155607227;A01;1;31;0;0;1;1;1;
202300041374;155607228;A01;2;21;0;2;8;15;1;
202300041374;155607229;B01;2;2;0;2;7;17;1;
202300041375;155607225;B01;2;7;8;2;1;1;1;
202300041375;155607226;A01;2;50;16;2;2;19;3;
202300041376;155607224;A01;1;7;0;0;9;21;1;
202300041377;155607223;A01;3;80;0;0;0;23;3;
202300041378;155607222;A01;2;7;0;1;3;15;1;
202300041379;155607221;A01;2;7;2;0;3;1;1;
202300041380;155607219;B01;1;7;0;2;5;23;2;
202300041380;155607220;Z01;1;7;0;2;3;13;2;
202300041381;155607216;A01;2;10;0;2;4;4;1;
202300041381;155607217;Y01;2;1;0;2;4;23;5;
202300041382;155607215;A01;2;7;7;2;1;5;1;
202300041382;155607218;B01;1;7;0;2;3;1;1;
202300041383;155607212;A01;3;10;0;2;1;1;3;
202300041383;155607214;B01;3;7;0;2;8;1;0;
202300041384;155607211;A01;3;7;0;0;1;1;1;
202300041384;155607213;B01;2;7;0;0;7;1;1;
202300041385;155607210;A01;1;7;14;0;1;19;1;
202300041386;155607208;A01;3;2;1;0;2;1;1;
202300041387;155607207;A01;1;7;0;2;7;12;1;
202300041387;155607209;B01;1;34;0;2;8;3;1;
202300041388;155607205;A01;1;7;2;0;3;1;1;
202300041389;155607202;A01;3;7;0;2;1;1;1;
202300041389;155607203;B01;3;10;0;2;7;15;1;
202300041390;155607201;A01;3;7;10;0;2;1;1;
202300041391;155607198;A01;3;7;0;2;3;20;6;
202300041391;155607200;B01;3;33;0;2;7;2;6;
202300041392;155607197;A01;1;7;0;0;6;15;1;
202300041392;155607199;B01;1;33;0;2;1;17;1;
202300041393;155607195;A01;2;33;0;2;3;1;1;
202300041393;155607196;B01;3;7;0;2;5;19;1;
202300041394;155607194;A01;2;7;2;0;1;1;1;
202300041395;155607192;A01;3;7;0;2;3;16;1;
202300041395;155607193;B01;2;50;0;2;1;1;3;
202300041396;155607191;A01;0;7;0;1;5;26;1;
202300041397;155607190;A01;0;7;0;1;2;1;3;
202300041398;155607189;A01;1;7;0;1;3;26;1;
202300041399;155607187;A01;2;7;0;2;3;9;1;
202300041399;155607188;B01;1;10;0;2;1;1;1;
202300041400;155607185;A01;1;80;0;2;1;1;3;
202300041400;155607186;B01;1;7;0;2;3;23;1;
202300041401;155607182;B01;0;1;0;2;0;0;5;
202300041401;155607184;A01;0;50;0;2;2;11;3;
202300041402;155607181;B01;1;10;0;2;1;1;1;
202300041402;155607183;A01;1;7;11;2;6;19;1;
202300041403;155607177;A01;1;7;0;0;1;23;0;
202300041403;155607179;B01;1;33;1;2;0;0;0;
202300041403;155607180;C01;1;33;1;2;0;0;0;
202300041404;155607176;B01;0;0;0;9;0;0;0;
202300041404;155607178;A01;2;1;0;2;8;0;5;
202300041405;155607170;B01;1;50;1;0;1;0;3;
202300041405;155607172;A01;1;7;0;9;8;22;1;
202300041406;155607171;A01;1;7;0;2;8;1;2;
202300041406;155607173;B01;1;17;0;2;2;17;1;
202300041407;155607167;B01;3;7;0;2;8;1;1;
202300041407;155607169;A01;3;10;0;2;1;15;1;
202300041408;155607168;A01;1;14;0;0;0;2;1;
202300041409;155607165;A01;1;14;1;0;6;1;1;
202300041409;155607166;B01;1;7;0;2;0;0;0;
202300041410;155607164;A01;1;10;14;1;3;2;3;
202300041411;155607163;A01;2;7;15;0;2;1;1;
202300041412;155607161;A01;1;7;0;9;3;1;0;
202300041412;155607162;B01;1;1;0;2;1;1;5;
202300041413;155607158;B01;1;7;0;2;3;15;1;
202300041413;155607159;A01;1;31;0;2;1;17;1;
202300041414;155607157;A01;2;7;0;0;9;13;1;
202300041415;155607155;A01;1;7;0;2;4;16;1;
202300041415;155607156;B01;1;34;0;2;1;16;1;
202300041416;155607154;A01;3;33;0;0;8;0;1;
202300041417;155607153;A01;1;50;0;0;0;10;3;
202300041418;155607149;A01;1;31;0;2;1;1;1;
202300041418;155607152;B01;1;7;0;2;3;16;1;
202300041419;155607150;A01;2;7;0;0;8;13;1;
202300041419;155607151;B01;2;33;0;2;7;17;1;
202300041420;155607145;A01;3;30;0;2;3;1;1;
202300041420;155607147;B01;3;7;0;2;3;15;0;
202300041421;155607146;A01;2;33;0;2;1;1;1;
202300041421;155607148;B01;1;7;0;2;8;15;1;
202300041422;155607143;A01;1;2;6;0;1;13;1;
202300041423;155607142;B01;2;7;8;2;8;2;1;
202300041423;155607144;A01;3;7;0;2;1;15;1;
202300041424;155607140;B01;0;3;0;1;1;16;1;
202300041425;155607139;A01;0;7;0;2;3;0;1;
202300041425;155607141;B01;0;15;0;2;3;1;1;
202300041426;155607138;A01;1;7;8;0;3;13;1;
202300041427;155607135;A01;1;7;0;2;1;1;1;
202300041427;155607137;B01;2;38;0;2;3;26;1;24.0
202300041428;155607133;B01;3;10;0;2;3;9;1;
202300041428;155607134;A01;1;7;0;2;5;1;1;
202300041429;155607132;A01;0;7;13;0;9;1;0;
202300041430;155607130;A01;1;7;0;1;2;1;0;
202300041431;155607131;B01;1;7;0;2;3;1;1;
202300041431;155607136;A01;1;7;0;2;1;0;1;
202300041432;155607129;A01;2;7;8;0;1;1;0;
202300041433;155607127;A01;2;7;0;2;3;6;1;
202300041433;155607128;B01;2;31;0;2;8;1;1;
202300041434;155607126;A01;1;7;0;1;1;1;1;
202300041435;155607124;A01;3;33;0;0;7;21;0;
202300041436;155607125;A01;3;7;2;0;2;1;1;
202300041437;155607123;A01;3;7;6;0;1;1;1;
202300041438;155607122;A01;3;7;17;0;1;0;0;
202300041439;155607118;A01;2;7;0;2;1;5;1;
202300041439;155607119;B01;1;7;0;2;1;1;1;
202300041440;155607116;A01;2;2;0;0;8;1;1;
202300041441;155607117;A01;2;7;2;0;1;14;1;
202300041442;155607113;A01;1;33;0;2;0;1;1;
202300041442;155607114;B01;2;33;0;2;8;1;1;
202300041443;155607112;A01;1;33;0;2;1;5;1;
202300041443;155607115;B01;2;10;0;2;3;1;1;
202300041444;155607111;A01;1;7;8;0;1;17;1;
202300041445;155607110;A01;1;33;16;0;0;2;1;
202300041446;155607108;B01;0;7;1;0;1;2;1;
202300041446;155607109;A01;0;7;0;0;4;23;1;
202300041447;155607105;X01;2;7;0;2;6;1;0;
202300041447;155607106;A01;2;7;0;2;2;1;1;
202300041448;155607103;A01;1;7;0;2;4;2;1;
202300041448;155607104;B01;1;7;0;2;1;2;1;
202300041449;155607099;A01;1;7;0;2;1;1;1;
202300041449;155607100;B01;1;7;0;2;4;0;1;
202300041449;155607101;C01;1;7;0;2;2;0;1;
202300041449;155607102;D01;1;7;0;2;6;0;1;
202300041450;155607097;A01;1;10;0;2;6;11;1;
202300041450;155607098;B01;1;43;0;2;2;1;1;
202300041451;155607095;A01;3;7;0;2;1;1;1;
202300041451;155607096;B01;3;7;0;2;6;1;1;
202300041452;155607092;A01;2;10;0;2;1;1;1;
202300041452;155607093;B01;2;7;0;2;4;2;2;
202300041452;155607094;C01;2;7;0;2;4;2;2;
202300041453;155607090;A01;3;7;0;2;1;10;1;
202300041453;155607091;B01;3;34;0;2;7;1;0;
202300041454;155607087;B01;1;1;0;2;4;1;5;
202300041454;155607088;A01;1;31;0;2;1;1;1;
202300041455;155607085;A01;1;7;0;2;1;2;1;
202300041455;155607086;B01;1;7;0;2;4;24;1;
202300041455;155607089;C01;1;7;0;2;1;2;1;
202300041456;155607084;A01;2;7;0;1;2;1;1;
202300041457;155607083;A01;1;7;6;0;1;1;1;
202300041458;155607081;B01;1;33;0;2;0;3;1;
202300041458;155607082;A01;1;10;0;2;0;1;3;
202300041459;155607080;A01;1;10;4;0;1;13;1;
202300041460;155607076;B01;1;32;0;2;6;1;1;
202300041460;155607079;A01;1;7;0;2;2;12;1;
202300041461;155607075;A01;1;7;0;2;1;2;1;
202300041461;155607077;B01;1;10;0;2;4;2;1;
202300041461;155607078;C01;1;7;0;0;4;2;1;
202300041462;155607073;B01;1;50;14;2;1;21;3;
202300041462;155607074;A01;2;34;0;2;1;1;1;
202300041463;155607072;A01;2;7;4;2;1;26;1;
202300041464;155607070;A01;1;7;4;0;1;13;1;
202300041465;155607068;A01;1;32;1;2;1;1;1;
202300041465;155607069;B01;1;7;0;2;3;1;1;
202300041465;155607071;Z01;1;32;0;0;0;23;0;
202300041466;155607067;A01;2;7;3;0;8;13;1;
202300041467;155607066;A01;2;99;12;0;1;2;0;
202300041468;155607063;C01;2;7;0;2;4;1;1;
202300041468;155607064;A01;1;7;0;2;2;1;1;
202300041468;155607065;B01;1;7;0;2;4;1;1;
202300041469;155607061;B01;1;33;0;2;3;1;1;
202300041469;155607062;A01;1;7;0;2;2;12;2;
202300041470;155607060;A01;1;7;14;0;0;0;1;
202300041471;155607058;B01;3;1;0;2;1;1;5;
202300041471;155607059;A01;3;80;0;2;8;11;3;
202300041472;155607057;A01;2;7;4;0;3;15;1;
202300041473;155607056;A01;2;2;0;0;8;1;1;
202300041474;155607055;A01;2;7;4;0;3;16;1;
202300041475;155607053;A01;1;50;0;2;1;1;3;
202300041475;155607054;B01;1;7;14;2;2;1;1;
202300041476;155607052;A01;1;7;4;0;1;2;1;
202300041477;155607049;A01;2;33;0;2;0;0;1;
202300041478;155607050;A01;1;7;0;2;2;15;1;
202300041478;155607051;B01;2;34;0;2;1;1;1;
202300041479;155607046;A01;3;10;0;1;3;2;1;
202300041480;155607047;A01;2;7;0;2;3;11;1;
202300041480;155607048;B01;2;31;0;2;2;2;1;
202300041481;155607044;A01;1;7;5;0;1;1;1;
202300041482;155607045;A01;3;34;0;0;-1;1;0;
202300041483;155607043;A01;2;31;0;0;0;1;1;
202300041484;155607041;A01;1;33;1;2;8;14;1;
202300041484;155607042;B01;1;7;0;2;2;9;1;
202300041485;155607038;A01;0;33;0;0;0;1;1;
202300041486;155607036;B01;2;7;0;2;4;1;1;
202300041486;155607037;C01;2;7;0;2;7;1;1;
202300041486;155607039;D01;2;7;0;2;4;1;1;
202300041486;155607040;A01;2;7;0;2;3;11;1;
202300041487;155607035;Z01;3;10;0;1;3;1;0;
202300041488;155607033;A01;2;7;0;2;2;15;1;
202300041488;155607034;B01;1;30;0;2;1;1;1;
202300041489;155607032;A01;3;10;0;1;1;15;1;
202300041490;155607030;A01;2;7;0;2;3;0;1;
202300041490;155607031;B01;1;33;0;2;8;1;1;
202300041491;155607028;A01;1;7;0;2;7;17;0;
202300041491;155607029;B01;1;50;0;2;1;1;3;
202300041492;155607027;A01;3;7;0;0;2;15;1;
202300041493;155607025;A01;2;10;0;0;3;22;0;
202300041493;155607026;B01;2;1;1;0;1;17;5;
202300041494;155607024;A01;0;1;0;9;1;1;5;
202300041495;155607021;C01;0;15;0;2;0;21;1;
202300041495;155607022;A01;0;7;0;2;3;17;1;
202300041495;155607023;B01;0;7;0;2;3;0;1;
202300041496;155607020;A01;1;50;1;0;0;1;3;
202300041497;155607017;A01;1;33;6;2;7;0;1;
202300041497;155607018;B01;1;10;6;2;8;9;1;
202300041498;155607016;B01;3;37;0;2;1;1;1;7.0
202300041498;155607019;A01;3;7;0;2;7;1;1;
202300041499;155607015;A01;1;7;9;1;1;21;1;
202300041500;155607013;A01;2;7;0;1;2;26;1;
202300041501;155607012;A01;0;50;0;2;1;1;3;
202300041501;155607014;B01;3;7;0;2;8;1;1;
202300041502;155607009;A01;3;7;0;2;1;9;1;
202300041502;155607010;B01;2;33;0;2;1;1;1;
202300041503;155607008;A01;1;7;0;2;8;19;1;
202300041503;155607011;B01;1;30;0;2;1;1;1;
202300041504;155607005;A01;3;7;0;2;1;15;1;
202300041504;155607007;B01;1;31;0;2;7;1;1;
202300041505;155607004;A01;1;7;0;0;3;1;1;
202300041506;155607002;A01;1;1;0;2;3;1;5;
202300041506;155607003;B01;2;99;0;9;3;1;1;
202300041507;155607001;Z01;3;7;0;1;1;1;0;
202300041508;155606999;A01;1;7;0;2;1;2;1;
202300041508;155607000;B01;1;7;7;0;4;1;1;
202300041509;155606997;A01;1;7;0;2;5;15;1;
202300041509;155606998;B01;2;33;0;2;1;1;1;
202300041510;155606995;A01;1;7;0;2;3;13;1;
202300041510;155606996;B01;2;7;0;2;6;1;1;
202300041511;155606994;A01;0;7;12;0;1;11;1;
202300041512;155606985;A01;2;7;0;2;0;23;0;
202300041512;155606986;C01;2;7;0;2;0;1;1;
202300041512;155606987;D01;2;7;0;2;4;21;1;
202300041512;155606989;B01;2;7;0;2;0;0;1;
202300041512;155606990;E01;2;7;0;2;4;26;1;
202300041512;155606992;F01;2;17;0;2;6;1;1;
202300041512;155606993;G01;2;7;4;2;2;21;1;
202300041513;155606984;B01;2;7;0;2;3;15;1;
202300041513;155606988;A01;2;7;0;2;5;2;1;
202300041514;155606983;A01;1;7;13;0;6;1;1;
202300041515;155606982;A01;3;7;1;1;3;13;1;
202300041516;155606980;A01;3;33;12;0;1;0;1;
202300041517;155606978;B01;2;7;0;2;3;26;1;
202300041517;155606979;A01;1;7;0;2;3;26;1;
202300041518;155606977;A01;3;15;0;1;5;4;1;
202300041519;155606976;A01;1;7;0;1;1;15;1;
202300041520;155606974;A01;2;7;0;2;3;13;1;
202300041520;155606975;B01;1;7;0;2;3;1;0;
202300041521;155606968;C01;2;7;0;2;8;1;1;
202300041521;155606970;D01;2;7;0;2;8;1;1;
202300041521;155606971;B01;1;15;0;2;3;1;1;
202300041521;155606972;A01;2;10;0;2;3;13;1;
202300041522;155606967;A01;1;7;0;2;2;0;1;
202300041522;155606969;B01;2;7;0;2;1;0;1;
202300041523;155606966;A01;2;1;0;0;8;1;5;
202300041524;155606963;A01;2;7;0;2;3;26;1;
202300041524;155606965;B01;2;30;0;2;2;1;1;
202300041525;155606962;B01;2;7;7;2;3;1;1;
202300041525;155606964;A01;1;7;0;2;2;9;1;
202300041526;155606959;A01;2;7;0;2;3;9;1;
202300041526;155606961;B01;1;7;0;2;2;1;1;
202300041527;155606958;A01;3;38;0;9;5;15;1;1.0
202300041527;155606960;B01;0;1;0;2;1;25;5;
202300041528;155606956;B01;3;1;0;2;1;1;5;
202300041528;155606957;A01;3;50;0;2;8;1;3;
202300041529;155606954;A01;2;10;0;0;6;22;1;
202300041530;155606952;A01;1;33;9;0;1;1;1;
202300041531;155606951;A01;0;7;0;2;1;9;1;
202300041531;155606953;B01;0;31;0;2;0;0;1;
202300041532;155606949;A01;2;7;0;9;4;4;1;
202300041532;155606950;B01;1;1;0;2;1;1;5;
202300041533;155606946;A01;1;1;0;2;3;2;5;
202300041534;155606945;A01;2;1;0;2;3;2;5;
202300041535;155606941;C01;3;7;0;5;1;1;1;
202300041535;155606943;A01;3;7;0;5;1;1;0;
202300041535;155606944;B01;3;7;0;5;3;1;0;
202300041536;155606939;A01;2;7;0;2;0;5;1;
202300041536;155606940;B01;1;10;0;2;1;0;1;
202300041537;155606937;A01;1;7;0;9;3;15;1;
202300041537;155606938;B01;1;1;0;2;1;0;5;
202300041538;155606933;A01;1;7;0;2;1;2;1;
202300041538;155606934;B01;1;2;0;2;4;2;1;
202300041539;155606932;C01;2;10;0;2;2;1;1;
202300041539;155606935;A01;1;7;0;2;1;13;1;
202300041539;155606936;B01;2;7;0;2;1;1;1;
202300041540;155606931;A01;3;36;13;0;3;21;1;
202300041541;155606929;A01;3;7;0;2;1;18;1;
202300041541;155606930;B01;3;1;0;2;4;16;5;
202300041542;155606928;A01;1;1;0;0;0;1;5;
202300041543;155606925;A01;3;7;2;0;3;0;1;
202300041544;155606926;A01;1;7;0;2;1;9;1;
202300041544;155606927;B01;2;30;0;2;7;26;3;
202300041545;155606922;A01;3;7;0;2;1;1;1;
202300041545;155606924;B01;2;1;0;2;1;19;5;
202300041546;155606921;A01;0;7;0;0;0;0;0;
202300041546;155606923;B01;0;7;0;0;0;0;1;
202300041547;155606918;A01;3;3;14;2;2;17;1;
202300041548;155606919;B01;1;7;8;0;4;2;1;
202300041548;155606920;A01;1;14;0;2;1;2;1;
202300041549;155606913;A01;1;7;0;2;1;9;1;
202300041549;155606915;B01;1;7;0;2;7;1;1;
202300041550;155606914;B01;1;1;0;2;1;1;5;
202300041550;155606916;A01;2;7;0;9;2;15;1;
202300041551;155606910;B01;2;7;0;2;1;2;1;
202300041551;155606912;A01;2;10;0;0;3;15;1;
202300041552;155606908;C01;3;7;0;2;4;2;1;
202300041552;155606909;A01;3;7;0;2;1;2;1;
202300041552;155606911;B01;3;7;0;2;4;2;1;
202300041553;155606906;A01;1;2;0;2;2;26;1;
202300041553;155606907;B01;2;7;0;2;1;1;1;
202300041554;155606905;A01;3;7;4;0;1;0;0;
202300041555;155606903;A01;3;30;0;2;1;1;1;
202300041555;155606904;B01;3;10;0;2;3;1;1;
202300041556;155606901;A01;3;7;1;1;4;24;0;
202300041557;155606900;B01;2;2;0;2;7;1;1;
202300041557;155606902;A01;1;7;0;0;7;15;1;
202300041558;155606898;A01;2;15;0;1;2;1;1;
202300041559;155606897;A01;2;7;2;0;1;1;1;