Num_Acc;id_vehicule;num_veh;senc;catv;obs;obsm;choc;manv;motor;occutc
202300041560;155606896;A01;1;50;0;2;1;19;3;
202300041560;155606899;B01;2;7;0;2;3;1;1;
202300041561;155606895;A01;2;15;8;0;7;14;1;
202300041562;155606893;A01;1;7;0;2;2;1;1;
202300041562;155606894;B01;2;33;0;2;1;5;1;
202300041563;155606891;B01;1;10;0;2;3;13;1;
202300041563;155606892;A01;1;7;0;2;3;1;1;
202300041564;155606889;A01;3;33;1;0;1;0;1;
202300041564;155606890;B01;3;7;0;2;1;0;1;
202300041565;155606886;A01;1;7;0;2;3;1;1;
202300041565;155606887;B01;2;7;0;2;3;1;1;
202300041566;155606888;A01;1;37;12;1;7;7;2;1.0
202300041567;155606882;A01;2;7;3;2;2;17;1;
202300041567;155606884;B01;2;7;3;2;6;17;1;
202300041568;155606880;A01;1;13;0;2;1;1;1;
202300041568;155606881;B01;1;7;0;2;4;1;1;
202300041568;155606883;C01;1;7;0;2;4;1;1;
202300041568;155606885;D01;1;7;0;2;4;1;1;
202300041569;155606877;A01;1;7;13;0;2;1;1;
202300041570;155606878;A01;1;50;0;2;1;1;3;
202300041570;155606879;B01;1;7;0;2;8;26;0;
202300041571;155606875;B01;0;1;0;2;7;1;5;
202300041571;155606876;A01;0;31;0;2;1;1;1;
202300041572;155606874;A01;1;7;0;1;1;1;1;
202300041573;155606872;A01;0;7;0;2;1;13;1;
202300041573;155606873;B01;0;7;0;2;1;14;1;
202300041574;155606868;B01;1;1;0;0;4;1;5;
202300041574;155606870;A01;1;7;0;2;2;2;0;
202300041575;155606869;A01;3;7;0;2;8;10;1;
202300041575;155606871;B01;3;7;0;2;1;13;1;
202300041576;155606865;B01;2;1;0;2;3;15;5;
202300041576;155606867;A01;1;7;0;2;2;15;1;
202300041577;155606864;A01;1;7;0;2;1;9;1;
202300041577;155606866;B01;1;7;0;2;4;9;1;
202300041578;155606862;B01;2;33;0;2;1;9;1;
202300041578;155606863;A01;1;7;0;2;7;26;0;
202300041579;155606860;A01;1;10;0;2;1;15;1;
202300041579;155606861;B01;2;33;0;2;1;1;1;
202300041580;155606858;B01;1;31;0;2;1;16;1;
202300041580;155606859;A01;1;7;0;2;3;1;1;
202300041581;155606856;A01;2;40;0;1;3;1;3;
202300041582;155606855;A01;1;30;0;2;1;5;1;
202300041582;155606857;B01;2;7;0;2;3;1;1;
202300041583;155606853;A01;0;7;0;2;0;11;1;
202300041583;155606854;B01;0;30;0;2;8;0;3;
202300041584;155606852;A01;1;7;8;0;3;1;1;
202300041585;155606850;A01;1;7;0;1;2;1;1;
202300041586;155606849;A01;1;7;0;2;5;15;1;
202300041586;155606851;B01;2;7;0;2;2;1;1;
202300041587;155606847;B01;3;7;0;2;3;15;1;
202300041587;155606848;A01;3;2;0;2;1;1;1;
202300041588;155606846;A01;1;7;13;0;2;15;0;
202300041589;155606844;A01;2;33;8;0;1;1;1;
202300041590;155606843;A01;3;7;0;2;3;13;1;
202300041590;155606845;B01;3;13;12;2;8;1;1;
202300041591;155606841;A01;1;7;0;2;1;1;1;
202300041591;155606842;B01;0;7;0;2;8;9;1;
202300041592;155606839;A01;3;7;0;2;3;15;1;
202300041592;155606840;B01;3;2;0;2;1;1;1;
202300041593;155606838;A01;2;10;0;1;3;15;1;
202300041594;155606837;A01;2;7;0;1;2;2;1;
202300041595;155606833;A01;2;7;0;0;4;2;1;
202300041595;155606835;B01;2;7;0;2;4;2;1;
202300041595;155606836;C01;2;10;0;2;1;2;1;
202300041596;155606832;A01;2;32;0;2;5;1;1;
202300041596;155606834;B01;2;32;0;2;1;0;1;
202300041597;155606830;A01;2;10;0;2;4;1;1;
202300041597;155606831;B01;2;33;0;2;1;1;1;
202300041598;155606829;A01;1;7;0;1;8;15;1;
202300041599;155606826;A01;1;7;0;2;1;2;1;
202300041599;155606827;B01;1;7;0;2;4;2;1;
202300041599;155606828;C01;1;7;0;2;4;2;1;
202300041600;155606824;A01;3;7;0;2;1;13;1;
202300041600;155606825;B01;3;7;0;2;1;1;1;
202300041601;155606821;Z01;1;7;0;2;4;11;0;
202300041601;155606822;B01;1;33;0;2;1;1;1;
202300041601;155606823;C01;1;7;0;2;6;1;1;
202300041602;155606818;A01;1;7;0;2;3;14;1;
202300041602;155606819;B01;1;7;0;2;1;1;1;
202300041603;155606817;B01;2;7;0;9;4;2;0;
202300041603;155606820;A01;2;7;0;2;4;2;6;
202300041604;155606814;A01;2;10;0;2;1;2;1;
202300041604;155606815;B01;2;7;0;2;4;2;1;
202300041605;155606813;A01;1;2;0;1;1;1;1;
202300041606;155606810;A01;2;7;0;2;3;2;1;
202300041606;155606811;B01;2;7;0;2;5;2;1;
202300041606;155606812;C01;2;7;0;2;5;0;1;
202300041607;155606808;A01;1;32;0;0;7;21;1;
202300041608;155606804;B01;1;7;0;2;1;1;1;
202300041608;155606807;A01;1;7;0;2;1;1;6;
202300041608;155606809;C01;1;7;0;2;4;1;1;
202300041609;155606803;C01;1;14;0;2;4;1;1;
202300041609;155606805;B01;1;10;0;2;1;9;1;
202300041609;155606806;A01;1;14;0;2;1;1;1;
202300041610;155606800;B01;2;7;0;2;4;1;1;
202300041610;155606802;A01;2;7;0;2;1;2;1;
202300041611;155606799;Z01;1;7;0;2;8;1;0;
202300041611;155606801;A01;1;33;0;2;3;1;1;
202300041612;155606797;A01;1;10;0;2;4;2;1;
202300041612;155606798;B01;1;7;0;2;1;2;1;
202300041613;155606796;A01;1;1;14;0;1;1;5;
202300041614;155606795;A01;3;15;2;0;1;1;1;
202300041615;155606793;A01;3;7;0;1;0;2;3;
202300041616;155606792;A01;1;7;0;2;1;7;1;
202300041616;155606794;B01;1;1;0;2;4;7;5;
202300041617;155606789;A01;3;7;0;2;1;1;1;
202300041617;155606790;B01;3;7;0;2;5;23;1;
202300041618;155606787;B01;2;7;0;2;6;2;1;
202300041618;155606788;A01;2;7;0;2;1;2;1;
202300041619;155606784;A01;1;7;0;0;3;11;1;
202300041619;155606786;B01;1;2;0;2;2;1;1;
202300041620;155606783;B01;2;7;0;2;4;23;2;
202300041620;155606785;A01;2;7;0;2;1;1;1;
202300041621;155606781;A01;1;7;0;1;3;1;3;
202300041622;155606782;A01;2;32;12;0;1;14;3;
202300041623;155606778;B01;2;7;0;2;1;1;1;
202300041623;155606780;A01;1;1;0;2;1;15;5;
202300041624;155606777;A01;2;7;0;2;1;15;1;
202300041624;155606779;B01;2;34;0;2;1;1;1;
202300041625;155606774;A01;1;7;0;2;3;15;1;
202300041625;155606776;B01;2;31;0;2;1;1;3;
202300041626;155606770;C01;2;7;0;2;4;1;1;
202300041626;155606772;D01;2;7;0;2;0;1;1;
202300041626;155606773;B01;2;7;0;2;4;1;1;
202300041626;155606775;A01;2;7;0;2;1;1;1;
202300041627;155606769;A01;1;50;0;2;1;1;3;
202300041627;155606771;B01;2;7;0;2;3;1;1;
202300041628;155606768;A01;2;7;2;0;1;13;1;
202300041629;155606765;A01;1;7;2;2;9;26;1;
202300041630;155606766;B01;1;1;0;2;1;1;5;
202300041630;155606767;A01;1;1;0;2;8;1;5;
202300041631;155606763;A01;2;7;1;2;3;16;1;
202300041631;155606764;B01;1;33;1;2;7;1;1;
202300041632;155606760;B01;2;32;0;2;7;14;3;
202300041632;155606762;A01;2;7;0;2;3;1;1;
202300041633;155606758;A01;1;7;0;2;4;2;1;
202300041633;155606759;B01;1;7;0;2;9;2;1;
202300041633;155606761;C01;1;10;0;2;1;2;0;
202300041634;155606755;A01;2;10;0;2;4;12;0;
202300041634;155606756;B01;2;10;0;2;1;12;1;
202300041635;155606754;B01;2;7;0;2;1;1;1;
202300041635;155606757;A01;2;30;0;2;4;26;1;
202300041636;155606752;B01;1;7;0;2;1;13;1;
202300041636;155606753;A01;1;7;0;2;1;1;1;
202300041637;155606751;A01;0;0;0;1;1;0;0;
202300041638;155606749;A01;1;50;0;0;1;1;3;
202300041639;155606748;B01;3;10;0;2;2;1;2;
202300041639;155606750;A01;3;10;0;2;3;3;1;
202300041640;155606747;A01;1;32;0;2;7;1;1;
202300041641;155606746;A01;3;50;0;1;1;25;3;
202300041642;155606745;A01;2;30;0;0;0;0;1;
202300041643;155606740;A01;1;7;0;2;8;15;1;
202300041643;155606742;B01;1;32;0;2;1;1;1;
202300041644;155606739;A01;2;7;0;2;5;15;1;
202300041644;155606741;B01;1;2;0;2;7;21;1;
202300041645;155606738;A01;1;7;6;0;1;1;1;
202300041646;155606735;A01;3;30;0;2;1;18;1;
202300041646;155606737;B01;3;7;0;0;7;16;1;
202300041647;155606734;A01;0;7;0;2;2;1;1;
202300041647;155606736;B01;0;7;0;2;8;16;1;
202300041648;155606733;Z01;3;30;0;1;1;25;0;
202300041649;155606731;A01;2;50;0;0;7;1;3;
202300041650;155606729;A01;3;7;0;2;6;10;0;
202300041650;155606732;B01;3;34;0;2;1;1;0;
202300041651;155606728;A01;1;30;0;2;2;1;0;
202300041651;155606730;B01;1;10;0;2;3;15;1;
202300041652;155606726;B01;1;1;0;2;1;1;5;
202300041652;155606727;A01;1;7;0;2;1;15;1;
202300041653;155606723;B01;3;33;0;2;1;3;1;
202300041653;155606724;A01;3;7;0;2;3;9;1;
202300041654;155606722;A01;2;7;0;2;1;1;1;
202300041655;155606721;A01;1;7;13;0;2;14;1;
202300041656;155606720;A01;1;33;0;1;1;0;1;
202300041657;155606718;A01;3;7;0;2;1;1;1;
202300041657;155606719;B01;3;7;0;2;0;0;1;
202300041658;155606717;A01;2;7;6;0;1;1;1;
202300041659;155606715;A01;2;31;0;2;1;11;1;
202300041659;155606716;B01;2;7;0;2;2;1;1;
202300041660;155606714;A01;1;33;16;0;0;14;1;
202300041661;155606712;A01;1;7;6;0;3;13;1;
202300041662;155606710;A01;2;7;4;0;1;15;1;
202300041663;155606709;C01;2;33;0;2;1;1;1;
202300041663;155606711;A01;1;7;0;2;4;15;1;
202300041663;155606713;B01;1;10;0;2;1;1;1;
202300041664;155606708;A01;2;7;8;0;2;14;1;
202300041665;155606707;A01;3;7;0;1;0;20;1;
202300041666;155606704;A01;1;32;0;2;1;17;1;
202300041666;155606705;C01;1;7;0;2;4;1;1;
202300041666;155606706;B01;1;7;0;2;3;2;1;
202300041667;155606703;A01;1;7;6;0;1;1;1;
202300041668;155606701;A01;1;7;6;0;3;13;1;
202300041669;155606700;A01;2;7;0;2;4;1;3;
202300041669;155606702;B01;2;7;0;2;1;1;1;
202300041670;155606699;A01;3;7;0;0;0;0;1;
202300041671;155606698;A01;1;7;13;0;9;1;1;
202300041672;155606696;B01;1;7;0;2;4;2;1;
202300041672;155606697;A01;1;33;0;2;1;2;1;
202300041673;155606695;A01;1;7;0;0;9;1;1;
202300041674;155606692;B01;3;7;0;2;0;0;1;
202300041674;155606694;A01;3;33;0;2;0;0;1;
202300041675;155606691;B01;1;1;0;2;7;1;5;
202300041675;155606693;A01;2;7;0;2;3;9;3;
202300041676;155606690;A01;1;7;13;0;2;1;0;
202300041677;155606689;A01;3;2;0;0;1;1;1;
202300041678;155606687;A01;1;7;12;0;1;1;1;
202300041679;155606685;A01;1;21;0;2;1;15;1;
202300041679;155606688;B01;1;2;0;2;8;1;3;
202300041680;155606684;B01;2;7;0;2;3;15;1;
202300041680;155606686;A01;2;2;0;2;1;17;1;
202300041681;155606681;A01;1;10;0;2;2;16;0;
202300041681;155606683;B01;1;2;0;2;3;0;1;
202300041682;155606680;B01;1;7;0;2;1;1;1;
202300041682;155606682;A01;1;7;0;2;7;1;1;
202300041683;155606679;A01;1;36;13;0;3;1;1;
202300041684;155606678;A01;1;7;13;0;2;14;1;
202300041685;155606677;A01;1;33;0;0;7;2;1;
202300041686;155606673;A01;2;33;0;2;1;17;1;
202300041686;155606675;B01;2;7;0;2;1;15;1;
202300041687;155606671;A01;2;7;8;0;8;1;1;
202300041688;155606672;A01;2;7;0;2;1;15;1;
202300041688;155606674;B01;1;7;9;2;1;1;1;
202300041689;155606669;A01;1;7;0;2;3;13;1;
202300041689;155606670;B01;1;7;0;2;8;1;1;
202300041690;155606668;A01;2;7;6;0;8;1;1;
202300041691;155606667;A01;2;10;7;0;1;1;1;
202300041692;155606666;A01;2;7;0;1;4;4;1;
202300041693;155606665;A01;2;7;3;0;3;11;1;
202300041694;155606662;A01;0;7;14;0;1;1;1;
202300041694;155606664;B01;0;7;0;2;4;23;1;
202300041695;155606661;B01;2;33;0;2;0;0;0;
202300041695;155606663;A01;3;7;0;2;5;26;1;
202300041696;155606658;A01;2;7;12;0;9;14;1;
202300041697;155606657;A01;1;7;0;2;3;1;1;
202300041697;155606660;B01;2;7;0;2;3;1;1;
202300041698;155606656;A01;1;1;0;2;3;1;5;
202300041698;155606659;B01;1;7;0;2;3;23;1;
202300041699;155606653;A01;1;7;0;0;9;2;1;
202300041700;155606652;A01;1;7;0;2;1;19;1;
202300041700;155606655;B01;1;7;0;2;1;1;0;
202300041701;155606651;A01;3;7;0;2;1;1;1;
202300041701;155606654;C01;3;50;0;2;6;19;3;
202300041702;155606649;A01;3;32;0;1;3;13;1;
202300041703;155606645;B01;2;7;0;2;4;2;1;
202300041703;155606648;A01;3;7;0;2;1;2;1;
202300041703;155606650;C01;2;7;0;2;4;2;1;
202300041704;155606643;A01;2;7;0;2;3;0;1;
202300041704;155606646;B01;1;33;0;2;4;21;1;
202300041704;155606647;C01;1;33;0;2;1;1;1;
202300041705;155606641;A01;1;33;11;0;8;1;1;
202300041706;155606638;B01;1;7;0;2;1;1;1;
202300041706;155606640;A01;1;7;0;2;4;12;1;
202300041707;155606639;A01;2;7;9;0;1;1;1;
202300041708;155606637;A01;1;7;2;0;1;2;3;
202300041709;155606634;MA01;1;7;0;2;8;9;0;
202300041709;155606636;B01;1;10;0;2;1;2;1;
202300041710;155606633;B01;2;7;0;2;7;0;1;
202300041710;155606635;A01;1;7;0;2;1;9;1;
202300041711;155606631;A01;2;7;2;0;1;16;1;
202300041712;155606628;A01;3;7;2;5;1;14;0;
202300041713;155606627;A01;0;7;0;2;1;13;1;
202300041713;155606630;B01;0;7;0;2;1;1;1;
202300041714;155606626;A01;1;7;0;2;1;1;1;
202300041714;155606629;B01;1;3;0;2;4;23;1;
202300041715;155606622;A01;1;7;0;2;3;13;1;
202300041715;155606624;B01;2;7;0;0;3;1;1;
202300041716;155606621;A01;3;7;0;2;1;15;1;
202300041716;155606625;B01;1;33;0;2;0;0;1;
202300041717;155606620;A01;1;7;0;2;1;15;1;
202300041717;155606623;B01;1;7;0;2;1;1;1;
202300041718;155606618;B01;3;7;0;2;1;1;1;
202300041718;155606619;A01;3;10;0;2;1;5;1;
202300041719;155606616;A01;1;7;0;2;3;16;1;
202300041719;155606617;B01;1;7;0;2;3;1;1;
202300041720;155606614;A01;1;33;0;2;7;1;1;
202300041720;155606615;Z01;1;7;0;2;6;1;1;
202300041721;155606613;A01;1;7;0;1;1;16;1;
202300041722;155606611;A01;1;7;0;1;1;1;1;
202300041723;155606610;A01;1;33;0;0;0;1;1;
202300041724;155606609;A01;2;33;3;2;2;1;1;
202300041724;155606612;B01;1;7;0;2;2;1;1;
202300041725;155606608;A01;3;7;9;0;1;0;1;
202300041726;155606604;A01;2;0;0;1;0;0;0;
202300041727;155606606;B01;3;1;0;2;7;0;5;
202300041727;155606607;A01;2;7;0;2;0;0;0;
202300041728;155606602;C01;3;7;0;2;3;1;1;
202300041728;155606603;B01;3;7;0;2;8;1;1;
202300041728;155606605;A01;3;7;0;2;2;6;1;
202300041729;155606600;A01;1;33;0;0;7;1;1;
202300041730;155606599;B01;0;10;0;2;8;1;1;
202300041730;155606601;A01;0;15;0;2;2;1;1;
202300041731;155606596;A01;1;33;0;2;1;3;1;
202300041731;155606597;B01;1;10;0;2;4;2;1;
202300041732;155606595;A01;2;7;0;2;4;1;1;
202300041732;155606598;B01;1;7;0;2;1;1;1;
202300041733;155606594;A01;3;1;8;0;1;1;5;
202300041734;155606590;B01;2;7;0;2;4;2;1;
202300041734;155606592;A01;2;7;0;2;1;2;1;
202300041735;155606589;A01;2;7;1;0;2;14;1;
202300041735;155606593;B01;2;15;0;0;6;24;1;
202300041736;155606588;A01;1;30;0;0;3;1;1;
202300041737;155606587;A01;1;7;0;2;8;15;1;
202300041737;155606591;B01;2;2;0;2;1;1;1;
202300041738;155606583;B01;1;2;0;2;1;21;1;
202300041738;155606584;A01;2;7;0;2;7;15;1;
202300041739;155606585;B01;3;7;0;2;1;5;1;
202300041739;155606586;A01;3;7;0;2;1;2;1;
202300041740;155606581;A01;3;30;0;2;1;15;1;
202300041740;155606582;B01;3;7;0;2;3;2;1;
202300041741;155606580;Z01;2;2;0;1;1;1;1;
202300041742;155606577;A01;3;7;6;0;3;4;1;
202300041743;155606578;A01;1;7;3;2;0;17;1;
202300041743;155606579;B01;1;7;3;2;0;12;1;
202300041744;155606576;A01;1;7;0;1;1;0;1;
202300041745;155606574;B01;3;1;0;2;3;15;5;
202300041745;155606575;A01;3;32;0;2;1;1;1;
202300041746;155606573;A01;2;7;0;0;0;1;1;
202300041747;155606571;A01;3;7;0;2;1;2;6;
202300041747;155606572;B01;3;7;0;2;4;2;1;
202300041748;155606569;A01;2;7;13;0;1;1;1;
202300041749;155606568;A01;2;7;8;0;1;14;1;
202300041750;155606570;A01;3;1;0;1;1;1;5;
202300041751;155606566;A01;1;10;0;1;2;1;1;
202300041752;155606562;A01;2;7;0;2;2;14;1;
202300041752;155606564;B01;2;7;0;2;6;2;2;
202300041753;155606561;A01;1;50;0;2;7;5;3;
202300041753;155606563;B01;2;7;0;2;1;9;1;
202300041754;155606565;A01;1;7;0;9;2;17;1;
202300041754;155606567;B01;1;1;0;2;4;15;5;
202300041755;155606557;A01;2;7;0;0;1;13;1;
202300041755;155606559;B01;1;14;0;2;1;1;1;
202300041756;155606556;A01;1;30;0;2;1;5;1;
202300041756;155606558;B01;2;10;0;2;1;1;1;
202300041757;155606555;A01;2;7;0;2;2;15;1;
202300041757;155606560;B01;1;7;0;2;3;1;2;
202300041758;155606553;B01;3;32;0;2;1;1;1;
202300041758;155606554;A01;3;7;0;2;2;15;1;
202300041759;155606549;B01;1;10;0;2;3;1;1;
202300041759;155606551;A01;2;50;0;2;7;2;3;
202300041760;155606550;B01;0;80;0;2;8;1;5;
202300041760;155606552;A01;1;7;0;2;2;19;1;
202300041761;155606547;A01;1;7;1;0;3;1;1;
202300041762;155606546;A01;2;7;0;2;1;15;1;
202300041762;155606548;B01;1;7;0;2;3;2;1;
202300041763;155606545;A01;2;7;6;0;3;14;1;
202300041764;155606539;A01;1;10;0;2;8;22;1;
202300041764;155606540;B01;1;33;0;2;1;3;1;
202300041764;155606542;C01;1;7;0;2;2;1;1;
202300041764;155606543;D01;1;7;0;2;5;1;1;
202300041764;155606544;E01;1;7;0;2;6;1;1;
202300041765;155606538;B01;1;7;0;2;8;19;1;
202300041765;155606541;A01;1;7;0;2;1;1;1;
202300041766;155606535;A01;3;99;0;0;1;5;1;
202300041766;155606537;B01;3;7;0;0;2;1;1;
202300041767;155606536;A01;1;37;0;1;2;7;1;1.0
202300041768;155606534;A01;3;30;1;2;1;18;1;
202300041769;155606533;A01;2;10;0;1;4;4;1;
202300041770;155606530;B01;2;7;0;2;8;1;1;
202300041770;155606531;A01;1;7;0;2;1;13;1;
202300041771;155606529;A01;2;7;0;2;8;17;1;
202300041771;155606532;B01;2;33;2;2;7;17;1;
202300041772;155606528;Z01;2;50;0;1;1;1;3;
202300041773;155606526;A01;2;7;0;2;4;1;1;
202300041773;155606527;B01;1;7;0;2;4;1;1;
202300041774;155606524;A01;0;10;0;1;1;1;1;
202300041775;155606523;B01;1;7;0;2;3;1;1;
202300041775;155606525;A01;1;1;0;2;6;12;5;
202300041776;155606522;A01;3;7;0;1;1;1;1;
202300041777;155606520;A01;3;7;0;0;7;15;3;
202300041778;155606521;A01;1;7;3;0;1;14;1;
202300041779;155606516;A01;2;7;0;2;2;15;1;
202300041779;155606518;B01;1;1;0;2;1;1;5;
202300041780;155606517;A01;1;7;6;0;1;1;1;
202300041781;155606515;A01;3;7;0;2;3;16;1;
202300041781;155606519;B01;0;7;0;2;5;0;2;
202300041782;155606513;A01;1;31;0;0;8;21;1;
202300041783;155606510;C01;2;7;14;2;1;1;1;
202300041783;155606512;B01;2;7;14;2;4;1;1;
202300041783;155606514;A01;2;7;14;2;4;1;1;
202300041784;155606511;A01;2;7;0;1;7;2;1;
202300041785;155606506;A01;2;7;8;2;3;1;0;
202300041785;155606508;B01;2;7;0;2;2;19;1;
202300041786;155606503;A01;1;10;0;2;1;2;1;
202300041786;155606505;B01;1;7;0;2;4;2;1;
202300041786;155606509;C01;1;7;0;2;4;2;1;
202300041787;155606502;A01;1;33;1;0;1;1;1;
202300041788;155606501;A01;2;7;0;2;1;17;1;
202300041788;155606504;B01;1;7;0;2;3;1;1;
202300041788;155606507;C01;1;7;0;2;1;1;1;
202300041789;155606498;A01;1;7;0;2;1;2;1;
202300041789;155606499;B01;1;33;0;2;4;2;1;
202300041790;155606496;B01;2;7;0;0;8;1;1;
202300041790;155606500;A01;1;7;0;2;2;9;1;
202300041791;155606495;B01;1;13;0;2;1;2;1;
202300041791;155606497;A01;1;7;0;2;4;2;1;
202300041792;155606494;A01;1;31;0;1;1;1;1;
202300041793;155606490;A01;2;32;0;1;2;1;1;
202300041794;155606491;A01;3;7;0;2;1;13;0;
202300041794;155606493;B01;3;1;0;2;4;1;5;
202300041795;155606486;A01;2;7;0;2;1;1;0;
202300041795;155606488;B01;2;2;0;2;8;19;0;
202300041796;155606487;A01;2;7;0;2;1;2;1;
202300041796;155606489;B01;2;7;0;2;4;2;1;
202300041796;155606492;C01;2;7;0;2;4;2;2;
202300041797;155606485;A01;1;7;16;0;0;13;6;
202300041798;155606482;B01;2;1;0;2;1;2;5;
202300041798;155606484;A01;2;14;0;0;5;2;1;
202300041799;155606478;A01;2;7;13;0;3;0;1;
202300041800;155606479;B01;1;7;0;2;1;2;0;
202300041800;155606481;A01;1;30;0;2;4;2;1;
202300041801;155606480;B01;1;7;0;2;4;2;1;
202300041801;155606483;A01;1;7;0;2;1;11;1;
202300041802;155606475;A01;1;7;0;2;3;13;1;
202300041802;155606476;B01;2;7;0;2;1;1;1;
202300041803;155606473;A01;1;7;0;0;4;15;1;
202300041803;155606477;B01;1;31;0;2;1;17;1;
202300041804;155606472;A01;3;10;0;1;4;20;1;
202300041805;155606471;Z01;2;15;0;0;0;0;0;
202300041805;155606474;A01;2;7;3;2;1;1;1;
202300041806;155606467;B01;0;7;0;2;3;1;1;
202300041806;155606470;A01;0;7;0;2;1;1;1;
202300041807;155606469;A01;2;33;13;0;3;26;1;
202300041808;155606468;A01;1;33;9;0;9;26;0;
202300041809;155606466;A01;2;7;4;0;3;1;1;
202300041810;155606461;A01;1;7;0;2;1;17;1;
202300041810;155606463;B01;1;7;0;2;3;15;1;
202300041810;155606465;C01;2;10;0;2;1;1;1;
202300041811;155606460;A01;3;33;0;2;1;1;1;
202300041811;155606464;B01;3;31;0;2;1;1;1;
202300041812;155606459;A01;2;7;0;2;1;1;0;
202300041812;155606462;B01;3;7;0;2;3;1;0;
202300041813;155606458;A01;2;7;0;0;9;19;1;
202300041814;155606456;A01;2;10;0;0;0;13;1;
202300041815;155606454;A01;1;7;0;2;6;15;6;
202300041815;155606457;B01;2;2;0;2;1;2;6;
202300041816;155606453;A01;1;7;0;2;3;23;1;
202300041816;155606455;B01;1;33;0;2;2;2;1;
202300041817;155606450;A01;1;2;0;0;8;1;1;
202300041818;155606449;A01;2;99;3;0;1;1;1;
202300041819;155606447;A01;3;7;2;0;3;1;1;
202300041820;155606446;A01;2;7;0;2;1;2;1;
202300041820;155606448;B01;2;7;0;2;4;23;1;
202300041820;155606451;C01;2;7;0;2;4;23;1;
202300041820;155606452;D01;2;7;0;2;4;23;1;
202300041821;155606442;B01;1;7;0;2;5;2;1;
202300041821;155606445;A01;1;7;13;2;1;2;1;
202300041822;155606443;A01;1;32;0;0;8;3;1;
202300041823;155606440;A01;1;1;0;2;3;13;5;
202300041823;155606444;B01;2;7;0;2;3;1;1;
202300041824;155606438;A01;1;33;0;0;8;3;1;
202300041825;155606436;B01;0;33;0;2;0;1;1;
202300041825;155606439;A01;3;7;0;2;3;15;1;
202300041826;155606435;C01;2;7;0;2;4;1;1;
202300041826;155606437;A01;2;7;0;2;1;2;1;
202300041826;155606441;B01;2;7;0;2;4;2;1;
202300041827;155606433;A01;1;7;4;0;3;13;1;
202300041828;155606434;A01;1;33;0;1;1;1;1;
202300041829;155606429;C01;1;7;0;9;2;17;2;
202300041829;155606431;A01;2;17;4;0;1;1;1;
202300041829;155606432;B01;1;7;0;9;3;1;1;
202300041830;155606427;A01;1;7;13;0;9;1;1;
202300041831;155606428;Z01;2;80;0;1;1;1;3;
202300041832;155606426;B01;1;10;0;2;5;12;1;
202300041832;155606430;A01;1;7;1;0;2;1;1;
202300041833;155606425;A01;1;10;4;0;8;19;1;
202300041834;155606419;B01;3;34;0;2;8;9;1;
202300041834;155606422;A01;1;7;0;2;5;12;1;
202300041835;155606420;A01;0;33;0;2;6;19;1;
202300041835;155606424;B01;1;2;0;2;1;1;1;
202300041836;155606418;B01;2;32;0;2;2;1;1;
202300041836;155606421;A01;1;7;0;2;5;15;1;
202300041837;155606416;A01;2;7;0;2;1;21;1;
202300041837;155606423;B01;2;7;0;2;5;1;1;
202300041838;155606414;A01;1;7;0;1;2;1;1;
202300041839;155606415;A01;2;33;8;0;1;1;1;
202300041840;155606413;A01;2;7;0;2;7;19;0;
202300041840;155606417;B01;2;33;0;2;1;1;0;
202300041841;155606412;A01;2;7;4;0;1;21;1;
202300041842;155606408;B01;1;32;0;2;1;17;1;
202300041842;155606410;A01;1;7;0;2;1;9;1;
202300041843;155606409;A01;2;33;0;2;1;1;1;
202300041843;155606411;B01;2;7;0;2;3;19;1;
202300041844;155606406;A01;3;2;0;2;1;1;1;
202300041844;155606407;B01;2;7;0;2;7;1;1;
202300041845;155606401;B01;2;7;0;2;4;2;1;
202300041845;155606405;A01;2;7;0;2;1;2;1;
202300041846;155606400;A01;2;7;13;0;2;1;1;
202300041847;155606399;A01;1;7;0;2;3;22;1;
202300041847;155606403;B01;1;1;0;2;1;1;5;
202300041848;155606398;A01;1;33;0;0;0;1;1;
202300041849;155606396;A01;2;31;0;2;1;1;1;
202300041849;155606397;B01;1;7;0;2;1;15;1;
202300041850;155606393;B01;1;34;0;2;3;15;1;
202300041850;155606395;A01;2;50;0;2;1;5;3;
202300041851;155606390;B01;1;33;11;2;7;17;1;
202300041851;155606391;A01;1;10;0;2;8;11;1;
202300041852;155606392;A01;2;7;0;2;6;16;1;
202300041852;155606394;B01;2;30;0;2;1;1;1;
202300041853;155606387;A01;1;7;0;2;1;13;1;
202300041853;155606388;B01;2;7;0;2;3;1;1;
202300041854;155606386;A01;2;1;0;2;1;5;5;
202300041854;155606389;B01;2;7;0;2;3;15;1;
202300041855;155606382;A01;2;7;0;2;3;13;2;
202300041855;155606383;B01;1;10;0;2;3;1;1;
202300041856;155606384;B01;1;33;0;2;1;1;1;
202300041856;155606385;A01;2;7;0;2;7;19;2;
202300041857;155606380;A01;1;32;0;2;1;13;1;
202300041857;155606381;B01;2;7;0;2;2;11;1;
202300041858;155606378;A01;1;7;0;2;2;1;1;
202300041858;155606379;B01;1;1;0;2;4;1;5;
202300041859;155606375;A01;2;7;9;0;9;12;2;
202300041860;155606374;A01;1;7;16;0;4;19;1;
202300041860;155606376;B01;2;7;0;2;1;1;1;
202300041861;155606373;A01;1;7;0;9;8;1;1;
202300041861;155606377;B01;3;7;0;2;2;1;1;
202300041862;155606372;A01;2;33;8;0;0;0;1;