Num_Acc;id_vehicule;num_veh;senc;catv;obs;obsm;choc;manv;motor;occutc
202300041863;155606366;A01;1;7;0;2;3;13;1;
202300041863;155606368;B01;2;7;0;2;3;1;1;
202300041864;155606365;D01;2;34;0;2;1;0;1;
202300041864;155606367;C01;2;33;0;2;1;1;1;
202300041864;155606370;B01;2;7;0;2;6;1;1;
202300041864;155606371;A01;2;17;0;2;2;1;1;
202300041865;155606364;B01;1;37;0;2;8;1;6;2.0
202300041865;155606369;A01;3;7;0;2;1;19;2;
202300041866;155606362;A01;1;7;0;0;6;23;1;
202300041866;155606363;B01;1;10;0;2;2;1;1;
202300041867;155606360;B01;1;10;0;2;3;1;1;
202300041867;155606361;A01;1;10;0;2;1;5;1;
202300041868;155606357;A01;2;7;0;0;0;5;1;
202300041868;155606358;B01;1;33;0;0;9;1;1;
202300041869;155606356;A01;3;7;0;2;5;1;1;
202300041869;155606359;B01;3;7;0;2;1;1;1;
202300041870;155606354;A01;2;7;0;1;3;26;1;
202300041871;155606351;A01;2;7;0;2;3;2;1;
202300041871;155606353;C01;2;7;0;2;4;1;1;
202300041871;155606355;B01;2;7;0;2;2;2;1;
202300041872;155606352;A01;1;34;0;0;0;1;1;
202300041873;155606350;A01;2;7;0;1;2;2;1;
202300041874;155606349;A01;1;7;3;0;1;21;1;
202300041875;155606347;A01;3;7;0;1;1;20;1;
202300041876;155606346;A01;1;14;0;2;3;1;0;
202300041876;155606348;B01;2;7;12;2;3;13;1;
202300041877;155606344;B01;2;15;0;2;8;1;1;
202300041877;155606345;A01;2;7;0;2;3;1;1;
202300041878;155606343;A01;1;33;2;0;7;1;1;
202300041879;155606340;B01;0;32;0;2;1;1;1;
202300041879;155606342;A01;3;7;0;0;0;0;1;
202300041880;155606338;B01;1;7;0;2;4;1;1;
202300041880;155606341;A01;1;7;0;2;1;2;1;
202300041881;155606336;A01;1;1;0;0;1;5;5;
202300041882;155606334;A01;1;7;0;2;2;2;1;
202300041882;155606335;B01;1;7;0;2;4;2;1;
202300041883;155606337;A01;2;33;0;2;1;1;1;
202300041883;155606339;B01;1;7;0;2;3;1;1;
202300041884;155606333;A01;2;33;0;1;1;1;1;
202300041885;155606326;B01;1;7;0;2;3;12;1;
202300041885;155606328;A01;1;32;0;2;1;3;1;
202300041885;155606330;D01;1;7;0;2;6;1;1;
202300041885;155606332;C01;1;7;0;2;5;1;1;
202300041886;155606329;A01;3;2;0;2;1;26;1;
202300041886;155606331;B01;3;7;0;2;2;26;1;
202300041887;155606325;A01;0;2;0;2;2;17;0;
202300041887;155606327;B01;0;10;0;2;3;15;0;
202300041888;155606324;A01;2;30;0;2;7;17;1;
202300041889;155606319;B01;1;33;0;2;8;1;1;
202300041889;155606322;A01;1;7;0;2;2;16;1;
202300041890;155606321;B01;2;10;0;2;3;1;1;
202300041890;155606323;A01;2;2;0;2;2;1;1;
202300041891;155606318;B01;3;31;0;2;7;1;1;
202300041891;155606320;A01;3;7;0;2;5;9;1;
202300041892;155606317;A01;2;7;1;0;7;1;1;
202300041893;155606313;B01;2;7;0;2;3;1;1;
202300041893;155606315;A01;1;31;0;2;1;1;1;
202300041894;155606314;A01;2;10;0;2;3;17;1;
202300041894;155606316;B01;1;7;0;2;6;1;1;
202300041895;155606312;A01;1;37;0;0;0;1;1;5.0
202300041896;155606310;A01;1;7;0;2;3;15;1;
202300041896;155606311;B01;1;43;0;2;1;1;1;
202300041897;155606309;A01;2;7;0;1;3;1;1;
202300041898;155606305;A01;2;7;0;2;4;1;1;
202300041898;155606306;B01;2;7;0;2;4;11;1;
202300041898;155606307;C01;2;7;0;2;4;1;1;
202300041898;155606308;D01;2;7;0;2;1;1;1;
202300041899;155606304;A01;1;7;6;0;7;1;1;
202300041900;155606301;A01;1;7;1;2;8;13;1;
202300041900;155606303;B01;1;7;0;2;2;1;1;
202300041901;155606300;B01;1;7;0;2;3;1;1;
202300041901;155606302;A01;1;7;0;2;3;13;1;
202300041902;155606299;A01;2;50;0;1;3;26;3;
202300041903;155606298;A01;2;7;3;0;2;14;0;
202300041904;155606297;A01;3;33;2;0;7;0;1;
202300041905;155606296;A01;2;7;0;0;1;26;1;
202300041906;155606293;A01;1;14;0;2;7;19;1;
202300041906;155606295;B01;2;7;0;2;1;1;1;
202300041907;155606291;A01;1;10;0;2;3;2;1;
202300041907;155606294;B01;1;1;0;2;4;2;5;
202300041908;155606290;B01;1;7;0;2;5;19;0;
202300041908;155606292;A01;0;30;0;2;1;1;0;
202300041909;155606287;B01;1;80;0;2;3;16;3;
202300041909;155606289;A01;1;7;0;2;1;1;1;
202300041910;155606286;A01;1;7;0;2;6;17;1;
202300041910;155606288;B01;2;33;0;2;8;1;1;
202300041911;155606284;A01;2;7;0;2;2;1;1;
202300041911;155606285;B01;1;7;0;2;7;15;1;
202300041912;155606282;A01;2;17;0;2;5;17;1;
202300041912;155606283;B01;2;1;0;0;3;2;5;
202300041913;155606280;A01;1;7;0;2;0;0;0;
202300041913;155606281;B01;0;33;0;2;0;0;0;
202300041914;155606277;B01;2;7;0;2;2;1;1;
202300041914;155606279;A01;2;10;0;0;6;16;1;
202300041915;155606275;A01;2;2;0;0;0;1;1;
202300041916;155606273;B01;3;7;0;2;4;1;0;
202300041916;155606274;A01;3;7;0;2;1;1;0;
202300041917;155606272;A01;1;7;13;0;3;1;1;
202300041918;155606271;Y01;1;50;0;-1;0;0;3;
202300041919;155606270;A01;3;30;12;0;0;1;1;
202300041920;155606267;A01;2;7;0;1;1;1;1;
202300041921;155606268;A01;1;7;0;2;4;1;1;
202300041921;155606269;B01;1;7;0;2;1;1;1;
202300041922;155606264;A01;1;7;0;1;4;4;1;
202300041923;155606263;B01;1;7;0;2;4;2;1;
202300041923;155606265;A01;1;7;0;2;1;2;1;
202300041923;155606266;C01;1;7;0;2;5;2;1;
202300041924;155606260;B01;1;7;0;2;1;1;1;
202300041924;155606262;A01;2;7;0;2;7;26;1;
202300041925;155606261;A01;2;7;0;1;1;15;1;
202300041926;155606258;A01;2;1;0;2;1;1;5;
202300041926;155606259;B01;2;7;0;0;4;1;1;
202300041927;155606257;A01;3;33;1;0;1;13;1;
202300041928;155606256;A01;2;33;0;0;0;1;1;
202300041929;155606255;A01;0;1;0;0;0;16;5;
202300041930;155606254;A01;1;10;0;1;1;1;0;
202300041931;155606252;A01;1;10;2;0;1;1;0;
202300041932;155606250;B01;2;14;0;2;1;1;1;
202300041932;155606251;A01;1;7;12;2;7;1;1;
202300041933;155606249;A01;3;7;6;0;7;26;1;
202300041934;155606248;A01;2;7;0;0;9;0;1;
202300041935;155606247;A01;2;7;10;0;1;14;1;
202300041936;155606245;B01;1;31;0;2;3;1;1;
202300041936;155606246;A01;2;7;0;2;2;15;1;
202300041937;155606242;A01;1;33;13;0;1;14;1;
202300041938;155606243;B01;2;7;0;2;2;16;1;
202300041938;155606244;A01;2;1;0;2;1;19;5;
202300041939;155606238;A01;2;7;0;2;3;17;0;
202300041939;155606241;B01;1;2;0;2;1;1;1;
202300041940;155606239;B01;1;32;0;2;1;1;1;
202300041940;155606240;A01;1;7;0;2;5;15;1;
202300041941;155606236;A01;3;33;0;2;2;1;1;
202300041941;155606237;B01;0;7;0;2;2;9;1;
202300041942;155606233;B01;2;7;0;2;0;0;1;
202300041942;155606235;A01;1;7;0;2;0;0;1;
202300041943;155606232;A01;2;32;0;0;1;2;1;
202300041943;155606234;B01;2;10;0;0;4;2;1;
202300041944;155606230;B01;1;1;0;2;4;2;5;
202300041944;155606231;A01;1;7;0;2;1;9;1;
202300041945;155606228;A01;2;7;0;2;3;5;1;
202300041945;155606229;B01;1;14;0;2;3;1;1;
202300041946;155606226;B01;0;50;0;2;1;0;3;
202300041946;155606227;A01;3;7;0;9;1;1;1;
202300041947;155606225;A01;1;7;8;0;9;1;1;
202300041948;155606224;A01;1;10;0;1;1;0;1;
202300041949;155606223;A01;1;50;0;0;0;1;3;
202300041950;155606220;B01;2;33;0;2;1;1;1;
202300041950;155606222;A01;1;7;0;2;3;15;2;
202300041951;155606219;A01;2;7;0;2;3;13;1;
202300041951;155606221;B01;1;10;0;2;3;1;1;
202300041952;155606217;A01;1;7;0;0;9;0;1;
202300041953;155606216;A01;0;80;12;0;1;1;3;
202300041954;155606215;B01;3;7;0;2;2;1;1;
202300041954;155606218;A01;3;50;0;2;2;19;3;
202300041955;155606214;A01;0;7;0;1;1;1;1;
202300041956;155606210;A01;1;3;0;2;3;13;1;
202300041956;155606212;B01;1;7;0;2;3;1;1;
202300041957;155606209;B01;2;7;0;2;4;2;1;
202300041957;155606211;A01;2;7;0;2;1;2;1;
202300041958;155606206;A01;1;7;0;2;1;1;0;
202300041958;155606208;B01;2;1;0;2;0;1;5;
202300041959;155606205;A01;1;31;15;0;1;17;1;
202300041960;155606204;A01;3;7;0;2;3;10;1;
202300041960;155606207;B01;3;7;0;2;2;1;1;
202300041961;155606202;A01;2;7;1;2;2;1;1;
202300041961;155606203;B01;3;2;0;2;6;19;1;
202300041962;155606201;A01;1;7;0;1;7;1;1;
202300041963;155606199;A01;1;7;0;2;3;9;1;
202300041963;155606200;B01;1;1;0;2;2;26;5;
202300041964;155606197;B01;3;7;0;2;5;15;1;
202300041964;155606198;A01;3;7;0;2;3;18;1;
202300041965;155606195;B01;3;2;0;2;1;1;1;
202300041965;155606196;A01;3;7;0;2;8;10;1;
202300041966;155606193;B01;2;1;0;2;0;2;5;
202300041966;155606194;A01;1;7;0;2;1;15;1;
202300041967;155606192;A01;1;7;0;1;7;21;1;
202300041968;155606190;A01;1;7;0;1;5;4;1;
202300041969;155606191;A01;1;30;0;1;1;13;1;
202300041970;155606188;A01;1;7;5;0;1;2;1;
202300041971;155606186;C01;2;7;0;2;6;2;1;
202300041971;155606187;B01;2;1;0;2;1;17;5;
202300041971;155606189;A01;1;7;0;2;3;15;1;
202300041972;155606183;A01;1;7;0;2;4;2;1;
202300041972;155606185;B01;1;7;0;2;1;2;1;
202300041973;155606182;B01;1;13;0;2;0;0;1;
202300041973;155606184;A01;1;30;0;2;3;0;1;
202300041974;155606180;B01;1;7;0;2;6;1;1;
202300041974;155606181;A01;1;7;0;2;1;12;1;
202300041975;155606178;B01;2;2;0;2;1;1;1;
202300041975;155606179;A01;1;7;0;2;3;15;1;
202300041976;155606175;B01;1;7;0;2;6;2;1;
202300041976;155606176;A01;1;15;0;2;3;21;1;
202300041977;155606174;B01;0;7;0;9;1;1;1;
202300041977;155606177;A01;0;1;0;2;1;1;5;
202300041978;155606172;A01;1;7;0;1;1;1;1;
202300041979;155606171;B01;2;14;0;0;6;2;1;
202300041979;155606173;A01;2;7;0;2;2;3;1;
202300041980;155606169;A01;3;7;0;1;7;26;1;
202300041981;155606168;A01;2;15;0;2;6;12;1;
202300041981;155606170;B01;2;7;0;2;6;1;1;
202300041982;155606167;A01;0;7;0;1;1;17;1;
202300041983;155606166;A01;2;7;0;9;1;1;1;
202300041984;155606161;A01;2;7;1;0;1;2;1;
202300041984;155606165;B01;1;7;1;0;3;2;1;
202300041985;155606162;A01;2;7;0;2;1;1;1;
202300041985;155606163;B01;2;7;0;2;4;2;1;
202300041985;155606164;C01;2;7;0;2;4;2;1;
202300041986;155606158;B01;1;7;0;2;4;2;1;
202300041986;155606159;A01;1;7;0;2;1;2;1;
202300041987;155606155;B01;1;1;0;2;0;0;5;
202300041987;155606157;A01;1;21;14;0;7;14;1;
202300041988;155606154;B01;2;10;0;2;4;23;1;
202300041988;155606156;A01;2;60;0;2;1;1;5;
202300041989;155606153;B01;1;7;0;2;1;1;1;
202300041989;155606160;A01;2;7;0;2;1;17;1;
202300041990;155606150;B01;2;30;0;2;2;17;1;
202300041990;155606151;A01;2;7;0;2;3;20;1;
202300041991;155606149;A01;0;7;1;1;2;0;0;
202300041991;155606152;C01;0;30;0;0;0;0;0;
202300041992;155606146;B01;2;50;0;2;1;1;3;
202300041992;155606148;A01;2;7;0;2;6;16;1;
202300041993;155606145;A01;1;7;0;2;2;2;1;
202300041993;155606147;B01;1;7;0;2;4;2;1;
202300041994;155606144;A01;1;7;0;1;1;1;1;
202300041995;155606142;A01;3;1;0;1;1;1;5;
202300041996;155606143;A01;1;33;15;0;2;26;1;
202300041997;155606137;A01;2;7;0;2;3;15;1;
202300041997;155606138;B01;2;33;0;2;1;1;1;
202300041998;155606136;B01;1;13;0;2;3;15;1;
202300041998;155606139;A01;2;43;0;2;8;1;1;
202300041999;155606135;C01;1;7;0;2;4;2;1;
202300041999;155606140;B01;1;33;0;2;4;2;1;
202300041999;155606141;A01;1;7;0;2;1;2;1;
202300042000;155606132;A01;1;33;0;2;3;1;1;
202300042000;155606134;B01;2;7;0;2;3;1;1;
202300042001;155606131;A01;1;30;13;0;2;14;1;
202300042002;155606130;A01;1;7;0;2;1;19;1;
202300042002;155606133;B01;1;7;0;2;7;1;3;
202300042003;155606127;B01;1;7;0;2;1;15;1;
202300042003;155606129;A01;2;34;0;2;8;19;1;
202300042004;155606125;A01;2;7;0;2;4;15;1;
202300042004;155606128;B01;2;7;0;2;1;1;1;
202300042005;155606124;A01;3;10;0;2;7;1;1;
202300042005;155606126;B01;3;1;0;2;1;1;5;
202300042006;155606122;A01;1;34;0;2;7;1;1;
202300042006;155606123;B01;1;15;0;2;8;1;1;
202300042007;155606120;A01;1;7;0;1;2;1;1;
202300042008;155606118;A01;1;7;0;2;2;15;1;
202300042008;155606121;B01;3;7;0;2;0;0;3;
202300042009;155606117;A01;1;2;0;2;8;1;1;
202300042009;155606119;B01;1;7;0;2;1;15;1;
202300042010;155606112;A01;1;7;0;2;1;1;1;
202300042010;155606114;B01;2;7;0;2;8;1;1;
202300042011;155606115;A01;2;7;0;9;0;16;1;
202300042011;155606116;B01;2;1;0;2;0;0;5;
202300042012;155606111;B01;3;7;0;2;7;1;1;
202300042012;155606113;A01;3;7;0;2;1;1;1;
202300042013;155606108;B01;2;7;4;2;1;1;1;
202300042013;155606110;A01;2;13;4;2;3;13;1;
202300042014;155606106;A01;1;7;2;1;1;1;1;
202300042015;155606107;A01;3;33;0;2;1;2;1;
202300042015;155606109;B01;3;10;0;2;3;10;1;
202300042016;155606102;B01;1;2;0;2;1;17;1;
202300042016;155606105;A01;1;7;0;2;6;15;1;
202300042017;155606104;A01;0;2;0;0;3;1;3;
202300042018;155606099;A01;2;7;0;1;2;17;1;
202300042019;155606100;B01;1;14;0;2;1;1;1;
202300042019;155606101;A01;3;7;0;2;8;1;1;
202300042020;155606098;A01;1;7;0;2;3;11;1;
202300042020;155606103;B01;1;31;0;2;2;3;1;
202300042021;155606097;A01;1;3;14;0;1;14;1;
202300042022;155606095;A01;2;1;0;1;1;1;5;
202300042023;155606094;A01;2;7;4;0;2;14;1;
202300042024;155606090;A01;1;43;0;2;3;17;1;
202300042024;155606092;B01;2;7;0;2;3;17;0;
202300042025;155606089;A01;2;7;1;2;4;4;1;
202300042025;155606093;B01;2;7;0;2;7;1;2;
202300042025;155606096;C01;2;7;0;2;1;24;1;
202300042026;155606086;B01;2;7;0;2;2;1;1;
202300042026;155606088;A01;2;33;0;2;2;9;1;
202300042027;155606085;A01;1;7;0;9;1;1;1;
202300042028;155606083;A01;1;7;0;2;2;26;1;
202300042028;155606084;B01;0;7;0;2;3;1;1;
202300042029;155606082;A01;1;14;2;0;1;14;1;
202300042030;155606081;A01;2;7;9;0;1;2;3;
202300042031;155606079;A01;0;7;0;2;1;2;1;
202300042031;155606080;B01;3;10;0;2;2;2;1;
202300042032;155606077;A01;2;21;0;0;4;1;1;
202300042032;155606078;B01;2;1;0;9;1;1;5;
202300042033;155606070;B01;1;7;0;2;1;23;0;
202300042033;155606074;A01;2;7;0;2;1;13;1;
202300042034;155606069;A01;1;7;0;9;1;1;1;
202300042034;155606075;B01;1;50;0;2;8;19;3;
202300042035;155606072;A01;1;7;1;0;3;13;1;
202300042035;155606073;B01;2;2;0;2;3;1;1;
202300042036;155606068;B01;1;7;0;2;3;1;1;
202300042036;155606071;A01;1;7;0;2;1;1;1;
202300042037;155606065;A01;1;7;4;2;3;1;1;
202300042037;155606067;B01;2;7;0;2;3;1;1;
202300042038;155606063;A01;3;3;0;1;1;1;3;
202300042039;155606061;B01;3;7;0;2;1;1;1;
202300042039;155606066;A01;3;7;0;2;2;15;1;
202300042040;155606062;B01;2;7;0;2;5;16;3;
202300042040;155606064;A01;1;80;0;2;1;1;3;
202300042041;155606060;A01;3;15;0;0;7;1;1;
202300042042;155606057;A01;1;10;0;1;7;1;1;
202300042043;155606055;A01;3;7;0;2;1;1;1;
202300042043;155606059;B01;3;7;0;2;4;1;1;
202300042044;155606056;A01;3;34;12;0;2;16;1;
202300042045;155606054;A01;3;33;0;2;1;1;1;
202300042045;155606058;B01;3;10;0;2;4;4;1;
202300042046;155606053;A01;0;33;0;0;9;1;0;
202300042047;155606049;B01;2;7;0;2;4;2;1;
202300042047;155606052;A01;2;7;0;2;1;2;1;
202300042048;155606048;B01;1;15;14;2;3;1;1;
202300042048;155606051;A01;-1;7;0;2;3;15;1;
202300042049;155606047;A01;2;7;0;2;1;1;2;
202300042049;155606050;B01;2;33;0;2;4;23;1;
202300042050;155606046;A01;1;2;0;0;8;17;1;
202300042051;155606044;Z01;3;1;0;1;1;1;5;
202300042052;155606045;A01;2;7;0;0;3;1;0;
202300042053;155606042;A01;3;10;14;0;1;1;1;
202300042054;155606043;A01;1;7;0;1;7;1;2;
202300042055;155606040;A01;2;7;13;0;0;1;1;
202300042056;155606038;A01;3;33;14;0;1;1;1;
202300042057;155606036;A01;3;1;0;1;1;19;5;
202300042058;155606035;A01;2;7;0;2;7;15;1;
202300042058;155606037;B01;1;7;0;2;1;1;1;
202300042059;155606032;A01;3;10;0;2;3;1;1;
202300042059;155606034;B01;3;10;0;2;3;1;1;
202300042060;155606033;A01;3;32;0;1;3;1;1;
202300042061;155606031;A01;1;7;15;0;8;1;1;
202300042062;155606030;A01;1;31;14;0;1;16;1;
202300042063;155606029;A01;1;7;0;1;1;0;1;
202300042064;155606024;B01;2;33;0;2;7;17;1;
202300042064;155606028;A01;2;7;0;2;3;15;1;
202300042065;155606022;B01;1;33;0;2;1;1;1;
202300042065;155606025;A01;1;7;0;2;3;9;1;
202300042066;155606023;A01;1;2;0;2;1;1;1;
202300042066;155606027;B01;1;7;0;2;4;23;1;
202300042067;155606021;A01;1;7;8;0;3;1;1;
202300042067;155606026;B01;1;7;0;2;1;19;1;
202300042068;155606019;A01;1;7;0;1;2;21;0;
202300042069;155606018;B01;2;7;0;2;2;16;1;
202300042069;155606020;A01;2;31;0;2;8;16;1;
202300042070;155606017;A01;1;1;0;0;6;13;5;
202300042071;155606016;A01;1;7;0;1;2;1;2;
202300042072;155606014;A01;1;7;8;0;1;0;0;
202300042073;155606013;B01;1;7;0;2;4;2;2;
202300042073;155606015;A01;1;33;0;2;1;2;1;
202300042074;155606009;A01;2;7;0;2;2;15;1;
202300042074;155606012;B01;1;1;0;2;3;1;5;
202300042075;155606011;A01;1;2;8;0;2;1;3;
202300042076;155606008;B01;2;7;0;2;7;1;0;
202300042076;155606010;A01;2;7;0;2;1;16;0;
202300042077;155606007;A01;1;33;0;0;7;1;1;
202300042078;155606005;A01;3;7;6;0;1;15;1;
202300042079;155606001;A01;2;7;0;2;8;0;1;
202300042079;155606004;B01;1;7;0;2;1;0;1;
202300042080;155606002;C01;0;14;0;2;8;1;1;
202300042080;155606003;B01;3;7;0;2;3;1;1;
202300042080;155606006;A01;3;31;0;2;1;17;1;
202300042081;155605997;A01;1;43;0;5;1;1;1;
202300042082;155605996;A01;0;7;0;1;1;1;1;
202300042083;155605995;A01;1;7;0;2;8;1;1;
202300042083;155605999;B01;1;7;0;2;1;1;1;
202300042084;155605998;Z01;1;2;0;2;1;1;0;
202300042084;155606000;A01;1;1;0;2;7;19;5;
202300042085;155605992;A01;2;7;0;2;1;2;1;
202300042085;155605994;B01;2;7;13;0;4;15;1;
202300042086;155605990;B01;3;7;0;2;4;23;1;
202300042086;155605993;A01;3;7;0;2;1;2;1;
202300042087;155605989;A01;1;31;0;1;8;1;1;
202300042088;155605985;B01;1;14;0;2;1;1;1;
202300042088;155605988;A01;2;7;0;2;1;1;1;
202300042089;155605987;A01;2;10;0;2;1;1;0;
202300042089;155605991;B01;2;7;0;2;8;1;1;
202300042090;155605984;B01;0;7;0;0;1;1;0;
202300042090;155605986;A01;0;7;0;2;1;15;1;
202300042091;155605980;B01;3;80;0;2;1;1;3;
202300042091;155605982;A01;3;7;0;2;3;1;1;
202300042092;155605979;B01;2;7;0;0;4;23;1;
202300042092;155605983;A01;2;7;0;2;1;1;1;
202300042093;155605978;A01;1;7;0;2;1;1;0;
202300042093;155605981;B01;3;1;0;2;8;1;5;
202300042094;155605975;A01;1;7;0;0;9;17;1;
202300042095;155605973;A01;2;7;0;2;7;15;1;
202300042095;155605974;B01;2;7;0;2;3;1;1;
202300042096;155605967;Z01;2;7;0;1;0;1;0;
202300042097;155605969;A01;2;7;0;2;1;13;1;
202300042097;155605971;B01;1;10;0;2;1;0;1;
202300042098;155605968;B01;0;33;0;2;9;2;1;
202300042098;155605970;A01;0;7;0;2;1;1;1;
202300042099;155605966;A01;1;7;0;2;2;16;1;
202300042099;155605972;B01;1;1;0;2;4;1;5;
202300042100;155605962;B01;3;7;0;2;3;1;1;
202300042100;155605965;A01;2;1;0;2;1;1;5;
202300042101;155605964;A01;2;7;9;0;1;1;1;
202300042102;155605959;A01;3;14;0;2;8;1;1;
202300042102;155605961;B01;3;2;0;2;1;1;1;
202300042103;155605960;B01;1;10;0;2;3;1;1;
202300042103;155605963;A01;2;7;0;2;3;13;1;
202300042104;155605957;A01;1;32;0;1;1;1;1;
202300042105;155605953;B01;2;7;9;2;3;1;1;
202300042105;155605955;A01;1;7;4;2;1;1;1;
202300042106;155605956;A01;2;7;0;2;1;1;1;
202300042106;155605958;B01;1;43;0;2;4;23;1;
202300042107;155605952;A01;1;7;0;2;1;0;1;
202300042107;155605954;B01;1;7;0;2;4;1;1;
202300042108;155605951;A01;1;32;0;0;0;21;1;
202300042109;155605948;A01;1;7;0;2;4;9;1;
202300042109;155605949;B01;1;7;14;0;0;0;1;
202300042110;155605947;B01;1;7;0;2;8;1;1;
202300042110;155605950;A01;1;17;0;2;1;9;1;
202300042111;155605945;A01;3;30;0;0;8;19;1;
202300042112;155605946;A01;0;0;0;1;7;24;0;
202300042113;155605943;A01;2;33;12;2;3;13;1;
202300042114;155605942;B01;0;7;0;2;1;1;1;
202300042114;155605944;A01;0;7;0;0;7;19;1;
202300042115;155605938;A01;3;30;0;2;1;3;1;
202300042115;155605939;B01;3;7;0;2;8;1;1;
202300042115;155605941;C01;3;7;0;2;5;1;1;
202300042116;155605937;B01;2;7;1;0;7;14;1;
202300042116;155605940;A01;2;7;0;0;2;17;1;
202300042117;155605936;A01;1;7;2;0;1;14;1;
202300042118;155605935;A01;2;7;0;1;1;1;2;
202300042119;155605931;B01;1;17;0;2;3;1;1;
202300042119;155605934;A01;2;30;0;2;1;13;1;
202300042120;155605932;A01;2;7;0;1;1;1;1;
202300042121;155605929;A01;2;7;0;2;3;11;1;
202300042121;155605933;B01;1;17;0;2;3;1;1;
202300042122;155605928;A01;1;7;0;2;7;15;3;
202300042122;155605930;B01;1;50;0;2;0;1;3;
202300042123;155605925;A01;2;33;0;2;8;2;1;
202300042123;155605926;B01;2;7;0;2;2;2;2;
202300042124;155605923;B01;1;31;0;2;2;17;0;
202300042124;155605924;A01;1;1;0;2;0;15;5;
202300042125;155605922;A01;1;7;0;1;4;26;1;
202300042126;155605917;C01;1;7;0;2;7;1;0;
202300042126;155605919;B01;1;7;0;2;5;1;1;
202300042126;155605921;A01;1;33;0;2;1;2;1;
202300042127;155605916;A01;3;10;0;2;1;1;1;
202300042127;155605918;B01;3;7;0;2;4;1;1;
202300042127;155605920;C01;3;7;0;2;4;1;1;
202300042128;155605915;A01;3;10;0;1;0;0;1;
202300042129;155605913;A01;2;32;0;0;7;1;1;
202300042130;155605912;A01;1;2;0;2;2;10;3;
202300042130;155605914;B01;1;10;0;2;1;1;1;
202300042131;155605909;A01;1;7;0;1;1;2;1;
202300042132;155605908;A01;0;32;0;2;1;1;1;
202300042132;155605911;B01;0;7;0;2;3;1;1;
202300042133;155605906;A01;2;17;0;2;8;1;1;
202300042133;155605907;C01;1;7;0;2;7;21;1;
202300042133;155605910;B01;1;10;0;2;3;13;1;
202300042134;155605903;A01;2;7;10;0;2;1;1;
202300042135;155605902;A01;1;7;0;0;0;0;6;
202300042135;155605905;Y01;3;99;0;0;0;0;0;
202300042136;155605899;A01;1;7;0;0;9;14;1;
202300042137;155605901;B01;3;50;0;2;2;0;3;
202300042137;155605904;A01;3;7;0;2;3;15;1;
202300042138;155605898;A01;0;7;0;2;3;19;1;
202300042138;155605900;B01;0;33;0;2;7;1;1;
202300042139;155605896;A01;1;7;0;1;2;1;1;
202300042140;155605897;A01;2;34;0;0;1;1;1;
202300042141;155605893;B01;2;32;0;2;1;21;1;
202300042141;155605894;A01;1;7;0;2;2;15;1;
202300042142;155605891;B01;1;7;0;2;1;1;1;
202300042142;155605895;A01;3;7;1;2;7;1;1;
202300042143;155605888;A01;1;32;0;2;9;17;1;
202300042143;155605890;B01;1;7;0;2;3;1;1;
202300042143;155605892;C01;1;7;0;0;4;1;1;
202300042144;155605887;B01;3;7;0;2;2;0;1;
202300042144;155605889;A01;3;7;0;2;3;1;1;
202300042145;155605886;A01;2;7;0;1;2;7;1;
202300042146;155605884;A01;1;7;0;0;1;1;1;
202300042147;155605883;A01;1;7;0;2;2;15;2;
202300042147;155605885;B01;2;7;0;2;1;1;1;
202300042148;155605881;A01;1;7;0;1;0;4;0;
202300042149;155605880;A01;1;7;0;2;2;15;2;
202300042149;155605882;B01;2;1;0;2;1;0;5;
202300042150;155605879;A01;3;10;0;0;8;16;3;
202300042151;155605877;A01;3;7;6;0;1;0;1;
202300042152;155605873;A01;3;7;0;0;1;0;1;
202300042153;155605874;A01;1;7;0;2;3;15;1;
202300042153;155605878;B01;2;31;0;2;2;1;1;
202300042154;155605871;A01;1;3;8;0;1;14;1;
202300042155;155605872;A01;3;1;0;9;4;2;5;
202300042155;155605875;B01;3;1;0;9;1;2;5;
202300042155;155605876;C01;3;1;0;9;1;2;5;
202300042156;155605870;A01;1;2;0;6;1;1;1;
202300042157;155605865;A01;1;7;0;0;7;1;1;
202300042158;155605867;A01;3;7;0;1;0;26;0;
202300042159;155605866;A01;0;7;0;2;1;1;1;
202300042159;155605869;B01;0;7;0;2;4;0;1;
202300042160;155605864;A01;2;7;0;2;4;1;1;
202300042160;155605868;B01;2;7;0;2;1;1;1;
202300042161;155605863;A01;2;10;1;0;2;14;1;
202300042162;155605860;A01;3;7;0;2;3;15;1;
202300042162;155605862;B01;3;7;0;2;2;1;1;
202300042163;155605857;A01;2;7;9;0;3;1;1;
202300042164;155605859;A01;3;7;0;1;1;1;1;
202300042165;155605858;A01;1;7;0;2;2;15;1;
202300042165;155605861;B01;2;30;0;2;1;3;1;
202300042166;155605855;A01;0;7;1;0;1;0;1;
202300042167;155605851;A01;3;7;0;2;1;9;1;
202300042167;155605854;B01;3;1;0;2;0;0;5;
202300042168;155605850;A01;3;32;12;2;4;26;1;
202300042168;155605853;Z01;3;7;0;2;1;2;1;
202300042169;155605849;A01;0;7;0;2;1;1;1;
202300042169;155605852;B01;3;7;0;2;3;15;1;
202300042169;155605856;C01;3;7;8;9;6;1;1;
202300042170;155605846;B01;2;80;0;2;3;1;3;
202300042170;155605848;A01;1;50;0;2;3;1;3;
202300042171;155605844;A01;2;2;0;2;1;1;1;
202300042171;155605847;B01;1;7;0;2;1;1;1;