Num_Acc;id_vehicule;num_veh;senc;catv;obs;obsm;choc;manv;motor;occutc
202300042172;155605842;A01;1;7;0;2;6;11;1;
202300042172;155605845;B01;1;33;3;2;7;3;1;
202300042173;155605841;A01;2;2;0;0;9;1;1;
202300042173;155605843;B01;2;2;0;2;0;17;0;
202300042174;155605836;A01;3;7;0;2;0;9;1;
202300042174;155605838;B01;3;1;0;2;1;9;5;
202300042175;155605833;A01;3;7;0;2;8;1;1;
202300042175;155605837;B01;3;7;0;2;3;1;1;
202300042176;155605835;B01;1;7;0;2;6;11;1;
202300042176;155605840;A01;1;33;0;2;2;17;1;
202300042177;155605831;A01;0;13;0;1;0;0;1;
202300042178;155605832;A01;2;7;0;2;1;1;1;
202300042178;155605834;B01;2;7;0;2;4;1;1;
202300042178;155605839;C01;2;7;0;2;4;0;1;
202300042179;155605828;A01;2;7;0;2;1;15;1;
202300042179;155605830;B01;1;2;0;2;8;18;1;
202300042180;155605829;A01;2;1;12;0;1;2;5;
202300042181;155605825;B01;0;2;0;2;1;1;1;
202300042181;155605827;A01;2;7;0;0;3;2;1;
202300042182;155605822;A01;0;7;0;0;1;13;0;
202300042182;155605824;B01;0;7;0;0;1;0;0;
202300042183;155605823;Z01;2;7;1;2;2;1;1;
202300042183;155605826;A01;2;32;0;2;8;23;3;
202300042184;155605821;A01;1;30;0;0;0;26;1;
202300042185;155605820;A01;1;3;0;1;3;1;6;
202300042186;155605818;A01;2;33;0;0;0;17;1;
202300042187;155605816;A01;2;7;0;2;5;1;2;
202300042187;155605819;Z01;2;32;0;2;1;1;1;
202300042188;155605815;A01;2;30;0;2;1;18;1;
202300042188;155605817;B01;0;7;0;2;2;16;3;
202300042189;155605813;A01;1;32;0;1;1;1;3;
202300042190;155605812;B01;1;2;0;2;4;2;1;
202300042190;155605814;A01;1;7;0;2;1;1;1;
202300042191;155605810;B01;3;10;0;2;4;20;1;
202300042191;155605811;A01;3;10;0;2;1;1;1;
202300042192;155605808;B01;3;7;0;2;4;23;1;
202300042192;155605809;A01;3;1;0;2;1;2;5;
202300042193;155605806;A01;2;34;0;2;1;2;1;
202300042193;155605807;B01;2;1;0;2;4;1;5;
202300042194;155605805;A01;3;7;0;1;3;15;1;
202300042195;155605802;A01;1;7;0;2;3;15;1;
202300042195;155605804;B01;1;33;0;2;2;17;1;
202300042196;155605801;A01;1;7;0;0;3;13;1;
202300042197;155605800;A01;2;30;0;2;8;1;0;
202300042197;155605803;B01;2;7;0;2;2;1;0;
202300042198;155605798;A01;2;7;0;2;2;15;1;
202300042198;155605799;B01;2;32;0;2;3;16;1;
202300042199;155605795;A01;2;7;0;2;3;10;1;
202300042199;155605797;B01;2;7;0;2;2;1;1;
202300042200;155605794;B01;3;50;0;2;6;1;3;
202300042200;155605796;A01;3;13;0;2;2;17;1;
202300042201;155605792;B01;2;7;0;2;6;9;2;
202300042201;155605793;A01;2;32;1;0;1;21;3;
202300042202;155605789;A01;2;7;0;2;2;1;3;
202300042202;155605791;B01;2;32;0;2;3;1;1;
202300042203;155605790;A01;2;7;2;0;2;13;1;
202300042204;155605788;A01;1;1;0;1;1;1;5;
202300042205;155605784;B01;0;60;0;0;0;0;5;
202300042205;155605787;A01;2;7;0;2;1;16;2;
202300042206;155605785;A01;1;2;0;2;1;13;1;
202300042206;155605786;B01;2;10;0;2;3;1;1;
202300042207;155605783;A01;2;33;0;1;1;1;1;
202300042208;155605780;A01;2;7;7;0;1;1;1;
202300042208;155605782;B01;1;33;0;2;1;13;1;
202300042209;155605779;B01;0;7;0;2;8;26;1;
202300042209;155605781;A01;1;7;0;1;2;9;1;
202300042210;155605777;B01;3;33;0;2;1;2;0;
202300042210;155605778;A01;3;7;0;2;2;15;0;
202300042211;155605775;A01;2;7;0;2;1;2;1;
202300042211;155605776;B01;2;7;0;2;4;23;1;
202300042212;155605772;B01;3;7;0;2;7;1;1;
202300042212;155605774;A01;3;2;0;2;8;3;1;
202300042213;155605771;A01;1;7;0;2;2;15;1;
202300042213;155605773;B01;2;33;0;2;3;1;1;
202300042214;155605769;A01;1;7;0;2;5;17;1;
202300042214;155605770;B01;1;7;0;2;3;1;1;
202300042215;155605766;A01;2;7;0;2;2;1;1;
202300042215;155605768;B01;3;33;0;2;1;1;1;
202300042216;155605765;A01;1;7;0;1;3;1;1;
202300042217;155605764;A01;1;7;0;2;3;13;1;
202300042217;155605767;B01;2;7;0;2;3;1;1;
202300042218;155605762;A01;1;7;1;2;2;13;0;
202300042218;155605763;B01;2;1;0;2;2;1;5;
202300042219;155605760;B01;2;2;0;2;2;1;1;
202300042219;155605761;A01;1;7;0;2;2;17;1;
202300042220;155605757;A01;3;7;0;1;4;4;1;
202300042221;155605758;B01;3;7;0;2;4;0;1;
202300042221;155605759;A01;3;33;0;2;1;2;1;
202300042222;155605756;A01;1;2;11;0;1;1;1;
202300042223;155605753;A01;0;7;0;2;0;0;2;
202300042223;155605755;B01;1;7;0;2;6;1;2;
202300042224;155605752;B01;2;7;0;2;1;1;1;
202300042224;155605754;A01;1;3;2;2;1;19;1;
202300042225;155605749;A01;3;7;0;2;3;15;1;
202300042225;155605751;B01;2;7;0;2;2;1;2;
202300042226;155605748;A01;3;7;8;2;1;12;1;
202300042226;155605750;B01;3;7;0;2;4;1;1;
202300042227;155605746;A01;1;10;1;0;1;9;1;
202300042228;155605745;A01;3;37;0;1;0;16;0;1.0
202300042229;155605744;A01;1;7;0;2;1;15;1;
202300042229;155605747;B01;2;7;0;2;1;1;1;
202300042230;155605743;A01;3;7;0;1;3;1;1;
202300042231;155605741;A01;2;7;7;2;8;9;1;
202300042231;155605742;B01;1;14;0;2;1;1;1;
202300042232;155605739;B01;1;10;0;2;7;1;0;
202300042232;155605740;A01;1;30;0;2;1;1;0;
202300042233;155605738;A01;3;1;0;2;1;14;5;
202300042234;155605737;A01;1;2;0;0;5;1;1;
202300042235;155605735;A01;1;33;13;0;1;1;1;
202300042236;155605733;A01;1;37;0;2;1;9;1;1.0
202300042236;155605736;B01;1;50;0;2;7;1;3;
202300042237;155605732;A01;0;7;0;0;3;19;1;
202300042237;155605734;B01;0;7;0;2;1;1;1;
202300042238;155605726;B01;2;7;0;0;1;1;0;
202300042238;155605729;A01;2;7;9;2;8;1;0;
202300042239;155605725;B01;1;7;0;2;4;1;1;
202300042239;155605728;C01;1;7;0;2;4;1;1;
202300042239;155605730;A01;1;7;0;2;1;2;1;
202300042240;155605727;B01;2;1;0;2;4;1;5;
202300042240;155605731;A01;2;7;0;2;3;9;1;
202300042241;155605722;A01;2;7;0;2;1;11;1;
202300042241;155605724;B01;1;7;0;2;1;1;1;
202300042242;155605721;B01;2;14;0;2;5;1;1;
202300042242;155605723;A01;1;32;0;2;1;9;1;
202300042243;155605719;A01;1;33;3;0;1;14;1;
202300042244;155605716;A01;2;10;0;2;4;2;0;
202300042244;155605718;B01;2;2;0;2;1;2;0;
202300042245;155605715;A01;1;7;2;0;3;1;1;
202300042246;155605714;B01;2;7;0;9;0;1;1;
202300042246;155605717;A01;2;7;2;0;1;14;1;
202300042247;155605711;A01;1;7;0;2;1;5;1;
202300042247;155605713;B01;2;33;0;2;1;2;1;
202300042248;155605710;A01;3;7;1;2;3;2;0;
202300042248;155605712;B01;3;7;0;2;1;20;0;
202300042249;155605708;A01;1;33;0;2;1;1;1;
202300042249;155605709;B01;1;7;0;0;6;1;1;
202300042250;155605706;A01;1;32;0;2;1;15;1;
202300042250;155605707;B01;2;7;0;2;1;1;1;
202300042251;155605705;A01;1;7;6;0;1;1;1;
202300042252;155605703;A01;1;7;8;0;1;1;1;
202300042253;155605702;A01;0;7;8;0;1;1;1;
202300042254;155605701;B01;3;1;1;0;1;1;5;
202300042254;155605704;A01;3;7;0;0;8;22;0;
202300042255;155605698;A01;3;7;0;1;4;4;1;
202300042256;155605697;A01;2;7;0;2;3;13;1;
202300042256;155605699;B01;1;7;0;2;3;1;1;
202300042257;155605696;A01;3;7;0;2;6;15;1;
202300042257;155605700;B01;1;43;0;2;1;1;1;
202300042258;155605695;A01;1;7;2;0;1;0;1;
202300042259;155605694;A01;2;31;2;0;1;1;1;
202300042260;155605692;A01;1;7;2;0;3;0;1;
202300042261;155605693;A01;2;33;0;0;7;1;1;
202300042262;155605689;B01;1;7;0;2;1;1;1;
202300042262;155605691;A01;2;7;0;2;1;17;1;
202300042263;155605688;B01;2;2;0;2;1;2;1;
202300042263;155605690;A01;1;7;0;2;6;15;1;
202300042264;155605687;A01;2;2;0;0;0;0;1;
202300042265;155605684;A01;1;1;2;2;2;0;5;
202300042265;155605686;B01;1;2;0;2;4;17;1;
202300042266;155605685;A01;1;1;0;0;0;1;5;
202300042267;155605682;A01;0;7;15;0;3;1;1;
202300042268;155605680;A01;2;7;0;0;2;1;1;
202300042268;155605681;B01;1;7;0;0;3;1;1;
202300042269;155605678;A01;2;7;8;0;3;1;1;
202300042270;155605677;B01;2;7;0;2;1;1;1;
202300042270;155605679;A01;1;7;0;2;7;13;1;
202300042271;155605676;A01;0;7;6;0;1;0;1;
202300042272;155605675;A01;2;7;13;0;2;1;1;
202300042273;155605671;A01;2;10;0;2;1;1;1;
202300042273;155605673;B01;2;7;0;0;8;15;1;
202300042274;155605669;A01;2;2;0;2;1;1;1;
202300042274;155605670;B01;2;7;0;2;4;0;1;
202300042275;155605667;A01;2;7;0;2;8;1;1;
202300042275;155605668;B01;1;7;0;2;8;15;1;
202300042275;155605672;C01;1;7;0;2;1;1;1;
202300042276;155605664;A01;2;7;0;6;1;1;1;
202300042276;155605666;B01;1;7;0;2;1;1;1;
202300042277;155605662;A01;3;7;0;0;9;26;0;
202300042278;155605660;B01;1;7;0;0;6;23;1;
202300042278;155605661;C01;1;7;0;0;6;23;1;
202300042278;155605663;D01;1;7;14;0;1;2;1;
202300042278;155605665;A01;1;10;0;6;1;23;1;
202300042279;155605659;A01;1;7;13;0;0;17;1;
202300042280;155605656;A01;1;10;0;2;7;19;1;
202300042280;155605658;B01;2;7;0;2;1;1;1;
202300042281;155605657;A01;0;7;0;1;1;1;1;
202300042282;155605654;A01;2;7;2;0;1;14;1;
202300042283;155605653;A01;1;7;0;0;4;1;1;
202300042283;155605655;B01;1;7;0;0;1;2;1;
202300042284;155605652;A01;2;7;10;0;2;1;1;
202300042285;155605647;A01;2;7;0;2;1;13;1;
202300042285;155605649;B01;2;7;0;2;6;1;1;
202300042285;155605651;C01;1;10;0;2;1;1;1;
202300042286;155605648;B01;1;30;0;2;1;1;1;
202300042286;155605650;A01;2;7;0;2;5;15;1;
202300042287;155605645;A01;1;10;0;2;1;1;1;
202300042287;155605646;B01;1;7;3;0;4;1;1;
202300042288;155605643;A01;1;7;0;2;2;16;1;
202300042288;155605644;B01;3;60;0;2;3;19;5;
202300042289;155605642;A01;2;10;13;0;1;0;1;
202300042290;155605640;A01;1;7;0;2;1;2;1;
202300042290;155605641;B01;1;14;0;0;4;2;1;
202300042291;155605636;B01;2;33;0;2;7;1;1;
202300042291;155605639;A01;3;7;0;2;3;15;1;
202300042292;155605637;A01;1;7;0;2;2;15;1;
202300042292;155605638;B01;2;2;0;2;1;1;1;
202300042293;155605630;B01;1;7;0;2;1;1;1;
202300042293;155605634;A01;2;7;0;2;1;13;1;
202300042294;155605631;A01;0;7;0;2;3;15;1;
202300042294;155605633;B01;0;7;0;2;3;1;1;
202300042295;155605632;A01;1;7;0;2;3;14;1;
202300042295;155605635;B01;2;34;0;2;1;13;1;
202300042296;155605627;B01;2;80;0;2;8;15;3;
202300042296;155605629;A01;2;7;0;9;1;17;1;
202300042297;155605624;A01;1;7;0;0;5;1;1;
202300042297;155605626;B01;1;7;0;0;1;1;1;
202300042298;155605623;B01;1;99;0;2;1;2;6;
202300042298;155605625;A01;1;17;0;9;3;9;1;
202300042299;155605622;A01;1;2;0;0;0;0;1;
202300042300;155605620;A01;2;2;0;0;0;16;1;
202300042301;155605619;B01;2;7;0;2;2;1;1;
202300042301;155605621;A01;1;31;0;2;7;15;1;
202300042302;155605616;A01;1;7;0;2;3;13;1;
202300042302;155605617;C01;2;7;0;2;3;1;1;
202300042302;155605618;B01;2;7;0;2;8;1;1;
202300042303;155605614;A01;2;7;0;1;3;1;1;
202300042304;155605613;B01;2;3;0;2;1;1;1;
202300042304;155605615;A01;1;7;0;2;1;1;1;
202300042305;155605612;A01;1;7;0;0;1;0;1;
202300042306;155605611;A01;0;10;0;1;2;1;1;
202300042307;155605609;A01;1;33;0;0;0;1;0;
202300042308;155605610;A01;1;7;0;0;9;0;0;
202300042309;155605607;B01;0;1;0;2;6;0;5;
202300042309;155605608;A01;0;7;0;2;2;1;1;
202300042310;155605606;A01;1;2;8;0;3;1;1;
202300042311;155605602;A01;2;7;0;2;6;1;1;
202300042311;155605604;B01;2;7;0;2;1;13;1;
202300042312;155605601;A01;2;7;0;2;8;19;1;
202300042312;155605605;B01;1;10;0;2;2;1;1;
202300042313;155605599;A01;2;7;0;2;1;13;0;
202300042313;155605600;B01;1;7;0;2;1;1;0;
202300042313;155605603;C01;1;7;3;2;1;1;0;
202300042314;155605598;A01;2;7;3;0;9;14;1;
202300042315;155605596;A01;1;7;0;2;7;15;1;
202300042315;155605597;B01;2;33;0;2;1;1;0;
202300042316;155605594;A01;1;7;0;2;1;15;1;
202300042316;155605595;B01;2;7;0;2;1;1;1;
202300042317;155605591;A01;2;7;0;2;3;13;1;
202300042317;155605592;B01;2;34;0;2;2;3;1;
202300042317;155605593;C01;2;7;0;2;5;2;1;
202300042318;155605590;A01;1;7;1;0;1;17;1;
202300042319;155605589;A01;2;50;0;0;0;0;3;
202300042320;155605586;A01;1;31;2;0;1;13;1;
202300042321;155605584;A01;2;7;0;2;2;1;1;
202300042321;155605587;B01;2;7;0;2;4;1;1;
202300042321;155605588;C01;2;7;0;2;1;1;1;
202300042322;155605583;A01;1;10;0;2;1;17;1;
202300042322;155605585;B01;1;7;0;2;6;15;1;
202300042323;155605580;A01;1;33;0;2;1;1;1;
202300042323;155605582;B01;1;7;0;0;4;15;1;
202300042324;155605579;A01;2;31;0;2;6;3;1;
202300042324;155605581;B01;2;10;0;2;1;1;1;
202300042325;155605576;A01;1;7;14;0;1;1;1;
202300042326;155605574;A01;1;7;0;2;2;19;1;
202300042326;155605578;B01;1;2;0;2;1;1;1;
202300042327;155605575;A01;3;7;0;2;7;17;0;
202300042327;155605577;B01;3;31;0;2;8;2;0;
202300042328;155605570;B01;1;33;0;2;7;17;1;
202300042328;155605572;A01;1;7;0;2;6;1;0;
202300042329;155605569;A01;1;7;0;2;1;2;0;
202300042329;155605571;B01;1;7;0;2;4;2;0;
202300042329;155605573;C01;1;7;0;2;4;2;0;
202300042330;155605565;A01;2;10;0;0;0;15;1;
202300042330;155605567;B01;1;7;0;2;3;13;1;
202300042330;155605568;C01;2;7;0;2;3;1;1;
202300042331;155605563;A01;2;7;0;0;1;17;1;
202300042331;155605566;B01;1;7;0;0;1;1;1;
202300042332;155605562;A01;1;33;0;2;1;3;0;
202300042332;155605564;B01;1;7;0;2;4;12;0;
202300042333;155605561;A01;2;7;13;0;3;21;1;
202300042334;155605560;A01;3;10;13;0;3;5;1;
202300042335;155605558;A01;2;7;0;2;5;12;1;
202300042335;155605559;B01;2;33;0;2;1;3;1;
202300042336;155605556;A01;1;7;0;1;2;1;1;
202300042337;155605555;A01;0;7;0;2;1;23;1;
202300042337;155605557;B01;0;7;0;0;4;15;0;
202300042338;155605553;A01;2;7;0;2;7;11;1;
202300042338;155605554;B01;2;43;0;2;7;1;1;
202300042339;155605549;A01;1;7;0;2;3;1;1;
202300042339;155605551;B01;2;7;0;2;3;1;1;
202300042340;155605547;A01;2;7;0;2;3;1;1;
202300042340;155605552;B01;3;7;0;2;2;19;1;
202300042341;155605546;C01;1;7;0;2;4;1;1;
202300042341;155605548;A01;1;33;0;2;2;3;1;
202300042341;155605550;B01;1;7;0;2;3;13;1;
202300042342;155605545;A01;1;1;12;0;3;25;5;
202300042343;155605544;A01;3;7;6;0;1;1;1;
202300042344;155605543;A01;2;7;4;0;2;1;1;
202300042345;155605541;B01;2;7;0;0;4;23;1;
202300042345;155605542;A01;2;30;0;2;1;2;1;
202300042346;155605537;B01;1;7;0;2;0;11;1;
202300042346;155605538;A01;2;33;0;2;0;3;1;
202300042347;155605536;A01;2;7;17;0;1;14;1;
202300042348;155605535;A01;1;10;6;0;1;1;1;
202300042349;155605533;A01;2;10;0;2;6;11;1;
202300042349;155605534;B01;2;32;0;2;7;3;1;
202300042350;155605531;A01;2;7;4;0;7;1;1;
202300042351;155605528;A01;1;7;0;2;4;23;1;
202300042351;155605530;B01;1;7;1;0;1;1;1;
202300042351;155605532;C01;1;7;1;0;3;1;3;
202300042352;155605523;A01;2;7;0;2;4;1;1;
202300042352;155605525;B01;2;7;0;2;4;1;1;
202300042352;155605527;C01;2;7;0;2;1;2;1;
202300042353;155605522;A01;1;7;0;2;7;12;1;
202300042353;155605524;B01;1;7;0;2;3;0;1;
202300042353;155605526;C01;1;7;0;2;3;0;1;
202300042353;155605529;D01;1;7;0;2;0;0;2;
202300042354;155605521;A01;1;7;0;1;7;1;1;
202300042355;155605519;A01;1;31;4;2;7;1;1;
202300042356;155605517;A01;2;7;0;2;8;19;1;
202300042356;155605518;B01;1;33;0;2;1;1;1;
202300042357;155605512;A01;1;10;0;2;1;2;1;
202300042357;155605514;B01;1;7;0;2;4;2;1;
202300042357;155605516;D01;1;7;0;2;4;2;1;
202300042357;155605520;C01;1;7;0;2;4;2;1;
202300042358;155605511;A01;1;7;0;1;1;1;0;
202300042359;155605510;B01;1;7;0;2;5;1;1;
202300042359;155605513;C01;1;7;0;2;6;1;1;
202300042359;155605515;Z01;1;10;0;2;3;13;1;
202300042360;155605507;A01;1;50;0;0;0;0;3;
202300042361;155605505;B01;1;7;0;2;3;15;1;
202300042361;155605508;A01;2;7;0;0;2;1;1;
202300042362;155605503;A01;1;7;0;2;1;2;1;
202300042362;155605504;B01;1;7;0;2;9;2;1;
202300042362;155605506;C01;1;7;0;2;9;2;1;
202300042362;155605509;D01;1;7;0;2;4;2;1;
202300042363;155605501;A01;1;7;2;0;8;1;1;
202300042364;155605500;A01;2;7;3;0;1;1;1;
202300042365;155605499;A01;2;7;0;2;2;15;1;
202300042365;155605502;B01;1;33;0;2;1;1;1;
202300042366;155605497;B01;3;2;0;2;1;1;1;
202300042366;155605498;A01;3;7;0;2;3;1;1;
202300042367;155605494;A01;1;10;0;2;2;12;1;
202300042367;155605496;B01;1;33;0;2;8;3;1;
202300042368;155605489;A01;1;7;4;0;1;2;1;
202300042369;155605488;C01;1;7;0;2;1;12;1;
202300042369;155605490;B01;1;7;0;2;4;2;1;
202300042369;155605491;A01;1;7;0;2;4;1;1;
202300042370;155605487;A01;1;7;0;1;2;16;1;
202300042371;155605485;A01;1;7;3;0;1;1;1;
202300042372;155605483;A01;1;7;0;2;5;1;1;
202300042372;155605486;B01;1;7;0;2;3;13;1;
202300042373;155605484;A01;3;32;0;0;2;1;1;
202300042374;155605479;A01;3;2;2;0;2;1;1;
202300042375;155605476;A01;2;7;0;2;3;2;1;
202300042375;155605478;C01;2;7;0;2;4;2;1;
202300042375;155605481;B01;2;7;0;2;4;2;1;
202300042376;155605477;A01;2;7;0;2;1;1;1;
202300042376;155605480;B01;2;7;0;2;1;1;1;
202300042376;155605482;C01;2;7;0;2;4;0;1;
202300042377;155605474;A01;2;7;4;0;1;1;1;
202300042378;155605473;A01;1;7;13;0;9;0;0;
202300042379;155605471;A01;2;7;0;2;4;1;1;
202300042379;155605472;Z01;2;10;0;2;1;0;0;
202300042379;155605475;B01;2;7;0;2;4;2;1;
202300042380;155605470;A01;3;3;12;2;1;26;1;
202300042381;155605467;A01;1;7;0;2;3;15;1;
202300042381;155605469;B01;2;2;0;2;3;1;1;
202300042382;155605465;B01;1;7;0;2;4;2;1;
202300042382;155605468;A01;1;7;0;2;1;2;1;
202300042383;155605463;A01;0;7;0;0;0;0;1;
202300042383;155605466;B01;0;7;0;0;0;0;1;
202300042384;155605460;B01;1;7;0;2;4;2;1;
202300042384;155605461;A01;1;7;0;2;1;2;1;
202300042385;155605457;D01;2;10;0;2;4;2;1;
202300042385;155605459;A01;2;10;0;2;1;2;1;
202300042385;155605462;B01;2;7;0;2;4;2;1;
202300042385;155605464;C01;2;7;0;2;4;2;1;
202300042386;155605456;A01;1;33;0;2;3;13;1;
202300042386;155605458;B01;2;30;0;2;3;13;1;
202300042387;155605451;B01;3;7;0;0;0;0;1;
202300042387;155605453;A01;1;33;0;9;0;2;1;
202300042388;155605450;A01;1;7;0;2;3;15;1;
202300042388;155605452;B01;2;7;0;2;3;1;1;
202300042389;155605449;B01;2;7;0;2;4;2;1;
202300042389;155605454;A01;2;7;0;2;1;2;1;
202300042389;155605455;C01;2;7;0;2;4;2;1;
202300042390;155605447;A01;1;7;0;2;3;16;1;
202300042390;155605448;B01;1;7;0;2;2;16;1;
202300042391;155605444;B01;1;7;0;2;1;1;1;
202300042391;155605446;A01;1;10;0;2;0;0;1;
202300042392;155605443;A01;1;7;0;2;1;2;1;
202300042392;155605445;B01;1;7;0;2;4;2;1;
202300042393;155605442;A01;0;7;0;1;1;1;1;
202300042394;155605439;B01;1;10;0;0;4;2;1;
202300042394;155605441;A01;1;7;0;2;1;1;1;
202300042395;155605438;A01;1;7;0;2;3;13;1;
202300042395;155605440;B01;2;7;0;2;3;26;1;
202300042396;155605435;A01;2;7;0;2;3;15;1;
202300042396;155605437;B01;2;50;0;2;7;1;3;
202300042397;155605434;A01;2;7;0;2;5;12;1;
202300042397;155605436;B01;2;33;0;2;1;3;1;
202300042398;155605432;A01;1;33;0;0;8;21;6;
202300042398;155605433;B01;1;7;0;0;0;0;0;
202300042399;155605431;A01;3;7;0;0;1;26;1;
202300042400;155605427;A01;3;7;1;2;4;26;1;
202300042401;155605428;A01;3;7;0;0;1;1;1;
202300042402;155605425;B01;1;10;0;2;4;2;1;
202300042402;155605426;A01;1;10;0;2;1;2;1;
202300042402;155605429;D01;1;7;0;2;4;2;1;
202300042402;155605430;C01;1;7;0;2;4;2;1;
202300042403;155605424;A01;1;7;-1;-1;-1;0;-1;
202300042404;155605421;B01;1;33;0;2;1;17;1;
202300042404;155605423;A01;2;7;0;9;6;15;1;
202300042405;155605420;B01;2;10;0;2;4;1;1;
202300042405;155605422;A01;2;10;0;2;1;1;1;
202300042406;155605419;A01;1;7;0;1;7;16;1;
202300042407;155605418;A01;2;33;4;0;7;0;1;
202300042408;155605416;A01;0;1;0;2;8;26;5;
202300042409;155605415;A01;1;33;0;2;7;3;1;
202300042409;155605417;B01;1;7;0;2;6;11;1;
202300042410;155605413;A01;1;33;0;2;1;9;1;
202300042410;155605414;B01;2;7;0;2;8;9;1;
202300042411;155605412;A01;1;7;0;1;3;1;1;
202300042412;155605410;B01;2;7;0;2;5;2;1;
202300042412;155605411;A01;1;43;0;2;1;2;1;
202300042413;155605407;B01;1;10;0;2;3;1;1;
202300042413;155605409;A01;1;33;0;2;1;17;1;
202300042414;155605406;A01;1;7;0;1;2;1;1;
202300042415;155605405;B01;1;7;0;2;3;1;1;
202300042415;155605408;A01;2;7;0;2;3;21;1;
202300042416;155605403;A01;2;33;0;1;1;1;1;
202300042417;155605402;B01;1;13;0;2;8;23;1;
202300042417;155605404;A01;1;7;11;2;1;15;1;
202300042418;155605400;A01;2;7;4;2;3;13;1;
202300042419;155605399;B01;2;10;0;2;3;2;1;
202300042419;155605401;A01;2;14;0;2;1;1;1;
202300042420;155605398;A01;3;7;0;1;1;1;1;
202300042421;155605397;A01;1;7;0;1;1;26;1;
202300042422;155605396;A01;1;32;0;2;4;23;1;
202300042423;155605393;A01;2;10;0;2;2;15;1;
202300042423;155605395;B01;1;7;0;2;1;1;1;
202300042424;155605392;A01;2;7;0;2;1;13;1;
202300042424;155605394;B01;2;7;0;2;1;1;1;
202300042425;155605390;A01;2;7;0;2;3;11;1;
202300042425;155605391;B01;0;34;0;2;1;2;1;
202300042426;155605386;A01;1;7;0;2;7;15;1;
202300042426;155605389;B01;2;30;0;2;1;1;1;
202300042427;155605385;A01;1;7;0;2;9;13;1;
202300042427;155605387;B01;2;7;0;2;2;1;1;
202300042427;155605388;C01;2;7;0;2;3;1;1;
202300042428;155605383;B01;2;32;0;2;2;15;1;
202300042428;155605384;A01;1;7;0;2;3;15;1;
202300042429;155605382;A01;0;7;0;1;1;1;1;
202300042430;155605381;A01;3;50;0;1;1;1;3;
202300042431;155605380;A01;3;7;0;0;9;19;1;
202300042432;155605378;A01;1;7;0;2;1;2;1;
202300042432;155605379;B01;1;7;0;2;4;2;1;
202300042433;155605376;A01;3;7;0;2;3;1;1;
202300042433;155605377;B01;3;50;0;2;1;19;3;
202300042434;155605373;A01;3;10;0;2;1;2;1;
202300042434;155605375;B01;3;7;0;2;4;2;1;
202300042435;155605372;B01;3;7;0;2;1;1;1;
202300042435;155605374;A01;3;7;0;2;4;1;1;
202300042436;155605368;B01;3;7;0;2;4;2;1;
202300042436;155605370;A01;3;32;0;2;3;2;1;
202300042437;155605364;B01;1;50;0;2;2;1;3;
202300042437;155605366;A01;2;7;0;9;3;9;1;
202300042438;155605362;A01;1;50;0;0;0;13;3;
202300042439;155605363;B01;3;7;0;2;2;2;1;
202300042439;155605365;A01;3;10;0;2;1;9;1;
202300042440;155605361;A01;3;7;0;1;2;1;1;
202300042441;155605359;A01;3;7;0;2;3;13;1;
202300042441;155605360;B01;0;7;0;2;1;1;1;
202300042442;155605357;A01;0;7;0;2;1;0;0;
202300042442;155605358;B01;0;7;0;2;5;1;0;
202300042443;155605353;A01;1;7;0;2;1;1;0;
202300042443;155605355;B01;1;13;0;2;4;1;0;
202300042444;155605354;B01;3;7;0;2;4;2;1;
202300042444;155605356;A01;3;7;0;2;1;2;1;
202300042445;155605351;A01;2;7;0;1;1;16;1;
202300042446;155605349;B01;1;30;0;2;2;1;1;
202300042446;155605350;A01;1;7;0;2;3;9;1;
202300042447;155605345;A01;1;7;0;2;1;2;1;
202300042447;155605346;B01;1;7;0;2;4;2;1;
202300042447;155605347;C01;2;7;0;0;4;23;1;
202300042448;155605344;A01;1;7;0;2;3;26;1;
202300042448;155605348;B01;2;7;0;2;1;26;1;
202300042449;155605341;B01;2;10;0;2;4;2;1;
202300042449;155605342;C01;1;7;0;2;4;23;1;
202300042449;155605343;A01;2;7;0;2;1;2;1;
202300042450;155605340;A01;1;10;0;1;1;26;1;
202300042451;155605338;A01;3;30;0;2;1;2;1;
202300042451;155605339;B01;3;7;0;2;4;2;3;
202300042452;155605337;A01;1;7;13;0;1;1;1;
202300042453;155605333;B01;3;7;0;2;1;1;1;
202300042453;155605335;A01;3;33;0;2;1;5;1;
202300042454;155605334;A01;2;7;0;2;2;19;1;
202300042454;155605336;B01;0;1;0;2;0;0;5;
202300042455;155605330;B01;2;33;0;2;1;19;1;
202300042455;155605332;A01;3;7;0;2;6;19;2;
202300042456;155605329;A01;2;33;0;2;5;1;1;
202300042456;155605331;X01;2;7;0;2;2;17;1;
202300042457;155605327;A01;2;7;0;2;0;1;0;
202300042457;155605328;B01;1;50;0;2;0;15;3;
202300042458;155605325;A01;1;7;1;0;2;1;1;
202300042459;155605324;A01;2;1;0;2;7;1;5;
202300042459;155605326;B01;1;7;0;2;3;1;0;
202300042460;155605323;A01;3;7;0;1;2;1;1;
202300042461;155605321;B01;3;7;0;2;3;15;0;
202300042461;155605322;A01;0;33;0;2;1;17;0;
202300042462;155605319;B01;3;7;8;2;8;0;1;
202300042462;155605320;A01;3;7;0;2;1;0;1;
202300042463;155605317;A01;1;1;0;2;1;13;5;
202300042463;155605318;B01;2;7;0;2;1;1;3;