Num_Acc;id_vehicule;num_veh;senc;catv;obs;obsm;choc;manv;motor;occutc
202300042464;155605316;A01;2;7;0;1;2;1;2;
202300042465;155605312;A01;2;10;0;2;3;15;1;
202300042465;155605314;B01;1;7;0;2;1;1;1;
202300042466;155605313;A01;2;10;0;2;8;15;1;
202300042466;155605315;B01;2;30;0;2;1;17;1;
202300042467;155605311;A01;3;7;13;0;9;14;1;
202300042468;155605309;A01;1;7;0;2;8;10;2;
202300042468;155605310;B01;1;7;0;2;3;1;1;
202300042469;155605307;B01;0;2;9;2;7;1;1;
202300042469;155605308;A01;0;7;0;2;7;15;1;
202300042470;155605304;Z01;2;7;0;2;1;15;1;
202300042470;155605306;A01;1;1;0;2;8;19;5;
202300042471;155605303;B01;1;7;0;2;4;1;1;
202300042471;155605305;A01;1;7;0;2;1;1;1;
202300042472;155605302;A01;2;7;1;0;2;14;1;
202300042473;155605300;A01;1;7;0;2;3;1;1;
202300042473;155605301;B01;2;7;0;2;3;1;1;
202300042474;155605297;B01;3;10;0;2;3;9;1;
202300042474;155605299;A01;1;30;0;2;1;17;1;
202300042475;155605296;A01;1;7;0;2;1;1;1;
202300042475;155605298;B01;0;7;0;2;8;1;1;
202300042476;155605293;A01;2;7;0;2;1;1;1;
202300042476;155605295;B01;2;7;0;2;4;1;1;
202300042477;155605292;B01;2;33;0;2;7;17;1;
202300042477;155605294;A01;2;7;0;2;8;15;1;
202300042478;155605289;B01;1;10;0;2;5;1;1;
202300042478;155605291;A01;1;30;0;2;1;1;1;
202300042479;155605288;A01;2;7;0;2;3;1;1;
202300042479;155605290;B01;2;2;0;2;8;19;1;
202300042480;155605286;A01;1;50;0;1;1;1;3;
202300042481;155605287;A01;1;30;16;0;8;13;1;
202300042482;155605284;A01;1;43;0;2;1;1;1;
202300042482;155605285;B01;1;10;0;2;5;1;6;
202300042483;155605283;A01;1;7;0;1;1;1;1;
202300042484;155605281;B01;1;7;0;2;6;1;1;
202300042484;155605282;A01;2;33;0;2;3;1;1;
202300042485;155605280;A01;2;7;0;1;2;1;1;
202300042486;155605279;A01;3;33;0;0;7;1;1;
202300042487;155605278;A01;1;7;0;1;3;1;1;
202300042488;155605277;A01;3;80;0;0;8;10;3;
202300042489;155605276;A01;2;7;0;1;1;26;4;
202300042490;155605275;A01;0;7;0;1;2;1;1;
202300042491;155605273;A01;1;1;0;0;8;1;5;
202300042492;155605272;B01;1;1;0;2;1;5;5;
202300042492;155605274;A01;2;10;0;2;1;1;1;
202300042493;155605271;A01;1;7;0;1;2;1;1;
202300042494;155605270;A01;1;7;0;1;1;21;1;
202300042495;155605268;A01;3;7;0;1;1;15;1;
202300042496;155605267;A01;2;1;0;2;8;13;5;
202300042496;155605269;B01;2;7;0;0;7;17;1;
202300042497;155605263;A01;1;50;0;0;0;9;3;
202300042497;155605265;Z01;3;0;0;0;0;0;0;
202300042498;155605261;A01;1;2;0;2;1;1;1;
202300042498;155605262;B01;1;7;0;2;8;1;1;
202300042499;155605264;A01;3;7;0;2;2;15;0;
202300042499;155605266;B01;3;7;0;2;3;1;0;
202300042500;155605259;A01;3;30;0;2;4;1;1;
202300042500;155605260;X01;3;7;0;2;1;2;0;
202300042501;155605256;A01;1;30;0;2;7;1;1;
202300042501;155605257;B01;1;7;0;2;1;1;0;
202300042502;155605258;A01;2;7;16;0;0;1;1;
202300042503;155605254;B01;2;7;0;2;2;15;1;
202300042503;155605255;A01;1;10;0;2;5;1;1;
202300042504;155605250;B01;2;1;0;0;8;1;5;
202300042504;155605253;A01;2;10;1;2;1;1;1;
202300042505;155605251;A01;2;7;0;2;4;15;1;
202300042505;155605252;B01;2;33;0;2;1;1;1;
202300042506;155605248;B01;1;7;0;2;8;1;1;
202300042506;155605249;A01;3;10;0;2;1;19;1;
202300042507;155605246;A01;3;10;0;2;4;15;1;
202300042507;155605247;B01;3;10;0;2;1;1;1;
202300042508;155605245;A01;2;10;0;1;3;1;1;
202300042509;155605244;A01;2;31;0;0;7;17;1;
202300042510;155605242;A01;3;3;0;2;2;1;3;
202300042511;155605241;B01;1;1;0;2;1;15;5;
202300042511;155605243;A01;2;7;0;2;1;1;1;
202300042512;155605238;A01;1;7;1;0;1;1;1;
202300042512;155605239;C01;1;10;0;2;4;23;1;
202300042512;155605240;B01;1;10;1;0;4;1;1;
202300042513;155605236;A01;0;7;0;1;0;20;1;
202300042514;155605235;A01;2;7;0;2;3;15;1;
202300042514;155605237;B01;1;33;0;2;1;1;1;
202300042515;155605233;A01;3;7;0;2;1;13;1;
202300042515;155605234;B01;3;7;0;2;1;0;3;
202300042516;155605232;A01;3;7;0;1;7;1;3;
202300042517;155605230;A01;1;7;0;2;1;9;1;
202300042517;155605231;B01;2;50;0;2;7;1;3;
202300042518;155605227;A01;2;33;0;0;7;1;1;
202300042519;155605226;A01;1;10;0;1;1;1;1;
202300042520;155605224;A01;0;7;0;2;3;1;0;
202300042520;155605225;B01;0;33;0;2;7;1;0;
202300042521;155605223;A01;3;7;13;0;1;13;1;
202300042522;155605219;B01;2;1;14;0;0;0;5;
202300042522;155605221;A01;1;7;14;0;2;15;1;
202300042523;155605217;A01;1;50;0;2;1;1;3;
202300042523;155605220;B01;2;7;0;2;2;15;1;
202300042524;155605214;A01;1;10;0;2;1;1;1;
202300042524;155605215;B01;1;7;0;2;4;1;1;
202300042524;155605218;C01;1;7;0;2;4;1;1;
202300042525;155605216;A01;1;7;1;0;3;13;1;
202300042526;155605210;A01;1;10;0;2;1;1;1;
202300042526;155605212;B01;1;10;0;2;4;1;1;
202300042527;155605209;C01;1;7;0;2;4;2;0;
202300042527;155605211;A01;1;7;0;2;1;2;0;
202300042527;155605213;B01;1;7;0;2;4;2;0;
202300042528;155605207;A01;1;7;0;1;1;1;1;
202300042529;155605205;A01;2;7;0;1;2;1;1;
202300042530;155605206;B01;1;80;0;2;2;1;3;
202300042530;155605208;A01;2;7;0;9;3;15;1;
202300042531;155605203;A01;2;7;0;2;1;9;1;
202300042531;155605204;B01;1;50;0;2;7;1;3;
202300042532;155605202;A01;2;7;6;0;1;1;1;
202300042533;155605200;B01;2;50;0;9;1;1;3;
202300042533;155605201;A01;2;50;0;2;1;5;3;
202300042534;155605199;A01;2;10;0;1;1;1;2;
202300042535;155605197;Y01;2;1;0;2;0;15;5;
202300042535;155605198;A01;1;7;0;2;1;1;1;
202300042536;155605196;A01;1;7;0;0;0;26;1;
202300042537;155605194;B01;2;7;0;2;1;1;1;
202300042537;155605195;A01;1;7;0;2;1;13;1;
202300042538;155605193;A01;1;0;0;1;7;0;0;
202300042539;155605191;A01;2;7;0;2;3;20;1;
202300042539;155605192;B01;2;1;0;2;1;1;5;
202300042540;155605189;A01;1;37;0;1;2;1;4;1.0
202300042541;155605188;B01;2;1;0;2;1;0;5;
202300042541;155605190;A01;2;7;0;2;3;19;1;
202300042542;155605186;A01;2;10;0;2;8;10;1;
202300042542;155605187;B01;2;33;0;2;1;1;1;
202300042543;155605182;A01;1;7;0;2;2;15;1;
202300042543;155605183;B01;2;80;0;2;1;1;3;
202300042544;155605180;C01;2;7;0;2;4;2;2;
202300042544;155605181;B01;2;7;0;2;4;2;1;
202300042544;155605184;A01;2;15;0;2;1;2;1;
202300042545;155605177;A01;2;2;0;0;0;15;1;
202300042546;155605176;A01;3;7;0;2;1;5;1;
202300042546;155605178;B01;3;30;0;2;9;1;1;
202300042547;155605175;A01;1;7;6;0;1;0;1;
202300042548;155605172;B01;0;7;0;2;4;23;1;
202300042548;155605173;C01;0;7;0;2;4;23;1;
202300042548;155605174;A01;0;7;0;2;1;2;1;
202300042549;155605170;A01;1;31;0;2;0;18;1;
202300042549;155605171;B01;1;21;0;2;7;13;1;
202300042550;155605179;A01;1;30;7;0;1;1;3;
202300042551;155605168;Z01;3;7;0;2;0;15;0;
202300042551;155605169;A01;3;2;0;2;1;1;1;
202300042552;155605167;A01;1;2;12;0;7;1;0;
202300042553;155605165;A01;2;7;2;0;1;1;1;
202300042554;155605164;A01;0;31;0;2;7;1;1;
202300042554;155605166;B01;0;7;0;2;1;1;1;
202300042555;155605162;A01;0;10;0;1;3;15;1;
202300042556;155605161;B01;2;1;0;2;1;1;5;
202300042556;155605163;A01;1;7;0;2;2;15;0;
202300042557;155605158;A01;1;7;0;2;1;19;1;
202300042557;155605159;B01;1;7;0;0;6;1;1;
202300042558;155605157;A01;1;7;0;2;7;15;1;
202300042558;155605160;B01;2;7;0;2;3;1;1;
202300042559;155605156;A01;2;7;0;1;2;17;1;
202300042560;155605154;A01;3;7;0;2;2;16;1;
202300042560;155605155;B01;3;80;0;2;8;1;3;
202300042561;155605149;B01;2;7;0;2;3;16;1;
202300042561;155605152;A01;1;7;0;2;2;19;1;
202300042562;155605150;A01;2;10;0;2;3;2;1;
202300042562;155605151;C01;1;7;0;2;1;1;1;
202300042562;155605153;B01;2;7;0;2;5;15;1;
202300042563;155605146;A01;1;7;1;0;2;1;1;
202300042563;155605148;B01;1;15;1;0;6;23;0;
202300042564;155605145;B01;1;7;0;0;5;23;1;
202300042564;155605147;A01;1;2;0;2;1;1;1;
202300042565;155605143;A01;2;7;0;1;1;1;1;
202300042566;155605140;A01;1;7;12;2;1;13;1;
202300042566;155605142;B01;2;7;0;2;1;1;1;
202300042567;155605138;B01;0;1;0;2;0;25;5;
202300042567;155605139;A01;0;7;0;2;0;1;1;
202300042568;155605137;A01;2;3;0;1;0;1;0;
202300042569;155605135;A01;1;7;2;0;2;13;0;
202300042570;155605134;A01;1;7;0;2;7;15;1;
202300042570;155605136;B01;2;7;0;2;3;14;2;
202300042571;155605130;A01;1;7;0;1;1;1;2;
202300042572;155605131;A01;3;10;13;0;2;1;1;
202300042573;155605132;A01;3;7;0;2;1;9;1;
202300042573;155605133;B01;3;7;0;2;1;1;1;
202300042574;155605129;A01;1;7;0;9;1;21;1;
202300042575;155605128;A01;2;7;0;1;1;1;1;
202300042576;155605127;A01;2;7;0;1;2;1;1;
202300042577;155605122;B01;1;33;0;2;1;21;1;
202300042577;155605124;C01;1;33;0;2;1;2;1;
202300042577;155605126;A01;2;10;0;2;6;19;1;
202300042578;155605121;A01;2;2;0;1;1;26;1;
202300042579;155605119;A01;2;7;0;0;4;2;1;
202300042579;155605120;B01;2;7;0;2;9;2;1;
202300042579;155605123;C01;2;33;0;2;9;2;1;
202300042579;155605125;D01;2;7;0;2;1;2;1;
202300042580;155605118;A01;1;7;0;1;1;1;1;
202300042581;155605115;A01;3;7;0;1;1;15;1;
202300042582;155605113;B01;1;2;0;2;1;1;1;
202300042582;155605116;A01;1;7;0;2;5;15;1;
202300042583;155605114;B01;2;7;0;2;4;26;1;
202300042583;155605117;A01;2;10;0;2;1;26;1;
202300042584;155605109;A01;1;7;0;2;0;0;1;
202300042584;155605112;B01;1;7;0;2;0;0;1;
202300042585;155605108;A01;1;7;0;2;3;1;1;
202300042585;155605111;B01;2;7;0;2;3;21;1;
202300042586;155605105;C01;0;37;0;2;1;15;0;1.0
202300042586;155605107;B01;3;7;0;2;1;15;0;
202300042586;155605110;A01;3;50;0;2;1;17;3;
202300042587;155605102;A01;2;33;2;2;2;17;1;
202300042587;155605104;B01;2;7;0;2;3;17;1;
202300042588;155605103;B01;-1;0;-1;2;3;20;-1;
202300042588;155605106;A01;2;31;0;2;7;1;1;
202300042589;155605101;A01;1;7;8;0;2;1;1;
202300042590;155605097;B01;2;1;0;2;8;21;5;
202300042590;155605098;A01;2;10;0;2;1;19;1;
202300042591;155605095;B01;3;1;0;2;6;13;5;
202300042591;155605096;A01;3;7;0;0;3;15;1;
202300042592;155605094;A01;1;7;13;0;1;1;1;
202300042593;155605092;A01;2;7;13;0;3;2;1;
202300042594;155605099;A01;2;7;0;2;1;1;6;
202300042594;155605100;B01;2;34;16;0;4;1;6;
202300042595;155605093;A01;1;7;0;1;1;1;1;
202300042596;155605090;B01;1;7;0;2;8;1;1;
202300042596;155605091;A01;1;2;0;2;1;9;1;
202300042597;155605089;A01;1;1;7;0;2;15;5;
202300042598;155605087;A01;3;33;0;0;9;13;1;
202300042599;155605088;A01;1;10;0;1;1;15;1;
202300042600;155605086;A01;3;2;8;0;1;0;1;
202300042601;155605082;A01;2;7;0;2;3;19;1;
202300042601;155605083;B01;2;2;0;2;1;1;1;
202300042602;155605084;B01;1;60;9;0;0;0;5;
202300042602;155605085;A01;1;3;5;0;5;16;0;
202300042603;155605080;A01;0;7;0;2;3;20;1;
202300042603;155605081;B01;3;2;0;2;1;1;1;
202300042604;155605077;A01;1;7;0;2;1;1;0;
202300042604;155605078;B01;1;80;0;0;7;1;3;
202300042605;155605075;A01;1;7;1;2;3;2;1;
202300042605;155605076;B01;0;7;1;2;5;2;1;
202300042605;155605079;C01;0;7;0;2;5;24;1;
202300042606;155605073;B01;1;10;0;2;3;19;1;
202300042606;155605074;A01;2;7;0;2;2;1;1;
202300042607;155605071;A01;2;7;0;2;1;5;1;
202300042607;155605072;B01;1;7;0;2;1;1;1;
202300042608;155605068;B01;3;7;0;2;3;1;1;
202300042608;155605070;A01;3;7;0;2;5;1;1;
202300042609;155605065;B01;1;38;16;2;3;1;1;17.0
202300042609;155605069;A01;1;7;4;2;2;9;1;
202300042610;155605066;B01;0;32;0;2;1;1;1;
202300042610;155605067;A01;3;7;0;2;2;10;1;
202300042611;155605064;A01;3;7;0;1;1;1;1;
202300042612;155605061;A01;3;7;0;0;1;1;1;
202300042613;155605062;A01;2;7;0;2;2;1;1;
202300042613;155605063;B01;2;80;0;2;6;1;3;
202300042614;155605060;A01;1;33;12;0;2;1;1;
202300042615;155605057;A01;1;7;2;0;1;1;1;
202300042616;155605053;A01;1;7;0;2;3;13;1;
202300042616;155605055;B01;2;15;0;2;3;1;1;
202300042617;155605054;B01;2;15;0;2;8;1;1;
202300042617;155605056;C01;2;7;0;2;4;1;1;
202300042617;155605058;D01;2;7;0;2;1;1;1;
202300042617;155605059;A01;2;7;3;2;1;1;1;
202300042618;155605052;A01;2;7;0;1;4;4;1;
202300042619;155605050;A01;1;10;1;0;1;1;0;
202300042620;155605049;B01;1;7;0;2;1;1;1;
202300042620;155605051;A01;2;7;3;2;1;13;1;
202300042621;155605048;A01;1;10;0;1;2;19;1;
202300042622;155605046;B01;3;7;0;2;1;1;1;
202300042622;155605047;A01;3;7;0;0;5;15;1;
202300042623;155605042;A01;2;7;0;2;5;15;1;
202300042623;155605043;B01;1;7;0;2;1;1;1;
202300042624;155605040;A01;1;7;0;2;3;1;2;
202300042624;155605041;B01;2;33;0;2;3;17;1;
202300042625;155605039;A01;2;33;12;0;1;1;1;
202300042626;155605044;A01;1;33;0;2;1;13;1;
202300042626;155605045;B01;2;7;0;2;1;1;1;
202300042627;155605038;A01;1;33;14;0;1;1;1;
202300042628;155605036;A01;2;7;0;2;6;11;1;
202300042628;155605037;B01;2;33;0;0;9;17;0;
202300042629;155605033;A01;1;2;0;2;0;16;1;
202300042629;155605034;B01;2;7;0;2;8;1;1;
202300042630;155605035;A01;3;33;0;0;0;1;1;
202300042631;155605032;A01;0;7;0;1;3;26;1;
202300042632;155605030;B01;2;31;14;0;1;1;1;
202300042632;155605031;A01;1;33;3;2;9;1;1;
202300042633;155605029;A01;1;33;0;2;3;0;1;
202300042634;155605026;A01;2;10;0;2;1;11;1;
202300042634;155605027;B01;2;7;0;2;4;1;1;
202300042635;155605025;A01;2;10;5;0;1;0;1;
202300042636;155605028;A01;1;10;1;1;2;1;0;
202300042637;155605023;A01;1;33;0;2;1;21;1;
202300042637;155605024;B01;1;7;0;2;4;1;1;
202300042638;155605021;A01;1;7;0;2;1;2;1;
202300042638;155605022;B01;1;7;0;2;4;2;1;
202300042639;155605018;A01;1;7;0;2;4;2;1;
202300042639;155605019;B01;1;10;0;2;1;2;1;
202300042639;155605020;C01;1;14;0;2;1;2;1;
202300042640;155605015;A01;1;7;0;2;1;1;1;
202300042640;155605016;B01;1;7;0;2;4;2;1;
202300042641;155605013;A01;2;10;0;2;6;11;1;
202300042641;155605014;B01;2;33;0;2;1;3;1;
202300042642;155605011;B01;1;7;0;2;7;12;1;
202300042642;155605012;A01;1;33;0;2;3;3;1;
202300042643;155605010;A01;3;7;0;2;2;15;1;
202300042643;155605017;B01;1;7;0;2;1;1;1;
202300042644;155605008;A01;2;33;0;2;1;3;1;
202300042644;155605009;B01;2;7;0;2;6;11;1;
202300042645;155605006;A01;2;33;0;2;1;3;1;
202300042645;155605007;B01;2;7;0;2;6;11;1;
202300042646;155605000;B01;2;7;0;2;4;12;1;
202300042646;155605001;A01;2;33;0;2;1;3;1;
202300042647;155604998;A01;1;7;0;2;7;12;1;
202300042647;155604999;B01;1;43;0;2;8;3;1;
202300042648;155604995;A01;1;7;0;2;4;1;1;
202300042648;155604996;B01;1;7;0;2;1;1;1;
202300042649;155604997;A01;2;7;0;2;1;1;1;
202300042649;155605005;B01;1;7;0;2;3;13;1;
202300042650;155604994;A01;1;43;0;2;1;3;1;
202300042651;155604989;A01;1;10;0;2;1;2;1;
202300042651;155604990;B01;1;7;0;2;4;2;2;
202300042651;155604991;C01;1;7;0;2;4;2;1;
202300042651;155604993;D01;1;7;0;2;4;2;1;
202300042652;155604992;A01;1;7;2;0;8;1;1;
202300042653;155604987;A01;1;16;0;2;3;13;1;
202300042653;155604988;B01;1;10;0;2;2;1;1;
202300042654;155604985;B01;2;10;0;2;1;0;-1;
202300042654;155604986;A01;2;7;0;2;4;2;1;
202300042655;155604983;A01;1;7;0;2;3;0;1;
202300042655;155604984;B01;1;15;0;2;2;14;1;
202300042656;155604979;A01;1;33;0;2;0;12;1;
202300042656;155604980;B01;1;14;0;2;8;2;1;
202300042656;155604981;C01;1;7;0;2;6;2;1;
202300042657;155604978;A01;2;7;0;2;1;1;1;
202300042657;155604982;B01;1;10;0;2;1;1;1;
202300042658;155604972;A01;1;10;0;2;1;2;1;
202300042658;155604973;B01;1;7;0;2;4;2;1;
202300042658;155604974;C01;1;7;0;2;4;1;1;
202300042658;155604975;D01;2;7;0;2;4;0;0;
202300042658;155604976;E01;2;7;0;2;4;2;0;
202300042658;155604977;F01;2;7;0;2;4;2;0;
202300042659;155604970;A01;2;33;0;2;7;3;1;
202300042659;155604971;B01;2;7;0;2;8;11;1;
202300042660;155604969;A01;1;7;4;0;1;2;1;
202300042661;155604966;B01;2;7;0;2;1;2;1;
202300042661;155604967;A01;2;7;0;2;4;1;1;
202300042662;155604964;A01;2;33;0;2;1;3;1;
202300042662;155604965;B01;2;10;0;2;8;11;1;
202300042663;155604962;A01;3;7;0;2;3;1;1;
202300042663;155604963;B01;3;2;0;2;1;1;1;
202300042664;155604960;A01;1;14;0;1;1;26;1;
202300042665;155604958;B01;3;7;0;2;3;13;1;
202300042665;155604959;A01;0;7;0;2;3;13;1;
202300042666;155604956;A01;2;21;0;2;1;1;1;
202300042666;155604957;B01;1;10;0;2;8;15;1;
202300042667;155604954;A01;1;7;0;2;4;1;1;
202300042667;155604955;B01;1;7;0;2;1;1;1;
202300042668;155604961;A01;1;2;0;2;1;1;1;
202300042668;155604968;B01;3;7;0;2;6;15;1;
202300042669;155604951;A01;2;7;3;0;0;0;1;
202300042669;155604952;B01;2;10;0;9;1;1;1;
202300042669;155604953;C01;1;7;3;0;1;1;1;
202300042670;155604947;B01;1;7;0;2;4;2;1;
202300042670;155604948;C01;1;7;0;2;1;2;1;
202300042670;155604950;A01;1;7;0;0;4;2;1;
202300042671;155604946;A01;1;99;6;0;2;14;1;
202300042672;155604945;A01;1;7;8;0;1;2;0;
202300042673;155604943;A01;3;7;15;2;2;26;1;
202300042673;155604944;B01;3;50;0;2;8;0;3;
202300042674;155604949;A01;1;7;13;0;1;17;1;
202300042675;155604941;A01;2;32;0;2;3;7;1;
202300042675;155604942;B01;2;7;0;2;2;16;1;
202300042676;155604939;A01;2;7;0;1;1;1;1;
202300042677;155604937;A01;2;31;0;2;1;5;1;
202300042677;155604938;B01;1;7;0;2;1;1;1;
202300042678;155604935;A01;1;7;14;2;2;1;1;
202300042678;155604936;B01;1;1;0;2;4;23;5;
202300042679;155604940;A01;1;7;3;0;9;13;0;
202300042680;155604932;A01;0;10;0;2;1;26;1;
202300042680;155604933;C01;3;7;0;2;1;1;1;
202300042680;155604934;B01;0;33;0;2;8;1;1;
202300042681;155604930;A01;2;7;0;2;4;1;1;
202300042681;155604931;B01;2;7;0;2;1;1;1;
202300042682;155604928;B01;1;7;0;2;3;13;1;
202300042682;155604929;A01;1;99;0;2;5;26;1;
202300042683;155604925;C01;1;7;0;2;1;1;1;
202300042683;155604926;B01;1;30;0;0;0;0;0;
202300042683;155604927;A01;2;7;0;2;1;13;1;
202300042684;155604923;A01;1;10;14;2;3;2;0;
202300042684;155604924;B01;1;99;14;2;1;1;6;
202300042685;155604922;A01;1;7;0;1;2;1;2;
202300042686;155604921;A01;2;7;0;0;3;1;1;
202300042687;155604918;A01;-1;7;12;0;9;1;1;
202300042688;155604917;A01;2;7;0;2;1;1;1;
202300042688;155604919;B01;2;7;0;2;6;19;1;
202300042689;155604916;A01;1;7;0;0;0;1;1;
202300042690;155604912;A01;3;10;0;2;3;19;1;
202300042690;155604915;B01;3;33;0;2;8;1;1;
202300042691;155604911;A01;3;15;13;2;3;21;1;
202300042691;155604913;B01;3;7;13;2;1;13;1;
202300042692;155604910;A01;3;7;0;2;1;5;2;
202300042692;155604914;B01;3;7;0;2;1;1;1;
202300042693;155604906;A01;2;7;0;2;3;15;1;
202300042693;155604909;B01;1;7;0;2;3;1;1;
202300042694;155604905;B01;1;7;7;2;1;1;1;
202300042694;155604908;A01;1;7;0;2;8;15;1;
202300042695;155604904;B01;2;7;0;2;1;1;1;
202300042695;155604907;A01;2;10;0;0;2;15;1;
202300042696;155604902;A01;2;7;0;2;1;15;1;
202300042696;155604903;B01;1;43;0;2;1;1;1;
202300042697;155604900;A01;2;7;0;2;3;13;1;
202300042697;155604901;B01;1;33;0;2;3;0;1;
202300042698;155604898;Z01;0;10;0;1;2;25;1;
202300042699;155604897;B01;1;7;0;2;4;23;1;
202300042699;155604899;A01;1;33;1;2;1;1;2;
202300042700;155604896;A01;2;7;0;1;3;1;1;
202300042701;155604894;A01;1;7;6;0;3;14;1;
202300042702;155604895;A01;1;7;0;1;3;15;1;
202300042703;155604893;A01;1;7;0;1;1;11;1;
202300042704;155604892;A01;1;7;8;0;1;1;1;
202300042705;155604891;A01;3;7;6;1;1;1;1;
202300042706;155604887;A01;1;7;0;2;1;15;1;
202300042706;155604889;B01;2;2;0;2;1;1;1;
202300042707;155604886;A01;3;7;15;0;1;1;1;
202300042708;155604884;A01;1;7;13;0;1;1;1;
202300042709;155604880;A01;0;7;0;2;3;5;1;
202300042709;155604882;B01;0;33;0;2;1;1;1;
202300042710;155604881;A01;1;7;0;2;1;13;1;
202300042710;155604883;B01;2;7;0;2;1;1;1;
202300042711;155604879;A01;2;7;15;0;1;1;1;
202300042712;155604875;B01;3;50;0;2;0;0;3;
202300042712;155604878;A01;3;37;0;2;7;1;3;1.0
202300042713;155604874;A01;1;10;0;2;1;2;1;
202300042713;155604877;B01;1;17;0;0;4;1;1;
202300042714;155604873;B01;2;10;0;2;1;1;1;
202300042714;155604876;A01;2;2;15;9;8;1;1;
202300042715;155604872;A01;1;32;0;0;7;1;1;
202300042716;155604869;A01;2;33;0;2;1;12;1;
202300042716;155604871;B01;2;17;0;0;4;1;1;
202300042717;155604866;A01;1;7;0;2;1;2;1;
202300042717;155604867;C01;1;7;0;0;4;2;1;
202300042717;155604868;B01;1;7;0;2;4;2;1;
202300042718;155604865;B01;2;7;0;2;3;1;1;
202300042718;155604870;A01;1;7;0;2;2;1;1;
202300042719;155604864;A01;1;7;4;0;1;1;1;
202300042720;155604860;A01;3;33;0;2;7;17;1;
202300042720;155604863;B01;3;7;0;2;8;20;1;
202300042721;155604858;A01;2;32;0;2;4;1;1;
202300042721;155604861;B01;2;7;0;2;5;12;1;
202300042722;155604856;A01;2;7;2;0;1;1;1;
202300042723;155604857;C01;2;7;0;2;1;26;0;
202300042723;155604859;B01;2;0;0;2;6;26;0;
202300042723;155604862;A01;2;33;3;0;2;17;1;
202300042724;155604854;A01;3;7;6;0;1;14;1;
202300042725;155604853;A01;1;7;0;1;1;11;1;
202300042726;155604855;A01;1;32;0;-1;1;1;1;
202300042727;155604852;A01;1;7;2;0;0;13;1;
202300042728;155604851;A01;2;7;0;2;9;1;1;
202300042729;155604850;A01;1;10;0;1;1;15;1;
202300042730;155604844;A01;2;7;0;2;2;10;1;
202300042730;155604847;B01;1;7;0;2;1;1;1;
202300042731;155604845;A01;1;33;0;2;1;2;1;
202300042731;155604848;B01;1;7;0;2;4;2;1;
202300042732;155604846;B01;0;15;0;2;2;1;1;
202300042732;155604849;A01;0;7;0;0;7;9;1;
202300042733;155604839;B01;0;7;0;0;3;1;0;
202300042733;155604841;A01;0;7;0;2;3;13;0;
202300042734;155604836;B01;1;33;0;2;4;2;1;
202300042734;155604838;A01;1;10;0;2;1;2;1;
202300042735;155604835;A01;2;7;0;2;8;14;1;
202300042735;155604837;B01;2;7;0;2;7;1;1;
202300042735;155604840;C01;2;7;0;2;7;1;1;
202300042735;155604842;D01;2;14;0;2;5;1;1;
202300042736;155604834;A01;1;7;6;0;1;0;1;
202300042737;155604832;A01;2;7;0;2;2;21;1;
202300042737;155604833;B01;2;1;0;2;8;19;5;
202300042738;155604830;A01;1;7;0;2;3;1;0;
202300042738;155604831;B01;1;10;0;2;5;24;0;
202300042739;155604827;A01;1;7;0;2;3;9;1;
202300042739;155604828;B01;1;1;0;2;2;16;5;
202300042740;155604826;A01;2;10;0;0;7;19;1;
202300042740;155604829;B01;2;7;0;2;1;1;1;
202300042741;155604825;A01;2;7;4;0;3;1;1;
202300042742;155604824;A01;1;7;6;0;1;1;1;
202300042743;155604822;A01;2;7;4;0;3;1;1;
202300042744;155604820;A01;1;30;0;0;1;1;1;
202300042745;155604819;A01;1;7;0;2;3;9;1;
202300042745;155604821;B01;1;30;0;2;4;1;1;
202300042745;155604823;C01;2;10;0;2;3;1;1;
202300042746;155604818;A01;1;31;0;0;7;1;1;
202300042747;155604816;A01;2;7;4;2;1;1;1;
202300042748;155604813;A01;1;7;0;2;1;13;0;
202300042748;155604815;B01;2;7;0;2;1;0;0;
202300042749;155604814;B01;2;7;0;2;3;1;1;
202300042749;155604817;A01;3;7;9;2;1;15;1;
202300042750;155604812;A01;1;7;0;1;2;17;1;
202300042751;155604810;A01;1;7;0;1;2;1;1;
202300042752;155604809;B01;2;17;0;2;6;1;1;
202300042752;155604811;A01;2;7;0;2;2;12;1;
202300042753;155604807;A01;3;7;0;2;8;15;1;
202300042753;155604808;B01;1;32;0;2;1;1;1;
202300042754;155604805;A01;1;7;0;0;3;13;1;
202300042755;155604802;B01;2;33;0;2;1;1;1;
202300042755;155604804;A01;1;7;0;2;1;13;1;
202300042756;155604803;B01;3;7;0;2;1;19;1;
202300042756;155604806;A01;3;2;0;2;7;1;1;
202300042757;155604800;B01;1;30;0;9;1;26;1;
202300042757;155604801;Y01;3;50;0;0;0;0;3;
202300042758;155604797;B01;1;7;0;0;0;15;1;
202300042758;155604799;A01;2;33;0;0;3;21;1;
202300042759;155604798;A01;2;7;2;0;1;0;1;
202300042760;155604794;B01;1;7;0;0;0;0;0;
202300042760;155604795;A01;1;1;0;0;0;0;5;
202300042761;155604792;A01;1;3;16;0;9;1;1;
202300042762;155604793;B01;2;7;0;2;2;15;1;
202300042762;155604796;A01;1;1;0;2;1;1;5;
202300042763;155604790;B01;2;30;0;2;1;2;1;
202300042763;155604791;A01;2;7;0;2;5;1;1;
202300042764;155604786;B01;2;7;13;2;1;0;1;