Num_Acc;id_vehicule;num_veh;senc;catv;obs;obsm;choc;manv;motor;occutc
202300042764;155604789;A01;1;7;0;2;6;1;1;
202300042765;155604785;B01;1;30;0;2;1;1;1;
202300042765;155604788;A01;3;7;0;2;4;4;1;
202300042766;155604784;A01;2;50;0;2;1;1;3;
202300042766;155604787;B01;1;7;0;2;3;16;1;
202300042767;155604781;A01;1;7;0;2;2;2;1;
202300042767;155604783;B01;1;1;0;2;8;1;5;
202300042768;155604780;A01;2;7;0;2;1;13;1;
202300042768;155604782;B01;1;7;7;2;1;1;1;
202300042769;155604778;A01;1;7;15;0;1;14;1;
202300042770;155604773;B01;0;50;0;2;1;1;3;
202300042770;155604776;A01;0;1;0;2;1;13;5;
202300042771;155604772;A01;1;7;0;2;3;15;1;
202300042771;155604774;B01;2;7;0;2;3;1;1;
202300042771;155604777;C01;1;7;0;2;8;1;1;
202300042771;155604779;D01;1;7;0;2;6;1;1;
202300042772;155604771;A01;1;7;0;0;7;19;1;
202300042772;155604775;B01;1;10;0;0;1;1;1;
202300042773;155604770;A01;2;7;2;0;0;1;1;
202300042774;155604767;A01;1;99;0;2;4;15;1;
202300042774;155604769;B01;1;33;0;2;0;0;1;
202300042775;155604765;A01;1;7;0;2;1;1;1;
202300042775;155604768;B01;1;2;0;2;7;1;1;
202300042776;155604764;B01;2;7;0;2;4;23;1;
202300042776;155604766;A01;2;7;0;2;1;2;1;
202300042777;155604759;A01;2;7;0;2;3;13;1;
202300042777;155604761;B01;2;7;0;2;8;1;1;
202300042778;155604758;A01;1;7;0;2;3;1;1;
202300042778;155604762;B01;2;7;0;2;3;1;1;
202300042779;155604755;A01;1;0;1;0;1;1;0;
202300042779;155604757;B01;1;7;0;2;4;24;1;
202300042780;155604753;A01;1;7;0;1;1;9;1;
202300042781;155604751;B01;0;2;0;2;7;1;1;
202300042781;155604752;A01;0;7;0;2;1;15;1;
202300042782;155604744;A01;3;7;14;0;1;1;1;
202300042782;155604746;B01;3;7;0;2;4;23;1;
202300042782;155604748;C01;3;7;0;2;4;23;3;
202300042782;155604749;D01;3;15;0;2;5;23;1;
202300042783;155604742;A01;3;7;0;2;1;2;1;
202300042783;155604747;B01;3;7;0;2;4;2;1;
202300042784;155604743;C01;2;7;0;2;6;1;1;
202300042784;155604745;B01;1;7;0;2;3;1;1;
202300042784;155604750;A01;2;7;0;2;8;13;1;
202300042785;155604739;A01;1;10;2;0;3;1;0;
202300042786;155604736;A01;2;7;0;2;3;16;1;
202300042786;155604738;B01;1;7;0;2;2;0;1;
202300042787;155604735;A01;2;7;0;2;3;19;1;
202300042787;155604737;B01;1;1;0;2;1;19;5;
202300042788;155604734;A01;1;7;0;1;1;0;1;
202300042789;155604732;A01;1;7;6;0;1;1;1;
202300042790;155604730;A01;2;10;0;2;1;13;1;
202300042790;155604733;B01;2;7;0;2;3;0;1;
202300042791;155604727;B01;3;2;0;2;4;2;1;
202300042791;155604728;A01;3;7;0;2;2;2;1;
202300042792;155604723;A01;3;33;0;2;1;2;1;
202300042792;155604724;B01;3;7;0;2;4;2;1;
202300042793;155604720;A01;1;7;0;1;1;1;1;
202300042794;155604722;B01;1;10;0;0;3;2;1;
202300042794;155604726;A01;1;10;0;0;2;9;1;
202300042795;155604719;B01;1;7;0;2;1;2;1;
202300042795;155604721;A01;1;7;0;2;4;2;1;
202300042796;155604715;A01;3;33;0;2;3;13;1;
202300042796;155604717;B01;3;7;0;2;8;1;1;
202300042797;155604713;B01;2;10;0;2;1;2;1;
202300042797;155604716;A01;2;32;0;2;4;2;1;
202300042798;155604712;A01;3;1;0;9;2;25;5;
202300042798;155604714;B01;3;50;0;2;3;26;3;
202300042799;155604707;A01;1;7;0;2;3;2;1;
202300042799;155604710;B01;1;1;0;2;4;2;5;
202300042800;155604709;A01;1;7;15;0;1;1;1;
202300042801;155604708;A01;1;7;0;2;3;9;1;
202300042801;155604711;B01;2;2;0;2;1;17;1;
202300042802;155604705;A01;3;7;0;2;3;1;1;
202300042802;155604706;B01;3;7;0;2;3;1;1;
202300042803;155604702;A01;3;7;0;2;4;1;1;
202300042803;155604704;B01;3;7;0;2;1;1;1;
202300042804;155604701;A01;3;7;0;2;2;26;1;
202300042804;155604703;B01;3;31;0;2;2;1;3;
202300042805;155604696;A01;1;7;5;0;9;1;1;
202300042806;155604695;A01;1;15;0;2;1;1;1;
202300042806;155604697;B01;1;7;0;2;4;23;1;
202300042806;155604698;C01;1;7;0;2;4;23;1;
202300042806;155604699;D01;1;7;0;2;4;23;2;
202300042806;155604700;E01;1;7;0;2;4;23;1;
202300042807;155604694;A01;0;7;0;1;2;9;1;
202300042808;155604691;A01;2;7;0;2;0;0;1;
202300042808;155604693;B01;1;2;0;2;1;1;1;
202300042809;155604686;A01;0;7;0;1;1;1;1;
202300042810;155604687;B01;1;33;0;2;1;1;1;
202300042810;155604689;A01;1;10;0;2;6;15;1;
202300042811;155604688;A01;2;7;0;2;2;1;1;
202300042811;155604690;C01;2;17;0;2;8;1;1;
202300042811;155604692;B01;2;7;0;2;8;0;1;
202300042812;155604685;A01;3;7;1;1;2;15;0;
202300042813;155604682;A01;1;7;0;2;1;2;2;
202300042813;155604683;B01;1;33;0;2;4;2;1;
202300042814;155604680;A01;2;34;0;1;1;26;1;
202300042814;155604681;B01;1;7;0;2;1;1;1;
202300042815;155604679;B01;3;7;0;2;3;1;1;
202300042815;155604684;A01;1;7;0;2;6;1;1;
202300042816;155604674;A01;1;7;0;2;1;2;1;
202300042816;155604676;B01;1;7;0;2;4;2;1;
202300042816;155604677;C01;1;7;0;2;4;2;1;
202300042817;155604675;A01;1;7;0;2;1;1;1;
202300042817;155604678;B01;1;7;0;2;4;2;1;
202300042818;155604669;A01;1;7;0;2;8;9;1;
202300042818;155604672;B01;1;1;0;2;1;1;5;
202300042819;155604671;A01;2;1;0;2;1;5;5;
202300042819;155604673;B01;2;7;0;2;2;1;5;
202300042820;155604668;A01;2;7;6;0;1;1;1;
202300042821;155604667;A01;1;7;0;2;1;1;1;
202300042821;155604670;B01;1;7;0;2;4;1;1;
202300042822;155604665;A01;3;7;8;0;1;15;1;
202300042823;155604664;A01;0;10;0;2;3;0;0;
202300042823;155604666;B01;0;34;0;2;1;13;1;
202300042824;155604660;Z01;2;10;0;2;6;11;0;
202300042824;155604662;A01;2;33;0;2;2;3;1;
202300042825;155604659;C01;1;7;0;2;4;2;1;
202300042825;155604661;B01;2;7;0;2;4;2;0;
202300042825;155604663;A01;2;10;0;2;1;2;1;
202300042826;155604656;A01;1;7;0;2;2;2;2;
202300042826;155604658;B01;1;1;0;2;4;2;5;
202300042827;155604654;A01;3;10;0;2;1;2;1;
202300042827;155604657;B01;3;7;0;2;4;23;1;
202300042828;155604651;A01;0;10;0;2;8;24;1;
202300042828;155604652;B01;1;1;1;0;2;1;5;
202300042829;155604653;A01;1;10;0;2;1;2;1;
202300042829;155604655;B01;1;10;0;2;4;2;1;
202300042830;155604649;A01;1;7;0;1;3;1;1;
202300042831;155604647;A01;2;31;0;2;8;18;1;
202300042831;155604650;B01;2;7;0;2;2;16;1;
202300042832;155604645;C01;2;7;0;2;8;1;1;
202300042832;155604646;B01;2;7;0;2;5;1;2;
202300042832;155604648;A01;2;7;0;2;3;3;1;
202300042833;155604642;A01;1;14;0;2;2;1;1;
202300042833;155604643;B01;1;1;0;2;4;15;5;
202300042834;155604641;A01;1;7;0;2;1;15;1;
202300042834;155604644;B01;2;43;0;2;3;1;1;
202300042835;155604637;A01;1;10;1;0;4;20;1;
202300042835;155604638;B01;1;2;0;0;2;24;1;
202300042836;155604639;A01;2;10;0;2;1;2;1;
202300042836;155604640;B01;2;17;0;2;4;26;1;
202300042837;155604635;A01;1;7;0;2;6;16;2;
202300042837;155604636;B01;2;1;0;2;1;19;5;
202300042838;155604633;A01;2;7;0;2;6;13;1;
202300042838;155604634;B01;2;2;0;2;7;17;3;
202300042839;155604631;B01;2;7;0;2;6;1;1;
202300042839;155604632;A01;2;31;0;2;1;1;1;
202300042840;155604628;A01;3;1;0;2;3;13;5;
202300042840;155604630;B01;3;80;0;2;2;13;3;
202300042841;155604627;A01;1;2;0;2;7;17;1;
202300042841;155604629;B01;1;7;0;2;3;15;1;
202300042842;155604626;A01;2;7;8;0;9;13;2;
202300042843;155604623;B01;3;50;0;2;3;19;3;
202300042843;155604625;A01;3;10;0;2;2;1;1;
202300042844;155604621;A01;1;7;0;2;8;22;1;
202300042844;155604622;B01;1;80;1;0;0;1;3;
202300042845;155604619;A01;2;7;0;2;2;2;1;
202300042845;155604620;B01;2;7;0;2;4;23;1;
202300042845;155604624;C01;2;7;0;0;4;23;1;
202300042846;155604618;A01;1;7;1;0;1;20;1;
202300042847;155604616;A01;1;7;0;2;7;16;1;
202300042847;155604617;B01;1;37;0;2;8;1;3;2.0
202300042848;155604613;B01;1;2;0;2;1;1;2;
202300042848;155604615;A01;2;7;0;2;1;15;1;
202300042849;155604612;A01;1;34;0;2;3;13;1;
202300042849;155604614;B01;2;7;0;2;6;1;1;
202300042850;155604610;B01;2;7;0;2;4;23;1;
202300042850;155604611;A01;2;30;0;2;1;1;1;
202300042851;155604607;A01;2;7;1;0;1;1;1;
202300042852;155604602;D01;2;7;0;2;4;1;2;
202300042852;155604603;C01;2;7;0;2;4;1;1;
202300042852;155604605;E01;2;7;0;2;4;1;1;
202300042852;155604606;A01;2;7;0;2;1;9;3;
202300042852;155604608;F01;2;7;0;2;4;1;2;
202300042852;155604609;B01;2;7;0;2;4;1;1;
202300042853;155604604;Z01;2;7;0;1;1;1;1;
202300042854;155604600;A01;1;1;0;1;1;1;5;
202300042855;155604597;A01;2;10;0;2;3;21;1;
202300042855;155604599;B01;2;7;0;2;4;1;2;
202300042855;155604601;C01;2;7;0;2;4;23;1;
202300042856;155604596;A01;1;33;0;2;8;18;1;
202300042856;155604598;B01;1;7;0;2;2;16;1;
202300042857;155604595;A01;3;31;12;0;1;6;1;
202300042858;155604593;A01;2;33;14;0;1;1;6;
202300042859;155604591;B01;1;34;0;2;2;1;1;
202300042859;155604592;A01;1;7;0;2;8;22;1;
202300042860;155604590;B01;2;7;0;0;0;0;1;
202300042860;155604594;A01;1;33;0;2;1;13;1;
202300042861;155604589;A01;0;7;0;1;3;15;1;
202300042862;155604588;A01;1;30;0;1;1;1;3;
202300042863;155604586;A01;3;32;0;9;1;1;1;
202300042863;155604587;B01;3;50;0;2;8;26;3;
202300042864;155604584;A01;1;7;0;2;2;10;1;
202300042864;155604585;B01;1;2;0;2;1;1;1;
202300042865;155604579;B01;1;7;0;9;1;0;1;
202300042865;155604582;A01;1;50;0;2;4;0;3;
202300042866;155604581;A01;1;50;0;2;2;1;3;
202300042866;155604583;B01;1;7;0;2;3;16;2;
202300042867;155604578;A01;1;7;0;2;3;13;2;
202300042867;155604580;B01;2;10;0;2;3;1;1;
202300042868;155604577;A01;1;34;0;0;0;0;1;
202300042869;155604573;B01;2;1;0;2;1;1;5;
202300042869;155604575;A01;1;7;0;2;4;1;1;
202300042870;155604576;A01;2;30;0;1;8;1;3;
202300042871;155604571;A01;3;7;0;1;1;19;6;
202300042872;155604567;A01;1;7;0;2;1;15;1;
202300042872;155604570;B01;1;1;0;2;8;1;5;
202300042873;155604568;A01;3;7;0;2;1;2;2;
202300042873;155604569;B01;3;10;0;2;4;1;6;
202300042874;155604565;B01;2;7;0;2;7;1;1;
202300042874;155604566;A01;2;7;0;2;1;9;1;
202300042875;155604563;A01;2;7;0;1;2;1;1;
202300042876;155604562;A01;1;7;0;2;1;15;1;
202300042876;155604564;B01;2;43;0;2;1;1;1;
202300042877;155604561;A01;2;1;12;0;9;13;5;
202300042878;155604559;A01;3;1;0;2;1;0;5;
202300042878;155604560;B01;3;7;0;2;0;0;2;
202300042879;155604557;A01;1;7;4;0;1;1;1;
202300042880;155604555;A01;3;50;0;2;1;19;3;
202300042880;155604556;B01;2;10;0;2;2;1;3;
202300042881;155604554;B01;2;30;0;2;1;1;3;
202300042881;155604558;A01;1;7;0;2;7;15;1;
202300042882;155604552;A01;1;7;0;1;2;16;1;
202300042883;155604549;A01;1;7;3;2;2;17;1;
202300042883;155604551;B01;1;7;3;2;8;1;1;
202300042884;155604550;B01;2;1;0;2;2;17;5;
202300042884;155604553;A01;2;10;0;2;3;13;1;
202300042885;155604548;A01;2;7;0;1;1;1;1;
202300042886;155604546;A01;2;3;0;2;1;13;1;
202300042886;155604547;B01;1;7;0;2;1;1;1;
202300042887;155604545;A01;1;14;0;1;3;1;1;
202300042888;155604543;A01;2;7;0;2;3;17;1;
202300042888;155604544;B01;1;7;0;2;3;1;1;
202300042889;155604542;Z01;2;7;0;1;4;26;0;
202300042890;155604540;A01;1;33;0;2;1;1;1;
202300042890;155604541;B01;1;7;0;2;6;1;1;
202300042891;155604537;A01;1;1;0;0;7;16;5;
202300042892;155604535;C01;1;7;0;2;1;1;0;
202300042892;155604536;D01;1;7;0;2;4;1;2;
202300042892;155604538;A01;1;7;0;2;2;1;1;
202300042892;155604539;B01;1;7;0;2;0;0;1;
202300042893;155604530;B01;0;60;0;2;4;2;5;
202300042893;155604532;A01;0;7;0;2;3;2;1;
202300042894;155604533;A01;1;1;0;1;1;1;5;
202300042895;155604531;A01;1;30;0;2;1;2;1;
202300042895;155604534;B01;1;7;0;2;0;0;2;
202300042896;155604525;A01;0;7;0;2;2;14;0;
202300042896;155604527;B01;0;7;0;0;2;23;1;
202300042896;155604529;C01;0;1;0;0;4;23;5;
202300042897;155604524;A01;1;99;12;2;4;0;3;
202300042897;155604528;B01;1;7;0;2;1;0;1;
202300042898;155604526;A01;2;50;0;0;0;1;3;
202300042899;155604520;A01;2;10;0;2;1;2;1;
202300042899;155604522;B01;2;7;0;2;4;2;1;
202300042899;155604523;C01;2;10;0;2;6;2;1;
202300042900;155604519;A01;2;7;0;2;3;2;1;
202300042900;155604521;B01;2;7;0;2;5;2;1;
202300042901;155604517;A01;3;2;0;2;1;2;1;
202300042901;155604518;B01;3;10;0;2;4;2;1;
202300042902;155604515;A01;3;7;0;2;2;15;1;
202300042902;155604516;B01;3;33;0;2;1;19;1;
202300042903;155604513;A01;3;7;0;2;1;1;1;
202300042903;155604514;B01;2;50;0;2;8;25;3;
202300042904;155604511;A01;3;1;0;1;1;2;5;
202300042905;155604512;A01;2;7;0;1;1;14;1;
202300042906;155604509;A01;1;7;0;0;2;0;1;
202300042907;155604507;A01;3;2;0;2;1;1;0;
202300042907;155604510;B01;3;7;0;2;4;23;2;
202300042908;155604505;A01;3;15;8;2;3;1;0;
202300042908;155604508;B01;3;15;6;0;2;1;1;
202300042909;155604503;A01;3;7;8;0;3;13;1;
202300042910;155604502;A01;2;7;0;1;2;1;1;
202300042911;155604499;B01;1;7;0;2;3;13;1;
202300042911;155604501;A01;1;33;0;2;2;17;1;
202300042912;155604497;A01;1;34;0;2;8;18;0;
202300042912;155604498;B01;1;7;0;2;2;16;0;
202300042913;155604496;A01;3;7;0;2;1;15;1;
202300042913;155604500;B01;1;2;0;2;7;1;1;
202300042914;155604493;A01;3;7;0;2;2;21;1;
202300042914;155604494;B01;0;30;1;0;1;23;1;
202300042914;155604495;C01;0;7;0;0;4;23;2;
202300042915;155604491;A01;2;7;2;0;3;13;1;
202300042916;155604490;A01;1;7;0;2;2;15;1;
202300042916;155604492;B01;1;43;0;2;1;2;1;
202300042917;155604487;A01;2;14;0;2;7;1;1;
202300042917;155604488;B01;2;80;0;2;6;13;3;
202300042918;155604485;B01;3;1;0;2;7;17;5;
202300042918;155604486;A01;1;7;0;2;8;23;1;
202300042919;155604483;A01;1;7;0;2;2;1;6;
202300042919;155604484;B01;1;50;0;2;0;18;3;
202300042920;155604482;A01;0;10;0;1;5;4;1;
202300042921;155604480;A01;2;7;0;2;3;10;1;
202300042921;155604481;B01;2;33;0;2;2;2;1;
202300042922;155604479;A01;2;7;0;1;5;1;1;
202300042923;155604478;B01;2;38;0;2;3;1;1;10.0
202300042923;155604489;A01;1;7;0;2;1;1;1;
202300042924;155604476;A01;0;7;0;1;2;1;0;
202300042925;155604475;A01;3;50;0;2;2;16;3;
202300042925;155604477;B01;1;7;0;2;2;15;2;
202300042926;155604472;B01;0;10;0;2;5;1;1;
202300042926;155604474;A01;0;30;0;2;3;2;1;
202300042927;155604471;A01;2;7;1;2;1;20;0;
202300042927;155604473;B01;1;2;0;2;1;1;0;
202300042928;155604470;A01;2;30;0;1;1;1;1;
202300042929;155604466;A01;2;7;0;2;2;10;1;
202300042929;155604468;B01;1;7;0;2;3;1;1;
202300042929;155604469;C01;1;7;0;2;1;0;1;
202300042930;155604465;B01;3;33;0;2;8;1;1;
202300042930;155604467;A01;3;7;0;2;3;15;1;
202300042931;155604463;A01;3;80;9;0;7;1;3;
202300042932;155604462;A01;1;10;0;2;6;20;1;
202300042932;155604464;B01;1;30;0;2;1;2;1;
202300042933;155604459;B01;1;31;0;0;0;21;1;
202300042933;155604461;A01;1;7;0;0;0;20;1;
202300042934;155604458;B01;2;7;0;2;2;1;1;
202300042934;155604460;A01;2;7;0;2;6;15;1;
202300042935;155604456;B01;1;32;0;2;8;1;1;
202300042935;155604457;A01;1;7;0;2;7;1;1;
202300042936;155604454;A01;2;32;1;2;8;1;1;
202300042936;155604455;B01;1;7;0;2;2;15;0;
202300042937;155604452;B01;2;50;14;2;1;2;3;
202300042937;155604453;A01;1;7;0;2;7;26;1;
202300042938;155604449;B01;1;7;0;2;3;15;2;
202300042938;155604451;A01;1;33;0;2;2;1;1;
202300042939;155604448;B01;1;7;0;2;1;1;1;
202300042939;155604450;A01;2;7;0;2;8;11;1;
202300042940;155604446;A01;2;10;0;2;1;2;1;
202300042940;155604447;B01;2;31;0;2;4;2;1;
202300042941;155604445;A01;1;7;2;0;1;19;6;
202300042942;155604442;B01;3;2;0;2;4;23;1;
202300042942;155604443;A01;3;7;0;2;1;2;1;
202300042943;155604441;B01;1;1;0;2;1;1;5;
202300042943;155604444;A01;1;7;0;2;2;1;1;
202300042944;155604437;B01;3;7;0;2;8;15;1;
202300042944;155604439;A01;1;33;0;2;1;1;1;
202300042945;155604435;A01;2;7;13;0;0;1;1;
202300042946;155604434;A01;3;33;0;2;8;25;1;
202300042946;155604436;B01;0;7;16;2;1;0;1;
202300042947;155604433;A01;1;7;0;0;9;0;1;
202300042948;155604430;A01;3;10;0;2;2;15;1;
202300042948;155604431;B01;3;2;0;2;1;1;1;
202300042949;155604428;A01;1;7;4;0;0;0;1;
202300042950;155604426;B01;2;33;0;2;1;1;1;
202300042950;155604427;A01;1;15;0;2;5;20;1;
202300042951;155604424;A01;1;7;0;0;1;1;1;
202300042952;155604423;A01;2;7;0;2;2;15;1;
202300042952;155604425;B01;1;33;0;2;1;1;1;
202300042953;155604422;A01;2;7;12;0;1;1;0;
202300042954;155604419;B01;2;1;0;2;1;1;5;
202300042954;155604421;A01;1;7;0;9;7;15;1;
202300042955;155604418;B01;3;10;0;2;1;1;1;
202300042955;155604420;A01;3;10;0;2;2;19;0;
202300042956;155604417;A01;2;33;0;0;1;1;1;
202300042957;155604414;A01;1;7;13;0;0;13;1;
202300042958;155604411;A01;1;7;8;0;3;1;0;
202300042959;155604410;A01;1;33;0;2;3;1;1;
202300042959;155604412;B01;1;7;0;2;1;15;2;
202300042960;155604408;A01;2;7;8;0;1;16;1;
202300042961;155604407;B01;1;7;1;0;3;2;1;
202300042961;155604409;A01;1;7;3;0;3;26;1;
202300042962;155604406;A01;1;7;13;0;1;1;1;
202300042963;155604403;A01;1;7;0;2;1;17;1;
202300042963;155604405;B01;1;7;0;0;4;1;1;
202300042964;155604402;A01;2;7;0;2;5;15;1;
202300042964;155604404;B01;1;33;0;2;1;1;1;
202300042965;155604400;A01;1;2;7;0;1;0;1;
202300042966;155604399;A01;1;7;0;2;3;9;1;
202300042966;155604401;B01;2;7;0;2;1;1;1;
202300042967;155604397;A01;2;7;0;2;1;17;1;
202300042967;155604398;B01;1;7;0;2;1;1;1;
202300042968;155604396;A01;2;10;0;1;3;1;1;
202300042969;155604394;A01;2;15;7;0;0;2;1;
202300042970;155604393;A01;2;7;0;2;3;13;1;
202300042970;155604395;B01;1;10;0;2;3;1;1;
202300042971;155604391;A01;2;33;0;0;8;0;1;
202300042972;155604390;A01;3;7;0;0;3;19;1;
202300042972;155604392;B01;3;33;0;2;1;1;1;
202300042973;155604386;B01;2;3;0;2;3;19;1;
202300042973;155604389;A01;1;7;0;2;2;1;1;
202300042974;155604384;A01;2;7;2;0;1;1;0;
202300042975;155604382;A01;3;33;0;2;1;1;1;
202300042975;155604383;B01;3;33;0;2;4;1;1;
202300042976;155604380;B01;1;7;0;2;3;1;1;
202300042976;155604381;A01;1;2;0;2;2;17;1;
202300042977;155604379;A01;2;7;14;0;1;1;1;
202300042978;155604377;A01;3;7;0;1;2;2;1;
202300042979;155604376;B01;0;7;0;2;1;0;1;
202300042979;155604378;A01;3;3;0;2;3;0;3;
202300042980;155604374;A01;1;7;7;0;0;1;1;
202300042981;155604370;A01;1;7;0;2;7;1;1;
202300042981;155604372;B01;2;7;0;2;1;1;1;
202300042982;155604369;C01;2;1;0;2;3;1;5;
202300042982;155604371;A01;1;7;0;9;3;1;1;
202300042982;155604373;B01;2;1;0;2;3;1;5;
202300042983;155604367;A01;1;7;3;0;1;0;1;
202300042984;155604366;A01;2;7;8;2;1;13;1;
202300042984;155604368;B01;1;7;0;2;3;1;1;
202300042985;155604365;A01;1;33;0;0;1;0;1;
202300042986;155604363;A01;1;7;0;2;1;2;1;
202300042986;155604364;B01;1;17;0;2;4;1;1;
202300042987;155604360;A01;1;7;0;0;4;23;6;
202300042987;155604362;B01;1;7;0;0;1;2;0;
202300042988;155604359;A01;3;7;0;0;8;9;1;
202300042988;155604361;B01;3;7;0;2;1;1;1;
202300042989;155604357;B01;1;15;0;2;8;1;1;
202300042989;155604358;A01;1;7;0;2;1;14;1;
202300042990;155604355;A01;1;7;0;2;3;15;1;
202300042990;155604356;B01;2;33;7;2;1;1;1;
202300042991;155604353;A01;1;10;3;2;0;14;1;
202300042991;155604354;B01;1;14;0;2;8;1;1;
202300042992;155604352;A01;0;1;0;0;0;1;5;
202300042993;155604350;A01;2;7;0;2;1;5;1;
202300042993;155604351;B01;1;7;0;2;1;1;1;
202300042994;155604349;A01;1;7;7;0;1;1;1;
202300042995;155604347;A01;3;14;0;4;7;19;1;
202300042995;155604348;B01;3;39;0;2;1;1;1;
202300042996;155604345;A01;1;7;0;2;1;1;1;
202300042996;155604346;B01;1;80;0;2;8;15;3;
202300042997;155604342;A01;3;7;14;0;1;0;1;
202300042998;155604341;B01;1;7;0;0;4;23;1;
202300042998;155604343;C01;1;7;0;0;4;23;1;
202300042998;155604344;A01;1;10;0;2;1;2;1;
202300042999;155604339;A01;1;7;0;2;8;1;1;
202300042999;155604340;B01;2;33;0;2;8;1;1;
202300043000;155604338;A01;1;7;2;0;3;1;1;
202300043001;155604336;A01;3;21;14;0;2;14;1;
202300043002;155604335;B01;2;7;0;0;6;2;0;
202300043002;155604337;A01;2;10;0;2;2;2;1;
202300043003;155604334;A01;0;2;12;0;1;1;1;
202300043004;155604332;A01;1;7;0;9;2;1;1;
202300043004;155604333;B01;2;1;0;2;2;1;5;
202300043005;155604330;A01;1;7;0;2;3;1;1;
202300043005;155604331;B01;2;7;0;0;8;1;1;
202300043006;155604328;A01;2;7;2;0;2;1;2;
202300043007;155604327;B01;2;7;0;2;1;17;0;
202300043007;155604329;A01;1;7;0;2;1;1;0;
202300043008;155604324;A01;1;2;0;2;3;13;1;
202300043008;155604326;B01;2;7;0;2;3;1;2;
202300043009;155604322;C01;2;7;0;2;1;2;1;
202300043009;155604323;B01;2;7;0;2;3;1;1;
202300043009;155604325;A01;1;7;0;2;3;13;1;
202300043010;155604319;A01;3;14;0;2;2;15;0;
202300043010;155604321;B01;3;7;15;0;3;2;2;
202300043011;155604318;A01;1;33;0;2;1;17;1;
202300043011;155604320;B01;1;7;0;2;3;15;1;
202300043012;155604316;A01;1;7;0;2;1;1;0;
202300043012;155604317;B01;2;7;0;2;7;21;0;
202300043013;155604313;B01;2;7;0;2;8;2;1;
202300043013;155604314;C01;2;7;0;2;3;2;1;
202300043013;155604315;A01;1;43;0;2;1;26;1;
202300043014;155604308;B01;1;7;0;2;3;1;0;
202300043014;155604310;A01;2;1;0;2;1;19;5;
202300043015;155604307;A01;1;33;0;2;1;1;1;
202300043015;155604309;B01;1;7;0;2;4;2;1;
202300043016;155604303;A01;1;7;0;2;6;13;1;
202300043016;155604305;B01;1;33;0;2;5;17;1;
202300043017;155604301;A01;2;7;0;2;1;1;0;
202300043017;155604302;B01;2;7;0;2;4;1;0;
202300043017;155604304;C01;2;10;0;2;4;23;0;
202300043017;155604306;D01;2;7;0;2;4;23;0;
202300043018;155604300;A01;1;7;8;0;3;19;1;
202300043019;155604297;B01;1;33;0;2;8;3;1;
202300043019;155604299;A01;1;7;0;2;5;12;1;
202300043020;155604296;A01;1;7;0;2;1;19;1;
202300043020;155604298;B01;2;7;0;2;8;1;1;
202300043021;155604295;A01;2;7;3;0;1;1;0;
202300043022;155604293;A01;2;7;0;2;3;26;1;
202300043022;155604294;B01;2;7;0;2;3;1;1;
202300043023;155604291;B01;2;7;4;0;6;0;1;
202300043023;155604292;A01;2;7;4;2;1;1;1;
202300043024;155604289;A01;2;7;0;2;1;1;1;
202300043024;155604290;B01;1;10;0;2;2;1;1;
202300043025;155604284;A01;2;7;0;2;9;12;1;
202300043025;155604286;B01;2;7;0;2;3;2;2;
202300043025;155604288;C01;2;10;0;2;5;0;1;
202300043026;155604281;A01;2;7;0;2;3;10;1;
202300043026;155604283;B01;1;10;0;2;1;1;1;
202300043027;155604280;A01;1;33;0;2;0;0;1;
202300043027;155604282;B01;1;7;0;2;5;2;1;
202300043028;155604278;A01;1;7;3;0;0;0;1;
202300043029;155604276;A01;1;7;4;2;8;13;1;
202300043029;155604277;B01;1;7;4;2;7;0;1;
202300043029;155604279;C01;1;10;0;2;1;1;1;
202300043030;155604272;C01;2;7;0;2;1;2;1;
202300043030;155604274;A01;2;7;0;0;4;1;0;
202300043030;155604275;B01;2;7;0;2;1;2;1;
202300043031;155604273;A01;2;7;3;0;1;1;1;
202300043032;155604268;A01;1;10;0;2;1;13;1;
202300043032;155604269;B01;2;7;3;2;1;0;1;
202300043032;155604271;C01;2;7;0;2;1;21;1;
202300043033;155604267;A01;2;7;4;2;2;2;1;
202300043033;155604270;Z01;2;0;0;2;0;0;0;
202300043034;155604263;A01;2;7;0;2;1;2;1;
202300043034;155604265;B01;2;7;0;0;4;2;1;
202300043035;155604262;A01;2;7;0;2;3;2;1;
202300043035;155604264;B01;2;14;0;2;2;1;1;
202300043036;155604260;B01;2;0;0;2;0;0;0;
202300043036;155604261;A01;2;43;0;2;1;3;1;
202300043037;155604259;A01;1;7;0;6;2;1;1;
202300043038;155604254;C01;1;7;14;1;5;1;2;
202300043038;155604257;B01;1;7;1;0;0;24;1;
202300043038;155604258;A01;1;7;0;0;4;23;1;
202300043039;155604252;A01;2;7;4;2;1;2;1;
202300043039;155604253;B01;2;33;0;0;4;2;1;
202300043039;155604255;C01;2;7;0;0;3;1;1;
202300043039;155604256;D01;2;7;0;0;4;2;1;
202300043040;155604251;A01;1;7;0;1;1;1;1;
202300043041;155604250;A01;1;7;0;1;2;21;6;
202300043042;155604249;A01;1;7;0;1;1;21;1;
202300043043;155604248;A01;3;80;1;0;1;0;3;
202300043044;155604247;A01;3;7;0;1;2;1;1;
202300043045;155604245;A01;1;7;0;2;1;13;1;
202300043045;155604246;B01;2;7;0;2;1;1;1;
202300043046;155604244;A01;1;7;0;1;2;1;1;