Num_Acc;id_vehicule;num_veh;senc;catv;obs;obsm;choc;manv;motor;occutc
202300043047;155604243;A01;1;7;8;0;2;1;1;
202300043048;155604242;A01;0;7;0;1;6;4;1;
202300043049;155604241;A01;1;33;0;0;0;1;1;
202300043050;155604240;A01;1;32;0;1;1;2;1;
202300043051;155604238;A01;2;7;0;2;2;14;1;
202300043051;155604239;B01;2;15;0;2;6;1;1;
202300043052;155604237;A01;2;33;3;0;1;9;1;
202300043053;155604236;A01;1;7;6;0;3;0;1;
202300043054;155604235;A01;1;10;0;1;1;1;1;
202300043055;155604234;A01;2;21;13;0;3;1;1;
202300043056;155604232;A01;3;7;0;2;1;1;1;
202300043056;155604233;B01;3;50;0;2;4;0;3;
202300043057;155604229;A01;2;7;0;2;7;15;1;
202300043057;155604231;B01;1;33;0;2;1;1;1;
202300043058;155604228;B01;1;10;0;2;3;2;1;
202300043058;155604230;A01;1;30;0;2;0;2;1;
202300043059;155604224;A01;2;7;0;2;1;1;1;
202300043059;155604227;B01;1;7;0;2;1;14;1;
202300043060;155604225;A01;1;10;0;2;2;0;1;
202300043060;155604226;B01;2;30;0;2;0;0;3;
202300043061;155604220;A01;2;1;0;2;7;1;5;
202300043061;155604222;B01;1;7;0;2;3;23;1;
202300043062;155604219;A01;1;7;0;2;4;1;1;
202300043062;155604221;B01;1;7;0;2;8;1;1;
202300043062;155604223;C01;1;7;0;2;0;17;0;
202300043063;155604218;A01;1;7;16;0;1;1;1;
202300043064;155604217;A01;2;10;0;1;3;16;1;
202300043065;155604215;A01;0;7;0;0;8;1;0;
202300043065;155604216;B01;0;33;0;0;7;17;0;
202300043066;155604213;B01;2;7;0;2;1;1;1;
202300043066;155604214;A01;1;7;0;2;7;19;1;
202300043067;155604210;A01;2;7;0;0;6;1;1;
202300043067;155604211;B01;2;7;0;2;1;13;1;
202300043067;155604212;C01;1;10;0;2;1;1;1;
202300043068;155604207;A01;2;7;13;0;9;13;1;
202300043069;155604205;A01;3;7;0;1;1;1;1;
202300043070;155604203;A01;2;7;0;2;7;1;1;
202300043070;155604204;B01;2;14;0;2;3;13;1;
202300043071;155604202;A01;1;7;8;0;1;14;1;
202300043072;155604200;A01;1;7;0;2;4;2;1;
202300043072;155604201;B01;1;33;0;2;1;2;1;
202300043073;155604197;A01;1;7;0;2;3;9;1;
202300043073;155604199;B01;2;80;0;2;5;1;3;
202300043074;155604198;A01;1;34;3;0;7;14;1;
202300043075;155604196;A01;2;7;0;1;1;1;1;
202300043076;155604194;A01;1;7;0;2;8;1;1;
202300043076;155604195;B01;1;7;0;2;8;1;1;
202300043077;155604193;A01;2;7;13;0;9;14;1;
202300043078;155604191;A01;2;7;0;1;1;1;1;
202300043079;155604190;B01;1;7;0;2;6;1;1;
202300043079;155604192;A01;1;17;0;2;2;12;1;
202300043080;155604186;A01;1;7;0;2;1;2;1;
202300043080;155604187;B01;1;31;0;2;4;23;1;
202300043081;155604178;A01;2;10;0;2;4;1;1;
202300043081;155604180;B01;2;7;0;2;1;1;1;
202300043081;155604182;C01;2;7;0;2;1;1;1;
202300043081;155604183;D01;2;7;0;2;1;1;1;
202300043082;155604173;A01;2;7;0;2;1;0;1;
202300043082;155604174;B01;2;7;0;2;4;26;3;
202300043082;155604175;C01;2;7;0;2;1;0;1;
202300043083;155604172;A01;1;33;4;0;3;1;1;
202300043084;155604169;B01;1;42;0;2;8;3;1;
202300043084;155604170;A01;1;7;0;2;7;12;1;
202300043085;155604168;B01;2;7;0;2;6;1;1;
202300043085;155604171;A01;2;7;0;2;2;1;1;
202300043086;155604164;A01;1;33;0;2;1;0;1;
202300043086;155604166;B01;1;7;0;2;5;12;1;
202300043087;155604163;C01;3;7;0;2;4;23;1;
202300043087;155604165;B01;3;7;0;2;9;23;1;
202300043087;155604167;A01;3;7;0;2;1;1;1;
202300043088;155604162;A01;2;33;0;1;1;13;1;
202300043089;155604160;A01;3;7;0;2;5;16;1;
202300043089;155604161;B01;3;50;0;2;9;1;3;
202300043090;155604159;A01;3;7;0;1;2;26;1;
202300043091;155604156;B01;2;7;0;2;1;1;1;
202300043091;155604158;A01;1;7;0;2;2;15;1;
202300043092;155604155;A01;1;32;0;2;1;1;1;
202300043092;155604157;B01;2;7;0;2;1;13;1;
202300043093;155604152;A01;1;10;0;9;1;1;1;
202300043093;155604154;B01;1;50;0;2;1;1;3;
202300043094;155604151;B01;3;2;0;2;1;1;1;
202300043094;155604153;A01;3;7;0;2;7;15;1;
202300043095;155604148;A01;1;2;0;2;7;17;1;
202300043095;155604149;B01;2;7;0;2;8;16;1;
202300043096;155604147;B01;2;1;0;2;0;1;5;
202300043096;155604150;A01;1;7;0;2;3;15;1;
202300043097;155604146;A01;1;7;0;1;2;1;1;
202300043098;155604144;A01;3;10;0;2;2;16;1;
202300043098;155604145;B01;3;1;0;2;7;1;5;
202300043099;155604143;A01;1;30;0;0;1;1;1;
202300043100;155604140;A01;1;1;0;2;7;1;5;
202300043100;155604141;B01;2;7;0;2;3;1;1;
202300043101;155604139;B01;3;7;0;2;1;2;1;
202300043101;155604142;A01;3;10;0;2;2;15;1;
202300043102;155604138;A01;2;7;8;0;1;21;1;
202300043103;155604137;A01;2;10;0;1;4;26;1;
202300043104;155604136;A01;2;32;12;0;1;1;1;
202300043105;155604133;A01;1;7;0;2;3;17;1;
202300043105;155604134;B01;1;80;0;2;3;2;3;
202300043105;155604135;C01;2;14;0;2;3;1;1;
202300043106;155604131;A01;1;2;0;2;1;2;1;
202300043106;155604132;B01;1;7;0;2;6;15;1;
202300043107;155604130;A01;1;7;8;1;2;1;1;
202300043108;155604128;A01;3;7;0;2;2;15;0;
202300043108;155604129;B01;1;7;0;2;1;1;0;
202300043109;155604127;Z01;1;7;0;1;0;1;1;
202300043110;155604126;A01;2;31;11;0;8;1;1;
202300043111;155604124;A01;3;10;0;2;2;2;1;
202300043111;155604125;B01;3;1;0;2;4;0;5;
202300043112;155604121;A01;3;7;0;2;1;1;1;
202300043112;155604122;B01;0;3;0;2;1;1;1;
202300043113;155604119;A01;3;7;0;2;7;15;1;
202300043113;155604120;B01;3;15;0;0;0;0;1;
202300043114;155604118;A01;1;33;1;0;1;26;1;
202300043115;155604117;A01;0;3;12;0;0;14;1;
202300043116;155604115;A01;0;31;16;2;4;23;1;
202300043116;155604116;B01;0;0;0;2;0;0;0;
202300043117;155604113;B01;0;80;0;2;1;19;3;
202300043117;155604114;A01;0;10;0;2;7;9;1;
202300043118;155604111;B01;2;2;0;2;1;1;1;
202300043118;155604112;A01;3;7;0;2;3;15;2;
202300043119;155604109;A01;2;7;0;2;2;1;1;
202300043119;155604110;B01;1;7;0;2;1;1;1;
202300043120;155604107;B01;3;7;0;2;9;1;0;
202300043120;155604108;A01;3;7;0;2;1;1;0;
202300043121;155604105;A01;3;37;0;2;1;1;1;1.0
202300043121;155604106;B01;3;14;0;2;7;1;1;
202300043122;155604103;A01;3;1;0;2;1;1;5;
202300043122;155604104;B01;3;7;0;2;2;9;1;
202300043123;155604101;A01;2;30;0;2;1;1;1;
202300043123;155604102;B01;2;7;0;2;4;1;1;
202300043124;155604099;A01;0;7;0;2;3;11;1;
202300043124;155604100;B01;0;50;0;2;1;1;3;
202300043125;155604098;A01;2;7;0;1;1;1;1;
202300043126;155604096;B01;3;7;6;0;5;9;1;
202300043126;155604097;A01;1;7;0;2;1;1;1;
202300043127;155604094;A01;2;7;0;2;2;1;1;
202300043127;155604095;B01;1;1;0;2;9;1;5;
202300043128;155604093;A01;1;7;0;1;1;1;1;
202300043129;155604091;B01;1;7;0;2;7;26;1;
202300043129;155604092;A01;1;1;0;2;1;25;5;
202300043130;155604089;A01;1;1;0;2;1;19;5;
202300043130;155604090;B01;2;7;0;9;2;1;0;
202300043131;155604087;A01;0;99;0;2;0;1;1;
202300043131;155604088;B01;0;1;0;2;1;1;5;
202300043132;155604085;A01;3;10;0;2;2;15;1;
202300043132;155604086;B01;3;1;0;2;0;0;5;
202300043133;155604083;A01;2;1;0;2;1;1;5;
202300043133;155604084;B01;2;7;0;2;3;20;1;
202300043134;155604081;A01;2;33;1;0;1;1;1;
202300043134;155604082;B01;1;33;0;2;4;23;1;
202300043135;155604079;A01;1;15;0;2;7;17;1;
202300043135;155604080;B01;1;2;13;2;8;1;1;
202300043136;155604077;B01;2;7;0;2;1;1;1;
202300043136;155604078;A01;1;7;0;2;1;15;1;
202300043137;155604075;B01;2;7;0;2;1;1;1;
202300043137;155604076;A01;1;2;0;2;7;16;1;
202300043138;155604074;A01;1;7;6;9;1;26;1;
202300043139;155604072;A01;1;10;0;2;3;13;1;
202300043139;155604073;B01;2;2;0;2;1;1;1;
202300043140;155604071;A01;2;33;3;0;2;1;1;
202300043141;155604070;A01;1;2;0;0;3;15;1;
202300043142;155604068;A01;1;10;0;2;1;1;1;
202300043142;155604069;B01;2;7;0;2;1;1;1;
202300043143;155604065;A01;1;7;0;2;1;1;1;
202300043143;155604066;B01;1;7;2;0;6;1;1;
202300043143;155604067;C01;2;10;0;2;3;1;1;
202300043144;155604064;A01;1;31;15;0;8;1;1;
202300043145;155604062;A01;1;7;0;2;4;23;1;
202300043145;155604063;B01;1;2;0;2;1;1;1;
202300043146;155604060;A01;2;7;0;2;3;13;3;
202300043146;155604061;B01;1;7;0;2;2;1;1;
202300043147;155604059;A01;3;7;2;0;2;0;1;
202300043148;155604058;A01;2;10;0;0;0;1;1;
202300043149;155604056;B01;1;7;0;2;1;1;1;
202300043149;155604057;A01;1;7;0;2;1;5;1;
202300043150;155604055;A01;1;7;14;0;1;0;1;
202300043151;155604054;A01;2;34;0;0;1;1;1;
202300043152;155604052;A01;2;7;0;2;1;17;1;
202300043152;155604053;B01;1;7;0;2;1;1;1;
202300043153;155604051;A01;1;10;13;0;1;1;1;
202300043154;155604047;C01;1;7;0;2;1;1;0;
202300043154;155604048;D01;1;7;0;2;1;1;1;
202300043154;155604049;A01;1;7;0;2;0;1;1;
202300043154;155604050;B01;2;7;0;2;1;5;1;
202300043155;155604045;A01;1;2;0;2;1;1;1;
202300043155;155604046;B01;2;14;0;2;3;1;1;
202300043156;155604043;A01;2;7;0;2;3;0;1;
202300043156;155604044;B01;1;7;0;2;3;0;1;
202300043157;155604041;B01;1;10;0;2;3;19;1;
202300043157;155604042;A01;1;10;0;2;1;1;1;
202300043158;155604039;A01;0;7;0;2;1;9;2;
202300043158;155604040;B01;0;33;0;2;1;9;2;
202300043159;155604037;A01;2;7;0;2;3;9;1;
202300043159;155604038;B01;1;33;0;2;1;19;1;
202300043160;155604036;A01;1;7;13;0;2;14;1;
202300043161;155604034;B01;1;17;0;2;3;1;1;
202300043161;155604035;A01;2;7;0;2;3;13;1;
202300043162;155604032;A01;1;10;0;2;2;17;1;
202300043162;155604033;B01;1;15;0;0;6;1;1;
202300043163;155604030;A01;1;32;1;0;1;5;1;
202300043163;155604031;B01;1;7;0;2;2;23;1;
202300043164;155604028;A01;2;7;4;2;3;1;1;
202300043164;155604029;B01;2;15;0;2;5;12;0;
202300043165;155604026;A01;2;33;0;2;1;14;1;
202300043165;155604027;B01;2;10;0;0;5;14;1;
202300043166;155604024;A01;2;30;0;2;1;1;1;
202300043166;155604025;B01;2;7;0;2;1;1;1;
202300043167;155604022;A01;1;1;0;2;1;5;5;
202300043167;155604023;B01;2;7;0;2;1;1;1;
202300043168;155604021;A01;3;7;0;1;0;1;1;
202300043169;155604019;B01;2;33;0;2;1;1;1;
202300043169;155604020;A01;2;7;0;2;2;19;1;
202300043170;155604017;A01;1;7;13;0;3;1;0;
202300043170;155604018;B01;2;7;14;0;1;21;0;
202300043171;155604016;A01;1;33;9;9;2;1;1;
202300043172;155604014;B01;1;7;0;2;5;1;1;
202300043172;155604015;A01;1;32;7;2;1;18;1;
202300043173;155604013;A01;1;33;13;0;2;13;1;
202300043174;155604012;A01;1;33;3;0;2;17;1;
202300043175;155604010;A01;2;2;0;2;3;13;1;
202300043175;155604011;B01;1;7;0;2;3;1;1;
202300043176;155604008;B01;1;7;0;0;1;1;1;
202300043176;155604009;A01;2;7;0;0;1;13;1;
202300043177;155604007;A01;2;7;0;1;2;1;1;
202300043178;155604005;B01;1;31;0;2;8;1;1;
202300043178;155604006;A01;2;7;0;2;1;19;1;
202300043179;155604003;A01;1;7;0;0;1;16;1;
202300043179;155604004;B01;1;33;0;0;7;1;1;
202300043180;155604002;A01;1;7;0;1;1;1;1;
202300043181;155604001;A01;1;7;6;0;1;1;1;
202300043182;155604000;A01;2;7;13;0;9;0;1;
202300043183;155603999;A01;2;31;13;0;1;14;1;
202300043184;155603996;Z01;1;7;0;2;1;1;0;
202300043184;155603997;A01;1;7;0;2;4;1;1;
202300043184;155603998;B01;1;7;0;2;4;1;1;
202300043185;155603994;B01;1;32;0;2;1;1;1;
202300043185;155603995;A01;1;7;0;2;4;1;1;
202300043186;155603992;A01;2;33;0;2;1;3;1;
202300043186;155603993;B01;2;7;0;2;7;12;1;
202300043187;155603990;A01;1;7;0;2;5;12;1;
202300043187;155603991;B01;1;17;0;2;8;1;1;
202300043188;155603989;A01;2;33;16;0;7;1;1;
202300043189;155603987;A01;1;31;0;2;8;3;1;
202300043189;155603988;B01;1;7;0;2;5;12;1;
202300043190;155603985;A01;2;33;0;2;1;3;1;
202300043190;155603986;B01;2;7;0;2;6;1;1;
202300043191;155603981;C01;2;7;0;2;1;0;1;
202300043191;155603982;D01;2;7;0;2;1;1;1;
202300043191;155603983;A01;2;7;0;2;4;1;1;
202300043191;155603984;B01;2;10;0;2;1;1;1;
202300043192;155603979;B01;1;7;0;2;2;1;1;
202300043192;155603980;A01;1;32;0;2;3;3;1;
202300043193;155603976;C01;1;10;0;2;5;1;1;
202300043193;155603977;B01;1;31;0;2;8;3;1;
202300043193;155603978;A01;1;31;0;2;7;11;1;
202300043194;155603974;A01;2;7;0;2;4;1;1;
202300043194;155603975;B01;2;7;0;2;1;1;1;
202300043195;155603971;A01;1;7;0;2;1;0;1;
202300043195;155603972;C01;1;7;0;2;4;2;1;
202300043195;155603973;B01;1;10;0;2;4;2;1;
202300043196;155603968;A01;1;10;0;0;0;5;1;
202300043196;155603969;B01;2;7;0;9;1;14;1;
202300043196;155603970;C01;2;14;0;2;1;26;1;
202300043197;155603967;A01;1;7;14;0;1;2;1;
202300043198;155603965;A01;2;7;0;2;1;1;1;
202300043198;155603966;B01;2;7;0;2;4;1;1;
202300043199;155603963;A01;1;33;0;2;3;11;1;
202300043199;155603964;B01;1;33;0;2;7;2;1;
202300043200;155603961;B01;2;34;0;2;1;1;1;
202300043200;155603962;A01;2;7;0;2;5;12;1;
202300043201;155603959;B01;2;7;0;2;5;2;1;
202300043201;155603960;A01;2;7;0;2;3;2;1;
202300043202;155603957;A01;2;10;0;2;4;11;1;
202300043202;155603958;B01;2;33;0;2;1;3;1;
202300043203;155603955;A01;2;7;0;2;2;21;1;
202300043203;155603956;B01;2;7;0;2;3;1;1;
202300043204;155603953;B01;1;10;0;2;2;1;1;
202300043204;155603954;A01;1;31;0;2;1;3;1;
202300043205;155603952;A01;2;7;0;1;2;9;1;
202300043206;155603950;A01;3;7;0;2;2;15;1;
202300043206;155603951;B01;3;32;0;2;3;15;1;
202300043207;155603949;A01;1;7;0;1;3;1;1;
202300043208;155603948;A01;1;7;8;0;1;1;1;
202300043209;155603946;A01;1;7;0;2;1;2;1;
202300043209;155603947;B01;1;2;0;2;4;2;1;
202300043210;155603943;A01;1;7;0;2;1;2;1;
202300043210;155603944;B01;1;7;0;2;4;23;1;
202300043210;155603945;C01;1;7;0;2;4;15;1;
202300043211;155603940;C01;2;7;0;2;0;0;0;
202300043211;155603941;B01;0;37;0;2;0;0;0;1.0
202300043211;155603942;A01;2;2;0;2;1;3;1;
202300043212;155603937;A01;2;7;0;2;1;2;1;
202300043212;155603938;B01;2;7;0;2;4;2;1;
202300043212;155603939;C01;2;36;0;2;9;2;1;
202300043213;155603936;A01;1;30;0;0;8;15;1;
202300043214;155603934;B01;1;32;0;2;3;2;1;
202300043214;155603935;A01;1;10;0;2;2;2;1;
202300043215;155603933;A01;1;33;1;1;1;26;1;
202300043216;155603931;B01;1;7;0;2;5;2;1;
202300043216;155603932;A01;1;34;0;2;1;2;1;
202300043217;155603930;A01;1;7;0;1;1;1;1;
202300043218;155603928;A01;1;7;0;2;1;1;2;
202300043218;155603929;B01;1;10;0;2;4;1;3;
202300043219;155603927;A01;2;31;8;0;1;17;1;
202300043220;155603920;A01;1;7;0;2;3;13;1;
202300043220;155603921;B01;2;7;0;2;3;21;1;
202300043221;155603918;A01;3;7;0;2;1;19;1;
202300043221;155603919;B01;3;7;2;2;8;1;1;
202300043222;155603915;B01;1;7;0;2;3;1;1;
202300043222;155603916;C01;2;7;0;0;1;23;0;
202300043222;155603917;A01;1;7;0;2;2;1;0;
202300043223;155603913;A01;1;13;0;2;7;14;1;
202300043223;155603914;B01;1;7;0;2;8;1;1;
202300043224;155603911;B01;2;10;0;2;1;1;1;
202300043224;155603912;A01;1;7;0;2;8;6;1;
202300043225;155603909;B01;1;7;0;2;3;1;1;
202300043225;155603910;A01;2;7;0;2;1;13;1;
202300043226;155603907;B01;1;7;0;2;5;13;1;
202300043226;155603908;A01;0;30;0;2;0;17;1;
202300043227;155603906;A01;0;7;0;1;1;2;1;
202300043228;155603904;A01;2;37;0;2;2;15;1;1.0
202300043228;155603905;B01;2;7;0;2;3;1;1;
202300043229;155603902;B01;1;7;0;2;8;0;0;
202300043229;155603903;A01;0;10;0;2;1;9;1;
202300043230;155603901;A01;2;7;14;0;1;1;1;
202300043231;155603896;A01;3;15;0;2;3;1;1;
202300043231;155603897;B01;3;10;0;2;5;12;1;
202300043232;155603895;A01;1;7;0;1;1;13;1;
202300043233;155603894;A01;1;7;6;0;2;14;1;
202300043234;155603892;A01;0;7;0;2;1;1;1;
202300043234;155603893;B01;0;7;0;2;8;1;1;
202300043235;155603890;A01;0;7;0;2;2;1;1;
202300043235;155603891;B01;0;60;0;2;1;19;5;
202300043236;155603888;B01;2;2;0;2;1;17;0;
202300043236;155603889;A01;2;7;0;2;3;15;0;
202300043237;155603886;A01;2;7;0;2;1;2;1;
202300043237;155603887;B01;2;7;0;2;4;2;1;
202300043238;155603885;A01;1;7;1;0;1;0;1;
202300043239;155603883;Z01;3;7;0;1;1;0;0;
202300043239;155603884;B01;1;1;0;2;4;0;5;
202300043240;155603882;Z01;3;30;0;1;0;0;0;
202300043241;155603881;A01;3;7;3;0;3;13;1;
202300043242;155603880;A01;0;7;6;0;1;14;1;
202300043243;155603878;A01;2;7;0;2;7;15;1;
202300043243;155603879;B01;1;7;0;2;1;1;1;
202300043244;155603875;A01;1;7;6;2;2;5;1;
202300043244;155603876;C01;1;7;0;2;3;15;1;
202300043244;155603877;B01;1;33;0;2;1;2;1;
202300043245;155603872;A01;2;7;0;2;4;14;1;
202300043245;155603873;B01;2;7;0;2;4;1;1;
202300043245;155603874;C01;2;7;0;2;1;1;1;
202300043246;155603870;A01;1;7;0;2;1;2;0;
202300043246;155603871;B01;1;7;0;2;4;2;0;
202300043247;155603869;A01;1;32;8;0;1;13;1;
202300043248;155603867;A01;1;1;0;2;1;2;5;
202300043248;155603868;B01;1;7;0;2;4;23;1;
202300043249;155603866;A01;1;31;12;0;1;14;1;
202300043250;155603864;A01;1;30;0;2;4;3;1;
202300043250;155603865;B01;1;7;0;2;3;1;1;
202300043251;155603863;Z01;1;7;0;1;1;1;1;
202300043252;155603862;A01;1;33;1;0;1;1;1;
202300043253;155603860;A01;3;7;0;2;3;15;1;
202300043253;155603861;B01;3;32;0;2;1;1;1;
202300043254;155603857;A01;1;33;0;2;1;1;1;
202300043254;155603858;C01;1;7;0;2;1;1;1;
202300043254;155603859;B01;1;7;0;2;7;15;1;
202300043255;155603856;A01;3;2;13;0;2;1;1;
202300043256;155603855;A01;1;7;0;1;6;20;1;
202300043257;155603853;A01;1;7;0;2;2;17;1;
202300043257;155603854;B01;1;30;0;2;1;15;3;
202300043258;155603851;A01;1;7;0;2;8;15;1;
202300043258;155603852;B01;1;7;0;2;1;1;1;
202300043259;155603850;A01;3;7;0;1;1;0;1;
202300043260;155603848;B01;1;1;0;2;0;0;5;
202300043260;155603849;A01;1;7;0;2;7;1;1;
202300043261;155603847;A01;3;1;0;0;9;25;5;
202300043262;155603844;A01;2;7;0;2;1;2;1;
202300043262;155603845;B01;2;32;0;2;4;2;1;
202300043262;155603846;C01;2;7;0;2;4;2;1;
202300043263;155603842;B01;1;32;0;2;7;1;1;
202300043263;155603843;A01;1;7;0;2;3;19;1;
202300043264;155603841;B01;0;7;0;1;1;1;1;
202300043265;155603839;A01;1;7;0;2;1;5;1;
202300043265;155603840;B01;1;7;0;2;1;1;1;
202300043266;155603837;A01;2;7;0;2;3;9;1;
202300043266;155603838;B01;1;50;0;2;2;1;3;
202300043267;155603836;A01;3;7;0;1;1;9;1;
202300043268;155603834;B01;1;2;0;2;2;1;1;
202300043268;155603835;A01;1;7;0;2;1;15;1;
202300043269;155603833;A01;1;7;0;1;3;1;1;
202300043270;155603832;A01;3;7;0;1;1;0;1;
202300043271;155603831;A01;2;10;0;1;2;15;3;
202300043272;155603829;A01;1;7;0;2;5;17;1;
202300043272;155603830;B01;1;2;0;2;3;1;4;
202300043273;155603827;A01;1;7;0;2;2;1;1;
202300043273;155603828;B01;1;50;0;2;6;16;3;
202300043274;155603825;B01;1;2;0;2;1;17;1;
202300043274;155603826;A01;2;10;0;2;8;15;3;
202300043275;155603823;B01;1;2;0;2;2;1;1;
202300043275;155603824;A01;1;7;0;9;2;15;1;
202300043276;155603822;A01;0;7;1;0;2;1;1;
202300043277;155603821;A01;1;7;0;1;2;1;1;
202300043278;155603820;A01;3;2;14;0;4;1;1;
202300043279;155603819;Z01;1;7;0;1;0;0;0;
202300043280;155603818;A01;1;7;2;0;1;1;1;
202300043281;155603817;A01;3;7;14;0;1;1;1;
202300043282;155603814;A01;3;7;0;2;1;1;1;
202300043282;155603815;B01;3;7;0;0;1;1;1;
202300043283;155603812;A01;0;7;1;0;1;1;1;
202300043283;155603813;B01;1;7;0;1;6;24;1;
202300043284;155603810;B01;3;7;0;2;4;9;0;
202300043284;155603811;A01;3;10;0;2;1;9;1;
202300043285;155603809;A01;3;34;0;0;0;2;1;
202300043286;155603808;Z01;2;30;0;1;1;1;1;
202300043287;155603806;A01;1;7;0;2;2;1;1;
202300043287;155603807;B01;3;1;0;2;8;19;5;
202300043288;155603804;A01;3;7;0;2;3;13;1;
202300043288;155603805;B01;0;7;0;2;3;1;1;
202300043289;155603802;B01;2;1;0;2;1;1;5;
202300043289;155603803;A01;2;7;0;9;1;1;1;
202300043290;155603800;A01;0;7;0;2;1;1;1;
202300043290;155603801;B01;0;7;0;2;3;15;1;
202300043291;155603798;B01;2;1;0;2;4;0;5;
202300043291;155603799;A01;2;7;0;2;1;1;1;
202300043292;155603796;A01;1;7;0;2;1;1;1;
202300043292;155603797;B01;3;31;0;2;8;0;1;
202300043293;155603794;A01;3;7;0;2;8;22;6;
202300043293;155603795;B01;1;1;1;0;1;1;5;
202300043294;155603792;A01;1;3;0;0;4;2;1;
202300043294;155603793;B01;1;7;0;0;1;2;1;
202300043295;155603789;B01;2;10;0;2;4;1;1;
202300043295;155603790;A01;2;7;0;2;1;1;1;
202300043295;155603791;C01;2;7;0;2;4;1;1;
202300043296;155603787;A01;3;30;0;2;2;1;1;
202300043296;155603788;B01;3;37;0;2;3;16;3;1.0
202300043297;155603784;C01;1;10;0;2;4;2;1;
202300043297;155603785;A01;1;7;0;2;7;12;1;
202300043297;155603786;B01;1;43;0;2;8;2;1;
202300043298;155603782;B01;1;7;0;2;7;12;1;
202300043298;155603783;A01;1;31;0;2;3;3;1;
202300043299;155603778;D01;1;7;0;2;7;1;1;
202300043299;155603779;B01;1;13;0;2;2;1;1;
202300043299;155603780;C01;1;7;0;2;5;1;1;
202300043299;155603781;A01;1;7;0;2;9;11;1;
202300043300;155603776;B01;1;7;0;2;4;2;1;
202300043300;155603777;A01;1;7;0;2;1;2;1;
202300043301;155603774;B01;1;7;0;2;8;11;1;
202300043301;155603775;A01;1;14;0;2;2;11;1;
202300043302;155603772;A01;1;7;0;2;7;12;1;
202300043302;155603773;B01;1;33;0;2;3;3;1;
202300043303;155603770;B01;2;7;0;2;5;2;1;
202300043303;155603771;A01;2;34;0;2;1;2;1;
202300043304;155603768;A01;1;15;0;2;7;12;1;
202300043304;155603769;B01;1;7;0;2;6;1;1;
202300043305;155603766;A01;1;7;0;2;8;11;1;
202300043305;155603767;B01;1;31;0;2;7;3;1;
202300043306;155603764;A01;2;14;0;2;8;11;1;
202300043306;155603765;B01;2;7;0;2;7;1;2;
202300043307;155603762;B01;1;7;0;2;4;2;2;
202300043307;155603763;A01;1;10;0;2;1;2;1;
202300043308;155603761;A01;1;2;0;1;8;1;1;
202300043309;155603759;B01;1;33;0;2;4;23;1;
202300043309;155603760;A01;1;7;0;2;1;1;1;
202300043310;155603757;B01;1;37;0;2;6;1;1;4.0
202300043310;155603758;Z01;2;13;0;2;6;13;1;
202300043311;155603755;A01;3;7;0;2;1;1;1;
202300043311;155603756;B01;3;31;0;2;4;14;1;
202300043312;155603754;A01;2;10;0;1;6;4;1;
202300043313;155603753;A01;1;2;15;0;7;1;3;
202300043314;155603751;A01;1;7;0;2;1;15;1;
202300043314;155603752;B01;2;50;0;2;6;1;3;
202300043315;155603749;B01;1;1;0;2;1;1;5;
202300043315;155603750;A01;1;33;1;2;1;9;1;
202300043316;155603747;B01;2;31;0;2;1;1;0;
202300043316;155603748;A01;2;10;0;2;6;23;1;
202300043317;155603746;A01;1;10;9;1;7;14;1;
202300043318;155603743;B01;3;1;0;2;9;19;5;
202300043318;155603744;A01;1;31;0;2;1;1;1;
202300043318;155603745;C01;2;7;0;2;1;1;0;
202300043319;155603741;A01;1;7;0;2;1;15;1;
202300043319;155603742;B01;2;31;0;2;2;1;1;
202300043320;155603739;A01;1;7;0;2;1;1;4;
202300043320;155603740;B01;1;33;0;0;1;1;1;
202300043321;155603737;A01;1;7;0;2;1;2;3;
202300043321;155603738;B01;1;7;0;2;4;23;1;
202300043322;155603736;A01;2;43;12;0;7;2;1;
202300043323;155603734;B01;2;1;0;2;1;11;5;
202300043323;155603735;A01;1;7;0;2;3;1;1;
202300043324;155603732;A01;1;7;0;2;1;15;1;
202300043324;155603733;B01;2;2;0;2;1;1;1;
202300043325;155603731;A01;2;7;0;1;2;17;1;
202300043326;155603729;A01;3;7;0;2;7;2;0;
202300043326;155603730;B01;3;7;0;2;3;1;0;
202300043327;155603727;B01;3;7;0;2;6;0;1;
202300043327;155603728;A01;3;7;0;2;3;16;1;
202300043328;155603726;A01;1;34;1;0;1;16;0;
202300043329;155603723;A01;2;7;0;2;1;2;1;
202300043329;155603724;B01;2;7;0;2;4;1;1;
202300043329;155603725;C01;2;7;0;2;4;1;1;
202300043330;155603721;B01;1;7;0;2;4;23;1;
202300043330;155603722;A01;1;17;0;2;1;21;1;
202300043331;155603718;C01;1;7;0;2;4;1;1;
202300043331;155603719;A01;1;7;0;2;1;26;1;
202300043331;155603720;B01;1;7;0;2;1;0;1;
202300043332;155603716;A01;2;32;0;2;1;3;1;
202300043332;155603717;B01;2;7;0;2;6;11;1;
202300043333;155603713;C01;1;7;0;2;1;2;1;
202300043333;155603714;A01;1;7;0;2;8;1;1;
202300043333;155603715;B01;1;7;0;2;1;1;1;
202300043334;155603711;A01;2;7;12;2;6;11;6;
202300043334;155603712;B01;2;7;12;2;2;2;0;
202300043335;155603709;A01;1;7;0;2;1;1;1;
202300043335;155603710;B01;1;7;0;2;4;1;1;