Num_Acc;id_vehicule;num_veh;senc;catv;obs;obsm;choc;manv;motor;occutc
202300043336;155603707;A01;1;40;0;2;1;1;3;
202300043336;155603708;B01;1;33;8;4;6;1;1;
202300043337;155603706;A01;3;30;0;1;1;18;1;
202300043338;155603704;B01;2;10;0;2;1;1;1;
202300043338;155603705;A01;1;7;0;2;1;1;1;
202300043339;155603703;A01;2;7;0;0;7;1;1;
202300043340;155603701;A01;1;7;0;2;3;15;1;
202300043340;155603702;B01;2;32;0;2;2;1;1;
202300043341;155603700;A01;3;32;0;0;8;1;1;
202300043342;155603698;A01;1;33;0;2;2;18;1;
202300043342;155603699;B01;1;7;0;2;0;0;1;
202300043343;155603696;A01;2;7;0;2;1;16;1;
202300043343;155603697;B01;1;7;0;2;7;15;1;
202300043344;155603695;A01;2;33;0;1;3;21;1;
202300043345;155603694;A01;1;31;0;9;1;13;1;
202300043346;155603692;A01;2;2;0;6;1;0;1;
202300043347;155603690;C01;1;7;0;2;0;0;1;
202300043347;155603691;A01;1;7;0;2;4;2;1;
202300043347;155603693;B01;1;7;0;2;0;0;1;
202300043348;155603689;A01;1;7;2;9;7;14;1;
202300043349;155603684;A01;2;7;0;2;2;10;1;
202300043349;155603686;B01;1;7;0;2;1;1;3;
202300043349;155603688;C01;3;7;0;2;3;23;2;
202300043350;155603682;A01;3;7;6;0;1;0;1;
202300043351;155603681;B01;1;15;0;2;3;1;1;
202300043351;155603683;A01;2;7;0;2;3;13;1;
202300043352;155603679;B01;1;7;0;2;1;1;1;
202300043352;155603680;A01;2;7;0;2;1;1;1;
202300043353;155603674;A01;0;2;0;2;1;2;1;
202300043353;155603676;B01;0;7;0;2;8;0;1;
202300043354;155603675;A01;3;32;0;0;7;1;1;
202300043355;155603673;A01;3;7;0;0;9;1;1;
202300043356;155603671;B01;1;7;0;2;0;23;0;
202300043356;155603672;A01;1;7;0;2;0;1;0;
202300043357;155603668;A01;2;7;0;0;6;2;3;
202300043357;155603670;B01;2;33;0;2;1;2;0;
202300043358;155603667;A01;2;7;9;2;1;21;0;
202300043358;155603669;B01;1;2;0;2;1;1;1;
202300043359;155603663;A01;1;7;0;2;1;2;1;
202300043359;155603665;B01;1;7;0;2;4;2;1;
202300043359;155603666;C01;1;7;0;0;4;2;1;
202300043360;155603660;A01;3;7;0;1;3;26;1;
202300043361;155603659;B01;2;7;0;2;3;0;1;
202300043361;155603661;A01;1;10;0;2;3;0;1;
202300043362;155603656;A01;3;10;0;2;2;1;1;
202300043362;155603658;B01;3;7;12;2;3;12;1;
202300043363;155603655;A01;1;13;0;2;1;1;1;
202300043363;155603657;B01;2;7;0;2;1;13;1;
202300043364;155603653;A01;3;7;0;1;2;16;1;
202300043365;155603652;A01;1;7;0;2;3;9;1;
202300043365;155603654;B01;1;32;0;2;1;1;1;
202300043366;155603650;A01;1;80;0;4;7;19;3;
202300043366;155603651;B01;2;40;0;2;1;1;3;
202300043367;155603648;A01;1;7;0;2;1;2;1;
202300043367;155603649;B01;1;7;0;0;4;2;1;
202300043368;155603644;A01;0;7;0;2;3;1;1;
202300043368;155603645;B01;0;7;0;2;3;1;1;
202300043369;155603646;A01;2;7;0;2;2;15;1;
202300043369;155603647;B01;1;2;0;2;1;1;1;
202300043370;155603641;A01;1;2;0;2;2;17;1;
202300043370;155603643;B01;1;21;0;2;6;15;1;
202300043371;155603640;A01;1;7;0;2;2;1;1;
202300043371;155603642;B01;2;7;0;2;1;1;1;
202300043372;155603637;A01;1;7;0;2;1;2;1;
202300043372;155603639;B01;1;7;0;0;4;2;1;
202300043373;155603636;A01;1;7;0;2;6;15;1;
202300043373;155603638;B01;1;43;0;2;2;17;1;
202300043374;155603633;A01;3;3;0;1;1;0;3;
202300043375;155603628;A01;3;7;0;0;5;0;0;
202300043375;155603629;B01;3;7;0;0;3;9;0;
202300043376;155603626;A01;3;7;0;2;5;15;1;
202300043376;155603627;B01;3;7;0;2;5;15;1;
202300043377;155603624;B01;0;1;0;2;1;0;5;
202300043377;155603625;A01;0;7;0;2;1;0;0;
202300043378;155603622;A01;3;7;0;2;1;26;1;
202300043378;155603623;B01;3;32;0;2;8;1;1;
202300043379;155603620;A01;2;7;0;2;8;15;1;
202300043379;155603621;B01;2;7;0;2;1;1;1;
202300043380;155603618;B01;1;0;0;2;0;15;0;
202300043380;155603619;A01;2;10;0;2;1;1;1;
202300043381;155603616;A01;2;33;0;2;1;2;1;
202300043381;155603617;B01;2;7;0;2;5;2;1;
202300043382;155603614;A01;3;7;1;0;1;5;1;
202300043382;155603615;B01;3;7;0;2;1;24;1;
202300043383;155603610;C01;2;7;0;2;1;1;1;
202300043383;155603612;A01;2;14;0;2;3;1;1;
202300043383;155603613;B01;2;7;0;2;7;1;1;
202300043384;155603609;A01;1;1;0;2;1;19;5;
202300043384;155603611;B01;1;7;0;2;1;0;1;
202300043385;155603608;A01;1;7;4;0;3;1;1;
202300043386;155603607;A01;3;7;0;1;1;1;1;
202300043387;155603605;A01;1;7;0;9;3;9;1;
202300043387;155603606;B01;2;1;0;2;1;1;5;
202300043388;155603604;A01;3;7;0;1;2;1;1;
202300043389;155603603;A01;3;10;0;1;0;1;0;
202300043390;155603601;B01;0;2;0;2;1;1;0;
202300043390;155603602;A01;0;7;0;2;1;15;0;
202300043391;155603600;A01;3;32;0;1;1;1;0;
202300043392;155603599;A01;0;7;1;0;3;1;1;
202300043393;155603597;B01;1;7;0;2;2;1;0;
202300043393;155603598;A01;2;7;0;2;3;13;0;
202300043394;155603594;B01;2;7;0;2;1;1;1;
202300043394;155603596;A01;2;7;0;2;8;9;1;
202300043395;155603593;A01;1;7;0;0;5;15;1;
202300043395;155603595;B01;2;33;0;2;1;1;1;
202300043396;155603591;B01;2;7;0;2;1;1;1;
202300043396;155603592;A01;2;7;0;2;4;20;1;
202300043397;155603590;A01;2;30;0;0;0;26;1;
202300043398;155603586;A01;2;50;0;2;1;16;3;
202300043398;155603589;B01;3;7;0;2;3;1;3;
202300043399;155603585;B01;2;7;0;2;5;23;1;
202300043399;155603587;C01;2;7;0;2;5;23;1;
202300043399;155603588;A01;2;7;0;2;3;1;1;
202300043400;155603583;B01;1;7;0;2;5;1;0;
202300043400;155603584;A01;1;7;0;2;1;1;1;
202300043401;155603581;A01;1;7;0;2;6;1;1;
202300043401;155603582;B01;2;7;0;2;3;13;1;
202300043402;155603580;A01;0;7;0;1;1;9;0;
202300043403;155603579;A01;2;7;1;0;3;26;1;
202300043404;155603578;A01;0;7;2;0;1;26;1;
202300043405;155603577;A01;1;7;13;0;1;1;1;
202300043406;155603574;A01;1;10;0;2;1;26;1;
202300043406;155603576;B01;1;7;6;2;6;19;1;
202300043407;155603572;A01;2;7;0;2;1;1;1;
202300043407;155603575;B01;2;50;0;2;5;1;3;
202300043408;155603570;B01;1;7;0;2;9;1;1;
202300043408;155603571;C01;1;7;0;0;4;1;1;
202300043408;155603573;A01;1;7;0;2;1;1;1;
202300043409;155603566;A01;1;7;0;2;1;2;1;
202300043409;155603568;B01;1;7;0;2;4;23;1;
202300043410;155603565;C01;3;7;0;2;4;23;1;
202300043410;155603567;A01;3;7;0;2;1;1;0;
202300043410;155603569;B01;3;7;0;2;4;23;1;
202300043411;155603563;A01;1;7;0;1;3;17;1;
202300043412;155603562;B01;1;33;0;2;1;1;1;
202300043412;155603564;A01;1;10;0;2;5;15;1;
202300043413;155603561;A01;2;7;0;1;1;17;1;
202300043414;155603559;B01;1;7;0;2;4;2;1;
202300043414;155603560;A01;1;7;0;2;1;2;1;
202300043415;155603557;B01;3;33;0;2;8;15;1;
202300043415;155603558;A01;3;33;0;2;1;2;1;
202300043416;155603555;A01;1;7;0;2;1;2;1;
202300043416;155603556;B01;1;7;0;2;4;2;1;
202300043417;155603552;A01;3;7;0;2;8;10;1;
202300043417;155603553;B01;3;33;0;2;1;1;1;
202300043418;155603551;A01;1;34;12;2;3;21;1;
202300043418;155603554;B01;2;1;0;2;8;19;5;
202300043419;155603549;A01;2;7;0;2;3;13;1;
202300043419;155603550;B01;1;7;0;2;3;1;1;
202300043420;155603546;A01;3;32;1;0;1;18;1;
202300043421;155603545;A01;0;7;0;2;2;16;1;
202300043421;155603547;B01;0;30;0;2;3;1;1;
202300043422;155603543;B01;3;1;0;2;7;19;0;
202300043422;155603544;A01;1;7;0;2;2;1;3;
202300043423;155603542;A01;2;10;0;0;1;13;1;
202300043424;155603540;A01;2;10;0;2;2;17;0;
202300043424;155603541;B01;2;33;0;2;1;1;1;
202300043425;155603539;A01;1;7;13;0;0;26;1;
202300043426;155603537;A01;3;10;0;1;4;26;1;
202300043427;155603536;A01;1;10;0;9;2;1;0;
202300043427;155603538;Z01;1;10;0;2;0;3;0;
202300043428;155603535;A01;1;7;9;0;1;1;1;
202300043429;155603532;A01;1;7;0;2;7;0;1;
202300043429;155603533;B01;1;2;0;2;8;0;1;
202300043430;155603531;A01;0;7;0;2;4;16;1;
202300043430;155603534;B01;0;14;0;2;3;1;0;
202300043431;155603530;A01;0;33;0;1;1;17;1;
202300043432;155603529;A01;1;2;0;0;3;3;1;
202300043433;155603528;A01;1;33;0;6;7;1;1;
202300043434;155603527;A01;1;7;0;1;1;1;1;
202300043435;155603524;A01;1;7;2;2;5;0;0;
202300043435;155603526;B01;1;7;0;2;2;0;0;
202300043436;155603523;B01;1;7;0;2;7;1;1;
202300043436;155603525;A01;2;7;0;2;2;9;1;
202300043437;155603522;A01;1;7;12;0;3;13;1;
202300043438;155603520;B01;3;7;9;0;1;1;1;
202300043438;155603521;A01;3;7;8;0;1;13;1;
202300043439;155603519;A01;2;33;0;0;0;1;1;
202300043440;155603518;A01;3;33;0;1;0;0;1;
202300043441;155603517;A01;2;7;0;1;1;1;1;
202300043442;155603514;A01;0;7;0;0;7;1;1;
202300043442;155603516;B01;0;7;0;0;1;1;1;
202300043443;155603513;A01;0;7;0;2;6;9;1;
202300043443;155603515;B01;0;7;0;2;1;1;1;
202300043444;155603511;A01;2;7;1;0;2;1;1;
202300043445;155603510;A01;3;7;0;2;3;5;0;
202300043445;155603512;B01;3;7;0;2;1;5;0;
202300043446;155603508;B01;2;7;0;2;2;1;1;
202300043446;155603509;A01;2;7;0;2;3;26;1;
202300043447;155603507;A01;3;7;0;1;3;1;1;
202300043448;155603505;A01;1;7;0;2;5;13;1;
202300043448;155603506;B01;2;7;0;2;1;1;1;
202300043449;155603503;B01;3;3;0;2;1;1;1;
202300043449;155603504;A01;3;7;0;2;6;4;1;
202300043450;155603501;B01;3;2;0;2;1;1;1;
202300043450;155603502;A01;3;7;0;2;8;1;1;
202300043451;155603499;A01;1;7;0;2;8;11;1;
202300043451;155603500;B01;1;32;0;2;7;3;1;
202300043452;155603497;A01;2;31;0;2;1;3;1;
202300043452;155603498;B01;2;7;0;2;5;1;1;
202300043453;155603496;A01;2;7;0;1;1;1;1;
202300043454;155603495;A01;1;33;12;0;1;13;1;
202300043455;155603493;AB01;1;1;0;2;1;1;5;
202300043455;155603494;Z01;2;10;0;2;3;1;1;
202300043456;155603491;A01;1;7;0;2;7;2;1;
202300043456;155603492;B01;1;1;0;2;8;1;5;
202300043457;155603489;A01;1;7;0;2;1;15;1;
202300043457;155603490;B01;1;30;0;2;1;1;1;
202300043458;155603487;A01;2;2;0;2;2;20;1;
202300043458;155603488;B01;2;50;0;2;3;1;3;
202300043459;155603485;A01;2;7;0;2;2;1;2;
202300043459;155603486;B01;1;80;0;2;7;1;3;
202300043460;155603483;B01;3;33;0;2;1;1;1;
202300043460;155603484;A01;3;7;0;2;2;15;1;
202300043461;155603481;A01;1;50;0;2;1;1;3;
202300043461;155603482;B01;1;10;0;2;4;23;1;
202300043462;155603479;A01;1;99;0;2;0;19;3;
202300043462;155603480;B01;1;80;0;2;8;1;3;
202300043463;155603477;B01;2;1;0;2;1;1;5;
202300043463;155603478;A01;1;7;0;2;2;16;1;
202300043464;155603475;B01;1;31;0;2;3;16;1;
202300043464;155603476;A01;1;7;0;2;2;1;1;
202300043465;155603474;A01;1;10;0;1;4;20;1;
202300043466;155603472;A01;2;1;12;0;7;21;5;
202300043467;155603471;A01;1;7;0;2;3;11;1;
202300043467;155603473;B01;1;33;0;2;2;1;1;
202300043468;155603470;A01;2;10;8;0;1;1;1;
202300043469;155603468;A01;3;10;0;2;1;4;1;
202300043469;155603469;B01;3;10;0;2;4;1;1;
202300043470;155603464;A01;1;32;0;2;1;26;1;
202300043470;155603466;B01;1;15;0;2;6;16;1;
202300043471;155603463;C01;1;7;0;2;4;0;1;
202300043471;155603465;B01;1;7;0;2;4;0;1;
202300043471;155603467;A01;1;7;0;2;1;0;1;
202300043472;155603461;A01;1;7;1;0;1;1;1;
202300043473;155603460;B01;1;7;0;2;8;1;1;
202300043473;155603462;A01;1;7;0;2;1;1;1;
202300043474;155603459;A01;3;7;0;1;4;20;1;
202300043475;155603456;A01;1;1;0;2;7;0;5;
202300043475;155603458;B01;1;7;0;2;1;2;1;
202300043476;155603455;B01;1;30;0;2;7;1;1;
202300043476;155603457;A01;1;7;0;2;3;11;1;
202300043477;155603454;A01;1;32;0;1;1;2;1;
202300043478;155603453;A01;1;7;15;0;1;1;1;
202300043479;155603450;A01;2;3;0;2;2;15;1;
202300043479;155603451;B01;1;34;0;2;1;2;1;
202300043480;155603449;A01;1;33;0;2;1;1;1;
202300043480;155603452;B01;2;50;0;2;4;1;3;
202300043481;155603446;A01;1;7;0;2;2;15;1;
202300043481;155603448;B01;1;32;0;2;1;9;1;
202300043482;155603445;A01;3;7;0;2;4;2;1;
202300043482;155603447;B01;3;7;0;2;1;2;1;
202300043483;155603442;A01;1;7;0;2;3;16;1;
202300043483;155603443;B01;2;1;0;2;1;19;5;
202300043484;155603439;A01;1;10;0;2;1;1;1;
202300043484;155603440;B01;1;2;0;2;5;1;1;
202300043484;155603441;C01;1;7;0;2;2;1;1;
202300043485;155603436;A01;1;7;0;2;3;9;1;
202300043485;155603438;B01;2;34;0;2;1;17;1;
202300043486;155603435;B01;1;33;0;2;2;21;1;
202300043486;155603437;A01;1;7;0;2;6;26;1;
202300043487;155603432;B01;1;32;0;2;8;1;1;
202300043487;155603433;A01;1;7;0;2;2;20;1;
202300043488;155603431;B01;1;50;0;2;8;1;3;
202300043488;155603434;A01;1;7;0;2;1;1;1;
202300043489;155603428;B01;1;50;0;2;1;1;3;
202300043489;155603430;A01;1;7;0;2;3;15;1;
202300043490;155603427;A01;1;7;0;1;1;1;1;
202300043490;155603429;B01;2;7;0;2;2;1;1;
202300043491;155603423;A01;3;10;0;2;8;10;1;
202300043491;155603424;B01;1;33;0;2;1;1;1;
202300043492;155603422;A01;1;7;0;1;2;1;1;
202300043493;155603420;A01;3;7;0;2;3;13;1;
202300043493;155603421;B01;3;7;0;2;3;14;1;
202300043494;155603416;A01;0;10;0;1;7;1;1;
202300043495;155603415;A01;1;7;4;0;3;1;1;
202300043496;155603412;A01;1;7;0;1;1;1;2;
202300043497;155603410;A01;0;1;0;2;1;0;5;
202300043497;155603411;B01;3;7;0;0;0;9;1;
202300043498;155603409;A01;2;7;2;0;9;14;1;
202300043499;155603406;A01;2;10;2;0;3;1;1;
202300043500;155603407;A01;3;99;0;2;1;0;1;
202300043500;155603408;B01;0;1;0;2;1;16;5;
202300043501;155603405;A01;1;7;13;0;2;1;1;
202300043502;155603404;A01;1;7;0;1;1;9;1;
202300043503;155603403;A01;1;17;3;0;3;1;1;
202300043504;155603402;A01;2;7;13;0;1;19;1;
202300043505;155603400;B01;1;7;0;2;1;5;0;
202300043505;155603401;A01;1;7;16;2;8;1;0;
202300043506;155603398;A01;1;2;0;2;1;1;0;
202300043506;155603399;B01;1;2;0;0;4;1;0;
202300043507;155603397;A01;1;7;2;0;1;13;1;
202300043508;155603396;A01;2;7;2;0;2;1;1;
202300043509;155603393;A01;0;7;0;1;5;26;0;
202300043510;155603392;B01;2;7;0;2;3;11;1;
202300043510;155603394;C01;2;7;2;2;3;1;1;
202300043510;155603395;A01;2;10;0;2;2;1;1;
202300043511;155603390;A01;2;2;15;0;2;16;1;
202300043512;155603389;A01;2;7;0;2;1;1;1;
202300043512;155603391;B01;1;10;0;2;1;1;1;
202300043513;155603388;A01;1;33;0;5;8;1;1;
202300043514;155603387;A01;2;7;0;1;1;1;1;
202300043515;155603385;A01;2;7;1;0;1;13;1;
202300043516;155603384;A01;2;7;0;2;1;2;0;
202300043516;155603386;B01;2;7;0;0;4;23;0;
202300043517;155603383;A01;1;7;0;0;9;13;1;
202300043518;155603381;A01;1;7;0;2;3;13;1;
202300043518;155603382;B01;2;7;0;2;3;1;1;
202300043519;155603380;A01;2;14;0;1;1;1;1;
202300043520;155603379;A01;1;7;2;0;1;14;1;
202300043521;155603376;A01;1;7;0;2;1;9;1;
202300043521;155603378;B01;2;7;0;2;1;1;1;
202300043522;155603374;C01;1;7;0;2;3;1;1;
202300043522;155603375;A01;1;7;0;2;3;13;1;
202300043522;155603377;B01;2;17;0;2;3;1;1;
202300043523;155603372;A01;2;7;8;0;1;1;1;
202300043524;155603371;A01;1;7;1;0;1;2;1;
202300043524;155603373;B01;1;7;0;0;6;23;1;
202300043525;155603368;B01;2;7;0;2;1;0;1;
202300043525;155603370;A01;1;7;0;2;2;0;1;
202300043526;155603367;B01;2;33;0;2;1;3;6;
202300043526;155603369;A01;1;10;0;2;2;15;6;
202300043527;155603365;A01;2;7;6;2;7;17;1;
202300043527;155603366;B01;2;7;9;2;8;1;1;
202300043528;155603363;B01;2;7;0;0;4;23;1;
202300043528;155603364;A01;2;2;0;2;1;2;1;
202300043529;155603362;A01;2;33;0;0;7;1;1;
202300043530;155603356;B01;3;7;0;2;1;1;1;
202300043530;155603357;A01;3;14;0;2;2;15;1;
202300043531;155603359;A01;2;7;0;2;1;5;1;
202300043531;155603361;B01;1;10;0;2;1;1;1;
202300043532;155603355;A01;1;7;0;1;2;1;1;
202300043533;155603354;A01;0;7;16;0;0;0;1;
202300043534;155603353;A01;1;7;2;0;2;1;1;
202300043535;155603351;A01;2;7;13;2;2;1;0;
202300043535;155603352;B01;2;7;0;0;9;1;0;
202300043536;155603349;B01;2;10;0;2;3;1;1;
202300043536;155603350;A01;1;10;14;2;3;1;1;
202300043537;155603348;A01;1;7;2;0;8;1;1;
202300043538;155603345;A01;2;7;0;0;7;19;1;
202300043538;155603347;B01;2;7;0;2;1;1;1;
202300043539;155603346;A01;1;7;0;1;1;1;2;
202300043540;155603344;A01;1;33;13;0;7;1;1;
202300043541;155603343;A01;1;7;6;0;3;14;1;
202300043542;155603342;A01;3;7;13;0;9;1;1;
202300043543;155603340;A01;2;7;0;0;8;1;1;
202300043544;155603339;A01;2;7;0;0;3;13;1;
202300043544;155603341;B01;1;7;0;0;3;1;1;
202300043545;155603338;A01;3;7;8;0;2;14;1;
202300043546;155603337;A01;2;7;0;1;2;13;0;
202300043547;155603336;A01;3;2;1;0;0;0;1;
202300043548;155603334;B01;2;1;0;0;8;1;5;
202300043548;155603335;A01;2;7;0;9;2;1;1;
202300043549;155603333;A01;1;2;8;0;1;17;1;
202300043550;155603331;A01;2;33;0;0;0;1;1;
202300043551;155603330;A01;2;7;0;2;7;15;1;
202300043551;155603332;B01;2;2;0;2;1;1;1;
202300043552;155603327;B01;3;7;13;2;1;1;1;
202300043552;155603329;A01;3;15;0;2;6;1;1;
202300043553;155603326;B01;1;7;0;0;1;1;1;
202300043553;155603328;A01;2;7;0;0;1;13;1;
202300043554;155603323;A01;3;7;0;1;1;1;1;
202300043555;155603324;A01;1;7;0;2;5;15;0;
202300043555;155603325;B01;2;33;0;2;2;1;0;
202300043556;155603321;A01;2;7;6;0;1;1;0;
202300043557;155603318;A01;1;7;13;0;3;1;1;
202300043558;155603317;D01;2;7;0;9;2;2;1;
202300043558;155603319;A01;2;7;0;2;3;13;1;
202300043558;155603320;B01;1;7;0;2;3;1;1;
202300043558;155603322;C01;2;7;0;2;3;2;1;
202300043559;155603315;A01;1;7;0;9;2;1;1;
202300043560;155603314;A01;2;7;0;2;2;2;1;
202300043560;155603316;B01;2;1;0;2;4;1;5;
202300043561;155603310;A01;1;10;0;2;3;13;1;
202300043561;155603312;B01;2;33;0;2;3;13;1;
202300043562;155603311;B01;1;7;0;2;3;17;1;
202300043562;155603313;A01;1;7;0;2;3;5;1;
202300043563;155603309;A01;1;7;4;0;2;1;1;
202300043564;155603308;A01;1;7;4;0;2;26;1;
202300043565;155603306;A01;2;7;16;0;9;1;1;
202300043566;155603305;A01;1;7;0;2;1;9;1;
202300043566;155603307;B01;1;7;0;2;1;9;1;
202300043567;155603304;A01;2;37;0;1;0;20;1;1.0
202300043568;155603303;A01;2;17;3;0;2;14;0;
202300043569;155603301;A01;3;7;0;2;3;13;1;
202300043569;155603302;B01;3;31;0;2;5;21;1;
202300043570;155603300;A01;3;7;5;0;2;1;1;
202300043571;155603297;A01;3;7;0;0;9;1;1;
202300043571;155603299;B01;3;2;6;0;1;13;1;
202300043572;155603298;A01;1;7;1;0;2;1;1;
202300043573;155603295;A01;1;7;0;2;1;1;1;
202300043573;155603296;B01;3;1;0;2;7;26;5;
202300043574;155603294;A01;3;10;0;0;0;14;1;
202300043575;155603293;A01;1;1;0;1;1;1;5;
202300043576;155603292;A01;1;7;0;1;2;14;1;
202300043577;155603291;A01;3;50;8;0;0;1;3;
202300043578;155603290;A01;1;7;0;0;8;1;1;
202300043579;155603286;A01;1;2;0;2;1;9;1;
202300043579;155603287;B01;2;7;0;0;8;1;1;
202300043580;155603284;A01;2;7;0;2;3;13;1;
202300043580;155603285;B01;1;15;0;2;3;1;1;
202300043581;155603283;A01;3;50;6;0;1;1;3;
202300043582;155603281;A01;1;33;3;0;8;26;1;
202300043583;155603282;A01;1;33;0;0;8;1;1;
202300043584;155603279;A01;1;7;17;0;0;1;1;
202300043585;155603278;A01;1;7;0;2;1;13;1;
202300043585;155603280;B01;2;7;0;2;1;1;1;
202300043586;155603275;A01;2;2;0;2;1;2;1;
202300043586;155603277;B01;2;7;0;0;4;0;1;
202300043587;155603276;A01;1;7;0;9;1;1;1;
202300043588;155603273;A01;1;7;13;0;1;1;1;
202300043589;155603272;A01;3;15;0;0;6;24;1;
202300043589;155603274;B01;3;33;1;0;1;0;1;
202300043590;155603270;A01;2;33;0;2;1;1;1;
202300043590;155603271;B01;2;10;0;2;4;16;1;
202300043591;155603268;A01;1;7;0;2;3;5;1;
202300043591;155603269;B01;2;7;0;2;3;1;1;
202300043592;155603266;A01;1;7;0;2;3;10;1;
202300043592;155603267;B01;1;7;0;2;2;2;1;
202300043593;155603264;B01;2;7;0;2;2;1;0;
202300043593;155603265;A01;1;7;0;2;1;1;0;
202300043594;155603263;A01;1;7;2;0;9;14;1;
202300043595;155603261;A01;1;7;0;0;1;21;1;
202300043596;155603259;A01;1;7;0;2;4;1;1;
202300043596;155603260;B01;1;7;0;2;4;2;2;
202300043596;155603262;C01;1;7;0;2;1;2;1;
202300043597;155603257;A01;1;7;0;2;1;13;1;
202300043597;155603258;B01;2;7;0;2;1;1;1;
202300043598;155603256;A01;2;7;4;0;2;1;1;
202300043599;155603255;A01;3;33;13;0;1;1;1;
202300043600;155603252;A01;1;34;0;2;1;2;1;
202300043600;155603254;B01;1;7;1;2;4;2;1;
202300043601;155603251;A01;0;7;0;2;3;19;1;
202300043601;155603253;B01;0;7;0;2;1;1;1;
202300043602;155603249;B01;2;7;0;2;4;1;1;
202300043602;155603250;A01;2;10;0;2;1;14;1;
202300043603;155603247;A01;1;7;0;2;4;9;1;
202300043603;155603248;B01;1;7;0;2;1;9;1;
202300043604;155603244;A01;1;7;0;2;2;13;1;
202300043604;155603246;B01;1;7;0;2;4;1;1;
202300043605;155603242;A01;1;7;0;2;2;9;1;
202300043605;155603243;B01;1;7;0;2;4;23;1;
202300043605;155603245;C01;1;7;0;2;7;1;1;
202300043606;155603240;A01;1;7;0;2;1;2;1;
202300043606;155603241;B01;1;7;0;2;4;1;1;
202300043607;155603237;A01;1;7;0;2;2;14;3;
202300043607;155603239;B01;1;7;0;2;3;1;1;
202300043608;155603238;A01;1;7;4;0;1;1;1;
202300043609;155603234;A01;1;17;0;2;7;12;1;
202300043609;155603235;B01;1;7;0;2;8;1;1;
202300043610;155603233;A01;1;7;0;2;2;17;1;
202300043610;155603236;Z01;1;7;0;2;2;9;1;
202300043611;155603229;A01;2;7;0;2;1;2;0;
202300043611;155603232;B01;2;17;0;0;0;0;0;
202300043612;155603230;A01;2;7;0;2;2;1;2;
202300043612;155603231;B01;2;7;0;2;6;1;1;
202300043613;155603228;A01;1;7;3;0;1;14;1;
202300043614;155603226;A01;1;7;0;2;8;10;1;
202300043614;155603227;B01;1;7;0;2;2;1;1;
202300043615;155603224;A01;2;7;4;2;4;0;1;
202300043615;155603225;B01;2;33;4;2;1;0;0;
202300043616;155603219;A01;1;7;4;2;2;2;1;
202300043616;155603222;B01;1;7;4;2;8;1;1;
202300043616;155603223;C01;1;7;0;2;8;1;2;
202300043617;155603218;A01;1;7;0;2;3;13;1;
202300043617;155603220;B01;1;33;0;2;6;0;1;
202300043617;155603221;C01;1;7;0;2;4;2;1;
202300043618;155603213;Z01;2;7;0;2;1;2;0;
202300043618;155603215;B01;2;7;0;2;3;2;1;
202300043618;155603217;C01;2;10;0;2;6;1;1;
202300043619;155603212;C01;2;7;0;2;4;2;1;
202300043619;155603214;B01;2;7;0;2;4;2;1;
202300043619;155603216;A01;2;7;0;2;1;2;1;
202300043620;155603211;A01;2;34;14;9;8;1;1;
202300043621;155603210;A01;1;7;15;0;1;6;1;
202300043622;155603207;B01;1;7;0;0;7;14;1;
202300043622;155603209;A01;1;31;0;2;8;3;1;
202300043623;155603205;A01;1;7;4;0;1;26;1;
202300043624;155603206;B01;2;33;0;2;6;1;1;
202300043624;155603208;A01;2;7;0;2;3;11;1;
202300043625;155603203;A01;1;7;0;2;4;1;1;
202300043625;155603204;B01;1;14;0;2;1;1;1;
202300043626;155603198;B01;1;7;0;2;8;11;3;
202300043626;155603200;A01;1;43;0;2;7;3;1;
202300043627;155603197;C01;2;7;0;2;4;1;0;
202300043627;155603199;D01;2;7;0;2;4;1;0;
202300043627;155603201;A01;2;7;0;2;1;1;0;
202300043627;155603202;B01;2;7;0;2;4;1;0;
202300043628;155603193;B01;2;7;0;2;9;1;1;
202300043628;155603195;C01;2;14;0;2;8;1;1;
202300043628;155603196;Z01;2;7;0;2;0;0;1;
202300043629;155603192;B01;2;7;0;2;4;1;0;
202300043629;155603194;A01;2;10;0;2;1;1;0;
202300043630;155603189;A01;2;33;-1;-1;1;1;1;
202300043631;155603188;A01;2;7;0;2;4;11;1;
202300043631;155603190;B01;2;7;0;2;1;2;1;
202300043631;155603191;Z01;2;0;0;2;2;12;0;
202300043632;155603186;B01;1;7;0;2;6;11;1;
202300043632;155603187;A01;1;34;0;2;1;3;1;
202300043633;155603185;A01;1;14;4;0;7;14;1;
202300043634;155603181;B01;2;7;0;2;7;12;1;
202300043634;155603183;A01;2;7;0;2;8;1;1;
202300043635;155603182;A01;1;10;0;2;1;0;1;
202300043635;155603184;B01;1;7;0;2;6;0;3;
202300043636;155603177;A01;2;33;0;2;1;0;1;
202300043636;155603179;B01;2;7;0;2;5;1;1;
202300043637;155603178;A01;1;7;0;2;2;1;1;
202300043637;155603180;B01;1;7;0;2;2;1;3;
202300043638;155603175;A01;2;7;-1;0;3;2;1;
202300043639;155603174;B01;3;7;0;2;7;1;1;
202300043639;155603176;A01;3;7;0;2;1;16;1;
202300043640;155603173;A01;2;7;2;0;2;1;1;
202300043641;155603172;A01;3;1;0;0;0;1;5;
202300043642;155603170;A01;3;7;0;9;7;15;1;
202300043642;155603171;B01;3;2;0;2;0;1;0;