Num_Acc;id_vehicule;num_veh;senc;catv;obs;obsm;choc;manv;motor;occutc
202300043643;155603168;A01;2;33;0;2;1;11;1;
202300043643;155603169;B01;2;7;0;2;4;11;1;
202300043644;155603167;A01;1;7;2;0;1;1;1;
202300043645;155603165;B01;3;1;0;2;4;19;5;
202300043645;155603166;A01;3;7;0;2;1;9;2;
202300043646;155603163;A01;1;7;0;2;2;2;1;
202300043646;155603164;B01;1;7;0;2;4;2;1;
202300043647;155603161;A01;0;7;0;2;7;21;0;
202300043648;155603160;A01;1;7;0;2;2;19;1;
202300043648;155603162;B01;2;50;0;2;1;1;3;
202300043649;155603157;A01;1;7;0;2;1;15;1;
202300043649;155603159;B01;1;33;0;2;7;1;1;
202300043650;155603156;B01;3;7;0;2;2;1;1;
202300043650;155603158;A01;3;2;0;2;1;26;3;
202300043651;155603154;A01;1;7;0;2;1;2;1;
202300043651;155603155;B01;1;7;0;0;4;2;1;
202300043652;155603152;A01;1;7;0;2;1;2;1;
202300043652;155603153;B01;1;7;0;2;4;2;1;
202300043653;155603150;A01;2;30;0;2;1;1;1;
202300043653;155603151;B01;2;7;0;2;7;0;1;
202300043654;155603147;A01;2;41;12;0;7;1;3;
202300043655;155603145;A01;3;7;1;2;2;1;1;
202300043656;155603143;A01;0;14;0;2;1;1;3;
202300043656;155603144;B01;0;13;0;2;1;1;0;
202300043656;155603146;C01;0;7;0;2;9;1;1;
202300043657;155603140;A01;0;7;0;2;1;13;1;
202300043657;155603142;B01;0;7;0;2;2;2;1;
202300043658;155603139;A01;1;7;0;2;2;15;1;
202300043658;155603141;B01;2;7;0;2;1;1;1;
202300043659;155603138;A01;0;7;0;0;0;2;1;
202300043660;155603136;A01;0;14;0;0;0;1;1;
202300043661;155603132;A01;1;7;0;2;5;9;3;
202300043661;155603133;B01;1;33;0;2;1;1;1;
202300043662;155603131;A01;2;7;0;2;2;19;1;
202300043662;155603134;B01;1;2;0;2;8;1;1;
202300043663;155603130;A01;1;7;0;1;3;1;3;
202300043664;155603127;A01;3;50;0;1;0;1;3;
202300043665;155603123;A01;2;7;0;2;2;9;1;
202300043665;155603125;B01;2;33;1;2;8;1;1;
202300043666;155603122;A01;3;7;15;2;1;19;1;
202300043666;155603124;B01;3;10;0;2;1;1;1;
202300043667;155603121;A01;3;30;0;0;0;1;1;
202300043668;155603118;B01;3;1;0;2;0;0;5;
202300043668;155603119;A01;3;7;0;2;1;1;1;
202300043669;155603117;B01;1;7;0;2;1;1;1;
202300043669;155603120;A01;2;7;0;2;7;1;1;
202300043670;155603114;B01;3;7;1;2;1;1;1;
202300043670;155603116;A01;3;7;0;2;7;15;1;
202300043671;155603113;B01;3;7;0;2;3;21;1;
202300043671;155603115;A01;3;7;0;2;3;21;1;
202300043672;155603111;A01;1;7;0;1;1;9;1;
202300043673;155603112;A01;3;7;15;0;1;13;1;
202300043674;155603108;A01;2;7;0;2;1;2;1;
202300043674;155603110;B01;2;7;0;2;4;1;1;
202300043675;155603107;A01;1;7;8;2;3;1;1;
202300043675;155603109;B01;2;7;0;2;2;1;1;
202300043676;155603106;A01;2;34;16;0;0;1;1;
202300043677;155603104;B01;1;2;0;2;1;1;1;
202300043677;155603105;A01;2;7;0;2;2;15;1;
202300043678;155603103;A01;3;7;15;0;1;14;1;
202300043679;155603101;A01;3;10;0;2;2;1;1;
202300043679;155603102;B01;3;7;0;2;2;1;1;
202300043680;155603100;A01;1;32;13;0;1;1;1;
202300043681;155603098;A01;0;31;0;2;1;17;1;
202300043681;155603099;B01;0;7;0;2;3;26;1;
202300043682;155603094;A01;1;10;0;2;1;2;1;
202300043682;155603096;B01;1;33;0;2;4;0;1;
202300043683;155603092;A01;3;7;0;1;3;1;0;
202300043684;155603091;A01;0;36;0;2;3;9;1;
202300043684;155603093;B01;0;33;0;0;0;0;0;
202300043685;155603090;A01;1;7;8;0;1;12;1;
202300043686;155603088;A01;1;7;8;2;2;19;1;
202300043686;155603089;B01;1;7;0;2;1;1;1;
202300043687;155603086;B01;3;1;0;2;7;19;5;
202300043687;155603087;A01;2;7;0;2;1;1;1;
202300043688;155603083;A01;2;7;16;2;1;13;1;
202300043688;155603085;B01;1;7;0;2;1;1;2;
202300043689;155603082;B01;2;7;0;2;6;23;1;
202300043689;155603084;A01;2;2;0;2;1;1;1;
202300043690;155603078;A01;2;30;0;2;1;1;1;
202300043690;155603080;B01;1;7;0;2;2;1;1;
202300043691;155603077;B01;2;7;0;2;4;1;1;
202300043691;155603079;A01;2;7;0;2;1;2;1;
202300043691;155603081;C01;2;10;0;9;5;1;1;
202300043692;155603076;A01;3;7;0;1;2;1;1;
202300043693;155603075;A01;1;7;0;0;9;21;1;
202300043694;155603073;A01;3;7;0;1;2;15;0;
202300043695;155603074;A01;1;33;0;1;1;1;1;
202300043696;155603070;A01;1;50;0;2;1;16;3;
202300043696;155603072;B01;1;7;0;2;3;16;1;
202300043697;155603069;A01;1;10;0;2;2;2;1;
202300043697;155603071;B01;1;7;0;2;6;2;1;
202300043698;155603067;A01;1;33;12;1;1;14;1;
202300043699;155603066;B01;3;10;0;2;5;1;1;
202300043699;155603068;A01;3;7;0;2;1;1;1;
202300043700;155603064;A01;1;7;0;2;8;13;1;
202300043700;155603065;B01;1;33;0;2;2;3;1;
202300043701;155603061;A01;1;30;0;2;1;1;3;
202300043701;155603063;B01;1;7;0;2;1;1;1;
202300043702;155603060;A01;1;7;1;0;3;19;0;
202300043702;155603062;B01;1;7;1;0;1;1;0;
202300043703;155603058;A01;1;30;8;0;1;0;6;
202300043704;155603057;B01;2;33;0;2;3;3;1;
202300043704;155603059;A01;2;7;0;2;5;1;1;
202300043705;155603054;A01;1;7;0;0;1;9;1;
202300043706;155603055;A01;3;7;0;2;1;15;1;
202300043706;155603056;B01;3;34;0;2;1;1;1;
202300043707;155603052;B01;1;32;0;2;1;2;1;
202300043707;155603053;A01;1;7;0;2;5;2;1;
202300043708;155603048;A01;1;7;0;2;1;13;1;
202300043708;155603049;B01;2;7;0;2;1;1;1;
202300043709;155603046;A01;2;7;0;2;4;2;1;
202300043709;155603047;B01;2;7;0;2;1;2;1;
202300043710;155603040;A01;2;15;0;2;2;2;1;
202300043710;155603042;B01;2;7;0;2;6;2;1;
202300043711;155603038;D01;1;7;0;2;1;2;1;
202300043711;155603039;B01;1;7;0;0;4;2;1;
202300043711;155603041;C01;1;7;0;2;1;2;1;
202300043711;155603043;E01;1;7;0;2;1;2;1;
202300043711;155603044;F01;1;7;0;2;1;2;1;
202300043711;155603045;A01;1;7;0;2;1;2;1;
202300043712;155603036;A01;1;7;13;0;9;1;1;
202300043713;155603035;A01;2;7;0;2;1;2;2;
202300043713;155603037;B01;2;7;0;2;4;2;1;
202300043714;155603033;B01;1;7;0;2;6;0;1;
202300043714;155603034;A01;2;33;0;2;1;17;1;
202300043715;155603032;A01;2;33;3;0;7;14;1;
202300043716;155603029;A01;1;33;0;2;1;11;1;
202300043716;155603031;B01;1;7;0;2;5;13;2;
202300043717;155603026;C01;1;7;0;0;2;0;1;
202300043717;155603028;B01;3;7;0;2;1;1;1;
202300043717;155603030;A01;3;7;0;2;1;15;1;
202300043718;155603024;B01;1;7;0;2;4;2;1;
202300043718;155603025;C01;1;17;0;2;4;2;1;
202300043718;155603027;A01;1;31;0;2;1;3;1;
202300043719;155603021;A01;1;31;0;2;1;12;1;
202300043719;155603023;Z01;1;10;0;2;0;12;0;
202300043720;155603020;A01;1;7;4;0;1;1;1;
202300043721;155603019;A01;0;7;0;2;1;19;1;
202300043721;155603022;B01;0;7;0;2;8;1;1;
202300043722;155603015;A01;2;15;0;2;2;14;0;
202300043722;155603017;B01;2;7;0;2;8;1;0;
202300043723;155603016;A01;1;10;0;2;2;11;1;
202300043723;155603018;B01;1;33;0;2;7;1;1;
202300043724;155603014;A01;2;7;6;0;1;1;1;
202300043725;155603012;A01;1;7;4;0;1;14;1;
202300043726;155603013;A01;2;1;0;0;0;1;5;
202300043727;155603010;A01;1;7;0;2;1;1;1;
202300043727;155603011;B01;1;7;0;2;4;1;1;
202300043728;155603007;A01;2;7;4;0;3;13;1;
202300043729;155603006;A01;1;37;0;2;3;14;1;2.0
202300043729;155603008;B01;2;99;0;2;3;1;6;
202300043729;155603009;D01;2;7;0;2;2;1;1;
202300043730;155603003;B01;1;7;0;2;3;1;1;
202300043730;155603004;C01;1;37;0;2;6;1;1;1.0
202300043730;155603005;A01;1;30;0;2;1;17;1;
202300043731;155603002;A01;2;7;1;1;1;1;3;
202300043732;155602999;A01;1;7;1;0;1;21;1;
202300043732;155603000;B01;1;7;0;2;1;0;1;
202300043732;155603001;C01;0;7;1;0;1;0;1;
202300043733;155602995;C01;1;7;0;2;1;1;1;
202300043733;155602996;A01;2;7;0;2;1;13;1;
202300043733;155602998;B01;2;7;0;2;1;1;1;
202300043734;155602994;B01;1;60;0;2;2;14;5;
202300043734;155602997;A01;1;1;0;2;3;1;5;
202300043735;155602989;A01;0;1;0;0;0;0;5;
202300043735;155602990;C01;0;33;0;0;0;0;0;
202300043735;155602991;B01;2;7;0;2;6;2;2;
202300043736;155602988;A01;2;34;0;2;1;1;3;
202300043736;155602992;B01;2;7;0;0;6;15;1;
202300043737;155602987;A01;1;7;0;1;2;1;1;
202300043738;155602985;A01;1;10;0;2;5;1;1;
202300043738;155602986;B01;1;2;0;2;1;1;0;
202300043739;155602984;A01;3;7;0;1;1;1;1;
202300043740;155602982;B01;1;7;0;2;4;23;1;
202300043740;155602983;A01;1;1;0;2;1;1;5;
202300043741;155602981;A01;1;10;0;1;2;1;0;
202300043742;155602980;A01;1;7;0;1;1;1;1;
202300043743;155602978;B01;2;34;0;2;3;1;1;
202300043743;155602979;A01;2;7;0;2;5;16;1;
202300043744;155602976;B01;3;7;0;2;6;10;1;
202300043744;155602977;A01;3;7;0;2;1;1;1;
202300043745;155602975;A01;3;7;0;1;1;15;1;
202300043746;155602973;B01;2;7;0;2;2;1;2;
202300043746;155602974;A01;2;7;0;2;3;9;1;
202300043747;155602971;A01;3;7;0;2;1;1;6;
202300043747;155602972;B01;3;7;0;2;4;4;6;
202300043748;155602967;A01;1;1;0;2;1;1;5;
202300043748;155602970;B01;2;1;0;2;1;9;5;
202300043749;155602965;A01;3;7;0;2;1;9;0;
202300043749;155602966;B01;3;33;0;2;7;1;0;
202300043750;155602963;A01;2;30;0;2;6;11;1;
202300043750;155602964;B01;2;31;0;2;1;2;1;
202300043751;155602960;C01;1;7;0;2;3;1;1;
202300043751;155602961;B01;1;17;0;2;1;1;1;
202300043751;155602962;A01;2;17;0;2;1;11;1;
202300043752;155602958;A01;3;50;15;2;1;15;3;
202300043752;155602959;B01;3;32;15;2;3;1;1;
202300043753;155602956;B01;2;1;0;2;4;23;5;
202300043753;155602957;A01;2;7;0;2;1;2;1;
202300043754;155602953;B01;1;32;0;2;7;1;3;
202300043754;155602955;A01;1;7;0;2;3;10;3;
202300043755;155602951;C01;2;7;8;2;1;1;1;
202300043755;155602952;A01;1;13;8;2;1;13;1;
202300043755;155602954;B01;2;7;8;2;3;1;1;
202300043756;155602950;A01;1;30;0;0;0;1;1;
202300043757;155602949;A01;2;7;12;0;1;1;1;
202300043758;155602948;A01;2;80;0;1;1;1;3;
202300043759;155602946;B01;1;7;0;2;1;15;1;
202300043759;155602947;A01;2;33;0;2;1;17;1;
202300043760;155602944;A01;2;37;0;1;2;1;2;1.0
202300043761;155602943;B01;1;1;0;2;0;1;5;
202300043761;155602945;A01;1;7;0;2;2;1;1;
202300043762;155602942;A01;2;7;0;1;1;1;2;
202300043763;155602941;A01;2;7;6;0;3;1;1;
202300043764;155602939;B01;3;33;0;2;8;1;1;
202300043764;155602940;A01;3;7;0;2;7;12;1;
202300043765;155602937;A01;3;33;0;0;1;1;1;
202300043766;155602936;A01;2;31;0;2;1;0;1;
202300043766;155602938;B01;3;10;0;2;8;15;1;
202300043767;155602935;A01;3;32;16;1;7;1;0;
202300043768;155602933;A01;1;50;0;2;0;13;3;
202300043768;155602934;B01;1;7;0;2;1;10;1;
202300043769;155602931;B01;3;1;0;2;8;1;5;
202300043769;155602932;A01;3;10;0;2;2;16;1;
202300043770;155602930;A01;1;10;0;1;7;1;1;
202300043771;155602928;A01;1;7;0;2;3;15;1;
202300043771;155602929;B01;1;31;0;2;1;1;1;
202300043772;155602926;A01;1;7;0;2;1;7;1;
202300043772;155602927;B01;1;7;0;2;2;16;1;
202300043773;155602924;B01;1;33;0;2;1;1;1;
202300043773;155602925;A01;1;7;0;2;7;16;1;
202300043774;155602922;A01;1;33;0;2;1;2;1;
202300043774;155602923;B01;2;7;0;2;2;15;1;
202300043775;155602921;A01;1;7;9;0;2;1;1;
202300043776;155602919;A01;0;33;0;2;6;1;1;
202300043776;155602920;B01;0;7;0;2;2;1;1;
202300043777;155602917;A01;2;7;0;2;2;16;1;
202300043777;155602918;B01;1;1;0;2;2;1;5;
202300043778;155602914;A01;0;30;0;2;3;15;1;
202300043778;155602916;B01;0;7;0;2;2;2;1;
202300043779;155602915;Z01;1;7;0;1;1;15;1;
202300043780;155602910;A01;2;7;0;2;1;1;1;
202300043780;155602913;B01;1;7;0;2;7;15;1;
202300043781;155602908;A01;2;7;0;2;4;23;1;
202300043781;155602909;C01;2;7;0;2;4;23;1;
202300043781;155602911;D01;2;7;0;2;1;1;1;
202300043781;155602912;B01;2;7;0;2;4;23;1;
202300043782;155602906;B01;1;31;0;2;7;2;1;
202300043782;155602907;A01;0;7;0;2;1;9;0;
202300043783;155602905;A01;2;7;0;1;3;1;1;
202300043784;155602901;B01;3;7;0;2;8;1;1;
202300043784;155602904;A01;1;7;0;2;1;16;1;
202300043785;155602900;A01;1;7;15;0;2;14;1;
202300043786;155602896;B01;1;99;0;2;8;19;3;
202300043786;155602897;A01;2;7;0;9;3;15;1;
202300043787;155602895;Z01;2;7;0;2;8;0;0;
202300043787;155602898;C01;2;37;0;2;7;1;1;1.0
202300043787;155602899;A01;2;30;0;2;7;3;1;
202300043788;155602894;A01;2;7;0;1;2;1;1;
202300043789;155602893;A01;3;37;0;1;5;9;2;1.0
202300043790;155602890;A01;2;7;0;1;1;1;1;
202300043791;155602891;A01;1;7;0;2;2;0;1;
202300043791;155602892;B01;2;60;0;2;0;0;5;
202300043792;155602889;A01;1;2;0;0;8;21;1;
202300043793;155602887;B01;1;50;0;2;7;1;3;
202300043793;155602888;A01;2;10;0;2;3;9;1;
202300043794;155602886;A01;3;7;1;1;1;1;3;
202300043795;155602885;Z01;1;7;0;1;3;15;1;
202300043796;155602884;A01;1;7;6;0;9;1;2;
202300043797;155602881;A01;1;32;0;0;7;1;1;
202300043798;155602883;A01;1;7;12;0;1;13;1;
202300043799;155602880;A01;2;10;0;2;3;10;1;
202300043799;155602882;B01;1;33;0;2;1;1;1;
202300043800;155602877;B01;2;32;0;0;0;0;1;
202300043800;155602878;A01;2;10;0;2;3;16;1;
202300043801;155602876;A01;1;33;0;2;1;1;1;
202300043801;155602879;B01;2;7;0;2;2;15;1;
202300043802;155602874;B01;2;34;0;2;6;16;1;
202300043802;155602875;A01;2;50;0;2;1;1;3;
202300043803;155602872;A01;1;7;0;1;1;1;1;
202300043804;155602871;B01;1;33;0;2;7;1;1;
202300043804;155602873;A01;2;33;0;2;1;1;1;
202300043805;155602868;B01;1;7;0;2;7;16;1;
202300043805;155602869;A01;1;30;0;2;1;1;1;
202300043806;155602867;B01;2;1;0;2;1;1;5;
202300043806;155602870;A01;2;7;0;2;3;1;2;
202300043807;155602866;A01;1;1;0;1;1;17;5;
202300043808;155602864;A01;1;7;0;1;1;16;1;
202300043809;155602865;A01;2;1;0;0;8;1;5;
202300043810;155602860;A01;1;7;0;2;3;10;2;
202300043810;155602863;B01;1;33;0;2;1;17;1;
202300043811;155602859;A01;2;1;0;1;1;1;5;
202300043812;155602858;A01;2;33;12;0;1;1;1;
202300043813;155602856;A01;2;50;0;1;1;1;3;
202300043814;155602855;A01;1;7;0;2;3;10;2;
202300043814;155602857;B01;1;30;0;2;1;5;3;
202300043815;155602852;A01;3;7;0;2;8;10;1;
202300043815;155602854;B01;3;7;0;2;1;1;1;
202300043816;155602851;B01;3;50;0;2;1;19;3;
202300043816;155602853;A01;1;7;0;2;1;15;0;
202300043817;155602849;A01;3;7;0;1;1;14;1;
202300043818;155602848;A01;1;7;0;2;1;2;1;
202300043818;155602850;B01;1;7;0;2;4;23;1;
202300043819;155602847;A01;3;7;0;9;0;26;1;
202300043820;155602845;A01;1;7;8;1;1;16;1;
202300043821;155602844;B01;2;7;0;2;8;0;1;
202300043821;155602846;A01;1;7;0;2;1;6;1;
202300043822;155602838;B01;2;17;4;2;3;1;1;
202300043822;155602842;C01;1;17;4;2;3;1;1;
202300043822;155602843;A01;1;7;0;2;3;13;1;
202300043823;155602839;B01;3;34;0;2;7;1;1;
202300043823;155602841;A01;3;7;12;0;1;13;1;
202300043824;155602840;B01;2;33;0;0;0;1;1;
202300043825;155602834;B01;3;37;0;2;2;26;1;1.0
202300043825;155602837;A01;3;7;0;2;6;9;1;
202300043826;155602832;A01;2;7;0;2;1;2;1;
202300043826;155602835;B01;2;7;0;2;4;2;1;
202300043827;155602833;A01;1;7;0;2;8;20;1;
202300043827;155602836;B01;1;30;0;2;7;17;1;
202300043828;155602830;A01;2;7;0;0;0;0;1;
202300043828;155602831;B01;2;1;0;2;1;2;5;
202300043829;155602829;A01;1;10;0;1;1;1;0;
202300043830;155602827;B01;2;99;0;2;7;1;1;
202300043830;155602828;A01;2;7;0;2;6;1;1;
202300043831;155602826;Z01;1;1;0;1;1;1;5;
202300043832;155602824;B01;2;33;0;2;1;1;1;
202300043832;155602825;A01;1;7;0;2;7;9;1;
202300043833;155602821;B01;2;32;0;2;1;2;1;
202300043833;155602822;A01;2;7;0;2;5;23;1;
202300043834;155602820;A01;2;38;0;2;3;26;1;1.0
202300043834;155602823;B01;1;7;12;2;3;1;1;
202300043835;155602815;B01;3;1;0;2;9;18;5;
202300043835;155602818;A01;3;17;0;2;2;16;1;
202300043836;155602813;C01;2;7;0;2;4;2;1;
202300043836;155602814;D01;2;37;0;2;4;2;1;1.0
202300043836;155602817;A01;2;7;0;2;1;2;3;
202300043836;155602819;B01;2;7;0;2;4;2;1;
202300043837;155602812;Z01;3;7;0;1;2;15;1;
202300043838;155602811;A01;1;7;6;0;3;20;1;
202300043839;155602810;Z01;1;10;0;1;7;15;1;
202300043840;155602808;A01;1;7;0;2;7;1;1;
202300043840;155602809;B01;1;2;0;2;3;1;1;
202300043841;155602806;A01;2;7;0;2;8;15;1;
202300043841;155602807;B01;1;32;0;2;1;1;1;
202300043842;155602802;C01;2;7;0;2;1;1;1;
202300043842;155602803;B01;1;7;0;2;8;22;0;
202300043842;155602804;A01;1;33;0;2;1;17;1;
202300043843;155602800;A01;1;34;8;0;1;13;1;
202300043844;155602798;CA01;1;7;0;2;0;15;1;
202300043844;155602799;CB01;1;50;0;2;-1;2;3;
202300043845;155602797;Z01;2;30;0;1;1;1;0;
202300043846;155602795;A01;2;7;0;2;3;26;1;
202300043846;155602796;B01;1;33;0;2;1;17;1;
202300043847;155602794;A01;1;80;0;1;1;1;3;
202300043848;155602792;A01;1;7;0;1;1;16;1;
202300043849;155602793;A01;2;10;0;1;1;1;3;
202300043850;155602790;A01;1;32;0;0;0;1;1;
202300043851;155602788;C01;1;1;0;0;1;1;5;
202300043851;155602789;A01;2;7;0;2;3;17;0;
202300043851;155602791;B01;1;1;0;2;1;1;5;
202300043852;155602786;B01;2;34;0;2;8;1;1;
202300043852;155602787;A01;3;3;0;2;2;10;1;
202300043853;155602784;A01;0;7;0;2;3;15;0;
202300043853;155602785;B01;0;34;0;2;1;13;1;
202300043854;155602782;B01;1;7;0;2;4;2;1;
202300043854;155602783;A01;1;10;0;2;1;1;1;
202300043855;155602781;A01;1;7;0;1;3;15;0;
202300043856;155602780;A01;1;33;0;1;1;1;1;
202300043857;155602779;A01;1;38;7;0;8;21;1;65.0
202300043858;155602777;B01;3;7;0;0;4;2;2;
202300043858;155602778;A01;3;7;0;2;1;2;1;
202300043859;155602775;A01;2;7;0;0;9;1;1;
202300043860;155602776;A01;2;7;2;0;9;13;1;
202300043861;155602773;B01;2;7;0;2;8;15;1;
202300043861;155602774;A01;1;7;0;2;3;1;1;
202300043862;155602772;A01;2;7;0;0;1;1;1;
202300043863;155602770;A01;1;7;17;0;1;1;1;
202300043864;155602768;B01;1;7;0;2;1;1;1;
202300043864;155602771;A01;2;7;0;2;6;1;1;
202300043865;155602767;A01;1;7;0;2;2;14;1;
202300043865;155602769;B01;1;15;0;2;6;1;1;
202300043866;155602763;A01;2;7;0;2;7;5;1;
202300043866;155602765;B01;1;10;0;2;1;5;1;
202300043867;155602761;A01;0;1;0;0;0;0;5;
202300043868;155602762;A01;1;7;3;2;1;1;1;
202300043868;155602766;B01;2;7;0;2;1;13;1;
202300043869;155602759;B01;1;31;0;0;7;17;1;
202300043869;155602760;A01;1;7;0;2;8;15;0;
202300043870;155602758;A01;0;99;12;0;1;0;1;
202300043871;155602755;A01;2;7;13;0;0;17;1;
202300043872;155602754;B01;1;7;1;0;2;1;0;
202300043872;155602757;A01;2;7;0;0;5;24;1;
202300043873;155602753;A01;2;7;0;2;1;16;1;
202300043873;155602756;B01;3;80;0;2;8;19;3;
202300043874;155602752;A01;3;1;0;0;0;1;5;
202300043875;155602750;A01;2;7;0;2;1;1;1;
202300043875;155602751;B01;2;2;0;2;8;1;1;
202300043876;155602747;C01;1;7;0;2;0;0;1;
202300043876;155602749;A01;1;30;1;2;2;0;1;
202300043877;155602748;A01;1;2;14;0;1;1;1;
202300043878;155602746;A01;2;7;3;0;1;1;1;
202300043879;155602743;A01;2;7;0;2;1;15;1;
202300043879;155602744;B01;1;32;0;2;7;1;1;
202300043880;155602742;A01;2;2;12;0;2;14;6;
202300043881;155602741;B01;1;7;0;2;1;1;1;
202300043881;155602745;A01;1;14;0;2;7;1;1;
202300043882;155602740;A01;0;80;0;0;4;19;3;
202300043883;155602737;A01;3;34;0;2;1;1;1;
202300043883;155602739;B01;3;80;0;0;4;15;3;
202300043884;155602735;A01;1;10;0;2;1;2;1;
202300043884;155602738;B01;1;7;0;0;4;23;1;
202300043885;155602736;A01;1;31;12;0;8;21;3;
202300043886;155602733;A01;1;7;0;2;1;1;0;
202300043886;155602734;B01;2;1;0;2;1;1;5;
202300043887;155602730;B01;1;99;0;2;7;1;0;
202300043887;155602732;A01;1;7;0;2;7;16;0;
202300043888;155602729;B01;1;99;0;2;8;1;1;
202300043888;155602731;A01;2;10;6;2;9;13;1;
202300043889;155602726;A01;1;31;0;2;1;1;1;
202300043889;155602728;B01;1;80;0;0;4;19;3;
202300043890;155602724;B01;0;7;0;2;1;1;1;
202300043890;155602727;A01;3;7;13;0;7;19;1;
202300043891;155602722;A01;1;7;0;2;5;19;1;
202300043891;155602725;B01;1;31;0;2;1;1;1;
202300043892;155602721;B01;2;1;0;0;4;1;5;
202300043892;155602723;A01;2;7;0;2;1;1;1;
202300043893;155602720;A01;2;7;0;1;2;1;1;
202300043894;155602719;A01;2;7;6;0;1;2;1;
202300043895;155602716;B01;1;31;0;2;1;1;1;
202300043895;155602718;A01;2;7;0;2;2;5;0;
202300043896;155602715;A01;2;7;0;0;0;26;0;
202300043896;155602717;B01;2;1;0;0;0;21;5;
202300043897;155602710;A01;2;15;0;2;8;13;1;
202300043897;155602712;B01;1;7;3;2;8;21;1;
202300043898;155602709;A01;2;7;0;2;2;15;1;
202300043898;155602714;B01;1;10;0;2;3;1;1;
202300043899;155602703;A01;2;7;0;2;2;17;1;
202300043899;155602707;B01;2;7;0;0;6;1;1;
202300043900;155602701;A01;2;7;0;2;1;2;1;
202300043900;155602704;B01;2;7;0;0;4;2;1;
202300043900;155602706;C01;2;7;0;0;6;2;1;
202300043901;155602702;B01;2;7;0;2;4;2;1;
202300043901;155602705;A01;2;7;0;2;1;2;1;
202300043901;155602708;C01;2;10;0;0;4;23;1;
202300043902;155602700;A01;2;10;2;0;1;1;1;
202300043903;155602696;B01;2;10;14;2;2;1;1;
202300043903;155602697;A01;1;7;0;2;2;13;1;
202300043904;155602695;A01;0;1;0;0;0;0;5;
202300043905;155602699;A01;1;2;0;0;1;1;1;
202300043906;155602698;A01;1;7;4;0;3;13;1;
202300043907;155602693;B01;2;80;0;2;2;2;3;
202300043907;155602694;A01;2;7;0;2;3;9;1;
202300043908;155602690;B01;1;1;0;0;4;25;5;
202300043908;155602692;A01;1;7;12;9;2;2;1;
202300043909;155602689;A01;1;7;13;0;1;14;1;
202300043909;155602691;B01;1;7;1;0;3;1;1;
202300043910;155602686;A01;1;33;6;0;7;0;1;
202300043911;155602685;A01;1;10;0;2;1;13;1;
202300043911;155602688;B01;2;13;0;2;1;1;1;
202300043912;155602684;A01;2;7;0;2;3;17;1;
202300043912;155602687;B01;1;7;0;2;3;1;0;
202300043913;155602679;A01;3;7;0;2;1;1;1;
202300043913;155602682;B01;3;10;0;2;1;1;1;
202300043914;155602678;B01;2;32;0;2;1;1;1;
202300043914;155602681;A01;1;7;0;2;3;15;1;
202300043915;155602677;A01;1;13;8;0;1;1;1;
202300043916;155602676;A01;2;7;13;0;1;19;1;
202300043917;155602675;A01;2;7;2;0;3;0;1;
202300043918;155602674;A01;2;7;2;0;1;13;1;
202300043919;155602673;A01;1;7;2;0;3;1;0;
202300043920;155602672;A01;1;7;2;0;1;1;1;
202300043921;155602668;A01;1;7;0;0;6;24;1;
202300043921;155602670;B01;1;32;1;0;1;9;1;
202300043922;155602666;A01;1;7;0;2;1;13;1;
202300043922;155602669;B01;2;14;0;2;1;1;1;
202300043923;155602665;A01;1;7;13;0;1;1;1;
202300043924;155602663;B01;2;7;0;2;1;21;1;
202300043924;155602664;A01;1;7;0;2;1;13;1;
202300043925;155602661;A01;2;2;0;2;1;26;1;
202300043925;155602662;B01;2;7;0;2;1;1;1;
202300043926;155602660;A01;1;7;0;1;2;1;1;
202300043927;155602658;A01;2;1;2;0;1;1;5;
202300043928;155602657;A01;1;7;0;2;3;13;1;
202300043928;155602659;B01;2;10;0;2;3;2;1;
202300043929;155602654;A01;3;7;1;0;9;1;1;
202300043930;155602652;B01;2;1;0;2;1;1;5;
202300043930;155602655;A01;1;7;0;2;2;15;1;
202300043931;155602651;B01;2;7;0;2;3;1;1;
202300043931;155602653;A01;2;7;0;2;2;17;1;
202300043932;155602648;C01;1;7;0;0;4;2;1;
202300043932;155602649;B01;1;7;0;2;4;2;1;
202300043932;155602650;A01;1;7;0;2;1;2;1;
202300043933;155602647;A01;1;7;16;0;2;1;1;
202300043934;155602645;A01;1;7;0;2;6;11;1;
202300043934;155602646;B01;1;33;0;2;2;17;1;
202300043935;155602641;A01;1;7;0;9;3;9;1;
202300043935;155602643;B01;1;1;0;2;1;1;5;
202300043936;155602639;A01;1;7;13;0;0;1;1;
202300043937;155602638;D01;1;7;0;2;2;1;1;
202300043937;155602640;C01;1;7;0;2;4;1;1;
202300043937;155602642;A01;2;15;0;2;3;6;6;
202300043937;155602644;B01;1;10;0;2;3;1;0;
202300043938;155602637;A01;1;33;13;0;1;17;1;
202300043939;155602636;A01;1;7;15;9;3;0;1;
202300043940;155602634;A01;3;7;0;1;2;4;6;
202300043941;155602632;A01;1;33;0;2;1;2;1;
202300043941;155602635;B01;1;7;0;0;4;2;1;
202300043942;155602631;A01;1;7;8;0;1;13;1;
202300043943;155602630;A01;1;7;13;0;2;0;1;
202300043944;155602627;A01;3;7;0;2;1;6;1;
202300043944;155602629;B01;3;33;0;2;7;1;1;
202300043945;155602626;A01;1;7;0;1;2;1;1;