Num_Acc;id_vehicule;num_veh;senc;catv;obs;obsm;choc;manv;motor;occutc
202300043946;155602625;B01;2;7;0;2;3;1;1;
202300043946;155602628;A01;2;1;0;2;8;9;5;
202300043947;155602621;A01;1;7;0;2;6;17;1;
202300043947;155602623;B01;1;33;0;2;9;17;1;
202300043948;155602620;B01;2;43;0;2;3;2;1;
202300043948;155602624;A01;2;7;0;0;5;2;1;
202300043949;155602619;A01;0;10;0;9;2;15;1;
202300043949;155602622;B01;1;1;0;2;5;1;5;
202300043950;155602616;A01;1;7;0;2;1;13;1;
202300043950;155602618;B01;2;7;0;2;1;1;1;
202300043951;155602614;A01;2;1;0;2;1;1;5;
202300043951;155602617;B01;2;10;0;0;4;26;1;
202300043952;155602615;A01;2;7;2;0;1;21;1;
202300043953;155602612;A01;2;2;0;2;1;13;1;
202300043953;155602613;B01;1;7;0;2;1;1;1;
202300043954;155602610;A01;1;10;2;0;3;13;1;
202300043955;155602608;A01;1;7;8;0;1;1;1;
202300043956;155602607;A01;1;10;0;2;5;5;0;
202300043956;155602609;B01;2;10;0;2;1;0;0;
202300043957;155602604;C01;1;1;0;2;3;1;5;
202300043957;155602606;B01;1;7;0;2;3;1;1;
202300043957;155602611;A01;1;7;0;2;8;19;0;
202300043958;155602605;A01;1;7;13;0;1;1;1;
202300043959;155602603;A01;1;7;6;0;3;1;1;
202300043960;155602602;A01;2;7;0;1;1;16;1;
202300043961;155602601;A01;0;7;2;0;3;1;0;
202300043962;155602600;A01;1;1;0;0;1;1;5;
202300043963;155602597;A01;3;7;0;9;2;1;1;
202300043964;155602593;B01;1;7;0;0;4;1;1;
202300043964;155602595;A01;1;2;0;2;1;1;1;
202300043965;155602594;B01;1;7;0;2;3;1;1;
202300043965;155602596;A01;2;10;0;2;1;19;1;
202300043966;155602592;A01;1;7;13;0;1;1;1;
202300043967;155602590;B01;1;2;16;2;2;2;1;
202300043967;155602591;A01;1;7;16;2;3;11;1;
202300043968;155602588;A01;1;7;0;1;2;1;1;
202300043969;155602589;A01;1;7;12;0;9;1;1;
202300043970;155602583;B01;3;33;0;2;3;16;1;
202300043970;155602586;A01;3;7;0;2;3;15;1;
202300043971;155602579;A01;1;7;0;2;1;1;1;
202300043971;155602581;B01;2;15;0;2;3;1;1;
202300043971;155602584;C01;1;7;0;2;6;1;1;
202300043972;155602578;A01;1;3;0;1;1;1;3;
202300043973;155602580;A01;2;10;0;2;3;17;1;
202300043973;155602582;B01;2;7;0;2;6;15;1;
202300043974;155602576;B01;2;10;0;2;1;1;1;
202300043974;155602577;A01;2;30;14;2;1;17;1;
202300043975;155602575;A01;2;7;6;0;1;1;2;
202300043976;155602573;A01;2;33;0;0;0;0;1;
202300043977;155602572;A01;1;7;15;0;2;1;0;
202300043977;155602574;B01;1;7;0;2;2;1;0;
202300043978;155602570;A01;2;7;6;0;2;25;1;
202300043979;155602569;A01;2;7;0;2;1;9;1;
202300043979;155602571;B01;1;33;0;2;1;1;1;
202300043980;155602563;A01;1;7;0;2;3;1;1;
202300043980;155602567;B01;2;10;0;2;8;1;1;
202300043980;155602568;C01;2;7;0;2;3;1;1;
202300043981;155602562;B01;1;42;0;2;1;1;1;
202300043981;155602565;A01;2;7;0;2;1;15;1;
202300043982;155602560;A01;2;7;0;2;6;1;1;
202300043982;155602564;B01;1;7;0;2;2;19;1;
202300043983;155602557;A01;3;7;0;1;3;15;1;
202300043984;155602559;B01;1;7;0;2;2;17;1;
202300043984;155602561;A01;1;7;0;0;0;17;0;
202300043984;155602566;C01;1;7;6;1;8;15;1;
202300043985;155602556;B01;3;7;0;2;7;19;1;
202300043985;155602558;A01;3;10;0;2;1;0;1;
202300043986;155602550;A01;3;7;9;2;3;0;1;
202300043986;155602554;B01;3;7;0;2;6;0;2;
202300043987;155602551;A01;3;7;0;1;3;1;1;
202300043988;155602549;A01;1;7;0;2;1;5;1;
202300043988;155602553;B01;2;7;0;2;1;9;1;
202300043988;155602555;C01;2;7;0;2;1;1;1;
202300043989;155602547;A01;1;7;0;2;1;2;1;
202300043989;155602548;C01;1;15;0;0;6;1;1;
202300043989;155602552;B01;1;15;0;0;4;2;1;
202300043990;155602543;A01;1;7;0;2;1;2;1;
202300043990;155602546;B01;1;3;0;0;4;2;1;
202300043991;155602541;A01;1;33;0;2;2;17;1;
202300043991;155602544;B01;1;10;0;2;6;15;1;
202300043992;155602539;C01;1;7;0;2;1;1;1;
202300043992;155602542;B01;1;7;0;2;4;1;1;
202300043992;155602545;A01;1;10;0;0;8;1;1;
202300043993;155602537;A01;3;7;0;1;3;0;1;
202300043994;155602538;A01;1;2;0;2;1;1;1;
202300043994;155602540;B01;2;7;0;0;3;15;1;
202300043995;155602536;A01;2;7;6;0;9;1;1;
202300043996;155602532;A01;3;7;0;2;3;15;1;
202300043996;155602534;B01;3;2;0;2;1;1;1;
202300043997;155602531;B01;1;7;0;2;3;1;1;
202300043997;155602535;A01;2;1;0;2;8;16;5;
202300043998;155602530;B01;1;32;1;0;1;2;1;
202300043998;155602533;A01;1;7;0;0;4;23;1;
202300043999;155602526;A01;1;32;0;2;0;1;1;
202300043999;155602529;B01;1;7;0;0;0;1;1;
202300044000;155602525;A01;0;7;0;0;6;2;1;
202300044000;155602528;B01;0;7;0;2;1;2;1;
202300044001;155602523;A01;1;14;0;2;2;12;6;
202300044001;155602527;B01;1;7;0;2;8;1;1;
202300044002;155602519;C01;1;7;0;2;3;1;1;
202300044002;155602522;B01;1;7;0;2;6;1;1;
202300044002;155602524;A01;1;7;6;2;2;1;1;
202300044003;155602517;B01;2;7;0;2;4;2;1;
202300044003;155602520;A01;2;7;0;2;1;2;1;
202300044004;155602516;A01;1;15;0;2;1;1;1;
202300044004;155602521;B01;1;10;0;0;4;1;0;
202300044005;155602515;B01;1;7;0;9;1;1;1;
202300044005;155602518;A01;1;7;5;0;1;14;1;
202300044006;155602512;B01;2;33;0;2;1;3;1;
202300044006;155602514;A01;2;7;0;2;2;12;1;
202300044007;155602511;A01;1;33;12;0;0;21;1;
202300044008;155602509;A01;2;7;0;2;1;2;1;
202300044008;155602513;B01;2;10;0;2;4;2;1;
202300044009;155602507;A01;2;33;0;0;2;26;1;
202300044010;155602504;A01;2;14;0;0;5;1;1;
202300044010;155602506;B01;2;33;0;0;1;1;1;
202300044011;155602499;E01;1;7;0;2;4;0;1;
202300044011;155602502;D01;0;7;0;2;4;1;1;
202300044011;155602505;C01;1;7;0;2;4;1;1;
202300044011;155602508;B01;1;7;0;2;4;1;1;
202300044011;155602510;A01;1;7;0;2;1;1;1;
202300044012;155602497;A01;2;7;0;2;1;12;1;
202300044012;155602498;C01;2;7;0;2;5;1;1;
202300044012;155602501;B01;2;33;0;2;4;12;1;
202300044013;155602493;A01;1;7;0;0;4;1;1;
202300044013;155602496;B01;1;7;0;2;2;2;1;
202300044014;155602492;A01;2;33;4;0;3;0;1;
202300044015;155602490;A01;2;7;0;2;1;2;3;
202300044015;155602495;B01;2;7;0;2;4;2;1;
202300044015;155602500;C01;2;10;0;2;1;2;1;
202300044015;155602503;D01;2;7;0;2;4;2;1;
202300044016;155602489;A01;1;7;0;2;3;11;1;
202300044016;155602491;B01;1;34;0;2;7;3;1;
202300044016;155602494;C01;1;7;0;2;6;1;1;
202300044017;155602485;B01;1;7;0;2;3;0;1;
202300044017;155602488;A01;1;15;0;2;2;12;1;
202300044018;155602484;B01;1;32;0;2;7;1;1;
202300044018;155602487;A01;1;7;0;2;6;11;3;
202300044019;155602482;B01;2;7;0;2;4;2;1;
202300044019;155602483;A01;2;10;0;2;1;2;1;
202300044020;155602480;A01;2;7;0;2;2;12;1;
202300044020;155602486;B01;1;15;0;2;6;1;1;
202300044021;155602478;A01;1;37;0;1;6;7;2;1.0
202300044022;155602474;D01;2;7;0;2;6;0;1;
202300044022;155602477;C01;2;7;0;2;8;1;1;
202300044022;155602479;B01;2;7;0;2;2;12;1;
202300044022;155602481;A01;2;31;0;2;9;3;1;
202300044023;155602473;A01;1;37;0;2;2;1;1;1.0
202300044023;155602475;B01;1;13;0;2;3;9;1;
202300044024;155602472;B01;1;10;0;0;0;1;1;
202300044024;155602476;A01;1;10;0;2;4;1;1;
202300044025;155602469;A01;1;7;0;2;2;12;1;
202300044025;155602471;B01;1;43;0;2;9;3;1;
202300044026;155602468;A01;2;14;0;2;2;1;1;
202300044026;155602470;B01;2;10;0;2;6;23;1;
202300044027;155602466;A01;1;13;8;0;7;2;1;
202300044028;155602465;B01;2;7;0;2;4;1;1;
202300044028;155602467;A01;2;7;5;2;8;1;1;
202300044029;155602464;A01;2;7;0;1;3;16;2;
202300044030;155602463;A01;3;2;0;1;1;1;1;
202300044031;155602460;A01;1;10;0;2;2;1;1;
202300044031;155602462;B01;2;2;0;2;1;15;1;
202300044032;155602461;A01;1;10;4;0;1;1;0;
202300044033;155602457;B01;3;33;0;2;1;19;1;
202300044033;155602459;A01;3;7;0;2;3;19;2;
202300044034;155602454;A01;1;7;0;2;8;11;1;
202300044034;155602455;B01;1;33;0;2;7;3;1;
202300044035;155602452;A01;2;33;12;0;8;2;1;
202300044036;155602451;A01;1;7;0;1;3;1;1;
202300044037;155602453;A01;1;2;0;2;1;17;1;
202300044037;155602456;B01;1;10;0;2;4;15;1;
202300044038;155602448;A01;1;33;0;6;1;1;1;
202300044039;155602445;A01;1;7;0;2;1;2;1;
202300044039;155602449;B01;1;10;0;2;4;2;1;
202300044039;155602450;C01;1;10;0;2;4;2;1;
202300044040;155602444;B01;1;7;0;2;5;17;0;
202300044040;155602447;A01;1;50;0;2;3;15;3;
202300044041;155602442;B01;2;7;0;2;1;1;2;
202300044041;155602443;C01;1;7;0;2;6;1;2;
202300044041;155602446;A01;2;7;0;2;1;13;3;
202300044042;155602440;A01;1;33;0;0;3;26;1;
202300044043;155602436;A01;1;7;0;2;1;13;1;
202300044043;155602441;B01;2;7;0;2;1;1;1;
202300044044;155602437;B01;1;1;0;2;2;1;5;
202300044044;155602439;A01;2;7;0;9;3;19;1;
202300044045;155602438;A01;1;7;0;1;1;16;1;
202300044046;155602435;A01;2;10;13;0;2;14;1;
202300044047;155602434;A01;2;7;13;0;2;1;1;
202300044048;155602432;A01;1;1;0;1;0;1;5;
202300044049;155602429;A01;1;33;0;2;1;2;1;
202300044049;155602431;B01;1;7;0;2;5;1;1;
202300044050;155602430;B01;2;7;0;2;1;1;1;
202300044050;155602433;A01;1;7;0;2;7;15;1;
202300044051;155602426;A01;3;10;0;2;2;15;1;
202300044051;155602428;B01;2;2;0;2;1;1;1;
202300044052;155602425;A01;1;10;0;0;4;15;1;
202300044052;155602427;B01;1;7;0;2;1;1;1;
202300044053;155602421;B01;1;50;0;2;1;0;3;
202300044053;155602424;A01;1;7;0;2;6;0;1;
202300044054;155602420;A01;1;30;0;1;1;2;3;
202300044055;155602419;C01;2;7;0;2;8;1;2;
202300044055;155602422;B01;2;7;0;2;5;1;1;
202300044055;155602423;A01;2;33;0;2;9;3;1;
202300044056;155602418;A01;1;7;0;1;2;1;0;
202300044057;155602416;A01;1;31;0;0;8;21;1;
202300044058;155602413;A01;2;60;9;2;2;5;5;
202300044058;155602417;B01;1;7;0;2;1;1;1;
202300044059;155602412;A01;2;2;0;2;1;6;1;
202300044059;155602414;B01;1;10;0;2;3;14;1;
202300044060;155602408;A01;2;33;12;0;0;1;1;
202300044061;155602407;A01;2;31;3;0;8;15;1;
202300044062;155602410;A01;1;50;0;0;0;1;3;
202300044063;155602409;A01;2;80;0;2;1;1;3;
202300044063;155602411;B01;2;7;0;2;2;14;1;
202300044064;155602403;A01;1;40;0;1;2;1;3;
202300044065;155602404;A01;2;32;0;2;1;3;1;
202300044065;155602406;B01;2;7;0;2;5;23;1;
202300044066;155602402;A01;2;7;0;0;9;0;1;
202300044067;155602401;A01;2;80;0;2;1;1;3;
202300044067;155602405;B01;1;7;0;2;3;15;3;
202300044068;155602398;A01;1;7;0;2;3;17;0;
202300044068;155602400;B01;2;7;0;2;3;0;1;
202300044069;155602395;A01;1;7;0;2;3;13;1;
202300044069;155602399;B01;2;7;0;2;3;1;1;
202300044070;155602394;A01;2;30;0;2;1;1;1;
202300044070;155602397;B01;1;7;0;2;2;0;1;
202300044071;155602393;A01;3;32;0;2;4;2;3;
202300044071;155602396;B01;3;7;0;2;4;23;1;
202300044072;155602391;A01;1;7;0;1;1;1;0;
202300044073;155602389;A01;3;7;0;1;2;1;1;
202300044074;155602388;A01;1;50;0;2;1;1;3;
202300044074;155602390;B01;1;7;0;2;3;15;2;
202300044075;155602387;B01;1;7;0;2;7;1;1;
202300044075;155602392;A01;1;7;9;2;1;19;1;
202300044076;155602384;B01;1;2;0;2;1;1;1;
202300044076;155602385;A01;1;10;0;2;3;9;1;
202300044077;155602383;A01;1;33;0;1;1;17;1;
202300044078;155602381;C01;1;10;0;2;4;1;1;
202300044078;155602382;B01;1;7;0;2;4;1;1;
202300044078;155602386;A01;1;10;0;2;1;1;1;
202300044079;155602376;C01;0;7;0;2;8;0;1;
202300044079;155602379;B01;0;7;0;2;3;2;1;
202300044080;155602378;A01;1;7;5;1;1;26;1;
202300044081;155602375;A01;1;7;0;2;1;13;1;
202300044081;155602380;B01;2;33;0;2;1;1;1;
202300044082;155602374;B01;2;37;0;2;3;18;1;2.0
202300044082;155602377;A01;2;7;0;2;7;17;1;
202300044083;155602371;A01;2;2;0;2;1;1;1;
202300044083;155602373;B01;3;1;0;2;8;1;5;
202300044084;155602370;A01;1;7;0;2;6;11;1;
202300044084;155602372;B01;1;34;0;2;7;1;1;
202300044085;155602366;A01;1;33;0;2;1;2;1;
202300044085;155602368;B01;1;31;0;2;4;2;1;
202300044086;155602364;A01;1;30;0;0;8;1;1;
202300044087;155602363;A01;0;33;13;0;1;1;1;
202300044088;155602362;A01;1;7;0;2;7;15;1;
202300044088;155602365;B01;2;31;0;2;1;1;1;
202300044089;155602359;A01;1;7;0;2;8;1;1;
202300044089;155602361;B01;1;50;0;2;8;0;3;
202300044090;155602356;A01;1;7;0;2;1;2;1;
202300044090;155602360;B01;1;10;0;2;4;2;1;
202300044091;155602355;A01;1;7;0;2;3;13;1;
202300044091;155602358;B01;2;33;0;2;1;1;1;
202300044092;155602354;A01;2;7;0;2;2;1;3;
202300044092;155602357;B01;1;34;0;2;1;0;1;
202300044093;155602352;A01;3;7;0;1;2;19;1;
202300044094;155602349;B01;2;33;0;2;8;1;1;
202300044094;155602353;A01;1;7;0;2;3;0;1;
202300044095;155602348;B01;2;7;0;2;1;1;1;
202300044095;155602351;A01;1;7;0;2;1;1;1;
202300044096;155602347;B01;3;1;0;2;8;1;5;
202300044096;155602350;A01;1;7;0;2;1;18;1;
202300044097;155602345;A01;1;50;0;0;0;1;3;
202300044098;155602343;A01;1;7;0;2;6;16;1;
202300044098;155602346;B01;2;32;0;2;1;1;1;
202300044099;155602340;A01;3;7;0;0;4;0;1;
202300044099;155602342;B01;2;1;0;2;1;2;5;
202300044100;155602339;A01;1;7;0;1;2;1;1;
202300044101;155602335;B01;3;7;0;2;2;0;1;
202300044101;155602338;A01;3;30;0;2;1;3;1;
202300044102;155602334;B01;1;21;0;2;2;1;0;
202300044102;155602337;A01;2;2;0;2;1;17;1;
202300044103;155602331;A01;3;34;0;2;1;1;1;
202300044103;155602336;B01;3;7;0;0;0;0;0;
202300044104;155602328;B01;2;7;0;2;4;1;1;
202300044104;155602332;A01;2;7;0;2;1;1;1;
202300044104;155602333;C01;2;7;0;2;4;1;1;
202300044105;155602324;C01;1;7;0;2;1;1;1;
202300044105;155602326;A01;1;7;0;2;4;1;1;
202300044105;155602329;B01;1;7;0;2;4;1;1;
202300044106;155602322;B01;0;33;1;2;5;1;1;
202300044106;155602325;A01;0;7;0;2;2;11;1;
202300044107;155602321;B01;1;7;0;2;1;1;1;
202300044107;155602323;A01;2;7;0;2;3;15;1;
202300044108;155602318;A01;1;7;0;2;8;11;3;
202300044108;155602320;B01;1;43;0;2;7;1;1;
202300044109;155602317;A01;3;7;0;1;1;1;1;
202300044110;155602314;B01;3;7;0;2;1;5;1;
202300044110;155602316;A01;3;10;0;2;1;1;1;
202300044111;155602315;A01;3;7;1;1;1;1;0;
202300044112;155602312;A01;1;7;0;2;4;1;2;
202300044112;155602313;B01;1;7;0;2;1;2;1;
202300044113;155602308;B01;1;7;0;2;2;19;1;
202300044113;155602310;A01;2;33;0;2;1;13;1;
202300044114;155602307;B01;2;7;0;2;5;1;1;
202300044114;155602309;A01;2;33;0;2;8;3;1;
202300044115;155602306;A01;1;7;0;2;1;16;1;
202300044115;155602311;B01;1;50;0;2;0;16;3;
202300044116;155602304;A01;2;7;0;2;4;1;3;
202300044116;155602305;B01;2;7;0;2;1;2;1;
202300044117;155602302;A01;2;7;0;2;1;26;1;
202300044117;155602303;B01;2;34;0;2;4;26;1;
202300044118;155602301;A01;3;10;0;1;3;15;1;
202300044119;155602297;A01;2;33;0;2;1;2;1;
202300044119;155602300;B01;2;7;0;2;4;1;1;
202300044120;155602298;A01;1;7;0;2;3;16;1;
202300044120;155602299;B01;1;10;0;2;2;16;1;
202300044121;155602294;A01;1;7;3;0;1;14;1;
202300044122;155602295;A01;1;7;0;1;1;1;1;
202300044123;155602292;A01;3;30;0;2;3;1;1;
202300044123;155602293;B01;3;32;0;2;3;1;3;
202300044124;155602286;A01;2;7;0;2;1;1;1;
202300044124;155602289;B01;2;7;0;2;4;1;0;
202300044125;155602285;B01;1;7;0;2;8;1;1;
202300044125;155602290;A01;2;30;0;2;1;9;1;
202300044126;155602284;A01;3;7;0;2;3;15;1;
202300044126;155602288;B01;3;31;0;2;1;1;1;
202300044127;155602282;A01;1;7;0;1;2;1;1;
202300044128;155602280;A01;3;1;0;0;1;1;5;
202300044129;155602279;C01;1;15;0;2;4;23;1;
202300044129;155602281;A01;1;7;0;2;1;2;2;
202300044129;155602283;B01;1;10;0;2;4;2;1;
202300044130;155602278;A01;1;7;0;1;2;1;1;
202300044131;155602275;A01;2;7;0;2;1;2;1;
202300044131;155602277;B01;2;7;0;2;4;2;3;
202300044132;155602273;A01;3;7;0;1;2;13;0;
202300044133;155602271;A01;3;7;1;0;1;1;1;
202300044133;155602274;B01;3;31;1;0;4;23;1;
202300044133;155602276;C01;3;7;0;2;4;23;1;
202300044134;155602272;A01;2;7;2;0;1;1;1;
202300044135;155602268;Z01;0;50;0;1;1;25;3;
202300044136;155602267;A01;2;38;3;2;1;9;1;1.0
202300044136;155602269;B01;2;7;3;2;4;0;1;
202300044137;155602266;A01;2;7;0;2;1;15;1;
202300044137;155602270;B01;2;1;0;2;7;15;5;
202300044138;155602263;B01;1;7;0;2;2;0;1;
202300044138;155602265;A01;2;33;0;2;1;1;1;
202300044139;155602260;A01;3;7;0;2;3;9;1;
202300044139;155602264;B01;3;30;0;2;2;2;1;
202300044140;155602258;A01;1;10;0;2;1;2;1;
202300044140;155602261;B01;1;7;0;2;4;2;1;
202300044141;155602259;A01;2;7;0;2;3;13;1;
202300044141;155602262;B01;1;7;0;2;3;1;1;
202300044142;155602254;A01;1;7;4;0;2;1;1;
202300044143;155602255;A01;1;30;0;0;0;1;1;
202300044144;155602253;B01;0;7;0;2;8;15;1;
202300044144;155602257;A01;0;2;0;2;1;17;1;
202300044145;155602250;A01;3;7;14;0;1;1;1;
202300044146;155602247;A01;2;33;0;2;2;3;1;
202300044146;155602251;B01;2;7;0;2;0;0;1;
202300044147;155602244;A01;1;7;0;2;8;2;1;
202300044147;155602248;B01;1;31;0;2;2;2;1;
202300044148;155602243;A01;2;1;12;0;4;2;5;
202300044148;155602246;B01;2;7;0;9;2;2;1;
202300044149;155602242;A01;1;7;2;1;2;18;1;
202300044150;155602240;A01;3;33;0;0;0;1;1;
202300044151;155602239;A01;2;7;0;1;1;1;1;
202300044152;155602241;A01;1;7;0;1;1;9;1;
202300044153;155602235;A01;1;10;13;0;1;1;1;
202300044154;155602234;A01;1;7;0;2;1;13;1;
202300044154;155602238;B01;2;33;0;2;1;1;1;
202300044155;155602233;A01;1;50;0;2;0;19;3;
202300044155;155602237;B01;1;7;0;2;0;1;1;
202300044156;155602232;B01;1;38;0;2;3;1;1;1.0
202300044156;155602236;A01;2;7;4;2;2;12;1;
202300044157;155602230;A01;2;10;13;0;3;17;1;
202300044158;155602227;A01;3;7;0;2;1;9;1;
202300044158;155602231;B01;2;1;0;2;7;1;5;
202300044159;155602226;A01;1;7;0;2;1;13;1;
202300044159;155602228;B01;2;7;0;2;1;1;1;
202300044160;155602225;A01;1;7;0;2;2;1;1;
202300044160;155602229;B01;3;1;0;2;6;1;5;
202300044161;155602223;A01;2;33;0;2;1;17;1;
202300044161;155602224;B01;1;7;0;2;6;15;3;
202300044162;155602220;B01;0;7;0;2;4;23;1;
202300044162;155602222;A01;0;7;0;2;1;1;1;
202300044163;155602221;A01;1;30;0;0;2;1;1;
202300044164;155602215;A01;1;7;0;2;3;19;1;
202300044164;155602218;B01;2;7;8;2;1;1;1;
202300044165;155602217;B01;1;33;5;2;0;0;1;
202300044165;155602219;A01;1;15;0;2;7;9;1;
202300044166;155602213;A01;2;33;0;0;1;1;1;
202300044166;155602214;B01;2;7;0;2;8;13;-1;
202300044167;155602208;A01;2;7;0;2;3;13;1;
202300044167;155602210;B01;1;15;0;2;8;1;1;
202300044167;155602212;C01;1;10;0;2;3;1;1;
202300044168;155602206;B01;3;50;0;2;8;25;3;
202300044168;155602209;A01;1;7;0;9;1;9;1;
202300044169;155602211;B01;2;31;0;2;1;15;1;
202300044169;155602216;A01;1;7;0;2;8;1;1;
202300044170;155602205;B01;2;7;0;2;2;1;1;
202300044170;155602207;A01;2;7;0;2;3;11;1;
202300044171;155602204;A01;2;7;16;0;9;0;6;
202300044172;155602199;B01;3;7;0;2;2;0;1;
202300044172;155602203;A01;1;34;0;2;3;1;1;
202300044173;155602200;B01;2;1;0;2;8;1;5;
202300044173;155602202;A01;1;7;0;2;1;16;1;
202300044174;155602198;A01;1;7;0;1;2;1;1;
202300044175;155602201;A01;3;7;15;0;3;19;1;
202300044176;155602195;A01;2;7;0;0;4;23;1;
202300044176;155602197;B01;2;7;0;2;1;2;1;
202300044177;155602193;Z01;1;7;0;1;1;0;0;
202300044178;155602192;A01;2;7;0;2;5;16;1;
202300044178;155602194;B01;2;2;0;2;1;1;1;
202300044179;155602191;A01;3;7;0;2;3;19;1;
202300044179;155602196;B01;0;33;0;2;1;1;1;
202300044180;155602190;A01;1;7;0;1;3;1;2;
202300044181;155602185;B01;2;80;0;2;7;1;3;
202300044181;155602188;A01;2;30;0;2;1;9;3;
202300044182;155602186;B01;1;7;0;2;5;1;1;
202300044182;155602189;A01;1;7;0;2;3;2;1;
202300044183;155602187;A01;2;7;0;1;5;26;1;
202300044184;155602183;A01;2;7;0;2;1;13;0;
202300044184;155602184;B01;1;7;0;2;1;1;0;
202300044185;155602182;A01;3;7;0;1;4;4;1;
202300044186;155602178;A01;1;33;8;0;2;14;1;
202300044187;155602177;A01;2;7;0;2;1;1;1;
202300044187;155602180;B01;2;15;0;2;4;12;1;
202300044188;155602174;B01;2;7;0;2;1;1;1;
202300044188;155602179;A01;2;7;0;2;7;19;1;
202300044189;155602172;A01;1;30;12;0;7;1;1;
202300044190;155602171;B01;1;31;0;2;1;5;1;
202300044190;155602173;A01;2;7;0;2;1;1;1;
202300044191;155602169;A01;2;7;0;1;1;20;1;
202300044192;155602166;A01;0;7;0;0;2;16;1;
202300044193;155602165;B01;1;7;0;0;6;23;1;
202300044193;155602167;A01;1;7;1;2;2;21;1;
202300044194;155602164;A01;2;7;1;0;1;15;1;
202300044195;155602162;A01;0;7;0;1;4;26;1;
202300044196;155602159;A01;2;7;0;2;6;26;1;
202300044196;155602161;B01;2;31;0;2;1;2;1;
202300044197;155602157;A01;1;7;2;0;1;1;1;
202300044198;155602156;A01;0;1;0;2;0;0;5;
202300044199;155602155;B01;2;7;0;2;3;1;1;
202300044199;155602158;A01;1;7;0;2;3;26;1;
202300044200;155602153;A01;1;10;1;0;1;2;0;
202300044200;155602154;B01;1;10;0;2;4;24;0;
202300044201;155602149;A01;1;7;0;2;3;1;1;
202300044201;155602152;B01;1;50;0;2;2;0;3;
202300044202;155602148;A01;2;7;0;2;3;17;1;
202300044202;155602151;B01;1;7;0;2;1;1;1;
202300044203;155602147;A01;3;7;0;2;7;19;1;
202300044203;155602150;B01;3;7;0;2;1;1;1;
202300044204;155602144;B01;2;7;0;2;5;2;1;
202300044204;155602146;A01;2;7;0;2;2;2;3;
202300044205;155602142;A01;2;7;0;2;1;13;1;
202300044205;155602143;B01;1;7;0;2;1;1;1;
202300044206;155602141;A01;1;50;0;2;1;0;3;
202300044206;155602145;B01;1;7;0;2;2;1;1;
202300044207;155602139;A01;3;33;5;0;1;2;1;
202300044208;155602140;A01;2;30;0;1;8;1;1;
202300044209;155602136;B01;1;7;0;2;1;2;1;
202300044209;155602138;A01;2;7;0;2;1;11;1;
202300044210;155602134;A01;2;7;0;2;2;14;1;
202300044210;155602137;B01;1;31;0;2;8;1;1;
202300044211;155602133;B01;3;1;0;2;2;1;5;
202300044211;155602135;A01;3;7;0;9;3;9;0;
202300044212;155602131;A01;1;15;2;0;3;13;1;
202300044213;155602132;A01;2;7;0;1;1;26;1;
202300044214;155602129;A01;2;7;0;1;2;1;0;
202300044215;155602127;B01;2;7;0;2;3;13;1;
202300044215;155602130;A01;1;7;0;2;3;1;1;
202300044216;155602124;A01;2;7;13;0;0;1;1;
202300044217;155602125;A01;2;7;0;1;1;14;1;
202300044218;155602126;A01;1;31;0;2;1;18;1;
202300044218;155602128;B01;2;7;0;2;7;15;1;
202300044219;155602123;A01;2;7;0;1;2;1;0;
202300044220;155602120;A01;0;13;2;0;4;20;0;
202300044221;155602118;B01;2;7;16;2;1;1;1;
202300044221;155602122;A01;1;7;0;2;3;16;1;
202300044222;155602117;B01;0;99;0;2;3;0;0;
202300044222;155602121;A01;0;10;0;2;1;1;1;
202300044223;155602116;A01;3;10;0;2;1;1;1;
202300044223;155602119;B01;3;32;0;2;1;0;0;
202300044224;155602111;A01;1;10;0;2;3;1;1;
202300044224;155602114;B01;1;7;13;0;8;15;1;
202300044225;155602110;A01;1;7;1;1;3;16;1;
202300044226;155602108;A01;3;33;0;2;2;0;1;
202300044226;155602113;B01;3;7;0;2;6;1;1;
202300044227;155602109;A01;2;7;0;2;4;2;1;
202300044227;155602112;B01;2;7;0;2;4;1;1;
202300044227;155602115;C01;2;7;0;2;1;2;1;
202300044228;155602105;B01;1;7;0;2;1;1;1;
202300044228;155602107;A01;2;7;0;2;1;1;1;
202300044229;155602103;A01;1;10;0;2;4;4;3;
202300044229;155602106;B01;2;1;0;2;1;1;5;
202300044230;155602102;A01;1;7;4;0;1;26;1;
202300044231;155602101;A01;2;7;13;0;9;1;2;
202300044232;155602099;A01;1;30;0;2;1;15;1;
202300044232;155602100;B01;2;7;0;2;1;1;1;
202300044233;155602097;A01;2;10;0;9;1;17;1;
202300044233;155602098;B01;1;50;0;2;1;1;3;
202300044234;155602095;A01;1;38;6;0;3;1;1;3.0
202300044235;155602094;A01;2;7;0;2;1;13;1;
202300044235;155602096;B01;1;7;0;2;1;1;1;
202300044236;155602091;A01;2;7;2;0;3;1;1;
202300044237;155602090;A01;0;32;0;2;1;9;1;
202300044237;155602093;B01;0;7;0;2;6;1;1;
202300044238;155602088;B01;0;1;0;2;1;19;5;
202300044238;155602092;A01;0;7;0;2;3;1;1;
202300044239;155602086;A01;2;13;0;2;3;1;1;
202300044239;155602087;C01;1;7;0;2;8;1;1;
202300044239;155602089;B01;2;7;0;2;5;15;1;
202300044240;155602082;A01;2;7;0;2;3;13;1;