Num_Acc;id_vehicule;num_veh;senc;catv;obs;obsm;choc;manv;motor;occutc
202300044240;155602085;B01;1;7;0;2;3;13;1;
202300044241;155602081;B01;2;60;0;2;1;1;5;
202300044241;155602084;A01;1;7;0;9;3;15;0;
202300044242;155602079;C01;1;7;0;2;4;0;1;
202300044242;155602080;B01;1;7;0;2;4;0;1;
202300044242;155602083;A01;1;10;0;2;1;26;1;
202300044243;155602073;B01;0;7;0;2;3;15;1;
202300044243;155602077;A01;0;33;0;2;1;17;1;
202300044244;155602075;B01;2;7;0;2;0;1;1;
202300044244;155602078;A01;1;30;0;2;1;1;1;
202300044245;155602072;A01;1;7;2;0;3;1;1;
202300044246;155602071;C01;2;7;0;2;8;0;1;
202300044246;155602074;A01;1;7;0;2;8;13;1;
202300044246;155602076;B01;2;7;0;2;8;21;1;
202300044247;155602063;A01;1;15;0;2;6;1;0;
202300044247;155602066;B01;1;7;0;2;1;17;0;
202300044247;155602070;C01;1;7;0;2;2;1;0;
202300044248;155602061;B01;1;7;0;2;0;9;1;
202300044248;155602068;A01;1;31;0;2;1;9;1;
202300044249;155602064;B01;1;7;0;2;6;15;1;
202300044249;155602069;A01;1;31;0;2;1;17;1;
202300044250;155602060;A01;1;7;0;2;3;17;0;
202300044250;155602062;D01;2;7;0;9;3;1;0;
202300044250;155602065;B01;2;7;0;2;3;1;0;
202300044250;155602067;C01;1;10;0;2;8;1;1;
202300044251;155602057;A01;1;7;0;1;1;16;1;
202300044252;155602056;A01;0;7;0;2;0;26;1;
202300044252;155602059;B01;0;7;0;2;0;0;1;
202300044253;155602055;A01;2;7;0;2;2;1;1;
202300044253;155602058;B01;1;7;0;2;3;13;1;
202300044254;155602054;A01;3;7;0;1;1;1;1;
202300044255;155602053;A01;2;7;0;0;9;14;1;
202300044256;155602052;A01;2;7;0;0;2;1;1;
202300044257;155602051;A01;3;7;0;1;0;0;1;
202300044258;155602050;Z01;2;7;0;1;8;1;1;
202300044259;155602045;A01;2;7;13;0;8;16;0;
202300044260;155602046;A01;3;10;0;2;1;13;1;
202300044260;155602049;B01;3;7;0;2;1;1;1;
202300044261;155602048;A01;1;33;15;0;1;0;0;
202300044262;155602044;B01;1;1;0;2;7;14;5;
202300044262;155602047;A01;1;7;0;2;3;0;1;
202300044263;155602039;A01;1;7;0;1;1;11;1;
202300044264;155602038;A01;3;10;0;2;3;1;0;
202300044264;155602041;B01;3;10;0;2;5;15;0;
202300044265;155602037;B01;1;7;0;2;6;9;1;
202300044265;155602040;A01;1;7;0;2;2;1;1;
202300044266;155602036;A01;1;7;4;0;3;1;1;
202300044267;155602033;A01;1;7;0;2;1;2;1;
202300044267;155602035;B01;1;7;0;2;4;2;3;
202300044268;155602032;A01;1;10;4;0;1;1;1;
202300044269;155602030;A01;1;7;0;1;1;1;0;
202300044270;155602031;A01;1;7;0;2;1;10;1;
202300044270;155602034;B01;1;7;0;2;2;1;1;
202300044271;155602028;A01;1;33;0;0;8;1;1;
202300044272;155602023;A01;1;33;0;0;8;1;1;
202300044273;155602021;A01;1;7;0;2;4;2;3;
202300044273;155602024;C01;1;7;0;2;1;2;1;
202300044273;155602026;B01;1;7;0;2;1;0;4;
202300044273;155602029;D01;1;7;0;2;0;9;1;
202300044274;155602018;A01;1;7;0;2;1;2;1;
202300044274;155602020;B01;1;7;0;2;4;2;3;
202300044275;155602019;B01;3;7;0;2;8;9;1;
202300044275;155602022;A01;3;7;0;2;1;9;1;
202300044275;155602025;C01;3;7;0;2;3;23;1;
202300044276;155602017;A01;3;10;0;1;3;1;1;
202300044277;155602015;A01;2;31;0;9;1;14;1;
202300044278;155602013;A01;1;7;0;1;7;1;1;
202300044279;155602011;B01;1;14;0;2;1;21;1;
202300044279;155602012;A01;1;7;3;2;1;9;1;
202300044280;155602009;A01;1;10;0;2;3;15;1;
202300044280;155602010;B01;1;32;0;2;2;17;1;
202300044281;155602006;A01;2;50;0;0;0;0;3;
202300044282;155602005;A01;2;1;0;2;1;1;5;
202300044282;155602008;B01;3;7;0;2;3;1;1;
202300044283;155602000;A01;2;7;1;0;3;13;0;
202300044283;155602003;C01;1;80;0;2;3;1;3;
202300044284;155601999;A01;2;7;3;2;2;0;1;
202300044284;155602002;B01;2;7;0;0;3;1;1;
202300044285;155602001;B01;2;7;0;2;3;0;1;
202300044285;155602004;A01;2;32;0;2;3;5;1;
202300044285;155602007;C01;2;10;0;2;8;1;1;
202300044286;155601998;Z01;1;0;0;1;1;1;0;
202300044287;155601994;A01;1;30;0;2;8;13;1;
202300044287;155601996;B01;1;33;0;2;7;17;1;
202300044288;155601997;A01;1;10;0;1;1;15;1;
202300044289;155601991;A01;2;10;0;2;3;17;1;
202300044289;155601993;B01;2;34;0;2;1;1;1;
202300044290;155601992;A01;1;7;0;2;3;1;1;
202300044290;155601995;B01;1;7;0;2;5;11;1;
202300044291;155601988;A01;3;7;0;2;2;15;1;
202300044291;155601990;B01;3;33;0;2;1;1;1;
202300044292;155601986;A01;3;7;0;1;1;15;0;
202300044293;155601989;Z01;1;7;0;1;1;2;1;
202300044294;155601982;A01;1;10;0;1;2;1;1;
202300044295;155601981;A01;1;33;0;2;1;17;1;
202300044295;155601984;B01;1;7;0;2;1;1;1;
202300044296;155601980;B01;1;7;0;2;1;16;2;
202300044296;155601983;A01;1;1;0;2;1;2;5;
202300044297;155601979;A01;1;7;0;1;2;1;1;
202300044298;155601978;A01;2;7;13;0;0;2;1;
202300044299;155601977;A01;1;7;0;1;2;10;1;
202300044300;155601973;B01;2;7;0;2;0;1;1;
202300044300;155601975;A01;1;30;0;2;1;13;1;
202300044301;155601972;A01;1;7;1;0;2;14;1;
202300044302;155601971;A01;2;7;0;2;5;15;1;
202300044302;155601974;B01;1;7;0;2;2;1;1;
202300044303;155601966;A01;1;7;0;2;3;9;1;
202300044303;155601969;B01;1;33;0;2;6;1;1;
202300044304;155601965;A01;3;7;0;2;2;17;1;
202300044304;155601968;B01;0;10;0;2;3;15;1;
202300044305;155601964;B01;2;10;0;2;8;22;1;
202300044305;155601967;A01;2;80;1;0;2;1;3;
202300044306;155601962;A01;2;7;0;1;1;15;1;
202300044307;155601961;A01;2;30;0;2;1;1;6;
202300044307;155601963;B01;1;7;0;2;1;15;6;
202300044308;155601959;A01;2;7;0;2;3;15;1;
202300044308;155601960;B01;1;34;0;2;1;1;1;
202300044309;155601957;A01;1;2;0;2;1;1;1;
202300044309;155601958;B01;1;7;0;2;3;20;1;
202300044310;155601954;A01;1;7;0;0;0;0;1;
202300044310;155601956;B01;2;17;0;2;3;1;1;
202300044311;155601953;B01;2;2;0;2;2;2;1;
202300044311;155601955;A01;2;7;0;2;3;2;2;
202300044312;155601952;A01;1;7;0;0;9;1;1;
202300044313;155601949;A01;0;14;0;0;4;23;1;
202300044313;155601951;B01;0;10;0;2;1;2;1;
202300044314;155601950;A01;1;7;0;1;3;1;1;
202300044315;155601946;A01;1;10;0;2;6;11;1;
202300044315;155601948;B01;1;33;0;2;1;1;1;
202300044316;155601945;A01;3;7;0;1;3;15;0;
202300044317;155601944;A01;1;15;0;2;7;12;1;
202300044317;155601947;B01;1;7;0;2;8;1;1;
202300044318;155601941;B01;3;7;0;2;3;9;1;
202300044318;155601942;A01;3;7;1;2;2;1;1;
202300044319;155601938;A01;2;14;0;2;0;1;1;
202300044319;155601940;B01;2;7;0;2;0;1;1;
202300044319;155601943;C01;2;7;0;2;1;1;1;
202300044320;155601935;A01;1;7;0;1;2;1;1;
202300044321;155601932;B01;2;7;0;2;4;2;1;
202300044321;155601934;D01;2;10;0;2;4;23;1;
202300044321;155601936;A01;2;7;0;2;1;2;1;
202300044321;155601937;C01;2;7;0;2;4;2;1;
202300044321;155601939;E01;2;7;0;2;4;23;1;
202300044322;155601928;A01;2;33;0;2;1;3;1;
202300044322;155601930;B01;2;7;0;2;6;11;1;
202300044323;155601931;A01;1;7;0;2;4;1;1;
202300044323;155601933;B01;1;32;0;2;1;3;1;
202300044324;155601929;A01;2;50;12;0;0;1;3;
202300044325;155601923;B01;2;7;0;1;6;1;1;
202300044325;155601927;A01;1;7;0;2;1;1;1;
202300044326;155601924;A01;1;33;0;2;1;2;1;
202300044326;155601926;B01;1;7;0;2;4;2;1;
202300044327;155601922;A01;1;7;0;2;3;15;1;
202300044327;155601925;B01;2;7;0;2;2;1;1;
202300044328;155601920;A01;2;80;0;1;1;1;3;
202300044329;155601919;A01;2;10;0;1;1;1;1;
202300044330;155601915;C01;1;10;0;2;4;2;1;
202300044330;155601918;A01;1;7;0;2;1;2;1;
202300044330;155601921;B01;1;7;0;2;4;2;1;
202300044331;155601916;A01;2;33;0;2;1;1;1;
202300044331;155601917;B01;2;33;0;0;4;14;1;
202300044332;155601913;B01;3;99;0;2;1;1;3;
202300044332;155601914;A01;3;7;0;9;2;1;1;
202300044333;155601910;A01;2;50;0;1;1;1;3;
202300044334;155601909;A01;2;31;0;0;8;1;1;
202300044335;155601908;A01;2;10;0;2;1;2;1;
202300044335;155601911;B01;2;10;0;2;4;2;1;
202300044335;155601912;C01;2;7;0;2;4;2;1;
202300044336;155601907;A01;1;7;0;1;1;15;1;
202300044337;155601906;A01;1;7;1;1;3;13;0;
202300044338;155601901;A01;2;7;0;2;3;11;1;
202300044338;155601904;B01;2;32;0;2;7;3;1;
202300044338;155601905;C01;2;7;0;2;4;2;1;
202300044339;155601900;A01;1;33;0;2;8;1;6;
202300044339;155601903;B01;1;7;0;2;1;15;1;
202300044340;155601899;B01;1;99;0;2;8;26;5;
202300044340;155601902;A01;1;7;0;2;1;16;1;
202300044341;155601898;A01;1;1;0;1;1;2;5;
202300044342;155601897;A01;1;7;0;0;1;14;1;
202300044343;155601896;A01;1;50;0;1;8;1;3;
202300044344;155601894;A01;1;32;5;0;3;15;1;
202300044345;155601891;A01;2;30;0;2;1;15;3;
202300044345;155601892;B01;2;7;0;2;4;15;1;
202300044346;155601893;A01;2;33;0;2;1;3;0;
202300044346;155601895;B01;2;7;0;2;8;11;0;
202300044347;155601889;A01;1;50;0;0;1;1;3;
202300044348;155601888;A01;2;30;0;2;1;2;0;
202300044348;155601890;B01;2;7;0;2;5;1;0;
202300044349;155601886;A01;1;7;0;2;1;2;1;
202300044349;155601887;B01;1;10;0;2;4;2;1;
202300044350;155601883;B01;2;7;0;2;3;15;1;
202300044350;155601885;A01;2;43;0;2;1;17;1;
202300044351;155601882;B01;1;34;0;2;7;12;0;
202300044351;155601884;A01;1;7;0;2;2;1;1;
202300044352;155601879;A01;1;7;0;2;2;2;1;
202300044352;155601880;B01;1;33;0;2;4;23;1;
202300044353;155601878;A01;1;10;0;0;3;2;1;
202300044353;155601881;B01;1;1;0;0;0;0;5;
202300044354;155601874;A01;1;31;0;2;2;3;1;
202300044354;155601875;B01;1;7;0;2;6;11;1;
202300044355;155601873;A01;1;7;6;2;1;17;1;
202300044355;155601877;B01;1;7;0;2;3;11;1;
202300044356;155601870;B01;1;7;0;2;4;1;1;
202300044356;155601872;C01;1;7;0;2;4;1;1;
202300044356;155601876;A01;1;10;0;2;2;1;1;
202300044357;155601868;A01;1;33;0;2;1;1;1;
202300044357;155601871;B01;3;7;0;2;8;16;1;
202300044358;155601864;A01;1;7;4;0;3;1;1;
202300044359;155601865;A01;1;33;0;2;0;3;1;
202300044359;155601866;B01;1;7;0;2;7;12;1;
202300044360;155601862;A01;1;50;0;1;1;1;3;
202300044361;155601863;B01;3;2;0;2;8;9;1;
202300044361;155601867;A01;1;38;0;2;1;1;1;1.0
202300044361;155601869;C01;2;7;0;2;2;2;1;
202300044362;155601861;A01;0;30;1;0;1;1;1;
202300044363;155601860;A01;3;31;0;1;0;1;0;
202300044364;155601857;A01;1;7;0;0;3;0;1;
202300044364;155601859;B01;1;33;0;0;2;1;1;
202300044365;155601855;A01;2;7;0;2;1;1;1;
202300044365;155601856;B01;2;7;0;2;4;1;1;
202300044365;155601858;C01;2;7;0;2;4;1;1;
202300044366;155601854;A01;0;33;16;0;1;1;0;
202300044367;155601851;A01;2;7;0;2;2;1;1;
202300044367;155601852;B01;2;7;0;2;1;1;1;
202300044368;155601849;B01;2;2;0;2;3;18;1;
202300044368;155601853;A01;2;7;0;2;2;16;0;
202300044369;155601848;A01;3;7;0;2;1;26;1;
202300044369;155601850;B01;0;1;0;0;8;26;5;
202300044370;155601845;A01;2;7;0;2;3;11;1;
202300044370;155601846;B01;2;31;0;2;2;3;1;
202300044370;155601847;C01;2;7;0;2;4;1;1;
202300044371;155601844;A01;1;1;0;1;1;2;5;
202300044372;155601840;A01;0;3;0;2;1;9;1;
202300044372;155601842;B01;0;13;0;2;2;1;1;
202300044373;155601841;B01;1;7;0;2;3;1;1;
202300044373;155601843;A01;2;10;0;2;3;13;1;
202300044374;155601838;B01;2;2;1;0;7;2;1;
202300044374;155601839;A01;2;7;0;2;3;0;1;
202300044375;155601836;A01;1;14;0;1;2;1;1;
202300044376;155601837;A01;2;7;6;0;2;1;1;
202300044377;155601835;A01;1;1;12;0;0;1;5;
202300044378;155601833;A01;1;7;0;2;3;5;1;
202300044378;155601834;B01;1;7;0;2;3;1;1;
202300044379;155601831;A01;1;7;0;2;2;2;1;
202300044379;155601832;B01;1;2;0;0;4;2;1;
202300044380;155601829;A01;2;10;0;2;6;10;1;
202300044380;155601830;B01;2;31;0;2;2;1;1;
202300044381;155601827;A01;1;7;0;2;3;15;1;
202300044381;155601828;B01;1;32;0;2;1;18;1;
202300044382;155601825;A01;1;7;0;2;1;13;2;
202300044382;155601826;B01;2;7;0;2;3;1;1;
202300044383;155601823;A01;1;33;6;0;1;1;1;
202300044384;155601822;B01;2;33;0;2;1;1;1;
202300044384;155601824;A01;1;7;0;2;3;15;1;
202300044385;155601821;A01;1;32;5;0;1;17;1;
202300044386;155601818;B01;2;17;0;0;4;0;1;
202300044386;155601819;A01;2;10;0;2;1;0;1;
202300044387;155601817;A01;3;7;1;2;2;24;1;
202300044387;155601820;B01;3;32;1;2;2;1;1;
202300044388;155601816;A01;1;33;2;0;0;1;1;
202300044389;155601815;A01;2;7;3;0;1;13;0;
202300044390;155601811;B01;1;7;0;2;3;15;1;
202300044390;155601813;A01;2;32;0;2;1;17;1;
202300044390;155601814;C01;1;32;0;2;1;0;1;
202300044391;155601810;A01;3;33;0;2;3;1;1;
202300044391;155601812;B01;0;7;0;2;3;1;1;
202300044392;155601808;A01;2;10;0;2;2;17;1;
202300044392;155601809;B01;2;10;0;2;6;1;1;
202300044393;155601806;B01;1;33;0;2;7;3;1;
202300044393;155601807;A01;1;7;0;2;3;14;1;
202300044394;155601805;A01;1;32;2;0;1;0;1;
202300044395;155601803;A01;1;32;0;1;1;13;1;
202300044396;155601804;A01;1;7;13;0;1;26;1;
202300044397;155601797;A01;1;7;13;0;1;1;1;
202300044398;155601798;A01;1;7;0;2;1;19;0;
202300044398;155601801;B01;2;1;1;2;8;1;5;
202300044398;155601802;C01;2;7;0;2;8;23;1;
202300044399;155601796;B01;2;7;12;2;9;26;1;
202300044399;155601799;A01;2;7;0;2;2;26;1;
202300044399;155601800;C01;2;7;0;2;3;23;1;
202300044400;155601792;A01;1;7;0;2;1;0;0;
202300044400;155601795;B01;2;7;0;2;1;0;0;
202300044401;155601793;A01;1;10;13;0;3;26;1;
202300044402;155601791;B01;3;7;1;2;1;1;1;
202300044402;155601794;A01;3;7;1;2;3;1;1;
202300044403;155601789;A01;3;7;8;0;2;14;1;
202300044404;155601788;A01;3;7;0;0;2;1;0;
202300044404;155601790;B01;3;10;0;2;3;19;1;
202300044405;155601785;A01;0;33;2;0;1;15;1;
202300044406;155601782;A01;1;99;2;0;2;1;1;
202300044407;155601781;C01;1;7;0;2;6;1;1;
202300044407;155601783;A01;1;7;0;2;1;13;2;
202300044407;155601784;D01;2;7;0;2;1;1;1;
202300044407;155601786;E01;2;13;0;2;1;1;1;
202300044407;155601787;B01;1;7;0;2;7;1;1;
202300044408;155601777;A01;1;7;0;2;3;13;1;
202300044408;155601779;B01;2;7;8;2;3;0;1;
202300044409;155601775;A01;2;10;0;2;5;9;1;
202300044409;155601780;B01;2;33;0;2;1;1;1;
202300044410;155601774;B01;1;7;0;2;1;2;1;
202300044410;155601776;C01;1;7;0;2;4;2;1;
202300044410;155601778;A01;1;7;0;2;1;2;1;
202300044411;155601772;A01;1;7;0;1;1;15;1;
202300044412;155601771;A01;2;2;0;2;3;16;6;
202300044412;155601773;B01;1;10;0;2;8;15;6;
202300044413;155601768;A01;2;33;13;0;0;1;1;
202300044414;155601767;A01;1;7;0;2;8;13;1;
202300044414;155601770;B01;1;2;0;2;7;17;1;
202300044415;155601769;A01;1;15;14;0;9;1;1;
202300044416;155601766;A01;2;33;0;0;7;17;1;
202300044417;155601765;A01;1;33;0;0;0;2;1;
202300044418;155601761;B01;2;2;0;2;0;0;0;
202300044418;155601764;A01;1;7;0;2;2;0;6;
202300044419;155601760;A01;2;7;0;9;3;9;1;
202300044419;155601763;B01;1;80;0;2;2;1;3;
202300044420;155601759;A01;3;7;0;2;1;1;1;
202300044420;155601762;B01;3;7;0;2;2;1;1;
202300044421;155601757;A01;1;7;0;1;7;1;1;
202300044422;155601756;A01;1;7;2;0;3;13;1;
202300044423;155601755;A01;1;7;0;0;3;19;1;
202300044423;155601758;B01;1;10;0;2;1;1;1;
202300044424;155601753;B01;3;7;0;0;3;1;1;
202300044424;155601754;A01;3;31;0;0;3;1;1;
202300044425;155601752;A01;2;7;0;1;3;1;0;
202300044426;155601749;B01;1;1;0;2;1;1;5;
202300044426;155601751;A01;1;7;0;2;1;1;1;
202300044427;155601750;A01;2;33;13;0;1;1;1;
202300044428;155601747;A01;1;7;9;2;3;1;1;
202300044428;155601748;B01;2;7;2;2;6;1;1;
202300044429;155601746;A01;2;7;12;0;3;13;1;
202300044430;155601744;A01;1;7;2;0;1;1;1;
202300044431;155601741;A01;2;7;0;2;3;1;1;
202300044431;155601743;B01;2;7;0;2;1;2;1;
202300044431;155601745;C01;1;17;0;2;8;1;1;
202300044432;155601740;B01;2;7;0;2;4;23;1;
202300044432;155601742;A01;2;7;0;2;1;2;1;
202300044433;155601738;A01;3;7;0;1;3;0;1;
202300044434;155601736;A01;3;7;0;2;2;15;1;
202300044434;155601739;B01;1;2;0;2;1;1;1;
202300044435;155601737;A01;2;7;0;1;1;2;1;
202300044436;155601735;A01;1;7;1;0;1;1;1;
202300044437;155601731;A01;2;7;0;1;2;1;1;
202300044438;155601730;A01;1;7;13;0;1;16;1;
202300044439;155601732;B01;3;7;0;2;3;1;1;
202300044439;155601734;A01;3;7;0;2;7;16;1;
202300044440;155601729;A01;1;7;3;2;3;1;1;
202300044440;155601733;B01;1;21;0;2;6;1;1;
202300044441;155601726;B01;1;33;0;2;1;2;0;
202300044441;155601728;A01;1;7;0;2;3;1;0;
202300044442;155601720;B01;3;50;0;2;1;1;3;
202300044442;155601727;A01;1;7;0;9;2;15;1;
202300044443;155601721;B01;3;2;0;2;7;1;1;
202300044443;155601725;A01;3;7;0;2;1;9;1;
202300044444;155601717;A01;3;7;0;1;1;0;1;
202300044445;155601715;B01;1;1;0;2;8;1;5;
202300044445;155601718;Z01;3;10;0;2;1;1;0;
202300044446;155601712;B01;2;7;0;0;6;2;1;
202300044446;155601713;C01;2;33;0;2;7;1;1;
202300044446;155601716;A01;2;10;0;0;8;11;1;
202300044447;155601714;A01;3;7;13;0;1;1;1;
202300044448;155601710;B01;1;15;0;2;1;15;1;
202300044448;155601711;A01;2;43;0;2;1;1;1;
202300044449;155601707;A01;1;10;0;2;1;1;1;
202300044449;155601709;B01;1;1;0;2;4;1;5;
202300044450;155601705;A01;1;33;0;2;1;2;1;
202300044450;155601706;B01;1;7;0;0;6;2;1;
202300044451;155601701;A01;3;10;0;2;4;4;1;
202300044451;155601702;B01;3;1;0;2;1;1;5;
202300044452;155601699;A01;3;7;0;2;6;15;6;
202300044452;155601700;B01;3;33;0;2;1;1;0;
202300044453;155601698;A01;1;7;0;1;3;15;1;
202300044454;155601696;B01;2;1;0;2;4;2;5;
202300044454;155601697;A01;2;10;0;2;2;2;1;
202300044455;155601693;A01;2;2;2;0;2;1;1;
202300044456;155601694;A01;1;33;0;2;1;1;1;
202300044456;155601695;B01;1;7;0;2;6;1;1;
202300044457;155601691;A01;1;15;3;0;2;1;1;
202300044458;155601690;A01;2;7;1;0;1;21;1;
202300044458;155601692;B01;2;7;0;2;4;24;1;
202300044459;155601689;A01;0;1;0;0;0;1;5;
202300044460;155601687;A01;2;7;5;0;1;1;1;
202300044461;155601686;A01;0;37;0;2;3;13;1;1.0
202300044461;155601688;B01;0;7;0;2;5;1;1;
202300044462;155601685;A01;1;7;0;1;1;1;1;
202300044463;155601682;A01;1;7;0;1;3;1;1;
202300044464;155601681;A01;1;7;0;0;1;1;1;
202300044464;155601683;B01;1;7;0;2;4;23;1;
202300044465;155601680;B01;1;7;0;2;2;1;1;
202300044465;155601684;A01;1;3;0;2;7;1;3;
202300044466;155601679;A01;1;7;0;1;2;1;1;
202300044467;155601676;A01;3;7;10;2;3;13;1;
202300044467;155601678;B01;3;2;10;2;1;0;1;
202300044468;155601675;A01;1;7;0;2;3;13;1;
202300044468;155601677;B01;3;13;0;2;0;0;0;
202300044469;155601673;A01;2;7;0;1;3;1;1;
202300044470;155601670;A01;1;7;0;2;3;13;1;
202300044470;155601671;B01;2;7;0;2;3;1;1;
202300044471;155601668;A01;1;7;0;2;8;22;1;
202300044471;155601669;B01;1;1;1;0;1;21;5;
202300044472;155601666;A01;3;7;8;0;1;1;1;
202300044473;155601665;A01;1;10;0;2;3;15;1;
202300044473;155601667;B01;1;33;6;2;7;3;0;
202300044474;155601662;A01;1;7;0;1;3;2;1;
202300044475;155601663;A01;3;33;0;2;2;17;1;
202300044475;155601664;B01;3;10;0;2;3;1;3;
202300044476;155601660;B01;2;33;0;2;2;17;1;
202300044476;155601661;A01;2;10;0;0;8;15;1;
202300044477;155601658;A01;1;7;0;1;1;1;1;
202300044478;155601656;B01;2;7;0;2;4;2;1;
202300044478;155601659;A01;2;7;0;2;1;2;1;
202300044479;155601655;B01;1;7;0;2;2;1;1;
202300044479;155601657;A01;1;33;0;2;3;19;1;
202300044480;155601653;A01;0;30;0;0;8;1;1;
202300044481;155601652;B01;3;1;0;2;7;1;5;
202300044481;155601654;A01;3;80;0;2;1;1;3;
202300044482;155601649;A01;1;7;0;2;7;9;1;
202300044482;155601651;B01;1;7;0;2;1;1;1;
202300044483;155601648;A01;2;7;0;2;7;15;1;
202300044483;155601650;B01;1;2;0;2;7;1;1;
202300044484;155601647;B01;3;2;0;0;0;1;1;
202300044485;155601645;A01;1;7;0;1;1;2;1;
202300044486;155601644;A01;2;7;7;0;1;13;2;
202300044487;155601643;A01;1;7;0;2;2;1;1;
202300044487;155601646;B01;2;30;0;2;8;1;1;
202300044488;155601639;A01;2;31;0;2;1;2;1;
202300044488;155601642;B01;2;7;0;2;5;2;1;
202300044489;155601638;A01;2;17;0;0;4;11;1;
202300044489;155601641;B01;2;7;0;2;1;2;2;
202300044490;155601637;A01;2;10;0;2;3;9;3;
202300044490;155601640;B01;2;1;0;2;2;1;5;
202300044491;155601636;A01;1;33;0;0;0;0;1;
202300044492;155601635;A01;3;7;0;1;3;2;1;
202300044493;155601631;A01;0;7;0;2;1;9;1;
202300044493;155601633;B01;3;1;0;2;1;1;5;
202300044494;155601630;A01;2;7;0;2;2;15;1;
202300044494;155601632;B01;1;30;0;2;1;1;1;
202300044495;155601629;A01;1;10;14;0;1;1;0;
202300044496;155601627;Z01;3;7;0;1;1;1;1;
202300044497;155601625;A01;2;7;0;2;3;1;0;
202300044497;155601628;B01;2;15;0;2;5;12;0;
202300044498;155601624;B01;3;1;0;2;4;1;5;
202300044498;155601626;A01;1;7;0;2;2;1;1;
202300044499;155601620;A01;1;7;0;2;4;1;1;
202300044499;155601622;B01;1;7;0;2;4;1;1;
202300044499;155601623;C01;1;7;0;2;1;1;1;
202300044500;155601618;A01;1;32;0;2;1;13;1;
202300044500;155601621;B01;2;7;0;2;3;1;1;
202300044501;155601616;A01;1;7;0;1;3;15;1;
202300044502;155601613;B01;3;7;0;2;3;1;1;
202300044502;155601615;A01;3;50;0;2;1;15;3;
202300044503;155601611;A01;3;10;2;0;1;1;1;
202300044504;155601610;A01;2;50;12;0;1;1;3;
202300044505;155601609;A01;1;31;0;-1;0;21;1;
202300044506;155601606;A01;1;10;0;2;3;15;1;
202300044506;155601608;B01;2;1;0;2;1;0;5;
202300044507;155601605;A01;3;7;0;2;1;1;1;
202300044507;155601607;B01;3;33;0;2;1;13;1;
202300044508;155601601;B01;1;7;0;2;4;1;1;
202300044508;155601603;A01;1;7;0;2;1;1;1;
202300044509;155601602;B01;2;7;0;2;3;9;1;
202300044509;155601604;A01;1;30;1;2;0;1;3;
202300044510;155601599;A01;1;33;0;2;3;2;1;
202300044510;155601600;B01;1;7;0;0;4;2;1;
202300044511;155601597;A01;1;7;0;1;1;1;1;
202300044512;155601596;A01;1;7;0;2;0;17;1;
202300044512;155601598;B01;1;33;0;0;0;0;1;
202300044513;155601593;A01;1;7;6;0;1;0;1;
202300044514;155601592;A01;2;7;0;2;1;10;1;
202300044514;155601594;B01;1;33;0;2;1;1;1;
202300044515;155601591;A01;2;7;0;2;3;17;1;
202300044515;155601595;B01;1;7;0;2;3;1;1;
202300044516;155601588;B01;3;2;0;2;1;1;1;
202300044516;155601590;A01;3;7;0;2;6;19;1;
202300044517;155601587;A01;1;7;0;2;3;13;1;
202300044517;155601589;B01;1;7;0;2;3;1;1;
202300044518;155601584;A01;2;7;0;1;2;1;1;
202300044519;155601585;A01;1;7;0;2;3;16;1;
202300044519;155601586;B01;2;7;0;2;1;1;1;
202300044520;155601582;A01;1;7;0;2;1;15;1;
202300044520;155601583;B01;1;31;0;2;5;1;1;
202300044521;155601579;B01;0;7;0;0;2;1;1;
202300044521;155601581;A01;0;7;0;2;3;9;0;
202300044522;155601577;A01;3;37;0;2;1;1;1;1.0
202300044522;155601578;B01;3;1;0;2;1;15;5;
202300044523;155601575;A01;3;7;1;0;1;14;1;
202300044524;155601574;B01;3;7;0;2;7;17;3;
202300044524;155601576;A01;3;7;1;2;3;20;1;
202300044525;155601570;A01;1;7;0;2;3;7;1;
202300044525;155601573;B01;1;7;0;2;2;15;1;
202300044526;155601569;B01;3;31;0;2;3;1;1;
202300044526;155601572;A01;3;7;0;9;2;15;1;
202300044527;155601568;A01;1;33;13;2;8;13;1;
202300044527;155601571;B01;2;10;0;0;7;26;1;
202300044528;155601564;A01;1;33;8;0;1;17;1;
202300044529;155601565;B01;1;33;0;2;0;0;1;
202300044529;155601567;A01;2;7;0;2;0;0;3;
202300044530;155601563;B01;2;32;0;2;1;1;0;
202300044530;155601566;A01;0;7;0;2;1;15;0;
202300044531;155601560;B01;1;7;0;2;3;2;0;
202300044531;155601562;A01;1;16;0;2;0;14;6;
202300044532;155601558;B01;1;33;0;0;8;21;1;
202300044532;155601561;A01;2;7;0;2;3;26;1;
202300044533;155601557;B01;3;10;0;2;1;1;1;
202300044533;155601559;A01;3;7;0;2;4;1;1;
202300044534;155601554;A01;1;7;0;1;7;16;1;
202300044535;155601552;A01;3;7;0;2;1;1;1;
202300044535;155601555;B01;3;7;0;2;3;1;1;
202300044536;155601550;A01;2;7;0;0;4;16;1;
202300044536;155601553;B01;2;7;0;2;1;1;1;
202300044537;155601549;B01;2;7;0;2;1;1;1;
202300044537;155601551;A01;1;7;0;2;1;21;1;
202300044538;155601547;A01;3;7;0;2;1;15;1;
202300044538;155601548;B01;3;7;0;2;1;1;1;
202300044539;155601545;A01;1;7;0;2;3;13;1;