Num_Acc;id_vehicule;num_veh;senc;catv;obs;obsm;choc;manv;motor;occutc
202300044539;155601546;B01;2;7;0;2;6;0;1;
202300044540;155601544;A01;2;7;0;1;1;1;1;
202300044541;155601542;A01;1;36;2;0;0;2;1;
202300044542;155601541;A01;1;32;0;1;1;1;1;
202300044543;155601537;A01;0;10;0;2;3;2;1;
202300044543;155601540;B01;0;7;0;2;5;2;1;
202300044544;155601539;A01;1;10;0;1;7;1;1;
202300044545;155601536;A01;1;10;0;2;1;1;1;
202300044545;155601538;B01;1;7;0;2;5;26;3;
202300044546;155601534;A01;0;10;0;2;1;1;1;
202300044546;155601535;B01;0;10;0;2;4;1;1;
202300044547;155601531;A01;1;7;0;2;1;15;1;
202300044547;155601533;B01;2;7;0;2;3;1;1;
202300044548;155601530;A01;3;31;0;2;1;2;1;
202300044548;155601532;Z01;3;7;0;2;4;0;1;
202300044549;155601528;A01;1;7;7;0;2;1;1;
202300044550;155601527;B01;3;1;0;0;0;1;5;
202300044550;155601529;A01;3;7;0;0;0;16;1;
202300044551;155601526;A01;1;2;0;0;2;1;1;
202300044552;155601525;A01;0;2;0;0;0;1;1;
202300044553;155601522;A01;1;33;0;0;7;1;1;
202300044554;155601521;A01;3;7;0;1;1;1;1;
202300044555;155601520;B01;1;7;0;2;6;1;1;
202300044555;155601523;C01;1;7;0;2;4;1;1;
202300044555;155601524;A01;1;10;0;2;2;1;1;
202300044556;155601518;A01;1;7;0;1;1;1;0;
202300044557;155601517;A01;0;10;0;1;4;10;1;
202300044558;155601515;B01;0;10;0;2;6;2;1;
202300044558;155601516;A01;-1;7;0;2;2;2;1;
202300044558;155601519;C01;3;7;0;2;4;2;1;
202300044559;155601512;A01;1;7;0;2;1;1;1;
202300044559;155601514;B01;1;50;0;9;4;1;3;
202300044560;155601510;A01;2;7;13;2;3;1;1;
202300044560;155601513;B01;1;7;0;2;3;1;1;
202300044561;155601506;A01;2;7;0;2;4;1;1;
202300044561;155601509;C01;2;7;0;2;1;1;1;
202300044561;155601511;B01;2;7;0;2;1;1;1;
202300044562;155601505;A01;2;99;0;2;6;19;0;
202300044562;155601508;B01;1;33;0;2;2;17;0;
202300044563;155601507;A01;1;7;0;1;2;9;1;
202300044564;155601502;A01;1;7;0;2;4;1;1;
202300044564;155601504;B01;1;7;0;2;1;2;1;
202300044565;155601503;A01;2;10;0;1;1;19;1;
202300044566;155601500;A01;1;7;0;2;2;2;1;
202300044566;155601501;B01;1;7;0;2;6;2;0;
202300044567;155601497;A01;1;7;0;2;1;2;1;
202300044567;155601499;B01;1;7;0;2;4;2;1;
202300044568;155601494;A01;0;7;0;2;8;10;1;
202300044568;155601496;B01;0;7;0;2;1;1;1;
202300044569;155601490;A01;1;7;0;1;1;15;1;
202300044570;155601489;C01;2;7;0;2;4;2;1;
202300044570;155601491;B01;2;7;0;2;4;2;1;
202300044570;155601493;A01;2;7;0;2;1;2;1;
202300044571;155601488;B01;1;34;0;2;2;1;1;
202300044571;155601492;A01;1;7;0;2;3;15;1;
202300044572;155601484;B01;1;7;0;2;1;1;2;
202300044572;155601487;A01;1;7;0;2;1;5;1;
202300044573;155601483;A01;2;7;0;0;0;9;1;
202300044573;155601486;B01;2;32;0;0;8;21;1;
202300044574;155601482;B01;1;7;0;2;5;23;1;
202300044574;155601485;A01;1;33;0;2;1;2;1;
202300044575;155601480;A01;1;7;0;1;2;1;1;
202300044576;155601479;A01;2;33;0;2;1;1;1;
202300044576;155601481;B01;2;7;0;2;4;2;1;
202300044577;155601475;A01;1;7;0;1;2;1;3;
202300044578;155601476;A01;2;7;0;2;6;11;1;
202300044578;155601477;B01;2;33;0;2;1;0;1;
202300044579;155601474;B01;0;7;0;2;2;1;1;
202300044579;155601478;A01;0;7;0;2;3;26;1;
202300044580;155601471;A01;2;10;0;1;8;1;1;
202300044581;155601470;Z01;2;7;0;2;0;0;0;
202300044581;155601472;A01;2;33;0;2;7;3;1;
202300044582;155601469;A01;1;7;0;2;6;2;1;
202300044582;155601473;B01;1;3;0;2;2;1;1;
202300044583;155601467;A01;1;7;0;1;1;1;1;
202300044584;155601464;Z01;2;7;0;2;1;1;0;
202300044584;155601466;A01;2;33;0;2;4;3;1;
202300044585;155601463;C01;2;7;0;2;6;23;0;
202300044585;155601465;A01;2;7;0;2;8;11;0;
202300044585;155601468;B01;2;33;0;2;1;3;0;
202300044586;155601461;A01;3;7;0;2;1;1;1;
202300044586;155601462;B01;3;0;0;2;7;19;5;
202300044587;155601459;A01;2;7;4;0;2;0;1;
202300044588;155601458;A01;1;1;0;2;1;13;5;
202300044588;155601460;Z01;1;32;0;2;4;17;0;
202300044589;155601457;A01;3;7;0;1;2;1;0;
202300044590;155601454;B01;2;7;0;2;4;2;1;
202300044590;155601456;A01;2;1;0;2;1;2;5;
202300044591;155601453;B01;2;10;0;2;4;11;1;
202300044591;155601455;A01;2;33;0;2;1;3;1;
202300044592;155601452;A01;1;7;0;1;3;1;1;
202300044593;155601451;A01;1;33;0;0;8;0;1;
202300044594;155601449;B01;2;7;0;1;1;16;3;
202300044595;155601447;A01;2;7;0;2;1;17;1;
202300044595;155601450;B01;1;7;0;2;1;1;1;
202300044596;155601446;A01;1;10;0;2;6;2;0;
202300044596;155601448;B01;1;31;0;2;1;3;0;
202300044597;155601441;B01;1;50;0;2;7;9;3;
202300044597;155601445;A01;1;7;0;2;1;16;1;
202300044598;155601440;B01;3;33;0;2;2;17;1;
202300044598;155601443;A01;3;7;0;2;3;10;1;
202300044599;155601433;A01;2;7;10;0;1;14;1;
202300044600;155601435;A01;1;17;0;2;2;12;1;
202300044600;155601437;B01;1;7;0;2;3;1;1;
202300044600;155601438;C01;1;16;0;2;1;1;1;
202300044600;155601442;D01;1;7;0;2;5;1;1;
202300044601;155601432;A01;1;10;0;1;3;1;0;
202300044602;155601429;B01;0;30;0;2;1;1;1;
202300044602;155601431;A01;0;7;0;2;3;15;1;
202300044603;155601427;A01;2;7;0;1;3;16;1;
202300044604;155601422;A01;3;7;0;2;1;19;1;
202300044604;155601424;B01;3;7;0;2;7;1;1;
202300044604;155601426;C01;3;7;0;2;1;1;1;
202300044605;155601423;A01;2;7;9;0;1;1;1;
202300044606;155601418;C01;2;7;0;2;1;2;1;
202300044606;155601419;B01;2;7;0;2;4;2;1;
202300044606;155601420;A01;2;7;0;2;1;2;1;
202300044606;155601421;D01;2;7;0;2;1;2;1;
202300044606;155601425;E01;2;7;0;2;1;2;1;
202300044606;155601428;F01;2;7;0;2;1;2;1;
202300044606;155601430;G01;2;7;0;2;1;2;1;
202300044607;155601416;A01;0;7;0;1;3;1;1;
202300044608;155601415;A01;1;33;1;2;3;21;1;
202300044608;155601417;B01;1;7;0;2;7;15;1;
202300044609;155601411;A01;3;2;0;0;0;1;1;
202300044610;155601410;B01;0;7;0;2;1;0;1;
202300044610;155601413;A01;0;10;0;2;6;15;1;
202300044611;155601403;B01;3;7;0;2;4;9;1;
202300044611;155601406;A01;3;7;0;2;1;2;1;
202300044612;155601404;E01;2;7;0;2;0;0;1;
202300044612;155601408;A01;2;15;0;2;0;0;1;
202300044612;155601409;B01;2;7;0;2;0;0;1;
202300044612;155601412;C01;2;10;0;2;0;0;1;
202300044612;155601414;D01;2;10;0;2;0;0;1;
202300044613;155601400;A01;2;7;0;2;1;2;1;
202300044613;155601402;B01;2;7;14;0;4;2;1;
202300044614;155601397;B01;1;7;0;2;1;13;1;
202300044614;155601399;C01;2;7;0;2;1;1;1;
202300044614;155601401;Z01;1;7;0;2;3;13;1;
202300044615;155601396;A01;1;31;0;2;8;3;1;
202300044615;155601398;B01;1;7;0;2;7;12;1;
202300044616;155601394;A01;3;7;0;2;1;15;1;
202300044616;155601395;B01;3;33;0;2;1;1;1;
202300044617;155601393;A01;0;7;0;0;0;1;1;
202300044618;155601391;A01;2;7;0;2;4;11;1;
202300044618;155601392;B01;2;31;0;2;1;3;1;
202300044619;155601388;Z01;2;50;0;2;1;5;3;
202300044619;155601390;A01;1;1;0;2;1;1;5;
202300044620;155601387;B01;1;7;0;2;7;1;1;
202300044620;155601389;A01;2;7;0;2;1;5;1;
202300044621;155601386;A01;2;7;0;1;2;1;1;
202300044622;155601382;A01;2;10;0;2;7;12;1;
202300044622;155601384;B01;2;33;0;2;8;1;1;
202300044623;155601383;A01;2;7;0;2;8;15;1;
202300044623;155601385;B01;1;31;0;2;1;1;1;
202300044624;155601377;B01;2;7;0;2;7;9;1;
202300044624;155601381;A01;3;7;0;2;1;9;2;
202300044625;155601378;A01;2;7;0;2;1;0;1;
202300044625;155601380;B01;2;15;0;2;4;1;1;
202300044626;155601376;A01;-1;34;-1;1;1;1;-1;
202300044627;155601374;Z01;1;7;0;1;1;20;0;
202300044628;155601375;B01;3;7;0;2;3;1;1;
202300044628;155601379;A01;3;7;0;2;2;1;1;
202300044629;155601371;A01;2;7;13;0;9;14;1;
202300044630;155601370;B01;2;7;0;2;8;1;0;
202300044630;155601372;A01;1;7;0;2;1;15;1;
202300044631;155601369;A01;3;7;0;2;2;1;1;
202300044631;155601373;B01;3;2;0;2;0;13;0;
202300044632;155601367;A01;3;7;1;0;1;5;1;
202300044633;155601363;C01;1;7;0;2;3;1;2;
202300044633;155601364;B01;1;7;0;2;1;1;1;
202300044633;155601368;A01;2;10;0;2;3;13;1;
202300044634;155601360;B01;1;31;0;2;3;1;1;
202300044634;155601362;A01;1;7;0;2;8;14;1;
202300044635;155601357;B01;1;7;0;2;7;1;1;
202300044635;155601359;A01;1;7;0;2;1;19;1;
202300044636;155601358;A01;1;3;0;2;1;1;6;
202300044636;155601361;B01;1;2;0;2;8;19;1;
202300044637;155601354;A01;1;34;0;2;1;17;1;
202300044637;155601355;B01;1;7;0;2;6;1;1;
202300044637;155601356;C01;1;33;0;2;7;1;1;
202300044638;155601352;A01;2;7;4;0;2;1;1;
202300044639;155601351;A01;1;7;0;2;3;2;1;
202300044639;155601353;B01;1;10;0;2;6;15;1;
202300044640;155601349;B01;2;7;0;2;5;14;1;
202300044640;155601350;A01;2;33;0;2;3;3;1;
202300044641;155601347;A01;1;7;0;2;7;16;1;
202300044641;155601348;B01;1;2;0;2;1;1;1;
202300044642;155601345;A01;1;43;0;2;8;1;1;
202300044642;155601346;Z01;1;7;0;2;7;12;0;
202300044643;155601342;A01;0;7;0;2;1;5;1;
202300044643;155601344;B01;3;7;0;2;1;0;1;
202300044644;155601341;B01;1;7;0;2;1;1;1;
202300044644;155601343;A01;1;7;0;2;9;19;1;
202300044645;155601339;A01;1;14;9;0;1;13;1;
202300044646;155601340;A01;3;17;0;1;2;9;1;
202300044647;155601336;A01;2;7;0;1;8;15;1;
202300044648;155601334;B01;2;1;0;2;3;1;5;
202300044648;155601337;A01;2;1;0;2;5;3;5;
202300044649;155601335;A01;1;7;0;2;7;15;1;
202300044649;155601338;B01;1;1;0;2;1;1;5;
202300044650;155601332;A01;2;7;2;0;2;14;1;
202300044651;155601333;Z01;1;30;0;1;2;1;0;
202300044652;155601330;B01;1;50;0;2;1;1;3;
202300044652;155601331;A01;2;7;0;2;2;15;0;
202300044653;155601326;A01;1;80;0;2;8;1;3;
202300044653;155601329;B01;1;7;0;2;1;1;1;
202300044654;155601327;B01;2;43;0;2;3;1;1;
202300044654;155601328;A01;1;31;0;2;2;9;1;
202300044655;155601324;A01;2;7;15;0;1;14;1;
202300044656;155601322;B01;1;7;0;2;6;23;1;
202300044656;155601325;A01;1;7;1;1;2;15;1;
202300044657;155601321;B01;2;7;0;2;2;16;3;
202300044657;155601323;A01;2;33;0;2;8;1;1;
202300044658;155601319;A01;2;7;4;0;1;13;1;
202300044659;155601320;A01;1;7;8;0;2;16;1;
202300044660;155601317;Z01;2;10;0;2;1;1;1;
202300044660;155601318;B01;2;7;1;2;8;9;1;
202300044661;155601315;A01;2;7;0;1;1;0;1;
202300044662;155601314;A01;1;7;0;2;1;0;1;
202300044662;155601316;B01;1;2;0;2;1;0;1;
202300044663;155601313;A01;2;2;0;2;2;1;1;
202300044664;155601310;B01;1;50;0;2;6;1;3;
202300044664;155601312;A01;1;10;0;9;2;1;0;
202300044665;155601309;A01;2;33;0;2;3;1;1;
202300044665;155601311;B01;1;7;0;2;8;1;1;
202300044666;155601306;B01;2;33;0;2;1;1;1;
202300044666;155601308;A01;2;7;0;2;8;13;2;
202300044667;155601304;B01;2;50;0;2;1;19;3;
202300044667;155601307;A01;1;7;0;9;1;15;1;
202300044668;155601303;B01;2;7;0;0;0;0;1;
202300044668;155601305;A01;1;33;0;2;0;0;1;
202300044669;155601302;A01;1;1;0;1;1;1;5;
202300044670;155601300;A01;1;7;16;0;9;14;4;
202300044671;155601295;B01;1;7;0;2;3;2;1;
202300044671;155601297;A01;1;1;0;2;1;0;5;
202300044672;155601294;A01;1;7;0;2;2;22;1;
202300044672;155601296;B01;1;1;0;2;1;1;5;
202300044673;155601298;C01;2;7;0;2;3;1;1;
202300044673;155601299;A01;1;31;0;2;1;21;1;
202300044673;155601301;B01;1;10;0;2;3;9;1;
202300044674;155601291;A01;3;10;0;2;7;2;1;
202300044674;155601292;B01;3;30;0;2;8;13;3;
202300044675;155601290;A01;3;7;0;2;3;1;1;
202300044675;155601293;B01;1;7;0;2;2;1;1;
202300044676;155601289;A01;1;7;3;0;2;14;1;
202300044677;155601288;A01;1;50;0;0;0;1;3;
202300044678;155601285;A01;3;7;0;2;3;15;1;
202300044678;155601286;B01;3;2;0;2;1;1;1;
202300044679;155601282;A01;1;7;0;2;1;16;1;
202300044679;155601284;B01;1;7;0;2;4;23;1;
202300044680;155601281;B01;1;7;0;2;4;23;2;
202300044680;155601283;A01;1;7;0;2;4;23;1;
202300044680;155601287;C01;1;7;0;2;1;2;1;
202300044681;155601276;A01;1;7;0;2;8;10;0;
202300044681;155601278;B01;2;34;0;2;3;1;1;
202300044682;155601274;B01;3;2;0;2;4;1;1;
202300044682;155601277;A01;3;7;0;2;1;1;1;
202300044683;155601275;A01;1;7;0;1;3;1;1;
202300044684;155601271;A01;2;7;14;2;4;11;1;
202300044684;155601273;B01;2;33;0;2;1;2;1;
202300044685;155601268;A01;1;30;6;0;3;16;1;
202300044686;155601269;A01;1;7;0;2;1;1;1;
202300044686;155601270;C01;1;7;0;2;4;1;1;
202300044686;155601272;B01;1;7;0;2;4;2;1;
202300044687;155601267;A01;1;7;0;1;1;1;1;
202300044688;155601263;A01;2;7;0;1;1;1;1;
202300044689;155601262;A01;0;7;0;2;7;1;0;
202300044689;155601264;B01;0;34;0;2;1;1;0;
202300044690;155601260;A01;2;7;0;2;9;13;1;
202300044690;155601265;B01;1;7;0;2;3;0;1;
202300044690;155601266;C01;1;7;0;2;1;1;2;
202300044691;155601258;A01;1;7;0;2;1;1;1;
202300044691;155601261;B01;1;7;8;2;2;1;1;
202300044692;155601257;B01;1;7;0;2;3;16;1;
202300044692;155601259;A01;2;33;0;2;3;5;1;
202300044693;155601255;A01;1;30;12;0;8;1;1;
202300044694;155601254;B01;3;7;0;2;2;1;1;
202300044694;155601256;A01;1;7;0;2;3;9;1;
202300044695;155601252;A01;1;7;0;2;4;10;1;
202300044695;155601253;B01;1;7;0;2;2;1;1;
202300044696;155601249;B01;3;7;0;2;2;15;1;
202300044696;155601250;A01;3;7;0;2;2;1;1;
202300044697;155601247;A01;2;1;0;2;3;1;5;
202300044697;155601251;B01;2;7;0;2;2;12;1;
202300044698;155601246;A01;1;7;0;2;6;1;1;
202300044698;155601248;B01;1;7;0;2;1;1;1;
202300044699;155601240;A01;2;1;0;2;1;18;5;
202300044699;155601242;B01;2;7;0;2;2;1;1;
202300044700;155601243;A01;1;2;0;1;1;0;0;
202300044701;155601241;C01;3;7;0;2;1;1;1;
202300044701;155601244;A01;2;7;0;2;2;15;1;
202300044701;155601245;B01;1;2;0;2;1;1;1;
202300044702;155601239;A01;3;13;0;1;1;2;1;
202300044703;155601237;A01;1;33;1;0;1;1;1;
202300044704;155601236;B01;2;32;0;2;1;1;1;
202300044704;155601238;A01;1;7;0;2;2;10;1;
202300044705;155601234;A01;3;7;0;1;4;20;1;
202300044706;155601233;B01;1;7;0;2;3;1;1;
202300044706;155601235;A01;2;10;8;2;2;15;1;
202300044707;155601232;A01;0;7;0;1;0;0;1;
202300044708;155601231;A01;0;7;0;1;4;26;1;
202300044709;155601229;A01;2;33;0;2;1;17;1;
202300044709;155601230;B01;2;7;0;2;8;15;1;
202300044710;155601227;A01;1;10;0;2;3;9;1;
202300044710;155601228;B01;1;50;0;2;1;1;3;
202300044711;155601225;Z01;3;32;0;2;3;1;0;
202300044711;155601226;A01;3;32;0;2;2;1;1;
202300044712;155601221;A01;0;1;0;1;0;1;5;
202300044713;155601222;A01;2;7;0;2;2;16;1;
202300044713;155601223;B01;2;50;0;2;8;1;3;
202300044714;155601220;A01;0;7;0;2;3;0;1;
202300044714;155601224;B01;3;33;0;2;7;0;1;
202300044715;155601219;A01;2;10;13;0;1;26;0;
202300044716;155601216;A01;1;10;0;9;7;0;0;
202300044716;155601218;B01;3;1;0;2;1;1;5;
202300044717;155601213;A01;2;7;0;2;3;1;1;
202300044717;155601214;B01;3;2;0;2;1;1;1;
202300044718;155601215;A01;1;7;0;2;1;1;1;
202300044718;155601217;B01;1;7;0;2;4;1;1;
202300044719;155601209;A01;3;7;0;2;1;5;1;
202300044719;155601211;B01;3;1;0;2;1;19;5;
202300044720;155601208;B01;3;32;0;2;7;14;1;
202300044720;155601212;A01;1;7;0;2;1;9;1;
202300044721;155601207;B01;3;7;0;2;8;1;1;
202300044721;155601210;A01;1;7;0;2;3;1;1;
202300044722;155601206;A01;1;7;0;1;1;1;1;
202300044723;155601204;A01;3;7;0;1;3;26;1;
202300044724;155601203;A01;3;7;0;0;0;0;1;
202300044724;155601205;B01;3;43;0;0;0;0;1;
202300044725;155601202;A01;1;7;3;0;1;26;1;
202300044726;155601201;A01;3;7;13;0;1;1;1;
202300044727;155601199;A01;1;37;0;2;1;1;1;1.0
202300044727;155601200;B01;1;7;0;2;6;1;1;
202300044728;155601197;A01;3;7;0;0;0;0;1;
202300044729;155601196;A01;1;7;0;2;7;11;1;
202300044729;155601198;B01;1;34;0;2;8;2;1;
202300044730;155601193;A01;1;50;0;0;0;25;3;
202300044731;155601194;A01;1;34;0;0;8;1;1;
202300044732;155601192;A01;3;7;0;2;2;15;1;
202300044732;155601195;B01;3;50;0;2;7;1;3;
202300044733;155601189;A01;2;33;13;0;2;1;1;
202300044734;155601187;B01;1;7;8;2;3;1;1;
202300044734;155601191;A01;2;7;0;2;1;1;1;
202300044735;155601185;A01;2;10;0;2;1;2;1;
202300044735;155601186;B01;2;10;0;2;4;2;1;
202300044735;155601188;C01;2;10;0;2;4;2;1;
202300044735;155601190;D01;2;7;0;2;4;2;1;
202300044736;155601184;A01;1;33;7;0;1;1;1;
202300044737;155601182;A01;3;1;1;1;7;1;5;
202300044738;155601183;A01;2;10;0;1;3;1;1;
202300044739;155601181;A01;1;7;0;1;2;1;1;
202300044740;155601180;A01;1;30;0;0;7;1;1;
202300044741;155601179;A01;1;7;0;1;1;15;1;
202300044742;155601177;B01;0;7;0;2;6;2;0;
202300044742;155601178;A01;0;31;0;2;1;1;1;
202300044743;155601176;Z01;3;10;0;1;0;1;0;
202300044744;155601175;A01;1;7;6;0;1;1;1;
202300044745;155601173;A01;1;30;0;1;1;1;1;
202300044746;155601172;A01;1;7;0;0;8;10;0;
202300044746;155601174;B01;1;33;0;2;1;3;0;
202300044747;155601170;A01;1;7;0;2;7;15;1;
202300044747;155601171;B01;2;33;0;2;1;1;1;
202300044748;155601166;A01;1;10;0;2;7;16;1;
202300044748;155601169;B01;1;1;0;2;1;1;5;
202300044749;155601165;A01;1;34;0;2;1;5;1;
202300044749;155601168;B01;2;7;0;2;1;1;1;
202300044750;155601164;B01;3;50;0;2;8;1;3;
202300044750;155601167;Z01;1;7;0;9;1;16;0;
202300044751;155601163;A01;3;7;9;0;1;14;1;
202300044752;155601162;A01;2;7;6;0;1;13;1;
202300044753;155601161;A01;1;37;6;0;1;13;1;1.0
202300044754;155601159;A01;3;42;0;0;9;0;1;
202300044755;155601158;A01;1;7;0;2;2;16;1;
202300044755;155601160;B01;1;1;0;2;1;1;5;
202300044756;155601155;A01;1;33;0;2;4;23;1;
202300044756;155601157;B01;1;7;0;2;4;23;1;
202300044757;155601152;A01;2;50;0;9;3;26;3;
202300044757;155601154;B01;1;1;0;2;1;19;5;
202300044758;155601151;A01;2;7;0;2;2;1;1;
202300044758;155601156;B01;2;1;0;2;3;11;5;
202300044759;155601150;A01;3;1;0;2;1;1;5;
202300044759;155601153;B01;3;1;0;2;0;1;5;
202300044760;155601148;A01;1;1;0;0;0;1;5;
202300044761;155601145;A01;0;2;0;2;1;1;1;
202300044762;155601142;B01;0;2;0;2;8;16;1;
202300044762;155601143;A01;0;7;0;2;1;15;1;
202300044763;155601144;A01;1;7;0;1;2;1;1;
202300044764;155601140;A01;1;21;0;2;3;1;1;
202300044764;155601141;B01;2;10;0;2;3;1;1;
202300044765;155601138;A01;0;7;0;2;2;19;1;
202300044765;155601139;B01;0;31;0;2;1;15;1;
202300044766;155601137;A01;2;7;12;0;1;1;1;
202300044767;155601136;A01;2;7;0;2;3;0;0;
202300044768;155601134;B01;1;1;0;2;1;1;5;
202300044768;155601135;A01;1;7;0;2;2;1;2;
202300044769;155601131;A01;3;7;0;2;1;13;1;
202300044769;155601133;B01;3;7;0;2;3;1;1;
202300044770;155601125;B01;2;7;0;2;0;0;1;
202300044770;155601127;A01;2;7;1;1;1;2;1;
202300044771;155601126;A01;2;33;0;2;7;1;1;
202300044771;155601129;Z01;1;7;0;2;3;15;1;
202300044772;155601124;A01;2;7;0;2;1;13;1;
202300044772;155601128;B01;1;7;0;2;3;1;1;
202300044773;155601120;A01;1;34;0;1;2;17;1;
202300044773;155601123;B01;2;7;0;2;3;1;1;
202300044774;155601121;A01;1;2;1;0;1;1;1;
202300044775;155601118;A01;2;7;14;2;1;2;1;
202300044775;155601119;B01;2;7;0;2;4;15;1;
202300044775;155601122;C01;1;7;0;2;8;5;3;
202300044776;155601116;B01;1;7;0;2;4;1;1;
202300044776;155601117;C01;-1;7;-1;-1;-1;1;-1;
202300044777;155601112;B01;1;7;0;2;1;1;1;
202300044777;155601114;A01;2;7;0;2;1;13;1;
202300044778;155601113;A01;2;32;0;2;1;16;1;
202300044778;155601115;B01;1;7;0;2;7;15;1;
202300044779;155601110;B01;3;7;0;2;6;9;1;
202300044779;155601111;A01;3;7;0;2;1;1;2;
202300044780;155601109;A01;0;2;0;0;0;15;1;
202300044781;155601107;A01;0;7;0;2;2;1;1;
202300044781;155601108;B01;0;7;0;2;1;1;1;
202300044782;155601104;B01;2;32;0;2;1;1;1;
202300044782;155601105;A01;1;7;0;2;1;10;1;
202300044783;155601101;A01;1;7;0;2;2;15;1;
202300044783;155601103;B01;2;33;0;2;1;1;1;
202300044784;155601102;A01;2;7;0;2;1;15;1;
202300044784;155601106;B01;1;33;0;0;3;1;1;
202300044785;155601098;A01;1;7;8;0;3;26;1;
202300044786;155601097;A01;2;10;0;2;8;22;1;
202300044786;155601100;B01;2;1;0;2;7;1;5;
202300044787;155601095;A01;3;7;0;1;1;20;1;
202300044788;155601096;A01;1;7;0;2;2;15;1;
202300044788;155601099;B01;1;33;0;2;1;1;1;
202300044789;155601094;A01;2;50;0;0;0;19;3;
202300044790;155601092;A01;1;7;0;2;3;9;0;
202300044790;155601093;B01;1;33;0;2;7;9;0;
202300044791;155601091;A01;2;7;6;0;1;1;1;
202300044792;155601087;B01;1;7;0;2;3;1;1;
202300044792;155601090;A01;2;7;0;2;3;1;1;
202300044793;155601086;A01;2;31;0;2;1;2;1;
202300044793;155601089;B01;2;7;0;2;6;2;1;
202300044794;155601085;A01;2;7;0;2;2;15;1;
202300044794;155601088;B01;1;1;0;2;1;1;5;
202300044795;155601080;A01;1;33;0;2;1;13;1;
202300044795;155601083;B01;2;10;0;2;2;1;1;
202300044796;155601078;A01;3;7;0;2;2;15;1;
202300044796;155601082;B01;3;30;0;2;1;1;1;
202300044797;155601077;B01;1;33;0;2;6;1;1;
202300044797;155601079;D01;1;10;0;2;5;1;1;
202300044797;155601081;C01;1;7;0;2;6;9;2;
202300044797;155601084;A01;1;7;0;2;6;13;1;
202300044798;155601072;A01;3;7;0;2;1;1;1;
202300044798;155601073;B01;3;32;0;2;0;13;1;
202300044799;155601071;A01;3;7;0;2;1;1;1;
202300044799;155601075;B01;1;7;7;0;8;1;1;
202300044800;155601074;A01;1;7;0;2;1;2;1;
202300044800;155601076;B01;1;7;0;2;6;2;1;
202300044801;155601069;A01;3;33;13;0;1;14;1;
202300044802;155601067;A01;1;7;0;1;1;2;0;
202300044803;155601068;Z01;3;7;0;2;3;2;1;
202300044803;155601070;B01;2;7;0;2;5;23;1;
202300044804;155601065;A01;1;7;0;9;2;15;1;
202300044804;155601066;B01;2;1;0;2;1;1;5;
202300044805;155601064;A01;3;10;0;1;4;4;1;
202300044806;155601063;A01;1;7;0;1;1;15;1;
202300044807;155601059;Z01;3;7;0;2;0;1;0;
202300044807;155601061;A01;3;30;1;2;4;1;1;
202300044808;155601060;B01;1;1;0;2;1;1;5;
202300044808;155601062;A01;1;1;0;2;4;1;5;
202300044809;155601057;B01;1;7;0;2;4;1;1;
202300044809;155601058;A01;1;31;0;2;1;2;1;
202300044810;155601055;A01;1;1;3;0;1;1;5;
202300044811;155601054;A01;2;33;0;2;1;1;1;
202300044811;155601056;B01;3;7;0;0;5;23;4;
202300044812;155601051;A01;1;7;9;0;1;1;1;
202300044813;155601050;B01;1;7;0;2;2;1;1;
202300044813;155601052;A01;2;7;0;2;1;5;1;
202300044814;155601048;A01;2;7;0;2;1;1;1;
202300044814;155601049;B01;2;10;0;2;4;23;1;
202300044815;155601047;A01;3;32;0;1;0;25;0;
202300044816;155601046;A01;1;33;0;0;7;16;1;
202300044817;155601045;A01;1;7;9;0;2;1;1;
202300044818;155601043;A01;3;16;13;0;3;1;1;
202300044819;155601042;Y01;2;50;0;2;4;2;3;
202300044819;155601044;Z01;2;7;0;2;1;0;1;
202300044820;155601040;B01;0;10;0;9;2;9;1;
202300044820;155601041;A01;0;34;1;2;3;2;1;
202300044821;155601038;A01;2;1;0;2;3;16;5;
202300044821;155601039;B01;2;7;0;2;1;1;1;
202300044822;155601034;B01;2;10;0;2;2;1;0;
202300044822;155601036;A01;1;34;0;2;1;14;0;
202300044823;155601035;A01;2;7;0;2;2;15;1;
202300044823;155601037;B01;1;7;0;2;1;1;1;
202300044824;155601031;A01;1;7;0;2;8;19;0;
202300044824;155601033;B01;2;2;0;2;1;1;0;
202300044825;155601030;A01;1;33;0;2;1;13;1;
202300044825;155601032;B01;1;7;0;0;0;0;1;
202300044826;155601028;A01;2;10;0;2;3;19;1;
202300044826;155601029;B01;1;30;0;2;1;15;0;
202300044827;155601025;B01;1;10;0;2;3;5;1;
202300044827;155601026;A01;3;7;0;2;3;2;1;
202300044828;155601024;B01;2;33;0;2;3;1;0;
202300044828;155601027;A01;3;99;0;2;2;1;6;
202300044829;155601023;A01;1;43;1;0;1;15;1;
202300044830;155601021;A01;1;7;1;0;2;0;1;
202300044830;155601022;B01;1;7;1;0;8;0;1;
202300044831;155601019;A01;1;7;0;2;1;15;1;
202300044831;155601020;B01;2;33;0;2;1;1;1;
202300044832;155601017;A01;1;7;0;1;1;1;1;
202300044833;155601018;A01;1;33;1;0;1;2;1;
202300044834;155601016;A01;2;7;6;0;3;13;1;
202300044835;155601015;A01;2;7;0;1;2;1;1;
202300044836;155601012;A01;1;33;0;2;1;1;1;
202300044836;155601014;Y01;1;60;0;2;7;1;5;
202300044837;155601013;A01;1;33;12;0;1;1;1;