Num_Acc;id_vehicule;num_veh;senc;catv;obs;obsm;choc;manv;motor;occutc
202300044838;155601010;A01;1;33;12;2;1;1;1;
202300044838;155601011;B01;0;99;0;2;1;0;3;
202300044839;155601008;A01;2;33;12;0;1;1;1;
202300044840;155601007;B01;1;2;0;2;1;1;3;
202300044840;155601009;A01;2;7;0;2;5;15;2;
202300044841;155601006;A01;-1;7;0;1;1;-1;-1;
202300044842;155601003;B01;1;7;0;2;1;1;1;
202300044842;155601005;A01;2;7;0;2;1;13;1;
202300044843;155601002;B01;0;1;0;2;1;0;5;
202300044843;155601004;A01;0;32;0;2;1;0;1;
202300044844;155601001;A01;0;30;2;0;0;1;3;
202300044845;155601000;A01;0;7;0;1;1;9;1;
202300044846;155600998;A01;1;33;0;2;1;11;1;
202300044846;155600999;B01;1;38;0;2;8;15;1;9.0
202300044847;155600996;A01;3;7;0;0;3;22;0;
202300044847;155600997;B01;3;1;1;0;2;1;5;
202300044848;155600992;B01;0;7;0;2;3;1;0;
202300044848;155600995;A01;0;7;0;2;2;1;0;
202300044849;155600990;A01;2;10;0;2;9;1;1;
202300044849;155600994;B01;2;10;0;0;5;1;1;
202300044850;155600991;A01;1;7;0;2;2;16;1;
202300044850;155600993;B01;0;50;0;2;3;19;3;
202300044851;155600986;B01;2;14;0;2;3;23;1;
202300044851;155600988;A01;1;15;1;0;6;1;1;
202300044851;155600989;C01;2;14;0;2;1;23;1;
202300044852;155600983;C01;0;7;0;0;4;2;2;
202300044852;155600985;A01;0;7;0;2;1;2;1;
202300044852;155600987;B01;0;7;0;2;0;0;0;
202300044853;155600982;A01;3;7;0;2;1;5;1;
202300044853;155600984;B01;0;7;0;2;1;1;1;
202300044854;155600980;A01;1;2;0;2;3;15;1;
202300044854;155600981;B01;3;7;0;2;3;1;1;
202300044855;155600977;A01;1;37;0;2;1;1;2;1.0
202300044855;155600979;B01;1;7;0;2;4;1;1;
202300044856;155600976;A01;1;7;0;2;3;15;1;
202300044856;155600978;B01;2;33;0;2;3;2;1;
202300044857;155600973;A01;1;7;0;2;1;12;1;
202300044857;155600975;B01;1;50;0;2;4;1;1;
202300044858;155600971;B01;3;7;0;2;0;0;1;
202300044858;155600974;A01;3;7;0;2;3;1;1;
202300044859;155600970;B01;3;7;0;2;1;15;1;
202300044859;155600972;A01;0;31;0;2;7;17;1;
202300044860;155600969;A01;2;7;3;0;7;0;1;
202300044861;155600968;A01;1;7;0;1;2;1;1;
202300044862;155600963;A01;2;10;0;2;1;1;0;
202300044862;155600965;B01;1;7;0;2;1;1;0;
202300044863;155600962;B01;2;10;0;2;8;1;1;
202300044863;155600964;A01;1;7;0;2;3;13;1;
202300044863;155600966;C01;2;7;0;2;3;1;2;
202300044864;155600961;A01;1;7;0;0;5;2;1;
202300044864;155600967;B01;1;33;0;2;1;2;1;
202300044865;155600960;A01;2;36;6;0;1;1;1;
202300044866;155600957;A01;2;7;0;2;2;15;1;
202300044866;155600959;B01;1;33;0;2;1;1;1;
202300044867;155600956;A01;3;7;0;2;3;19;1;
202300044867;155600958;B01;3;2;0;2;1;1;1;
202300044868;155600954;A01;2;1;0;0;8;2;5;
202300044868;155600955;B01;2;7;0;9;7;2;1;
202300044869;155600953;A01;3;31;2;0;8;1;1;
202300044870;155600951;A01;1;10;0;2;0;5;1;
202300044870;155600952;B01;2;7;0;2;8;1;1;
202300044871;155600948;B01;1;7;0;2;1;9;1;
202300044871;155600950;A01;2;33;0;2;7;21;1;
202300044872;155600947;A01;1;7;0;2;3;13;1;
202300044872;155600949;B01;2;7;0;0;3;1;3;
202300044873;155600944;A01;2;7;0;2;3;1;1;
202300044873;155600946;B01;1;7;3;0;3;1;3;
202300044874;155600943;A01;1;7;0;2;3;13;1;
202300044874;155600945;B01;2;33;13;2;1;1;1;
202300044875;155600942;A01;2;7;17;0;3;13;1;
202300044876;155600941;A01;1;33;12;0;7;1;1;
202300044877;155600939;A01;2;15;3;0;2;14;1;
202300044878;155600938;A01;2;2;0;2;1;1;1;
202300044878;155600940;B01;1;7;0;2;2;15;1;
202300044879;155600937;A01;1;33;3;0;8;0;1;
202300044880;155600934;A01;1;2;13;0;1;21;1;
202300044881;155600932;B01;2;7;0;2;7;1;1;
202300044881;155600935;A01;3;2;0;2;3;15;1;
202300044882;155600931;A01;2;7;13;2;2;12;1;
202300044882;155600933;B01;2;7;0;2;3;1;1;
202300044882;155600936;C01;2;7;14;0;2;2;1;
202300044883;155600926;B01;1;2;0;2;1;15;1;
202300044883;155600930;A01;2;7;0;2;2;1;1;
202300044884;155600927;A01;1;33;0;2;1;1;1;
202300044884;155600929;B01;1;30;0;2;4;1;1;
202300044885;155600925;B01;2;7;0;2;2;13;1;
202300044885;155600928;A01;1;7;0;2;1;1;1;
202300044886;155600924;A01;2;7;2;0;1;0;1;
202300044887;155600922;A01;2;1;1;0;1;1;5;
202300044888;155600921;B01;2;33;2;2;1;0;1;
202300044888;155600923;A01;2;7;0;0;4;26;1;
202300044889;155600918;A01;0;33;0;0;0;0;1;
202300044890;155600917;B01;1;7;0;2;1;1;1;
202300044890;155600920;A01;3;1;0;0;6;19;5;
202300044891;155600915;A01;2;2;0;0;0;16;1;
202300044892;155600912;B01;2;7;0;2;3;1;1;
202300044892;155600913;A01;1;2;0;2;1;1;1;
202300044893;155600911;A01;2;2;0;0;7;1;1;
202300044894;155600907;B01;2;7;0;2;1;1;2;
202300044894;155600908;A01;1;10;0;2;1;13;1;
202300044895;155600906;A01;2;14;0;0;7;14;1;
202300044895;155600909;B01;2;7;0;0;0;17;1;
202300044896;155600904;A01;2;7;0;2;2;1;1;
202300044896;155600905;B01;2;7;0;2;6;1;1;
202300044897;155600901;A01;1;7;13;2;6;1;1;
202300044897;155600902;B01;1;7;0;2;2;13;1;
202300044898;155600900;A01;0;7;0;2;8;15;1;
202300044898;155600903;B01;2;7;0;2;1;1;1;
202300044899;155600898;A01;1;7;0;0;9;14;1;
202300044900;155600897;A01;2;7;0;2;4;1;1;
202300044900;155600899;B01;2;7;0;2;1;1;1;
202300044901;155600895;A01;1;7;0;2;2;15;1;
202300044901;155600896;B01;2;30;0;2;1;1;1;
202300044902;155600893;A01;2;7;4;0;9;2;1;
202300044903;155600894;A01;0;7;0;0;1;16;1;
202300044904;155600892;A01;1;7;13;0;3;13;1;
202300044905;155600889;Z01;2;7;0;2;0;14;1;
202300044905;155600891;B01;2;7;0;0;9;21;1;
202300044906;155600888;A01;1;33;0;2;8;1;1;
202300044906;155600890;B01;2;10;0;2;0;13;0;
202300044907;155600886;A01;2;33;0;0;9;1;1;
202300044908;155600884;B01;2;31;0;2;2;1;1;
202300044908;155600887;A01;2;7;0;2;1;16;1;
202300044909;155600885;A01;1;43;0;0;2;12;1;
202300044910;155600881;A01;2;2;0;2;1;1;1;
202300044910;155600883;B01;2;2;0;2;4;1;1;
202300044911;155600879;A01;1;7;0;2;1;2;1;
202300044911;155600882;B01;1;7;0;2;4;2;1;
202300044912;155600878;A01;0;7;0;2;1;9;1;
202300044912;155600880;B01;0;31;0;2;1;1;1;
202300044913;155600874;A01;1;7;0;2;1;0;2;
202300044913;155600877;B01;2;7;0;2;1;0;1;
202300044914;155600872;A01;1;15;0;2;2;12;1;
202300044914;155600876;B01;1;7;0;2;6;1;1;
202300044915;155600873;B01;2;1;0;2;8;1;5;
202300044915;155600875;A01;1;7;0;9;1;15;1;
202300044916;155600869;A01;1;33;0;0;0;1;0;
202300044917;155600870;A01;2;7;0;2;8;13;1;
202300044917;155600871;B01;2;33;3;2;7;17;1;
202300044918;155600866;A01;2;33;16;0;0;1;1;
202300044919;155600867;A01;2;7;0;2;4;15;1;
202300044919;155600868;B01;1;7;0;2;1;1;1;
202300044920;155600864;A01;1;7;0;2;7;1;1;
202300044920;155600865;B01;1;15;0;2;8;0;1;
202300044921;155600862;A01;1;7;0;0;9;1;1;
202300044922;155600860;A01;2;32;0;2;3;3;1;
202300044922;155600863;B01;2;7;0;2;2;12;1;
202300044923;155600858;A01;1;7;2;0;1;1;1;
202300044924;155600857;A01;1;7;0;2;1;13;1;
202300044924;155600859;B01;2;7;0;2;8;1;1;
202300044924;155600861;C01;2;7;0;2;3;1;1;
202300044925;155600855;A01;2;7;0;2;1;1;1;
202300044925;155600856;B01;2;15;0;2;4;1;1;
202300044926;155600852;A01;2;7;0;2;3;16;1;
202300044926;155600854;B01;2;2;0;2;1;1;1;
202300044927;155600850;A01;2;33;4;2;1;3;1;
202300044927;155600851;B01;2;10;4;2;8;11;1;
202300044928;155600848;A01;2;15;0;0;4;1;1;
202300044928;155600849;B01;2;99;0;2;1;2;1;
202300044929;155600845;B01;2;17;0;2;1;1;1;
202300044929;155600847;A01;1;7;0;2;1;13;3;
202300044930;155600844;A01;1;7;0;2;7;12;1;
202300044930;155600846;B01;1;33;0;2;8;1;1;
202300044931;155600842;A01;1;7;0;0;6;23;1;
202300044931;155600843;B01;1;31;0;2;1;1;1;
202300044932;155600839;A01;1;7;0;0;8;15;1;
202300044932;155600841;B01;1;31;0;2;2;17;1;
202300044933;155600838;A01;2;7;0;2;1;2;1;
202300044933;155600840;B01;2;7;0;2;4;2;1;
202300044934;155600837;A01;2;3;0;1;3;21;1;
202300044935;155600836;A01;1;33;0;1;1;1;0;
202300044936;155600833;A01;2;7;4;2;3;11;1;
202300044936;155600835;B01;2;7;4;2;5;1;1;
202300044937;155600832;A01;1;14;3;0;1;1;1;
202300044938;155600830;A01;1;7;0;2;8;1;1;
202300044938;155600834;B01;1;7;0;2;1;19;1;
202300044939;155600829;B01;1;7;-1;-1;-1;-1;-1;
202300044939;155600831;A01;1;31;0;2;8;21;1;
202300044940;155600828;A01;0;7;6;1;1;15;1;
202300044941;155600826;A01;1;7;0;2;3;1;2;
202300044941;155600827;B01;2;1;0;2;1;17;5;
202300044942;155600823;A01;1;7;0;2;7;12;1;
202300044942;155600825;B01;1;33;0;2;8;18;1;
202300044943;155600822;A01;1;17;0;2;6;1;1;
202300044943;155600824;B01;1;7;0;2;2;3;1;
202300044944;155600820;B01;1;7;0;2;3;2;1;
202300044944;155600821;A01;1;2;0;2;5;12;1;
202300044945;155600819;A01;2;30;0;1;7;17;1;
202300044946;155600817;A01;2;7;0;2;1;13;1;
202300044946;155600818;B01;2;7;0;2;1;1;1;
202300044947;155600815;A01;2;30;12;0;1;14;0;
202300044948;155600816;A01;2;10;0;1;1;1;1;
202300044949;155600813;A01;1;31;0;2;1;1;1;
202300044949;155600814;B01;2;37;0;2;1;1;1;1.0
202300044950;155600810;B01;2;7;0;2;3;13;1;
202300044950;155600812;A01;1;7;0;2;3;13;1;
202300044951;155600808;A01;2;2;4;0;2;1;1;
202300044952;155600809;A01;1;7;0;2;1;1;1;
202300044952;155600811;B01;1;50;0;2;4;1;3;
202300044953;155600806;A01;1;7;0;2;1;2;1;
202300044953;155600807;B01;1;14;0;0;4;2;1;
202300044954;155600804;A01;1;7;0;1;3;2;1;
202300044955;155600803;A01;1;2;0;2;1;1;1;
202300044955;155600805;B01;1;7;0;9;4;16;1;
202300044956;155600799;B01;2;7;0;2;1;1;1;
202300044956;155600801;A01;1;7;0;2;1;13;1;
202300044957;155600796;B01;2;34;0;2;0;0;0;
202300044957;155600798;A01;2;10;0;2;4;9;1;
202300044958;155600795;A01;2;10;0;2;1;0;1;
202300044958;155600797;B01;2;7;3;2;4;1;1;
202300044958;155600800;C01;2;7;0;2;4;1;1;
202300044958;155600802;D01;2;10;0;2;5;1;1;
202300044959;155600793;A01;3;60;1;0;1;25;5;
202300044959;155600794;B01;3;7;0;0;2;23;1;
202300044960;155600791;A01;1;7;6;0;8;13;1;
202300044961;155600790;A01;2;7;0;0;5;16;0;
202300044961;155600792;B01;2;31;0;0;3;11;0;
202300044962;155600787;B01;1;33;0;2;1;1;1;
202300044962;155600789;A01;2;7;0;2;3;5;1;
202300044963;155600786;A01;2;31;2;0;9;1;1;
202300044964;155600785;A01;2;7;0;2;2;1;1;
202300044964;155600788;B01;1;7;0;2;3;1;1;
202300044965;155600780;B01;3;32;0;2;8;1;1;
202300044965;155600784;A01;3;7;0;2;2;1;1;
202300044966;155600781;B01;1;7;0;2;1;1;1;
202300044966;155600783;A01;2;7;0;2;1;17;1;
202300044967;155600779;A01;2;7;0;2;1;1;1;
202300044967;155600782;B01;2;7;0;2;3;1;1;
202300044968;155600774;B01;2;15;0;2;2;1;1;
202300044968;155600776;A01;2;7;0;2;6;1;1;
202300044969;155600771;C01;2;7;1;0;1;1;1;
202300044969;155600773;D01;2;7;1;0;8;1;1;
202300044969;155600775;A01;2;10;0;2;7;1;1;
202300044969;155600777;B01;2;7;3;0;4;1;1;
202300044970;155600768;A01;1;7;0;2;4;26;1;
202300044970;155600769;B01;1;7;0;2;1;1;1;
202300044971;155600761;C01;1;7;0;2;6;1;1;
202300044971;155600762;B01;1;7;0;2;4;2;1;
202300044971;155600764;A01;1;7;0;2;1;2;1;
202300044972;155600760;A01;1;7;1;1;1;19;0;
202300044973;155600757;A01;1;7;0;2;1;2;1;
202300044973;155600759;B01;1;7;0;2;4;2;1;
202300044974;155600765;A01;2;7;0;2;2;1;1;
202300044974;155600767;B01;2;1;0;2;4;15;5;
202300044975;155600756;B01;2;33;0;2;1;26;1;
202300044975;155600758;A01;2;17;0;2;6;26;1;
202300044976;155600751;A01;1;10;0;2;1;2;1;
202300044976;155600753;B01;1;15;0;2;5;2;1;
202300044977;155600749;E01;2;7;0;2;4;1;1;
202300044977;155600750;D01;2;7;0;2;4;1;1;
202300044977;155600752;C01;2;7;0;2;4;1;1;
202300044977;155600754;B01;2;7;0;2;4;1;1;
202300044977;155600755;A01;2;7;0;2;1;9;1;
202300044978;155600748;A01;3;30;11;0;1;13;1;
202300044979;155600743;D01;2;7;4;2;4;0;1;
202300044979;155600744;C01;2;7;4;2;4;2;1;
202300044979;155600746;A01;2;7;4;2;1;2;1;
202300044979;155600747;B01;2;7;4;2;4;1;1;
202300044980;155600741;A01;0;7;0;2;1;1;1;
202300044980;155600742;B01;1;10;0;2;1;1;1;
202300044981;155600740;A01;2;7;3;0;2;0;1;
202300044982;155600738;A01;1;33;0;0;7;1;1;
202300044983;155600737;A01;2;7;0;2;6;10;1;
202300044983;155600739;B01;2;2;0;0;0;0;1;
202300044984;155600734;B01;2;33;3;2;4;23;1;
202300044984;155600736;A01;2;7;0;2;1;2;3;
202300044985;155600733;A01;3;7;0;2;1;15;1;
202300044985;155600735;B01;3;7;0;2;7;15;1;
202300044986;155600729;A01;0;33;0;2;1;18;1;
202300044986;155600730;B01;0;7;0;2;2;15;1;
202300044987;155600731;A01;1;7;0;2;1;2;1;
202300044987;155600732;B01;1;7;0;2;4;2;1;
202300044988;155600728;A01;3;7;8;0;1;13;1;
202300044989;155600724;B01;2;7;0;2;2;18;1;
202300044989;155600725;C01;1;10;0;0;0;0;1;
202300044989;155600726;D01;3;7;0;2;0;0;1;
202300044989;155600727;A01;1;32;1;2;2;17;1;
202300044990;155600723;A01;3;10;0;1;4;20;1;
202300044991;155600722;A01;1;10;0;1;7;17;1;
202300044992;155600721;A01;2;7;0;1;2;1;1;
202300044993;155600719;B01;2;1;0;2;7;1;5;
202300044993;155600720;A01;2;7;0;2;1;9;1;
202300044994;155600717;A01;1;7;0;2;3;23;1;
202300044994;155600718;B01;2;33;0;2;1;17;1;
202300044995;155600715;A01;3;1;0;2;1;19;5;
202300044995;155600716;B01;2;7;0;9;6;2;1;
202300044996;155600714;A01;1;7;6;0;1;21;1;
202300044997;155600712;B01;3;2;0;2;1;1;1;
202300044997;155600713;A01;3;7;0;2;3;1;1;
202300044998;155600711;A01;1;7;0;1;1;1;1;
202300044999;155600710;A01;1;32;0;5;1;1;1;
202300045000;155600706;A01;2;30;0;2;2;17;3;
202300045000;155600707;B01;1;1;0;2;0;1;5;
202300045001;155600704;A01;3;7;0;2;3;9;1;
202300045001;155600705;B01;3;7;15;2;5;1;1;
202300045002;155600702;B01;2;7;0;2;3;1;1;
202300045002;155600703;A01;1;7;0;2;1;15;1;
202300045003;155600700;A01;2;7;0;2;1;2;1;
202300045003;155600701;B01;2;7;0;2;4;23;1;
202300045004;155600698;A01;1;7;0;2;7;16;1;
202300045004;155600699;B01;1;30;0;2;8;18;0;
202300045005;155600696;A01;3;7;0;2;2;1;1;
202300045005;155600697;B01;3;50;0;2;1;15;3;
202300045006;155600694;A01;1;30;0;2;2;17;1;
202300045006;155600695;B01;1;7;0;2;3;15;1;
202300045007;155600692;A01;1;30;0;2;2;16;1;
202300045007;155600693;B01;1;31;0;2;3;1;1;
202300045008;155600690;A01;3;14;0;2;3;16;1;
202300045008;155600691;B01;3;1;0;2;1;1;5;
202300045009;155600688;A01;2;15;0;2;7;17;1;
202300045009;155600689;B01;2;1;0;2;3;2;5;
202300045010;155600686;B01;3;7;0;2;3;0;1;
202300045010;155600687;A01;3;1;0;2;7;15;5;
202300045011;155600684;A01;1;7;0;2;1;1;1;
202300045011;155600685;B01;1;7;0;2;4;1;1;
202300045012;155600681;B01;2;7;0;2;4;2;1;
202300045012;155600682;C01;2;7;0;2;4;2;1;
202300045012;155600683;A01;2;7;0;2;1;2;1;
202300045013;155600679;A01;1;7;0;2;3;0;1;
202300045013;155600680;B01;1;33;0;2;0;0;1;
202300045014;155600678;A01;2;7;1;0;2;1;1;
202300045015;155600676;A01;1;7;0;2;7;19;1;
202300045015;155600677;B01;1;33;0;2;1;1;1;
202300045016;155600674;A01;1;2;0;2;2;1;1;
202300045016;155600675;B01;1;10;0;2;3;15;1;
202300045017;155600671;B01;1;34;0;2;1;18;1;
202300045017;155600672;C01;1;7;0;2;7;1;1;
202300045017;155600673;A01;2;10;0;2;3;16;1;
202300045018;155600670;A01;1;7;0;1;3;15;6;
202300045019;155600669;A01;1;30;0;0;0;14;3;
202300045020;155600667;B01;1;7;0;2;8;15;1;
202300045020;155600668;A01;1;31;0;2;1;17;1;
202300045021;155600665;A01;2;10;0;2;2;1;1;
202300045021;155600666;B01;2;7;0;2;6;1;3;
202300045022;155600663;B01;2;7;0;2;1;1;1;
202300045022;155600664;A01;2;32;0;2;1;5;1;
202300045023;155600661;B01;2;32;4;2;1;1;1;
202300045023;155600662;A01;2;1;4;2;1;13;5;
202300045024;155600660;A01;1;80;0;1;1;1;3;
202300045025;155600659;A01;1;7;8;0;1;13;4;
202300045026;155600657;A01;2;7;0;2;8;13;3;
202300045026;155600658;B01;2;32;0;2;2;1;1;
202300045027;155600653;D01;2;7;0;2;1;1;1;
202300045027;155600654;B01;2;10;0;2;2;1;1;
202300045027;155600655;C01;2;7;0;2;1;1;2;
202300045027;155600656;A01;1;32;14;2;1;1;3;
202300045028;155600651;A01;3;7;1;0;2;1;1;
202300045028;155600652;B01;3;7;0;2;4;23;1;
202300045029;155600649;A01;3;7;0;2;2;15;1;
202300045029;155600650;B01;2;32;0;2;1;1;1;
202300045030;155600647;B01;1;60;0;2;8;19;5;
202300045030;155600648;A01;1;1;0;2;1;1;5;
202300045031;155600645;B01;2;7;0;2;3;9;1;
202300045031;155600646;A01;1;33;0;2;1;1;1;
202300045032;155600644;A01;1;1;0;1;1;1;5;
202300045033;155600642;A01;1;7;0;2;1;1;1;
202300045033;155600643;B01;1;1;0;2;4;1;5;
202300045034;155600640;B01;1;1;0;2;4;1;5;
202300045034;155600641;A01;1;43;0;2;1;1;1;
202300045035;155600638;B01;2;7;0;2;0;1;1;
202300045035;155600639;A01;1;1;0;2;1;1;5;
202300045036;155600637;A01;1;32;0;0;4;21;1;
202300045037;155600635;A01;3;80;0;2;1;1;3;
202300045037;155600636;B01;3;50;0;2;1;1;3;
202300045038;155600633;B01;0;1;0;2;2;15;5;
202300045038;155600634;A01;0;31;0;2;3;17;3;
202300045039;155600632;A01;3;1;0;0;0;1;5;
202300045040;155600631;A01;3;2;8;0;2;13;3;
202300045041;155600629;A01;1;1;0;2;8;19;5;
202300045041;155600630;B01;1;50;0;2;1;1;3;
202300045042;155600625;A01;1;7;0;2;2;16;1;
202300045042;155600626;B01;1;50;0;2;8;2;3;
202300045043;155600623;A01;3;10;0;2;1;16;1;
202300045043;155600624;B01;3;14;0;2;4;2;1;
202300045044;155600621;A01;2;7;0;2;1;1;0;
202300045044;155600622;B01;2;7;0;2;4;1;0;
202300045045;155600619;B01;3;7;0;2;1;1;1;
202300045045;155600620;A01;2;7;0;2;7;1;0;
202300045046;155600618;A01;3;13;0;1;0;26;1;
202300045047;155600616;A01;1;7;0;2;2;16;0;
202300045047;155600617;B01;1;50;0;2;1;1;3;
202300045048;155600614;B01;1;7;0;2;3;15;1;
202300045048;155600615;A01;2;33;0;2;1;1;1;
202300045049;155600613;A01;2;7;8;0;8;0;1;
202300045050;155600611;A01;0;10;0;2;0;0;0;
202300045050;155600612;B01;0;60;0;2;0;0;5;
202300045051;155600609;B01;2;7;0;2;6;23;3;
202300045051;155600610;A01;2;43;0;2;1;1;1;
202300045052;155600608;A01;-1;7;-1;1;-1;0;-1;
202300045053;155600606;A01;0;7;0;2;0;0;1;
202300045053;155600607;B01;0;1;0;2;0;0;5;
202300045054;155600605;A01;1;7;0;1;2;2;1;
202300045055;155600603;A01;3;33;0;2;3;11;1;
202300045055;155600604;B01;3;7;0;2;6;0;0;
202300045056;155600601;B01;1;37;15;0;2;16;0;1.0
202300045056;155600602;A01;1;50;15;2;8;18;3;
202300045057;155600599;A01;1;99;0;2;2;9;3;
202300045057;155600600;B01;1;37;0;2;2;0;0;1.0
202300045058;155600597;A01;1;7;0;2;3;10;1;
202300045058;155600598;B01;2;1;0;2;1;1;5;
202300045059;155600595;B01;1;43;0;2;1;1;1;
202300045059;155600596;A01;3;10;0;2;6;19;1;
202300045060;155600593;A01;1;33;0;2;1;1;1;
202300045060;155600594;B01;1;7;0;2;8;15;1;
202300045061;155600591;A01;1;7;0;2;3;1;0;
202300045061;155600592;B01;2;2;0;2;1;13;0;
202300045062;155600589;B01;1;7;0;0;1;1;1;
202300045062;155600590;A01;2;7;0;0;7;1;1;
202300045063;155600587;A01;1;7;0;2;1;2;1;
202300045063;155600588;B01;1;15;0;0;4;1;1;
202300045064;155600585;A01;1;2;0;2;1;19;1;
202300045064;155600586;B01;1;7;0;2;3;1;1;
202300045065;155600583;A01;2;7;0;2;6;10;1;
202300045065;155600584;B01;2;43;0;2;1;1;1;
202300045066;155600582;A01;3;2;12;0;1;0;1;
202300045067;155600581;A01;1;7;13;0;3;0;1;
202300045068;155600580;A01;1;7;4;9;9;1;1;
202300045069;155600579;A01;3;7;2;0;1;1;1;
202300045070;155600578;A01;1;31;0;0;0;1;1;
202300045071;155600577;A01;1;7;1;0;1;1;1;
202300045072;155600576;A01;2;7;0;1;4;4;1;
202300045073;155600575;A01;0;10;0;1;7;1;0;
202300045074;155600574;A01;1;7;2;0;1;1;1;
202300045075;155600573;A01;1;33;0;0;0;1;1;
202300045076;155600571;A01;2;7;0;2;3;13;1;
202300045076;155600572;B01;1;7;0;2;3;1;1;
202300045077;155600570;A01;3;1;0;0;0;1;5;
202300045078;155600568;A01;1;7;0;2;2;15;1;
202300045078;155600569;B01;1;2;0;2;1;1;1;
202300045079;155600566;A01;2;7;0;2;7;1;1;
202300045079;155600567;B01;2;7;0;2;1;1;1;
202300045080;155600564;A01;1;7;0;2;3;1;1;
202300045080;155600565;B01;2;10;0;2;3;1;1;
202300045081;155600562;B01;1;7;0;2;1;1;1;
202300045081;155600563;A01;1;7;0;2;1;1;1;
202300045082;155600557;C01;1;7;0;2;1;1;1;
202300045082;155600558;B01;1;7;0;2;1;1;1;
202300045082;155600559;A01;2;7;0;2;1;13;1;
202300045083;155600555;A01;3;7;0;2;4;2;1;
202300045083;155600556;B01;3;33;0;2;1;2;1;
202300045084;155600554;A01;1;7;13;0;8;1;1;
202300045085;155600552;A01;2;7;0;2;2;1;1;
202300045085;155600553;B01;1;30;0;2;2;21;1;
202300045086;155600551;A01;2;2;0;0;0;1;1;
202300045087;155600550;A01;1;33;6;0;1;1;1;
202300045088;155600549;A01;1;33;13;0;2;1;1;
202300045089;155600545;A01;2;7;0;2;1;13;1;
202300045089;155600546;B01;1;7;0;2;2;1;1;
202300045090;155600543;A01;1;7;0;2;2;21;1;
202300045090;155600544;B01;1;2;0;2;8;15;1;
202300045091;155600541;A01;1;7;8;2;3;1;1;
202300045091;155600542;B01;2;7;0;2;3;1;1;
202300045092;155600539;A01;1;1;0;2;2;2;5;
202300045092;155600540;B01;1;1;0;2;3;2;5;
202300045093;155600537;A01;1;21;0;2;7;17;1;
202300045093;155600538;B01;1;80;0;2;8;1;3;
202300045094;155600536;A01;1;2;0;0;2;1;1;
202300045095;155600534;A01;1;50;0;2;1;5;3;
202300045095;155600535;B01;2;7;0;2;2;9;1;
202300045096;155600532;A01;2;10;0;2;3;10;1;
202300045096;155600533;B01;2;10;0;2;1;1;1;
202300045097;155600531;A01;1;80;15;0;0;2;3;
202300045098;155600527;A01;3;17;0;4;7;26;1;
202300045098;155600528;B01;0;39;1;2;1;26;0;
202300045099;155600526;A01;2;15;17;0;2;1;1;
202300045100;155600522;D01;2;7;0;2;1;1;1;
202300045100;155600523;C01;2;7;0;2;6;23;1;
202300045100;155600524;A01;2;17;0;2;8;23;1;
202300045100;155600525;B01;2;7;0;2;4;23;1;
202300045101;155600520;A01;2;7;0;0;4;2;1;
202300045101;155600521;B01;2;7;0;2;1;2;1;
202300045102;155600519;A01;1;33;0;0;6;1;1;
202300045103;155600517;A01;1;7;0;2;1;5;1;
202300045103;155600518;B01;2;99;0;2;1;1;1;
202300045104;155600515;A01;2;7;0;2;1;1;1;
202300045104;155600516;B01;1;7;0;2;3;1;1;
202300045105;155600514;A01;2;7;2;0;3;13;1;
202300045106;155600513;A01;1;33;0;0;0;1;1;
202300045107;155600512;A01;3;7;0;1;1;1;1;
202300045108;155600511;A01;3;33;12;0;9;16;1;
202300045109;155600509;A01;0;14;6;2;3;1;1;
202300045109;155600510;B01;3;30;0;2;7;9;1;
202300045110;155600507;A01;1;7;0;2;1;5;1;
202300045110;155600508;B01;2;33;0;2;1;1;1;
202300045111;155600505;A01;1;7;0;2;0;10;1;
202300045111;155600506;B01;2;80;15;2;0;1;3;
202300045112;155600503;A01;1;33;0;2;7;17;1;
202300045112;155600504;B01;1;7;0;2;8;1;1;
202300045113;155600500;B01;2;7;0;2;6;1;1;
202300045113;155600501;C01;2;7;0;2;1;1;1;
202300045113;155600502;A01;1;7;0;2;1;1;1;
202300045114;155600498;A01;1;7;0;2;3;2;2;
202300045114;155600499;B01;1;7;0;2;2;1;1;
202300045115;155600495;C01;1;7;0;2;4;2;1;
202300045115;155600496;A01;1;7;0;2;1;2;1;
202300045115;155600497;B01;1;7;0;2;4;2;1;
202300045116;155600493;A01;2;7;0;2;1;1;1;
202300045116;155600494;B01;2;7;0;2;4;1;2;
202300045117;155600491;A01;2;33;0;2;1;3;1;
202300045117;155600492;B01;2;7;0;2;7;12;1;
202300045118;155600489;A01;1;7;0;2;1;1;0;
202300045118;155600490;B01;1;17;0;2;4;2;0;
202300045119;155600485;C01;1;7;0;2;4;2;1;
202300045119;155600486;D01;1;7;0;2;4;2;1;
202300045119;155600487;A01;1;7;0;2;1;1;1;
202300045119;155600488;B01;1;7;0;2;4;2;1;
202300045120;155600483;A01;2;7;1;0;1;0;0;
202300045120;155600484;B01;2;17;0;0;6;23;0;
202300045121;155600478;A01;1;7;0;2;2;14;1;
202300045121;155600479;B01;1;33;0;2;6;1;1;
202300045121;155600480;C01;1;7;0;2;8;1;1;
202300045121;155600481;D01;1;10;0;2;5;2;1;
202300045121;155600482;E01;1;10;0;2;6;2;1;
202300045122;155600476;A01;1;7;0;2;7;12;1;