Num_Acc;id_vehicule;num_veh;senc;catv;obs;obsm;choc;manv;motor;occutc
202300045122;155600477;B01;1;33;0;2;8;1;1;
202300045123;155600475;A01;1;33;15;0;7;0;1;
202300045124;155600472;A01;1;33;0;2;1;1;1;
202300045124;155600473;B01;1;7;0;2;6;1;1;
202300045124;155600474;C01;1;10;0;2;8;1;1;
202300045125;155600469;C01;2;7;0;2;6;1;1;
202300045125;155600470;A01;2;33;0;2;1;3;1;
202300045125;155600471;B01;2;7;0;2;4;2;1;
202300045126;155600468;A01;1;33;3;0;1;3;1;
202300045127;155600466;Z01;1;10;0;2;3;11;0;
202300045127;155600467;A01;1;33;0;2;2;3;1;
202300045128;155600464;B01;1;10;0;2;4;2;1;
202300045128;155600465;A01;1;7;0;2;1;2;2;
202300045129;155600463;A01;1;32;0;2;8;9;1;
202300045130;155600462;A01;2;7;3;0;8;1;1;
202300045131;155600461;A01;1;7;3;9;1;14;1;
202300045132;155600458;A01;1;15;0;2;1;22;1;
202300045132;155600459;C01;1;7;0;2;5;26;1;
202300045132;155600460;B01;1;33;14;2;1;3;1;
202300045133;155600457;A01;1;7;3;0;6;1;1;
202300045134;155600455;A01;1;7;0;2;5;15;1;
202300045134;155600456;B01;2;33;0;2;1;1;1;
202300045135;155600453;A01;2;7;0;2;1;2;1;
202300045135;155600454;B01;2;7;0;2;4;1;1;
202300045136;155600451;B01;2;7;0;2;8;1;1;
202300045136;155600452;A01;2;7;6;2;1;19;1;
202300045137;155600450;A01;2;7;4;0;1;1;1;
202300045138;155600447;A01;3;2;0;2;2;1;1;
202300045138;155600448;B01;3;2;0;2;2;1;1;
202300045139;155600446;A01;1;7;13;0;1;1;1;
202300045140;155600445;A01;1;2;0;0;0;0;0;
202300045141;155600442;C01;2;15;0;0;6;1;1;
202300045141;155600443;A01;2;38;0;2;1;1;1;19.0
202300045141;155600444;B01;2;10;0;2;4;1;1;
202300045142;155600440;A01;2;7;4;0;6;2;1;
202300045142;155600441;B01;2;7;0;2;2;0;1;
202300045143;155600438;A01;1;2;0;2;1;5;1;
202300045143;155600439;B01;2;7;0;2;1;1;1;
202300045144;155600436;B01;2;33;0;0;8;1;1;
202300045144;155600437;A01;1;10;0;2;8;1;1;
202300045145;155600435;A01;1;7;13;0;9;14;1;
202300045146;155600433;A01;3;2;0;2;5;1;1;
202300045146;155600434;B01;3;7;0;2;1;1;0;
202300045147;155600432;A01;3;7;13;0;1;1;0;
202300045148;155600430;A01;3;7;0;2;1;5;1;
202300045148;155600431;B01;3;7;0;2;1;1;1;
202300045149;155600428;A01;1;33;0;2;1;17;1;
202300045149;155600429;B01;1;7;0;2;6;15;1;
202300045150;155600427;A01;2;10;3;0;2;1;1;
202300045151;155600425;A01;1;7;0;0;4;15;3;
202300045151;155600426;B01;1;7;0;2;1;2;1;
202300045152;155600424;A01;1;7;13;0;3;13;0;
202300045153;155600423;A01;1;7;13;0;2;1;1;
202300045154;155600421;B01;1;7;16;0;7;21;1;
202300045154;155600422;A01;2;7;0;2;2;13;1;
202300045155;155600420;A01;2;10;13;0;2;1;1;
202300045156;155600419;A01;1;7;2;0;8;14;1;
202300045157;155600416;A01;1;7;13;0;3;1;1;
202300045158;155600414;B01;3;7;0;2;2;15;1;
202300045158;155600415;A01;1;7;0;2;2;1;1;
202300045159;155600412;A01;1;7;0;2;1;0;0;
202300045159;155600413;B01;2;7;0;2;1;0;0;
202300045160;155600411;A01;1;7;13;0;2;1;0;
202300045161;155600409;A01;2;7;0;2;1;13;1;
202300045161;155600410;B01;1;7;0;2;1;1;1;
202300045162;155600407;A01;1;10;0;2;3;1;1;
202300045162;155600408;B01;2;2;0;2;1;13;1;
202300045163;155600406;A01;3;7;2;0;3;1;0;
202300045164;155600405;A01;2;1;0;0;0;0;5;
202300045165;155600403;A01;1;2;0;2;7;1;1;
202300045165;155600404;B01;2;7;0;2;2;14;1;
202300045166;155600402;A01;2;10;2;0;9;21;1;
202300045167;155600400;A01;2;7;0;2;3;13;1;
202300045167;155600401;B01;1;14;6;2;3;1;1;
202300045168;155600398;A01;3;2;0;2;8;0;1;
202300045168;155600399;B01;3;14;0;2;1;0;1;
202300045169;155600397;A01;1;33;13;0;1;1;1;
202300045170;155600394;A01;1;7;13;0;7;1;0;
202300045171;155600393;A01;2;33;0;0;1;1;1;
202300045172;155600389;C01;1;7;0;2;4;23;1;
202300045172;155600390;B01;2;7;0;2;2;21;1;
202300045172;155600391;D01;1;7;0;2;1;1;1;
202300045172;155600392;A01;2;7;0;2;3;10;1;
202300045173;155600387;A01;1;2;0;2;1;17;1;
202300045173;155600388;B01;2;2;0;2;1;1;1;
202300045174;155600386;A01;1;7;15;0;2;1;1;
202300045175;155600383;A01;2;13;0;2;4;1;1;
202300045175;155600384;B01;2;7;0;2;1;2;1;
202300045175;155600385;C01;2;7;0;2;1;12;1;
202300045176;155600381;A01;1;7;0;2;2;0;1;
202300045176;155600382;B01;1;7;0;0;6;0;1;
202300045177;155600380;A01;2;33;0;0;7;1;1;
202300045178;155600379;A01;3;2;13;0;7;21;1;
202300045179;155600377;A01;1;7;0;2;2;1;1;
202300045179;155600378;B01;2;7;0;2;8;9;1;
202300045180;155600376;A01;2;33;0;0;9;1;1;
202300045181;155600375;A01;2;7;2;0;1;17;1;
202300045182;155600374;A01;1;7;13;0;3;0;1;
202300045183;155600373;A01;1;7;0;0;0;1;1;
202300045184;155600372;A01;1;33;12;0;8;1;1;
202300045185;155600370;A01;1;7;3;2;3;1;1;
202300045185;155600371;B01;2;7;3;2;3;1;1;
202300045186;155600368;A01;1;7;0;2;1;0;0;
202300045186;155600369;B01;1;80;0;2;4;2;3;
202300045187;155600367;A01;0;2;8;0;1;26;0;
202300045188;155600366;A01;2;7;13;0;2;17;1;
202300045189;155600364;A01;3;7;0;2;1;1;1;
202300045189;155600365;B01;3;1;0;0;4;1;5;
202300045190;155600362;A01;1;33;0;2;8;2;1;
202300045190;155600363;B01;1;33;0;2;7;2;1;
202300045191;155600360;B01;2;7;13;2;2;1;1;
202300045191;155600361;A01;2;7;13;0;1;16;1;
202300045192;155600358;B01;0;7;0;2;3;24;1;
202300045192;155600359;A01;0;7;1;1;3;13;1;
202300045193;155600356;A01;3;2;0;1;1;21;1;
202300045194;155600355;A01;1;7;0;1;2;1;1;
202300045195;155600354;A01;3;33;0;0;0;2;1;
202300045196;155600352;A01;1;7;0;2;7;13;1;
202300045196;155600353;B01;2;7;0;2;3;1;1;
202300045197;155600349;C01;1;7;0;2;8;1;0;
202300045197;155600350;A01;2;7;0;2;3;13;1;
202300045197;155600351;B01;1;10;0;2;6;1;0;
202300045198;155600347;A01;1;7;0;2;3;24;1;
202300045198;155600348;B01;1;1;0;2;1;1;5;
202300045199;155600346;A01;2;50;14;0;1;1;3;
202300045200;155600344;B01;2;7;0;2;5;1;1;
202300045200;155600345;A01;1;30;0;2;2;1;1;
202300045201;155600342;Y01;1;80;0;2;5;5;3;
202300045201;155600343;A01;1;7;0;2;1;1;0;
202300045202;155600340;B01;3;31;0;2;1;3;1;
202300045202;155600341;A01;3;7;0;2;6;3;1;
202300045203;155600338;B01;1;7;0;0;0;0;0;
202300045203;155600339;A01;1;33;0;2;0;0;0;
202300045204;155600337;A01;2;7;6;0;1;1;1;
202300045205;155600336;A01;1;7;0;1;1;0;1;
202300045206;155600335;A01;1;7;0;1;1;1;1;
202300045207;155600333;A01;1;7;1;0;3;1;1;
202300045207;155600334;B01;2;7;1;2;3;1;0;
202300045208;155600331;B01;0;31;0;2;0;0;0;
202300045208;155600332;A01;0;7;0;2;4;1;0;
202300045209;155600328;A01;3;7;0;2;4;0;1;
202300045209;155600329;B01;3;7;4;0;1;1;1;
202300045209;155600330;C01;3;99;4;0;1;1;0;
202300045210;155600327;A01;3;33;0;0;8;2;1;
202300045211;155600325;A01;3;33;0;2;1;13;1;
202300045211;155600326;B01;3;7;0;2;2;1;1;
202300045212;155600323;A01;1;7;0;2;8;15;0;
202300045212;155600324;B01;2;34;0;2;1;1;0;
202300045213;155600321;A01;1;7;0;2;2;19;1;
202300045213;155600322;B01;1;7;0;2;8;1;1;
202300045214;155600319;A01;1;7;0;2;7;12;1;
202300045214;155600320;B01;1;7;4;2;8;1;1;
202300045215;155600318;A01;2;43;0;0;1;1;1;
202300045216;155600316;A01;2;7;0;2;3;5;1;
202300045216;155600317;B01;1;7;0;2;3;5;2;
202300045217;155600315;A01;1;33;7;0;0;1;1;
202300045218;155600314;A01;0;7;0;1;4;4;1;
202300045219;155600312;A01;2;7;13;0;3;0;1;
202300045220;155600311;A01;1;2;0;0;1;26;0;
202300045221;155600310;A01;2;7;2;0;9;1;1;
202300045222;155600309;A01;3;7;15;0;1;1;1;
202300045223;155600307;A01;1;2;1;2;1;1;1;
202300045224;155600305;A01;1;7;8;2;3;13;1;
202300045224;155600306;B01;2;33;0;2;1;1;1;
202300045225;155600303;B01;1;7;0;2;3;1;1;
202300045225;155600304;A01;2;1;0;2;1;13;5;
202300045226;155600302;A01;2;7;2;0;1;1;0;
202300045227;155600300;A01;2;7;17;0;1;14;1;
202300045228;155600299;A01;1;7;16;0;0;15;1;
202300045229;155600298;A01;3;33;2;0;3;1;1;
202300045230;155600297;A01;1;7;8;0;2;1;1;
202300045231;155600296;A01;1;2;0;0;1;0;1;
202300045232;155600295;A01;1;7;8;0;2;1;1;
202300045233;155600293;A01;1;7;0;2;2;15;1;
202300045233;155600294;B01;2;7;0;2;1;1;1;
202300045234;155600291;A01;2;7;0;2;3;19;1;
202300045234;155600292;B01;1;7;0;2;2;1;1;
202300045235;155600289;A01;1;7;0;2;3;15;1;
202300045235;155600290;B01;2;7;0;2;3;1;1;
202300045236;155600287;A01;1;7;0;2;6;11;3;
202300045236;155600288;B01;1;33;0;2;1;2;1;
202300045237;155600285;A01;2;7;0;2;4;15;1;
202300045237;155600286;B01;1;7;0;2;2;1;1;
202300045238;155600284;A01;1;7;0;1;7;1;1;
202300045239;155600281;B01;3;7;0;1;1;1;0;
202300045239;155600282;A01;3;7;0;2;1;1;0;
202300045240;155600280;A01;3;7;0;1;1;1;1;
202300045241;155600278;A01;3;10;3;0;3;13;1;
202300045241;155600279;B01;3;7;0;2;1;1;1;
202300045242;155600276;B01;1;31;0;2;0;0;6;
202300045242;155600277;A01;1;13;0;2;6;15;0;
202300045243;155600274;A01;2;7;0;2;2;15;1;
202300045243;155600275;B01;2;1;0;2;7;26;5;
202300045244;155600273;A01;1;37;0;0;3;0;4;1.0
202300045245;155600272;A01;1;7;0;1;1;1;1;
202300045246;155600270;A01;3;7;0;2;3;9;1;
202300045246;155600271;B01;3;50;0;2;7;1;3;
202300045247;155600269;A01;2;7;15;0;1;14;1;
202300045248;155600267;A01;2;7;0;2;2;1;1;
202300045248;155600268;B01;3;1;0;2;7;19;5;
202300045249;155600265;A01;1;7;0;2;3;15;1;
202300045249;155600266;B01;2;33;0;2;1;1;1;
202300045250;155600264;A01;2;7;3;0;1;1;1;
202300045251;155600262;A01;1;7;0;0;1;14;2;
202300045252;155600261;A01;1;7;0;2;1;2;1;
202300045252;155600263;B01;1;10;0;2;4;2;1;
202300045253;155600260;A01;3;7;8;0;1;1;1;
202300045254;155600258;B01;3;1;0;2;1;26;5;
202300045254;155600259;A01;3;7;0;2;3;1;1;
202300045255;155600256;A01;2;7;0;2;1;2;2;
202300045255;155600257;B01;2;10;0;2;4;2;1;
202300045256;155600255;A01;1;32;0;1;1;1;1;
202300045257;155600253;A01;2;10;0;1;2;1;1;
202300045258;155600252;B01;3;7;0;2;2;1;3;
202300045258;155600254;A01;3;7;0;2;8;15;1;
202300045259;155600250;Z01;1;30;0;1;1;14;0;
202300045260;155600249;A01;1;7;0;2;1;1;3;
202300045260;155600251;B01;3;80;0;2;3;9;3;
202300045261;155600248;A01;0;7;0;1;4;20;1;
202300045262;155600246;A01;1;7;0;2;4;1;1;
202300045262;155600247;B01;1;7;0;2;1;1;1;
202300045263;155600245;A01;0;7;0;1;2;1;1;
202300045264;155600243;Z01;2;50;0;1;1;1;3;
202300045265;155600239;A01;2;7;15;2;4;4;3;
202300045265;155600241;B01;2;1;0;2;1;1;5;
202300045266;155600238;A01;2;7;12;2;1;13;1;
202300045266;155600240;B01;2;7;0;2;3;1;1;
202300045266;155600242;C01;1;7;0;0;6;1;1;
202300045266;155600244;D01;1;7;0;9;1;1;1;
202300045267;155600235;A01;1;7;0;2;1;15;2;
202300045267;155600236;B01;2;32;0;2;1;1;1;
202300045268;155600237;A01;1;3;6;0;1;19;1;
202300045269;155600232;A01;1;50;0;0;8;15;3;
202300045269;155600234;Z01;1;10;0;0;2;1;6;
202300045270;155600228;B01;2;7;0;2;3;1;1;
202300045270;155600229;A01;2;33;0;2;3;1;1;
202300045271;155600227;A01;2;7;0;1;2;1;0;
202300045272;155600225;A01;2;7;0;2;4;1;0;
202300045272;155600226;B01;2;1;0;2;1;2;5;
202300045273;155600223;B01;1;7;0;2;6;24;1;
202300045273;155600224;A01;1;7;1;0;2;9;2;
202300045274;155600221;A01;1;50;0;2;1;14;3;
202300045274;155600222;B01;2;1;0;2;1;13;5;
202300045275;155600219;A01;0;7;0;2;1;14;0;
202300045275;155600220;B01;0;7;0;2;1;13;0;
202300045276;155600217;B01;1;7;0;2;1;15;2;
202300045276;155600218;A01;2;80;0;2;7;1;3;
202300045277;155600215;A01;1;34;0;2;7;1;1;
202300045277;155600216;Z01;2;7;0;2;0;0;0;
202300045278;155600214;B01;1;80;0;1;1;1;3;
202300045279;155600212;A01;1;7;0;2;1;5;1;
202300045279;155600213;B01;2;10;0;2;1;1;1;
202300045280;155600211;A01;2;32;12;0;1;13;1;
202300045281;155600210;A01;3;7;0;1;7;0;1;
202300045282;155600208;A01;2;1;0;2;1;2;5;
202300045282;155600209;B01;2;10;0;0;4;1;1;
202300045283;155600206;A01;0;7;0;2;1;26;0;
202300045283;155600207;B01;0;7;0;2;8;0;1;
202300045284;155600205;A01;1;80;14;0;3;13;3;
202300045285;155600202;A01;0;7;8;2;1;2;1;
202300045285;155600204;B01;0;7;0;2;4;23;2;
202300045286;155600203;A01;2;80;12;0;1;14;3;
202300045287;155600198;C01;0;1;0;2;8;19;5;
202300045287;155600200;A01;2;7;0;2;1;1;1;
202300045287;155600201;B01;2;7;0;2;1;1;1;
202300045288;155600197;A01;3;7;15;2;1;26;0;
202300045288;155600199;B01;3;7;0;2;1;1;1;
202300045289;155600196;A01;3;7;0;1;4;4;0;
202300045290;155600192;B01;2;7;0;2;8;11;1;
202300045290;155600194;A01;2;33;0;2;2;3;1;
202300045291;155600193;B01;1;7;1;2;8;1;1;
202300045291;155600195;A01;1;7;0;2;1;1;1;
202300045292;155600191;A01;2;30;14;0;7;2;3;
202300045293;155600190;A01;3;7;1;0;1;21;1;
202300045294;155600188;A01;0;10;0;2;2;22;1;
202300045294;155600189;B01;0;1;0;2;3;1;5;
202300045295;155600187;A01;1;7;0;1;3;15;1;
202300045296;155600183;A01;2;10;0;2;8;13;1;
202300045296;155600185;B01;2;32;0;2;2;13;1;
202300045296;155600186;C01;1;34;0;2;3;26;1;
202300045297;155600182;B01;1;7;0;2;5;15;1;
202300045297;155600184;A01;1;33;0;2;1;1;1;
202300045298;155600178;Z01;3;7;0;2;1;1;0;
202300045298;155600180;A01;3;34;0;2;1;17;1;
202300045299;155600179;A01;1;1;0;2;3;0;5;
202300045299;155600181;Z01;1;0;0;2;2;12;0;
202300045300;155600176;Z01;3;30;0;0;8;1;1;
202300045301;155600174;C01;2;7;0;2;4;0;0;
202300045301;155600175;B01;2;3;0;2;4;2;0;
202300045301;155600177;A01;2;7;0;2;1;2;0;
202300045302;155600173;A01;1;7;0;1;3;15;1;
202300045303;155600172;A01;1;7;0;0;0;0;1;
202300045304;155600171;A01;1;33;0;6;1;1;1;
202300045305;155600169;A01;1;7;0;1;0;23;1;
202300045305;155600170;B01;3;10;1;0;0;1;1;
202300045306;155600166;B01;2;2;0;2;1;1;1;
202300045306;155600168;A01;1;7;0;2;2;15;1;
202300045307;155600164;A01;1;7;0;2;3;5;1;
202300045307;155600165;B01;2;7;0;2;2;1;1;
202300045308;155600161;A01;1;3;0;0;9;0;1;
202300045309;155600162;B01;2;1;0;2;1;1;5;
202300045309;155600163;Z01;1;1;0;2;1;1;5;
202300045310;155600158;A01;3;7;0;2;8;20;0;
202300045310;155600160;B01;3;30;0;2;7;17;1;
202300045311;155600157;A01;1;7;0;2;2;16;1;
202300045311;155600159;B01;1;1;0;2;0;1;5;
202300045312;155600154;A01;2;7;0;2;3;2;1;
202300045312;155600155;B01;1;50;0;2;1;5;3;
202300045313;155600153;B01;1;7;0;2;1;1;1;
202300045313;155600156;A01;1;10;0;2;3;1;1;
202300045314;155600151;A01;1;7;0;1;3;1;1;
202300045315;155600152;A01;1;7;2;0;1;21;1;
202300045316;155600149;C01;3;0;-1;2;0;0;0;
202300045316;155600150;B01;3;31;0;2;3;1;1;
202300045317;155600148;A01;1;7;0;1;2;26;1;
202300045318;155600147;A01;3;7;0;1;2;0;1;
202300045319;155600144;Z01;2;10;0;1;1;1;1;
202300045320;155600143;A01;1;7;0;1;3;15;1;
202300045321;155600141;A01;1;7;0;2;4;4;1;
202300045321;155600142;B01;1;1;0;2;1;1;5;
202300045322;155600139;A01;0;2;0;2;1;1;1;
202300045322;155600140;B01;3;7;0;2;1;9;0;
202300045323;155600138;A01;2;7;16;9;2;1;2;
202300045324;155600137;A01;1;33;0;0;0;26;1;
202300045325;155600136;A01;1;10;0;0;0;0;0;
202300045326;155600133;A01;1;7;0;2;7;1;1;
202300045326;155600134;B01;3;7;0;2;8;1;1;
202300045327;155600130;A01;1;43;14;0;2;3;1;
202300045328;155600129;A01;1;7;0;0;6;23;1;
202300045328;155600131;B01;1;7;0;2;5;23;1;
202300045328;155600132;C01;1;7;0;2;1;2;1;
202300045328;155600135;D01;1;0;0;0;0;10;0;
202300045329;155600128;A01;2;36;12;0;9;1;1;
202300045330;155600126;A01;2;7;0;0;9;13;1;
202300045331;155600125;B01;1;33;0;2;1;1;0;
202300045331;155600127;A01;2;7;0;2;1;15;0;
202300045332;155600123;A01;3;1;0;2;1;1;5;
202300045332;155600124;B01;0;7;0;9;5;1;1;
202300045333;155600122;A01;1;7;6;0;1;19;1;
202300045334;155600120;A01;1;7;0;2;1;1;1;
202300045334;155600121;B01;2;7;0;2;1;1;1;
202300045335;155600118;A01;1;7;13;0;1;0;1;
202300045336;155600117;A01;1;7;0;0;3;1;1;
202300045336;155600119;B01;3;1;0;0;2;16;5;
202300045337;155600115;A01;2;60;0;0;0;1;5;
202300045338;155600114;A01;1;2;0;2;1;17;1;
202300045338;155600116;B01;1;7;0;0;3;15;1;
202300045339;155600111;A01;1;7;0;2;1;1;1;
202300045339;155600112;B01;1;10;0;0;4;1;1;
202300045340;155600110;A01;2;31;0;2;1;17;1;
202300045340;155600113;B01;2;7;0;2;6;15;1;
202300045341;155600108;A01;1;7;0;0;4;2;1;
202300045341;155600109;B01;1;7;0;2;1;2;1;
202300045342;155600105;A01;1;7;0;0;9;1;1;
202300045343;155600106;A01;0;7;0;2;2;1;1;
202300045343;155600107;B01;2;60;0;2;0;19;5;
202300045344;155600104;A01;1;7;13;0;3;0;1;
202300045345;155600101;A01;2;7;0;2;1;26;1;
202300045345;155600103;B01;2;10;0;0;8;1;1;
202300045346;155600100;A01;1;7;0;2;1;0;1;
202300045346;155600102;B01;2;7;0;2;1;0;1;
202300045347;155600098;A01;3;7;0;2;5;19;1;
202300045347;155600099;B01;3;2;0;2;1;1;3;
202300045348;155600095;A01;2;7;0;2;1;19;1;
202300045348;155600097;B01;1;7;0;2;8;1;1;
202300045349;155600094;B01;1;33;0;2;1;1;1;
202300045349;155600096;A01;2;7;0;0;3;0;0;
202300045350;155600091;A01;1;10;0;2;1;16;3;
202300045350;155600093;B01;2;7;0;0;5;1;1;
202300045351;155600088;A01;2;7;0;2;3;13;1;
202300045351;155600089;B01;1;7;0;2;3;1;1;
202300045352;155600087;A01;2;7;7;0;6;19;1;
202300045352;155600090;B01;2;0;0;2;1;1;0;
202300045353;155600084;A01;2;7;0;2;3;13;1;
202300045353;155600086;B01;1;33;0;2;1;1;1;
202300045354;155600083;A01;2;7;0;0;3;11;1;
202300045354;155600085;B01;1;7;0;0;3;1;1;
202300045355;155600081;A01;1;7;13;0;1;1;1;
202300045356;155600080;A01;1;7;0;2;1;2;1;
202300045356;155600082;B01;2;7;0;2;1;5;1;
202300045357;155600076;A01;2;7;0;2;1;17;1;
202300045357;155600079;B01;1;7;0;2;1;1;1;
202300045358;155600075;B01;1;1;0;2;3;2;5;
202300045358;155600077;A01;2;7;0;9;2;2;1;
202300045358;155600078;C01;1;1;0;2;3;2;5;
202300045359;155600070;A01;1;7;0;1;1;1;2;
202300045360;155600066;A01;2;7;13;0;1;1;1;
202300045361;155600067;C01;2;7;0;2;1;1;1;
202300045361;155600068;A01;1;7;0;2;1;13;2;
202300045361;155600069;B01;2;7;0;2;1;1;1;
202300045362;155600064;A01;1;7;0;0;9;1;1;
202300045363;155600063;A01;1;7;0;2;2;2;1;
202300045363;155600065;B01;0;1;5;0;4;2;5;
202300045364;155600062;A01;1;7;0;0;9;14;1;
202300045365;155600060;B01;2;7;0;2;6;1;1;
202300045365;155600061;A01;1;33;4;2;3;0;1;
202300045366;155600057;B01;3;7;0;2;3;15;1;
202300045366;155600058;A01;2;33;0;2;1;1;1;
202300045367;155600055;A01;2;2;0;2;6;15;1;
202300045367;155600056;B01;2;7;0;2;2;17;1;
202300045368;155600053;A01;0;7;2;0;1;1;0;
202300045369;155600050;A01;0;7;0;0;1;0;1;
202300045369;155600051;B01;0;7;0;0;3;0;0;
202300045370;155600049;A01;1;7;6;0;1;1;1;
202300045371;155600046;A01;3;7;17;0;3;1;1;
202300045372;155600044;A01;1;7;0;2;1;5;1;
202300045372;155600045;B01;2;7;0;2;3;1;1;
202300045372;155600047;C01;2;7;0;2;2;1;1;
202300045372;155600048;D01;2;7;0;2;1;1;1;
202300045373;155600042;B01;2;7;0;2;2;1;1;
202300045373;155600043;A01;2;1;0;2;8;10;5;
202300045374;155600040;A01;2;21;0;0;5;15;0;
202300045374;155600041;B01;1;7;0;2;1;1;1;
202300045375;155600039;A01;1;10;0;1;3;1;1;
202300045376;155600037;A01;2;7;0;2;2;17;1;
202300045376;155600038;B01;1;2;0;2;1;26;1;
202300045377;155600036;A01;0;50;0;1;1;0;3;
202300045378;155600035;A01;2;7;0;0;2;0;0;
202300045379;155600033;A01;1;7;0;2;3;17;1;
202300045379;155600034;B01;1;2;0;2;1;1;1;
202300045380;155600031;A01;1;7;13;0;1;21;1;
202300045380;155600032;B01;1;7;0;2;1;1;1;
202300045381;155600028;A01;0;7;0;2;3;9;1;
202300045381;155600030;B01;3;7;0;2;7;1;1;
202300045382;155600026;A01;2;10;0;0;1;1;0;
202300045382;155600027;C01;2;32;0;2;2;1;0;
202300045382;155600029;B01;2;32;0;9;3;1;0;
202300045383;155600023;A01;2;7;0;2;3;15;1;
202300045383;155600024;B01;2;2;0;2;1;17;1;
202300045384;155600021;A01;2;7;0;0;0;0;1;
202300045384;155600022;B01;1;30;0;2;0;0;1;
202300045385;155600019;A01;3;7;0;2;3;1;2;
202300045385;155600020;B01;3;31;0;2;1;13;1;
202300045386;155600016;A01;1;3;0;0;0;21;1;
202300045386;155600018;B01;2;33;0;0;0;15;1;
202300045387;155600014;A01;1;7;5;0;1;19;1;
202300045388;155600012;A01;2;7;0;2;2;15;0;
202300045388;155600013;B01;2;33;0;2;8;1;1;
202300045389;155600011;A01;3;33;13;0;0;1;1;
202300045390;155600010;A01;3;7;0;1;8;23;1;
202300045391;155600008;A01;1;7;0;2;1;23;1;
202300045391;155600009;B01;2;33;0;2;1;13;1;
202300045392;155600006;A01;1;7;6;0;1;14;1;
202300045393;155600005;A01;1;7;0;2;1;13;1;
202300045393;155600007;B01;2;7;0;2;1;21;1;
202300045394;155600003;A01;0;33;0;2;1;13;1;
202300045394;155600004;B01;0;7;0;2;2;1;1;
202300045395;155600002;A01;1;7;14;0;2;0;1;
202300045396;155600001;A01;1;32;0;6;1;19;1;
202300045397;155600000;A01;1;7;17;0;1;0;0;
202300045398;155599997;A01;2;15;0;2;2;2;1;
202300045398;155599998;B01;1;7;0;2;3;1;1;
202300045399;155599996;B01;2;7;0;2;8;15;1;
202300045399;155599999;A01;1;7;0;2;1;1;1;
202300045400;155599995;A01;1;1;0;0;0;1;5;
202300045401;155599992;B01;3;2;0;2;1;1;1;
202300045401;155599994;A01;3;7;0;2;7;15;1;
202300045402;155599991;A01;1;7;0;2;3;1;1;
202300045402;155599993;B01;3;7;0;2;3;19;1;
202300045403;155599990;A01;1;7;0;0;0;1;1;
202300045404;155599988;A01;1;7;0;0;3;26;1;
202300045404;155599989;B01;1;2;0;2;1;1;1;
202300045405;155599987;A01;3;33;6;0;1;14;1;
202300045406;155599984;A01;1;31;0;2;7;1;1;
202300045406;155599986;B01;2;7;0;2;2;15;0;
202300045407;155599981;A01;2;7;0;2;2;3;1;
202300045407;155599982;B01;2;7;0;2;6;1;1;
202300045408;155599979;A01;1;7;3;2;1;1;1;
202300045408;155599980;B01;1;7;0;0;6;1;1;
202300045409;155599977;A01;1;10;0;2;8;11;1;
202300045409;155599978;B01;1;32;0;2;2;3;1;
202300045410;155599976;A01;2;7;15;0;1;1;1;
202300045411;155599974;B01;2;7;0;2;2;12;-1;
202300045411;155599975;A01;2;34;3;2;0;3;1;
202300045412;155599973;A01;1;7;9;0;9;1;1;
202300045413;155599972;A01;1;34;3;0;0;3;1;
202300045414;155599970;A01;1;7;0;0;0;26;1;
202300045414;155599971;B01;2;7;0;9;1;1;1;
202300045415;155599965;B01;2;7;0;2;3;1;1;
202300045415;155599967;D01;2;10;0;2;8;1;1;
202300045415;155599968;A01;1;7;0;2;8;21;1;
202300045415;155599969;C01;2;7;0;2;8;1;1;
202300045416;155599964;B01;1;33;0;2;2;3;1;
202300045416;155599966;A01;1;7;0;2;3;11;1;
202300045417;155599962;A01;1;33;0;0;7;16;1;
202300045418;155599957;A01;2;7;0;2;3;0;1;
202300045418;155599959;B01;2;7;0;2;9;0;1;
202300045419;155599956;A01;1;7;12;2;7;26;1;
202300045419;155599958;E01;1;7;0;2;4;23;1;
202300045419;155599960;B01;1;7;0;2;3;1;1;
202300045419;155599961;C01;1;7;0;2;2;23;1;
202300045419;155599963;D01;1;16;0;2;2;23;1;
202300045420;155599955;A01;1;33;16;0;0;1;1;
202300045421;155599952;A01;2;10;4;2;1;2;1;
202300045421;155599954;B01;2;7;4;2;4;1;1;
202300045422;155599951;A01;1;7;0;2;2;1;1;
202300045422;155599953;B01;1;17;0;2;8;1;1;
202300045423;155599949;A01;1;7;3;2;1;1;1;
202300045423;155599950;B01;1;7;3;2;4;1;1;
202300045424;155599946;A01;1;7;0;2;1;11;1;
202300045424;155599948;B01;1;7;0;2;4;1;1;
202300045425;155599944;A01;1;33;0;2;1;3;1;
202300045425;155599945;C01;1;10;0;2;6;1;1;
202300045425;155599947;B01;1;7;0;2;5;12;1;
202300045426;155599940;B01;1;7;0;2;9;21;1;
202300045426;155599942;C01;1;7;0;2;6;1;1;
202300045426;155599943;A01;1;7;0;2;1;1;1;
202300045427;155599938;A01;1;7;0;2;1;2;1;
202300045427;155599939;B01;1;7;0;2;4;2;1;
202300045427;155599941;C01;1;7;0;0;4;2;1;
202300045428;155599937;A01;2;7;4;0;8;2;1;
202300045429;155599936;A01;1;7;16;0;1;1;1;
202300045430;155599934;B01;1;7;0;2;1;21;1;
202300045430;155599935;A01;1;7;0;2;4;2;1;