Num_Acc;id_vehicule;num_veh;senc;catv;obs;obsm;choc;manv;motor;occutc
202300045431;155599930;B01;2;14;0;2;3;15;1;
202300045431;155599932;A01;2;2;0;2;1;17;3;
202300045432;155599928;A01;2;7;0;2;5;1;1;
202300045432;155599929;B01;2;7;0;2;3;1;2;
202300045432;155599931;C01;2;10;0;2;2;1;1;
202300045432;155599933;D01;2;33;0;2;7;1;1;
202300045433;155599927;A01;0;2;0;1;8;26;3;
202300045434;155599926;A01;1;7;1;2;9;16;1;
202300045435;155599923;A01;1;30;0;0;7;16;1;
202300045436;155599920;A01;0;7;6;2;1;26;1;
202300045436;155599921;B01;0;30;0;2;9;0;3;
202300045437;155599918;A01;3;7;0;1;3;1;1;
202300045438;155599917;A01;1;7;0;1;1;15;1;
202300045439;155599915;A01;1;7;0;2;3;1;1;
202300045439;155599916;B01;2;7;0;2;1;5;1;
202300045440;155599914;A01;1;7;0;1;3;1;1;
202300045441;155599911;A01;2;7;0;2;1;13;1;
202300045441;155599912;B01;1;7;0;2;3;0;1;
202300045442;155599910;A01;1;7;0;2;1;16;1;
202300045442;155599913;B01;3;1;0;2;8;1;5;
202300045443;155599907;A01;2;30;0;2;1;1;1;
202300045443;155599909;B01;2;7;0;2;4;23;1;
202300045444;155599906;A01;1;7;0;2;0;0;1;
202300045444;155599908;B01;2;7;0;2;0;0;1;
202300045445;155599905;A01;1;7;15;0;3;26;1;
202300045446;155599904;A01;3;7;3;0;3;13;1;
202300045447;155599902;A01;1;7;0;1;2;1;1;
202300045448;155599899;A01;1;33;0;2;1;17;1;
202300045448;155599900;B01;1;7;0;2;3;15;1;
202300045449;155599896;A01;1;33;12;0;1;0;1;
202300045450;155599895;A01;2;7;0;2;1;13;1;
202300045450;155599897;B01;2;7;0;2;1;1;1;
202300045451;155599892;B01;2;7;0;2;1;1;1;
202300045451;155599893;A01;1;31;0;2;1;13;1;
202300045452;155599890;A01;1;7;0;2;1;15;1;
202300045452;155599891;B01;2;7;0;2;1;1;1;
202300045453;155599889;A01;1;7;4;0;1;1;1;
202300045454;155599884;B01;2;7;0;2;1;1;1;
202300045454;155599886;C01;2;7;0;2;1;17;1;
202300045454;155599888;A01;1;7;0;2;1;13;3;
202300045455;155599883;A01;2;7;0;2;1;2;1;
202300045455;155599885;B01;2;7;0;2;4;1;1;
202300045455;155599887;C01;2;14;0;2;4;2;1;
202300045456;155599879;A01;0;31;0;2;2;17;1;
202300045456;155599881;B01;0;7;0;2;3;15;1;
202300045457;155599880;B01;3;17;0;2;1;15;1;
202300045457;155599882;A01;1;10;0;2;1;1;1;
202300045458;155599876;B01;1;7;0;2;4;1;1;
202300045458;155599878;A01;1;30;0;2;1;1;1;
202300045459;155599875;A01;2;7;0;2;0;1;1;
202300045459;155599877;B01;2;7;0;2;0;2;1;
202300045460;155599873;A01;2;3;0;2;2;9;1;
202300045460;155599874;B01;2;10;0;2;1;1;1;
202300045461;155599872;A01;2;7;8;0;1;1;1;
202300045462;155599871;A01;0;7;3;0;3;26;1;
202300045463;155599869;A01;2;33;0;2;1;18;1;
202300045463;155599870;B01;1;7;0;2;5;15;1;
202300045464;155599867;A01;1;7;0;1;2;1;1;
202300045465;155599866;A01;2;7;0;9;3;1;1;
202300045465;155599868;B01;3;80;0;2;7;1;3;
202300045466;155599865;A01;1;7;0;1;2;1;1;
202300045467;155599864;A01;2;7;0;1;7;1;1;
202300045468;155599863;A01;1;50;0;1;1;25;3;
202300045469;155599861;A01;2;7;0;1;2;26;1;
202300045470;155599859;A01;2;7;0;2;1;2;1;
202300045470;155599860;B01;2;7;0;2;4;2;1;
202300045470;155599862;C01;2;7;0;2;4;2;1;
202300045471;155599857;A01;1;15;8;-1;5;14;1;
202300045471;155599858;B01;1;15;0;2;0;0;1;
202300045472;155599856;A01;1;7;0;1;1;1;1;
202300045473;155599855;A01;3;31;4;0;0;0;1;
202300045474;155599853;B01;2;7;0;2;3;15;1;
202300045474;155599854;A01;1;50;0;2;1;1;3;
202300045475;155599851;B01;3;10;0;2;3;9;0;
202300045475;155599852;A01;3;33;0;2;1;17;0;
202300045476;155599848;A01;1;14;0;2;1;26;1;
202300045476;155599849;B01;1;7;3;0;2;1;1;
202300045477;155599847;A01;1;7;0;2;2;11;1;
202300045477;155599850;B01;1;10;0;2;1;1;1;
202300045478;155599846;A01;3;1;3;0;0;1;5;
202300045479;155599844;A01;1;7;0;2;3;16;1;
202300045479;155599845;B01;1;33;0;2;2;1;1;
202300045480;155599842;B01;2;7;0;2;4;23;1;
202300045480;155599843;A01;2;7;0;2;1;1;1;
202300045481;155599840;A01;2;7;0;2;1;2;1;
202300045481;155599841;B01;2;7;0;2;4;23;1;
202300045482;155599839;A01;1;7;12;0;2;14;1;
202300045483;155599838;A01;3;17;11;0;7;1;1;
202300045484;155599837;A01;1;7;0;1;2;1;1;
202300045485;155599836;Z01;1;7;0;1;1;1;1;
202300045486;155599835;A01;2;7;12;0;1;1;1;
202300045487;155599834;A01;1;7;0;2;3;15;1;
202300045488;155599831;B01;3;43;0;2;1;1;1;
202300045488;155599833;A01;3;7;0;2;7;15;1;
202300045489;155599830;Z01;3;10;0;2;1;9;0;
202300045489;155599832;B01;3;2;0;2;5;1;1;
202300045490;155599828;A01;3;10;0;1;2;1;1;
202300045491;155599827;A01;2;7;0;2;4;10;0;
202300045491;155599829;B01;3;33;0;2;1;1;1;
202300045492;155599825;A01;1;10;0;2;2;16;1;
202300045492;155599826;B01;1;37;0;2;3;1;1;2.0
202300045493;155599824;A01;2;50;0;1;1;3;3;
202300045494;155599823;A01;3;14;0;1;2;5;1;
202300045495;155599821;A01;1;7;0;0;1;1;1;
202300045496;155599820;A01;2;80;14;2;1;2;3;
202300045496;155599822;B01;2;7;0;2;5;23;2;
202300045497;155599819;A01;1;7;0;1;3;1;1;
202300045498;155599818;A01;1;7;0;1;1;15;1;
202300045499;155599817;A01;1;50;0;1;1;7;3;
202300045500;155599816;A01;1;7;3;0;1;1;1;
202300045501;155599814;A01;1;7;1;0;1;0;1;
202300045502;155599813;A01;1;7;0;2;3;11;1;
202300045502;155599815;B01;1;2;0;2;5;1;3;
202300045503;155599812;A01;1;7;2;0;1;1;1;
202300045504;155599810;A01;2;7;8;0;8;1;1;
202300045505;155599809;A01;3;7;1;0;3;2;1;
202300045505;155599811;B01;3;7;0;2;5;23;1;
202300045506;155599807;A01;0;30;0;2;1;17;1;
202300045506;155599808;B01;0;7;0;2;3;15;1;
202300045507;155599806;Z01;3;7;6;1;0;9;0;
202300045508;155599804;B01;2;7;0;2;1;1;1;
202300045508;155599805;A01;0;7;0;2;7;15;1;
202300045509;155599802;B01;1;7;0;2;2;1;1;
202300045509;155599803;A01;1;2;0;2;3;3;1;
202300045510;155599800;B01;0;1;0;2;1;2;5;
202300045510;155599801;A01;0;7;0;2;1;15;1;
202300045511;155599798;B01;2;1;0;2;4;13;5;
202300045511;155599799;A01;2;32;0;2;1;17;1;
202300045512;155599796;B01;1;7;0;2;8;15;1;
202300045512;155599797;A01;2;7;0;2;1;1;1;
202300045513;155599794;A01;1;7;0;0;1;1;0;
202300045513;155599795;B01;1;7;0;2;6;15;0;
202300045514;155599792;A01;2;13;0;2;1;1;1;
202300045514;155599793;B01;2;7;0;2;4;1;1;
202300045515;155599791;A01;3;7;0;1;4;4;3;
202300045516;155599789;A01;1;7;0;2;1;20;1;
202300045516;155599790;B01;2;10;0;2;1;1;1;
202300045517;155599786;A01;2;33;0;2;1;1;1;
202300045517;155599788;B01;2;99;0;2;3;11;1;
202300045518;155599785;A01;3;33;0;2;7;12;1;
202300045518;155599787;B01;3;7;0;2;8;15;1;
202300045519;155599783;A01;0;7;0;1;3;3;1;
202300045520;155599782;A01;3;32;0;2;1;13;-1;
202300045520;155599784;B01;3;7;0;2;1;1;-1;
202300045521;155599781;A01;0;10;12;0;1;13;0;
202300045522;155599778;B01;2;50;0;2;2;19;3;
202300045522;155599780;A01;1;7;0;2;1;9;1;
202300045523;155599777;A01;2;43;0;2;7;1;1;
202300045523;155599779;B01;1;7;0;2;1;1;0;
202300045524;155599774;A01;2;7;0;2;1;5;1;
202300045524;155599776;B01;1;13;0;2;1;1;1;
202300045525;155599773;B01;2;7;0;2;0;1;1;
202300045525;155599775;A01;1;7;0;2;1;9;1;
202300045526;155599771;A01;2;1;0;2;1;2;5;
202300045526;155599772;B01;2;37;0;2;5;16;1;1.0
202300045527;155599770;A01;3;7;0;1;5;1;1;
202300045528;155599768;A01;2;7;0;2;1;1;1;
202300045528;155599769;B01;2;7;0;2;4;1;1;
202300045529;155599767;A01;3;7;15;0;1;5;1;
202300045530;155599764;A01;1;7;0;2;0;15;1;
202300045530;155599766;B01;2;2;0;2;1;21;1;
202300045531;155599765;A01;2;7;0;1;5;18;1;
202300045532;155599762;A01;3;10;0;1;4;20;1;
202300045533;155599761;A01;1;7;0;2;1;2;0;
202300045533;155599763;B01;1;7;0;2;4;2;1;
202300045534;155599760;A01;3;7;0;1;1;1;1;
202300045535;155599759;A01;2;7;1;1;2;13;1;
202300045536;155599757;B01;3;7;14;0;6;23;1;
202300045536;155599758;A01;3;2;0;2;1;2;1;
202300045537;155599754;A01;1;31;0;2;1;1;1;
202300045537;155599756;B01;1;7;0;2;7;1;3;
202300045538;155599753;A01;0;7;0;2;4;2;1;
202300045538;155599755;B01;0;7;0;2;1;1;1;
202300045539;155599750;A01;1;1;0;2;6;0;5;
202300045539;155599752;B01;2;14;9;0;7;1;1;
202300045540;155599749;A01;1;7;0;2;2;15;1;
202300045540;155599751;B01;2;7;0;2;1;1;1;
202300045541;155599745;A01;3;50;0;2;1;17;3;
202300045541;155599748;B01;0;7;0;2;3;15;1;
202300045542;155599746;B01;1;33;0;2;1;1;1;
202300045542;155599747;A01;2;7;0;2;7;15;1;
202300045543;155599743;A01;0;7;0;1;1;21;3;
202300045544;155599740;A01;1;7;0;2;2;15;1;
202300045544;155599742;B01;2;7;0;2;3;1;1;
202300045545;155599736;A01;1;30;0;2;1;9;1;
202300045545;155599739;B01;1;7;0;2;1;1;1;
202300045546;155599734;B01;2;32;0;2;1;1;1;
202300045546;155599735;A01;1;7;0;2;1;13;1;
202300045547;155599731;A01;1;50;0;2;6;17;3;
202300045547;155599733;B01;1;37;0;9;6;1;3;5.0
202300045548;155599732;A01;2;7;0;0;9;2;1;
202300045549;155599730;A01;0;7;0;1;3;1;1;
202300045550;155599729;A01;1;7;0;1;2;2;1;
202300045551;155599727;A01;2;31;13;0;2;1;1;
202300045552;155599726;B01;0;31;0;2;8;1;0;
202300045552;155599728;A01;1;7;0;2;1;19;0;
202300045553;155599720;A01;1;7;0;2;8;19;1;
202300045553;155599721;B01;2;7;0;2;3;1;1;
202300045554;155599719;A01;3;7;0;2;1;5;1;
202300045554;155599722;B01;3;37;0;2;1;23;1;5.0
202300045555;155599716;A01;2;7;0;2;4;15;1;
202300045555;155599718;B01;2;2;0;2;1;1;1;
202300045556;155599715;A01;0;7;0;2;1;15;1;
202300045556;155599717;B01;0;34;0;2;1;1;1;
202300045557;155599714;A01;3;10;13;0;8;13;1;
202300045558;155599711;A01;3;7;0;2;2;1;1;
202300045558;155599713;B01;3;7;0;2;4;1;1;
202300045559;155599712;A01;3;7;6;0;1;26;1;
202300045560;155599710;A01;1;37;0;1;2;20;1;1.0
202300045561;155599708;B01;1;1;0;2;7;1;5;
202300045561;155599709;A01;2;7;0;2;3;1;1;
202300045562;155599707;A01;1;7;0;1;1;1;1;
202300045563;155599705;A01;3;2;0;2;3;9;1;
202300045563;155599706;B01;3;7;0;2;2;1;1;
202300045564;155599704;A01;1;33;0;0;0;21;1;
202300045565;155599702;A01;3;7;0;2;7;13;0;
202300045565;155599703;B01;3;2;0;2;1;26;0;
202300045566;155599701;A01;1;7;0;1;2;1;1;
202300045567;155599700;A01;1;33;0;0;0;0;1;
202300045568;155599698;A01;1;7;0;2;1;2;1;
202300045568;155599699;B01;1;7;0;2;4;2;1;
202300045569;155599697;A01;2;15;2;0;1;1;1;
202300045570;155599695;A01;2;7;0;2;1;15;1;
202300045570;155599696;B01;1;33;0;2;1;26;1;
202300045571;155599694;A01;2;32;14;0;0;1;1;
202300045572;155599692;A01;3;32;0;0;0;26;1;
202300045573;155599691;A01;3;7;0;2;3;1;1;
202300045573;155599693;B01;3;7;0;2;2;1;1;
202300045574;155599688;A01;3;7;0;2;3;20;1;
202300045574;155599689;B01;3;1;0;2;7;1;5;
202300045575;155599687;B01;1;7;0;2;8;1;1;
202300045575;155599690;A01;1;2;0;2;2;15;1;
202300045576;155599685;B01;2;7;0;2;4;2;1;
202300045576;155599686;A01;2;7;0;2;1;2;1;
202300045577;155599683;B01;3;7;0;2;2;1;0;
202300045577;155599684;A01;3;3;0;0;5;1;1;
202300045578;155599681;Z01;1;7;0;2;1;2;1;
202300045578;155599682;A01;2;7;0;2;4;2;1;
202300045579;155599677;B01;3;7;0;2;3;21;1;
202300045579;155599679;A01;3;7;0;2;3;13;1;
202300045580;155599678;B01;1;33;0;2;1;3;1;
202300045580;155599680;A01;1;7;0;2;6;11;1;
202300045581;155599673;A01;1;7;0;2;1;0;1;
202300045581;155599676;B01;1;1;0;2;4;0;5;
202300045582;155599672;A01;1;7;6;0;2;1;1;
202300045583;155599671;B01;2;33;0;2;2;3;1;
202300045583;155599674;A01;2;7;0;2;3;11;1;
202300045583;155599675;C01;2;7;0;2;6;1;1;
202300045584;155599670;A01;1;33;0;0;0;13;1;
202300045585;155599668;A01;2;7;4;0;1;1;1;
202300045586;155599667;A01;3;7;0;2;3;9;1;
202300045586;155599669;B01;3;33;0;2;1;2;1;
202300045587;155599664;A01;1;14;17;0;2;1;1;
202300045588;155599665;A01;2;7;0;2;1;1;1;
202300045588;155599666;B01;2;7;0;2;4;1;1;
202300045589;155599663;A01;2;7;4;0;3;13;1;
202300045590;155599660;A01;1;7;16;0;2;14;1;
202300045591;155599658;A01;1;15;6;0;2;1;1;
202300045591;155599659;B01;1;10;14;0;1;1;1;
202300045591;155599662;C01;2;10;0;2;8;1;1;
202300045592;155599657;A01;1;32;0;2;1;1;1;
202300045592;155599661;B01;2;33;0;2;3;1;1;
202300045593;155599655;A01;1;7;5;0;1;13;1;
202300045593;155599656;B01;2;7;0;0;1;1;1;
202300045594;155599651;A01;1;10;0;1;1;1;1;
202300045595;155599649;B01;1;2;0;0;8;1;3;
202300045595;155599652;A01;2;0;0;0;8;17;0;
202300045596;155599650;C01;0;7;0;2;1;1;1;
202300045596;155599653;B01;1;10;3;2;1;14;1;
202300045596;155599654;A01;1;7;3;0;6;17;1;
202300045597;155599648;A01;1;50;8;0;0;1;3;
202300045598;155599647;A01;3;7;6;0;1;13;1;
202300045599;155599645;A01;1;30;0;2;8;13;3;
202300045599;155599646;Z01;0;0;0;2;7;1;1;
202300045600;155599644;A01;2;32;0;6;1;1;1;
202300045601;155599640;A01;2;7;3;2;7;13;1;
202300045601;155599643;B01;1;15;0;2;8;1;1;
202300045602;155599641;A01;3;10;0;2;2;1;1;
202300045602;155599642;B01;3;1;0;2;1;1;5;
202300045603;155599638;A01;2;7;0;2;1;2;1;
202300045603;155599639;B01;2;15;0;2;4;23;1;
202300045604;155599636;A01;2;7;0;2;6;15;2;
202300045604;155599637;B01;1;1;0;2;1;1;5;
202300045605;155599634;B01;2;34;0;2;1;17;1;
202300045605;155599635;A01;2;10;0;0;3;15;1;
202300045606;155599633;A01;1;7;0;1;1;1;1;
202300045607;155599630;A01;2;7;2;0;1;13;1;
202300045608;155599629;A01;3;10;0;2;7;1;0;
202300045608;155599631;B01;3;37;0;2;1;1;1;2.0
202300045609;155599626;A01;1;2;0;2;1;2;1;
202300045609;155599627;B01;1;7;0;2;6;1;1;
202300045610;155599625;A01;2;7;0;2;1;26;1;
202300045610;155599628;B01;1;1;0;2;8;26;5;
202300045611;155599623;A01;2;7;0;2;7;12;1;
202300045611;155599624;B01;2;80;0;2;1;1;3;
202300045612;155599621;A01;1;1;0;2;1;5;5;
202300045612;155599622;B01;2;10;0;2;1;1;1;
202300045613;155599620;A01;2;1;0;0;0;23;5;
202300045614;155599618;A01;2;43;13;0;7;1;1;
202300045615;155599617;B01;1;7;0;2;2;1;1;
202300045615;155599619;A01;1;1;0;2;1;15;5;
202300045616;155599616;A01;1;7;2;0;7;14;1;
202300045617;155599614;A01;0;7;0;6;0;21;1;
202300045618;155599613;A01;1;7;0;2;2;9;1;
202300045618;155599615;B01;1;33;0;2;3;1;1;
202300045619;155599612;A01;1;7;13;0;2;14;1;
202300045620;155599610;B01;3;33;0;2;1;1;1;
202300045620;155599611;A01;3;7;0;2;7;15;1;
202300045621;155599607;A01;2;7;1;2;2;14;1;
202300045621;155599608;B01;2;7;1;2;6;0;0;
202300045622;155599606;A01;1;7;1;0;2;1;6;
202300045622;155599609;B01;1;17;0;0;6;24;1;
202300045623;155599605;A01;1;7;0;1;1;15;6;
202300045624;155599603;A01;2;33;0;2;1;17;0;
202300045624;155599604;B01;1;7;0;2;3;1;0;
202300045625;155599602;A01;2;7;6;0;8;1;1;
202300045626;155599599;A01;2;33;4;0;8;21;1;
202300045627;155599600;A01;0;1;0;2;1;1;5;
202300045627;155599601;B01;0;10;0;2;4;1;1;
202300045628;155599597;A01;2;7;0;0;5;15;1;
202300045628;155599598;B01;2;7;0;2;3;2;1;
202300045629;155599595;A01;2;7;2;0;1;1;1;
202300045630;155599596;A01;1;34;0;1;2;17;1;
202300045631;155599594;A01;0;2;6;0;1;0;1;
202300045632;155599593;A01;3;7;0;1;8;1;1;
202300045633;155599592;A01;1;7;12;0;3;1;1;
202300045634;155599590;A01;1;7;0;1;1;1;1;
202300045635;155599591;A01;3;13;1;1;1;1;0;
202300045636;155599588;A01;1;7;0;2;3;19;1;
202300045636;155599589;B01;1;33;0;2;1;1;1;
202300045637;155599586;A01;1;7;0;2;7;1;1;
202300045637;155599587;B01;1;7;0;2;1;1;1;
202300045638;155599585;A01;2;7;0;0;1;1;1;
202300045639;155599582;B01;1;33;0;2;1;1;1;
202300045639;155599584;A01;2;7;0;2;3;9;1;
202300045640;155599581;A01;1;7;0;2;0;14;0;
202300045640;155599583;B01;1;33;0;2;1;1;0;
202300045641;155599579;A01;1;13;3;0;2;1;1;
202300045642;155599578;A01;2;7;13;0;6;21;1;
202300045643;155599574;B01;2;7;1;2;3;9;1;
202300045643;155599576;A01;2;7;0;2;2;1;1;
202300045644;155599575;A01;3;33;0;2;1;1;1;
202300045644;155599577;B01;3;7;0;2;3;15;1;
202300045645;155599573;A01;1;7;0;1;7;1;2;
202300045646;155599570;A01;3;50;0;0;0;1;3;
202300045647;155599568;A01;3;7;0;1;2;1;1;
202300045648;155599569;A01;2;7;0;2;1;2;1;
202300045648;155599571;B01;2;15;0;2;4;1;1;
202300045648;155599572;C01;2;10;14;0;3;2;1;
202300045649;155599566;B01;3;43;0;2;1;1;1;
202300045649;155599567;A01;3;7;0;2;8;10;1;
202300045650;155599564;A01;2;7;0;2;1;15;1;
202300045651;155599563;B01;3;30;0;2;7;1;1;
202300045651;155599565;A01;0;7;0;2;3;11;1;
202300045652;155599559;A01;3;7;0;2;1;1;1;
202300045652;155599561;B01;3;2;0;2;4;1;1;
202300045652;155599562;C01;3;7;0;2;1;1;1;
202300045653;155599558;A01;2;7;0;2;3;1;1;
202300045653;155599560;B01;1;7;0;2;3;1;1;
202300045654;155599556;B01;2;32;0;2;1;1;1;
202300045654;155599557;A01;1;7;0;2;3;0;1;
202300045655;155599554;A01;3;80;0;2;2;16;3;
202300045655;155599555;Z01;3;30;0;0;0;16;0;
202300045656;155599553;A01;3;7;6;0;2;1;1;
202300045657;155599551;A01;0;7;0;9;5;1;1;
202300045657;155599552;B01;0;33;0;2;3;11;1;
202300045658;155599548;B01;2;2;0;2;1;1;1;
202300045658;155599549;A01;2;7;0;2;2;15;1;
202300045659;155599547;A01;1;7;12;0;1;1;1;
202300045660;155599546;A01;2;7;1;0;1;1;1;
202300045661;155599542;B01;1;7;0;2;1;1;1;
202300045661;155599544;A01;1;7;0;2;4;1;1;
202300045662;155599543;B01;1;7;0;2;1;0;1;
202300045662;155599545;A01;1;7;0;2;6;1;0;
202300045663;155599538;A01;1;33;0;2;1;17;1;
202300045663;155599540;B01;1;7;0;2;3;15;1;
202300045664;155599539;A01;1;33;8;0;0;5;1;
202300045665;155599534;A01;1;7;0;2;3;13;1;
202300045665;155599537;B01;2;17;0;2;3;1;1;
202300045665;155599541;C01;1;7;0;2;1;1;1;
202300045666;155599533;A01;3;7;0;2;3;15;1;
202300045666;155599536;B01;3;31;0;2;1;1;1;
202300045667;155599532;A01;0;7;1;2;7;19;0;
202300045667;155599535;B01;0;7;6;2;1;1;1;
202300045668;155599526;B01;1;13;0;2;5;15;1;
202300045668;155599529;A01;2;30;0;2;1;1;1;
202300045669;155599527;B01;1;1;0;2;7;1;5;
202300045669;155599531;A01;1;7;0;2;3;1;1;
202300045670;155599528;B01;0;35;0;2;1;9;1;
202300045670;155599530;A01;0;7;0;0;7;1;1;
202300045671;155599524;A01;2;10;0;1;2;15;1;
202300045672;155599523;A01;1;1;0;2;7;0;5;
202300045672;155599525;B01;2;7;0;2;3;0;1;
202300045673;155599520;A01;2;7;2;0;3;14;1;
202300045674;155599517;A01;2;7;14;0;1;1;1;
202300045674;155599518;C01;2;7;0;2;0;0;1;
202300045674;155599521;B01;2;31;0;2;0;0;0;
202300045675;155599519;B01;0;7;0;9;8;1;1;
202300045675;155599522;A01;2;80;0;2;1;1;3;
202300045676;155599516;A01;2;7;2;0;8;0;1;
202300045677;155599515;A01;1;7;0;1;2;1;1;
202300045678;155599512;A01;0;7;0;2;2;1;0;
202300045679;155599511;B01;1;7;0;2;2;1;1;
202300045679;155599513;A01;2;7;0;2;2;1;1;
202300045680;155599510;B01;1;2;0;2;1;1;1;
202300045680;155599514;A01;2;10;0;2;2;15;1;
202300045681;155599508;A01;2;50;0;0;0;25;3;
202300045682;155599509;A01;1;31;0;0;0;1;1;
202300045683;155599507;A01;0;33;9;0;1;5;1;
202300045684;155599504;B01;1;30;0;9;1;21;1;
202300045684;155599506;A01;1;99;1;0;7;26;0;
202300045685;155599503;B01;2;10;0;2;3;1;1;
202300045685;155599505;A01;1;7;0;2;3;1;1;
202300045686;155599500;A01;1;7;0;2;1;1;1;
202300045686;155599502;B01;2;7;0;2;1;1;1;
202300045687;155599497;B01;2;7;0;2;5;1;1;
202300045687;155599499;C01;2;7;0;2;4;1;1;
202300045687;155599501;A01;2;10;0;2;3;1;1;
202300045688;155599498;A01;2;7;0;1;2;16;0;
202300045689;155599495;A01;1;33;6;0;7;2;1;
202300045690;155599494;A01;3;33;0;0;7;1;1;
202300045691;155599493;A01;2;15;0;2;1;1;1;
202300045691;155599496;B01;2;7;14;2;4;1;1;
202300045692;155599490;B01;2;7;0;2;3;15;1;
202300045692;155599492;A01;1;16;0;2;2;1;1;
202300045693;155599488;A01;2;17;0;1;1;1;1;
202300045694;155599487;A01;1;7;6;0;1;14;1;
202300045695;155599484;A01;2;33;0;2;3;17;1;
202300045695;155599485;B01;1;7;0;2;3;1;1;
202300045696;155599482;B01;1;7;13;2;3;1;1;
202300045696;155599486;A01;3;7;13;2;7;15;1;
202300045697;155599478;B01;2;7;0;2;1;1;1;
202300045697;155599480;A01;1;7;0;2;2;19;1;
202300045698;155599481;B01;2;7;0;2;3;1;1;
202300045698;155599483;A01;1;10;0;2;3;1;1;
202300045699;155599476;A01;1;7;13;0;2;1;1;
202300045700;155599477;B01;2;7;0;2;1;1;1;
202300045700;155599479;A01;1;7;13;2;2;5;1;
202300045701;155599470;B01;2;7;0;2;1;1;0;
202300045701;155599473;A01;1;7;0;2;1;1;1;
202300045702;155599474;B01;2;1;0;2;4;1;5;
202300045702;155599475;A01;2;7;0;9;1;2;1;
202300045703;155599469;A01;2;7;3;2;8;18;1;
202300045703;155599471;B01;2;7;0;2;2;1;1;
202300045703;155599472;C01;2;7;0;2;1;1;1;
202300045704;155599468;A01;1;33;12;0;1;1;1;
202300045705;155599465;A01;2;7;4;0;3;0;1;
202300045706;155599466;A01;0;7;0;2;1;15;0;
202300045706;155599467;B01;0;2;0;2;1;1;0;
202300045707;155599461;B01;1;32;0;0;5;1;1;
202300045707;155599463;A01;1;10;0;2;1;1;1;
202300045708;155599460;A01;2;7;0;2;7;12;1;
202300045708;155599462;B01;2;33;0;2;8;1;1;
202300045709;155599459;B01;3;7;0;2;6;1;1;
202300045709;155599464;A01;1;32;0;2;1;1;1;
202300045710;155599458;A01;1;43;3;0;3;1;1;
202300045711;155599457;A01;1;10;0;1;3;21;1;
202300045712;155599454;A01;3;2;0;2;8;15;1;
202300045712;155599456;B01;1;7;0;2;1;1;1;
202300045713;155599455;A01;0;7;0;2;2;17;1;
202300045714;155599452;A01;0;1;0;2;1;1;5;
202300045714;155599453;B01;0;7;0;2;3;1;1;
202300045715;155599449;A01;1;1;0;2;1;1;5;
202300045715;155599451;B01;1;7;0;2;7;17;-1;
202300045716;155599448;B01;2;7;4;2;8;1;1;
202300045716;155599450;A01;2;7;0;2;2;1;1;
202300045717;155599445;A01;2;33;0;2;8;17;1;
202300045717;155599446;B01;2;7;0;2;7;17;1;
202300045718;155599444;A01;1;7;3;0;1;14;1;
202300045719;155599439;C01;2;7;0;2;1;1;1;
202300045719;155599443;A01;1;7;0;2;3;1;1;
202300045719;155599447;B01;1;7;0;2;3;17;1;
202300045720;155599438;A01;1;7;0;-1;-1;-1;-1;
202300045720;155599440;B01;1;32;1;0;2;3;1;
202300045720;155599441;C01;1;7;0;2;5;23;1;
202300045720;155599442;D01;1;7;0;0;2;23;1;
202300045721;155599434;A01;0;36;15;0;1;1;1;
202300045722;155599433;A01;2;7;0;2;1;1;1;
202300045722;155599436;B01;1;7;0;2;1;6;1;
202300045723;155599432;B01;2;7;0;2;4;2;1;
202300045723;155599435;A01;2;7;0;2;4;2;1;
202300045723;155599437;C01;2;10;0;2;1;2;1;
202300045724;155599430;A01;1;1;1;0;1;1;5;
202300045724;155599431;B01;1;7;0;0;4;23;0;
202300045725;155599426;A01;1;7;0;2;1;2;1;
202300045725;155599428;B01;1;10;0;2;4;2;1;
202300045726;155599427;B01;1;2;0;0;7;1;0;
202300045726;155599429;A01;2;10;0;2;2;15;0;
202300045727;155599424;B01;2;15;0;2;8;1;1;
202300045727;155599425;A01;1;7;0;2;7;1;0;
202300045728;155599422;B01;2;2;0;0;9;17;0;
202300045729;155599418;A01;2;7;4;0;1;1;3;
202300045730;155599420;B01;2;33;0;2;1;3;1;
202300045730;155599423;A01;2;7;0;2;4;13;1;
202300045731;155599417;B01;2;7;0;2;3;15;1;
202300045731;155599421;A01;2;50;0;2;1;17;3;
202300045732;155599416;A01;3;7;0;2;1;15;0;
202300045732;155599419;B01;1;7;8;0;1;1;0;
202300045733;155599409;B01;1;7;0;2;3;1;0;
202300045733;155599413;A01;2;33;0;2;3;1;1;
202300045734;155599411;A01;2;32;0;2;1;3;1;
202300045734;155599414;B01;2;15;0;2;6;1;1;
202300045735;155599410;A01;2;7;0;2;1;14;1;
202300045735;155599415;B01;2;14;0;0;5;0;1;
202300045736;155599408;A01;1;7;0;2;3;15;1;
202300045736;155599412;B01;2;33;0;2;1;1;1;
202300045737;155599407;A01;3;7;8;0;1;14;1;
202300045738;155599403;B01;1;10;0;0;6;0;1;
202300045738;155599406;A01;1;7;0;0;1;0;1;
202300045739;155599401;A01;2;2;13;0;1;1;1;
202300045740;155599402;B01;2;1;0;2;1;5;5;
202300045740;155599404;A01;1;7;0;2;3;9;2;
202300045741;155599400;B01;1;33;0;0;1;1;1;
202300045741;155599405;A01;3;7;0;0;8;9;1;