Num_Acc;id_vehicule;num_veh;senc;catv;obs;obsm;choc;manv;motor;occutc
202300045742;155599398;A01;1;7;13;0;2;1;1;
202300045743;155599395;C01;1;7;0;2;6;2;1;
202300045743;155599396;B01;1;7;0;2;2;2;1;
202300045743;155599399;A01;1;43;0;2;1;3;1;
202300045744;155599393;A01;-1;7;16;0;9;0;1;
202300045745;155599392;B01;1;50;0;2;6;19;3;
202300045745;155599397;A01;2;7;0;2;2;15;1;
202300045746;155599391;B01;2;15;0;2;3;13;1;
202300045746;155599394;A01;1;38;0;2;3;13;1;1.0
202300045747;155599389;A01;1;7;1;0;1;1;1;
202300045748;155599386;A01;1;1;12;0;1;16;5;
202300045749;155599387;A01;1;10;0;2;4;11;1;
202300045749;155599390;B01;1;7;0;2;4;1;1;
202300045750;155599385;B01;1;14;0;2;8;1;1;
202300045750;155599388;A01;2;7;0;2;1;13;1;
202300045751;155599382;A01;1;7;0;2;8;1;1;
202300045751;155599384;B01;1;31;0;2;3;1;1;
202300045752;155599381;A01;2;7;16;0;9;1;1;
202300045753;155599380;A01;2;33;3;0;3;1;1;
202300045754;155599379;A01;2;7;0;2;8;22;1;
202300045754;155599383;B01;2;50;1;2;2;25;3;
202300045755;155599377;A01;2;2;0;0;9;1;1;
202300045756;155599375;A01;2;7;7;2;7;0;1;
202300045756;155599378;B01;2;7;0;2;8;1;1;
202300045757;155599374;A01;2;7;0;2;1;2;1;
202300045757;155599376;B01;2;2;0;2;4;0;1;
202300045758;155599373;A01;0;7;0;1;0;15;1;
202300045759;155599370;A01;1;33;0;2;1;2;1;
202300045759;155599372;B01;1;7;0;2;4;1;1;
202300045760;155599367;A01;1;33;3;0;8;26;1;
202300045761;155599368;B01;0;10;0;2;3;1;1;
202300045761;155599369;A01;3;7;0;2;2;1;1;
202300045762;155599366;A01;0;7;0;1;3;19;1;
202300045763;155599361;A01;2;2;0;2;1;2;1;
202300045763;155599363;B01;2;10;0;2;4;11;1;
202300045764;155599360;B01;1;7;4;2;6;1;1;
202300045764;155599364;A01;1;7;0;2;2;12;1;
202300045764;155599365;C01;1;7;0;2;5;1;1;
202300045765;155599359;A01;3;7;0;2;7;15;1;
202300045765;155599362;B01;2;7;0;2;1;1;2;
202300045766;155599358;A01;3;1;0;0;0;1;5;
202300045767;155599357;A01;1;7;0;0;9;1;1;
202300045768;155599352;A01;1;7;0;2;1;26;1;
202300045768;155599355;B01;1;7;0;2;6;11;3;
202300045769;155599350;C01;2;7;0;2;5;2;1;
202300045769;155599354;A01;2;33;0;2;1;3;1;
202300045769;155599356;B01;2;7;0;2;6;12;2;
202300045770;155599351;A01;1;32;6;0;1;0;1;
202300045771;155599349;A01;1;7;0;2;8;15;1;
202300045771;155599353;B01;1;10;0;2;1;1;1;
202300045772;155599345;A01;3;50;14;0;0;1;3;
202300045773;155599347;A01;2;7;0;2;1;1;1;
202300045773;155599348;B01;2;99;0;2;4;2;1;
202300045774;155599346;A01;2;10;0;1;1;1;1;
202300045775;155599340;A01;1;2;0;0;0;1;1;
202300045776;155599338;A01;1;7;0;2;3;1;1;
202300045776;155599341;B01;1;7;0;2;4;1;1;
202300045777;155599339;A01;1;7;4;2;1;21;1;
202300045777;155599342;B01;1;10;0;2;0;11;1;
202300045778;155599337;B01;2;7;2;0;0;1;1;
202300045778;155599343;A01;2;7;2;0;0;1;1;
202300045778;155599344;C01;2;7;0;0;0;1;1;
202300045779;155599331;A01;1;7;0;1;2;1;1;
202300045780;155599330;A01;3;10;0;2;3;1;0;
202300045780;155599334;B01;3;33;0;2;2;17;0;
202300045781;155599328;A01;1;7;0;2;1;1;1;
202300045781;155599332;B01;1;10;0;2;1;1;1;
202300045781;155599335;C01;1;10;0;2;4;1;1;
202300045782;155599329;A01;1;33;0;2;3;13;1;
202300045782;155599333;B01;1;7;0;9;8;1;1;
202300045782;155599336;C01;1;10;0;2;8;1;1;
202300045783;155599325;A01;3;7;0;1;3;19;0;
202300045784;155599323;A01;1;32;0;2;7;1;1;
202300045784;155599326;B01;1;7;0;2;3;1;1;
202300045785;155599321;A01;3;7;0;2;2;15;0;
202300045785;155599327;B01;3;7;0;2;8;1;0;
202300045786;155599318;A01;2;7;0;2;1;1;1;
202300045786;155599320;B01;2;1;0;2;4;1;5;
202300045787;155599322;B01;1;33;0;2;4;23;1;
202300045787;155599324;A01;1;7;0;2;2;1;1;
202300045788;155599317;B01;2;33;0;2;8;1;1;
202300045788;155599319;A01;2;7;0;2;7;14;1;
202300045789;155599315;B01;3;1;0;2;3;1;5;
202300045789;155599316;A01;0;99;0;2;1;0;-1;
202300045790;155599313;A01;3;36;13;0;7;14;1;
202300045791;155599311;A01;1;33;0;2;1;2;1;
202300045791;155599314;B01;1;7;0;2;4;2;1;
202300045792;155599308;B01;2;7;0;2;2;12;1;
202300045792;155599310;C01;2;7;0;2;6;1;1;
202300045792;155599312;A01;2;33;0;2;1;3;1;
202300045793;155599307;A01;0;37;0;1;2;14;1;1.0
202300045794;155599305;A01;1;7;0;2;1;1;1;
202300045794;155599309;B01;2;7;0;2;1;1;1;
202300045795;155599300;A01;2;7;0;2;2;1;1;
202300045795;155599303;B01;2;7;0;2;1;1;1;
202300045796;155599298;B01;3;7;0;2;1;1;1;
202300045796;155599302;A01;1;7;8;2;1;15;1;
202300045797;155599296;C01;1;21;0;2;6;2;1;
202300045797;155599299;B01;1;7;0;2;1;2;1;
202300045797;155599301;A01;1;10;0;2;2;21;1;
202300045798;155599297;A01;3;7;0;1;1;1;0;
202300045799;155599295;A01;3;10;0;1;4;4;1;
202300045800;155599293;A01;3;33;0;1;2;21;1;
202300045801;155599292;A01;1;7;0;1;1;1;1;
202300045802;155599291;B01;3;1;0;2;4;2;5;
202300045802;155599294;A01;3;7;0;9;2;2;0;
202300045803;155599289;B01;2;7;0;0;6;2;1;
202300045803;155599290;A01;2;33;0;2;2;2;1;
202300045804;155599286;A01;1;7;13;0;2;9;0;
202300045805;155599287;A01;3;10;0;1;3;15;1;
202300045806;155599284;B01;1;7;0;2;3;1;1;
202300045806;155599288;A01;2;33;0;2;3;13;1;
202300045807;155599283;A01;1;7;0;9;3;15;1;
202300045807;155599285;B01;1;1;0;2;2;17;5;
202300045808;155599279;A01;2;7;0;2;2;1;0;
202300045808;155599282;B01;2;15;0;0;6;1;0;
202300045809;155599280;B01;3;33;0;2;2;11;1;
202300045809;155599281;A01;3;10;0;2;0;0;1;
202300045810;155599277;A01;2;7;0;1;0;21;1;
202300045811;155599276;A01;2;7;0;9;2;3;-1;
202300045811;155599278;B01;1;1;0;2;1;3;5;
202300045812;155599273;A01;0;7;0;2;3;1;1;
202300045812;155599275;B01;0;1;0;2;3;0;5;
202300045813;155599272;A01;1;7;0;1;2;1;1;
202300045814;155599270;A01;1;7;2;0;1;17;1;
202300045815;155599267;A01;1;31;0;2;7;5;1;
202300045815;155599269;B01;1;10;0;2;2;21;1;
202300045816;155599266;B01;0;32;0;2;3;15;1;
202300045816;155599268;A01;1;10;0;2;3;2;1;
202300045817;155599262;A01;0;7;0;9;7;15;1;
202300045817;155599265;B01;3;1;0;2;1;1;5;
202300045818;155599258;C01;2;7;0;9;1;1;1;
202300045818;155599260;B01;2;7;0;2;3;1;1;
202300045818;155599263;A01;2;7;0;2;2;12;1;
202300045819;155599257;B01;3;10;0;2;3;15;1;
202300045819;155599261;A01;3;43;0;2;2;15;1;
202300045820;155599255;A01;1;10;0;0;4;26;1;
202300045820;155599256;B01;1;33;0;2;1;2;3;
202300045821;155599250;A01;1;33;0;2;1;3;1;
202300045821;155599254;B01;1;7;0;2;4;1;1;
202300045822;155599252;A01;3;7;1;1;1;17;1;
202300045823;155599248;A01;1;31;0;0;1;17;1;
202300045823;155599251;B01;1;7;0;0;8;11;1;
202300045824;155599246;A01;1;7;3;2;1;2;1;
202300045824;155599247;B01;1;7;3;2;4;2;1;
202300045825;155599245;A01;3;33;0;1;1;3;1;
202300045826;155599243;A01;1;7;0;1;1;0;1;
202300045827;155599240;A01;2;32;0;2;1;2;1;
202300045827;155599242;B01;2;7;0;2;5;2;1;
202300045828;155599239;B01;2;7;0;2;7;1;1;
202300045828;155599241;A01;0;7;0;2;4;26;0;
202300045829;155599232;A01;1;7;4;2;2;5;1;
202300045829;155599236;B01;2;7;0;2;2;1;1;
202300045830;155599234;B01;1;7;0;2;1;1;1;
202300045830;155599237;A01;1;10;0;2;2;19;1;
202300045831;155599231;C01;2;7;0;2;4;1;1;
202300045831;155599235;A01;2;0;0;2;1;0;0;
202300045831;155599238;B01;2;33;0;2;1;3;1;
202300045832;155599230;A01;2;1;0;2;1;19;5;
202300045832;155599233;B01;1;7;0;9;6;1;0;
202300045833;155599227;A01;1;7;0;2;7;12;1;
202300045833;155599228;B01;1;32;0;2;8;1;1;
202300045834;155599225;A01;2;2;0;0;8;0;1;
202300045834;155599229;B01;2;33;0;2;1;1;1;
202300045835;155599223;B01;1;7;0;2;2;2;1;
202300045835;155599226;A01;1;7;3;2;8;19;1;
202300045836;155599222;A01;1;33;0;2;1;1;1;
202300045836;155599224;B01;2;7;0;2;7;15;0;
202300045837;155599220;A01;1;10;0;2;8;11;1;
202300045837;155599221;B01;1;33;0;2;7;3;1;
202300045838;155599215;A01;0;7;0;2;1;0;1;
202300045838;155599218;B01;0;99;0;2;8;1;3;
202300045839;155599216;A01;1;7;0;2;7;15;1;
202300045839;155599219;B01;2;33;0;2;1;1;1;
202300045840;155599214;B01;1;7;0;0;4;2;0;
202300045840;155599217;A01;1;7;0;2;1;2;0;
202300045841;155599212;A01;1;7;0;2;1;1;1;
202300045841;155599213;B01;1;7;0;2;4;2;1;
202300045842;155599209;A01;3;7;0;1;1;15;1;
202300045843;155599207;A01;1;7;0;2;3;10;1;
202300045843;155599211;B01;2;33;0;2;1;1;1;
202300045844;155599205;B01;1;1;0;2;1;1;5;
202300045844;155599210;A01;2;7;0;2;7;15;1;
202300045845;155599204;A01;2;7;0;2;1;11;1;
202300045845;155599206;C01;2;7;0;2;4;1;1;
202300045845;155599208;B01;2;7;0;2;4;1;1;
202300045846;155599200;A01;1;7;0;2;3;13;1;
202300045846;155599202;B01;2;7;0;2;3;1;1;
202300045847;155599198;Z01;1;10;0;1;1;17;0;
202300045848;155599199;A01;1;33;0;2;1;16;1;
202300045848;155599203;B01;2;33;0;2;1;15;1;
202300045849;155599197;A01;2;31;0;2;3;2;0;
202300045849;155599201;B01;2;7;0;2;2;12;0;
202300045850;155599196;A01;2;7;6;0;1;1;1;
202300045851;155599192;A01;1;10;0;2;1;1;1;
202300045851;155599195;B01;1;7;0;2;4;2;1;
202300045852;155599193;A01;1;15;1;1;2;1;1;
202300045853;155599189;A01;2;7;0;1;2;17;1;
202300045854;155599188;A01;2;7;0;2;5;1;1;
202300045854;155599190;B01;2;80;0;2;7;2;3;
202300045855;155599191;A01;1;7;0;2;1;13;1;
202300045855;155599194;B01;2;7;5;2;1;1;1;
202300045856;155599186;A01;1;2;0;2;1;1;1;
202300045856;155599187;B01;1;7;0;2;2;1;1;
202300045857;155599185;A01;3;7;16;0;1;26;0;
202300045858;155599183;A01;1;7;0;2;1;2;1;
202300045858;155599184;B01;1;7;0;0;4;2;1;
202300045859;155599180;A01;3;7;0;1;1;14;1;
202300045860;155599179;A01;1;31;0;2;1;19;1;
202300045860;155599181;B01;1;7;0;0;4;0;1;
202300045861;155599178;A01;1;7;0;9;1;15;1;
202300045861;155599182;B01;1;33;0;2;7;1;0;
202300045862;155599176;A01;1;10;0;1;3;14;1;
202300045863;155599174;B01;3;1;0;2;0;0;5;
202300045863;155599177;A01;2;7;0;2;1;17;1;
202300045864;155599173;B01;2;30;0;0;4;1;1;
202300045864;155599175;A01;2;7;0;2;1;2;2;
202300045865;155599171;A01;2;7;15;0;1;1;1;
202300045866;155599168;A01;2;7;0;2;1;26;1;
202300045866;155599170;B01;1;7;0;2;1;1;1;
202300045867;155599167;B01;1;33;0;2;3;1;1;
202300045867;155599169;A01;1;7;0;2;2;0;1;
202300045868;155599165;A01;2;7;0;0;1;21;1;
202300045869;155599164;A01;3;7;0;2;1;26;1;
202300045869;155599166;B01;3;7;0;2;2;1;1;
202300045870;155599163;A01;2;50;0;1;4;0;3;
202300045871;155599158;A01;2;7;0;2;7;16;1;
202300045871;155599161;B01;2;80;0;2;1;1;3;
202300045872;155599157;A01;2;7;0;1;1;1;2;
202300045873;155599156;B01;3;7;0;2;8;19;1;
202300045873;155599159;A01;3;38;0;2;2;19;1;26.0
202300045874;155599151;A01;2;7;0;2;1;1;1;
202300045874;155599154;B01;2;7;0;2;8;1;1;
202300045875;155599150;A01;1;7;0;2;4;2;1;
202300045875;155599153;Z01;1;7;0;2;1;2;1;
202300045876;155599149;A01;2;33;1;2;1;1;1;
202300045876;155599152;B01;3;7;0;2;8;9;1;
202300045877;155599148;A01;1;7;6;1;1;16;1;
202300045878;155599147;A01;1;15;3;0;2;14;1;
202300045879;155599145;A01;2;30;0;2;1;17;1;
202300045879;155599146;B01;2;7;0;2;8;15;1;
202300045880;155599142;A01;1;30;0;2;1;17;1;
202300045880;155599144;B01;1;7;0;2;3;15;0;
202300045881;155599140;A01;2;7;0;0;0;1;1;
202300045882;155599141;A01;2;33;0;2;1;17;1;
202300045882;155599143;B01;2;7;0;2;8;15;3;
202300045883;155599138;A01;1;7;0;2;3;22;1;
202300045883;155599139;B01;1;1;1;0;1;1;5;
202300045884;155599136;B01;1;1;0;2;1;11;0;
202300045884;155599137;A01;1;7;0;2;3;26;1;
202300045885;155599134;A01;1;7;2;0;7;1;1;
202300045886;155599133;A01;1;10;0;2;7;16;1;
202300045886;155599135;B01;2;80;0;2;3;1;3;
202300045887;155599132;A01;1;30;16;0;7;1;1;
202300045888;155599128;A01;2;7;0;1;3;1;1;
202300045889;155599129;A01;0;7;0;2;1;16;1;
202300045889;155599131;B01;0;1;0;2;7;1;5;
202300045890;155599127;A01;2;7;0;2;1;2;1;
202300045890;155599130;B01;2;17;0;2;4;2;1;
202300045891;155599125;B01;1;7;0;2;4;1;1;
202300045891;155599126;A01;1;7;0;2;1;2;1;
202300045892;155599122;A01;3;7;0;9;1;1;1;
202300045892;155599124;B01;3;50;0;2;7;19;3;
202300045893;155599121;A01;2;7;0;1;8;1;1;
202300045894;155599120;A01;1;7;0;2;1;26;1;
202300045894;155599123;B01;1;7;0;2;4;2;1;
202300045895;155599117;A01;0;3;0;1;1;1;1;
202300045896;155599116;A01;1;7;0;1;3;2;1;
202300045897;155599115;B01;2;7;0;0;4;23;1;
202300045897;155599118;A01;2;7;0;2;2;1;1;
202300045898;155599113;B01;3;7;0;2;2;16;1;
202300045898;155599114;A01;3;33;0;2;3;18;1;
202300045899;155599112;A01;1;50;1;0;1;1;3;
202300045900;155599111;A01;1;7;5;9;1;14;1;
202300045901;155599109;B01;3;1;0;0;0;19;5;
202300045901;155599110;A01;1;7;0;9;1;0;1;
202300045902;155599105;B01;3;1;0;2;7;0;5;
202300045902;155599108;A01;3;7;0;2;3;1;1;
202300045903;155599104;A01;1;7;0;2;2;16;1;
202300045903;155599107;B01;1;1;0;2;3;1;5;
202300045904;155599103;A01;1;7;1;0;7;14;1;
202300045905;155599102;A01;1;7;0;2;1;1;1;
202300045905;155599106;B01;2;7;0;2;7;13;1;
202300045906;155599101;A01;1;7;0;1;2;18;1;
202300045907;155599099;A01;1;7;13;0;1;1;1;
202300045908;155599097;B01;2;15;0;2;0;1;1;
202300045908;155599100;A01;2;7;0;2;0;1;1;
202300045909;155599094;B01;1;7;0;2;4;2;1;
202300045909;155599096;A01;1;7;0;2;1;2;1;
202300045909;155599098;C01;1;7;0;2;1;2;1;
202300045910;155599093;B01;2;7;3;2;3;1;1;
202300045910;155599095;A01;2;10;3;2;3;0;1;
202300045911;155599092;A01;1;7;8;0;1;1;1;
202300045912;155599091;A01;2;7;13;0;1;12;1;
202300045913;155599090;A01;1;7;13;0;1;1;1;
202300045914;155599089;A01;1;7;0;1;3;15;1;
202300045915;155599087;A01;1;7;0;1;1;1;1;
202300045916;155599083;A01;1;7;0;2;3;13;2;
202300045916;155599086;B01;1;7;0;2;3;1;1;
202300045917;155599085;B01;2;2;0;2;1;1;1;
202300045917;155599088;A01;1;10;0;2;3;19;1;
202300045918;155599084;A01;2;31;0;0;0;1;3;
202300045919;155599079;B01;3;1;0;2;0;26;5;
202300045919;155599082;A01;3;10;0;2;0;0;1;
202300045920;155599081;Z01;0;0;0;1;2;16;0;
202300045921;155599077;A01;2;10;0;2;7;19;1;
202300045921;155599080;B01;1;7;0;2;1;1;1;
202300045922;155599076;B01;2;80;0;2;1;1;3;
202300045922;155599078;A01;2;50;0;2;1;5;3;
202300045923;155599073;A01;1;7;0;2;8;13;1;
202300045923;155599075;B01;1;30;0;2;1;2;1;
202300045924;155599072;A01;3;7;0;2;3;1;1;
202300045924;155599074;B01;2;50;0;2;0;0;3;
202300045925;155599071;A01;2;7;8;0;2;14;1;
202300045926;155599068;A01;2;7;0;1;1;1;1;
202300045927;155599067;A01;1;7;0;2;1;23;1;
202300045927;155599069;B01;1;7;0;2;4;23;1;
202300045927;155599070;C01;1;7;0;2;4;23;1;
202300045928;155599065;A01;3;7;0;1;1;11;1;
202300045929;155599064;A01;2;7;0;2;3;15;1;
202300045929;155599066;B01;1;7;0;2;1;1;1;
202300045930;155599063;A01;3;7;6;0;1;26;1;
202300045931;155599060;A01;0;38;0;0;5;26;1;1.0
202300045931;155599062;B01;0;38;0;0;8;26;1;2.0
202300045932;155599057;A01;1;10;0;9;1;15;1;
202300045932;155599061;B01;1;1;0;2;1;1;5;
202300045933;155599056;A01;0;7;0;2;3;15;1;
202300045933;155599059;B01;0;2;0;2;3;1;1;
202300045934;155599055;A01;1;7;0;1;1;1;0;
202300045934;155599058;B01;1;7;0;2;3;1;0;
202300045935;155599053;A01;1;7;4;0;3;1;1;
202300045936;155599052;A01;2;7;0;2;2;9;1;
202300045936;155599054;B01;1;33;0;2;8;15;1;
202300045937;155599048;B01;3;43;0;2;1;1;1;
202300045937;155599051;A01;3;7;0;2;3;10;1;
202300045938;155599046;A01;2;7;0;2;1;1;1;
202300045938;155599049;B01;2;7;0;2;4;1;1;
202300045939;155599045;A01;1;7;0;2;7;1;1;
202300045939;155599047;B01;1;1;0;2;8;15;5;
202300045940;155599042;A01;2;7;0;2;1;15;1;
202300045940;155599044;B01;2;32;0;2;3;1;0;
202300045941;155599040;A01;1;7;0;1;2;1;1;
202300045942;155599039;A01;2;7;0;2;3;13;1;
202300045942;155599041;B01;1;7;0;2;3;1;1;
202300045943;155599038;A01;1;1;0;2;1;1;5;
202300045943;155599043;B01;2;7;0;2;1;9;1;
202300045944;155599034;A01;0;7;0;2;1;2;1;
202300045944;155599037;B01;0;7;0;9;4;23;1;
202300045945;155599032;A01;2;7;0;2;3;15;1;
202300045945;155599036;B01;1;33;0;2;1;1;1;
202300045946;155599033;A01;1;7;0;1;2;1;1;
202300045947;155599031;B01;3;1;0;2;7;1;5;
202300045947;155599035;A01;3;7;0;2;1;9;1;
202300045948;155599027;A01;2;7;12;2;3;13;1;
202300045948;155599030;B01;1;7;0;2;1;1;1;
202300045949;155599025;A01;1;1;0;2;1;5;5;
202300045949;155599029;B01;1;7;8;2;7;1;1;
202300045950;155599024;A01;1;7;0;2;1;11;1;
202300045950;155599028;B01;2;15;0;2;1;1;1;
202300045951;155599022;A01;2;7;6;0;1;13;1;
202300045952;155599021;B01;1;7;0;2;1;2;1;
202300045952;155599023;C01;3;7;0;2;8;1;1;
202300045952;155599026;A01;3;7;0;2;1;9;1;
202300045953;155599020;A01;1;7;0;1;1;1;1;
202300045954;155599017;A01;1;7;1;1;3;13;1;
202300045955;155599016;A01;3;7;0;2;1;9;1;
202300045955;155599018;B01;3;80;0;2;4;1;3;
202300045956;155599015;A01;2;7;0;2;8;15;1;
202300045956;155599019;B01;1;2;0;2;1;1;1;
202300045957;155599013;A01;3;10;0;2;5;1;1;
202300045957;155599014;B01;3;1;0;2;3;19;5;
202300045958;155599010;A01;1;33;0;2;5;21;1;
202300045958;155599012;B01;1;7;0;0;5;9;1;
202300045959;155599008;B01;3;50;0;2;7;19;3;
202300045959;155599011;A01;3;7;0;2;1;1;1;
202300045960;155599006;B01;3;10;0;2;2;1;1;
202300045960;155599009;A01;3;2;0;2;3;9;1;
202300045961;155599005;B01;3;7;7;2;1;1;1;
202300045961;155599007;A01;3;7;7;2;7;1;1;
202300045962;155599004;A01;1;34;0;0;8;1;1;
202300045963;155598999;B01;1;50;0;2;8;1;3;
202300045963;155599001;Z01;1;7;0;2;0;16;1;
202300045964;155598997;A01;1;30;1;0;1;13;1;
202300045965;155598998;C01;2;7;0;2;8;26;1;
202300045965;155599000;A01;1;7;0;2;1;15;1;
202300045965;155599003;B01;2;34;0;2;3;0;1;
202300045966;155598993;B01;2;7;0;2;6;1;1;
202300045966;155598995;A01;2;33;0;2;2;17;1;
202300045967;155598992;A01;1;1;0;2;1;15;5;
202300045967;155598996;B01;1;1;0;2;1;1;5;
202300045968;155598990;A01;1;7;0;2;3;15;1;
202300045968;155598991;B01;1;33;0;2;1;1;1;
202300045969;155598989;A01;3;7;0;2;6;11;1;
202300045969;155598994;B01;3;33;0;2;2;1;1;
202300045970;155598987;A01;1;7;0;9;2;26;1;
202300045970;155598988;B01;3;1;0;2;8;1;5;
202300045971;155598984;A01;3;33;0;2;1;3;1;
202300045971;155598985;B01;3;7;0;0;0;0;0;
202300045972;155598983;A01;2;7;13;0;3;13;1;
202300045973;155598981;A01;1;30;0;2;4;16;1;
202300045973;155598982;Z01;1;7;0;2;2;1;1;
202300045974;155598978;A01;2;7;15;1;3;1;1;
202300045975;155598980;A01;3;7;16;0;0;14;1;
202300045976;155598977;B01;2;1;0;2;1;1;5;
202300045976;155598979;A01;1;7;0;2;2;1;1;
202300045977;155598975;A01;1;7;0;2;4;1;0;
202300045977;155598976;B01;1;7;0;2;1;1;0;
202300045978;155598973;A01;1;7;0;1;2;1;1;
202300045979;155598970;A01;3;7;0;2;4;4;1;
202300045979;155598972;B01;3;7;0;2;7;1;1;
202300045980;155598971;A01;2;33;0;2;1;16;1;
202300045980;155598974;B01;1;1;0;2;1;19;5;
202300045981;155598968;A01;3;7;0;2;3;15;1;
202300045981;155598969;B01;3;32;0;2;2;17;1;
202300045982;155598963;A01;1;7;15;1;1;26;3;
202300045983;155598964;A01;2;7;0;2;3;13;0;
202300045983;155598966;B01;1;7;0;2;2;1;0;
202300045984;155598965;A01;3;7;0;2;8;9;1;
202300045984;155598967;B01;3;1;0;2;7;1;5;
202300045985;155598962;A01;0;7;0;1;1;1;1;
202300045986;155598960;A01;1;7;0;1;4;4;0;
202300045987;155598958;B01;2;50;0;2;1;5;3;
202300045987;155598961;A01;1;7;0;2;1;16;1;
202300045988;155598954;C01;2;7;0;2;4;15;1;
202300045988;155598956;A01;2;7;0;2;1;1;1;
202300045988;155598959;B01;2;7;0;2;9;1;1;
202300045989;155598950;A01;3;7;0;2;1;2;1;
202300045989;155598952;B01;3;7;0;2;4;23;1;
202300045990;155598951;A01;1;33;0;2;2;15;1;
202300045990;155598955;B01;1;7;0;2;3;15;1;
202300045990;155598957;C01;2;7;0;2;1;23;1;
202300045991;155598949;B01;1;33;0;2;1;1;0;
202300045991;155598953;A01;1;7;0;2;5;12;0;
202300045992;155598946;A01;3;7;0;1;2;1;1;
202300045993;155598947;A01;1;34;1;0;1;1;1;
202300045994;155598945;B01;3;2;0;2;8;1;1;
202300045994;155598948;A01;2;7;0;2;8;1;1;
202300045995;155598944;A01;1;7;0;1;2;2;1;
202300045996;155598943;A01;1;15;2;0;2;14;1;
202300045997;155598942;A01;1;7;0;1;1;1;1;
202300045998;155598939;B01;2;7;0;2;2;1;1;
202300045998;155598941;A01;2;7;0;2;1;9;1;
202300045999;155598938;A01;2;7;13;6;1;21;1;
202300045999;155598940;B01;2;7;0;6;1;21;1;
202300046000;155598936;A01;3;0;0;1;0;0;0;
202300046001;155598935;B01;1;7;0;2;4;2;1;
202300046001;155598937;A01;1;30;0;2;1;2;1;
202300046002;155598933;A01;3;7;4;0;1;1;1;
202300046003;155598931;A01;1;10;0;2;0;5;6;
202300046003;155598934;B01;2;14;0;2;1;1;6;
202300046004;155598930;A01;2;7;0;1;5;2;1;
202300046005;155598929;B01;2;1;0;2;1;25;5;
202300046005;155598932;A01;2;7;16;0;6;15;1;
202300046006;155598927;A01;0;7;2;0;1;1;0;
202300046007;155598925;A01;2;30;0;2;1;1;3;
202300046007;155598928;B01;1;7;0;2;1;23;2;
202300046008;155598924;A01;1;34;0;2;2;17;1;
202300046008;155598926;B01;1;7;0;2;3;15;0;
202300046009;155598919;A01;1;7;13;0;3;1;1;
202300046010;155598918;A01;0;1;0;0;4;0;5;
202300046010;155598921;B01;0;7;0;2;1;0;1;
202300046011;155598915;D01;3;7;0;2;1;1;1;
202300046011;155598916;E01;3;7;0;2;6;1;1;
202300046011;155598920;A01;3;7;0;2;1;5;1;
202300046011;155598922;B01;3;7;0;2;6;1;1;
202300046011;155598923;C01;3;10;0;2;3;1;1;
202300046012;155598912;A01;2;7;0;1;3;1;1;
202300046013;155598911;B01;3;7;0;2;3;1;1;
202300046013;155598913;A01;3;2;0;2;8;0;1;
202300046014;155598910;B01;3;34;0;2;1;3;1;
202300046014;155598914;A01;3;7;0;2;2;9;1;
202300046015;155598908;B01;2;10;0;2;4;15;1;
202300046015;155598909;A01;2;7;0;2;1;2;1;
202300046016;155598906;A01;1;7;0;1;1;9;1;
202300046017;155598904;B01;1;7;0;2;4;23;1;
202300046017;155598907;A01;1;30;0;2;1;21;1;
202300046018;155598903;A01;1;7;0;2;1;1;1;
202300046018;155598905;B01;2;13;0;2;3;23;1;
202300046019;155598899;A01;2;7;6;0;2;15;1;
202300046020;155598900;A01;1;7;0;1;2;0;1;
202300046021;155598901;A01;3;7;0;2;3;9;1;
202300046021;155598902;B01;0;31;0;0;0;0;1;
202300046022;155598897;B01;1;7;0;2;6;13;1;
202300046022;155598898;A01;2;10;0;2;3;1;1;
202300046023;155598893;A01;3;33;0;2;1;2;1;
202300046023;155598896;B01;3;7;0;2;4;2;1;
202300046024;155598890;B01;3;37;1;0;4;23;1;1.0
202300046024;155598894;A01;3;7;0;2;1;2;1;
202300046025;155598889;B01;1;7;0;2;1;13;1;
202300046025;155598892;A01;2;17;0;0;3;1;1;
202300046025;155598895;C01;2;7;16;0;1;1;1;
202300046026;155598891;A01;1;2;0;0;8;1;1;
202300046027;155598887;A01;3;7;0;9;8;22;1;
202300046027;155598888;B01;3;1;1;0;1;2;5;
202300046028;155598886;A01;2;7;2;0;3;14;1;
202300046029;155598884;A01;1;7;0;1;1;1;1;
202300046030;155598881;A01;1;7;8;0;2;1;1;
202300046031;155598880;B01;2;31;0;2;4;1;1;
202300046031;155598882;A01;2;7;0;2;1;1;4;
202300046032;155598879;A01;1;10;0;1;1;26;0;
202300046033;155598875;B01;2;10;0;2;2;13;1;
202300046033;155598877;A01;2;33;0;2;3;11;1;
202300046034;155598874;A01;2;7;0;2;1;1;1;
202300046034;155598878;B01;2;7;0;2;4;1;1;
202300046035;155598873;A01;1;1;0;2;2;17;5;
202300046035;155598876;B01;1;1;0;2;6;2;5;
202300046036;155598868;A01;2;7;0;2;8;15;1;
202300046036;155598872;B01;2;2;0;2;2;0;1;
202300046037;155598871;A01;3;7;0;9;3;0;1;
202300046038;155598867;B01;1;1;0;2;4;1;5;
202300046038;155598870;A01;1;7;0;2;2;1;1;
202300046039;155598866;A01;1;1;1;0;1;1;5;
202300046039;155598869;Z01;1;10;0;2;1;22;1;
202300046040;155598864;A01;3;7;0;0;0;24;1;