Num_Acc;id_vehicule;num_veh;senc;catv;obs;obsm;choc;manv;motor;occutc
202300046041;155598863;B01;1;50;0;2;4;1;3;
202300046041;155598865;A01;1;7;0;2;2;1;1;
202300046042;155598861;A01;2;36;13;0;1;1;1;
202300046043;155598859;A01;2;7;0;1;2;2;1;
202300046044;155598860;B01;1;37;0;2;3;1;1;2.0
202300046044;155598862;A01;1;7;0;2;0;17;1;
202300046045;155598857;A01;3;36;12;0;0;1;1;
202300046046;155598856;A01;1;7;0;2;3;2;1;
202300046046;155598858;B01;1;7;0;2;5;1;1;
202300046047;155598853;A01;0;10;1;0;2;1;1;
202300046047;155598855;B01;0;7;0;2;4;24;1;
202300046048;155598852;B01;2;50;0;2;1;1;3;
202300046048;155598854;A01;2;7;0;2;3;15;1;
202300046049;155598849;A01;1;31;0;2;7;26;1;
202300046049;155598850;B01;1;7;0;2;3;12;1;
202300046050;155598848;A01;1;7;1;0;2;1;1;
202300046051;155598846;A01;3;7;6;0;2;1;1;
202300046052;155598842;A01;3;1;0;2;1;13;5;
202300046052;155598844;B01;3;60;0;2;1;1;5;
202300046053;155598845;A01;2;7;4;0;3;1;1;
202300046054;155598843;B01;1;7;0;2;8;14;1;
202300046054;155598847;A01;1;7;0;2;1;15;1;
202300046055;155598838;A01;2;14;0;2;2;1;1;
202300046055;155598839;B01;2;1;0;2;3;18;5;
202300046056;155598837;A01;2;7;6;0;1;26;1;
202300046057;155598836;B01;2;7;0;0;5;23;2;
202300046057;155598840;A01;2;7;1;1;1;1;2;
202300046057;155598841;C01;2;7;0;6;1;1;1;
202300046058;155598833;B01;2;33;0;2;0;0;1;
202300046058;155598835;A01;1;32;0;2;1;3;1;
202300046059;155598829;A01;1;30;0;2;0;5;1;
202300046059;155598834;B01;2;30;0;2;0;21;1;
202300046060;155598830;A01;2;33;0;2;1;3;0;
202300046060;155598832;B01;2;10;0;2;6;11;0;
202300046061;155598828;A01;2;7;6;2;3;5;1;
202300046061;155598831;B01;1;7;0;2;6;14;1;
202300046062;155598824;A01;2;1;0;5;1;1;5;
202300046063;155598826;B01;1;7;0;2;4;1;1;
202300046063;155598827;A01;1;13;0;2;1;2;1;
202300046064;155598822;A01;1;7;0;2;2;15;6;
202300046064;155598823;B01;1;37;0;2;3;15;1;1.0
202300046065;155598818;B01;1;7;0;2;4;23;1;
202300046065;155598820;C01;1;7;0;2;4;23;1;
202300046065;155598821;A01;1;7;0;2;1;2;1;
202300046065;155598825;D01;1;7;0;2;4;23;1;
202300046066;155598816;A01;2;7;2;0;1;14;1;
202300046067;155598815;B01;3;31;0;2;7;1;1;
202300046067;155598819;A01;3;7;0;2;3;9;1;
202300046068;155598814;B01;1;7;0;2;3;1;1;
202300046068;155598817;A01;1;2;0;2;6;15;1;
202300046069;155598812;B01;1;7;0;2;1;1;4;
202300046069;155598813;A01;1;33;0;2;1;3;1;
202300046070;155598811;A01;1;7;0;1;2;1;1;
202300046071;155598808;B01;0;1;0;2;8;9;5;
202300046071;155598809;A01;1;7;0;9;7;1;1;
202300046072;155598805;A01;3;30;0;1;1;1;1;
202300046073;155598807;A01;1;7;0;2;1;1;1;
202300046073;155598810;B01;1;7;0;2;4;23;1;
202300046074;155598804;B01;2;7;0;2;4;0;1;
202300046074;155598806;A01;2;33;0;2;1;0;1;
202300046075;155598802;A01;0;1;0;2;1;1;5;
202300046075;155598803;B01;0;7;0;2;2;1;1;
202300046076;155598801;A01;1;33;2;0;1;14;1;
202300046077;155598799;A01;3;7;1;1;1;0;1;
202300046078;155598798;A01;2;33;0;2;8;3;1;
202300046078;155598800;B01;2;7;0;2;7;12;1;
202300046079;155598795;A01;3;10;0;2;8;22;1;
202300046079;155598797;B01;3;1;0;2;1;7;5;
202300046080;155598794;A01;1;7;0;1;1;1;1;
202300046081;155598793;B01;3;30;0;2;1;1;1;
202300046081;155598796;A01;0;7;0;2;1;1;1;
202300046082;155598791;A01;1;15;0;2;5;17;1;
202300046082;155598792;B01;1;7;0;2;3;1;1;
202300046083;155598790;A01;3;7;0;1;2;16;1;
202300046084;155598782;B01;2;13;0;2;1;1;1;
202300046084;155598784;C01;2;14;0;2;1;1;1;
202300046084;155598786;A01;2;13;0;2;4;1;1;
202300046085;155598781;B01;2;10;0;2;1;2;1;
202300046085;155598783;A01;2;7;16;0;4;23;1;
202300046086;155598779;B01;2;7;0;2;6;19;2;
202300046086;155598785;A01;2;7;0;2;1;19;1;
202300046087;155598780;B01;1;7;0;2;2;1;0;
202300046087;155598787;A01;0;7;0;2;1;0;0;
202300046088;155598778;A01;1;7;0;1;8;1;1;
202300046089;155598776;A01;1;38;6;0;1;20;1;1.0
202300046090;155598774;A01;0;50;0;2;2;26;3;
202300046090;155598777;B01;3;7;0;2;1;26;0;
202300046091;155598772;A01;1;7;5;0;1;14;1;
202300046092;155598771;A01;2;7;0;2;2;1;1;
202300046092;155598775;B01;1;7;0;2;3;1;1;
202300046093;155598770;A01;1;7;0;2;3;9;1;
202300046093;155598773;B01;2;7;0;2;1;1;1;
202300046094;155598765;A01;1;33;0;2;1;1;1;
202300046094;155598768;B01;1;7;0;2;4;16;1;
202300046095;155598764;A01;0;7;0;0;1;16;1;
202300046095;155598769;B01;0;7;0;2;8;1;1;
202300046096;155598763;A01;1;10;0;9;7;16;1;
202300046096;155598766;B01;1;99;0;2;1;1;3;
202300046097;155598762;B01;2;7;0;2;6;2;1;
202300046097;155598767;A01;2;33;0;2;1;2;1;
202300046098;155598758;A01;3;7;0;0;3;15;3;
202300046098;155598761;B01;3;7;0;0;1;15;1;
202300046099;155598757;A01;0;2;0;2;1;2;1;
202300046099;155598760;B01;0;7;0;0;0;0;1;
202300046100;155598756;A01;1;7;0;0;8;10;1;
202300046100;155598759;B01;1;33;0;2;1;17;1;
202300046101;155598755;A01;1;37;0;1;0;7;2;3.0
202300046102;155598752;A01;3;7;0;2;1;17;1;
202300046102;155598754;B01;3;7;0;2;1;1;1;
202300046103;155598749;B01;3;7;0;2;1;1;1;
202300046103;155598751;A01;3;7;0;2;3;0;1;
202300046104;155598745;D01;2;10;0;0;3;2;1;
202300046104;155598748;A01;2;33;0;0;0;0;1;
202300046104;155598750;B01;2;10;0;2;2;21;1;
202300046104;155598753;C01;2;7;0;0;5;2;1;
202300046105;155598744;B01;1;33;0;2;7;1;1;
202300046105;155598747;A01;1;7;0;2;3;10;2;
202300046106;155598743;B01;1;7;0;2;7;19;1;
202300046106;155598746;A01;2;10;0;2;1;1;0;
202300046107;155598738;A01;1;7;0;0;-1;1;1;
202300046107;155598741;B01;1;30;11;0;1;17;1;
202300046108;155598737;A01;2;10;0;2;1;15;1;
202300046108;155598740;B01;1;7;0;2;1;1;1;
202300046109;155598732;A01;1;14;0;0;0;1;1;
202300046109;155598734;B01;2;10;0;9;3;1;1;
202300046110;155598730;A01;2;10;0;2;2;1;1;
202300046110;155598735;B01;2;34;0;2;1;1;3;
202300046111;155598729;A01;1;7;0;2;3;13;1;
202300046111;155598731;B01;2;33;0;2;1;1;1;
202300046112;155598728;A01;2;10;1;2;7;17;1;
202300046112;155598733;C01;2;80;1;2;8;3;3;
202300046112;155598736;B01;2;7;0;2;0;23;1;
202300046113;155598727;A01;2;7;11;1;2;2;1;
202300046114;155598725;A01;1;21;2;0;0;0;1;
202300046115;155598724;A01;2;14;8;1;1;10;1;
202300046116;155598722;A01;1;7;2;0;1;13;1;
202300046117;155598723;B01;2;50;0;2;1;25;3;
202300046117;155598726;A01;1;1;0;2;1;25;5;
202300046118;155598721;A01;1;7;0;0;3;2;1;
202300046119;155598719;B01;2;1;0;2;6;2;5;
202300046119;155598720;A01;2;7;0;2;2;2;1;
202300046120;155598714;A01;1;2;0;1;0;17;1;
202300046121;155598716;A01;1;7;0;2;1;1;1;
202300046121;155598718;B01;1;2;0;2;7;1;1;
202300046122;155598712;A01;1;7;1;0;9;2;2;
202300046123;155598711;A01;2;7;3;0;3;0;1;
202300046124;155598709;A01;1;1;0;1;1;1;5;
202300046125;155598706;B01;1;7;0;2;1;1;0;
202300046125;155598708;C01;1;7;0;0;8;1;0;
202300046125;155598710;A01;2;33;0;2;8;13;6;
202300046126;155598705;A01;1;7;0;0;3;26;1;
202300046127;155598704;A01;3;7;0;2;1;1;1;
202300046127;155598707;B01;3;1;0;2;1;19;5;
202300046128;155598702;A01;2;7;15;0;3;1;1;
202300046129;155598703;A01;1;7;0;1;7;2;1;
202300046130;155598701;A01;2;7;0;1;1;15;1;
202300046131;155598698;A01;2;33;0;2;1;5;1;
202300046131;155598700;B01;1;10;0;2;1;1;1;
202300046132;155598694;B01;1;7;0;0;0;1;1;
202300046132;155598699;A01;1;7;0;2;1;19;1;
202300046133;155598696;B01;2;10;0;2;2;12;1;
202300046133;155598697;A01;2;32;0;2;2;1;1;
202300046134;155598693;B01;0;0;0;0;0;0;0;
202300046134;155598695;A01;3;30;0;2;0;0;1;
202300046135;155598690;A01;1;7;0;1;1;2;1;
202300046136;155598689;A01;1;7;1;1;3;13;1;
202300046137;155598688;A01;2;7;0;2;3;17;1;
202300046137;155598692;B01;1;7;0;2;3;1;1;
202300046138;155598687;B01;2;31;0;2;2;1;1;
202300046138;155598691;A01;2;30;0;2;3;16;1;
202300046139;155598686;A01;1;33;0;6;1;1;1;
202300046140;155598683;A01;1;10;0;2;1;16;1;
202300046140;155598684;B01;1;10;0;2;4;16;1;
202300046141;155598681;A01;1;7;0;0;6;1;2;
202300046141;155598685;B01;1;33;0;0;1;1;1;
202300046142;155598677;A01;3;30;0;0;1;0;1;
202300046143;155598678;A01;1;7;0;0;5;2;1;
202300046143;155598680;B01;1;30;0;2;1;2;1;
202300046144;155598679;A01;1;32;0;2;1;1;1;
202300046144;155598682;B01;2;7;0;2;2;2;1;
202300046145;155598675;A01;2;7;0;2;9;11;1;
202300046145;155598676;B01;2;7;0;2;1;1;1;
202300046146;155598673;A01;2;7;6;0;8;14;1;
202300046147;155598672;A01;1;7;1;2;2;14;1;
202300046147;155598674;C01;2;2;0;2;1;26;1;
202300046148;155598670;A01;2;17;1;1;2;21;1;
202300046149;155598669;A01;1;43;0;2;3;18;1;
202300046149;155598671;B01;1;7;0;2;2;16;3;
202300046150;155598666;A01;3;33;0;0;8;1;1;
202300046151;155598665;A01;-1;34;0;2;1;13;-1;
202300046151;155598668;B01;-1;7;0;2;1;1;-1;
202300046152;155598664;A01;2;33;0;2;1;1;1;
202300046152;155598667;B01;2;7;0;2;4;1;1;
202300046153;155598663;A01;2;50;0;0;0;1;3;
202300046154;155598657;A01;1;7;3;2;1;2;1;
202300046154;155598660;B01;1;7;0;2;4;2;1;
202300046155;155598658;A01;1;33;15;0;1;0;1;
202300046156;155598659;B01;1;7;0;2;2;16;1;
202300046156;155598661;A01;3;1;0;2;1;10;5;
202300046157;155598655;A01;2;10;0;2;5;14;1;
202300046157;155598656;B01;2;33;0;2;3;1;1;
202300046158;155598652;A01;1;7;2;0;1;1;1;
202300046159;155598651;B01;1;50;0;2;1;1;3;
202300046159;155598654;A01;1;7;0;2;7;15;1;
202300046160;155598649;A01;2;7;0;2;8;17;1;
202300046160;155598650;B01;2;32;0;2;3;1;1;
202300046160;155598653;C01;2;7;0;2;5;1;1;
202300046161;155598648;A01;1;2;8;0;2;1;1;
202300046162;155598647;A01;1;1;0;1;1;1;5;
202300046163;155598646;A01;1;7;0;1;2;15;1;
202300046164;155598640;A01;3;34;0;2;1;2;1;
202300046164;155598643;B01;3;7;0;2;6;2;2;
202300046165;155598641;A01;1;2;0;0;0;2;1;
202300046165;155598644;B01;1;1;0;0;0;1;5;
202300046166;155598633;A01;2;10;0;2;3;15;1;
202300046166;155598637;B01;2;32;0;2;2;17;1;
202300046167;155598634;C01;1;10;0;2;2;1;1;
202300046167;155598638;A01;2;31;0;2;7;2;1;
202300046167;155598639;B01;2;7;0;0;6;2;1;
202300046168;155598632;A01;2;7;0;2;8;1;1;
202300046168;155598636;B01;1;2;0;2;3;13;1;
202300046169;155598631;A01;1;7;0;2;3;14;1;
202300046169;155598635;B01;1;7;0;2;2;1;1;
202300046169;155598642;C01;1;7;0;2;1;1;1;
202300046169;155598645;D01;1;7;0;2;8;1;1;
202300046170;155598629;A01;2;7;0;1;1;1;1;
202300046171;155598628;B01;3;1;0;2;1;1;5;
202300046171;155598630;A01;3;7;0;2;1;1;1;
202300046172;155598625;A01;1;7;0;2;2;0;1;
202300046172;155598627;B01;1;7;3;2;4;0;1;
202300046173;155598622;A01;1;30;0;2;2;17;1;
202300046173;155598624;B01;2;7;0;2;3;1;4;
202300046174;155598621;A01;2;7;0;2;1;19;1;
202300046174;155598626;B01;2;7;0;2;7;1;2;
202300046175;155598619;A01;2;7;3;0;3;1;1;
202300046176;155598620;B01;0;7;0;2;3;10;1;
202300046176;155598623;A01;1;33;0;2;1;17;1;
202300046177;155598617;A01;1;7;13;0;1;21;1;
202300046178;155598615;B01;2;7;0;2;1;1;1;
202300046178;155598616;A01;2;7;0;2;4;1;1;
202300046179;155598614;A01;1;80;0;2;1;1;3;
202300046179;155598618;B01;2;7;0;2;3;1;1;
202300046180;155598612;Z01;1;10;0;2;3;17;1;
202300046180;155598613;A01;1;30;0;2;5;1;1;
202300046181;155598608;B01;2;7;0;2;4;2;1;
202300046181;155598611;A01;2;7;0;2;1;2;1;
202300046182;155598606;A01;1;7;0;2;1;2;1;
202300046182;155598609;B01;1;10;0;2;4;2;1;
202300046183;155598607;A01;1;7;0;2;1;13;1;
202300046183;155598610;B01;2;7;0;2;8;1;1;
202300046184;155598604;A01;2;7;0;2;2;14;2;
202300046184;155598605;B01;2;32;0;2;8;1;4;
202300046185;155598602;A01;1;7;0;1;1;1;1;
202300046186;155598603;A01;3;7;0;0;0;0;1;
202300046187;155598600;A01;2;7;0;2;4;1;1;
202300046187;155598601;B01;2;7;0;2;1;2;1;
202300046188;155598599;A01;1;1;0;1;8;1;5;
202300046189;155598597;A01;3;7;0;1;0;15;1;
202300046190;155598596;A01;2;7;2;0;8;0;1;
202300046191;155598595;B01;2;10;0;2;2;9;1;
202300046191;155598598;A01;1;7;0;2;1;1;1;
202300046192;155598593;A01;1;7;0;1;2;1;2;
202300046193;155598592;A01;1;14;0;2;1;13;1;
202300046193;155598594;B01;1;1;0;2;7;0;5;
202300046194;155598590;A01;3;30;0;0;0;1;1;
202300046195;155598589;B01;2;33;0;2;1;1;1;
202300046195;155598591;A01;0;7;0;2;3;1;1;
202300046196;155598585;B01;1;50;0;2;8;19;3;
202300046196;155598587;A01;1;7;0;2;8;1;3;
202300046197;155598584;A01;1;7;0;9;3;1;1;
202300046197;155598588;B01;2;1;0;2;1;1;5;
202300046198;155598586;A01;2;2;0;6;2;1;1;
202300046199;155598580;A01;1;7;0;2;4;2;1;
202300046199;155598583;B01;1;7;0;0;4;2;1;
202300046200;155598577;B01;2;32;0;2;2;17;1;
202300046200;155598581;A01;2;7;0;2;3;15;1;
202300046201;155598578;A01;3;16;0;2;1;1;1;
202300046201;155598582;B01;0;7;0;2;3;15;1;
202300046202;155598575;A01;1;0;12;0;0;0;0;
202300046203;155598574;A01;3;7;6;1;3;15;1;
202300046204;155598576;A01;2;7;0;1;1;15;1;
202300046205;155598572;A01;2;7;0;2;2;14;1;
202300046205;155598573;B01;3;7;1;0;6;24;1;
202300046206;155598568;A01;1;7;1;0;2;2;1;
202300046206;155598570;B01;1;7;1;0;8;24;1;
202300046207;155598566;A01;0;7;10;2;1;13;1;
202300046207;155598569;B01;0;7;0;2;7;0;1;
202300046207;155598571;C01;0;7;0;2;2;1;1;
202300046208;155598567;A01;1;7;0;1;4;4;1;
202300046209;155598565;A01;2;7;0;1;1;26;1;
202300046210;155598561;A01;1;7;0;1;1;1;1;
202300046211;155598562;A01;1;7;0;2;1;26;1;
202300046211;155598564;B01;1;7;0;2;4;2;1;
202300046212;155598560;B01;1;2;0;2;3;11;1;
202300046212;155598563;A01;2;10;0;2;2;1;1;
202300046213;155598558;A01;0;14;0;2;2;2;1;
202300046213;155598559;B01;0;7;0;2;3;16;1;
202300046214;155598553;A01;3;7;0;2;5;26;1;
202300046214;155598556;B01;3;31;0;2;1;1;0;
202300046215;155598554;A01;1;7;13;0;9;1;1;
202300046216;155598552;A01;1;7;3;0;9;1;1;
202300046217;155598551;A01;3;7;0;2;1;19;1;
202300046217;155598555;C01;3;7;0;2;3;5;1;
202300046217;155598557;B01;3;7;0;2;8;19;1;
202300046218;155598546;A01;2;33;12;2;1;0;0;
202300046218;155598548;B01;2;33;12;2;4;0;0;
202300046219;155598544;A01;1;7;0;0;5;26;1;
202300046219;155598550;B01;1;7;0;2;2;2;1;
202300046220;155598543;C01;1;7;0;2;6;1;1;
202300046220;155598545;A01;2;7;0;2;1;0;1;
202300046220;155598549;B01;1;7;0;2;1;1;1;
202300046221;155598542;A01;2;7;0;2;1;1;1;
202300046221;155598547;B01;2;7;0;2;6;15;1;
202300046222;155598539;A01;3;1;0;0;0;1;5;
202300046223;155598538;B01;1;33;0;2;4;23;1;
202300046223;155598541;A01;1;10;0;2;2;2;1;
202300046224;155598535;A01;2;33;0;2;3;1;1;
202300046224;155598536;B01;1;7;0;2;2;1;1;
202300046225;155598529;B01;1;1;14;9;1;1;5;
202300046225;155598532;A01;1;99;0;2;6;15;3;
202300046226;155598528;B01;3;1;0;9;7;14;5;
202300046226;155598530;A01;3;1;0;9;8;13;5;
202300046227;155598527;A01;1;7;0;2;2;2;0;
202300046227;155598533;B01;1;7;0;2;1;2;1;
202300046228;155598525;A01;1;7;0;2;3;1;1;
202300046228;155598526;B01;2;50;0;2;1;15;3;
202300046229;155598524;A01;3;7;0;1;1;20;1;
202300046230;155598522;A01;1;3;0;1;1;19;0;
202300046231;155598521;A01;2;7;0;2;3;13;0;
202300046231;155598523;B01;1;7;0;2;3;1;0;
202300046232;155598516;B01;1;7;0;2;5;1;1;
202300046232;155598519;A01;1;2;0;2;3;1;1;
202300046233;155598514;A01;3;50;0;0;0;0;3;
202300046234;155598513;B01;1;7;0;2;1;0;1;
202300046234;155598517;C01;1;7;0;2;2;0;1;
202300046234;155598520;A01;2;7;0;2;1;0;1;
202300046235;155598515;Y01;0;50;14;0;0;0;3;
202300046235;155598518;A01;1;10;0;2;2;1;1;
202300046236;155598510;A01;1;30;0;2;1;1;1;
202300046236;155598512;B01;1;7;0;2;6;23;1;
202300046237;155598507;A01;2;7;0;2;2;19;0;
202300046237;155598511;B01;2;33;0;2;1;1;0;
202300046238;155598504;A01;3;7;0;1;2;15;1;
202300046239;155598505;A01;2;7;0;2;2;9;1;
202300046239;155598508;B01;1;33;0;2;1;15;1;
202300046240;155598506;A01;1;38;0;2;7;15;1;1.0
202300046240;155598509;B01;2;30;0;2;1;1;3;
202300046241;155598501;A01;3;7;0;2;1;1;1;
202300046241;155598503;B01;3;15;0;0;6;1;1;
202300046242;155598498;B01;2;7;0;2;3;1;1;
202300046242;155598502;A01;1;10;0;2;2;16;1;
202300046243;155598499;A01;1;7;0;1;2;1;1;
202300046244;155598497;B01;2;34;0;2;1;1;1;
202300046244;155598500;A01;1;10;0;2;2;15;1;
202300046245;155598496;A01;1;7;4;0;2;2;1;
202300046246;155598492;A01;1;10;0;2;5;15;1;
202300046246;155598495;B01;2;30;0;2;8;1;1;
202300046247;155598491;A01;1;7;0;2;3;15;1;
202300046247;155598494;B01;1;32;0;2;2;17;1;
202300046248;155598490;A01;1;7;0;0;0;15;1;
202300046248;155598493;B01;2;1;0;2;0;0;5;
202300046249;155598489;A01;2;7;3;0;1;17;1;
202300046250;155598486;A01;3;43;0;2;0;1;1;
202300046251;155598487;A01;1;7;0;2;0;1;1;
202300046251;155598488;B01;1;33;0;2;0;1;1;
202300046252;155598485;A01;1;7;0;1;1;10;1;
202300046253;155598483;A01;2;7;0;2;2;15;1;
202300046253;155598484;B01;1;33;13;0;1;1;1;
202300046254;155598482;A01;1;7;15;0;1;1;1;
202300046255;155598480;A01;1;99;0;1;1;1;3;
202300046256;155598479;A01;2;7;6;0;7;1;1;
202300046257;155598476;B01;2;10;0;2;8;1;1;
202300046257;155598478;C01;2;10;0;2;7;1;1;
202300046257;155598481;A01;2;30;0;2;8;11;1;
202300046258;155598473;A01;1;7;0;2;1;2;1;
202300046258;155598475;B01;1;7;0;2;0;0;1;
202300046259;155598474;A01;0;30;1;0;0;1;1;
202300046260;155598472;A01;1;7;0;2;1;1;1;
202300046260;155598477;B01;2;7;0;2;3;10;1;
202300046261;155598469;A01;1;33;0;2;1;1;1;
202300046261;155598471;B01;3;7;0;2;6;19;1;
202300046262;155598466;B01;2;39;0;2;1;1;6;
202300046262;155598470;A01;2;7;0;4;5;2;1;
202300046263;155598468;A01;2;1;0;1;3;1;5;
202300046264;155598465;B01;2;32;0;2;4;1;1;
202300046264;155598467;A01;2;7;0;2;1;1;0;
202300046265;155598464;A01;1;33;0;0;0;0;1;
202300046266;155598462;A01;0;7;0;2;1;2;0;
202300046266;155598463;B01;0;7;0;2;4;16;0;
202300046267;155598459;A01;2;34;13;0;2;0;1;
202300046268;155598460;A01;3;10;0;1;2;1;1;
202300046269;155598458;A01;1;7;12;2;2;17;2;
202300046269;155598461;B01;1;7;12;2;6;1;0;
202300046270;155598456;A01;0;7;16;0;2;1;1;
202300046271;155598455;B01;1;2;0;2;1;1;1;
202300046271;155598457;A01;2;10;0;2;2;1;1;
202300046272;155598454;A01;3;7;0;1;1;1;2;
202300046273;155598453;Z01;3;7;0;1;1;11;1;
202300046274;155598447;A01;3;50;0;2;2;5;3;
202300046274;155598450;B01;2;43;0;2;1;1;1;
202300046275;155598445;A01;1;10;0;0;0;17;1;
202300046275;155598449;B01;2;7;0;2;1;21;1;
202300046275;155598452;C01;1;10;0;2;3;1;1;
202300046276;155598446;A01;1;7;0;0;6;1;1;
202300046276;155598451;B01;1;10;0;2;2;1;1;
202300046277;155598444;A01;2;7;0;2;1;15;1;
202300046277;155598448;B01;1;7;0;2;1;26;1;
202300046278;155598440;A01;2;14;2;0;1;0;1;
202300046279;155598439;A01;1;7;0;2;2;1;1;
202300046279;155598441;B01;2;2;0;2;1;25;1;
202300046279;155598443;Z01;1;7;0;2;3;13;0;
202300046280;155598437;A01;2;7;6;0;7;13;1;
202300046281;155598431;A01;2;2;0;2;1;1;1;
202300046281;155598435;B01;2;7;0;2;4;23;1;
202300046282;155598432;A01;1;2;7;0;1;1;1;
202300046283;155598430;A01;2;33;0;2;1;3;1;
202300046283;155598434;B01;2;7;0;0;5;1;1;
202300046284;155598428;B01;1;7;0;2;3;1;2;
202300046284;155598429;C01;1;7;0;2;1;1;2;
202300046284;155598433;D01;1;7;0;0;4;1;1;
202300046284;155598436;E01;1;2;0;2;1;1;1;
202300046284;155598438;A01;1;10;0;2;1;1;1;
202300046285;155598427;A01;1;1;13;0;1;1;5;
202300046286;155598426;A01;1;43;6;0;1;1;1;
202300046287;155598419;C01;1;7;0;2;1;1;1;
202300046287;155598423;B01;2;7;0;2;3;1;1;
202300046287;155598425;A01;1;7;0;2;3;17;1;
202300046288;155598418;A01;2;33;0;2;2;5;1;
202300046288;155598420;B01;1;7;0;2;2;2;1;
202300046289;155598421;A01;2;1;0;2;8;19;5;
202300046289;155598424;B01;2;7;0;2;7;1;1;
202300046290;155598414;B01;3;1;6;2;7;0;5;
202300046290;155598416;A01;3;7;6;2;1;1;1;
202300046291;155598415;A01;1;7;0;2;8;15;1;
202300046291;155598417;B01;2;7;0;2;1;1;1;
202300046292;155598412;A01;1;7;0;2;1;9;1;
202300046292;155598413;B01;1;1;0;2;4;9;5;
202300046293;155598409;B01;2;50;0;2;8;1;3;
202300046293;155598410;A01;2;10;0;2;1;1;1;
202300046294;155598404;C01;2;10;0;2;2;1;1;
202300046294;155598406;A01;1;7;0;2;1;13;1;
202300046294;155598408;B01;2;7;0;2;8;1;1;
202300046295;155598405;B01;1;10;0;2;2;1;1;
202300046295;155598407;A01;1;7;0;2;3;9;1;
202300046296;155598402;B01;2;7;0;9;1;1;1;
202300046296;155598403;A01;2;1;0;2;1;1;5;
202300046297;155598401;A01;2;7;0;1;2;19;1;
202300046298;155598400;A01;1;7;0;1;3;1;1;
202300046299;155598397;A01;1;7;0;9;4;2;1;
202300046299;155598399;B01;1;7;0;2;1;2;1;
202300046300;155598396;A01;1;7;0;1;3;0;1;
202300046301;155598395;A01;1;50;0;0;4;13;3;
202300046301;155598398;B01;1;15;0;2;2;17;1;
202300046302;155598393;B01;1;7;0;2;5;1;1;
202300046302;155598394;A01;1;33;0;2;1;11;1;
202300046303;155598392;A01;1;7;8;0;3;13;1;
202300046304;155598390;A01;2;2;0;0;9;1;1;
202300046305;155598388;B01;2;10;0;2;1;2;1;
202300046305;155598391;A01;2;7;0;2;4;2;1;
202300046306;155598387;A01;1;7;12;1;2;1;0;
202300046307;155598386;B01;3;2;0;2;1;1;1;
202300046307;155598389;A01;3;10;0;2;3;1;1;
202300046308;155598384;A01;1;7;0;2;6;11;2;
202300046308;155598385;B01;1;33;0;2;1;1;0;
202300046309;155598383;A01;1;7;2;0;1;14;0;
202300046310;155598380;A01;1;7;3;0;8;13;1;
202300046311;155598381;A01;3;7;0;2;3;16;1;
202300046311;155598382;B01;2;50;0;2;1;1;3;
202300046312;155598379;A01;0;36;13;0;1;1;1;
202300046313;155598376;A01;1;7;0;1;1;1;1;
202300046314;155598374;B01;1;10;0;2;4;0;1;
202300046314;155598375;C01;1;7;0;2;4;1;1;
202300046314;155598377;D01;1;7;0;2;4;1;1;
202300046314;155598378;A01;1;7;0;2;1;1;1;
202300046315;155598372;A01;2;33;0;2;7;1;1;
202300046315;155598373;Z01;2;7;0;2;8;0;0;
202300046316;155598371;A01;1;7;0;1;1;1;1;
202300046317;155598369;B01;2;17;4;2;6;1;1;
202300046317;155598370;A01;2;31;4;2;1;14;1;
202300046318;155598367;A01;1;33;0;0;1;1;1;
202300046319;155598366;B01;1;30;0;2;2;21;3;
202300046319;155598368;A01;1;7;0;2;4;20;1;
202300046320;155598364;A01;2;33;0;2;1;21;1;
202300046320;155598365;B01;2;7;0;2;5;1;1;
202300046321;155598362;A01;1;7;4;0;1;14;1;
202300046322;155598361;A01;1;7;0;2;1;0;1;
202300046322;155598363;B01;2;7;16;2;1;5;1;
202300046323;155598359;A01;1;7;0;2;2;26;1;
202300046323;155598360;B01;1;15;0;2;6;0;1;
202300046324;155598355;C01;2;7;0;2;2;12;1;
202300046324;155598356;A01;2;33;0;2;8;18;1;
202300046324;155598357;B01;2;7;0;2;4;1;1;
202300046325;155598354;B01;3;7;0;2;3;15;1;
202300046325;155598358;A01;3;7;0;2;1;0;1;
202300046326;155598351;B01;2;7;0;2;1;0;1;
202300046326;155598353;A01;2;10;0;2;4;1;1;
202300046327;155598350;A01;3;7;0;2;1;1;1;
202300046327;155598352;B01;3;7;9;2;4;1;3;
202300046328;155598349;A01;2;50;0;0;0;1;3;
202300046329;155598345;A01;1;1;0;2;1;15;5;
202300046329;155598348;B01;1;7;0;2;1;16;1;
202300046330;155598344;A01;2;7;0;2;7;14;2;
202300046330;155598347;B01;2;7;0;2;8;26;0;
202300046331;155598343;B01;1;7;0;2;1;1;1;
202300046331;155598346;A01;1;7;0;2;8;1;1;
202300046332;155598341;A01;1;7;0;2;1;1;1;
202300046332;155598342;B01;1;7;0;1;4;1;1;
202300046333;155598340;A01;2;7;13;0;0;0;0;
202300046334;155598338;A01;1;7;4;0;1;1;1;
202300046335;155598337;A01;3;7;0;2;2;17;0;
202300046335;155598339;B01;3;2;0;0;6;1;1;
202300046336;155598334;B01;1;2;0;0;0;0;1;
202300046336;155598336;A01;1;7;0;2;3;15;1;
202300046337;155598332;A01;2;7;0;2;3;9;1;