Num_Acc;id_vehicule;num_veh;senc;catv;obs;obsm;choc;manv;motor;occutc
202300046337;155598335;B01;2;80;0;2;2;1;3;
202300046338;155598331;A01;2;7;0;2;7;21;0;
202300046338;155598333;B01;1;7;0;2;1;1;0;
202300046339;155598329;A01;1;0;0;2;1;16;0;
202300046339;155598330;B01;1;7;14;2;1;15;1;
202300046340;155598328;A01;3;7;0;1;1;1;0;
202300046341;155598325;A01;2;7;0;1;4;4;1;
202300046342;155598324;A01;2;33;0;6;1;0;1;
202300046343;155598323;A01;2;31;0;2;1;1;1;
202300046343;155598326;B01;3;7;0;2;1;15;1;
202300046344;155598317;A01;3;7;0;2;8;26;1;
202300046344;155598319;B01;3;7;0;2;1;1;1;
202300046345;155598320;B01;1;7;4;2;1;1;0;
202300046345;155598322;A01;1;7;4;2;4;0;1;
202300046346;155598314;B01;1;1;0;2;0;1;5;
202300046346;155598315;A01;1;7;0;2;2;15;1;
202300046347;155598313;A01;2;7;0;2;2;15;0;
202300046347;155598316;B01;1;7;0;2;1;1;0;
202300046348;155598310;A01;3;7;0;2;1;13;1;
202300046348;155598312;B01;3;7;8;2;6;1;1;
202300046349;155598309;B01;2;33;0;2;1;1;1;
202300046349;155598311;A01;1;7;0;2;5;15;1;
202300046350;155598306;B01;0;7;0;2;1;16;1;
202300046350;155598308;A01;1;30;0;2;1;5;1;
202300046351;155598305;A01;3;15;0;2;4;24;1;
202300046351;155598307;B01;0;10;0;2;1;1;0;
202300046352;155598304;A01;2;7;2;0;1;14;1;
202300046353;155598302;A01;3;7;0;2;2;15;1;
202300046353;155598303;B01;3;1;0;2;1;15;5;
202300046354;155598300;A01;1;7;0;2;8;1;1;
202300046354;155598301;B01;2;7;0;2;3;1;1;
202300046355;155598298;A01;0;32;0;2;1;1;1;
202300046355;155598299;B01;0;7;0;2;1;15;2;
202300046356;155598296;A01;3;7;0;2;3;9;1;
202300046356;155598297;B01;2;1;0;2;1;1;5;
202300046357;155598295;A01;2;7;6;0;2;1;1;
202300046358;155598294;A01;1;7;0;1;2;1;1;
202300046359;155598292;A01;1;7;0;0;3;15;1;
202300046359;155598293;B01;2;7;0;2;1;1;1;
202300046360;155598289;B01;1;40;0;2;1;1;3;
202300046360;155598291;A01;2;7;0;4;3;16;1;
202300046361;155598288;A01;3;7;0;2;3;1;1;
202300046361;155598290;B01;3;33;0;2;3;13;1;
202300046362;155598286;A01;2;7;13;0;1;1;1;
202300046363;155598285;A01;1;7;0;2;1;15;1;
202300046363;155598287;B01;2;1;0;2;8;1;5;
202300046364;155598282;A01;0;33;0;2;1;2;1;
202300046364;155598284;B01;0;7;0;2;5;0;1;
202300046365;155598281;A01;2;31;0;2;1;7;1;
202300046365;155598283;B01;2;10;0;2;7;16;1;
202300046366;155598280;A01;3;7;0;1;4;20;1;
202300046367;155598278;B01;2;7;0;2;1;1;1;
202300046367;155598279;A01;1;7;0;2;1;13;1;
202300046368;155598276;A01;2;7;0;0;7;17;1;
202300046368;155598277;B01;2;2;13;0;1;1;1;
202300046369;155598274;B01;0;7;0;2;3;2;1;
202300046369;155598275;A01;1;21;0;2;4;2;1;
202300046370;155598273;A01;2;2;8;0;1;1;1;
202300046371;155598272;A01;1;30;0;1;1;1;3;
202300046372;155598270;A01;3;7;0;2;3;1;1;
202300046372;155598271;B01;3;7;0;2;1;16;1;
202300046373;155598269;A01;0;10;0;1;4;26;1;
202300046374;155598268;A01;0;80;12;0;0;1;3;
202300046375;155598267;A01;1;7;0;1;2;1;1;
202300046376;155598265;B01;-1;7;0;0;6;2;1;
202300046376;155598266;A01;-1;33;0;2;1;2;1;
202300046377;155598264;A01;1;3;0;1;2;1;1;
202300046378;155598263;A01;2;7;1;1;3;1;1;
202300046379;155598262;A01;2;7;4;0;1;1;1;
202300046380;155598260;A01;3;35;1;0;9;13;1;
202300046381;155598259;B01;2;7;0;2;4;1;1;
202300046381;155598261;A01;2;7;0;2;2;14;1;
202300046382;155598256;A01;2;7;6;0;4;1;1;
202300046383;155598254;B01;1;7;0;2;1;1;1;
202300046383;155598257;C01;1;7;0;2;1;1;1;
202300046383;155598258;A01;1;7;0;2;4;1;1;
202300046384;155598251;A01;2;7;0;2;6;1;1;
202300046384;155598253;B01;2;7;4;2;5;2;1;
202300046384;155598255;C01;2;10;0;2;3;13;1;
202300046385;155598250;A01;2;34;5;0;1;1;1;
202300046386;155598249;A01;1;7;0;9;3;9;1;
202300046386;155598252;B01;2;2;0;2;2;1;1;
202300046387;155598248;A01;2;33;0;0;7;1;1;
202300046388;155598245;A01;2;7;0;2;8;12;1;
202300046388;155598247;B01;2;33;0;2;2;1;1;
202300046389;155598242;B01;1;7;0;2;4;1;1;
202300046389;155598243;A01;1;33;0;2;1;21;1;
202300046390;155598241;C01;0;10;0;2;5;15;1;
202300046390;155598244;A01;0;7;0;2;1;1;1;
202300046390;155598246;B01;0;7;0;2;6;1;1;
202300046391;155598236;A01;1;10;0;1;8;1;1;
202300046392;155598237;B01;1;7;0;2;4;2;1;
202300046392;155598239;C01;1;7;0;2;4;2;1;
202300046392;155598240;Z01;1;7;0;2;1;2;1;
202300046393;155598235;A01;1;7;0;2;5;1;3;
202300046393;155598238;B01;1;7;0;2;2;1;2;
202300046394;155598231;A01;2;7;0;2;2;1;1;
202300046394;155598233;B01;1;7;0;2;7;15;1;
202300046395;155598230;A01;2;30;0;0;2;1;3;
202300046396;155598228;A01;2;10;0;1;4;4;1;
202300046397;155598227;A01;2;7;0;2;1;2;1;
202300046397;155598229;B01;2;7;0;2;4;2;1;
202300046397;155598232;C01;2;7;0;2;6;2;1;
202300046397;155598234;D01;2;7;0;2;6;2;1;
202300046398;155598225;B01;3;10;0;2;1;0;0;
202300046398;155598226;A01;3;7;0;2;2;26;1;
202300046399;155598221;A01;0;7;0;2;8;0;1;
202300046399;155598223;B01;0;33;0;2;7;0;0;
202300046400;155598222;A01;2;7;0;2;5;3;1;
202300046400;155598224;B01;2;7;0;2;6;1;1;
202300046401;155598219;A01;3;1;0;2;1;1;5;
202300046401;155598220;Z01;3;7;0;2;7;1;1;
202300046402;155598216;A01;2;7;0;0;4;1;0;
202300046402;155598218;B01;2;7;0;2;1;1;0;
202300046403;155598213;A01;1;7;0;2;1;2;1;
202300046403;155598215;B01;1;7;0;2;4;2;1;
202300046403;155598217;C01;1;7;0;2;4;2;1;
202300046404;155598212;A01;2;7;4;0;2;1;1;
202300046405;155598211;B01;1;7;0;2;1;1;1;
202300046405;155598214;A01;1;7;0;2;5;13;1;
202300046406;155598210;A01;2;43;6;0;7;12;1;
202300046407;155598207;A01;2;7;0;2;1;1;1;
202300046407;155598208;B01;1;50;0;2;4;1;3;
202300046408;155598206;B01;0;32;0;2;0;0;1;
202300046408;155598209;A01;0;7;0;2;1;1;1;
202300046409;155598204;A01;2;7;4;2;8;11;0;
202300046409;155598205;B01;2;34;4;2;1;3;1;
202300046410;155598202;A01;2;7;0;1;1;1;2;
202300046411;155598199;A01;2;7;0;2;2;2;1;
202300046411;155598200;B01;2;7;0;2;6;1;1;
202300046412;155598198;A01;1;7;0;2;1;13;1;
202300046412;155598201;B01;2;7;0;2;3;0;1;
202300046412;155598203;C01;1;7;0;2;1;2;1;
202300046413;155598196;A01;1;7;0;1;1;16;1;
202300046414;155598195;A01;1;33;0;9;1;17;3;
202300046414;155598197;B01;1;7;0;9;3;15;1;
202300046415;155598193;B01;1;7;3;2;5;1;1;
202300046415;155598194;A01;1;7;3;2;3;21;1;
202300046416;155598190;A01;2;33;0;2;7;1;1;
202300046416;155598191;B01;2;30;0;2;1;15;1;
202300046417;155598189;A01;0;60;0;2;3;19;5;
202300046417;155598192;B01;0;30;0;2;1;1;0;
202300046418;155598187;A01;1;7;0;2;4;1;0;
202300046418;155598188;B01;1;7;0;2;1;0;1;
202300046419;155598184;A01;1;7;0;1;2;16;1;
202300046420;155598183;A01;3;10;0;2;3;15;1;
202300046420;155598185;B01;3;7;0;2;6;1;1;
202300046420;155598186;C01;3;7;0;2;8;1;1;
202300046421;155598182;A01;2;7;8;0;1;2;1;
202300046422;155598180;A01;1;7;0;2;3;20;1;
202300046422;155598181;B01;1;2;0;2;7;1;1;
202300046423;155598177;A01;1;7;0;2;2;1;3;
202300046423;155598179;B01;1;7;0;1;4;23;1;
202300046424;155598174;A01;2;7;4;2;5;12;1;
202300046424;155598175;B01;2;33;4;2;1;3;1;
202300046424;155598176;C01;2;7;0;2;0;0;1;
202300046424;155598178;D01;2;7;0;2;0;0;1;
202300046425;155598172;Z01;1;32;0;1;1;1;1;
202300046426;155598173;A01;1;7;0;1;1;15;1;
202300046427;155598169;A01;1;15;0;2;0;12;1;
202300046427;155598171;B01;1;7;0;2;6;1;1;
202300046428;155598170;A01;1;7;0;1;2;1;3;
202300046429;155598166;A01;1;7;0;2;2;15;1;
202300046429;155598168;B01;1;33;0;2;1;1;1;
202300046430;155598164;A01;3;10;0;1;1;1;3;
202300046431;155598162;D01;1;7;0;2;4;2;1;
202300046431;155598163;C01;1;7;0;2;4;2;1;
202300046431;155598165;A01;1;7;0;2;1;1;1;
202300046431;155598167;B01;1;7;0;2;4;2;1;
202300046432;155598161;A01;1;7;0;1;1;1;1;
202300046433;155598160;A01;1;30;12;0;1;14;1;
202300046434;155598159;A01;2;7;2;0;1;1;1;
202300046435;155598157;A01;2;7;0;2;1;17;1;
202300046435;155598158;B01;2;7;0;2;4;0;1;
202300046436;155598154;A01;3;10;0;2;7;15;1;
202300046436;155598156;B01;3;31;0;2;1;1;1;
202300046437;155598153;A01;1;10;0;2;3;15;1;
202300046437;155598155;B01;2;33;0;2;1;1;1;
202300046438;155598150;A01;2;30;0;0;0;21;1;
202300046439;155598148;C01;2;7;0;2;4;23;1;
202300046439;155598149;D01;2;7;0;2;4;23;1;
202300046439;155598151;B01;2;7;0;2;4;23;1;
202300046439;155598152;A01;2;7;0;2;1;1;1;
202300046440;155598146;Z01;3;7;0;1;1;9;0;
202300046441;155598147;A01;2;7;0;1;2;1;1;
202300046442;155598144;A01;2;7;0;2;4;1;1;
202300046442;155598145;B01;2;7;0;2;1;1;1;
202300046443;155598143;A01;1;7;8;0;1;14;1;
202300046444;155598141;B01;1;1;0;0;1;1;5;
202300046444;155598142;A01;2;7;0;0;1;15;1;
202300046445;155598139;A01;2;1;0;2;1;0;5;
202300046445;155598140;B01;1;14;0;2;1;1;1;
202300046446;155598138;A01;1;7;13;0;9;17;0;
202300046447;155598136;A01;2;33;0;2;2;17;1;
202300046447;155598137;B01;2;7;0;2;3;15;0;
202300046448;155598135;A01;1;31;0;0;0;1;1;
202300046449;155598134;A01;2;34;13;0;1;1;1;
202300046450;155598130;A01;1;7;0;2;1;1;1;
202300046450;155598131;B01;1;7;0;2;4;23;1;
202300046451;155598129;A01;2;7;0;2;3;1;1;
202300046451;155598132;B01;1;7;0;2;3;1;1;
202300046451;155598133;C01;1;7;0;2;6;21;1;
202300046452;155598128;A01;2;1;0;0;0;1;5;
202300046453;155598127;A01;1;7;13;0;1;1;1;
202300046454;155598126;A01;1;50;11;0;1;1;3;
202300046455;155598122;B01;1;31;0;2;1;3;1;
202300046455;155598123;A01;1;7;0;2;3;15;1;
202300046456;155598124;B01;2;15;0;2;4;2;1;
202300046456;155598125;A01;2;7;0;2;1;2;1;
202300046457;155598120;A01;3;7;1;9;8;0;1;
202300046457;155598121;B01;3;1;1;0;0;14;5;
202300046458;155598119;A01;1;7;6;0;1;13;0;
202300046459;155598117;B01;1;1;0;2;2;25;5;
202300046459;155598118;Z01;1;7;0;9;7;9;1;
202300046460;155598115;A01;1;30;0;2;1;13;1;
202300046460;155598116;B01;2;7;0;2;3;1;1;
202300046461;155598114;A01;2;7;2;0;3;1;1;
202300046462;155598112;A01;1;7;0;2;6;16;1;
202300046462;155598113;B01;2;1;0;2;0;0;0;
202300046463;155598109;B01;2;17;0;2;3;1;1;
202300046463;155598111;A01;1;7;0;2;3;13;1;
202300046464;155598108;B01;1;7;0;2;3;1;1;
202300046464;155598110;A01;3;30;0;2;1;26;1;
202300046465;155598107;A01;1;1;0;0;1;1;5;
202300046466;155598106;A01;1;7;0;0;0;1;0;
202300046467;155598104;A01;1;7;0;2;1;2;1;
202300046467;155598105;B01;1;31;0;2;4;2;1;
202300046468;155598102;B01;1;33;13;2;4;2;1;
202300046468;155598103;A01;1;10;0;2;3;2;1;
202300046469;155598100;B01;1;43;0;2;3;1;1;
202300046469;155598101;A01;1;7;0;2;1;15;1;
202300046470;155598097;A01;1;7;0;2;2;15;1;
202300046470;155598098;B01;2;33;0;2;1;1;1;
202300046471;155598099;A01;1;7;0;1;6;15;1;
202300046472;155598095;A01;1;7;0;2;1;1;1;
202300046472;155598096;B01;2;1;0;2;2;15;5;
202300046473;155598093;B01;1;50;0;2;8;1;3;
202300046473;155598094;A01;2;7;0;9;0;1;1;
202300046474;155598090;B01;0;7;0;2;3;15;1;
202300046474;155598091;A01;1;2;0;2;7;17;1;
202300046475;155598092;A01;3;7;2;0;2;1;1;
202300046476;155598085;A01;2;7;0;2;1;5;1;
202300046476;155598087;B01;1;7;0;2;1;1;1;
202300046477;155598080;Z01;2;7;0;2;1;2;0;
202300046477;155598082;B01;2;2;0;2;4;2;1;
202300046478;155598078;A01;1;3;0;2;3;5;1;
202300046478;155598081;B01;2;7;0;2;3;1;1;
202300046479;155598076;B01;0;7;0;0;5;1;1;
202300046479;155598077;C01;3;7;0;2;3;0;0;
202300046479;155598079;A01;0;7;0;2;5;1;1;
202300046480;155598074;A01;1;2;3;0;1;1;1;
202300046481;155598073;A01;2;7;0;2;3;9;1;
202300046481;155598075;B01;1;30;0;2;1;9;1;
202300046482;155598069;A01;1;10;0;2;1;2;1;
202300046482;155598071;B01;3;32;0;2;4;23;1;
202300046483;155598070;B01;2;33;0;2;7;16;1;
202300046483;155598072;A01;1;33;0;2;1;0;1;
202300046484;155598066;B01;0;2;0;2;1;1;1;
202300046484;155598068;A01;0;7;0;0;4;26;1;
202300046485;155598065;A01;3;7;0;2;8;15;1;
202300046485;155598067;B01;3;7;0;2;1;2;1;
202300046486;155598061;A01;1;33;0;2;2;17;1;
202300046486;155598063;B01;2;10;0;2;7;15;1;
202300046487;155598062;A01;2;7;0;2;1;1;1;
202300046487;155598064;B01;1;7;0;0;8;20;1;
202300046488;155598059;A01;1;2;0;2;1;1;1;
202300046489;155598057;A01;1;7;0;2;1;9;1;
202300046489;155598058;B01;1;31;0;2;7;1;1;
202300046489;155598060;C01;2;7;0;2;1;1;1;
202300046490;155598056;A01;3;7;13;0;1;1;1;
202300046491;155598052;A01;2;7;0;2;8;16;1;
202300046491;155598054;B01;2;7;0;2;1;1;1;
202300046492;155598048;B01;2;15;0;2;2;1;1;
202300046492;155598050;A01;2;7;3;2;1;17;1;
202300046493;155598049;A01;1;7;0;2;1;2;3;
202300046493;155598051;D01;1;7;0;2;4;2;0;
202300046493;155598053;B01;1;7;0;2;4;2;1;
202300046493;155598055;C01;1;7;0;2;4;2;4;
202300046494;155598046;A01;2;10;0;2;2;1;1;
202300046494;155598047;B01;2;7;0;0;6;1;1;
202300046495;155598043;A01;1;7;0;2;3;13;1;
202300046495;155598045;B01;2;7;0;2;3;1;1;
202300046496;155598042;B01;1;7;0;2;3;1;1;
202300046496;155598044;A01;2;7;12;2;1;13;1;
202300046497;155598040;A01;3;37;8;0;7;14;0;2.0
202300046498;155598039;A01;1;7;0;2;1;1;1;
202300046498;155598041;B01;2;60;0;2;7;19;5;
202300046499;155598037;A01;2;7;0;0;6;19;1;
202300046499;155598038;B01;1;7;0;2;1;1;1;
202300046500;155598034;Z01;3;7;0;1;1;15;1;
202300046501;155598035;B01;1;1;0;2;8;19;5;
202300046501;155598036;A01;2;1;0;2;1;0;5;
202300046502;155598033;A01;2;7;6;0;1;19;3;
202300046503;155598031;A01;2;7;1;1;2;17;1;
202300046504;155598029;B01;1;50;0;2;7;19;3;
202300046504;155598032;A01;2;7;0;2;2;1;1;
202300046505;155598028;B01;1;33;0;2;1;1;1;
202300046505;155598030;A01;1;7;0;0;4;23;1;
202300046506;155598027;A01;1;7;1;0;2;21;1;
202300046507;155598025;A01;2;7;1;1;2;1;1;
202300046508;155598021;B01;3;50;0;2;8;19;3;
202300046508;155598023;C01;1;7;0;2;3;1;1;
202300046508;155598024;A01;2;33;0;2;1;17;1;
202300046509;155598019;B01;1;7;0;2;3;1;1;
202300046509;155598026;A01;1;50;0;2;1;1;3;
202300046510;155598020;A01;2;10;0;2;1;2;1;
202300046510;155598022;B01;2;7;0;2;4;2;1;
202300046511;155598016;A01;2;7;0;1;1;1;1;
202300046512;155598017;A01;1;30;0;2;1;5;1;
202300046512;155598018;B01;2;7;0;2;3;1;1;
202300046513;155598014;A01;2;7;0;2;3;26;0;
202300046513;155598015;B01;0;50;0;2;0;0;3;
202300046514;155598011;B01;1;31;0;2;4;1;1;
202300046514;155598012;Z01;1;10;0;2;1;1;1;
202300046515;155598010;A01;2;50;0;0;0;0;3;
202300046516;155598009;A01;3;7;0;1;3;26;0;
202300046517;155598008;B01;2;10;0;2;7;1;1;
202300046517;155598013;A01;2;7;0;2;1;1;3;
202300046518;155598003;A01;3;1;0;2;1;19;5;
202300046518;155598006;B01;1;7;0;2;8;1;1;
202300046519;155598002;A01;2;17;0;2;2;12;1;
202300046519;155598004;B01;2;7;0;2;8;1;1;
202300046520;155598001;C01;3;37;0;2;3;1;1;1.0
202300046520;155598005;B01;3;7;0;2;0;1;1;
202300046520;155598007;A01;3;7;0;2;1;1;1;
202300046521;155597996;A01;1;7;0;2;1;1;1;
202300046521;155597999;B01;1;43;0;2;4;23;1;
202300046522;155597995;B01;2;7;0;2;4;1;1;
202300046522;155597997;C01;2;7;0;2;4;0;1;
202300046522;155598000;A01;2;7;0;2;1;2;1;
202300046523;155597992;A01;2;7;0;2;8;10;1;
202300046523;155597994;B01;2;31;0;2;1;1;1;
202300046524;155597990;B01;2;31;0;2;8;1;1;
202300046524;155597991;A01;2;7;0;2;7;14;1;
202300046525;155597993;A01;1;7;0;2;3;15;1;
202300046525;155597998;B01;2;33;0;2;1;1;1;
202300046526;155597987;B01;2;1;1;0;2;1;5;
202300046526;155597989;A01;2;32;1;0;1;1;1;
202300046527;155597985;A01;2;7;0;2;1;2;1;
202300046527;155597988;B01;2;7;0;2;4;2;1;
202300046528;155597986;A01;3;7;0;1;2;26;1;
202300046529;155597983;A01;1;7;0;2;8;1;1;
202300046529;155597984;B01;1;7;0;2;7;12;0;
202300046530;155597981;A01;1;33;0;2;1;2;1;
202300046530;155597982;B01;1;7;0;2;4;2;1;
202300046531;155597977;A01;1;7;0;0;4;26;0;
202300046531;155597979;B01;1;7;0;2;1;1;0;
202300046532;155597975;A01;1;10;0;2;1;2;1;
202300046532;155597978;B01;1;10;0;2;4;2;1;
202300046533;155597976;B01;1;33;0;2;1;1;1;
202300046533;155597980;A01;3;7;0;2;3;15;1;
202300046534;155597974;A01;3;21;0;0;0;1;1;
202300046535;155597973;A01;2;7;4;0;1;1;1;
202300046536;155597968;A01;1;7;0;1;3;17;1;
202300046536;155597971;B01;1;1;0;2;7;0;5;
202300046537;155597966;A01;1;7;4;0;3;1;1;
202300046537;155597967;B01;1;7;1;0;1;2;1;
202300046537;155597970;C01;1;7;14;0;1;1;1;
202300046538;155597965;C01;3;7;0;2;4;2;1;
202300046538;155597969;A01;3;7;0;2;1;2;1;
202300046538;155597972;B01;3;7;0;2;4;2;1;
202300046539;155597962;A01;1;7;0;2;1;2;1;
202300046539;155597964;B01;1;15;0;2;4;1;1;
202300046540;155597963;A01;1;7;0;1;1;1;1;
202300046541;155597961;A01;3;50;0;1;1;25;3;
202300046542;155597960;A01;1;32;0;1;2;1;1;
202300046543;155597956;A01;1;7;0;2;1;26;1;
202300046543;155597957;B01;1;7;0;2;1;0;1;
202300046543;155597959;C01;1;7;0;2;1;0;1;
202300046544;155597955;A01;2;7;0;1;2;21;1;
202300046545;155597954;A01;1;30;0;2;0;26;1;
202300046546;155597953;A01;1;33;0;0;0;1;1;
202300046547;155597952;A01;3;7;0;2;2;17;1;
202300046547;155597958;B01;3;32;0;2;1;1;1;
202300046548;155597948;A01;1;7;0;2;8;2;1;
202300046548;155597951;B01;1;7;0;2;1;18;1;
202300046549;155597947;A01;1;7;0;2;1;11;1;
202300046549;155597950;B01;2;7;0;2;1;1;1;
202300046550;155597946;A01;1;99;0;2;3;15;1;
202300046550;155597949;B01;1;34;6;2;2;17;1;
202300046551;155597944;A01;1;30;0;2;1;13;1;
202300046551;155597945;B01;1;7;0;2;1;0;1;
202300046552;155597942;A01;2;7;0;2;5;16;1;
202300046552;155597943;B01;2;80;0;2;8;2;3;
202300046553;155597938;Z01;2;7;0;2;0;0;0;
202300046553;155597941;A01;1;32;0;2;1;15;1;
202300046554;155597937;A01;2;10;0;2;2;2;1;
202300046554;155597940;B01;2;10;8;0;6;2;1;
202300046555;155597934;C01;2;7;0;0;0;1;0;
202300046555;155597935;D01;2;7;0;2;3;1;1;
202300046555;155597936;A01;1;7;0;2;3;13;0;
202300046555;155597939;B01;2;10;0;0;0;1;1;
202300046556;155597929;A01;3;7;0;2;1;1;1;
202300046556;155597933;B01;3;7;0;2;4;2;1;
202300046557;155597930;A01;2;7;0;0;6;15;1;
202300046557;155597931;B01;2;33;0;2;1;2;1;
202300046558;155597932;A01;2;32;0;1;1;21;1;
202300046559;155597927;A01;2;7;0;1;1;1;1;
202300046560;155597925;A01;1;7;0;2;1;2;1;
202300046560;155597928;B01;2;7;3;2;3;1;1;
202300046561;155597923;B01;1;2;0;2;6;15;1;
202300046561;155597924;A01;1;34;0;2;1;7;1;
202300046562;155597920;A01;0;2;0;2;1;1;1;
202300046562;155597922;B01;3;7;0;2;3;19;1;
202300046563;155597918;B01;1;7;0;9;1;16;1;
202300046563;155597919;A01;1;1;0;2;8;1;5;
202300046564;155597921;B01;1;7;0;2;3;0;1;
202300046564;155597926;A01;1;7;0;2;6;15;1;
202300046565;155597915;A01;1;7;0;2;1;15;1;
202300046565;155597917;B01;2;7;0;2;1;1;1;
202300046566;155597914;B01;2;7;0;2;7;1;1;
202300046566;155597916;A01;2;7;0;2;1;1;1;
202300046567;155597913;A01;2;33;0;0;9;1;1;
202300046568;155597911;A01;2;7;0;1;3;15;3;
202300046569;155597909;B01;2;1;12;2;4;1;5;
202300046569;155597910;A01;2;7;0;2;2;1;1;
202300046570;155597908;A01;3;7;0;2;3;9;1;
202300046570;155597912;B01;3;7;0;2;5;1;1;
202300046571;155597906;B01;1;7;1;0;5;0;1;
202300046571;155597907;A01;1;7;1;0;1;14;1;
202300046572;155597904;A01;1;7;0;2;2;23;0;
202300046572;155597905;B01;1;1;0;2;1;2;5;
202300046573;155597902;A01;1;7;0;2;2;2;1;
202300046573;155597903;B01;1;7;0;2;3;0;1;
202300046574;155597900;A01;0;7;0;1;1;1;1;
202300046575;155597899;A01;3;33;0;2;1;1;1;
202300046575;155597901;B01;3;7;0;2;3;15;1;
202300046576;155597895;A01;1;7;0;2;4;2;1;
202300046576;155597898;B01;1;7;0;2;1;2;1;
202300046577;155597893;A01;2;7;0;2;2;26;2;
202300046577;155597896;B01;3;50;0;2;2;19;3;
202300046578;155597894;A01;3;7;0;2;1;1;1;
202300046578;155597897;B01;3;7;0;2;1;15;1;
202300046579;155597892;A01;1;1;0;0;1;0;5;
202300046580;155597890;B01;0;33;0;0;0;0;1;
202300046580;155597891;A01;1;7;0;2;3;15;1;
202300046581;155597886;A01;2;21;0;2;3;1;1;
202300046581;155597888;B01;1;7;0;2;2;1;1;
202300046582;155597885;A01;2;3;0;2;2;15;0;
202300046582;155597887;B01;1;33;0;2;1;1;6;
202300046583;155597889;A01;2;50;0;1;1;1;3;
202300046584;155597882;A01;0;7;5;0;3;1;1;
202300046585;155597881;A01;1;7;0;2;3;19;0;
202300046585;155597884;B01;2;33;0;2;3;1;0;
202300046586;155597880;A01;1;33;0;2;1;1;1;
202300046586;155597883;B01;1;7;0;2;5;23;1;
202300046587;155597876;A01;1;7;0;2;3;15;1;
202300046587;155597879;B01;1;33;0;2;0;0;1;
202300046588;155597875;A01;1;7;0;2;3;1;1;
202300046588;155597877;B01;1;7;0;2;1;15;1;
202300046589;155597869;A01;2;7;0;2;3;13;1;
202300046589;155597871;B01;2;7;0;0;-1;1;1;
202300046589;155597873;C01;2;7;0;2;3;1;1;
202300046590;155597868;A01;2;50;0;2;1;1;3;
202300046590;155597874;B01;1;7;0;2;8;1;1;
202300046591;155597866;A01;1;7;0;2;3;13;1;
202300046591;155597867;B01;2;7;0;2;3;13;1;
202300046592;155597864;B01;3;7;0;2;8;9;2;
202300046592;155597865;A01;-1;33;0;2;1;1;1;
202300046593;155597863;A01;2;7;13;0;1;13;4;
202300046594;155597861;A01;1;7;0;2;3;2;1;
202300046594;155597862;B01;1;7;0;2;5;23;1;
202300046595;155597858;A01;2;7;1;0;2;1;1;
202300046595;155597860;B01;0;7;1;0;5;23;1;
202300046596;155597857;A01;2;7;0;9;4;1;0;
202300046596;155597859;B01;2;1;0;2;1;1;5;
202300046597;155597854;A01;1;34;13;0;2;2;1;
202300046598;155597852;A01;1;10;8;2;8;0;1;
202300046598;155597855;B01;2;7;0;2;8;1;1;
202300046599;155597853;B01;1;7;0;2;4;2;6;
202300046599;155597856;A01;1;7;0;2;1;2;1;
202300046600;155597847;B01;2;33;0;2;1;1;1;
202300046600;155597849;A01;2;7;0;2;3;9;1;
202300046600;155597850;C01;1;7;0;2;1;1;1;
202300046601;155597845;A01;3;21;13;0;9;1;1;
202300046602;155597846;A01;1;33;0;2;1;2;1;
202300046602;155597848;B01;2;7;0;2;4;2;1;
202300046603;155597843;A01;1;7;0;2;0;0;0;
202300046603;155597844;B01;1;2;0;2;0;0;1;
202300046604;155597840;A01;2;7;0;0;3;1;1;
202300046604;155597841;B01;1;1;0;2;9;1;5;
202300046605;155597838;B01;1;33;0;0;0;1;1;
202300046605;155597842;A01;1;7;0;2;6;10;1;
202300046606;155597837;B01;3;7;0;2;4;13;3;
202300046606;155597839;A01;1;31;0;2;1;1;1;
202300046607;155597834;A01;3;7;2;0;3;1;1;
202300046608;155597832;B01;1;7;0;2;8;1;1;
202300046608;155597836;A01;3;7;0;2;1;1;1;
202300046609;155597833;A01;2;1;0;2;3;2;5;
202300046609;155597835;B01;2;7;0;2;2;17;4;
202300046610;155597828;C01;3;7;1;2;4;23;1;
202300046610;155597830;B01;3;7;1;2;2;23;1;
202300046610;155597831;A01;3;7;0;2;6;1;1;
202300046611;155597826;A01;3;7;0;2;1;1;1;
202300046611;155597829;B01;3;7;0;2;2;9;1;
202300046612;155597827;A01;1;43;0;1;1;17;1;
202300046613;155597823;B01;1;1;0;2;8;1;5;
202300046613;155597825;A01;1;7;0;9;7;1;1;
202300046614;155597822;A01;2;7;0;2;3;19;1;
202300046614;155597824;B01;3;33;0;2;7;1;1;
202300046615;155597819;B01;1;7;0;2;4;2;1;
202300046615;155597821;A01;1;33;0;2;1;14;1;
202300046616;155597820;A01;1;7;0;1;1;2;2;
202300046617;155597817;A01;2;7;0;2;1;1;1;
202300046617;155597818;B01;2;10;0;2;1;13;1;
202300046618;155597812;B01;2;7;0;2;2;1;3;
202300046618;155597816;A01;1;7;0;2;2;1;1;
202300046619;155597811;B01;0;50;0;2;1;25;3;
202300046619;155597814;A01;3;7;0;2;2;0;0;
202300046620;155597813;A01;1;2;0;2;6;1;1;
202300046620;155597815;Z01;1;7;0;2;2;9;1;
202300046621;155597808;A01;1;30;0;2;1;1;1;
202300046621;155597810;B01;1;80;0;2;4;10;3;
202300046622;155597807;A01;2;7;0;2;0;1;1;
202300046622;155597809;B01;1;7;0;2;1;1;1;