Num_Acc;id_vehicule;num_veh;senc;catv;obs;obsm;choc;manv;motor;occutc
202300046933;155597269;A01;3;32;0;2;2;17;1;
202300046934;155597266;A01;2;50;0;9;1;5;3;
202300046934;155597267;B01;1;80;0;9;1;0;3;
202300046935;155597265;A01;1;1;0;0;0;0;5;
202300046936;155597263;A01;0;32;0;2;7;17;3;
202300046936;155597264;B01;0;7;0;2;8;17;1;
202300046937;155597262;A01;1;7;1;0;3;26;0;
202300046938;155597259;B01;1;10;0;2;2;0;1;
202300046938;155597260;A01;1;33;0;2;8;11;1;
202300046939;155597258;A01;2;7;0;2;2;1;1;
202300046939;155597261;B01;1;7;6;2;3;1;1;
202300046940;155597257;A01;1;30;8;0;3;1;1;
202300046941;155597255;A01;2;33;0;0;0;1;1;
202300046942;155597254;B01;2;7;0;2;1;1;1;
202300046942;155597256;A01;3;7;0;2;8;5;1;
202300046943;155597253;A01;2;33;3;0;0;1;1;
202300046944;155597250;A01;3;10;0;0;2;10;1;
202300046944;155597251;B01;3;30;0;0;1;1;1;
202300046945;155597248;B01;3;7;0;2;1;1;1;
202300046945;155597249;A01;3;31;0;2;7;1;1;
202300046946;155597247;A01;0;2;6;0;0;0;1;
202300046947;155597245;A01;1;7;0;9;8;23;1;
202300046947;155597246;B01;1;80;0;2;2;17;3;
202300046948;155597244;A01;2;33;0;5;1;1;1;
202300046949;155597243;A01;1;7;2;0;1;1;1;
202300046950;155597241;A01;3;7;0;2;3;9;1;
202300046950;155597242;B01;3;1;0;2;1;1;5;
202300046951;155597240;A01;0;7;1;1;4;24;1;
202300046952;155597238;A01;1;7;0;2;3;9;1;
202300046952;155597239;B01;2;32;0;2;2;1;1;
202300046953;155597236;A01;2;10;0;2;1;1;1;
202300046953;155597237;B01;2;7;0;2;8;1;0;
202300046954;155597235;A01;1;33;14;0;1;1;1;
202300046955;155597233;A01;2;33;0;2;3;0;1;
202300046955;155597234;B01;1;33;0;2;3;0;1;
202300046956;155597231;A01;2;7;0;2;1;1;1;
202300046956;155597232;B01;1;7;0;2;1;0;1;
202300046957;155597230;A01;0;7;8;0;1;19;0;
202300046958;155597227;B01;1;7;0;9;1;15;1;
202300046958;155597229;A01;2;1;0;2;1;1;5;
202300046959;155597226;A01;2;7;0;2;1;17;1;
202300046959;155597228;B01;2;7;0;2;1;1;1;
202300046960;155597223;B01;2;7;0;2;2;1;1;
202300046960;155597224;A01;1;7;0;2;2;10;1;
202300046961;155597222;A01;3;7;0;0;3;19;0;
202300046961;155597225;B01;3;33;0;2;7;1;0;
202300046962;155597220;A01;1;7;13;0;3;1;1;
202300046963;155597219;A01;2;7;0;2;7;1;1;
202300046963;155597221;B01;2;1;0;2;8;1;5;
202300046964;155597216;A01;3;33;8;0;1;14;0;
202300046965;155597215;A01;1;7;0;2;5;19;1;
202300046965;155597217;B01;1;7;0;2;2;1;1;
202300046966;155597213;A01;1;33;13;0;0;13;1;
202300046967;155597212;A01;2;7;0;2;3;13;1;
202300046967;155597214;B01;1;33;0;2;1;1;1;
202300046968;155597210;A01;2;7;0;1;2;1;0;
202300046969;155597209;A01;2;7;3;0;1;1;1;
202300046970;155597208;A01;2;31;8;0;1;14;1;
202300046971;155597207;A01;1;7;0;0;2;1;1;
202300046972;155597205;B01;1;7;0;9;2;1;0;
202300046972;155597206;A01;2;50;0;2;1;5;3;
202300046973;155597203;A01;2;7;3;2;2;11;1;
202300046973;155597204;B01;2;17;0;2;6;1;1;
202300046974;155597201;B01;1;10;0;2;1;13;1;
202300046974;155597202;A01;2;7;0;0;1;1;1;
202300046975;155597200;A01;2;7;6;0;3;0;1;
202300046976;155597199;A01;1;33;3;0;7;14;1;
202300046977;155597198;A01;2;33;3;0;8;0;1;
202300046978;155597196;A01;3;7;2;2;9;16;1;
202300046978;155597197;B01;1;7;0;2;1;1;1;
202300046979;155597195;A01;2;7;13;0;2;14;0;
202300046980;155597192;A01;3;7;0;2;2;26;0;
202300046980;155597194;B01;0;-1;0;2;0;0;0;
202300046981;155597191;A01;1;33;0;0;0;1;1;
202300046982;155597193;A01;1;1;0;0;0;0;5;
202300046983;155597189;A01;1;7;0;0;3;13;1;
202300046983;155597190;B01;2;7;0;0;3;1;1;
202300046984;155597187;A01;1;10;2;0;1;13;1;
202300046985;155597185;B01;1;7;0;2;6;0;0;
202300046985;155597186;A01;1;7;12;0;5;26;0;
202300046986;155597184;A01;1;33;10;0;1;14;1;
202300046987;155597183;A01;1;33;3;0;3;9;1;
202300046988;155597181;A01;2;7;0;2;3;16;1;
202300046988;155597182;B01;2;80;0;2;2;1;3;
202300046989;155597180;A01;0;7;16;0;1;1;1;
202300046990;155597179;A01;1;7;2;0;1;0;1;
202300046991;155597177;A01;0;1;0;2;0;17;5;
202300046991;155597178;B01;1;10;0;9;6;16;1;
202300046992;155597174;A01;1;7;0;2;1;2;1;
202300046992;155597175;B01;1;7;0;2;4;2;1;
202300046992;155597176;C01;1;7;0;2;4;2;1;
202300046993;155597172;B01;1;1;0;2;1;1;5;
202300046993;155597173;A01;1;1;0;0;6;21;5;
202300046994;155597170;B01;1;33;0;2;3;1;1;
202300046994;155597171;A01;2;7;0;2;3;15;1;
202300046995;155597167;B01;3;7;0;2;1;23;3;
202300046995;155597168;A01;1;33;0;2;1;1;1;
202300046995;155597169;C01;3;7;0;2;7;19;1;
202300046996;155597166;A01;1;7;0;1;2;1;1;
202300046997;155597164;A01;2;7;0;2;2;15;1;
202300046997;155597165;B01;1;50;0;2;1;1;3;
202300046998;155597163;A01;1;1;0;0;0;1;5;
202300046999;155597161;A01;1;7;0;2;1;15;1;
202300046999;155597162;B01;1;1;0;2;1;1;5;
202300047000;155597157;A01;3;50;0;2;1;2;3;
202300047000;155597158;B01;3;50;0;2;4;17;3;
202300047001;155597156;A01;1;7;4;0;1;1;1;
202300047002;155597154;A01;1;7;0;2;2;15;0;
202300047002;155597155;B01;2;33;0;2;1;1;1;
202300047003;155597152;A01;1;15;4;9;1;13;1;
202300047004;155597150;A01;2;33;0;2;8;5;1;
202300047004;155597151;B01;1;7;0;2;3;5;1;
202300047005;155597148;A01;1;7;0;2;5;15;1;
202300047005;155597149;B01;2;31;0;2;1;1;1;
202300047006;155597147;A01;2;7;8;0;9;15;1;
202300047007;155597145;B01;1;7;0;2;1;1;1;
202300047007;155597146;A01;2;7;0;2;2;9;1;
202300047008;155597144;A01;1;7;8;0;3;13;1;
202300047009;155597142;B01;2;33;14;0;1;2;1;
202300047009;155597143;A01;2;10;0;0;4;23;1;
202300047010;155597140;A01;2;7;0;2;3;16;1;
202300047010;155597141;B01;2;31;0;0;8;1;1;
202300047011;155597137;B01;2;10;0;2;4;1;1;
202300047011;155597138;C01;2;7;0;0;0;21;2;
202300047011;155597139;A01;1;7;0;2;1;5;2;
202300047012;155597136;A01;1;7;2;0;1;14;0;
202300047013;155597134;A01;2;43;0;2;1;1;1;
202300047013;155597135;B01;2;7;0;2;3;15;1;
202300047014;155597132;A01;1;1;0;2;1;2;5;
202300047014;155597133;B01;1;7;0;0;4;23;3;
202300047015;155597130;A01;2;33;0;0;1;1;0;
202300047015;155597131;B01;1;99;0;2;7;19;5;
202300047016;155597129;A01;2;31;0;0;9;21;1;
202300047017;155597127;A01;1;7;0;2;4;15;1;
202300047017;155597128;B01;1;33;0;2;1;17;1;
202300047018;155597126;A01;1;7;8;0;1;2;2;
202300047019;155597124;A01;3;7;0;2;8;19;1;
202300047019;155597125;B01;2;10;0;2;1;1;1;
202300047020;155597123;A01;3;99;2;0;1;1;1;
202300047021;155597122;A01;1;7;2;0;1;1;1;
202300047022;155597121;A01;3;7;0;1;1;1;1;
202300047023;155597119;A01;2;10;0;2;8;13;1;
202300047023;155597120;B01;1;33;0;2;1;1;1;
202300047024;155597118;A01;2;31;0;0;1;1;1;
202300047025;155597117;A01;3;2;13;0;1;13;1;
202300047026;155597116;A01;2;7;2;0;1;0;1;
202300047027;155597115;A01;2;7;8;0;1;14;1;
202300047028;155597113;A01;1;33;0;2;1;13;1;
202300047028;155597114;B01;2;7;0;2;2;1;2;
202300047029;155597112;A01;1;7;4;0;3;0;1;
202300047030;155597110;A01;3;7;0;2;3;15;1;
202300047030;155597111;B01;3;33;0;2;1;1;1;
202300047031;155597108;A01;2;7;0;2;3;13;1;
202300047031;155597109;B01;1;7;0;2;3;1;1;
202300047032;155597107;A01;1;7;0;1;1;1;1;
202300047033;155597105;A01;3;10;0;0;0;1;1;
202300047033;155597106;C01;0;1;0;2;3;1;5;
202300047034;155597104;A01;2;2;0;0;1;1;1;
202300047035;155597102;A01;2;33;0;2;1;1;1;
202300047035;155597103;B01;1;7;0;2;1;15;2;
202300047036;155597101;A01;1;7;4;0;3;13;1;
202300047037;155597100;A01;0;7;0;1;4;4;1;
202300047038;155597098;A01;3;7;0;9;1;5;0;
202300047038;155597099;B01;3;1;0;2;1;5;5;
202300047039;155597096;A01;2;7;0;2;4;24;1;
202300047039;155597097;B01;2;33;0;2;1;2;1;
202300047040;155597094;A01;2;7;0;2;3;15;1;
202300047040;155597095;B01;1;2;0;2;1;13;1;
202300047041;155597093;A01;2;1;0;0;0;1;5;
202300047042;155597091;B01;2;7;0;2;2;1;6;
202300047042;155597092;A01;1;7;0;2;2;13;6;
202300047043;155597090;A01;1;7;0;0;7;1;0;
202300047044;155597089;A01;3;33;13;0;1;1;1;
202300047045;155597087;A01;1;7;0;0;6;15;1;
202300047045;155597088;B01;1;33;0;2;1;1;1;
202300047046;155597086;A01;1;7;6;0;1;19;1;
202300047047;155597085;A01;1;7;8;0;1;1;1;
202300047048;155597084;A01;2;7;15;1;1;21;1;
202300047049;155597082;A01;1;7;0;2;2;1;1;
202300047049;155597083;B01;0;1;0;2;5;19;5;
202300047050;155597080;B01;2;7;0;2;2;1;1;
202300047050;155597081;A01;2;7;0;0;3;1;1;
202300047051;155597078;C01;0;99;0;2;5;21;1;
202300047051;155597079;A01;0;2;1;0;5;2;1;
202300047052;155597077;A01;1;7;0;1;2;1;1;
202300047053;155597075;A01;1;7;0;2;1;15;0;
202300047053;155597076;B01;0;43;0;2;1;1;1;
202300047054;155597072;A01;1;34;0;2;1;3;1;
202300047054;155597073;B01;1;14;0;2;0;1;1;
202300047054;155597074;C01;1;14;0;2;0;1;1;
202300047055;155597070;A01;1;7;0;2;1;16;1;
202300047055;155597071;B01;1;50;0;2;7;1;3;
202300047056;155597068;A01;0;33;0;2;8;1;1;
202300047056;155597069;B01;0;7;0;2;8;1;1;
202300047057;155597066;A01;2;30;0;2;1;1;1;
202300047057;155597067;B01;1;7;0;2;3;16;1;
202300047058;155597064;A01;2;7;0;2;2;15;1;
202300047058;155597065;B01;1;32;0;2;1;1;1;
202300047059;155597063;A01;1;7;0;0;2;1;1;
202300047060;155597062;A01;2;7;0;1;3;15;1;
202300047061;155597059;A01;1;34;0;2;1;3;1;
202300047061;155597060;B01;1;14;0;0;5;1;1;
202300047061;155597061;C01;1;7;0;0;5;1;1;
202300047062;155597058;A01;1;7;0;1;3;1;1;
202300047063;155597056;B01;3;1;12;2;0;5;5;
202300047063;155597057;A01;3;38;0;0;1;0;1;1.0
202300047064;155597055;A01;1;7;2;0;8;0;1;
202300047065;155597054;A01;1;7;0;1;2;19;1;
202300047066;155597052;B01;3;7;0;2;0;2;0;
202300047066;155597053;A01;3;80;0;2;4;19;3;
202300047067;155597051;A01;1;7;0;1;2;1;1;
202300047068;155597049;B01;1;7;0;2;3;1;6;
202300047068;155597050;A01;2;7;0;2;2;0;1;
202300047069;155597048;A01;2;2;0;0;4;1;1;
202300047070;155597045;A01;2;7;0;2;8;15;1;
202300047070;155597046;B01;2;33;0;2;2;17;1;
202300047070;155597047;C01;2;33;0;2;2;17;1;
202300047071;155597044;A01;2;7;0;0;0;1;0;
202300047072;155597042;A01;1;7;0;2;3;13;1;
202300047072;155597043;B01;2;15;0;2;3;1;1;
202300047073;155597041;A01;1;33;0;0;7;1;1;
202300047074;155597039;B01;2;7;0;2;3;1;1;
202300047074;155597040;A01;1;7;0;2;3;3;1;
202300047075;155597038;A01;2;2;0;0;1;2;1;
202300047076;155597035;C01;1;7;0;2;8;1;1;
202300047076;155597036;B01;1;15;0;2;1;1;1;
202300047076;155597037;A01;2;7;0;2;3;13;1;
202300047077;155597034;A01;1;33;0;0;0;17;1;
202300047078;155597033;A01;1;2;0;0;0;1;0;
202300047079;155597031;B01;2;2;0;2;1;16;1;
202300047079;155597032;A01;2;7;0;2;2;1;1;
202300047080;155597030;A01;1;2;0;0;0;1;1;
202300047081;155597029;A01;3;7;0;1;4;24;1;
202300047082;155597028;A01;2;33;13;0;7;1;1;
202300047083;155597025;A01;2;7;0;2;1;17;1;
202300047083;155597026;B01;2;10;13;2;4;15;1;
202300047084;155597024;A01;0;33;7;0;2;1;1;
202300047085;155597022;B01;1;10;0;0;6;1;1;
202300047085;155597023;A01;2;7;0;2;1;1;1;
202300047086;155597020;B01;1;7;0;2;1;1;0;
202300047086;155597021;A01;1;2;0;2;1;15;0;
202300047087;155597019;A01;2;33;3;0;2;2;1;
202300047088;155597018;A01;1;7;2;0;2;1;1;
202300047089;155597016;A01;2;1;0;2;8;15;5;
202300047089;155597017;B01;1;7;0;2;1;1;1;
202300047090;155597014;A01;-1;33;0;2;2;17;0;
202300047090;155597015;B01;-1;7;0;2;6;1;0;
202300047091;155597013;A01;3;7;0;1;2;1;1;
202300047092;155597012;A01;1;7;6;0;0;1;1;
202300047093;155597010;A01;3;7;0;2;2;1;1;
202300047093;155597011;B01;3;7;0;2;3;1;1;
202300047094;155597008;A01;1;7;0;2;2;1;1;
202300047094;155597009;B01;2;10;0;2;1;15;1;
202300047095;155597006;A01;3;7;0;2;3;1;0;
202300047095;155597007;B01;3;10;0;2;3;1;1;
202300047096;155597005;A01;1;7;0;1;1;1;0;
202300047097;155597004;A01;3;7;2;0;1;0;1;
202300047098;155597002;A01;2;33;0;2;1;13;1;
202300047098;155597003;B01;1;7;0;2;1;1;1;
202300047099;155597001;A01;2;7;14;0;1;13;1;
202300047100;155597000;A01;1;7;0;1;2;1;1;
202300047101;155596999;A01;1;7;3;0;1;1;1;
202300047102;155596998;A01;2;1;0;0;0;1;5;
202300047103;155596996;A01;1;33;13;2;1;13;1;
202300047103;155596997;B01;2;7;0;2;1;15;1;
202300047104;155596994;A01;3;50;0;2;1;16;3;
202300047104;155596995;B01;3;7;0;0;6;1;1;
202300047105;155596993;A01;2;7;2;0;1;1;1;
202300047106;155596991;A01;2;7;3;2;3;15;0;
202300047106;155596992;B01;1;7;0;2;3;1;0;
202300047107;155596989;B01;2;7;0;2;3;1;1;
202300047107;155596990;A01;1;33;0;2;1;13;1;
202300047108;155596988;A01;2;7;13;0;9;1;1;
202300047109;155596985;C01;2;7;0;2;3;1;1;
202300047109;155596986;A01;1;7;0;2;1;1;1;
202300047109;155596987;B01;2;7;0;2;3;1;1;
202300047110;155596982;A01;1;7;8;0;1;6;1;
202300047111;155596981;A01;3;37;0;1;7;1;0;1.0
202300047112;155596979;A01;1;37;0;2;2;2;1;2.0
202300047112;155596980;B01;1;14;0;0;6;16;1;
202300047113;155596977;B01;1;32;0;2;1;2;1;
202300047113;155596978;A01;1;80;0;2;8;1;3;
202300047114;155596976;A01;2;33;3;0;1;1;1;
202300047115;155596974;A01;0;7;0;0;6;16;1;
202300047115;155596975;B01;0;7;7;2;1;17;1;
202300047116;155596972;A01;2;7;0;2;3;17;1;
202300047116;155596973;B01;1;33;13;2;8;1;1;
202300047117;155596969;A01;1;-1;0;1;0;2;0;
202300047118;155596967;A01;1;10;0;9;3;1;0;
202300047118;155596968;B01;2;1;0;2;1;16;5;
202300047119;155596965;A01;1;10;0;2;2;2;1;
202300047119;155596966;B01;1;36;4;0;6;2;3;
202300047120;155596962;A01;2;7;0;2;1;13;1;
202300047120;155596963;B01;1;2;0;2;0;0;1;
202300047120;155596964;C01;1;7;0;2;1;1;1;
202300047121;155596960;A01;1;7;3;2;1;13;1;
202300047121;155596961;B01;2;10;0;2;1;1;1;
202300047122;155596958;A01;2;7;0;2;2;13;1;
202300047122;155596959;B01;1;7;0;2;2;13;1;
202300047123;155596956;A01;1;3;0;9;2;17;1;
202300047123;155596957;B01;1;80;0;2;4;1;3;
202300047124;155596954;B01;2;80;0;2;1;1;3;
202300047124;155596955;A01;1;7;0;2;2;15;1;
202300047125;155596952;A01;2;7;0;2;2;1;1;
202300047125;155596953;B01;1;7;13;0;5;1;1;
202300047126;155596951;A01;2;1;13;0;0;0;5;
202300047127;155596949;A01;2;33;0;2;7;1;1;
202300047127;155596950;B01;3;7;0;2;3;19;1;
202300047128;155596948;A01;1;7;8;1;1;15;1;
202300047129;155596946;A01;0;7;0;0;3;13;1;
202300047129;155596947;B01;0;7;0;0;3;1;1;
202300047130;155596944;A01;0;33;0;2;0;0;0;
202300047130;155596945;B01;0;7;0;2;8;0;0;
202300047131;155596943;A01;3;7;1;0;1;2;0;
202300047132;155596942;A01;0;31;0;0;8;1;3;
202300047133;155596940;A01;3;7;0;2;3;1;1;
202300047133;155596941;B01;1;7;0;2;3;1;1;
202300047134;155596939;A01;1;33;0;0;0;1;1;
202300047135;155596938;A01;3;7;0;1;4;20;1;
202300047136;155596935;A01;2;50;0;2;7;17;3;
202300047136;155596936;B01;2;33;0;0;8;13;0;
202300047137;155596934;A01;2;7;0;1;3;1;1;
202300047138;155596932;B01;1;7;0;2;2;26;0;
202300047138;155596933;A01;1;7;0;2;1;26;1;
202300047139;155596931;A01;3;36;8;0;1;1;3;
202300047140;155596929;A01;1;7;0;2;2;15;1;
202300047140;155596930;B01;2;14;0;2;8;15;1;
202300047141;155596923;B01;2;1;0;2;7;1;5;
202300047141;155596924;A01;2;7;0;2;3;22;1;
202300047142;155596921;B01;1;7;0;2;2;1;1;
202300047142;155596922;A01;1;7;0;2;5;11;6;
202300047143;155596920;A01;1;10;0;1;1;1;1;
202300047144;155596918;B01;1;50;0;2;1;1;3;
202300047144;155596919;A01;1;7;0;2;7;16;1;
202300047145;155596916;B01;3;50;0;2;0;0;3;
202300047145;155596917;A01;1;7;0;9;0;0;0;
202300047146;155596915;A01;1;7;0;1;1;26;1;
202300047147;155596913;A01;2;7;7;2;2;1;2;
202300047147;155596914;B01;2;7;0;2;3;15;1;
202300047148;155596912;A01;1;31;3;0;0;3;0;
202300047149;155596910;B01;1;7;0;2;3;1;1;
202300047149;155596911;A01;2;7;0;2;3;1;1;
202300047150;155596908;B01;0;1;0;2;1;1;5;
202300047150;155596909;A01;1;10;0;9;3;9;1;
202300047151;155596906;A01;1;7;0;2;2;23;1;
202300047151;155596907;B01;1;7;10;2;3;18;1;
202300047152;155596904;A01;0;7;0;2;3;1;1;
202300047152;155596905;B01;0;7;0;2;3;0;1;
202300047153;155596903;A01;0;7;14;0;1;1;1;
202300047154;155596901;A01;2;15;0;2;6;19;1;
202300047154;155596902;B01;2;7;0;2;1;1;1;
202300047155;155596899;A01;2;99;13;2;3;1;1;
202300047155;155596900;B01;1;7;13;2;7;19;1;
202300047156;155596897;A01;1;7;0;2;1;1;1;
202300047156;155596898;B01;2;7;0;2;1;5;1;
202300047157;155596896;A01;2;7;2;0;2;1;1;
202300047158;155596895;A01;1;7;6;0;3;0;3;
202300047159;155596894;A01;1;10;13;0;1;1;1;
202300047160;155596893;A01;1;7;6;0;3;1;1;
202300047161;155596892;A01;1;7;0;0;3;0;1;
202300047162;155596890;A01;1;7;0;2;1;1;1;
202300047162;155596891;B01;1;7;0;2;4;1;1;
202300047163;155596888;A01;2;7;0;2;1;1;1;
202300047163;155596889;B01;2;7;0;2;4;2;1;
202300047164;155596887;A01;2;7;4;0;1;1;1;
202300047165;155596886;A01;2;7;3;0;1;9;1;
202300047166;155596884;B01;3;7;0;2;4;23;0;
202300047166;155596885;A01;3;10;0;2;1;2;1;
202300047167;155596883;A01;2;7;4;0;1;26;1;
202300047168;155596880;Z01;1;10;0;2;8;11;1;
202300047168;155596881;B01;1;7;0;2;7;1;1;
202300047168;155596882;C01;1;7;0;2;2;1;1;
202300047169;155596879;A01;1;7;4;0;1;0;1;
202300047170;155596876;B01;1;7;0;2;3;1;1;
202300047170;155596877;C01;1;7;0;2;2;1;1;
202300047170;155596878;A01;1;99;0;2;0;2;1;
202300047171;155596875;A01;2;33;0;0;9;1;1;
202300047172;155596872;A01;2;10;0;2;7;2;1;
202300047172;155596873;C01;1;10;0;2;1;15;1;
202300047172;155596874;B01;1;10;0;2;1;16;1;
202300047173;155596871;A01;1;7;0;1;1;1;1;
202300047174;155596870;A01;2;7;0;1;1;1;1;
202300047175;155596867;B01;2;7;0;2;8;15;1;
202300047175;155596868;A01;1;7;0;2;2;17;1;
202300047175;155596869;C01;1;10;0;2;3;1;1;
202300047176;155596865;A01;1;7;16;2;3;15;1;
202300047176;155596866;B01;2;33;0;2;1;1;1;
202300047177;155596864;A01;2;33;12;0;1;17;1;
202300047178;155596863;A01;2;7;0;1;1;1;1;
202300047179;155596861;A01;3;13;0;2;1;0;1;
202300047179;155596862;B01;3;30;0;2;1;17;1;
202300047180;155596855;C01;1;10;0;2;4;2;1;
202300047180;155596856;D01;1;7;0;2;2;1;1;
202300047180;155596857;E01;1;7;0;2;8;0;0;
202300047180;155596858;F01;1;7;0;2;5;1;1;
202300047180;155596859;A01;1;10;3;2;1;1;1;
202300047180;155596860;B01;2;7;3;2;0;0;1;
202300047181;155596853;A01;1;7;0;2;2;1;1;
202300047181;155596854;B01;3;7;0;2;3;1;1;
202300047182;155596851;A01;1;2;0;2;1;1;1;
202300047182;155596852;B01;1;7;0;2;2;1;1;
202300047183;155596849;A01;2;7;0;2;1;13;1;
202300047183;155596850;B01;1;7;0;2;1;1;1;
202300047184;155596848;Z01;1;7;0;1;1;1;0;
202300047185;155596846;A01;1;7;0;2;1;2;1;
202300047185;155596847;B01;1;7;0;2;4;1;1;
202300047186;155596844;A01;1;7;16;0;1;13;1;
202300047186;155596845;B01;1;7;16;0;1;1;1;
202300047187;155596842;A01;1;7;0;2;1;9;1;
202300047187;155596843;B01;2;32;0;2;8;9;1;
202300047188;155596840;A01;1;7;0;2;2;16;1;
202300047188;155596841;B01;1;31;0;2;1;1;1;
202300047189;155596835;C01;2;33;0;2;9;3;1;
202300047189;155596836;A01;2;7;0;2;6;12;1;
202300047189;155596837;B01;2;7;0;2;4;12;1;
202300047189;155596838;D01;2;7;0;2;1;2;1;
202300047189;155596839;E01;2;7;0;2;6;2;1;
202300047190;155596831;A01;3;10;0;2;1;2;1;
202300047190;155596832;B01;3;10;0;2;4;2;1;
202300047191;155596830;A01;2;7;4;0;1;13;1;
202300047192;155596828;B01;2;1;0;2;1;1;5;
202300047192;155596829;A01;1;7;0;2;3;17;1;
202300047193;155596826;A01;2;7;0;2;1;13;1;
202300047193;155596827;B01;1;15;0;2;1;1;1;
202300047194;155596825;A01;1;7;0;1;1;2;1;
202300047195;155596823;A01;3;34;0;2;1;1;1;
202300047195;155596824;B01;3;7;0;2;5;15;1;
202300047196;155596821;A01;3;32;0;2;7;17;1;
202300047196;155596822;B01;3;10;0;2;3;15;1;
202300047197;155596819;A01;3;7;0;2;8;1;1;
202300047197;155596820;B01;3;7;0;2;3;0;1;
202300047198;155596817;B01;1;7;0;2;3;15;1;
202300047198;155596818;A01;1;31;0;2;1;11;1;
202300047199;155596814;B01;3;7;0;0;0;0;0;
202300047199;155596815;A01;0;99;0;2;7;25;3;
202300047199;155596816;C01;0;99;0;2;7;25;0;
202300047200;155596812;A01;1;31;0;2;1;1;1;
202300047200;155596813;B01;1;7;0;2;6;1;1;
202300047201;155596803;A01;0;50;0;2;1;0;3;
202300047201;155596804;B01;1;7;0;2;1;1;1;
202300047202;155596801;A01;1;10;0;2;1;2;1;
202300047202;155596802;B01;1;7;0;2;4;2;1;
202300047203;155596799;B01;1;7;0;2;8;1;1;
202300047203;155596800;A01;1;30;0;2;1;26;1;
202300047204;155596797;B01;3;7;0;2;8;26;1;
202300047204;155596798;A01;3;10;15;2;1;26;1;
202300047205;155596795;A01;3;7;0;2;1;11;1;
202300047205;155596796;B01;3;7;0;2;1;1;1;
202300047206;155596793;A01;3;7;0;2;1;17;1;
202300047206;155596794;B01;3;7;0;2;3;15;1;
202300047207;155596791;A01;3;7;0;2;3;26;1;
202300047207;155596792;B01;3;7;0;2;1;26;1;
202300047208;155596789;A01;2;7;0;2;3;9;1;
202300047208;155596790;B01;2;2;0;2;5;1;1;
202300047209;155596787;A01;3;33;0;2;1;1;1;
202300047209;155596788;B01;3;33;0;2;4;1;1;
202300047210;155596785;A01;1;7;0;2;2;9;1;
202300047210;155596786;B01;2;50;0;2;2;5;3;
202300047211;155596782;B01;2;40;0;2;1;1;3;
202300047211;155596783;A01;2;7;0;4;8;15;1;
202300047211;155596784;C01;1;7;0;4;6;21;1;
202300047212;155596781;A01;1;7;0;1;0;1;1;
202300047213;155596779;A01;1;7;0;2;3;15;1;
202300047213;155596780;B01;2;50;0;2;8;1;3;
202300047214;155596778;A01;3;7;0;1;1;16;1;
202300047215;155596776;B01;2;7;0;2;7;15;1;
202300047215;155596777;A01;1;33;0;2;1;8;1;
202300047216;155596775;A01;0;7;0;1;2;1;1;
202300047217;155596774;A01;3;7;0;1;3;16;1;
202300047218;155596772;B01;1;50;0;2;0;0;3;
202300047218;155596773;A01;2;7;0;2;1;15;1;
202300047219;155596771;A01;2;7;0;1;4;4;1;
202300047220;155596769;A01;1;1;0;2;1;15;5;
202300047220;155596770;B01;1;7;0;9;1;16;0;
202300047221;155596768;A01;1;33;0;0;7;16;1;
202300047222;155596767;A01;1;33;0;0;0;9;1;
202300047223;155596765;A01;3;7;0;2;3;16;1;
202300047223;155596766;B01;3;7;0;2;1;1;1;
202300047224;155596762;A01;3;7;0;2;1;2;1;
202300047224;155596764;B01;3;7;0;2;4;2;1;
202300047225;155596763;A01;2;50;0;1;1;1;3;
202300047226;155596758;A01;1;1;1;0;1;1;5;
202300047226;155596760;B01;1;7;0;2;3;24;1;
202300047227;155596759;A01;3;7;0;2;3;15;1;
202300047227;155596761;B01;3;2;0;2;1;1;1;
202300047228;155596757;A01;1;33;14;0;1;2;1;
202300047229;155596753;A01;2;7;0;2;3;15;1;
202300047229;155596755;B01;2;33;0;2;1;1;1;
202300047230;155596754;A01;1;7;0;2;4;1;1;
202300047230;155596756;B01;1;7;0;2;1;2;1;
202300047231;155596752;A01;3;7;8;0;2;1;1;
202300047232;155596750;B01;1;7;0;2;3;1;1;
202300047232;155596751;A01;2;33;0;1;1;17;1;
202300047233;155596748;B01;3;7;0;2;8;15;1;
202300047233;155596749;A01;2;15;0;2;3;1;1;
202300047234;155596744;A01;1;7;0;9;2;17;1;
202300047234;155596746;B01;1;1;13;2;5;2;5;
202300047234;155596747;C01;1;7;0;2;3;17;6;
202300047235;155596745;A01;2;7;0;1;1;1;1;
202300047236;155596743;A01;1;10;0;1;2;0;1;
202300047237;155596741;A01;2;7;13;0;8;1;1;
202300047238;155596740;B01;0;7;0;0;4;2;1;
202300047238;155596742;A01;3;30;0;2;1;2;1;
202300047239;155596739;A01;2;7;8;0;9;1;1;
202300047240;155596736;A01;2;7;0;0;5;24;0;
202300047240;155596737;B01;2;33;1;0;1;21;0;
202300047241;155596735;B01;2;2;0;2;1;26;1;
202300047241;155596738;A01;1;7;0;2;1;15;1;
202300047242;155596734;A01;1;33;0;0;9;14;1;
202300047243;155596730;A01;1;7;4;0;2;17;1;
202300047243;155596732;B01;1;7;0;2;3;18;0;
202300047244;155596731;A01;1;10;0;2;2;16;1;
202300047244;155596733;B01;1;1;0;2;0;0;5;
202300047245;155596727;A01;3;7;0;2;1;15;1;