Num_Acc;id_vehicule;num_veh;senc;catv;obs;obsm;choc;manv;motor;occutc
202300047245;155596729;B01;1;33;0;2;7;1;1;
202300047246;155596726;A01;2;7;0;2;1;2;1;
202300047246;155596728;B01;0;7;0;2;4;2;1;
202300047247;155596725;A01;1;30;1;0;2;1;1;
202300047248;155596724;A01;2;7;0;1;2;1;3;
202300047249;155596722;A01;1;7;0;2;1;13;2;
202300047249;155596723;B01;2;7;0;2;1;1;1;
202300047250;155596719;A01;1;7;0;2;3;1;1;
202300047250;155596720;B01;2;7;0;2;3;13;1;
202300047251;155596717;C01;3;7;0;2;1;1;1;
202300047251;155596718;B01;3;7;0;2;7;21;2;
202300047251;155596721;A01;3;7;0;2;1;13;1;
202300047252;155596715;A01;2;7;0;2;3;17;1;
202300047252;155596716;B01;1;7;0;2;1;1;1;
202300047253;155596714;A01;1;33;0;0;3;2;1;
202300047254;155596712;A01;1;7;0;2;3;24;1;
202300047254;155596713;B01;1;1;1;0;1;1;5;
202300047255;155596711;A01;2;33;17;0;1;21;1;
202300047256;155596707;B01;3;50;0;2;1;26;3;
202300047256;155596708;A01;1;7;0;2;1;1;1;
202300047257;155596709;A01;3;7;0;2;5;16;1;
202300047257;155596710;B01;3;1;0;2;0;1;5;
202300047258;155596706;A01;1;1;0;0;0;1;5;
202300047259;155596705;A01;1;7;0;9;3;1;0;
202300047260;155596702;A01;1;7;1;1;1;1;0;
202300047261;155596703;A01;2;7;0;1;1;1;1;
202300047262;155596701;A01;3;7;2;0;1;16;0;
202300047263;155596699;A01;1;7;2;0;1;1;1;
202300047264;155596698;A01;1;10;0;2;2;10;1;
202300047264;155596700;B01;2;32;0;2;1;1;1;
202300047265;155596697;A01;1;7;13;0;1;1;1;
202300047266;155596696;A01;1;7;0;9;3;15;1;
202300047267;155596694;A01;2;32;0;2;1;1;1;
202300047267;155596695;B01;1;7;0;2;2;15;1;
202300047268;155596692;A01;2;2;0;2;1;2;1;
202300047268;155596693;B01;2;7;0;2;6;2;1;
202300047269;155596689;B01;2;32;0;2;1;23;1;
202300047269;155596691;A01;1;7;0;2;3;15;1;
202300047270;155596688;A01;1;50;0;0;4;15;3;
202300047270;155596690;B01;1;1;0;9;1;21;5;
202300047271;155596685;A01;1;7;0;0;6;1;1;
202300047271;155596686;B01;1;33;0;0;1;2;1;
202300047272;155596683;C01;2;7;0;2;4;2;1;
202300047272;155596684;A01;2;7;0;2;1;2;1;
202300047272;155596687;B01;2;7;0;2;4;2;1;
202300047273;155596679;B01;2;7;14;0;3;0;1;
202300047273;155596681;C01;2;7;0;2;8;1;1;
202300047273;155596682;A01;2;17;0;2;0;21;0;
202300047274;155596678;A01;2;30;0;2;3;16;3;
202300047274;155596680;B01;1;7;0;2;3;23;1;
202300047275;155596676;A01;1;7;0;2;3;15;1;
202300047275;155596677;B01;2;7;0;2;3;1;1;
202300047276;155596675;A01;1;7;0;1;1;1;1;
202300047277;155596674;A01;1;7;0;0;1;1;0;
202300047278;155596671;A01;2;10;0;2;3;9;1;
202300047278;155596673;B01;2;1;0;2;7;1;5;
202300047279;155596672;A01;3;7;0;1;1;1;1;
202300047280;155596667;A01;1;7;0;9;3;1;1;
202300047280;155596669;B01;3;1;0;2;2;1;5;
202300047281;155596668;A01;1;7;0;9;1;1;1;
202300047281;155596670;B01;1;1;0;2;1;1;5;
202300047282;155596664;A01;2;7;0;0;4;23;1;
202300047282;155596666;B01;2;7;1;0;1;1;1;
202300047283;155596665;A01;1;33;0;1;8;21;1;
202300047284;155596661;A01;1;7;12;2;3;1;1;
202300047284;155596663;B01;2;10;0;2;3;1;1;
202300047285;155596660;A01;2;7;0;2;7;9;1;
202300047285;155596662;B01;1;7;0;2;3;1;1;
202300047286;155596658;A01;2;7;0;2;8;1;1;
202300047286;155596659;B01;1;7;0;2;1;1;1;
202300047287;155596656;A01;3;7;0;0;3;15;0;
202300047288;155596655;A01;1;7;0;2;1;10;1;
202300047288;155596657;B01;1;7;0;2;2;1;1;
202300047289;155596654;A01;1;7;2;0;1;1;1;
202300047290;155596652;A01;3;7;13;0;7;1;1;
202300047291;155596651;B01;2;7;0;2;1;2;1;
202300047291;155596653;A01;2;7;0;2;1;2;1;
202300047292;155596649;A01;2;7;0;1;8;1;1;
202300047293;155596648;B01;1;1;0;0;7;9;5;
202300047293;155596650;A01;1;7;0;9;3;9;1;
202300047294;155596645;A01;1;43;0;1;1;0;1;
202300047295;155596641;B01;3;7;0;2;1;9;1;
202300047295;155596644;A01;0;31;0;2;1;3;3;
202300047296;155596638;A01;1;7;0;2;3;9;1;
202300047296;155596640;B01;1;1;0;2;1;1;5;
202300047297;155596632;A01;2;1;0;2;4;9;5;
202300047297;155596635;B01;3;0;0;2;0;9;0;
202300047298;155596633;A01;1;7;1;0;3;13;1;
202300047298;155596636;B01;2;7;0;2;7;23;1;
202300047299;155596631;B01;1;7;0;2;4;2;1;
202300047299;155596634;A01;1;7;0;2;1;2;1;
202300047300;155596629;A01;1;7;0;0;9;13;1;
202300047301;155596627;B01;2;7;0;2;3;1;1;
202300047301;155596630;A01;3;7;0;2;3;15;1;
202300047302;155596626;A01;1;33;0;2;3;3;1;
202300047302;155596628;B01;1;7;0;2;5;12;1;
202300047303;155596625;A01;3;7;0;0;1;1;1;
202300047304;155596621;B01;2;31;0;2;1;1;1;
202300047304;155596623;A01;1;7;0;2;2;15;1;
202300047305;155596620;C01;1;14;0;2;3;1;1;
202300047305;155596622;A01;1;33;0;2;3;3;1;
202300047305;155596624;B01;1;10;0;2;7;1;1;
202300047306;155596619;A01;1;31;0;0;9;14;1;
202300047307;155596616;A01;1;7;0;2;3;26;1;
202300047307;155596618;B01;2;1;0;2;1;25;5;
202300047308;155596615;B01;1;33;0;2;7;1;1;
202300047308;155596617;A01;1;7;0;2;6;11;1;
202300047309;155596613;A01;1;7;0;1;3;26;1;
202300047310;155596614;A01;3;2;0;0;4;26;1;
202300047311;155596611;B01;2;7;0;2;6;1;1;
202300047311;155596612;A01;2;7;0;2;2;11;1;
202300047312;155596609;A01;1;7;0;1;1;17;1;
202300047313;155596610;Z01;1;7;0;1;2;2;1;
202300047314;155596608;A01;3;7;0;1;1;20;0;
202300047315;155596606;A01;2;10;0;1;4;4;1;
202300047316;155596605;B01;3;7;0;2;1;1;1;
202300047316;155596607;A01;3;32;0;2;4;23;1;
202300047317;155596599;A01;1;7;0;2;8;22;1;
202300047317;155596601;B01;1;1;0;2;1;1;5;
202300047318;155596600;A01;2;7;0;2;1;5;1;
202300047318;155596604;B01;1;7;0;2;1;1;1;
202300047319;155596598;A01;1;7;0;2;1;1;1;
202300047319;155596602;B01;1;7;0;2;4;1;1;
202300047319;155596603;C01;1;7;0;2;4;1;1;
202300047320;155596596;A01;1;7;0;1;3;16;1;
202300047321;155596595;A01;1;7;0;2;2;0;1;
202300047321;155596597;B01;2;15;0;2;8;1;6;
202300047322;155596594;A01;1;7;2;0;1;14;1;
202300047323;155596592;B01;1;7;0;2;6;2;1;
202300047323;155596593;A01;1;43;0;2;1;3;1;
202300047324;155596591;A01;1;31;0;1;1;1;1;
202300047325;155596589;A01;2;33;3;0;3;9;1;
202300047326;155596587;A01;1;50;8;0;0;26;3;
202300047327;155596588;A01;1;7;0;2;0;1;1;
202300047327;155596590;B01;2;7;0;2;3;1;1;
202300047328;155596584;A01;1;36;3;0;2;1;1;
202300047329;155596580;B01;1;7;0;2;1;2;1;
202300047329;155596582;C01;1;7;0;2;1;2;1;
202300047329;155596585;A01;1;7;0;2;4;2;1;
202300047330;155596577;D01;3;7;0;2;2;23;2;
202300047330;155596579;B01;3;7;0;2;7;23;4;
202300047330;155596581;E01;3;7;0;2;6;23;1;
202300047330;155596583;A01;3;32;14;2;8;3;1;
202300047330;155596586;C01;3;10;0;2;5;23;1;
202300047331;155596576;A01;3;7;0;1;3;1;1;
202300047332;155596573;A01;3;31;0;1;1;1;1;
202300047333;155596574;D01;2;15;0;0;4;2;1;
202300047333;155596575;A01;2;14;0;2;1;2;1;
202300047333;155596578;B01;2;16;0;2;6;2;1;
202300047334;155596572;A01;1;30;0;2;3;1;1;
202300047335;155596569;A01;1;30;0;2;4;23;1;
202300047335;155596571;Z01;1;10;12;2;0;1;1;
202300047336;155596568;A01;2;10;0;2;1;2;1;
202300047336;155596570;B01;2;17;0;0;4;2;1;
202300047337;155596567;A01;1;37;0;2;0;26;1;4.0
202300047338;155596562;A01;1;14;13;2;1;5;1;
202300047338;155596564;B01;2;7;16;2;3;1;1;
202300047339;155596560;A01;2;7;0;2;4;2;1;
202300047339;155596561;B01;2;7;0;2;1;2;1;
202300047339;155596563;C01;2;7;0;2;1;2;1;
202300047340;155596559;A01;2;33;0;1;3;1;1;
202300047341;155596558;A01;3;7;12;0;3;13;6;
202300047342;155596555;A01;3;7;0;2;0;23;1;
202300047342;155596556;B01;3;7;0;2;1;4;1;
202300047343;155596554;A01;1;31;0;2;1;1;1;
202300047343;155596557;B01;1;7;0;2;6;1;1;
202300047344;155596553;A01;2;7;0;1;7;14;1;
202300047345;155596550;B01;3;7;0;2;1;1;1;
202300047345;155596552;A01;3;7;0;2;2;1;6;
202300047346;155596549;A01;3;7;0;2;7;15;1;
202300047346;155596551;B01;3;33;0;2;1;1;1;
202300047347;155596545;B01;1;32;0;2;1;17;1;
202300047347;155596547;A01;1;7;0;2;3;15;2;
202300047348;155596544;A01;2;7;0;2;1;1;1;
202300047348;155596548;B01;1;7;0;2;8;15;1;
202300047349;155596543;A01;1;7;0;2;2;16;1;
202300047349;155596546;B01;2;33;0;2;1;1;1;
202300047350;155596541;B01;2;30;0;2;1;1;1;
202300047350;155596542;A01;2;7;0;2;3;1;2;
202300047351;155596538;B01;2;50;0;2;9;1;3;
202300047351;155596539;A01;1;7;0;2;5;4;1;
202300047352;155596537;B01;2;10;0;2;2;1;1;
202300047352;155596540;A01;2;7;0;0;6;23;1;
202300047353;155596536;A01;1;1;12;0;1;1;5;
202300047354;155596534;A01;3;7;0;2;1;15;2;
202300047354;155596535;B01;1;80;0;2;1;1;3;
202300047355;155596531;A01;1;7;0;2;6;20;1;
202300047355;155596533;B01;1;2;0;2;0;0;3;
202300047356;155596529;A01;2;10;0;2;1;1;1;
202300047356;155596532;B01;2;7;0;2;5;1;1;
202300047357;155596527;A01;2;7;0;1;1;1;2;
202300047358;155596525;A01;1;10;0;2;1;2;1;
202300047358;155596526;B01;1;10;0;2;4;2;1;
202300047359;155596523;A01;2;7;0;1;2;1;1;
202300047360;155596521;A01;2;7;0;1;1;15;1;
202300047361;155596520;C01;1;10;0;2;1;23;1;
202300047361;155596522;A01;1;7;0;0;0;11;1;
202300047361;155596524;B01;2;33;0;2;1;21;1;
202300047362;155596517;C01;1;7;0;2;4;23;1;
202300047362;155596518;A01;1;7;0;2;1;1;1;
202300047362;155596519;B01;1;7;0;2;4;23;1;
202300047363;155596516;A01;2;31;4;0;7;1;1;
202300047364;155596514;A01;1;7;0;2;0;0;1;
202300047364;155596515;B01;2;1;0;2;0;0;5;
202300047365;155596513;A01;1;7;0;1;1;9;1;
202300047366;155596511;A01;2;10;0;0;6;15;1;
202300047366;155596512;B01;2;33;0;2;1;13;1;
202300047367;155596509;A01;2;7;1;0;3;13;2;
202300047368;155596508;A01;3;7;0;1;2;1;1;
202300047369;155596507;A01;2;34;12;9;3;1;1;
202300047370;155596510;A01;3;7;0;1;1;11;1;
202300047371;155596505;A01;0;30;0;1;1;1;1;
202300047372;155596503;B01;2;7;0;2;7;1;1;
202300047372;155596506;A01;2;10;0;2;1;19;1;
202300047373;155596502;Z01;0;7;0;2;3;2;0;
202300047373;155596504;A01;0;50;0;2;2;2;3;
202300047374;155596500;B01;3;31;0;2;1;26;1;
202300047374;155596501;A01;3;7;0;2;7;26;1;
202300047375;155596497;A01;3;7;0;2;1;19;1;
202300047375;155596499;B01;1;0;0;2;0;0;6;
202300047376;155596496;A01;1;7;0;2;1;1;1;
202300047376;155596498;B01;1;2;0;2;4;26;1;
202300047377;155596493;A01;1;7;0;2;3;13;1;
202300047377;155596495;B01;1;33;0;2;0;0;1;
202300047378;155596491;B01;3;37;0;0;0;0;0;2.0
202300047378;155596494;A01;3;7;0;0;0;0;0;
202300047379;155596490;B01;1;1;0;2;1;0;5;
202300047379;155596492;A01;1;7;0;9;1;1;1;
202300047380;155596486;A01;1;7;0;1;1;16;1;
202300047381;155596482;A01;0;7;0;2;7;2;1;
202300047381;155596484;B01;0;1;0;0;8;2;5;
202300047382;155596480;A01;2;10;0;2;2;0;2;
202300047382;155596483;B01;1;2;0;2;1;0;1;
202300047383;155596479;B01;3;7;0;2;1;0;0;
202300047383;155596481;A01;3;7;0;2;4;0;0;
202300047384;155596476;A01;1;10;0;1;2;0;1;
202300047385;155596477;A01;3;7;4;0;0;17;1;
202300047386;155596471;A01;0;14;0;0;1;1;1;
202300047386;155596472;B01;0;3;0;0;8;15;1;
202300047387;155596470;A01;3;10;0;0;7;1;1;
202300047387;155596473;B01;1;33;0;2;1;1;1;
202300047388;155596469;B01;2;7;0;2;4;2;1;
202300047388;155596474;A01;2;7;0;2;4;2;1;
202300047388;155596475;D01;2;10;0;2;1;2;0;
202300047388;155596478;C01;2;7;0;2;1;2;1;
202300047389;155596468;B01;3;7;0;1;1;2;1;
202300047390;155596466;A01;1;7;0;9;2;1;1;
202300047390;155596467;B01;1;1;0;2;1;1;5;
202300047391;155596463;B01;1;7;0;2;8;0;1;
202300047391;155596465;A01;1;7;0;2;2;12;1;
202300047392;155596460;A01;2;33;4;2;1;21;1;
202300047392;155596462;B01;1;7;0;2;3;1;0;
202300047393;155596461;B01;2;1;0;2;1;1;5;
202300047393;155596464;A01;1;50;0;2;1;13;3;
202300047394;155596456;A01;0;80;0;0;0;1;3;
202300047394;155596458;B01;0;10;0;0;0;15;1;
202300047395;155596455;A01;2;7;0;1;2;1;1;
202300047396;155596454;C01;1;10;0;2;7;2;1;
202300047396;155596457;A01;1;7;0;2;8;13;1;
202300047396;155596459;B01;1;33;0;2;7;3;1;
202300047397;155596453;A01;3;7;0;1;2;1;1;
202300047398;155596452;A01;1;7;0;1;1;1;1;
202300047399;155596449;A01;2;7;13;0;2;1;1;
202300047400;155596450;A01;2;33;0;2;3;1;1;
202300047400;155596451;B01;2;7;0;2;5;12;1;
202300047401;155596448;A01;1;10;0;1;2;1;1;
202300047402;155596446;A01;1;7;0;1;1;1;1;
202300047403;155596445;A01;1;10;0;2;2;12;1;
202300047403;155596447;B01;1;17;0;2;6;12;1;
202300047404;155596444;A01;3;7;16;0;9;1;1;
202300047405;155596443;A01;3;7;6;0;2;16;1;
202300047406;155596439;D01;1;7;0;2;2;1;1;
202300047406;155596441;C01;1;7;0;2;8;1;0;
202300047406;155596442;B01;1;32;0;2;1;3;0;
202300047407;155596437;B01;1;33;0;2;7;1;1;
202300047407;155596440;A01;2;7;0;2;2;15;1;
202300047408;155596434;A01;2;33;0;2;1;3;1;
202300047408;155596436;B01;2;7;0;2;4;2;1;
202300047409;155596433;A01;1;7;15;0;6;14;1;
202300047410;155596432;A01;1;7;0;2;6;1;1;
202300047410;155596435;B01;1;7;12;2;3;1;1;
202300047411;155596430;A01;1;33;0;2;1;3;1;
202300047411;155596431;B01;2;7;0;2;4;2;1;
202300047412;155596429;A01;1;7;6;0;2;0;0;
202300047413;155596428;A01;3;7;0;1;3;1;1;
202300047414;155596424;A01;2;7;0;2;4;1;1;
202300047414;155596427;B01;2;14;0;2;1;1;1;
202300047415;155596423;A01;1;7;0;2;3;10;1;
202300047415;155596426;B01;1;2;0;2;2;1;1;
202300047416;155596422;A01;1;7;0;2;3;15;0;
202300047416;155596425;B01;2;2;0;2;1;1;0;
202300047417;155596418;A01;1;10;0;2;1;2;1;
202300047417;155596421;B01;1;17;0;2;4;2;1;
202300047418;155596417;B01;0;7;0;2;3;0;1;
202300047418;155596420;A01;3;32;0;2;1;17;1;
202300047419;155596416;A01;2;3;0;2;1;13;1;
202300047419;155596419;B01;1;14;0;2;3;1;1;
202300047420;155596413;A01;1;7;13;0;2;1;0;
202300047421;155596412;A01;1;33;0;2;1;9;1;
202300047421;155596415;B01;1;7;0;2;6;1;1;
202300047422;155596411;B01;3;7;0;2;2;1;0;
202300047422;155596414;A01;3;7;0;2;2;1;0;
202300047423;155596408;B01;2;7;0;2;7;12;1;
202300047423;155596410;A01;2;32;0;2;3;3;1;
202300047424;155596409;A01;1;3;2;0;9;26;1;
202300047425;155596405;B01;1;10;0;2;4;2;1;
202300047425;155596406;A01;1;33;0;2;1;2;1;
202300047426;155596407;A01;0;7;0;1;7;1;1;
202300047427;155596403;A01;1;7;4;0;9;15;1;
202300047428;155596402;B01;2;7;0;0;8;1;0;
202300047428;155596404;A01;0;10;0;2;3;19;1;
202300047429;155596399;A01;2;13;0;2;0;12;1;
202300047429;155596401;B01;2;7;0;2;0;0;1;
202300047430;155596398;A01;2;7;15;0;1;1;1;
202300047431;155596397;A01;1;7;0;0;0;0;1;
202300047431;155596400;B01;1;33;0;0;0;0;1;
202300047432;155596396;A01;2;7;1;0;6;11;1;
202300047433;155596391;A01;1;7;0;1;1;1;1;
202300047433;155596395;Z01;1;32;0;9;1;26;1;
202300047434;155596390;A01;1;7;0;9;1;15;1;
202300047434;155596392;B01;1;1;0;2;1;16;5;
202300047435;155596388;B01;3;2;0;2;0;0;1;
202300047435;155596389;A01;3;7;0;2;8;2;1;
202300047436;155596387;A01;1;7;13;0;2;14;1;
202300047437;155596384;A01;3;10;0;1;3;15;0;
202300047438;155596383;A01;3;7;0;1;1;1;0;
202300047439;155596381;A01;2;50;0;0;0;25;3;
202300047440;155596379;A01;3;7;0;2;2;1;1;
202300047440;155596380;B01;2;32;0;2;3;15;1;
202300047441;155596378;A01;1;7;0;2;3;1;1;
202300047441;155596382;B01;2;7;0;2;1;1;1;
202300047442;155596377;A01;2;31;0;6;2;1;1;
202300047443;155596374;A01;2;7;0;2;0;0;1;
202300047443;155596376;B01;1;34;1;0;1;0;1;
202300047444;155596372;A01;3;32;0;2;1;17;1;
202300047444;155596373;B01;3;99;0;2;3;9;1;
202300047445;155596368;A01;1;7;0;1;0;20;1;
202300047446;155596370;B01;2;10;0;2;1;1;1;
202300047446;155596375;A01;1;7;0;2;1;15;1;
202300047447;155596369;A01;1;2;13;2;1;1;1;
202300047447;155596371;B01;2;7;0;2;2;1;1;
202300047448;155596365;A01;1;7;0;2;5;1;2;
202300047448;155596367;B01;2;10;0;2;1;1;1;
202300047449;155596366;A01;1;7;13;0;2;16;1;
202300047450;155596364;A01;1;7;6;0;1;14;1;
202300047451;155596363;A01;1;30;0;0;0;1;3;
202300047452;155596361;A01;2;10;0;9;8;22;0;
202300047452;155596362;B01;2;1;1;0;1;1;5;
202300047453;155596360;A01;2;7;2;0;4;1;1;
202300047454;155596354;A01;3;7;0;2;1;2;1;
202300047454;155596359;B01;3;7;0;2;4;2;1;
202300047455;155596353;A01;2;7;0;2;3;16;1;
202300047455;155596356;B01;1;2;0;2;8;17;1;
202300047456;155596349;A01;3;7;13;0;1;19;1;
202300047457;155596347;A01;0;7;0;0;3;9;1;
202300047457;155596350;B01;0;1;0;2;4;1;5;
202300047458;155596345;A01;0;7;13;0;1;1;1;
202300047459;155596344;A01;0;50;0;2;2;19;3;
202300047459;155596346;B01;1;7;0;9;1;15;1;
202300047460;155596340;A01;3;21;0;2;8;0;1;
202300047460;155596342;B01;3;1;0;2;1;2;5;
202300047461;155596341;A01;2;7;1;0;2;1;1;
202300047462;155596339;B01;2;7;0;2;8;1;1;
202300047462;155596343;A01;2;7;0;2;2;1;1;
202300047463;155596338;A01;2;7;2;0;1;1;1;
202300047464;155596336;A01;1;7;0;2;1;15;1;
202300047464;155596337;B01;2;1;0;2;7;1;5;
202300047465;155596335;A01;1;30;0;1;3;7;0;
202300047466;155596334;A01;1;7;13;0;9;13;0;
202300047467;155596333;A01;1;7;0;1;1;1;1;
202300047468;155596330;A01;2;7;0;0;0;0;1;
202300047469;155596328;A01;3;7;0;2;1;1;1;
202300047469;155596331;B01;3;7;0;2;1;1;1;
202300047470;155596329;B01;1;33;0;2;1;2;1;
202300047470;155596332;A01;1;7;0;2;6;15;1;
202300047471;155596323;A01;1;7;0;2;7;16;1;
202300047471;155596326;B01;1;50;0;2;1;26;3;
202300047472;155596324;A01;2;7;0;2;2;2;1;
202300047472;155596327;B01;2;15;0;2;6;2;1;
202300047473;155596325;A01;2;7;0;1;3;1;1;
202300047474;155596321;A01;1;7;13;0;2;0;1;
202300047475;155596318;B01;3;1;1;2;1;2;0;
202300047475;155596320;A01;3;7;0;2;8;24;1;
202300047476;155596314;A01;1;7;0;1;1;1;1;
202300047477;155596315;A01;0;7;0;2;3;23;1;
202300047477;155596317;B01;2;32;0;2;3;19;1;
202300047478;155596313;C01;1;7;0;2;4;1;1;
202300047478;155596316;A01;1;7;0;2;1;11;1;
202300047478;155596319;B01;1;10;0;2;4;1;1;
202300047479;155596310;B01;1;7;0;2;0;2;1;
202300047479;155596312;A01;1;30;0;2;8;2;1;
202300047480;155596308;A01;2;10;0;2;1;1;1;
202300047480;155596311;B01;2;17;0;2;4;1;1;
202300047481;155596307;A01;1;7;1;0;1;1;1;
202300047482;155596306;A01;1;7;0;2;1;1;1;
202300047482;155596309;B01;2;7;0;2;3;1;1;
202300047483;155596305;A01;1;7;0;1;3;9;2;
202300047484;155596304;A01;3;7;12;0;1;5;1;
202300047485;155596302;A01;1;33;12;0;3;16;1;
202300047486;155596300;A01;1;7;0;1;1;0;1;
202300047487;155596301;A01;1;10;0;2;1;17;0;
202300047487;155596303;B01;1;7;0;2;0;1;1;
202300047488;155596298;A01;1;31;0;0;0;26;1;
202300047489;155596297;A01;2;16;0;0;6;23;1;
202300047489;155596299;B01;2;7;1;0;2;17;1;
202300047490;155596293;A01;1;7;0;2;6;1;1;
202300047490;155596296;B01;2;1;0;2;1;1;5;
202300047491;155596295;A01;1;33;3;0;0;1;1;
202300047492;155596292;A01;2;15;6;0;2;1;6;
202300047492;155596294;B01;1;7;0;9;7;14;1;
202300047493;155596290;B01;2;7;0;2;8;15;1;
202300047493;155596291;A01;2;33;0;2;1;17;1;
202300047494;155596287;A01;1;7;0;2;1;13;1;
202300047494;155596289;B01;2;7;0;2;1;1;1;
202300047495;155596285;A01;2;7;0;2;1;2;6;
202300047495;155596288;B01;2;10;0;0;4;2;1;
202300047496;155596284;B01;3;34;0;2;1;1;1;
202300047496;155596286;A01;3;7;0;2;1;15;1;
202300047497;155596282;A01;3;7;0;2;2;12;1;
202300047497;155596283;B01;3;33;0;2;3;1;1;
202300047498;155596280;A01;1;2;0;2;1;17;1;
202300047498;155596281;B01;1;7;0;2;3;15;1;
202300047499;155596278;A01;3;7;0;1;1;15;1;
202300047500;155596277;A01;1;10;16;0;7;12;1;
202300047500;155596279;B01;1;31;8;2;1;2;1;
202300047501;155596274;A01;3;7;0;2;1;16;1;
202300047501;155596276;B01;3;1;0;2;1;1;5;
202300047502;155596273;A01;0;7;0;2;1;15;1;
202300047502;155596275;B01;1;1;0;2;1;1;5;
202300047503;155596269;A01;1;7;13;0;1;1;1;
202300047504;155596270;B01;3;60;0;2;2;19;5;
202300047504;155596272;A01;2;7;0;2;2;26;1;
202300047505;155596268;A01;1;7;0;1;4;23;1;
202300047505;155596271;B01;1;7;0;2;1;2;1;
202300047506;155596266;A01;1;33;12;0;7;0;1;
202300047507;155596261;A01;2;7;0;2;3;16;1;
202300047507;155596263;B01;3;50;0;2;1;5;3;
202300047508;155596262;B01;3;7;0;2;7;2;1;
202300047508;155596267;A01;3;1;0;2;8;2;5;
202300047509;155596258;A01;0;7;0;9;2;1;1;
202300047509;155596260;B01;0;1;0;2;1;9;5;
202300047510;155596255;A01;1;33;0;2;1;17;1;
202300047510;155596257;B01;1;50;0;2;4;1;3;
202300047511;155596253;A01;2;7;0;2;5;22;2;
202300047511;155596256;B01;2;50;0;2;1;18;3;
202300047512;155596252;A01;3;10;0;1;4;4;3;
202300047513;155596251;A01;2;33;0;0;0;0;1;
202300047514;155596250;A01;1;50;0;2;0;1;3;
202300047514;155596254;B01;1;7;0;2;3;1;1;
202300047515;155596244;A01;2;10;0;2;3;9;1;
202300047515;155596247;B01;1;33;0;2;7;15;1;
202300047516;155596245;A01;1;7;0;0;5;22;1;
202300047516;155596249;B01;1;31;0;0;1;18;1;
202300047517;155596243;B01;2;32;0;2;1;1;1;
202300047517;155596246;A01;1;10;0;2;7;15;1;
202300047518;155596238;A01;1;7;0;2;1;1;1;
202300047518;155596242;B01;1;7;0;2;3;1;1;
202300047518;155596248;C01;2;7;0;2;3;9;1;
202300047519;155596240;B01;3;1;12;2;6;19;5;
202300047519;155596241;A01;1;34;0;2;3;1;1;
202300047520;155596236;B01;3;1;0;2;0;0;5;
202300047520;155596237;A01;3;7;0;9;3;15;1;
202300047521;155596234;A01;1;7;12;1;3;14;1;
202300047522;155596235;A01;1;7;0;2;3;13;1;
202300047522;155596239;B01;2;32;0;2;3;1;1;
202300047523;155596231;A01;1;7;0;2;5;1;0;
202300047523;155596233;B01;2;7;0;2;3;1;0;
202300047524;155596229;A01;1;7;9;1;1;1;1;
202300047525;155596227;A01;2;30;0;1;3;21;1;
202300047526;155596226;B01;1;33;0;2;7;1;1;
202300047526;155596230;C01;2;7;-1;2;3;10;1;
202300047527;155596225;B01;1;7;0;2;3;1;1;
202300047527;155596232;A01;1;7;0;2;5;12;1;
202300047528;155596224;A01;1;33;0;2;1;1;1;
202300047528;155596228;B01;1;7;0;2;3;15;1;
202300047529;155596223;A01;1;7;1;0;2;1;1;
202300047530;155596218;A01;2;10;0;2;2;12;1;
202300047530;155596222;B01;2;7;0;2;3;1;1;
202300047531;155596217;A01;2;10;0;2;1;1;1;
202300047531;155596220;B01;3;50;0;2;7;19;3;
202300047532;155596215;A01;1;7;0;2;3;13;1;
202300047532;155596219;B01;2;7;0;2;2;1;1;
202300047533;155596214;A01;1;31;0;2;5;2;1;
202300047533;155596216;B01;1;7;0;2;5;2;1;
202300047534;155596213;A01;3;7;0;2;7;1;1;
202300047534;155596221;B01;3;7;0;2;1;1;1;
202300047535;155596211;A01;1;7;6;0;3;1;0;
202300047536;155596209;A01;2;7;9;0;1;6;1;
202300047537;155596210;A01;2;7;0;1;3;1;2;
202300047538;155596207;B01;1;7;0;2;6;1;1;
202300047538;155596212;A01;1;13;0;2;2;1;1;
202300047539;155596205;A01;2;7;0;2;3;17;1;
202300047539;155596208;B01;2;34;0;2;5;17;1;
202300047540;155596204;A01;1;10;3;2;5;13;1;
202300047540;155596206;B01;2;7;0;2;1;1;1;
202300047541;155596203;A01;2;32;0;1;1;17;1;
202300047542;155596201;A01;2;7;6;0;2;1;1;
202300047543;155596200;A01;2;32;0;2;1;1;1;
202300047543;155596202;B01;1;10;0;2;3;15;1;
202300047544;155596196;A01;1;99;0;2;1;5;0;
202300047544;155596199;B01;2;32;0;2;1;23;1;
202300047545;155596197;A01;1;7;0;0;0;1;0;
202300047546;155596194;B01;1;33;0;2;1;1;1;
202300047546;155596198;A01;1;7;0;2;3;26;1;
202300047547;155596193;B01;3;50;0;2;7;19;3;
202300047547;155596195;A01;1;7;0;2;1;1;1;
202300047548;155596190;B01;1;2;0;2;1;1;1;
202300047548;155596191;A01;1;7;0;2;3;9;1;
202300047549;155596187;A01;3;32;0;0;3;1;1;
202300047549;155596189;B01;3;7;0;2;4;23;2;
202300047550;155596186;C01;0;7;0;2;4;2;0;
202300047550;155596188;A01;0;7;0;2;1;2;0;
202300047550;155596192;B01;0;7;0;2;4;2;0;
202300047551;155596181;A01;1;7;12;2;0;5;0;