Num_Acc;id_vehicule;num_veh;senc;catv;obs;obsm;choc;manv;motor;occutc
202300047551;155596184;B01;2;31;12;2;0;1;1;
202300047552;155596179;A01;3;7;0;2;1;15;1;
202300047552;155596182;B01;3;33;0;2;1;1;1;
202300047552;155596183;C01;3;7;0;2;2;1;1;
202300047553;155596178;A01;1;30;0;1;1;17;1;
202300047554;155596177;A01;3;7;0;2;2;15;1;
202300047554;155596180;B01;3;2;0;2;2;1;1;
202300047555;155596185;A01;2;7;6;0;1;1;1;
202300047556;155596172;A01;3;7;0;2;5;1;1;
202300047556;155596175;B01;3;7;0;2;1;1;1;
202300047557;155596171;B01;1;7;0;2;2;20;1;
202300047557;155596174;A01;2;32;0;2;1;5;1;
202300047558;155596169;A01;0;7;0;2;0;0;0;
202300047558;155596173;B01;3;2;0;2;0;0;1;
202300047559;155596165;A01;0;2;0;0;2;17;0;
202300047559;155596168;B01;0;30;0;2;8;15;1;
202300047560;155596162;A01;2;7;0;2;0;0;1;
202300047560;155596167;B01;1;31;0;2;7;1;1;
202300047561;155596161;A01;2;7;0;2;1;2;1;
202300047561;155596164;B01;2;10;0;2;4;2;1;
202300047562;155596163;A01;1;7;0;1;1;1;1;
202300047563;155596159;A01;1;7;0;1;2;17;1;
202300047564;155596153;A01;1;34;0;2;1;26;1;
202300047564;155596156;B01;3;7;0;2;2;26;1;
202300047565;155596154;B01;2;50;0;2;8;1;3;
202300047565;155596158;A01;2;30;0;2;1;19;1;
202300047566;155596152;Y01;2;1;0;2;1;1;5;
202300047566;155596155;A01;2;7;0;2;3;15;1;
202300047567;155596151;A01;1;7;0;2;8;24;1;
202300047567;155596157;B01;1;1;0;2;1;1;5;
202300047568;155596147;B01;2;30;0;2;5;1;0;
202300047568;155596149;A01;2;99;0;2;5;26;0;
202300047569;155596148;A01;3;7;16;9;1;12;1;
202300047570;155596141;A01;3;10;0;2;0;26;1;
202300047570;155596144;B01;3;1;0;2;1;1;5;
202300047571;155596142;E01;2;33;0;2;0;3;1;
202300047571;155596146;A01;2;7;0;2;0;1;1;
202300047571;155596150;B01;2;32;0;2;0;3;1;
202300047571;155596160;C01;2;7;0;2;0;1;1;
202300047571;155596166;D01;2;7;0;2;0;1;1;
202300047572;155596137;A01;1;7;0;2;3;15;1;
202300047572;155596140;B01;1;33;0;2;5;2;1;
202300047573;155596131;A01;3;43;0;0;0;0;1;
202300047574;155596134;B01;1;7;8;2;1;2;1;
202300047574;155596138;A01;1;10;0;2;8;17;1;
202300047575;155596129;A01;2;7;0;2;4;2;1;
202300047575;155596130;B01;2;7;0;2;4;2;1;
202300047575;155596133;C01;2;7;0;2;1;2;2;
202300047576;155596126;D01;3;7;0;2;3;1;1;
202300047576;155596128;E01;3;10;0;2;4;1;1;
202300047576;155596132;F01;3;7;0;2;4;1;2;
202300047576;155596136;C01;3;7;0;2;8;1;3;
202300047576;155596143;B01;3;7;0;0;4;2;1;
202300047576;155596145;A01;3;7;0;2;1;1;1;
202300047577;155596123;B01;2;7;0;2;3;15;0;
202300047577;155596127;A01;1;32;0;2;1;1;1;
202300047578;155596122;A01;1;7;3;0;2;1;1;
202300047579;155596119;A01;2;7;1;2;4;20;1;
202300047579;155596120;B01;2;7;0;2;1;1;1;
202300047580;155596121;A01;3;7;0;2;8;9;1;
202300047580;155596124;B01;3;50;0;2;1;1;3;
202300047581;155596125;A01;1;7;0;2;8;26;1;
202300047581;155596135;B01;2;7;4;2;2;1;1;
202300047581;155596139;D01;3;7;0;2;0;0;1;
202300047582;155596116;A01;3;10;0;2;1;19;1;
202300047582;155596118;B01;3;7;0;2;8;19;1;
202300047583;155596115;B01;2;7;1;2;1;2;0;
202300047583;155596117;A01;2;7;1;0;4;2;0;
202300047584;155596114;A01;1;7;2;0;1;26;1;
202300047585;155596107;A01;2;10;0;2;3;11;3;
202300047585;155596108;B01;2;31;0;2;6;3;1;
202300047586;155596106;C01;1;7;0;2;4;1;1;
202300047586;155596110;A01;1;7;0;2;1;1;1;
202300047586;155596111;B01;1;7;0;2;4;1;1;
202300047587;155596099;C01;1;7;0;2;5;1;1;
202300047587;155596102;A01;1;7;4;2;2;12;1;
202300047587;155596103;B01;1;7;0;2;6;1;1;
202300047588;155596101;A01;1;7;0;2;2;9;1;
202300047588;155596104;B01;1;2;0;2;3;1;1;
202300047589;155596098;B01;3;50;0;2;1;1;3;
202300047589;155596100;A01;3;10;0;2;3;9;1;
202300047590;155596097;A01;3;7;8;0;1;13;1;
202300047591;155596096;A01;2;1;0;1;1;1;5;
202300047592;155596105;A01;1;10;0;1;7;16;1;
202300047593;155596095;A01;1;2;16;0;7;1;1;
202300047594;155596093;A01;2;7;0;1;3;2;3;
202300047595;155596091;B01;1;33;0;2;8;15;1;
202300047595;155596094;A01;1;31;0;2;1;1;1;
202300047596;155596088;B01;1;33;0;2;1;1;1;
202300047596;155596090;A01;2;7;0;2;3;13;1;
202300047597;155596089;B01;1;10;0;2;3;20;0;
202300047597;155596092;A01;1;7;0;2;2;2;1;
202300047598;155596083;A01;3;32;1;2;2;1;1;
202300047598;155596085;B01;3;7;0;2;6;23;1;
202300047599;155596084;Z01;3;7;0;2;8;10;0;
202300047599;155596086;B01;3;50;0;2;1;1;3;
202300047600;155596082;A01;1;10;0;2;1;1;0;
202300047600;155596087;B01;1;7;0;2;5;15;1;
202300047601;155596081;A01;1;7;0;1;1;16;2;
202300047602;155596079;A01;1;1;0;1;5;1;5;
202300047603;155596075;A01;1;7;0;2;8;22;1;
202300047603;155596078;B01;1;50;0;2;7;1;3;
202300047604;155596074;B01;0;33;0;2;1;2;1;
202300047604;155596080;A01;0;80;0;2;8;15;3;
202300047605;155596073;A01;2;50;0;1;1;1;3;
202300047606;155596071;A01;1;32;0;2;1;3;1;
202300047606;155596072;B01;1;10;0;2;3;15;1;
202300047607;155596065;A01;1;7;0;2;1;1;1;
202300047607;155596068;B01;1;13;0;2;4;1;1;
202300047608;155596063;A01;3;7;0;2;0;0;1;
202300047608;155596066;B01;1;31;0;2;7;1;1;
202300047609;155596064;A01;1;33;0;2;2;1;1;
202300047609;155596069;B01;1;7;0;2;6;1;0;
202300047610;155596062;C01;1;7;0;2;4;1;1;
202300047610;155596067;B01;1;7;0;2;4;2;1;
202300047610;155596070;A01;1;7;0;2;1;2;1;
202300047611;155596059;A01;1;7;0;2;1;15;1;
202300047611;155596060;B01;1;7;0;2;4;15;1;
202300047612;155596058;B01;1;37;0;2;0;1;3;2.0
202300047612;155596061;A01;1;1;0;2;0;16;5;
202300047613;155596057;A01;2;33;6;0;1;14;1;
202300047614;155596056;A01;2;10;0;1;3;15;1;
202300047615;155596054;A01;2;33;0;1;1;17;1;
202300047616;155596053;B01;3;33;0;2;3;1;1;
202300047616;155596055;A01;2;10;0;2;3;15;1;
202300047617;155596050;A01;3;7;0;1;1;0;1;
202300047618;155596047;A01;1;1;0;2;5;14;5;
202300047618;155596051;B01;1;43;0;2;1;1;1;
202300047619;155596042;A01;2;50;1;0;1;1;3;
202300047620;155596041;A01;2;7;0;2;7;1;1;
202300047620;155596044;B01;2;7;0;2;1;1;1;
202300047621;155596039;A01;0;7;4;0;1;1;2;
202300047622;155596040;A01;1;7;0;2;4;1;0;
202300047622;155596043;B01;1;7;0;2;2;2;1;
202300047623;155596036;A01;2;7;0;2;7;0;1;
202300047623;155596038;B01;1;7;0;2;1;0;2;
202300047624;155596035;A01;1;7;8;2;1;5;1;
202300047624;155596037;B01;2;10;0;2;1;15;1;
202300047625;155596034;A01;2;7;0;1;1;16;2;
202300047626;155596033;A01;1;50;0;0;0;16;3;
202300047627;155596030;A01;1;7;0;2;1;13;1;
202300047627;155596032;B01;2;7;0;2;1;1;1;
202300047628;155596028;B01;2;33;6;2;1;15;1;
202300047628;155596031;A01;2;7;6;2;3;1;1;
202300047629;155596027;A01;3;33;0;0;0;0;0;
202300047630;155596029;A01;1;38;4;1;7;16;1;1.0
202300047631;155596025;A01;0;1;0;1;1;1;5;
202300047632;155596024;A01;2;7;0;2;3;5;1;
202300047632;155596026;B01;1;80;0;2;1;1;3;
202300047633;155596022;A01;1;2;0;1;1;1;3;
202300047634;155596019;A01;1;7;0;1;2;1;3;
202300047635;155596021;Z01;3;50;0;2;1;1;3;
202300047635;155596023;A01;0;1;0;2;1;1;5;
202300047636;155596018;A01;0;1;0;2;4;26;5;
202300047636;155596020;B01;0;50;0;2;1;1;3;
202300047637;155596013;A01;1;7;0;2;1;2;1;
202300047637;155596015;B01;1;50;0;0;0;0;3;
202300047638;155596012;B01;2;7;0;0;3;1;1;
202300047638;155596016;A01;1;7;0;0;3;17;1;
202300047639;155596014;A01;0;7;0;9;2;1;1;
202300047639;155596017;B01;3;50;0;2;8;19;3;
202300047640;155596009;A01;2;7;0;1;1;1;1;
202300047641;155596007;A01;1;7;0;2;1;2;1;
202300047641;155596008;B01;1;7;4;0;8;11;1;
202300047642;155596005;A01;2;10;0;0;0;1;0;
202300047642;155596006;B01;3;1;0;0;0;0;5;
202300047643;155596003;A01;2;7;1;0;2;1;1;
202300047644;155596002;B01;1;33;0;2;6;17;1;
202300047644;155596004;A01;1;7;0;2;6;15;1;
202300047645;155596010;Z01;2;14;0;2;5;1;0;
202300047645;155596011;A01;2;1;1;2;8;17;5;
202300047646;155596000;A01;1;7;2;0;1;13;1;
202300047647;155595998;A01;3;7;0;2;1;0;0;
202300047647;155596001;B01;3;1;0;2;7;0;5;
202300047648;155595999;A01;0;7;0;1;7;1;0;
202300047649;155595995;A01;1;7;0;2;1;1;1;
202300047649;155595997;B01;2;7;0;2;1;1;1;
202300047650;155595994;A01;2;32;1;0;2;14;1;
202300047651;155595989;A01;1;33;1;0;2;1;1;
202300047652;155595987;B01;1;7;0;2;4;15;1;
202300047652;155595990;C01;1;7;0;2;4;1;1;
202300047652;155595992;A01;1;10;0;2;1;1;1;
202300047653;155595988;B01;1;7;1;2;1;1;1;
202300047653;155595991;A01;1;7;0;0;4;23;1;
202300047654;155595993;B01;1;2;0;2;1;1;1;
202300047654;155595996;A01;2;7;0;2;2;15;3;
202300047655;155595984;A01;3;7;0;2;4;2;3;
202300047655;155595986;B01;3;7;0;2;1;2;1;
202300047656;155595983;A01;1;7;0;0;1;15;1;
202300047656;155595985;B01;2;7;15;0;3;0;0;
202300047657;155595978;A01;2;7;2;0;3;14;1;
202300047658;155595979;A01;1;7;0;1;1;1;1;
202300047659;155595980;A01;1;34;0;2;4;2;1;
202300047659;155595982;B01;1;7;0;2;4;2;1;
202300047660;155595977;A01;1;7;2;0;1;1;0;
202300047661;155595976;A01;2;7;0;1;7;1;1;
202300047662;155595981;A01;3;30;15;1;2;1;1;
202300047663;155595975;A01;1;7;0;0;8;2;1;
202300047664;155595974;A01;2;32;0;6;0;2;1;
202300047665;155595970;A01;1;7;0;9;7;1;1;
202300047665;155595973;B01;1;1;0;2;3;1;5;
202300047666;155595967;B01;1;50;0;2;1;1;3;
202300047666;155595971;A01;2;7;0;2;2;1;1;
202300047667;155595966;A01;2;7;0;2;1;9;1;
202300047667;155595969;C01;2;2;0;0;8;23;1;
202300047667;155595972;B01;2;10;14;2;8;1;1;
202300047668;155595968;A01;2;7;0;1;1;15;1;
202300047669;155595964;A01;1;30;0;0;7;1;1;
202300047670;155595963;A01;1;7;0;2;2;17;1;
202300047670;155595965;B01;1;2;0;2;1;1;1;
202300047671;155595960;A01;1;7;2;0;2;1;1;
202300047672;155595962;A01;1;7;0;1;1;15;1;
202300047673;155595956;A01;1;7;0;2;3;5;1;
202300047673;155595959;B01;1;7;0;2;3;1;1;
202300047674;155595958;A01;1;50;0;2;0;1;3;
202300047674;155595961;Z01;1;7;0;2;0;17;0;
202300047675;155595954;A01;1;7;0;2;1;13;1;
202300047675;155595957;B01;2;7;0;2;3;1;1;
202300047676;155595953;B01;2;7;0;2;3;2;1;
202300047676;155595955;A01;1;7;0;2;1;13;1;
202300047677;155595950;A01;1;33;0;2;1;8;1;
202300047677;155595952;B01;1;7;0;2;8;15;1;
202300047678;155595949;A01;2;31;3;0;0;1;1;
202300047679;155595947;A01;1;7;15;0;1;13;1;
202300047680;155595948;A01;1;13;3;2;0;16;6;
202300047680;155595951;B01;1;1;3;2;0;16;5;
202300047681;155595946;A01;2;7;13;0;2;1;1;
202300047682;155595944;B01;1;1;0;2;1;1;5;
202300047682;155595945;A01;1;7;0;9;2;15;1;
202300047683;155595937;A01;3;7;1;0;2;1;0;
202300047684;155595939;A01;2;7;0;2;7;15;1;
202300047684;155595942;B01;1;33;0;2;1;1;1;
202300047685;155595936;A01;1;33;0;2;1;17;1;
202300047685;155595940;B01;2;7;0;2;3;13;0;
202300047685;155595943;C01;2;7;0;2;1;1;1;
202300047686;155595938;B01;1;31;0;2;6;2;1;
202300047686;155595941;A01;1;7;0;2;1;2;1;
202300047687;155595935;A01;2;31;0;0;1;1;0;
202300047688;155595934;A01;1;7;12;0;1;1;1;
202300047689;155595933;A01;3;7;2;0;3;1;1;
202300047690;155595928;A01;2;7;0;0;0;0;1;
202300047691;155595929;A01;1;7;0;2;2;2;1;
202300047691;155595931;B01;1;7;0;2;6;23;3;
202300047692;155595926;A01;3;7;0;1;2;9;0;
202300047693;155595927;A01;2;7;0;2;5;1;1;
202300047693;155595932;B01;1;7;0;2;1;1;1;
202300047694;155595925;A01;0;7;10;0;0;0;1;
202300047695;155595923;A01;1;7;2;0;8;0;1;
202300047696;155595921;A01;2;7;0;1;2;1;1;
202300047697;155595920;A01;3;7;0;2;6;15;1;
202300047697;155595924;B01;3;1;0;2;1;17;5;
202300047698;155595915;A01;2;7;10;2;1;13;1;
202300047698;155595917;B01;1;10;0;2;1;1;1;
202300047699;155595918;A01;1;7;0;2;8;15;1;
202300047699;155595919;B01;1;2;1;2;1;17;1;
202300047699;155595922;C01;3;7;0;2;8;24;1;
202300047700;155595913;A01;1;7;0;1;4;20;1;
202300047701;155595911;A01;3;80;0;0;0;1;3;
202300047702;155595912;A01;3;50;0;0;0;0;3;
202300047703;155595910;A01;3;7;0;1;5;20;1;
202300047704;155595907;A01;2;7;0;1;0;1;1;
202300047705;155595909;A01;1;31;0;1;2;21;1;
202300047706;155595906;A01;2;7;0;1;2;1;1;
202300047707;155595904;B01;1;14;0;0;1;0;0;
202300047707;155595905;A01;2;7;0;2;1;0;1;
202300047707;155595908;C01;2;10;0;2;1;0;1;
202300047708;155595903;A01;1;7;6;0;7;13;1;
202300047709;155595899;A01;3;7;0;2;8;5;0;
202300047709;155595901;B01;3;33;0;2;8;1;1;
202300047710;155595898;A01;2;7;0;2;3;15;1;
202300047710;155595902;B01;1;33;0;2;1;21;1;
202300047711;155595897;A01;2;7;0;2;2;1;1;
202300047711;155595900;B01;2;10;0;2;3;26;1;
202300047712;155595896;A01;1;10;0;1;1;16;1;
202300047713;155595894;A01;1;7;6;0;9;0;1;
202300047714;155595890;A01;2;10;0;2;3;17;1;
202300047714;155595892;B01;1;7;0;2;3;1;1;
202300047714;155595893;C01;2;7;0;2;1;21;1;
202300047714;155595895;D01;1;7;0;2;1;1;1;
202300047715;155595889;A01;1;7;3;0;7;0;1;
202300047716;155595888;A01;2;10;0;2;1;1;1;
202300047716;155595891;B01;1;7;0;2;5;15;0;
202300047717;155595886;A01;2;7;0;2;8;22;6;
202300047717;155595887;B01;2;1;1;0;1;1;5;
202300047718;155595884;A01;1;7;0;1;2;1;0;
202300047719;155595883;A01;3;7;0;9;1;15;1;
202300047719;155595885;B01;3;1;0;0;7;19;5;
202300047720;155595881;B01;2;33;12;2;1;21;1;
202300047721;155595878;B01;2;50;0;2;1;19;3;
202300047721;155595882;A01;1;7;0;2;1;1;1;
202300047722;155595876;A01;1;7;0;2;1;15;1;
202300047722;155595879;B01;2;33;0;2;1;1;1;
202300047723;155595877;A01;1;7;0;2;2;3;1;
202300047723;155595880;B01;2;1;0;2;1;2;5;
202300047724;155595870;A01;1;7;0;2;2;19;1;
202300047724;155595872;B01;1;2;0;2;1;1;1;
202300047725;155595869;A01;2;7;0;2;3;1;1;
202300047725;155595871;B01;1;7;0;2;3;1;1;
202300047725;155595873;C01;2;7;0;2;6;1;1;
202300047725;155595875;D01;2;10;0;2;1;1;1;
202300047726;155595867;A01;2;15;5;0;2;14;1;
202300047727;155595866;A01;2;50;0;2;1;1;3;
202300047727;155595874;B01;2;7;0;2;3;1;6;
202300047728;155595864;B01;1;7;0;2;4;0;1;
202300047728;155595868;A01;1;50;0;2;1;2;3;
202300047729;155595863;A01;1;7;0;2;3;22;1;
202300047729;155595865;B01;2;10;1;0;5;1;1;
202300047730;155595861;A01;2;7;0;2;3;15;1;
202300047730;155595862;B01;1;2;0;2;8;9;1;
202300047731;155595857;B01;1;7;0;2;8;9;1;
202300047731;155595860;A01;2;2;0;2;1;1;1;
202300047732;155595856;A01;1;10;0;2;0;21;0;
202300047732;155595859;B01;2;7;0;2;2;15;1;
202300047733;155595855;B01;2;13;0;2;4;23;1;
202300047733;155595858;A01;2;30;1;0;1;1;3;
202300047734;155595852;B01;2;32;0;2;1;15;1;
202300047734;155595854;A01;1;7;0;2;6;19;1;
202300047735;155595851;B01;1;33;0;9;1;1;1;
202300047735;155595853;A01;1;1;0;0;4;10;5;
202300047736;155595849;A01;1;2;0;1;1;26;1;
202300047737;155595846;B01;0;10;0;2;2;16;1;
202300047737;155595848;A01;0;7;0;0;3;1;1;
202300047738;155595845;B01;0;7;0;2;3;1;0;
202300047738;155595850;A01;0;7;0;2;1;1;0;
202300047739;155595844;A01;1;7;0;1;2;1;1;
202300047740;155595843;A01;2;7;0;2;5;16;1;
202300047740;155595847;B01;2;31;0;2;1;1;1;
202300047741;155595841;A01;1;31;0;2;1;1;1;
202300047741;155595842;B01;1;7;0;0;4;1;1;
202300047742;155595839;A01;1;7;0;1;1;1;1;
202300047743;155595838;B01;1;32;0;0;2;17;1;
202300047743;155595840;A01;1;7;14;0;3;13;1;
202300047744;155595837;A01;1;10;0;1;6;23;1;
202300047745;155595834;B01;2;7;0;2;1;1;1;
202300047745;155595836;A01;1;7;0;2;2;13;1;
202300047746;155595833;A01;3;10;0;2;1;13;1;
202300047746;155595835;B01;2;7;0;2;1;1;1;
202300047747;155595830;A01;2;10;0;2;3;15;1;
202300047747;155595832;B01;2;32;0;2;2;1;1;
202300047748;155595831;A01;2;1;0;0;0;1;5;
202300047749;155595827;B01;2;7;4;2;7;1;1;
202300047749;155595829;A01;2;7;0;2;1;9;1;
202300047750;155595826;A01;1;7;0;2;3;15;1;
202300047750;155595828;B01;1;33;0;2;1;17;1;
202300047751;155595821;A01;2;7;4;2;0;0;1;
202300047751;155595824;B01;2;10;0;2;8;0;1;
202300047752;155595820;B01;1;7;0;2;3;15;1;
202300047752;155595823;A01;1;33;3;0;5;17;1;
202300047753;155595819;A01;0;7;8;0;1;1;1;
202300047753;155595825;B01;3;7;8;0;0;0;1;
202300047754;155595818;A01;1;33;0;2;7;1;1;
202300047754;155595822;B01;1;10;0;0;4;20;1;
202300047755;155595815;B01;1;7;0;2;4;2;1;
202300047755;155595817;A01;1;7;0;2;1;1;1;
202300047756;155595814;A01;0;3;8;0;1;1;1;
202300047757;155595813;A01;0;7;7;4;3;21;2;
202300047757;155595816;B01;3;39;0;2;1;1;3;
202300047758;155595812;A01;1;7;3;0;1;1;1;
202300047759;155595810;A01;3;2;0;0;0;1;1;
202300047760;155595809;A01;1;10;2;0;1;2;0;
202300047761;155595808;B01;3;7;0;2;1;15;1;
202300047761;155595811;A01;3;43;0;2;7;17;1;
202300047762;155595805;B01;2;7;0;2;4;23;2;
202300047762;155595807;A01;2;7;1;0;1;9;1;
202300047763;155595804;A01;1;7;0;2;2;15;1;
202300047763;155595806;B01;2;34;0;2;1;1;1;
202300047764;155595803;A01;3;31;12;0;0;21;1;
202300047765;155595800;B01;1;32;0;2;1;26;1;
202300047765;155595802;A01;1;30;0;2;3;26;1;
202300047766;155595796;A01;1;7;0;2;2;17;1;
202300047766;155595798;B01;2;33;0;2;1;1;1;
202300047767;155595792;A01;1;10;0;2;1;2;1;
202300047767;155595795;B01;1;7;0;2;4;2;1;
202300047767;155595797;C01;1;7;0;2;4;2;1;
202300047767;155595799;D01;1;7;0;2;1;2;1;
202300047767;155595801;E01;1;7;0;2;1;2;1;
202300047768;155595790;A01;1;7;6;0;1;0;2;
202300047769;155595791;B01;1;1;1;0;1;18;5;
202300047769;155595793;A01;1;14;0;2;2;23;1;
202300047770;155595789;A01;1;7;0;2;4;23;1;
202300047770;155595794;B01;1;15;0;2;1;1;1;
202300047771;155595787;A01;1;7;2;0;1;1;0;
202300047772;155595786;A01;2;33;3;2;1;3;1;
202300047772;155595788;B01;2;7;3;2;4;1;1;
202300047773;155595783;A01;0;7;8;0;1;20;0;
202300047774;155595782;B01;2;10;0;0;1;1;1;
202300047774;155595784;A01;1;10;0;2;1;11;1;
202300047775;155595781;A01;0;0;0;0;0;0;0;
202300047776;155595780;A01;1;14;0;2;1;2;1;
202300047776;155595785;B01;1;7;0;9;4;23;1;
202300047777;155595779;A01;3;7;0;1;0;17;0;
202300047778;155595778;A01;3;7;0;1;3;19;1;
202300047779;155595774;B01;1;33;0;2;4;16;1;
202300047779;155595776;A01;1;7;0;2;2;21;1;
202300047780;155595771;A01;1;7;4;0;2;1;1;
202300047781;155595770;C01;1;7;0;2;2;12;1;
202300047781;155595772;B01;1;7;0;2;6;23;1;
202300047781;155595775;A01;1;15;0;2;6;23;1;
202300047782;155595773;B01;1;2;0;2;1;1;1;
202300047782;155595777;A01;0;7;0;2;3;1;1;
202300047783;155595769;A01;2;7;0;1;2;1;1;
202300047784;155595767;A01;1;7;0;1;1;13;1;
202300047785;155595766;A01;1;7;1;0;2;1;1;
202300047786;155595764;A01;1;7;0;2;4;2;1;
202300047786;155595765;C01;1;7;0;2;1;2;1;
202300047786;155595768;B01;1;7;0;2;1;2;1;
202300047787;155595760;A01;1;7;1;2;2;0;1;
202300047787;155595762;B01;1;7;0;2;4;1;1;
202300047787;155595763;C01;1;7;0;2;4;1;1;
202300047788;155595752;B01;2;7;0;2;8;1;1;
202300047788;155595755;A01;1;7;0;2;1;1;1;
202300047789;155595753;B01;0;7;0;2;3;1;1;
202300047789;155595757;A01;2;7;0;2;1;19;1;
202300047790;155595750;A01;1;7;0;2;1;1;1;
202300047790;155595759;B01;2;7;0;2;8;1;1;
202300047791;155595749;A01;1;10;0;2;0;1;1;
202300047791;155595751;B01;1;7;0;2;1;1;1;
202300047791;155595754;C01;1;7;0;2;1;0;1;
202300047791;155595756;D01;1;7;0;2;0;0;1;
202300047791;155595758;E01;1;7;0;2;1;1;1;
202300047791;155595761;F01;1;7;0;2;1;1;1;
202300047792;155595746;B01;1;7;0;0;4;23;1;
202300047792;155595748;A01;1;7;0;2;1;2;1;
202300047793;155595742;B01;1;7;0;2;4;1;1;
202300047793;155595745;A01;1;7;0;2;1;1;1;
202300047794;155595741;B01;3;7;1;0;6;1;0;
202300047794;155595744;A01;3;7;0;2;1;1;1;
202300047795;155595740;A01;2;7;0;2;7;2;1;
202300047795;155595747;B01;1;7;0;2;1;2;1;
202300047796;155595739;B01;1;3;0;2;3;1;1;
202300047796;155595743;A01;2;7;0;2;3;2;1;
202300047797;155595738;A01;1;3;0;1;3;9;1;
202300047798;155595734;A01;0;33;0;2;8;26;0;
202300047798;155595736;B01;0;7;0;0;0;0;0;
202300047799;155595735;B01;2;7;0;2;1;1;1;
202300047799;155595737;A01;2;7;0;2;4;1;1;
202300047800;155595730;B01;1;33;0;2;1;1;1;
202300047800;155595732;A01;2;7;0;2;2;19;1;
202300047801;155595727;A01;1;7;0;0;7;1;1;
202300047801;155595731;B01;2;7;0;2;1;1;1;
202300047802;155595729;A01;2;7;4;2;2;11;1;
202300047802;155595733;B01;2;7;4;2;6;21;1;
202300047803;155595726;A01;2;7;0;1;5;4;1;
202300047804;155595725;A01;2;7;4;2;1;13;1;
202300047804;155595728;B01;2;10;4;2;7;1;1;
202300047805;155595719;A01;1;7;0;2;2;17;1;
202300047805;155595722;B01;1;7;4;0;6;2;1;
202300047806;155595720;B01;3;7;0;2;3;15;1;
202300047806;155595723;A01;3;7;0;2;2;1;1;
202300047807;155595718;A01;1;99;4;0;0;1;1;
202300047808;155595715;B01;1;7;0;2;4;1;1;
202300047808;155595716;A01;1;10;0;2;1;1;1;
202300047809;155595714;A01;1;2;0;2;1;13;1;
202300047809;155595717;B01;2;10;0;2;3;1;1;
202300047810;155595710;A01;3;7;0;1;3;26;1;
202300047811;155595711;A01;1;7;0;1;1;1;1;
202300047812;155595709;A01;2;7;3;2;3;13;0;
202300047812;155595712;B01;2;7;0;2;5;1;0;
202300047812;155595713;C01;2;38;0;2;4;1;0;1.0
202300047813;155595703;A01;2;10;0;2;3;13;1;
202300047813;155595707;B01;2;7;0;2;0;0;1;
202300047814;155595702;B01;2;10;0;2;3;19;1;
202300047814;155595706;A01;1;7;0;2;1;21;1;
202300047815;155595705;B01;1;7;0;2;3;15;1;
202300047815;155595708;A01;1;80;0;2;7;1;3;
202300047816;155595701;A01;2;33;0;2;1;2;1;
202300047816;155595704;B01;2;7;0;2;3;13;1;
202300047817;155595698;A01;1;7;0;2;3;9;1;
202300047817;155595700;B01;1;7;0;2;2;0;1;
202300047818;155595699;A01;2;33;0;0;0;16;1;
202300047819;155595697;A01;3;7;6;0;4;26;1;
202300047820;155595694;A01;2;7;0;2;3;13;1;
202300047820;155595695;B01;2;33;0;2;9;3;1;
202300047820;155595696;C01;2;7;0;2;4;2;1;
202300047821;155595692;A01;1;7;8;0;1;1;1;
202300047822;155595691;A01;1;7;0;2;2;1;1;
202300047822;155595693;B01;1;7;0;2;4;15;1;
202300047823;155595690;A01;2;32;0;0;2;1;1;
202300047824;155595684;A01;3;7;0;9;2;1;1;
202300047824;155595688;B01;3;50;0;2;3;9;3;
202300047825;155595681;A01;2;7;0;2;1;2;1;
202300047825;155595683;B01;2;7;0;2;4;2;1;
202300047826;155595680;A01;3;7;2;0;1;14;1;
202300047827;155595682;A01;2;7;0;2;5;15;3;
202300047827;155595685;B01;1;33;0;2;1;1;1;
202300047828;155595676;A01;2;7;16;0;1;14;1;
202300047829;155595678;C01;2;7;0;9;2;1;1;
202300047829;155595679;A01;1;7;0;9;3;1;1;
202300047829;155595686;B01;2;7;0;0;6;1;1;
202300047830;155595675;A01;1;7;2;0;1;21;1;
202300047831;155595673;A01;1;7;0;0;7;1;1;
202300047831;155595677;Z01;1;13;0;2;0;18;0;
202300047832;155595670;B01;3;7;6;0;1;13;1;
202300047832;155595674;A01;3;7;6;0;1;13;1;
202300047833;155595672;A01;2;10;3;0;7;1;1;
202300047834;155595667;A01;2;10;1;0;1;1;1;
202300047835;155595669;B01;1;7;0;0;4;1;1;
202300047835;155595671;A01;1;7;0;2;1;2;1;
202300047836;155595666;A01;1;31;0;2;1;3;1;
202300047836;155595668;B01;1;7;0;2;5;1;1;
202300047837;155595665;A01;1;43;0;0;0;9;1;
202300047838;155595661;A01;2;7;0;2;4;13;1;
202300047838;155595663;B01;2;33;0;2;1;3;1;
202300047839;155595660;A01;1;7;8;0;3;1;1;
202300047840;155595658;A01;3;7;0;2;2;19;1;
202300047840;155595662;B01;1;7;0;2;1;2;1;
202300047840;155595664;C01;3;7;0;2;1;23;1;
202300047841;155595657;A01;2;15;4;0;3;13;1;
202300047842;155595656;A01;2;13;6;0;1;1;1;
202300047843;155595655;A01;1;7;1;0;4;4;0;
202300047844;155595653;A01;1;7;4;0;1;1;1;
202300047845;155595654;A01;1;7;0;9;4;26;1;
202300047845;155595659;B01;1;1;0;2;1;1;5;
202300047846;155595651;B01;1;32;0;2;1;1;1;