Num_Acc;id_vehicule;num_veh;senc;catv;obs;obsm;choc;manv;motor;occutc
202300047846;155595652;A01;3;7;0;2;2;15;1;
202300047847;155595648;B01;3;7;0;2;3;20;1;
202300047847;155595650;A01;3;50;0;2;1;0;3;
202300047848;155595649;A01;0;3;0;1;4;4;1;
202300047849;155595646;A01;1;7;0;2;2;16;1;
202300047849;155595647;B01;1;7;0;2;4;0;1;
202300047850;155595645;A01;1;7;1;0;2;1;1;
202300047851;155595641;A01;1;7;4;0;3;13;1;
202300047852;155595639;A01;2;31;0;6;1;1;1;
202300047853;155595636;A01;3;7;6;0;1;1;1;
202300047854;155595634;A01;1;7;0;2;2;9;1;
202300047854;155595637;B01;2;7;0;2;2;1;1;
202300047855;155595633;B01;1;7;0;2;1;1;1;
202300047855;155595638;A01;2;7;0;2;3;13;1;
202300047855;155595640;C01;1;7;0;2;6;1;1;
202300047855;155595643;D01;2;7;0;2;1;1;1;
202300047856;155595632;A01;2;7;0;2;7;15;0;
202300047856;155595635;B01;1;33;0;2;1;1;1;
202300047857;155595631;A01;2;7;0;0;9;16;1;
202300047858;155595630;A01;2;33;9;0;0;1;1;
202300047859;155595626;A01;1;7;0;0;5;2;1;
202300047859;155595628;B01;1;33;0;2;1;3;1;
202300047860;155595627;A01;2;33;0;0;0;0;1;
202300047861;155595625;A01;2;7;0;2;3;1;1;
202300047861;155595629;B01;1;31;0;2;1;17;1;
202300047862;155595623;A01;1;7;0;2;3;1;1;
202300047862;155595624;B01;2;33;0;2;3;1;1;
202300047863;155595619;A01;2;7;0;2;2;12;0;
202300047863;155595622;B01;2;33;0;0;8;1;0;
202300047864;155595618;B01;1;7;13;2;6;1;1;
202300047864;155595621;A01;1;7;0;2;1;19;1;
202300047865;155595615;Z01;1;7;0;0;0;0;0;
202300047865;155595617;A01;1;31;0;2;8;3;1;
202300047866;155595616;A01;1;7;0;2;1;17;1;
202300047866;155595620;B01;2;17;0;2;1;1;1;
202300047867;155595611;B01;1;7;0;2;3;15;1;
202300047867;155595613;A01;1;33;0;2;1;17;1;
202300047868;155595609;B01;2;7;0;2;3;1;1;
202300047868;155595614;A01;2;2;0;2;1;17;1;
202300047869;155595608;A01;2;33;0;9;1;2;1;
202300047869;155595612;B01;1;1;0;2;5;2;5;
202300047870;155595606;A01;1;7;0;1;3;9;1;
202300047871;155595604;A01;2;7;0;2;2;19;1;
202300047871;155595607;B01;2;7;0;2;8;1;1;
202300047871;155595610;C01;1;7;13;2;1;1;1;
202300047872;155595602;A01;2;2;0;2;1;17;-1;
202300047872;155595603;B01;2;7;0;2;8;15;0;
202300047873;155595601;A01;0;7;2;0;1;13;0;
202300047874;155595597;B01;2;7;0;2;1;23;1;
202300047874;155595605;A01;1;7;0;0;1;5;1;
202300047875;155595598;A01;2;7;0;2;1;15;1;
202300047875;155595600;B01;1;34;0;2;1;17;1;
202300047876;155595593;A01;1;31;0;2;3;1;1;
202300047876;155595596;B01;3;7;0;2;2;1;1;
202300047877;155595594;B01;1;7;0;2;4;23;1;
202300047877;155595595;A01;1;7;0;2;1;21;1;
202300047878;155595588;A01;1;7;0;2;1;6;1;
202300047878;155595591;B01;2;7;0;2;1;1;1;
202300047879;155595586;A01;2;2;0;2;1;5;1;
202300047879;155595590;B01;2;7;0;2;3;1;1;
202300047880;155595589;A01;2;33;0;2;3;17;1;
202300047880;155595592;B01;1;14;0;2;3;1;1;
202300047881;155595584;A01;1;7;6;0;1;1;1;
202300047882;155595583;A01;2;10;0;2;1;2;1;
202300047882;155595585;B01;2;2;0;2;4;23;1;
202300047882;155595587;C01;2;10;0;2;4;15;1;
202300047883;155595578;A01;2;7;0;2;2;15;1;
202300047883;155595582;B01;2;10;0;2;3;1;1;
202300047884;155595579;A01;2;7;0;1;1;1;1;
202300047885;155595576;A01;2;7;0;2;1;13;1;
202300047885;155595581;B01;1;10;0;2;1;1;1;
202300047886;155595575;C01;2;10;0;2;1;2;1;
202300047886;155595577;A01;1;7;0;2;6;23;1;
202300047886;155595580;B01;1;7;1;2;1;21;1;
202300047887;155595574;A01;1;7;7;0;1;1;0;
202300047888;155595573;A01;1;7;13;0;0;0;0;
202300047889;155595570;A01;1;33;0;2;1;17;1;
202300047889;155595571;B01;2;10;0;2;2;1;1;
202300047890;155595569;B01;3;7;0;2;1;5;0;
202300047890;155595572;A01;2;7;0;2;1;1;1;
202300047891;155595568;A01;3;7;12;1;2;1;1;
202300047892;155595566;A01;3;31;12;0;1;9;1;
202300047893;155595563;A01;3;7;13;0;1;1;1;
202300047894;155595559;A01;3;36;0;2;2;9;1;
202300047894;155595561;B01;3;7;0;2;2;1;1;
202300047895;155595560;C01;2;2;0;0;0;2;1;
202300047895;155595564;A01;2;2;0;0;0;2;1;
202300047895;155595567;B01;2;2;0;0;0;2;1;
202300047896;155595557;A01;2;7;0;2;2;1;1;
202300047896;155595562;B01;1;7;0;2;2;15;1;
202300047897;155595558;A01;2;33;3;0;1;17;1;
202300047898;155595555;A01;1;33;14;0;1;1;1;
202300047899;155595553;A01;1;33;0;2;0;17;1;
202300047899;155595556;B01;2;7;0;2;8;15;1;
202300047900;155595550;A01;2;7;0;2;3;17;1;
202300047900;155595551;B01;1;7;0;2;3;1;1;
202300047901;155595548;A01;1;50;0;1;8;26;3;
202300047902;155595547;A01;2;2;0;0;8;1;1;
202300047903;155595546;B01;1;50;0;2;3;16;3;
202300047903;155595549;A01;1;30;0;2;3;3;1;
202300047904;155595544;A01;1;7;0;2;3;0;1;
202300047904;155595545;B01;1;33;0;2;0;0;1;
202300047905;155595542;B01;2;7;0;2;8;2;1;
202300047905;155595543;A01;1;30;0;2;1;2;1;
202300047906;155595540;A01;1;7;0;1;2;16;1;
202300047907;155595539;A01;1;13;13;0;2;0;1;
202300047908;155595538;A01;1;50;14;0;0;26;3;
202300047909;155595537;B01;1;15;0;0;4;1;1;
202300047909;155595541;A01;1;7;0;2;1;2;1;
202300047910;155595536;A01;2;33;0;-1;1;0;1;
202300047911;155595533;B01;3;34;0;2;0;0;1;
202300047911;155595535;A01;1;7;0;2;0;0;1;
202300047912;155595530;A01;1;7;0;2;3;1;1;
202300047912;155595532;C01;2;7;0;2;1;5;1;
202300047912;155595534;B01;1;7;0;2;1;1;1;
202300047913;155595529;A01;2;7;0;0;3;9;1;
202300047913;155595531;B01;2;7;0;2;1;1;1;
202300047914;155595528;A01;2;7;6;0;1;19;1;
202300047915;155595526;A01;2;7;3;0;3;1;1;
202300047916;155595524;A01;2;7;0;1;2;1;1;
202300047917;155595525;A01;2;7;6;0;3;0;1;
202300047918;155595516;B01;2;2;0;2;1;1;1;
202300047918;155595519;A01;1;7;0;2;3;15;1;
202300047918;155595521;C01;1;7;8;0;3;23;1;
202300047919;155595518;A01;2;17;3;0;3;1;1;
202300047919;155595520;B01;2;7;0;0;1;1;1;
202300047919;155595522;C01;2;7;0;9;1;1;1;
202300047919;155595523;D01;2;99;0;9;1;1;1;
202300047920;155595515;A01;2;7;0;2;2;5;1;
202300047920;155595517;B01;1;7;0;2;2;2;1;
202300047921;155595514;A01;3;7;0;1;3;1;1;
202300047922;155595512;B01;2;7;0;2;8;1;1;
202300047922;155595513;A01;1;7;0;2;3;1;2;
202300047923;155595510;B01;2;7;0;2;1;2;1;
202300047923;155595511;A01;1;7;0;2;1;2;1;
202300047924;155595509;A01;2;10;2;0;1;1;1;
202300047925;155595507;A01;3;50;0;1;2;1;3;
202300047926;155595505;A01;0;2;0;0;0;16;1;
202300047927;155595502;B01;3;7;0;2;1;1;1;
202300047927;155595504;A01;3;7;0;2;1;13;1;
202300047928;155595499;A01;2;7;2;0;2;14;1;
202300047929;155595500;B01;2;7;8;2;4;1;1;
202300047929;155595501;C01;2;7;0;2;4;1;1;
202300047929;155595503;D01;2;7;0;2;4;1;1;
202300047929;155595506;A01;2;10;0;2;3;1;1;
202300047930;155595498;A01;1;7;3;0;1;14;1;
202300047931;155595495;A01;3;7;0;1;2;1;1;
202300047932;155595494;B01;1;7;0;2;1;1;1;
202300047932;155595497;A01;1;30;0;2;8;1;1;
202300047933;155595493;A01;0;1;0;2;1;1;5;
202300047933;155595496;B01;0;7;0;2;1;9;1;
202300047934;155595491;B01;2;7;0;2;3;15;2;
202300047934;155595492;A01;2;32;0;2;2;1;1;
202300047935;155595490;A01;2;7;2;0;1;13;1;
202300047936;155595489;A01;0;10;0;1;2;1;1;
202300047937;155595487;A01;3;7;6;1;1;26;0;
202300047938;155595486;B01;2;33;0;2;7;1;1;
202300047938;155595488;A01;2;7;0;2;8;11;1;
202300047939;155595485;A01;1;7;0;0;0;26;1;
202300047940;155595484;A01;0;7;0;1;1;1;1;
202300047941;155595478;A01;2;7;0;2;1;2;1;
202300047941;155595482;B01;2;14;0;2;6;2;1;
202300047942;155595480;A01;1;43;0;1;1;1;1;
202300047943;155595475;A01;2;7;0;2;3;1;1;
202300047943;155595477;B01;2;7;13;2;9;17;1;
202300047944;155595473;A01;2;7;0;2;3;10;1;
202300047944;155595476;B01;2;30;0;2;1;1;1;
202300047945;155595472;A01;2;10;0;2;3;13;1;
202300047945;155595474;B01;1;7;0;2;3;1;1;
202300047946;155595468;B01;1;7;4;2;1;2;1;
202300047946;155595470;A01;1;7;0;0;0;1;1;
202300047947;155595467;B01;1;30;0;2;8;16;3;
202300047947;155595471;A01;1;7;0;2;3;15;3;
202300047948;155595466;B01;3;32;0;2;2;21;1;
202300047948;155595469;A01;0;7;0;2;3;16;1;
202300047949;155595463;A01;2;7;0;9;2;0;0;
202300047949;155595465;B01;2;50;0;2;8;2;3;
202300047950;155595462;B01;1;1;0;2;6;2;5;
202300047950;155595464;A01;1;1;0;2;7;17;5;
202300047951;155595459;A01;1;10;0;9;2;2;1;
202300047951;155595461;B01;1;1;0;0;6;2;5;
202300047952;155595457;A01;0;7;0;2;1;2;1;
202300047952;155595458;B01;0;7;0;2;4;1;0;
202300047952;155595460;C01;0;7;0;2;4;23;1;
202300047953;155595455;A01;2;7;0;2;2;10;1;
202300047953;155595456;B01;2;30;0;2;7;1;3;
202300047954;155595452;A01;2;7;0;2;7;15;1;
202300047954;155595453;B01;1;7;0;2;1;1;1;
202300047955;155595451;B01;1;7;0;2;3;15;1;
202300047955;155595454;A01;2;31;0;2;1;1;1;
202300047956;155595448;B01;1;7;0;2;8;22;1;
202300047956;155595450;A01;1;1;0;2;1;1;5;
202300047957;155595447;A01;3;7;0;2;3;15;1;
202300047957;155595449;B01;3;7;0;2;2;1;1;
202300047958;155595446;A01;2;7;2;0;3;13;1;
202300047959;155595444;B01;2;50;0;2;8;1;3;
202300047959;155595445;A01;2;14;0;2;7;17;1;
202300047960;155595442;A01;2;7;0;0;1;1;1;
202300047961;155595441;B01;1;7;0;2;1;1;1;
202300047961;155595443;A01;1;7;0;2;8;16;1;
202300047962;155595439;A01;3;7;0;1;4;4;0;
202300047963;155595435;Z01;1;10;0;2;8;22;1;
202300047963;155595437;B01;1;7;0;2;2;1;1;
202300047963;155595440;A01;1;1;0;2;1;1;5;
202300047964;155595434;A01;2;7;6;0;0;1;1;
202300047965;155595433;A01;0;7;0;1;7;1;1;
202300047966;155595430;B01;1;43;0;2;2;17;1;
202300047966;155595432;A01;1;7;0;2;3;15;1;
202300047967;155595429;A01;3;7;0;0;6;19;0;
202300047967;155595431;B01;1;7;0;0;1;1;0;
202300047968;155595428;A01;1;7;0;0;0;1;1;
202300047969;155595426;A01;3;30;0;0;7;1;3;
202300047970;155595425;B01;1;1;0;2;4;2;5;
202300047970;155595427;A01;1;10;0;2;2;2;1;
202300047971;155595424;A01;1;2;0;1;1;17;1;
202300047972;155595421;A01;3;33;0;0;0;1;1;
202300047973;155595420;A01;2;2;0;2;1;1;1;
202300047973;155595422;B01;2;7;0;2;5;15;1;
202300047974;155595419;B01;1;2;0;2;1;1;1;
202300047974;155595423;A01;2;7;0;2;3;15;1;
202300047975;155595417;A01;3;7;0;1;1;1;1;
202300047976;155595416;A01;1;32;0;2;1;17;1;
202300047976;155595418;B01;1;7;0;2;8;15;1;
202300047977;155595413;A01;3;2;0;2;2;15;1;
202300047977;155595415;B01;3;7;0;2;2;1;1;
202300047978;155595412;A01;1;10;0;2;8;1;1;
202300047978;155595414;B01;2;50;0;2;1;1;3;
202300047979;155595411;A01;2;7;1;1;1;25;1;
202300047980;155595409;A01;1;7;0;1;2;1;1;
202300047981;155595407;A01;1;7;0;1;6;4;1;
202300047982;155595404;A01;1;7;0;2;3;26;1;
202300047982;155595406;B01;2;7;0;2;9;1;1;
202300047982;155595408;C01;1;7;0;2;6;1;1;
202300047982;155595410;D01;1;7;0;2;1;1;1;
202300047983;155595402;A01;1;34;0;2;4;24;1;
202300047983;155595403;B01;1;7;1;0;1;2;1;
202300047984;155595401;A01;1;33;13;0;1;1;1;
202300047985;155595399;A01;0;7;0;2;2;15;1;
202300047985;155595400;B01;0;2;0;2;1;1;1;
202300047986;155595394;A01;1;7;0;2;3;15;1;
202300047986;155595397;B01;1;1;0;2;1;1;5;
202300047987;155595391;A01;2;7;4;0;3;1;1;
202300047988;155595392;A01;1;7;0;2;1;16;1;
202300047988;155595395;B01;2;1;0;0;0;0;5;
202300047989;155595390;A01;0;7;0;2;0;0;0;
202300047989;155595393;B01;3;3;0;2;1;26;1;
202300047990;155595389;A01;1;7;10;0;3;13;1;
202300047991;155595387;A01;1;30;0;0;0;1;1;
202300047992;155595386;A01;1;7;0;2;3;16;2;
202300047992;155595388;B01;1;7;0;2;5;1;1;
202300047993;155595384;A01;2;14;0;2;0;1;1;
202300047993;155595385;B01;2;7;0;2;6;0;1;
202300047994;155595382;A01;2;30;0;0;2;21;1;
202300047995;155595381;A01;2;7;4;0;1;1;1;
202300047996;155595380;A01;1;10;0;1;4;20;1;
202300047997;155595378;A01;1;10;4;0;3;2;1;
202300047998;155595376;A01;1;7;0;2;3;1;1;
202300047998;155595377;B01;1;50;0;2;1;15;3;
202300047999;155595373;A01;3;7;0;2;3;15;1;
202300047999;155595375;B01;3;30;0;2;3;5;1;
202300048000;155595372;A01;3;31;2;0;1;0;1;
202300048001;155595368;A01;1;7;0;2;3;1;1;
202300048001;155595370;B01;1;1;0;2;8;9;5;
202300048002;155595367;A01;1;7;0;2;2;15;1;
202300048002;155595369;B01;2;33;0;2;1;1;1;
202300048003;155595365;A01;2;7;2;0;1;1;0;
202300048004;155595364;A01;3;10;0;2;1;19;1;
202300048004;155595366;B01;3;7;0;2;7;1;1;
202300048005;155595362;A01;1;31;13;0;1;9;1;
202300048006;155595361;B01;2;50;0;2;1;14;3;
202300048006;155595363;A01;1;7;0;2;1;1;0;
202300048007;155595360;A01;2;7;2;0;2;1;1;
202300048008;155595357;A01;1;7;0;2;2;1;1;
202300048008;155595359;B01;1;33;0;2;7;16;1;
202300048009;155595355;A01;1;7;0;2;6;15;1;
202300048009;155595358;B01;2;2;0;2;1;1;1;
202300048010;155595356;A01;0;7;0;1;8;15;1;
202300048011;155595352;A01;1;7;0;2;1;19;1;
202300048011;155595354;B01;2;7;0;2;5;1;3;
202300048012;155595351;A01;1;7;15;0;9;1;1;
202300048013;155595350;A01;1;7;0;2;3;15;1;
202300048013;155595353;B01;2;33;0;2;1;17;1;
202300048014;155595348;A01;3;32;1;0;7;14;1;
202300048015;155595349;A01;3;7;4;0;2;17;1;
202300048016;155595347;A01;2;7;2;0;1;0;1;
202300048017;155595346;A01;1;7;0;1;3;13;1;
202300048018;155595345;A01;1;7;16;0;1;1;1;
202300048019;155595343;A01;1;7;4;0;9;17;0;
202300048020;155595344;A01;2;33;6;0;8;1;1;
202300048021;155595340;A01;3;7;3;0;1;26;1;
202300048022;155595339;A01;3;7;0;2;3;13;1;
202300048022;155595341;B01;3;7;0;2;1;1;1;
202300048023;155595338;B01;2;7;0;2;3;12;1;
202300048023;155595342;A01;2;7;3;2;0;17;1;
202300048024;155595335;A01;1;13;4;0;3;1;0;
202300048025;155595331;A01;2;7;2;0;3;2;1;
202300048026;155595333;A01;2;7;0;2;1;5;6;
202300048026;155595334;B01;1;7;0;2;1;1;6;
202300048026;155595336;C01;1;7;0;2;3;1;6;
202300048027;155595332;B01;2;7;0;2;2;16;1;
202300048027;155595337;A01;1;1;0;2;1;15;5;
202300048028;155595330;A01;1;7;2;0;1;13;1;
202300048029;155595328;A01;3;21;0;1;8;1;1;
202300048030;155595326;A01;3;7;0;1;1;1;1;
202300048031;155595327;B01;2;37;0;2;6;23;1;1.0
202300048031;155595329;A01;1;7;0;2;1;21;1;
202300048032;155595325;A01;1;33;3;0;0;1;1;
202300048033;155595322;B01;1;7;0;2;3;1;1;
202300048033;155595324;A01;1;7;0;2;1;19;1;
202300048034;155595321;A01;1;7;2;0;3;13;1;
202300048035;155595316;B01;2;7;0;2;1;1;1;
202300048035;155595318;A01;1;7;16;2;1;13;1;
202300048036;155595317;A01;2;7;7;0;9;1;1;
202300048037;155595312;A01;1;7;0;2;1;5;1;
202300048037;155595314;B01;2;7;0;2;1;1;1;
202300048038;155595311;B01;1;60;0;2;3;1;5;
202300048038;155595315;A01;1;3;0;9;1;19;1;
202300048039;155595310;A01;1;7;13;0;1;1;1;
202300048040;155595309;A01;3;7;0;2;8;1;1;
202300048040;155595313;B01;1;7;0;2;2;1;1;
202300048041;155595304;B01;1;2;0;2;1;1;1;
202300048041;155595307;A01;1;7;0;0;4;26;0;
202300048042;155595303;A01;1;7;0;2;2;14;1;
202300048042;155595306;B01;1;1;0;2;8;1;5;
202300048043;155595305;B01;2;7;0;2;1;1;2;
202300048043;155595308;A01;1;2;0;2;1;1;1;
202300048044;155595302;A01;2;7;0;0;1;1;1;
202300048045;155595299;A01;2;7;0;2;1;2;1;
202300048045;155595301;Z01;2;7;0;2;4;0;0;
202300048046;155595298;A01;2;34;0;1;1;1;1;
202300048046;155595300;B01;1;50;0;2;8;26;3;
202300048047;155595296;A01;1;1;0;9;2;17;5;
202300048047;155595297;B01;1;1;0;9;3;1;5;
202300048048;155595294;A01;1;7;0;1;1;2;1;
202300048049;155595292;A01;3;30;1;0;2;1;1;
202300048049;155595295;B01;3;7;0;2;6;20;1;
202300048050;155595290;B01;1;7;0;2;3;1;1;
202300048050;155595293;A01;2;33;0;2;1;1;1;
202300048051;155595288;A01;1;7;0;2;1;13;1;
202300048051;155595291;B01;2;7;0;2;1;1;1;
202300048052;155595286;A01;0;1;0;6;1;2;5;
202300048053;155595287;A01;1;33;0;2;3;0;1;
202300048053;155595289;B01;1;30;0;0;7;0;1;
202300048054;155595284;A01;1;33;0;0;7;1;1;
202300048055;155595283;A01;3;7;16;0;9;1;1;
202300048056;155595282;A01;2;7;0;2;8;1;1;
202300048056;155595285;B01;3;30;0;2;1;5;1;
202300048057;155595279;A01;2;7;0;9;4;0;1;
202300048057;155595280;B01;2;7;0;2;1;0;0;
202300048058;155595277;A01;2;7;0;2;1;9;1;
202300048058;155595281;B01;1;17;0;2;6;1;1;
202300048059;155595276;A01;1;7;0;2;2;15;1;
202300048059;155595278;B01;2;1;0;2;0;0;5;
202300048060;155595275;A01;2;2;1;0;1;1;1;
202300048061;155595274;A01;1;7;0;1;1;9;1;
202300048062;155595272;A01;1;7;0;2;3;13;1;
202300048062;155595273;B01;2;30;0;2;1;1;1;
202300048063;155595271;A01;3;7;0;1;3;9;1;
202300048064;155595267;A01;1;7;0;2;1;1;1;
202300048064;155595269;B01;1;7;0;2;4;23;1;
202300048064;155595270;C01;1;7;0;2;4;23;1;
202300048065;155595266;B01;1;43;0;2;1;1;1;
202300048065;155595268;A01;2;7;0;2;2;15;1;
202300048066;155595264;B01;1;7;0;2;1;13;1;
202300048066;155595265;A01;2;7;0;2;1;1;1;
202300048067;155595262;A01;1;30;1;0;3;1;1;
202300048068;155595261;B01;1;31;0;2;4;11;1;
202300048068;155595263;A01;1;33;0;2;1;3;1;
202300048069;155595260;A01;1;7;13;0;1;1;1;
202300048070;155595259;A01;3;42;0;0;0;14;1;
202300048071;155595258;A01;2;7;0;1;2;15;2;
202300048072;155595256;A01;1;10;0;0;9;2;1;
202300048073;155595255;A01;1;7;0;6;1;1;1;
202300048073;155595257;B01;2;7;0;2;3;1;1;
202300048074;155595253;B01;1;1;0;2;0;1;5;
202300048074;155595254;A01;2;1;0;2;0;1;5;
202300048075;155595251;A01;3;7;15;2;7;17;1;
202300048075;155595252;B01;3;7;0;2;8;1;1;
202300048076;155595248;A01;2;7;0;2;3;1;1;
202300048076;155595250;B01;1;7;0;2;8;1;1;
202300048077;155595247;B01;1;7;0;0;5;16;2;
202300048077;155595249;A01;1;43;0;2;1;1;1;
202300048078;155595246;A01;1;7;2;0;1;1;1;
202300048079;155595242;A01;1;7;0;2;3;1;1;
202300048079;155595245;B01;1;10;0;2;1;1;1;
202300048080;155595241;A01;1;7;0;2;1;15;1;
202300048080;155595244;B01;2;50;0;2;8;1;3;
202300048081;155595240;A01;2;7;0;2;3;9;1;
202300048081;155595243;B01;2;7;0;2;3;1;1;
202300048082;155595239;Z01;1;10;0;1;4;4;1;
202300048083;155595238;A01;1;7;13;0;2;17;1;
202300048084;155595233;B01;1;2;0;0;4;2;1;
202300048084;155595236;A01;1;7;4;2;2;1;1;
202300048085;155595231;C01;1;7;0;2;5;23;0;
202300048085;155595235;A01;1;7;0;2;5;1;2;
202300048085;155595237;B01;1;7;0;2;6;23;0;
202300048086;155595232;A01;3;13;0;2;2;16;1;
202300048086;155595234;B01;3;80;0;2;3;16;3;
202300048087;155595230;A01;2;33;3;0;3;9;1;
202300048088;155595226;A01;1;7;1;0;9;23;2;
202300048088;155595229;B01;1;7;1;0;1;2;1;
202300048089;155595223;A01;3;33;0;0;7;0;1;
202300048090;155595224;B01;2;13;0;2;1;1;1;
202300048090;155595227;A01;1;7;0;2;1;1;1;
202300048091;155595220;B01;2;7;0;2;4;2;1;
202300048091;155595222;C01;2;7;0;2;4;2;1;
202300048091;155595225;D01;2;7;0;2;4;2;1;
202300048091;155595228;A01;2;10;0;2;1;2;1;
202300048092;155595219;A01;3;7;3;2;2;2;0;
202300048092;155595221;B01;3;7;-1;2;9;0;6;
202300048093;155595218;A01;0;32;0;1;1;1;0;
202300048094;155595215;A01;1;7;0;2;1;2;1;
202300048094;155595217;B01;1;7;0;2;4;2;2;
202300048095;155595214;A01;1;7;0;2;3;1;0;
202300048095;155595216;B01;1;7;0;0;4;11;3;
202300048096;155595213;A01;1;7;13;0;2;0;1;
202300048097;155595211;A01;0;7;0;1;1;19;1;
202300048098;155595212;A01;2;2;0;1;3;1;1;
202300048099;155595210;A01;1;1;12;0;0;1;5;
202300048100;155595208;A01;3;7;0;2;5;20;0;
202300048100;155595209;B01;3;30;0;2;1;1;0;
202300048101;155595204;A01;2;1;0;2;0;18;5;
202300048101;155595207;B01;1;1;0;2;0;1;5;
202300048102;155595205;A01;2;32;11;0;1;1;1;
202300048103;155595201;B01;2;7;0;2;6;23;1;
202300048103;155595206;A01;2;2;0;2;1;1;2;
202300048104;155595202;A01;0;7;0;2;1;1;1;
202300048104;155595203;B01;3;1;0;2;8;19;5;
202300048105;155595197;A01;2;50;0;2;1;1;3;
202300048105;155595200;B01;2;7;0;2;6;1;1;
202300048106;155595199;A01;1;80;0;1;1;1;3;
202300048107;155595196;A01;0;1;0;2;0;1;5;
202300048108;155595194;C01;2;7;0;2;5;1;1;
202300048108;155595195;A01;1;7;0;2;3;1;1;
202300048108;155595198;B01;2;38;0;2;3;1;1;11.0
202300048109;155595193;A01;1;1;8;0;1;1;5;
202300048110;155595192;A01;3;80;8;0;1;14;3;
202300048111;155595190;B01;3;2;0;2;1;1;1;
202300048111;155595191;A01;3;33;0;2;1;1;1;
202300048112;155595189;A01;2;7;4;0;3;17;1;
202300048113;155595188;A01;2;7;2;0;1;1;0;
202300048114;155595186;A01;2;7;1;1;2;2;1;
202300048115;155595185;A01;1;33;15;0;8;0;1;
202300048116;155595184;A01;2;7;0;1;2;1;1;
202300048117;155595183;A01;2;7;0;0;9;1;1;
202300048118;155595187;A01;3;7;0;1;2;17;1;
202300048119;155595180;A01;3;10;0;2;3;15;1;
202300048119;155595182;B01;3;32;0;0;0;0;1;
202300048120;155595181;A01;1;7;0;0;1;1;1;
202300048121;155595179;Y01;1;7;0;1;2;0;5;
202300048122;155595176;A01;2;7;0;2;0;0;1;
202300048122;155595178;B01;2;7;0;2;1;2;1;
202300048123;155595175;A01;2;7;0;2;5;15;1;
202300048123;155595177;B01;1;33;0;2;1;1;1;
202300048124;155595173;A01;1;7;0;2;3;2;1;
202300048124;155595174;B01;1;7;0;2;4;2;1;
202300048125;155595171;A01;3;2;0;1;2;17;0;
202300048126;155595170;A01;1;7;0;2;1;1;0;
202300048126;155595172;B01;1;7;0;2;4;0;1;
202300048127;155595167;C01;1;7;0;2;1;2;0;
202300048127;155595168;A01;1;7;0;2;4;2;0;
202300048127;155595169;B01;1;7;0;2;1;2;0;
202300048128;155595164;C01;2;7;0;0;4;24;1;
202300048128;155595166;A01;1;7;1;0;1;13;1;
202300048129;155595163;A01;1;31;0;0;0;3;1;
202300048130;155595165;A01;0;7;14;0;1;0;0;
202300048131;155595161;A01;1;7;0;2;3;15;0;
202300048131;155595162;B01;1;33;0;2;7;1;1;
202300048132;155595160;A01;2;10;4;0;1;14;1;
202300048133;155595156;A01;1;99;0;2;7;1;1;
202300048133;155595158;B01;3;7;0;2;1;1;1;
202300048134;155595157;A01;1;32;0;1;1;17;1;
202300048135;155595155;A01;3;7;0;2;1;1;1;
202300048135;155595159;B01;3;7;0;2;2;9;1;
202300048136;155595153;A01;1;30;0;0;8;15;3;
202300048137;155595152;A01;3;10;0;1;4;20;1;
202300048138;155595154;A01;3;34;0;0;0;12;1;
202300048139;155595150;A01;2;10;0;1;5;4;1;
202300048140;155595149;B01;1;33;0;2;0;1;1;
202300048140;155595151;A01;2;7;0;2;5;10;1;
202300048141;155595146;A01;2;43;0;0;8;1;1;
202300048142;155595145;A01;3;7;0;2;8;15;1;
202300048142;155595148;B01;3;33;0;2;1;17;1;
202300048143;155595141;A01;2;7;0;9;8;1;1;
202300048143;155595143;B01;2;1;0;2;8;1;5;
202300048144;155595140;A01;2;7;0;2;4;2;1;
202300048144;155595142;B01;1;7;0;2;1;2;1;
202300048145;155595144;A01;2;7;0;2;1;13;1;
202300048145;155595147;B01;1;7;0;2;1;13;2;
202300048146;155595137;A01;1;60;0;2;3;13;5;
202300048146;155595139;B01;1;7;0;2;3;21;1;
202300048147;155595136;A01;0;7;0;2;8;0;0;
202300048147;155595138;B01;3;7;0;2;1;1;0;
202300048148;155595135;A01;1;7;0;1;1;15;1;
202300048149;155595130;A01;1;7;0;2;3;13;0;
202300048149;155595133;B01;2;2;0;2;1;1;0;
202300048150;155595131;B01;1;7;0;2;3;1;0;
202300048150;155595134;A01;1;50;0;2;1;1;3;
202300048151;155595128;A01;2;32;0;2;9;17;0;
202300048151;155595129;B01;2;10;0;2;8;1;0;
202300048151;155595132;C01;1;10;0;2;3;1;0;
202300048152;155595125;B01;2;1;0;2;8;1;0;
202300048152;155595126;A01;2;7;0;2;7;22;1;
202300048153;155595123;A01;1;33;0;2;1;17;1;
202300048153;155595124;B01;2;7;0;2;2;1;1;
202300048153;155595127;C01;1;7;0;2;3;1;1;
202300048154;155595121;A01;0;7;8;2;3;21;1;
202300048154;155595122;B01;0;7;0;2;3;1;1;
202300048155;155595119;A01;3;7;0;1;4;4;1;
202300048156;155595117;C01;1;7;0;2;3;1;1;
202300048156;155595118;B01;2;7;0;2;1;1;1;
202300048156;155595120;A01;1;7;0;2;1;13;1;
202300048157;155595115;A01;3;1;0;2;0;0;5;
202300048157;155595116;B01;3;10;0;2;0;17;1;
202300048158;155595114;A01;1;2;1;0;2;1;1;