Num_Acc;id_vehicule;num_veh;senc;catv;obs;obsm;choc;manv;motor;occutc
202300048746;155594059;A01;1;7;0;1;1;1;0;
202300048747;155594056;A01;2;2;0;0;1;1;1;
202300048748;155594055;B01;2;50;0;2;1;25;3;
202300048748;155594058;A01;2;7;0;2;5;16;2;
202300048749;155594053;A01;0;7;0;2;2;15;1;
202300048749;155594057;B01;3;7;0;2;3;1;1;
202300048750;155594052;B01;2;1;0;2;6;1;5;
202300048750;155594054;A01;2;7;0;2;2;17;0;
202300048751;155594051;A01;0;7;0;1;3;1;1;
202300048752;155594047;B01;2;37;0;0;6;23;1;1.0
202300048752;155594050;A01;2;7;0;2;2;1;1;
202300048753;155594045;A01;0;3;0;2;1;10;1;
202300048753;155594048;B01;0;2;0;2;1;1;1;
202300048754;155594046;A01;2;7;0;2;7;16;1;
202300048754;155594049;B01;3;37;0;2;3;7;1;2.0
202300048755;155594041;A01;3;7;0;2;1;16;3;
202300048755;155594044;B01;3;7;0;2;3;1;1;
202300048756;155594040;A01;2;10;0;0;3;23;1;
202300048756;155594042;B01;2;1;1;0;1;1;5;
202300048757;155594038;A01;-1;10;-1;-1;-1;-1;-1;
202300048757;155594043;B01;-1;10;-1;-1;-1;-1;-1;
202300048758;155594036;A01;3;7;15;2;8;26;1;
202300048758;155594039;B01;3;14;0;2;7;26;1;
202300048759;155594034;A01;1;7;0;2;3;26;1;
202300048759;155594037;B01;1;33;0;2;1;1;1;
202300048760;155594033;A01;1;7;0;2;1;1;1;
202300048760;155594035;B01;1;37;0;2;3;1;1;1.0
202300048761;155594029;A01;3;7;0;2;2;0;0;
202300048761;155594031;B01;3;50;0;2;1;1;3;
202300048762;155594028;A01;1;7;0;2;3;15;1;
202300048762;155594032;B01;2;7;0;2;1;16;1;
202300048763;155594027;A01;1;7;0;2;3;1;1;
202300048763;155594030;B01;2;33;0;2;1;1;1;
202300048764;155594025;A01;1;7;0;2;3;2;1;
202300048764;155594026;B01;3;31;0;2;4;2;3;
202300048765;155594022;A01;1;33;0;2;3;1;1;
202300048765;155594024;B01;1;7;0;2;7;14;1;
202300048766;155594020;A01;2;10;0;2;2;9;1;
202300048766;155594023;B01;2;33;0;2;3;2;1;
202300048767;155594021;A01;0;14;0;0;0;0;1;
202300048768;155594018;B01;2;2;0;2;1;1;1;
202300048768;155594019;A01;1;7;0;2;1;15;1;
202300048769;155594016;A01;1;33;0;1;2;1;1;
202300048770;155594014;A01;1;10;0;2;3;10;1;
202300048770;155594015;B01;1;2;0;2;1;1;3;
202300048771;155594013;A01;2;33;0;2;1;0;1;
202300048771;155594017;B01;1;3;0;2;5;15;1;
202300048772;155594012;A01;0;10;0;1;2;1;1;
202300048773;155594009;A01;1;7;0;2;3;26;0;
202300048773;155594011;B01;1;60;0;2;2;1;5;
202300048774;155594007;A01;1;10;0;1;4;4;1;
202300048775;155594005;B01;3;1;0;2;7;1;5;
202300048775;155594010;A01;2;7;0;2;3;1;1;
202300048776;155594006;Z01;1;7;0;2;2;15;0;
202300048776;155594008;B01;1;33;0;2;3;1;1;
202300048777;155594002;A01;1;7;0;2;3;22;1;
202300048777;155594004;B01;1;1;1;0;1;1;5;
202300048778;155594001;A01;2;7;4;0;3;0;1;
202300048778;155594003;B01;2;7;0;2;1;1;1;
202300048779;155593999;A01;2;50;14;0;0;1;3;
202300048780;155593996;A01;3;1;0;2;1;13;5;
202300048780;155593998;B01;3;3;0;2;1;1;3;
202300048781;155593994;A01;3;37;0;2;2;1;1;3.0
202300048781;155594000;B01;0;7;0;0;0;0;1;
202300048782;155593992;A01;2;7;0;2;3;15;1;
202300048782;155593995;B01;2;50;0;2;1;0;3;
202300048783;155593991;A01;2;7;0;2;0;2;1;
202300048784;155593988;A01;2;10;0;1;3;15;0;
202300048785;155593987;A01;2;7;0;2;3;15;1;
202300048785;155593989;B01;2;7;13;2;2;17;1;
202300048786;155593981;A01;3;36;0;0;9;26;1;
202300048787;155593982;B01;2;7;0;2;3;1;1;
202300048787;155593985;A01;1;7;0;2;3;13;1;
202300048788;155593983;B01;2;34;0;2;5;2;1;
202300048788;155593986;A01;2;7;0;2;3;13;1;
202300048789;155593980;A01;1;30;0;2;7;9;3;
202300048789;155593984;B01;1;3;0;2;8;1;1;
202300048790;155593977;A01;1;0;0;1;2;1;0;
202300048791;155593976;A01;1;10;1;2;4;4;0;
202300048791;155593979;B01;1;50;1;2;1;1;3;
202300048792;155593975;A01;0;7;0;0;0;1;1;
202300048793;155593974;A01;2;10;0;2;6;15;1;
202300048793;155593978;B01;2;33;0;2;1;17;1;
202300048794;155593973;A01;1;7;0;6;3;0;1;
202300048795;155593970;B01;1;80;0;2;3;15;3;
202300048795;155593972;A01;1;43;0;2;1;1;1;
202300048796;155593971;A01;2;7;2;0;1;2;1;
202300048797;155593968;A01;1;10;1;0;1;1;1;
202300048798;155593967;A01;1;7;0;2;6;10;0;
202300048798;155593969;B01;2;30;0;2;1;1;1;
202300048799;155593966;A01;1;3;4;0;2;13;0;
202300048800;155593965;A01;1;7;2;0;2;13;1;
202300048801;155593964;A01;1;7;13;0;9;1;1;
202300048802;155593962;A01;3;7;2;0;8;19;0;
202300048803;155593963;A01;0;7;0;1;1;1;1;
202300048804;155593959;B01;2;7;0;2;1;19;1;
202300048804;155593961;A01;1;10;0;2;3;1;1;
202300048805;155593958;B01;2;33;0;2;5;2;1;
202300048805;155593960;A01;2;7;0;2;3;2;2;
202300048806;155593956;A01;3;7;0;1;1;1;1;
202300048807;155593952;A01;1;7;0;2;6;23;1;
202300048807;155593954;B01;1;7;0;2;2;1;1;
202300048808;155593950;A01;2;50;0;0;0;0;3;
202300048809;155593951;C01;2;7;0;2;3;1;0;
202300048809;155593953;B01;2;7;0;2;1;1;0;
202300048809;155593957;A01;1;7;0;2;1;15;0;
202300048810;155593949;B01;2;7;0;2;1;1;1;
202300048810;155593955;A01;1;10;0;2;3;15;1;
202300048811;155593948;A01;1;7;0;1;6;1;1;
202300048812;155593945;A01;3;7;0;0;1;13;1;
202300048813;155593946;A01;1;7;0;1;2;1;1;
202300048814;155593947;V01;1;1;0;1;1;21;5;
202300048815;155593944;A01;1;33;0;1;2;2;1;
202300048816;155593942;A01;2;7;13;0;3;5;1;
202300048817;155593941;A01;2;7;0;0;1;1;1;
202300048818;155593939;B01;1;7;0;2;3;1;1;
202300048818;155593943;A01;1;7;0;2;3;16;1;
202300048819;155593938;B01;2;1;0;2;1;1;5;
202300048819;155593940;A01;3;7;0;9;3;26;0;
202300048820;155593937;A01;1;7;13;0;3;1;1;
202300048821;155593936;A01;0;13;0;1;4;4;1;
202300048822;155593933;A01;1;32;0;2;1;17;1;
202300048822;155593935;B01;1;7;0;2;3;15;1;
202300048823;155593929;A01;3;7;0;1;5;15;1;
202300048824;155593927;A01;2;7;0;2;1;2;1;
202300048824;155593931;B01;2;17;0;0;4;2;1;
202300048825;155593926;A01;1;7;0;2;1;1;1;
202300048825;155593928;B01;1;50;0;2;1;19;3;
202300048826;155593924;A01;1;33;14;0;3;1;1;
202300048827;155593923;A01;2;7;0;0;9;10;1;
202300048828;155593922;B01;1;1;0;2;7;1;5;
202300048828;155593925;A01;2;7;0;2;1;9;1;
202300048829;155593921;A01;2;7;0;1;1;1;1;
202300048830;155593918;A01;1;7;13;0;2;1;1;
202300048831;155593919;B01;2;33;0;0;8;1;1;
202300048831;155593920;A01;2;7;0;2;1;1;1;
202300048832;155593917;A01;1;7;16;0;1;1;0;
202300048833;155593916;A01;3;1;0;0;0;1;5;
202300048834;155593915;A01;3;7;2;0;3;2;1;
202300048835;155593914;A01;3;7;13;0;2;21;1;
202300048836;155593913;A01;2;7;9;1;3;17;0;
202300048837;155593909;A01;1;7;0;2;1;13;1;
202300048837;155593910;B01;2;7;0;2;1;1;1;
202300048838;155593908;A01;2;33;0;2;7;17;1;
202300048838;155593911;B01;2;7;0;2;8;17;1;
202300048839;155593906;A01;1;7;0;2;2;1;1;
202300048839;155593912;B01;2;1;0;2;1;5;5;
202300048840;155593905;A01;1;7;0;1;2;1;1;
202300048841;155593900;B01;3;7;0;2;3;1;1;
202300048841;155593903;A01;2;7;0;2;2;15;1;
202300048842;155593901;B01;2;7;0;2;1;1;0;
202300048842;155593902;A01;1;7;3;0;1;1;0;
202300048843;155593898;A01;2;7;0;2;1;9;1;
202300048843;155593899;B01;2;33;0;2;2;1;1;
202300048844;155593896;B01;1;2;0;1;1;1;1;
202300048845;155593894;A01;2;7;0;1;1;1;1;
202300048846;155593892;B01;2;7;1;2;3;1;1;
202300048846;155593895;A01;1;7;0;2;1;1;1;
202300048846;155593897;C01;2;10;0;2;3;23;1;
202300048847;155593891;A01;3;7;6;2;1;19;1;
202300048847;155593893;B01;1;7;6;2;6;1;1;
202300048848;155593887;A01;2;7;14;0;1;1;3;
202300048849;155593885;A01;2;7;0;2;3;19;1;
202300048849;155593889;B01;1;7;0;2;1;1;1;
202300048850;155593883;B01;2;99;0;2;8;1;1;
202300048850;155593888;A01;3;7;0;2;1;19;2;
202300048851;155593879;A01;2;7;0;0;0;14;1;
202300048852;155593878;A01;2;7;0;2;3;1;1;
202300048852;155593882;B01;1;7;0;0;8;1;1;
202300048853;155593881;A01;1;7;3;0;9;2;1;
202300048854;155593880;A01;3;21;0;1;6;2;1;
202300048855;155593877;A01;2;2;0;0;9;1;1;
202300048856;155593876;A01;2;33;4;0;1;1;1;
202300048857;155593873;A01;1;21;0;0;6;15;1;
202300048857;155593875;B01;1;7;0;2;2;17;1;
202300048858;155593871;A01;1;7;0;2;1;1;1;
202300048858;155593874;B01;2;7;0;2;1;1;1;
202300048859;155593870;A01;1;10;0;2;2;17;1;
202300048859;155593872;B01;1;7;0;0;6;1;1;
202300048860;155593869;A01;1;31;13;0;1;1;1;
202300048861;155593863;A01;2;33;0;2;8;13;1;
202300048861;155593866;B01;1;7;0;2;3;1;1;
202300048862;155593864;B01;1;7;0;0;6;2;1;
202300048862;155593868;A01;1;7;4;2;1;2;1;
202300048863;155593865;A01;3;7;0;2;6;26;3;
202300048863;155593867;B01;3;80;0;2;1;19;3;
202300048864;155593861;A01;1;7;0;2;3;17;1;
202300048864;155593862;B01;2;7;0;2;3;1;1;
202300048865;155593860;A01;1;33;15;0;0;13;1;
202300048866;155593859;A01;1;2;0;0;0;0;6;
202300048867;155593857;A01;2;7;13;0;1;6;1;
202300048868;155593856;A01;1;33;10;0;8;13;1;
202300048869;155593855;A01;1;7;8;2;3;1;1;
202300048869;155593858;B01;2;10;15;2;2;1;1;
202300048870;155593854;A01;2;7;0;1;2;1;1;
202300048871;155593851;A01;1;7;0;2;2;15;1;
202300048871;155593853;B01;2;2;0;2;1;1;1;
202300048872;155593848;A01;2;33;0;2;2;15;1;
202300048872;155593852;B01;2;7;0;2;2;15;1;
202300048873;155593847;B01;1;7;0;2;1;1;0;
202300048873;155593849;A01;2;7;12;2;1;1;1;
202300048874;155593846;A01;1;13;0;2;3;1;1;
202300048874;155593850;B01;2;2;0;2;8;5;1;
202300048875;155593844;A01;1;7;0;2;2;5;1;
202300048875;155593845;B01;2;17;0;2;1;1;1;
202300048876;155593843;A01;1;33;2;0;0;2;1;
202300048877;155593842;A01;3;7;0;1;1;1;1;
202300048878;155593841;A01;0;7;0;1;2;20;1;
202300048879;155593840;A01;2;33;0;0;8;1;1;
202300048880;155593838;A01;1;33;0;2;4;1;1;
202300048880;155593839;B01;1;7;0;2;1;1;1;
202300048881;155593837;A01;2;33;0;0;0;1;1;
202300048882;155593835;A01;2;7;0;1;0;0;1;
202300048883;155593831;A01;3;7;0;2;3;1;1;
202300048883;155593834;B01;3;7;0;2;3;1;1;
202300048884;155593833;A01;1;7;7;0;2;1;1;
202300048885;155593827;A01;1;33;4;0;8;1;1;
202300048886;155593826;A01;1;7;0;2;1;0;0;
202300048886;155593829;B01;2;7;0;2;1;0;0;
202300048887;155593825;B01;1;1;0;2;7;1;5;
202300048887;155593828;A01;1;7;0;9;1;19;1;
202300048888;155593823;A01;2;7;2;0;1;16;1;
202300048889;155593820;A01;2;7;0;2;2;1;1;
202300048889;155593824;B01;1;33;0;2;1;13;1;
202300048890;155593819;A01;1;1;0;2;3;19;5;
202300048890;155593821;B01;2;7;0;2;2;1;1;
202300048891;155593818;A01;1;7;13;0;3;13;0;
202300048892;155593815;A01;2;7;15;2;7;13;1;
202300048892;155593817;B01;1;7;0;2;1;1;1;
202300048893;155593814;A01;3;21;0;0;3;0;1;
202300048893;155593816;B01;0;1;0;0;1;1;5;
202300048894;155593811;B01;1;1;12;0;0;2;5;
202300048894;155593813;A01;1;7;0;0;0;2;1;
202300048895;155593808;A01;1;7;13;2;3;13;1;
202300048895;155593809;B01;1;7;0;2;3;1;1;
202300048896;155593810;A01;2;7;0;0;8;9;1;
202300048896;155593812;B01;2;7;0;2;1;1;1;
202300048897;155593806;A01;1;3;16;0;1;1;0;
202300048898;155593804;A01;2;7;14;0;1;13;1;
202300048899;155593807;A01;3;36;0;0;0;0;0;
202300048900;155593805;A01;2;10;5;0;0;1;1;
202300048901;155593802;B01;1;15;0;2;6;1;1;
202300048901;155593803;A01;1;7;0;2;1;17;1;
202300048902;155593799;A01;3;10;0;2;6;15;0;
202300048902;155593800;B01;0;2;0;2;2;1;6;
202300048903;155593797;A01;2;7;0;2;1;20;1;
202300048903;155593801;B01;1;7;6;2;1;19;1;
202300048904;155593796;A01;1;7;2;0;2;21;1;
202300048905;155593795;B01;1;7;0;2;4;1;1;
202300048905;155593798;A01;1;10;0;2;1;2;1;
202300048906;155593791;A01;1;7;0;2;1;1;1;
202300048906;155593792;B01;1;17;0;0;4;1;1;
202300048906;155593794;C01;1;7;0;2;4;1;1;
202300048907;155593789;A01;0;10;0;2;2;19;1;
202300048907;155593793;B01;2;7;0;2;3;1;1;
202300048908;155593787;A01;1;3;9;0;9;1;1;
202300048909;155593785;B01;2;10;0;2;7;2;1;
202300048909;155593786;A01;2;33;0;2;1;3;1;
202300048909;155593788;C01;2;10;0;2;8;0;1;
202300048909;155593790;D01;2;7;0;2;5;1;1;
202300048910;155593784;A01;2;80;14;0;1;0;3;
202300048911;155593782;A01;2;0;0;0;5;16;0;
202300048911;155593783;B01;2;1;0;2;3;1;5;
202300048912;155593781;A01;1;7;13;0;1;1;1;
202300048913;155593778;A01;2;7;0;2;4;12;1;
202300048913;155593780;B01;2;33;0;2;1;3;1;
202300048914;155593777;B01;2;33;0;2;1;17;1;
202300048914;155593779;A01;2;7;0;2;8;15;1;
202300048915;155593775;A01;1;7;0;2;3;1;1;
202300048915;155593776;B01;2;21;0;2;1;13;1;
202300048916;155593772;A01;2;7;0;2;1;2;1;
202300048916;155593773;B01;2;7;0;2;4;2;1;
202300048917;155593774;A01;3;37;0;1;7;1;1;1.0
202300048918;155593769;A01;1;33;0;2;1;5;1;
202300048918;155593770;B01;2;7;0;0;1;1;1;
202300048919;155593768;A01;2;10;0;1;3;15;1;
202300048920;155593767;A01;2;7;0;1;1;21;1;
202300048921;155593765;B01;2;1;0;2;7;1;5;
202300048921;155593766;A01;2;7;0;2;8;22;1;
202300048922;155593763;A01;1;10;0;2;1;13;1;
202300048922;155593764;B01;2;7;0;2;1;1;1;
202300048923;155593771;A01;1;33;13;0;1;1;1;
202300048924;155593761;A01;2;33;4;2;1;2;1;
202300048924;155593762;B01;2;7;0;0;4;0;1;
202300048925;155593760;A01;1;32;0;1;3;1;1;
202300048926;155593757;A01;1;33;0;2;1;17;1;
202300048926;155593759;B01;1;7;0;2;8;15;1;
202300048927;155593756;A01;1;7;0;2;1;2;1;
202300048927;155593758;B01;1;7;0;0;5;2;1;
202300048928;155593755;A01;3;32;0;1;1;1;1;
202300048929;155593752;A01;1;7;3;0;8;1;1;
202300048930;155593751;A01;3;10;0;2;3;19;1;
202300048930;155593754;B01;1;43;0;2;6;1;1;
202300048931;155593750;A01;1;7;0;2;2;15;1;
202300048931;155593753;B01;2;32;0;2;1;1;1;
202300048932;155593749;A01;1;7;17;0;1;14;1;
202300048933;155593746;A01;2;32;0;2;3;1;1;
202300048933;155593748;Z01;2;7;0;2;2;16;2;
202300048934;155593745;A01;2;7;0;2;5;12;1;
202300048934;155593747;B01;2;7;0;2;3;1;1;
202300048935;155593742;B01;1;10;0;2;4;23;1;
202300048935;155593744;A01;1;32;0;2;1;1;1;
202300048936;155593741;A01;2;7;4;2;1;0;1;
202300048936;155593743;B01;2;15;0;2;6;1;1;
202300048937;155593737;A01;2;10;2;0;2;14;1;
202300048938;155593736;A01;1;14;0;2;6;2;1;
202300048938;155593738;B01;1;7;0;2;2;2;1;
202300048939;155593739;A01;1;50;0;2;3;1;3;
202300048939;155593740;B01;1;7;0;2;3;15;2;
202300048940;155593734;A01;1;7;0;2;5;15;1;
202300048940;155593735;B01;2;33;0;2;1;1;1;
202300048941;155593732;A01;3;2;13;0;1;0;1;
202300048942;155593731;B01;1;1;0;2;8;15;5;
202300048942;155593733;A01;1;32;0;2;1;15;1;
202300048943;155593730;A01;2;7;15;0;3;1;1;
202300048944;155593729;A01;2;31;3;0;8;25;1;
202300048945;155593726;A01;2;33;4;0;3;1;1;
202300048946;155593727;A01;3;7;0;2;1;1;1;
202300048946;155593728;B01;3;7;0;2;4;1;1;
202300048947;155593724;B01;1;1;0;2;8;26;5;
202300048947;155593725;A01;1;7;0;2;2;17;1;
202300048948;155593722;A01;1;7;0;1;1;1;1;
202300048949;155593719;A01;1;10;2;0;2;1;1;
202300048950;155593720;A01;2;7;0;2;4;23;1;
202300048950;155593721;B01;2;7;0;2;1;23;0;
202300048950;155593723;C01;2;7;0;2;1;1;1;
202300048951;155593717;A01;2;7;0;2;2;1;1;
202300048951;155593718;B01;2;1;0;2;4;1;5;
202300048952;155593714;B01;2;30;0;2;7;17;1;
202300048952;155593716;A01;2;7;0;2;3;15;1;
202300048953;155593713;B01;3;7;0;2;3;5;2;
202300048953;155593715;A01;2;7;0;2;3;1;1;
202300048954;155593710;A01;3;7;13;0;3;14;1;
202300048955;155593708;A01;1;7;0;0;1;1;1;
202300048956;155593707;A01;3;7;0;2;3;1;1;
202300048956;155593709;B01;3;1;0;2;1;9;5;
202300048957;155593706;A01;3;7;1;0;2;1;1;
202300048958;155593705;A01;2;7;9;0;1;1;1;
202300048959;155593702;A01;2;1;0;0;0;1;5;
202300048960;155593703;A01;1;7;1;1;2;2;1;
202300048961;155593701;A01;2;99;0;2;1;19;3;
202300048961;155593704;B01;1;99;0;2;2;1;1;
202300048962;155593699;B01;2;10;0;2;3;15;1;
202300048962;155593700;A01;2;43;1;2;1;17;1;
202300048963;155593698;A01;2;7;0;1;3;21;1;
202300048964;155593695;A01;2;7;0;0;2;1;1;
202300048964;155593696;B01;1;7;0;2;3;1;1;
202300048965;155593694;A01;1;7;0;2;3;26;1;
202300048965;155593697;B01;1;7;0;2;2;1;1;
202300048966;155593691;B01;1;7;0;2;1;2;1;
202300048966;155593692;A01;1;10;0;2;4;2;1;
202300048967;155593690;A01;1;13;0;1;4;26;1;
202300048968;155593689;A01;1;7;3;0;1;1;1;
202300048969;155593686;A01;1;7;0;2;3;15;1;
202300048969;155593688;B01;1;13;0;2;2;5;1;
202300048970;155593685;B01;1;17;0;2;8;9;1;
202300048970;155593687;A01;1;10;0;2;1;12;1;
202300048971;155593683;A01;1;7;0;2;5;15;1;
202300048971;155593684;B01;2;7;0;2;1;1;1;
202300048971;155593693;C01;3;7;0;2;2;23;1;
202300048972;155593682;A01;0;33;0;1;0;0;0;
202300048973;155593680;A01;1;7;10;2;0;17;1;
202300048973;155593681;B01;2;7;0;0;7;1;1;
202300048974;155593679;A01;1;7;2;0;1;1;0;
202300048975;155593678;A01;1;15;0;1;1;1;1;
202300048976;155593677;A01;2;7;3;0;1;14;1;
202300048977;155593672;A01;1;7;0;2;1;13;1;
202300048977;155593674;B01;1;15;0;2;1;21;1;
202300048977;155593676;C01;2;7;0;2;1;1;1;
202300048978;155593670;A01;1;7;0;2;3;2;1;
202300048978;155593671;B01;1;33;0;0;4;2;1;
202300048979;155593669;A01;2;1;13;0;1;1;5;
202300048980;155593668;A01;1;7;2;0;1;21;1;
202300048981;155593665;B01;2;2;0;2;1;1;0;
202300048981;155593667;A01;1;7;0;2;1;15;1;
202300048982;155593663;A01;2;7;0;2;8;16;0;
202300048982;155593666;B01;2;7;0;2;1;1;0;
202300048983;155593662;B01;1;3;0;0;4;2;1;
202300048983;155593664;A01;1;7;0;2;2;2;1;
202300048984;155593659;A01;1;7;0;2;2;2;1;
202300048984;155593661;B01;2;1;0;0;4;2;5;
202300048985;155593657;C01;1;7;0;2;1;1;1;
202300048985;155593658;B01;1;7;0;2;1;1;1;
202300048985;155593660;A01;2;7;3;2;1;5;1;
202300048986;155593655;A01;1;33;0;2;1;3;1;
202300048986;155593656;B01;1;10;0;2;4;13;1;
202300048987;155593653;A01;1;1;0;0;0;0;5;
202300048988;155593651;C01;3;7;0;2;3;23;1;
202300048988;155593652;B01;2;33;0;2;1;1;1;
202300048988;155593654;A01;1;7;0;2;3;15;3;
202300048989;155593650;A01;2;7;0;1;1;1;1;
202300048990;155593649;A01;1;7;5;0;2;1;1;
202300048991;155593648;A01;2;7;4;0;8;1;1;
202300048992;155593647;A01;2;33;3;0;1;1;1;
202300048993;155593646;A01;2;2;0;9;7;26;6;
202300048994;155593644;A01;2;2;0;2;3;1;1;
202300048994;155593645;B01;1;10;0;2;3;1;1;
202300048995;155593642;A01;1;30;0;2;3;13;0;
202300048995;155593643;B01;1;7;0;9;3;26;0;
202300048996;155593641;A01;2;7;13;0;2;1;1;
202300048997;155593639;A01;2;7;2;0;8;1;1;
202300048998;155593638;A01;2;7;0;9;2;17;1;
202300048998;155593640;B01;2;1;0;0;6;1;5;
202300048999;155593637;A01;2;33;15;0;1;1;1;
202300049000;155593634;A01;2;33;16;0;0;17;1;
202300049001;155593633;A01;1;10;0;2;1;21;1;
202300049001;155593635;B01;1;7;0;0;4;1;1;
202300049001;155593636;C01;1;15;0;0;4;1;1;
202300049002;155593632;A01;2;7;0;0;0;14;0;
202300049003;155593630;A01;1;7;0;2;3;0;0;
202300049003;155593631;B01;2;7;0;2;1;13;1;
202300049004;155593628;A01;2;7;0;2;1;1;1;
202300049004;155593629;B01;1;7;0;2;1;1;1;
202300049005;155593626;A01;1;7;0;1;2;15;1;
202300049006;155593625;B01;2;7;0;0;2;0;1;
202300049006;155593627;A01;2;17;0;0;6;1;1;
202300049007;155593623;A01;1;43;0;2;7;26;1;
202300049007;155593624;B01;2;7;0;2;3;1;1;
202300049008;155593621;A01;2;7;0;2;3;5;1;
202300049008;155593622;B01;1;38;0;2;3;1;1;9.0
202300049009;155593619;A01;2;50;0;2;1;5;3;
202300049009;155593620;B01;1;7;0;2;1;1;1;
202300049010;155593617;B01;1;7;0;2;2;2;1;
202300049010;155593618;A01;1;7;2;2;2;2;1;
202300049011;155593615;A01;1;7;0;2;1;1;1;
202300049011;155593616;B01;1;7;0;0;4;1;1;
202300049012;155593613;A01;1;2;0;2;1;1;1;
202300049012;155593614;B01;2;7;0;2;7;15;1;
202300049013;155593611;A01;2;10;0;0;4;2;1;
202300049013;155593612;B01;2;33;0;2;1;2;1;
202300049014;155593609;A01;1;7;0;2;0;1;0;
202300049014;155593610;B01;1;1;0;2;4;1;5;
202300049015;155593607;A01;1;31;0;6;1;1;1;
202300049016;155593606;A01;1;7;0;2;1;2;1;
202300049016;155593608;B01;1;17;0;0;4;2;1;
202300049017;155593605;A01;1;33;13;0;3;13;1;
202300049018;155593604;A01;3;7;1;1;3;1;3;
202300049019;155593603;A01;1;7;6;0;1;2;1;
202300049020;155593602;A01;1;10;2;0;3;1;1;
202300049021;155593601;A01;1;7;16;0;9;1;1;
202300049022;155593599;A01;2;7;17;0;2;1;1;
202300049023;155593598;B01;1;7;0;2;2;1;1;
202300049023;155593600;A01;1;33;0;2;8;1;1;
202300049024;155593597;A01;2;10;2;0;2;1;1;
202300049025;155593593;A01;2;7;0;2;3;14;1;
202300049025;155593595;B01;2;15;0;0;5;1;1;
202300049026;155593592;A01;0;33;0;2;1;1;1;
202300049026;155593594;B01;0;10;0;2;3;13;3;
202300049027;155593590;B01;2;10;0;2;2;1;1;
202300049027;155593591;A01;1;7;0;2;1;13;1;
202300049028;155593588;A01;2;7;0;2;3;13;1;
202300049028;155593589;B01;1;7;0;2;3;1;1;
202300049029;155593586;A01;1;7;0;0;3;1;1;
202300049029;155593587;B01;1;7;0;0;3;1;1;
202300049030;155593584;A01;2;7;0;2;1;13;1;
202300049030;155593585;B01;1;7;0;2;3;1;1;
202300049031;155593582;A01;1;10;0;1;2;1;1;
202300049032;155593579;A01;2;2;0;2;4;1;1;
202300049032;155593580;B01;2;7;0;2;2;1;1;
202300049032;155593581;C01;2;7;14;2;3;1;1;
202300049032;155593583;D01;2;7;14;0;1;21;1;
202300049033;155593576;B01;1;7;0;2;2;1;1;
202300049033;155593578;A01;1;7;0;2;1;19;1;
202300049034;155593573;C01;2;38;0;9;0;1;1;1.0
202300049034;155593574;A01;2;33;0;2;1;17;1;
202300049034;155593575;B01;2;7;0;2;6;17;1;
202300049035;155593572;A01;1;10;0;2;8;15;1;
202300049035;155593577;B01;1;33;0;2;1;1;1;
202300049036;155593571;A01;2;1;0;0;0;2;5;
202300049037;155593569;A01;1;14;0;2;3;1;0;
202300049037;155593570;B01;2;7;0;0;8;9;1;
202300049038;155593567;B01;1;33;0;2;1;1;1;
202300049038;155593568;A01;1;7;0;2;1;9;1;
202300049039;155593564;A01;1;33;0;2;1;5;1;
202300049039;155593565;B01;2;7;0;2;3;1;1;
202300049039;155593566;C01;1;7;0;2;6;1;1;
202300049040;155593561;B01;1;1;0;2;6;2;5;
202300049040;155593562;A01;1;7;0;2;2;2;1;
202300049041;155593559;A01;3;7;0;0;7;0;0;
202300049041;155593560;B01;3;7;0;2;3;0;0;
202300049042;155593557;A01;3;7;0;2;3;15;1;
202300049042;155593558;B01;1;2;0;2;7;1;1;
202300049043;155593555;A01;1;7;0;2;3;9;1;
202300049043;155593556;B01;1;33;0;2;7;1;1;
202300049044;155593554;A01;2;33;7;0;1;1;1;
202300049045;155593552;A01;1;10;0;2;6;2;1;
202300049045;155593553;B01;1;33;0;2;2;2;1;
202300049046;155593551;A01;2;31;0;2;7;3;1;
202300049047;155593549;A01;1;7;0;2;4;1;1;
202300049047;155593550;Z01;1;7;0;2;1;0;0;
202300049048;155593547;A01;2;7;2;2;8;9;0;
202300049048;155593548;B01;2;17;0;2;7;1;0;
202300049049;155593545;A01;2;7;0;2;6;11;1;
202300049049;155593546;B01;2;31;0;2;1;3;1;
202300049050;155593543;A01;2;33;0;2;2;0;1;
202300049050;155593544;B01;2;7;0;2;6;13;1;
202300049051;155593541;A01;1;7;4;2;1;1;1;
202300049051;155593542;B01;1;10;4;2;4;1;1;
202300049052;155593539;B01;2;7;0;2;4;2;1;
202300049052;155593540;A01;2;7;0;2;1;2;1;
202300049053;155593538;A01;3;7;0;1;4;26;1;
202300049054;155593537;A01;1;50;0;0;0;0;3;
202300049055;155593536;A01;1;30;2;2;0;1;1;
202300049056;155593534;A01;1;7;0;2;1;1;1;
202300049056;155593535;B01;1;7;0;2;4;1;1;
202300049057;155593533;A01;3;7;0;1;3;1;1;
202300049058;155593531;A01;1;1;0;2;1;1;5;
202300049058;155593532;B01;1;7;0;2;4;1;1;
202300049059;155593530;B01;3;7;0;1;2;26;1;
202300049060;155593528;A01;1;7;0;2;3;1;1;
202300049060;155593529;B01;2;7;0;2;3;1;1;
202300049061;155593527;A01;2;1;0;1;7;19;5;
202300049062;155593525;A01;2;7;0;2;2;1;1;