Num_Acc;id_vehicule;num_veh;senc;catv;obs;obsm;choc;manv;motor;occutc
202300049062;155593526;B01;2;32;0;2;8;21;1;
202300049063;155593524;A01;2;7;8;0;3;1;1;
202300049064;155593522;A01;2;7;0;2;8;15;1;
202300049064;155593523;B01;1;33;0;2;1;17;1;
202300049065;155593520;B01;1;7;0;2;5;1;1;
202300049065;155593521;A01;1;7;0;2;3;12;1;
202300049066;155593519;A01;1;10;0;1;4;4;1;
202300049067;155593518;A01;2;7;12;0;1;16;1;
202300049068;155593517;A01;0;7;3;0;3;13;1;
202300049069;155593515;B01;2;33;0;2;5;2;1;
202300049069;155593516;A01;2;33;0;2;1;2;1;
202300049070;155593513;B01;1;7;0;2;8;15;1;
202300049070;155593514;A01;1;33;0;2;1;1;1;
202300049071;155593511;A01;2;7;0;2;4;2;1;
202300049071;155593512;Z01;2;10;0;2;1;2;0;
202300049072;155593509;B01;2;7;0;0;4;2;1;
202300049072;155593510;A01;2;7;0;2;1;2;1;
202300049073;155593506;A01;2;7;0;2;1;2;1;
202300049073;155593507;B01;2;7;0;2;4;2;1;
202300049073;155593508;C01;2;7;0;2;4;1;1;
202300049074;155593505;A01;1;7;0;1;3;26;1;
202300049075;155593503;A01;1;15;0;2;7;12;1;
202300049075;155593504;B01;1;7;0;2;8;1;1;
202300049076;155593499;D01;2;7;0;0;0;0;0;
202300049076;155593500;Z01;2;7;0;2;1;2;0;
202300049076;155593501;B01;2;10;0;0;0;0;0;
202300049076;155593502;C01;2;7;0;0;0;0;0;
202300049077;155593497;A01;2;7;0;2;7;12;1;
202300049077;155593498;B01;2;33;0;2;3;0;1;
202300049078;155593495;A01;1;33;0;2;1;12;1;
202300049078;155593496;B01;1;7;0;2;6;1;1;
202300049079;155593492;A01;1;7;0;2;4;1;1;
202300049079;155593493;C01;1;7;0;2;1;2;1;
202300049079;155593494;B01;1;7;0;2;5;1;1;
202300049080;155593490;A01;2;33;0;2;2;14;1;
202300049080;155593491;B01;2;7;0;2;8;1;1;
202300049081;155593487;A01;1;10;0;2;1;2;1;
202300049081;155593488;C01;1;10;0;2;4;2;1;
202300049081;155593489;B01;1;7;0;2;4;2;1;
202300049082;155593485;A01;1;33;0;2;2;3;1;
202300049082;155593486;B01;1;7;0;2;3;11;1;
202300049083;155593482;B01;1;7;0;2;4;2;1;
202300049083;155593483;A01;1;10;0;2;1;2;1;
202300049083;155593484;C01;1;10;0;2;4;2;1;
202300049084;155593480;A01;1;33;0;2;1;0;1;
202300049084;155593481;Z01;1;7;0;2;0;0;0;
202300049085;155593478;B01;2;99;0;2;3;11;1;
202300049085;155593479;A01;2;33;0;2;1;3;1;
202300049086;155593475;B01;2;7;0;2;4;1;1;
202300049086;155593476;C01;2;7;0;2;1;1;1;
202300049086;155593477;A01;2;7;0;2;4;1;1;
202300049087;155593473;A01;2;7;0;2;4;2;1;
202300049087;155593474;B01;2;7;0;2;1;2;1;
202300049088;155593472;A01;2;7;4;0;1;13;1;
202300049089;155593468;A01;2;7;0;2;1;2;1;
202300049089;155593469;B01;2;7;0;0;4;2;1;
202300049090;155593466;A01;1;30;0;2;1;5;1;
202300049090;155593467;B01;2;7;0;2;1;1;1;
202300049091;155593465;Z01;1;0;0;1;0;0;0;
202300049092;155593463;A01;1;7;0;2;2;1;1;
202300049092;155593464;B01;1;7;0;2;3;16;1;
202300049093;155593457;A01;1;7;0;2;2;2;1;
202300049093;155593458;B01;1;7;0;2;4;2;1;
202300049094;155593456;A01;0;50;0;1;0;25;3;
202300049095;155593455;A01;3;7;1;1;4;4;1;
202300049096;155593453;X01;2;7;0;2;1;26;6;
202300049096;155593454;B01;1;10;0;2;4;23;0;
202300049097;155593451;A01;1;7;0;2;2;9;3;
202300049097;155593452;B01;1;33;0;2;4;23;1;
202300049098;155593449;B01;2;33;0;2;8;1;1;
202300049098;155593450;A01;2;7;0;2;2;12;1;
202300049099;155593448;A01;2;30;0;0;7;1;1;
202300049100;155593447;A01;0;7;0;0;0;1;1;
202300049101;155593446;A01;3;7;4;0;0;16;1;
202300049102;155593445;A01;2;7;0;1;1;1;1;
202300049103;155593443;B01;1;32;0;2;0;2;1;
202300049103;155593444;A01;2;7;0;2;3;9;1;
202300049104;155593442;A01;2;7;0;1;1;15;1;
202300049105;155593440;A01;2;7;0;2;3;15;1;
202300049105;155593441;B01;1;30;0;2;1;1;1;
202300049106;155593438;B01;0;10;0;0;5;1;1;
202300049106;155593439;A01;3;30;0;2;1;2;1;
202300049107;155593436;B01;0;10;0;2;1;1;0;
202300049107;155593437;A01;0;7;0;2;8;9;1;
202300049108;155593435;A01;3;7;0;2;7;0;1;
202300049109;155593433;A01;2;7;0;2;8;16;1;
202300049109;155593434;B01;1;50;0;2;1;1;3;
202300049110;155593431;A01;1;30;0;2;8;9;1;
202300049110;155593432;B01;2;10;0;2;1;9;1;
202300049111;155593429;B01;2;7;0;2;1;1;1;
202300049111;155593430;A01;2;7;0;0;4;23;0;
202300049112;155593428;A01;1;10;0;1;0;1;1;
202300049113;155593426;A01;2;7;0;2;8;1;1;
202300049113;155593427;B01;2;1;0;2;7;1;5;
202300049114;155593425;A01;1;7;4;0;1;2;1;
202300049115;155593424;A01;3;7;4;0;1;1;1;
202300049116;155593423;A01;1;7;6;0;1;13;1;
202300049117;155593422;A01;3;7;0;1;3;26;1;
202300049118;155593420;A01;2;7;0;2;2;17;1;
202300049118;155593421;B01;2;50;0;2;4;10;3;
202300049119;155593416;D01;1;7;0;2;4;2;0;
202300049119;155593417;B01;1;7;0;2;4;2;0;
202300049119;155593418;C01;1;7;0;2;4;2;0;
202300049119;155593419;A01;1;7;0;2;1;2;0;
202300049120;155593414;B01;3;30;0;2;0;0;0;
202300049120;155593415;A01;3;7;0;2;3;9;1;
202300049121;155593412;Z01;0;0;0;0;0;0;0;
202300049121;155593413;A01;3;3;0;0;0;0;1;
202300049122;155593411;A01;1;7;0;1;3;1;1;
202300049123;155593410;A01;2;33;0;0;0;26;1;
202300049124;155593409;A01;3;7;6;0;3;16;1;
202300049125;155593407;B01;1;10;0;2;1;1;1;
202300049125;155593408;A01;1;34;0;2;0;0;0;
202300049126;155593404;B01;2;7;0;2;6;1;1;
202300049126;155593405;Z01;2;7;0;2;2;12;0;
202300049126;155593406;A01;2;31;0;2;8;3;1;
202300049127;155593402;A01;1;7;0;2;1;2;1;
202300049127;155593403;B01;1;7;0;2;4;2;1;
202300049128;155593401;A01;2;7;6;0;4;12;1;
202300049129;155593400;A01;1;10;0;1;1;1;1;
202300049130;155593398;Z01;1;7;0;2;1;1;3;
202300049130;155593399;A01;1;31;0;2;4;1;1;
202300049131;155593396;B01;1;7;0;2;2;15;1;
202300049131;155593397;A01;2;31;0;2;1;7;1;
202300049132;155593394;B01;2;1;1;0;1;1;5;
202300049132;155593395;A01;1;7;0;2;8;22;1;
202300049133;155593392;A01;2;7;0;2;1;1;1;
202300049133;155593393;B01;2;1;0;2;4;15;5;
202300049134;155593390;A01;3;33;0;2;1;2;1;
202300049134;155593391;Z01;3;10;0;2;8;15;1;
202300049135;155593388;B01;1;33;0;2;8;15;1;
202300049135;155593389;A01;1;30;0;2;1;1;1;
202300049136;155593386;A01;2;30;0;2;1;2;1;
202300049136;155593387;B01;2;7;0;2;4;2;3;
202300049137;155593384;B01;3;7;0;2;1;26;0;
202300049137;155593385;A01;3;7;8;2;7;26;1;
202300049138;155593383;A01;1;7;0;1;2;1;0;
202300049139;155593382;A01;1;7;6;0;1;13;1;
202300049140;155593380;A01;1;7;0;2;6;11;2;
202300049140;155593381;B01;1;10;0;2;2;2;1;
202300049141;155593379;A01;1;7;0;2;1;0;0;
202300049142;155593377;B01;0;0;0;2;0;0;-1;
202300049142;155593378;A01;0;2;0;2;7;0;1;
202300049143;155593375;A01;1;30;0;0;7;16;1;
202300049143;155593376;B01;1;0;0;0;0;0;0;
202300049144;155593374;A01;3;10;0;1;0;15;0;
202300049145;155593373;A01;1;30;12;0;2;14;1;
202300049146;155593372;A01;2;80;0;0;0;1;3;
202300049147;155593370;A01;2;7;0;2;1;13;1;
202300049147;155593371;B01;1;7;0;2;3;1;1;
202300049148;155593368;A01;1;7;0;2;1;13;1;
202300049148;155593369;B01;2;7;0;2;3;1;1;
202300049149;155593366;A01;2;7;0;2;7;13;1;
202300049149;155593367;B01;1;10;0;2;1;1;1;
202300049150;155593364;A01;1;7;0;2;1;2;1;
202300049150;155593365;B01;1;7;0;2;4;2;1;
202300049151;155593363;A01;2;7;2;0;1;14;1;
202300049152;155593362;A01;1;7;13;0;2;14;1;
202300049153;155593360;A01;2;7;0;2;3;1;1;
202300049153;155593361;B01;1;7;0;2;2;13;1;
202300049154;155593359;A01;1;7;4;0;2;1;0;
202300049155;155593357;A01;2;7;0;2;6;1;1;
202300049155;155593358;B01;1;7;0;2;1;5;1;
202300049156;155593356;A01;2;36;6;0;2;14;1;
202300049157;155593355;A01;1;31;12;0;1;21;1;
202300049158;155593353;A01;1;7;0;2;1;13;1;
202300049158;155593354;B01;2;7;0;2;1;13;1;
202300049159;155593352;A01;2;7;6;0;2;0;1;
202300049160;155593350;A01;1;7;0;2;3;13;1;
202300049160;155593351;B01;2;7;0;2;3;1;1;
202300049161;155593348;B01;1;10;0;0;6;1;1;
202300049161;155593349;A01;1;7;0;2;2;1;1;
202300049162;155593346;A01;3;7;0;9;3;9;1;
202300049162;155593347;B01;3;80;0;2;1;9;3;
202300049163;155593343;A01;1;7;0;1;2;1;1;
202300049164;155593341;A01;1;7;0;2;3;13;1;
202300049164;155593342;B01;2;31;0;2;1;21;1;
202300049165;155593340;A01;3;7;0;1;1;1;1;
202300049166;155593339;A01;1;7;15;0;1;1;0;
202300049167;155593338;A01;1;7;8;6;8;1;1;
202300049168;155593337;A01;3;80;0;0;0;1;3;
202300049169;155593335;B01;1;33;0;2;1;1;1;
202300049169;155593336;A01;1;7;0;2;6;15;1;
202300049170;155593334;A01;1;33;0;0;8;1;1;
202300049171;155593333;A01;1;7;0;1;3;1;1;
202300049172;155593331;A01;1;7;3;2;7;5;1;
202300049172;155593332;B01;2;7;0;2;1;5;1;
202300049173;155593330;A01;1;7;13;0;2;1;1;
202300049174;155593329;A01;3;14;13;9;3;15;1;
202300049175;155593328;A01;2;10;0;1;4;4;1;
202300049176;155593326;A01;1;7;0;1;1;1;1;
202300049177;155593324;A01;2;7;0;9;2;1;1;
202300049178;155593323;B01;2;7;0;2;3;15;1;
202300049178;155593325;A01;2;34;0;2;3;6;1;
202300049179;155593317;A01;3;20;0;0;0;1;1;
202300049180;155593316;B01;1;7;0;2;3;1;1;
202300049180;155593318;C01;1;7;0;2;1;0;0;
202300049180;155593319;A01;1;7;0;2;1;1;1;
202300049180;155593321;D01;1;7;0;2;1;1;1;
202300049181;155593313;A01;1;7;0;2;3;16;1;
202300049181;155593315;B01;1;50;0;2;7;9;3;
202300049182;155593312;A01;2;7;0;0;0;1;1;
202300049183;155593311;A01;3;10;0;1;4;4;1;
202300049184;155593308;B01;2;7;0;2;1;0;-1;
202300049184;155593310;A01;1;50;0;2;1;0;3;
202300049185;155593305;A01;1;33;0;1;1;0;1;
202300049186;155593304;B01;2;7;0;2;3;1;1;
202300049186;155593306;A01;3;10;0;2;2;19;1;
202300049187;155593302;A01;3;7;0;2;5;1;0;
202300049187;155593303;B01;3;7;0;2;1;2;0;
202300049188;155593300;A01;2;7;6;2;1;1;1;
202300049188;155593301;B01;2;7;6;2;3;1;1;
202300049189;155593298;B01;2;7;0;2;4;2;1;
202300049189;155593299;A01;2;7;0;2;1;2;1;
202300049190;155593296;B01;1;7;0;2;1;1;1;
202300049190;155593297;A01;1;10;0;2;4;1;1;
202300049191;155593295;A01;2;7;0;1;8;15;1;
202300049192;155593293;A01;1;7;12;0;1;1;1;
202300049193;155593291;A01;1;31;0;2;1;13;1;
202300049193;155593292;B01;2;33;0;2;1;1;1;
202300049194;155593290;A01;0;7;0;1;1;0;1;
202300049195;155593289;A01;2;7;0;1;1;0;1;
202300049196;155593287;B01;2;7;0;2;3;9;1;
202300049196;155593288;A01;2;36;0;2;2;2;1;
202300049197;155593286;A01;2;7;0;1;1;1;1;
202300049198;155593285;B01;3;7;0;2;5;26;1;
202300049199;155593284;A01;2;32;3;0;1;0;1;
202300049200;155593283;A01;1;7;3;2;0;17;2;
202300049201;155593278;A01;1;7;0;0;0;0;0;
202300049202;155593275;D01;3;7;0;2;0;0;0;
202300049202;155593276;C01;3;7;0;2;0;0;0;
202300049202;155593280;B01;3;7;0;2;4;1;0;
202300049202;155593281;A01;3;7;0;2;1;1;0;
202300049202;155593282;E01;3;7;0;2;4;1;0;
202300049203;155593273;A01;2;7;3;2;9;1;1;
202300049203;155593277;B01;2;15;0;2;8;1;1;
202300049203;155593279;C01;2;7;0;2;1;1;1;
202300049204;155593272;A01;1;2;0;2;1;2;1;
202300049204;155593274;B01;1;10;0;0;4;2;1;
202300049205;155593269;A01;1;7;0;2;2;26;1;
202300049205;155593271;B01;1;7;0;2;3;0;1;
202300049206;155593267;A01;2;7;0;2;3;2;3;
202300049206;155593268;B01;2;7;4;2;9;1;1;
202300049207;155593266;A01;3;13;0;0;7;21;2;
202300049207;155593270;B01;1;7;0;0;0;17;1;
202300049208;155593264;B01;1;7;0;2;2;2;1;
202300049208;155593265;A01;1;7;1;2;3;18;1;
202300049209;155593260;A01;1;7;3;0;1;14;1;
202300049209;155593263;B01;1;10;0;0;0;2;1;
202300049210;155593258;A01;2;7;0;0;9;1;1;
202300049210;155593259;B01;1;7;0;0;0;15;1;
202300049211;155593256;A01;1;7;0;2;1;9;1;
202300049211;155593257;B01;1;7;0;2;1;0;1;
202300049211;155593261;C01;1;7;0;2;4;2;0;
202300049212;155593254;A01;1;7;1;2;8;14;0;
202300049212;155593255;B01;1;10;0;2;4;0;0;
202300049213;155593252;A01;1;7;0;1;1;0;1;
202300049214;155593251;B01;1;7;0;2;1;1;3;
202300049214;155593253;A01;2;7;0;2;1;17;1;
202300049215;155593250;A01;2;7;4;0;1;2;1;
202300049216;155593249;A01;2;7;0;1;2;17;0;
202300049217;155593246;A01;1;7;0;1;5;23;1;
202300049217;155593248;B01;1;7;0;2;1;1;1;
202300049218;155593243;C01;1;10;0;2;8;1;1;
202300049218;155593245;A01;1;7;0;2;7;12;1;
202300049218;155593247;B01;1;14;0;2;3;1;1;
202300049219;155593242;A01;1;7;0;2;3;13;1;
202300049219;155593244;B01;2;14;0;2;6;1;1;
202300049220;155593241;A01;1;7;15;0;1;1;1;
202300049221;155593238;A01;1;7;13;0;2;1;1;
202300049222;155593236;B01;2;7;0;2;4;2;1;
202300049222;155593239;A01;2;10;0;2;1;2;1;
202300049223;155593237;A01;2;7;0;2;7;16;1;
202300049223;155593240;B01;2;33;0;2;1;1;1;
202300049224;155593233;A01;2;7;0;0;0;0;1;
202300049224;155593235;B01;1;30;0;0;0;0;1;
202300049225;155593232;A01;1;7;4;0;1;16;1;
202300049226;155593231;B01;1;1;0;2;3;1;5;
202300049226;155593234;A01;1;10;0;2;7;16;1;
202300049227;155593229;A01;2;7;0;1;3;1;1;
202300049228;155593224;A01;2;10;0;2;3;1;1;
202300049228;155593227;B01;2;33;0;2;1;17;1;
202300049229;155593226;B01;1;7;0;2;7;1;1;
202300049229;155593230;A01;2;10;0;2;1;1;1;
202300049230;155593223;A01;2;7;0;2;3;15;1;
202300049230;155593225;B01;2;30;0;2;1;1;1;
202300049231;155593221;A01;3;2;12;0;1;26;1;
202300049232;155593219;A01;1;7;0;1;1;1;1;
202300049233;155593218;A01;2;7;0;2;1;0;1;
202300049233;155593220;B01;2;7;0;2;4;0;1;
202300049233;155593222;C01;2;7;0;2;4;0;1;
202300049233;155593228;D01;2;7;0;2;4;0;1;
202300049234;155593216;A01;2;7;0;2;1;1;1;
202300049234;155593217;B01;1;7;0;2;1;1;1;
202300049235;155593212;A01;1;33;0;2;1;13;1;
202300049235;155593215;B01;2;99;0;2;1;1;1;
202300049236;155593213;A01;1;7;0;2;1;15;1;
202300049236;155593214;B01;2;31;0;2;1;1;1;
202300049237;155593210;A01;2;17;0;2;3;11;1;
202300049237;155593211;B01;2;7;0;2;5;0;1;
202300049238;155593209;A01;1;7;0;1;3;17;1;
202300049239;155593206;A01;3;7;0;2;5;15;1;
202300049239;155593207;B01;3;33;0;2;1;1;1;
202300049240;155593204;A01;2;2;0;2;2;17;1;
202300049240;155593205;B01;2;99;0;2;3;15;1;
202300049241;155593202;A01;1;10;0;2;4;1;1;
202300049241;155593208;B01;1;33;0;2;1;1;1;
202300049242;155593200;A01;1;7;2;0;0;0;1;
202300049243;155593199;B01;2;7;0;2;4;1;1;
202300049243;155593203;A01;2;7;0;2;1;1;1;
202300049244;155593198;B01;1;50;0;2;1;1;3;
202300049244;155593201;A01;1;7;0;2;3;9;1;
202300049245;155593196;A01;1;7;8;0;0;15;1;
202300049246;155593194;A01;1;7;0;2;3;13;1;
202300049246;155593197;B01;2;7;0;2;3;1;1;
202300049247;155593193;A01;2;7;0;2;3;13;1;
202300049247;155593195;B01;1;7;0;2;3;1;1;
202300049248;155593192;A01;1;7;3;0;1;1;1;
202300049249;155593189;A01;3;7;0;2;1;5;1;
202300049249;155593190;B01;3;10;0;2;1;1;1;
202300049250;155593184;B01;2;31;0;2;1;1;1;
202300049250;155593188;A01;1;2;0;2;1;3;1;
202300049251;155593185;A01;1;7;4;0;3;1;1;
202300049252;155593182;A01;1;7;0;2;3;13;1;
202300049252;155593187;B01;2;33;0;2;1;1;1;
202300049253;155593181;C01;0;7;0;2;0;0;1;
202300049253;155593183;B01;0;7;0;2;3;0;1;
202300049253;155593186;A01;0;7;0;2;1;15;1;
202300049254;155593180;A01;3;33;0;0;1;1;1;
202300049255;155593179;A01;1;33;6;0;1;13;1;
202300049256;155593175;A01;1;7;3;2;3;17;1;
202300049256;155593178;B01;1;7;0;2;7;1;1;
202300049257;155593169;A01;1;7;0;2;3;1;6;
202300049257;155593173;B01;2;7;0;2;2;15;0;
202300049258;155593166;A01;2;7;3;2;2;1;1;
202300049258;155593168;B01;2;7;0;2;4;1;1;
202300049259;155593170;A01;1;7;0;2;2;15;1;
202300049259;155593176;B01;2;31;0;2;1;1;1;
202300049260;155593163;A01;2;7;0;2;2;9;1;
202300049260;155593165;B01;2;2;0;2;7;23;1;
202300049261;155593164;D01;2;7;0;2;1;2;0;
202300049261;155593167;A01;2;7;0;2;4;2;1;
202300049261;155593171;B01;2;7;0;2;1;2;1;
202300049261;155593174;C01;2;7;0;2;4;2;1;
202300049262;155593158;A01;0;37;0;1;3;1;1;1.0
202300049263;155593160;B01;2;7;0;0;1;1;0;
202300049263;155593162;A01;-1;10;8;0;6;19;0;
202300049264;155593159;B01;2;1;0;2;1;0;5;
202300049264;155593161;A01;1;7;0;0;6;16;2;
202300049265;155593154;A01;1;7;0;2;4;1;1;
202300049265;155593156;C01;1;7;0;2;1;2;1;
202300049265;155593157;Z01;1;7;0;2;1;2;1;
202300049266;155593151;A01;1;7;0;2;1;13;1;
202300049266;155593155;B01;2;7;0;2;1;1;1;
202300049267;155593150;A01;3;7;0;2;3;1;1;
202300049267;155593153;B01;3;7;0;2;1;0;1;
202300049268;155593149;A01;3;2;0;2;1;1;1;
202300049268;155593152;B01;3;10;0;2;1;23;3;
202300049269;155593148;A01;3;7;7;0;1;13;1;
202300049270;155593145;A01;1;7;0;2;5;2;1;
202300049270;155593147;B01;1;33;0;2;1;2;1;
202300049271;155593143;B01;1;15;0;2;3;1;0;
202300049271;155593144;A01;2;10;0;2;3;13;0;
202300049272;155593141;A01;2;7;0;2;2;15;1;
202300049272;155593146;B01;2;2;0;2;1;1;1;
202300049273;155593140;A01;2;7;0;1;1;1;1;
202300049274;155593139;A01;1;33;0;0;0;1;0;
202300049275;155593134;A01;0;10;0;0;0;0;1;
202300049275;155593138;B01;2;1;0;2;4;1;5;
202300049276;155593135;B01;1;7;0;2;1;0;1;
202300049276;155593137;A01;1;7;0;2;4;0;1;
202300049277;155593133;A01;2;7;0;1;2;1;1;
202300049278;155593132;A01;2;10;0;2;1;1;1;
202300049278;155593136;B01;2;15;0;0;6;1;1;
202300049279;155593129;A01;1;33;13;0;1;1;1;
202300049280;155593127;A01;1;38;0;2;4;23;1;1.0
202300049280;155593130;B01;1;7;0;2;1;2;1;
202300049281;155593126;A01;3;10;0;2;8;19;1;
202300049281;155593131;B01;3;7;0;2;1;1;1;
202300049282;155593124;B01;1;7;0;2;2;26;1;
202300049282;155593128;A01;2;7;16;0;9;13;1;
202300049283;155593123;A01;1;7;3;2;2;1;1;
202300049283;155593125;B01;1;7;3;2;8;1;1;
202300049284;155593119;B01;2;7;0;2;3;1;1;
202300049284;155593122;A01;2;7;0;0;4;15;1;
202300049285;155593117;B01;1;7;0;2;6;1;1;
202300049285;155593121;A01;1;33;0;0;7;1;1;
202300049286;155593115;B01;2;7;0;2;8;11;2;
202300049286;155593118;A01;2;33;0;2;2;3;1;
202300049287;155593114;B01;1;10;13;2;7;1;1;
202300049287;155593120;A01;2;7;0;2;3;19;1;
202300049288;155593113;A01;1;7;0;2;3;15;1;
202300049288;155593116;B01;1;2;0;2;3;1;1;
202300049289;155593112;A01;2;30;0;0;0;1;0;
202300049290;155593106;A01;1;32;0;2;1;2;1;
202300049290;155593109;B01;1;7;0;2;4;2;1;
202300049291;155593107;A01;3;0;0;0;0;1;0;
202300049292;155593105;A01;1;33;11;0;1;1;1;
202300049293;155593103;A01;1;7;0;2;1;1;1;
202300049293;155593110;B01;2;7;0;2;1;1;1;
202300049294;155593104;A01;1;7;0;2;1;1;1;
202300049294;155593108;B01;1;7;0;2;5;1;1;
202300049294;155593111;C01;1;10;0;2;4;1;1;
202300049295;155593102;A01;1;30;12;0;1;1;1;
202300049296;155593100;A01;2;15;4;0;3;6;0;
202300049297;155593101;A01;1;7;4;0;2;14;1;
202300049298;155593098;B01;2;7;0;2;7;2;1;
202300049298;155593099;A01;2;1;16;0;8;2;5;
202300049299;155593096;A01;1;30;0;0;0;1;1;
202300049300;155593092;B01;1;33;0;2;1;1;1;
202300049300;155593095;A01;2;7;0;2;6;9;1;
202300049301;155593093;A01;1;7;0;2;1;1;1;
202300049301;155593097;B01;1;7;0;2;4;1;1;
202300049302;155593088;B01;1;50;0;2;1;1;3;
202300049302;155593090;A01;2;7;0;2;3;15;1;
202300049303;155593091;B01;1;1;0;2;3;1;5;
202300049303;155593094;A01;1;7;0;2;1;1;1;
202300049304;155593087;A01;1;33;13;0;0;0;1;
202300049305;155593086;B01;1;10;8;0;6;23;1;
202300049305;155593089;A01;1;7;0;2;1;2;1;
202300049306;155593084;B01;2;7;4;2;7;2;1;
202300049306;155593085;A01;2;33;4;2;8;3;1;
202300049307;155593082;A01;2;33;5;0;2;14;1;
202300049308;155593083;A01;2;37;0;1;5;1;1;1.0
202300049309;155593080;A01;1;37;0;2;0;15;1;3.0
202300049310;155593079;A01;1;21;0;2;0;1;1;
202300049310;155593081;B01;1;7;0;2;1;1;1;
202300049311;155593078;A01;1;7;6;0;1;0;1;
202300049312;155593075;A01;1;7;8;0;3;1;1;
202300049313;155593077;A01;2;7;4;0;6;26;1;
202300049314;155593076;A01;2;34;1;0;1;13;1;
202300049315;155593073;A01;2;7;0;2;5;15;1;
202300049315;155593074;B01;1;33;0;2;1;1;1;
202300049316;155593071;A01;1;80;0;1;2;5;3;
202300049317;155593070;A01;1;7;0;2;3;13;1;
202300049317;155593072;B01;2;7;0;2;3;1;3;
202300049318;155593069;A01;1;7;0;1;1;1;1;
202300049319;155593066;A01;2;7;0;2;1;1;1;
202300049319;155593067;B01;1;7;0;2;1;17;1;
202300049320;155593063;A01;1;7;1;0;2;2;1;
202300049321;155593064;A01;2;7;0;2;1;2;1;
202300049321;155593068;B01;2;7;0;2;4;2;1;
202300049322;155593062;B01;1;33;0;2;1;1;1;
202300049322;155593065;A01;1;33;0;0;6;15;1;
202300049323;155593054;A01;1;7;0;2;2;13;0;
202300049323;155593061;B01;1;7;0;2;1;0;0;
202300049324;155593055;B01;3;7;0;0;5;2;1;
202300049324;155593059;A01;0;2;0;2;3;2;0;
202300049325;155593052;A01;1;7;0;0;0;14;1;
202300049326;155593050;A01;1;7;10;0;2;1;1;
202300049327;155593048;A01;1;10;1;0;1;13;1;
202300049328;155593046;A01;1;7;2;6;2;0;1;
202300049329;155593049;B01;1;7;0;2;3;11;1;
202300049329;155593051;C01;1;7;0;2;5;1;1;
202300049329;155593053;D01;1;10;0;2;8;1;1;
202300049329;155593057;A01;1;33;0;2;1;3;1;
202300049330;155593045;A01;3;7;0;2;7;16;0;
202300049330;155593047;B01;3;1;0;2;8;1;5;
202300049331;155593044;A01;3;7;1;0;1;0;1;
202300049332;155593040;A01;2;33;0;0;0;0;1;
202300049333;155593039;A01;1;7;0;9;1;1;1;
202300049333;155593042;B01;2;15;0;0;0;16;1;
202300049334;155593037;A01;2;2;0;2;1;1;1;
202300049334;155593043;B01;1;7;0;2;3;1;1;
202300049335;155593038;A01;2;7;0;2;4;2;1;
202300049335;155593041;B01;2;7;0;2;1;2;1;
202300049336;155593036;A01;2;7;6;0;2;1;1;
202300049337;155593035;A01;2;7;15;0;1;1;1;
202300049338;155593032;A01;3;7;0;2;3;9;1;
202300049338;155593034;B01;0;50;0;2;7;1;3;
202300049339;155593029;B01;1;7;0;2;2;13;0;
202300049339;155593033;A01;2;7;0;2;2;1;1;
202300049340;155593026;A01;1;7;0;0;9;1;1;
202300049341;155593024;A01;2;7;0;2;1;1;1;
202300049341;155593027;B01;2;7;0;2;4;1;1;
202300049341;155593031;C01;2;7;0;2;4;1;1;
202300049342;155593023;A01;1;50;0;1;1;1;3;
202300049343;155593022;A01;2;7;1;0;1;0;1;
202300049344;155593021;A01;1;7;2;0;7;1;1;
202300049345;155593018;A01;2;7;6;0;1;1;1;
202300049346;155593017;B01;0;31;0;2;1;0;-1;
202300049346;155593020;A01;3;7;0;2;1;15;1;
202300049347;155593014;A01;2;7;0;2;1;2;1;
202300049347;155593019;B01;2;7;0;2;4;0;1;
202300049348;155593013;B01;3;2;0;2;1;1;1;
202300049348;155593015;A01;3;2;0;2;1;1;1;
202300049349;155593012;A01;1;7;0;2;1;2;1;
202300049349;155593016;B01;1;7;0;2;6;2;1;
202300049350;155593011;A01;1;7;2;0;1;1;0;
202300049351;155593008;A01;2;7;2;0;1;13;1;
202300049352;155593006;B01;3;2;0;0;4;0;1;
202300049352;155593010;A01;2;7;0;0;0;1;1;
202300049353;155593004;A01;2;7;0;2;1;5;1;
202300049353;155593007;B01;1;7;0;2;2;1;1;
202300049354;155593003;B01;2;7;0;2;3;13;1;
202300049354;155593009;A01;2;15;0;2;2;1;1;
202300049355;155593001;A01;0;15;0;1;2;1;1;
202300049356;155593000;B01;0;37;0;2;1;9;1;1.0
202300049356;155593002;C01;0;7;0;2;6;23;1;
202300049356;155593005;A01;0;7;0;2;8;1;1;
202300049357;155592999;A01;3;2;9;0;1;1;1;
202300049358;155592995;A01;1;7;0;2;2;18;1;
202300049358;155592997;B01;1;2;0;0;4;2;1;
202300049359;155592994;A01;3;32;0;2;1;17;1;
202300049359;155592998;B01;3;7;0;2;3;13;1;
202300049360;155592992;A01;1;7;0;1;2;1;1;
202300049361;155592990;C01;1;7;0;2;1;2;1;
202300049361;155592993;B01;1;7;0;2;4;2;1;
202300049361;155592996;A01;1;7;0;2;4;1;1;
202300049362;155592986;A01;1;7;0;1;2;1;1;
202300049363;155592987;A01;3;7;0;1;1;1;1;
202300049364;155592983;A01;2;7;14;0;1;1;1;
202300049364;155592988;B01;1;7;0;0;0;24;1;
202300049365;155592984;A01;3;33;14;0;1;1;1;
202300049366;155592981;A01;2;7;0;2;1;2;1;