Num_Acc;id_vehicule;num_veh;senc;catv;obs;obsm;choc;manv;motor;occutc
202300049366;155592982;C01;2;7;0;2;4;2;1;
202300049366;155592985;B01;2;10;0;2;4;2;1;
202300049367;155592980;A01;2;7;0;1;3;16;1;
202300049368;155592979;A01;1;7;0;0;1;1;1;
202300049369;155592976;A01;1;3;0;2;2;3;1;
202300049369;155592978;B01;1;7;0;2;3;2;1;
202300049370;155592975;A01;1;2;0;0;7;1;1;
202300049371;155592971;B01;2;7;0;2;5;1;1;
202300049371;155592974;Z01;2;7;0;2;7;12;1;
202300049371;155592977;A01;2;32;4;2;3;1;1;
202300049372;155592970;A01;1;17;0;2;1;2;1;
202300049372;155592972;B01;1;38;0;0;4;23;1;11.0
202300049373;155592969;A01;2;7;0;2;2;15;1;
202300049373;155592973;B01;2;80;0;2;7;19;3;
202300049374;155592966;A01;1;7;0;2;1;2;1;
202300049374;155592968;B01;1;7;0;2;4;2;1;
202300049375;155592965;A01;1;7;0;2;1;2;1;
202300049375;155592967;B01;1;21;0;2;4;2;1;
202300049376;155592963;A01;2;7;0;0;0;0;0;
202300049377;155592961;A01;2;10;0;2;2;17;1;
202300049377;155592964;B01;2;15;0;2;6;1;1;
202300049378;155592960;A01;2;33;8;0;7;1;1;
202300049379;155592958;A01;2;7;8;0;5;2;1;
202300049379;155592962;B01;2;7;0;2;5;23;1;
202300049380;155592956;A01;2;7;0;0;6;11;1;
202300049380;155592957;B01;2;33;0;2;1;3;1;
202300049381;155592951;A01;2;7;2;0;5;1;1;
202300049382;155592953;A01;1;34;0;2;4;1;1;
202300049382;155592955;B01;1;7;0;2;4;1;1;
202300049383;155592950;B01;1;7;0;2;4;15;1;
202300049383;155592954;A01;1;31;0;2;1;2;1;
202300049384;155592952;A01;2;7;0;2;5;1;1;
202300049384;155592959;Z01;2;7;0;2;1;0;0;
202300049385;155592949;A01;2;7;0;0;1;1;1;
202300049386;155592947;A01;2;7;4;0;3;1;1;
202300049387;155592946;A01;2;10;0;2;1;1;1;
202300049387;155592948;B01;1;7;0;2;1;1;1;
202300049388;155592943;A01;1;7;10;0;1;1;1;
202300049389;155592944;A01;2;7;0;1;2;19;1;
202300049390;155592942;B01;1;99;0;2;1;2;0;
202300049390;155592945;A01;1;7;0;2;4;2;0;
202300049391;155592940;A01;2;7;2;0;8;14;1;
202300049392;155592938;Z01;1;0;0;1;0;0;0;
202300049393;155592937;B01;2;7;0;0;3;1;1;
202300049393;155592939;A01;1;7;0;2;3;15;1;
202300049394;155592933;B01;1;7;0;2;1;1;1;
202300049394;155592936;A01;1;7;0;0;8;1;1;
202300049395;155592931;A01;2;7;0;9;2;17;1;
202300049395;155592934;B01;2;1;0;2;3;15;5;
202300049396;155592928;B01;2;7;0;0;1;2;1;
202300049396;155592932;A01;1;7;0;0;1;2;1;
202300049397;155592930;A01;3;7;0;1;2;21;6;
202300049398;155592929;A01;1;7;0;2;1;1;1;
202300049398;155592935;B01;1;7;0;2;4;1;1;
202300049398;155592941;C01;1;7;0;2;6;1;1;
202300049399;155592927;A01;2;32;0;0;0;1;1;
202300049400;155592923;B01;1;7;0;2;3;1;1;
202300049400;155592925;A01;2;7;0;2;3;5;1;
202300049401;155592922;A01;1;7;0;1;7;1;1;
202300049402;155592919;A01;1;7;0;2;1;2;1;
202300049402;155592924;B01;1;7;0;2;5;2;1;
202300049403;155592920;A01;3;7;0;2;8;1;0;
202300049403;155592926;B01;1;7;0;2;1;1;0;
202300049404;155592918;A01;2;7;0;2;5;15;1;
202300049404;155592921;B01;1;33;0;2;1;1;1;
202300049405;155592914;A01;1;7;0;1;8;1;1;
202300049406;155592913;A01;1;7;0;2;4;2;1;
202300049406;155592916;B01;1;10;0;2;1;2;1;
202300049407;155592915;A01;1;7;0;1;1;1;0;
202300049408;155592912;A01;1;7;6;0;1;1;1;
202300049409;155592911;A01;1;7;0;1;1;1;1;
202300049410;155592907;A01;1;7;9;0;1;1;1;
202300049411;155592905;A01;1;7;0;2;8;15;1;
202300049411;155592910;B01;1;2;0;2;1;17;0;
202300049412;155592909;A01;3;7;0;1;1;1;1;
202300049413;155592904;A01;2;7;0;2;4;11;1;
202300049413;155592908;B01;2;17;0;2;2;1;1;
202300049414;155592901;A01;2;7;0;2;4;2;1;
202300049414;155592903;B01;2;7;0;2;4;2;1;
202300049414;155592906;C01;2;7;0;2;1;2;2;
202300049415;155592899;A01;3;7;0;2;3;16;1;
202300049415;155592902;B01;1;2;0;2;2;1;1;
202300049416;155592898;A01;1;7;0;1;3;1;1;
202300049417;155592896;B01;3;7;0;2;8;1;1;
202300049417;155592900;A01;3;7;0;2;1;16;1;
202300049418;155592893;A01;2;2;6;0;1;1;1;
202300049419;155592892;A01;1;7;15;0;2;20;1;
202300049420;155592891;B01;2;1;0;2;7;1;5;
202300049420;155592894;A01;1;7;0;2;7;1;1;
202300049421;155592888;A01;2;7;3;0;1;1;1;
202300049422;155592890;A01;2;7;0;2;4;1;1;
202300049422;155592895;B01;2;7;0;2;1;26;1;
202300049422;155592897;C01;2;7;1;2;6;1;1;
202300049423;155592887;A01;2;10;0;1;1;1;1;
202300049424;155592889;A01;3;7;0;1;1;1;1;
202300049425;155592885;A01;1;33;0;0;0;21;3;
202300049426;155592880;B01;2;7;0;2;4;2;1;
202300049426;155592884;A01;2;7;0;2;1;2;1;
202300049427;155592883;A01;1;80;0;1;1;25;3;
202300049428;155592881;B01;1;14;0;2;6;1;1;
202300049428;155592886;A01;1;7;0;2;2;1;1;
202300049429;155592879;A01;3;7;0;2;3;20;1;
202300049429;155592882;B01;3;7;0;2;2;1;1;
202300049430;155592878;A01;1;7;0;1;1;1;1;
202300049431;155592875;A01;1;33;0;1;1;17;1;
202300049432;155592873;A01;2;7;0;2;3;16;1;
202300049432;155592877;B01;1;33;0;2;7;0;1;
202300049433;155592874;A01;1;7;0;2;6;10;1;
202300049433;155592876;B01;1;30;0;2;1;15;1;
202300049434;155592871;A01;2;7;3;0;1;1;1;
202300049435;155592870;A01;1;7;0;2;4;9;1;
202300049435;155592872;B01;1;33;0;2;1;1;1;
202300049436;155592868;A01;1;7;10;0;3;13;1;
202300049437;155592866;A01;2;10;0;1;1;26;1;
202300049438;155592867;A01;3;7;0;1;0;1;1;
202300049439;155592865;A01;0;7;0;2;3;15;1;
202300049439;155592869;B01;0;32;0;2;2;1;1;
202300049440;155592862;A01;1;7;0;2;3;9;1;
202300049440;155592864;B01;2;33;0;2;7;15;1;
202300049441;155592859;A01;1;30;0;2;1;1;3;
202300049442;155592857;A01;1;7;0;1;2;26;1;
202300049443;155592852;A01;2;7;0;2;1;1;1;
202300049443;155592854;B01;2;7;0;2;6;15;1;
202300049444;155592846;A01;2;80;0;2;8;1;3;
202300049444;155592850;B01;1;7;0;2;1;15;1;
202300049445;155592843;A01;2;7;0;2;3;17;1;
202300049445;155592849;B01;2;7;0;2;1;1;1;
202300049446;155592841;B01;3;1;0;2;1;9;5;
202300049446;155592844;A01;3;7;0;2;6;9;1;
202300049447;155592839;A01;1;10;0;1;1;26;1;
202300049448;155592837;A01;1;40;0;1;1;1;3;
202300049449;155592836;A01;2;7;12;0;3;2;1;
202300049450;155592835;J01;2;7;0;2;0;1;1;
202300049450;155592838;F01;2;7;0;2;0;1;1;
202300049450;155592840;D01;2;7;0;2;8;1;1;
202300049450;155592842;I01;2;7;0;2;1;1;1;
202300049450;155592845;H01;2;10;0;9;1;1;1;
202300049450;155592848;E01;2;7;0;9;0;1;1;
202300049450;155592851;C01;2;10;3;2;1;1;1;
202300049450;155592855;K01;2;7;0;2;0;1;1;
202300049450;155592856;B01;2;7;0;2;8;1;1;
202300049450;155592860;A01;2;7;4;0;1;1;1;
202300049450;155592863;G01;2;7;1;2;1;1;1;
202300049451;155592833;A01;1;7;0;2;3;11;1;
202300049451;155592834;B01;1;33;0;2;7;3;1;
202300049452;155592832;A01;1;7;11;0;1;6;1;
202300049453;155592829;A01;2;30;0;2;0;18;1;
202300049453;155592831;B01;2;7;0;2;7;16;1;
202300049454;155592828;A01;1;32;0;2;8;5;1;
202300049454;155592830;B01;2;7;0;2;8;21;1;
202300049455;155592826;A01;1;7;9;0;3;15;1;
202300049456;155592825;A01;1;7;12;0;1;1;1;
202300049457;155592823;A01;2;7;0;2;1;2;1;
202300049457;155592824;B01;2;10;0;2;4;2;1;
202300049457;155592827;C01;2;10;0;2;4;2;1;
202300049458;155592819;A01;1;34;7;0;1;14;1;
202300049458;155592822;B01;2;10;0;2;8;1;1;
202300049459;155592816;A01;1;10;0;2;1;1;1;
202300049459;155592818;B01;1;32;0;2;1;1;1;
202300049459;155592821;C01;3;7;0;2;6;16;1;
202300049460;155592814;A01;1;7;0;1;5;1;0;
202300049461;155592815;A01;1;7;0;2;3;2;2;
202300049461;155592820;B01;1;33;0;2;4;2;1;
202300049462;155592813;A01;2;7;0;2;1;2;1;
202300049462;155592817;B01;2;10;0;2;4;2;1;
202300049463;155592808;Z01;0;7;0;1;4;1;0;
202300049464;155592807;B01;1;7;0;0;2;1;1;
202300049464;155592812;A01;1;10;0;0;3;15;1;
202300049465;155592809;A01;2;7;8;0;3;0;1;
202300049466;155592806;A01;2;33;0;2;1;3;1;
202300049466;155592810;B01;2;7;0;2;5;12;1;
202300049467;155592805;A01;1;7;0;2;8;15;2;
202300049467;155592811;B01;1;33;0;2;1;1;1;
202300049468;155592804;A01;2;7;4;0;1;1;1;
202300049469;155592803;A01;2;7;0;1;1;1;1;
202300049470;155592798;B01;1;33;0;2;1;1;1;
202300049470;155592802;A01;3;7;0;2;2;15;1;
202300049471;155592799;A01;1;99;9;0;3;13;1;
202300049472;155592797;A01;1;7;0;2;1;5;1;
202300049472;155592801;B01;2;7;0;2;2;1;4;
202300049473;155592796;A01;2;7;4;2;1;2;1;
202300049473;155592800;B01;2;7;4;0;1;2;1;
202300049474;155592794;A01;1;7;0;0;4;2;1;
202300049474;155592795;B01;1;7;0;2;1;2;1;
202300049475;155592793;A01;3;33;0;0;1;0;1;
202300049476;155592792;A01;2;7;1;0;7;1;1;
202300049477;155592791;A01;2;7;4;0;2;0;1;
202300049478;155592790;A01;0;36;0;0;9;1;1;
202300049479;155592789;A01;0;7;0;1;0;2;1;
202300049480;155592786;A01;1;7;3;0;1;1;1;
202300049481;155592785;A01;2;50;0;2;1;5;3;
202300049481;155592788;B01;1;7;0;2;6;1;0;
202300049482;155592784;A01;1;50;0;2;0;0;3;
202300049482;155592787;B01;1;7;0;2;3;1;1;
202300049483;155592781;A01;1;7;0;2;8;13;1;
202300049483;155592783;B01;2;7;0;2;1;1;1;
202300049484;155592779;B01;2;7;0;2;3;1;1;
202300049484;155592782;A01;1;7;0;2;1;13;1;
202300049485;155592777;A01;2;2;0;2;8;2;1;
202300049485;155592780;B01;2;7;0;0;8;2;1;
202300049486;155592776;A01;1;7;0;2;3;10;1;
202300049486;155592778;B01;1;2;0;2;1;2;1;
202300049487;155592775;A01;2;7;4;0;1;0;1;
202300049488;155592772;A01;2;7;0;2;1;13;1;
202300049488;155592774;B01;1;7;0;2;1;1;1;
202300049489;155592770;B01;2;50;0;1;9;25;3;
202300049490;155592771;A01;2;7;0;2;1;1;1;
202300049490;155592773;B01;2;7;0;2;4;1;1;
202300049491;155592767;A01;2;1;0;0;9;1;5;
202300049492;155592764;B01;2;34;12;2;7;1;1;
202300049492;155592769;A01;3;7;0;2;1;1;1;
202300049493;155592765;A01;2;7;0;2;8;17;1;
202300049493;155592768;B01;1;33;0;2;8;21;1;
202300049494;155592762;A01;1;7;0;2;1;2;1;
202300049494;155592766;B01;1;7;0;0;4;1;1;
202300049495;155592756;A01;1;7;14;0;1;26;1;
202300049496;155592755;B01;1;15;0;0;6;2;1;
202300049496;155592757;A01;1;7;0;2;2;2;1;
202300049497;155592753;C01;2;7;1;2;1;24;1;
202300049497;155592758;A01;2;7;0;2;5;16;1;
202300049497;155592759;B01;2;7;0;2;0;1;1;
202300049498;155592754;A01;3;7;8;1;3;25;1;
202300049499;155592750;A01;3;7;0;1;2;14;1;
202300049500;155592749;A01;1;31;8;0;1;25;0;
202300049501;155592746;A01;2;7;0;2;1;14;1;
202300049501;155592747;B01;2;10;0;2;4;1;1;
202300049502;155592745;A01;1;15;0;2;1;1;1;
202300049502;155592748;B01;2;10;0;2;8;15;1;
202300049503;155592744;A01;2;7;0;2;8;13;1;
202300049503;155592751;B01;2;33;0;2;1;1;1;
202300049504;155592742;A01;1;10;3;0;1;1;1;
202300049505;155592741;A01;1;7;0;2;6;11;1;
202300049505;155592743;B01;1;7;0;2;2;2;1;
202300049506;155592739;A01;1;10;0;1;1;15;1;
202300049507;155592737;A01;2;7;0;2;1;2;1;
202300049507;155592740;B01;2;7;0;2;4;1;1;
202300049508;155592733;B01;2;7;9;2;1;1;1;
202300049508;155592738;A01;2;7;0;2;2;15;1;
202300049509;155592734;A01;1;7;0;2;1;2;0;
202300049509;155592735;B01;1;7;0;2;5;15;0;
202300049510;155592731;A01;3;7;2;0;1;26;1;
202300049511;155592732;B01;1;7;0;2;6;23;1;
202300049511;155592736;A01;1;7;0;2;2;2;1;
202300049512;155592730;A01;2;1;15;0;1;17;5;
202300049513;155592726;A01;2;50;0;0;1;1;3;
202300049514;155592725;A01;1;7;4;0;1;26;1;
202300049515;155592727;A01;1;13;0;2;1;1;1;
202300049515;155592729;B01;1;7;0;2;4;23;1;
202300049516;155592723;A01;1;33;1;0;7;1;1;
202300049517;155592724;A01;1;2;0;0;0;18;0;
202300049517;155592728;B01;1;7;0;2;2;16;1;
202300049518;155592720;A01;2;1;0;1;1;1;5;
202300049519;155592718;A01;2;7;0;1;1;26;1;
202300049520;155592721;A01;2;7;3;0;7;14;1;
202300049521;155592717;A01;2;7;0;2;1;2;1;
202300049521;155592722;B01;2;7;0;0;4;2;1;
202300049522;155592716;A01;1;32;0;2;3;2;1;
202300049522;155592719;B01;1;7;0;2;6;26;1;
202300049523;155592711;A01;3;7;0;2;2;13;1;
202300049523;155592713;B01;3;7;0;2;2;16;1;
202300049524;155592712;Z01;1;2;0;2;1;1;0;
202300049524;155592715;A01;2;1;0;2;7;19;5;
202300049525;155592709;A01;3;37;0;1;7;16;1;1.0
202300049526;155592708;A01;2;7;0;2;8;18;1;
202300049526;155592714;B01;1;7;0;2;2;1;1;
202300049527;155592707;A01;3;7;16;0;1;0;0;
202300049527;155592710;B01;3;7;16;0;1;0;0;
202300049528;155592705;A01;1;7;4;0;1;1;0;
202300049529;155592704;A01;3;7;0;0;0;11;0;
202300049530;155592701;A01;3;7;0;2;2;17;1;
202300049530;155592703;B01;3;1;0;2;1;1;5;
202300049531;155592700;A01;1;7;0;2;1;0;1;
202300049531;155592702;B01;0;1;0;2;8;0;5;
202300049532;155592699;A01;2;7;14;0;2;14;1;
202300049533;155592696;A01;2;33;1;0;1;14;1;
202300049534;155592697;B01;2;37;0;2;2;1;2;6.0
202300049534;155592706;A01;1;7;0;0;0;0;0;
202300049535;155592694;A01;1;7;0;1;3;1;0;
202300049536;155592695;B01;1;7;0;2;4;26;1;
202300049536;155592698;A01;1;10;0;2;1;2;1;
202300049537;155592693;A01;3;7;-1;-1;-1;0;0;
202300049538;155592692;A01;1;7;3;0;2;14;1;
202300049539;155592688;A01;2;10;0;2;3;15;1;
202300049539;155592691;B01;1;33;0;2;0;0;0;
202300049540;155592687;A01;1;7;0;2;1;15;1;
202300049540;155592689;B01;2;30;0;2;7;1;3;
202300049541;155592685;B01;3;7;0;2;5;9;1;
202300049541;155592690;A01;3;7;0;2;1;9;1;
202300049542;155592681;A01;2;7;0;2;3;13;1;
202300049542;155592684;B01;2;7;0;2;1;1;1;
202300049543;155592678;D01;1;7;0;2;4;2;0;
202300049543;155592680;B01;1;7;0;2;4;2;0;
202300049543;155592683;C01;1;7;0;2;4;2;0;
202300049543;155592686;A01;1;10;0;2;1;2;1;
202300049544;155592676;A01;1;10;0;1;1;1;1;
202300049545;155592674;A01;1;33;4;0;8;13;1;
202300049546;155592675;B01;3;7;0;2;1;9;1;
202300049546;155592682;A01;1;34;0;2;1;1;1;
202300049547;155592677;A01;2;7;0;2;3;19;1;
202300049547;155592679;B01;1;30;0;2;7;1;1;
202300049548;155592672;A01;2;1;0;0;1;1;5;
202300049549;155592670;B01;2;7;0;2;3;1;1;
202300049549;155592673;A01;2;7;0;2;2;14;1;
202300049550;155592668;A01;1;2;2;0;1;1;1;
202300049551;155592669;A01;0;2;0;2;1;3;0;
202300049551;155592671;B01;0;7;0;2;8;15;0;
202300049552;155592667;A01;1;7;0;1;2;16;0;
202300049553;155592666;A01;1;50;0;0;0;1;3;
202300049554;155592661;A01;2;7;0;2;1;15;1;
202300049554;155592665;B01;1;34;0;2;1;1;1;
202300049555;155592662;A01;1;7;0;2;1;17;1;
202300049555;155592664;B01;1;1;0;9;4;2;5;
202300049556;155592660;A01;1;7;0;1;1;20;2;
202300049557;155592659;A01;3;7;0;2;1;1;1;
202300049557;155592663;B01;3;50;0;2;8;19;3;
202300049558;155592655;A01;2;7;1;0;2;1;1;
202300049558;155592658;B01;2;7;1;0;6;0;1;
202300049559;155592654;A01;3;33;0;2;1;1;1;
202300049559;155592657;B01;3;7;0;2;3;10;1;
202300049560;155592652;A01;1;7;0;2;1;2;1;
202300049560;155592656;B01;2;37;0;2;4;2;1;1.0
202300049561;155592648;A01;2;7;4;2;3;13;1;
202300049561;155592651;B01;1;7;0;2;8;0;1;
202300049562;155592649;A01;1;7;0;2;5;15;1;
202300049562;155592653;B01;1;10;0;2;3;1;1;
202300049563;155592646;A01;1;33;0;0;8;13;1;
202300049564;155592647;A01;2;7;0;2;4;2;3;
202300049564;155592650;B01;2;30;0;2;1;2;3;
202300049565;155592643;A01;3;7;1;0;1;1;1;
202300049566;155592641;A01;1;7;0;2;3;15;1;
202300049566;155592644;B01;1;34;0;2;1;1;1;
202300049567;155592639;B01;1;7;0;2;1;1;1;
202300049567;155592642;A01;2;1;0;2;7;1;5;
202300049568;155592640;B01;2;2;0;2;8;1;3;
202300049568;155592645;A01;2;7;8;2;1;1;1;
202300049569;155592638;A01;1;7;6;0;2;14;1;
202300049570;155592637;A01;1;7;12;0;1;0;1;
202300049571;155592636;A01;1;7;0;1;2;9;1;
202300049572;155592634;A01;1;7;0;0;0;1;0;
202300049573;155592633;B01;3;10;5;2;1;23;1;
202300049573;155592635;A01;1;7;5;2;1;1;1;
202300049574;155592630;A01;1;10;0;1;2;1;1;
202300049575;155592628;A01;1;7;0;2;8;15;3;
202300049575;155592631;B01;1;7;0;0;0;0;1;
202300049576;155592627;A01;2;7;0;2;3;15;1;
202300049576;155592629;B01;2;32;0;2;7;2;1;
202300049577;155592626;B01;1;7;0;2;7;1;1;
202300049577;155592632;A01;1;7;0;2;1;1;1;
202300049578;155592623;A01;1;7;0;1;1;1;1;
202300049579;155592622;B01;1;7;0;2;2;15;1;
202300049579;155592625;A01;2;2;0;2;3;2;3;
202300049580;155592621;A01;2;50;0;1;1;0;3;
202300049581;155592619;A01;2;7;0;1;3;0;1;
202300049582;155592620;A01;1;7;0;2;1;1;3;
202300049582;155592624;B01;2;7;0;2;1;1;1;
202300049583;155592614;B01;2;1;0;2;1;1;5;
202300049583;155592618;A01;2;10;0;2;2;16;1;
202300049584;155592607;A01;1;33;0;2;2;7;1;
202300049584;155592608;B01;1;7;0;0;2;16;1;
202300049585;155592613;B01;2;43;0;2;1;1;0;
202300049585;155592617;A01;2;7;0;2;1;15;1;
202300049586;155592606;A01;3;33;15;0;1;1;1;
202300049587;155592605;A01;1;2;3;0;1;13;1;
202300049588;155592604;A01;1;7;0;1;2;1;1;
202300049589;155592602;A01;2;7;0;1;1;2;1;
202300049590;155592599;A01;1;7;0;2;4;1;2;
202300049590;155592601;Z01;1;7;0;2;1;0;0;
202300049591;155592598;A01;3;80;0;2;1;17;3;
202300049591;155592600;B01;0;1;0;2;1;17;5;
202300049592;155592596;B01;2;7;0;2;1;1;1;
202300049592;155592597;A01;1;7;0;2;1;13;1;
202300049593;155592595;B01;1;7;0;2;2;1;1;
202300049593;155592603;A01;1;7;0;2;1;9;1;
202300049594;155592593;A01;3;33;12;0;3;17;1;
202300049595;155592592;B01;1;7;0;2;4;1;1;
202300049595;155592594;A01;1;30;0;2;1;1;1;
202300049596;155592589;B01;0;40;0;2;3;1;3;
202300049596;155592590;A01;3;1;0;4;1;19;5;
202300049597;155592585;A01;1;1;0;2;1;1;5;
202300049597;155592588;B01;1;99;0;2;4;1;0;
202300049598;155592587;B01;2;50;0;2;8;1;3;
202300049598;155592591;A01;1;7;0;2;1;1;1;
202300049599;155592584;A01;1;10;0;2;7;12;1;
202300049599;155592586;B01;2;33;12;2;3;1;1;
202300049600;155592582;A01;2;7;2;0;1;1;1;
202300049601;155592581;B01;1;31;0;2;1;3;1;
202300049601;155592583;A01;1;7;0;2;3;15;0;
202300049602;155592579;A01;0;50;0;1;3;25;3;
202300049603;155592576;A01;3;7;2;0;3;2;1;
202300049604;155592578;A01;3;32;0;2;1;2;1;
202300049604;155592580;B01;3;7;0;2;0;0;1;
202300049605;155592574;A01;1;31;0;2;2;15;1;
202300049605;155592577;B01;2;7;0;2;3;1;1;
202300049606;155592572;A01;1;7;0;2;1;1;1;
202300049606;155592575;B01;2;7;0;2;1;1;1;
202300049607;155592570;A01;0;10;0;2;0;0;1;
202300049607;155592573;B01;0;33;0;0;0;0;1;
202300049608;155592567;A01;2;30;8;0;1;1;1;
202300049609;155592568;A01;1;7;0;1;3;1;1;
202300049610;155592569;A01;1;2;0;2;1;17;1;
202300049610;155592571;B01;2;7;0;2;3;1;1;
202300049611;155592565;A01;1;50;0;2;1;1;3;
202300049611;155592566;B01;3;7;0;2;1;15;1;
202300049612;155592564;A01;1;7;0;1;1;1;1;
202300049613;155592562;A01;2;7;0;1;1;1;1;
202300049614;155592560;A01;0;7;0;1;1;1;1;
202300049615;155592561;A01;1;7;0;2;6;15;1;
202300049615;155592563;B01;1;7;0;2;3;1;1;
202300049616;155592559;A01;1;7;0;1;7;1;1;
202300049617;155592556;A01;1;7;0;2;6;23;1;
202300049617;155592558;B01;1;33;0;2;1;1;1;
202300049618;155592553;B01;3;10;1;2;8;0;3;
202300049618;155592557;A01;3;7;0;2;1;1;1;
202300049619;155592552;A01;2;7;0;2;6;13;1;
202300049619;155592555;B01;2;15;0;2;3;1;1;
202300049620;155592551;B01;1;2;9;0;9;16;0;
202300049620;155592554;A01;1;99;9;0;3;11;0;
202300049621;155592547;B01;2;7;0;2;6;1;1;
202300049621;155592549;A01;2;30;0;2;1;1;1;
202300049622;155592548;A01;1;7;0;2;2;15;1;
202300049622;155592550;B01;2;33;0;2;1;1;1;
202300049623;155592545;B01;1;30;0;2;1;1;1;
202300049623;155592546;A01;2;7;0;2;3;19;1;
202300049624;155592541;B01;2;7;0;2;4;2;0;
202300049624;155592544;A01;2;7;0;2;1;2;0;
202300049625;155592537;A01;1;7;15;2;1;1;1;
202300049625;155592543;B01;1;7;0;0;4;23;1;
202300049626;155592539;B01;2;7;0;2;6;0;1;
202300049626;155592542;A01;2;7;0;2;3;0;1;
202300049627;155592535;A01;0;7;0;2;4;0;0;
202300049627;155592538;B01;2;7;0;2;1;26;0;
202300049627;155592540;C01;2;7;0;2;7;26;0;
202300049628;155592534;B01;1;33;0;2;0;0;0;
202300049628;155592536;A01;1;7;0;2;0;0;0;
202300049629;155592532;B01;1;50;0;2;1;1;3;
202300049629;155592533;A01;1;7;0;2;8;10;1;
202300049630;155592528;A01;2;33;0;2;1;13;1;
202300049630;155592531;B01;1;7;0;2;3;1;1;
202300049631;155592530;A01;3;7;15;0;1;1;1;
202300049632;155592526;A01;2;7;13;0;1;1;2;
202300049633;155592523;A01;2;7;0;2;1;15;1;
202300049633;155592525;B01;1;7;0;2;8;1;1;
202300049634;155592524;B01;1;3;0;2;3;0;3;
202300049634;155592527;A01;2;7;0;2;2;9;1;
202300049635;155592519;A01;1;7;8;2;2;1;1;
202300049635;155592521;B01;2;7;7;2;8;1;1;
202300049636;155592518;A01;1;1;1;0;1;14;5;
202300049637;155592516;A01;3;7;0;2;3;13;1;
202300049637;155592517;B01;2;7;0;2;3;1;1;
202300049638;155592513;A01;1;10;4;0;3;1;1;
202300049639;155592509;A01;2;7;0;0;4;2;1;
202300049639;155592512;B01;2;7;0;2;1;2;1;
202300049640;155592508;A01;1;33;0;1;1;1;1;
202300049641;155592505;A01;1;7;0;2;1;1;1;
202300049641;155592507;C01;2;7;0;0;4;1;1;
202300049641;155592511;B01;1;7;0;2;4;1;1;
202300049642;155592504;B01;1;33;0;2;8;23;1;
202300049642;155592506;A01;1;7;0;2;8;1;1;
202300049642;155592510;C01;1;33;0;2;8;23;1;
202300049643;155592501;A01;2;30;0;2;1;17;1;
202300049643;155592502;B01;2;7;0;2;4;2;1;
202300049644;155592500;B01;1;7;0;2;0;9;1;
202300049644;155592503;A01;1;7;8;2;1;21;1;
202300049645;155592498;A01;3;7;0;1;3;1;1;
202300049646;155592497;B01;2;17;0;2;1;1;1;
202300049646;155592499;A01;1;10;0;2;1;13;1;
202300049647;155592492;A01;2;7;0;2;1;13;1;
202300049647;155592495;B01;1;7;0;2;1;1;1;
202300049648;155592489;A01;1;7;1;0;1;1;1;
202300049648;155592493;B01;1;37;0;2;6;2;1;1.0
202300049649;155592486;B01;1;7;0;2;3;2;1;
202300049649;155592490;A01;1;30;0;2;7;17;1;
202300049650;155592484;B01;1;3;0;2;1;5;0;
202300049650;155592487;C01;1;3;0;2;1;1;0;
202300049650;155592491;A01;2;7;13;0;1;21;0;
202300049651;155592483;A01;2;32;0;2;1;3;1;
202300049651;155592488;B01;2;10;0;2;6;13;1;
202300049652;155592482;A01;2;30;12;0;5;1;1;
202300049653;155592481;A01;2;31;0;2;1;1;0;
202300049653;155592485;B01;1;7;0;2;3;10;1;
202300049654;155592479;A01;1;7;2;0;2;15;1;
202300049655;155592478;B01;3;10;0;2;1;2;1;
202300049655;155592480;A01;1;7;0;2;4;23;0;
202300049656;155592473;A01;3;7;16;0;0;26;1;
202300049656;155592476;B01;3;32;0;2;3;1;1;
202300049657;155592472;A01;3;10;0;1;3;1;1;
202300049658;155592470;A01;2;10;5;0;2;1;1;
202300049659;155592471;B01;1;7;0;2;3;1;1;
202300049659;155592474;A01;2;7;0;2;3;13;1;
202300049660;155592466;A01;1;7;2;0;1;2;1;
202300049661;155592465;A01;1;7;4;0;2;1;1;
202300049662;155592467;B01;1;7;0;2;9;23;1;
202300049662;155592468;C01;1;7;0;2;9;23;1;
202300049662;155592469;D01;1;7;0;2;9;23;1;
202300049662;155592475;E01;1;7;0;2;4;23;1;
202300049662;155592477;A01;1;10;0;2;1;1;1;
202300049663;155592463;A01;2;30;16;0;1;1;1;
202300049664;155592462;A01;1;1;0;9;1;1;5;
202300049665;155592460;B01;1;32;0;2;1;3;1;
202300049665;155592464;A01;1;7;0;2;3;9;1;
202300049666;155592459;B01;1;7;0;2;6;23;1;
202300049666;155592461;A01;1;7;0;2;2;2;1;
202300049667;155592457;A01;0;2;0;0;0;1;1;
202300049668;155592456;A01;2;7;13;0;3;1;1;
202300049669;155592455;B01;2;7;0;2;3;19;1;
202300049669;155592458;A01;1;32;0;2;1;17;1;
202300049670;155592454;A01;1;7;0;1;1;9;0;
202300049671;155592451;A01;1;43;15;0;1;1;1;
202300049672;155592450;A01;1;10;0;2;1;2;1;
202300049672;155592452;B01;1;7;0;2;4;2;1;
202300049672;155592453;C01;1;7;0;2;4;2;1;
202300049673;155592447;A01;2;7;0;0;9;21;1;
202300049674;155592444;A01;2;1;0;9;1;1;5;
202300049675;155592445;B01;1;7;0;2;1;1;1;
202300049675;155592448;A01;1;7;0;2;1;15;1;