Num_Acc;id_vehicule;num_veh;senc;catv;obs;obsm;choc;manv;motor;occutc
202300049676;155592442;B01;1;7;0;2;1;1;1;
202300049676;155592446;A01;2;7;0;2;3;15;1;
202300049677;155592441;A01;2;30;0;0;8;1;1;
202300049678;155592439;A01;1;10;0;2;1;2;1;
202300049678;155592440;B01;1;7;0;2;4;2;1;
202300049678;155592443;C01;1;7;0;2;4;2;1;
202300049679;155592438;A01;1;7;13;0;2;1;1;
202300049680;155592435;A01;1;1;0;2;1;1;5;
202300049680;155592437;B01;1;1;0;2;4;1;5;
202300049681;155592433;A01;3;1;14;0;1;1;5;
202300049682;155592434;A01;1;7;0;2;5;15;2;
202300049682;155592436;B01;1;33;0;2;1;0;0;
202300049683;155592430;B01;2;7;0;2;2;12;1;
202300049683;155592432;A01;2;33;0;2;8;3;1;
202300049684;155592427;A01;3;3;0;9;2;1;1;
202300049684;155592431;B01;3;1;0;0;0;0;5;
202300049685;155592423;B01;2;7;0;2;1;1;1;
202300049685;155592428;A01;1;7;0;2;2;13;1;
202300049686;155592422;A01;1;7;0;2;5;4;1;
202300049686;155592426;B01;2;1;0;2;1;1;5;
202300049687;155592419;A01;1;33;9;2;1;13;1;
202300049687;155592421;B01;2;7;0;2;6;1;2;
202300049688;155592417;A01;1;7;2;0;3;0;1;
202300049689;155592415;A01;1;7;3;0;9;1;1;
202300049690;155592416;A01;2;7;0;2;1;5;1;
202300049690;155592420;B01;1;7;0;2;1;17;1;
202300049690;155592424;C01;1;7;14;0;1;17;1;
202300049690;155592429;D01;1;17;14;0;2;1;1;
202300049691;155592414;A01;1;32;0;2;1;19;1;
202300049691;155592418;B01;1;7;0;2;5;1;1;
202300049692;155592411;A01;1;50;0;1;1;1;3;
202300049693;155592408;B01;1;7;0;2;2;16;1;
202300049693;155592413;A01;1;43;0;2;1;18;1;
202300049694;155592407;A01;2;1;12;0;7;1;5;
202300049695;155592406;A01;3;10;0;2;1;1;1;
202300049695;155592412;B01;3;37;0;2;8;1;2;7.0
202300049696;155592405;B01;2;7;0;0;6;1;1;
202300049696;155592410;A01;2;17;0;2;2;1;1;
202300049697;155592402;A01;1;7;1;0;2;13;1;
202300049698;155592396;A01;1;7;0;2;3;1;1;
202300049698;155592401;B01;2;2;0;2;1;1;1;
202300049699;155592397;A01;2;33;0;2;1;17;1;
202300049699;155592400;B01;1;7;0;2;1;1;1;
202300049700;155592395;C01;1;7;0;2;4;1;1;
202300049700;155592399;A01;1;7;0;2;1;2;1;
202300049700;155592403;B01;1;7;0;2;1;2;1;
202300049701;155592394;A01;1;1;0;2;2;5;5;
202300049701;155592398;B01;1;7;0;9;2;1;0;
202300049702;155592393;A01;2;31;6;0;1;2;1;
202300049703;155592389;A01;3;10;0;2;1;1;1;
202300049703;155592391;B01;2;7;0;2;1;1;1;
202300049704;155592386;A01;1;7;13;0;1;13;1;
202300049705;155592388;A01;2;7;0;2;2;16;1;
202300049705;155592392;B01;2;33;0;2;3;1;1;
202300049706;155592385;A01;1;7;0;2;8;15;1;
202300049706;155592390;B01;1;32;0;2;3;1;1;
202300049707;155592383;A01;2;10;0;2;5;17;1;
202300049707;155592387;B01;2;30;0;2;1;1;1;
202300049708;155592381;A01;2;7;0;1;2;1;1;
202300049709;155592382;B01;1;33;0;2;8;9;1;
202300049709;155592384;A01;1;7;0;2;5;1;1;
202300049710;155592375;A01;3;33;0;0;7;14;1;
202300049711;155592376;A01;1;33;12;0;7;13;1;
202300049712;155592373;A01;3;7;0;2;1;2;1;
202300049712;155592378;B01;3;7;0;2;4;2;1;
202300049713;155592374;A01;1;7;0;2;3;10;1;
202300049713;155592379;B01;1;2;0;2;7;1;1;
202300049714;155592371;A01;2;33;12;0;8;16;1;
202300049715;155592368;A01;1;7;4;0;1;26;1;
202300049716;155592366;A01;1;7;8;0;9;0;1;
202300049717;155592370;A01;2;7;0;2;4;11;1;
202300049717;155592372;B01;2;15;0;0;4;1;1;
202300049718;155592365;B01;2;7;0;2;6;1;1;
202300049718;155592369;A01;2;7;0;2;2;17;1;
202300049719;155592364;A01;2;7;0;2;1;15;1;
202300049719;155592367;B01;1;43;0;2;8;1;1;
202300049720;155592361;A01;2;33;14;0;1;0;1;
202300049721;155592359;B01;1;50;0;2;6;17;3;
202300049721;155592362;A01;1;33;0;2;3;15;1;
202300049722;155592360;B01;1;32;0;2;4;23;1;
202300049722;155592363;A01;1;7;14;2;1;2;1;
202300049723;155592356;A01;1;10;3;0;9;13;1;
202300049724;155592355;B01;1;30;0;2;8;1;1;
202300049724;155592358;Z01;1;7;0;2;7;17;1;
202300049725;155592357;A01;2;7;3;0;9;14;1;
202300049726;155592353;A01;2;7;0;1;2;1;1;
202300049727;155592347;B01;3;0;0;0;0;0;0;
202300049727;155592352;A01;3;50;0;0;0;0;3;
202300049728;155592343;B01;1;7;0;2;1;1;0;
202300049728;155592350;A01;1;50;0;2;1;1;3;
202300049729;155592344;B01;1;31;0;2;1;17;1;
202300049729;155592349;A01;1;7;0;0;6;23;1;
202300049730;155592345;A01;1;7;2;0;3;0;0;
202300049731;155592342;A01;2;7;0;2;3;15;1;
202300049731;155592348;B01;2;33;0;2;1;1;1;
202300049732;155592339;A01;1;1;13;0;0;1;5;
202300049733;155592337;A01;2;1;0;2;8;1;5;
202300049733;155592341;B01;1;7;0;9;8;1;1;
202300049734;155592336;A01;1;7;0;1;2;1;1;
202300049735;155592333;A01;1;7;0;2;3;1;1;
202300049735;155592338;B01;1;2;0;2;1;1;1;
202300049736;155592334;A01;1;7;0;1;2;14;1;
202300049737;155592335;Y01;3;50;0;2;0;16;3;
202300049737;155592340;Z01;0;7;0;2;0;10;0;
202300049738;155592331;A01;1;50;12;0;1;1;3;
202300049739;155592328;B01;2;7;0;2;3;1;0;
202300049739;155592332;A01;1;7;0;2;3;13;0;
202300049740;155592329;A01;2;1;0;0;8;15;5;
202300049741;155592327;A01;1;7;0;2;3;1;1;
202300049741;155592330;B01;2;7;0;2;8;9;1;
202300049742;155592322;B01;3;2;0;2;2;1;1;
202300049742;155592325;A01;3;7;0;2;3;9;1;
202300049743;155592324;A01;1;7;0;1;2;1;1;
202300049744;155592319;A01;2;7;8;0;9;1;1;
202300049745;155592317;A01;3;7;13;0;0;1;1;
202300049746;155592320;B01;0;7;0;0;3;11;1;
202300049746;155592323;A01;0;2;6;0;1;1;1;
202300049747;155592318;A01;3;1;0;2;0;1;5;
202300049747;155592321;Z01;3;33;0;2;0;1;1;
202300049748;155592315;B01;0;3;0;2;1;1;1;
202300049748;155592316;A01;2;7;0;2;1;5;1;
202300049749;155592313;A01;0;33;2;0;1;2;1;
202300049750;155592310;A01;1;7;12;0;3;13;1;
202300049751;155592309;B01;3;7;0;2;7;19;1;
202300049751;155592314;A01;3;7;0;2;1;19;2;
202300049752;155592303;A01;2;7;0;2;1;2;1;
202300049752;155592306;B01;2;7;0;2;4;2;1;
202300049753;155592304;B01;1;7;0;2;3;1;1;
202300049753;155592311;A01;2;7;0;2;3;15;1;
202300049754;155592305;A01;3;7;0;2;7;17;3;
202300049754;155592308;B01;3;1;0;2;8;15;5;
202300049755;155592307;A01;3;7;0;2;7;26;1;
202300049755;155592312;B01;3;7;6;2;8;1;2;
202300049756;155592301;A01;1;3;8;0;1;1;1;
202300049757;155592298;A01;2;7;1;0;2;1;1;
202300049757;155592300;B01;2;14;0;2;6;24;1;
202300049758;155592297;A01;1;7;0;2;4;10;0;
202300049758;155592302;B01;1;7;0;2;2;1;2;
202300049759;155592296;A01;1;7;0;2;1;1;1;
202300049759;155592299;B01;2;7;0;2;1;1;1;
202300049760;155592291;A01;1;7;0;2;3;15;1;
202300049760;155592295;B01;1;2;12;2;7;1;1;
202300049761;155592289;A01;0;7;15;0;1;2;2;
202300049761;155592294;B01;0;7;0;0;8;9;1;
202300049762;155592287;B01;1;1;1;0;1;1;5;
202300049762;155592292;A01;1;7;0;2;3;22;1;
202300049763;155592285;A01;0;7;0;2;3;17;0;
202300049763;155592288;B01;0;2;0;2;1;1;1;
202300049764;155592281;A01;2;7;0;9;2;21;1;
202300049764;155592286;B01;2;1;0;2;8;2;5;
202300049765;155592280;B01;1;10;0;2;3;1;1;
202300049765;155592284;A01;2;7;0;2;1;5;1;
202300049766;155592279;A01;1;7;16;2;8;11;1;
202300049766;155592283;B01;1;7;0;2;1;1;1;
202300049767;155592278;A01;1;7;1;0;1;1;1;
202300049768;155592272;A01;2;7;0;0;6;23;1;
202300049768;155592275;B01;2;10;0;2;2;21;1;
202300049768;155592277;C01;2;7;4;2;7;1;1;
202300049769;155592269;A01;2;7;0;1;2;1;1;
202300049770;155592270;A01;2;10;0;2;2;15;1;
202300049770;155592273;B01;2;80;0;2;1;1;3;
202300049771;155592268;A01;3;7;0;2;3;1;1;
202300049771;155592276;B01;3;7;0;2;3;15;1;
202300049772;155592267;A01;1;7;0;1;2;1;1;
202300049773;155592266;A01;2;7;4;0;8;13;1;
202300049774;155592260;B01;3;7;0;2;1;20;2;
202300049774;155592265;A01;0;2;0;2;1;1;1;
202300049775;155592259;A01;3;7;0;2;1;9;1;
202300049775;155592261;B01;3;31;0;2;2;1;1;
202300049776;155592257;B01;3;1;0;0;0;0;5;
202300049776;155592263;A01;1;7;0;9;3;9;1;
202300049777;155592258;A01;3;7;16;0;4;23;0;
202300049777;155592264;B01;3;10;0;2;1;2;1;
202300049778;155592255;A01;1;7;9;0;1;0;1;
202300049779;155592254;A01;2;7;0;2;1;13;1;
202300049779;155592256;C01;1;7;0;2;1;1;2;
202300049779;155592262;B01;1;7;0;2;1;1;1;
202300049780;155592247;A01;1;10;0;1;5;5;1;
202300049781;155592251;A01;1;1;0;2;8;15;5;
202300049781;155592253;B01;1;7;0;9;2;17;1;
202300049782;155592246;B01;1;33;0;2;1;1;1;
202300049782;155592252;A01;1;7;0;2;7;1;1;
202300049783;155592244;A01;2;7;0;2;2;0;1;
202300049783;155592250;B01;2;10;0;2;2;2;1;
202300049784;155592242;A01;3;7;0;1;1;1;1;
202300049785;155592241;A01;1;7;0;1;7;19;1;
202300049786;155592240;C01;1;7;0;2;1;1;1;
202300049786;155592245;B01;0;7;0;2;1;1;1;
202300049786;155592249;A01;2;10;0;2;3;1;1;
202300049787;155592239;A01;1;7;2;0;7;13;1;
202300049788;155592236;A01;2;2;0;0;0;1;1;
202300049789;155592234;A01;2;7;0;2;1;13;1;
202300049789;155592238;B01;1;7;0;2;1;1;1;
202300049790;155592232;B01;3;7;-1;-1;-1;-1;-1;
202300049790;155592237;A01;3;7;-1;-1;-1;0;-1;
202300049791;155592229;A01;1;7;0;2;1;2;0;
202300049791;155592231;B01;2;7;0;2;3;1;0;
202300049791;155592235;C01;1;7;0;2;4;24;0;
202300049792;155592227;A01;3;7;0;2;3;23;1;
202300049792;155592233;B01;1;1;0;2;3;1;5;
202300049793;155592225;A01;2;7;0;2;4;1;1;
202300049793;155592230;B01;2;10;0;2;2;1;1;
202300049794;155592226;A01;1;31;2;0;1;14;1;
202300049795;155592222;A01;1;7;0;2;8;11;1;
202300049795;155592224;C01;2;7;0;2;1;1;1;
202300049795;155592228;B01;1;7;0;2;7;6;1;
202300049796;155592221;A01;0;2;6;0;1;1;1;
202300049797;155592219;A01;1;33;0;0;0;0;1;
202300049798;155592218;A01;1;7;0;2;8;1;1;
202300049798;155592223;B01;1;7;0;2;3;1;1;
202300049799;155592211;B01;2;33;0;2;3;2;1;
202300049799;155592215;D01;2;7;0;2;5;2;1;
202300049799;155592217;Z01;2;7;0;2;3;0;0;
202300049799;155592220;C01;2;7;0;2;3;2;1;
202300049800;155592210;A01;3;7;0;1;2;1;1;
202300049801;155592212;A01;0;30;0;2;3;26;1;
202300049801;155592216;B01;0;7;0;9;5;2;1;
202300049802;155592208;A01;1;7;6;2;1;1;1;
202300049802;155592214;B01;2;7;3;2;1;1;1;
202300049803;155592207;A01;3;7;0;2;3;9;0;
202300049803;155592209;B01;3;50;0;2;4;16;3;
202300049804;155592205;A01;1;7;3;0;1;11;1;
202300049805;155592206;A01;3;7;0;2;1;26;3;
202300049805;155592213;B01;3;7;0;2;2;1;1;
202300049806;155592204;A01;3;7;2;0;8;1;1;
202300049807;155592203;A01;0;2;0;6;0;1;0;
202300049808;155592198;A01;2;10;0;0;9;0;1;
202300049809;155592202;A01;1;30;8;0;2;1;1;
202300049810;155592196;A01;2;10;1;0;2;14;1;
202300049810;155592200;B01;3;7;1;0;6;24;1;
202300049811;155592194;C01;1;10;0;2;4;1;1;
202300049811;155592195;B01;1;7;0;2;1;1;1;
202300049811;155592197;A01;1;7;0;2;1;2;1;
202300049811;155592201;D01;1;10;0;2;4;1;1;
202300049812;155592193;A01;3;7;13;0;9;1;1;
202300049813;155592188;A01;1;7;0;9;1;1;1;
202300049813;155592191;B01;1;1;0;2;7;19;5;
202300049814;155592189;A01;3;7;16;2;1;13;1;
202300049814;155592199;B01;3;7;0;2;0;1;1;
202300049815;155592187;A01;1;33;12;0;2;16;1;
202300049816;155592186;A01;1;7;14;2;3;13;1;
202300049816;155592192;B01;1;34;14;2;2;2;1;
202300049817;155592185;B01;3;7;0;2;3;0;1;
202300049817;155592190;A01;3;7;0;2;1;1;1;
202300049818;155592184;A01;-1;2;16;0;8;1;0;
202300049819;155592183;A01;3;7;0;1;1;1;1;
202300049820;155592179;B01;1;31;0;2;7;1;1;
202300049820;155592182;A01;1;7;0;2;3;11;1;
202300049821;155592175;B01;3;10;0;2;2;1;1;
202300049821;155592181;A01;3;7;0;2;5;15;1;
202300049822;155592177;B01;2;7;0;2;1;2;1;
202300049822;155592180;A01;2;7;0;2;4;23;1;
202300049823;155592173;A01;1;7;0;1;1;9;1;
202300049824;155592171;A01;1;7;9;1;2;14;1;
202300049825;155592172;T01;2;10;0;2;0;1;1;
202300049825;155592174;B01;2;33;0;2;1;11;1;
202300049825;155592178;A01;1;7;0;2;8;15;1;
202300049826;155592166;A01;1;7;0;2;1;1;1;
202300049826;155592170;B01;1;33;0;2;4;1;1;
202300049827;155592162;A01;1;7;0;2;3;19;1;
202300049827;155592167;B01;2;7;0;2;3;1;1;
202300049828;155592160;B01;2;7;0;2;4;23;1;
202300049828;155592165;A01;2;7;0;2;1;2;1;
202300049829;155592159;C01;1;7;0;0;4;2;1;
202300049829;155592161;A01;1;14;0;2;1;2;1;
202300049829;155592168;B01;1;7;0;2;4;2;1;
202300049830;155592164;A01;2;33;0;2;3;1;1;
202300049830;155592169;B01;2;10;0;2;2;12;1;
202300049831;155592157;B01;3;7;0;2;7;1;1;
202300049831;155592163;A01;2;7;0;2;3;9;1;
202300049832;155592155;A01;2;33;0;2;3;21;1;
202300049832;155592158;B01;1;1;0;2;1;2;5;
202300049833;155592150;A01;1;7;0;2;1;1;1;
202300049833;155592154;B01;1;7;0;1;4;1;1;
202300049834;155592148;A01;1;7;0;2;0;9;0;
202300049834;155592152;B01;1;2;0;2;6;9;1;
202300049835;155592147;A01;1;7;13;0;2;21;1;
202300049836;155592149;A01;2;7;4;2;7;1;1;
202300049836;155592153;Z01;2;7;0;2;8;0;0;
202300049837;155592145;A01;3;7;0;9;1;1;1;
202300049837;155592146;B01;3;50;0;2;0;0;3;
202300049838;155592144;A01;2;7;0;1;1;1;1;
202300049839;155592140;A01;1;50;0;2;0;0;3;
202300049839;155592143;Z01;3;7;0;2;0;0;0;
202300049840;155592137;A01;2;7;0;2;1;2;1;
202300049840;155592141;B01;2;10;0;2;4;1;1;
202300049841;155592136;A01;3;7;0;9;1;1;0;
202300049841;155592142;B01;3;50;0;2;1;19;5;
202300049842;155592133;A01;1;14;0;2;3;1;1;
202300049842;155592139;B01;2;7;0;2;8;15;1;
202300049843;155592131;A01;2;7;0;1;2;2;1;
202300049844;155592130;A01;1;7;0;2;1;2;2;
202300049844;155592135;B01;1;7;0;2;4;1;1;
202300049844;155592138;C01;1;7;0;2;5;1;1;
202300049845;155592129;A01;2;7;0;2;1;10;1;
202300049845;155592134;B01;2;1;0;2;7;1;5;
202300049846;155592128;A01;1;7;0;1;5;1;0;
202300049847;155592127;A01;1;7;0;2;3;13;0;
202300049847;155592132;B01;2;7;0;2;3;1;0;
202300049848;155592123;B01;3;7;0;2;1;1;0;
202300049848;155592126;A01;3;10;0;2;1;15;0;
202300049849;155592121;A01;1;7;0;1;2;9;1;
202300049850;155592119;A01;3;10;0;2;3;16;1;
202300049850;155592125;B01;0;7;0;2;1;1;0;
202300049851;155592118;B01;2;50;0;2;6;23;3;
202300049851;155592122;A01;2;7;1;2;6;15;1;
202300049852;155592115;A01;3;7;0;1;0;26;1;
202300049853;155592114;A01;2;7;3;0;7;0;1;
202300049854;155592112;A01;1;7;2;0;2;1;1;
202300049855;155592110;B01;1;7;0;2;8;16;1;
202300049855;155592116;A01;1;31;0;2;1;17;1;
202300049855;155592120;C01;1;7;0;2;0;1;1;
202300049856;155592108;A01;1;7;0;2;0;26;0;
202300049856;155592111;B01;1;31;0;2;0;0;0;
202300049857;155592109;A01;2;7;0;2;1;2;1;
202300049857;155592113;B01;2;7;0;2;4;2;1;
202300049857;155592117;C01;2;7;0;2;5;2;1;
202300049857;155592124;D01;2;7;0;2;4;2;1;
202300049858;155592106;A01;2;7;8;0;1;1;1;
202300049859;155592103;B01;3;99;0;2;1;26;5;
202300049859;155592105;A01;3;7;0;2;3;20;1;
202300049860;155592102;A01;2;33;6;0;2;14;1;
202300049861;155592099;A01;1;7;0;1;1;15;1;
202300049862;155592098;A01;3;7;0;1;1;2;1;
202300049863;155592101;A01;1;7;2;0;1;21;1;
202300049864;155592096;A01;1;2;0;0;2;1;1;
202300049865;155592097;A01;1;34;0;0;0;13;1;
202300049866;155592094;B01;2;7;0;2;8;1;1;
202300049866;155592100;A01;2;17;0;2;7;12;1;
202300049867;155592092;A01;2;7;0;2;1;1;1;
202300049867;155592095;B01;2;7;0;2;4;2;1;
202300049868;155592091;A01;1;13;0;2;2;9;1;
202300049868;155592093;B01;1;33;0;2;4;1;1;
202300049869;155592089;A01;2;7;13;0;1;1;1;
202300049870;155592087;A01;3;10;0;1;4;20;1;
202300049871;155592078;B01;2;7;0;2;3;0;1;
202300049871;155592090;A01;1;7;0;2;3;13;1;
202300049872;155592076;A01;2;7;0;2;1;13;1;
202300049872;155592080;B01;1;7;0;2;1;1;1;
202300049873;155592077;A01;2;10;0;2;2;16;1;
202300049873;155592082;B01;2;1;0;2;8;1;5;
202300049874;155592075;C01;2;17;0;2;6;1;1;
202300049874;155592081;B01;2;7;0;2;8;1;1;
202300049874;155592086;A01;2;7;0;2;2;2;1;
202300049875;155592074;C01;2;7;0;2;1;1;1;
202300049875;155592083;D01;1;10;0;2;1;1;1;
202300049875;155592085;A01;2;7;0;2;1;13;1;
202300049875;155592088;B01;1;14;0;2;1;1;1;
202300049876;155592073;A01;1;7;0;1;3;9;1;
202300049877;155592079;A01;3;7;0;2;1;1;1;
202300049877;155592084;B01;3;50;0;2;3;1;3;
202300049878;155592070;A01;2;7;0;1;2;1;1;
202300049879;155592071;A01;1;7;4;0;0;0;1;
202300049880;155592069;A01;1;33;8;0;1;14;1;
202300049881;155592066;A01;3;7;0;9;7;1;1;
202300049881;155592072;B01;3;1;0;2;1;1;5;
202300049882;155592065;B01;2;50;0;2;1;2;3;
202300049882;155592068;A01;3;10;0;2;1;26;1;
202300049883;155592064;A01;1;7;10;2;3;1;1;
202300049883;155592067;B01;2;7;0;2;3;1;1;
202300049884;155592061;A01;2;31;0;2;7;17;1;
202300049884;155592063;B01;2;7;0;2;8;0;1;
202300049885;155592059;A01;1;7;0;2;2;17;1;
202300049885;155592062;B01;1;7;0;2;6;1;1;
202300049886;155592052;A01;2;7;0;1;1;1;1;
202300049887;155592055;B01;2;33;0;2;0;3;1;
202300049887;155592057;A01;2;10;0;2;4;12;1;
202300049888;155592054;A01;3;7;0;2;2;15;1;
202300049888;155592060;B01;3;30;0;2;1;1;1;
202300049889;155592053;A01;3;10;0;2;0;0;0;
202300049889;155592058;B01;3;33;0;2;2;0;3;
202300049890;155592050;A01;0;7;0;1;1;1;1;
202300049891;155592049;A01;1;7;0;2;3;15;1;
202300049891;155592051;B01;2;33;0;2;1;17;1;
202300049892;155592048;A01;2;7;0;2;2;1;0;
202300049892;155592056;B01;1;7;0;2;3;1;0;
202300049893;155592047;A01;2;7;3;0;1;14;1;
202300049894;155592046;A01;1;7;2;0;1;0;0;
202300049895;155592044;A01;3;7;0;0;9;0;1;
202300049896;155592043;A01;2;7;13;0;0;26;0;
202300049897;155592042;Z01;1;7;0;2;1;0;1;
202300049897;155592045;A01;1;7;0;2;4;1;1;
202300049898;155592038;A01;1;7;0;2;2;9;1;
202300049898;155592040;B01;1;7;0;2;8;1;1;
202300049899;155592037;B01;0;7;0;2;1;1;0;
202300049899;155592041;A01;0;7;0;2;2;16;1;
202300049900;155592035;A01;1;7;8;0;1;1;1;
202300049901;155592034;A01;2;7;0;0;5;2;1;
202300049901;155592039;B01;2;33;0;2;1;2;1;
202300049902;155592033;B01;3;33;0;2;3;1;1;
202300049902;155592036;A01;3;7;0;2;5;15;1;
202300049903;155592032;A01;2;34;0;1;1;1;1;
202300049904;155592029;A01;3;7;0;9;9;0;1;
202300049905;155592027;A01;1;7;1;0;2;14;1;
202300049906;155592028;A01;1;7;4;2;1;1;1;
202300049906;155592031;B01;1;7;0;2;4;2;1;
202300049907;155592026;A01;2;7;3;0;5;2;0;
202300049908;155592025;A01;0;10;0;2;1;1;1;
202300049908;155592030;B01;1;1;0;2;1;1;5;
202300049909;155592022;A01;1;33;4;0;0;13;1;
202300049910;155592020;A01;1;7;0;2;1;5;1;
202300049910;155592023;B01;2;10;0;2;1;1;1;
202300049911;155592017;A01;1;50;0;2;2;1;3;
202300049911;155592024;B01;2;37;0;2;3;15;3;1.0
202300049912;155592016;A01;1;7;0;2;1;1;1;
202300049912;155592021;B01;2;10;0;2;3;0;1;
202300049913;155592015;B01;0;7;0;2;0;0;1;
202300049913;155592019;A01;0;7;1;0;0;26;0;
202300049914;155592014;A01;3;14;0;0;7;15;0;
202300049915;155592013;A01;2;7;0;2;7;12;1;
202300049915;155592018;B01;2;31;0;2;8;1;1;
202300049916;155592011;A01;1;33;12;0;8;1;1;
202300049917;155592006;A01;3;10;0;2;1;2;0;
202300049917;155592010;B01;1;2;0;2;4;2;1;
202300049918;155592009;A01;2;7;0;2;8;15;1;
202300049918;155592012;B01;2;7;2;2;7;17;1;
202300049919;155592003;A01;3;7;0;2;3;15;1;
202300049919;155592007;B01;3;99;0;2;1;1;0;
202300049920;155592002;A01;1;7;0;9;9;1;1;
202300049921;155592001;A01;2;7;0;2;1;15;1;
202300049921;155592008;B01;1;1;0;2;0;19;5;
202300049922;155591999;A01;0;33;0;2;7;26;1;
202300049922;155592005;B01;0;7;0;2;4;1;1;
202300049923;155591996;A01;1;7;0;1;1;1;1;
202300049924;155591994;B01;0;80;0;2;0;12;3;
202300049924;155591998;A01;0;7;0;9;6;16;3;
202300049925;155591993;A01;1;7;10;0;4;4;1;
202300049926;155591992;A01;2;7;0;2;3;23;2;
202300049926;155591997;B01;2;7;1;0;2;1;1;
202300049927;155591991;B01;1;7;0;2;8;1;1;
202300049927;155592000;A01;3;7;0;2;1;15;1;
202300049928;155591988;A01;2;7;2;0;1;19;2;
202300049929;155591987;C01;2;7;0;2;3;1;1;
202300049929;155591990;B01;2;33;0;2;8;3;1;
202300049929;155591995;A01;2;7;0;2;2;12;1;
202300049930;155591984;B01;2;1;0;2;0;21;0;
202300049930;155591989;A01;3;7;0;2;0;1;0;
202300049931;155591986;A01;2;7;12;0;1;14;1;
202300049932;155591981;A01;1;7;2;0;9;1;1;
202300049932;155591985;B01;1;13;0;0;0;1;1;
202300049933;155591980;A01;1;7;0;2;1;16;1;
202300049934;155591975;A01;3;7;8;0;0;21;1;
202300049935;155591979;A01;2;10;0;2;1;2;1;
202300049935;155591983;B01;2;15;0;0;4;2;1;
202300049936;155591976;A01;2;7;3;0;2;1;1;
202300049937;155591973;A01;1;7;0;2;2;1;1;
202300049937;155591977;C01;1;7;0;2;6;1;1;
202300049937;155591982;B01;1;7;0;2;6;12;1;
202300049938;155591970;B01;3;7;0;2;4;16;1;
202300049938;155591974;A01;2;7;0;2;1;1;1;
202300049939;155591968;A01;2;10;0;1;3;15;1;
202300049940;155591966;B01;1;7;0;2;3;15;2;
202300049940;155591971;A01;1;7;0;2;9;17;1;
202300049941;155591965;A01;2;7;4;0;1;2;1;
202300049942;155591963;B01;3;31;0;2;2;17;1;
202300049942;155591969;A01;3;7;0;2;3;15;1;
202300049943;155591962;A01;3;7;0;1;7;2;1;
202300049944;155591961;A01;3;1;0;2;0;0;5;
202300049944;155591964;Z01;3;7;0;2;0;0;0;
202300049945;155591958;A01;1;7;0;0;9;1;1;
202300049946;155591960;A01;3;32;0;2;1;9;1;
202300049946;155591967;B01;1;7;0;2;2;1;1;
202300049947;155591959;A01;1;7;0;1;1;1;1;
202300049948;155591956;A01;0;7;0;1;2;20;1;
202300049949;155591954;A01;2;7;12;0;1;1;0;
202300049950;155591952;A01;1;21;0;0;5;15;1;
202300049950;155591955;B01;2;7;0;9;1;1;1;
202300049951;155591947;A01;1;7;0;1;2;1;3;
202300049952;155591948;C01;1;7;0;2;4;2;1;
202300049952;155591953;A01;1;10;0;2;1;1;1;
202300049952;155591957;B01;1;7;0;2;6;23;1;
202300049953;155591946;A01;1;30;0;2;1;2;1;
202300049953;155591950;B01;1;7;0;0;4;1;1;
202300049954;155591944;B01;2;80;0;2;1;1;3;
202300049954;155591951;A01;1;7;0;2;2;16;1;
202300049955;155591943;A01;1;1;0;2;0;0;5;
202300049955;155591949;Z01;1;7;0;2;0;0;1;
202300049956;155591941;A01;2;35;0;0;0;1;1;
202300049957;155591940;A01;2;7;0;2;1;5;0;
202300049957;155591945;B01;1;7;0;2;1;1;0;
202300049958;155591939;B01;2;7;0;2;1;1;0;
202300049958;155591942;A01;1;7;0;2;1;13;1;
202300049959;155591935;A01;1;7;0;1;7;1;3;
202300049960;155591933;A01;1;7;0;1;8;1;1;
202300049961;155591934;B01;1;10;0;2;4;1;1;
202300049961;155591938;A01;1;7;0;2;1;1;1;
202300049962;155591932;A01;1;7;0;2;1;13;1;
202300049962;155591936;B01;2;7;12;2;1;1;1;
202300049963;155591929;A01;1;0;0;1;0;0;0;
202300049964;155591928;A01;3;1;0;9;1;0;5;
202300049964;155591931;B01;1;50;0;9;1;1;3;
202300049965;155591927;B01;3;7;0;2;3;1;1;
202300049965;155591937;A01;3;10;0;2;2;19;0;
202300049966;155591930;A01;1;7;10;0;1;1;1;
202300049967;155591922;A01;3;7;1;0;1;1;1;
202300049968;155591924;A01;0;7;0;1;1;1;1;
202300049969;155591920;B01;3;33;0;2;2;21;1;
202300049969;155591926;A01;3;10;0;2;2;17;0;
202300049970;155591919;A01;1;7;0;1;1;15;1;
202300049971;155591923;B01;2;50;0;2;3;16;3;
202300049971;155591925;A01;2;7;0;2;3;16;1;
202300049972;155591917;A01;1;2;0;2;1;2;1;
202300049972;155591921;B01;1;10;0;2;4;0;1;
202300049973;155591916;A01;2;32;0;1;1;1;1;
202300049974;155591915;A01;3;33;0;2;2;2;1;
202300049974;155591918;B01;3;80;0;2;1;5;3;
202300049975;155591914;A01;2;30;0;1;1;1;1;
202300049976;155591910;A01;3;7;0;1;1;1;1;
202300049977;155591907;A01;2;10;12;0;5;2;1;
202300049977;155591912;B01;2;50;0;0;0;0;3;
202300049978;155591905;A01;2;7;0;2;3;13;1;
202300049978;155591909;B01;1;7;0;2;3;1;1;
202300049979;155591904;B01;1;7;0;2;4;2;1;
202300049979;155591913;A01;1;30;0;2;1;2;1;
202300049980;155591903;A01;1;30;0;2;1;2;0;