Num_Acc;id_vehicule;num_veh;senc;catv;obs;obsm;choc;manv;motor;occutc
202300049980;155591908;B01;1;3;0;2;4;1;0;
202300049981;155591902;A01;1;30;0;0;7;2;1;
202300049982;155591899;A01;1;10;0;1;4;4;1;
202300049983;155591900;A01;3;7;0;1;1;1;1;
202300049984;155591898;A01;1;50;0;2;1;21;3;
202300049984;155591901;B01;2;80;0;2;1;9;3;
202300049985;155591893;A01;1;7;0;2;3;13;1;
202300049985;155591897;B01;1;10;0;2;8;21;1;
202300049986;155591894;A01;2;7;6;0;1;13;1;
202300049987;155591888;B01;1;30;0;2;4;16;1;
202300049987;155591892;Z01;1;7;0;2;1;1;1;
202300049988;155591885;A01;1;7;0;2;1;1;1;
202300049988;155591890;B01;1;7;0;2;4;1;0;
202300049989;155591889;A01;1;43;0;2;1;14;1;
202300049989;155591891;B01;3;10;0;2;5;23;1;
202300049989;155591896;C01;3;10;0;2;3;1;1;
202300049990;155591887;A01;3;7;0;1;1;1;1;
202300049991;155591879;A01;1;7;0;2;4;1;1;
202300049991;155591883;B01;1;17;0;2;1;1;1;
202300049992;155591878;B01;3;7;0;2;3;1;1;
202300049992;155591882;A01;3;7;0;2;1;13;2;
202300049993;155591880;A01;2;1;0;2;1;17;5;
202300049993;155591884;B01;2;7;0;2;3;15;1;
202300049994;155591881;A01;1;1;0;2;8;16;5;
202300049994;155591886;B01;1;7;0;2;7;14;1;
202300049995;155591876;A01;3;7;1;0;2;1;1;
202300049996;155591875;A01;1;7;0;2;1;15;1;
202300049996;155591877;B01;1;31;0;2;1;1;1;
202300049997;155591871;A01;3;7;0;1;2;14;1;
202300049998;155591868;A01;1;7;0;2;1;13;0;
202300049998;155591874;B01;2;33;0;2;1;1;1;
202300049999;155591866;A01;2;17;0;1;2;1;1;
202300050000;155591864;A01;1;10;0;0;1;13;1;
202300050000;155591869;B01;2;7;0;2;1;2;1;
202300050001;155591865;B01;1;7;0;2;4;2;1;
202300050001;155591872;A01;1;2;0;2;1;2;1;
202300050002;155591863;A01;1;33;0;2;9;17;1;
202300050002;155591870;B01;1;7;0;2;8;13;1;
202300050003;155591862;A01;1;7;0;2;8;15;1;
202300050003;155591873;B01;2;7;0;2;2;1;1;
202300050004;155591861;A01;2;7;0;2;4;4;1;
202300050004;155591867;B01;3;32;0;2;8;1;1;
202300050005;155591859;A01;2;7;0;0;1;14;1;
202300050006;155591853;A01;2;7;3;2;8;11;1;
202300050006;155591856;B01;1;7;3;2;5;17;0;
202300050007;155591852;A01;2;7;0;1;3;1;3;
202300050008;155591857;B01;2;1;0;0;0;16;5;
202300050009;155591850;A01;2;7;2;0;1;1;1;
202300050010;155591851;A01;2;31;0;2;1;3;1;
202300050010;155591855;D01;2;7;0;2;5;1;1;
202300050010;155591858;C01;2;31;0;2;1;1;1;
202300050010;155591860;B01;2;7;0;2;5;1;1;
202300050011;155591848;A01;3;30;0;2;7;17;1;
202300050011;155591854;B01;3;7;0;2;8;17;1;
202300050012;155591846;A01;2;7;0;2;1;15;1;
202300050012;155591849;B01;1;2;0;2;8;18;1;
202300050013;155591845;A01;1;7;0;2;2;1;1;
202300050013;155591847;B01;1;7;0;2;6;23;1;
202300050014;155591843;A01;1;7;12;0;1;26;1;
202300050015;155591841;A01;3;1;0;2;3;19;5;
202300050015;155591844;B01;2;7;0;2;1;1;-1;
202300050016;155591837;A01;2;7;0;2;3;1;1;
202300050016;155591842;B01;1;1;0;2;7;1;5;
202300050017;155591835;B01;3;7;0;2;3;15;1;
202300050017;155591840;A01;2;7;0;2;2;1;1;
202300050018;155591833;B01;2;31;0;2;1;3;1;
202300050018;155591838;C01;2;7;0;2;8;1;1;
202300050018;155591839;A01;2;7;0;2;7;12;1;
202300050019;155591831;A01;3;7;16;0;9;0;1;
202300050020;155591832;A01;1;10;0;1;1;26;1;
202300050021;155591827;B01;3;33;0;2;4;23;1;
202300050021;155591829;A01;3;7;0;2;1;2;1;
202300050022;155591826;A01;3;7;2;0;0;17;1;
202300050023;155591828;A01;2;7;0;2;3;1;1;
202300050023;155591830;B01;2;7;0;2;5;23;1;
202300050023;155591836;C01;1;33;0;2;1;1;1;
202300050024;155591825;A01;2;33;5;0;1;26;1;
202300050025;155591815;A01;1;30;0;0;0;1;1;
202300050026;155591819;B01;2;10;0;2;1;1;1;
202300050026;155591823;A01;1;33;0;2;1;17;1;
202300050027;155591817;B01;1;7;0;2;1;2;1;
202300050027;155591822;A01;1;7;0;2;4;2;1;
202300050028;155591816;A01;1;1;0;0;0;0;5;
202300050029;155591812;A01;2;7;0;2;2;1;1;
202300050029;155591814;B01;2;1;0;2;8;1;5;
202300050030;155591809;A01;2;7;0;2;3;5;1;
202300050030;155591811;B01;1;7;0;2;3;5;1;
202300050031;155591807;B01;3;7;0;2;2;20;0;
202300050031;155591810;A01;2;16;0;2;7;7;0;
202300050032;155591806;B01;2;7;0;2;4;2;1;
202300050032;155591813;C01;2;10;0;2;4;2;1;
202300050032;155591820;A01;1;38;0;2;1;2;6;1.0
202300050033;155591805;A01;2;10;1;1;1;16;0;
202300050034;155591803;A01;3;7;0;2;3;15;1;
202300050034;155591808;B01;3;30;0;2;1;1;3;
202300050035;155591802;A01;3;7;0;1;7;9;6;
202300050036;155591801;B01;3;7;0;2;3;1;1;
202300050036;155591804;A01;3;1;0;2;7;19;5;
202300050037;155591799;A01;1;14;0;1;1;1;1;
202300050038;155591798;A01;2;33;3;0;9;13;1;
202300050039;155591818;A01;1;33;8;0;1;0;1;
202300050040;155591794;A01;1;7;0;2;1;1;1;
202300050040;155591796;B01;2;7;0;2;1;13;1;
202300050041;155591792;B01;1;7;0;2;2;1;1;
202300050041;155591800;A01;3;7;0;2;3;9;1;
202300050042;155591793;B01;1;7;0;2;3;26;1;
202300050042;155591797;A01;2;2;0;2;0;1;1;
202300050043;155591791;A01;3;37;0;1;1;16;1;1.0
202300050044;155591790;A01;2;31;0;2;2;3;1;
202300050044;155591795;Z01;2;10;0;2;8;13;0;
202300050045;155591788;A01;1;7;0;1;1;1;1;
202300050046;155591784;A01;2;7;0;2;8;11;1;
202300050046;155591789;B01;2;33;0;2;1;1;1;
202300050047;155591782;A01;1;7;0;2;1;15;1;
202300050047;155591786;B01;2;10;0;2;1;1;1;
202300050048;155591779;A01;2;30;0;2;5;1;1;
202300050048;155591783;B01;2;10;0;2;8;0;1;
202300050049;155591777;B01;1;7;1;0;0;24;1;
202300050049;155591780;A01;1;33;1;0;1;14;1;
202300050050;155591774;B01;1;99;0;2;4;1;1;
202300050050;155591787;A01;1;7;0;2;0;0;1;
202300050051;155591773;A01;1;7;0;2;4;2;1;
202300050051;155591778;C01;1;7;0;2;4;26;1;
202300050051;155591781;D01;1;7;0;2;4;26;1;
202300050051;155591785;B01;1;7;0;2;4;26;1;
202300050052;155591771;A01;1;7;13;0;1;1;1;
202300050053;155591770;A01;2;7;0;2;3;9;1;
202300050053;155591775;B01;2;50;0;2;7;26;3;
202300050054;155591769;B01;0;31;0;2;8;1;1;
202300050054;155591776;A01;0;7;0;2;1;15;1;
202300050055;155591765;A01;1;7;0;2;8;11;1;
202300050055;155591767;B01;1;7;0;2;8;2;1;
202300050056;155591763;A01;1;0;0;1;0;0;0;
202300050057;155591762;B01;3;7;0;2;6;0;6;
202300050057;155591766;A01;3;33;1;0;1;26;1;
202300050058;155591758;B01;1;7;0;2;8;15;1;
202300050058;155591761;A01;1;1;0;2;1;1;5;
202300050059;155591757;A01;2;33;0;2;1;3;1;
202300050059;155591764;B01;2;33;0;2;4;3;1;
202300050059;155591768;C01;2;7;0;2;6;0;1;
202300050059;155591772;D01;2;7;0;2;2;1;2;
202300050060;155591756;A01;0;7;0;2;1;19;1;
202300050060;155591760;B01;0;7;13;0;0;1;0;
202300050061;155591755;A01;1;10;0;2;2;15;1;
202300050061;155591759;B01;1;1;0;2;4;15;5;
202300050062;155591752;A01;2;7;0;1;1;15;1;
202300050063;155591751;A01;1;7;0;1;1;1;1;
202300050064;155591750;B01;1;10;0;0;4;2;1;
202300050064;155591753;A01;1;7;0;2;1;2;1;
202300050065;155591748;A01;3;10;0;2;3;5;1;
202300050065;155591754;B01;3;33;0;2;3;2;1;
202300050066;155591745;B01;2;7;0;2;2;1;1;
202300050066;155591749;A01;2;1;0;2;1;1;5;
202300050067;155591744;B01;2;33;0;2;1;3;1;
202300050067;155591747;A01;2;7;0;2;6;11;1;
202300050068;155591738;B01;1;13;0;0;6;2;1;
202300050068;155591743;A01;1;7;0;2;2;2;1;
202300050069;155591737;A01;1;7;0;1;1;1;1;
202300050070;155591741;B01;2;50;0;2;1;2;3;
202300050070;155591746;A01;2;10;0;2;5;2;0;
202300050071;155591735;B01;2;1;0;2;7;1;5;
202300050071;155591740;A01;3;7;0;2;3;9;1;
202300050072;155591733;B01;1;50;0;2;8;2;3;
202300050072;155591742;A01;1;17;0;2;0;2;1;
202300050073;155591731;A01;1;10;3;2;1;2;1;
202300050073;155591736;B01;1;7;3;2;6;2;1;
202300050074;155591728;A01;1;33;12;0;3;1;1;
202300050075;155591730;B01;2;7;0;2;5;12;1;
202300050075;155591732;A01;2;33;0;2;1;3;1;
202300050076;155591734;A01;2;10;0;2;1;14;1;
202300050076;155591739;B01;2;7;0;2;4;2;2;
202300050077;155591727;A01;1;7;0;1;3;1;1;
202300050078;155591726;A01;1;7;14;0;2;17;1;
202300050078;155591729;B01;1;60;0;0;4;2;5;
202300050079;155591725;A01;1;2;0;0;2;1;1;
202300050080;155591720;A01;1;7;6;9;2;1;1;
202300050081;155591719;A01;1;50;0;0;0;1;3;
202300050082;155591715;B01;3;50;0;2;4;2;3;
202300050082;155591718;A01;3;7;0;2;1;2;1;
202300050083;155591714;A01;2;7;0;2;8;11;0;
202300050083;155591717;B01;2;7;0;2;7;1;0;
202300050083;155591723;C01;2;7;0;2;6;1;1;
202300050084;155591711;C01;3;7;0;2;1;2;1;
202300050084;155591713;B01;0;7;0;2;1;2;1;
202300050084;155591716;A01;3;7;0;2;4;26;1;
202300050085;155591709;A01;1;33;12;0;1;14;1;
202300050086;155591708;A01;2;7;4;0;1;1;1;
202300050087;155591706;A01;2;33;0;0;7;1;1;
202300050088;155591704;A01;1;7;15;0;1;9;1;
202300050089;155591697;B01;3;7;0;2;4;2;1;
202300050089;155591701;C01;3;7;0;2;4;2;1;
202300050089;155591703;A01;3;7;0;2;1;2;1;
202300050089;155591707;D01;3;7;0;2;1;2;1;
202300050090;155591692;A01;1;50;0;0;0;21;3;
202300050091;155591694;A01;3;10;0;2;3;13;1;
202300050091;155591699;Z01;3;13;0;2;0;0;1;
202300050092;155591690;B01;3;7;0;2;0;0;1;
202300050092;155591695;A01;3;7;0;2;0;0;1;
202300050093;155591685;D01;2;7;0;2;4;2;1;
202300050093;155591687;C01;2;7;0;2;4;2;1;
202300050093;155591691;B01;2;7;0;2;4;2;1;
202300050093;155591700;A01;2;10;0;2;1;2;1;
202300050094;155591686;E01;2;7;0;2;0;0;1;
202300050094;155591688;A01;2;10;0;2;1;1;1;
202300050094;155591693;B01;2;10;0;2;4;1;1;
202300050094;155591698;C01;2;7;0;2;0;1;1;
202300050094;155591702;D01;2;7;0;2;0;0;1;
202300050094;155591705;F01;2;10;0;2;0;0;1;
202300050095;155591684;C01;1;7;0;2;3;1;1;
202300050095;155591689;A01;1;38;0;2;5;15;1;1.0
202300050095;155591696;B01;1;36;0;2;7;3;1;
202300050096;155591681;B01;2;1;14;2;8;2;5;
202300050096;155591683;A01;2;7;0;9;1;11;1;
202300050097;155591682;A01;2;7;0;1;7;2;2;
202300050098;155591679;A01;1;50;0;1;1;1;3;
202300050099;155591678;A01;2;7;0;1;3;1;1;
202300050100;155591676;A01;1;7;0;2;1;2;1;
202300050100;155591680;B01;1;7;0;2;4;2;1;
202300050101;155591675;A01;2;7;0;2;7;12;1;
202300050101;155591677;B01;2;7;0;2;3;1;1;
202300050102;155591671;A01;2;30;0;0;0;16;1;
202300050103;155591674;A01;0;10;0;0;0;0;1;
202300050104;155591670;A01;2;7;3;0;0;14;1;
202300050105;155591668;B01;2;7;0;2;3;0;1;
202300050105;155591672;A01;1;7;0;2;1;13;1;
202300050106;155591667;B01;2;2;0;2;3;1;1;
202300050106;155591673;A01;1;7;0;2;2;1;3;
202300050107;155591657;A01;2;7;0;2;1;2;1;
202300050107;155591663;B01;2;31;0;2;4;2;1;
202300050108;155591659;A01;1;7;0;2;1;2;1;
202300050108;155591669;B01;2;7;0;2;4;2;2;
202300050109;155591661;A01;1;7;0;2;1;1;1;
202300050109;155591665;B01;1;7;0;2;4;1;1;
202300050110;155591658;A01;2;31;0;2;8;3;1;
202300050110;155591664;B01;2;7;0;2;2;12;1;
202300050110;155591666;C01;2;10;0;2;4;2;1;
202300050111;155591654;A01;1;7;0;2;1;15;1;
202300050111;155591662;B01;2;7;0;2;1;1;1;
202300050112;155591656;A01;2;14;0;2;1;2;1;
202300050112;155591660;B01;1;10;0;2;4;2;1;
202300050113;155591653;A01;1;10;0;2;1;21;1;
202300050114;155591652;A01;1;30;0;2;6;15;3;
202300050114;155591655;B01;1;50;0;2;2;1;3;
202300050115;155591648;A01;1;7;0;2;4;2;1;
202300050115;155591651;B01;1;7;0;2;1;2;1;
202300050116;155591647;A01;1;7;0;2;1;2;0;
202300050116;155591649;B01;1;33;0;2;4;11;1;
202300050117;155591646;A01;0;7;0;1;2;1;1;
202300050118;155591644;A01;2;7;4;0;3;26;1;
202300050119;155591643;A01;3;7;0;1;3;15;1;
202300050120;155591645;A01;3;7;0;9;7;22;1;
202300050120;155591650;B01;1;1;1;0;1;25;5;
202300050121;155591641;A01;1;7;15;0;1;26;1;
202300050122;155591642;A01;2;30;0;0;0;1;1;
202300050123;155591637;A01;2;33;0;2;2;1;1;
202300050123;155591640;B01;2;10;0;2;3;11;1;
202300050124;155591639;A01;1;50;0;2;8;1;3;
202300050125;155591636;A01;3;7;13;0;1;14;1;
202300050126;155591635;A01;3;7;9;0;9;1;1;
202300050127;155591633;A01;1;30;0;1;1;1;2;
202300050128;155591632;A01;2;7;0;2;7;1;1;
202300050129;155591627;A01;1;7;9;1;1;14;2;
202300050129;155591634;B01;1;7;0;2;1;23;1;
202300050130;155591626;B01;2;7;0;2;5;0;1;
202300050130;155591631;Z01;2;7;0;2;0;0;0;
202300050131;155591623;C01;0;7;0;2;4;23;1;
202300050131;155591629;B01;0;7;0;2;4;23;1;
202300050131;155591630;A01;0;7;0;2;1;2;2;
202300050132;155591622;A01;3;7;0;2;3;26;1;
202300050132;155591625;B01;3;7;0;1;5;24;1;
202300050133;155591619;A01;1;7;0;2;2;15;1;
202300050133;155591628;B01;2;7;0;2;3;1;1;
202300050134;155591620;A01;2;7;0;2;4;11;1;
202300050134;155591624;B01;2;33;0;2;1;3;1;
202300050135;155591617;A01;1;50;0;1;1;25;3;
202300050136;155591611;A01;3;31;0;2;1;1;1;
202300050136;155591616;B01;3;7;0;0;8;1;1;
202300050137;155591613;B01;2;7;0;2;1;1;1;
202300050137;155591621;A01;2;7;0;2;6;19;1;
202300050138;155591610;A01;2;7;0;2;2;15;1;
202300050138;155591614;B01;2;37;0;2;1;1;0;1.0
202300050139;155591615;B01;1;1;0;2;1;9;5;
202300050139;155591618;A01;2;7;0;9;2;16;1;
202300050140;155591606;A01;2;7;0;2;1;19;1;
202300050140;155591609;B01;1;7;0;2;1;1;1;
202300050141;155591608;A01;1;7;0;2;1;1;1;
202300050141;155591612;B01;1;7;0;2;4;1;1;
202300050142;155591605;A01;3;7;4;0;2;2;6;
202300050143;155591603;B01;2;50;0;2;1;1;3;
202300050143;155591607;A01;1;7;0;2;3;15;1;
202300050144;155591604;A01;0;31;0;0;0;0;-1;
202300050145;155591600;A01;1;33;0;6;2;1;1;
202300050146;155591596;A01;2;10;0;2;3;2;1;
202300050146;155591602;B01;1;1;0;2;1;0;5;
202300050147;155591599;A01;1;7;0;2;3;19;1;
202300050147;155591601;B01;2;1;0;2;1;1;5;
202300050148;155591595;A01;2;10;1;0;1;0;0;
202300050149;155591593;A01;2;7;0;2;1;5;1;
202300050149;155591597;B01;1;10;0;2;3;1;1;
202300050150;155591594;A01;1;1;0;1;1;5;5;
202300050151;155591592;B01;-1;7;-1;-1;-1;-1;-1;
202300050151;155591598;A01;0;7;0;2;1;9;1;
202300050152;155591591;A01;1;7;0;1;1;15;1;
202300050153;155591588;A01;1;43;10;0;8;26;1;
202300050154;155591587;Y01;-1;1;-1;-1;-1;-1;5;
202300050154;155591590;A01;1;7;0;2;2;1;1;
202300050155;155591585;A01;1;1;0;1;1;1;5;
202300050156;155591584;A01;2;30;0;0;0;1;1;
202300050157;155591583;A01;2;7;0;2;1;1;1;
202300050157;155591589;B01;2;7;0;2;3;15;1;
202300050158;155591582;A01;1;7;0;2;7;15;1;
202300050158;155591586;B01;2;7;0;0;1;1;1;
202300050159;155591581;A01;1;7;0;1;3;2;0;
202300050160;155591577;A01;1;50;0;2;3;19;3;
202300050161;155591576;A01;1;10;0;2;1;1;1;
202300050161;155591580;B01;1;7;0;2;4;15;1;
202300050162;155591574;B01;3;1;0;2;8;1;5;
202300050162;155591579;A01;3;33;0;2;7;15;1;
202300050163;155591571;A01;1;7;0;2;1;13;1;
202300050163;155591573;B01;2;30;0;2;1;1;1;
202300050164;155591570;A01;2;7;0;1;4;4;1;
202300050165;155591568;B01;3;3;1;2;3;17;1;
202300050165;155591572;A01;1;14;0;2;2;5;1;
202300050166;155591569;A01;1;10;0;2;1;2;1;
202300050166;155591575;B01;1;7;0;2;4;2;1;
202300050166;155591578;C01;1;7;0;2;4;2;1;
202300050167;155591567;A01;1;2;0;0;0;26;1;
202300050168;155591566;A01;1;3;0;0;1;0;1;
202300050169;155591561;A01;1;7;0;0;3;2;1;
202300050170;155591562;A01;2;7;0;2;1;1;1;
202300050170;155591565;B01;2;10;0;2;4;1;1;
202300050171;155591557;A01;1;33;0;2;3;0;1;
202300050172;155591558;A01;1;7;0;2;0;1;1;
202300050172;155591563;B01;1;50;0;2;0;19;3;
202300050173;155591556;A01;0;7;0;2;3;26;1;
202300050173;155591559;B01;0;1;0;2;1;5;5;
202300050174;155591555;A01;1;40;0;2;3;1;3;
202300050174;155591560;B01;1;50;0;4;7;1;3;
202300050175;155591554;A01;1;7;0;2;4;23;1;
202300050175;155591564;B01;1;7;0;2;1;1;1;
202300050176;155591552;A01;1;7;0;1;1;1;1;
202300050177;155591547;B01;3;7;0;2;4;23;1;
202300050177;155591550;A01;3;7;0;2;1;2;1;
202300050178;155591544;A01;2;7;0;2;4;1;2;
202300050178;155591549;B01;2;7;0;2;1;1;1;
202300050179;155591548;B01;1;32;0;2;0;0;1;
202300050180;155591546;A01;2;7;0;0;2;23;1;
202300050180;155591551;B01;2;1;1;0;1;1;5;
202300050181;155591542;A01;1;7;0;2;6;9;1;
202300050181;155591543;B01;2;33;0;2;1;17;1;
202300050182;155591541;A01;2;7;0;2;3;17;1;
202300050182;155591545;B01;2;7;0;2;6;20;1;
202300050183;155591538;A01;1;38;2;0;3;11;1;5.0
202300050184;155591539;A01;2;7;0;0;0;15;1;
202300050184;155591540;B01;3;50;0;2;0;19;3;
202300050185;155591533;A01;1;7;0;2;2;2;1;
202300050185;155591537;B01;1;7;0;2;5;2;1;
202300050186;155591532;B01;1;10;0;2;7;16;1;
202300050186;155591535;A01;1;31;0;2;1;9;1;
202300050187;155591534;A01;2;7;0;1;3;18;2;
202300050188;155591529;A01;2;7;0;1;1;1;1;
202300050189;155591528;B01;3;7;0;2;4;1;1;
202300050189;155591530;A01;3;7;0;2;1;1;1;
202300050190;155591526;A01;1;7;0;2;3;15;1;
202300050190;155591536;B01;1;30;0;2;1;17;1;
202300050191;155591523;A01;1;7;9;0;1;1;1;
202300050192;155591522;A01;0;14;0;2;5;1;1;
202300050192;155591525;B01;3;33;12;2;9;1;1;
202300050193;155591521;A01;1;7;0;2;2;17;1;
202300050193;155591524;B01;1;99;0;2;8;15;3;
202300050194;155591512;A01;2;1;0;2;4;1;5;
202300050194;155591517;B01;2;1;0;2;1;1;5;
202300050195;155591513;B01;1;7;0;2;6;1;1;
202300050195;155591520;A01;1;7;0;2;3;15;3;
202300050196;155591514;A01;3;10;0;1;1;1;1;
202300050197;155591515;A01;3;33;0;2;1;17;1;
202300050197;155591519;B01;3;7;0;2;3;15;1;
202300050198;155591516;B01;1;2;0;2;7;13;1;
202300050198;155591518;A01;2;7;0;2;1;15;1;
202300050199;155591510;A01;2;21;0;0;0;14;0;
202300050200;155591509;A01;2;7;0;2;4;1;1;
202300050200;155591511;B01;2;7;0;2;1;1;1;
202300050201;155591506;A01;2;32;0;2;0;0;1;
202300050201;155591508;B01;1;1;0;2;0;0;0;
202300050202;155591504;A01;2;7;0;2;1;2;1;
202300050202;155591507;B01;2;7;0;2;4;0;1;
202300050203;155591502;A01;3;7;0;1;0;26;1;
202300050204;155591499;A01;3;7;0;2;3;0;0;
202300050204;155591503;B01;3;1;0;2;0;0;5;
202300050205;155591494;A01;1;7;0;2;3;13;1;
202300050205;155591498;B01;1;7;0;2;3;1;1;
202300050206;155591495;A01;2;33;0;0;0;1;1;
202300050206;155591501;B01;1;7;0;0;0;19;0;
202300050207;155591496;A01;2;33;0;1;1;1;1;
202300050208;155591487;A01;2;7;0;2;1;2;1;
202300050208;155591491;B01;2;7;0;2;4;2;1;
202300050209;155591485;A01;1;7;15;0;1;14;1;
202300050210;155591484;A01;3;7;0;9;1;17;1;
202300050210;155591490;B01;3;1;0;2;1;1;5;
202300050211;155591482;D01;1;7;0;2;4;1;1;
202300050211;155591488;C01;1;7;0;2;4;1;1;
202300050211;155591493;B01;1;7;0;2;4;1;1;
202300050211;155591497;A01;1;7;0;2;1;1;1;
202300050212;155591483;A01;1;7;0;2;1;2;1;
202300050212;155591489;B01;1;7;0;2;1;2;1;
202300050212;155591492;C01;1;7;0;2;4;2;1;
202300050213;155591480;B01;3;1;0;2;1;0;5;
202300050213;155591486;A01;3;7;0;9;7;1;1;
202300050214;155591478;A01;1;7;0;2;2;16;1;
202300050214;155591481;B01;1;50;0;2;1;1;3;
202300050215;155591474;A01;1;7;0;1;8;15;1;
202300050216;155591471;C01;0;37;0;2;8;1;1;1.0
202300050216;155591472;B01;0;37;0;0;1;0;0;1.0
202300050216;155591477;A01;0;1;0;2;7;13;5;
202300050217;155591470;A01;2;30;15;0;1;1;1;
202300050218;155591468;A01;2;7;0;1;1;1;1;
202300050219;155591464;A01;1;10;0;2;2;2;1;
202300050219;155591469;B01;1;1;0;0;4;1;5;
202300050220;155591463;A01;3;34;8;0;0;1;0;
202300050221;155591467;A01;3;1;14;0;1;21;5;
202300050222;155591462;A01;2;50;0;1;1;1;3;
202300050223;155591456;A01;1;7;0;2;1;11;1;
202300050223;155591460;B01;1;7;0;2;2;1;1;
202300050224;155591455;A01;2;50;0;2;8;13;3;
202300050224;155591459;B01;1;80;0;2;8;0;5;
202300050225;155591453;A01;2;7;0;2;2;17;0;
202300050225;155591458;B01;2;33;0;2;8;17;0;
202300050226;155591454;A01;2;7;1;0;3;13;1;
202300050227;155591452;A01;2;7;13;2;2;1;1;
202300050227;155591457;B01;1;7;0;2;3;1;1;
202300050228;155591447;A01;1;34;4;0;8;1;1;
202300050229;155591444;A01;1;10;0;2;1;2;1;
202300050229;155591448;B01;1;7;0;2;4;23;1;
202300050230;155591442;B01;2;10;0;2;5;17;1;
202300050230;155591450;A01;2;80;0;2;3;13;3;
202300050231;155591439;A01;1;99;16;0;4;2;1;
202300050231;155591441;B01;1;7;0;2;4;2;1;
202300050232;155591437;A01;2;7;3;0;1;14;1;
202300050233;155591440;B01;2;7;0;2;8;15;1;
202300050233;155591446;A01;1;31;1;2;1;1;1;
202300050234;155591436;A01;1;7;1;1;2;1;1;
202300050235;155591445;A01;1;2;0;0;8;16;3;
202300050236;155591433;A01;1;1;0;2;4;16;5;
202300050236;155591435;B01;1;7;0;9;1;16;1;
202300050237;155591432;B01;1;7;0;2;8;0;1;
202300050237;155591434;A01;2;99;0;2;3;13;1;
202300050238;155591430;A01;2;7;0;1;1;1;1;
202300050239;155591429;A01;1;7;0;1;3;2;1;
202300050240;155591428;A01;3;7;3;0;7;1;1;
202300050241;155591427;A01;1;50;0;0;7;9;3;
202300050242;155591424;A01;1;7;0;2;1;13;1;
202300050242;155591426;B01;2;7;3;2;1;1;1;
202300050243;155591418;A01;1;7;0;2;1;10;1;
202300050243;155591422;B01;1;31;0;2;8;1;1;
202300050244;155591417;A01;3;7;0;2;3;1;1;
202300050244;155591425;B01;3;2;0;2;1;1;1;
202300050245;155591423;A01;1;50;0;1;1;1;3;
202300050246;155591416;B01;2;33;0;2;1;1;1;
202300050246;155591421;A01;1;10;0;2;1;15;1;
202300050247;155591413;B01;1;7;0;2;4;2;1;
202300050247;155591414;A01;1;7;0;2;1;1;1;
202300050248;155591411;A01;2;33;0;0;1;1;6;
202300050249;155591412;A01;3;7;0;1;1;2;1;
202300050250;155591415;A01;3;7;0;2;2;9;1;
202300050250;155591419;B01;3;50;0;0;0;0;3;
202300050251;155591410;A01;2;33;0;0;1;1;1;
202300050252;155591408;A01;1;10;0;2;1;9;0;
202300050252;155591420;B01;2;7;8;2;5;15;1;
202300050253;155591406;A01;2;7;0;1;1;1;1;
202300050254;155591405;A01;3;40;0;1;2;16;3;
202300050255;155591407;B01;3;7;0;2;2;16;2;
202300050255;155591409;A01;3;30;0;2;3;16;1;
202300050256;155591404;A01;2;1;0;1;1;1;5;
202300050257;155591402;B01;2;80;0;2;1;1;3;
202300050257;155591403;A01;0;7;0;2;1;19;1;
202300050258;155591401;A01;1;7;0;1;2;1;1;
202300050259;155591398;A01;1;50;0;0;0;1;3;
202300050260;155591397;A01;1;7;0;2;4;2;0;
202300050260;155591400;B01;1;7;0;2;1;2;0;
202300050261;155591396;A01;3;7;0;2;2;1;1;
202300050261;155591399;B01;3;2;0;2;1;26;1;
202300050262;155591392;A01;0;7;0;2;2;15;1;
202300050262;155591394;B01;0;50;0;2;2;0;3;
202300050263;155591393;A01;1;50;9;0;7;14;3;
202300050264;155591391;A01;1;7;0;2;1;13;1;
202300050264;155591395;B01;2;7;13;2;1;1;1;
202300050265;155591390;A01;1;7;0;1;6;4;1;
202300050266;155591389;A01;3;7;0;1;2;1;1;
202300050267;155591387;A01;1;14;0;1;5;16;1;
202300050268;155591386;B01;1;10;0;9;4;14;1;
202300050268;155591388;A01;1;1;0;2;1;16;5;
202300050269;155591382;A01;1;33;0;6;1;1;1;
202300050270;155591377;A01;2;7;0;2;3;20;1;
202300050270;155591383;B01;2;30;0;2;7;1;1;
202300050271;155591379;B01;1;33;0;2;1;1;1;
202300050271;155591385;A01;2;7;0;2;3;15;1;
202300050272;155591376;A01;2;50;0;2;6;15;3;
202300050272;155591378;B01;2;10;0;2;1;15;1;
202300050273;155591380;Z01;2;10;0;2;8;22;0;
202300050273;155591384;B01;1;1;0;2;7;1;5;
202300050274;155591373;A01;1;7;0;2;2;16;1;
202300050274;155591381;B01;1;1;0;2;1;1;5;
202300050275;155591369;A01;0;7;0;1;2;1;1;
202300050276;155591370;A01;2;7;0;2;2;19;1;
202300050276;155591372;B01;1;2;0;2;7;1;1;
202300050277;155591365;C01;3;10;0;2;0;0;1;
202300050277;155591374;B01;3;10;0;2;1;2;1;
202300050277;155591375;A01;3;7;16;0;0;0;1;
202300050278;155591362;A01;1;31;0;2;7;3;1;
202300050278;155591367;B01;1;7;0;2;8;12;1;
202300050279;155591366;A01;1;7;0;2;1;19;1;
202300050279;155591368;B01;2;1;0;2;0;0;5;
202300050279;155591371;C01;2;1;0;2;0;0;5;