Num_Acc;id_vehicule;num_veh;senc;catv;obs;obsm;choc;manv;motor;occutc
202300050280;155591360;A01;1;10;0;2;3;2;3;
202300050280;155591363;B01;1;2;0;2;5;2;1;
202300050281;155591359;B01;1;7;0;2;8;2;1;
202300050281;155591364;A01;1;7;0;2;1;2;1;
202300050282;155591356;A01;0;37;0;1;5;1;3;1.0
202300050283;155591355;A01;2;7;0;2;2;17;1;
202300050283;155591358;B01;1;2;0;2;3;1;1;
202300050284;155591353;B01;2;10;0;2;5;2;1;
202300050284;155591357;A01;2;33;0;2;3;2;1;
202300050285;155591350;B01;3;14;0;2;5;4;1;
202300050285;155591352;A01;3;7;0;2;2;1;1;
202300050286;155591348;A01;2;50;0;2;1;5;3;
202300050286;155591354;B01;1;7;0;2;2;1;1;
202300050287;155591344;A01;3;10;0;2;1;2;1;
202300050287;155591349;C01;3;7;0;2;4;15;1;
202300050287;155591351;B01;3;7;0;2;4;2;1;
202300050288;155591345;A01;3;33;7;0;1;1;1;
202300050289;155591341;A01;1;10;0;2;2;15;1;
202300050289;155591346;B01;2;33;0;2;1;1;1;
202300050290;155591342;A01;3;10;0;2;3;1;1;
202300050290;155591347;B01;3;7;0;2;1;1;1;
202300050291;155591340;B01;0;14;0;0;0;0;0;
202300050291;155591343;A01;3;7;13;2;7;17;1;
202300050292;155591335;A01;1;7;0;1;2;15;1;
202300050293;155591333;B01;2;10;0;2;3;1;1;
202300050293;155591338;Z01;1;7;0;2;3;13;1;
202300050294;155591332;A01;0;2;0;0;0;9;1;
202300050295;155591336;B01;1;80;0;2;8;1;3;
202300050295;155591339;A01;2;80;0;0;7;15;3;
202300050296;155591331;A01;2;33;0;6;1;0;1;
202300050297;155591330;B01;2;7;0;2;4;1;1;
202300050297;155591337;A01;2;10;0;2;1;1;1;
202300050298;155591329;A01;1;1;0;2;1;5;5;
202300050298;155591334;B01;2;1;0;2;1;1;5;
202300050299;155591328;A01;1;80;14;0;1;1;3;
202300050300;155591325;A01;0;31;0;0;0;14;1;
202300050301;155591321;A01;2;7;0;1;2;1;1;
202300050302;155591320;A01;1;7;0;2;3;1;1;
202300050302;155591324;B01;2;7;0;2;3;1;1;
202300050303;155591323;B01;2;50;0;2;8;1;3;
202300050303;155591326;A01;2;7;0;2;0;16;1;
202300050304;155591319;B01;2;2;0;2;0;13;1;
202300050304;155591327;A01;2;7;0;2;2;1;1;
202300050305;155591318;B01;1;2;1;0;3;2;1;
202300050305;155591322;A01;1;7;0;2;7;22;1;
202300050306;155591313;A01;1;7;9;0;1;14;1;
202300050307;155591314;A01;1;7;0;2;1;2;0;
202300050307;155591317;B01;1;7;0;2;4;1;0;
202300050308;155591311;B01;2;2;0;2;4;1;1;
202300050308;155591316;A01;2;7;0;2;1;1;0;
202300050309;155591309;A01;2;15;0;2;7;12;1;
202300050309;155591315;B01;1;7;0;2;8;1;1;
202300050310;155591308;A01;2;2;0;2;7;17;1;
202300050310;155591312;B01;2;2;0;2;8;13;1;
202300050311;155591307;A01;2;2;0;1;1;25;1;
202300050312;155591303;A01;3;7;0;1;3;9;1;
202300050313;155591302;A01;1;7;0;0;2;15;1;
202300050313;155591304;B01;1;7;0;0;3;1;1;
202300050314;155591300;A01;2;10;0;2;1;1;1;
202300050314;155591306;B01;2;7;0;2;6;1;1;
202300050315;155591299;B01;2;7;0;2;8;1;1;
202300050315;155591305;A01;3;1;0;2;1;15;5;
202300050316;155591296;A01;3;7;8;0;1;19;2;
202300050317;155591295;B01;3;7;0;0;4;1;1;
202300050317;155591298;A01;3;30;0;0;1;1;2;
202300050318;155591291;A01;2;7;0;2;2;1;1;
202300050318;155591294;B01;2;1;0;2;5;19;5;
202300050319;155591290;A01;1;7;0;2;2;15;1;
202300050319;155591293;B01;2;33;0;2;1;1;1;
202300050320;155591288;C01;1;7;0;2;1;2;1;
202300050320;155591297;A01;1;7;8;0;0;12;1;
202300050320;155591301;B01;1;7;0;2;4;2;1;
202300050321;155591289;B01;1;34;0;2;8;1;1;
202300050321;155591292;A01;1;7;0;2;7;12;1;
202300050322;155591286;A01;1;7;0;2;4;26;0;
202300050322;155591287;B01;1;7;0;2;4;26;0;
202300050323;155591282;A01;1;2;0;0;7;1;1;
202300050324;155591281;A01;1;7;0;2;2;1;1;
202300050324;155591285;B01;1;7;0;2;3;1;1;
202300050325;155591279;A01;3;10;0;2;6;23;1;
202300050325;155591284;B01;3;31;0;2;2;2;1;
202300050326;155591280;A01;0;99;0;2;1;26;0;
202300050326;155591283;B01;0;10;0;2;1;15;0;
202300050327;155591275;A01;1;31;0;2;1;17;1;
202300050327;155591277;B01;1;7;0;2;3;15;1;
202300050328;155591274;C01;1;7;0;2;4;23;1;
202300050328;155591276;A01;1;31;0;2;1;17;1;
202300050328;155591278;B01;1;7;0;2;8;23;1;
202300050329;155591272;A01;2;7;0;1;2;1;1;
202300050330;155591269;A01;2;7;0;2;1;1;1;
202300050330;155591273;B01;1;3;0;2;1;17;1;
202300050331;155591268;B01;1;31;0;2;1;1;1;
202300050331;155591271;A01;1;7;0;2;3;15;1;
202300050332;155591267;B01;2;1;0;0;0;1;5;
202300050332;155591270;A01;2;2;0;0;0;16;1;
202300050333;155591266;A01;1;15;0;1;2;20;1;
202300050334;155591260;A01;1;7;6;0;1;2;1;
202300050335;155591261;B01;2;7;0;2;4;23;1;
202300050335;155591264;A01;2;1;1;2;1;2;5;
202300050336;155591263;A01;2;7;0;2;1;1;1;
202300050336;155591265;B01;1;10;0;2;2;15;1;
202300050337;155591256;A01;2;1;0;2;8;15;5;
202300050337;155591259;B01;2;31;0;2;1;2;3;
202300050338;155591257;A01;1;7;0;2;3;1;1;
202300050338;155591262;B01;1;1;0;2;1;19;5;
202300050339;155591254;A01;3;33;0;2;1;2;1;
202300050339;155591258;B01;3;7;0;2;6;2;1;
202300050340;155591251;B01;2;7;0;2;4;23;1;
202300050340;155591252;A01;2;32;0;2;1;2;1;
202300050341;155591250;A01;1;7;0;2;1;15;1;
202300050341;155591255;B01;2;2;0;2;8;1;1;
202300050342;155591249;A01;2;33;0;6;1;1;1;
202300050343;155591247;B01;1;1;0;2;7;1;5;
202300050343;155591253;A01;1;7;0;2;3;9;1;
202300050344;155591246;B01;1;1;0;2;6;11;5;
202300050344;155591248;A01;1;31;0;2;2;1;1;
202300050345;155591241;A01;2;2;0;2;5;14;1;
202300050345;155591244;B01;2;32;0;2;3;2;1;
202300050346;155591240;B01;1;7;0;2;3;1;1;
202300050346;155591243;A01;1;7;0;2;1;15;1;
202300050347;155591242;A01;3;7;0;2;2;26;1;
202300050347;155591245;B01;3;10;0;2;3;0;1;
202300050348;155591236;A01;0;7;0;2;7;10;0;
202300050348;155591239;B01;2;50;0;2;2;2;3;
202300050349;155591235;A01;3;7;0;2;3;1;1;
202300050349;155591238;B01;3;7;0;2;2;1;1;
202300050350;155591233;A01;1;7;0;0;1;1;1;
202300050350;155591237;B01;1;7;6;0;5;1;1;
202300050351;155591232;A01;2;7;0;2;1;15;1;
202300050351;155591234;B01;2;7;0;2;3;1;2;
202300050352;155591230;A01;1;43;0;2;1;21;1;
202300050353;155591229;A01;1;7;0;2;1;1;1;
202300050353;155591231;B01;1;7;14;0;4;15;1;
202300050354;155591226;A01;2;10;0;1;1;15;1;
202300050355;155591224;A01;1;2;0;2;1;2;1;
202300050355;155591227;B01;3;7;0;0;4;1;1;
202300050356;155591222;B01;1;80;0;2;7;1;3;
202300050356;155591225;A01;1;7;0;2;1;15;1;
202300050357;155591218;A01;1;10;0;2;5;19;1;
202300050357;155591223;B01;2;33;0;2;1;1;1;
202300050358;155591215;A01;1;7;0;2;3;15;1;
202300050358;155591219;B01;1;33;0;2;1;1;1;
202300050359;155591217;A01;1;15;0;2;1;16;1;
202300050359;155591221;B01;1;1;0;2;8;1;5;
202300050360;155591213;A01;0;7;0;2;2;1;1;
202300050360;155591220;B01;0;21;0;2;4;16;1;
202300050361;155591214;B01;3;1;0;2;7;2;5;
202300050361;155591216;A01;2;7;0;2;1;1;2;
202300050362;155591211;A01;2;7;1;0;1;0;2;
202300050363;155591209;A01;0;2;0;0;0;0;1;
202300050364;155591207;A01;1;7;0;2;1;2;1;
202300050364;155591210;C01;1;7;0;2;4;23;1;
202300050364;155591212;B01;1;7;0;2;4;23;1;
202300050365;155591206;A01;2;40;0;1;1;26;3;
202300050366;155591205;B01;3;7;0;2;2;1;1;
202300050366;155591208;A01;2;1;0;2;1;19;5;
202300050367;155591203;A01;1;7;13;0;1;1;1;
202300050368;155591202;A01;1;7;0;1;1;0;1;
202300050369;155591198;A01;2;7;2;0;3;0;1;
202300050370;155591199;A01;3;7;0;2;1;2;2;
202300050370;155591200;B01;3;1;0;2;8;17;5;
202300050371;155591194;C01;3;7;0;2;4;1;0;
202300050371;155591195;B01;1;7;1;0;0;26;0;
202300050371;155591196;A01;1;1;0;2;1;2;5;
202300050372;155591193;A01;1;36;5;2;0;13;1;
202300050372;155591197;B01;1;7;0;2;2;1;1;
202300050373;155591192;A01;1;7;13;0;0;1;1;
202300050374;155591189;A01;3;2;0;0;1;0;1;
202300050375;155591187;B01;1;13;0;0;1;23;1;
202300050375;155591190;A01;2;43;0;1;1;3;1;
202300050376;155591185;A01;3;7;0;9;1;1;1;
202300050376;155591188;B01;3;1;0;2;3;1;5;
202300050377;155591186;B01;3;7;0;2;1;1;1;
202300050377;155591191;A01;3;1;0;2;8;1;5;
202300050378;155591183;A01;2;7;0;1;1;1;1;
202300050379;155591181;A01;2;7;0;1;3;1;1;
202300050380;155591182;A01;2;2;14;0;1;1;1;
202300050381;155591177;A01;2;7;0;2;8;9;1;
202300050381;155591180;B01;1;32;0;2;1;1;1;
202300050382;155591173;B01;2;1;0;2;1;1;5;
202300050382;155591176;A01;1;7;0;9;3;1;0;
202300050383;155591175;B01;1;7;0;2;0;0;1;
202300050383;155591178;A01;0;32;0;2;2;16;1;
202300050384;155591172;B01;3;50;0;2;8;19;3;
202300050384;155591179;A01;2;7;0;2;1;15;1;
202300050385;155591174;A01;1;7;0;2;1;2;1;
202300050385;155591184;B01;1;1;0;2;4;2;5;
202300050386;155591171;A01;2;2;2;0;1;14;1;
202300050387;155591167;B01;1;7;0;2;8;15;1;
202300050387;155591170;A01;1;7;0;2;3;1;1;
202300050388;155591164;A01;1;10;0;2;1;15;1;
202300050388;155591168;B01;1;50;0;2;7;1;3;
202300050389;155591165;A01;2;7;1;0;1;14;1;
202300050389;155591169;B01;0;21;0;2;6;23;1;
202300050390;155591162;A01;2;30;0;2;2;21;1;
202300050390;155591166;B01;3;7;0;2;1;15;1;
202300050391;155591159;A01;2;33;0;2;2;17;1;
202300050391;155591161;B01;2;7;0;0;6;2;1;
202300050392;155591158;A01;1;50;0;0;1;2;3;
202300050393;155591157;B01;3;33;0;2;7;1;1;
202300050393;155591163;A01;3;7;0;2;8;9;1;
202300050394;155591156;A01;0;7;0;2;8;9;0;
202300050394;155591160;B01;0;31;0;2;1;1;1;
202300050395;155591152;B01;1;33;0;2;1;1;0;
202300050395;155591154;A01;3;10;0;2;2;1;0;
202300050396;155591147;A01;2;7;0;2;3;10;1;
202300050396;155591150;B01;2;33;0;2;1;1;1;
202300050397;155591146;A01;1;7;8;0;4;0;0;
202300050397;155591149;B01;1;7;0;0;4;0;1;
202300050398;155591145;A01;2;7;0;1;1;1;0;
202300050399;155591142;A01;2;7;0;2;3;10;0;
202300050399;155591144;B01;2;32;0;2;2;3;1;
202300050400;155591143;A01;2;2;0;2;1;1;1;
202300050400;155591148;B01;1;7;0;2;5;1;1;
202300050401;155591138;B01;1;7;0;2;3;1;1;
202300050401;155591140;A01;2;7;0;2;3;13;1;
202300050402;155591137;A01;2;33;11;2;1;1;1;
202300050402;155591141;B01;2;34;0;2;8;1;1;
202300050403;155591135;B01;2;7;0;2;1;1;1;
202300050403;155591139;A01;3;10;0;2;6;19;1;
202300050404;155591136;A01;1;7;1;0;0;1;1;
202300050405;155591134;A01;2;7;6;0;1;1;1;
202300050406;155591129;A01;1;50;1;0;1;25;3;
202300050407;155591128;A01;3;7;0;2;2;19;1;
202300050407;155591133;B01;1;1;0;2;3;1;5;
202300050408;155591127;B01;1;7;3;0;1;2;3;
202300050408;155591131;A01;1;7;3;0;9;2;1;
202300050409;155591126;A01;2;7;8;0;1;26;1;
202300050410;155591123;A01;3;7;0;1;1;1;1;
202300050411;155591121;A01;2;7;0;2;9;1;1;
202300050411;155591125;B01;2;7;0;2;1;2;1;
202300050412;155591118;A01;2;7;4;0;1;2;1;
202300050412;155591120;B01;2;7;4;0;4;2;1;
202300050412;155591122;C01;2;7;4;0;6;2;1;
202300050413;155591114;A01;1;7;0;1;2;1;1;
202300050414;155591108;A01;3;30;0;2;1;1;1;
202300050414;155591112;B01;3;7;0;2;3;1;1;
202300050415;155591107;A01;3;2;0;2;3;17;1;
202300050415;155591111;B01;3;7;0;2;3;1;1;
202300050415;155591116;C01;3;7;0;2;6;1;1;
202300050416;155591104;A01;1;10;0;2;1;1;1;
202300050416;155591109;C01;1;7;0;2;4;15;1;
202300050416;155591113;B01;1;33;0;2;1;1;1;
202300050417;155591102;C01;1;7;0;2;4;1;0;
202300050417;155591105;A01;1;10;0;2;1;1;0;
202300050417;155591110;B01;1;7;0;2;1;1;1;
202300050418;155591101;A01;2;7;0;1;1;15;1;
202300050419;155591100;A01;1;7;0;2;0;1;1;
202300050420;155591096;A01;1;7;0;2;1;13;1;
202300050420;155591098;B01;2;7;0;2;1;1;1;
202300050421;155591095;A01;2;80;0;2;1;1;2;
202300050421;155591099;B01;3;7;0;2;2;15;1;
202300050422;155591097;A01;1;7;6;0;1;0;1;
202300050423;155591092;A01;2;7;0;2;2;1;1;
202300050423;155591093;B01;2;7;0;2;4;1;1;
202300050424;155591091;A01;3;7;0;2;1;1;1;
202300050424;155591094;B01;3;7;0;2;7;15;1;
202300050425;155591089;B01;2;33;6;2;8;1;1;
202300050425;155591090;A01;1;10;0;2;8;13;1;
202300050426;155591086;A01;1;10;0;2;1;0;1;
202300050426;155591088;B01;2;10;0;2;1;0;1;
202300050427;155591085;A01;2;7;0;2;1;2;1;
202300050427;155591087;B01;2;10;0;2;4;2;1;
202300050428;155591080;A01;1;7;0;2;3;1;1;
202300050428;155591083;B01;2;10;0;2;3;13;1;
202300050429;155591077;A01;2;30;0;0;0;1;0;
202300050430;155591081;B01;1;7;0;2;1;1;1;
202300050430;155591084;A01;2;10;0;2;5;15;1;
202300050431;155591076;A01;2;33;0;2;1;1;1;
202300050431;155591079;B01;2;7;0;2;4;1;1;
202300050432;155591073;A01;1;7;15;0;3;13;3;
202300050433;155591072;B01;2;7;3;0;4;2;2;
202300050433;155591074;A01;2;10;3;2;1;1;1;
202300050434;155591078;B01;1;10;0;2;3;1;1;
202300050434;155591082;A01;1;7;0;2;0;1;1;
202300050435;155591071;A01;1;7;0;2;3;1;1;
202300050435;155591075;B01;2;31;0;2;1;13;1;
202300050436;155591068;A01;1;7;0;2;0;15;1;
202300050436;155591070;B01;1;30;0;2;8;15;1;
202300050437;155591066;A01;1;7;0;2;3;9;1;
202300050437;155591069;B01;2;31;0;2;7;1;1;
202300050438;155591062;A01;2;7;0;2;4;2;1;
202300050438;155591065;B01;2;7;0;2;1;2;1;
202300050438;155591067;C01;2;7;0;2;1;2;1;
202300050439;155591058;A01;1;7;0;1;7;16;1;
202300050440;155591059;A01;1;7;0;2;3;10;1;
202300050440;155591063;B01;2;33;0;2;2;17;1;
202300050441;155591056;B01;2;2;0;2;1;1;1;
202300050441;155591061;A01;2;7;0;2;8;19;1;
202300050442;155591060;Z01;3;7;0;2;1;5;0;
202300050442;155591064;A01;3;50;0;2;1;1;3;
202300050443;155591054;B01;1;7;0;2;4;2;1;
202300050443;155591055;C01;1;7;0;2;5;2;1;
202300050443;155591057;A01;1;7;0;2;1;12;1;
202300050444;155591047;B01;3;7;0;2;3;1;1;
202300050444;155591051;A01;3;32;0;2;1;13;0;
202300050445;155591050;A01;2;10;0;2;8;9;1;
202300050445;155591052;B01;2;34;0;2;7;3;1;
202300050446;155591046;B01;1;7;0;2;8;1;1;
202300050446;155591049;A01;1;7;0;2;2;12;1;
202300050447;155591048;A01;3;33;0;2;1;1;1;
202300050447;155591053;B01;3;10;0;2;5;15;1;
202300050448;155591043;A01;1;7;0;1;1;1;1;
202300050449;155591040;A01;3;32;3;2;2;2;1;
202300050450;155591038;A01;3;7;0;2;2;2;1;
202300050450;155591039;B01;3;7;0;2;6;2;1;
202300050451;155591035;B01;2;1;0;2;7;26;5;
202300050451;155591037;A01;2;7;0;2;1;1;1;
202300050452;155591033;A01;1;7;0;2;7;1;1;
202300050452;155591036;B01;1;1;0;2;4;19;5;
202300050453;155591032;A01;1;7;0;2;1;12;1;
202300050453;155591034;B01;1;15;0;0;4;23;1;
202300050454;155591028;A01;0;7;0;2;1;1;1;
202300050454;155591030;B01;1;37;0;2;4;1;4;1.0
202300050455;155591044;A01;3;7;0;0;3;16;1;
202300050456;155591029;B01;1;34;0;2;1;1;1;
202300050456;155591031;A01;1;7;0;2;2;16;1;
202300050457;155591027;A01;2;7;2;0;1;14;1;
202300050458;155591022;A01;1;7;3;0;7;0;1;
202300050459;155591020;A01;1;7;0;2;1;9;1;
202300050459;155591023;B01;1;1;0;2;4;0;5;
202300050460;155591021;A01;2;34;0;2;1;17;1;
202300050460;155591026;B01;2;7;0;2;8;15;1;
202300050461;155591019;A01;3;2;0;2;0;21;1;
202300050461;155591025;Z01;3;7;0;2;0;1;0;
202300050462;155591018;B01;3;1;0;2;1;1;5;
202300050462;155591024;A01;3;7;0;2;1;9;1;
202300050463;155591015;B01;1;10;0;2;1;1;1;
202300050463;155591017;A01;1;7;0;2;8;16;1;
202300050464;155591013;A01;2;10;0;1;1;26;1;
202300050465;155591012;A01;1;10;0;2;1;1;1;
202300050465;155591014;B01;1;7;0;2;4;1;1;
202300050466;155591009;A01;1;7;0;2;2;9;1;
202300050466;155591011;B01;1;30;0;2;1;1;1;
202300050467;155591008;B01;1;7;0;2;5;1;1;
202300050467;155591010;A01;1;33;0;2;1;2;1;
202300050468;155591005;B01;2;30;0;2;1;1;1;
202300050468;155591007;A01;1;7;0;2;2;15;1;
202300050469;155591006;A01;0;7;0;1;1;16;0;
202300050470;155591016;A01;2;31;16;0;3;1;1;
202300050471;155591004;A01;3;7;0;1;1;16;2;
202300050472;155591002;A01;1;10;6;0;1;13;1;
202300050473;155590999;A01;1;7;0;1;4;4;1;
202300050474;155591000;B01;0;7;9;2;5;15;0;
202300050474;155591003;A01;0;10;9;2;2;2;1;
202300050475;155590997;A01;2;2;0;0;0;1;1;
202300050475;155591001;B01;0;0;0;0;0;0;0;
202300050476;155590998;A01;1;7;0;1;1;15;1;
202300050477;155590996;A01;3;37;1;1;3;1;1;1.0
202300050478;155590993;A01;2;7;0;2;1;26;1;
202300050478;155590995;B01;1;7;0;2;4;26;1;
202300050479;155590990;A01;1;10;0;2;2;15;1;
202300050479;155590994;B01;2;33;0;2;1;1;1;
202300050480;155590989;A01;2;7;0;0;2;1;1;
202300050481;155590988;A01;2;80;0;2;3;5;3;
202300050481;155590991;B01;1;7;0;2;3;1;1;
202300050482;155590987;A01;1;7;0;1;1;9;1;
202300050483;155590984;A01;2;33;0;0;0;17;1;
202300050484;155590983;A01;1;7;0;2;1;9;1;
202300050484;155590986;B01;1;10;0;2;4;9;1;
202300050485;155590981;A01;1;7;4;0;1;1;1;
202300050486;155590982;A01;1;10;0;2;1;15;1;
202300050486;155590992;B01;2;1;0;2;8;1;5;
202300050487;155590980;B01;1;30;0;2;8;1;1;
202300050487;155590985;A01;2;7;0;2;3;15;1;
202300050488;155590979;A01;2;7;0;1;7;19;1;
202300050489;155590975;B01;1;7;0;2;3;15;1;
202300050489;155590977;A01;2;50;0;2;8;1;3;
202300050490;155590974;A01;1;7;0;2;2;1;1;
202300050490;155590978;B01;1;7;0;2;3;2;1;
202300050491;155590973;A01;1;10;4;0;2;2;1;
202300050491;155590976;B01;1;7;4;0;4;2;1;
202300050492;155590969;A01;2;7;4;0;1;14;1;
202300050493;155590970;A01;3;7;0;2;2;1;1;
202300050493;155590971;B01;3;32;0;2;3;1;1;
202300050494;155590968;A01;2;7;0;2;1;2;1;
202300050494;155590972;B01;2;7;0;2;4;2;1;
202300050495;155590964;A01;3;7;0;1;1;1;1;
202300050496;155590965;B01;0;50;0;2;1;1;3;
202300050496;155590966;A01;0;7;0;2;6;1;1;
202300050497;155590961;T01;3;7;1;0;0;0;1;
202300050497;155590963;A01;3;50;0;2;8;1;3;
202300050497;155590967;Z01;3;10;0;2;0;2;0;
202300050498;155590960;A01;2;7;0;2;5;23;1;
202300050498;155590962;B01;2;31;0;2;1;2;1;
202300050499;155590956;A01;1;7;0;2;3;15;1;
202300050499;155590958;B01;2;33;0;2;8;1;1;
202300050500;155590955;B01;1;32;0;2;2;1;1;
202300050500;155590959;A01;2;7;0;9;2;15;1;
202300050501;155590952;B01;1;60;0;0;0;0;5;
202300050502;155590951;A01;0;7;15;0;3;1;0;
202300050502;155590953;B01;3;7;14;0;2;1;0;
202300050503;155590949;A01;3;7;0;9;1;9;1;
202300050503;155590954;B01;3;50;0;2;7;1;3;
202300050504;155590947;B01;2;7;0;2;4;2;1;
202300050504;155590950;A01;2;2;0;2;1;2;1;
202300050505;155590948;A01;1;7;0;2;7;17;1;
202300050505;155590957;B01;1;2;0;2;8;15;1;
202300050506;155590945;A01;1;2;1;0;2;1;1;
202300050507;155590944;A01;3;7;14;0;1;1;1;
202300050508;155590943;A01;3;7;0;2;1;15;1;
202300050508;155590946;B01;0;32;0;2;8;0;1;
202300050509;155590942;A01;2;7;16;0;9;1;1;
202300050510;155590936;A01;1;7;0;1;3;1;1;
202300050511;155590937;A01;1;10;0;2;3;16;1;
202300050511;155590940;B01;1;7;0;2;7;0;0;
202300050512;155590938;A01;1;1;0;2;1;1;5;
202300050512;155590941;B01;1;7;0;2;7;16;1;
202300050513;155590934;B01;3;7;0;0;2;1;1;
202300050513;155590939;A01;3;7;15;0;7;1;1;
202300050514;155590932;Z01;1;7;0;2;1;2;1;
202300050514;155590933;B01;1;7;0;2;4;23;1;
202300050514;155590935;C01;1;7;0;2;5;23;0;
202300050515;155590931;A01;3;7;9;0;1;14;1;
202300050516;155590928;B01;1;7;0;2;3;9;1;
202300050516;155590929;A01;1;31;0;2;2;1;1;
202300050517;155590925;A01;1;7;8;0;2;1;1;
202300050518;155590923;B01;1;2;0;2;1;0;1;
202300050518;155590927;A01;1;7;0;2;2;0;1;
202300050519;155590922;Z01;1;17;0;2;2;12;0;
202300050519;155590926;B01;1;7;0;2;6;1;1;
202300050520;155590919;A01;1;32;14;0;1;1;1;
202300050521;155590918;A01;2;7;4;0;3;1;1;
202300050522;155590920;A01;2;7;0;1;1;1;1;
202300050523;155590911;A01;3;7;0;0;7;1;1;
202300050524;155590912;A01;2;7;0;2;1;1;0;
202300050524;155590915;B01;2;7;0;2;4;1;0;
202300050524;155590916;C01;2;7;0;2;4;1;0;
202300050525;155590909;A01;2;7;0;2;3;9;1;
202300050525;155590913;B01;2;1;0;2;7;2;5;
202300050526;155590910;A01;3;30;6;0;7;14;1;
202300050527;155590908;A01;2;7;0;2;1;1;1;
202300050527;155590914;B01;1;7;0;2;2;15;1;
202300050528;155590905;B01;1;1;0;2;1;1;5;
202300050528;155590907;A01;2;7;0;2;1;15;1;
202300050529;155590904;A01;2;33;0;0;8;1;1;
202300050530;155590903;A01;1;43;0;2;8;1;1;
202300050530;155590906;Z01;1;7;0;2;7;9;1;
202300050531;155590902;A01;2;7;0;1;8;1;1;
202300050532;155590901;A01;1;80;10;0;1;21;3;
202300050533;155590897;A01;0;50;8;0;1;1;3;
202300050534;155590896;A01;1;7;0;2;1;2;1;
202300050534;155590899;B01;1;7;0;2;4;2;1;
202300050535;155590895;B01;3;33;0;2;1;1;1;
202300050535;155590898;A01;3;7;0;0;2;15;1;
202300050536;155590894;A01;1;1;0;0;8;1;5;
202300050537;155590892;A01;2;7;13;0;7;14;1;
202300050538;155590890;A01;1;7;13;0;9;1;0;
202300050539;155590889;A01;0;7;0;1;1;1;0;
202300050540;155590886;A01;2;7;0;2;1;1;0;
202300050540;155590888;B01;2;7;0;2;4;1;0;
202300050540;155590891;C01;2;7;0;2;4;1;0;
202300050541;155590885;A01;1;31;0;2;8;13;1;
202300050541;155590893;B01;1;7;0;2;7;17;1;
202300050542;155590884;A01;2;7;0;2;4;2;1;
202300050542;155590887;Z01;2;7;0;2;1;2;0;
202300050543;155590882;A01;3;30;0;0;8;26;1;
202300050544;155590883;A01;2;33;0;0;1;1;1;
202300050545;155590876;B01;2;1;0;2;0;0;5;
202300050545;155590879;A01;3;7;0;9;0;17;1;
202300050546;155590875;A01;2;10;0;2;1;1;1;
202300050546;155590878;B01;2;7;0;2;4;1;2;
202300050547;155590874;B01;2;37;0;2;3;9;3;2.0
202300050547;155590881;A01;2;7;0;2;2;1;2;
202300050548;155590873;A01;1;7;0;2;1;13;1;
202300050548;155590877;B01;2;7;0;2;1;1;1;
202300050549;155590869;A01;2;50;0;0;0;1;3;
202300050550;155590872;B01;1;2;0;2;1;1;1;
202300050550;155590880;A01;2;7;0;0;3;13;1;
202300050551;155590868;A01;1;7;0;2;6;1;1;
202300050551;155590871;B01;1;7;0;2;3;1;1;
202300050552;155590866;A01;2;7;0;2;1;2;1;
202300050553;155590867;A01;2;37;0;2;7;1;2;1.0
202300050553;155590870;B01;2;34;0;2;3;3;1;
202300050554;155590864;A01;3;7;0;2;4;15;1;
202300050554;155590865;B01;3;80;0;2;4;15;3;
202300050555;155590863;A01;1;33;0;2;8;3;1;
202300050556;155590859;A01;2;15;0;2;8;1;1;
202300050556;155590862;B01;1;7;13;9;8;1;1;
202300050557;155590858;A01;1;7;0;2;2;22;1;
202300050557;155590860;B01;1;50;0;2;1;1;3;
202300050558;155590856;A01;1;7;0;1;1;1;1;
202300050559;155590857;A01;2;2;0;2;1;17;1;
202300050559;155590861;B01;2;7;0;2;8;15;1;
202300050560;155590852;A01;2;7;0;2;1;1;1;
202300050560;155590855;B01;2;7;0;2;4;1;1;
202300050561;155590851;Z01;2;50;0;1;0;25;3;
202300050562;155590849;A01;2;7;0;1;1;1;1;
202300050563;155590846;A01;2;7;0;2;7;1;1;
202300050563;155590850;B01;2;1;0;2;7;1;5;
202300050564;155590843;B01;1;7;0;2;4;1;1;
202300050564;155590847;A01;1;7;7;2;1;15;1;
202300050565;155590844;A01;1;2;0;2;3;19;1;
202300050565;155590848;B01;1;7;0;2;2;1;1;
202300050566;155590842;B01;1;7;0;2;3;1;1;
202300050566;155590845;A01;1;50;0;2;3;17;3;
202300050567;155590838;A01;2;7;0;1;1;1;1;
202300050568;155590836;B01;2;1;1;0;7;1;5;
202300050568;155590840;A01;0;7;0;2;2;0;1;
202300050569;155590832;A01;1;7;12;0;1;14;1;
202300050570;155590833;C01;2;7;0;0;0;2;1;
202300050570;155590835;B01;1;7;0;2;2;2;1;
202300050570;155590839;A01;2;7;0;2;1;17;1;
202300050571;155590831;A01;1;10;0;4;7;16;1;
202300050571;155590834;B01;1;40;0;2;1;1;3;
202300050572;155590830;A01;1;7;0;2;1;0;1;
202300050572;155590837;B01;1;7;0;2;0;0;1;
202300050572;155590841;C01;1;7;0;2;1;23;1;
202300050573;155590826;A01;1;7;0;2;1;1;1;
202300050573;155590828;B01;1;1;0;2;8;16;5;
202300050574;155590825;A01;1;7;0;2;3;1;1;
202300050574;155590829;B01;2;1;0;2;1;1;5;
202300050575;155590823;A01;1;7;8;0;8;17;1;
202300050576;155590824;A01;2;32;1;1;1;17;1;
202300050577;155590819;A01;1;17;0;2;1;1;1;