Num_Acc;id_vehicule;num_veh;senc;catv;obs;obsm;choc;manv;motor;occutc
202300050577;155590822;B01;1;7;0;2;1;13;1;
202300050578;155590820;A01;1;7;0;2;2;1;1;
202300050578;155590827;B01;2;7;0;2;5;2;1;
202300050579;155590818;B01;1;33;0;2;3;1;1;
202300050579;155590821;A01;1;7;0;2;3;1;1;
202300050580;155590814;B01;2;2;0;2;1;26;1;
202300050580;155590817;Z01;1;10;0;2;0;13;1;
202300050581;155590812;A01;2;50;0;2;8;3;3;
202300050581;155590816;Z01;3;7;0;2;3;1;0;
202300050582;155590811;B01;2;7;0;2;4;1;1;
202300050582;155590815;A01;2;3;0;2;1;21;1;
202300050583;155590810;A01;1;7;0;2;1;1;1;
202300050583;155590813;B01;2;7;0;2;3;1;1;
202300050584;155590807;A01;3;7;0;2;3;9;1;
202300050584;155590809;B01;3;33;0;2;1;21;1;
202300050585;155590804;A01;1;7;4;2;0;0;1;
202300050585;155590808;B01;1;7;0;2;8;1;1;
202300050586;155590803;A01;1;0;0;2;1;0;0;
202300050586;155590806;B01;1;7;0;0;4;2;1;
202300050587;155590802;A01;1;7;0;2;2;15;1;
202300050587;155590805;B01;1;43;0;2;1;1;1;
202300050588;155590801;A01;1;13;0;1;2;1;1;
202300050589;155590798;A01;1;7;0;1;1;1;1;
202300050590;155590797;A01;1;7;0;2;6;15;1;
202300050590;155590800;B01;1;7;0;2;3;15;1;
202300050591;155590796;A01;2;7;0;1;2;1;1;
202300050592;155590795;B01;3;33;0;2;1;1;1;
202300050592;155590799;A01;3;2;0;2;7;15;1;
202300050593;155590794;A01;1;7;0;1;1;1;1;
202300050594;155590791;A01;1;7;0;1;1;1;1;
202300050595;155590792;A01;1;7;0;0;0;16;3;
202300050595;155590793;B01;1;1;0;2;8;1;5;
202300050596;155590789;A01;3;7;0;1;5;4;1;
202300050597;155590790;A01;2;7;6;0;2;14;1;
202300050598;155590785;B01;1;30;0;0;1;21;1;
202300050598;155590787;A01;1;7;0;2;0;4;1;
202300050599;155590786;A01;3;1;1;0;1;1;5;
202300050600;155590782;B01;2;34;0;2;7;1;0;
202300050600;155590784;A01;2;7;0;2;3;9;0;
202300050601;155590781;A01;2;33;12;2;1;18;1;
202300050601;155590788;B01;2;80;12;2;4;1;5;
202300050602;155590779;A01;1;7;0;1;1;15;1;
202300050603;155590778;A01;1;33;12;0;2;14;1;
202300050604;155590776;A01;1;7;2;0;1;1;1;
202300050605;155590775;A01;1;7;3;0;2;1;1;
202300050606;155590774;A01;2;7;14;0;1;6;1;
202300050606;155590777;C01;2;7;0;0;6;0;0;
202300050606;155590780;B01;2;7;0;2;6;23;0;
202300050606;155590783;D01;2;7;0;2;3;0;0;
202300050607;155590771;A01;2;50;0;2;2;19;3;
202300050607;155590773;B01;2;33;0;2;1;1;1;
202300050608;155590767;A01;3;10;0;1;1;1;1;
202300050609;155590769;A01;1;10;0;2;1;11;1;
202300050609;155590772;B01;1;30;0;2;2;1;1;
202300050610;155590765;A01;1;7;0;2;1;1;1;
202300050610;155590770;B01;2;7;0;2;7;1;1;
202300050611;155590766;A01;1;38;0;2;2;13;1;1.0
202300050611;155590768;B01;1;7;0;2;6;15;1;
202300050612;155590762;A01;2;7;0;1;3;1;1;
202300050613;155590759;A01;1;7;0;2;1;17;1;
202300050613;155590761;B01;1;31;0;2;6;15;1;
202300050614;155590760;B01;1;7;0;2;2;1;3;
202300050614;155590764;A01;2;34;0;2;3;15;1;
202300050615;155590757;A01;1;7;0;2;3;1;1;
202300050615;155590763;B01;1;33;0;2;1;1;1;
202300050616;155590756;A01;2;7;0;2;1;1;1;
202300050616;155590758;B01;1;10;0;2;1;17;1;
202300050617;155590754;A01;1;7;1;0;9;13;1;
202300050618;155590753;A01;0;10;0;1;6;4;1;
202300050619;155590751;A01;3;36;16;0;3;1;1;
202300050620;155590752;A01;2;1;0;2;7;17;5;
202300050620;155590755;B01;2;1;0;2;8;2;5;
202300050621;155590750;A01;2;7;0;1;3;1;1;
202300050622;155590749;A01;1;7;2;0;1;14;1;
202300050623;155590745;A01;1;2;0;0;8;1;1;
202300050624;155590743;A01;1;30;0;0;0;17;3;
202300050625;155590744;A01;2;7;0;2;8;9;1;
202300050625;155590747;B01;2;7;0;2;1;1;1;
202300050626;155590742;A01;1;7;0;1;2;1;1;
202300050627;155590738;B01;2;50;0;2;7;26;3;
202300050627;155590741;Z01;1;10;0;2;1;1;0;
202300050628;155590739;A01;1;33;4;0;1;14;1;
202300050629;155590736;A01;2;7;0;2;1;9;1;
202300050629;155590740;B01;2;1;0;0;8;5;5;
202300050630;155590735;A01;3;7;0;2;2;1;1;
202300050630;155590737;B01;3;7;0;2;1;1;1;
202300050631;155590730;B01;1;1;0;2;0;26;5;
202300050631;155590733;A01;1;7;0;2;1;1;1;
202300050632;155590732;A01;2;7;0;2;1;13;1;
202300050632;155590734;B01;1;10;0;2;1;1;1;
202300050633;155590727;B01;2;32;0;2;1;1;1;
202300050633;155590731;A01;1;7;0;2;3;9;1;
202300050634;155590725;B01;2;7;0;2;2;9;1;
202300050634;155590729;A01;2;33;0;9;5;1;1;
202300050635;155590722;B01;1;33;0;2;7;2;1;
202300050635;155590728;A01;3;7;0;2;3;9;2;
202300050636;155590723;A01;2;3;0;0;0;1;6;
202300050637;155590724;B01;1;1;0;2;1;1;5;
202300050637;155590726;A01;2;7;0;2;2;15;1;
202300050638;155590719;A01;2;7;0;9;1;1;1;
202300050638;155590721;B01;2;50;0;2;2;19;3;
202300050639;155590720;A01;1;33;0;0;0;26;1;
202300050640;155590717;A01;3;3;0;1;7;1;0;
202300050641;155590715;A01;2;7;0;2;1;2;3;
202300050641;155590718;B01;2;7;0;2;4;2;1;
202300050642;155590716;A01;0;2;0;0;0;0;0;
202300050643;155590714;A01;1;7;0;1;1;1;1;
202300050644;155590713;B01;1;7;0;1;4;19;0;
202300050645;155590709;B01;3;7;0;2;0;0;1;
202300050645;155590711;A01;3;7;0;2;3;15;1;
202300050646;155590704;A01;1;7;12;0;1;14;1;
202300050647;155590707;B01;1;31;0;2;1;1;1;
202300050647;155590710;A01;2;7;0;2;1;15;1;
202300050648;155590705;A01;2;7;0;2;3;13;1;
202300050648;155590708;B01;1;7;1;2;8;1;1;
202300050648;155590712;C01;1;7;0;2;1;1;1;
202300050649;155590703;B01;3;32;0;2;1;1;0;
202300050649;155590706;A01;3;7;0;2;1;9;0;
202300050650;155590702;A01;2;7;2;0;1;1;1;
202300050651;155590701;A01;1;7;2;6;1;1;0;
202300050652;155590697;B01;2;7;0;2;3;15;3;
202300050652;155590700;A01;1;1;0;2;1;1;5;
202300050653;155590693;B01;1;1;0;2;9;1;5;
202300050653;155590696;A01;1;21;0;2;5;17;1;
202300050654;155590694;B01;2;7;8;2;6;1;2;
202300050654;155590699;A01;1;7;0;2;3;1;1;
202300050655;155590695;B01;1;7;0;2;4;2;1;
202300050655;155590698;A01;1;2;0;2;1;2;1;
202300050656;155590690;A01;1;32;15;0;3;1;1;
202300050657;155590689;A01;2;7;0;2;3;15;1;
202300050657;155590691;B01;1;1;0;2;8;1;5;
202300050658;155590687;A01;2;10;8;0;2;1;1;
202300050659;155590686;A01;0;7;5;0;9;2;1;
202300050660;155590684;B01;2;1;0;2;1;1;5;
202300050660;155590688;A01;3;7;0;2;8;10;1;
202300050661;155590683;A01;0;7;0;9;0;0;1;
202300050661;155590685;B01;3;1;0;2;0;13;5;
202300050662;155590681;A01;1;33;0;0;0;1;1;
202300050663;155590679;A01;1;7;1;0;2;1;1;
202300050664;155590676;A01;1;30;0;2;1;17;1;
202300050664;155590680;C01;2;7;0;2;3;1;1;
202300050664;155590682;B01;1;7;0;2;6;1;1;
202300050665;155590677;A01;1;7;0;1;1;16;1;
202300050666;155590674;A01;1;33;0;2;1;1;1;
202300050666;155590678;B01;1;7;0;2;3;15;1;
202300050667;155590670;A01;3;2;0;0;1;16;1;
202300050668;155590672;B01;0;7;0;2;1;1;1;
202300050668;155590675;A01;0;35;0;2;7;1;1;
202300050669;155590667;A01;0;7;0;2;3;10;1;
202300050669;155590669;B01;0;33;0;2;1;17;1;
202300050670;155590668;A01;1;7;0;1;1;15;1;
202300050671;155590666;A01;2;7;13;0;8;13;1;
202300050672;155590664;A01;1;7;3;0;1;0;1;
202300050673;155590663;A01;1;50;0;2;1;1;3;
202300050673;155590665;B01;3;10;0;2;3;16;1;
202300050674;155590658;A01;1;30;0;2;6;1;1;
202300050674;155590661;B01;1;10;0;2;2;12;1;
202300050675;155590660;X01;0;7;0;1;1;0;0;
202300050676;155590657;B01;2;7;0;2;0;0;1;
202300050676;155590659;A01;2;7;0;2;1;2;1;
202300050676;155590662;C01;2;7;0;2;4;2;1;
202300050677;155590656;A01;1;10;0;1;5;1;1;
202300050678;155590651;A01;3;7;0;2;4;23;1;
202300050678;155590654;B01;3;7;0;2;2;21;1;
202300050679;155590650;A01;2;7;2;0;3;1;1;
202300050680;155590648;A01;3;7;0;2;4;1;1;
202300050680;155590653;B01;3;7;0;2;4;1;1;
202300050680;155590655;C01;3;7;0;0;4;23;1;
202300050681;155590647;B01;3;1;0;2;1;0;5;
202300050681;155590652;A01;3;7;0;2;1;0;1;
202300050682;155590646;B01;1;10;0;2;2;15;1;
202300050682;155590649;A01;1;32;0;2;3;1;1;
202300050683;155590642;A01;3;2;15;0;1;1;1;
202300050684;155590640;A01;3;7;0;1;1;1;1;
202300050685;155590641;A01;1;10;0;2;1;15;1;
202300050685;155590644;B01;2;33;0;2;1;1;1;
202300050686;155590637;A01;1;10;0;2;3;15;1;
202300050686;155590639;B01;1;33;0;0;2;1;1;
202300050687;155590636;A01;3;7;0;1;1;1;1;
202300050688;155590635;B01;3;30;0;2;8;1;1;
202300050688;155590638;A01;3;34;0;2;1;19;1;
202300050689;155590634;A01;2;33;0;0;8;1;1;
202300050690;155590632;A01;2;10;0;1;7;0;1;
202300050691;155590627;B01;2;40;0;2;1;1;3;
202300050691;155590631;A01;3;15;0;4;7;19;1;
202300050692;155590626;A01;1;10;0;9;3;9;1;
202300050692;155590630;B01;1;1;0;0;2;9;5;
202300050693;155590624;A01;1;7;0;2;9;17;0;
202300050693;155590628;C01;2;10;0;0;6;24;1;
202300050693;155590633;B01;1;7;1;0;2;15;0;
202300050694;155590625;A01;3;7;0;2;3;2;1;
202300050694;155590629;B01;3;33;0;2;7;2;1;
202300050695;155590623;A01;1;38;0;1;3;11;1;1.0
202300050696;155590621;A01;2;33;0;0;8;1;1;
202300050697;155590620;A01;2;7;0;2;3;15;1;
202300050697;155590622;B01;1;32;0;2;1;1;1;
202300050698;155590616;B01;2;15;0;0;6;1;1;
202300050698;155590618;A01;2;7;0;2;2;12;1;
202300050699;155590614;B01;0;33;0;2;2;17;1;
202300050699;155590617;A01;0;7;0;2;3;15;1;
202300050700;155590615;B01;3;31;0;2;1;1;1;
202300050700;155590619;A01;3;7;0;2;1;15;1;
202300050701;155590612;A01;1;7;0;1;0;1;1;
202300050702;155590611;A01;2;7;0;2;7;15;0;
202300050702;155590613;B01;1;2;0;2;1;3;0;
202300050703;155590606;A01;2;14;0;2;1;13;0;
202300050703;155590610;B01;1;7;0;2;1;1;0;
202300050704;155590605;A01;3;7;6;0;1;26;1;
202300050705;155590604;A01;1;7;0;2;4;18;1;
202300050705;155590609;B01;1;7;0;2;1;2;1;
202300050706;155590603;B01;3;99;0;2;1;1;3;
202300050706;155590608;A01;3;7;0;2;3;15;1;
202300050707;155590602;A01;3;7;0;2;3;1;1;
202300050707;155590607;B01;3;2;0;2;2;17;1;
202300050708;155590598;A01;1;7;3;0;1;14;2;
202300050709;155590594;A01;1;7;0;2;1;21;1;
202300050709;155590599;B01;1;7;0;2;6;1;1;
202300050710;155590593;B01;1;14;0;2;0;14;1;
202300050710;155590597;C01;1;14;0;2;2;1;1;
202300050710;155590601;A01;1;33;0;2;8;3;1;
202300050711;155590592;B01;2;50;0;2;0;0;3;
202300050711;155590596;A01;1;7;0;9;2;16;1;
202300050712;155590587;A01;1;10;15;0;1;1;0;
202300050713;155590589;A01;1;33;0;2;1;17;1;
202300050713;155590591;B01;1;99;0;2;6;11;1;
202300050714;155590585;A01;2;33;0;2;1;1;1;
202300050714;155590588;B01;1;1;0;2;1;5;5;
202300050715;155590580;Z01;1;7;0;2;0;11;0;
202300050715;155590583;A01;1;31;0;2;8;3;1;
202300050716;155590578;A01;2;10;0;2;3;2;1;
202300050716;155590582;B01;2;7;0;2;5;23;1;
202300050716;155590584;D01;2;7;0;2;5;1;2;
202300050716;155590586;C01;2;7;0;2;8;1;2;
202300050717;155590576;A01;1;33;0;2;9;1;1;
202300050717;155590579;B01;2;7;0;2;0;1;1;
202300050718;155590575;B01;3;31;0;0;5;3;1;
202300050718;155590577;A01;3;7;0;2;3;10;1;
202300050719;155590574;B01;1;7;0;0;6;15;1;
202300050719;155590581;A01;1;33;0;2;1;1;1;
202300050720;155590572;A01;1;34;0;1;2;1;1;
202300050721;155590571;A01;1;33;1;0;1;2;1;
202300050722;155590570;B01;2;7;0;2;8;2;1;
202300050722;155590573;A01;2;32;0;2;2;3;1;
202300050723;155590568;A01;2;31;0;0;0;1;1;
202300050724;155590566;A01;2;80;0;1;3;1;3;
202300050725;155590561;A01;2;43;0;2;1;3;1;
202300050725;155590565;B01;2;7;0;2;4;1;1;
202300050726;155590564;B01;2;20;13;0;1;21;1;
202300050726;155590569;A01;1;7;0;0;0;15;1;
202300050727;155590560;A01;2;30;0;2;7;17;1;
202300050727;155590562;B01;2;7;0;2;3;2;1;
202300050728;155590559;Z01;0;7;0;2;1;5;0;
202300050728;155590563;B01;0;7;0;2;1;23;0;
202300050728;155590567;C01;0;7;0;2;1;23;0;
202300050729;155590556;A01;2;7;0;2;1;1;2;
202300050729;155590558;B01;2;80;0;2;6;11;3;
202300050730;155590554;A01;2;21;0;0;9;1;1;
202300050731;155590552;B01;2;13;0;2;5;1;1;
202300050731;155590557;A01;2;33;0;2;3;3;1;
202300050732;155590551;A01;1;7;0;2;3;15;1;
202300050732;155590555;B01;1;43;0;2;1;3;1;
202300050733;155590550;A01;1;7;0;9;0;9;1;
202300050733;155590553;B01;1;1;0;2;0;1;5;
202300050734;155590547;A01;1;7;0;2;2;1;1;
202300050734;155590549;B01;1;1;0;0;4;1;5;
202300050735;155590546;A01;2;7;0;2;2;9;1;
202300050735;155590548;B01;2;33;0;2;1;1;1;
202300050736;155590543;B01;1;34;0;0;0;1;1;
202300050736;155590545;A01;2;7;0;2;1;15;1;
202300050737;155590538;B01;1;7;0;2;1;1;1;
202300050737;155590540;A01;1;30;0;2;1;13;1;
202300050738;155590539;A01;1;7;0;1;1;15;1;
202300050739;155590534;A01;2;7;0;2;4;23;1;
202300050739;155590537;B01;2;7;0;2;1;2;1;
202300050739;155590541;C01;2;7;0;2;1;2;1;
202300050740;155590533;A01;2;7;0;1;2;1;1;
202300050741;155590535;A01;1;32;0;2;2;17;1;
202300050741;155590536;B01;1;7;0;2;3;1;2;
202300050742;155590527;B01;3;43;12;2;1;1;1;
202300050742;155590529;A01;3;7;0;2;8;20;1;
202300050743;155590528;B01;3;33;0;2;5;1;1;
202300050743;155590530;A01;3;7;0;2;3;13;2;
202300050744;155590525;C01;1;7;0;2;3;23;1;
202300050744;155590531;B01;2;10;0;2;1;1;1;
202300050744;155590532;A01;1;7;0;2;1;11;3;
202300050745;155590526;A01;1;7;13;0;1;13;0;
202300050746;155590523;A01;3;34;0;1;1;1;1;
202300050747;155590524;A01;1;10;0;1;8;15;1;
202300050748;155590520;A01;2;33;0;2;3;3;1;
202300050748;155590522;B01;2;32;0;2;3;3;1;
202300050749;155590518;A01;1;10;0;2;4;1;1;
202300050749;155590521;B01;1;7;0;2;1;2;1;
202300050750;155590517;A01;2;7;0;1;1;1;1;
202300050751;155590519;A01;1;7;0;1;1;1;1;
202300050752;155590513;A01;1;10;0;2;6;9;3;
202300050752;155590516;Y01;1;1;0;2;1;1;5;
202300050753;155590514;A01;1;7;0;2;3;13;1;
202300050753;155590515;B01;2;7;0;2;3;1;1;
202300050754;155590510;Z01;2;7;0;2;1;2;0;
202300050754;155590512;A01;2;30;0;2;4;1;1;
202300050755;155590506;B01;2;10;0;0;4;23;3;
202300050755;155590509;A01;2;7;0;2;1;1;1;
202300050756;155590504;B01;1;7;0;2;3;1;2;
202300050756;155590508;A01;1;50;0;2;1;1;3;
202300050757;155590502;A01;1;7;4;0;5;11;1;
202300050757;155590505;B01;1;10;0;0;2;17;1;
202300050758;155590501;C01;2;7;0;2;1;2;1;
202300050758;155590507;A01;2;7;0;2;4;2;3;
202300050758;155590511;B01;2;7;0;2;4;2;1;
202300050759;155590503;A01;2;33;0;0;0;9;1;
202300050760;155590498;A01;1;7;0;2;7;1;1;
202300050760;155590500;B01;1;1;0;2;7;1;5;
202300050761;155590496;A01;1;7;2;0;1;1;1;
202300050762;155590495;A01;3;7;0;2;8;22;1;
202300050762;155590499;B01;2;1;0;2;1;1;5;
202300050763;155590492;Z01;2;7;0;2;3;10;0;
202300050763;155590494;A01;2;2;0;2;7;17;1;
202300050764;155590491;A01;1;7;0;1;0;1;1;
202300050765;155590489;A01;1;10;0;2;6;13;1;
202300050765;155590493;C01;1;14;0;2;6;1;1;
202300050765;155590497;B01;1;7;0;2;2;1;1;
202300050766;155590490;A01;0;7;0;1;1;15;1;
202300050767;155590485;A01;1;7;0;2;1;1;1;
202300050767;155590487;B01;2;2;0;2;4;23;3;
202300050768;155590482;B01;1;7;0;2;1;2;1;
202300050768;155590484;A01;1;7;0;2;6;9;1;
202300050769;155590481;A01;2;7;0;2;2;12;1;
202300050769;155590486;B01;2;33;0;2;8;0;1;
202300050770;155590480;B01;2;7;0;2;8;1;1;
202300050770;155590488;A01;2;7;0;2;2;1;1;
202300050771;155590479;A01;1;32;0;2;1;1;1;
202300050771;155590483;B01;2;2;0;2;3;15;1;
202300050772;155590477;A01;1;7;7;0;1;1;1;
202300050773;155590475;A01;1;7;0;2;1;2;0;
202300050773;155590478;B01;1;7;0;2;4;15;1;
202300050774;155590474;A01;2;80;0;1;1;1;3;
202300050775;155590473;A01;1;7;0;2;4;1;1;
202300050775;155590476;B01;1;14;0;2;1;1;1;
202300050776;155590471;A01;1;33;0;9;1;1;1;
202300050777;155590472;A01;2;7;0;1;7;16;1;
202300050778;155590470;A01;1;10;0;1;8;15;1;
202300050779;155590467;A01;3;7;0;2;3;16;2;
202300050779;155590469;B01;3;1;0;2;8;19;5;
202300050780;155590466;A01;1;7;6;0;3;13;1;
202300050781;155590465;A01;2;7;1;0;2;1;1;
202300050782;155590463;B01;1;7;0;2;3;11;1;
202300050782;155590464;A01;1;43;0;2;1;3;1;
202300050782;155590468;C01;1;7;0;2;5;1;1;
202300050783;155590459;A01;2;7;0;2;3;15;1;
202300050783;155590462;B01;3;1;0;2;1;1;5;
202300050784;155590460;B01;0;7;0;2;2;9;1;
202300050784;155590461;A01;0;7;0;2;1;1;1;
202300050785;155590455;A01;1;7;0;2;3;9;1;
202300050785;155590458;B01;1;7;0;2;5;15;1;
202300050786;155590454;A01;1;43;0;2;1;3;1;
202300050786;155590457;B01;1;10;0;2;5;2;1;
202300050787;155590453;B01;1;2;0;2;1;1;0;
202300050787;155590456;A01;1;7;0;2;4;17;0;
202300050788;155590449;B01;1;7;0;2;1;1;1;
202300050788;155590452;A01;1;7;0;2;8;1;1;
202300050789;155590451;A01;3;7;0;1;4;20;1;
202300050790;155590445;A01;1;7;1;0;2;14;3;
202300050790;155590448;B01;1;15;0;2;6;0;1;
202300050791;155590443;A01;1;2;1;0;3;2;1;
202300050792;155590444;B01;2;1;0;2;1;15;5;
202300050792;155590446;A01;2;7;0;2;7;15;1;
202300050793;155590442;C01;1;7;0;2;1;1;1;
202300050793;155590447;B01;2;7;0;2;4;23;1;
202300050793;155590450;A01;2;10;0;2;1;1;1;
202300050794;155590440;A01;1;30;0;2;3;17;3;
202300050794;155590441;B01;2;1;0;2;1;5;5;
202300050795;155590437;A01;2;7;0;2;3;26;3;
202300050795;155590439;B01;2;33;0;2;7;17;1;
202300050796;155590435;A01;1;7;0;2;3;15;1;
202300050796;155590438;B01;2;2;0;2;2;12;1;
202300050797;155590433;A01;1;2;15;2;3;1;1;
202300050797;155590436;B01;1;2;0;2;5;17;1;
202300050798;155590432;A01;2;80;0;2;2;17;3;
202300050798;155590434;B01;2;10;0;2;2;14;3;
202300050799;155590429;B01;2;7;0;0;4;1;0;
202300050799;155590430;A01;2;10;0;2;1;2;1;
202300050800;155590428;A01;2;33;0;2;8;2;1;
202300050800;155590431;B01;2;7;0;2;5;0;1;
202300050801;155590425;A01;3;10;0;1;5;1;1;
202300050802;155590424;A01;2;7;0;2;0;15;1;
202300050802;155590427;B01;1;1;0;2;0;1;5;
202300050803;155590418;A01;2;7;0;2;1;13;1;
202300050803;155590420;B01;1;7;0;2;1;1;1;
202300050803;155590422;C01;1;7;0;2;8;1;1;
202300050804;155590419;B01;2;10;0;2;6;2;1;
202300050804;155590421;A01;2;31;0;2;1;3;1;
202300050805;155590411;A01;2;7;0;2;4;1;1;
202300050805;155590414;B01;2;16;0;2;1;1;1;
202300050806;155590415;A01;3;10;0;2;1;23;3;
202300050806;155590417;B01;1;80;0;2;0;1;3;
202300050807;155590410;B01;1;7;0;2;1;2;1;
202300050807;155590413;A01;2;7;3;2;7;19;1;
202300050808;155590423;A01;2;15;1;0;1;0;0;
202300050808;155590426;B01;0;7;0;0;1;24;0;
202300050809;155590412;B01;1;7;0;2;3;2;0;
202300050809;155590416;A01;1;2;0;2;6;1;0;
202300050810;155590408;A01;1;7;0;1;1;1;1;
202300050811;155590407;A01;1;7;0;2;6;1;1;
202300050811;155590409;B01;1;13;0;2;2;12;1;
202300050812;155590406;A01;1;7;0;1;2;23;0;
202300050813;155590405;A01;1;7;8;0;1;1;1;
202300050814;155590402;A01;1;33;0;0;0;1;1;
202300050815;155590400;C01;2;17;0;2;4;1;1;
202300050815;155590403;A01;2;15;0;2;1;2;1;
202300050815;155590404;B01;2;7;0;2;4;1;1;
202300050816;155590399;B01;2;7;0;2;2;1;1;
202300050816;155590401;A01;2;33;0;2;1;1;1;
202300050817;155590395;A01;2;31;0;2;1;3;1;
202300050817;155590397;B01;2;7;0;2;6;0;1;
202300050818;155590392;B01;2;37;0;0;2;1;1;1.0
202300050818;155590394;A01;1;33;0;0;2;13;1;
202300050819;155590391;A01;1;7;0;2;3;13;1;
202300050819;155590393;B01;2;7;0;2;3;1;1;
202300050819;155590396;C01;2;7;0;2;3;1;1;
202300050819;155590398;D01;1;7;0;2;1;1;1;
202300050820;155590389;A01;2;10;0;2;5;12;1;
202300050820;155590390;B01;2;33;0;2;8;1;1;
202300050821;155590387;A01;0;10;0;1;2;1;3;
202300050822;155590384;A01;1;50;0;1;1;1;3;
202300050823;155590382;B01;0;7;0;2;4;26;1;
202300050823;155590383;A01;0;7;0;2;3;1;1;
202300050824;155590386;C01;2;7;0;0;2;15;1;
202300050824;155590388;B01;2;33;0;2;2;3;1;
202300050825;155590380;A01;1;60;9;0;1;1;5;
202300050826;155590378;B01;3;7;0;2;6;15;1;
202300050826;155590379;A01;3;31;0;2;2;17;1;
202300050827;155590376;B01;1;7;1;2;4;23;1;
202300050827;155590377;A01;1;2;1;2;1;1;1;
202300050828;155590381;A01;1;33;0;2;2;26;1;
202300050828;155590385;B01;1;7;0;2;5;1;1;
202300050829;155590373;A01;1;10;0;0;3;24;1;
202300050829;155590374;B01;1;1;1;0;1;17;5;
202300050830;155590372;B01;1;30;0;2;2;1;1;
202300050830;155590375;A01;2;7;0;2;7;15;1;
202300050831;155590369;C01;2;7;0;2;4;1;1;
202300050831;155590370;A01;2;7;0;2;7;12;1;
202300050831;155590371;B01;2;33;0;2;8;3;1;
202300050832;155590368;A01;2;7;2;0;2;1;0;
202300050833;155590367;A01;2;10;0;1;7;16;1;
202300050834;155590365;A01;2;15;4;0;1;1;1;
202300050835;155590364;B01;2;7;0;2;1;1;1;
202300050835;155590366;A01;1;7;0;2;1;11;1;
202300050836;155590361;A01;2;7;13;0;8;1;1;
202300050837;155590362;B01;1;7;0;2;5;1;1;
202300050837;155590363;A01;1;34;0;2;1;2;1;
202300050838;155590360;A01;3;7;0;1;3;0;0;
202300050839;155590357;B01;2;15;0;2;3;1;1;
202300050839;155590359;A01;1;7;0;2;8;1;1;
202300050840;155590355;A01;1;7;0;2;3;1;2;
202300050840;155590358;B01;1;34;0;2;0;0;1;
202300050841;155590354;B01;2;7;0;0;1;1;1;
202300050841;155590356;A01;2;7;0;0;4;23;1;
202300050842;155590351;A01;2;7;0;2;3;19;1;
202300050842;155590353;B01;1;31;0;2;1;1;1;
202300050843;155590350;A01;2;7;6;0;1;1;1;
202300050844;155590349;A01;3;7;0;2;8;1;1;
202300050844;155590352;B01;3;13;0;2;7;14;1;
202300050845;155590348;A01;2;7;0;1;2;1;1;
202300050846;155590344;A01;1;7;0;0;1;0;1;
202300050846;155590347;B01;2;7;0;0;1;0;1;
202300050847;155590345;A01;2;7;0;2;6;1;1;
202300050847;155590346;B01;2;7;0;2;1;1;1;
202300050848;155590342;A01;1;7;0;2;1;5;1;
202300050848;155590343;B01;2;7;0;2;1;1;1;
202300050849;155590341;A01;2;14;3;0;3;14;1;
202300050850;155590340;A01;3;7;0;1;3;0;1;
202300050851;155590338;B01;2;31;0;2;1;1;1;
202300050851;155590339;A01;1;7;0;2;7;15;1;
202300050852;155590337;A01;-1;7;-1;-1;-1;-1;-1;
202300050853;155590336;A01;2;7;0;1;1;1;1;
202300050854;155590331;B01;1;7;0;0;1;1;1;
202300050854;155590333;A01;2;7;6;0;6;9;1;
202300050855;155590329;A01;3;7;0;2;3;15;1;
202300050855;155590330;B01;1;33;0;2;2;1;1;
202300050856;155590328;A01;2;7;4;2;3;13;1;
202300050856;155590332;B01;2;7;0;2;8;1;1;
202300050857;155590323;B01;1;7;0;2;1;1;1;
202300050857;155590327;A01;1;7;0;2;3;19;1;
202300050858;155590324;B01;2;33;0;2;1;2;1;
202300050858;155590326;A01;2;3;0;2;3;15;1;
202300050859;155590322;A01;2;21;0;2;3;1;1;
202300050859;155590325;B01;1;7;0;2;2;13;1;
202300050860;155590321;A01;1;7;0;0;9;0;0;
202300050861;155590320;A01;1;31;0;0;0;0;1;
202300050862;155590318;A01;1;7;0;2;2;0;1;
202300050862;155590319;B01;1;60;0;2;1;19;5;
202300050863;155590316;A01;2;33;0;6;1;21;1;
202300050864;155590315;B01;2;33;0;2;2;15;1;
202300050864;155590317;A01;3;7;0;2;3;1;1;
202300050865;155590313;A01;1;30;0;2;2;12;1;
202300050865;155590314;B01;2;30;0;2;2;2;3;
202300050866;155590311;A01;1;7;0;1;1;14;1;
202300050867;155590310;A01;1;2;0;2;1;2;1;
202300050867;155590312;B01;1;10;0;2;3;26;1;
202300050868;155590309;A01;2;40;0;0;0;1;3;
202300050869;155590308;A01;1;7;0;1;2;1;1;
202300050870;155590305;A01;1;7;0;2;1;13;1;
202300050870;155590306;B01;2;7;0;2;0;1;0;
202300050871;155590304;A01;1;7;0;2;2;19;1;
202300050871;155590307;B01;1;7;0;2;3;0;1;
202300050872;155590302;B01;1;10;0;2;3;1;1;
202300050872;155590303;A01;2;10;0;2;8;1;1;
202300050873;155590299;A01;1;7;0;2;0;0;1;
202300050873;155590301;B01;1;2;0;2;1;1;1;
202300050874;155590297;A01;2;7;1;0;1;14;1;
202300050875;155590298;A01;1;1;0;2;4;1;5;
202300050875;155590300;B01;1;0;0;2;0;0;0;
202300050876;155590296;A01;1;10;9;1;1;1;1;