Num_Acc;id_vehicule;num_veh;senc;catv;obs;obsm;choc;manv;motor;occutc
202300050877;155590295;A01;2;7;2;0;1;14;1;
202300050878;155590293;A01;1;7;0;2;1;13;1;
202300050878;155590294;B01;2;10;0;2;1;1;1;
202300050879;155590291;A01;2;33;0;0;9;1;1;
202300050880;155590290;A01;3;7;0;2;4;11;1;
202300050880;155590292;B01;3;50;0;2;1;1;3;
202300050881;155590288;A01;2;7;0;2;3;15;1;
202300050881;155590289;B01;1;2;0;2;1;1;1;
202300050882;155590285;A01;3;80;0;2;1;13;3;
202300050882;155590287;B01;3;7;0;2;3;1;1;
202300050883;155590283;B01;1;7;0;2;4;2;1;
202300050883;155590284;C01;1;7;0;0;4;2;1;
202300050883;155590286;A01;1;7;0;2;1;2;1;
202300050884;155590281;A01;2;1;6;0;0;0;5;
202300050884;155590282;B01;2;0;0;0;0;1;1;
202300050885;155590279;A01;2;2;0;2;0;13;1;
202300050885;155590280;B01;2;7;0;2;2;17;1;
202300050886;155590277;A01;2;7;0;1;1;2;1;
202300050887;155590276;B01;1;7;0;2;1;1;1;
202300050887;155590278;A01;2;7;0;2;7;10;1;
202300050888;155590271;Z01;0;99;0;1;0;0;0;
202300050889;155590270;C01;1;7;0;0;2;23;1;
202300050889;155590272;A01;1;7;12;2;3;6;1;
202300050889;155590274;B01;1;7;0;0;6;1;1;
202300050890;155590269;A01;2;2;0;6;1;1;1;
202300050891;155590268;A01;2;37;0;1;0;16;1;1.0
202300050892;155590266;B01;2;2;0;2;1;1;1;
202300050892;155590267;A01;1;7;0;2;7;15;1;
202300050893;155590264;A01;1;7;9;0;1;13;1;
202300050894;155590263;B01;1;30;0;2;8;15;1;
202300050894;155590265;A01;1;7;0;2;1;17;1;
202300050895;155590262;A01;1;7;13;0;0;1;1;
202300050896;155590260;A01;1;7;13;0;1;0;1;
202300050897;155590256;A01;1;7;0;2;1;1;1;
202300050897;155590257;B01;1;7;0;0;4;2;1;
202300050897;155590259;C01;1;7;0;0;5;2;1;
202300050898;155590258;A01;2;7;0;2;2;15;1;
202300050898;155590261;B01;2;33;0;2;1;1;1;
202300050899;155590254;A01;1;7;0;2;3;15;1;
202300050899;155590255;B01;1;2;0;2;1;17;1;
202300050900;155590251;B01;3;7;0;2;1;1;1;
202300050900;155590253;A01;3;7;0;2;8;15;1;
202300050901;155590250;A01;1;7;0;1;1;1;1;
202300050902;155590248;B01;3;7;0;2;9;19;0;
202300050902;155590249;A01;3;7;0;2;1;19;0;
202300050903;155590247;A01;2;80;0;6;1;1;3;
202300050904;155590246;A01;3;32;0;0;7;16;0;
202300050905;155590244;A01;2;7;2;0;2;2;1;
202300050906;155590242;B01;3;7;0;2;3;19;1;
202300050906;155590245;A01;2;7;0;2;2;1;1;
202300050907;155590243;A01;0;7;12;0;1;16;1;
202300050908;155590239;A01;1;2;0;0;7;1;1;
202300050909;155590237;B01;3;50;0;2;3;0;3;
202300050909;155590238;A01;1;7;0;2;2;16;1;
202300050910;155590234;B01;1;2;0;2;2;1;1;
202300050910;155590236;A01;1;7;0;2;3;9;1;
202300050911;155590232;A01;2;7;1;0;7;15;1;
202300050911;155590233;B01;1;7;0;2;1;1;1;
202300050911;155590235;C01;2;7;0;0;3;23;1;
202300050912;155590230;A01;1;7;0;1;3;1;1;
202300050913;155590231;A01;2;31;0;0;8;1;1;
202300050914;155590229;A01;2;33;13;0;8;1;1;
202300050915;155590228;A01;0;7;0;1;2;15;0;
202300050916;155590226;A01;1;7;0;0;3;15;1;
202300050916;155590227;B01;1;31;1;2;1;17;1;
202300050917;155590225;A01;2;37;5;0;3;0;1;1.0
202300050918;155590224;A01;2;33;13;0;8;1;1;
202300050919;155590223;A01;2;7;13;0;3;2;1;
202300050920;155590222;A01;1;33;16;0;3;13;1;
202300050921;155590219;A01;1;7;0;0;7;15;1;
202300050922;155590218;A01;1;33;0;1;0;1;1;
202300050923;155590216;B01;2;30;0;2;1;1;1;
202300050923;155590217;A01;1;7;0;2;3;16;1;
202300050924;155590215;A01;2;7;6;0;2;1;1;
202300050925;155590213;A01;3;7;2;0;2;14;1;
202300050926;155590210;A01;2;2;0;0;2;11;1;
202300050926;155590211;B01;1;7;0;2;3;1;1;
202300050927;155590212;B01;3;1;0;2;1;1;5;
202300050927;155590214;A01;1;7;0;2;2;15;1;
202300050928;155590208;A01;1;7;13;9;1;2;0;
202300050929;155590206;B01;1;1;0;2;1;11;5;
202300050929;155590207;A01;2;7;0;9;3;2;6;
202300050930;155590205;A01;2;7;15;0;1;2;0;
202300050931;155590200;E01;2;7;0;2;1;1;3;
202300050931;155590201;D01;2;7;0;2;4;1;1;
202300050931;155590202;C01;2;10;0;2;1;1;1;
202300050931;155590203;B01;2;7;0;2;4;1;2;
202300050931;155590204;A01;2;7;0;2;4;1;1;
202300050932;155590198;B01;1;7;0;2;4;1;1;
202300050932;155590199;A01;1;7;0;2;1;14;1;
202300050933;155590196;A01;1;7;4;2;1;1;1;
202300050933;155590197;B01;1;15;0;2;6;1;1;
202300050934;155590193;A01;2;10;0;2;2;12;1;
202300050934;155590194;C01;2;7;0;2;1;1;2;
202300050934;155590195;B01;2;7;0;2;8;0;1;
202300050935;155590191;B01;2;7;0;2;3;11;1;
202300050935;155590192;A01;2;33;0;2;2;3;1;
202300050936;155590190;A01;1;10;4;0;3;1;1;
202300050937;155590189;A01;1;14;6;0;1;1;1;
202300050938;155590186;C01;2;7;0;2;4;2;1;
202300050938;155590187;B01;2;7;0;2;1;2;1;
202300050938;155590188;A01;2;7;0;2;1;2;1;
202300050939;155590185;A01;1;7;4;0;1;1;1;
202300050940;155590183;A01;1;7;0;2;6;1;1;
202300050940;155590184;B01;1;7;0;2;2;1;1;
202300050941;155590182;A01;3;37;0;1;3;1;1;1.0
202300050942;155590181;A01;1;7;0;1;1;1;1;
202300050943;155590180;A01;2;7;0;1;2;1;1;
202300050944;155590179;A01;1;7;0;1;2;1;1;
202300050945;155590177;A01;2;7;0;2;1;5;1;
202300050945;155590178;B01;1;10;0;2;1;1;1;
202300050946;155590176;A01;3;30;0;0;7;16;1;
202300050947;155590175;A01;1;7;0;1;3;1;1;
202300050948;155590173;B01;1;10;0;2;4;1;1;
202300050948;155590174;A01;1;7;0;2;2;1;1;
202300050949;155590169;C01;1;7;0;2;4;2;2;
202300050949;155590170;A01;1;7;0;5;4;2;1;
202300050949;155590171;D01;1;7;0;2;1;2;1;
202300050949;155590172;B01;1;7;0;2;1;2;1;
202300050950;155590167;A01;0;7;0;2;3;0;1;
202300050950;155590168;B01;0;31;0;2;3;6;1;
202300050951;155590164;A01;1;7;0;2;2;15;1;
202300050951;155590165;LB01;2;33;0;2;1;1;6;
202300050952;155590163;A01;0;37;0;1;5;0;1;1.0
202300050953;155590161;A01;1;2;0;2;2;1;1;
202300050953;155590162;B01;1;10;0;2;3;15;3;
202300050954;155590160;A01;1;10;0;1;2;1;1;
202300050955;155590158;A01;3;7;0;2;1;19;1;
202300050955;155590159;B01;2;7;0;2;2;0;1;
202300050956;155590156;A01;1;7;0;2;6;15;1;
202300050956;155590157;B01;1;2;0;2;1;1;1;
202300050957;155590153;C01;1;7;1;2;1;2;1;
202300050957;155590154;B01;3;7;1;2;1;0;1;
202300050957;155590155;A01;1;7;14;2;2;1;1;
202300050958;155590151;B01;2;33;0;2;1;1;1;
202300050958;155590152;A01;0;7;0;2;3;9;1;
202300050959;155590149;A01;0;7;0;2;2;26;1;
202300050959;155590150;B01;0;7;0;2;6;23;1;
202300050960;155590144;A01;0;2;11;0;1;13;1;
202300050961;155590142;A01;2;1;0;2;8;19;5;
202300050961;155590143;B01;1;7;0;2;1;1;1;
202300050962;155590141;A01;2;10;0;1;1;1;0;
202300050963;155590140;A01;2;30;0;2;7;21;1;
202300050964;155590138;A01;1;7;0;2;8;15;1;
202300050964;155590139;B01;2;7;0;2;1;1;1;
202300050965;155590137;A01;1;10;0;1;2;1;1;
202300050966;155590135;B01;1;31;0;2;2;9;1;
202300050966;155590136;A01;1;7;0;2;1;9;1;
202300050967;155590133;A01;1;7;0;2;1;1;1;
202300050967;155590134;B01;1;7;0;2;4;20;1;
202300050968;155590131;B01;1;7;0;2;8;1;1;
202300050968;155590132;A01;1;7;2;2;9;17;1;
202300050969;155590129;A01;1;7;0;2;1;2;1;
202300050969;155590130;B01;1;7;0;2;4;2;1;
202300050970;155590128;A01;2;7;0;1;1;26;0;
202300050971;155590126;B01;0;7;10;0;3;1;1;
202300050971;155590127;A01;0;50;10;2;8;19;3;
202300050972;155590125;A01;3;50;0;1;1;1;3;
202300050973;155590123;B01;1;7;0;2;1;1;1;
202300050973;155590124;A01;2;7;0;2;7;13;1;
202300050974;155590122;A01;3;50;0;0;0;1;3;
202300050975;155590120;B01;0;7;0;2;3;1;1;
202300050975;155590121;A01;3;50;0;2;0;1;3;
202300050976;155590118;A01;2;7;1;0;2;1;1;
202300050976;155590119;B01;3;7;0;2;6;0;0;
202300050977;155590116;B01;1;1;0;2;8;13;5;
202300050977;155590117;A01;1;7;0;9;2;13;1;
202300050978;155590115;A01;1;15;6;0;3;1;1;
202300050979;155590114;A01;2;7;0;1;1;1;1;
202300050980;155590112;A01;1;7;16;2;5;26;1;
202300050980;155590113;B01;2;7;0;2;1;1;1;
202300050981;155590111;A01;3;10;0;1;4;4;1;
202300050982;155590109;A01;1;7;0;2;3;9;1;
202300050982;155590110;B01;2;1;0;2;8;9;5;
202300050983;155590108;A01;2;7;0;0;9;11;0;
202300050984;155590104;A01;2;15;0;2;3;15;1;
202300050984;155590105;B01;2;34;0;2;1;17;1;
202300050985;155590102;A01;1;7;0;2;7;13;1;
202300050985;155590103;B01;2;17;0;2;1;1;1;
202300050986;155590101;A01;2;7;2;0;1;1;1;
202300050987;155590100;A01;1;7;2;0;3;1;1;
202300050988;155590098;A01;1;7;0;2;2;0;1;
202300050988;155590099;B01;1;7;0;2;4;1;1;
202300050989;155590096;B01;2;21;0;2;3;1;1;
202300050989;155590097;A01;1;10;0;2;2;13;1;
202300050990;155590094;B01;2;7;0;2;1;17;1;
202300050990;155590095;A01;1;7;0;2;1;1;0;
202300050991;155590093;A01;1;14;0;1;2;1;1;
202300050992;155590092;A01;1;7;3;0;1;21;1;
202300050993;155590091;A01;1;7;2;0;1;13;1;
202300050994;155590088;A01;2;3;0;2;2;15;0;
202300050994;155590089;B01;1;7;0;2;3;1;1;
202300050994;155590090;C01;1;7;0;2;1;23;1;
202300050995;155590086;A01;2;7;0;2;3;1;1;
202300050995;155590087;B01;2;7;0;2;3;1;1;
202300050996;155590084;B01;1;7;0;2;2;15;0;
202300050996;155590085;A01;2;36;0;2;3;1;1;
202300050997;155590082;B01;3;7;0;2;2;1;1;
202300050997;155590083;A01;3;2;0;2;1;1;3;
202300050998;155590081;A01;3;10;6;0;1;1;1;
202300050999;155590080;A01;0;7;0;1;1;1;0;
202300051000;155590077;A01;3;50;0;2;7;9;3;
202300051000;155590079;B01;3;7;0;2;1;9;1;
202300051001;155590076;A01;2;7;0;2;3;9;1;
202300051001;155590078;B01;2;33;0;2;1;1;1;
202300051002;155590074;A01;1;7;0;2;2;1;0;
202300051002;155590075;B01;3;1;0;2;1;19;5;
202300051003;155590072;A01;1;7;0;0;3;9;1;
202300051003;155590073;B01;2;7;15;0;7;19;1;
202300051004;155590071;Y01;1;1;0;2;2;19;5;
202300051005;155590068;A01;3;7;0;1;1;1;1;
202300051006;155590067;A01;1;7;0;2;9;9;1;
202300051006;155590069;B01;1;7;0;2;9;2;1;
202300051006;155590070;C01;1;7;0;2;9;1;1;
202300051007;155590066;A01;1;7;0;1;1;15;1;
202300051008;155590064;B01;1;15;0;2;7;1;1;
202300051008;155590065;A01;1;7;4;2;8;17;1;
202300051009;155590063;A01;1;7;2;0;2;13;1;
202300051010;155590061;B01;3;7;0;2;0;0;1;
202300051010;155590062;A01;3;7;0;2;0;0;1;
202300051011;155590060;A01;1;7;13;0;1;2;1;
202300051012;155590058;B01;1;7;0;2;4;1;1;
202300051012;155590059;A01;1;30;0;2;1;1;1;
202300051013;155590057;A01;1;7;13;0;1;0;1;
202300051014;155590056;A01;2;43;0;1;1;1;1;
202300051015;155590054;B01;1;33;0;2;1;1;1;
202300051015;155590055;A01;2;7;0;2;7;15;1;
202300051016;155590053;A01;2;7;1;0;5;1;1;
202300051017;155590051;A01;2;43;0;2;1;15;1;
202300051017;155590052;B01;2;7;0;2;3;15;1;
202300051018;155590048;B01;3;7;0;0;1;0;1;
202300051018;155590050;A01;1;34;0;2;7;3;1;
202300051019;155590047;B01;2;7;0;2;3;15;1;
202300051019;155590049;A01;1;2;0;2;1;1;1;
202300051020;155590045;B01;3;34;0;2;1;0;1;
202300051020;155590046;A01;1;7;0;2;3;0;1;
202300051021;155590042;B01;1;33;0;2;1;1;1;
202300051021;155590044;A01;2;7;0;2;7;15;3;
202300051022;155590041;A01;2;33;0;2;1;17;1;
202300051022;155590043;B01;2;7;0;2;6;17;1;
202300051023;155590039;A01;2;10;0;2;3;15;1;
202300051023;155590040;B01;2;34;3;2;2;1;1;
202300051024;155590037;A01;2;2;3;0;8;13;1;
202300051025;155590036;A01;3;7;0;2;6;15;1;
202300051025;155590038;B01;2;1;0;2;1;1;5;
202300051026;155590035;A01;1;7;0;1;2;19;1;
202300051027;155590030;A01;2;7;0;2;3;21;0;
202300051027;155590033;B01;1;10;0;2;4;26;0;
202300051028;155590031;A01;2;1;0;2;8;13;5;
202300051028;155590034;B01;2;1;0;2;7;17;5;
202300051029;155590029;B01;1;7;0;2;3;1;1;
202300051029;155590032;A01;1;7;0;2;1;1;1;
202300051030;155590028;A01;3;7;6;0;1;1;1;
202300051031;155590025;A01;2;33;0;2;5;15;1;
202300051031;155590027;B01;2;50;0;2;8;1;3;
202300051032;155590026;A01;2;7;0;2;2;15;1;
202300051033;155590022;A01;2;10;0;2;2;9;1;
202300051033;155590024;B01;1;2;0;2;1;1;1;
202300051034;155590019;B01;1;30;0;2;3;15;1;
202300051034;155590021;A01;2;30;0;2;1;1;1;
202300051035;155590020;B01;1;60;0;0;0;5;5;
202300051035;155590023;A01;1;7;0;2;3;15;1;
202300051036;155590015;A01;3;7;0;2;3;15;4;
202300051036;155590016;B01;3;34;0;2;1;15;4;
202300051037;155590017;A01;1;7;0;2;5;15;1;
202300051037;155590018;B01;2;2;0;2;1;1;1;
202300051038;155590014;A01;1;7;0;1;2;1;1;
202300051039;155590011;A01;1;30;0;0;0;26;1;
202300051040;155590009;A01;3;7;1;2;2;26;1;
202300051040;155590012;B01;3;7;1;2;6;23;1;
202300051040;155590013;C01;3;7;1;0;6;26;1;
202300051041;155590008;A01;1;7;0;1;1;15;1;
202300051041;155590010;B01;1;7;0;2;2;15;1;
202300051042;155590005;B01;1;33;0;2;1;1;1;
202300051042;155590006;A01;2;7;0;2;8;10;1;
202300051043;155590004;A01;0;7;0;2;2;1;3;
202300051043;155590007;B01;0;50;0;2;8;19;3;
202300051044;155590001;A01;1;7;0;2;3;15;1;
202300051044;155590003;B01;1;50;0;2;1;1;3;
202300051045;155589999;A01;1;3;0;2;3;15;0;
202300051045;155590000;B01;1;31;0;2;2;0;0;
202300051046;155589998;A01;2;7;0;2;3;1;1;
202300051046;155590002;B01;1;7;0;2;7;10;1;
202300051047;155589996;A01;1;7;0;2;2;20;1;
202300051047;155589997;B01;2;1;1;2;4;21;5;
202300051048;155589994;A01;1;7;3;0;9;1;2;
202300051049;155589993;A01;3;7;0;2;1;1;1;
202300051049;155589995;B01;3;7;0;2;4;23;1;
202300051050;155589988;A01;1;7;0;2;3;15;0;
202300051050;155589992;B01;1;31;0;2;7;1;1;
202300051051;155589989;A01;3;7;0;2;3;11;1;
202300051051;155589991;B01;3;50;0;2;2;17;3;
202300051052;155589987;A01;2;7;0;2;1;26;1;
202300051052;155589990;B01;1;7;2;2;1;0;1;
202300051053;155589984;B01;1;30;0;2;1;1;1;
202300051053;155589986;A01;1;1;0;2;4;19;5;
202300051054;155589983;A01;2;7;0;1;2;21;1;
202300051055;155589981;A01;1;33;0;2;1;3;1;
202300051055;155589982;B01;1;7;0;2;4;1;1;
202300051055;155589985;C01;1;7;0;2;7;1;1;
202300051056;155589979;A01;1;33;0;0;0;1;1;
202300051057;155589977;A01;3;1;8;1;1;1;5;
202300051058;155589978;A01;2;7;0;2;3;15;1;
202300051058;155589980;B01;2;2;0;2;2;1;1;
202300051059;155589973;A01;1;33;0;1;1;1;1;
202300051060;155589970;B01;1;7;0;2;4;1;1;
202300051060;155589972;C01;1;7;0;2;4;1;1;
202300051060;155589975;D01;1;7;0;2;1;2;1;
202300051060;155589976;A01;1;7;0;2;4;1;1;
202300051061;155589969;A01;1;7;0;0;5;15;1;
202300051061;155589971;B01;1;31;0;2;1;1;1;
202300051062;155589967;A01;2;31;0;1;0;1;1;
202300051063;155589963;B01;1;7;0;2;4;1;1;
202300051063;155589965;C01;1;7;0;2;4;0;1;
202300051063;155589968;A01;1;7;0;2;3;11;1;
202300051064;155589962;A01;2;33;0;0;8;1;1;
202300051065;155589957;A01;3;13;0;1;1;1;1;
202300051066;155589955;B01;2;7;0;2;6;13;1;
202300051066;155589958;A01;2;7;0;2;1;1;1;
202300051066;155589960;C01;2;10;0;2;3;1;1;
202300051066;155589961;D01;2;7;0;2;5;2;0;
202300051067;155589956;A01;1;7;0;0;8;23;1;
202300051067;155589959;B01;1;7;1;0;7;22;1;
202300051068;155589953;A01;2;32;1;1;1;1;1;
202300051068;155589954;B01;0;7;0;2;2;0;0;
202300051069;155589950;C01;1;10;0;2;1;2;1;
202300051069;155589951;A01;1;7;0;0;0;13;0;
202300051069;155589952;B01;1;7;0;0;4;2;1;
202300051070;155589948;A01;3;7;0;1;2;1;1;
202300051071;155589947;A01;1;7;0;2;3;0;1;
202300051071;155589949;B01;3;7;0;2;7;1;1;
202300051072;155589946;A01;3;43;0;0;7;1;1;
202300051073;155589942;A01;2;7;0;2;1;1;1;
202300051073;155589945;B01;2;10;0;2;5;2;1;
202300051074;155589943;A01;3;2;12;0;8;16;1;
202300051075;155589941;A01;1;7;0;2;1;0;3;
202300051075;155589944;B01;1;7;0;2;4;0;1;
202300051076;155589940;A01;1;7;0;1;2;16;1;
202300051077;155589938;A01;3;36;0;0;0;26;1;
202300051078;155589934;A01;1;50;0;2;1;18;3;
202300051078;155589935;B01;1;7;0;2;2;16;1;
202300051079;155589932;A01;1;7;0;0;7;5;1;
202300051080;155589929;A01;2;7;0;2;1;2;1;
202300051080;155589931;B01;2;7;0;2;4;1;1;
202300051080;155589933;C01;2;7;0;2;4;1;1;
202300051080;155589936;D01;2;7;0;2;4;1;1;
202300051080;155589937;E01;2;7;0;2;4;1;1;
202300051080;155589939;F01;2;7;0;2;4;1;1;
202300051081;155589927;A01;1;7;0;2;0;26;1;
202300051081;155589930;B01;1;7;0;2;0;0;1;
202300051082;155589924;A01;2;7;4;0;1;14;1;
202300051083;155589923;A01;2;10;0;2;3;21;1;
202300051083;155589925;B01;2;30;0;2;1;0;1;
202300051084;155589922;A01;1;7;0;2;3;21;1;
202300051084;155589926;B01;1;7;0;2;1;1;1;
202300051084;155589928;C01;1;7;0;0;6;9;1;
202300051085;155589919;A01;3;7;0;2;3;1;1;
202300051085;155589921;B01;3;10;0;2;8;1;1;
202300051086;155589916;B01;2;7;0;2;4;1;1;
202300051086;155589920;A01;2;7;0;2;9;1;1;
202300051087;155589914;A01;1;7;0;0;6;23;1;
202300051087;155589917;B01;2;7;0;2;1;5;1;
202300051087;155589918;C01;1;7;0;2;1;1;1;
202300051088;155589913;A01;1;7;8;2;1;13;0;
202300051088;155589915;B01;2;7;0;2;6;1;2;
202300051089;155589912;A01;1;7;4;0;1;1;1;
202300051090;155589910;A01;2;7;13;0;0;1;1;
202300051091;155589909;A01;1;7;12;0;8;15;1;
202300051091;155589911;B01;1;30;12;0;1;2;0;
202300051092;155589905;C01;2;99;0;2;4;1;1;
202300051092;155589907;A01;2;7;0;2;1;2;1;
202300051092;155589908;B01;2;7;0;2;2;1;1;
202300051093;155589904;A01;2;7;4;0;0;0;1;
202300051094;155589903;A01;1;7;0;2;3;16;1;
202300051094;155589906;B01;2;1;0;2;1;1;5;
202300051095;155589902;A01;2;7;2;0;1;1;0;
202300051096;155589901;A01;2;7;4;0;1;0;1;
202300051097;155589899;A01;1;7;0;2;7;16;1;
202300051097;155589900;B01;1;37;0;2;3;1;1;1.0
202300051098;155589898;A01;1;1;0;0;8;1;5;
202300051099;155589896;A01;1;7;0;2;2;14;1;
202300051100;155589895;A01;2;33;0;2;1;14;1;
202300051100;155589897;B01;2;7;0;2;4;1;1;
202300051101;155589893;A01;1;10;9;0;1;1;1;
202300051102;155589894;A01;1;7;0;1;8;15;3;
202300051103;155589887;A01;1;7;0;2;1;2;1;
202300051103;155589890;B01;1;7;0;2;1;2;1;
202300051103;155589891;C01;1;7;0;2;1;2;3;
202300051103;155589892;D01;1;7;0;2;4;1;2;
202300051104;155589885;B01;1;31;0;2;8;1;1;
202300051104;155589888;A01;2;10;0;2;8;1;1;
202300051105;155589883;A01;1;10;0;2;1;1;1;
202300051105;155589884;B01;1;7;0;2;4;1;1;
202300051106;155589882;A01;3;7;8;0;7;1;1;
202300051107;155589881;A01;2;10;0;1;1;15;1;
202300051108;155589879;A01;2;7;11;0;1;1;1;
202300051109;155589875;A01;2;7;4;2;2;1;1;
202300051109;155589877;B01;2;7;4;2;1;1;1;
202300051109;155589878;D01;2;7;4;2;2;1;1;
202300051109;155589880;C01;2;7;4;2;6;1;1;
202300051110;155589874;A01;1;7;6;0;1;1;1;
202300051111;155589871;A01;1;7;4;0;2;1;1;
202300051112;155589870;A01;1;7;0;2;1;1;1;
202300051112;155589872;C01;1;1;0;2;4;1;5;
202300051112;155589873;D01;1;1;0;2;4;1;5;
202300051112;155589876;E01;1;1;0;2;4;1;5;
202300051113;155589868;A01;1;7;4;0;4;1;1;
202300051114;155589865;A01;2;80;0;1;7;0;3;
202300051115;155589866;A01;1;33;0;0;2;2;1;
202300051115;155589869;B01;1;31;0;0;3;1;1;
202300051116;155589864;A01;2;31;0;2;1;1;1;
202300051116;155589867;B01;1;7;0;2;2;1;1;
202300051117;155589861;A01;2;33;0;0;0;21;1;
202300051118;155589860;A01;1;7;0;2;7;19;1;
202300051118;155589863;B01;1;7;0;2;1;1;1;
202300051119;155589859;B01;1;1;0;2;1;15;5;
202300051119;155589862;A01;1;2;0;9;0;14;1;
202300051120;155589857;A01;2;10;0;2;1;1;1;
202300051120;155589858;B01;2;37;0;2;4;23;1;3.0
202300051121;155589855;A01;3;7;2;0;1;1;1;
202300051122;155589851;A01;1;80;0;1;1;1;3;
202300051123;155589852;B01;2;32;0;2;5;23;1;
202300051123;155589854;A01;2;10;0;2;1;26;1;
202300051124;155589848;A01;2;31;0;2;7;2;1;
202300051124;155589849;B01;2;7;0;2;2;0;1;
202300051125;155589847;A01;1;7;0;2;3;1;1;
202300051125;155589850;B01;2;2;0;2;1;13;1;
202300051126;155589846;A01;2;7;0;1;3;1;1;
202300051127;155589845;A01;3;7;0;1;1;1;1;
202300051128;155589843;A01;3;7;0;2;1;15;0;
202300051128;155589844;B01;3;50;0;2;1;1;3;
202300051129;155589841;A01;1;7;2;0;7;1;1;
202300051130;155589840;A01;0;7;13;0;1;1;1;
202300051131;155589839;A01;2;2;0;2;8;16;1;
202300051131;155589842;B01;3;7;0;2;2;15;1;
202300051132;155589837;A01;1;7;0;0;0;1;2;
202300051133;155589835;A01;2;7;0;2;4;1;1;
202300051133;155589838;B01;3;50;0;0;4;19;3;
202300051134;155589836;A01;2;7;0;0;2;14;1;
202300051135;155589831;A01;0;37;0;1;2;1;0;1.0
202300051136;155589830;A01;3;7;0;2;1;1;1;
202300051136;155589832;B01;3;7;0;2;1;5;1;
202300051137;155589829;A01;1;7;0;0;4;26;1;
202300051137;155589833;B01;1;33;0;2;1;1;1;
202300051138;155589828;B01;2;7;0;2;1;1;1;
202300051138;155589834;A01;1;7;0;2;8;15;1;
202300051139;155589825;B01;3;1;0;2;8;1;5;
202300051139;155589827;A01;3;7;0;2;2;15;1;
202300051140;155589823;A01;1;33;0;6;1;1;1;
202300051141;155589822;A01;2;0;0;0;1;1;0;
202300051141;155589826;B01;1;7;0;0;3;16;1;
202300051142;155589821;A01;1;7;0;2;1;13;1;
202300051142;155589824;B01;2;7;0;2;1;1;1;
202300051143;155589818;A01;2;33;0;0;0;13;1;
202300051144;155589817;A01;2;43;0;2;2;1;1;
202300051144;155589820;B01;1;1;0;2;3;1;5;
202300051145;155589816;B01;2;2;0;2;1;1;1;
202300051145;155589819;A01;1;7;0;2;2;15;1;
202300051146;155589813;A01;1;37;0;2;1;24;1;1.0
202300051146;155589815;B01;2;7;1;2;1;5;1;
202300051147;155589812;A01;2;33;0;2;1;13;1;
202300051147;155589814;B01;2;7;0;9;3;0;1;
202300051148;155589810;A01;2;2;0;1;0;2;1;
202300051149;155589811;A01;1;7;0;1;2;1;1;
202300051150;155589809;A01;1;1;0;0;0;1;5;
202300051151;155589807;B01;1;50;0;2;1;1;3;
202300051151;155589808;A01;2;7;0;2;8;1;1;
202300051152;155589803;A01;1;7;0;2;1;2;1;
202300051152;155589806;B01;1;7;0;2;4;2;1;
202300051153;155589802;A01;1;7;0;2;7;15;1;
202300051153;155589804;B01;1;33;0;2;8;1;1;
202300051154;155589801;A01;3;7;0;1;2;1;1;
202300051155;155589800;A01;1;33;0;2;1;1;1;
202300051155;155589805;B01;2;32;0;2;3;5;0;
202300051156;155589799;A01;2;7;10;0;1;1;1;
202300051157;155589795;A01;2;7;0;2;1;2;1;
202300051157;155589797;B01;2;2;0;2;4;23;1;
202300051158;155589794;A01;1;33;0;0;3;0;0;
202300051159;155589793;A01;3;7;0;1;3;15;1;
202300051160;155589791;C01;2;7;0;2;4;23;1;
202300051160;155589792;A01;2;7;0;2;1;2;1;
202300051160;155589796;B01;2;7;0;2;4;23;1;
202300051160;155589798;D01;2;7;0;2;4;23;1;
202300051161;155589787;A01;1;7;6;0;1;14;1;
202300051162;155589785;B01;2;31;0;2;1;1;1;
202300051162;155589788;A01;1;7;0;2;2;15;1;
202300051163;155589784;B01;3;7;0;2;9;21;1;
202300051163;155589790;A01;3;7;0;2;1;0;1;
202300051164;155589782;A01;2;7;13;0;1;13;1;
202300051165;155589780;B01;1;7;0;2;1;1;1;
202300051165;155589786;A01;2;7;0;2;2;15;1;
202300051166;155589777;B01;3;34;14;9;3;1;1;
202300051166;155589781;A01;3;50;0;2;2;19;3;
202300051167;155589776;B01;1;10;0;2;3;1;1;
202300051167;155589779;A01;2;7;0;2;3;17;1;
202300051167;155589783;D01;1;7;0;2;3;1;1;
202300051167;155589789;C01;2;10;0;2;6;2;1;
202300051168;155589775;A01;3;7;1;0;2;14;1;
202300051169;155589774;A01;1;7;8;2;3;21;1;
202300051169;155589778;B01;1;33;0;2;4;23;1;
202300051170;155589773;A01;1;7;13;0;2;1;1;
202300051171;155589770;A01;1;7;2;0;1;1;1;
202300051172;155589769;B01;1;7;0;2;1;1;3;
202300051172;155589772;A01;1;7;0;2;1;1;1;
202300051173;155589765;A01;2;7;0;2;3;10;1;
202300051173;155589768;B01;2;32;0;2;1;1;1;
202300051174;155589764;A01;1;33;0;2;7;17;1;
202300051174;155589766;B01;1;15;0;2;3;15;1;
202300051175;155589762;A01;1;7;0;1;1;1;1;
202300051176;155589761;A01;2;7;0;2;3;13;1;
202300051176;155589763;B01;1;10;0;2;3;1;1;
202300051177;155589759;A01;1;10;2;0;1;2;1;
202300051178;155589757;A01;2;1;0;2;1;12;5;
202300051178;155589758;B01;1;7;0;2;1;1;1;
202300051179;155589756;A01;2;7;0;2;3;1;1;