Num_Acc;id_vehicule;num_veh;senc;catv;obs;obsm;choc;manv;motor;occutc
202300051179;155589760;B01;1;7;0;2;3;1;1;
202300051180;155589753;A01;2;33;0;0;3;1;1;
202300051181;155589750;B01;3;50;0;2;1;9;3;
202300051181;155589754;A01;2;7;0;2;2;1;1;
202300051182;155589748;A01;3;36;6;0;2;2;1;
202300051183;155589747;A01;1;7;0;2;3;15;1;
202300051183;155589749;B01;1;7;0;2;2;16;1;
202300051184;155589746;A01;1;7;0;2;2;1;0;
202300051184;155589751;B01;3;7;0;2;1;16;0;
202300051185;155589745;A01;0;7;0;1;0;1;1;
202300051186;155589740;B01;1;7;0;2;4;1;1;
202300051186;155589744;A01;1;7;0;2;1;1;1;
202300051187;155589738;A01;3;2;0;2;1;1;1;
202300051187;155589742;B01;3;33;0;2;1;1;1;
202300051188;155589736;A01;1;7;1;0;3;17;1;
202300051189;155589735;A01;1;3;0;2;1;13;1;
202300051189;155589741;B01;2;15;0;2;3;1;1;
202300051189;155589743;C01;2;3;0;2;1;1;1;
202300051190;155589733;A01;2;7;0;2;1;1;1;
202300051190;155589739;B01;2;7;0;2;3;26;1;
202300051191;155589731;B01;1;7;0;2;2;0;1;
202300051191;155589732;A01;1;30;0;2;1;1;1;
202300051192;155589730;A01;2;33;3;0;2;1;1;
202300051193;155589728;A01;0;37;0;2;3;1;2;3.0
202300051193;155589734;B01;0;7;0;2;3;23;1;
202300051193;155589737;Z01;0;10;0;2;2;12;1;
202300051194;155589727;A01;1;7;0;1;2;16;1;
202300051195;155589726;B01;2;1;0;9;1;1;5;
202300051195;155589729;A01;1;10;0;9;3;5;1;
202300051196;155589723;A01;1;2;0;2;1;1;1;
202300051196;155589725;B01;2;7;0;2;1;1;1;
202300051197;155589722;A01;1;34;12;0;1;1;1;
202300051198;155589717;A01;1;7;0;9;2;1;1;
202300051198;155589720;B01;3;50;0;2;3;16;3;
202300051199;155589716;B01;1;15;0;2;3;1;0;
202300051199;155589719;A01;1;10;0;2;5;12;0;
202300051200;155589715;A01;1;7;0;2;1;13;1;
202300051200;155589718;B01;2;7;0;2;3;1;1;
202300051201;155589710;A01;3;1;0;2;0;0;5;
202300051201;155589714;B01;3;7;0;2;3;9;1;
202300051202;155589711;A01;1;2;0;2;3;2;1;
202300051203;155589708;A01;2;7;2;0;3;13;1;
202300051204;155589704;B01;0;7;0;2;1;1;1;
202300051204;155589707;A01;0;7;0;2;8;9;1;
202300051205;155589706;B01;1;7;0;2;4;23;1;
202300051205;155589709;A01;1;7;0;2;1;2;1;
202300051206;155589701;C01;0;34;0;2;1;1;1;
202300051206;155589705;B01;0;10;0;2;1;1;1;
202300051206;155589712;A01;0;10;0;2;3;17;1;
202300051207;155589700;A01;1;10;8;1;9;2;1;
202300051208;155589703;A01;1;2;0;0;1;1;1;
202300051209;155589699;A01;1;7;0;1;2;1;1;
202300051210;155589697;A01;2;33;0;0;0;0;1;
202300051211;155589696;B01;1;7;0;2;1;1;1;
202300051211;155589702;A01;2;7;0;2;5;13;1;
202300051212;155589694;A01;2;7;0;1;2;1;1;
202300051213;155589691;B01;1;7;0;2;4;1;1;
202300051213;155589695;A01;1;7;0;2;1;1;1;
202300051214;155589689;A01;1;7;0;2;1;1;1;
202300051214;155589693;B01;2;7;0;0;4;23;1;
202300051215;155589688;B01;2;1;0;2;4;1;5;
202300051215;155589692;A01;2;7;0;2;2;1;1;
202300051216;155589687;A01;2;7;6;0;1;1;1;
202300051217;155589686;B01;2;7;0;2;2;1;1;
202300051217;155589690;A01;1;7;0;2;5;15;1;
202300051217;155589698;C01;3;7;0;2;3;23;1;
202300051218;155589685;A01;1;7;0;0;2;14;1;
202300051219;155589681;A01;1;7;0;1;2;1;1;
202300051220;155589682;B01;1;33;4;0;1;2;1;
202300051220;155589683;A01;1;33;4;0;4;1;1;
202300051221;155589678;B01;1;7;0;2;3;1;2;
202300051221;155589684;A01;2;1;0;2;1;1;5;
202300051222;155589680;A01;3;7;6;0;1;26;1;
202300051223;155589677;A01;2;7;0;2;1;5;1;
202300051223;155589679;B01;1;7;0;2;1;1;1;
202300051224;155589676;A01;3;7;0;1;1;26;1;
202300051225;155589675;A01;1;33;13;0;1;26;1;
202300051226;155589671;A01;2;7;0;0;1;26;1;
202300051227;155589670;B01;2;31;0;2;7;17;1;
202300051227;155589673;A01;1;7;0;2;8;15;1;
202300051228;155589668;B01;0;7;0;2;3;1;1;
202300051228;155589672;C01;0;7;0;2;3;1;1;
202300051228;155589674;A01;0;32;0;2;3;1;1;
202300051229;155589669;A01;1;7;13;0;2;1;1;
202300051230;155589667;A01;1;7;0;1;1;0;0;
202300051231;155589666;A01;1;7;0;0;3;1;1;
202300051232;155589662;A01;1;7;0;2;1;2;1;
202300051232;155589665;B01;1;7;0;2;5;1;1;
202300051233;155589660;A01;2;7;0;2;7;13;1;
202300051233;155589663;B01;2;50;0;2;8;0;3;
202300051234;155589657;A01;1;7;0;1;2;1;0;
202300051235;155589659;B01;1;7;0;2;6;2;1;
202300051235;155589664;A01;1;31;0;2;1;3;1;
202300051236;155589655;B01;2;7;0;2;6;1;1;
202300051236;155589661;A01;1;7;0;2;1;13;1;
202300051237;155589653;B01;1;7;0;2;1;21;1;
202300051237;155589656;A01;1;33;0;2;0;9;1;
202300051238;155589654;A01;2;2;0;0;6;15;1;
202300051238;155589658;B01;2;10;6;2;1;1;1;
202300051239;155589650;A01;1;7;0;9;1;1;1;
202300051240;155589647;A01;1;37;0;9;7;1;1;1.0
202300051240;155589652;B01;3;1;0;2;1;21;5;
202300051241;155589642;A01;3;33;0;2;1;21;1;
202300051241;155589648;B01;0;7;0;0;8;0;1;
202300051242;155589646;A01;1;10;0;2;1;2;3;
202300051242;155589651;B01;1;38;0;2;4;2;1;1.0
202300051243;155589644;A01;3;7;0;2;3;2;1;
202300051243;155589649;B01;3;7;0;0;5;0;1;
202300051244;155589640;B01;2;7;0;2;1;1;1;
202300051244;155589645;A01;1;10;0;2;1;2;1;
202300051245;155589641;A01;2;7;0;2;2;1;1;
202300051245;155589643;B01;1;33;0;2;1;5;1;
202300051246;155589631;B01;3;7;0;2;1;1;1;
202300051246;155589638;A01;3;7;0;2;1;1;1;
202300051247;155589635;A01;1;7;13;0;1;1;1;
202300051248;155589636;A01;1;33;0;0;7;3;1;
202300051249;155589634;B01;2;7;0;2;1;1;1;
202300051249;155589639;A01;1;7;4;0;1;11;1;
202300051250;155589632;A01;2;7;0;2;3;1;1;
202300051250;155589637;B01;1;7;0;2;2;19;1;
202300051251;155589630;A01;1;7;0;1;1;1;1;
202300051252;155589628;A01;3;7;1;0;1;1;1;
202300051253;155589625;A01;2;33;0;0;0;1;1;
202300051254;155589623;A01;2;2;0;2;1;13;1;
202300051254;155589627;B01;1;7;0;2;3;1;1;
202300051255;155589621;A01;2;7;0;2;1;1;0;
202300051255;155589629;B01;2;7;0;2;4;1;0;
202300051255;155589633;C01;2;7;0;0;4;1;0;
202300051256;155589618;A01;2;7;8;2;1;2;1;
202300051256;155589622;B01;2;7;0;1;4;2;1;
202300051257;155589616;A01;1;7;0;2;8;15;1;
202300051257;155589620;B01;1;33;0;2;1;17;1;
202300051258;155589615;A01;1;33;0;2;8;3;1;
202300051258;155589619;C01;1;7;0;2;5;1;1;
202300051258;155589624;D01;1;7;0;2;3;1;1;
202300051258;155589626;B01;1;7;0;2;2;1;1;
202300051259;155589608;A01;2;7;0;2;7;19;1;
202300051259;155589614;B01;2;7;0;2;1;1;1;
202300051260;155589605;A01;0;7;0;2;2;2;1;
202300051260;155589609;B01;0;7;0;2;7;2;1;
202300051261;155589604;B01;3;7;0;2;4;26;1;
202300051261;155589611;C01;3;7;0;2;1;26;1;
202300051261;155589617;A01;2;7;2;0;1;1;1;
202300051262;155589607;B01;3;7;0;2;3;1;1;
202300051262;155589610;A01;3;50;0;2;1;19;3;
202300051263;155589601;A01;2;15;0;2;2;1;1;
202300051263;155589603;B01;2;7;0;2;8;1;1;
202300051264;155589600;B01;2;34;0;2;1;1;1;
202300051264;155589606;A01;1;7;0;2;2;1;1;
202300051265;155589599;A01;1;7;0;2;4;1;1;
202300051265;155589602;B01;2;7;0;2;1;1;1;
202300051266;155589598;A01;0;7;16;0;0;1;1;
202300051267;155589595;A01;3;7;2;0;1;13;1;
202300051268;155589594;A01;1;2;0;0;7;26;1;
202300051268;155589597;B01;1;2;0;0;8;0;1;
202300051269;155589591;C01;1;7;0;2;4;2;2;
202300051269;155589593;A01;1;7;0;2;7;12;1;
202300051269;155589596;B01;1;33;0;2;3;3;1;
202300051270;155589587;A01;3;40;0;1;1;19;3;
202300051271;155589589;A01;1;7;6;0;2;14;1;
202300051272;155589585;B01;1;21;8;2;8;15;1;
202300051272;155589588;A01;1;7;0;2;1;17;1;
202300051273;155589586;A01;1;32;0;2;1;1;1;
202300051273;155589592;B01;1;7;0;2;3;9;1;
202300051274;155589582;A01;1;7;0;2;3;1;1;
202300051274;155589584;B01;2;33;0;2;1;1;1;
202300051275;155589579;C01;1;7;0;2;6;14;0;
202300051275;155589580;A01;2;7;0;2;3;11;1;
202300051275;155589583;B01;1;7;0;2;3;14;1;
202300051275;155589590;D01;1;10;0;2;3;14;1;
202300051276;155589578;A01;1;7;13;0;3;1;1;
202300051277;155589577;A01;3;7;0;1;4;4;1;
202300051278;155589576;A01;1;1;0;2;1;13;5;
202300051278;155589581;B01;2;43;0;2;3;1;1;
202300051279;155589570;A01;3;7;0;1;1;15;0;
202300051280;155589574;A01;1;10;0;1;1;1;1;
202300051281;155589572;A01;1;2;0;2;7;9;1;
202300051281;155589575;B01;2;7;0;2;1;9;1;
202300051282;155589571;A01;3;2;0;0;1;14;1;
202300051283;155589568;A01;2;7;0;2;1;2;1;
202300051283;155589573;B01;2;2;0;2;4;1;1;
202300051284;155589566;A01;2;2;0;2;8;1;0;
202300051284;155589569;B01;2;7;0;2;0;9;0;
202300051285;155589564;Z01;1;7;0;2;7;22;0;
202300051285;155589567;A01;1;1;0;2;1;1;5;
202300051286;155589561;A01;1;7;8;0;4;0;2;
202300051286;155589565;B01;1;7;10;2;1;0;1;
202300051287;155589562;A01;1;30;13;0;0;1;1;
202300051288;155589559;A01;1;7;0;1;3;1;0;
202300051289;155589558;A01;3;7;0;2;3;1;1;
202300051289;155589563;B01;2;32;0;2;3;1;1;
202300051290;155589556;A01;1;7;0;2;8;1;1;
202300051290;155589560;B01;2;33;0;2;8;1;1;
202300051291;155589551;A01;1;7;0;0;8;13;1;
202300051292;155589553;A01;2;7;0;2;3;15;1;
202300051292;155589557;B01;1;31;0;2;1;1;1;
202300051293;155589554;A01;2;1;0;1;1;1;5;
202300051294;155589550;A01;1;15;0;0;6;0;1;
202300051294;155589555;B01;1;7;3;0;1;21;1;
202300051295;155589552;A01;2;1;0;0;3;1;5;
202300051296;155589546;B01;1;1;0;2;4;7;5;
202300051296;155589549;A01;1;37;0;2;2;7;2;2.0
202300051297;155589545;A01;1;7;0;2;2;13;1;
202300051297;155589547;B01;2;7;0;2;3;1;1;
202300051298;155589542;A01;2;1;0;2;7;1;5;
202300051298;155589548;B01;2;7;0;2;1;1;1;
202300051299;155589544;A01;2;7;0;1;3;15;1;
202300051300;155589540;B01;2;7;0;2;2;2;1;
202300051300;155589543;A01;2;3;0;2;6;2;1;
202300051301;155589541;A01;2;7;6;0;1;15;1;
202300051302;155589539;A01;1;7;2;0;1;13;1;
202300051303;155589536;A01;0;7;0;1;2;1;0;
202300051304;155589538;A01;1;33;0;1;1;1;1;
202300051305;155589532;A01;2;7;0;2;1;1;1;
202300051305;155589537;B01;2;7;0;2;2;1;1;
202300051306;155589530;A01;1;7;0;0;3;19;0;
202300051306;155589534;B01;2;31;0;2;1;1;0;
202300051307;155589528;A01;1;7;0;2;3;1;2;
202300051307;155589535;B01;1;7;0;2;2;15;1;
202300051308;155589531;A01;3;7;0;1;2;16;1;
202300051309;155589526;A01;2;30;0;0;3;0;1;
202300051310;155589521;A01;1;7;12;2;9;1;1;
202300051310;155589527;B01;2;7;0;2;1;16;1;
202300051311;155589522;C01;2;7;0;2;1;2;1;
202300051311;155589525;D01;2;10;0;2;1;2;1;
202300051311;155589529;A01;2;15;0;2;8;13;1;
202300051311;155589533;B01;2;10;0;2;2;14;1;
202300051312;155589520;B01;1;10;0;2;5;1;1;
202300051312;155589524;A01;1;30;0;2;5;7;1;
202300051313;155589518;B01;2;7;0;2;1;0;0;
202300051313;155589523;A01;2;7;0;0;8;1;0;
202300051314;155589517;A01;3;7;0;1;1;26;1;
202300051315;155589515;A01;2;7;12;0;2;1;1;
202300051316;155589516;B01;2;2;0;2;7;1;3;
202300051316;155589519;A01;2;2;0;2;1;2;1;
202300051317;155589511;A01;1;7;13;0;1;0;1;
202300051318;155589512;A01;1;7;0;1;1;1;1;
202300051319;155589509;A01;1;1;0;2;1;2;5;
202300051319;155589513;Z01;1;7;0;2;4;23;0;
202300051320;155589507;B01;2;7;8;2;8;1;1;
202300051320;155589514;A01;1;7;0;2;1;1;1;
202300051321;155589508;A01;2;7;0;2;8;9;1;
202300051321;155589510;B01;2;2;0;2;7;1;1;
202300051322;155589502;A01;1;7;0;2;3;9;1;
202300051322;155589506;B01;1;2;0;2;1;12;1;
202300051323;155589503;A01;2;7;0;1;3;15;1;
202300051324;155589499;A01;2;7;0;2;2;1;1;
202300051324;155589505;B01;2;2;0;2;1;5;1;
202300051325;155589500;A01;2;50;0;0;0;21;3;
202300051326;155589497;A01;2;33;0;2;7;17;1;
202300051326;155589501;B01;1;7;0;9;3;1;1;
202300051326;155589504;C01;2;7;0;0;0;21;1;
202300051327;155589495;B01;3;7;0;2;4;10;1;
202300051327;155589498;A01;3;2;0;2;1;17;1;
202300051328;155589496;A01;0;36;8;0;1;0;1;
202300051329;155589491;A01;1;7;0;9;3;2;1;
202300051329;155589494;B01;1;50;0;2;1;1;3;
202300051330;155589488;A01;1;31;0;2;1;0;1;
202300051330;155589492;B01;2;7;0;2;6;19;1;
202300051331;155589489;A01;1;10;0;1;7;1;3;
202300051332;155589486;A01;0;2;0;0;0;2;1;
202300051332;155589490;B01;0;10;0;0;0;0;1;
202300051333;155589484;A01;1;7;0;2;1;16;1;
202300051333;155589493;B01;3;1;0;2;7;19;5;
202300051334;155589485;A01;1;7;0;0;1;1;0;
202300051334;155589487;B01;2;7;0;0;1;1;0;
202300051335;155589483;A01;1;7;8;0;8;1;1;
202300051336;155589479;A01;1;31;0;2;1;13;1;
202300051336;155589482;B01;2;7;0;2;3;1;1;
202300051337;155589478;A01;1;7;0;2;3;17;1;
202300051337;155589481;B01;2;7;0;2;1;15;1;
202300051338;155589473;A01;1;7;0;2;1;1;1;
202300051338;155589476;B01;1;7;0;2;4;2;1;
202300051339;155589472;B01;3;7;0;2;1;1;1;
202300051339;155589480;A01;3;7;0;2;2;19;1;
202300051340;155589474;A01;0;7;8;0;2;1;1;
202300051341;155589471;A01;2;7;0;2;1;1;1;
202300051341;155589475;B01;2;2;0;2;4;1;3;
202300051342;155589470;A01;1;7;3;2;1;2;1;
202300051342;155589477;B01;1;7;3;0;4;2;1;
202300051343;155589468;A01;1;7;13;0;1;0;1;
202300051344;155589464;A01;2;10;0;1;1;1;1;
202300051345;155589461;A01;3;10;6;0;4;25;1;
202300051346;155589460;A01;1;7;0;2;5;16;1;
202300051346;155589465;B01;1;7;0;2;1;1;1;
202300051347;155589459;A01;1;7;6;0;1;1;1;
202300051348;155589458;A01;2;7;2;2;6;1;2;
202300051348;155589463;B01;2;7;0;2;5;1;1;
202300051348;155589466;Z01;2;7;0;2;2;3;1;
202300051349;155589457;A01;1;7;3;0;2;1;1;
202300051350;155589456;A01;2;50;0;2;8;13;3;
202300051350;155589462;B01;1;7;0;9;7;13;1;
202300051351;155589455;A01;3;10;1;0;2;1;3;
202300051352;155589450;A01;3;7;0;9;8;18;0;
202300051352;155589453;B01;3;1;0;2;5;2;5;
202300051353;155589449;A01;3;30;0;2;1;17;1;
202300051353;155589454;B01;3;10;0;2;3;10;1;
202300051354;155589445;A01;1;10;0;1;1;1;6;
202300051355;155589448;A01;0;31;0;1;1;26;1;
202300051356;155589444;A01;2;7;0;2;9;17;1;
202300051356;155589447;B01;2;7;0;2;6;23;2;
202300051356;155589452;C01;2;7;0;2;5;23;2;
202300051357;155589443;A01;1;7;0;2;2;15;1;
202300051357;155589451;B01;1;10;0;2;3;1;1;
202300051358;155589441;A01;1;7;13;0;1;17;1;
202300051359;155589439;A01;1;7;0;1;1;1;1;
202300051360;155589436;A01;3;50;6;0;1;1;3;
202300051361;155589435;A01;2;7;0;4;3;1;1;
202300051361;155589440;B01;1;40;0;2;2;1;3;
202300051362;155589434;B01;2;7;0;0;0;0;0;
202300051362;155589438;A01;1;7;0;0;0;0;0;
202300051363;155589431;A01;2;7;6;0;2;1;1;
202300051364;155589433;B01;1;1;0;2;1;1;5;
202300051364;155589437;A01;1;7;0;0;7;15;1;
202300051365;155589430;A01;2;7;0;1;0;0;0;
202300051366;155589428;A01;1;7;3;2;2;17;1;
202300051366;155589432;B01;1;7;3;2;6;13;1;
202300051367;155589425;B01;3;2;0;2;7;0;0;
202300051367;155589429;A01;3;7;0;2;7;9;0;
202300051368;155589424;A01;1;33;0;2;1;1;1;
202300051368;155589427;B01;2;30;0;2;1;1;1;
202300051369;155589421;A01;2;7;1;0;2;21;0;
202300051369;155589426;B01;1;7;0;2;3;24;0;
202300051370;155589422;A01;1;31;0;0;2;16;1;
202300051371;155589418;A01;3;7;0;1;1;9;1;
202300051372;155589420;A01;1;7;0;2;1;15;1;
202300051372;155589423;B01;1;50;0;2;7;1;3;
202300051373;155589416;B01;1;33;16;0;7;1;1;
202300051374;155589414;A01;2;7;0;2;1;1;1;
202300051374;155589419;B01;2;7;0;0;4;1;1;
202300051375;155589413;A01;2;7;0;1;3;1;1;
202300051376;155589412;A01;3;50;8;0;6;19;3;
202300051377;155589409;A01;2;7;0;2;3;16;1;
202300051377;155589415;B01;1;7;0;2;3;15;1;
202300051378;155589408;A01;1;7;0;2;2;1;0;
202300051378;155589417;B01;2;13;0;2;8;19;0;
202300051379;155589407;A01;3;7;0;2;6;11;1;
202300051379;155589411;B01;3;7;0;2;1;1;1;
202300051380;155589406;B01;1;7;0;2;7;1;1;
202300051380;155589410;A01;1;30;0;2;8;17;3;
202300051381;155589403;A01;0;7;0;1;1;1;0;
202300051382;155589398;A01;1;7;2;0;1;14;1;
202300051383;155589396;A01;2;7;0;2;2;12;1;
202300051383;155589405;B01;2;7;0;9;6;1;1;
202300051384;155589397;A01;0;7;0;2;3;15;2;
202300051384;155589404;Y01;0;60;0;2;8;19;5;
202300051385;155589400;A01;1;38;0;1;5;1;0;1.0
202300051386;155589394;A01;2;31;0;2;1;1;1;
202300051386;155589399;B01;1;7;0;2;3;1;1;
202300051386;155589402;C01;2;7;0;2;3;1;1;
202300051387;155589395;A01;3;7;0;2;3;15;2;
202300051387;155589401;B01;3;7;0;2;2;1;1;
202300051388;155589389;A01;1;7;0;1;3;1;1;
202300051389;155589385;A01;1;7;0;2;1;15;1;
202300051389;155589392;B01;2;32;0;2;1;1;1;
202300051390;155589386;A01;1;32;0;1;1;2;1;
202300051391;155589387;A01;2;7;0;2;3;5;1;
202300051391;155589393;B01;1;7;0;2;3;1;1;
202300051392;155589384;B01;0;7;0;2;4;2;1;
202300051392;155589390;A01;0;7;0;2;4;17;1;
202300051393;155589383;A01;2;7;0;2;2;1;1;
202300051393;155589391;B01;1;14;0;2;6;1;1;
202300051394;155589382;A01;3;30;0;2;1;1;6;
202300051394;155589388;B01;3;7;0;2;6;9;1;
202300051395;155589375;B01;1;33;0;2;1;1;1;
202300051395;155589381;A01;3;7;0;2;3;9;1;
202300051396;155589373;B01;1;7;0;2;3;1;1;
202300051396;155589377;A01;1;50;0;2;1;9;3;
202300051397;155589372;A01;2;7;0;2;1;1;1;
202300051397;155589376;C01;2;7;0;2;5;1;1;
202300051397;155589380;B01;2;7;0;2;6;1;1;
202300051398;155589370;B01;1;15;0;2;4;1;1;
202300051398;155589378;A01;1;10;0;2;1;1;1;
202300051399;155589371;A01;2;7;0;2;1;5;1;
202300051399;155589379;B01;1;7;0;2;1;1;1;
202300051400;155589374;B01;1;32;0;1;3;1;3;
202300051401;155589367;A01;2;7;4;2;1;9;1;
202300051401;155589369;B01;2;7;0;2;3;1;1;
202300051402;155589364;A01;1;10;0;2;3;15;1;
202300051402;155589366;B01;1;1;0;2;3;1;5;
202300051403;155589363;A01;1;7;0;2;1;1;0;
202300051403;155589368;B01;1;7;0;2;4;1;0;
202300051404;155589362;A01;1;7;0;2;3;10;1;
202300051404;155589365;B01;1;33;0;2;2;17;1;
202300051405;155589361;Z01;3;7;0;1;0;0;0;
202300051406;155589359;A01;2;2;0;0;2;26;1;
202300051407;155589358;A01;1;7;2;0;1;15;1;
202300051408;155589355;A01;1;30;16;2;1;1;1;
202300051408;155589356;B01;3;10;0;2;4;1;1;
202300051409;155589357;A01;0;10;9;0;1;1;0;
202300051410;155589352;A01;0;7;0;0;1;1;0;
202300051411;155589354;A01;1;3;0;2;3;15;1;
202300051411;155589360;B01;2;7;0;2;2;1;1;
202300051412;155589348;B01;2;7;0;2;5;2;1;
202300051412;155589351;A01;2;7;0;2;3;2;1;
202300051413;155589349;B01;2;7;13;2;3;1;1;
202300051413;155589353;A01;1;7;0;2;3;13;1;
202300051414;155589346;B01;1;17;0;2;1;1;1;
202300051414;155589347;A01;2;17;0;2;2;13;1;
202300051415;155589350;A01;3;7;0;1;3;1;1;
202300051416;155589344;A01;3;7;0;1;2;13;1;
202300051417;155589342;A01;2;33;0;2;1;1;1;
202300051417;155589345;B01;1;7;0;9;2;15;1;
202300051418;155589341;A01;3;7;16;0;1;1;1;
202300051419;155589338;A01;3;7;8;0;7;0;1;
202300051420;155589339;A01;1;31;0;2;1;13;1;
202300051420;155589343;B01;2;7;0;2;3;1;0;
202300051421;155589335;A01;1;7;0;2;2;13;1;
202300051421;155589340;B01;2;7;0;2;2;1;1;
202300051422;155589331;B01;1;1;0;2;1;1;5;
202300051422;155589334;A01;1;7;0;2;5;15;1;
202300051423;155589332;B01;3;7;0;2;3;16;1;
202300051423;155589337;A01;3;7;0;2;7;1;1;
202300051424;155589333;A01;1;7;0;2;3;11;1;
202300051424;155589336;B01;1;43;0;2;1;3;1;
202300051425;155589325;A01;2;7;0;0;4;1;1;
202300051425;155589329;B01;2;7;0;2;1;1;1;
202300051426;155589324;B01;1;7;0;2;1;1;1;
202300051426;155589330;A01;1;7;0;2;7;15;1;
202300051427;155589323;A01;1;10;0;2;4;1;1;
202300051427;155589328;B01;1;33;0;2;1;2;1;
202300051428;155589326;A01;1;33;5;0;3;15;0;
202300051429;155589321;A01;2;33;0;2;7;1;1;
202300051429;155589327;B01;2;7;0;2;1;19;1;
202300051430;155589320;A01;3;7;0;1;1;15;0;
202300051431;155589319;A01;2;7;0;0;9;14;1;
202300051432;155589318;A01;2;33;0;2;2;3;1;
202300051432;155589322;B01;3;7;0;2;3;12;0;
202300051433;155589311;B01;2;10;0;2;5;1;1;
202300051433;155589316;A01;2;31;0;2;1;14;1;
202300051434;155589309;A01;1;7;0;2;6;23;0;
202300051434;155589312;B01;1;31;1;0;1;2;1;
202300051435;155589313;A01;3;7;0;2;8;1;1;
202300051435;155589317;B01;3;1;0;2;3;21;5;
202300051436;155589308;A01;1;7;16;0;1;1;1;
202300051437;155589307;B01;1;10;0;2;3;1;1;
202300051437;155589315;A01;1;1;0;2;0;1;5;
202300051438;155589306;A01;1;33;0;2;7;1;1;
202300051438;155589310;B01;1;7;0;2;8;1;1;
202300051439;155589305;B01;0;7;8;2;3;1;1;
202300051439;155589314;A01;3;7;0;2;2;9;1;
202300051440;155589304;A01;2;7;4;0;2;16;1;
202300051441;155589301;A01;1;7;0;0;1;15;1;
202300051441;155589303;B01;1;7;0;0;4;15;1;
202300051442;155589300;B01;1;33;0;2;1;1;6;
202300051442;155589302;A01;2;7;0;2;3;26;6;
202300051443;155589297;A01;3;33;0;1;1;1;1;
202300051444;155589295;B01;3;1;0;2;1;9;5;
202300051444;155589299;A01;3;7;0;9;3;1;1;
202300051445;155589294;A01;1;7;0;9;1;16;1;
202300051445;155589298;B01;3;50;0;2;7;19;3;
202300051446;155589291;B01;3;7;0;2;3;21;1;
202300051446;155589296;A01;3;7;0;2;3;21;1;
202300051447;155589290;B01;1;99;0;2;3;12;3;
202300051447;155589292;A01;1;7;0;9;2;11;1;
202300051448;155589289;A01;3;7;6;0;1;1;1;
202300051449;155589285;A01;2;15;0;2;1;1;1;
202300051449;155589288;B01;2;80;0;2;4;1;3;
202300051450;155589283;A01;2;7;0;2;1;2;1;
202300051450;155589286;B01;1;1;0;2;1;1;5;
202300051451;155589281;B01;2;7;0;2;8;1;1;
202300051451;155589287;A01;2;7;0;2;1;1;1;
202300051452;155589280;B01;1;1;0;2;4;2;5;
202300051452;155589284;A01;1;7;0;2;2;15;1;
202300051453;155589278;B01;2;34;0;2;1;1;1;
202300051453;155589282;A01;2;7;0;2;1;1;1;
202300051454;155589275;A01;3;7;0;1;1;16;2;
202300051455;155589277;A01;1;7;0;2;3;15;1;
202300051455;155589279;B01;2;7;6;2;1;1;1;
202300051456;155589271;A01;1;7;2;0;1;1;1;
202300051457;155589272;C01;2;7;0;2;1;2;1;
202300051457;155589274;B01;2;7;0;2;4;2;1;
202300051457;155589293;A01;2;7;0;2;1;2;1;
202300051458;155589270;A01;1;7;2;0;1;13;1;
202300051459;155589268;A01;1;7;0;2;3;1;1;
202300051459;155589276;B01;1;7;3;0;2;1;1;
202300051460;155589265;A01;1;2;13;0;1;1;1;
202300051461;155589263;B01;1;1;0;2;8;16;5;
202300051461;155589266;A01;1;7;0;2;0;16;3;
202300051462;155589261;A01;2;7;4;0;1;2;1;
202300051463;155589258;A01;3;7;2;0;0;0;1;
202300051463;155589264;B01;3;7;0;0;4;0;1;
202300051463;155589267;C01;0;7;0;2;1;0;1;
202300051463;155589269;D01;0;7;0;2;1;0;1;
202300051463;155589273;E01;0;7;0;2;1;0;1;
202300051464;155589256;B01;1;80;0;2;4;1;3;
202300051464;155589260;A01;1;0;0;9;1;1;0;
202300051465;155589257;B01;2;32;0;2;8;1;1;
202300051465;155589262;A01;1;7;0;2;1;15;1;
202300051466;155589254;A01;1;7;0;2;3;13;1;
202300051466;155589259;B01;2;7;0;2;3;1;1;
202300051467;155589249;A01;2;7;0;2;1;16;1;
202300051467;155589252;B01;1;1;0;2;3;1;5;
202300051468;155589246;A01;1;2;8;2;2;2;1;
202300051468;155589251;B01;1;2;0;2;4;2;1;
202300051469;155589248;B01;2;7;0;2;1;1;1;
202300051469;155589255;A01;1;7;0;2;1;1;1;
202300051470;155589245;A01;1;15;0;2;2;12;1;
202300051470;155589250;B01;1;7;0;2;6;1;1;
202300051470;155589253;C01;1;42;0;2;1;1;1;
202300051471;155589243;A01;3;7;0;2;2;15;1;
202300051471;155589247;B01;3;1;0;2;0;0;5;
202300051472;155589244;A01;2;33;4;0;0;1;1;
202300051473;155589240;A01;1;33;0;0;0;1;1;
202300051474;155589237;A01;1;10;13;0;2;21;1;
202300051475;155589235;A01;2;33;0;2;1;1;1;
202300051475;155589239;B01;2;50;0;0;6;19;3;
202300051476;155589234;B01;2;7;0;2;8;11;1;
202300051476;155589238;A01;2;33;0;2;2;3;1;
202300051477;155589233;B01;1;7;0;2;1;13;1;
202300051477;155589242;A01;2;7;0;2;1;1;1;
202300051478;155589232;A01;3;7;0;2;8;15;1;
202300051478;155589241;B01;1;33;0;2;1;1;1;
202300051479;155589230;B01;3;7;0;2;0;9;1;
202300051479;155589236;A01;3;2;0;2;0;1;1;