Num_Acc;id_vehicule;num_veh;senc;catv;obs;obsm;choc;manv;motor;occutc
202300051480;155589225;A01;1;7;0;1;3;1;1;
202300051481;155589224;A01;2;31;0;0;8;3;1;
202300051482;155589228;A01;1;7;8;2;1;14;1;
202300051482;155589231;B01;1;7;0;0;7;23;1;
202300051483;155589220;A01;2;7;9;0;0;6;1;
202300051484;155589221;A01;2;7;0;2;1;2;1;
202300051484;155589227;B01;2;17;0;2;4;1;1;
202300051485;155589222;A01;1;1;0;0;2;0;5;
202300051486;155589223;A01;3;7;0;2;3;15;1;
202300051486;155589226;B01;3;7;0;2;1;1;1;
202300051487;155589218;A01;3;7;15;0;1;13;1;
202300051488;155589215;A01;1;7;2;0;9;6;1;
202300051489;155589213;B01;2;7;0;2;4;23;1;
202300051489;155589217;C01;2;7;0;2;4;23;1;
202300051489;155589219;A01;2;7;0;2;1;2;1;
202300051490;155589212;A01;2;7;0;1;7;1;1;
202300051491;155589211;A01;2;7;6;0;1;14;1;
202300051492;155589210;A01;1;7;0;9;2;17;1;
202300051492;155589216;B01;1;1;0;2;3;15;5;
202300051493;155589209;A01;1;7;0;2;7;12;2;
202300051493;155589214;B01;1;32;0;2;8;1;1;
202300051494;155589207;A01;1;7;0;2;3;2;1;
202300051494;155589208;B01;1;1;0;2;3;12;5;
202300051495;155589205;A01;2;7;8;0;1;26;1;
202300051496;155589201;A01;0;7;6;0;1;0;0;
202300051497;155589199;Z01;3;7;8;2;1;5;1;
202300051497;155589202;A01;3;7;0;2;2;1;1;
202300051498;155589197;B01;1;33;0;2;2;1;1;
202300051498;155589206;A01;1;7;0;2;3;16;1;
202300051499;155589200;B01;1;2;4;2;8;19;1;
202300051499;155589204;A01;1;33;8;2;1;17;1;
202300051500;155589196;B01;2;50;0;2;8;17;3;
202300051500;155589203;A01;1;7;0;2;2;1;1;
202300051501;155589195;A01;2;10;0;2;2;15;1;
202300051501;155589198;B01;1;2;0;2;1;1;1;
202300051502;155589190;Z01;3;7;0;1;2;5;1;
202300051503;155589187;A01;3;33;0;2;1;1;1;
202300051503;155589193;B01;3;7;7;0;2;19;1;
202300051504;155589189;B01;1;7;3;2;8;1;1;
202300051504;155589194;A01;1;7;3;2;2;17;1;
202300051505;155589192;A01;1;7;13;0;1;15;1;
202300051506;155589184;C01;1;7;3;2;1;1;1;
202300051506;155589188;B01;2;7;0;0;6;1;1;
202300051506;155589191;A01;2;7;0;2;1;1;1;
202300051507;155589186;Z01;1;30;0;1;0;1;0;
202300051508;155589181;A01;2;7;13;0;9;0;0;
202300051509;155589182;B01;2;7;0;2;2;23;1;
202300051509;155589185;A01;2;31;0;2;0;5;1;
202300051510;155589179;A01;2;21;0;1;0;1;1;
202300051511;155589176;B01;2;7;0;2;3;1;1;
202300051511;155589180;A01;1;7;0;2;3;13;1;
202300051512;155589175;A01;3;34;0;2;7;17;1;
202300051512;155589178;B01;3;7;0;2;8;15;1;
202300051513;155589174;A01;2;7;0;2;6;20;1;
202300051513;155589183;Y01;2;1;1;2;2;1;5;
202300051514;155589173;A01;1;7;0;2;8;1;1;
202300051514;155589177;B01;1;10;0;2;2;16;1;
202300051515;155589171;A01;2;7;0;1;1;15;1;
202300051516;155589170;A01;2;10;0;1;1;1;1;
202300051517;155589168;A01;1;7;0;2;2;1;1;
202300051517;155589172;B01;1;7;0;2;1;1;1;
202300051518;155589165;A01;1;2;0;0;2;15;1;
202300051518;155589169;B01;1;7;0;2;2;1;1;
202300051519;155589164;B01;1;1;0;2;2;1;5;
202300051519;155589167;A01;2;7;0;2;3;1;1;
202300051520;155589162;A01;1;1;0;2;0;1;5;
202300051520;155589163;B01;1;1;0;2;4;1;5;
202300051520;155589166;C01;1;1;0;2;1;1;5;
202300051521;155589161;A01;1;7;0;1;1;1;1;
202300051522;155589158;A01;2;33;0;0;1;13;1;
202300051523;155589159;A01;2;7;15;0;1;1;1;
202300051524;155589160;A01;0;7;0;1;1;15;1;
202300051525;155589154;A01;2;7;3;2;1;1;1;
202300051525;155589155;B01;1;7;0;2;1;1;1;
202300051526;155589156;A01;0;0;0;1;1;16;0;
202300051527;155589153;A01;1;43;0;2;3;1;1;
202300051527;155589157;B01;1;7;0;2;5;1;2;
202300051528;155589151;A01;2;7;0;1;2;1;1;
202300051529;155589152;A01;3;7;0;1;3;15;1;
202300051530;155589146;A01;1;7;0;2;1;15;0;
202300051530;155589147;B01;1;31;0;2;1;1;0;
202300051531;155589148;A01;2;7;0;2;3;13;1;
202300051531;155589149;B01;1;7;0;2;3;1;1;
202300051532;155589142;A01;1;7;0;2;2;16;2;
202300051532;155589144;B01;1;2;0;2;1;1;1;
202300051533;155589145;A01;1;7;0;2;3;26;1;
202300051533;155589150;B01;2;33;0;2;1;3;1;
202300051534;155589135;C01;2;7;0;2;2;1;1;
202300051534;155589138;A01;1;7;0;2;3;13;1;
202300051534;155589140;B01;2;7;0;2;3;1;1;
202300051535;155589141;A01;3;7;2;0;1;13;1;
202300051536;155589137;A01;2;2;13;0;7;1;1;
202300051537;155589132;Z01;1;7;0;2;0;1;1;
202300051537;155589134;B01;1;1;0;2;8;1;5;
202300051538;155589133;A01;3;37;0;2;7;7;1;1.0
202300051538;155589139;B01;3;50;0;2;8;7;3;
202300051539;155589131;A01;2;10;10;0;3;14;1;
202300051540;155589136;A01;3;7;0;2;1;15;1;
202300051540;155589143;Z01;3;7;0;2;1;1;1;
202300051541;155589126;A01;1;7;8;0;0;0;1;
202300051542;155589124;A01;2;7;0;2;3;15;1;
202300051542;155589127;B01;2;1;0;2;8;1;5;
202300051543;155589123;A01;2;33;12;0;3;1;1;
202300051544;155589121;B01;1;7;0;0;7;19;1;
202300051544;155589130;A01;1;7;0;2;1;1;1;
202300051545;155589122;A01;2;31;0;0;0;1;3;
202300051546;155589120;B01;2;7;0;2;2;1;1;
202300051546;155589128;A01;2;7;0;2;3;1;1;
202300051547;155589125;A01;1;2;0;0;0;17;1;
202300051547;155589129;B01;2;7;0;0;0;15;1;
202300051548;155589117;A01;2;7;0;0;2;0;1;
202300051548;155589119;B01;1;7;0;0;1;26;1;
202300051549;155589116;A01;2;7;13;0;9;1;0;
202300051550;155589114;Z01;2;10;0;2;6;24;0;
202300051550;155589118;A01;2;1;1;0;6;2;5;
202300051551;155589109;A01;1;7;0;2;3;15;1;
202300051551;155589113;B01;1;2;0;2;0;15;1;
202300051552;155589112;A01;0;10;0;2;2;1;1;
202300051552;155589115;B01;0;7;0;2;6;1;6;
202300051553;155589105;A01;2;7;0;1;7;1;1;
202300051554;155589106;A01;2;7;0;0;8;15;1;
202300051554;155589108;B01;2;2;0;2;2;17;1;
202300051555;155589110;A01;2;50;0;0;2;1;3;
202300051556;155589107;A01;2;33;0;2;2;1;1;
202300051556;155589111;B01;2;37;0;2;6;13;1;1.0
202300051557;155589104;A01;2;7;13;0;2;1;1;
202300051558;155589101;B01;1;34;0;2;6;1;1;
202300051558;155589102;A01;1;7;0;2;0;0;0;
202300051559;155589097;B01;1;7;0;2;6;16;1;
202300051559;155589100;C01;2;7;0;2;8;1;1;
202300051559;155589103;A01;1;7;0;2;1;2;1;
202300051560;155589098;A01;2;7;0;2;2;15;2;
202300051560;155589099;B01;1;50;0;2;1;1;3;
202300051561;155589094;A01;3;7;0;0;4;2;1;
202300051561;155589096;B01;3;7;0;2;1;2;1;
202300051562;155589088;A01;0;7;0;1;1;1;1;
202300051563;155589089;B01;2;1;0;2;1;1;5;
202300051563;155589090;A01;2;7;0;2;2;9;1;
202300051564;155589092;A01;2;7;0;1;2;1;1;
202300051565;155589086;A01;2;7;0;2;1;13;0;
202300051565;155589095;B01;1;15;0;2;1;1;1;
202300051566;155589087;A01;1;7;2;0;2;14;1;
202300051567;155589084;A01;2;7;0;0;7;1;1;
202300051567;155589085;C01;1;7;0;2;1;1;1;
202300051567;155589091;B01;1;10;0;2;1;1;1;
202300051568;155589083;A01;1;7;0;1;1;1;1;
202300051569;155589093;A01;2;7;0;1;1;16;1;
202300051570;155589081;A01;2;80;0;2;8;15;3;
202300051570;155589082;B01;2;43;0;2;1;1;1;
202300051571;155589078;A01;1;7;0;1;3;1;1;
202300051572;155589076;A01;1;50;0;1;8;1;3;
202300051573;155589075;A01;1;7;0;2;3;13;1;
202300051573;155589080;B01;1;7;0;2;6;1;1;
202300051574;155589070;A01;1;10;1;1;1;1;1;
202300051575;155589072;A01;2;33;0;1;1;1;1;
202300051576;155589077;A01;2;7;3;0;2;14;1;
202300051577;155589071;A01;1;10;0;2;3;13;1;
202300051577;155589074;B01;2;7;0;2;3;1;1;
202300051578;155589067;A01;2;7;9;0;1;0;1;
202300051579;155589069;A01;2;7;0;2;2;15;1;
202300051579;155589079;B01;1;7;0;2;7;21;1;
202300051580;155589065;A01;1;33;0;0;9;21;1;
202300051581;155589063;A01;1;7;0;1;1;1;1;
202300051582;155589060;A01;0;10;0;2;2;16;1;
202300051582;155589062;B01;0;33;0;2;2;18;1;
202300051583;155589068;A01;1;7;0;1;3;1;1;
202300051584;155589058;A01;1;10;7;0;2;13;1;
202300051585;155589056;A01;3;50;0;1;1;0;3;
202300051586;155589052;A01;0;7;0;2;3;13;1;
202300051586;155589054;B01;0;34;0;2;2;17;1;
202300051587;155589049;A01;0;7;2;0;1;0;1;
202300051588;155589053;A01;2;7;0;2;1;5;1;
202300051588;155589059;B01;1;7;0;2;1;1;1;
202300051589;155589055;A01;2;7;0;2;4;1;1;
202300051589;155589061;B01;2;7;0;2;4;1;1;
202300051589;155589066;C01;2;10;0;2;4;1;1;
202300051589;155589073;D01;2;7;0;2;1;1;1;
202300051590;155589048;A01;2;7;0;2;1;1;1;
202300051590;155589050;B01;3;50;0;2;2;9;3;
202300051591;155589044;A01;2;7;8;0;6;26;1;
202300051592;155589043;A01;1;32;0;2;3;19;1;
202300051592;155589046;B01;1;7;0;2;3;19;1;
202300051593;155589042;A01;1;32;0;1;1;1;1;
202300051594;155589047;Z01;3;1;0;1;1;1;5;
202300051595;155589036;A01;3;7;0;1;0;26;0;
202300051596;155589037;A01;1;7;2;0;1;1;1;
202300051597;155589035;A01;1;33;1;9;7;17;1;
202300051597;155589038;B01;1;1;1;0;6;17;5;
202300051598;155589039;A01;1;15;0;0;4;24;1;
202300051598;155589045;B01;1;10;1;0;1;1;1;
202300051599;155589034;B01;2;10;0;2;8;1;1;
202300051599;155589040;A01;2;32;0;2;7;18;1;
202300051600;155589030;A01;2;7;0;2;3;5;1;
202300051600;155589032;B01;1;7;0;2;3;1;1;
202300051601;155589022;A01;3;7;0;1;4;4;1;
202300051602;155589023;A01;1;7;0;2;7;2;2;
202300051602;155589028;B01;1;7;0;2;2;20;2;
202300051603;155589018;B01;2;7;0;2;0;1;1;
202300051603;155589024;C01;2;7;0;2;0;1;1;
202300051603;155589026;A01;2;33;0;2;0;3;1;
202300051604;155589025;A01;2;7;0;2;3;15;1;
202300051604;155589029;B01;2;43;0;2;7;17;1;
202300051605;155589021;A01;3;7;2;0;1;1;1;
202300051606;155589017;C01;2;7;4;0;3;1;1;
202300051606;155589019;A01;2;7;13;0;9;1;1;
202300051606;155589027;B01;2;7;13;0;9;1;1;
202300051607;155589014;A01;1;7;0;1;1;1;1;
202300051608;155589020;C01;3;7;12;2;4;23;3;
202300051608;155589031;A01;3;7;0;2;3;16;1;
202300051608;155589033;B01;3;7;12;2;4;23;1;
202300051609;155589012;A01;3;30;0;2;2;1;1;
202300051609;155589016;B01;3;7;0;2;8;1;1;
202300051610;155589007;A01;2;7;0;2;1;2;1;
202300051610;155589010;B01;1;2;10;2;7;15;1;
202300051611;155589008;A01;2;7;0;2;1;2;1;
202300051611;155589011;B01;2;7;0;2;1;1;1;
202300051611;155589015;C01;2;7;0;2;4;0;3;
202300051612;155589005;A01;2;7;0;2;3;13;1;
202300051612;155589009;B01;1;7;0;2;3;1;1;
202300051613;155589006;A01;1;7;1;0;3;1;1;
202300051614;155588999;A01;2;7;13;0;0;1;1;
202300051615;155588997;C01;3;7;0;2;2;9;1;
202300051615;155589002;A01;3;7;0;2;6;4;1;
202300051615;155589004;B01;3;1;0;2;4;1;5;
202300051616;155588993;B01;2;7;0;2;1;23;1;
202300051616;155589000;A01;2;7;4;0;3;1;1;
202300051617;155588991;A01;0;7;0;2;1;2;2;
202300051617;155588994;B01;0;32;0;2;1;23;1;
202300051617;155588998;C01;0;7;0;2;4;23;1;
202300051617;155589003;D01;0;7;0;2;4;23;1;
202300051617;155589013;E01;0;7;0;2;8;23;1;
202300051618;155588992;A01;1;7;1;0;1;1;1;
202300051619;155588989;A01;1;7;9;0;3;16;1;
202300051620;155588988;A01;1;7;0;0;1;12;1;
202300051621;155588987;A01;2;7;0;2;2;12;1;
202300051621;155588990;B01;2;10;0;2;6;1;1;
202300051622;155588984;A01;1;7;16;0;1;0;1;
202300051623;155588982;B01;3;7;0;2;3;15;1;
202300051623;155588986;A01;3;32;0;2;1;17;1;
202300051624;155588979;A01;2;2;0;0;3;1;1;
202300051625;155588976;A01;3;7;0;2;1;2;1;
202300051625;155588981;B01;3;7;0;2;1;2;1;
202300051626;155588975;A01;2;17;0;2;2;12;1;
202300051626;155588977;B01;2;7;4;2;8;1;1;
202300051627;155588980;B01;1;7;0;2;6;11;1;
202300051627;155588983;A01;1;31;0;2;2;1;1;
202300051628;155588978;A01;2;7;0;2;3;1;1;
202300051628;155588985;B01;2;7;0;1;5;23;1;
202300051629;155588974;A01;2;33;0;0;0;2;1;
202300051630;155588969;A01;1;7;16;0;1;1;1;
202300051631;155588965;A01;2;33;0;2;8;2;1;
202300051631;155588970;B01;2;7;0;2;7;1;2;
202300051631;155588972;C01;2;10;0;2;6;1;1;
202300051632;155588966;B01;3;50;0;2;2;19;3;
202300051632;155588973;A01;3;7;0;2;3;1;1;
202300051633;155588962;B01;1;7;0;2;3;1;1;
202300051633;155588968;A01;2;10;0;2;3;13;1;
202300051634;155588964;B01;1;7;0;2;3;16;0;
202300051634;155588971;A01;2;7;0;2;1;15;0;
202300051635;155588961;A01;1;33;0;2;2;17;0;
202300051635;155588967;B01;1;7;0;2;3;15;1;
202300051636;155588960;A01;1;10;0;2;6;12;1;
202300051636;155588963;B01;1;32;0;2;1;1;1;
202300051637;155588959;A01;1;10;0;1;2;0;1;
202300051638;155588956;A01;2;14;0;2;4;26;1;
202300051638;155588958;B01;2;7;0;2;1;23;1;
202300051639;155588950;A01;1;32;0;2;3;3;1;
202300051639;155588953;B01;2;10;0;2;3;1;1;
202300051639;155588957;C01;1;7;0;2;8;1;1;
202300051640;155588951;A01;1;1;14;0;1;26;5;
202300051641;155588948;A01;2;10;0;1;3;21;1;
202300051642;155588947;A01;2;7;0;2;7;15;1;
202300051642;155588952;B01;2;50;0;2;7;1;3;
202300051643;155588944;A01;1;7;0;0;8;1;1;
202300051643;155588949;B01;1;50;0;2;1;1;3;
202300051644;155588942;A01;3;7;0;2;1;2;1;
202300051644;155588945;B01;0;7;0;2;4;2;1;
202300051644;155588955;C01;0;7;0;2;4;2;1;
202300051645;155588935;A01;2;7;0;2;1;13;1;
202300051645;155588940;B01;1;7;0;2;1;1;1;
202300051645;155588946;C01;1;7;0;2;2;1;1;
202300051646;155588934;B01;1;80;0;2;3;1;3;
202300051646;155588939;A01;1;10;0;2;5;4;1;
202300051647;155588932;A01;2;37;1;0;7;17;1;1.0
202300051647;155588938;B01;2;7;0;2;6;24;1;
202300051648;155588933;A01;2;10;13;0;2;13;1;
202300051649;155588931;A01;1;7;0;2;1;1;1;
202300051649;155588936;B01;1;7;0;2;4;2;3;
202300051649;155588943;C01;1;7;0;2;5;2;1;
202300051650;155588928;B01;2;7;0;0;4;0;1;
202300051650;155588930;A01;2;7;1;0;1;0;1;
202300051651;155588921;A01;2;2;0;0;0;2;1;
202300051652;155588923;A01;1;2;0;2;4;1;0;
202300051652;155588927;B01;1;10;0;2;2;1;0;
202300051653;155588919;B01;1;7;14;2;1;1;1;
202300051653;155588925;A01;1;7;3;2;3;2;1;
202300051654;155588918;B01;2;7;0;2;1;1;1;
202300051654;155588924;C01;2;7;0;2;1;1;1;
202300051654;155588929;A01;1;7;0;2;1;5;1;
202300051655;155588920;B01;0;7;0;9;1;1;1;
202300051655;155588926;A01;3;1;0;2;1;15;5;
202300051656;155588916;A01;1;7;0;0;0;2;1;
202300051657;155588915;A01;2;7;0;2;1;0;0;
202300051657;155588922;B01;1;7;0;2;0;0;0;
202300051658;155588911;A01;2;7;0;2;1;1;6;
202300051658;155588913;B01;1;7;0;2;1;2;6;
202300051658;155588917;C01;1;7;0;2;3;13;6;
202300051659;155588910;A01;2;7;0;1;3;16;1;
202300051660;155588902;A01;1;7;0;2;1;13;1;
202300051660;155588907;B01;2;10;0;2;1;2;1;
202300051661;155588898;C01;2;7;0;2;8;23;1;
202300051661;155588906;B01;1;7;0;2;1;19;1;
202300051661;155588914;A01;2;33;0;2;3;1;1;
202300051662;155588897;A01;1;7;0;2;1;5;1;
202300051662;155588904;B01;1;7;0;2;1;2;1;
202300051662;155588908;D01;2;7;0;2;1;2;1;
202300051662;155588912;C01;1;7;0;2;1;1;1;
202300051663;155588899;A01;0;7;0;2;2;19;1;
202300051663;155588903;B01;0;7;0;2;2;0;1;
202300051664;155588896;A01;2;7;0;1;0;1;0;
202300051665;155588895;A01;1;80;0;2;1;1;3;
202300051665;155588901;B01;2;7;0;2;3;1;1;
202300051666;155588894;A01;1;10;14;0;1;1;1;
202300051667;155588893;C01;1;15;0;2;4;2;1;
202300051667;155588900;B01;1;7;0;2;4;2;1;
202300051667;155588905;A01;1;37;0;2;1;2;1;1.0
202300051668;155588892;A01;1;2;0;0;0;0;1;
202300051669;155588887;A01;1;7;0;2;2;1;1;
202300051669;155588890;B01;1;1;0;2;0;13;5;
202300051670;155588884;A01;1;7;0;2;3;9;1;
202300051670;155588891;B01;1;2;0;2;3;9;1;
202300051671;155588883;A01;2;7;0;2;3;13;1;
202300051671;155588888;B01;1;15;0;2;3;1;1;
202300051672;155588880;A01;1;7;0;2;2;1;1;
202300051672;155588885;B01;1;7;0;2;3;1;1;
202300051673;155588881;A01;1;7;0;2;3;1;0;
202300051673;155588889;B01;1;32;0;0;0;0;0;
202300051674;155588878;B01;2;7;0;2;1;0;0;
202300051674;155588886;A01;1;7;0;2;1;0;0;
202300051675;155588877;A01;1;7;0;2;1;2;1;
202300051675;155588882;B01;1;7;0;2;4;2;1;
202300051676;155588875;B01;2;7;0;0;2;9;1;
202300051676;155588879;A01;1;7;0;0;3;9;1;
202300051677;155588874;A01;1;7;0;1;1;1;1;
202300051678;155588872;A01;1;7;0;2;2;0;1;
202300051678;155588876;B01;0;30;0;2;3;0;1;
202300051679;155588870;A01;3;7;0;1;3;15;1;
202300051680;155588868;A01;1;17;0;0;6;24;1;
202300051680;155588873;B01;1;10;1;0;2;14;1;
202300051681;155588869;A01;2;3;0;2;3;15;1;
202300051681;155588871;B01;1;7;0;2;3;1;1;
202300051682;155588867;A01;0;7;0;1;1;1;0;
202300051683;155588865;A01;1;2;3;0;2;1;1;
202300051684;155588863;A01;1;7;2;0;2;13;1;
202300051685;155588861;A01;2;10;0;2;3;13;1;
202300051685;155588864;B01;1;7;0;2;3;1;1;
202300051686;155588860;A01;2;33;3;0;8;1;1;
202300051687;155588854;A01;1;7;0;9;3;9;0;
202300051687;155588858;B01;1;1;0;2;2;1;5;
202300051688;155588853;B01;1;7;0;2;1;1;1;
202300051688;155588856;A01;1;7;0;2;2;19;1;
202300051689;155588852;A01;2;7;0;2;2;15;1;
202300051689;155588859;B01;1;32;0;2;1;1;1;
202300051690;155588851;A01;3;33;0;2;1;1;1;
202300051690;155588855;B01;0;10;0;2;7;15;1;
202300051691;155588849;C01;1;7;0;2;4;2;1;
202300051691;155588857;D01;1;7;0;2;4;2;1;
202300051691;155588862;A01;1;7;0;2;1;2;1;
202300051691;155588866;B01;1;7;0;2;4;2;1;
202300051692;155588846;B01;3;7;0;2;1;1;1;
202300051692;155588850;A01;3;7;0;2;6;9;1;
202300051693;155588847;A01;2;7;0;1;1;15;1;
202300051694;155588840;A01;3;2;2;0;1;1;1;
202300051695;155588841;A01;2;7;0;2;1;5;1;
202300051695;155588848;B01;1;7;0;2;1;1;1;
202300051696;155588842;A01;1;7;0;2;5;16;3;
202300051696;155588845;B01;1;43;0;2;1;18;1;
202300051697;155588838;A01;2;33;0;2;8;9;1;
202300051697;155588844;B01;2;7;0;2;5;2;1;
202300051698;155588836;A01;0;7;14;0;0;1;1;
202300051699;155588837;A01;1;33;0;2;3;13;1;
202300051699;155588839;B01;1;7;0;2;7;1;1;
202300051700;155588834;B01;1;7;0;2;1;5;0;
202300051700;155588843;A01;1;7;12;0;4;5;0;
202300051701;155588832;A01;1;10;0;2;3;10;1;
202300051701;155588835;B01;1;43;0;2;1;1;1;
202300051702;155588830;A01;2;7;0;0;9;1;1;
202300051703;155588829;A01;0;7;8;2;7;1;1;
202300051703;155588831;B01;0;7;0;2;3;9;1;
202300051704;155588823;A01;1;7;0;1;2;1;3;
202300051705;155588822;A01;2;7;0;2;7;16;1;
202300051705;155588828;B01;2;1;0;2;8;1;5;
202300051706;155588821;A01;2;7;0;2;3;19;1;
202300051706;155588826;B01;1;2;0;2;1;1;1;
202300051707;155588817;A01;2;7;0;9;0;23;1;
202300051707;155588820;B01;2;10;0;2;4;2;1;
202300051707;155588827;C01;2;10;0;2;1;2;1;
202300051708;155588819;A01;3;2;0;2;1;0;1;
202300051708;155588824;B01;3;7;0;2;3;1;0;
202300051709;155588812;A01;1;7;0;2;3;1;1;
202300051709;155588816;B01;2;7;0;2;3;1;1;
202300051710;155588810;A01;2;7;6;0;1;14;1;
202300051711;155588808;A01;1;7;0;2;3;13;1;
202300051711;155588811;B01;1;7;0;2;3;1;1;
202300051711;155588815;C01;2;7;3;2;3;1;1;
202300051712;155588809;A01;2;33;0;0;0;1;1;
202300051713;155588813;A01;2;33;4;0;1;13;1;
202300051714;155588805;B01;1;7;0;2;2;1;1;
202300051714;155588807;A01;1;7;0;0;4;1;1;
202300051714;155588814;C01;1;7;0;2;4;1;1;
202300051714;155588818;D01;1;10;0;2;1;2;1;
202300051715;155588802;A01;2;15;0;2;1;1;1;
202300051715;155588806;B01;1;7;0;2;1;13;1;
202300051716;155588804;A01;2;7;0;1;1;9;1;
202300051717;155588801;A01;1;7;2;0;3;13;1;
202300051718;155588798;A01;1;7;0;2;1;13;1;
202300051718;155588803;B01;2;7;0;2;1;1;1;
202300051719;155588797;B01;2;30;0;2;4;2;1;
202300051719;155588800;A01;2;7;0;2;1;2;1;
202300051720;155588796;A01;0;33;0;0;3;0;1;
202300051721;155588793;A01;1;33;0;0;3;1;1;
202300051722;155588790;A01;0;7;0;1;2;15;1;
202300051723;155588784;A01;1;7;8;0;1;1;1;
202300051724;155588783;A01;3;2;0;2;3;1;1;
202300051724;155588788;B01;3;10;0;2;8;1;1;
202300051725;155588779;A01;2;7;0;2;1;13;1;
202300051725;155588786;B01;2;7;0;2;1;1;1;
202300051725;155588791;C01;2;7;0;2;6;1;1;
202300051726;155588781;A01;1;33;6;0;2;1;1;
202300051727;155588780;A01;2;7;0;2;1;26;1;
202300051727;155588787;B01;2;7;0;2;4;1;1;
202300051727;155588792;C01;2;7;0;2;4;1;1;
202300051727;155588795;D01;2;10;0;2;2;1;1;
202300051727;155588799;E01;2;15;0;2;5;1;1;
202300051728;155588777;A01;1;7;0;0;0;9;1;
202300051728;155588782;B01;1;7;0;2;1;1;1;
202300051728;155588789;C01;1;7;0;2;1;1;1;
202300051728;155588794;D01;1;13;3;0;9;1;1;
202300051729;155588773;A01;2;7;0;0;4;1;0;
202300051729;155588776;B01;2;7;0;2;1;1;0;
202300051730;155588775;B01;3;36;0;2;8;26;1;
202300051730;155588785;A01;1;33;0;2;1;1;1;
202300051731;155588771;A01;2;10;0;2;3;15;1;
202300051731;155588778;B01;2;7;0;2;1;1;1;
202300051732;155588770;B01;1;1;0;2;4;1;5;
202300051732;155588774;A01;1;7;0;2;1;26;1;
202300051733;155588769;B01;1;7;7;0;3;0;1;
202300051733;155588772;A01;2;7;0;0;2;0;1;
202300051734;155588767;A01;1;7;2;0;9;0;1;
202300051735;155588765;B01;1;7;0;2;2;1;1;
202300051735;155588768;A01;2;7;0;2;2;13;1;
202300051736;155588764;A01;1;7;4;0;1;1;1;
202300051737;155588761;A01;2;7;0;1;2;21;1;
202300051738;155588762;A01;1;7;0;1;2;1;1;
202300051739;155588759;B01;1;38;0;2;3;1;1;1.0
202300051739;155588763;A01;2;31;0;2;3;26;1;
202300051740;155588757;B01;1;1;0;2;0;1;5;
202300051740;155588760;A01;2;7;0;9;0;0;1;
202300051741;155588755;A01;1;7;2;0;1;1;1;
202300051742;155588756;A01;1;7;13;0;3;1;1;
202300051743;155588751;A01;3;7;0;1;1;1;1;
202300051744;155588752;A01;3;2;0;2;1;13;1;
202300051744;155588754;B01;3;7;0;2;3;21;1;
202300051745;155588749;A01;1;30;0;0;1;1;1;
202300051746;155588748;B01;2;7;0;2;3;1;1;
202300051746;155588753;A01;1;7;0;2;3;13;1;
202300051747;155588747;A01;0;33;0;2;4;1;1;
202300051747;155588750;B01;0;7;0;2;1;1;1;
202300051748;155588741;A01;3;10;0;1;1;1;1;
202300051749;155588739;A01;1;7;0;2;1;1;1;
202300051749;155588745;B01;1;7;0;2;4;23;0;
202300051750;155588737;A01;1;33;0;0;7;1;1;
202300051751;155588734;A01;2;7;4;0;1;11;1;
202300051752;155588733;A01;1;7;0;2;1;13;1;
202300051752;155588740;B01;2;10;0;0;1;1;1;
202300051753;155588738;B01;1;7;0;0;3;1;1;
202300051753;155588744;A01;1;33;0;0;8;1;0;
202300051754;155588736;A01;2;33;0;2;1;17;1;
202300051754;155588743;B01;1;7;0;2;7;13;1;
202300051754;155588746;C01;1;7;0;2;1;1;1;
202300051755;155588732;A01;1;10;0;2;2;15;1;
202300051755;155588742;B01;2;31;0;2;1;1;1;
202300051756;155588731;A01;1;7;0;2;1;2;1;
202300051756;155588735;B01;3;7;0;0;4;2;1;
202300051757;155588722;A01;1;7;0;2;7;26;1;
202300051757;155588730;B01;1;1;0;2;6;1;5;
202300051758;155588718;B01;1;7;0;2;2;2;1;
202300051758;155588729;A01;1;13;4;2;2;11;6;
202300051759;155588720;A01;3;7;0;2;1;15;0;
202300051759;155588726;B01;3;33;0;2;1;1;0;
202300051760;155588717;A01;2;7;0;2;3;1;1;
202300051760;155588727;B01;1;33;0;2;3;1;1;
202300051761;155588721;B01;2;7;0;2;1;1;1;
202300051761;155588728;A01;1;7;0;2;2;15;1;
202300051762;155588713;A01;2;7;3;0;2;1;1;
202300051763;155588724;A01;3;31;8;0;1;1;1;
202300051764;155588715;A01;1;7;0;2;3;1;1;
202300051764;155588716;B01;2;50;0;2;1;13;3;
202300051765;155588712;A01;1;7;0;1;4;4;1;
202300051766;155588719;B01;1;7;0;0;4;23;1;
202300051766;155588723;A01;1;33;0;2;1;1;1;
202300051767;155588710;A01;2;7;13;0;1;14;1;
202300051768;155588711;A01;1;2;0;2;1;17;1;
202300051768;155588714;B01;1;10;0;2;8;15;1;
202300051769;155588709;A01;2;7;14;0;9;1;1;
202300051770;155588707;A01;2;33;5;0;1;1;1;
202300051771;155588703;B01;1;33;0;2;1;3;1;
202300051771;155588708;A01;1;7;0;2;7;12;1;
202300051772;155588704;B01;1;7;0;2;7;15;1;
202300051772;155588725;A01;2;7;0;2;1;1;1;
202300051773;155588701;A01;1;7;13;0;4;0;1;
202300051774;155588699;A01;1;7;0;2;6;1;1;
202300051774;155588705;B01;2;7;0;2;3;1;1;
202300051775;155588702;A01;1;7;0;2;3;15;1;