Num_Acc;id_vehicule;num_veh;senc;catv;obs;obsm;choc;manv;motor;occutc
202300051775;155588706;B01;1;7;0;2;2;1;1;
202300051776;155588695;A01;0;50;0;0;0;0;3;
202300051776;155588700;B01;0;99;0;2;0;0;0;
202300051777;155588692;A01;1;31;0;2;1;5;1;
202300051777;155588698;B01;2;7;0;2;3;1;1;
202300051778;155588688;B01;2;2;0;2;1;1;1;
202300051778;155588694;A01;1;7;0;2;1;17;1;
202300051779;155588690;A01;1;7;0;9;2;1;1;
202300051779;155588696;B01;1;1;0;0;4;1;5;
202300051780;155588689;B01;1;7;0;2;2;11;2;
202300051780;155588693;A01;1;33;0;2;1;3;1;
202300051781;155588685;B01;2;7;1;0;3;2;1;
202300051781;155588691;A01;2;7;13;0;2;1;1;
202300051782;155588682;B01;1;1;0;2;1;1;5;
202300051782;155588687;A01;1;7;0;2;3;1;1;
202300051783;155588679;B01;1;1;0;2;7;19;5;
202300051783;155588684;A01;1;31;0;2;1;0;1;
202300051784;155588676;A01;1;33;6;0;1;1;1;
202300051785;155588674;A01;1;7;0;2;1;13;1;
202300051785;155588681;B01;2;7;0;0;6;1;1;
202300051785;155588686;C01;2;7;0;0;1;1;1;
202300051785;155588697;D01;2;7;0;2;1;1;1;
202300051786;155588673;A01;0;31;0;0;0;0;1;
202300051787;155588669;A01;1;7;0;2;3;17;1;
202300051787;155588675;B01;1;33;0;2;2;17;1;
202300051788;155588667;B01;2;7;0;2;1;1;1;
202300051788;155588672;D01;2;7;0;2;4;1;1;
202300051788;155588680;A01;2;10;0;2;4;9;1;
202300051788;155588683;C01;2;10;0;2;4;1;1;
202300051789;155588665;A01;2;7;0;2;2;15;1;
202300051789;155588671;B01;1;50;0;2;1;1;3;
202300051790;155588663;A01;1;7;0;2;2;0;1;
202300051790;155588668;B01;3;7;0;2;0;9;1;
202300051790;155588678;C01;1;2;0;2;1;0;1;
202300051791;155588662;A01;1;33;0;2;2;2;1;
202300051791;155588666;B01;1;7;0;0;6;2;1;
202300051792;155588658;D01;2;10;0;2;5;1;1;
202300051792;155588664;B01;2;7;0;2;6;12;1;
202300051792;155588670;A01;2;33;0;2;2;3;1;
202300051792;155588677;C01;2;7;0;2;5;1;1;
202300051793;155588655;A01;1;7;0;2;2;17;1;
202300051793;155588661;B01;1;1;0;2;3;1;5;
202300051794;155588657;A01;1;7;0;2;8;1;1;
202300051794;155588660;B01;2;7;0;2;1;1;1;
202300051795;155588652;A01;1;7;0;2;1;17;1;
202300051795;155588659;B01;2;7;0;2;1;1;1;
202300051796;155588650;A01;1;7;0;2;1;1;1;
202300051796;155588653;B01;2;7;0;2;1;1;1;
202300051797;155588646;C01;1;7;0;2;5;1;1;
202300051797;155588651;A01;1;33;0;2;1;3;1;
202300051797;155588656;B01;1;13;0;2;3;1;1;
202300051798;155588643;A01;1;7;0;2;3;17;1;
202300051798;155588648;B01;1;33;0;2;7;17;1;
202300051799;155588644;A01;1;7;13;0;2;1;1;
202300051800;155588642;A01;2;7;0;0;9;1;1;
202300051801;155588641;A01;1;7;0;2;2;16;1;
202300051801;155588647;B01;1;1;0;2;1;1;5;
202300051802;155588640;A01;2;7;0;5;6;2;1;
202300051802;155588654;B01;2;7;0;2;2;2;1;
202300051803;155588639;A01;2;7;0;2;1;2;1;
202300051803;155588645;B01;2;7;0;2;4;2;1;
202300051804;155588637;A01;1;7;13;2;8;1;1;
202300051804;155588649;B01;1;7;0;2;1;1;1;
202300051805;155588636;A01;0;7;0;1;2;1;0;
202300051806;155588634;A01;1;10;16;0;1;2;1;
202300051807;155588632;A01;0;10;0;0;0;0;1;
202300051808;155588627;A01;1;7;11;0;1;1;1;
202300051809;155588633;B01;3;7;0;2;8;16;1;
202300051809;155588638;A01;3;2;0;2;1;1;1;
202300051810;155588629;A01;2;99;0;2;4;1;1;
202300051810;155588635;B01;2;7;0;2;1;1;1;
202300051811;155588622;A01;1;2;0;2;2;17;1;
202300051811;155588628;B01;1;21;0;2;3;15;0;
202300051812;155588623;A01;3;7;13;0;9;21;1;
202300051813;155588618;B01;1;17;0;2;4;2;1;
202300051813;155588624;A01;1;7;0;2;1;1;1;
202300051814;155588621;A01;2;7;0;2;1;1;1;
202300051814;155588631;B01;1;7;0;2;2;1;1;
202300051815;155588619;A01;2;7;8;2;2;17;1;
202300051815;155588626;B01;2;21;0;2;3;15;1;
202300051816;155588614;B01;2;7;13;2;7;17;0;
202300051816;155588617;A01;2;0;0;2;8;16;0;
202300051817;155588612;A01;2;15;0;2;1;12;1;
202300051817;155588615;B01;2;7;0;2;8;9;1;
202300051818;155588613;A01;2;13;0;2;3;1;1;
202300051818;155588616;B01;1;7;0;2;3;13;1;
202300051819;155588606;A01;1;7;13;0;9;1;1;
202300051820;155588607;A01;1;7;2;0;1;13;1;
202300051821;155588604;B01;0;36;0;2;1;26;1;
202300051821;155588610;A01;3;36;0;2;1;0;0;
202300051822;155588605;A01;1;7;6;0;1;1;1;
202300051823;155588602;A01;2;7;0;2;1;2;1;
202300051823;155588608;B01;2;7;0;2;1;2;1;
202300051823;155588611;C01;2;7;0;2;4;0;0;
202300051824;155588600;B01;2;7;0;2;6;1;1;
202300051824;155588609;A01;1;10;0;2;3;13;1;
202300051825;155588601;A01;1;33;0;0;7;23;1;
202300051826;155588597;B01;2;7;0;2;4;2;1;
202300051826;155588603;A01;2;7;0;2;1;1;1;
202300051827;155588598;A01;1;7;6;0;1;1;1;
202300051828;155588594;A01;2;7;2;0;1;13;1;
202300051829;155588593;A01;2;7;0;1;1;1;1;
202300051830;155588595;B01;2;33;3;2;8;3;1;
202300051830;155588599;A01;2;7;3;2;7;14;1;
202300051831;155588591;A01;2;50;12;0;1;16;3;
202300051832;155588589;A01;2;1;0;2;1;5;5;
202300051832;155588596;B01;1;10;0;2;2;1;1;
202300051833;155588592;A01;1;7;0;1;3;1;1;
202300051834;155588586;A01;2;10;0;2;3;20;1;
202300051834;155588590;B01;2;2;0;2;2;2;1;
202300051835;155588582;A01;2;38;0;2;3;2;1;1.0
202300051835;155588587;B01;2;7;0;2;5;2;1;
202300051836;155588580;A01;1;7;0;2;8;0;1;
202300051836;155588584;B01;1;14;0;2;1;0;1;
202300051837;155588579;A01;2;33;2;0;2;1;1;
202300051838;155588577;B01;1;7;0;2;3;1;1;
202300051838;155588588;A01;1;7;0;2;2;19;1;
202300051839;155588575;A01;1;7;2;0;3;13;1;
202300051840;155588573;A01;1;17;1;2;2;14;1;
202300051840;155588578;B01;1;10;4;2;7;17;1;
202300051840;155588585;C01;1;10;0;2;6;23;1;
202300051841;155588572;B01;3;7;0;2;0;0;1;
202300051841;155588576;A01;3;32;0;2;8;0;1;
202300051842;155588571;A01;2;31;0;2;8;1;1;
202300051842;155588574;B01;2;7;0;2;2;16;1;
202300051843;155588570;A01;1;7;0;1;2;1;1;
202300051844;155588565;A01;2;7;0;1;4;4;1;
202300051845;155588564;A01;2;15;0;2;8;11;1;
202300051845;155588569;B01;2;43;0;2;7;1;1;
202300051846;155588562;A01;1;17;6;0;1;14;1;
202300051847;155588558;A01;1;7;0;2;1;1;1;
202300051847;155588563;B01;2;33;0;2;7;13;1;
202300051848;155588556;A01;3;7;0;1;5;4;1;
202300051849;155588559;A01;2;7;0;2;1;5;1;
202300051849;155588568;B01;1;7;0;0;1;0;1;
202300051850;155588557;A01;1;7;8;0;0;0;1;
202300051851;155588555;A01;2;33;0;2;1;14;1;
202300051851;155588560;B01;1;7;0;2;3;15;1;
202300051851;155588566;C01;1;7;0;2;3;1;1;
202300051852;155588552;A01;1;16;0;0;2;14;6;
202300051853;155588553;A01;3;10;0;1;1;19;1;
202300051854;155588551;A01;2;7;4;0;1;0;1;
202300051855;155588550;A01;3;1;0;0;0;1;5;
202300051856;155588548;A01;1;10;0;1;2;1;1;
202300051857;155588549;A01;2;7;13;0;1;13;1;
202300051858;155588546;A01;0;7;6;0;3;0;0;
202300051859;155588545;A01;3;7;0;1;1;0;1;
202300051860;155588540;A01;1;33;4;0;3;1;1;
202300051861;155588539;B01;1;31;0;2;1;18;0;
202300051861;155588543;A01;1;7;0;2;2;14;0;
202300051862;155588538;B01;2;7;0;2;3;9;1;
202300051862;155588544;A01;1;33;1;2;1;1;1;
202300051863;155588535;A01;2;7;0;2;7;12;1;
202300051863;155588541;B01;2;33;4;2;3;3;1;
202300051864;155588533;A01;2;10;13;0;2;14;1;
202300051865;155588534;A01;2;7;0;2;1;21;1;
202300051865;155588536;B01;2;7;0;0;4;1;1;
202300051866;155588532;A01;2;7;0;2;1;2;1;
202300051866;155588542;B01;2;7;0;2;4;2;1;
202300051867;155588527;B01;3;50;0;2;7;19;3;
202300051867;155588531;A01;0;7;0;2;1;1;1;
202300051868;155588526;A01;1;32;0;0;0;0;1;
202300051869;155588528;A01;1;7;0;2;4;1;1;
202300051869;155588530;B01;1;7;0;2;1;2;1;
202300051870;155588524;A01;2;7;2;0;3;5;1;
202300051871;155588523;A01;1;2;0;2;1;2;1;
202300051871;155588529;B01;1;14;0;0;4;23;1;
202300051872;155588522;A01;1;32;0;0;9;16;1;
202300051873;155588521;A01;2;7;0;0;3;1;1;
202300051874;155588520;A01;1;7;0;1;1;1;1;
202300051875;155588519;A01;2;7;0;1;3;0;1;
202300051876;155588516;A01;2;32;0;1;1;0;1;
202300051877;155588513;A01;2;7;6;2;1;1;1;
202300051877;155588517;B01;1;7;0;2;1;17;1;
202300051878;155588512;A01;2;1;0;0;1;1;5;
202300051879;155588514;A01;3;7;0;9;1;23;1;
202300051879;155588518;B01;1;1;14;2;3;25;5;
202300051880;155588510;B01;1;1;0;9;4;1;5;
202300051880;155588515;A01;1;13;0;9;0;17;1;
202300051881;155588509;A01;3;7;0;1;4;4;1;
202300051882;155588511;A01;2;7;3;0;0;1;1;
202300051883;155588506;A01;2;7;0;1;8;15;0;
202300051884;155588504;A01;1;7;13;0;9;1;1;
202300051885;155588502;A01;3;7;0;1;2;15;1;
202300051886;155588499;A01;1;13;12;0;5;1;1;
202300051887;155588500;A01;3;7;0;2;1;2;1;
202300051887;155588505;B01;3;7;0;2;4;1;1;
202300051888;155588498;A01;1;7;0;9;1;1;1;
202300051888;155588503;B01;1;1;0;0;4;1;5;
202300051889;155588495;A01;2;7;7;2;1;12;1;
202300051889;155588501;B01;2;7;0;2;6;1;1;
202300051890;155588491;B01;1;14;0;2;2;1;1;
202300051890;155588496;A01;1;7;1;2;6;17;1;
202300051891;155588490;A01;0;10;2;0;3;1;1;
202300051892;155588486;A01;1;7;0;2;1;17;0;
202300051892;155588492;B01;1;21;0;0;4;15;0;
202300051893;155588482;A01;1;10;0;2;2;2;1;
202300051893;155588488;B01;1;7;0;0;6;2;1;
202300051894;155588480;A01;1;13;0;1;3;1;0;
202300051895;155588481;C01;2;7;0;2;1;2;1;
202300051895;155588487;B01;2;7;0;2;4;2;1;
202300051895;155588493;A01;2;7;0;0;4;2;2;
202300051896;155588478;B01;2;1;0;2;7;15;5;
202300051896;155588483;A01;2;10;0;2;2;11;1;
202300051897;155588476;B01;1;7;0;2;1;1;1;
202300051897;155588484;A01;2;10;0;2;1;5;0;
202300051898;155588472;A01;1;33;3;0;0;0;1;
202300051899;155588470;A01;1;7;0;2;1;0;1;
202300051899;155588475;Z01;1;10;0;0;0;0;1;
202300051900;155588471;B01;2;2;0;2;1;5;1;
202300051900;155588477;A01;1;7;0;2;3;15;1;
202300051901;155588468;A01;2;33;0;2;1;1;1;
202300051901;155588474;B01;1;7;0;2;3;1;1;
202300051902;155588469;A01;1;17;13;0;5;1;1;
202300051903;155588466;A01;3;7;0;1;6;4;1;
202300051904;155588465;A01;2;7;0;1;1;1;1;
202300051905;155588464;A01;1;7;0;0;1;13;1;
202300051906;155588462;A01;1;7;6;0;2;14;1;
202300051907;155588463;D01;1;7;0;2;4;2;1;
202300051907;155588473;C01;1;7;0;2;4;2;1;
202300051907;155588479;A01;1;7;0;2;1;2;1;
202300051907;155588485;B01;1;7;0;2;1;2;1;
202300051908;155588458;B01;2;7;0;2;4;2;1;
202300051908;155588461;A01;2;32;0;2;1;2;1;
202300051909;155588459;A01;0;7;9;0;1;1;1;
202300051910;155588456;A01;1;30;0;0;7;1;1;
202300051911;155588446;A01;1;7;0;2;7;12;3;
202300051911;155588452;B01;1;33;0;2;3;1;1;
202300051912;155588450;A01;2;33;0;6;0;1;1;
202300051913;155588445;A01;2;7;8;0;1;1;1;
202300051914;155588449;A01;2;7;4;0;1;19;1;
202300051915;155588443;A01;2;7;0;2;1;1;1;
202300051915;155588455;C01;2;7;0;2;1;2;1;
202300051915;155588460;D01;2;7;0;2;1;1;1;
202300051915;155588467;B01;2;10;0;2;4;1;1;
202300051916;155588447;A01;1;7;0;1;1;0;1;
202300051917;155588444;A01;1;2;0;2;1;1;1;
202300051917;155588451;B01;2;7;0;0;7;26;1;
202300051918;155588442;A01;1;33;0;2;1;21;1;
202300051918;155588448;B01;1;7;0;2;5;1;1;
202300051919;155588441;B01;3;7;0;2;1;16;1;
202300051919;155588453;A01;1;7;0;0;2;1;1;
202300051920;155588437;A01;1;15;3;0;1;1;1;
202300051921;155588439;A01;2;7;3;0;1;1;1;
202300051922;155588438;A01;1;7;8;0;1;1;1;
202300051923;155588435;A01;2;7;0;1;1;26;0;
202300051924;155588436;A01;1;7;16;0;3;0;0;
202300051925;155588432;B01;1;7;0;2;2;1;1;
202300051925;155588440;A01;1;7;0;2;1;1;1;
202300051926;155588433;A01;3;1;6;0;1;5;5;
202300051927;155588429;A01;3;7;0;2;8;24;1;
202300051927;155588434;B01;3;50;1;0;1;1;3;
202300051928;155588431;A01;1;7;3;0;1;14;1;
202300051929;155588428;A01;1;7;0;2;3;0;1;
202300051929;155588430;B01;2;7;0;2;3;1;1;
202300051930;155588427;A01;1;7;8;0;1;1;1;
202300051931;155588422;A01;2;7;0;1;0;0;0;
202300051932;155588420;A01;1;7;4;2;1;0;1;
202300051933;155588419;B01;3;7;0;0;0;9;0;
202300051933;155588426;A01;1;33;0;2;7;0;0;
202300051934;155588417;A01;1;32;0;2;1;0;1;
202300051934;155588424;B01;2;7;0;2;3;23;1;
202300051935;155588418;A01;1;7;0;1;4;4;1;
202300051936;155588416;A01;3;7;8;0;9;1;1;
202300051936;155588423;X01;3;7;0;2;2;14;0;
202300051937;155588414;A01;2;7;13;0;1;13;1;
202300051938;155588409;A01;1;30;0;2;2;17;0;
202300051938;155588413;B01;2;16;0;0;0;0;0;
202300051939;155588410;A01;2;7;13;0;1;1;1;
202300051940;155588408;A01;2;7;8;0;1;17;1;
202300051941;155588406;A01;1;7;0;2;8;11;1;
202300051941;155588411;B01;1;31;0;2;3;3;1;
202300051942;155588400;A01;1;7;0;2;2;12;1;
202300051942;155588402;B01;1;7;0;2;3;1;1;
202300051943;155588401;B01;2;7;0;2;5;2;2;
202300051943;155588407;A01;2;43;0;2;1;2;1;
202300051944;155588399;A01;3;7;0;2;3;16;1;
202300051944;155588405;B01;3;0;1;2;3;23;0;
202300051945;155588403;A01;3;30;0;2;0;1;1;
202300051946;155588396;A01;2;7;0;1;5;13;1;
202300051947;155588395;A01;1;33;0;2;7;17;1;
202300051947;155588398;B01;0;7;0;2;3;15;1;
202300051948;155588397;A01;1;7;0;2;1;13;1;
202300051948;155588404;B01;2;7;0;2;1;1;1;
202300051949;155588390;B01;3;1;0;2;2;1;5;
202300051949;155588392;A01;3;7;0;9;8;1;1;
202300051950;155588387;A01;1;33;0;0;0;20;1;
202300051951;155588391;A01;1;7;0;2;3;16;1;
202300051951;155588394;B01;2;7;0;2;3;23;1;
202300051952;155588382;A01;1;7;0;1;2;1;1;
202300051953;155588380;B01;1;7;0;2;5;2;1;
202300051953;155588383;C01;1;10;0;2;1;2;1;
202300051953;155588389;A01;1;33;0;2;2;2;1;
202300051954;155588381;A01;2;7;0;2;4;2;1;
202300051954;155588386;B01;2;7;0;2;1;2;1;
202300051954;155588393;C01;2;7;0;2;1;2;1;
202300051955;155588377;A01;1;7;8;0;1;1;1;
202300051956;155588376;A01;1;36;0;2;6;2;1;
202300051956;155588385;B01;1;7;0;2;5;15;1;
202300051957;155588375;A01;2;7;0;2;1;2;1;
202300051957;155588388;B01;2;7;0;2;6;0;1;
202300051958;155588373;A01;1;7;3;0;1;1;0;
202300051959;155588374;B01;1;7;0;0;5;1;1;
202300051959;155588378;A01;1;31;0;0;1;1;1;
202300051960;155588372;A01;1;7;0;1;1;1;1;
202300051961;155588371;A01;1;2;0;2;1;1;1;
202300051962;155588367;A01;2;7;8;0;9;0;1;
202300051963;155588366;A01;1;7;4;0;1;1;1;
202300051964;155588365;B01;1;33;0;2;2;2;1;
202300051964;155588370;A01;1;7;0;2;6;11;1;
202300051965;155588359;B01;1;7;0;2;9;1;2;
202300051965;155588369;A01;2;7;0;2;3;16;1;
202300051966;155588361;A01;1;7;0;2;3;9;1;
202300051966;155588368;B01;2;33;0;2;1;1;1;
202300051967;155588357;A01;3;7;0;2;8;9;3;
202300051967;155588362;B01;3;2;0;2;0;0;1;
202300051968;155588356;A01;2;7;0;2;4;23;1;
202300051968;155588363;B01;2;15;3;2;1;1;1;
202300051969;155588354;A01;2;7;3;0;1;0;1;
202300051970;155588352;A01;2;50;0;2;7;1;3;
202300051970;155588360;B01;2;7;0;2;1;1;1;
202300051971;155588345;A01;3;7;0;1;1;11;1;
202300051972;155588347;A01;1;7;0;2;3;1;1;
202300051972;155588358;B01;1;7;0;2;2;19;1;
202300051973;155588346;A01;1;7;0;2;3;13;1;
202300051973;155588353;B01;2;15;0;2;3;1;1;
202300051974;155588351;B01;2;7;0;2;1;13;1;
202300051974;155588355;A01;2;1;0;2;8;15;5;
202300051975;155588343;B01;1;7;0;2;4;1;1;
202300051975;155588348;A01;1;7;0;2;1;1;1;
202300051976;155588344;B01;1;32;0;2;1;1;1;
202300051976;155588350;A01;2;7;0;2;2;15;1;
202300051977;155588339;A01;2;7;0;2;3;2;1;
202300051977;155588342;B01;2;7;0;2;5;2;1;
202300051978;155588340;A01;3;30;0;1;1;0;1;
202300051979;155588338;A01;1;7;0;2;1;2;1;
202300051979;155588341;B01;1;2;0;2;4;2;3;
202300051980;155588336;A01;2;15;9;0;2;0;1;
202300051981;155588335;A01;3;7;0;1;2;1;1;
202300051982;155588332;A01;0;7;0;1;1;1;1;
202300051983;155588333;A01;1;7;0;1;1;2;1;
202300051984;155588324;A01;1;30;0;2;9;0;1;
202300051985;155588322;A01;2;33;0;2;8;1;1;
202300051985;155588327;B01;2;7;0;2;0;26;0;
202300051986;155588320;A01;1;13;13;2;3;1;1;
202300051986;155588325;B01;1;10;13;2;3;17;1;
202300051986;155588329;C01;2;7;13;2;3;1;1;
202300051987;155588319;A01;2;7;8;0;3;14;1;
202300051987;155588323;B01;2;7;8;0;1;1;1;
202300051988;155588317;B01;2;1;0;2;1;1;5;
202300051988;155588321;A01;1;7;0;9;2;15;1;
202300051989;155588316;A01;1;32;4;0;1;1;1;
202300051990;155588315;A01;2;2;0;0;0;1;1;
202300051991;155588310;A01;1;10;0;1;0;15;1;
202300051992;155588308;A01;1;7;0;2;2;2;1;
202300051992;155588314;B01;1;7;0;2;6;1;1;
202300051992;155588318;C01;1;7;0;2;7;1;0;
202300051992;155588330;D01;1;7;0;2;6;1;1;
202300051993;155588306;A01;3;7;0;2;1;15;1;
202300051993;155588312;B01;3;32;0;2;8;1;1;
202300051994;155588309;A01;3;7;13;0;1;16;1;
202300051995;155588307;A01;1;17;6;0;1;14;1;
202300051996;155588304;A01;1;7;13;0;3;21;1;
202300051997;155588301;B01;2;30;0;2;0;0;0;
202300051997;155588311;A01;3;7;0;2;2;15;1;
202300051998;155588303;B01;2;7;0;2;4;1;1;
202300051998;155588313;A01;2;7;0;2;4;15;1;
202300051998;155588326;C01;2;7;0;2;1;1;1;
202300051998;155588334;D01;1;7;0;2;3;1;1;
202300051999;155588300;A01;2;7;0;2;5;15;1;
202300051999;155588305;B01;1;7;0;2;1;1;1;
202300052000;155588294;A01;2;7;12;0;2;1;1;
202300052001;155588297;A01;2;7;3;0;1;14;1;
202300052002;155588293;B01;3;7;0;9;2;1;1;
202300052002;155588299;A01;3;2;0;2;8;18;1;
202300052003;155588292;B01;0;50;0;2;0;19;3;
202300052003;155588295;A01;1;7;0;2;1;1;1;
202300052004;155588298;B01;2;7;0;2;1;1;0;
202300052004;155588302;A01;1;7;15;2;1;1;0;
202300052005;155588291;A01;3;30;0;2;7;2;1;
202300052005;155588296;B01;3;7;0;2;4;2;1;
202300052006;155588288;A01;3;32;0;1;1;17;1;
202300052007;155588289;A01;1;7;12;0;1;1;1;
202300052008;155588285;A01;0;2;13;0;0;1;0;
202300052009;155588284;A01;1;33;4;0;7;16;0;
202300052010;155588286;B01;1;10;0;2;5;1;1;
202300052010;155588290;A01;1;1;0;2;3;2;5;
202300052011;155588283;A01;3;7;12;0;1;11;1;
202300052011;155588287;B01;3;33;12;0;0;1;1;
202300052012;155588282;A01;1;10;0;1;1;2;0;
202300052013;155588280;A01;2;33;13;0;8;1;1;
202300052014;155588281;A01;1;7;0;0;9;1;1;
202300052015;155588274;A01;3;7;2;0;1;6;0;
202300052016;155588271;A01;2;7;0;2;8;9;1;
202300052016;155588276;B01;1;33;0;2;1;1;1;
202300052017;155588268;A01;3;7;0;2;1;15;1;
202300052017;155588272;B01;1;1;0;2;8;1;5;
202300052018;155588269;B01;1;7;0;2;7;1;1;
202300052018;155588279;A01;2;7;0;2;1;9;1;
202300052019;155588270;B01;3;10;0;2;2;1;0;
202300052019;155588275;A01;3;7;4;2;3;11;1;
202300052020;155588263;B01;2;7;0;2;2;10;1;
202300052020;155588273;A01;1;34;0;2;1;1;1;
202300052021;155588261;C01;2;7;0;2;4;1;1;
202300052021;155588267;B01;2;7;0;2;4;1;1;
202300052021;155588277;A01;2;7;0;2;1;1;1;
202300052022;155588260;A01;2;7;0;9;2;2;0;
202300052022;155588265;B01;2;80;0;0;4;2;3;
202300052023;155588253;A01;2;7;0;2;6;15;1;
202300052023;155588259;B01;2;33;0;2;1;17;1;
202300052024;155588252;B01;1;30;0;2;7;17;1;
202300052024;155588258;A01;1;7;0;2;1;15;1;
202300052025;155588254;A01;0;7;0;2;3;26;1;
202300052025;155588266;B01;0;33;0;2;7;1;1;
202300052026;155588250;B01;2;7;0;2;1;1;1;
202300052026;155588257;A01;2;34;0;2;8;15;1;
202300052027;155588246;A01;1;7;0;2;8;15;1;
202300052027;155588255;B01;1;50;0;2;1;1;3;
202300052028;155588247;A01;2;33;3;0;1;1;1;
202300052029;155588244;B01;3;7;0;2;1;9;1;
202300052029;155588248;A01;3;7;0;2;8;9;1;
202300052030;155588245;B01;3;99;0;2;8;1;1;
202300052030;155588256;A01;1;43;0;2;1;1;1;
202300052031;155588242;A01;0;33;0;0;0;0;0;
202300052032;155588243;B01;3;38;0;2;6;2;0;1.0
202300052032;155588249;A01;1;30;1;0;1;2;1;
202300052033;155588237;A01;1;7;0;2;1;2;1;
202300052033;155588241;B01;1;7;0;2;4;23;1;
202300052034;155588236;B01;3;1;0;2;7;5;5;
202300052034;155588240;A01;3;7;0;2;8;15;1;
202300052035;155588233;B01;1;10;0;2;3;1;1;
202300052035;155588239;A01;1;30;0;2;7;1;1;
202300052036;155588234;A01;3;7;0;0;9;0;1;
202300052037;155588230;A01;3;7;0;2;1;19;1;
202300052037;155588235;B01;3;43;0;2;1;19;1;
202300052038;155588231;B01;3;2;0;2;3;13;1;
202300052038;155588238;A01;2;0;0;2;8;17;0;
202300052039;155588229;A01;2;7;3;0;2;1;1;
202300052040;155588224;B01;2;33;0;2;4;1;1;
202300052040;155588228;A01;1;33;1;2;1;1;1;
202300052041;155588221;A01;1;7;0;2;2;24;2;
202300052041;155588226;B01;1;80;1;2;1;1;3;
202300052042;155588222;Y01;2;60;6;2;7;1;5;
202300052042;155588225;A01;2;7;6;2;1;1;1;
202300052043;155588223;A01;1;7;13;0;9;14;1;
202300052044;155588215;A01;1;7;0;2;7;17;0;
202300052044;155588217;B01;1;80;0;2;6;1;2;
202300052045;155588214;B01;1;7;0;2;1;1;1;
202300052045;155588220;A01;1;50;0;2;2;1;3;
202300052046;155588213;A01;2;7;0;2;4;23;1;
202300052046;155588219;B01;2;10;0;2;1;2;1;
202300052047;155588211;B01;1;15;0;2;3;21;1;
202300052047;155588216;A01;2;7;0;2;3;13;1;
202300052048;155588210;A01;2;10;0;1;1;1;1;
202300052049;155588212;B01;0;7;0;9;0;1;0;
202300052049;155588218;A01;1;30;0;0;0;1;1;
202300052050;155588206;A01;3;2;0;2;1;9;1;
202300052050;155588209;B01;3;14;0;2;3;1;1;
202300052051;155588205;A01;1;34;0;2;1;1;1;
202300052051;155588208;B01;1;7;0;0;8;15;1;
202300052052;155588201;A01;0;7;6;0;1;1;1;
202300052053;155588200;A01;3;7;0;2;3;9;1;
202300052053;155588207;B01;3;50;0;2;1;1;3;
202300052054;155588202;A01;1;7;6;0;2;0;1;
202300052055;155588196;A01;3;7;0;0;1;1;0;
202300052055;155588203;B01;0;7;0;2;8;0;1;
202300052056;155588198;A01;2;7;0;2;2;17;1;
202300052056;155588204;B01;2;30;0;2;8;1;1;
202300052057;155588192;B01;1;43;0;2;7;1;0;
202300052057;155588199;A01;1;7;0;2;1;9;0;
202300052058;155588190;A01;1;7;0;2;8;10;1;
202300052058;155588194;B01;1;33;0;2;1;17;1;
202300052059;155588187;A01;2;7;2;0;2;14;1;
202300052060;155588191;A01;1;7;0;2;2;19;1;
202300052060;155588195;B01;2;1;0;0;2;15;5;
202300052061;155588182;A01;3;10;0;1;0;16;1;
202300052062;155588184;A01;1;10;0;1;1;20;1;
202300052063;155588183;A01;3;50;0;2;1;19;3;
202300052063;155588189;B01;3;7;0;2;2;1;1;
202300052064;155588185;A01;1;7;0;1;1;19;1;
202300052065;155588186;B01;3;7;0;2;4;2;0;
202300052065;155588197;A01;3;7;0;2;1;2;0;
202300052066;155588179;C01;2;7;0;2;4;2;1;
202300052066;155588181;D01;2;7;0;2;1;2;1;
202300052066;155588188;A01;2;10;0;2;2;2;1;
202300052066;155588193;B01;2;7;0;2;4;2;1;
202300052067;155588180;A01;2;7;4;0;1;0;1;
202300052068;155588175;A01;1;7;0;1;2;1;1;
202300052069;155588171;A01;1;7;0;1;2;1;6;
202300052070;155588172;A01;1;7;0;2;8;0;0;
202300052070;155588177;B01;2;7;6;2;2;1;1;
202300052071;155588166;A01;3;7;0;2;1;2;1;
202300052071;155588174;B01;3;7;0;2;4;2;1;
202300052072;155588170;A01;3;30;0;1;1;19;1;
202300052073;155588167;A01;2;7;0;2;5;15;1;
202300052073;155588173;B01;1;34;0;2;1;5;1;
202300052074;155588165;B01;1;7;0;2;1;19;1;
202300052074;155588176;A01;1;7;13;2;3;1;1;
202300052075;155588163;A01;1;7;0;1;3;0;1;
202300052076;155588168;A01;2;7;0;2;8;15;1;
202300052076;155588178;B01;2;7;0;2;1;17;1;
202300052077;155588161;A01;1;7;0;2;7;12;1;
202300052077;155588164;C01;1;10;0;2;6;2;1;
202300052077;155588169;B01;1;33;0;2;8;3;1;
202300052078;155588160;B01;3;50;0;2;0;0;3;
202300052078;155588162;A01;3;7;0;2;8;0;0;
202300052079;155588158;A01;1;10;0;1;2;15;1;
202300052080;155588155;A01;1;7;0;1;4;26;0;
202300052081;155588151;A01;3;7;1;0;2;4;1;
202300052082;155588149;A01;1;80;0;0;1;1;3;
202300052083;155588148;B01;3;7;0;2;0;0;0;
202300052083;155588156;A01;3;7;0;2;1;1;1;
202300052084;155588144;B01;2;7;0;2;3;1;1;
202300052084;155588153;A01;1;7;0;2;3;15;1;
202300052085;155588150;B01;1;1;0;2;1;1;5;