Num_Acc;id_vehicule;num_veh;senc;catv;obs;obsm;choc;manv;motor;occutc
202300052085;155588157;A01;2;7;0;2;3;1;1;
202300052086;155588146;Z01;1;99;0;9;0;26;0;
202300052086;155588154;A01;1;1;0;2;0;26;5;
202300052087;155588142;A01;1;7;13;0;2;0;1;
202300052088;155588141;B01;1;7;0;2;4;1;1;
202300052088;155588147;C01;1;7;0;2;4;2;1;
202300052088;155588152;A01;1;7;0;2;1;2;1;
202300052088;155588159;D01;1;7;0;2;4;23;1;
202300052089;155588138;A01;1;7;0;2;3;16;1;
202300052089;155588145;B01;2;32;0;2;7;1;1;
202300052090;155588139;B01;1;31;0;2;2;3;1;
202300052090;155588143;A01;1;7;0;2;8;11;1;
202300052091;155588137;A01;2;50;0;0;0;2;3;
202300052092;155588133;A01;2;7;0;2;2;1;1;
202300052092;155588140;B01;1;7;0;2;2;15;1;
202300052093;155588134;A01;2;7;0;0;1;1;1;
202300052094;155588132;A01;0;7;0;1;4;4;1;
202300052095;155588128;A01;2;33;13;0;1;15;1;
202300052096;155588129;A01;1;7;6;0;2;2;1;
202300052097;155588126;A01;2;7;0;2;3;1;2;
202300052097;155588135;B01;1;7;0;2;3;1;1;
202300052098;155588131;A01;1;30;0;1;1;1;1;
202300052099;155588124;A01;1;7;0;0;1;1;1;
202300052099;155588130;B01;2;7;0;0;4;1;1;
202300052099;155588136;C01;2;7;0;0;0;0;0;
202300052100;155588125;A01;1;50;0;1;1;1;3;
202300052101;155588123;A01;2;7;14;0;1;1;1;
202300052102;155588122;A01;1;7;0;2;8;9;1;
202300052102;155588127;B01;1;7;0;2;1;1;2;
202300052103;155588119;A01;2;10;13;9;2;2;0;
202300052104;155588118;A01;3;7;0;1;5;4;1;
202300052105;155588117;A01;3;32;11;0;1;1;1;
202300052106;155588116;A01;1;7;1;0;2;2;1;
202300052107;155588115;B01;2;33;0;2;1;2;1;
202300052107;155588120;A01;2;7;0;2;2;12;1;
202300052108;155588111;B01;2;7;0;2;6;9;1;
202300052108;155588121;A01;1;33;0;2;3;1;1;
202300052109;155588106;A01;3;32;0;2;1;1;1;
202300052109;155588112;B01;3;7;0;2;3;9;1;
202300052110;155588107;A01;1;7;0;2;7;26;1;
202300052110;155588113;B01;3;50;0;2;8;1;3;
202300052111;155588103;A01;2;7;0;2;1;1;1;
202300052111;155588110;B01;1;7;0;2;6;23;1;
202300052111;155588114;C01;1;7;0;2;1;23;1;
202300052112;155588109;A01;3;38;0;1;1;15;1;1.0
202300052113;155588099;B01;0;1;0;2;8;19;5;
202300052113;155588105;A01;0;10;0;2;1;11;0;
202300052114;155588096;A01;1;33;0;2;0;26;1;
202300052114;155588102;B01;1;10;0;2;2;2;1;
202300052115;155588095;B01;2;7;0;2;4;1;1;
202300052115;155588100;A01;2;7;0;2;1;1;1;
202300052116;155588098;B01;3;99;0;2;0;0;3;
202300052116;155588101;A01;3;7;0;2;3;1;3;
202300052117;155588093;A01;1;7;0;2;2;15;1;
202300052117;155588097;B01;1;2;0;2;1;1;1;
202300052118;155588090;A01;2;7;13;0;0;1;1;
202300052119;155588087;A01;2;7;0;2;1;13;1;
202300052119;155588092;B01;1;7;13;2;3;1;1;
202300052120;155588086;A01;1;7;3;0;2;1;1;
202300052121;155588088;A01;1;30;0;0;1;0;0;
202300052122;155588084;B01;1;1;0;2;1;1;5;
202300052122;155588094;A01;2;7;0;2;2;1;1;
202300052123;155588085;A01;2;7;0;2;0;2;1;
202300052123;155588089;B01;2;1;0;2;0;2;5;
202300052124;155588081;A01;3;7;9;0;8;22;1;
202300052125;155588080;A01;3;7;0;9;8;26;1;
202300052125;155588083;B01;3;50;0;2;1;0;3;
202300052126;155588079;A01;3;7;16;0;2;1;1;
202300052127;155588069;A01;2;7;0;1;7;21;1;
202300052128;155588065;A01;2;7;8;0;1;0;1;
202300052129;155588070;C01;1;7;0;2;4;1;1;
202300052129;155588076;A01;1;7;0;2;8;11;1;
202300052129;155588082;B01;1;31;3;2;7;1;1;
202300052130;155588066;A01;1;33;0;2;1;2;1;
202300052130;155588074;B01;1;7;0;2;6;2;1;
202300052131;155588068;A01;1;7;0;9;1;15;1;
202300052131;155588075;B01;2;50;0;2;1;1;3;
202300052132;155588072;B01;0;7;0;2;8;15;0;
202300052132;155588077;A01;0;2;0;2;7;17;1;
202300052133;155588063;A01;1;2;11;0;1;6;1;
202300052134;155588064;A01;3;7;0;2;1;2;1;
202300052134;155588071;B01;3;37;0;2;6;23;1;1.0
202300052135;155588061;A01;1;7;2;0;3;1;1;
202300052136;155588059;B01;3;7;0;2;3;1;1;
202300052136;155588062;A01;3;7;0;2;3;9;1;
202300052137;155588055;A01;3;17;0;1;8;26;1;
202300052138;155588051;A01;1;7;0;2;1;13;1;
202300052138;155588058;B01;2;7;0;2;1;1;1;
202300052139;155588053;A01;2;7;0;2;5;26;1;
202300052139;155588060;B01;2;33;0;2;1;2;1;
202300052140;155588049;B01;1;7;0;2;8;1;1;
202300052140;155588057;A01;2;33;0;2;8;13;1;
202300052141;155588050;B01;1;7;0;2;6;11;1;
202300052141;155588056;A01;1;33;0;2;1;3;1;
202300052142;155588048;A01;3;33;0;2;1;2;1;
202300052142;155588054;B01;3;33;0;2;4;2;1;
202300052143;155588046;A01;2;2;0;1;1;1;0;
202300052144;155588044;A01;1;7;0;2;2;1;1;
202300052144;155588047;B01;2;7;0;2;1;1;1;
202300052145;155588043;B01;1;7;3;2;6;1;1;
202300052145;155588052;A01;1;7;3;2;2;17;1;
202300052146;155588042;Z01;1;10;0;1;8;21;0;
202300052147;155588038;A01;2;33;0;2;1;3;1;
202300052147;155588041;B01;2;7;0;2;4;1;1;
202300052148;155588035;A01;0;10;0;1;1;1;1;
202300052149;155588032;C01;2;7;0;2;3;1;1;
202300052149;155588040;A01;2;10;0;2;5;15;1;
202300052149;155588045;B01;1;7;0;2;1;1;1;
202300052150;155588031;B01;1;50;0;2;5;19;3;
202300052150;155588036;A01;1;7;0;9;1;1;1;
202300052151;155588033;A01;1;7;6;0;1;1;1;
202300052152;155588029;A01;1;7;0;2;1;2;1;
202300052152;155588039;B01;-1;7;-1;2;-1;23;-1;
202300052153;155588027;A01;1;7;0;1;1;16;1;
202300052154;155588030;A01;2;7;13;0;1;1;1;
202300052155;155588026;A01;2;10;4;0;0;0;1;
202300052156;155588023;A01;0;32;0;1;1;1;1;
202300052157;155588024;A01;1;7;4;0;1;13;1;
202300052158;155588020;A01;1;7;0;0;1;1;1;
202300052159;155588019;A01;1;7;0;1;1;1;1;
202300052160;155588013;A01;1;7;0;0;4;23;1;
202300052160;155588018;C01;1;7;0;2;1;1;1;
202300052160;155588021;B01;1;10;0;2;4;23;1;
202300052161;155588015;A01;2;33;0;0;4;1;1;
202300052162;155588011;A01;1;7;0;2;2;12;1;
202300052162;155588014;B01;1;33;0;2;3;3;1;
202300052163;155588010;A01;2;7;0;2;1;26;6;
202300052164;155588008;A01;3;7;0;2;1;1;1;
202300052164;155588016;B01;3;1;0;2;8;1;5;
202300052165;155588006;A01;3;7;0;1;1;1;1;
202300052166;155588004;A01;2;7;0;2;2;2;1;
202300052166;155588009;B01;2;36;0;2;4;2;1;
202300052166;155588012;C01;2;7;0;2;8;2;1;
202300052167;155588002;B01;1;30;0;2;1;1;1;
202300052167;155588007;A01;2;7;0;2;7;15;1;
202300052168;155587999;A01;1;10;0;2;1;2;3;
202300052168;155588001;B01;1;7;0;2;4;2;1;
202300052169;155587996;B01;1;7;0;2;3;1;1;
202300052169;155588003;A01;2;7;0;2;3;13;1;
202300052170;155587989;A01;0;7;0;2;2;15;1;
202300052171;155587995;A01;3;7;8;2;1;9;1;
202300052171;155587997;B01;3;1;0;2;4;1;5;
202300052172;155587994;A01;3;7;0;2;3;1;1;
202300052172;155587998;B01;2;7;0;2;2;1;1;
202300052173;155587993;C01;1;7;0;2;8;23;1;
202300052173;155588000;A01;1;7;0;2;1;9;1;
202300052173;155588005;B01;1;7;0;2;1;21;1;
202300052174;155587986;A01;0;2;0;2;1;26;1;
202300052174;155587990;B01;2;7;0;2;3;1;1;
202300052175;155587987;A01;1;7;0;2;3;1;1;
202300052175;155587992;B01;2;7;0;2;3;1;1;
202300052176;155587985;A01;2;15;0;2;1;2;0;
202300052176;155587988;B01;2;7;0;2;4;2;0;
202300052177;155587984;A01;3;2;0;2;1;15;1;
202300052177;155587991;B01;3;7;0;2;2;1;1;
202300052178;155587978;A01;1;7;0;2;8;26;1;
202300052178;155587982;B01;3;80;0;2;1;1;3;
202300052179;155587975;A01;3;7;12;0;2;9;1;
202300052180;155587973;B01;2;31;0;2;1;1;1;
202300052180;155587981;A01;1;7;0;2;2;15;1;
202300052181;155587976;B01;1;1;0;2;6;1;5;
202300052181;155587980;A01;1;7;0;2;1;1;1;
202300052182;155587977;A01;2;1;0;2;1;26;5;
202300052182;155587983;B01;2;10;0;9;3;15;1;
202300052183;155587974;A01;1;7;4;2;7;14;1;
202300052184;155587972;A01;2;7;3;2;1;2;2;
202300052184;155587979;B01;2;10;3;2;4;1;1;
202300052185;155587967;A01;1;7;0;2;1;13;0;
202300052185;155587970;B01;2;14;0;2;1;1;0;
202300052186;155587968;A01;2;7;0;2;3;1;1;
202300052186;155587971;B01;2;2;0;2;5;15;1;
202300052187;155587964;A01;1;33;0;2;7;1;1;
202300052187;155587969;B01;1;7;0;2;8;15;2;
202300052188;155587960;A01;1;10;0;1;6;4;1;
202300052189;155587959;B01;1;7;3;2;7;1;1;
202300052189;155587965;A01;1;7;0;2;1;11;1;
202300052190;155587958;A01;1;7;0;2;8;9;2;
202300052190;155587963;B01;1;80;0;2;1;1;3;
202300052191;155587956;B01;2;7;0;2;2;1;1;
202300052191;155587966;A01;3;1;0;2;7;15;5;
202300052192;155587954;A01;1;7;0;2;1;1;1;
202300052192;155587961;B01;1;7;0;2;4;1;1;
202300052193;155587952;A01;2;7;0;1;1;17;1;
202300052194;155587948;C01;1;7;0;0;4;23;0;
202300052194;155587953;B01;1;7;0;0;4;23;0;
202300052194;155587957;A01;1;7;0;0;0;1;0;
202300052195;155587950;C01;2;7;0;2;3;1;1;
202300052195;155587955;B01;2;7;0;2;1;2;1;
202300052195;155587962;A01;1;7;0;2;3;1;1;
202300052196;155587946;A01;3;7;0;2;0;22;1;
202300052196;155587951;B01;2;1;0;0;0;1;5;
202300052197;155587947;A01;3;37;0;1;8;1;1;1.0
202300052198;155587942;A01;2;7;15;0;0;1;1;
202300052199;155587941;A01;1;7;0;1;1;1;1;
202300052200;155587939;A01;2;33;0;1;1;2;1;
202300052201;155587938;B01;2;7;0;2;4;1;1;
202300052201;155587940;C01;2;7;0;2;4;0;2;
202300052201;155587945;A01;2;7;0;2;1;1;1;
202300052201;155587949;D01;2;7;0;2;1;1;1;
202300052202;155587937;B01;1;1;0;2;1;1;5;
202300052202;155587944;A01;1;14;0;2;2;16;1;
202300052203;155587936;A01;2;7;0;1;1;1;1;
202300052204;155587934;B01;1;7;0;2;2;1;1;
202300052204;155587943;A01;1;7;0;2;3;1;2;
202300052205;155587933;A01;1;7;0;1;3;1;1;
202300052206;155587932;B01;3;37;0;2;5;1;1;1.0
202300052206;155587935;A01;3;50;0;2;1;1;3;
202300052207;155587930;A01;1;1;0;0;1;21;5;
202300052208;155587928;A01;2;7;0;2;1;1;1;
202300052208;155587931;B01;1;7;0;2;1;1;1;
202300052209;155587926;A01;1;7;13;0;9;13;1;
202300052210;155587925;B01;2;7;0;2;4;2;1;
202300052210;155587929;A01;2;32;4;2;2;2;1;
202300052211;155587922;A01;3;10;0;2;7;17;1;
202300052211;155587927;B01;3;2;0;2;8;2;1;
202300052212;155587919;B01;2;7;3;2;1;1;0;
202300052212;155587923;A01;1;7;0;2;1;1;0;
202300052213;155587918;A01;1;80;0;2;2;1;3;
202300052213;155587924;B01;1;7;0;2;3;1;1;
202300052214;155587917;A01;2;10;0;2;3;9;1;
202300052214;155587920;B01;2;50;0;2;7;1;3;
202300052215;155587916;A01;1;7;0;2;2;14;1;
202300052215;155587921;B01;1;30;0;2;8;1;1;
202300052216;155587910;A01;1;7;13;0;9;13;1;
202300052217;155587912;A01;2;33;0;0;0;16;1;
202300052218;155587908;B01;1;7;0;2;4;2;1;
202300052218;155587913;A01;1;7;0;2;1;2;1;
202300052219;155587909;A01;1;7;0;2;5;9;2;
202300052219;155587915;B01;1;32;0;2;1;1;1;
202300052220;155587911;A01;0;7;0;1;1;1;1;
202300052221;155587906;A01;2;7;0;1;7;1;1;
202300052222;155587902;A01;2;7;0;9;7;15;1;
202300052222;155587907;B01;1;2;0;2;1;1;1;
202300052223;155587899;A01;1;7;0;1;2;19;1;
202300052224;155587895;A01;2;13;0;2;4;23;1;
202300052224;155587900;B01;2;14;1;0;1;2;1;
202300052225;155587896;A01;3;7;0;2;3;1;0;
202300052225;155587903;B01;3;50;0;2;1;1;3;
202300052226;155587897;A01;2;2;0;2;1;2;1;
202300052226;155587901;B01;2;7;0;2;4;2;1;
202300052227;155587904;A01;1;7;0;2;2;9;1;
202300052227;155587914;B01;1;2;0;2;7;17;3;
202300052228;155587894;A01;2;7;1;0;2;1;1;
202300052229;155587892;B01;1;7;0;2;0;1;1;
202300052229;155587905;A01;1;7;0;2;0;16;1;
202300052230;155587888;A01;1;7;0;1;3;1;1;
202300052231;155587893;A01;2;7;0;2;2;16;1;
202300052231;155587898;B01;2;2;0;2;1;18;1;
202300052232;155587887;A01;1;10;0;2;1;9;1;
202300052232;155587891;B01;2;31;0;2;7;1;1;
202300052233;155587886;B01;0;10;0;2;3;0;1;
202300052233;155587890;A01;0;7;0;2;3;5;1;
202300052234;155587882;A01;0;30;0;2;6;2;1;
202300052234;155587889;B01;0;7;0;2;2;20;1;
202300052235;155587885;A01;2;2;0;0;0;3;1;
202300052236;155587880;A01;2;7;0;2;7;19;1;
202300052236;155587884;B01;1;33;0;2;1;1;1;
202300052237;155587877;A01;2;33;0;0;8;26;1;
202300052238;155587878;A01;1;7;0;2;2;14;1;
202300052238;155587883;B01;1;31;0;2;1;2;1;
202300052239;155587876;B01;2;7;0;2;3;1;1;
202300052239;155587881;A01;2;7;0;2;1;13;1;
202300052240;155587871;B01;2;80;0;2;7;1;3;
202300052240;155587879;A01;3;7;0;2;3;15;1;
202300052241;155587870;B01;2;50;0;2;7;19;3;
202300052241;155587874;A01;1;7;0;9;3;1;1;
202300052242;155587869;B01;1;1;0;2;3;1;5;
202300052242;155587875;A01;1;7;0;2;5;16;1;
202300052243;155587868;A01;1;7;0;2;3;13;1;
202300052243;155587872;B01;2;7;0;2;3;1;1;
202300052244;155587866;A01;2;7;0;2;5;22;2;
202300052244;155587873;B01;2;30;0;0;8;18;3;
202300052245;155587863;A01;1;7;0;0;1;1;1;
202300052245;155587867;B01;1;7;0;0;4;2;1;
202300052246;155587862;A01;3;7;0;2;1;11;1;
202300052246;155587865;B01;3;7;0;2;1;0;1;
202300052247;155587860;A01;3;7;4;0;3;13;1;
202300052248;155587856;B01;2;7;0;9;8;0;1;
202300052248;155587864;A01;2;1;0;2;1;19;5;
202300052249;155587857;A01;1;33;0;2;1;2;1;
202300052249;155587861;B01;1;7;1;0;2;2;1;
202300052250;155587858;A01;2;33;7;0;7;3;1;
202300052251;155587855;A01;0;2;0;2;1;0;1;
202300052251;155587859;B01;0;2;0;2;1;0;1;
202300052252;155587849;A01;3;10;12;0;4;1;0;
202300052252;155587854;B01;3;2;0;2;1;1;1;
202300052253;155587848;A01;3;2;0;2;8;26;1;
202300052253;155587852;B01;3;7;0;2;1;1;1;
202300052254;155587847;A01;0;7;0;2;1;1;1;
202300052254;155587851;B01;0;1;0;2;1;19;5;
202300052255;155587853;A01;3;1;1;0;2;14;5;
202300052256;155587844;A01;2;7;0;2;7;15;2;
202300052256;155587850;B01;1;7;0;2;1;1;1;
202300052257;155587841;B01;1;7;0;2;1;1;1;
202300052257;155587846;A01;2;3;0;2;7;15;2;
202300052258;155587838;A01;2;7;0;2;1;16;1;
202300052258;155587842;B01;1;7;0;2;4;23;1;
202300052259;155587839;A01;0;33;0;2;1;18;1;
202300052259;155587843;B01;0;7;0;2;2;16;1;
202300052260;155587840;A01;1;30;0;2;1;1;1;
202300052260;155587845;Z01;2;2;0;2;1;1;0;
202300052261;155587834;B01;1;14;0;0;6;1;1;
202300052261;155587836;A01;1;7;0;2;3;3;2;
202300052262;155587831;A01;0;7;0;2;0;0;0;
202300052262;155587837;B01;0;2;0;2;0;0;1;
202300052263;155587832;A01;2;7;1;0;1;1;1;
202300052264;155587828;B01;2;7;0;2;0;0;1;
202300052264;155587830;A01;1;7;0;2;3;13;1;
202300052265;155587827;A01;3;7;0;2;1;13;1;
202300052265;155587833;B01;3;7;0;2;1;1;1;
202300052266;155587824;A01;2;10;7;0;1;14;1;
202300052267;155587826;B01;1;7;0;2;1;1;1;
202300052267;155587835;A01;2;30;0;2;3;1;3;
202300052268;155587825;A01;1;10;0;1;1;19;1;
202300052269;155587822;B01;2;7;0;2;2;15;2;
202300052269;155587829;A01;1;33;0;2;2;18;1;
202300052270;155587823;A01;1;7;1;1;2;14;1;
202300052271;155587820;A01;2;7;0;1;2;26;1;
202300052272;155587818;A01;1;7;8;0;1;26;1;
202300052273;155587814;A01;2;7;0;2;1;1;1;
202300052273;155587819;B01;2;7;0;2;4;1;1;
202300052274;155587810;A01;1;7;13;0;1;0;1;
202300052275;155587811;A01;2;7;0;2;3;15;3;
202300052275;155587816;B01;1;33;0;2;1;1;1;
202300052276;155587813;B01;3;7;0;2;1;1;1;
202300052276;155587821;A01;3;7;8;0;2;2;1;
202300052277;155587807;A01;1;7;0;2;9;13;1;
202300052277;155587809;B01;2;7;0;2;9;1;1;
202300052277;155587815;C01;2;7;0;2;9;2;1;
202300052278;155587804;A01;0;31;0;0;0;19;1;
202300052279;155587808;A01;2;33;0;2;1;1;1;
202300052279;155587812;B01;2;10;0;2;7;15;1;
202300052280;155587806;A01;1;7;0;4;1;1;1;
202300052280;155587817;B01;3;40;0;0;8;1;3;
202300052281;155587803;A01;2;7;8;0;1;26;1;
202300052282;155587799;A01;1;7;0;0;0;21;1;
202300052283;155587798;A01;1;7;0;2;3;1;1;
202300052283;155587802;B01;2;33;0;2;2;12;1;
202300052284;155587794;A01;3;50;0;2;1;5;3;
202300052284;155587797;B01;3;7;0;2;2;15;1;
202300052285;155587789;A01;3;30;0;2;8;26;3;
202300052285;155587796;B01;1;2;0;2;1;1;1;
202300052286;155587793;A01;1;1;0;1;1;1;5;
202300052287;155587787;B01;3;1;0;2;4;12;5;
202300052287;155587795;A01;3;10;0;2;1;1;1;
202300052288;155587784;B01;1;33;0;2;1;1;1;
202300052288;155587792;A01;1;7;0;2;6;16;1;
202300052289;155587786;A01;2;7;0;9;7;1;1;
202300052289;155587790;B01;3;1;0;2;1;26;5;
202300052290;155587783;B01;2;7;0;2;4;2;0;
202300052290;155587788;A01;2;7;0;2;2;2;1;
202300052291;155587779;A01;1;7;0;1;1;15;1;
202300052292;155587781;A01;2;7;0;2;3;12;1;
202300052292;155587785;B01;2;34;0;0;0;0;1;
202300052293;155587776;A01;1;7;0;2;2;1;3;
202300052293;155587780;B01;1;31;0;2;1;1;1;
202300052294;155587771;Z01;1;7;0;2;8;15;1;
202300052294;155587775;A01;1;37;0;2;1;1;2;2.0
202300052295;155587770;B01;1;7;0;2;4;1;1;
202300052295;155587777;A01;1;7;0;2;1;1;1;
202300052296;155587772;A01;0;7;0;1;1;9;0;
202300052297;155587767;B01;1;30;0;2;4;1;1;
202300052297;155587769;A01;1;7;0;2;2;9;1;
202300052298;155587762;A01;1;7;0;2;3;5;1;
202300052298;155587765;B01;2;7;0;2;3;1;1;
202300052298;155587768;C01;2;10;0;2;3;1;1;
202300052298;155587774;D01;2;10;0;2;3;1;1;
202300052298;155587778;E01;2;7;0;2;3;1;1;
202300052298;155587782;F01;2;7;0;2;1;1;1;
202300052299;155587761;A01;2;7;12;0;3;15;1;
202300052300;155587757;A01;2;99;0;2;2;21;1;
202300052300;155587764;B01;2;31;0;2;1;1;0;
202300052301;155587759;A01;1;7;0;2;1;13;1;
202300052301;155587763;B01;0;7;0;2;1;1;1;
202300052302;155587753;A01;3;30;0;2;1;13;1;
202300052302;155587760;B01;3;7;0;2;3;1;1;
202300052303;155587752;A01;1;7;0;2;3;20;1;
202300052303;155587758;B01;1;33;0;2;1;1;1;
202300052304;155587754;A01;0;7;0;1;7;1;1;
202300052305;155587751;A01;1;33;0;2;2;3;1;
202300052305;155587755;B01;1;7;0;2;8;11;0;
202300052306;155587749;A01;2;7;0;2;7;13;1;
202300052306;155587756;B01;1;7;0;2;1;1;1;
202300052307;155587747;A01;2;7;3;2;1;5;1;
202300052307;155587750;B01;1;15;16;2;1;1;1;
202300052308;155587746;A01;2;7;0;1;2;1;1;
202300052309;155587744;A01;1;7;0;1;8;1;1;
202300052310;155587745;A01;2;7;0;2;4;26;1;
202300052310;155587748;B01;2;10;0;2;1;1;1;
202300052311;155587742;A01;1;7;2;0;2;1;1;
202300052312;155587738;B01;2;7;0;2;3;1;1;
202300052312;155587743;A01;3;7;0;2;2;15;1;
202300052313;155587740;A01;1;7;2;0;9;1;1;
202300052314;155587737;B01;1;7;0;2;1;26;1;
202300052314;155587741;A01;1;7;0;2;1;26;1;
202300052315;155587736;A01;1;7;4;0;1;0;1;
202300052316;155587735;A01;1;7;1;0;2;1;1;
202300052317;155587734;A01;1;31;0;2;2;17;1;
202300052317;155587739;B01;1;7;0;2;3;15;1;
202300052318;155587730;A01;3;7;0;2;2;1;1;
202300052319;155587732;A01;1;33;7;0;1;15;1;
202300052320;155587728;A01;1;7;9;0;1;0;1;
202300052321;155587731;B01;2;10;0;2;2;1;1;
202300052321;155587733;A01;1;7;0;2;7;15;1;
202300052322;155587727;A01;1;7;1;0;3;13;1;
202300052323;155587726;A01;1;7;2;0;1;13;1;
202300052324;155587720;A01;2;7;0;2;1;13;1;
202300052324;155587724;B01;1;7;0;2;1;1;1;
202300052324;155587729;C01;1;7;0;2;1;1;1;
202300052325;155587722;B01;1;10;0;2;3;1;1;
202300052325;155587725;A01;1;7;0;2;3;16;1;
202300052326;155587717;B01;1;7;0;2;1;1;1;
202300052326;155587723;A01;1;7;0;2;8;9;1;
202300052327;155587713;A01;0;7;0;2;7;9;1;
202300052327;155587718;B01;0;7;0;2;8;1;1;
202300052328;155587714;A01;1;7;0;1;2;1;1;
202300052329;155587715;A01;2;7;0;2;3;15;2;
202300052329;155587721;B01;1;33;0;2;1;1;1;
202300052330;155587711;A01;3;10;0;2;3;15;1;
202300052330;155587719;B01;3;30;0;2;0;1;1;
202300052331;155587710;A01;2;34;0;5;0;0;1;
202300052332;155587709;A01;3;34;14;0;1;6;1;
202300052333;155587707;A01;1;7;0;2;1;2;1;
202300052333;155587712;B01;1;7;0;2;1;2;1;
202300052333;155587716;C01;1;7;0;2;4;2;1;
202300052334;155587708;A01;2;7;0;1;2;12;1;
202300052335;155587705;A01;0;32;0;1;0;0;0;
202300052336;155587701;A01;1;7;0;2;5;1;1;
202300052336;155587706;B01;2;30;0;2;1;1;1;
202300052337;155587698;B01;1;7;0;2;2;2;1;
202300052337;155587703;A01;1;32;0;2;6;13;1;
202300052338;155587697;A01;3;10;0;2;1;1;1;
202300052338;155587704;B01;3;7;0;2;8;1;1;
202300052339;155587695;A01;1;7;0;2;8;15;1;
202300052339;155587702;B01;2;33;0;2;1;1;1;
202300052340;155587692;B01;3;1;13;2;8;1;5;
202300052340;155587699;A01;1;7;0;9;1;1;1;
202300052341;155587693;B01;2;10;0;2;6;23;1;
202300052341;155587700;A01;2;7;0;2;1;1;1;
202300052342;155587690;A01;1;30;0;0;8;11;1;
202300052343;155587689;A01;1;7;0;2;1;13;1;
202300052343;155587694;B01;2;15;0;2;8;1;0;
202300052344;155587686;A01;3;50;0;0;0;0;3;
202300052345;155587683;B01;3;1;12;0;1;25;5;
202300052345;155587685;A01;3;7;0;9;2;21;1;
202300052346;155587682;A01;0;10;0;1;1;2;1;
202300052347;155587681;A01;3;7;0;1;2;1;1;
202300052348;155587684;A01;2;7;0;2;2;15;1;
202300052348;155587688;B01;1;7;0;0;2;1;0;
202300052349;155587680;Z01;2;7;0;2;5;14;2;
202300052349;155587687;A01;2;32;0;2;1;3;1;
202300052350;155587675;A01;2;7;0;2;1;15;1;
202300052350;155587678;B01;1;34;0;2;1;1;1;
202300052351;155587673;A01;2;7;0;2;1;13;1;
202300052351;155587679;B01;1;15;0;2;3;1;1;
202300052352;155587668;A01;2;60;0;2;1;19;5;
202300052352;155587676;B01;2;7;0;2;5;1;1;
202300052353;155587670;A01;3;7;0;1;3;1;0;
202300052354;155587669;B01;2;43;0;2;1;1;1;
202300052354;155587674;A01;2;7;0;2;3;11;6;
202300052355;155587666;A01;1;7;0;2;1;15;1;
202300052355;155587672;B01;2;31;0;2;0;1;1;
202300052356;155587664;A01;2;7;0;0;2;20;1;
202300052357;155587659;A01;1;7;1;0;1;21;1;
202300052358;155587658;B01;1;7;0;2;3;15;1;
202300052358;155587661;A01;1;1;0;2;8;15;5;
202300052359;155587657;C01;3;10;0;2;4;1;1;
202300052359;155587660;A01;3;15;0;2;1;1;1;
202300052359;155587665;B01;3;7;0;2;4;1;1;
202300052359;155587671;D01;3;7;0;2;4;1;1;
202300052359;155587677;E01;3;7;0;2;4;1;1;
202300052360;155587656;B01;1;7;0;2;1;1;1;
202300052360;155587662;A01;2;7;0;2;1;1;1;
202300052361;155587650;A01;2;7;0;2;7;1;1;
202300052361;155587655;B01;2;7;0;2;1;26;1;
202300052362;155587649;A01;2;7;1;0;1;1;1;
202300052363;155587648;B01;2;32;0;2;1;7;0;
202300052363;155587652;A01;2;10;0;2;7;14;1;
202300052364;155587645;B01;3;50;0;2;7;1;3;
202300052364;155587654;A01;1;7;0;2;8;9;1;
202300052365;155587644;A01;2;37;1;0;5;20;3;2.0
202300052365;155587653;B01;2;10;1;0;6;24;1;
202300052366;155587640;A01;2;7;0;1;1;11;0;
202300052367;155587639;B01;1;7;0;2;0;0;1;
202300052367;155587643;A01;1;7;0;2;1;1;1;
202300052367;155587646;C01;1;7;0;2;1;1;1;
202300052368;155587637;A01;2;50;0;2;1;5;3;
202300052368;155587642;B01;1;10;0;0;1;1;1;
202300052369;155587638;A01;3;7;0;1;1;15;1;
202300052370;155587635;A01;2;50;0;0;7;16;3;
202300052370;155587641;B01;0;0;-1;2;7;0;-1;
202300052371;155587631;A01;1;7;0;2;1;13;1;
202300052371;155587634;B01;2;7;0;2;0;1;1;
202300052372;155587623;A01;1;7;0;2;3;2;1;
202300052372;155587628;B01;1;7;0;2;4;15;1;
202300052373;155587626;A01;1;33;0;0;8;1;1;
202300052374;155587622;A01;2;14;0;2;7;16;1;
202300052374;155587624;B01;2;1;0;2;1;1;5;
202300052375;155587629;A01;2;1;0;2;7;1;5;
202300052375;155587632;B01;2;10;0;2;3;15;1;
202300052376;155587625;A01;1;7;13;0;2;17;1;
202300052376;155587630;B01;1;31;0;0;0;2;0;
202300052377;155587619;A01;2;7;2;0;1;0;1;
202300052378;155587620;A01;1;7;0;1;7;21;1;
202300052379;155587618;B01;2;7;0;2;3;1;1;
202300052379;155587627;A01;1;7;0;2;1;1;1;
202300052380;155587617;B01;1;7;0;2;1;1;1;
202300052380;155587621;A01;1;1;0;2;8;19;5;
202300052381;155587610;B01;1;7;0;2;2;1;0;
202300052381;155587615;A01;1;7;0;2;5;1;1;
202300052382;155587609;B01;1;2;0;2;1;11;1;
202300052382;155587616;A01;1;7;0;2;3;15;1;
202300052383;155587607;A01;2;1;0;0;0;1;5;
202300052384;155587608;A01;1;10;0;0;2;22;1;