Num_Acc;id_vehicule;num_veh;senc;catv;obs;obsm;choc;manv;motor;occutc
202300052384;155587614;B01;1;1;0;0;1;1;5;
202300052385;155587605;A01;1;30;0;2;7;1;1;
202300052385;155587613;B01;2;7;0;2;1;1;1;
202300052386;155587603;B01;3;10;0;2;2;15;1;
202300052386;155587612;A01;3;33;0;2;1;1;1;
202300052387;155587604;A01;2;7;0;1;1;1;1;
202300052388;155587602;C01;1;7;0;2;1;2;0;
202300052388;155587606;B01;1;7;0;2;1;2;0;
202300052388;155587611;A01;2;7;0;2;1;5;2;
202300052389;155587601;A01;2;7;12;0;2;21;1;
202300052390;155587598;A01;1;7;0;1;4;20;1;
202300052391;155587595;A01;1;7;0;2;1;9;1;
202300052391;155587600;B01;1;1;0;2;1;1;5;
202300052392;155587594;A01;1;17;0;1;1;16;0;
202300052393;155587591;A01;2;10;0;2;3;5;1;
202300052393;155587597;B01;1;7;0;2;3;1;1;
202300052394;155587590;A01;2;7;0;1;3;1;1;
202300052395;155587596;A01;2;7;0;2;3;15;3;
202300052395;155587599;B01;2;1;0;2;0;17;5;
202300052396;155587589;A01;0;7;0;2;1;1;1;
202300052396;155587592;B01;0;50;0;2;8;19;3;
202300052397;155587586;B01;1;7;0;2;2;1;0;
202300052397;155587593;A01;2;7;0;2;1;1;1;
202300052398;155587584;A01;1;32;0;2;7;17;1;
202300052398;155587587;B01;1;10;0;2;2;9;1;
202300052399;155587582;A01;3;80;16;0;7;5;3;
202300052399;155587588;B01;3;10;0;2;1;1;0;
202300052400;155587579;B01;1;7;0;2;1;1;1;
202300052400;155587583;A01;2;7;0;2;1;5;1;
202300052400;155587585;C01;1;10;14;0;1;1;1;
202300052401;155587578;A01;3;7;15;1;1;20;0;
202300052402;155587577;B01;3;2;0;2;2;17;1;
202300052402;155587581;A01;3;7;0;2;3;15;1;
202300052403;155587575;A01;1;7;4;0;2;9;1;
202300052404;155587576;B01;3;32;0;2;1;2;1;
202300052404;155587580;A01;2;7;0;2;2;16;1;
202300052405;155587574;Z01;2;7;0;1;3;15;1;
202300052406;155587567;A01;2;7;0;2;1;15;1;
202300052406;155587572;B01;1;7;0;2;3;1;1;
202300052407;155587570;B01;1;33;0;2;7;17;6;
202300052407;155587573;A01;1;7;0;2;8;17;6;
202300052408;155587565;A01;2;7;0;2;3;11;1;
202300052408;155587568;B01;2;31;1;2;1;1;1;
202300052409;155587566;A01;3;7;1;1;3;1;1;
202300052410;155587564;A01;2;33;0;2;1;2;1;
202300052410;155587571;B01;2;10;0;2;4;2;1;
202300052411;155587562;B01;3;30;0;2;5;1;1;
202300052411;155587569;A01;1;7;0;2;1;9;1;
202300052412;155587561;A01;1;50;0;0;0;1;3;
202300052413;155587560;B01;3;32;0;2;6;1;0;
202300052413;155587563;A01;3;13;1;0;3;15;0;
202300052414;155587559;A01;3;7;0;1;3;1;1;
202300052415;155587557;A01;1;7;0;1;0;0;1;
202300052416;155587551;A01;1;7;6;0;1;1;1;
202300052417;155587553;B01;1;30;0;2;2;16;1;
202300052417;155587558;A01;1;37;0;2;3;1;1;1.0
202300052418;155587548;B01;1;7;0;2;5;23;1;
202300052418;155587554;A01;1;33;8;2;1;1;1;
202300052419;155587550;A01;1;32;0;2;3;13;1;
202300052419;155587556;B01;1;7;0;2;5;1;1;
202300052420;155587549;A01;3;50;0;2;1;5;3;
202300052420;155587555;B01;3;7;0;2;6;1;1;
202300052421;155587547;A01;0;10;0;1;2;1;0;
202300052422;155587546;A01;3;10;0;2;1;1;1;
202300052422;155587552;B01;3;7;0;2;8;0;1;
202300052423;155587545;A01;2;7;6;0;3;1;1;
202300052424;155587539;A01;1;10;0;2;2;13;0;
202300052424;155587543;B01;1;1;0;2;6;13;5;
202300052425;155587538;A01;2;33;0;2;1;2;1;
202300052425;155587542;B01;2;43;0;2;4;2;1;
202300052426;155587537;A01;3;2;0;2;1;1;1;
202300052426;155587540;B01;3;10;0;2;1;1;1;
202300052427;155587536;A01;1;7;0;2;3;1;1;
202300052427;155587544;B01;2;1;0;2;1;1;5;
202300052428;155587541;A01;1;1;12;0;8;13;5;
202300052429;155587530;B01;1;7;0;2;1;1;1;
202300052429;155587534;A01;1;7;0;0;4;1;0;
202300052430;155587531;A01;3;33;8;0;0;1;1;
202300052431;155587533;A01;3;7;0;2;1;1;1;
202300052431;155587535;B01;3;50;0;2;2;0;3;
202300052432;155587528;A01;2;7;1;0;3;0;1;
202300052433;155587527;B01;1;43;0;2;1;1;1;
202300052433;155587532;A01;1;7;0;2;2;1;1;
202300052434;155587525;B01;2;2;0;2;4;1;1;
202300052434;155587529;A01;2;7;0;2;2;2;1;
202300052435;155587522;A01;3;7;2;0;9;1;1;
202300052436;155587523;B01;2;7;0;2;2;9;2;
202300052436;155587526;A01;1;30;0;2;7;1;3;
202300052437;155587521;A01;2;7;4;0;2;14;2;
202300052438;155587520;B01;1;50;0;0;0;1;3;
202300052439;155587518;B01;2;7;0;2;2;16;1;
202300052439;155587524;A01;1;50;0;2;1;1;3;
202300052440;155587517;A01;2;7;0;1;3;1;1;
202300052441;155587508;A01;1;10;0;1;3;1;1;
202300052442;155587509;B01;2;7;0;0;1;1;1;
202300052442;155587516;A01;1;7;0;0;1;17;1;
202300052443;155587507;A01;1;7;0;2;2;17;0;
202300052443;155587512;B01;1;7;0;2;5;1;0;
202300052444;155587506;B01;2;10;0;2;1;0;1;
202300052444;155587511;C01;2;7;0;2;1;1;1;
202300052444;155587515;D01;2;7;0;2;4;1;1;
202300052444;155587519;A01;2;7;0;2;1;1;1;
202300052445;155587505;Z01;1;1;0;1;1;1;5;
202300052446;155587504;A01;2;7;7;0;3;12;1;
202300052447;155587501;A01;3;50;8;0;1;1;3;
202300052448;155587499;A01;2;7;8;0;1;1;1;
202300052449;155587498;A01;2;34;0;1;2;17;1;
202300052450;155587496;A01;3;2;0;2;0;13;1;
202300052450;155587497;B01;3;7;0;0;1;1;1;
202300052451;155587492;B01;1;10;0;2;4;2;1;
202300052451;155587494;A01;1;33;0;2;1;2;1;
202300052452;155587502;A01;1;7;12;0;3;1;3;
202300052453;155587491;B01;2;7;0;2;7;1;1;
202300052453;155587495;A01;2;31;0;2;1;1;1;
202300052454;155587489;A01;2;7;0;1;1;1;1;
202300052455;155587487;A01;3;7;9;0;1;1;2;
202300052456;155587488;B01;2;7;0;9;3;1;1;
202300052456;155587493;A01;1;10;0;0;0;1;1;
202300052457;155587486;A01;1;30;0;2;1;17;1;
202300052457;155587490;B01;1;7;0;2;8;15;1;
202300052458;155587483;B01;2;7;0;2;3;11;1;
202300052458;155587485;A01;2;33;14;2;7;3;1;
202300052459;155587478;B01;2;33;8;2;4;15;1;
202300052459;155587482;Z01;2;7;0;2;1;2;0;
202300052460;155587477;A01;2;7;0;2;3;13;1;
202300052460;155587484;B01;1;10;0;2;3;1;1;
202300052461;155587476;A01;2;7;4;0;1;1;1;
202300052462;155587475;A01;3;7;0;1;4;20;1;
202300052463;155587474;A01;3;7;0;2;3;9;1;
202300052463;155587480;B01;3;1;0;2;3;1;5;
202300052464;155587473;A01;1;7;0;2;1;0;0;
202300052464;155587481;B01;2;7;0;2;3;0;0;
202300052465;155587468;A01;1;31;0;2;1;2;1;
202300052465;155587472;B01;1;7;0;0;5;1;1;
202300052466;155587466;B01;1;7;0;2;8;2;1;
202300052466;155587471;A01;1;15;0;2;1;2;1;
202300052467;155587465;A01;2;7;0;2;2;1;0;
202300052467;155587479;B01;2;7;0;2;3;16;0;
202300052468;155587463;A01;1;7;0;2;1;26;1;
202300052468;155587470;B01;1;15;0;2;4;1;1;
202300052469;155587461;B01;1;33;0;2;1;17;1;
202300052469;155587467;A01;1;7;0;2;8;15;1;
202300052470;155587464;A01;3;10;0;2;7;14;1;
202300052470;155587469;B01;3;80;0;2;8;23;3;
202300052471;155587460;A01;1;7;13;0;1;1;1;
202300052472;155587456;A01;1;7;1;0;5;16;1;
202300052473;155587455;A01;1;7;0;1;1;1;1;
202300052474;155587453;A01;3;3;0;2;1;2;1;
202300052474;155587458;B01;3;33;0;2;7;16;1;
202300052475;155587454;B01;1;33;0;2;8;1;1;
202300052475;155587459;Z01;1;10;0;2;7;17;0;
202300052476;155587452;A01;1;2;0;2;4;14;1;
202300052476;155587457;B01;1;7;0;2;1;1;3;
202300052477;155587451;A01;2;7;0;1;1;16;1;
202300052478;155587450;A01;0;32;14;0;1;1;1;
202300052479;155587448;A01;1;7;0;1;1;1;1;
202300052480;155587447;A01;1;50;0;0;0;0;3;
202300052481;155587446;A01;2;10;0;1;2;1;1;
202300052482;155587445;A01;1;7;4;4;8;0;1;
202300052482;155587449;B01;1;39;0;2;1;1;1;
202300052483;155587443;A01;3;7;0;2;1;5;1;
202300052483;155587444;B01;3;7;0;2;1;1;1;
202300052484;155587441;A01;2;33;3;0;7;14;1;
202300052485;155587437;B01;1;7;0;2;8;15;1;
202300052485;155587440;A01;1;33;0;2;1;17;1;
202300052486;155587438;B01;1;7;0;2;6;1;2;
202300052486;155587442;A01;1;38;0;2;2;14;1;1.0
202300052487;155587434;A01;3;10;0;0;0;16;1;
202300052488;155587435;B01;2;13;0;2;2;1;1;
202300052488;155587439;A01;0;10;0;2;1;9;1;
202300052489;155587433;A01;1;10;0;2;2;1;1;
202300052489;155587436;B01;1;33;0;2;4;23;1;
202300052490;155587430;B01;2;2;0;2;2;10;1;
202300052490;155587432;A01;1;7;0;2;3;21;1;
202300052491;155587428;A01;1;7;8;0;1;14;1;
202300052492;155587427;A01;0;2;0;2;2;3;1;
202300052492;155587431;B01;0;7;0;2;6;1;1;
202300052493;155587426;A01;0;7;0;0;0;1;1;
202300052494;155587425;A01;0;7;1;0;2;1;1;
202300052495;155587424;A01;2;7;0;2;7;13;1;
202300052495;155587429;B01;2;30;0;2;1;1;1;
202300052496;155587421;Z01;1;7;0;1;3;26;0;
202300052497;155587419;A01;1;10;0;1;2;16;1;
202300052498;155587420;A01;1;7;0;2;7;12;1;
202300052498;155587422;B01;1;32;0;2;7;3;1;
202300052499;155587415;B01;1;7;0;2;8;1;1;
202300052499;155587418;A01;2;10;0;2;2;19;1;
202300052500;155587414;B01;3;7;0;2;2;15;2;
202300052500;155587423;A01;3;7;8;2;1;1;1;
202300052501;155587413;A01;3;7;0;2;1;1;1;
202300052501;155587416;B01;3;50;0;2;4;2;3;
202300052502;155587411;A01;3;7;0;0;0;0;1;
202300052503;155587412;A01;3;7;0;2;3;1;1;
202300052503;155587417;B01;2;50;0;2;2;17;3;
202300052504;155587407;B01;3;7;9;0;8;24;1;
202300052504;155587408;A01;1;7;1;0;2;13;1;
202300052505;155587406;A01;1;31;0;2;1;3;1;
202300052505;155587409;B01;1;7;0;2;6;1;2;
202300052506;155587405;A01;3;7;0;1;1;1;1;
202300052507;155587403;A01;2;7;0;2;5;1;1;
202300052507;155587410;B01;2;34;0;2;1;1;1;
202300052508;155587404;A01;2;7;2;0;8;0;1;
202300052509;155587401;A01;2;7;5;0;3;1;1;
202300052510;155587400;A01;3;1;0;2;1;1;5;
202300052510;155587402;B01;3;1;0;2;4;1;5;
202300052511;155587397;A01;1;7;0;1;1;1;2;
202300052512;155587392;B01;1;1;0;2;3;15;5;
202300052512;155587396;A01;1;80;0;2;2;17;3;
202300052513;155587393;A01;2;33;0;2;1;3;1;
202300052513;155587398;B01;2;7;0;2;5;1;1;
202300052514;155587394;A01;3;3;0;1;1;1;1;
202300052515;155587391;A01;1;7;6;0;1;13;1;
202300052516;155587389;A01;2;7;0;1;2;1;1;
202300052517;155587388;B01;1;1;0;2;8;1;5;
202300052517;155587390;A01;1;32;0;2;3;15;1;
202300052518;155587382;B01;1;21;0;0;5;26;0;
202300052518;155587386;A01;1;7;0;2;1;1;0;
202300052519;155587384;A01;1;7;4;0;3;13;1;
202300052520;155587380;B01;1;31;0;2;2;2;1;
202300052520;155587385;A01;1;7;0;2;6;23;1;
202300052521;155587381;A01;2;30;1;0;1;13;3;
202300052522;155587383;A01;1;7;0;2;2;7;2;
202300052522;155587387;B01;1;80;0;2;6;1;3;
202300052523;155587379;A01;1;14;0;1;0;1;1;
202300052524;155587377;A01;1;33;12;0;9;17;1;
202300052525;155587378;A01;2;1;0;1;1;1;5;
202300052526;155587373;A01;2;7;0;2;3;2;1;
202300052526;155587375;B01;2;33;0;2;7;2;1;
202300052527;155587372;A01;3;30;0;2;8;26;1;
202300052527;155587376;B01;3;7;0;2;1;0;0;
202300052528;155587374;A01;1;7;0;1;2;16;1;
202300052529;155587371;A01;1;10;0;1;3;1;1;
202300052530;155587369;A01;3;7;0;1;8;1;1;
202300052531;155587368;A01;1;7;0;2;1;5;1;
202300052531;155587370;B01;2;7;0;2;1;2;3;
202300052532;155587367;A01;1;50;0;0;0;21;3;
202300052533;155587357;A01;1;7;3;2;2;17;1;
202300052533;155587362;B01;1;7;3;2;6;1;1;
202300052534;155587358;B01;1;33;0;2;2;17;1;
202300052534;155587363;A01;1;7;0;0;6;17;1;
202300052535;155587359;A01;3;33;0;1;5;0;1;
202300052536;155587361;A01;2;33;0;2;1;1;1;
202300052536;155587366;B01;2;7;0;2;5;14;3;
202300052537;155587360;A01;2;33;0;2;7;17;1;
202300052537;155587365;B01;1;7;0;2;3;15;3;
202300052538;155587356;A01;2;7;0;2;5;14;6;
202300052538;155587364;B01;2;7;0;2;9;1;1;
202300052539;155587355;A01;1;7;0;1;2;1;1;
202300052540;155587350;A01;0;7;0;2;8;10;1;
202300052540;155587353;B01;1;7;0;2;1;1;1;
202300052541;155587352;A01;2;2;0;0;9;1;1;
202300052542;155587351;A01;2;1;0;1;1;5;5;
202300052543;155587348;B01;3;1;0;2;1;19;5;
202300052543;155587354;A01;3;7;0;2;7;15;1;
202300052544;155587349;A01;3;33;0;1;1;0;1;
202300052545;155587346;A01;1;7;14;0;1;2;1;
202300052545;155587347;B01;1;43;0;2;4;23;1;
202300052546;155587345;A01;2;50;0;1;7;1;3;
202300052547;155587344;A01;1;30;0;0;2;1;1;
202300052548;155587343;A01;3;1;0;0;0;21;5;
202300052549;155587339;B01;2;7;0;2;1;1;1;
202300052549;155587342;A01;1;7;0;2;1;5;1;
202300052550;155587341;A01;1;7;0;1;1;16;1;
202300052551;155587331;A01;1;7;0;0;5;2;1;
202300052551;155587333;B01;1;2;0;2;1;2;1;
202300052552;155587332;A01;1;7;0;1;2;1;1;
202300052553;155587336;B01;1;7;0;2;5;1;1;
202300052553;155587340;A01;2;50;0;2;1;19;3;
202300052554;155587335;A01;2;80;0;2;1;1;3;
202300052554;155587337;Z01;3;50;0;2;0;5;3;
202300052555;155587326;A01;2;31;0;2;8;1;1;
202300052555;155587330;B01;1;7;0;2;3;1;1;
202300052556;155587325;B01;1;7;0;2;1;1;6;
202300052556;155587329;A01;2;10;0;2;1;5;6;
202300052557;155587324;A01;1;80;0;0;0;1;3;
202300052558;155587322;A01;2;7;0;2;1;13;1;
202300052558;155587327;B01;2;7;0;2;1;26;1;
202300052559;155587321;A01;1;1;0;0;0;0;5;
202300052560;155587319;A01;3;33;0;0;2;2;1;
202300052561;155587315;A01;2;10;0;2;6;15;1;
202300052561;155587318;B01;2;31;0;2;1;1;1;
202300052562;155587312;B01;2;37;0;2;1;2;1;1.0
202300052562;155587316;A01;2;37;0;2;4;23;1;1.0
202300052563;155587313;A01;2;1;0;2;8;23;5;
202300052563;155587317;Z01;2;33;0;2;1;23;1;
202300052564;155587314;A01;2;7;0;2;1;2;1;
202300052564;155587320;B01;2;1;0;2;4;2;5;
202300052565;155587310;A01;2;37;0;1;7;1;1;1.0
202300052566;155587304;A01;3;7;16;2;2;1;2;
202300052566;155587306;B01;3;7;9;2;1;1;3;
202300052567;155587299;A01;2;7;13;0;1;16;1;
202300052568;155587302;C01;1;33;14;2;0;24;1;
202300052568;155587307;A01;1;33;1;1;1;1;1;
202300052568;155587311;B01;1;33;1;0;4;24;1;
202300052569;155587297;B01;1;1;0;2;7;1;5;
202300052569;155587303;A01;1;99;0;2;2;9;1;
202300052570;155587300;A01;1;7;0;2;1;1;1;
202300052570;155587305;B01;2;10;0;2;2;15;1;
202300052570;155587308;C01;2;10;0;2;1;1;1;
202300052571;155587295;B01;2;31;0;2;1;1;1;
202300052571;155587298;A01;2;7;0;2;7;15;1;
202300052572;155587294;A01;2;7;0;1;5;4;1;
202300052573;155587288;A01;3;7;0;2;3;15;1;
202300052573;155587292;B01;0;2;0;2;0;0;1;
202300052574;155587289;A01;2;7;0;2;1;0;1;
202300052574;155587293;B01;2;7;0;2;4;0;1;
202300052575;155587285;A01;1;7;0;2;7;13;1;
202300052575;155587290;B01;2;13;0;2;1;1;1;
202300052576;155587284;A01;1;1;0;2;8;5;5;
202300052576;155587287;B01;1;33;0;2;1;1;1;
202300052577;155587283;A01;2;33;0;2;2;3;1;
202300052577;155587286;B01;2;7;0;2;8;1;1;
202300052577;155587291;C01;2;7;0;2;7;1;1;
202300052578;155587296;B01;3;7;0;2;7;1;1;
202300052578;155587301;A01;3;80;0;2;8;15;3;
202300052579;155587278;A01;2;7;0;2;5;20;1;
202300052579;155587281;B01;2;7;0;2;2;1;1;
202300052580;155587280;B01;2;1;0;2;7;15;5;
202300052580;155587282;A01;1;7;0;2;1;16;1;
202300052581;155587275;A01;2;7;0;2;7;17;1;
202300052581;155587279;B01;2;31;0;2;8;1;1;
202300052582;155587277;A01;2;7;0;1;3;1;1;
202300052583;155587276;A01;3;31;0;9;0;16;1;
202300052584;155587270;A01;1;1;0;2;1;2;5;
202300052584;155587273;B01;1;7;0;2;5;23;2;
202300052585;155587267;A01;1;7;0;1;2;1;1;
202300052586;155587268;A01;1;7;0;2;8;11;1;
202300052586;155587272;B01;1;33;0;2;7;3;1;
202300052586;155587274;C01;1;7;0;2;5;1;1;
202300052587;155587266;B01;3;17;0;2;1;1;1;
202300052587;155587271;A01;3;10;0;2;3;26;1;
202300052588;155587265;A01;2;7;15;0;2;15;1;
202300052589;155587264;A01;0;2;8;0;1;1;1;
202300052590;155587261;A01;2;7;1;0;9;1;1;
202300052591;155587260;A01;1;7;0;2;2;15;1;
202300052591;155587263;B01;2;50;0;2;1;1;3;
202300052592;155587259;A01;2;1;0;2;2;16;5;
202300052592;155587262;B01;2;1;0;0;2;2;5;
202300052593;155587256;A01;1;33;8;0;9;1;6;
202300052594;155587255;A01;2;7;0;2;1;1;1;
202300052594;155587258;B01;2;7;0;2;4;1;4;
202300052595;155587251;A01;1;7;3;0;1;0;1;
202300052596;155587253;A01;2;7;0;2;4;2;1;
202300052596;155587254;C01;2;7;0;2;4;1;1;
202300052596;155587257;B01;2;10;0;2;1;2;1;
202300052597;155587252;A01;2;17;0;1;1;1;1;
202300052598;155587245;A01;3;1;0;2;1;1;5;
202300052598;155587248;B01;3;7;0;2;4;23;1;
202300052599;155587243;A01;2;7;0;2;2;15;1;
202300052599;155587247;B01;2;7;0;2;8;1;1;
202300052600;155587242;B01;1;7;0;2;6;1;2;
202300052600;155587246;A01;1;10;0;2;2;14;1;
202300052601;155587241;A01;2;7;0;2;2;15;1;
202300052601;155587244;B01;1;50;0;2;1;1;3;
202300052602;155587239;Z01;1;2;0;1;1;9;0;
202300052603;155587237;A01;1;7;4;0;1;0;1;
202300052604;155587236;A01;3;7;0;2;1;16;1;
202300052604;155587240;B01;3;7;0;2;4;23;1;
202300052605;155587232;A01;1;7;0;2;1;1;1;
202300052605;155587233;B01;1;7;0;2;4;1;1;
202300052605;155587235;C01;1;7;0;2;4;1;1;
202300052606;155587231;C01;2;7;0;2;1;0;1;
202300052606;155587234;B01;2;2;0;2;1;1;1;
202300052606;155587238;A01;1;7;0;2;2;15;1;
202300052607;155587230;A01;1;33;0;0;8;13;1;
202300052608;155587228;A01;3;7;1;0;7;13;1;
202300052609;155587225;A01;1;7;0;1;1;16;1;
202300052610;155587224;A01;1;10;0;2;8;10;1;
202300052610;155587227;B01;1;30;0;2;1;17;1;
202300052611;155587223;A01;2;7;0;2;1;2;1;
202300052611;155587226;B01;2;7;0;2;4;2;1;
202300052612;155587221;A01;2;10;0;2;3;26;1;
202300052612;155587229;B01;1;1;0;2;1;25;5;
202300052613;155587220;A01;1;30;0;2;1;2;3;
202300052613;155587222;B01;1;7;0;2;6;23;1;
202300052614;155587217;A01;2;7;0;1;0;19;1;
202300052615;155587215;A01;1;10;0;2;1;5;1;
202300052615;155587219;B01;2;10;0;2;1;1;3;
202300052616;155587212;A01;1;1;0;0;8;1;5;
202300052617;155587211;C01;2;7;0;9;2;1;1;
202300052617;155587214;B01;2;17;0;2;4;2;1;
202300052617;155587218;A01;2;31;0;2;1;2;1;
202300052618;155587213;B01;1;7;0;2;7;1;1;
202300052618;155587216;A01;1;37;0;2;7;16;1;1.0
202300052619;155587208;A01;1;7;0;2;2;15;1;
202300052619;155587210;B01;2;2;0;2;3;1;1;
202300052620;155587205;A01;2;7;0;0;1;1;1;
202300052621;155587207;A01;1;7;0;2;0;1;1;
202300052621;155587209;B01;1;80;0;2;0;1;3;
202300052622;155587203;A01;3;10;0;1;5;20;1;
202300052623;155587204;A01;3;7;0;2;1;1;1;
202300052623;155587206;B01;3;1;0;2;4;1;5;
202300052624;155587197;B01;2;7;0;2;4;2;1;
202300052624;155587201;A01;2;10;0;2;1;2;1;
202300052625;155587195;A01;1;50;0;2;1;1;3;
202300052625;155587199;B01;1;7;0;2;2;1;1;
202300052626;155587194;B01;1;7;0;2;3;1;1;
202300052626;155587200;A01;2;7;0;2;1;13;1;
202300052626;155587202;C01;2;7;0;2;3;1;1;
202300052627;155587192;A01;1;1;0;2;0;1;5;
202300052627;155587196;B01;2;1;0;2;7;1;5;
202300052628;155587193;B01;0;34;0;2;1;2;1;
202300052628;155587198;A01;0;7;0;2;3;15;1;
202300052629;155587190;A01;1;7;13;0;1;13;1;
202300052630;155587186;B01;2;33;0;2;8;3;1;
202300052630;155587188;A01;2;33;0;2;8;11;1;
202300052630;155587191;C01;2;7;0;2;8;1;1;
202300052631;155587184;B01;2;50;0;0;0;0;3;
202300052631;155587189;A01;0;10;0;2;0;2;0;
202300052632;155587187;A01;1;30;0;1;1;1;1;
202300052633;155587183;Z01;0;7;0;2;7;12;1;
202300052633;155587185;A01;3;34;0;2;8;16;1;
202300052634;155587181;A01;1;1;0;2;5;0;5;
202300052634;155587182;B01;2;7;0;2;2;1;1;
202300052635;155587178;B01;2;7;0;2;3;0;1;
202300052635;155587179;A01;2;2;0;2;1;26;1;
202300052636;155587180;A01;1;7;4;0;2;1;1;
202300052637;155587177;A01;2;50;0;0;0;1;3;
202300052638;155587174;A01;3;7;0;1;1;15;1;
202300052639;155587172;A01;1;30;0;1;1;1;1;
202300052640;155587175;A01;1;3;0;2;1;1;1;
202300052640;155587176;B01;3;30;0;2;1;9;1;
202300052641;155587170;A01;0;7;0;2;4;0;1;
202300052641;155587171;B01;0;7;0;2;1;0;1;
202300052642;155587165;A01;2;50;0;2;1;2;3;
202300052642;155587168;B01;2;7;0;2;5;15;1;
202300052643;155587166;A01;2;1;9;2;8;15;5;
202300052643;155587169;B01;2;33;0;2;2;2;1;
202300052644;155587164;A01;3;43;0;0;0;2;1;
202300052645;155587163;Z01;1;2;0;2;1;0;0;
202300052645;155587167;A01;2;1;0;2;3;15;5;
202300052646;155587160;A01;1;7;0;1;1;1;1;
202300052647;155587162;B01;2;1;0;2;1;1;5;
202300052647;155587173;A01;2;7;0;9;3;9;1;
202300052648;155587158;A01;0;7;0;2;0;0;1;
202300052648;155587159;B01;0;7;0;2;1;0;1;
202300052649;155587157;A01;2;7;0;2;1;1;1;
202300052649;155587161;B01;2;1;0;2;7;1;5;
202300052650;155587155;A01;1;7;1;1;1;19;1;
202300052651;155587154;A01;1;7;0;2;2;1;1;
202300052651;155587156;B01;1;3;0;2;3;1;1;
202300052652;155587152;A01;1;10;0;0;9;0;1;
202300052653;155587153;A01;0;7;0;1;2;19;1;
202300052654;155587151;A01;2;7;0;0;9;1;1;
202300052655;155587148;A01;2;33;0;2;0;0;1;
202300052656;155587145;A01;1;7;0;2;1;19;1;
202300052656;155587149;B01;2;34;0;2;8;1;1;
202300052657;155587144;B01;0;50;0;2;1;1;3;
202300052657;155587147;A01;0;10;0;2;7;22;1;
202300052658;155587143;A01;1;33;1;0;1;3;1;
202300052658;155587146;C01;1;38;0;2;4;0;1;1.0
202300052658;155587150;B01;1;3;0;2;1;0;1;
202300052659;155587139;A01;3;1;0;2;2;18;5;
202300052659;155587142;B01;3;7;0;2;5;23;1;
202300052660;155587138;B01;1;30;0;2;1;1;1;
202300052660;155587140;A01;2;7;0;2;3;13;1;
202300052661;155587137;B01;1;2;0;0;5;0;0;
202300052661;155587141;A01;1;33;0;2;2;14;1;
202300052662;155587136;A01;1;7;0;1;1;1;1;
202300052663;155587133;A01;0;31;0;0;0;9;1;
202300052664;155587132;A01;0;7;1;0;0;0;1;
202300052664;155587135;B01;2;1;1;0;2;0;5;
202300052665;155587131;A01;1;7;0;2;1;2;0;
202300052665;155587134;B01;1;7;0;2;4;2;0;
202300052666;155587130;A01;3;15;0;0;8;0;6;
202300052667;155587129;A01;2;32;0;1;3;9;1;
202300052668;155587128;A01;1;30;14;0;0;26;1;
202300052669;155587125;A01;1;7;0;2;1;15;1;
202300052669;155587127;B01;2;7;8;2;1;1;1;
202300052670;155587124;A01;2;7;0;1;1;1;2;
202300052671;155587123;A01;1;7;0;2;1;9;1;
202300052671;155587126;B01;1;7;0;2;2;1;1;
202300052672;155587122;A01;1;7;4;0;3;1;1;
202300052673;155587118;A01;1;7;0;2;6;1;0;
202300052673;155587121;B01;2;7;0;2;3;13;1;
202300052674;155587116;B01;3;7;0;2;2;1;1;
202300052674;155587119;A01;3;7;0;2;3;9;1;
202300052675;155587117;B01;3;32;0;2;1;9;1;
202300052675;155587120;A01;3;7;0;2;2;9;1;
202300052676;155587115;A01;1;1;0;1;1;1;5;
202300052677;155587110;A01;1;7;0;2;1;1;1;
202300052677;155587112;B01;1;7;0;2;4;23;1;
202300052678;155587109;B01;1;7;0;2;-1;1;-1;
202300052678;155587113;A01;1;34;0;2;8;1;1;
202300052679;155587108;B01;0;10;0;2;8;0;1;
202300052679;155587114;A01;1;31;0;2;7;9;1;
202300052680;155587107;A01;1;7;0;2;3;1;1;
202300052680;155587111;B01;2;30;0;2;1;15;1;
202300052681;155587103;A01;0;31;0;2;1;23;0;
202300052681;155587104;B01;0;3;0;2;6;1;0;
202300052682;155587102;B01;2;1;0;2;7;0;5;
202300052682;155587106;A01;2;7;0;2;1;9;1;
202300052683;155587101;Z01;3;0;0;0;0;0;0;
202300052683;155587105;B01;3;50;0;2;2;1;3;
202300052684;155587100;A01;2;7;13;0;7;1;1;
202300052685;155587096;B01;1;50;1;0;1;1;3;
202300052685;155587099;A01;1;10;0;2;3;24;1;
202300052686;155587095;A01;1;10;0;1;2;1;1;
202300052687;155587094;A01;2;7;0;2;1;26;1;
202300052687;155587098;B01;1;10;0;2;1;15;1;
202300052688;155587092;A01;2;1;12;0;7;16;5;
202300052689;155587088;A01;1;7;0;9;1;1;1;
202300052689;155587090;B01;2;1;0;2;1;5;5;
202300052690;155587087;B01;2;13;0;2;3;26;1;
202300052690;155587089;A01;1;7;12;2;3;1;2;
202300052691;155587085;A01;2;3;0;1;7;21;3;
202300052692;155587080;A01;2;34;0;2;3;2;1;
202300052692;155587083;B01;2;10;0;2;5;2;1;
202300052693;155587078;A01;0;7;0;2;4;4;1;
202300052693;155587081;B01;0;43;0;2;7;1;1;
202300052694;155587077;A01;3;7;0;2;3;1;1;
202300052694;155587079;B01;3;31;0;2;3;1;1;
202300052695;155587076;B01;2;7;0;2;1;1;1;
202300052695;155587082;A01;1;3;0;2;7;1;1;