Num_Acc;id_vehicule;num_veh;senc;catv;obs;obsm;choc;manv;motor;occutc
202300052696;155587074;B01;1;33;0;2;1;2;1;
202300052696;155587075;A01;2;33;0;2;6;10;1;
202300052697;155587071;B01;3;7;0;2;1;2;1;
202300052697;155587072;A01;3;7;14;2;4;2;1;
202300052698;155587066;A01;2;7;0;2;1;2;1;
202300052698;155587067;B01;2;7;0;2;6;2;1;
202300052698;155587070;C01;2;7;0;2;6;2;1;
202300052698;155587073;D01;2;7;0;2;7;2;2;
202300052699;155587065;B01;1;7;0;2;7;1;1;
202300052699;155587069;A01;3;7;0;2;1;19;1;
202300052700;155587064;A01;1;7;0;2;2;22;1;
202300052700;155587068;B01;1;50;0;2;1;1;3;
202300052701;155587057;B01;1;1;0;2;2;1;0;
202300052701;155587061;A01;3;2;0;2;7;23;0;
202300052702;155587056;C01;1;7;0;2;4;2;1;
202300052702;155587060;B01;1;15;0;2;4;2;1;
202300052702;155587062;D01;1;7;0;2;4;2;1;
202300052702;155587063;A01;1;10;0;2;1;2;1;
202300052703;155587055;B01;1;32;0;2;1;1;1;
202300052703;155587058;A01;1;32;0;2;4;20;1;
202300052704;155587054;A01;1;7;0;2;1;19;2;
202300052704;155587059;B01;1;33;0;2;7;1;1;
202300052705;155587053;A01;3;32;6;0;1;1;1;
202300052706;155587052;A01;1;7;0;1;3;16;1;
202300052707;155587049;B01;1;33;0;2;3;1;1;
202300052707;155587051;A01;1;10;0;2;2;1;1;
202300052708;155587048;A01;0;7;0;1;1;1;1;
202300052709;155587047;A01;2;2;0;2;7;1;1;
202300052709;155587050;B01;1;7;0;2;3;15;1;
202300052710;155587046;A01;1;7;0;1;1;1;1;
202300052711;155587043;A01;1;7;3;0;1;14;1;
202300052712;155587042;A01;2;7;0;2;1;1;1;
202300052712;155587044;B01;1;7;0;2;2;1;1;
202300052713;155587041;A01;1;7;0;2;3;1;1;
202300052713;155587045;B01;2;10;0;2;1;19;1;
202300052714;155587039;B01;3;30;0;2;5;14;1;
202300052714;155587040;A01;3;7;0;2;3;1;1;
202300052715;155587035;A01;1;7;0;2;2;2;1;
202300052715;155587036;B01;1;33;0;2;6;12;1;
202300052716;155587032;B01;2;50;0;2;7;1;3;
202300052716;155587037;A01;1;10;0;2;1;16;1;
202300052717;155587034;A01;1;7;0;2;1;1;1;
202300052717;155587038;B01;2;7;0;2;3;1;1;
202300052718;155587031;B01;3;1;0;2;1;1;5;
202300052718;155587033;A01;1;7;0;2;1;1;2;
202300052719;155587030;A01;1;14;13;0;0;0;1;
202300052720;155587028;A01;1;21;0;9;9;1;1;
202300052721;155587026;B01;3;32;0;2;7;1;1;
202300052721;155587029;A01;3;7;0;2;8;9;1;
202300052722;155587027;A01;1;33;0;1;1;1;1;
202300052723;155587022;A01;2;50;0;0;0;1;3;
202300052724;155587023;A01;1;7;0;2;3;15;1;
202300052724;155587025;B01;2;31;0;2;8;1;1;
202300052725;155587024;A01;-1;7;13;0;3;16;1;
202300052726;155587021;A01;3;50;0;0;0;26;3;
202300052727;155587020;A01;1;80;0;0;2;1;3;
202300052728;155587015;A01;1;7;0;2;1;26;1;
202300052728;155587017;B01;2;34;0;2;1;0;1;
202300052729;155587016;B01;3;7;0;2;1;15;1;
202300052729;155587018;A01;3;30;0;2;1;1;0;
202300052730;155587014;B01;2;7;0;2;3;1;1;
202300052730;155587019;A01;2;7;0;2;8;9;1;
202300052731;155587013;A01;1;7;0;1;1;1;1;
202300052732;155587012;A01;1;33;3;0;1;1;1;
202300052733;155587008;B01;1;2;0;2;8;1;1;
202300052733;155587010;A01;3;7;0;2;5;14;1;
202300052734;155587009;A01;1;30;15;0;1;0;0;
202300052734;155587011;B01;2;7;0;2;0;0;1;
202300052735;155587006;A01;2;33;0;2;8;13;1;
202300052735;155587007;B01;1;7;0;2;8;1;1;
202300052736;155586999;A01;2;31;0;2;1;1;1;
202300052736;155587001;B01;1;10;0;2;2;15;1;
202300052737;155586997;B01;3;7;0;2;5;16;1;
202300052737;155587000;A01;3;10;0;2;2;1;1;
202300052738;155586996;B01;1;7;0;2;1;1;1;
202300052738;155586998;A01;2;10;0;2;3;13;1;
202300052739;155586995;A01;1;7;0;1;3;1;1;
202300052740;155586993;A01;1;7;0;2;3;22;1;
202300052740;155586994;Y01;1;1;1;0;1;1;5;
202300052741;155586992;A01;2;10;13;0;2;1;1;
202300052742;155586991;A01;0;7;0;1;2;16;0;
202300052743;155586990;A01;2;34;0;0;0;1;1;
202300052744;155586987;A01;1;3;0;2;3;1;1;
202300052744;155586989;B01;2;36;0;2;1;1;1;
202300052745;155586986;A01;1;10;0;1;0;0;0;
202300052746;155586985;B01;1;33;0;2;1;1;1;
202300052746;155586988;A01;1;7;0;2;2;15;1;
202300052747;155586983;A01;1;7;3;2;2;14;3;
202300052747;155586984;B01;1;7;4;0;6;1;1;
202300052748;155586980;A01;2;7;0;2;3;15;1;
202300052748;155586982;B01;2;32;0;2;1;1;1;
202300052749;155586979;A01;0;7;0;2;3;9;1;
202300052749;155586981;B01;0;50;0;2;2;9;3;
202300052750;155586977;A01;1;7;0;2;1;13;1;
202300052750;155586978;B01;2;7;0;2;1;1;1;
202300052751;155586975;B01;3;7;0;2;2;2;1;
202300052751;155586976;A01;0;2;0;2;3;2;1;
202300052752;155586973;A01;1;10;0;2;1;1;1;
202300052752;155586974;B01;1;7;0;2;4;1;1;
202300052753;155586970;A01;3;50;1;0;1;18;3;
202300052753;155586971;Z01;3;7;0;9;7;22;1;
202300052754;155586969;B01;2;7;0;2;1;1;1;
202300052754;155586972;A01;1;7;0;2;3;9;1;
202300052755;155586965;B01;3;7;0;2;2;15;1;
202300052755;155586968;A01;2;10;12;2;1;1;1;
202300052756;155586964;B01;3;7;0;0;4;1;0;
202300052756;155586967;A01;3;13;0;2;1;1;0;
202300052757;155586963;A01;1;2;0;2;1;1;1;
202300052757;155586966;B01;2;7;0;2;2;1;1;
202300052758;155586960;B01;2;30;0;2;0;0;1;
202300052758;155586962;A01;2;10;0;2;1;1;1;
202300052759;155586958;B01;3;14;0;2;5;1;1;
202300052759;155586961;A01;3;7;0;2;1;1;1;
202300052760;155586957;A01;1;10;0;2;1;13;1;
202300052760;155586959;B01;2;7;0;2;1;1;1;
202300052761;155586956;A01;1;7;0;1;2;1;2;
202300052762;155586955;A01;3;7;0;0;0;0;0;
202300052763;155586952;A01;2;7;3;2;1;13;1;
202300052763;155586954;B01;2;10;0;2;5;0;1;
202300052764;155586950;A01;1;2;0;2;2;17;1;
202300052764;155586951;B01;1;10;0;2;6;15;1;
202300052765;155586949;B01;1;7;0;2;2;14;1;
202300052765;155586953;A01;1;15;0;2;6;1;1;
202300052766;155586947;A01;1;33;0;0;0;1;1;
202300052767;155586945;A01;2;7;0;2;2;15;1;
202300052767;155586946;B01;1;32;0;2;1;1;1;
202300052768;155586944;A01;3;7;0;2;1;1;1;
202300052768;155586948;B01;2;34;0;2;8;1;1;
202300052769;155586943;A01;2;33;0;0;1;21;1;
202300052770;155586940;B01;3;2;0;2;7;1;1;
202300052770;155586942;A01;3;7;0;2;5;20;6;
202300052771;155586938;B01;3;7;0;9;3;15;1;
202300052771;155586941;A01;3;1;0;2;1;0;5;
202300052772;155586937;B01;0;10;0;2;3;1;1;
202300052772;155586939;A01;0;33;0;2;2;21;1;
202300052773;155586935;A01;3;36;0;0;1;16;1;
202300052774;155586933;A01;0;7;0;2;2;1;1;
202300052774;155586936;B01;0;7;0;2;7;9;1;
202300052775;155586931;A01;2;7;8;0;3;13;1;
202300052776;155586929;A01;2;7;13;0;3;0;0;
202300052777;155586926;A01;2;10;0;0;3;1;1;
202300052778;155586928;B01;1;7;0;2;3;1;1;
202300052778;155586930;A01;1;7;0;2;1;9;1;
202300052779;155586924;A01;1;7;0;1;1;1;1;
202300052780;155586923;A01;1;30;0;1;1;1;1;
202300052781;155586922;A01;3;2;0;0;0;1;1;
202300052782;155586925;A01;1;2;1;0;1;1;1;
202300052783;155586920;A01;1;15;13;0;1;14;1;
202300052784;155586919;A01;2;7;0;2;5;15;1;
202300052784;155586921;B01;1;33;0;2;1;1;1;
202300052785;155586918;A01;0;33;0;1;0;21;1;
202300052786;155586917;A01;1;32;11;0;1;3;1;
202300052787;155586913;A01;1;7;0;2;1;0;1;
202300052787;155586916;B01;1;2;0;2;1;0;1;
202300052788;155586912;A01;3;7;0;2;2;11;1;
202300052788;155586915;B01;3;34;0;2;1;1;1;
202300052789;155586911;B01;2;7;0;2;3;1;1;
202300052789;155586914;A01;1;7;0;2;2;1;1;
202300052790;155586908;A01;1;7;0;1;3;1;1;
202300052791;155586907;A01;2;7;0;2;1;1;1;
202300052791;155586909;B01;1;7;0;2;1;23;1;
202300052792;155586905;A01;2;31;6;0;1;15;1;
202300052793;155586904;B01;3;7;0;2;4;0;1;
202300052793;155586906;A01;3;7;0;2;1;26;1;
202300052794;155586910;A01;1;7;8;0;1;0;1;
202300052795;155586902;A01;1;7;0;2;7;1;1;
202300052795;155586903;B01;2;2;0;2;3;5;1;
202300052796;155586901;A01;1;7;0;1;2;15;0;
202300052797;155586900;A01;1;7;0;1;3;9;1;
202300052798;155586896;C01;1;7;0;0;1;2;1;
202300052798;155586898;A01;2;7;3;2;1;1;2;
202300052798;155586899;B01;1;7;0;0;3;1;1;
202300052799;155586895;B01;3;2;0;2;1;0;1;
202300052799;155586897;A01;3;7;0;2;3;1;1;
202300052800;155586894;A01;0;10;0;1;4;4;0;
202300052801;155586893;A01;3;32;6;0;1;1;1;
202300052802;155586892;A01;2;7;3;0;1;15;1;
202300052803;155586890;B01;2;1;0;2;1;1;5;
202300052803;155586891;A01;1;7;9;2;1;15;1;
202300052804;155586888;A01;3;31;1;0;0;1;1;
202300052805;155586889;A01;3;7;0;1;1;1;1;
202300052806;155586886;A01;1;7;0;1;2;17;0;
202300052807;155586885;A01;2;10;0;2;1;15;1;
202300052807;155586887;B01;2;1;0;2;8;15;5;
202300052808;155586883;B01;2;1;0;2;3;1;5;
202300052808;155586884;A01;1;7;0;2;3;13;1;
202300052809;155586879;B01;3;7;0;2;4;23;1;
202300052809;155586880;A01;3;30;0;2;1;1;1;
202300052810;155586878;A01;3;7;0;2;1;1;1;
202300052810;155586881;B01;3;7;0;2;1;13;1;
202300052811;155586877;B01;2;7;0;2;1;21;1;
202300052811;155586882;A01;1;7;0;2;1;13;0;
202300052812;155586874;A01;1;7;2;0;8;1;1;
202300052813;155586873;A01;2;31;0;2;1;17;1;
202300052813;155586875;B01;2;7;0;2;3;15;1;
202300052814;155586869;A01;1;7;16;0;6;1;1;
202300052814;155586871;B01;2;7;0;0;0;17;0;
202300052815;155586870;A01;2;30;8;2;8;18;1;
202300052815;155586872;B01;2;7;0;2;2;16;1;
202300052816;155586867;A01;1;15;3;2;3;1;1;
202300052816;155586868;B01;1;7;3;2;4;12;1;
202300052817;155586866;A01;2;7;13;0;2;1;1;
202300052818;155586865;A01;2;7;0;1;3;1;1;
202300052819;155586861;A01;1;7;0;0;3;1;0;
202300052819;155586863;B01;2;7;0;0;2;13;0;
202300052820;155586860;A01;2;50;0;1;1;25;3;
202300052821;155586859;A01;2;7;0;2;1;1;1;
202300052821;155586862;B01;1;15;0;2;1;1;1;
202300052821;155586864;C01;2;7;0;2;8;1;1;
202300052822;155586857;A01;1;2;0;0;0;1;1;
202300052823;155586855;B01;3;7;0;2;8;15;1;
202300052823;155586858;A01;2;32;0;2;1;1;1;
202300052824;155586856;A01;3;7;0;1;1;1;1;
202300052825;155586851;A01;1;7;0;2;2;16;1;
202300052825;155586854;B01;1;1;0;2;3;1;5;
202300052826;155586849;A01;1;60;0;2;1;1;5;
202300052826;155586852;B01;2;30;0;2;1;1;1;
202300052827;155586848;A01;1;7;3;0;0;0;1;
202300052828;155586843;A01;1;1;0;1;1;1;5;
202300052829;155586842;A01;1;2;0;2;1;5;1;
202300052829;155586845;B01;1;7;0;2;1;2;1;
202300052830;155586841;A01;1;33;0;0;9;1;1;
202300052831;155586838;A01;2;7;0;2;2;16;1;
202300052831;155586840;B01;2;80;0;2;8;1;3;
202300052832;155586837;A01;1;7;0;2;2;12;1;
202300052832;155586839;B01;1;33;0;2;6;1;1;
202300052833;155586836;A01;3;7;0;1;1;1;0;
202300052834;155586832;A01;1;7;0;1;2;19;1;
202300052835;155586833;A01;1;7;0;2;1;15;1;
202300052835;155586835;B01;2;1;0;2;8;1;5;
202300052836;155586828;A01;1;7;8;0;1;16;3;
202300052837;155586827;A01;2;10;0;2;1;2;1;
202300052837;155586830;B01;2;7;0;2;4;2;1;
202300052837;155586831;C01;2;7;0;2;4;2;1;
202300052837;155586834;D01;2;10;0;2;6;2;1;
202300052838;155586823;B01;2;7;0;2;3;9;1;
202300052838;155586825;A01;2;1;0;2;2;1;5;
202300052839;155586826;B01;2;33;0;2;1;2;1;
202300052839;155586829;A01;1;7;0;2;3;15;0;
202300052840;155586824;A01;1;50;8;1;4;25;3;
202300052841;155586818;A01;1;80;0;1;5;1;3;
202300052842;155586816;C01;1;7;0;2;3;1;1;
202300052842;155586819;B01;1;7;0;2;2;1;1;
202300052842;155586821;A01;2;7;0;2;3;13;1;
202300052843;155586817;A01;2;33;0;2;8;3;1;
202300052843;155586820;C01;2;7;0;0;8;1;1;
202300052843;155586822;B01;2;7;0;0;7;12;1;
202300052844;155586815;A01;2;33;1;0;1;1;1;
202300052845;155586811;B01;1;38;0;2;3;1;4;2.0
202300052845;155586812;A01;2;7;0;2;1;13;1;
202300052845;155586814;C01;2;10;0;2;1;1;1;
202300052846;155586810;A01;2;7;8;0;1;2;1;
202300052847;155586808;C01;2;7;0;2;1;2;1;
202300052847;155586809;A01;2;7;0;2;4;23;1;
202300052847;155586813;B01;2;7;0;2;4;23;0;
202300052848;155586806;A01;2;7;0;1;2;1;1;
202300052849;155586807;A01;1;7;0;1;2;16;1;
202300052850;155586805;A01;2;32;0;1;0;0;0;
202300052851;155586803;A01;1;7;0;1;1;2;1;
202300052852;155586802;A01;2;2;0;2;1;1;1;
202300052852;155586804;B01;2;7;0;2;5;23;1;
202300052853;155586800;B01;2;7;0;2;8;15;0;
202300052853;155586801;A01;2;7;0;2;1;1;0;
202300052854;155586797;B01;1;10;0;2;1;1;1;
202300052854;155586798;A01;2;7;7;2;2;9;1;
202300052855;155586796;A01;2;10;0;2;2;1;1;
202300052855;155586799;B01;2;7;0;2;1;1;2;
202300052856;155586794;A01;1;15;0;0;0;1;1;
202300052857;155586792;A01;1;37;0;1;2;1;6;1.0
202300052858;155586793;B01;3;7;0;2;2;16;1;
202300052858;155586795;A01;3;30;0;2;1;18;1;
202300052859;155586791;A01;1;7;1;0;1;1;1;
202300052860;155586790;A01;1;10;0;1;3;1;1;
202300052861;155586789;A01;3;7;0;1;1;26;0;
202300052862;155586787;A01;1;7;0;2;1;2;1;
202300052863;155586785;A01;1;3;0;2;1;13;1;
202300052863;155586786;B01;2;10;0;2;1;1;1;
202300052864;155586781;B01;1;2;0;2;7;21;1;
202300052864;155586783;Y01;1;10;0;2;7;2;0;
202300052864;155586788;A01;1;10;0;2;8;20;1;
202300052865;155586780;A01;2;33;0;2;1;3;1;
202300052865;155586782;B01;2;14;0;2;6;1;0;
202300052865;155586784;C01;2;7;0;2;5;1;1;
202300052866;155586777;A01;1;7;0;1;2;1;1;
202300052867;155586778;A01;3;1;0;2;7;1;5;
202300052867;155586779;B01;0;7;0;9;3;26;0;
202300052868;155586772;A01;2;7;0;2;1;2;1;
202300052868;155586774;B01;2;7;0;2;4;2;1;
202300052869;155586773;A01;1;7;2;0;1;26;1;
202300052869;155586776;B01;1;33;0;2;1;1;1;
202300052870;155586769;B01;3;7;0;2;5;2;1;
202300052870;155586771;A01;3;7;0;2;2;2;1;
202300052871;155586768;A01;1;7;14;0;1;2;1;
202300052871;155586770;B01;1;7;0;2;4;23;0;
202300052871;155586775;C01;1;7;0;2;5;1;0;
202300052872;155586765;A01;1;7;0;2;5;15;1;
202300052872;155586767;B01;2;30;0;2;1;1;1;
202300052873;155586763;A01;1;33;0;2;5;1;1;
202300052873;155586764;B01;1;7;0;2;6;11;1;
202300052874;155586762;A01;3;7;0;2;2;19;1;
202300052874;155586766;B01;1;7;0;2;1;1;1;
202300052875;155586759;B01;1;7;0;2;1;1;1;
202300052875;155586761;A01;2;7;0;2;2;15;0;
202300052876;155586758;B01;1;7;0;0;6;26;1;
202300052876;155586760;A01;1;33;0;2;1;26;1;
202300052877;155586757;A01;2;7;0;1;3;1;1;
202300052878;155586755;A01;2;7;3;0;1;2;1;
202300052879;155586754;A01;1;7;0;2;7;2;1;
202300052879;155586756;B01;1;50;0;2;8;2;3;
202300052880;155586752;A01;1;37;0;1;2;9;0;1.0
202300052881;155586750;A01;0;33;0;1;1;0;1;
202300052882;155586749;A01;2;7;0;0;3;15;1;
202300052882;155586751;B01;1;32;0;2;1;0;1;
202300052882;155586753;C01;0;7;0;0;8;23;1;
202300052883;155586747;A01;1;7;0;2;2;1;1;
202300052883;155586748;B01;2;1;0;2;6;1;5;
202300052884;155586745;A01;1;7;0;2;8;24;1;
202300052884;155586746;B01;1;50;1;0;1;1;3;
202300052885;155586743;B01;2;2;0;2;2;0;1;
202300052885;155586744;A01;2;7;0;2;8;11;1;
202300052886;155586740;A01;1;33;0;2;1;17;1;
202300052886;155586742;B01;2;7;0;2;3;0;1;
202300052887;155586739;A01;1;7;0;2;3;15;1;
202300052887;155586741;B01;2;30;0;2;1;1;1;
202300052888;155586737;A01;1;33;12;0;1;0;1;
202300052889;155586736;B01;1;7;0;2;8;15;1;
202300052889;155586738;A01;3;33;0;2;1;1;1;
202300052890;155586732;A01;1;32;0;2;1;2;1;
202300052890;155586733;B01;1;10;0;2;4;1;1;
202300052891;155586730;A01;1;37;0;2;8;1;1;1.0
202300052891;155586731;B01;3;1;0;2;7;1;5;
202300052892;155586734;A01;3;17;0;2;1;1;0;
202300052892;155586735;B01;3;7;0;2;4;1;0;
202300052893;155586728;A01;0;7;0;2;1;26;1;
202300052893;155586729;B01;0;7;0;2;4;0;1;
202300052894;155586726;A01;1;7;8;2;1;2;1;
202300052894;155586727;B01;1;13;0;0;0;0;1;
202300052895;155586725;A01;2;7;2;0;0;1;1;
202300052896;155586724;A01;1;7;4;0;3;13;1;
202300052897;155586722;B01;2;7;0;2;4;1;1;
202300052897;155586723;A01;2;7;0;2;1;2;1;
202300052898;155586721;A01;1;7;3;0;3;21;3;
202300052899;155586720;A01;1;7;4;2;8;13;1;
202300052900;155586719;A01;1;7;0;1;1;1;1;
202300052901;155586718;A01;1;7;0;1;1;1;1;
202300052902;155586717;A01;1;40;0;1;3;26;3;
202300052903;155586716;A01;3;7;0;1;1;1;1;
202300052904;155586713;B01;1;7;0;2;7;1;2;
202300052904;155586715;A01;1;7;0;2;1;1;1;
202300052905;155586712;A01;1;7;0;2;2;13;1;
202300052905;155586714;B01;2;7;0;2;3;1;1;
202300052906;155586711;A01;1;7;0;0;1;26;1;
202300052907;155586709;B01;1;7;0;2;6;1;1;
202300052907;155586710;A01;1;7;4;2;9;26;1;
202300052908;155586706;A01;1;0;0;2;2;1;0;
202300052908;155586708;B01;1;1;0;2;4;1;5;
202300052909;155586704;A01;3;21;16;0;0;1;1;
202300052910;155586703;A01;2;7;0;2;1;1;1;
202300052910;155586705;B01;1;7;1;2;1;1;1;
202300052911;155586702;A01;3;7;0;2;7;19;1;
202300052911;155586707;B01;3;7;0;2;0;1;1;
202300052912;155586700;A01;2;7;0;1;1;16;1;
202300052913;155586699;B01;1;7;0;2;1;13;1;
202300052913;155586701;A01;2;7;0;2;3;1;1;
202300052914;155586695;B01;1;33;0;2;1;17;1;
202300052914;155586698;A01;1;10;0;2;3;15;1;
202300052915;155586694;B01;1;7;0;2;7;12;1;
202300052915;155586697;A01;1;43;0;2;8;3;1;
202300052916;155586691;A01;1;7;15;0;3;26;2;
202300052917;155586690;B01;1;7;0;2;4;1;1;
202300052917;155586692;A01;1;7;0;2;1;1;1;
202300052918;155586689;A01;1;7;2;0;2;14;1;
202300052919;155586686;B01;2;7;0;2;6;1;1;
202300052919;155586687;A01;1;30;3;2;8;17;1;
202300052920;155586684;B01;1;1;0;0;6;1;5;
202300052920;155586685;A01;1;7;0;9;2;17;1;
202300052921;155586681;B01;1;1;0;2;1;1;5;
202300052921;155586683;A01;2;7;0;2;8;19;1;
202300052922;155586680;A01;1;2;0;6;2;1;1;
202300052923;155586682;B01;1;33;0;2;1;1;1;
202300052923;155586688;A01;1;31;0;2;2;1;1;
202300052924;155586679;A01;1;7;0;0;8;1;1;
202300052925;155586677;A01;2;33;0;2;2;17;1;
202300052925;155586678;B01;2;7;0;2;6;1;1;
202300052926;155586675;A01;1;38;0;1;1;1;1;2.0
202300052927;155586676;A01;1;2;0;0;8;15;1;
202300052928;155586671;A01;1;1;0;2;1;13;5;
202300052928;155586673;B01;2;7;0;9;3;1;1;
202300052929;155586669;A01;2;1;0;2;6;15;5;
202300052929;155586672;B01;2;50;0;2;1;17;3;
202300052930;155586670;A01;1;7;0;2;3;15;1;
202300052930;155586674;B01;1;7;0;2;1;1;1;
202300052931;155586665;B01;2;1;0;2;8;1;5;
202300052931;155586667;A01;1;7;0;0;8;15;1;
202300052932;155586666;B01;1;7;0;2;3;1;1;
202300052932;155586668;A01;2;7;0;2;1;1;1;
202300052933;155586664;A01;1;1;7;1;1;21;5;
202300052934;155586660;A01;2;7;0;2;1;17;0;
202300052934;155586662;B01;1;7;0;2;1;1;1;
202300052935;155586661;B01;2;7;0;2;4;1;1;
202300052935;155586663;A01;2;7;0;2;1;2;1;
202300052936;155586658;A01;2;33;0;2;6;15;1;
202300052936;155586659;B01;2;14;0;2;2;1;1;
202300052937;155586656;B01;3;1;0;2;7;1;5;
202300052937;155586657;A01;1;7;0;2;3;9;3;
202300052938;155586655;A01;3;7;8;0;1;1;1;
202300052939;155586653;A01;2;1;0;1;1;1;5;
202300052940;155586651;A01;1;7;1;0;1;2;1;
202300052940;155586654;B01;1;7;0;2;4;23;1;
202300052941;155586650;A01;2;17;0;0;7;1;1;
202300052942;155586648;A01;2;50;0;0;0;1;3;
202300052943;155586646;A01;3;10;0;9;5;2;1;
202300052943;155586649;B01;3;1;0;2;8;1;5;
202300052944;155586644;A01;3;7;0;1;1;0;1;
202300052945;155586647;A01;2;7;0;1;1;9;1;
202300052946;155586642;Z01;2;7;0;2;7;15;1;
202300052946;155586643;B01;1;2;0;2;1;1;1;
202300052947;155586639;B01;2;31;0;2;1;2;1;
202300052947;155586641;A01;1;7;0;2;2;15;1;
202300052948;155586635;B01;1;7;13;2;0;1;1;
202300052948;155586638;A01;1;7;13;0;0;17;1;
202300052949;155586633;A01;1;7;0;2;2;0;4;
202300052949;155586636;B01;2;7;0;2;3;5;1;
202300052950;155586634;A01;3;7;0;2;1;19;1;
202300052950;155586640;B01;2;2;0;2;1;1;1;
202300052951;155586632;A01;2;7;0;2;4;2;2;
202300052951;155586637;B01;2;7;0;2;1;2;1;
202300052952;155586626;A01;3;7;0;2;3;22;1;
202300052952;155586630;B01;3;1;0;0;0;0;5;
202300052953;155586627;A01;1;7;0;2;0;0;1;
202300052953;155586631;B01;2;7;0;2;1;1;1;
202300052954;155586623;A01;1;7;0;2;1;9;1;
202300052954;155586629;B01;1;2;0;2;3;1;1;
202300052955;155586624;A01;2;7;0;2;3;15;1;
202300052955;155586628;B01;1;2;0;2;1;1;1;
202300052956;155586622;A01;1;7;0;1;2;1;1;
202300052957;155586620;A01;3;7;0;2;3;15;1;
202300052957;155586625;B01;3;1;0;2;7;1;5;
202300052958;155586617;B01;2;7;0;2;2;2;0;
202300052958;155586621;A01;2;7;0;2;1;2;1;
202300052959;155586619;A01;2;7;4;0;1;1;1;
202300052960;155586613;B01;2;32;0;2;2;17;1;
202300052960;155586615;A01;1;7;0;2;3;15;1;
202300052961;155586611;C01;2;7;0;2;1;1;1;
202300052961;155586616;A01;1;7;9;2;3;5;1;
202300052961;155586618;B01;2;30;0;2;1;1;1;
202300052962;155586612;B01;2;33;0;2;6;2;1;
202300052962;155586614;A01;2;7;0;2;8;1;1;
202300052963;155586608;A01;3;10;0;2;4;4;1;
202300052963;155586610;B01;3;1;0;2;1;23;5;
202300052964;155586606;B01;1;1;0;2;2;1;5;
202300052964;155586607;A01;2;7;0;2;3;9;1;
202300052965;155586601;A01;3;7;0;2;0;0;1;
202300052965;155586605;B01;3;33;0;2;1;17;1;
202300052966;155586603;A01;1;7;0;2;3;9;1;
202300052966;155586609;B01;2;33;0;0;7;1;1;
202300052967;155586600;A01;1;1;0;2;4;13;5;
202300052967;155586602;B01;1;33;0;2;1;1;1;
202300052968;155586599;A01;1;7;2;0;1;13;2;
202300052969;155586597;A01;3;34;0;1;1;26;1;
202300052970;155586595;A01;2;7;1;0;9;14;1;
202300052971;155586594;B01;2;2;0;2;1;1;1;
202300052971;155586596;A01;2;7;0;2;3;9;1;
202300052972;155586598;A01;1;7;0;2;4;11;1;
202300052972;155586604;B01;1;33;0;2;1;3;1;
202300052973;155586588;A01;3;7;0;2;2;15;1;
202300052973;155586592;B01;2;1;0;2;1;1;0;
202300052974;155586586;A01;3;7;0;2;1;1;2;
202300052974;155586593;B01;3;10;0;2;7;1;1;
202300052975;155586585;A01;1;7;0;2;2;15;1;
202300052975;155586590;B01;2;33;0;2;1;1;1;
202300052976;155586583;B01;1;7;3;2;4;1;1;
202300052976;155586589;A01;1;7;3;2;1;1;1;
202300052977;155586576;B01;1;33;0;2;1;1;1;
202300052977;155586581;A01;1;7;0;2;1;9;1;
202300052978;155586580;C01;2;7;0;2;2;1;1;
202300052978;155586587;A01;1;7;13;2;8;1;1;
202300052978;155586591;B01;2;7;0;2;1;1;1;
202300052979;155586575;B01;1;7;0;2;2;2;1;
202300052979;155586578;A01;2;7;0;2;3;16;1;
202300052980;155586577;A01;2;34;0;2;1;1;1;
202300052980;155586582;B01;1;1;0;2;8;15;0;
202300052981;155586573;A01;1;7;0;2;8;1;2;
202300052981;155586579;Z01;0;7;0;2;1;26;1;
202300052982;155586572;A01;2;7;0;2;6;1;1;
202300052983;155586571;A01;3;33;0;2;8;0;1;
202300052984;155586567;A01;2;7;0;2;2;1;0;
202300052984;155586569;B01;2;7;0;2;3;1;1;
202300052985;155586565;A01;3;3;0;9;2;16;1;
202300052985;155586566;B01;0;1;0;2;8;1;5;
202300052986;155586562;A01;0;30;0;1;2;3;1;
202300052987;155586564;A01;2;7;0;2;1;1;1;
202300052987;155586570;B01;0;1;0;2;8;25;5;
202300052988;155586559;A01;2;10;0;2;4;14;1;
202300052988;155586563;B01;2;1;0;2;1;2;5;
202300052989;155586558;A01;1;50;0;2;1;1;3;
202300052989;155586561;B01;1;7;0;2;6;15;3;
202300052990;155586556;A01;1;10;0;1;7;1;1;
202300052991;155586560;A01;2;7;0;2;1;1;1;
202300052991;155586568;B01;2;7;0;2;4;1;1;
202300052991;155586574;C01;2;7;0;2;4;1;1;
202300052991;155586584;D01;2;7;0;2;4;1;1;
202300052992;155586555;A01;1;7;6;0;1;17;1;
202300052993;155586553;A01;1;14;13;0;1;1;1;
202300052994;155586550;A01;1;50;0;1;1;1;3;
202300052995;155586551;A01;3;33;14;0;1;11;0;
202300052995;155586554;C01;3;7;14;0;0;0;0;
202300052995;155586557;B01;3;7;15;0;0;0;0;
202300052996;155586547;B01;1;1;0;2;7;19;5;
202300052996;155586552;A01;2;7;0;2;1;19;1;
202300052997;155586548;A01;1;2;12;0;1;26;3;
202300052998;155586544;A01;2;7;0;2;1;2;1;
202300052998;155586549;B01;2;10;0;2;4;2;1;
202300052999;155586542;A01;2;10;0;1;4;4;1;