Num_Acc;id_vehicule;num_veh;senc;catv;obs;obsm;choc;manv;motor;occutc
202300053000;155586543;A01;2;7;0;2;3;1;1;
202300053000;155586546;B01;1;1;0;2;3;1;5;
202300053001;155586540;A01;1;7;1;2;2;1;1;
202300053001;155586545;B01;1;33;1;2;1;1;1;
202300053002;155586538;A01;1;7;2;0;1;14;1;
202300053003;155586539;A01;3;7;0;1;1;1;0;
202300053004;155586535;A01;1;7;0;1;1;2;1;
202300053005;155586532;B01;2;37;0;2;1;1;1;1.0
202300053005;155586536;A01;1;7;0;2;1;11;1;
202300053006;155586534;B01;2;7;0;2;3;2;0;
202300053006;155586537;A01;2;7;0;2;2;12;2;
202300053006;155586541;C01;2;7;0;2;2;2;1;
202300053007;155586528;A01;3;7;0;1;3;1;1;
202300053008;155586529;A01;2;10;13;0;2;14;1;
202300053009;155586526;A01;1;7;0;2;3;2;1;
202300053009;155586531;B01;1;7;0;2;5;1;0;
202300053010;155586523;B01;2;7;0;2;4;11;1;
202300053010;155586527;A01;2;34;0;2;1;3;1;
202300053011;155586520;B01;3;7;0;2;1;1;1;
202300053011;155586525;A01;3;7;0;2;8;19;1;
202300053012;155586522;A01;3;7;0;1;1;15;0;
202300053013;155586515;A01;3;2;0;2;5;19;1;
202300053013;155586521;B01;3;7;0;2;1;1;1;
202300053014;155586518;A01;1;43;14;0;1;3;1;
202300053014;155586524;B01;1;7;0;2;6;23;1;
202300053015;155586513;A01;1;7;0;2;1;2;1;
202300053015;155586516;B01;1;7;0;2;4;2;1;
202300053016;155586514;B01;2;7;0;2;4;2;1;
202300053016;155586517;A01;2;13;0;2;1;2;1;
202300053017;155586512;A01;1;2;0;2;6;1;1;
202300053017;155586519;B01;1;2;0;2;0;1;1;
202300053018;155586508;A01;2;10;0;1;1;1;1;
202300053019;155586506;A01;3;7;0;2;1;2;1;
202300053019;155586509;C01;3;7;0;2;4;23;1;
202300053019;155586511;B01;3;7;0;2;4;23;1;
202300053020;155586503;A01;2;7;4;2;1;2;2;
202300053020;155586507;B01;2;7;0;2;4;1;1;
202300053020;155586510;C01;2;7;0;2;6;1;2;
202300053021;155586502;A01;1;7;0;1;2;15;0;
202300053022;155586501;A01;2;7;0;2;2;12;0;
202300053022;155586505;B01;2;43;0;2;3;3;1;
202300053023;155586500;A01;1;33;0;2;1;17;1;
202300053023;155586504;B01;1;7;0;2;3;15;1;
202300053024;155586498;A01;2;7;0;1;1;1;1;
202300053025;155586496;A01;3;33;0;0;2;13;0;
202300053026;155586495;A01;1;7;0;1;3;16;2;
202300053027;155586494;B01;2;7;0;2;1;1;1;
202300053027;155586497;A01;1;7;0;2;1;13;1;
202300053028;155586492;B01;1;7;0;2;8;1;1;
202300053028;155586499;A01;2;7;0;2;3;13;1;
202300053029;155586490;A01;1;32;14;0;1;14;1;
202300053030;155586487;A01;0;10;0;1;1;1;1;
202300053031;155586484;A01;1;10;0;2;7;12;1;
202300053031;155586488;C01;1;10;0;2;4;1;1;
202300053031;155586491;B01;1;33;0;2;1;3;1;
202300053032;155586486;A01;3;7;0;1;1;1;1;
202300053033;155586483;A01;0;7;1;0;1;19;1;
202300053034;155586481;A01;1;10;0;2;1;21;1;
202300053034;155586485;B01;1;7;0;2;4;23;2;
202300053034;155586489;C01;1;15;0;2;1;2;1;
202300053034;155586493;D01;1;15;0;2;4;23;1;
202300053035;155586482;A01;3;7;4;0;1;14;1;
202300053036;155586480;A01;2;7;13;0;1;17;1;
202300053037;155586475;A01;2;33;3;0;7;9;1;
202300053038;155586474;B01;3;33;0;2;8;1;1;
202300053038;155586478;A01;3;10;0;2;2;12;1;
202300053039;155586471;A01;0;7;1;0;2;1;0;
202300053040;155586472;B01;1;34;0;2;7;1;1;
202300053040;155586476;A01;1;7;0;2;3;11;1;
202300053041;155586473;A01;2;7;0;2;3;1;1;
202300053041;155586479;B01;3;1;0;2;2;19;5;
202300053042;155586468;A01;0;7;0;2;3;1;1;
202300053042;155586469;B01;0;7;0;2;3;13;1;
202300053043;155586465;A01;3;30;0;0;3;16;3;
202300053044;155586463;A01;1;7;1;0;1;1;1;
202300053044;155586466;B01;1;7;0;2;4;23;1;
202300053045;155586461;A01;1;30;0;2;1;2;1;
202300053045;155586467;B01;1;7;0;2;4;2;1;
202300053046;155586458;B01;0;7;0;2;2;1;1;
202300053046;155586462;A01;0;33;2;2;1;5;1;
202300053046;155586464;C01;0;7;0;2;8;1;1;
202300053047;155586459;A01;2;15;2;0;3;13;1;
202300053048;155586457;A01;0;7;0;1;3;1;2;
202300053049;155586452;A01;1;7;8;0;1;1;1;
202300053050;155586455;A01;1;32;0;0;0;21;1;
202300053051;155586456;A01;1;7;1;0;1;0;1;
202300053051;155586460;B01;1;15;0;0;4;24;1;
202300053052;155586451;B01;1;7;0;2;0;0;1;
202300053052;155586453;A01;1;7;0;2;1;26;1;
202300053053;155586450;A01;2;7;0;2;2;14;1;
202300053053;155586454;B01;2;7;0;2;8;1;1;
202300053054;155586447;A01;2;7;0;2;2;20;1;
202300053054;155586448;B01;2;30;0;2;3;18;1;
202300053055;155586443;A01;1;7;14;5;8;1;1;
202300053056;155586439;A01;0;30;0;2;0;2;1;
202300053056;155586445;B01;1;7;0;0;0;26;1;
202300053057;155586441;B01;1;20;0;0;7;26;1;
202300053057;155586449;A01;1;7;0;2;1;2;1;
202300053058;155586438;A01;2;7;0;2;8;1;1;
202300053058;155586444;B01;1;43;0;2;2;1;1;
202300053059;155586437;B01;2;7;0;2;4;2;2;
202300053059;155586442;A01;2;14;0;2;1;2;1;
202300053060;155586435;A01;2;7;0;2;2;12;1;
202300053060;155586440;B01;2;17;0;0;6;1;1;
202300053060;155586446;C01;2;7;0;2;1;1;1;
202300053061;155586428;A01;2;7;0;1;1;1;1;
202300053062;155586429;A01;1;50;0;2;3;1;3;
202300053062;155586433;B01;1;7;0;2;1;1;1;
202300053063;155586431;A01;1;10;5;6;2;1;1;
202300053064;155586426;A01;1;7;0;2;1;2;1;
202300053064;155586430;B01;1;43;0;2;4;2;1;
202300053065;155586427;V01;3;1;0;2;1;1;5;
202300053065;155586434;A01;1;7;0;2;1;1;1;
202300053066;155586425;A01;2;7;15;0;9;0;1;
202300053067;155586423;A01;1;7;13;0;2;0;0;
202300053068;155586422;A01;1;2;0;2;1;13;1;
202300053068;155586424;B01;2;10;0;2;3;1;1;
202300053069;155586421;A01;2;1;4;0;1;13;5;
202300053070;155586414;B01;2;1;0;0;0;0;5;
202300053070;155586418;A01;1;7;0;2;1;26;3;
202300053071;155586413;A01;2;1;0;0;0;1;5;
202300053072;155586416;B01;2;43;0;2;1;2;1;
202300053072;155586420;A01;2;7;0;2;4;2;1;
202300053073;155586411;A01;1;7;0;2;3;13;1;
202300053073;155586412;B01;2;7;0;2;3;1;1;
202300053074;155586409;C01;1;7;0;2;5;1;1;
202300053074;155586417;A01;1;7;0;2;1;1;1;
202300053074;155586419;B01;1;7;0;2;5;1;1;
202300053075;155586410;A01;1;7;0;0;3;15;0;
202300053076;155586405;A01;2;7;3;2;3;1;1;
202300053077;155586403;A01;1;7;0;2;3;13;1;
202300053077;155586407;B01;2;7;0;2;3;1;1;
202300053078;155586399;B01;1;1;0;2;7;1;5;
202300053078;155586406;A01;2;7;0;2;3;16;1;
202300053079;155586402;A01;3;30;0;2;1;2;1;
202300053079;155586408;B01;3;7;1;0;6;23;1;
202300053080;155586398;A01;2;2;0;2;1;1;1;
202300053080;155586404;B01;1;7;0;2;2;15;1;
202300053081;155586394;B01;2;7;0;2;1;23;0;
202300053081;155586397;A01;2;7;0;2;1;1;0;
202300053081;155586400;C01;2;10;0;2;4;23;1;
202300053082;155586395;A01;2;7;2;0;2;14;1;
202300053083;155586393;C01;1;7;0;2;8;1;1;
202300053083;155586396;B01;1;7;4;2;2;1;1;
202300053083;155586401;A01;1;10;0;2;1;15;1;
202300053084;155586385;B01;1;7;0;2;3;1;1;
202300053084;155586390;A01;2;7;0;2;3;13;6;
202300053085;155586387;Z01;2;30;0;2;1;1;0;
202300053085;155586392;A01;2;1;0;2;6;21;5;
202300053086;155586386;A01;1;10;0;2;2;14;1;
202300053086;155586391;B01;1;7;0;0;6;1;1;
202300053087;155586384;A01;1;7;0;2;1;1;1;
202300053087;155586389;B01;2;15;0;2;6;1;1;
202300053088;155586381;A01;1;7;13;0;1;1;1;
202300053089;155586380;A01;1;7;0;2;6;1;0;
202300053089;155586383;B01;1;7;0;2;1;17;0;
202300053090;155586379;A01;1;10;4;0;1;1;1;
202300053091;155586378;C01;1;7;0;0;1;2;1;
202300053091;155586382;B01;1;7;0;2;4;1;1;
202300053091;155586388;A01;1;7;0;2;1;1;1;
202300053092;155586374;A01;1;50;0;2;8;15;3;
202300053092;155586376;B01;2;7;0;2;1;1;2;
202300053093;155586371;B01;2;2;0;2;3;1;1;
202300053093;155586375;A01;1;7;0;2;3;15;1;
202300053094;155586368;C01;1;7;0;2;1;1;1;
202300053094;155586373;A01;1;7;0;2;4;1;1;
202300053094;155586377;B01;1;7;0;2;4;1;1;
202300053095;155586367;A01;1;7;0;2;1;2;1;
202300053095;155586369;B01;1;7;0;2;4;23;1;
202300053096;155586365;B01;1;2;0;0;4;1;1;
202300053096;155586370;A01;1;7;0;2;3;9;1;
202300053097;155586363;B01;0;34;0;2;1;21;1;
202300053097;155586372;A01;3;7;0;2;1;23;1;
202300053098;155586362;A01;2;7;0;2;4;1;1;
202300053098;155586366;B01;2;33;0;2;1;1;1;
202300053099;155586361;A01;1;10;0;1;1;1;1;
202300053100;155586357;A01;2;7;0;2;4;2;1;
202300053100;155586359;C01;2;7;0;2;1;2;1;
202300053100;155586360;B01;2;32;0;2;4;2;1;
202300053100;155586364;D01;2;10;0;2;1;2;1;
202300053101;155586354;B01;2;1;0;2;8;26;5;
202300053101;155586358;A01;2;7;0;2;2;1;1;
202300053102;155586356;A01;1;7;0;1;1;15;2;
202300053103;155586353;A01;1;7;3;0;1;1;1;
202300053104;155586351;A01;1;33;5;6;1;1;1;
202300053105;155586349;A01;3;7;0;1;1;2;1;
202300053106;155586350;A01;1;7;0;2;2;26;1;
202300053106;155586355;B01;1;7;0;2;4;26;1;
202300053107;155586348;A01;1;7;0;2;3;13;1;
202300053107;155586352;B01;2;7;0;2;3;1;1;
202300053108;155586345;A01;1;37;0;1;5;13;6;1.0
202300053109;155586342;A01;1;7;0;2;1;1;1;
202300053109;155586346;B01;1;7;0;2;4;1;1;
202300053110;155586341;B01;2;7;0;2;4;23;1;
202300053110;155586347;A01;2;7;0;2;1;1;1;
202300053111;155586339;A01;1;7;0;0;0;13;1;
202300053112;155586338;A01;1;33;13;0;8;15;1;
202300053113;155586333;A01;0;7;0;2;1;15;1;
202300053113;155586336;B01;0;1;0;2;1;1;5;
202300053114;155586335;A01;3;7;0;2;2;1;1;
202300053114;155586340;B01;3;15;0;2;2;15;1;
202300053115;155586334;A01;2;7;0;2;3;26;1;
202300053115;155586343;B01;0;1;0;2;8;1;5;
202300053116;155586330;A01;1;7;0;1;3;15;1;
202300053117;155586331;A01;1;7;0;2;3;13;1;
202300053117;155586332;B01;2;17;0;0;3;1;1;
202300053118;155586326;A01;3;7;0;1;1;1;1;
202300053119;155586323;B01;3;7;0;2;3;1;1;
202300053119;155586329;A01;3;7;0;2;3;1;1;
202300053120;155586322;A01;3;7;0;2;3;1;1;
202300053120;155586327;B01;3;50;0;2;1;19;3;
202300053121;155586321;A01;1;7;0;1;1;1;1;
202300053122;155586319;B01;3;32;0;2;2;17;0;
202300053122;155586324;A01;3;7;0;2;8;15;1;
202300053123;155586316;A01;1;10;0;2;1;1;1;
202300053123;155586318;C01;2;7;7;0;1;1;1;
202300053123;155586325;B01;2;7;0;2;1;1;1;
202300053124;155586315;A01;1;7;0;2;3;15;1;
202300053124;155586320;B01;1;15;0;2;1;1;1;
202300053125;155586317;B01;1;7;13;0;5;2;0;
202300053125;155586328;A01;1;7;12;2;3;1;0;
202300053126;155586313;A01;1;7;0;1;1;1;1;
202300053127;155586309;A01;1;7;0;2;3;2;1;
202300053127;155586314;B01;2;7;0;2;3;17;1;
202300053128;155586308;A01;1;14;0;2;7;26;1;
202300053128;155586311;B01;3;7;0;2;3;0;2;
202300053129;155586310;A01;1;7;0;1;7;2;1;
202300053130;155586306;A01;1;7;8;0;2;1;1;
202300053131;155586307;A01;2;14;0;1;0;16;1;
202300053132;155586301;A01;0;30;0;2;2;17;3;
202300053132;155586303;B01;0;7;0;2;3;1;1;
202300053133;155586299;A01;1;7;0;2;1;1;1;
202300053133;155586304;B01;1;7;0;2;4;1;1;
202300053134;155586297;A01;2;7;0;2;3;9;0;
202300053134;155586302;B01;1;2;0;2;7;15;1;
202300053135;155586296;B01;1;37;0;2;3;1;1;6.0
202300053135;155586312;A01;2;14;0;2;2;1;1;
202300053136;155586295;B01;1;7;0;0;4;23;1;
202300053136;155586300;A01;1;7;0;2;1;1;1;
202300053137;155586292;A01;1;7;6;0;3;1;1;
202300053138;155586290;B01;1;15;0;0;6;1;1;
202300053138;155586294;A01;1;10;0;2;2;2;1;
202300053139;155586293;A01;2;7;0;2;5;14;1;
202300053139;155586298;B01;2;33;0;2;3;18;1;
202300053140;155586288;A01;2;34;0;2;1;1;1;
202300053140;155586291;B01;1;7;0;2;0;15;1;
202300053141;155586285;B01;1;3;0;2;2;14;2;
202300053141;155586287;A01;1;99;0;2;1;1;3;
202300053142;155586284;A01;0;7;0;1;1;1;1;
202300053143;155586280;A01;1;33;13;0;1;5;1;
202300053144;155586282;A01;2;33;0;2;0;21;1;
202300053144;155586286;B01;1;31;0;2;0;0;1;
202300053145;155586279;A01;1;7;1;0;3;1;1;
202300053146;155586281;A01;1;10;0;2;2;13;1;
202300053146;155586289;B01;2;7;13;2;6;1;1;
202300053147;155586275;A01;3;7;0;0;4;2;1;
202300053147;155586277;B01;0;7;0;2;0;0;1;
202300053148;155586274;A01;3;10;0;1;6;26;1;
202300053149;155586273;A01;1;7;0;2;1;5;1;
202300053149;155586278;C01;2;7;0;2;1;1;1;
202300053149;155586283;B01;2;7;0;2;1;1;1;
202300053150;155586276;A01;2;32;8;0;1;14;1;
202300053151;155586268;A01;1;7;0;0;6;24;2;
202300053151;155586272;B01;1;15;1;0;2;1;1;
202300053152;155586266;B01;2;7;0;9;1;1;1;
202300053152;155586270;A01;1;15;0;0;0;1;0;
202300053153;155586263;A01;3;1;0;0;0;0;5;
202300053154;155586265;B01;2;10;0;2;1;1;1;
202300053154;155586271;A01;1;50;0;2;0;15;3;
202300053155;155586259;A01;0;13;0;2;3;2;1;
202300053155;155586262;B01;0;7;0;2;4;2;1;
202300053155;155586267;C01;0;7;0;0;4;2;3;
202300053156;155586257;A01;2;14;0;0;8;1;1;
202300053157;155586260;A01;1;7;0;0;5;16;1;
202300053157;155586264;B01;1;7;0;2;1;7;1;
202300053158;155586256;A01;2;7;2;0;0;1;1;
202300053159;155586255;B01;2;7;0;9;3;9;1;
202300053159;155586261;A01;2;2;0;2;1;1;1;
202300053160;155586253;A01;2;7;0;9;1;1;0;
202300053160;155586258;B01;2;1;0;0;4;1;5;
202300053161;155586249;A01;1;7;2;0;1;14;1;
202300053162;155586250;B01;1;1;0;2;1;1;5;
202300053162;155586252;A01;1;7;0;2;3;9;1;
202300053163;155586244;A01;2;7;0;0;8;1;1;
202300053163;155586251;B01;2;7;0;0;1;1;1;
202300053164;155586243;B01;1;7;0;2;1;1;2;
202300053164;155586248;A01;2;7;0;2;1;5;1;
202300053165;155586241;A01;1;7;0;2;2;26;1;
202300053165;155586245;B01;2;50;0;2;2;25;3;
202300053166;155586240;B01;3;7;0;2;1;5;1;
202300053166;155586246;A01;3;7;0;2;1;1;1;
202300053167;155586237;A01;1;7;2;0;7;1;1;
202300053168;155586238;A01;1;7;0;2;3;1;1;
202300053168;155586242;B01;2;7;0;2;3;1;1;
202300053169;155586235;A01;2;7;0;1;1;1;1;
202300053170;155586233;A01;3;10;0;2;1;1;1;
202300053170;155586234;B01;3;10;0;2;8;19;0;
202300053171;155586232;B01;2;7;0;2;5;2;1;
202300053171;155586236;A01;2;34;0;2;3;2;1;
202300053172;155586231;A01;1;10;7;0;9;1;1;
202300053173;155586230;A01;2;7;0;1;1;1;1;
202300053174;155586224;A01;1;7;0;2;1;15;1;
202300053174;155586228;B01;1;7;9;2;8;1;1;
202300053175;155586223;A01;1;7;0;2;1;13;1;
202300053175;155586225;B01;1;7;0;2;1;1;1;
202300053176;155586222;C01;1;7;0;0;0;1;1;
202300053176;155586226;B01;2;7;0;2;1;1;1;
202300053176;155586229;A01;1;7;0;2;1;17;1;
202300053177;155586218;A01;2;7;0;9;2;2;1;
202300053177;155586221;B01;2;1;0;2;8;1;5;
202300053178;155586216;A01;1;50;0;0;3;21;3;
202300053179;155586214;B01;1;14;0;2;0;0;1;
202300053179;155586219;A01;1;7;0;2;5;1;1;
202300053180;155586215;A01;1;33;6;2;1;26;1;
202300053180;155586220;B01;2;7;0;2;3;15;1;
202300053181;155586210;A01;1;7;0;1;7;1;1;
202300053182;155586211;A01;1;7;0;2;5;15;3;
202300053182;155586217;B01;2;33;0;2;1;1;1;
202300053183;155586208;A01;1;7;0;2;1;1;1;
202300053183;155586212;B01;2;7;0;2;1;1;1;
202300053184;155586203;A01;1;2;9;0;3;26;1;
202300053184;155586207;B01;1;1;0;2;0;26;5;
202300053185;155586202;A01;2;7;0;1;3;21;2;
202300053185;155586209;C01;2;7;0;2;4;0;1;
202300053185;155586213;B01;2;7;0;2;1;0;1;
202300053186;155586204;A01;2;7;12;0;3;0;1;
202300053187;155586200;A01;1;7;0;2;2;16;1;
202300053187;155586205;B01;1;1;0;0;0;0;5;
202300053188;155586201;B01;1;33;0;2;1;1;1;
202300053188;155586206;A01;2;7;0;2;2;15;1;
202300053189;155586197;B01;2;7;0;2;2;15;1;
202300053189;155586199;A01;1;7;0;2;3;1;3;
202300053190;155586198;A01;1;10;0;1;3;1;1;
202300053191;155586194;A01;2;7;6;0;7;1;1;
202300053192;155586193;A01;1;36;9;0;1;1;1;
202300053193;155586191;A01;1;7;0;2;3;13;1;
202300053193;155586196;B01;2;7;0;2;3;1;1;
202300053194;155586187;A01;2;7;0;2;1;15;1;
202300053194;155586192;B01;2;31;0;2;1;1;1;
202300053195;155586189;A01;0;7;0;2;3;9;0;
202300053195;155586195;B01;0;33;0;2;1;1;0;
202300053196;155586188;A01;2;31;0;2;0;1;1;
202300053196;155586190;B01;2;7;0;2;3;20;1;
202300053197;155586183;A01;0;50;0;0;2;0;3;
202300053198;155586181;A01;2;50;0;2;1;19;3;
202300053198;155586185;B01;3;7;0;2;2;23;1;
202300053199;155586179;A01;1;7;0;2;3;2;1;
202300053199;155586184;B01;1;7;0;2;5;2;2;
202300053200;155586180;B01;2;7;0;2;3;19;1;
202300053200;155586186;A01;1;2;0;2;1;1;1;
202300053201;155586176;A01;1;7;2;0;1;1;1;
202300053202;155586174;A01;1;7;0;2;2;1;1;
202300053202;155586178;B01;1;7;0;2;3;19;1;
202300053203;155586173;A01;1;7;0;0;9;1;1;
202300053204;155586172;A01;3;21;0;0;0;1;1;
202300053205;155586168;A01;3;7;0;1;3;15;1;
202300053206;155586171;A01;1;7;2;0;4;14;1;
202300053207;155586166;A01;1;2;1;0;2;1;1;
202300053208;155586163;B01;1;7;0;2;1;1;1;
202300053208;155586169;A01;2;7;0;2;2;15;1;
202300053208;155586175;C01;2;7;0;0;3;23;1;
202300053209;155586165;B01;3;33;0;2;6;0;1;
202300053209;155586170;A01;3;33;0;2;2;21;1;
202300053210;155586164;A01;1;7;0;2;1;17;1;
202300053210;155586167;B01;2;2;0;2;1;1;1;
202300053211;155586161;A01;1;36;0;0;0;1;1;
202300053212;155586160;A01;3;2;6;0;3;0;1;
202300053213;155586158;A01;2;33;3;0;0;1;1;
202300053214;155586157;A01;2;31;0;2;3;17;1;
202300053214;155586162;B01;1;7;0;2;3;1;1;
202300053215;155586155;A01;1;7;0;2;3;5;1;
202300053215;155586159;B01;2;17;0;2;3;1;1;
202300053216;155586154;A01;2;10;2;0;1;14;1;
202300053217;155586149;A01;3;7;0;2;3;13;0;
202300053217;155586153;B01;3;7;0;2;3;1;0;
202300053218;155586147;A01;2;7;0;2;3;14;1;
202300053218;155586151;B01;2;7;0;2;5;1;1;
202300053219;155586146;A01;1;33;0;0;7;1;1;
202300053220;155586140;B01;1;1;0;0;6;2;5;
202300053220;155586143;A01;1;7;0;2;2;9;1;
202300053221;155586137;B01;1;7;0;2;2;1;1;
202300053221;155586148;A01;2;10;0;2;3;19;1;
202300053222;155586139;A01;1;10;0;2;1;1;1;
202300053222;155586145;B01;1;7;0;2;4;23;1;
202300053222;155586152;C01;1;7;0;0;4;23;1;
202300053223;155586138;A01;3;7;0;1;1;1;1;
202300053224;155586133;E01;3;7;0;2;0;2;1;
202300053224;155586141;B01;3;7;0;2;4;2;1;
202300053224;155586144;C01;3;7;0;2;9;2;1;
202300053224;155586150;F01;3;7;0;2;0;2;1;
202300053224;155586156;D01;3;7;0;2;0;2;1;
202300053225;155586134;B01;2;7;0;2;3;1;1;
202300053225;155586142;A01;1;7;0;2;7;1;1;
202300053226;155586132;A01;2;17;0;2;3;13;1;
202300053226;155586135;B01;1;33;0;2;3;1;1;
202300053227;155586130;A01;2;7;0;2;3;1;1;
202300053227;155586136;B01;2;50;0;2;7;19;3;
202300053228;155586129;A01;1;7;13;0;9;1;1;
202300053229;155586125;A01;2;7;16;0;1;1;1;
202300053230;155586127;A01;3;10;2;0;2;14;1;
202300053231;155586123;A01;1;7;0;2;2;10;3;
202300053231;155586131;B01;2;33;0;2;8;1;1;
202300053232;155586118;B01;1;7;0;2;1;1;1;
202300053232;155586126;A01;2;7;0;2;1;17;1;
202300053233;155586117;A01;1;7;0;1;3;2;1;
202300053234;155586116;A01;1;30;0;0;7;0;1;
202300053235;155586120;B01;1;2;0;2;1;17;1;
202300053235;155586124;A01;1;7;0;2;3;15;1;
202300053236;155586119;A01;1;50;0;2;1;2;3;
202300053236;155586122;B01;1;7;0;2;5;16;1;
202300053237;155586110;A01;2;33;13;0;0;1;1;
202300053238;155586107;A01;2;7;0;2;1;1;1;
202300053238;155586113;B01;2;7;0;0;4;1;3;
202300053239;155586108;A01;0;7;13;0;2;1;1;
202300053240;155586105;A01;1;7;0;2;1;1;1;
202300053240;155586112;B01;2;30;0;2;7;9;1;
202300053241;155586106;D01;2;7;0;2;4;2;1;
202300053241;155586115;C01;2;7;0;2;4;1;1;
202300053241;155586121;B01;2;7;0;2;4;2;1;
202300053241;155586128;A01;2;10;0;2;1;2;1;
202300053242;155586103;B01;3;30;0;2;0;0;0;
202300053242;155586111;A01;2;7;0;2;3;16;6;
202300053243;155586101;A01;2;34;0;0;0;0;1;
202300053244;155586104;A01;1;7;0;1;1;1;1;
202300053245;155586099;A01;2;10;3;2;1;1;1;
202300053245;155586102;B01;2;17;0;2;4;1;1;
202300053246;155586098;A01;1;7;0;1;3;1;1;
202300053247;155586095;A01;1;7;13;0;2;1;1;
202300053248;155586096;A01;2;32;0;0;0;2;1;
202300053249;155586094;A01;1;7;13;0;5;0;1;
202300053250;155586092;B01;1;7;0;0;2;1;1;
202300053250;155586100;C01;2;7;0;0;8;1;1;
202300053250;155586109;A01;2;7;0;0;3;1;1;
202300053251;155586093;A01;1;30;0;2;1;1;1;
202300053251;155586097;B01;2;7;0;2;2;15;1;
202300053252;155586086;A01;2;15;0;0;2;1;1;
202300053252;155586090;B01;1;7;0;2;9;1;1;
202300053253;155586087;B01;2;1;0;2;1;13;5;
202300053253;155586091;A01;1;7;0;2;2;1;1;
202300053254;155586085;A01;1;33;12;0;1;13;1;
202300053255;155586084;B01;1;1;0;2;7;1;5;
202300053255;155586088;A01;2;7;0;2;3;10;1;
202300053256;155586081;B01;1;1;0;2;8;1;5;
202300053256;155586082;A01;1;7;0;2;7;2;1;
202300053257;155586078;A01;0;0;0;1;0;0;0;
202300053258;155586076;C01;2;7;0;2;1;1;0;
202300053258;155586080;B01;2;7;0;2;1;1;1;
202300053258;155586083;A01;2;7;0;2;4;1;1;
202300053259;155586071;A01;2;10;2;0;1;1;1;
202300053260;155586070;A01;2;33;12;0;8;0;1;
202300053261;155586072;A01;1;50;0;2;1;19;3;
202300053261;155586079;B01;1;7;0;2;3;1;1;
202300053262;155586073;A01;2;7;0;1;1;1;1;
202300053263;155586069;A01;1;7;0;2;3;13;1;
202300053263;155586077;B01;2;7;0;2;3;1;1;
202300053264;155586068;A01;3;7;14;2;4;1;1;
202300053264;155586075;B01;3;7;0;2;1;1;1;
202300053265;155586066;A01;2;7;13;0;1;1;1;
202300053266;155586065;A01;2;50;0;2;1;5;3;
202300053266;155586067;B01;1;7;0;9;1;1;1;
202300053267;155586057;A01;1;7;0;1;2;1;1;
202300053268;155586059;A01;1;7;2;2;2;14;1;
202300053269;155586055;B01;1;7;0;2;8;1;2;
202300053269;155586064;A01;2;30;0;2;1;7;1;
202300053270;155586054;C01;2;7;0;2;8;1;1;
202300053270;155586060;Z01;2;7;0;2;1;1;0;
202300053270;155586062;B01;2;7;0;2;5;1;1;
202300053271;155586053;A01;0;33;0;0;9;13;1;
202300053272;155586052;A01;2;15;0;2;3;1;1;
202300053272;155586056;B01;1;15;0;0;0;1;1;
202300053272;155586063;C01;1;7;0;2;1;0;1;
202300053273;155586050;A01;2;7;13;0;1;1;1;
202300053274;155586049;A01;1;33;0;0;0;1;1;
202300053275;155586048;B01;2;7;3;2;3;1;1;
202300053275;155586051;A01;1;7;0;2;1;15;1;
202300053276;155586046;A01;2;7;0;1;1;1;1;
202300053277;155586039;A01;2;7;16;0;1;17;1;
202300053278;155586042;A01;0;21;0;0;0;0;1;
202300053279;155586038;A01;2;10;0;2;7;12;0;
202300053279;155586044;B01;2;33;0;2;8;3;1;
202300053280;155586040;A01;2;7;0;2;3;15;1;
202300053280;155586045;B01;2;7;6;2;1;17;1;
202300053281;155586036;A01;2;7;0;2;1;15;1;
202300053281;155586047;B01;1;30;0;2;1;1;1;
202300053282;155586035;A01;0;10;0;2;3;13;1;
202300053282;155586043;B01;0;7;0;2;2;1;1;
202300053283;155586029;A01;2;7;0;0;1;1;1;
202300053284;155586037;B01;0;10;0;2;1;1;1;
202300053284;155586041;A01;0;7;0;0;8;9;1;
202300053285;155586027;A01;2;7;0;2;2;13;1;
202300053285;155586031;B01;1;7;0;2;2;1;1;
202300053286;155586028;B01;1;7;0;2;6;1;1;
202300053286;155586030;A01;1;10;0;2;2;12;1;
202300053287;155586033;A01;2;7;0;1;1;26;2;
202300053288;155586024;A01;-1;7;13;0;8;2;1;
202300053289;155586020;A01;2;7;0;2;1;1;1;
202300053289;155586026;B01;3;7;0;2;3;19;1;
202300053290;155586023;B01;2;7;0;2;1;17;1;
202300053290;155586032;A01;2;7;0;2;6;15;1;
202300053291;155586019;B01;1;7;0;2;3;1;1;
202300053291;155586034;A01;2;7;0;2;1;26;1;
202300053292;155586017;A01;2;7;0;2;2;15;1;
202300053292;155586025;B01;1;31;0;2;1;16;1;
202300053293;155586016;A01;2;33;17;0;1;1;1;
202300053294;155586015;A01;1;31;0;2;1;0;1;
202300053294;155586021;B01;1;32;0;2;1;0;1;
202300053295;155586013;A01;2;34;0;2;1;1;1;
202300053295;155586018;B01;1;7;0;2;1;17;1;
202300053296;155586011;B01;2;10;0;2;4;2;1;
202300053296;155586014;C01;2;7;0;2;4;2;4;
202300053296;155586022;A01;1;10;0;2;3;1;1;
202300053297;155586008;A01;2;7;9;1;2;14;1;
202300053298;155586007;B01;1;7;3;0;6;2;1;
202300053298;155586012;A01;1;7;0;2;3;2;1;
202300053299;155586006;A01;3;7;13;0;2;1;1;