Num_Acc;id_vehicule;num_veh;senc;catv;obs;obsm;choc;manv;motor;occutc
202300053300;155586004;A01;2;7;0;2;1;16;1;
202300053300;155586009;B01;2;30;0;2;2;21;1;
202300053301;155586002;A01;0;7;0;1;1;19;1;
202300053302;155586001;B01;1;21;0;2;3;19;1;
202300053302;155586010;A01;1;33;0;2;1;1;1;
202300053303;155586000;A01;3;7;6;0;1;1;1;
202300053304;155585999;A01;1;7;0;2;3;0;1;
202300053304;155586003;B01;2;33;0;2;3;3;1;
202300053305;155585997;A01;1;7;13;0;3;1;1;
202300053306;155585994;A01;1;33;0;0;1;26;1;
202300053307;155585993;A01;1;7;4;0;1;0;1;
202300053307;155585996;B01;1;7;0;2;1;2;1;
202300053307;155585998;C01;1;7;0;2;1;1;1;
202300053308;155585992;A01;1;7;0;1;2;15;1;
202300053309;155585989;B01;1;7;0;2;2;17;1;
202300053309;155586005;A01;1;7;0;2;3;13;1;
202300053310;155585990;A01;3;7;1;0;0;1;1;
202300053311;155585987;B01;1;7;0;2;4;1;0;
202300053311;155585995;A01;1;7;0;2;1;1;0;
202300053312;155585984;A01;2;33;13;0;1;14;1;
202300053313;155585982;A01;1;7;7;0;7;0;1;
202300053314;155585985;A01;0;7;0;0;0;15;1;
202300053314;155585988;B01;0;1;0;0;0;1;5;
202300053315;155585979;A01;2;2;0;2;1;13;1;
202300053315;155585981;B01;1;7;0;2;3;1;1;
202300053316;155585980;B01;3;2;0;2;1;19;1;
202300053316;155585991;A01;3;7;0;2;2;26;1;
202300053317;155585978;B01;1;17;0;2;5;1;1;
202300053317;155585983;C01;1;17;0;2;1;1;1;
202300053317;155585986;A01;1;10;0;2;1;2;1;
202300053318;155585977;A01;3;7;6;0;8;26;1;
202300053319;155585974;A01;1;33;0;0;8;1;0;
202300053320;155585973;A01;1;7;2;0;1;1;1;
202300053321;155585968;B01;3;10;0;2;1;1;1;
202300053321;155585972;A01;3;7;0;2;2;16;1;
202300053322;155585964;B01;1;15;0;2;8;1;1;
202300053322;155585967;A01;2;7;0;9;3;1;1;
202300053323;155585963;A01;2;7;6;0;1;2;0;
202300053324;155585970;B01;1;17;0;2;2;1;1;
202300053324;155585975;A01;1;7;0;2;8;4;1;
202300053325;155585971;B01;1;7;0;2;1;1;3;
202300053325;155585976;A01;2;10;0;2;3;13;1;
202300053326;155585960;A01;1;33;0;0;8;1;1;
202300053327;155585961;A01;3;7;0;2;8;15;1;
202300053327;155585966;B01;3;7;0;2;3;1;1;
202300053328;155585959;B01;1;7;7;2;8;0;1;
202300053328;155585969;A01;1;7;7;2;1;0;1;
202300053329;155585955;A01;2;7;0;0;0;24;1;
202300053330;155585951;A01;2;7;0;0;0;1;1;
202300053330;155585962;B01;2;33;0;0;2;1;1;
202300053331;155585949;B01;2;10;0;2;3;1;1;
202300053331;155585954;A01;1;7;0;2;3;13;1;
202300053332;155585952;A01;2;3;0;2;2;17;1;
202300053332;155585957;B01;2;1;0;0;3;1;5;
202300053333;155585947;A01;2;7;6;2;5;9;1;
202300053333;155585958;B01;2;10;0;2;3;23;1;
202300053333;155585965;C01;2;7;1;2;1;1;1;
202300053334;155585943;A01;1;33;13;0;1;1;1;
202300053335;155585944;A01;1;2;0;2;0;18;1;
202300053335;155585953;B01;1;7;0;2;2;1;1;
202300053336;155585942;B01;2;1;0;2;8;13;5;
202300053336;155585948;A01;1;31;0;2;8;26;1;
202300053337;155585941;A01;1;7;1;0;1;1;1;
202300053338;155585940;B01;1;33;0;0;0;15;1;
202300053338;155585945;A01;2;33;0;0;0;17;1;
202300053339;155585938;A01;2;33;8;0;0;1;0;
202300053340;155585937;B01;2;7;0;2;1;1;1;
202300053340;155585939;A01;1;7;0;2;1;13;1;
202300053341;155585933;B01;2;33;0;2;1;1;1;
202300053341;155585936;A01;2;7;0;2;8;10;1;
202300053342;155585927;A01;1;33;0;0;4;1;1;
202300053342;155585934;B01;1;7;0;2;2;12;1;
202300053343;155585926;A01;3;7;6;0;3;13;1;
202300053344;155585925;A01;3;10;0;2;1;24;0;
202300053344;155585931;B01;0;50;0;0;0;0;3;
202300053345;155585923;A01;2;7;0;2;3;15;1;
202300053345;155585932;B01;1;33;0;2;1;1;1;
202300053346;155585920;A01;1;7;0;2;1;2;1;
202300053346;155585929;B01;1;14;0;0;4;2;1;
202300053347;155585917;A01;1;7;0;2;2;12;1;
202300053347;155585924;B01;1;2;0;2;8;1;1;
202300053348;155585915;A01;1;7;0;2;3;13;1;
202300053348;155585921;B01;2;7;0;2;3;1;1;
202300053349;155585914;A01;3;7;0;1;1;1;1;
202300053350;155585912;B01;2;7;1;2;5;1;1;
202300053350;155585918;C01;2;34;0;2;1;1;1;
202300053350;155585922;D01;2;7;0;2;7;1;1;
202300053350;155585930;A01;2;15;0;2;3;1;1;
202300053351;155585910;B01;1;17;0;2;3;1;1;
202300053351;155585913;C01;2;7;14;0;1;1;1;
202300053351;155585916;A01;2;7;0;2;3;13;1;
202300053352;155585906;A01;2;7;2;0;1;11;1;
202300053353;155585908;A01;1;7;13;0;2;16;1;
202300053354;155585905;A01;1;7;0;2;2;9;1;
202300053354;155585911;B01;1;1;0;2;4;0;5;
202300053355;155585907;A01;1;7;3;0;2;1;1;
202300053356;155585900;A01;2;7;0;2;1;1;1;
202300053356;155585903;B01;2;2;0;2;4;1;1;
202300053357;155585902;A01;2;15;0;1;1;1;1;
202300053358;155585895;A01;2;32;4;0;8;2;1;
202300053359;155585896;D01;2;38;0;0;3;1;0;1.0
202300053359;155585901;C01;2;7;0;0;4;1;0;
202300053359;155585904;B01;2;17;0;0;6;9;0;
202300053359;155585909;A01;2;7;0;2;5;12;0;
202300053360;155585893;A01;1;10;0;1;3;1;1;
202300053361;155585890;B01;3;1;0;2;1;19;5;
202300053361;155585898;A01;3;7;0;1;3;19;1;
202300053362;155585886;A01;2;10;0;2;1;1;1;
202300053362;155585897;B01;2;10;0;2;2;1;1;
202300053363;155585889;A01;2;7;0;2;3;15;1;
202300053363;155585894;B01;2;2;0;2;2;17;1;
202300053364;155585887;A01;1;10;3;0;1;26;1;
202300053365;155585884;A01;1;7;12;0;3;1;1;
202300053366;155585885;A01;1;7;0;2;4;2;1;
202300053366;155585891;B01;1;7;0;2;3;2;1;
202300053366;155585899;C01;1;7;0;2;4;1;1;
202300053367;155585879;A01;2;14;3;0;2;0;1;
202300053368;155585882;A01;2;10;0;1;1;15;1;
202300053369;155585876;B01;1;7;0;2;4;1;1;
202300053369;155585881;C01;1;10;0;2;4;2;1;
202300053369;155585883;D01;1;10;0;2;5;2;1;
202300053369;155585888;E01;1;7;0;0;4;2;1;
202300053369;155585892;A01;1;15;0;2;1;2;1;
202300053370;155585869;B01;3;33;0;2;1;1;1;
202300053370;155585875;A01;3;7;0;2;3;11;1;
202300053371;155585871;A01;2;7;4;0;3;1;1;
202300053372;155585870;A01;2;33;0;2;1;2;1;
202300053372;155585877;B01;2;7;0;0;4;2;1;
202300053373;155585868;A01;1;7;0;2;8;19;1;
202300053373;155585874;B01;1;7;0;2;1;1;1;
202300053374;155585873;B01;3;1;0;0;0;19;5;
202300053374;155585878;A01;3;7;0;2;2;1;1;
202300053375;155585867;B01;1;33;0;2;4;1;1;
202300053375;155585872;A01;1;7;0;2;1;11;1;
202300053376;155585865;A01;1;7;12;0;0;17;1;
202300053377;155585863;A01;1;7;4;0;1;0;1;
202300053378;155585866;A01;3;10;1;0;1;1;1;
202300053379;155585861;A01;3;7;16;0;1;1;1;
202300053380;155585858;A01;2;30;11;0;3;13;1;
202300053381;155585853;A01;1;7;3;0;8;1;1;
202300053381;155585857;B01;1;17;0;2;2;12;1;
202300053382;155585851;B01;1;10;0;2;5;2;1;
202300053382;155585856;A01;1;33;0;2;3;1;1;
202300053383;155585855;B01;1;7;0;2;3;11;1;
202300053383;155585859;A01;1;33;0;2;1;26;1;
202300053384;155585850;A01;0;35;6;0;0;0;0;
202300053385;155585848;A01;2;7;3;0;1;13;1;
202300053386;155585847;A01;2;21;0;2;2;15;1;
202300053386;155585852;B01;1;7;6;2;1;1;1;
202300053387;155585843;A01;2;7;13;2;3;1;1;
202300053387;155585849;B01;2;10;0;2;2;19;1;
202300053388;155585842;A01;2;10;15;0;1;14;1;
202300053389;155585837;A01;1;7;3;0;1;1;1;
202300053390;155585839;A01;0;2;0;2;1;9;0;
202300053390;155585844;B01;0;7;0;2;1;1;0;
202300053391;155585835;A01;1;7;0;0;0;1;1;
202300053392;155585838;A01;3;7;0;2;1;2;1;
202300053392;155585846;B01;3;7;0;2;4;2;1;
202300053393;155585833;A01;2;10;0;1;3;17;1;
202300053394;155585828;A01;1;10;0;2;8;13;1;
202300053394;155585834;C01;1;7;0;2;8;1;1;
202300053394;155585840;B01;1;7;0;2;7;1;1;
202300053395;155585827;A01;1;7;0;2;3;15;0;
202300053395;155585832;B01;1;33;0;2;2;17;1;
202300053396;155585824;A01;1;7;2;0;1;14;1;
202300053397;155585826;A01;1;7;4;0;3;1;1;
202300053397;155585831;E01;1;13;0;0;4;1;1;
202300053397;155585836;F01;1;7;1;0;1;2;1;
202300053397;155585841;B01;1;10;0;2;1;1;1;
202300053397;155585845;C01;1;7;0;2;3;1;1;
202300053397;155585854;D01;1;7;0;0;4;0;1;
202300053398;155585821;A01;2;7;5;0;1;1;1;
202300053399;155585820;A01;1;7;0;2;3;5;1;
202300053399;155585830;B01;2;7;0;2;3;1;1;
202300053400;155585817;A01;1;7;2;0;7;13;1;
202300053401;155585819;A01;2;7;0;2;1;11;1;
202300053401;155585823;B01;2;7;0;2;0;0;1;
202300053401;155585829;C01;2;10;0;0;0;0;1;
202300053402;155585818;B01;3;7;0;2;3;1;1;
202300053402;155585825;A01;3;7;0;2;1;13;1;
202300053403;155585816;A01;1;7;0;1;2;1;1;
202300053404;155585815;A01;1;30;0;2;1;2;1;
202300053404;155585822;B01;1;7;0;2;4;23;1;
202300053405;155585813;A01;1;7;0;5;2;1;1;
202300053406;155585811;A01;2;33;11;0;1;13;1;
202300053407;155585810;A01;1;3;0;2;3;13;1;
202300053407;155585814;B01;2;10;0;2;3;1;1;
202300053408;155585809;B01;0;7;0;2;3;0;1;
202300053408;155585812;A01;0;7;0;2;1;0;1;
202300053409;155585808;A01;3;7;0;1;3;1;1;
202300053410;155585807;A01;2;30;12;0;2;14;1;
202300053411;155585801;A01;1;33;0;0;7;1;1;
202300053412;155585802;A01;2;33;3;0;8;26;1;
202300053413;155585799;A01;2;7;0;2;3;1;2;
202300053413;155585805;B01;1;7;0;2;3;1;1;
202300053414;155585798;A01;1;7;0;2;8;15;1;
202300053414;155585804;B01;1;33;0;2;1;17;1;
202300053415;155585797;A01;2;33;13;0;7;1;1;
202300053416;155585796;A01;2;7;0;2;8;20;1;
202300053416;155585800;B01;2;33;0;2;7;17;1;
202300053417;155585795;A01;1;7;0;0;0;11;1;
202300053418;155585791;A01;1;7;8;0;1;1;1;
202300053419;155585794;A01;1;10;0;1;1;15;1;
202300053420;155585789;A01;1;36;2;0;1;1;1;
202300053421;155585790;A01;2;1;0;2;1;1;5;
202300053421;155585793;Z01;1;1;0;2;1;1;5;
202300053422;155585785;B01;1;7;0;2;4;2;1;
202300053422;155585792;A01;1;7;0;2;1;1;1;
202300053423;155585786;A01;1;7;0;0;9;1;1;
202300053424;155585782;A01;2;7;0;2;2;5;1;
202300053424;155585787;B01;1;10;0;2;7;13;1;
202300053425;155585779;B01;2;13;0;2;8;1;1;
202300053425;155585783;C01;2;7;0;2;5;1;1;
202300053425;155585788;A01;2;7;0;2;7;17;1;
202300053426;155585778;A01;1;10;1;0;2;14;1;
202300053427;155585780;A01;1;21;0;2;6;15;1;
202300053427;155585784;B01;1;33;0;2;7;17;1;
202300053428;155585777;A01;2;7;0;2;7;15;1;
202300053428;155585781;B01;1;33;0;2;1;1;1;
202300053429;155585775;A01;0;32;0;0;7;26;1;
202300053430;155585773;A01;2;7;4;0;3;1;1;
202300053431;155585776;A01;1;7;0;1;1;1;1;
202300053432;155585767;A01;1;7;0;0;3;1;1;
202300053433;155585765;A01;1;21;0;2;6;9;1;
202300053433;155585770;B01;1;10;0;2;2;2;1;
202300053434;155585768;A01;2;2;0;2;9;21;1;
202300053434;155585771;B01;1;7;0;2;1;1;1;
202300053434;155585774;C01;2;7;0;2;6;1;1;
202300053435;155585766;A01;1;7;13;0;1;14;1;
202300053436;155585761;A01;2;7;3;0;1;0;1;
202300053437;155585763;B01;1;7;0;2;4;2;1;
202300053437;155585769;A01;1;7;0;2;1;1;1;
202300053437;155585772;C01;1;10;0;2;4;2;1;
202300053438;155585759;A01;3;37;0;0;7;1;1;1.0
202300053438;155585762;B01;0;7;0;2;1;1;1;
202300053439;155585758;A01;2;7;8;9;3;5;1;
202300053439;155585764;B01;2;7;6;0;4;15;0;
202300053440;155585752;A01;2;37;0;1;2;21;1;1.0
202300053441;155585750;A01;1;10;8;0;1;1;1;
202300053442;155585749;A01;1;7;0;1;1;16;1;
202300053443;155585748;A01;1;7;0;6;1;1;1;
202300053443;155585755;B01;1;37;0;6;1;1;1;1.0
202300053444;155585742;A01;2;2;0;2;8;18;1;
202300053444;155585745;B01;2;7;0;2;7;16;1;
202300053445;155585740;D01;1;7;0;2;4;1;1;
202300053445;155585747;E01;1;7;0;2;7;1;1;
202300053445;155585753;A01;1;7;0;2;1;2;1;
202300053445;155585757;B01;1;10;0;2;7;1;1;
202300053445;155585760;C01;1;31;0;2;5;1;1;
202300053446;155585737;A01;2;7;0;2;1;1;1;
202300053446;155585754;B01;2;15;0;2;4;1;1;
202300053447;155585743;A01;3;7;0;9;5;17;0;
202300053447;155585751;B01;3;1;0;2;2;1;5;
202300053448;155585738;B01;2;7;0;2;1;26;1;
202300053448;155585744;A01;2;7;0;2;4;26;1;
202300053449;155585732;A01;1;7;0;1;7;1;0;
202300053450;155585733;A01;3;7;0;1;2;26;1;
202300053451;155585731;A01;2;7;0;2;2;5;1;
202300053451;155585736;B01;2;10;0;2;2;2;1;
202300053451;155585739;C01;2;7;0;9;3;1;1;
202300053452;155585730;A01;3;7;0;1;4;4;0;
202300053453;155585729;A01;1;7;0;2;5;12;1;
202300053453;155585735;B01;1;33;0;2;1;3;1;
202300053454;155585728;A01;2;7;0;2;2;13;1;
202300053454;155585734;B01;2;7;0;2;6;1;1;
202300053454;155585741;C01;1;7;13;2;1;1;1;
202300053454;155585746;D01;1;7;0;2;2;1;1;
202300053454;155585756;E01;2;7;0;9;8;1;1;
202300053455;155585723;A01;1;7;9;0;9;1;1;
202300053456;155585720;B01;1;7;0;2;2;1;1;
202300053456;155585724;C01;1;7;0;2;1;1;1;
202300053456;155585727;A01;1;7;0;2;6;13;1;
202300053457;155585719;A01;1;7;0;2;1;15;1;
202300053457;155585726;B01;2;10;0;2;1;1;1;
202300053458;155585717;A01;2;33;2;0;1;1;1;
202300053459;155585715;A01;1;10;0;1;1;1;1;
202300053460;155585713;A01;1;7;15;0;2;1;0;
202300053461;155585710;B01;2;7;0;2;5;1;1;
202300053461;155585718;A01;2;2;0;2;1;9;1;
202300053462;155585711;B01;1;7;0;2;6;11;1;
202300053462;155585716;C01;1;7;0;2;3;1;1;
202300053462;155585721;A01;1;33;0;2;8;3;1;
202300053463;155585706;A01;1;33;0;2;3;21;1;
202300053463;155585709;B01;1;10;0;2;5;1;1;
202300053464;155585705;C01;1;7;0;2;4;1;2;
202300053464;155585714;B01;1;7;0;2;4;1;1;
202300053464;155585722;A01;1;7;0;2;1;1;1;
202300053465;155585703;A01;2;7;14;0;1;13;4;
202300053466;155585699;A01;2;33;0;6;1;2;1;
202300053467;155585701;A01;1;7;0;1;3;1;6;
202300053468;155585697;A01;2;7;0;2;3;1;1;
202300053468;155585704;B01;1;7;0;2;6;1;1;
202300053469;155585693;A01;3;10;0;2;1;0;0;
202300053469;155585700;B01;3;2;0;2;7;0;1;
202300053470;155585690;A01;1;7;0;2;1;1;1;
202300053470;155585695;B01;1;7;0;2;4;1;1;
202300053471;155585691;A01;2;7;2;0;1;1;6;
202300053472;155585689;A01;1;7;0;2;2;12;0;
202300053472;155585694;B01;1;7;0;2;3;1;0;
202300053473;155585688;B01;1;7;0;2;2;1;1;
202300053473;155585698;C01;1;7;0;2;2;1;1;
202300053473;155585702;D01;1;37;0;2;6;1;1;1.0
202300053473;155585707;A01;2;7;0;2;8;11;1;
202300053474;155585687;A01;1;50;0;2;7;17;1;
202300053474;155585692;B01;1;7;0;9;8;2;1;
202300053475;155585684;A01;3;7;7;1;4;4;1;
202300053476;155585683;A01;1;7;13;0;9;1;1;
202300053477;155585675;A01;3;7;0;2;8;9;1;
202300053477;155585681;B01;3;2;0;2;1;1;1;
202300053478;155585673;B01;1;7;0;2;4;1;1;
202300053478;155585678;A01;1;10;0;2;1;1;1;
202300053479;155585674;B01;2;7;0;2;1;1;1;
202300053479;155585682;A01;1;7;15;2;2;15;1;
202300053480;155585672;A01;2;10;0;2;1;1;1;
202300053480;155585679;B01;2;7;0;2;4;1;1;
202300053480;155585685;C01;2;17;0;2;4;1;1;
202300053481;155585667;A01;1;7;0;2;1;13;1;
202300053481;155585676;B01;2;7;0;2;1;1;1;
202300053482;155585671;A01;1;7;0;1;3;15;1;
202300053483;155585670;B01;1;7;0;2;2;24;1;
202300053483;155585680;A01;2;7;1;0;2;14;1;
202300053484;155585666;D01;1;7;0;2;4;2;1;
202300053484;155585677;A01;1;7;0;2;1;2;1;
202300053484;155585686;C01;1;7;0;2;4;2;1;
202300053484;155585696;B01;1;7;0;2;4;2;1;
202300053485;155585665;A01;2;7;0;2;1;2;1;
202300053485;155585669;B01;2;10;0;0;4;23;1;
202300053486;155585662;A01;2;7;0;2;3;26;1;
202300053486;155585668;B01;1;7;0;2;3;0;2;
202300053487;155585661;A01;1;1;0;0;0;1;5;
202300053488;155585658;B01;3;7;0;2;4;1;1;
202300053488;155585663;A01;3;33;0;2;1;14;1;
202300053489;155585655;B01;2;1;0;2;1;1;5;
202300053489;155585660;A01;1;7;0;2;3;15;1;
202300053490;155585653;A01;1;1;0;2;1;19;5;
202300053490;155585659;B01;2;2;0;2;5;1;1;
202300053491;155585654;B01;3;50;0;2;1;0;3;
202300053491;155585664;A01;3;7;0;2;6;15;1;
202300053492;155585648;A01;1;33;2;0;1;1;1;
202300053493;155585650;B01;3;2;0;2;1;1;1;
202300053493;155585657;A01;3;10;0;2;2;20;1;
202300053494;155585644;A01;1;32;0;2;4;2;1;
202300053495;155585646;B01;2;7;0;2;4;2;1;
202300053495;155585651;C01;2;7;0;0;4;2;1;
202300053495;155585656;A01;2;7;0;2;1;12;1;
202300053496;155585643;A01;2;7;0;2;6;11;1;
202300053496;155585649;B01;2;31;0;2;7;1;1;
202300053497;155585642;B01;2;7;4;2;6;1;1;
202300053497;155585647;A01;2;7;4;2;1;0;1;
202300053497;155585652;C01;2;7;4;2;4;1;1;
202300053498;155585640;A01;1;7;0;2;3;13;1;
202300053498;155585645;B01;1;33;0;0;8;1;1;
202300053499;155585638;A01;1;7;2;0;1;0;1;
202300053500;155585636;A01;3;37;0;1;6;1;4;1.0
202300053501;155585632;A01;1;10;0;0;0;1;1;
202300053502;155585633;A01;1;7;0;2;1;1;1;
202300053502;155585639;B01;2;1;0;2;0;0;0;
202300053503;155585637;B01;1;1;0;0;6;15;5;
202300053503;155585641;A01;1;10;0;9;2;17;1;
202300053504;155585623;B01;1;7;0;2;4;1;1;
202300053504;155585628;D01;1;7;0;2;4;1;1;
202300053504;155585629;A01;1;7;0;2;1;1;1;
202300053504;155585635;C01;1;7;0;2;4;1;1;
202300053505;155585620;B01;1;7;0;2;4;2;1;
202300053505;155585631;A01;1;10;0;2;1;2;1;
202300053506;155585622;A01;2;7;0;2;1;13;6;
202300053506;155585626;B01;1;7;0;2;1;1;1;
202300053507;155585624;B01;2;7;0;2;3;1;1;
202300053507;155585634;A01;1;50;0;2;2;19;3;
202300053508;155585619;A01;1;7;0;0;1;9;1;
202300053509;155585618;A01;2;7;0;0;0;0;1;
202300053510;155585621;A01;1;7;0;2;1;1;1;
202300053510;155585627;B01;2;7;0;2;8;1;1;
202300053511;155585616;A01;3;7;0;1;1;1;1;
202300053512;155585614;A01;1;7;3;2;1;2;1;
202300053513;155585610;A01;1;33;0;2;1;1;1;
202300053513;155585612;B01;1;7;0;2;4;2;1;
202300053514;155585615;X01;1;7;0;0;0;0;0;
202300053514;155585625;B01;1;13;0;2;8;2;1;
202300053514;155585630;A01;1;7;0;2;4;2;1;
202300053515;155585611;B01;2;7;0;2;1;1;1;
202300053515;155585617;A01;2;7;0;2;8;1;1;
202300053516;155585604;A01;2;7;6;0;2;1;0;
202300053517;155585605;A01;1;7;0;1;1;1;1;
202300053518;155585602;A01;1;7;0;2;3;1;0;
202300053518;155585607;B01;2;33;0;2;4;1;0;
202300053519;155585599;A01;1;10;4;0;2;1;1;
202300053520;155585598;A01;3;7;0;2;3;1;1;
202300053520;155585603;B01;3;7;0;2;1;1;3;
202300053520;155585608;C01;3;7;0;2;2;15;2;
202300053521;155585606;A01;2;7;0;1;2;1;1;
202300053522;155585597;A01;2;2;0;2;3;15;1;
202300053522;155585600;B01;2;7;0;2;7;17;1;
202300053523;155585593;A01;2;7;0;2;1;1;1;
202300053523;155585596;B01;2;7;4;2;4;1;1;
202300053524;155585594;A01;2;21;13;0;7;14;1;
202300053525;155585591;C01;2;7;0;2;4;1;1;
202300053525;155585595;A01;2;7;0;2;1;1;1;
202300053525;155585601;B01;2;7;0;2;4;0;1;
202300053526;155585587;A01;2;7;0;2;0;15;1;
202300053526;155585592;B01;1;30;0;2;1;1;1;
202300053527;155585586;A01;2;7;0;9;4;1;1;
202300053528;155585585;A01;1;7;2;0;2;1;1;
202300053529;155585583;A01;1;30;0;2;1;17;0;
202300053529;155585589;B01;1;7;0;2;8;15;1;
202300053530;155585579;B01;1;7;0;2;5;1;2;
202300053530;155585588;A01;1;31;0;2;3;3;1;
202300053531;155585578;B01;2;33;0;2;8;1;1;
202300053531;155585584;A01;2;33;0;2;2;15;1;
202300053532;155585577;A01;2;2;0;2;1;17;1;
202300053532;155585581;B01;1;7;0;2;1;1;1;
202300053532;155585590;C01;2;7;0;2;1;1;1;
202300053533;155585576;A01;1;7;0;2;7;1;1;
202300053533;155585580;B01;1;1;0;2;8;1;5;
202300053534;155585574;A01;3;1;12;0;0;0;5;
202300053535;155585571;A01;2;7;0;2;1;2;1;
202300053535;155585575;B01;2;7;0;2;4;2;1;
202300053535;155585582;C01;2;7;0;2;4;2;1;
202300053536;155585572;A01;1;7;4;2;1;16;1;
202300053537;155585570;A01;1;7;6;0;1;6;1;
202300053538;155585566;B01;2;7;0;2;1;1;1;
202300053538;155585573;A01;1;7;0;2;1;1;1;
202300053539;155585567;A01;3;10;0;1;0;15;-1;
202300053540;155585563;A01;1;33;0;2;3;1;1;
202300053540;155585568;B01;2;10;0;2;3;1;1;
202300053541;155585562;A01;1;7;13;0;3;1;1;
202300053542;155585564;A01;1;7;0;1;2;1;1;
202300053543;155585560;A01;3;50;0;2;1;5;3;
202300053543;155585569;B01;3;7;0;9;2;20;1;
202300053544;155585559;A01;2;33;0;2;1;2;1;
202300053544;155585561;B01;2;7;0;2;7;1;1;
202300053545;155585557;A01;1;7;0;2;2;1;0;
202300053545;155585565;B01;1;1;0;2;8;1;5;
202300053546;155585556;A01;1;7;1;0;1;26;2;
202300053547;155585555;A01;1;33;0;2;7;0;1;
202300053547;155585558;B01;1;7;0;2;8;0;1;
202300053548;155585551;A01;-1;7;0;1;2;1;3;
202300053549;155585552;A01;1;10;0;1;7;1;1;
202300053550;155585542;A01;1;10;0;2;1;0;1;
202300053550;155585549;B01;1;7;0;2;6;1;1;
202300053551;155585548;A01;3;7;0;1;0;15;1;
202300053552;155585546;A01;2;7;0;2;3;1;1;
202300053552;155585550;B01;1;7;0;2;3;13;1;
202300053553;155585543;B01;1;2;0;2;0;0;0;
202300053553;155585554;A01;1;7;0;2;1;2;0;
202300053554;155585545;B01;1;2;0;2;1;1;1;
202300053554;155585553;A01;2;10;0;2;2;15;1;
202300053555;155585538;A01;2;7;16;0;3;1;1;
202300053556;155585537;A01;2;7;4;0;7;26;1;
202300053557;155585539;A01;1;7;0;2;3;15;3;
202300053557;155585544;B01;1;50;0;2;2;17;3;
202300053558;155585530;B01;2;33;0;2;1;1;1;
202300053558;155585534;A01;2;10;0;2;8;11;1;
202300053559;155585535;A01;1;7;6;0;1;15;1;
202300053560;155585528;A01;1;7;0;1;1;2;1;
202300053561;155585526;A01;2;7;0;2;3;5;1;
202300053561;155585532;B01;1;7;0;2;1;1;1;
202300053562;155585525;B01;2;7;0;2;4;2;1;
202300053562;155585533;C01;2;7;0;2;4;2;1;
202300053562;155585536;D01;2;7;0;2;1;2;1;
202300053562;155585541;A01;2;7;0;2;4;2;1;
202300053563;155585524;A01;1;7;0;2;1;1;1;
202300053563;155585531;B01;2;7;0;2;3;1;1;
202300053564;155585520;A01;2;7;0;2;2;1;1;
202300053564;155585527;B01;0;10;0;2;3;9;1;
202300053565;155585517;B01;1;7;0;2;1;17;1;
202300053565;155585522;A01;1;10;0;2;1;1;1;
202300053566;155585516;C01;1;7;0;2;1;1;1;
202300053566;155585521;A01;2;7;0;2;1;13;1;
202300053566;155585529;B01;1;15;0;2;0;1;1;
202300053567;155585513;B01;1;33;0;0;7;2;1;
202300053567;155585518;C01;1;7;0;2;2;2;0;
202300053567;155585523;A01;1;1;0;2;8;2;5;
202300053568;155585509;A01;1;7;0;1;1;1;1;
202300053569;155585505;B01;1;7;0;2;4;2;1;
202300053569;155585512;C01;1;7;0;2;1;2;1;
202300053569;155585514;D01;1;7;0;2;1;2;2;
202300053569;155585519;A01;1;7;0;2;4;2;2;
202300053570;155585504;B01;2;1;0;2;8;2;0;
202300053570;155585515;A01;1;7;0;2;1;19;1;
202300053571;155585507;A01;3;7;0;1;4;20;0;
202300053572;155585503;A01;2;2;0;2;1;13;1;
202300053572;155585510;B01;1;7;0;2;3;1;1;
202300053573;155585502;A01;1;7;0;0;1;13;1;
202300053574;155585500;A01;2;7;13;0;9;1;1;
202300053575;155585499;A01;1;1;0;0;0;0;5;
202300053576;155585498;B01;2;37;0;2;1;1;2;3.0
202300053576;155585511;A01;3;7;0;2;7;9;1;
202300053577;155585491;A01;2;7;0;2;1;13;1;
202300053577;155585495;B01;1;7;0;2;1;1;1;
202300053578;155585493;A01;1;33;8;0;1;14;1;
202300053579;155585488;A01;0;1;0;2;1;13;5;
202300053579;155585494;B01;0;7;0;9;3;1;1;
202300053580;155585489;A01;1;32;12;2;7;15;0;
202300053580;155585496;B01;2;7;0;2;3;15;1;
202300053581;155585484;A01;3;34;15;0;0;0;1;
202300053582;155585483;A01;1;7;0;1;3;1;1;
202300053583;155585482;B01;2;7;0;2;1;15;0;
202300053583;155585487;A01;1;7;0;2;3;1;0;
202300053584;155585485;A01;2;1;0;2;1;2;5;
202300053584;155585492;B01;2;1;0;2;4;2;5;
202300053584;155585497;C01;2;7;0;2;4;2;2;
202300053585;155585480;A01;1;14;12;0;8;0;1;
202300053586;155585478;B01;1;33;0;2;1;17;1;
202300053586;155585490;A01;1;7;0;2;3;9;1;
202300053587;155585475;A01;1;7;0;2;5;9;1;
202300053587;155585479;B01;1;99;0;2;1;1;5;
202300053588;155585477;C01;2;10;0;0;4;2;0;
202300053588;155585481;B01;2;7;0;2;4;2;1;
202300053588;155585486;A01;2;10;0;2;1;1;1;
202300053589;155585473;A01;3;7;0;2;1;1;1;
202300053589;155585476;B01;3;7;0;2;4;1;1;
202300053590;155585469;A01;1;7;0;1;2;1;1;
202300053591;155585468;B01;1;7;0;2;2;1;1;
202300053591;155585474;A01;1;7;0;2;6;9;1;