Num_Acc;id_vehicule;num_veh;senc;catv;obs;obsm;choc;manv;motor;occutc
202300053592;155585466;A01;1;32;0;0;0;0;1;
202300053593;155585461;B01;3;1;0;2;7;1;5;
202300053593;155585472;A01;3;7;0;2;0;16;2;
202300053594;155585459;A01;2;7;0;2;1;2;1;
202300053594;155585463;B01;2;7;0;2;4;2;1;
202300053595;155585464;A01;1;31;0;0;9;16;1;
202300053596;155585457;B01;1;7;0;2;1;2;1;
202300053596;155585465;A01;1;7;0;2;4;2;1;
202300053596;155585470;C01;1;7;0;2;1;2;1;
202300053597;155585458;A01;1;7;0;2;2;19;1;
202300053597;155585471;B01;1;10;0;2;3;0;1;
202300053598;155585455;A01;2;30;0;0;1;1;3;
202300053599;155585453;B01;1;7;0;2;1;9;1;
202300053599;155585460;A01;1;7;0;2;3;9;1;
202300053600;155585450;A01;1;33;0;0;3;1;1;
202300053601;155585447;B01;2;7;0;2;6;2;1;
202300053601;155585451;A01;2;33;0;2;6;17;1;
202300053602;155585446;A01;1;7;0;2;1;5;1;
202300053602;155585452;B01;2;7;0;2;1;1;1;
202300053603;155585449;A01;2;10;0;2;4;1;1;
202300053603;155585454;B01;2;33;0;2;1;1;1;
202300053604;155585442;A01;1;7;2;2;0;0;1;
202300053604;155585448;B01;1;7;0;2;0;0;1;
202300053605;155585439;A01;1;7;0;2;4;12;1;
202300053605;155585444;B01;1;33;0;2;1;1;1;
202300053606;155585435;B01;1;33;0;2;8;9;1;
202300053606;155585443;A01;1;7;0;2;6;9;1;
202300053607;155585437;A01;1;30;0;1;1;1;1;
202300053608;155585441;A01;1;7;0;2;1;26;1;
202300053608;155585445;B01;1;1;0;2;8;16;5;
202300053609;155585436;A01;1;10;0;1;3;10;0;
202300053610;155585434;A01;1;7;0;2;1;15;1;
202300053610;155585440;B01;1;7;0;2;2;17;1;
202300053611;155585429;A01;1;7;0;2;3;9;1;
202300053611;155585431;B01;1;2;0;2;1;1;0;
202300053612;155585425;A01;2;7;0;2;1;2;1;
202300053612;155585432;B01;2;7;0;2;4;2;1;
202300053613;155585424;A01;2;7;2;0;2;26;1;
202300053614;155585423;A01;2;7;4;0;3;1;1;
202300053615;155585422;Z01;1;30;0;1;1;1;0;
202300053616;155585421;A01;2;7;0;2;3;10;1;
202300053616;155585427;B01;2;33;0;2;1;2;1;
202300053617;155585418;A01;3;36;13;0;3;1;1;
202300053618;155585417;C01;2;7;0;2;4;1;1;
202300053618;155585420;B01;2;7;0;2;8;11;1;
202300053618;155585428;A01;2;33;0;2;7;3;1;
202300053619;155585413;A01;1;7;1;1;1;1;1;
202300053620;155585415;A01;2;31;0;1;2;17;1;
202300053621;155585414;A01;2;7;0;2;1;5;0;
202300053621;155585419;B01;1;7;0;2;1;2;0;
202300053621;155585430;C01;1;7;0;2;1;1;0;
202300053622;155585411;A01;1;31;3;0;3;2;1;
202300053623;155585409;A01;3;7;0;2;1;2;1;
202300053623;155585416;B01;3;33;0;2;4;2;1;
202300053624;155585407;A01;2;33;16;0;9;1;1;
202300053625;155585406;A01;2;7;0;0;1;1;1;
202300053625;155585410;B01;3;7;0;0;7;15;1;
202300053626;155585405;B01;1;7;0;2;4;2;1;
202300053626;155585412;A01;1;7;0;2;2;2;6;
202300053627;155585403;B01;2;10;0;0;1;1;1;
202300053627;155585408;A01;1;33;0;2;6;1;1;
202300053628;155585398;A01;3;7;14;2;1;5;1;
202300053628;155585402;B01;0;7;4;2;1;1;1;
202300053629;155585396;B01;1;7;0;2;1;26;1;
202300053629;155585401;A01;2;7;3;0;1;13;1;
202300053630;155585397;B01;1;37;0;2;2;1;0;1.0
202300053630;155585400;A01;2;7;0;2;8;19;0;
202300053631;155585392;A01;2;7;4;0;3;21;1;
202300053632;155585394;A01;2;7;0;2;7;17;1;
202300053632;155585399;B01;2;30;0;2;8;15;1;
202300053633;155585395;B01;1;7;0;2;2;15;1;
202300053633;155585404;A01;0;7;0;2;3;1;3;
202300053634;155585389;A01;2;1;0;0;3;1;5;
202300053635;155585387;B01;0;7;0;2;3;1;1;
202300053635;155585393;A01;3;32;0;2;1;17;1;
202300053636;155585383;A01;2;7;0;2;7;15;1;
202300053636;155585391;B01;2;32;0;2;1;1;1;
202300053637;155585386;A01;2;7;0;2;1;9;2;
202300053637;155585390;B01;2;33;0;2;5;1;1;
202300053638;155585382;A01;2;10;0;1;2;1;1;
202300053639;155585380;A01;1;7;0;2;1;1;1;
202300053639;155585388;B01;1;7;0;2;2;15;1;
202300053640;155585378;A01;2;7;4;0;0;1;0;
202300053641;155585376;A01;0;50;0;2;1;26;5;
202300053641;155585381;B01;0;7;0;2;6;0;1;
202300053642;155585375;A01;2;7;0;2;1;2;1;
202300053642;155585377;B01;2;7;0;2;4;2;0;
202300053642;155585384;C01;2;7;0;0;4;2;0;
202300053643;155585374;A01;1;7;0;2;3;1;1;
202300053643;155585385;Z01;1;15;0;2;5;17;0;
202300053644;155585372;A01;3;7;2;0;1;1;1;
202300053645;155585370;A01;1;7;0;1;5;1;1;
202300053646;155585373;A01;1;7;0;2;7;1;1;
202300053646;155585379;B01;1;7;0;2;3;15;1;
202300053647;155585369;A01;1;7;0;0;9;1;1;
202300053648;155585366;A01;1;7;15;0;2;14;1;
202300053649;155585365;A01;3;10;0;1;3;1;1;
202300053650;155585364;A01;1;7;0;2;1;5;1;
202300053650;155585367;B01;2;7;0;2;8;1;1;
202300053650;155585371;C01;2;7;0;2;1;1;2;
202300053651;155585361;A01;2;7;0;2;1;2;1;
202300053651;155585368;B01;1;7;0;2;3;2;1;
202300053652;155585362;A01;1;7;4;0;0;1;1;
202300053653;155585356;A01;1;15;0;2;2;12;1;
202300053653;155585360;B01;1;7;0;2;6;1;1;
202300053654;155585352;A01;1;7;3;0;1;16;1;
202300053655;155585357;A01;1;7;16;2;3;13;1;
202300053655;155585363;B01;2;7;0;2;8;1;1;
202300053656;155585354;B01;1;7;0;2;4;1;1;
202300053656;155585359;A01;1;2;0;2;1;1;1;
202300053657;155585351;A01;1;7;0;2;3;13;1;
202300053657;155585358;B01;3;7;0;2;3;1;1;
202300053658;155585349;A01;2;33;0;2;1;17;1;
202300053658;155585355;B01;2;7;0;2;8;10;1;
202300053659;155585350;A01;3;7;0;2;1;15;1;
202300053659;155585353;B01;3;7;0;2;1;1;1;
202300053660;155585346;A01;1;1;0;0;0;1;5;
202300053661;155585347;A01;2;7;0;0;0;15;1;
202300053662;155585342;A01;1;7;0;2;2;16;2;
202300053662;155585348;B01;1;50;0;2;8;1;3;
202300053663;155585344;A01;1;7;8;0;2;1;1;
202300053664;155585337;A01;1;7;0;2;4;1;1;
202300053664;155585343;B01;1;10;0;2;2;1;1;
202300053665;155585338;A01;3;7;0;2;3;1;1;
202300053665;155585341;B01;1;50;0;2;2;25;3;
202300053666;155585335;A01;3;7;12;0;9;14;1;
202300053667;155585332;A01;1;7;0;2;2;1;0;
202300053667;155585345;B01;2;10;0;2;1;1;1;
202300053668;155585336;B01;1;7;0;2;3;15;1;
202300053668;155585340;A01;1;33;0;2;1;2;1;
202300053669;155585334;B01;2;40;0;2;2;1;3;
202300053669;155585339;A01;1;7;0;4;8;10;1;
202300053670;155585331;A01;1;7;13;0;0;26;1;
202300053671;155585327;A01;1;33;0;2;1;1;1;
202300053672;155585326;A01;2;80;0;2;1;1;3;
202300053672;155585328;B01;2;7;0;2;3;1;1;
202300053673;155585322;A01;1;7;0;2;4;2;1;
202300053673;155585329;B01;1;10;0;2;1;2;1;
202300053674;155585323;A01;2;7;0;2;4;4;1;
202300053674;155585333;B01;2;33;0;2;1;1;1;
202300053675;155585319;A01;1;7;0;2;1;1;2;
202300053675;155585325;B01;1;10;0;2;4;23;1;
202300053675;155585330;C01;1;7;0;2;4;23;1;
202300053676;155585324;A01;1;7;2;0;1;1;0;
202300053677;155585315;A01;1;10;0;2;1;2;1;
202300053677;155585320;B01;1;7;0;2;4;23;1;
202300053678;155585316;B01;1;7;0;2;4;1;1;
202300053678;155585321;A01;1;7;0;2;1;2;1;
202300053679;155585313;A01;1;7;0;2;1;21;1;
202300053679;155585317;B01;3;1;0;2;0;25;5;
202300053680;155585312;B01;3;33;0;2;7;0;0;
202300053680;155585318;A01;3;7;0;2;8;2;0;
202300053681;155585309;A01;1;7;0;2;8;11;1;
202300053681;155585314;B01;1;33;0;2;2;3;1;
202300053682;155585307;A01;2;7;13;0;9;13;1;
202300053683;155585306;B01;1;7;0;2;2;1;1;
202300053683;155585311;A01;3;10;1;2;8;9;1;
202300053684;155585305;B01;2;33;0;2;8;1;1;
202300053684;155585308;A01;1;7;0;2;8;13;1;
202300053685;155585304;A01;3;7;8;0;1;14;1;
202300053686;155585303;A01;0;50;0;2;0;5;3;
202300053686;155585310;B01;2;7;0;2;2;1;1;
202300053687;155585302;A01;1;7;0;1;3;1;1;
202300053688;155585295;A01;2;7;17;0;1;13;1;
202300053689;155585294;A01;1;7;0;2;2;13;1;
202300053689;155585301;B01;1;7;0;2;1;1;1;
202300053690;155585293;A01;0;7;0;2;1;9;-1;
202300053690;155585300;B01;0;2;0;2;1;1;-1;
202300053691;155585291;Z01;3;7;0;2;1;1;1;
202300053691;155585298;B01;3;1;0;2;8;26;5;
202300053692;155585299;A01;3;7;0;1;1;16;2;
202300053693;155585292;A01;1;7;0;2;1;9;1;
202300053693;155585296;B01;1;32;0;2;4;1;1;
202300053694;155585290;B01;2;7;0;2;5;12;1;
202300053694;155585297;A01;2;32;0;2;3;3;1;
202300053695;155585286;A01;2;7;8;0;8;1;1;
202300053696;155585283;B01;1;80;0;2;1;19;3;
202300053696;155585288;A01;1;7;0;2;3;9;1;
202300053697;155585279;A01;3;80;0;1;5;0;3;
202300053698;155585280;B01;3;7;0;2;1;1;0;
202300053698;155585289;A01;3;7;0;2;6;1;0;
202300053699;155585277;B01;2;2;0;2;8;1;1;
202300053699;155585285;A01;2;10;0;2;7;16;1;
202300053700;155585278;A01;1;7;0;1;2;16;1;
202300053701;155585275;A01;1;50;0;2;5;14;3;
202300053701;155585281;Z01;2;7;0;2;3;1;0;
202300053702;155585274;B01;1;1;0;2;8;1;5;
202300053702;155585282;A01;1;7;0;9;1;26;2;
202300053703;155585273;A01;2;33;0;0;2;0;1;
202300053704;155585271;A01;1;33;0;2;1;2;1;
202300053704;155585276;B01;1;7;0;2;4;2;1;
202300053705;155585267;A01;0;7;0;0;0;26;1;
202300053706;155585264;A01;1;32;0;2;0;1;1;
202300053706;155585272;Z01;1;7;0;2;0;9;0;
202300053707;155585263;A01;2;7;0;2;1;1;1;
202300053707;155585269;B01;1;2;0;2;1;1;1;
202300053708;155585262;A01;2;50;0;2;1;19;3;
202300053708;155585270;B01;1;7;0;2;1;1;1;
202300053709;155585260;A01;1;7;13;0;1;13;1;
202300053710;155585257;A01;2;7;2;0;1;13;1;
202300053711;155585258;A01;3;7;0;2;2;9;1;
202300053711;155585268;B01;1;7;14;0;8;0;1;
202300053712;155585261;A01;1;10;0;2;5;1;1;
202300053712;155585265;B01;1;33;0;2;5;16;1;
202300053713;155585256;A01;1;10;0;2;3;13;1;
202300053713;155585259;B01;2;7;0;2;3;17;1;
202300053713;155585266;C01;2;7;0;2;1;1;1;
202300053714;155585254;A01;1;30;1;0;2;1;1;
202300053715;155585252;A01;2;7;0;1;1;1;1;
202300053716;155585250;A01;2;33;0;2;1;2;1;
202300053716;155585253;B01;2;33;0;2;4;15;1;
202300053717;155585245;A01;0;7;0;1;2;16;1;
202300053718;155585244;B01;3;7;0;2;2;1;1;
202300053718;155585251;A01;3;1;0;2;1;19;5;
202300053719;155585243;B01;1;7;0;0;1;1;1;
202300053719;155585249;A01;1;7;0;2;1;5;2;
202300053720;155585248;A01;0;7;0;1;2;1;1;
202300053721;155585241;A01;3;1;0;1;3;7;5;
202300053722;155585239;A01;1;7;15;0;7;0;1;
202300053723;155585238;A01;0;7;0;1;1;1;1;
202300053724;155585234;A01;2;7;2;0;1;19;1;
202300053725;155585235;B01;2;7;0;2;2;1;1;
202300053725;155585240;A01;1;7;0;2;3;9;1;
202300053726;155585233;A01;1;7;0;2;1;15;1;
202300053726;155585237;B01;3;1;0;0;0;0;5;
202300053727;155585227;Z01;3;7;0;2;1;1;0;
202300053727;155585231;A01;3;50;0;2;1;19;3;
202300053728;155585228;A01;2;7;0;2;6;1;1;
202300053728;155585232;B01;1;33;0;2;3;13;1;
202300053729;155585226;A01;2;14;1;2;1;1;1;
202300053729;155585230;B01;2;14;0;2;6;23;1;
202300053729;155585236;C01;2;7;0;2;1;1;1;
202300053730;155585224;A01;2;7;0;1;1;1;1;
202300053731;155585222;A01;2;7;0;1;2;1;1;
202300053732;155585215;A01;1;7;0;1;1;1;1;
202300053733;155585216;A01;2;10;0;2;2;2;1;
202300053733;155585225;B01;2;7;0;2;4;0;1;
202300053734;155585218;A01;2;7;2;6;7;1;1;
202300053735;155585220;B01;3;7;6;2;8;1;1;
202300053735;155585223;A01;2;7;0;2;1;26;1;
202300053736;155585214;A01;1;30;0;0;0;26;1;
202300053737;155585213;A01;3;7;0;9;2;16;1;
202300053737;155585221;B01;3;1;0;2;1;1;5;
202300053738;155585211;A01;3;7;0;2;3;13;1;
202300053738;155585217;B01;3;7;0;2;1;1;1;
202300053739;155585212;A01;3;32;0;2;1;5;1;
202300053739;155585219;B01;3;1;0;2;8;19;5;
202300053740;155585209;A01;1;7;0;0;1;1;1;
202300053741;155585203;A01;3;40;0;1;7;1;3;
202300053742;155585206;A01;1;30;0;0;0;1;1;
202300053743;155585201;B01;1;7;0;2;1;1;1;
202300053743;155585208;Z01;0;7;0;2;1;5;0;
202300053744;155585200;A01;3;7;0;2;3;1;1;
202300053744;155585204;B01;3;31;0;2;2;17;1;
202300053745;155585198;A01;2;10;0;2;1;2;1;
202300053745;155585207;B01;2;15;0;2;4;2;1;
202300053746;155585199;A01;1;7;0;9;2;10;0;
202300053746;155585205;B01;1;1;0;2;8;2;5;
202300053747;155585193;A01;3;7;0;2;8;9;1;
202300053747;155585197;B01;3;7;0;2;1;1;0;
202300053748;155585192;A01;1;7;4;0;0;1;1;
202300053749;155585195;A01;3;7;0;2;1;15;1;
202300053749;155585196;B01;3;33;0;2;4;23;0;
202300053750;155585194;A01;2;1;8;0;1;15;5;
202300053751;155585189;A01;1;7;0;1;6;2;2;
202300053752;155585188;A01;2;7;3;0;3;1;1;
202300053753;155585187;A01;2;7;4;0;1;1;1;
202300053754;155585186;A01;1;10;0;2;0;15;1;
202300053754;155585191;B01;2;1;0;2;0;1;5;
202300053755;155585184;B01;2;7;0;2;8;1;1;
202300053755;155585190;A01;1;7;0;2;3;13;1;
202300053756;155585183;A01;1;30;11;0;1;17;1;
202300053757;155585182;A01;1;1;0;2;1;2;5;
202300053757;155585185;B01;1;7;0;2;4;23;1;
202300053758;155585175;A01;1;30;0;0;0;3;1;
202300053759;155585172;A01;3;1;0;2;8;1;5;
202300053759;155585181;B01;3;7;0;2;1;1;1;
202300053760;155585178;A01;3;7;0;1;1;16;1;
202300053761;155585173;A01;1;7;0;2;1;1;1;
202300053761;155585180;B01;1;37;0;2;4;1;1;1.0
202300053762;155585174;A01;2;7;0;2;3;26;1;
202300053762;155585179;B01;2;7;0;2;8;1;1;
202300053763;155585171;B01;2;7;0;2;6;1;0;
202300053763;155585177;A01;3;3;12;2;1;26;1;
202300053764;155585166;A01;1;7;0;2;1;1;1;
202300053764;155585168;B01;1;33;0;2;4;23;1;
202300053765;155585170;A01;1;7;0;2;1;2;1;
202300053765;155585176;B01;1;10;0;0;4;2;1;
202300053766;155585165;A01;3;32;13;0;8;1;1;
202300053767;155585160;B01;2;40;0;2;1;1;3;
202300053767;155585169;A01;1;10;8;4;8;16;3;
202300053768;155585158;A01;3;7;0;1;8;1;1;
202300053769;155585162;B01;2;7;0;2;1;1;1;
202300053769;155585167;A01;1;7;3;2;1;5;1;
202300053770;155585159;A01;2;1;0;1;8;1;5;
202300053771;155585155;A01;2;1;0;2;7;1;5;
202300053771;155585164;B01;1;33;0;2;1;1;1;
202300053772;155585157;B01;3;7;0;2;2;1;1;
202300053772;155585161;A01;3;2;0;2;1;5;1;
202300053773;155585154;B01;3;1;0;2;3;0;5;
202300053773;155585163;A01;1;7;0;2;3;9;1;
202300053774;155585153;A01;1;33;0;1;7;3;1;
202300053775;155585152;B01;3;30;0;2;1;1;1;
202300053775;155585156;A01;3;7;0;2;3;13;0;
202300053776;155585149;A01;0;7;5;0;1;0;1;
202300053777;155585148;B01;2;7;0;2;4;1;1;
202300053777;155585151;A01;2;7;0;2;1;1;1;
202300053778;155585146;A01;3;80;0;2;1;5;3;
202300053778;155585150;B01;3;7;0;2;2;16;1;
202300053779;155585144;A01;1;7;0;1;0;1;1;
202300053780;155585141;A01;0;7;15;0;9;14;0;
202300053781;155585142;B01;3;1;0;2;1;1;5;
202300053781;155585145;A01;3;2;0;2;1;20;1;
202300053782;155585140;B01;1;1;0;2;8;5;5;
202300053782;155585147;A01;2;43;0;2;1;1;1;
202300053783;155585139;A01;2;7;0;1;5;1;1;
202300053784;155585138;A01;2;30;0;0;0;21;1;
202300053784;155585143;B01;2;7;0;0;0;0;1;
202300053785;155585136;Z01;1;7;0;1;1;1;1;
202300053786;155585130;A01;1;7;0;2;1;21;1;
202300053786;155585135;B01;1;7;0;2;4;1;1;
202300053786;155585137;C01;1;7;0;2;5;1;1;
202300053787;155585128;A01;2;7;0;2;1;2;1;
202300053787;155585134;B01;2;7;0;2;4;23;1;
202300053788;155585125;B01;1;7;0;2;0;0;1;
202300053788;155585133;A01;2;7;0;2;1;1;1;
202300053789;155585122;A01;1;7;0;2;3;15;1;
202300053789;155585132;B01;2;2;0;2;1;1;1;
202300053790;155585121;A01;1;7;0;2;5;2;1;
202300053790;155585129;B01;1;7;0;2;2;2;1;
202300053791;155585124;A01;2;7;0;1;2;1;2;
202300053792;155585123;A01;1;7;0;2;3;15;1;
202300053792;155585127;B01;2;60;0;2;3;1;5;
202300053793;155585119;A01;2;7;9;0;1;13;1;
202300053794;155585120;A01;1;7;0;2;1;1;1;
202300053794;155585126;B01;2;7;0;2;5;15;1;
202300053795;155585110;X01;1;7;0;9;0;0;0;
202300053795;155585115;A01;0;30;0;2;3;16;1;
202300053796;155585108;A01;2;32;0;2;1;2;1;
202300053796;155585114;B01;2;32;0;2;4;11;1;
202300053796;155585118;C01;2;7;0;2;8;1;1;
202300053797;155585112;B01;2;30;0;2;1;21;1;
202300053797;155585117;A01;1;10;0;2;3;15;1;
202300053798;155585106;A01;2;7;0;1;1;0;1;
202300053799;155585104;A01;2;7;0;2;1;19;1;
202300053799;155585116;B01;2;33;0;2;7;2;1;
202300053800;155585102;A01;1;7;0;2;1;26;1;
202300053800;155585105;B01;1;33;0;2;7;1;1;
202300053801;155585101;A01;1;50;0;2;1;16;3;
202300053801;155585107;B01;1;7;0;2;5;16;1;
202300053802;155585103;B01;0;33;0;2;7;0;1;
202300053802;155585113;A01;0;0;0;2;0;0;1;
202300053803;155585100;B01;1;17;0;2;5;1;1;
202300053803;155585109;A01;1;33;0;2;1;1;1;
202300053804;155585099;A01;2;10;0;2;6;1;1;
202300053804;155585111;B01;1;34;0;2;1;1;1;
202300053805;155585098;A01;2;7;3;0;1;1;1;
202300053806;155585095;A01;1;7;0;0;1;1;1;
202300053807;155585091;A01;1;3;16;0;1;1;1;
202300053808;155585092;A01;1;7;0;1;3;1;1;
202300053809;155585088;A01;0;7;0;0;4;24;3;
202300053809;155585096;B01;0;1;1;0;1;2;5;
202300053810;155585087;A01;2;30;14;0;1;2;1;
202300053810;155585093;B01;2;7;0;2;4;2;1;
202300053811;155585085;A01;2;10;0;2;1;2;1;
202300053811;155585089;B01;2;33;0;2;4;23;1;
202300053811;155585097;C01;1;7;0;2;8;13;1;
202300053812;155585086;A01;3;7;0;1;2;1;1;
202300053813;155585084;A01;1;7;0;2;1;15;1;
202300053813;155585090;B01;2;50;0;2;8;19;3;
202300053814;155585083;A01;1;7;0;1;1;21;0;
202300053815;155585079;A01;1;7;12;0;2;1;1;
202300053816;155585072;B01;3;7;0;2;2;1;1;
202300053816;155585082;A01;3;7;0;2;1;9;1;
202300053817;155585074;B01;1;7;0;2;5;17;1;
202300053817;155585078;A01;1;31;0;2;3;1;1;
202300053818;155585071;A01;0;7;0;2;1;1;1;
202300053818;155585077;B01;0;7;0;2;7;19;1;
202300053819;155585073;A01;2;7;8;0;2;1;1;
202300053820;155585075;B01;3;1;0;2;4;2;5;
202300053820;155585080;A01;3;10;0;2;1;1;1;
202300053821;155585070;C01;3;7;0;2;7;0;1;
202300053821;155585076;B01;3;2;0;2;7;1;1;
202300053821;155585081;Z01;3;7;0;2;3;20;0;
202300053822;155585067;A01;2;30;4;0;1;13;1;
202300053823;155585065;B01;3;30;0;2;1;1;1;
202300053823;155585068;A01;3;7;0;2;8;15;1;
202300053824;155585053;A01;1;7;0;1;4;4;1;
202300053825;155585052;B01;2;7;0;2;1;2;1;
202300053825;155585059;A01;2;7;0;2;0;19;3;
202300053826;155585051;B01;2;80;0;2;2;1;3;
202300053826;155585060;A01;1;32;0;2;3;16;1;
202300053827;155585056;B01;1;2;0;2;8;1;1;
202300053827;155585066;A01;2;7;0;0;1;15;1;
202300053828;155585049;A01;1;7;0;2;1;2;1;
202300053828;155585054;B01;1;7;0;2;4;1;1;
202300053828;155585062;C01;1;7;0;2;4;23;1;
202300053829;155585050;A01;3;7;2;0;1;6;1;
202300053830;155585046;A01;1;7;0;1;2;15;1;
202300053831;155585041;B01;0;7;0;2;6;15;1;
202300053831;155585045;A01;0;7;0;2;2;17;1;
202300053832;155585042;A01;2;7;0;1;1;21;1;
202300053833;155585039;A01;1;30;0;0;7;2;0;
202300053834;155585038;A01;3;7;0;1;3;1;0;
202300053835;155585040;A01;3;34;0;2;1;19;1;
202300053835;155585047;B01;3;7;0;2;2;1;1;
202300053836;155585036;B01;1;50;0;2;7;1;3;
202300053836;155585043;Z01;2;7;0;0;0;15;0;
202300053837;155585033;A01;1;7;8;0;2;26;1;
202300053838;155585035;A01;0;7;0;2;2;16;1;
202300053838;155585037;B01;0;7;0;2;3;1;1;
202300053839;155585034;A01;2;7;0;0;5;26;1;
202300053840;155585031;A01;1;7;13;0;3;1;1;
202300053841;155585025;Z01;1;7;0;2;3;9;1;
202300053841;155585032;A01;2;33;0;2;1;1;1;
202300053842;155585023;A01;1;1;0;1;1;14;5;
202300053843;155585022;A01;0;1;0;-1;8;1;5;
202300053844;155585021;C01;1;7;0;2;2;1;1;
202300053844;155585026;B01;2;7;0;2;3;1;1;
202300053844;155585030;A01;1;33;0;2;8;17;1;
202300053845;155585019;A01;2;7;0;2;3;9;1;
202300053845;155585027;B01;3;31;0;2;5;1;1;
202300053846;155585018;C01;2;7;0;2;4;2;1;
202300053846;155585024;A01;2;7;0;2;1;2;1;
202300053846;155585029;B01;2;7;0;2;4;2;1;
202300053847;155585017;A01;2;10;0;1;3;16;1;
202300053848;155585015;A01;1;10;0;2;1;0;1;
202300053848;155585020;B01;1;7;0;2;4;0;0;
202300053849;155585016;A01;2;33;0;0;1;1;1;
202300053850;155585011;A01;1;7;0;2;3;9;1;
202300053850;155585014;B01;1;33;0;2;2;2;1;
202300053851;155585007;A01;2;7;0;1;1;1;1;
202300053852;155585005;A01;1;7;0;2;2;1;1;
202300053852;155585013;B01;1;7;0;2;3;16;1;
202300053853;155585003;A01;1;7;0;2;2;15;1;
202300053853;155585009;B01;1;31;0;2;0;0;1;
202300053854;155585002;B01;3;7;0;2;1;1;1;
202300053854;155585008;C01;3;7;0;2;1;1;1;
202300053854;155585012;A01;3;7;0;2;1;1;1;
202300053855;155584999;A01;2;3;3;0;1;1;1;
202300053856;155585000;A01;2;7;0;2;1;13;1;
202300053856;155585006;B01;1;7;0;2;6;2;1;
202300053856;155585010;C01;1;7;0;2;1;2;1;
202300053857;155584998;A01;3;7;0;2;2;5;1;
202300053857;155585004;B01;3;7;0;2;5;22;1;
202300053858;155585001;A01;3;37;0;1;1;15;1;1.0
202300053859;155584996;A01;1;10;0;1;7;1;1;
202300053860;155584995;A01;2;7;0;2;7;12;1;
202300053860;155584997;B01;2;7;7;2;1;18;1;
202300053861;155584992;A01;1;50;0;0;8;25;3;
202300053862;155584990;A01;1;10;0;1;1;1;1;
202300053863;155584989;A01;3;1;0;2;1;1;5;
202300053863;155584994;B01;3;1;0;2;1;1;5;
202300053864;155584985;A01;2;7;0;2;2;13;1;
202300053864;155584991;B01;2;30;0;2;1;13;1;
202300053865;155584987;A01;3;7;1;1;5;24;1;
202300053866;155584986;A01;2;7;0;1;2;1;1;
202300053867;155584984;B01;3;1;0;2;3;1;5;
202300053867;155584993;A01;3;10;0;2;2;1;1;
202300053868;155584983;B01;2;7;0;2;5;2;1;
202300053868;155584988;A01;2;1;0;2;1;2;5;
202300053869;155584982;A01;1;7;2;0;1;0;0;
202300053870;155584981;A01;3;7;0;1;8;13;2;
202300053871;155584977;A01;1;7;0;1;2;1;1;
202300053872;155584978;A01;2;7;0;2;8;11;1;
202300053872;155584980;B01;2;33;0;2;7;2;1;
202300053873;155584972;B01;1;7;0;2;8;1;1;
202300053873;155584979;A01;1;7;0;2;1;1;1;
202300053874;155584971;A01;2;7;9;0;1;14;1;
202300053875;155584968;A01;1;2;11;2;5;17;1;
202300053875;155584975;B01;2;10;0;2;5;4;1;
202300053876;155584969;A01;1;7;13;0;2;14;1;
202300053877;155584970;B01;1;3;0;2;3;0;1;
202300053877;155584976;A01;1;7;0;2;2;2;1;
202300053878;155584963;B01;2;7;0;2;1;26;1;
202300053878;155584973;A01;2;7;0;2;1;26;1;
202300053879;155584965;A01;2;14;0;0;7;14;1;
202300053880;155584967;B01;2;50;0;2;1;1;3;
202300053880;155584974;Z01;1;7;0;2;1;1;1;
202300053881;155584962;A01;1;80;0;2;1;1;3;
202300053881;155584966;B01;2;50;0;2;1;13;3;
202300053882;155584961;B01;2;1;0;2;8;1;5;
202300053882;155584964;A01;1;7;0;2;1;15;1;
202300053883;155584958;A01;1;80;1;0;1;15;3;
202300053884;155584950;A01;2;7;0;1;1;15;1;
202300053885;155584949;A01;1;36;0;2;1;1;1;
202300053885;155584955;B01;3;7;0;2;4;26;1;
202300053886;155584945;D01;3;7;0;2;4;1;1;
202300053886;155584951;C01;3;7;0;2;4;1;1;
202300053886;155584956;A01;3;7;0;2;1;1;1;
202300053886;155584959;B01;3;7;0;2;4;1;1;
202300053887;155584946;A01;1;7;0;2;3;15;1;
202300053887;155584957;B01;2;7;0;2;2;1;1;
202300053888;155584944;A01;1;7;0;2;8;1;1;
202300053888;155584954;B01;2;80;0;2;8;23;3;
202300053889;155584943;A01;3;33;0;2;1;2;1;
202300053889;155584952;B01;3;7;0;2;4;15;1;
202300053890;155584942;B01;2;7;0;2;3;15;1;
202300053890;155584953;A01;1;50;0;2;1;5;3;
202300053891;155584940;A01;2;33;1;2;1;3;1;
202300053891;155584947;C01;2;7;0;2;8;23;1;
202300053891;155584960;B01;2;43;1;2;1;3;1;
202300053892;155584939;B01;1;33;0;2;6;1;1;
202300053892;155584948;A01;3;7;0;2;2;15;1;
202300053893;155584937;B01;1;10;0;2;2;22;1;
202300053893;155584941;A01;1;10;0;2;5;4;1;
202300053894;155584930;A01;2;50;0;0;1;1;3;
202300053895;155584929;A01;3;50;0;1;1;2;3;
202300053896;155584925;B01;3;1;0;2;8;1;5;
202300053896;155584936;A01;2;7;0;2;1;1;1;
202300053897;155584926;A01;2;31;0;0;2;19;1;
202300053897;155584934;B01;1;1;0;0;1;1;5;
202300053898;155584924;A01;3;3;1;0;0;1;1;
202300053898;155584933;Z01;3;0;0;2;0;26;0;