Num_Acc;id_vehicule;num_veh;senc;catv;obs;obsm;choc;manv;motor;occutc
202300053899;155584927;A01;1;10;0;1;2;1;1;
202300053900;155584923;A01;1;80;0;2;8;15;3;
202300053900;155584931;B01;1;32;0;2;7;1;1;
202300053901;155584922;A01;1;7;0;1;3;1;1;
202300053902;155584920;A01;2;7;0;2;1;1;1;
202300053902;155584928;B01;2;7;0;2;1;0;1;
202300053903;155584916;A01;1;7;0;0;0;14;0;
202300053904;155584914;A01;2;7;0;2;1;2;1;
202300053904;155584921;B01;2;31;1;2;4;2;1;
202300053905;155584913;B01;1;7;0;2;1;1;0;
202300053905;155584919;A01;1;1;0;2;1;1;5;
202300053906;155584910;A01;2;7;0;2;2;15;1;
202300053906;155584915;B01;1;33;0;2;1;1;1;
202300053907;155584911;A01;1;7;5;0;3;13;1;
202300053908;155584907;A01;1;7;1;0;3;23;1;
202300053909;155584908;B01;2;7;0;2;2;1;1;
202300053909;155584912;A01;2;7;0;2;8;11;1;
202300053910;155584909;A01;1;7;0;2;1;13;1;
202300053910;155584918;B01;2;10;0;2;1;1;3;
202300053911;155584902;B01;2;50;1;0;1;1;3;
202300053911;155584904;A01;2;10;0;0;8;24;1;
202300053912;155584900;B01;3;7;0;2;5;12;1;
202300053912;155584906;A01;0;10;0;2;3;12;0;
202300053913;155584901;B01;2;7;3;2;1;13;1;
202300053913;155584905;A01;1;7;3;2;3;1;3;
202300053914;155584903;A01;2;7;0;1;1;15;1;
202300053915;155584896;A01;1;7;0;1;2;1;1;
202300053916;155584895;A01;3;7;0;2;1;1;0;
202300053916;155584898;B01;3;50;0;2;3;15;3;
202300053917;155584893;A01;2;50;0;2;8;13;3;
202300053917;155584897;B01;1;37;0;2;1;1;1;1.0
202300053918;155584890;A01;1;33;6;0;1;1;1;
202300053919;155584891;A01;2;7;0;2;1;1;0;
202300053919;155584894;B01;2;10;0;2;4;1;0;
202300053920;155584892;A01;1;7;0;1;7;1;1;
202300053921;155584887;A01;3;7;0;1;3;1;1;
202300053922;155584889;A01;3;10;8;1;1;10;1;
202300053923;155584886;A01;1;7;0;2;8;1;1;
202300053923;155584899;B01;1;7;0;2;1;15;1;
202300053924;155584882;A01;2;7;12;0;3;13;1;
202300053925;155584881;A01;1;7;0;2;1;1;1;
202300053925;155584884;B01;2;2;0;2;5;1;1;
202300053926;155584885;B01;1;31;0;2;1;1;1;
202300053926;155584888;A01;1;1;0;2;8;15;5;
202300053927;155584880;A01;3;31;0;2;1;7;1;
202300053927;155584883;B01;3;7;0;2;7;15;1;
202300053928;155584878;A01;1;7;5;0;9;14;1;
202300053929;155584876;A01;1;7;0;1;8;2;1;
202300053930;155584875;A01;1;7;0;1;7;1;1;
202300053931;155584874;A01;3;7;1;0;1;1;1;
202300053931;155584879;B01;3;7;0;2;3;1;1;
202300053932;155584877;A01;2;50;0;0;7;1;3;
202300053933;155584873;A01;1;7;0;1;2;1;1;
202300053934;155584871;A01;1;1;0;0;0;1;5;
202300053935;155584868;A01;2;7;0;2;8;11;1;
202300053935;155584872;B01;2;33;0;2;1;1;1;
202300053936;155584869;A01;2;7;0;1;2;1;1;
202300053937;155584864;A01;1;7;0;1;4;26;1;
202300053938;155584866;A01;2;7;0;2;1;2;1;
202300053938;155584870;B01;2;2;0;2;4;23;1;
202300053939;155584863;A01;1;7;0;1;4;4;1;
202300053940;155584858;A01;2;7;0;2;2;15;1;
202300053940;155584862;B01;1;33;0;2;1;1;1;
202300053941;155584860;A01;2;10;0;2;2;10;1;
202300053941;155584865;B01;1;10;0;2;1;1;1;
202300053942;155584857;A01;0;7;13;2;3;9;6;
202300053942;155584867;B01;2;32;0;2;1;9;1;
202300053943;155584856;A01;1;1;0;2;1;2;5;
202300053943;155584859;B01;1;7;0;9;5;2;1;
202300053944;155584855;A01;1;7;12;0;1;14;1;
202300053945;155584852;A01;1;7;0;2;1;13;1;
202300053945;155584861;B01;2;7;0;2;1;1;1;
202300053946;155584851;A01;0;3;1;1;1;1;1;
202300053947;155584850;A01;3;30;0;0;0;21;1;
202300053948;155584849;A01;2;30;0;2;8;2;1;
202300053948;155584853;B01;2;7;0;2;2;23;1;
202300053949;155584848;A01;2;7;8;0;1;1;1;
202300053950;155584847;A01;1;7;0;1;1;15;1;
202300053951;155584846;B01;1;7;0;2;3;16;1;
202300053951;155584854;A01;2;7;0;2;2;1;1;
202300053952;155584843;A01;1;7;2;0;1;14;1;
202300053953;155584842;A01;1;7;1;0;9;1;1;
202300053954;155584841;B01;2;21;0;2;3;15;1;
202300053954;155584844;A01;2;7;0;2;2;17;3;
202300053955;155584837;A01;1;7;0;1;3;1;1;
202300053956;155584838;A01;2;7;0;2;2;1;1;
202300053956;155584845;B01;3;7;1;2;1;20;1;
202300053957;155584840;A01;0;50;0;0;1;1;3;
202300053958;155584834;A01;1;10;15;0;2;2;1;
202300053959;155584832;B01;1;50;0;2;1;1;3;
202300053959;155584836;A01;1;7;0;2;7;14;1;
202300053960;155584831;A01;0;33;0;2;2;26;1;
202300053960;155584835;B01;0;7;0;2;7;23;1;
202300053960;155584839;C01;0;7;0;2;2;23;1;
202300053961;155584828;A01;1;32;0;6;1;1;1;
202300053962;155584826;A01;1;7;0;2;1;15;1;
202300053962;155584833;B01;1;7;0;2;3;21;1;
202300053963;155584824;B01;2;7;0;2;1;1;1;
202300053963;155584830;A01;0;7;0;2;1;26;1;
202300053964;155584825;B01;3;7;0;1;4;4;1;
202300053965;155584823;A01;0;7;0;1;4;20;1;
202300053966;155584821;B01;3;7;0;2;2;1;2;
202300053966;155584829;A01;3;30;0;2;8;9;1;
202300053967;155584819;A01;1;32;0;1;1;1;1;
202300053968;155584818;B01;2;7;0;2;3;15;1;
202300053968;155584827;A01;1;50;0;2;1;0;3;
202300053969;155584816;A01;2;7;4;0;1;0;1;
202300053970;155584815;A01;1;7;0;2;3;2;1;
202300053970;155584820;B01;1;7;0;2;6;2;1;
202300053971;155584813;A01;2;7;0;2;1;1;1;
202300053971;155584817;B01;2;7;0;2;4;23;1;
202300053971;155584822;C01;2;7;0;2;4;23;1;
202300053972;155584807;A01;1;37;1;1;1;2;1;1.0
202300053973;155584808;A01;1;7;13;0;9;1;1;
202300053974;155584809;B01;2;7;0;2;8;15;1;
202300053974;155584812;A01;1;43;0;2;1;17;1;
202300053975;155584806;Y01;2;50;0;2;0;1;3;
202300053975;155584814;A01;2;7;0;9;6;15;1;
202300053976;155584803;A01;0;30;0;1;5;0;2;
202300053977;155584802;A01;2;32;0;2;1;26;1;
202300053977;155584811;B01;2;7;0;2;7;15;0;
202300053978;155584801;B01;2;7;0;2;5;15;1;
202300053978;155584805;A01;2;1;0;2;1;1;5;
202300053979;155584800;A01;1;7;13;0;2;21;1;
202300053980;155584799;B01;1;7;0;2;4;2;6;
202300053980;155584810;A01;1;7;0;2;1;2;6;
202300053981;155584795;A01;2;7;1;0;1;1;0;
202300053982;155584792;B01;2;7;0;2;4;1;1;
202300053982;155584798;A01;2;7;0;2;1;2;1;
202300053983;155584790;B01;2;7;0;2;3;15;1;
202300053983;155584796;A01;1;7;0;2;1;1;1;
202300053984;155584787;A01;1;7;0;1;1;16;1;
202300053985;155584785;A01;3;10;0;1;4;4;1;
202300053986;155584782;A01;1;17;0;2;1;2;1;
202300053986;155584786;B01;1;14;0;2;4;1;1;
202300053986;155584791;C01;1;7;0;2;4;1;1;
202300053986;155584797;D01;1;17;0;2;4;1;6;
202300053987;155584781;A01;1;10;0;1;4;4;1;
202300053988;155584789;A01;1;7;0;2;1;15;1;
202300053988;155584794;B01;2;33;0;2;8;1;1;
202300053989;155584788;A01;2;7;0;2;1;1;0;
202300053989;155584793;B01;2;32;0;2;3;16;1;
202300053990;155584780;B01;2;7;0;2;8;0;1;
202300053990;155584784;A01;2;10;0;2;3;17;1;
202300053991;155584779;A01;3;7;0;1;2;16;1;
202300053992;155584773;B01;1;33;0;2;8;1;0;
202300053992;155584777;A01;1;7;0;2;7;14;1;
202300053993;155584774;A01;1;7;0;9;3;24;2;
202300053993;155584778;B01;1;1;1;0;1;1;5;
202300053994;155584768;A01;3;99;0;2;2;1;1;
202300053994;155584776;B01;3;2;0;2;4;23;1;
202300053995;155584765;B01;3;7;0;0;0;15;1;
202300053995;155584770;A01;3;2;0;0;1;1;1;
202300053996;155584766;A01;2;7;7;2;1;1;1;
202300053996;155584771;B01;1;7;0;2;4;15;1;
202300053997;155584763;A01;2;7;7;0;1;13;1;
202300053998;155584764;B01;2;32;0;2;1;1;1;
202300053998;155584772;A01;1;7;0;2;1;15;1;
202300053999;155584762;B01;1;33;0;2;8;1;1;
202300053999;155584767;A01;2;7;0;2;3;15;0;
202300054000;155584761;A01;1;7;0;2;1;15;1;
202300054000;155584769;B01;2;7;0;0;0;0;3;
202300054001;155584760;A01;1;1;0;2;0;1;5;
202300054001;155584775;B01;2;7;0;2;1;1;2;
202300054002;155584757;A01;1;33;16;0;0;0;1;
202300054003;155584753;A01;2;33;4;0;0;0;1;
202300054004;155584752;B01;2;31;0;0;4;1;1;
202300054004;155584758;Z01;2;7;0;2;1;26;0;
202300054004;155584759;A01;2;7;0;2;1;26;1;
202300054005;155584756;A01;3;7;0;1;1;1;2;
202300054006;155584751;B01;1;30;0;2;2;1;1;
202300054006;155584754;A01;1;7;0;2;3;9;1;
202300054007;155584745;A01;3;7;1;2;1;1;1;
202300054007;155584750;B01;3;32;0;2;1;1;1;
202300054008;155584746;A01;3;7;0;2;1;2;1;
202300054008;155584749;B01;3;7;0;2;4;2;1;
202300054008;155584755;C01;3;7;0;2;4;2;1;
202300054009;155584743;A01;0;10;0;0;0;0;0;
202300054010;155584747;A01;1;7;0;1;1;15;1;
202300054011;155584741;A01;2;1;0;2;8;16;5;
202300054011;155584748;B01;1;37;0;2;7;1;3;1.0
202300054012;155584740;A01;3;7;0;0;3;1;0;
202300054012;155584744;B01;3;7;0;0;3;1;0;
202300054013;155584738;A01;3;32;1;0;1;1;1;
202300054014;155584734;A01;1;7;1;0;1;1;1;
202300054014;155584742;B01;1;7;0;2;4;23;1;
202300054015;155584736;A01;3;10;0;2;6;13;0;
202300054015;155584739;B01;3;33;0;2;1;3;0;
202300054016;155584730;B01;2;7;0;2;4;2;1;
202300054016;155584737;A01;2;7;0;2;4;2;0;
202300054017;155584731;A01;0;31;0;0;7;1;1;
202300054018;155584729;A01;2;7;0;2;1;2;1;
202300054018;155584735;B01;2;7;0;2;4;2;1;
202300054019;155584725;A01;2;7;9;0;1;0;1;
202300054020;155584728;A01;2;7;0;2;3;14;2;
202300054020;155584732;B01;1;1;0;2;3;8;5;
202300054021;155584724;A01;1;7;0;2;3;15;1;
202300054021;155584727;B01;1;34;0;0;2;1;1;
202300054022;155584723;A01;1;7;0;2;3;15;1;
202300054022;155584726;B01;2;31;0;2;0;17;5;
202300054023;155584722;A01;2;7;0;0;0;1;1;
202300054024;155584720;A01;2;15;4;0;0;1;0;
202300054025;155584712;A01;1;7;0;2;8;11;1;
202300054025;155584719;B01;1;33;0;2;2;3;1;
202300054026;155584713;A01;3;7;0;2;1;1;1;
202300054026;155584717;B01;3;33;0;2;1;26;1;
202300054027;155584714;B01;2;7;0;2;2;2;1;
202300054027;155584718;A01;3;10;0;2;3;1;3;
202300054028;155584706;A01;1;7;13;0;1;1;1;
202300054029;155584705;A01;3;99;0;2;0;0;0;
202300054029;155584711;B01;1;50;0;2;6;1;3;
202300054030;155584709;B01;1;7;0;2;2;1;1;
202300054030;155584715;A01;1;7;0;9;3;1;1;
202300054031;155584703;A01;1;7;0;2;6;11;1;
202300054031;155584710;B01;1;32;0;2;1;1;1;
202300054032;155584699;A01;3;10;0;2;7;15;1;
202300054032;155584708;B01;3;33;0;2;1;2;1;
202300054033;155584697;B01;2;10;0;2;2;21;1;
202300054033;155584702;C01;2;10;0;2;0;1;1;
202300054033;155584707;A01;2;7;0;2;6;2;1;
202300054034;155584701;C01;3;7;0;2;4;23;1;
202300054034;155584704;D01;3;7;0;2;4;23;1;
202300054034;155584716;B01;3;10;0;2;4;23;1;
202300054034;155584721;A01;3;7;0;2;1;2;1;
202300054035;155584693;A01;2;7;0;2;1;1;1;
202300054035;155584698;B01;2;31;0;2;4;2;1;
202300054036;155584690;A01;1;7;10;0;1;1;0;
202300054037;155584691;B01;1;80;0;2;2;11;3;
202300054037;155584695;A01;1;34;0;9;8;17;1;
202300054038;155584689;B01;3;7;0;2;3;1;1;
202300054038;155584694;A01;3;32;0;2;3;15;1;
202300054039;155584688;C01;1;7;0;2;8;15;1;
202300054039;155584696;A01;1;7;0;2;7;15;1;
202300054039;155584700;B01;2;1;0;2;1;1;5;
202300054040;155584685;A01;2;7;5;0;1;26;1;
202300054041;155584682;B01;2;32;0;1;5;14;1;
202300054042;155584678;A01;1;50;0;0;0;1;3;
202300054043;155584677;A01;3;35;0;1;3;23;3;
202300054044;155584676;A01;3;37;0;2;3;1;1;2.0
202300054044;155584683;B01;3;7;0;2;1;5;1;
202300054044;155584686;C01;3;7;0;2;3;1;1;
202300054045;155584674;A01;1;7;2;0;1;13;1;
202300054046;155584672;B01;1;7;0;2;1;26;1;
202300054046;155584681;A01;1;7;0;2;3;26;2;
202300054047;155584675;B01;2;7;0;2;4;2;2;
202300054047;155584679;A01;2;33;0;2;1;2;1;
202300054048;155584671;B01;1;33;0;2;1;1;1;
202300054048;155584680;A01;1;7;0;2;1;15;1;
202300054049;155584670;A01;3;7;0;1;1;1;0;
202300054050;155584673;A01;3;7;0;2;5;2;1;
202300054050;155584687;B01;3;7;0;2;1;2;1;
202300054051;155584666;A01;0;7;2;0;2;2;6;
202300054052;155584664;A01;3;7;0;1;1;0;0;
202300054053;155584661;A01;2;7;0;2;2;1;1;
202300054053;155584669;B01;2;7;0;2;8;10;1;
202300054054;155584662;A01;1;7;3;0;3;13;1;
202300054055;155584668;A01;2;7;0;1;1;1;1;
202300054056;155584657;B01;2;7;0;2;3;2;1;
202300054056;155584663;A01;2;33;0;2;2;3;1;
202300054057;155584655;A01;1;7;0;2;8;15;1;
202300054057;155584660;B01;2;31;0;2;8;1;1;
202300054058;155584658;A01;1;7;0;2;1;1;1;
202300054058;155584665;B01;2;10;0;2;1;13;1;
202300054059;155584654;A01;2;7;12;0;1;5;1;
202300054060;155584656;A01;2;1;0;2;1;1;5;
202300054060;155584667;B01;2;7;0;2;3;1;1;
202300054061;155584659;A01;3;10;0;1;3;15;0;
202300054062;155584653;A01;2;33;13;0;7;1;1;
202300054063;155584651;A01;1;7;0;1;2;0;0;
202300054064;155584650;A01;2;33;0;0;1;21;1;
202300054065;155584646;A01;2;7;0;1;1;9;1;
202300054066;155584647;A01;1;7;3;0;0;1;1;
202300054067;155584644;A01;-1;7;-1;1;-1;1;1;
202300054068;155584643;A01;3;7;0;2;2;11;1;
202300054068;155584652;B01;3;30;0;2;1;0;1;
202300054069;155584639;A01;3;7;0;2;1;1;1;
202300054069;155584645;B01;1;7;0;2;1;5;1;
202300054069;155584649;C01;3;7;0;0;6;15;1;
202300054070;155584640;A01;3;7;0;2;3;9;1;
202300054070;155584648;B01;3;1;0;2;1;1;5;
202300054071;155584637;B01;1;50;0;2;1;2;3;
202300054071;155584642;A01;1;7;0;2;6;4;3;
202300054072;155584638;A01;1;7;3;0;3;1;1;
202300054073;155584634;A01;1;36;13;0;9;0;1;
202300054074;155584633;A01;1;7;0;2;3;2;1;
202300054074;155584635;B01;1;7;0;2;5;2;1;
202300054075;155584631;A01;1;7;0;1;4;26;1;
202300054076;155584630;A01;2;7;0;1;1;1;1;
202300054077;155584629;A01;1;7;0;1;3;1;1;
202300054078;155584626;C01;2;7;0;2;3;23;1;
202300054078;155584636;A01;1;7;0;2;1;9;1;
202300054078;155584641;B01;1;7;0;2;9;1;1;
202300054079;155584625;A01;1;7;2;0;8;1;1;
202300054080;155584620;A01;1;7;8;0;5;0;1;
202300054081;155584623;A01;1;7;0;2;0;0;1;
202300054081;155584627;B01;1;7;0;2;0;0;1;
202300054082;155584619;A01;3;10;0;2;1;1;1;
202300054082;155584624;B01;3;7;0;2;8;1;1;
202300054083;155584617;A01;3;7;0;1;3;1;1;
202300054084;155584612;B01;1;1;0;2;1;1;5;
202300054084;155584622;A01;1;10;0;2;3;1;1;
202300054085;155584618;A01;2;50;12;0;1;14;3;
202300054086;155584614;A01;2;7;0;2;2;15;1;
202300054086;155584621;B01;1;7;0;2;1;1;1;
202300054087;155584610;B01;1;50;0;2;4;0;3;
202300054087;155584615;A01;-1;7;0;2;0;0;1;
202300054088;155584609;B01;1;80;12;2;8;1;3;
202300054088;155584613;A01;1;10;0;9;4;4;1;
202300054089;155584607;A01;2;7;2;0;1;14;1;
202300054090;155584602;A01;1;7;4;0;3;13;1;
202300054091;155584601;A01;2;33;0;0;7;1;1;
202300054092;155584599;A01;2;7;0;2;1;13;1;
202300054092;155584605;B01;1;10;0;2;1;1;1;
202300054093;155584598;A01;1;7;0;2;1;2;1;
202300054093;155584604;B01;1;7;0;2;4;2;1;
202300054093;155584608;C01;1;7;0;2;1;2;1;
202300054093;155584611;D01;1;7;0;2;4;13;1;
202300054093;155584616;E01;2;34;0;2;1;0;1;
202300054094;155584595;A01;1;7;2;0;2;2;1;
202300054095;155584596;A01;0;13;0;2;2;1;1;
202300054095;155584606;B01;0;7;0;2;1;1;1;
202300054096;155584597;B01;1;1;0;2;8;19;5;
202300054096;155584603;A01;1;33;0;2;7;1;1;
202300054097;155584593;A01;1;7;0;2;2;16;1;
202300054097;155584600;B01;1;50;0;2;8;1;3;
202300054098;155584588;A01;2;17;0;0;7;14;1;
202300054099;155584590;B01;2;33;0;2;7;15;1;
202300054099;155584594;A01;2;7;0;2;1;1;1;
202300054100;155584589;A01;3;3;0;1;1;26;1;
202300054101;155584586;A01;2;7;0;2;1;5;1;
202300054101;155584591;B01;1;10;0;2;1;0;1;
202300054102;155584585;A01;2;7;13;0;2;1;1;
202300054103;155584587;A01;1;14;0;2;1;15;1;
202300054103;155584592;B01;2;7;0;2;8;1;1;
202300054104;155584583;A01;2;1;0;1;1;1;5;
202300054105;155584582;A01;3;37;0;1;4;4;1;1.0
202300054106;155584580;B01;1;7;0;2;3;23;2;
202300054106;155584584;A01;1;7;7;2;1;10;1;
202300054107;155584579;A01;0;1;0;0;0;0;5;
202300054108;155584577;A01;2;10;0;1;1;1;1;
202300054109;155584578;A01;1;33;3;0;1;1;1;
202300054110;155584576;A01;1;14;0;1;2;21;1;
202300054111;155584572;A01;0;7;8;0;3;5;1;
202300054112;155584570;B01;2;7;0;2;2;1;1;
202300054112;155584575;C01;1;7;0;2;3;1;1;
202300054112;155584581;A01;2;7;0;2;1;1;1;
202300054113;155584565;A01;1;31;0;0;1;1;1;
202300054114;155584568;A01;2;7;0;2;1;23;1;
202300054114;155584574;B01;2;7;0;2;4;2;1;
202300054115;155584566;A01;1;7;0;1;2;1;1;
202300054116;155584567;B01;2;10;0;2;5;1;1;
202300054116;155584573;A01;2;1;0;2;1;1;5;
202300054117;155584562;B01;2;7;0;9;1;1;1;
202300054117;155584571;A01;1;7;4;0;8;1;1;
202300054118;155584563;A01;2;10;0;2;2;15;1;
202300054118;155584569;B01;1;50;0;2;1;1;3;
202300054119;155584560;A01;1;7;6;0;1;1;0;
202300054120;155584561;A01;1;7;0;2;8;9;1;
202300054120;155584564;B01;1;10;0;2;1;1;1;
202300054121;155584556;A01;2;80;0;2;1;15;3;
202300054121;155584559;B01;1;7;0;2;6;2;2;
202300054122;155584551;A01;3;1;0;2;3;5;5;
202300054122;155584558;B01;3;7;0;9;2;16;1;
202300054123;155584549;A01;1;7;0;0;1;1;1;
202300054124;155584553;A01;1;33;0;1;8;2;1;
202300054125;155584548;A01;2;7;2;2;6;1;1;
202300054125;155584554;B01;2;7;0;2;3;15;1;
202300054126;155584555;B01;2;7;0;2;8;2;1;
202300054126;155584557;A01;1;7;0;2;8;23;1;
202300054127;155584550;A01;2;7;2;0;1;1;1;
202300054128;155584545;B01;1;10;0;2;2;2;1;
202300054128;155584552;A01;1;7;0;2;5;11;1;
202300054129;155584541;B01;2;7;0;2;2;9;1;
202300054129;155584546;A01;1;7;0;2;1;9;1;
202300054130;155584543;A01;1;7;0;2;2;11;1;
202300054130;155584547;B01;1;7;0;2;1;1;1;
202300054131;155584539;A01;1;2;0;2;1;5;1;
202300054131;155584544;B01;1;7;0;2;8;1;1;
202300054132;155584537;A01;1;7;0;2;1;15;1;
202300054132;155584542;B01;1;43;0;2;7;1;1;
202300054133;155584532;A01;2;7;3;0;3;21;1;
202300054134;155584531;B01;1;7;0;5;1;0;0;
202300054134;155584536;C01;1;7;0;5;1;1;1;
202300054134;155584540;A01;1;7;0;5;2;1;1;
202300054135;155584535;A01;3;7;0;1;1;1;1;
202300054136;155584530;A01;1;7;0;9;1;15;1;
202300054136;155584534;B01;1;2;0;2;8;1;1;
202300054137;155584528;B01;2;31;0;2;3;16;1;
202300054137;155584538;A01;2;7;0;2;2;1;1;
202300054138;155584527;B01;2;7;0;0;0;0;3;
202300054138;155584533;A01;2;1;11;0;0;1;5;
202300054139;155584524;A01;0;7;9;0;2;0;1;
202300054140;155584523;A01;1;7;2;0;0;14;1;
202300054141;155584522;B01;3;1;0;2;8;1;5;
202300054141;155584525;A01;1;7;0;2;1;1;1;
202300054142;155584520;A01;2;2;6;0;1;1;1;
202300054143;155584519;A01;3;7;0;2;1;1;1;
202300054143;155584529;B01;3;7;0;2;2;1;1;
202300054144;155584513;A01;1;7;13;0;1;1;1;
202300054145;155584516;A01;2;32;9;0;1;2;1;
202300054146;155584512;A01;2;99;0;2;1;1;1;
202300054146;155584518;B01;2;7;0;2;4;15;1;
202300054147;155584508;B01;1;1;0;2;2;14;5;
202300054147;155584515;A01;1;7;0;0;3;1;1;
202300054148;155584507;A01;2;7;0;2;7;15;1;
202300054148;155584514;B01;1;34;0;2;1;1;1;
202300054149;155584506;A01;1;7;0;2;2;11;1;
202300054149;155584511;B01;2;7;0;2;2;1;1;
202300054150;155584503;B01;2;7;0;2;4;1;0;
202300054150;155584510;A01;2;7;0;2;1;1;0;
202300054151;155584502;E01;1;7;0;2;1;1;1;
202300054151;155584505;C01;1;7;0;2;9;1;1;
202300054151;155584517;D01;1;7;0;2;9;1;1;
202300054151;155584521;A01;1;7;0;2;4;1;1;
202300054151;155584526;B01;1;7;0;2;9;1;1;
202300054152;155584499;B01;3;7;0;2;8;1;0;
202300054152;155584509;A01;3;7;0;2;3;16;0;
202300054153;155584498;B01;2;1;0;2;7;1;5;
202300054153;155584504;A01;2;7;0;2;3;16;1;
202300054154;155584495;A01;2;7;0;2;7;17;1;
202300054154;155584500;B01;2;1;0;2;3;15;5;
202300054155;155584497;A01;1;7;0;1;1;1;1;
202300054156;155584493;A01;2;7;8;0;2;14;1;
202300054157;155584494;A01;1;7;0;1;2;1;1;
202300054158;155584489;A01;3;7;2;0;2;1;1;
202300054159;155584491;B01;1;1;1;0;2;2;5;
202300054159;155584496;A01;1;7;0;2;3;22;1;
202300054160;155584492;A01;1;7;12;2;1;1;0;
202300054160;155584501;B01;1;10;0;2;6;2;0;
202300054161;155584486;A01;2;7;0;2;1;1;3;
202300054161;155584490;B01;2;37;0;0;4;1;1;1.0
202300054162;155584482;B01;1;7;0;2;7;1;1;
202300054162;155584488;Z01;2;30;0;2;1;1;1;
202300054163;155584483;A01;1;7;0;0;4;9;1;
202300054163;155584487;B01;1;33;0;2;1;1;1;
202300054164;155584481;A01;3;7;0;1;1;15;1;
202300054165;155584479;A01;1;7;0;0;8;16;1;
202300054165;155584484;B01;1;10;0;2;1;1;1;
202300054166;155584480;B01;2;7;0;2;6;1;1;
202300054166;155584485;A01;1;7;0;2;1;1;1;
202300054167;155584477;A01;1;7;0;1;1;1;1;
202300054168;155584474;A01;1;7;0;2;7;0;1;
202300054168;155584478;B01;1;2;0;2;8;0;1;
202300054169;155584473;B01;3;60;0;2;1;26;5;
202300054169;155584476;A01;3;7;0;2;7;1;1;
202300054170;155584471;A01;1;7;0;1;1;2;1;
202300054171;155584470;A01;2;32;0;2;1;1;1;
202300054171;155584475;Z01;2;1;0;2;0;19;5;
202300054172;155584468;A01;1;7;4;0;1;0;1;
202300054173;155584464;A01;1;7;0;2;1;2;1;
202300054173;155584472;B01;1;17;0;2;4;2;1;
202300054174;155584462;A01;1;7;4;0;3;13;1;
202300054174;155584465;B01;1;7;4;0;1;13;1;
202300054175;155584459;B01;3;7;0;2;1;1;1;
202300054175;155584469;A01;3;7;0;2;8;15;1;
202300054176;155584460;B01;1;7;0;2;1;1;1;
202300054176;155584466;A01;2;7;0;9;1;15;1;
202300054177;155584463;B01;1;2;0;2;0;26;1;
202300054177;155584467;A01;1;7;0;2;0;15;1;
202300054178;155584458;B01;1;10;0;2;3;0;3;
202300054178;155584461;A01;1;2;0;2;2;0;0;
202300054179;155584453;A01;2;7;0;2;1;2;1;
202300054179;155584457;B01;2;50;0;2;5;1;3;
202300054180;155584452;B01;1;1;0;2;1;1;5;
202300054180;155584456;A01;2;50;0;2;1;1;3;
202300054181;155584450;B01;2;7;0;2;1;1;1;
202300054181;155584455;A01;2;7;0;2;1;13;1;
202300054182;155584445;B01;2;2;0;2;1;17;1;
202300054182;155584451;A01;1;7;0;2;1;1;1;
202300054183;155584444;A01;1;7;0;1;7;15;1;
202300054184;155584447;A01;3;7;0;1;2;1;1;
202300054185;155584443;B01;3;13;0;2;5;2;1;
202300054185;155584448;A01;3;7;0;2;6;18;1;
202300054186;155584440;C01;1;7;0;0;0;0;0;
202300054186;155584442;A01;1;7;0;2;1;0;0;
202300054186;155584446;B01;1;7;0;2;4;0;0;
202300054187;155584436;A01;3;7;0;1;3;1;2;
202300054188;155584431;B01;1;7;0;2;4;1;0;
202300054188;155584438;A01;1;1;0;2;1;2;5;
202300054189;155584432;A01;1;7;0;2;3;9;2;
202300054189;155584437;B01;1;31;0;2;7;1;1;
202300054190;155584433;B01;2;7;0;2;3;15;1;
202300054190;155584439;A01;2;30;0;2;1;17;1;
202300054191;155584427;B01;1;17;0;2;6;17;1;
202300054191;155584435;A01;1;33;0;2;1;17;1;
202300054192;155584424;A01;0;7;0;2;1;1;1;
202300054192;155584430;C01;0;7;0;2;1;1;1;
202300054192;155584441;B01;0;7;0;2;5;15;1;
202300054193;155584426;A01;1;7;0;2;5;15;1;
202300054193;155584434;B01;2;32;0;2;1;1;1;
202300054194;155584422;B01;3;30;0;2;7;1;1;
202300054194;155584429;A01;2;7;0;2;1;15;1;
202300054195;155584421;A01;3;7;0;2;8;15;1;
202300054195;155584425;B01;3;37;0;2;1;1;0;1.0
202300054196;155584420;B01;1;10;0;1;-1;1;1;
202300054196;155584428;A01;2;10;0;0;-1;1;1;
202300054197;155584419;A01;2;37;0;2;3;16;4;1.0
202300054197;155584423;B01;2;7;0;2;2;23;1;
202300054198;155584412;B01;1;32;0;2;1;1;1;
202300054198;155584417;A01;2;7;0;2;1;15;1;
202300054199;155584413;A01;3;7;0;2;1;5;1;
202300054199;155584418;B01;3;7;0;2;3;21;1;
202300054200;155584410;B01;2;7;0;2;6;1;1;
202300054200;155584416;A01;1;32;0;2;6;1;1;
202300054201;155584411;A01;1;7;0;2;3;1;1;
202300054201;155584415;B01;1;33;0;0;4;23;1;
202300054202;155584404;B01;1;33;0;2;8;1;1;
202300054202;155584407;C01;1;10;0;2;6;1;1;
202300054202;155584414;A01;3;50;0;2;0;10;3;
202300054203;155584405;A01;3;30;0;1;1;17;1;
202300054204;155584406;B01;0;0;0;2;0;0;-1;
202300054204;155584409;A01;3;80;1;2;3;13;3;
202300054205;155584403;A01;1;16;0;2;2;16;1;
202300054205;155584408;B01;1;1;0;2;3;1;5;