Num_Acc;id_vehicule;num_veh;senc;catv;obs;obsm;choc;manv;motor;occutc
202300054206;155584397;A01;1;7;0;2;3;1;1;
202300054206;155584402;B01;2;33;0;2;3;3;1;
202300054207;155584394;A01;1;7;0;9;1;0;1;
202300054207;155584400;B01;1;50;0;2;1;1;3;
202300054208;155584389;A01;3;50;0;2;1;21;3;
202300054208;155584392;B01;3;50;0;2;1;16;3;
202300054209;155584395;A01;1;33;0;2;2;17;1;
202300054209;155584401;B01;1;7;0;0;6;15;1;
202300054210;155584393;A01;0;7;0;2;5;15;0;
202300054210;155584399;B01;0;33;0;2;1;1;1;
202300054211;155584387;A01;1;33;2;0;1;9;1;
202300054212;155584382;B01;3;2;0;2;1;1;1;
202300054212;155584385;A01;3;2;0;2;1;1;1;
202300054213;155584384;A01;1;30;0;2;9;16;3;
202300054213;155584390;B01;2;7;0;2;3;1;1;
202300054214;155584383;A01;3;7;0;2;6;15;1;
202300054214;155584396;B01;3;33;0;2;1;1;1;
202300054215;155584380;B01;1;7;0;2;1;2;2;
202300054215;155584388;A01;1;30;0;2;4;1;1;
202300054216;155584379;A01;2;7;0;2;1;2;1;
202300054216;155584381;B01;2;7;0;2;4;2;1;
202300054217;155584378;A01;3;7;0;2;1;15;1;
202300054217;155584386;B01;3;2;0;2;0;9;1;
202300054218;155584377;C01;0;7;0;2;1;16;1;
202300054218;155584391;A01;0;7;0;2;0;5;0;
202300054218;155584398;B01;0;7;0;2;4;16;1;
202300054219;155584373;A01;1;7;1;0;1;14;2;
202300054220;155584372;A01;2;33;0;2;1;17;1;
202300054220;155584374;B01;2;15;0;0;6;1;1;
202300054221;155584370;A01;1;7;0;9;1;1;0;
202300054221;155584376;B01;1;1;0;2;8;15;5;
202300054222;155584369;A01;1;33;2;0;1;1;1;
202300054223;155584365;A01;3;2;14;0;1;1;1;
202300054224;155584366;A01;1;7;0;2;3;1;1;
202300054224;155584375;B01;1;1;0;2;4;12;5;
202300054225;155584364;B01;2;7;0;2;1;2;1;
202300054225;155584371;A01;2;7;0;0;4;1;1;
202300054226;155584363;A01;0;10;0;1;2;1;1;
202300054227;155584362;A01;0;10;0;2;1;26;1;
202300054227;155584367;B01;0;7;0;2;1;0;1;
202300054228;155584357;B01;3;3;0;2;1;2;1;
202300054228;155584359;A01;1;7;0;0;4;1;1;
202300054229;155584355;A01;1;7;0;2;3;13;0;
202300054229;155584358;B01;1;14;0;2;3;0;6;
202300054230;155584354;A01;1;32;0;1;1;1;1;
202300054231;155584361;B01;2;1;0;2;1;1;5;
202300054231;155584368;A01;1;10;0;9;2;15;1;
202300054232;155584352;A01;2;7;0;1;2;1;1;
202300054233;155584350;A01;1;1;0;1;1;1;5;
202300054234;155584353;A01;2;7;0;2;3;15;2;
202300054234;155584360;B01;2;80;0;2;2;1;3;
202300054235;155584351;A01;1;36;12;0;1;0;1;
202300054236;155584349;A01;2;7;0;2;2;2;1;
202300054236;155584356;B01;2;7;0;2;6;2;1;
202300054237;155584345;A01;1;7;0;1;5;16;1;
202300054238;155584344;A01;1;7;0;1;2;9;1;
202300054239;155584340;B01;1;7;0;2;3;1;1;
202300054239;155584347;A01;1;7;0;2;1;1;2;
202300054240;155584343;A01;1;50;0;1;1;1;3;
202300054241;155584339;A01;3;10;0;2;1;15;1;
202300054241;155584346;B01;3;33;0;2;1;1;1;
202300054242;155584335;A01;1;7;0;1;2;1;2;
202300054243;155584336;B01;2;34;0;2;1;1;1;
202300054243;155584342;A01;1;7;0;2;3;15;1;
202300054244;155584334;A01;3;7;13;2;2;1;1;
202300054244;155584341;B01;3;3;0;2;1;15;1;
202300054245;155584330;A01;2;7;0;2;1;1;1;
202300054245;155584337;B01;1;7;0;2;5;1;1;
202300054246;155584331;A01;1;7;0;1;4;26;0;
202300054247;155584332;A01;3;99;0;1;3;16;6;
202300054248;155584329;A01;2;15;0;0;3;23;1;
202300054248;155584333;B01;2;7;1;0;7;1;1;
202300054248;155584338;C01;2;7;0;2;2;1;1;
202300054248;155584348;D01;2;7;0;2;2;1;2;
202300054249;155584328;A01;2;7;0;1;1;15;1;
202300054250;155584326;A01;2;7;1;0;1;1;0;
202300054251;155584327;A01;1;7;0;1;5;1;1;
202300054252;155584324;A01;1;7;5;0;2;1;1;
202300054253;155584323;A01;1;33;0;2;1;1;1;
202300054253;155584325;B01;1;7;0;2;4;23;1;
202300054254;155584317;B01;1;7;0;2;1;1;1;
202300054254;155584322;A01;2;7;0;2;1;13;1;
202300054255;155584316;A01;2;7;1;1;1;1;1;
202300054256;155584315;A01;2;10;0;1;1;1;1;
202300054257;155584313;A01;1;7;0;2;8;10;1;
202300054257;155584320;B01;1;33;0;2;1;17;1;
202300054258;155584314;A01;1;7;7;0;3;1;0;
202300054258;155584321;B01;1;7;0;2;1;1;0;
202300054259;155584311;A01;3;7;0;1;1;15;1;
202300054260;155584310;A01;1;7;0;0;0;26;1;
202300054261;155584308;B01;2;7;0;0;0;0;1;
202300054261;155584319;A01;1;3;0;0;0;0;1;
202300054262;155584307;A01;1;7;0;2;3;15;6;
202300054262;155584309;B01;1;30;0;2;1;17;3;
202300054263;155584298;A01;1;10;0;2;0;20;1;
202300054263;155584306;B01;1;33;0;2;0;1;1;
202300054264;155584297;A01;1;7;0;2;7;15;1;
202300054264;155584303;B01;2;31;0;2;1;1;1;
202300054265;155584299;A01;1;21;0;2;1;26;4;
202300054265;155584304;B01;2;7;0;2;2;1;1;
202300054266;155584294;B01;2;7;0;2;4;2;1;
202300054266;155584301;A01;2;33;0;2;1;2;1;
202300054267;155584292;A01;1;30;0;0;7;15;1;
202300054268;155584295;A01;2;7;0;2;1;5;0;
202300054268;155584302;B01;1;7;0;2;1;23;0;
202300054269;155584285;A01;1;7;0;1;3;1;1;
202300054270;155584282;A01;3;7;13;0;1;1;0;
202300054271;155584279;A01;1;7;0;2;3;1;1;
202300054271;155584288;B01;1;50;0;2;1;26;3;
202300054272;155584287;A01;3;7;0;2;2;15;1;
202300054272;155584290;B01;3;1;0;2;1;1;5;
202300054273;155584276;A01;2;1;0;2;8;19;5;
202300054273;155584280;B01;2;7;0;2;3;1;0;
202300054274;155584272;A01;1;13;1;2;1;5;1;
202300054274;155584277;B01;2;13;0;0;1;24;1;
202300054274;155584284;C01;2;10;0;2;6;1;1;
202300054275;155584273;B01;1;10;0;2;4;2;1;
202300054275;155584289;A01;1;10;0;2;1;2;1;
202300054275;155584291;C01;1;7;0;2;4;2;1;
202300054276;155584271;A01;2;31;0;2;1;3;1;
202300054276;155584275;B01;2;7;0;2;5;1;1;
202300054276;155584281;C01;2;7;0;2;6;1;3;
202300054277;155584270;A01;2;7;0;1;1;16;1;
202300054278;155584263;A01;3;7;0;2;7;2;1;
202300054278;155584267;B01;3;1;0;2;3;11;5;
202300054279;155584262;A01;0;7;0;2;2;16;1;
202300054279;155584266;B01;3;7;0;2;3;1;1;
202300054280;155584259;A01;3;7;0;2;2;1;1;
202300054280;155584268;B01;3;30;0;2;1;0;1;
202300054281;155584260;B01;2;15;0;0;4;2;1;
202300054281;155584265;A01;2;10;0;2;1;2;1;
202300054282;155584255;B01;1;33;0;0;4;1;1;
202300054282;155584264;A01;1;7;0;2;1;0;0;
202300054283;155584256;B01;1;31;0;2;1;1;1;
202300054283;155584269;A01;1;10;0;2;2;1;1;
202300054284;155584261;A01;0;7;6;1;1;0;1;
202300054285;155584252;B01;2;7;0;2;4;2;1;
202300054285;155584258;A01;2;15;0;2;1;2;1;
202300054286;155584250;A01;2;31;0;2;1;3;1;
202300054286;155584254;B01;2;7;0;2;3;1;1;
202300054286;155584257;C01;2;7;0;2;5;1;2;
202300054287;155584246;A01;1;0;0;1;0;0;1;
202300054288;155584240;A01;2;7;0;9;7;9;1;
202300054288;155584245;B01;1;1;0;2;8;13;5;
202300054289;155584238;B01;3;7;0;2;3;1;1;
202300054289;155584251;A01;3;21;0;2;1;9;1;
202300054290;155584239;A01;2;50;0;1;4;25;3;
202300054291;155584244;A01;2;80;0;1;2;1;3;
202300054292;155584243;B01;3;7;0;2;1;15;1;
202300054292;155584249;A01;3;7;0;2;1;1;1;
202300054293;155584242;B01;1;2;0;2;4;2;1;
202300054293;155584247;A01;1;7;0;2;2;2;1;
202300054293;155584253;C01;1;7;0;2;4;2;1;
202300054294;155584237;B01;1;7;0;0;4;1;1;
202300054294;155584248;A01;1;7;0;2;1;2;1;
202300054295;155584233;C01;1;7;0;2;4;2;1;
202300054295;155584235;B01;1;7;0;2;1;2;1;
202300054295;155584241;A01;1;7;0;2;1;2;1;
202300054296;155584225;B01;1;7;0;2;3;21;1;
202300054296;155584234;A01;1;35;0;2;2;9;1;
202300054297;155584230;A01;2;30;0;0;0;1;3;
202300054298;155584232;Z01;2;31;0;2;1;2;1;
202300054298;155584236;A01;3;1;0;2;4;2;5;
202300054299;155584228;A01;2;7;3;0;9;26;6;
202300054300;155584223;A01;3;7;0;2;1;1;1;
202300054300;155584229;B01;3;50;0;2;8;0;3;
202300054301;155584222;B01;1;31;0;9;1;13;1;
202300054301;155584227;A01;1;1;0;2;8;10;5;
202300054302;155584221;B01;1;7;0;0;2;1;1;
202300054302;155584226;A01;3;10;7;0;5;4;1;
202300054303;155584220;A01;1;7;0;2;1;1;1;
202300054303;155584224;B01;2;7;0;2;6;16;1;
202300054304;155584217;A01;0;1;0;1;1;21;5;
202300054305;155584216;A01;1;7;3;0;1;1;1;
202300054306;155584211;A01;0;33;15;0;3;2;1;
202300054307;155584212;A01;1;37;0;0;0;1;3;2.0
202300054308;155584215;A01;1;10;0;2;3;1;1;
202300054308;155584218;B01;3;1;0;2;6;23;5;
202300054309;155584209;B01;2;33;0;2;1;2;0;
202300054309;155584214;A01;2;99;0;2;7;15;0;
202300054310;155584207;B01;1;7;0;2;5;2;1;
202300054310;155584219;A01;1;7;0;2;3;2;1;
202300054311;155584208;B01;3;32;0;2;0;1;1;
202300054311;155584213;A01;3;10;0;2;0;15;1;
202300054312;155584204;A01;2;2;14;0;1;1;1;
202300054313;155584201;B01;1;7;0;0;1;1;1;
202300054313;155584210;A01;1;7;15;0;2;19;1;
202300054314;155584200;A01;3;15;0;2;2;15;1;
202300054314;155584205;B01;3;10;0;2;1;2;1;
202300054315;155584202;A01;0;7;6;0;1;0;0;
202300054315;155584206;B01;3;7;6;2;2;1;0;
202300054316;155584199;A01;1;7;0;1;2;1;1;
202300054317;155584195;A01;1;7;3;0;1;1;1;
202300054318;155584191;A01;2;7;0;2;3;15;1;
202300054318;155584194;B01;1;33;0;2;1;1;1;
202300054319;155584197;A01;1;7;0;2;1;1;1;
202300054319;155584203;B01;1;7;0;0;6;19;2;
202300054320;155584189;A01;3;33;6;0;1;13;1;
202300054321;155584190;A01;1;33;0;0;0;1;1;
202300054322;155584188;B01;1;7;0;2;3;1;0;
202300054322;155584192;A01;2;7;0;2;3;1;0;
202300054323;155584186;A01;2;7;0;2;7;1;1;
202300054323;155584193;C01;1;7;0;2;1;1;1;
202300054323;155584198;B01;2;7;0;2;1;15;1;
202300054324;155584185;A01;2;30;0;2;1;2;1;
202300054325;155584182;A01;1;7;0;0;9;14;1;
202300054326;155584180;A01;1;1;0;2;7;17;5;
202300054326;155584183;B01;1;1;0;2;8;1;5;
202300054327;155584184;A01;1;7;0;2;3;15;1;
202300054327;155584187;B01;1;1;0;2;0;1;5;
202300054328;155584181;A01;2;7;0;2;3;10;1;
202300054328;155584196;B01;-1;31;0;2;1;1;1;
202300054329;155584176;A01;1;7;2;0;0;14;1;
202300054330;155584177;A01;2;7;13;0;9;1;1;
202300054331;155584174;A01;1;10;0;2;1;1;1;
202300054331;155584179;B01;1;10;0;2;4;1;1;
202300054332;155584171;A01;1;33;12;0;1;1;1;
202300054333;155584169;A01;2;7;0;2;6;15;1;
202300054333;155584178;B01;2;7;0;2;3;1;1;
202300054334;155584168;A01;3;10;0;1;4;4;1;
202300054335;155584167;A01;1;7;0;2;2;17;0;
202300054335;155584173;B01;1;7;0;2;1;2;0;
202300054336;155584165;A01;2;7;0;2;4;1;1;
202300054336;155584172;B01;2;10;0;2;4;1;1;
202300054336;155584175;Z01;2;7;0;2;1;1;1;
202300054337;155584164;A01;3;21;0;2;3;19;1;
202300054337;155584170;B01;2;1;0;2;1;1;5;
202300054338;155584162;A01;1;7;4;0;1;1;1;
202300054339;155584163;A01;3;33;12;0;9;19;1;
202300054340;155584161;B01;2;15;0;2;1;1;1;
202300054340;155584166;A01;1;7;0;2;1;15;1;
202300054341;155584158;A01;3;1;0;0;1;1;5;
202300054342;155584157;B01;0;7;0;1;1;1;1;
202300054343;155584154;B01;2;33;0;2;3;1;1;
202300054343;155584159;A01;1;7;0;2;2;15;1;
202300054344;155584151;A01;2;7;0;0;3;1;1;
202300054345;155584148;B01;2;33;0;2;3;1;1;
202300054345;155584153;A01;1;33;0;2;3;13;1;
202300054346;155584150;A01;1;43;0;2;0;17;1;
202300054346;155584156;B01;2;43;0;2;0;5;1;
202300054346;155584160;Z01;1;33;0;2;0;13;0;
202300054347;155584146;B01;3;34;0;2;1;1;1;
202300054347;155584152;A01;3;7;0;2;1;9;1;
202300054348;155584143;B01;0;33;0;2;8;1;1;
202300054348;155584145;A01;0;10;0;2;1;15;1;
202300054349;155584141;A01;3;7;0;2;1;1;1;
202300054349;155584149;B01;3;7;0;2;4;23;1;
202300054349;155584155;C01;3;7;0;2;4;23;1;
202300054350;155584140;A01;1;7;0;2;2;15;1;
202300054350;155584144;B01;1;33;0;2;1;1;1;
202300054351;155584142;A01;1;7;0;1;3;15;1;
202300054352;155584138;A01;2;31;9;0;3;1;1;
202300054353;155584136;A01;1;7;0;1;3;1;1;
202300054354;155584137;B01;2;7;0;2;3;1;1;
202300054354;155584147;A01;2;7;0;2;1;1;2;
202300054355;155584134;A01;2;7;3;2;9;26;1;
202300054355;155584139;B01;2;7;0;2;6;2;1;
202300054356;155584133;B01;3;50;0;2;7;19;3;
202300054356;155584135;A01;3;7;0;2;1;15;1;
202300054357;155584127;A01;2;32;0;1;9;1;1;
202300054358;155584124;A01;2;2;12;2;1;2;1;
202300054358;155584132;B01;2;7;0;0;5;2;1;
202300054359;155584123;Z01;1;7;0;2;7;17;1;
202300054359;155584131;A01;1;32;6;2;8;2;1;
202300054360;155584122;A01;3;7;0;2;0;0;0;
202300054360;155584130;B01;1;30;0;2;1;2;1;
202300054361;155584121;B01;1;7;0;2;1;9;1;
202300054361;155584126;A01;1;7;0;2;4;9;1;
202300054362;155584120;B01;1;7;0;0;5;15;1;
202300054362;155584128;A01;2;1;0;2;1;19;5;
202300054363;155584119;B01;1;2;0;0;1;23;1;
202300054363;155584125;A01;1;7;0;2;3;15;1;
202300054364;155584114;A01;3;1;0;2;7;17;5;
202300054364;155584118;B01;3;1;0;2;6;1;5;
202300054365;155584117;A01;2;7;0;2;3;15;1;
202300054365;155584129;B01;1;2;1;2;3;1;1;
202300054366;155584115;A01;1;7;4;0;1;1;1;
202300054367;155584112;A01;3;1;13;0;1;1;5;
202300054368;155584109;A01;3;7;0;2;3;6;1;
202300054368;155584111;B01;3;2;0;2;2;26;1;
202300054369;155584108;B01;1;33;0;2;1;19;1;
202300054369;155584116;A01;1;7;0;2;3;1;1;
202300054370;155584106;A01;3;7;0;2;1;13;1;
202300054370;155584113;B01;3;7;0;2;1;1;1;
202300054371;155584104;A01;1;33;13;0;1;1;1;
202300054372;155584105;A01;3;33;0;2;2;1;0;
202300054372;155584110;Z01;0;10;0;2;0;9;0;
202300054373;155584103;A01;3;7;0;2;3;9;1;
202300054373;155584107;B01;3;33;0;2;1;1;1;
202300054374;155584102;A01;2;2;0;2;1;18;1;
202300054375;155584100;A01;2;7;0;1;2;16;1;
202300054376;155584097;A01;2;7;7;0;2;14;1;
202300054377;155584096;A01;1;7;0;1;2;11;1;
202300054378;155584095;A01;2;7;0;2;3;15;1;
202300054378;155584101;B01;1;2;0;2;7;1;1;
202300054379;155584091;A01;2;1;0;2;3;1;5;
202300054379;155584093;B01;1;7;0;0;8;1;1;
202300054380;155584098;A01;1;7;0;1;4;4;1;
202300054381;155584089;A01;2;10;6;0;1;1;1;
202300054382;155584090;A01;1;10;0;2;3;16;1;
202300054382;155584094;B01;1;2;0;2;1;1;1;
202300054383;155584092;A01;2;7;0;2;1;15;1;
202300054383;155584099;B01;2;7;13;2;3;1;1;
202300054384;155584086;A01;1;7;0;1;6;4;1;
202300054385;155584085;A01;1;7;8;0;1;14;1;
202300054386;155584083;A01;1;7;0;2;5;15;2;
202300054386;155584088;B01;1;2;0;2;1;1;1;
202300054387;155584080;B01;1;7;0;2;3;2;1;
202300054387;155584087;A01;1;7;0;2;3;2;1;
202300054388;155584079;A01;1;7;2;0;1;1;1;
202300054389;155584076;A01;2;7;0;2;1;1;1;
202300054389;155584081;B01;2;7;0;2;4;1;1;
202300054390;155584075;A01;2;7;2;0;3;13;1;
202300054391;155584072;A01;3;7;0;1;2;1;1;
202300054392;155584071;A01;0;7;0;2;1;17;1;
202300054392;155584074;B01;0;7;0;2;1;1;1;
202300054393;155584077;B01;2;7;0;2;1;9;1;
202300054393;155584082;C01;1;7;0;2;6;2;1;
202300054393;155584084;A01;1;7;0;2;1;17;1;
202300054394;155584078;A01;0;33;0;1;1;1;1;
202300054395;155584069;B01;1;7;0;2;1;1;1;
202300054395;155584073;A01;1;7;0;2;1;13;1;
202300054396;155584067;A01;2;33;1;0;1;1;1;
202300054397;155584066;B01;2;7;0;2;2;1;1;
202300054397;155584070;A01;2;1;0;2;3;16;5;
202300054398;155584068;Z01;1;32;0;1;0;1;0;
202300054399;155584064;A01;1;31;2;0;0;16;1;
202300054400;155584061;A01;1;33;13;0;1;1;1;
202300054401;155584058;A01;2;7;0;1;1;15;1;
202300054402;155584057;B01;1;7;0;2;6;1;1;
202300054402;155584062;A01;1;33;0;2;7;2;1;
202300054403;155584060;A01;1;17;0;1;7;1;1;
202300054404;155584055;B01;1;7;0;2;3;1;1;
202300054404;155584063;C01;2;7;0;2;2;2;1;
202300054404;155584065;A01;2;33;0;2;1;1;1;
202300054405;155584054;A01;1;33;0;0;1;1;1;
202300054406;155584056;A01;3;31;0;0;7;1;1;
202300054407;155584052;A01;2;30;1;0;1;14;1;
202300054407;155584059;C01;1;2;0;2;8;26;1;
202300054408;155584050;A01;2;33;3;0;8;13;1;
202300054409;155584053;A01;2;43;0;1;1;1;1;
202300054410;155584046;A01;3;7;0;1;3;1;1;
202300054411;155584048;A01;2;3;0;2;7;15;1;
202300054411;155584051;B01;1;2;0;2;1;1;1;
202300054412;155584043;A01;1;10;0;0;8;9;1;
202300054412;155584049;B01;2;33;0;2;2;1;1;
202300054413;155584041;B01;2;10;0;2;1;2;1;
202300054413;155584044;A01;2;17;0;2;4;2;1;
202300054414;155584039;A01;2;7;0;9;7;17;1;
202300054414;155584045;B01;2;80;0;0;8;2;3;
202300054415;155584040;A01;0;7;0;2;1;0;1;
202300054415;155584047;B01;1;10;0;2;2;1;1;
202300054416;155584037;A01;3;7;2;0;1;1;1;
202300054417;155584035;A01;1;7;6;0;1;1;1;
202300054418;155584034;A01;1;7;0;2;8;15;1;
202300054418;155584042;B01;1;33;0;2;1;1;1;
202300054419;155584032;A01;1;7;0;2;3;15;1;
202300054419;155584038;B01;2;32;0;2;1;1;1;
202300054420;155584031;A01;1;7;0;2;3;9;1;
202300054420;155584033;B01;1;1;0;2;2;9;5;
202300054421;155584029;A01;2;7;2;0;1;1;1;
202300054422;155584022;B01;1;80;0;2;1;2;3;
202300054422;155584027;A01;1;10;0;0;6;4;1;
202300054423;155584025;A01;1;7;0;2;3;1;1;
202300054423;155584030;B01;2;21;0;2;6;1;1;
202300054424;155584024;A01;3;43;0;1;1;2;1;
202300054425;155584021;A01;2;7;15;0;1;1;1;
202300054426;155584019;A01;1;7;0;1;1;1;1;
202300054427;155584017;A01;2;7;0;2;1;2;1;
202300054427;155584023;B01;3;1;0;2;7;19;5;
202300054428;155584015;A01;1;7;0;2;1;26;0;
202300054428;155584028;C01;2;7;0;2;8;23;1;
202300054428;155584036;B01;2;10;0;2;3;1;1;
202300054429;155584018;A01;1;10;0;2;8;19;1;
202300054429;155584026;B01;1;7;0;2;1;1;1;
202300054430;155584016;A01;2;7;0;2;2;9;1;
202300054430;155584020;B01;2;33;0;2;1;1;1;
202300054431;155584011;A01;1;33;0;2;1;1;1;
202300054431;155584014;B01;2;7;0;2;3;1;1;
202300054432;155584010;A01;0;10;0;1;1;1;0;
202300054433;155584008;A01;1;7;8;0;1;0;1;
202300054434;155584007;B01;1;15;0;2;7;1;1;
202300054434;155584012;A01;1;32;0;2;8;1;1;
202300054435;155584005;A01;2;3;0;2;7;19;1;
202300054435;155584013;B01;1;33;0;2;1;1;1;
202300054436;155584001;A01;3;7;8;0;1;19;1;
202300054437;155584000;A01;3;50;0;2;3;19;3;
202300054437;155584004;B01;3;7;0;2;1;1;0;
202300054438;155583999;B01;3;50;0;2;1;25;3;
202300054438;155584002;A01;0;7;0;9;2;16;1;
202300054439;155583998;A01;2;7;0;2;1;15;1;
202300054439;155584003;B01;1;7;0;2;1;1;1;
202300054440;155583994;A01;2;2;0;2;8;1;1;
202300054440;155583997;B01;1;2;0;2;8;1;1;
202300054441;155583993;A01;1;7;0;2;3;13;1;
202300054441;155583995;B01;2;10;0;2;2;1;1;
202300054442;155583990;A01;1;7;0;2;3;2;1;
202300054442;155583996;B01;2;50;0;2;8;19;3;
202300054443;155583986;A01;3;7;0;1;3;16;1;
202300054444;155583984;A01;2;7;0;2;1;0;0;
202300054444;155583991;B01;2;7;0;2;0;0;0;
202300054445;155583985;B01;2;7;3;2;8;1;1;
202300054445;155583992;A01;1;17;3;2;3;1;1;
202300054446;155583982;A01;1;10;0;2;1;2;1;
202300054446;155583988;B01;1;15;0;0;4;2;1;
202300054447;155583981;A01;2;33;3;0;1;1;1;
202300054448;155583983;A01;1;7;0;2;8;15;1;
202300054448;155583989;B01;1;7;0;2;7;17;1;
202300054449;155583979;A01;1;7;4;0;9;1;1;
202300054450;155583977;B01;2;80;0;2;1;5;3;
202300054450;155583978;A01;1;7;15;2;3;1;1;
202300054451;155583974;A01;3;37;0;1;7;19;0;1.0
202300054452;155583972;B01;1;33;0;2;1;21;1;
202300054452;155583975;A01;1;3;0;2;2;9;1;
202300054453;155583971;C01;2;7;0;2;1;1;1;
202300054453;155583976;B01;2;7;0;2;1;1;1;
202300054453;155583980;A01;1;10;0;2;1;5;1;
202300054454;155583970;A01;1;7;0;9;7;1;0;
202300054455;155583964;A01;0;7;0;9;3;18;0;
202300054455;155583973;B01;0;1;0;2;2;14;5;
202300054456;155583965;A01;1;7;4;0;3;2;2;
202300054457;155583962;A01;2;7;0;2;1;13;1;
202300054457;155583968;B01;1;15;0;2;3;1;1;
202300054458;155583961;A01;3;7;0;2;0;1;1;
202300054458;155583966;B01;3;1;0;0;0;0;5;
202300054459;155583960;B01;1;13;0;2;8;0;1;
202300054459;155583967;A01;2;7;0;2;3;13;1;
202300054460;155583957;B01;1;0;0;0;0;0;0;
202300054461;155583956;B01;3;7;0;2;3;1;1;
202300054461;155583959;A01;3;7;0;2;3;5;2;
202300054462;155583952;E01;3;7;0;0;3;23;1;
202300054462;155583958;D01;3;7;0;0;8;24;1;
202300054462;155583963;C01;3;7;0;0;8;23;1;
202300054462;155583969;A01;3;7;15;2;7;19;1;
202300054462;155583987;B01;3;10;0;2;1;1;3;
202300054463;155583950;B01;2;33;0;2;1;2;1;
202300054463;155583955;A01;2;7;0;0;4;1;2;
202300054464;155583948;A01;0;33;0;0;4;2;1;
202300054464;155583953;B01;0;33;0;2;1;2;1;
202300054465;155583949;A01;1;7;6;2;9;1;1;
202300054465;155583954;B01;2;10;0;2;3;21;3;
202300054466;155583946;A01;2;7;0;0;6;23;1;
202300054466;155583951;B01;2;32;0;2;3;3;1;
202300054467;155583942;A01;1;7;0;2;1;15;1;
202300054467;155583947;B01;2;33;0;2;1;1;1;
202300054468;155583943;A01;1;7;8;0;6;0;0;
202300054469;155583938;A01;1;3;14;0;5;17;1;
202300054469;155583944;B01;1;2;14;0;0;0;1;
202300054470;155583940;B01;1;17;0;2;8;1;1;
202300054470;155583945;A01;2;15;0;2;3;13;1;
202300054471;155583937;A01;2;7;3;0;3;13;1;
202300054472;155583935;A01;1;33;0;0;1;0;1;
202300054473;155583934;A01;3;7;2;0;2;2;0;
202300054474;155583933;B01;2;50;0;2;1;0;3;
202300054474;155583941;A01;1;10;0;2;2;15;1;
202300054475;155583931;A01;1;7;0;1;2;1;1;
202300054476;155583932;A01;2;7;0;2;4;2;1;
202300054476;155583936;B01;2;7;0;2;1;2;1;
202300054477;155583930;B01;1;80;0;0;0;0;3;
202300054477;155583939;A01;2;7;0;2;3;13;1;
202300054478;155583926;A01;3;10;0;2;1;2;1;
202300054478;155583929;B01;3;7;0;2;4;2;1;
202300054479;155583927;A01;2;7;13;0;1;16;1;
202300054480;155583923;B01;1;10;0;2;4;2;1;
202300054480;155583928;A01;1;31;0;2;1;2;1;
202300054481;155583921;A01;3;50;0;1;1;1;3;
202300054482;155583919;B01;0;33;0;2;1;1;1;
202300054482;155583922;A01;3;10;0;2;4;2;1;
202300054483;155583917;A01;1;7;4;0;8;13;1;
202300054484;155583915;A01;2;32;0;0;0;17;1;
202300054485;155583916;A01;3;10;0;1;1;1;0;
202300054485;155583924;B01;3;7;0;1;8;23;0;
202300054486;155583910;A01;2;7;13;0;1;1;1;
202300054487;155583912;A01;1;33;7;0;1;9;1;
202300054488;155583913;B01;1;7;0;2;3;23;1;
202300054488;155583918;A01;2;7;9;2;1;19;1;
202300054489;155583908;C01;1;7;0;2;1;1;1;
202300054489;155583914;A01;1;7;0;2;4;1;1;
202300054489;155583920;B01;1;7;0;2;4;1;1;
202300054490;155583907;A01;0;7;0;2;3;15;1;
202300054490;155583911;B01;0;33;0;2;1;17;1;
202300054491;155583902;A01;1;7;0;0;9;0;1;
202300054492;155583903;B01;1;10;0;2;1;1;1;
202300054492;155583906;A01;2;7;13;2;2;1;1;
202300054493;155583901;A01;2;32;0;2;8;17;1;
202300054493;155583905;B01;1;7;0;2;3;14;1;
202300054494;155583904;B01;2;31;0;2;0;0;1;
202300054494;155583909;A01;3;21;0;2;7;19;1;
202300054495;155583897;A01;2;1;0;1;1;1;5;
202300054496;155583896;A01;3;33;12;2;1;21;1;
202300054497;155583900;A01;1;0;0;1;3;2;0;
202300054498;155583895;A01;1;7;0;2;5;1;3;
202300054498;155583899;B01;1;13;0;2;3;1;1;
202300054499;155583893;A01;1;7;0;0;9;1;1;
202300054500;155583894;A01;0;7;0;2;1;15;1;
202300054500;155583898;B01;0;32;0;2;8;1;1;
202300054501;155583891;A01;1;7;0;1;1;1;0;
202300054502;155583889;Z01;1;7;0;1;8;1;0;
202300054503;155583888;A01;1;7;0;1;3;1;0;
202300054504;155583883;B01;2;7;0;0;1;1;0;
202300054504;155583892;A01;2;17;0;0;0;0;1;
202300054505;155583885;A01;2;7;2;2;8;17;1;
202300054505;155583890;B01;2;14;0;2;3;1;1;
202300054506;155583881;A01;2;32;0;2;1;3;1;
202300054506;155583886;B01;2;7;0;2;5;12;1;
202300054507;155583879;B01;1;7;0;2;3;1;1;
202300054507;155583884;A01;1;7;0;2;3;1;1;
202300054507;155583887;C01;1;7;0;2;3;1;1;
202300054508;155583878;A01;1;34;16;0;8;1;1;
202300054509;155583875;A01;1;7;0;2;1;5;1;
202300054509;155583880;B01;2;7;0;2;1;1;1;
202300054510;155583877;A01;1;7;0;1;4;26;0;
202300054511;155583876;A01;3;10;0;2;1;19;1;
202300054512;155583872;A01;2;7;13;0;1;1;1;