Num_Acc;id_vehicule;num_veh;senc;catv;obs;obsm;choc;manv;motor;occutc
202300054513;155583870;A01;1;7;0;2;3;9;1;
202300054513;155583874;B01;1;33;0;2;1;2;1;
202300054514;155583867;B01;2;10;0;0;5;2;1;
202300054514;155583873;A01;2;2;0;2;1;0;1;
202300054515;155583864;A01;2;7;0;2;8;9;1;
202300054515;155583869;B01;1;33;0;2;2;1;1;
202300054516;155583861;A01;1;10;0;2;1;1;1;
202300054516;155583866;B01;1;1;0;2;4;2;5;
202300054517;155583860;A01;1;7;0;1;2;1;1;
202300054518;155583858;A01;1;7;0;1;2;15;1;
202300054519;155583857;C01;1;7;14;0;3;0;1;
202300054519;155583862;A01;1;7;3;2;1;2;1;
202300054519;155583868;D01;1;7;14;0;3;2;2;
202300054519;155583871;B01;1;7;0;2;4;2;1;
202300054520;155583855;B01;1;7;0;2;6;15;1;
202300054520;155583863;A01;1;7;0;2;1;1;1;
202300054521;155583859;A01;2;10;0;9;3;15;0;
202300054521;155583865;B01;2;1;0;2;1;1;5;
202300054522;155583852;A01;3;7;0;2;3;1;1;
202300054522;155583854;B01;3;34;0;2;1;1;1;
202300054523;155583848;A01;2;7;0;2;3;15;1;
202300054523;155583853;B01;2;7;0;2;2;17;1;
202300054524;155583844;A01;2;7;13;0;1;1;0;
202300054525;155583845;A01;2;7;0;2;1;15;1;
202300054525;155583849;B01;1;31;0;2;0;1;1;
202300054526;155583846;B01;2;2;0;2;1;18;0;
202300054526;155583850;A01;2;7;0;2;7;19;1;
202300054527;155583843;A01;1;7;0;2;4;15;1;
202300054527;155583851;B01;1;7;0;2;1;1;1;
202300054527;155583856;C01;1;13;0;2;8;23;1;
202300054528;155583841;A01;2;37;0;1;5;1;1;1.0
202300054529;155583838;A01;0;7;0;1;1;1;1;
202300054530;155583836;B01;1;7;0;2;2;15;1;
202300054530;155583847;A01;2;32;0;2;3;8;1;
202300054531;155583839;A01;1;7;0;2;7;12;1;
202300054531;155583842;B01;1;33;0;2;8;3;1;
202300054532;155583835;A01;2;7;0;0;1;1;1;
202300054533;155583830;A01;1;31;0;2;8;1;1;
202300054533;155583833;B01;2;7;12;2;5;15;1;
202300054534;155583832;A01;2;7;6;0;2;1;1;
202300054535;155583831;A01;2;10;0;2;4;1;1;
202300054535;155583834;B01;2;10;0;2;1;1;1;
202300054535;155583837;C01;2;7;0;2;1;1;1;
202300054535;155583840;D01;2;7;0;2;1;1;1;
202300054536;155583827;A01;1;50;0;1;1;1;3;
202300054537;155583826;A01;0;7;0;1;3;1;1;
202300054538;155583824;A01;3;30;0;2;7;1;6;
202300054538;155583829;B01;3;7;0;2;1;1;6;
202300054539;155583825;B01;2;7;0;2;1;1;1;
202300054539;155583828;A01;1;7;0;2;2;15;1;
202300054540;155583822;A01;3;7;4;0;2;0;1;
202300054541;155583821;A01;1;7;2;0;1;1;1;
202300054542;155583820;A01;2;7;6;0;1;1;1;
202300054543;155583819;A01;1;7;0;2;3;26;1;
202300054543;155583823;B01;1;7;0;2;5;2;3;
202300054544;155583814;A01;3;60;0;2;7;19;5;
202300054544;155583817;B01;1;1;0;2;2;2;5;
202300054545;155583813;A01;1;3;0;2;1;26;1;
202300054545;155583816;B01;2;60;0;2;1;26;5;
202300054546;155583818;A01;3;33;0;0;8;1;1;
202300054547;155583811;A01;2;7;13;0;1;14;0;
202300054548;155583810;A01;1;33;0;2;3;7;1;
202300054548;155583815;B01;1;7;0;2;7;16;1;
202300054549;155583808;B01;1;7;0;2;3;13;1;
202300054549;155583812;A01;2;7;0;2;3;1;2;
202300054550;155583807;A01;1;7;3;0;7;1;1;
202300054551;155583805;A01;2;7;0;2;1;1;1;
202300054551;155583809;B01;1;7;0;2;1;1;1;
202300054552;155583804;A01;1;2;6;0;0;0;3;
202300054553;155583802;A01;2;60;0;1;8;1;5;
202300054554;155583800;A01;2;1;0;0;0;14;5;
202300054555;155583799;B01;2;7;0;2;8;15;1;
202300054555;155583803;A01;2;33;0;2;1;17;1;
202300054556;155583798;A01;2;17;13;0;8;1;0;
202300054557;155583796;A01;0;7;9;0;1;0;1;
202300054558;155583792;A01;1;7;0;2;1;1;1;
202300054558;155583797;B01;1;7;0;2;4;1;2;
202300054559;155583789;A01;2;7;0;2;5;17;1;
202300054559;155583794;B01;2;15;0;2;3;1;1;
202300054560;155583787;A01;1;7;0;2;1;2;1;
202300054560;155583791;B01;1;7;0;2;4;2;1;
202300054561;155583788;A01;2;7;13;0;1;1;0;
202300054562;155583786;A01;1;33;0;2;1;17;1;
202300054562;155583793;B01;1;21;0;2;6;15;1;
202300054563;155583790;A01;1;60;0;1;7;25;5;
202300054564;155583784;A01;3;1;0;0;9;0;5;
202300054565;155583785;A01;3;7;0;1;1;1;1;
202300054566;155583779;A01;1;33;3;0;1;1;1;
202300054567;155583777;C01;2;7;0;2;4;1;1;
202300054567;155583781;A01;2;10;0;2;1;1;1;
202300054567;155583783;B01;2;10;0;2;4;1;1;
202300054568;155583773;B01;1;1;0;2;3;5;5;
202300054568;155583780;A01;1;7;0;2;2;1;1;
202300054569;155583774;B01;2;7;0;2;3;1;1;
202300054569;155583782;A01;1;7;0;2;1;11;1;
202300054570;155583771;B01;1;3;13;2;4;1;1;
202300054570;155583778;A01;1;10;0;2;1;17;1;
202300054571;155583770;Z01;1;7;0;1;0;1;1;
202300054572;155583769;B01;1;7;0;2;2;1;1;
202300054572;155583772;A01;2;10;0;2;7;15;1;
202300054573;155583768;A01;3;2;14;9;2;1;1;
202300054574;155583776;A01;2;10;0;1;8;0;1;
202300054575;155583764;A01;2;7;0;2;1;5;1;
202300054575;155583775;B01;1;7;0;2;1;1;1;
202300054576;155583762;A01;1;7;0;1;1;1;1;
202300054577;155583760;C01;2;7;0;2;5;1;1;
202300054577;155583765;B01;2;10;0;2;3;1;1;
202300054577;155583767;A01;2;7;0;2;2;12;1;
202300054578;155583759;B01;1;7;0;2;4;23;1;
202300054578;155583763;A01;1;33;0;2;1;17;1;
202300054579;155583752;B01;0;1;0;2;3;19;5;
202300054579;155583755;A01;1;7;0;2;2;1;1;
202300054580;155583753;A01;3;30;0;2;3;1;1;
202300054580;155583758;B01;3;80;0;2;3;15;3;
202300054581;155583748;A01;3;7;8;0;2;1;1;
202300054582;155583747;A01;1;2;0;0;7;1;1;
202300054583;155583746;A01;2;7;0;2;2;2;1;
202300054583;155583756;B01;2;2;0;0;4;2;1;
202300054584;155583749;A01;1;7;0;2;0;5;1;
202300054584;155583754;B01;2;31;0;0;0;1;1;
202300054585;155583744;A01;1;7;0;2;1;1;1;
202300054585;155583751;C01;1;7;0;2;4;1;1;
202300054585;155583757;B01;1;7;0;2;4;1;1;
202300054586;155583742;B01;1;33;3;2;8;2;1;
202300054586;155583745;A01;1;7;3;2;7;14;1;
202300054587;155583740;A01;1;33;0;0;9;1;1;
202300054588;155583734;A01;3;7;0;2;3;16;1;
202300054588;155583737;B01;3;33;0;2;2;15;1;
202300054589;155583732;A01;0;1;0;2;0;0;5;
202300054589;155583738;B01;0;7;0;9;2;1;2;
202300054590;155583735;A01;1;31;0;2;1;2;0;
202300054591;155583731;B01;3;7;0;2;3;1;1;
202300054591;155583739;A01;2;1;0;2;7;1;5;
202300054592;155583729;B01;1;1;0;2;1;1;5;
202300054592;155583736;A01;1;7;0;2;3;1;2;
202300054593;155583726;B01;2;7;0;2;6;23;1;
202300054593;155583730;A01;2;99;0;2;2;2;1;
202300054594;155583721;A01;2;33;15;0;1;1;1;
202300054595;155583722;A01;3;33;0;2;1;1;1;
202300054595;155583727;B01;3;1;0;2;1;1;5;
202300054596;155583724;B01;2;33;0;2;1;1;1;
202300054596;155583728;A01;2;7;0;2;7;12;1;
202300054597;155583719;B01;2;7;0;2;1;1;1;
202300054597;155583723;A01;1;7;0;2;7;13;1;
202300054598;155583716;B01;2;43;0;2;1;1;1;
202300054598;155583720;A01;2;7;0;2;5;1;1;
202300054599;155583714;B01;1;1;0;2;1;1;5;
202300054599;155583718;A01;1;7;1;0;2;9;1;
202300054600;155583713;A01;2;15;0;2;2;12;1;
202300054600;155583717;B01;2;7;0;2;8;1;1;
202300054601;155583708;A01;2;7;13;0;1;0;1;
202300054602;155583710;B01;1;7;0;2;1;15;1;
202300054602;155583715;A01;2;1;0;2;1;1;5;
202300054603;155583709;A01;1;33;0;2;1;12;1;
202300054603;155583712;B01;1;7;0;2;8;1;1;
202300054604;155583705;A01;3;7;0;1;4;20;1;
202300054605;155583707;A01;2;7;0;2;2;12;1;
202300054605;155583711;B01;2;33;0;2;8;0;1;
202300054606;155583704;A01;2;32;0;0;5;1;1;
202300054607;155583703;A01;2;7;6;0;3;1;1;
202300054608;155583702;B01;1;33;0;2;1;1;1;
202300054608;155583706;A01;1;7;0;2;8;19;1;
202300054609;155583725;A01;1;7;0;2;6;15;1;
202300054609;155583733;B01;2;33;0;2;1;1;1;
202300054610;155583694;A01;1;7;0;0;4;2;1;
202300054610;155583699;B01;1;7;0;0;1;2;1;
202300054611;155583691;A01;1;7;0;2;6;1;1;
202300054611;155583696;Z01;1;0;0;0;0;0;0;
202300054612;155583693;B01;2;14;0;2;1;1;1;
202300054612;155583700;A01;1;7;0;2;2;13;1;
202300054613;155583690;A01;2;33;0;2;1;3;1;
202300054613;155583697;B01;2;33;0;2;4;2;1;
202300054614;155583688;C01;1;7;13;2;3;1;1;
202300054614;155583698;A01;2;7;13;0;3;0;1;
202300054614;155583701;B01;2;7;0;2;0;0;1;
202300054615;155583685;A01;1;30;1;0;9;13;1;
202300054616;155583684;A01;1;7;13;0;1;1;1;
202300054617;155583683;A01;1;7;0;2;2;15;1;
202300054617;155583689;B01;2;7;8;0;7;1;1;
202300054618;155583681;A01;1;7;0;2;1;1;1;
202300054618;155583687;C01;1;7;0;2;4;26;1;
202300054618;155583695;B01;1;7;3;2;9;1;1;
202300054619;155583678;A01;2;7;0;2;3;11;1;
202300054619;155583682;B01;2;33;0;2;2;1;1;
202300054620;155583679;A01;1;33;0;0;7;21;1;
202300054621;155583676;A01;1;7;3;0;2;14;1;
202300054622;155583675;A01;2;7;0;0;9;1;1;
202300054623;155583674;B01;3;1;0;2;8;15;5;
202300054623;155583680;A01;1;7;0;9;1;1;1;
202300054624;155583673;A01;1;7;9;2;3;1;1;
202300054624;155583677;B01;2;16;0;0;8;1;1;
202300054625;155583671;B01;3;7;15;1;2;26;1;
202300054626;155583670;A01;3;7;1;1;3;16;1;
202300054627;155583672;A01;3;7;16;0;9;24;1;
202300054628;155583665;A01;1;7;0;2;4;2;1;
202300054628;155583667;B01;1;10;0;2;4;2;1;
202300054628;155583669;C01;1;14;0;2;1;2;1;
202300054629;155583663;A01;1;7;0;1;1;1;1;
202300054630;155583661;A01;2;1;0;2;1;2;5;
202300054630;155583664;B01;2;7;0;2;4;1;1;
202300054631;155583660;C01;2;7;0;2;4;1;1;
202300054631;155583666;B01;2;7;0;2;3;11;1;
202300054631;155583668;A01;2;31;0;2;7;3;1;
202300054632;155583659;A01;1;33;0;0;9;1;1;
202300054633;155583655;A01;1;99;7;0;1;14;1;
202300054634;155583654;A01;1;7;0;2;4;2;1;
202300054634;155583657;B01;1;7;0;2;4;2;1;
202300054634;155583662;C01;1;7;0;2;1;2;1;
202300054635;155583653;A01;2;7;16;0;9;1;1;
202300054636;155583650;A01;2;10;0;2;3;13;1;
202300054636;155583656;B01;1;7;0;2;3;1;1;
202300054637;155583648;A01;2;7;2;0;3;17;1;
202300054638;155583646;B01;1;7;0;0;4;23;1;
202300054638;155583652;A01;1;7;0;2;1;26;0;
202300054639;155583641;A01;2;7;0;1;4;26;0;
202300054640;155583639;A01;0;7;0;2;3;5;1;
202300054640;155583644;B01;0;7;3;0;5;2;1;
202300054640;155583649;C01;0;7;0;2;3;1;2;
202300054641;155583637;A01;2;7;0;2;2;21;1;
202300054641;155583642;B01;2;7;0;2;6;2;2;
202300054642;155583633;A01;1;7;13;0;1;1;1;
202300054643;155583635;A01;2;17;0;2;1;1;1;
202300054643;155583640;B01;2;7;0;2;1;9;1;
202300054643;155583645;C01;2;7;0;2;4;1;1;
202300054644;155583632;E01;1;7;0;2;4;0;1;
202300054644;155583643;D01;1;7;0;2;4;26;1;
202300054644;155583647;B01;1;7;0;2;5;0;1;
202300054644;155583651;A01;1;7;0;2;1;26;1;
202300054644;155583658;C01;1;7;0;2;0;0;1;
202300054645;155583630;B01;3;7;0;2;1;1;3;
202300054645;155583634;A01;3;7;0;2;5;9;1;
202300054646;155583631;A01;2;33;0;2;7;2;1;
202300054646;155583636;B01;2;21;0;0;8;2;1;
202300054647;155583627;A01;1;7;0;2;1;1;1;
202300054647;155583629;B01;2;7;0;2;1;13;1;
202300054648;155583626;A01;1;32;0;6;1;1;1;
202300054649;155583624;A01;1;33;4;0;3;1;1;
202300054650;155583619;A01;1;7;0;2;1;15;0;
202300054651;155583622;A01;1;7;15;0;4;1;1;
202300054652;155583620;A01;2;7;0;2;2;12;1;
202300054652;155583628;B01;2;7;0;2;6;26;1;
202300054653;155583617;A01;1;33;0;0;8;1;1;
202300054653;155583621;B01;1;7;0;0;0;9;1;
202300054654;155583616;A01;1;7;0;2;3;19;1;
202300054654;155583625;B01;1;7;0;2;1;1;1;
202300054655;155583614;A01;1;31;0;2;7;2;0;
202300054656;155583613;A01;1;33;0;0;0;17;1;
202300054657;155583615;A01;1;33;0;0;0;1;1;
202300054658;155583612;B01;2;34;0;2;1;2;1;
202300054658;155583618;A01;2;7;0;2;6;11;1;
202300054658;155583623;C01;2;7;0;2;6;2;1;
202300054659;155583610;A01;2;7;2;0;2;1;1;
202300054660;155583608;A01;0;33;0;2;1;1;1;
202300054660;155583611;B01;0;33;0;2;4;10;1;
202300054661;155583607;A01;1;21;0;1;2;1;1;
202300054662;155583605;A01;1;7;0;9;1;9;1;
202300054662;155583609;B01;1;1;0;2;7;16;5;
202300054663;155583606;A01;2;7;6;0;1;19;1;
202300054664;155583603;A01;1;7;0;0;9;2;1;
202300054665;155583600;A01;2;33;0;9;0;1;1;
202300054665;155583604;B01;2;10;12;0;0;0;0;
202300054666;155583599;B01;2;34;0;2;8;1;1;
202300054666;155583602;A01;2;30;4;2;2;14;1;
202300054667;155583598;A01;1;7;5;2;0;21;6;
202300054668;155583595;A01;1;7;12;0;2;1;1;
202300054669;155583593;Z01;0;7;0;2;1;1;1;
202300054669;155583596;B01;0;7;0;2;4;1;1;
202300054670;155583592;A01;1;7;13;0;3;13;1;
202300054671;155583594;A01;1;7;0;1;2;1;1;
202300054672;155583591;A01;1;33;13;0;1;1;1;
202300054673;155583597;A01;1;7;0;2;7;15;1;
202300054673;155583601;B01;2;33;0;2;1;1;1;
202300054674;155583589;A01;1;7;1;0;1;19;1;
202300054675;155583587;B01;2;7;1;0;1;1;1;
202300054675;155583590;A01;2;7;0;0;4;23;1;
202300054676;155583585;Z01;1;7;1;0;1;1;1;
202300054677;155583588;A01;1;7;8;1;1;18;1;
202300054678;155583583;A01;1;7;0;0;0;1;1;
202300054679;155583584;A01;3;60;12;0;0;1;5;
202300054680;155583581;A01;1;7;0;1;2;1;1;
202300054681;155583580;B01;2;10;0;2;1;1;1;
202300054681;155583586;A01;1;7;0;2;1;1;1;
202300054682;155583578;A01;1;33;8;0;2;14;1;
202300054683;155583576;A01;2;33;8;0;0;1;1;
202300054684;155583575;A01;1;32;0;2;2;13;1;
202300054684;155583579;B01;2;7;0;2;1;15;1;
202300054685;155583574;A01;3;1;0;0;7;14;5;
202300054686;155583570;A01;2;10;0;2;4;1;1;
202300054686;155583577;B01;2;7;0;2;1;1;1;
202300054687;155583572;B01;2;33;0;2;8;15;1;
202300054687;155583582;A01;2;7;0;2;3;15;1;
202300054688;155583571;A01;1;7;0;1;1;1;1;
202300054689;155583567;B01;0;7;0;2;3;0;4;
202300054689;155583569;A01;1;2;0;2;0;1;4;
202300054690;155583564;A01;3;14;0;9;3;16;1;
202300054690;155583566;B01;3;1;0;2;7;1;5;
202300054691;155583565;B01;2;33;0;2;3;23;1;
202300054691;155583568;A01;2;33;0;2;3;23;1;
202300054691;155583573;C01;1;33;0;2;3;13;1;
202300054692;155583562;A01;1;7;3;0;7;14;1;
202300054693;155583559;A01;1;7;1;2;7;17;1;
202300054693;155583561;B01;1;7;0;2;8;1;1;
202300054694;155583557;A01;1;7;0;1;2;2;1;
202300054695;155583558;B01;1;15;0;0;3;1;0;
202300054695;155583563;A01;2;7;0;0;3;17;0;
202300054696;155583555;A01;2;7;0;2;4;26;1;
202300054696;155583560;B01;2;7;0;2;1;1;1;
202300054697;155583552;A01;1;7;13;0;3;13;1;
202300054698;155583551;A01;1;7;0;2;8;9;1;
202300054698;155583554;B01;1;50;0;2;1;1;3;
202300054699;155583556;A01;0;7;0;9;6;16;1;
202300054700;155583549;B01;1;31;0;2;7;2;1;
202300054700;155583550;A01;1;7;0;2;3;13;1;
202300054701;155583548;B01;2;7;0;2;1;1;1;
202300054701;155583553;A01;1;7;0;2;1;13;1;
202300054702;155583544;A01;1;2;9;0;1;1;1;
202300054703;155583543;A01;2;7;0;2;7;1;1;
202300054703;155583547;B01;1;10;0;2;1;1;1;
202300054704;155583545;B01;2;33;0;2;1;1;1;
202300054705;155583541;A01;1;33;0;1;1;25;1;
202300054706;155583539;A01;2;7;8;0;2;0;0;
202300054707;155583537;A01;1;14;0;2;1;1;1;
202300054707;155583542;B01;1;17;0;2;4;2;1;
202300054707;155583546;C01;1;7;0;2;4;2;1;
202300054708;155583535;A01;1;7;0;2;1;12;1;
202300054708;155583538;B01;1;7;0;2;4;1;1;
202300054709;155583540;A01;2;7;5;0;1;14;1;
202300054710;155583531;A01;3;7;0;2;1;1;1;
202300054710;155583534;B01;3;7;0;2;1;15;1;
202300054711;155583528;A01;1;7;0;2;3;5;1;
202300054711;155583533;B01;2;7;0;2;6;1;0;
202300054711;155583536;C01;2;7;0;2;3;0;1;
202300054712;155583527;A01;2;7;0;1;2;1;1;
202300054713;155583524;A01;1;17;0;2;5;0;1;
202300054713;155583529;B01;2;7;0;2;2;0;1;
202300054714;155583523;B01;1;1;0;0;0;23;5;
202300054714;155583530;A01;1;7;0;2;2;16;1;
202300054715;155583521;A01;1;50;0;2;1;5;3;
202300054715;155583526;B01;1;7;0;2;2;26;0;
202300054716;155583525;B01;1;2;0;2;7;1;1;
202300054716;155583532;A01;1;7;0;2;8;16;1;
202300054717;155583520;A01;1;7;0;2;1;1;1;
202300054717;155583522;B01;1;7;0;2;2;1;1;
202300054718;155583515;A01;2;10;0;1;1;1;1;
202300054719;155583513;A01;3;2;0;0;4;1;1;
202300054719;155583518;B01;3;2;0;2;1;1;1;
202300054720;155583511;A01;1;7;5;2;1;6;1;
202300054720;155583514;B01;2;7;0;2;9;1;1;
202300054720;155583519;C01;2;7;0;2;2;1;1;
202300054721;155583509;A01;2;7;0;1;2;1;1;
202300054722;155583507;B01;2;7;0;0;4;2;1;
202300054722;155583512;A01;2;7;0;2;1;2;0;
202300054723;155583505;A01;1;7;0;2;2;14;2;
202300054723;155583506;B01;1;1;0;2;8;13;5;
202300054724;155583510;A01;1;2;0;2;1;1;6;
202300054724;155583516;B01;1;10;0;9;7;15;1;
202300054725;155583508;B01;3;7;0;2;0;0;1;
202300054725;155583517;A01;1;7;0;2;7;19;1;
202300054726;155583499;A01;1;32;6;0;2;26;1;
202300054727;155583498;B01;1;7;0;2;8;13;1;
202300054727;155583503;A01;1;16;0;2;2;1;1;
202300054728;155583500;A01;1;7;6;2;1;1;1;
202300054728;155583504;B01;1;7;0;0;8;15;1;
202300054729;155583497;A01;2;30;0;2;1;17;3;
202300054729;155583501;B01;1;99;0;2;2;1;1;
202300054730;155583502;A01;3;2;1;0;1;1;3;
202300054731;155583495;A01;2;7;10;0;3;1;1;
202300054732;155583493;A01;1;7;4;0;1;0;1;
202300054733;155583491;A01;1;7;0;2;1;2;1;
202300054733;155583496;B01;2;7;0;2;4;2;6;
202300054734;155583489;A01;2;7;0;2;3;20;1;
202300054734;155583492;B01;2;32;0;2;5;1;1;
202300054735;155583488;B01;1;14;0;2;1;2;1;
202300054735;155583490;C01;1;7;0;2;1;2;1;
202300054735;155583494;A01;1;7;0;2;4;1;1;
202300054736;155583485;A01;1;7;0;2;5;1;2;
202300054736;155583487;B01;1;33;0;2;1;0;1;
202300054737;155583484;A01;3;1;0;0;8;15;5;
202300054738;155583482;B01;1;2;0;2;4;1;1;
202300054738;155583486;A01;1;7;0;2;3;9;1;
202300054739;155583480;B01;1;33;0;2;1;9;1;
202300054739;155583483;A01;3;7;0;2;7;9;1;
202300054740;155583479;B01;2;7;0;2;8;2;1;
202300054740;155583481;A01;2;17;0;2;7;14;1;
202300054741;155583477;A01;2;1;0;0;0;1;5;
202300054742;155583473;A01;1;7;2;0;1;0;1;
202300054743;155583470;A01;1;7;0;2;1;1;1;
202300054743;155583474;B01;1;7;0;2;4;1;1;
202300054743;155583476;C01;1;7;0;2;4;1;1;
202300054743;155583478;X01;1;7;0;2;1;1;0;
202300054744;155583468;A01;3;7;0;1;2;1;1;
202300054745;155583469;A01;1;7;0;2;3;15;1;
202300054745;155583472;B01;2;33;0;2;8;1;1;
202300054746;155583464;A01;2;10;0;1;2;15;1;
202300054747;155583465;A01;1;33;0;2;0;17;1;
202300054747;155583467;B01;1;33;0;0;0;17;1;
202300054748;155583463;A01;3;7;0;1;3;15;1;
202300054749;155583462;A01;1;7;0;2;1;13;1;
202300054749;155583466;B01;2;7;0;2;3;1;1;
202300054750;155583456;A01;2;2;0;2;2;13;1;
202300054750;155583459;B01;1;7;0;2;2;21;1;
202300054751;155583457;Z01;1;10;0;2;1;13;1;
202300054751;155583461;B01;1;7;3;2;4;1;1;
202300054752;155583455;A01;3;7;0;1;3;20;1;
202300054753;155583453;A01;1;7;0;2;2;15;1;
202300054753;155583460;B01;2;7;0;2;1;1;1;
202300054754;155583452;A01;1;7;0;2;1;2;1;
202300054754;155583454;B01;1;7;0;2;4;2;1;
202300054754;155583458;C01;1;7;0;2;4;2;1;
202300054755;155583450;A01;2;33;0;0;8;1;1;
202300054756;155583448;A01;2;7;1;0;8;26;1;
202300054757;155583449;A01;1;7;0;9;3;1;0;
202300054757;155583451;B01;2;1;0;0;7;15;5;
202300054758;155583447;A01;3;7;3;0;2;16;1;
202300054759;155583445;A01;3;7;2;0;1;1;1;
202300054760;155583441;B01;3;1;0;2;1;1;5;
202300054760;155583443;A01;3;7;0;2;2;15;1;
202300054761;155583439;A01;3;10;6;0;3;1;0;
202300054762;155583440;C01;1;7;0;2;3;1;1;
202300054762;155583444;B01;1;7;0;2;8;1;1;
202300054762;155583446;A01;1;33;0;2;7;14;1;
202300054763;155583438;A01;3;7;0;1;2;1;1;
202300054764;155583442;A01;2;2;6;0;3;2;1;
202300054765;155583434;A01;2;2;0;2;8;9;1;
202300054765;155583437;B01;1;7;0;2;3;1;1;
202300054766;155583435;A01;2;7;0;2;1;1;1;
202300054766;155583436;B01;1;2;0;2;6;1;3;
202300054767;155583433;A01;0;33;3;0;2;14;1;
202300054768;155583431;A01;1;7;0;2;5;1;1;
202300054768;155583432;B01;1;7;13;0;3;1;1;
202300054769;155583429;A01;1;7;0;1;1;1;2;
202300054770;155583428;B01;3;7;0;2;7;1;1;
202300054770;155583430;A01;0;30;0;2;1;26;1;
202300054771;155583427;A01;3;7;0;0;1;1;1;
202300054772;155583424;A01;3;7;0;2;8;9;1;
202300054772;155583425;B01;3;33;0;2;8;9;1;
202300054773;155583423;A01;1;33;0;2;1;1;1;
202300054773;155583426;B01;1;7;0;2;5;13;1;
202300054774;155583421;A01;3;7;0;2;8;13;1;
202300054774;155583422;B01;3;7;0;2;6;1;1;
202300054775;155583417;A01;1;7;8;0;9;13;1;
202300054776;155583418;B01;1;10;0;2;3;1;1;
202300054776;155583420;A01;2;7;0;2;3;13;1;
202300054777;155583416;A01;2;7;0;2;1;1;1;
202300054777;155583419;B01;1;7;13;2;1;21;1;
202300054778;155583415;A01;2;33;1;0;1;1;1;
202300054779;155583414;A01;1;7;0;1;3;1;1;
202300054780;155583412;A01;1;7;0;1;1;2;1;
202300054781;155583411;A01;1;7;0;2;1;13;1;
202300054781;155583413;B01;2;7;0;2;3;1;1;
202300054782;155583408;A01;2;7;2;0;7;13;1;
202300054783;155583407;A01;3;7;0;2;1;2;1;
202300054783;155583410;B01;3;7;0;2;4;2;1;
202300054784;155583406;B01;3;7;0;2;7;1;1;
202300054784;155583409;A01;3;7;0;2;1;1;1;
202300054785;155583402;B01;3;7;0;2;3;11;1;
202300054785;155583404;A01;3;32;0;2;1;17;1;
202300054786;155583401;A01;1;7;0;2;1;1;1;
202300054786;155583405;B01;2;7;0;2;1;13;1;
202300054787;155583400;A01;1;7;0;2;3;1;1;
202300054787;155583403;B01;1;50;0;2;7;1;3;
202300054788;155583398;A01;1;7;13;0;0;1;1;
202300054789;155583397;A01;3;32;0;0;2;16;3;
202300054790;155583396;B01;1;7;0;2;1;1;1;
202300054790;155583399;A01;1;7;13;2;2;12;1;
202300054791;155583394;A01;3;7;0;0;3;15;1;
202300054791;155583395;B01;3;7;0;0;1;1;1;
202300054792;155583392;A01;3;7;0;2;4;2;1;
202300054793;155583389;A01;0;7;3;0;3;11;1;
202300054794;155583388;B01;2;50;0;2;7;1;3;
202300054794;155583390;Z01;2;7;0;2;1;1;0;
202300054795;155583391;A01;1;7;0;2;3;22;1;
202300054795;155583393;B01;1;7;1;0;2;1;0;
202300054796;155583387;A01;2;7;0;1;3;11;1;
202300054797;155583385;A01;1;7;0;2;1;1;1;
202300054797;155583386;B01;1;1;0;2;8;19;5;
202300054798;155583382;A01;2;7;0;2;7;12;1;
202300054798;155583384;B01;2;33;0;2;8;3;1;
202300054799;155583381;A01;2;2;0;2;1;11;1;
202300054799;155583383;B01;2;7;0;2;3;15;1;
202300054800;155583380;A01;1;7;4;0;1;1;1;
202300054801;155583378;A01;2;31;0;2;2;17;1;
202300054801;155583379;B01;2;7;0;2;6;1;1;
202300054802;155583377;A01;2;15;4;0;3;2;1;
202300054803;155583374;A01;2;33;0;2;7;3;1;
202300054803;155583376;B01;2;10;0;2;6;11;1;
202300054804;155583371;A01;1;7;0;2;1;26;1;
202300054804;155583372;B01;1;7;0;2;8;1;1;
202300054805;155583373;B01;3;30;0;2;7;2;1;
202300054805;155583375;A01;3;30;0;2;1;13;1;
202300054806;155583369;A01;2;14;0;2;2;1;1;
202300054806;155583370;B01;2;7;0;2;6;12;2;
202300054807;155583368;A01;2;7;4;0;1;1;1;
202300054808;155583367;A01;1;7;4;0;1;12;1;
202300054809;155583365;A01;1;7;0;2;7;11;1;
202300054809;155583366;B01;1;31;0;2;8;3;1;
202300054810;155583363;B01;1;17;0;2;6;1;1;
202300054810;155583364;A01;1;33;0;2;1;3;1;
202300054811;155583360;Z01;2;7;0;1;1;2;0;
202300054812;155583358;A01;2;33;0;2;8;9;1;
202300054812;155583359;B01;2;10;0;2;7;1;1;
202300054813;155583357;A01;1;31;6;0;0;21;1;
202300054814;155583356;B01;1;7;1;1;2;14;1;
202300054815;155583355;A01;0;32;0;9;1;0;1;
202300054816;155583353;A01;1;7;0;2;3;5;2;
202300054816;155583354;B01;2;7;0;2;1;1;1;
202300054817;155583352;A01;1;7;0;1;2;1;1;
202300054818;155583351;A01;1;7;1;0;8;0;1;
202300054819;155583349;A01;1;2;0;2;8;21;1;
202300054819;155583350;B01;1;7;0;2;2;17;1;
202300054820;155583348;A01;3;7;0;9;4;26;1;
202300054821;155583346;A01;1;30;0;2;3;9;1;
202300054821;155583347;B01;1;7;0;2;2;9;1;
202300054822;155583344;A01;2;7;0;2;7;22;1;
202300054822;155583345;B01;2;50;14;2;1;1;3;